Time,uri,source,outer,mission,mission_name,height_m,human,human_fresh,human_stable,human_hold_s,human_confidence_pct,human_direction,human_max_temp_c,human_thermistor_c,flow_timestamp_ms,delta_x,delta_y,shutter,vel_x_mps,vel_y_mps,cmd_x_mps,cmd_y_mps,front_mm,left_mm,right_mm,back_mm,up_mm,vbat_v
2026-04-07T09:58:31.534,radio://0/80/2M,mission,0,0,Reacquire Wall,8.215784328058362e-05,0,0,0,0.0,0,0,0.0,0.0,0,0,0,0,0.0,0.0,0.0,0.0,32766,32766,32766,32766,32766,0.0
2026-04-07T09:58:31.536,radio://0/80/2M,flow,0,0,Reacquire Wall,8.215784328058362e-05,0,0,0,0.0,0,0,0.0,0.0,20629,0,0,8191,-0.00016876561858225614,-0.00025265058502554893,0.0,0.0,32766,32766,32766,32766,32766,0.0
2026-04-07T09:58:31.538,radio://0/80/2M,range,0,0,Reacquire Wall,8.215784328058362e-05,0,0,0,0.0,0,0,0.0,0.0,20629,0,0,8191,-0.00016876561858225614,-0.00025265058502554893,0.0,0.0,234,665,542,238,2941,4.143694877624512
2026-04-07T09:58:31.784,radio://0/80/2M,mission,0,0,Reacquire Wall,0.00011633534450083971,0,0,0,0.0,0,0,0.0,0.0,20629,0,0,8191,-0.00016876561858225614,-0.00025265058502554893,0.0,0.0,234,665,542,238,2941,4.143694877624512
2026-04-07T09:58:31.787,radio://0/80/2M,flow,0,0,Reacquire Wall,0.00011633534450083971,0,0,0,0.0,0,0,0.0,0.0,20879,4,-2,8191,0.0012906088959425688,0.0019143912941217422,0.0,0.0,234,665,542,238,2941,4.143694877624512
2026-04-07T09:58:31.788,radio://0/80/2M,range,0,0,Reacquire Wall,0.00011633534450083971,0,0,0,0.0,0,0,0.0,0.0,20879,4,-2,8191,0.0012906088959425688,0.0019143912941217422,0.0,0.0,229,663,548,238,2934,4.14897346496582
2026-04-07T09:58:32.035,radio://0/80/2M,mission,0,0,Reacquire Wall,0.00010979386570397764,0,0,0,0.0,0,0,0.0,0.0,20879,4,-2,8191,0.0012906088959425688,0.0019143912941217422,0.0,0.0,229,663,548,238,2934,4.14897346496582
2026-04-07T09:58:32.036,radio://0/80/2M,flow,0,0,Reacquire Wall,0.00010979386570397764,0,0,0,0.0,0,0,0.0,0.0,21129,0,0,8191,0.00012849013728555292,-0.00035034745815210044,0.0,0.0,229,663,548,238,2934,4.14897346496582
2026-04-07T09:58:32.040,radio://0/80/2M,range,0,0,Reacquire Wall,0.00010979386570397764,0,0,0,0.0,0,0,0.0,0.0,21129,0,0,8191,0.00012849013728555292,-0.00035034745815210044,0.0,0.0,233,667,543,235,2932,4.143694877624512
2026-04-07T09:58:32.284,radio://0/80/2M,mission,0,0,Reacquire Wall,7.708351768087596e-05,0,0,0,0.0,0,0,0.0,0.0,21129,0,0,8191,0.00012849013728555292,-0.00035034745815210044,0.0,0.0,233,667,543,235,2932,4.143694877624512
2026-04-07T09:58:32.286,radio://0/80/2M,flow,0,0,Reacquire Wall,7.708351768087596e-05,0,0,0,0.0,0,0,0.0,0.0,21379,0,0,8191,-0.0008799133356660604,-0.0006278335931710899,0.0,0.0,233,667,543,235,2932,4.143694877624512
2026-04-07T09:58:32.287,radio://0/80/2M,range,0,0,Reacquire Wall,7.708351768087596e-05,0,0,0,0.0,0,0,0.0,0.0,21379,0,0,8191,-0.0008799133356660604,-0.0006278335931710899,0.0,0.0,232,666,547,235,2934,4.14897346496582
2026-04-07T09:58:32.535,radio://0/80/2M,mission,0,0,Reacquire Wall,9.246540139429271e-05,0,0,0,0.0,0,0,0.0,0.0,21379,0,0,8191,-0.0008799133356660604,-0.0006278335931710899,0.0,0.0,232,666,547,235,2934,4.14897346496582
2026-04-07T09:58:32.536,radio://0/80/2M,flow,0,0,Reacquire Wall,9.246540139429271e-05,0,0,0,0.0,0,0,0.0,0.0,21629,2,-1,8191,-0.0017641399754211307,-0.0018414538353681564,0.0,0.0,232,666,547,235,2934,4.14897346496582
2026-04-07T09:58:32.537,radio://0/80/2M,range,0,0,Reacquire Wall,9.246540139429271e-05,0,0,0,0.0,0,0,0.0,0.0,21629,2,-1,8191,-0.0017641399754211307,-0.0018414538353681564,0.0,0.0,230,665,541,235,2931,4.143694877624512
2026-04-07T09:58:32.785,radio://0/80/2M,mission,0,0,Reacquire Wall,-7.723222552158404e-06,0,0,0,0.0,0,0,0.0,0.0,21629,2,-1,8191,-0.0017641399754211307,-0.0018414538353681564,0.0,0.0,230,665,541,235,2931,4.143694877624512
2026-04-07T09:58:32.786,radio://0/80/2M,flow,0,0,Reacquire Wall,-7.723222552158404e-06,0,0,0,0.0,0,0,0.0,0.0,21879,4,0,8191,0.0011131026549264789,0.0015349462628364563,0.0,0.0,230,665,541,235,2931,4.143694877624512
2026-04-07T09:58:32.788,radio://0/80/2M,range,0,0,Reacquire Wall,-7.723222552158404e-06,0,0,0,0.0,0,0,0.0,0.0,21879,4,0,8191,0.0011131026549264789,0.0015349462628364563,0.0,0.0,230,662,551,237,2941,4.14897346496582
2026-04-07T09:58:33.034,radio://0/80/2M,mission,0,0,Reacquire Wall,4.3009418732253835e-05,0,0,0,0.0,0,0,0.0,0.0,21879,4,0,8191,0.0011131026549264789,0.0015349462628364563,0.0,0.0,230,662,551,237,2941,4.14897346496582
2026-04-07T09:58:33.035,radio://0/80/2M,flow,0,0,Reacquire Wall,4.3009418732253835e-05,0,0,0,0.0,0,0,0.0,0.0,22129,2,0,8191,0.000492788152769208,0.0012060769367963076,0.0,0.0,230,662,551,237,2941,4.14897346496582
2026-04-07T09:58:33.036,radio://0/80/2M,range,0,0,Reacquire Wall,4.3009418732253835e-05,0,0,0,0.0,0,0,0.0,0.0,22129,2,0,8191,0.000492788152769208,0.0012060769367963076,0.0,0.0,236,666,542,238,2934,4.143694877624512
2026-04-07T09:58:33.284,radio://0/80/2M,mission,0,0,Reacquire Wall,3.5631575883599e-05,0,0,0,0.0,0,0,0.0,0.0,22129,2,0,8191,0.000492788152769208,0.0012060769367963076,0.0,0.0,236,666,542,238,2934,4.143694877624512
2026-04-07T09:58:33.285,radio://0/80/2M,flow,0,0,Reacquire Wall,3.5631575883599e-05,0,0,0,0.0,0,0,0.0,0.0,22379,0,0,8191,-0.0006373980431817472,-0.0007634893991053104,0.0,0.0,236,666,542,238,2934,4.143694877624512
2026-04-07T09:58:33.287,radio://0/80/2M,range,0,0,Reacquire Wall,3.5631575883599e-05,0,0,0,0.0,0,0,0.0,0.0,22379,0,0,8191,-0.0006373980431817472,-0.0007634893991053104,0.0,0.0,231,668,539,242,2922,4.14897346496582
2026-04-07T09:58:33.533,radio://0/80/2M,mission,0,0,Reacquire Wall,0.00010793472029035911,0,0,0,0.0,0,0,0.0,0.0,22379,0,0,8191,-0.0006373980431817472,-0.0007634893991053104,0.0,0.0,231,668,539,242,2922,4.14897346496582
2026-04-07T09:58:33.535,radio://0/80/2M,flow,0,0,Reacquire Wall,0.00010793472029035911,0,0,0,0.0,0,0,0.0,0.0,22629,-1,0,8191,0.0002447404549457133,0.00020531735208351165,0.0,0.0,231,668,539,242,2922,4.14897346496582
2026-04-07T09:58:33.536,radio://0/80/2M,range,0,0,Reacquire Wall,0.00010793472029035911,0,0,0,0.0,0,0,0.0,0.0,22629,-1,0,8191,0.0002447404549457133,0.00020531735208351165,0.0,0.0,230,664,540,237,2936,4.138416290283203
2026-04-07T09:58:33.782,radio://0/80/2M,mission,0,0,Reacquire Wall,0.00017674169794190675,0,0,0,0.0,0,0,0.0,0.0,22629,-1,0,8191,0.0002447404549457133,0.00020531735208351165,0.0,0.0,230,664,540,237,2936,4.138416290283203
2026-04-07T09:58:33.785,radio://0/80/2M,flow,0,0,Reacquire Wall,0.00017674169794190675,0,0,0,0.0,0,0,0.0,0.0,22879,1,0,8191,0.0003523975901771337,0.0009145185467787087,0.0,0.0,230,664,540,237,2936,4.138416290283203
2026-04-07T09:58:33.786,radio://0/80/2M,range,0,0,Reacquire Wall,0.00017674169794190675,0,0,0,0.0,0,0,0.0,0.0,22879,1,0,8191,0.0003523975901771337,0.0009145185467787087,0.0,0.0,234,666,542,236,2933,4.14897346496582
2026-04-07T09:58:34.036,radio://0/80/2M,mission,1,0,Reacquire Wall,0.01499246433377266,0,0,0,0.0,0,0,0.0,0.0,22879,1,0,8191,0.0003523975901771337,0.0009145185467787087,0.0,0.0,234,666,542,236,2933,4.14897346496582
2026-04-07T09:58:34.037,radio://0/80/2M,flow,1,0,Reacquire Wall,0.01499246433377266,0,0,0,0.0,0,0,0.0,0.0,23129,5,8,5499,-0.08589018136262894,0.04897458106279373,0.0022918616887181997,0.0,234,666,542,236,2933,4.14897346496582
2026-04-07T09:58:34.038,radio://0/80/2M,range,1,0,Reacquire Wall,0.01499246433377266,0,0,0,0.0,0,0,0.0,0.0,23129,5,8,5499,-0.08589018136262894,0.04897458106279373,0.0022918616887181997,0.0,241,658,566,232,2935,3.499706745147705
2026-04-07T09:58:34.283,radio://0/80/2M,mission,1,0,Reacquire Wall,0.2290913462638855,0,0,0,0.0,0,0,0.0,0.0,23129,5,8,5499,-0.08589018136262894,0.04897458106279373,0.0022918616887181997,0.0,241,658,566,232,2935,3.499706745147705
2026-04-07T09:58:34.284,radio://0/80/2M,flow,1,0,Reacquire Wall,0.2290913462638855,0,0,0,0.0,0,0,0.0,0.0,23379,0,1,2666,-0.026138948276638985,-0.01379229873418808,0.0016330040525645018,0.0,241,658,566,232,2935,3.499706745147705
2026-04-07T09:58:34.286,radio://0/80/2M,range,1,0,Reacquire Wall,0.2290913462638855,0,0,0,0.0,0,0,0.0,0.0,23379,0,1,2666,-0.026138948276638985,-0.01379229873418808,0.0016330040525645018,0.0,1421,722,668,2546,2763,3.7319648265838623
2026-04-07T09:58:34.533,radio://0/80/2M,mission,1,0,Reacquire Wall,0.4275047481060028,0,0,0,0.0,0,0,0.0,0.0,23379,0,1,2666,-0.026138948276638985,-0.01379229873418808,0.0016330040525645018,0.0,1421,722,668,2546,2763,3.7319648265838623
2026-04-07T09:58:34.534,radio://0/80/2M,flow,1,0,Reacquire Wall,0.4275047481060028,0,0,0,0.0,0,0,0.0,0.0,23629,-6,0,2832,0.02489013783633709,-0.07198812812566757,0.1519802212715149,0.0,1421,722,668,2546,2763,3.7319648265838623
2026-04-07T09:58:34.535,radio://0/80/2M,range,1,0,Reacquire Wall,0.4275047481060028,0,0,0,0.0,0,0,0.0,0.0,23629,-6,0,2832,0.02489013783633709,-0.07198812812566757,0.1519802212715149,0.0,1476,721,687,2559,2585,3.7319648265838623
2026-04-07T09:58:34.782,radio://0/80/2M,mission,1,0,Reacquire Wall,0.5230692028999329,0,0,0,0.0,0,0,0.0,0.0,23629,-6,0,2832,0.02489013783633709,-0.07198812812566757,0.1519802212715149,0.0,1476,721,687,2559,2585,3.7319648265838623
2026-04-07T09:58:34.785,radio://0/80/2M,flow,1,0,Reacquire Wall,0.5230692028999329,0,0,0,0.0,0,0,0.0,0.0,23879,0,-4,2832,0.11748259514570236,-0.08039946854114532,0.1999935656785965,0.0,1476,721,687,2559,2585,3.7319648265838623
2026-04-07T09:58:34.786,radio://0/80/2M,range,1,0,Reacquire Wall,0.5230692028999329,0,0,0,0.0,0,0,0.0,0.0,23879,0,-4,2832,0.11748259514570236,-0.08039946854114532,0.1999935656785965,0.0,1476,712,702,2563,2438,3.710850477218628
2026-04-07T09:58:35.033,radio://0/80/2M,mission,1,0,Reacquire Wall,0.5523640513420105,0,0,0,0.0,0,0,0.0,0.0,23879,0,-4,2832,0.11748259514570236,-0.08039946854114532,0.1999935656785965,0.0,1476,712,702,2563,2438,3.710850477218628
2026-04-07T09:58:35.034,radio://0/80/2M,flow,1,0,Reacquire Wall,0.5523640513420105,0,0,0,0.0,0,0,0.0,0.0,24129,5,4,2832,0.1606178879737854,-0.07180622220039368,0.19999998807907104,0.0,1476,712,702,2563,2438,3.710850477218628
2026-04-07T09:58:35.035,radio://0/80/2M,range,1,0,Reacquire Wall,0.5523640513420105,0,0,0,0.0,0,0,0.0,0.0,24129,5,4,2832,0.1606178879737854,-0.07180622220039368,0.19999998807907104,0.0,1452,691,725,2636,2401,3.7055718898773193
2026-04-07T09:58:35.282,radio://0/80/2M,mission,1,0,Reacquire Wall,0.5638225674629211,0,0,0,0.0,0,0,0.0,0.0,24129,5,4,2832,0.1606178879737854,-0.07180622220039368,0.19999998807907104,0.0,1452,691,725,2636,2401,3.7055718898773193
2026-04-07T09:58:35.283,radio://0/80/2M,flow,1,0,Reacquire Wall,0.5638225674629211,0,0,0,0.0,0,0,0.0,0.0,24379,0,-4,2832,0.22174052894115448,-0.08582308888435364,0.19999998807907104,0.0,1452,691,725,2636,2401,3.7055718898773193
2026-04-07T09:58:35.285,radio://0/80/2M,range,1,0,Reacquire Wall,0.5638225674629211,0,0,0,0.0,0,0,0.0,0.0,24379,0,-4,2832,0.22174052894115448,-0.08582308888435364,0.19999998807907104,0.0,1382,678,747,2672,2381,3.7055718898773193
2026-04-07T09:58:35.532,radio://0/80/2M,mission,1,0,Reacquire Wall,0.5618484020233154,0,0,0,0.0,0,0,0.0,0.0,24379,0,-4,2832,0.22174052894115448,-0.08582308888435364,0.19999998807907104,0.0,1382,678,747,2672,2381,3.7055718898773193
2026-04-07T09:58:35.544,radio://0/80/2M,flow,1,0,Reacquire Wall,0.5618484020233154,0,0,0,0.0,0,0,0.0,0.0,24629,0,-4,3009,0.22028803825378418,-0.09033077210187912,0.19999998807907104,0.0,1382,678,747,2672,2381,3.7055718898773193
2026-04-07T09:58:35.578,radio://0/80/2M,range,1,0,Reacquire Wall,0.5618484020233154,0,0,0,0.0,0,0,0.0,0.0,24629,0,-4,3009,0.22028803825378418,-0.09033077210187912,0.19999998807907104,0.0,1326,663,761,2721,2379,3.684457540512085
2026-04-07T09:58:35.783,radio://0/80/2M,mission,1,0,Reacquire Wall,0.5612090229988098,0,0,0,0.0,0,0,0.0,0.0,24629,0,-4,3009,0.22028803825378418,-0.09033077210187912,0.19999998807907104,0.0,1326,663,761,2721,2379,3.684457540512085
2026-04-07T09:58:35.802,radio://0/80/2M,flow,1,0,Reacquire Wall,0.5612090229988098,0,0,0,0.0,0,0,0.0,0.0,24879,-1,-1,3009,0.19751784205436707,-0.07478063553571701,0.19999998807907104,0.0,1326,663,761,2721,2379,3.684457540512085
2026-04-07T09:58:35.809,radio://0/80/2M,range,1,0,Reacquire Wall,0.5612090229988098,0,0,0,0.0,0,0,0.0,0.0,24879,-1,-1,3009,0.19751784205436707,-0.07478063553571701,0.19999998807907104,0.0,1261,664,770,2799,2374,3.7002933025360107
2026-04-07T09:58:36.030,radio://0/80/2M,mission,1,0,Reacquire Wall,0.5591140389442444,0,0,0,0.0,0,0,0.0,0.0,24879,-1,-1,3009,0.19751784205436707,-0.07478063553571701,0.19999998807907104,0.0,1261,664,770,2799,2374,3.7002933025360107
2026-04-07T09:58:36.033,radio://0/80/2M,flow,1,0,Reacquire Wall,0.5591140389442444,0,0,0,0.0,0,0,0.0,0.0,25129,0,-256,3197,0.200503870844841,-0.10984855145215988,0.19999998807907104,0.0,1261,664,770,2799,2374,3.7002933025360107
2026-04-07T09:58:36.034,radio://0/80/2M,range,1,0,Reacquire Wall,0.5591140389442444,0,0,0,0.0,0,0,0.0,0.0,25129,0,-256,3197,0.200503870844841,-0.10984855145215988,0.19999998807907104,0.0,1217,669,786,2826,2379,3.684457540512085
2026-04-07T09:58:36.281,radio://0/80/2M,mission,1,0,Reacquire Wall,0.5549989342689514,0,0,0,0.0,0,0,0.0,0.0,25129,0,-256,3197,0.200503870844841,-0.10984855145215988,0.19999998807907104,0.0,1217,669,786,2826,2379,3.684457540512085
2026-04-07T09:58:36.282,radio://0/80/2M,flow,1,0,Reacquire Wall,0.5549989342689514,0,0,0,0.0,0,0,0.0,0.0,25379,1,-2,3396,0.1626669019460678,-0.12331552058458328,0.19999998807907104,0.0,1217,669,786,2826,2379,3.684457540512085
2026-04-07T09:58:36.284,radio://0/80/2M,range,1,0,Reacquire Wall,0.5549989342689514,0,0,0,0.0,0,0,0.0,0.0,25379,1,-2,3396,0.1626669019460678,-0.12331552058458328,0.19999998807907104,0.0,1163,671,795,2879,2373,3.684457540512085
2026-04-07T09:58:36.531,radio://0/80/2M,mission,1,0,Reacquire Wall,0.5468391180038452,0,0,0,0.0,0,0,0.0,0.0,25379,1,-2,3396,0.1626669019460678,-0.12331552058458328,0.19999998807907104,0.0,1163,671,795,2879,2373,3.684457540512085
2026-04-07T09:58:36.535,radio://0/80/2M,flow,1,0,Reacquire Wall,0.5468391180038452,0,0,0,0.0,0,0,0.0,0.0,25629,1,0,3833,0.1723555624485016,-0.12238375097513199,0.19999998807907104,0.0,1163,671,795,2879,2373,3.684457540512085
2026-04-07T09:58:36.536,radio://0/80/2M,range,1,0,Reacquire Wall,0.5468391180038452,0,0,0,0.0,0,0,0.0,0.0,25629,1,0,3833,0.1723555624485016,-0.12238375097513199,0.19999998807907104,0.0,1125,667,863,2922,2385,3.668621778488159
2026-04-07T09:58:36.781,radio://0/80/2M,mission,1,0,Reacquire Wall,0.541863739490509,0,0,0,0.0,0,0,0.0,0.0,25629,1,0,3833,0.1723555624485016,-0.12238375097513199,0.19999998807907104,0.0,1125,667,863,2922,2385,3.668621778488159
2026-04-07T09:58:36.784,radio://0/80/2M,flow,1,0,Reacquire Wall,0.541863739490509,0,0,0,0.0,0,0,0.0,0.0,25879,0,0,4326,0.19165664911270142,-0.11765445023775101,0.19999998807907104,0.0,1125,667,863,2922,2385,3.668621778488159
2026-04-07T09:58:36.785,radio://0/80/2M,range,1,0,Reacquire Wall,0.541863739490509,0,0,0,0.0,0,0,0.0,0.0,25879,0,0,4326,0.19165664911270142,-0.11765445023775101,0.19999998807907104,0.0,1065,666,32766,2970,2392,3.6739003658294678
2026-04-07T09:58:37.030,radio://0/80/2M,mission,1,0,Reacquire Wall,0.5431476831436157,0,0,0,0.0,0,0,0.0,0.0,25879,0,0,4326,0.19165664911270142,-0.11765445023775101,0.19999998807907104,0.0,1065,666,32766,2970,2392,3.6739003658294678
2026-04-07T09:58:37.032,radio://0/80/2M,flow,1,0,Reacquire Wall,0.5431476831436157,0,0,0,0.0,0,0,0.0,0.0,26129,4,0,4883,0.18152254819869995,-0.12406598776578903,0.19999998807907104,0.0,1065,666,32766,2970,2392,3.6739003658294678
2026-04-07T09:58:37.033,radio://0/80/2M,range,1,0,Reacquire Wall,0.5431476831436157,0,0,0,0.0,0,0,0.0,0.0,26129,4,0,4883,0.18152254819869995,-0.12406598776578903,0.19999998807907104,0.0,1025,669,2002,3024,2394,3.6633431911468506
2026-04-07T09:58:37.280,radio://0/80/2M,mission,1,0,Reacquire Wall,0.5407523512840271,0,0,0,0.0,0,0,0.0,0.0,26129,4,0,4883,0.18152254819869995,-0.12406598776578903,0.19999998807907104,0.0,1025,669,2002,3024,2394,3.6633431911468506
2026-04-07T09:58:37.283,radio://0/80/2M,flow,1,0,Reacquire Wall,0.5407523512840271,0,0,0,0.0,0,0,0.0,0.0,26379,-254,-2,4883,0.18534031510353088,-0.08663063496351242,0.19999998807907104,0.0,1025,669,2002,3024,2394,3.6633431911468506
2026-04-07T09:58:37.284,radio://0/80/2M,range,1,0,Reacquire Wall,0.5407523512840271,0,0,0,0.0,0,0,0.0,0.0,26379,-254,-2,4883,0.18534031510353088,-0.08663063496351242,0.19999998807907104,0.0,965,675,2004,3093,2396,3.6633431911468506
2026-04-07T09:58:37.530,radio://0/80/2M,mission,1,0,Reacquire Wall,0.5372171998023987,0,0,0,0.0,0,0,0.0,0.0,26379,-254,-2,4883,0.18534031510353088,-0.08663063496351242,0.19999998807907104,0.0,965,675,2004,3093,2396,3.6633431911468506
2026-04-07T09:58:37.531,radio://0/80/2M,flow,1,0,Reacquire Wall,0.5372171998023987,0,0,0,0.0,0,0,0.0,0.0,26629,0,0,4883,0.16058622300624847,-0.11514551937580109,0.19999998807907104,0.0,965,675,2004,3093,2396,3.6633431911468506
2026-04-07T09:58:37.533,radio://0/80/2M,range,1,0,Reacquire Wall,0.5372171998023987,0,0,0,0.0,0,0,0.0,0.0,26629,0,0,4883,0.16058622300624847,-0.11514551937580109,0.19999998807907104,0.0,929,694,1980,3121,2400,3.647507429122925
2026-04-07T09:58:37.780,radio://0/80/2M,mission,1,0,Reacquire Wall,0.5340307950973511,0,0,0,0.0,0,0,0.0,0.0,26629,0,0,4883,0.16058622300624847,-0.11514551937580109,0.19999998807907104,0.0,929,694,1980,3121,2400,3.647507429122925
2026-04-07T09:58:37.782,radio://0/80/2M,flow,1,0,Reacquire Wall,0.5340307950973511,0,0,0,0.0,0,0,0.0,0.0,26879,0,-3,4578,0.16206330060958862,-0.12365248799324036,0.19999998807907104,0.0,929,694,1980,3121,2400,3.647507429122925
2026-04-07T09:58:37.783,radio://0/80/2M,range,1,0,Reacquire Wall,0.5340307950973511,0,0,0,0.0,0,0,0.0,0.0,26879,0,-3,4578,0.16206330060958862,-0.12365248799324036,0.19999998807907104,0.0,879,704,1969,32766,2403,3.6527860164642334
2026-04-07T09:58:38.032,radio://0/80/2M,mission,1,0,Reacquire Wall,0.5327327251434326,0,0,0,0.0,0,0,0.0,0.0,26879,0,-3,4578,0.16206330060958862,-0.12365248799324036,0.19999998807907104,0.0,879,704,1969,32766,2403,3.6527860164642334
2026-04-07T09:58:38.033,radio://0/80/2M,flow,1,0,Reacquire Wall,0.5327327251434326,0,0,0,0.0,0,0,0.0,0.0,27129,-4,-6,4292,0.1681247055530548,-0.10790619999170303,0.19999998807907104,0.0,879,704,1969,32766,2403,3.6527860164642334
2026-04-07T09:58:38.035,radio://0/80/2M,range,1,0,Reacquire Wall,0.5327327251434326,0,0,0,0.0,0,0,0.0,0.0,27129,-4,-6,4292,0.1681247055530548,-0.10790619999170303,0.19999998807907104,0.0,846,724,1940,3217,2405,3.6527860164642334
2026-04-07T09:58:38.302,radio://0/80/2M,mission,1,0,Reacquire Wall,0.5273671746253967,0,0,0,0.0,0,0,0.0,0.0,27129,-4,-6,4292,0.1681247055530548,-0.10790619999170303,0.19999998807907104,0.0,846,724,1940,3217,2405,3.6527860164642334
2026-04-07T09:58:38.303,radio://0/80/2M,flow,1,0,Reacquire Wall,0.5273671746253967,0,0,0,0.0,0,0,0.0,0.0,27379,1,0,4292,0.18457747995853424,-0.10659297555685043,0.19999998807907104,0.0,846,724,1940,3217,2405,3.6527860164642334
2026-04-07T09:58:38.308,radio://0/80/2M,range,1,0,Reacquire Wall,0.5273671746253967,0,0,0,0.0,0,0,0.0,0.0,27379,1,0,4292,0.18457747995853424,-0.10659297555685043,0.19999998807907104,0.0,788,734,1928,32766,2413,3.647507429122925
2026-04-07T09:58:38.531,radio://0/80/2M,mission,1,0,Reacquire Wall,0.5226058959960938,0,0,0,0.0,0,0,0.0,0.0,27379,1,0,4292,0.18457747995853424,-0.10659297555685043,0.19999998807907104,0.0,788,734,1928,32766,2413,3.647507429122925
2026-04-07T09:58:38.533,radio://0/80/2M,flow,1,0,Reacquire Wall,0.5226058959960938,0,0,0,0.0,0,0,0.0,0.0,27629,0,0,4024,0.16650545597076416,-0.11050403863191605,0.19999998807907104,0.0,788,734,1928,32766,2413,3.647507429122925
2026-04-07T09:58:38.534,radio://0/80/2M,range,1,0,Reacquire Wall,0.5226058959960938,0,0,0,0.0,0,0,0.0,0.0,27629,0,0,4024,0.16650545597076416,-0.11050403863191605,0.19999998807907104,0.0,754,751,1908,32766,2419,3.631671667098999
2026-04-07T09:58:38.779,radio://0/80/2M,mission,1,0,Reacquire Wall,0.52635657787323,0,0,0,0.0,0,0,0.0,0.0,27629,0,0,4024,0.16650545597076416,-0.11050403863191605,0.19999998807907104,0.0,754,751,1908,32766,2419,3.631671667098999
2026-04-07T09:58:38.781,radio://0/80/2M,flow,1,0,Reacquire Wall,0.52635657787323,0,0,0,0.0,0,0,0.0,0.0,27879,0,-1,4024,0.18397487699985504,-0.11343611776828766,0.19999998807907104,0.0,754,751,1908,32766,2419,3.631671667098999
2026-04-07T09:58:38.782,radio://0/80/2M,range,1,0,Reacquire Wall,0.52635657787323,0,0,0,0.0,0,0,0.0,0.0,27879,0,-1,4024,0.18397487699985504,-0.11343611776828766,0.19999998807907104,0.0,705,763,1904,32766,2418,3.647507429122925
2026-04-07T09:58:39.029,radio://0/80/2M,mission,1,0,Reacquire Wall,0.5267597436904907,0,0,0,0.0,0,0,0.0,0.0,27879,0,-1,4024,0.18397487699985504,-0.11343611776828766,0.19999998807907104,0.0,705,763,1904,32766,2418,3.647507429122925
2026-04-07T09:58:39.030,radio://0/80/2M,flow,1,0,Reacquire Wall,0.5267597436904907,0,0,0,0.0,0,0,0.0,0.0,28129,0,-1,3773,0.16046969592571259,-0.07476647198200226,0.0,0.0,705,763,1904,32766,2418,3.647507429122925
2026-04-07T09:58:39.032,radio://0/80/2M,range,1,0,Reacquire Wall,0.5267597436904907,0,0,0,0.0,0,0,0.0,0.0,28129,0,-1,3773,0.16046969592571259,-0.07476647198200226,0.0,0.0,671,772,1887,32766,2417,3.6369502544403076
2026-04-07T09:58:39.279,radio://0/80/2M,mission,1,0,Reacquire Wall,0.5209771990776062,0,0,0,0.0,0,0,0.0,0.0,28129,0,-1,3773,0.16046969592571259,-0.07476647198200226,0.0,0.0,671,772,1887,32766,2417,3.6369502544403076
2026-04-07T09:58:39.280,radio://0/80/2M,flow,1,0,Reacquire Wall,0.5209771990776062,0,0,0,0.0,0,0,0.0,0.0,28379,0,3,3773,0.02008642628788948,0.010049506090581417,0.0,0.0,671,772,1887,32766,2417,3.6369502544403076
2026-04-07T09:58:39.281,radio://0/80/2M,range,1,0,Reacquire Wall,0.5209771990776062,0,0,0,0.0,0,0,0.0,0.0,28379,0,3,3773,0.02008642628788948,0.010049506090581417,0.0,0.0,646,766,1889,32766,2423,3.631671667098999
2026-04-07T09:58:39.529,radio://0/80/2M,mission,1,0,Reacquire Wall,0.5143262147903442,0,0,0,0.0,0,0,0.0,0.0,28379,0,3,3773,0.02008642628788948,0.010049506090581417,0.0,0.0,646,766,1889,32766,2423,3.631671667098999
2026-04-07T09:58:39.530,radio://0/80/2M,flow,1,0,Reacquire Wall,0.5143262147903442,0,0,0,0.0,0,0,0.0,0.0,28629,0,2,3773,-0.048179157078266144,0.044262681156396866,0.0,0.0,646,766,1889,32766,2423,3.631671667098999
2026-04-07T09:58:39.531,radio://0/80/2M,range,1,0,Reacquire Wall,0.5143262147903442,0,0,0,0.0,0,0,0.0,0.0,28629,0,2,3773,-0.048179157078266144,0.044262681156396866,0.0,0.0,645,762,1900,32766,2425,3.621114492416382
2026-04-07T09:58:39.778,radio://0/80/2M,mission,1,0,Reacquire Wall,0.5150774121284485,0,0,0,0.0,0,0,0.0,0.0,28629,0,2,3773,-0.048179157078266144,0.044262681156396866,0.0,0.0,645,762,1900,32766,2425,3.621114492416382
2026-04-07T09:58:39.779,radio://0/80/2M,flow,1,0,Reacquire Wall,0.5150774121284485,0,0,0,0.0,0,0,0.0,0.0,28879,0,0,3773,-0.02966504730284214,-0.008443097583949566,0.0,0.0,645,762,1900,32766,2425,3.621114492416382
2026-04-07T09:58:39.781,radio://0/80/2M,range,1,0,Reacquire Wall,0.5150774121284485,0,0,0,0.0,0,0,0.0,0.0,28879,0,0,3773,-0.02966504730284214,-0.008443097583949566,0.0,0.0,658,765,1895,32766,2423,3.631671667098999
2026-04-07T09:58:40.029,radio://0/80/2M,mission,1,0,Reacquire Wall,0.5140159130096436,0,0,0,0.0,0,0,0.0,0.0,28879,0,0,3773,-0.02966504730284214,-0.008443097583949566,0.0,0.0,658,765,1895,32766,2423,3.631671667098999
2026-04-07T09:58:40.030,radio://0/80/2M,flow,1,0,Reacquire Wall,0.5140159130096436,0,0,0,0.0,0,0,0.0,0.0,29129,0,-2,3773,0.0015481422888115048,-0.033762384206056595,0.0,0.0,658,765,1895,32766,2423,3.631671667098999
2026-04-07T09:58:40.033,radio://0/80/2M,range,1,0,Reacquire Wall,0.5140159130096436,0,0,0,0.0,0,0,0.0,0.0,29129,0,-2,3773,0.0015481422888115048,-0.033762384206056595,0.0,0.0,663,772,1889,32766,2426,3.6105573177337646
2026-04-07T09:58:40.277,radio://0/80/2M,mission,1,0,Reacquire Wall,0.5092562437057495,0,0,0,0.0,0,0,0.0,0.0,29129,0,-2,3773,0.0015481422888115048,-0.033762384206056595,0.0,0.0,663,772,1889,32766,2426,3.6105573177337646
2026-04-07T09:58:40.279,radio://0/80/2M,flow,1,0,Reacquire Wall,0.5092562437057495,0,0,0,0.0,0,0,0.0,0.0,29379,0,0,3773,0.022630969062447548,-0.010929787531495094,0.0,0.0,663,772,1889,32766,2426,3.6105573177337646
2026-04-07T09:58:40.281,radio://0/80/2M,range,1,0,Reacquire Wall,0.5092562437057495,0,0,0,0.0,0,0,0.0,0.0,29379,0,0,3773,0.022630969062447548,-0.010929787531495094,0.0,0.0,682,773,1895,32766,2436,3.621114492416382
2026-04-07T09:58:40.528,radio://0/80/2M,mission,1,0,Reacquire Wall,0.5129522681236267,0,0,0,0.0,0,0,0.0,0.0,29379,0,0,3773,0.022630969062447548,-0.010929787531495094,0.0,0.0,682,773,1895,32766,2436,3.621114492416382
2026-04-07T09:58:40.531,radio://0/80/2M,flow,1,0,Reacquire Wall,0.5129522681236267,0,0,0,0.0,0,0,0.0,0.0,29630,1,5,3773,-0.0028471024706959724,0.007559239864349365,0.0,0.0,682,773,1895,32766,2436,3.621114492416382
2026-04-07T09:58:40.532,radio://0/80/2M,range,1,0,Reacquire Wall,0.5129522681236267,0,0,0,0.0,0,0,0.0,0.0,29630,1,5,3773,-0.0028471024706959724,0.007559239864349365,0.0,0.0,745,779,1941,32766,2429,3.6158359050750732
2026-04-07T09:58:40.778,radio://0/80/2M,mission,1,0,Reacquire Wall,0.5148066282272339,0,0,0,0.0,0,0,0.0,0.0,29630,1,5,3773,-0.0028471024706959724,0.007559239864349365,0.0,0.0,745,779,1941,32766,2429,3.6158359050750732
2026-04-07T09:58:40.779,radio://0/80/2M,flow,1,0,Reacquire Wall,0.5148066282272339,0,0,0,0.0,0,0,0.0,0.0,29879,0,1,3773,-0.00445580342784524,0.009595140814781189,0.0,0.0,745,779,1941,32766,2429,3.6158359050750732
2026-04-07T09:58:40.781,radio://0/80/2M,range,1,0,Reacquire Wall,0.5148066282272339,0,0,0,0.0,0,0,0.0,0.0,29879,0,1,3773,-0.00445580342784524,0.009595140814781189,0.0,0.0,780,794,1901,32766,2429,3.6158359050750732
2026-04-07T09:58:41.027,radio://0/80/2M,mission,1,0,Reacquire Wall,0.5115960240364075,0,0,0,0.0,0,0,0.0,0.0,29879,0,1,3773,-0.00445580342784524,0.009595140814781189,0.0,0.0,780,794,1901,32766,2429,3.6158359050750732
2026-04-07T09:58:41.029,radio://0/80/2M,flow,1,0,Reacquire Wall,0.5115960240364075,0,0,0,0.0,0,0,0.0,0.0,30129,-2,-5,3773,0.014617735520005226,0.005859028082340956,0.0,0.0,780,794,1901,32766,2429,3.6158359050750732
2026-04-07T09:58:41.030,radio://0/80/2M,range,1,0,Reacquire Wall,0.5115960240364075,0,0,0,0.0,0,0,0.0,0.0,30129,-2,-5,3773,0.014617735520005226,0.005859028082340956,0.0,0.0,793,859,1249,1655,2433,3.6000001430511475
2026-04-07T09:58:41.277,radio://0/80/2M,mission,1,0,Reacquire Wall,0.5144202709197998,0,0,0,0.0,0,0,0.0,0.0,30129,-2,-5,3773,0.014617735520005226,0.005859028082340956,0.0,0.0,793,859,1249,1655,2433,3.6000001430511475
2026-04-07T09:58:41.280,radio://0/80/2M,flow,1,0,Reacquire Wall,0.5144202709197998,0,0,0,0.0,0,0,0.0,0.0,30379,0,3,3773,0.006675159092992544,0.0024921090807765722,0.0,0.0,793,859,1249,1655,2433,3.6000001430511475
2026-04-07T09:58:41.281,radio://0/80/2M,range,1,0,Reacquire Wall,0.5144202709197998,0,0,0,0.0,0,0,0.0,0.0,30379,0,3,3773,0.006675159092992544,0.0024921090807765722,0.0,0.0,32766,918,1061,32766,2419,3.6105573177337646
2026-04-07T09:58:41.527,radio://0/80/2M,mission,1,0,Reacquire Wall,0.5106168985366821,0,0,0,0.0,0,0,0.0,0.0,30379,0,3,3773,0.006675159092992544,0.0024921090807765722,0.0,0.0,32766,918,1061,32766,2419,3.6105573177337646
2026-04-07T09:58:41.528,radio://0/80/2M,flow,1,0,Reacquire Wall,0.5106168985366821,0,0,0,0.0,0,0,0.0,0.0,30629,0,0,3773,0.0073384568095207214,-0.043869778513908386,0.0,0.0,32766,918,1061,32766,2419,3.6105573177337646
2026-04-07T09:58:41.530,radio://0/80/2M,range,1,0,Reacquire Wall,0.5106168985366821,0,0,0,0.0,0,0,0.0,0.0,30629,0,0,3773,0.0073384568095207214,-0.043869778513908386,0.0,0.0,32766,875,931,1215,2431,3.605278730392456
2026-04-07T09:58:41.776,radio://0/80/2M,mission,1,5,Transition,0.5130037069320679,0,0,0,0.0,0,0,0.0,0.0,30629,0,0,3773,0.0073384568095207214,-0.043869778513908386,0.0,0.0,32766,875,931,1215,2431,3.605278730392456
2026-04-07T09:58:41.777,radio://0/80/2M,flow,1,5,Transition,0.5130037069320679,0,0,0,0.0,0,0,0.0,0.0,30879,0,2,3773,-0.05739531293511391,0.014631961472332478,0.0008304771035909653,0.00041523855179548264,32766,875,931,1215,2431,3.605278730392456
2026-04-07T09:58:41.781,radio://0/80/2M,range,1,5,Transition,0.5130037069320679,0,0,0,0.0,0,0,0.0,0.0,30879,0,2,3773,-0.05739531293511391,0.014631961472332478,0.0008304771035909653,0.00041523855179548264,32766,785,952,1027,2425,3.621114492416382
2026-04-07T09:58:42.026,radio://0/80/2M,mission,1,1,Wall Follow,0.516318678855896,0,0,0,0.0,0,0,0.0,0.0,30879,0,2,3773,-0.05739531293511391,0.014631961472332478,0.0008304771035909653,0.00041523855179548264,32766,785,952,1027,2425,3.621114492416382
2026-04-07T09:58:42.029,radio://0/80/2M,flow,1,1,Wall Follow,0.516318678855896,0,0,0,0.0,0,0,0.0,0.0,31129,-1,2,3773,-0.05001749098300934,0.013773281127214432,0.060000114142894745,0.030000057071447372,32766,785,952,1027,2425,3.621114492416382
2026-04-07T09:58:42.030,radio://0/80/2M,range,1,1,Wall Follow,0.516318678855896,0,0,0,0.0,0,0,0.0,0.0,31129,-1,2,3773,-0.05001749098300934,0.013773281127214432,0.060000114142894745,0.030000057071447372,32766,760,1031,987,2426,3.6158359050750732
2026-04-07T09:58:42.276,radio://0/80/2M,mission,1,1,Wall Follow,0.5110031366348267,0,0,0,0.0,0,0,0.0,0.0,31129,-1,2,3773,-0.05001749098300934,0.013773281127214432,0.060000114142894745,0.030000057071447372,32766,760,1031,987,2426,3.6158359050750732
2026-04-07T09:58:42.278,radio://0/80/2M,flow,1,1,Wall Follow,0.5110031366348267,0,0,0,0.0,0,0,0.0,0.0,31379,0,0,3773,0.04770214110612869,-0.07284467667341232,0.199981227517128,0.099990613758564,32766,760,1031,987,2426,3.6158359050750732
2026-04-07T09:58:42.279,radio://0/80/2M,range,1,1,Wall Follow,0.5110031366348267,0,0,0,0.0,0,0,0.0,0.0,31379,0,0,3773,0.04770214110612869,-0.07284467667341232,0.199981227517128,0.099990613758564,32766,773,1028,985,2434,3.605278730392456
2026-04-07T09:58:42.526,radio://0/80/2M,mission,1,1,Wall Follow,0.5057645440101624,0,0,0,0.0,0,0,0.0,0.0,31379,0,0,3773,0.04770214110612869,-0.07284467667341232,0.199981227517128,0.099990613758564,32766,773,1028,985,2434,3.605278730392456
2026-04-07T09:58:42.528,radio://0/80/2M,flow,1,1,Wall Follow,0.5057645440101624,0,0,0,0.0,0,0,0.0,0.0,31629,-2,-4,3773,0.11057208478450775,-0.17963151633739471,0.19999998807907104,0.09999999403953552,32766,773,1028,985,2434,3.605278730392456
2026-04-07T09:58:42.529,radio://0/80/2M,range,1,1,Wall Follow,0.5057645440101624,0,0,0,0.0,0,0,0.0,0.0,31629,-2,-4,3773,0.11057208478450775,-0.17963151633739471,0.19999998807907104,0.09999999403953552,32766,741,1032,985,2441,3.594721555709839
2026-04-07T09:58:42.776,radio://0/80/2M,mission,1,1,Wall Follow,0.503096342086792,0,0,0,0.0,0,0,0.0,0.0,31629,-2,-4,3773,0.11057208478450775,-0.17963151633739471,0.19999998807907104,0.09999999403953552,32766,741,1032,985,2441,3.594721555709839
2026-04-07T09:58:42.777,radio://0/80/2M,flow,1,1,Wall Follow,0.503096342086792,0,0,0,0.0,0,0,0.0,0.0,31879,0,-1,3773,0.10554484277963638,-0.19891797006130219,0.19999998807907104,0.09999999403953552,32766,741,1032,985,2441,3.594721555709839
2026-04-07T09:58:42.779,radio://0/80/2M,range,1,1,Wall Follow,0.503096342086792,0,0,0,0.0,0,0,0.0,0.0,31879,0,-1,3773,0.10554484277963638,-0.19891797006130219,0.19999998807907104,0.09999999403953552,32766,713,1010,1006,2442,3.6000001430511475
2026-04-07T09:58:43.025,radio://0/80/2M,mission,1,1,Wall Follow,0.505611777305603,0,0,0,0.0,0,0,0.0,0.0,31879,0,-1,3773,0.10554484277963638,-0.19891797006130219,0.19999998807907104,0.09999999403953552,32766,713,1010,1006,2442,3.6000001430511475
2026-04-07T09:58:43.028,radio://0/80/2M,flow,1,1,Wall Follow,0.505611777305603,0,0,0,0.0,0,0,0.0,0.0,32130,1,0,3773,0.09301985055208206,-0.19881653785705566,0.19999998807907104,0.09999999403953552,32766,713,1010,1006,2442,3.6000001430511475
2026-04-07T09:58:43.029,radio://0/80/2M,range,1,1,Wall Follow,0.505611777305603,0,0,0,0.0,0,0,0.0,0.0,32130,1,0,3773,0.09301985055208206,-0.19881653785705566,0.19999998807907104,0.09999999403953552,32766,678,944,1048,2432,3.5894429683685303
2026-04-07T09:58:43.276,radio://0/80/2M,mission,1,1,Wall Follow,0.5045932531356812,0,0,0,0.0,0,0,0.0,0.0,32130,1,0,3773,0.09301985055208206,-0.19881653785705566,0.19999998807907104,0.09999999403953552,32766,678,944,1048,2432,3.5894429683685303
2026-04-07T09:58:43.277,radio://0/80/2M,flow,1,1,Wall Follow,0.5045932531356812,0,0,0,0.0,0,0,0.0,0.0,32379,-2,-1,4008,0.11253758519887924,-0.18248949944972992,0.19999998807907104,0.09999999403953552,32766,678,944,1048,2432,3.5894429683685303
2026-04-07T09:58:43.280,radio://0/80/2M,range,1,1,Wall Follow,0.5045932531356812,0,0,0,0.0,0,0,0.0,0.0,32379,-2,-1,4008,0.11253758519887924,-0.18248949944972992,0.19999998807907104,0.09999999403953552,32766,658,903,1123,2448,3.594721555709839
2026-04-07T09:58:43.525,radio://0/80/2M,mission,1,1,Wall Follow,0.5012681484222412,0,0,0,0.0,0,0,0.0,0.0,32379,-2,-1,4008,0.11253758519887924,-0.18248949944972992,0.19999998807907104,0.09999999403953552,32766,658,903,1123,2448,3.594721555709839
2026-04-07T09:58:43.526,radio://0/80/2M,flow,1,1,Wall Follow,0.5012681484222412,0,0,0,0.0,0,0,0.0,0.0,32629,0,255,4258,0.13092021644115448,-0.17681217193603516,0.19999998807907104,0.09999999403953552,32766,658,903,1123,2448,3.594721555709839
2026-04-07T09:58:43.528,radio://0/80/2M,range,1,1,Wall Follow,0.5012681484222412,0,0,0,0.0,0,0,0.0,0.0,32629,0,255,4258,0.13092021644115448,-0.17681217193603516,0.19999998807907104,0.09999999403953552,32766,626,897,1161,2449,3.5841643810272217
2026-04-07T09:58:43.775,radio://0/80/2M,mission,1,1,Wall Follow,0.5037654638290405,0,0,0,0.0,0,0,0.0,0.0,32629,0,255,4258,0.13092021644115448,-0.17681217193603516,0.19999998807907104,0.09999999403953552,32766,626,897,1161,2449,3.5841643810272217
2026-04-07T09:58:43.777,radio://0/80/2M,flow,1,1,Wall Follow,0.5037654638290405,0,0,0,0.0,0,0,0.0,0.0,32879,-3,-1,4806,0.13358551263809204,-0.1616584211587906,0.19999998807907104,0.004035359714180231,32766,626,897,1161,2449,3.5841643810272217
2026-04-07T09:58:43.778,radio://0/80/2M,range,1,1,Wall Follow,0.5037654638290405,0,0,0,0.0,0,0,0.0,0.0,32879,-3,-1,4806,0.13358551263809204,-0.1616584211587906,0.19999998807907104,0.004035359714180231,32766,595,905,1178,2436,3.5894429683685303
2026-04-07T09:58:44.024,radio://0/80/2M,mission,1,1,Wall Follow,0.5044918656349182,0,0,0,0.0,0,0,0.0,0.0,32879,-3,-1,4806,0.13358551263809204,-0.1616584211587906,0.19999998807907104,0.004035359714180231,32766,595,905,1178,2436,3.5894429683685303
2026-04-07T09:58:44.027,radio://0/80/2M,flow,1,1,Wall Follow,0.5044918656349182,0,0,0,0.0,0,0,0.0,0.0,33129,0,-1,5425,0.08074070513248444,-0.16596750915050507,0.19999998807907104,5.411692427514936e-07,32766,595,905,1178,2436,3.5894429683685303
2026-04-07T09:58:44.028,radio://0/80/2M,range,1,1,Wall Follow,0.5044918656349182,0,0,0,0.0,0,0,0.0,0.0,33129,0,-1,5425,0.08074070513248444,-0.16596750915050507,0.19999998807907104,5.411692427514936e-07,32766,550,932,1198,2441,3.5736072063446045
2026-04-07T09:58:44.275,radio://0/80/2M,mission,1,1,Wall Follow,0.49809956550598145,0,0,0,0.0,0,0,0.0,0.0,33129,0,-1,5425,0.08074070513248444,-0.16596750915050507,0.19999998807907104,5.411692427514936e-07,32766,550,932,1198,2441,3.5736072063446045
2026-04-07T09:58:44.276,radio://0/80/2M,flow,1,1,Wall Follow,0.49809956550598145,0,0,0,0.0,0,0,0.0,0.0,33379,0,-1,5764,0.014369143173098564,-0.1826498806476593,0.19999998807907104,7.257449502473534e-11,32766,550,932,1198,2441,3.5736072063446045
2026-04-07T09:58:44.278,radio://0/80/2M,range,1,1,Wall Follow,0.49809956550598145,0,0,0,0.0,0,0,0.0,0.0,33379,0,-1,5764,0.014369143173098564,-0.1826498806476593,0.19999998807907104,7.257449502473534e-11,32766,528,947,1231,2450,3.568328619003296
2026-04-07T09:58:44.525,radio://0/80/2M,mission,1,1,Wall Follow,0.4992847740650177,0,0,0,0.0,0,0,0.0,0.0,33379,0,-1,5764,0.014369143173098564,-0.1826498806476593,0.19999998807907104,7.257449502473534e-11,32766,528,947,1231,2450,3.568328619003296
2026-04-07T09:58:44.526,radio://0/80/2M,flow,1,1,Wall Follow,0.4992847740650177,0,0,0,0.0,0,0,0.0,0.0,33629,-5,2,5764,-0.023153286427259445,-0.20839731395244598,0.19999998807907104,9.732733824603657e-15,32766,528,947,1231,2450,3.568328619003296
2026-04-07T09:58:44.527,radio://0/80/2M,range,1,1,Wall Follow,0.4992847740650177,0,0,0,0.0,0,0,0.0,0.0,33629,-5,2,5764,-0.023153286427259445,-0.20839731395244598,0.19999998807907104,9.732733824603657e-15,32766,526,961,1261,2444,3.5630500316619873
2026-04-07T09:58:44.774,radio://0/80/2M,mission,1,1,Wall Follow,0.5036880373954773,0,0,0,0.0,0,0,0.0,0.0,33629,-5,2,5764,-0.023153286427259445,-0.20839731395244598,0.19999998807907104,9.732733824603657e-15,32766,526,961,1261,2444,3.5630500316619873
2026-04-07T09:58:44.776,radio://0/80/2M,flow,1,1,Wall Follow,0.5036880373954773,0,0,0,0.0,0,0,0.0,0.0,33879,0,0,5764,0.026734845712780952,-0.16587500274181366,0.19999998807907104,1.3052259695330157e-18,32766,526,961,1261,2444,3.5630500316619873
2026-04-07T09:58:44.777,radio://0/80/2M,range,1,1,Wall Follow,0.5036880373954773,0,0,0,0.0,0,0,0.0,0.0,33879,0,0,5764,0.026734845712780952,-0.16587500274181366,0.19999998807907104,1.3052259695330157e-18,32766,541,966,1310,2443,3.568328619003296
2026-04-07T09:58:45.024,radio://0/80/2M,mission,1,1,Wall Follow,0.5068565011024475,0,0,0,0.0,0,0,0.0,0.0,33879,0,0,5764,0.026734845712780952,-0.16587500274181366,0.19999998807907104,1.3052259695330157e-18,32766,541,966,1310,2443,3.568328619003296
2026-04-07T09:58:45.026,radio://0/80/2M,flow,1,1,Wall Follow,0.5068565011024475,0,0,0,0.0,0,0,0.0,0.0,34129,-1,-2,5764,0.04611299932003021,-0.17803706228733063,0.0013564456021413207,1.7503970254899165e-22,32766,541,966,1310,2443,3.568328619003296
2026-04-07T09:58:45.028,radio://0/80/2M,range,1,1,Wall Follow,0.5068565011024475,0,0,0,0.0,0,0,0.0,0.0,34129,-1,-2,5764,0.04611299932003021,-0.17803706228733063,0.0013564456021413207,1.7503970254899165e-22,32766,32766,1003,1355,2444,3.5630500316619873
2026-04-07T09:58:45.274,radio://0/80/2M,mission,1,1,Wall Follow,0.5023670792579651,0,0,0,0.0,0,0,0.0,0.0,34129,-1,-2,5764,0.04611299932003021,-0.17803706228733063,0.0013564456021413207,1.7503970254899165e-22,32766,32766,1003,1355,2444,3.5630500316619873
2026-04-07T09:58:45.276,radio://0/80/2M,flow,1,1,Wall Follow,0.5023670792579651,0,0,0,0.0,0,0,0.0,0.0,34379,0,0,5764,0.02535097673535347,-0.07337368279695511,1.819086179466467e-07,2.347401686012103e-26,32766,32766,1003,1355,2444,3.5630500316619873
2026-04-07T09:58:45.277,radio://0/80/2M,range,1,1,Wall Follow,0.5023670792579651,0,0,0,0.0,0,0,0.0,0.0,34379,0,0,5764,0.02535097673535347,-0.07337368279695511,1.819086179466467e-07,2.347401686012103e-26,32766,32766,1046,1478,2458,3.5630500316619873
2026-04-07T09:58:45.523,radio://0/80/2M,mission,1,1,Wall Follow,0.4966788589954376,0,0,0,0.0,0,0,0.0,0.0,34379,0,0,5764,0.02535097673535347,-0.07337368279695511,1.819086179466467e-07,2.347401686012103e-26,32766,32766,1046,1478,2458,3.5630500316619873
2026-04-07T09:58:45.526,radio://0/80/2M,flow,1,1,Wall Follow,0.4966788589954376,0,0,0,0.0,0,0,0.0,0.0,34629,-2,0,5764,-0.0039993589743971825,0.005871813744306564,2.439519072860996e-11,3.148025405174426e-30,32766,32766,1046,1478,2458,3.5630500316619873
2026-04-07T09:58:45.527,radio://0/80/2M,range,1,1,Wall Follow,0.4966788589954376,0,0,0,0.0,0,0,0.0,0.0,34629,-2,0,5764,-0.0039993589743971825,0.005871813744306564,2.439519072860996e-11,3.148025405174426e-30,32766,32766,1158,1633,2447,3.5577712059020996
2026-04-07T09:58:45.774,radio://0/80/2M,mission,1,1,Wall Follow,0.5033577680587769,0,0,0,0.0,0,0,0.0,0.0,34629,-2,0,5764,-0.0039993589743971825,0.005871813744306564,2.439519072860996e-11,3.148025405174426e-30,32766,32766,1158,1633,2447,3.5577712059020996
2026-04-07T09:58:45.775,radio://0/80/2M,flow,1,1,Wall Follow,0.5033577680587769,0,0,0,0.0,0,0,0.0,0.0,34879,0,0,5764,0.031915806233882904,0.010435093194246292,3.2715607854754596e-15,0.06659067422151566,32766,32766,1158,1633,2447,3.5577712059020996
2026-04-07T09:58:45.777,radio://0/80/2M,range,1,1,Wall Follow,0.5033577680587769,0,0,0,0.0,0,0,0.0,0.0,34879,0,0,5764,0.031915806233882904,0.010435093194246292,3.2715607854754596e-15,0.06659067422151566,32766,618,1274,1971,2448,3.5736072063446045
2026-04-07T09:58:46.023,radio://0/80/2M,mission,1,1,Wall Follow,0.505059540271759,0,0,0,0.0,0,0,0.0,0.0,34879,0,0,5764,0.031915806233882904,0.010435093194246292,3.2715607854754596e-15,0.06659067422151566,32766,618,1274,1971,2448,3.5736072063446045
2026-04-07T09:58:46.025,radio://0/80/2M,flow,1,1,Wall Follow,0.505059540271759,0,0,0,0.0,0,0,0.0,0.0,35129,0,-248,5764,0.05467258766293526,0.014714275486767292,-0.0070215011946856976,0.05649938806891441,32766,618,1274,1971,2448,3.5736072063446045
2026-04-07T09:58:46.026,radio://0/80/2M,range,1,1,Wall Follow,0.505059540271759,0,0,0,0.0,0,0,0.0,0.0,35129,0,-248,5764,0.05467258766293526,0.014714275486767292,-0.0070215011946856976,0.05649938806891441,422,638,1655,32766,2444,3.5577712059020996
2026-04-07T09:58:46.274,radio://0/80/2M,mission,1,1,Wall Follow,0.4987926185131073,0,0,0,0.0,0,0,0.0,0.0,35129,0,-248,5764,0.05467258766293526,0.014714275486767292,-0.0070215011946856976,0.05649938806891441,422,638,1655,32766,2444,3.5577712059020996
2026-04-07T09:58:46.275,radio://0/80/2M,flow,1,1,Wall Follow,0.4987926185131073,0,0,0,0.0,0,0,0.0,0.0,35379,1,-5,5764,0.08376797288656235,-0.004039288964122534,-0.017465729266405106,0.05060852691531181,422,638,1655,32766,2444,3.5577712059020996
2026-04-07T09:58:46.277,radio://0/80/2M,range,1,1,Wall Follow,0.4987926185131073,0,0,0,0.0,0,0,0.0,0.0,35379,1,-5,5764,0.08376797288656235,-0.004039288964122534,-0.017465729266405106,0.05060852691531181,370,634,1648,2162,2455,3.5577712059020996
2026-04-07T09:58:46.523,radio://0/80/2M,mission,1,1,Wall Follow,0.5003423690795898,0,0,0,0.0,0,0,0.0,0.0,35379,1,-5,5764,0.08376797288656235,-0.004039288964122534,-0.017465729266405106,0.05060852691531181,370,634,1648,2162,2455,3.5577712059020996
2026-04-07T09:58:46.525,radio://0/80/2M,flow,1,1,Wall Follow,0.5003423690795898,0,0,0,0.0,0,0,0.0,0.0,35629,3,0,5764,0.03690270707011223,0.00041143089765682817,-0.03132692724466324,0.045131053775548935,370,634,1648,2162,2455,3.5577712059020996
2026-04-07T09:58:46.526,radio://0/80/2M,range,1,1,Wall Follow,0.5003423690795898,0,0,0,0.0,0,0,0.0,0.0,35629,3,0,5764,0.03690270707011223,0.00041143089765682817,-0.03132692724466324,0.045131053775548935,337,619,1655,2113,2452,3.5577712059020996
2026-04-07T09:58:46.772,radio://0/80/2M,mission,1,1,Wall Follow,0.5068777203559875,0,0,0,0.0,0,0,0.0,0.0,35629,3,0,5764,0.03690270707011223,0.00041143089765682817,-0.03132692724466324,0.045131053775548935,337,619,1655,2113,2452,3.5577712059020996
2026-04-07T09:58:46.774,radio://0/80/2M,flow,1,1,Wall Follow,0.5068777203559875,0,0,0,0.0,0,0,0.0,0.0,35879,0,0,5404,0.01566123031079769,0.017883095890283585,-0.03954286873340607,5.0702947191894054e-05,337,619,1655,2113,2452,3.5577712059020996
2026-04-07T09:58:46.776,radio://0/80/2M,range,1,1,Wall Follow,0.5068777203559875,0,0,0,0.0,0,0,0.0,0.0,35879,0,0,5404,0.01566123031079769,0.017883095890283585,-0.03954286873340607,5.0702947191894054e-05,310,32766,1647,2130,2447,3.5630500316619873
2026-04-07T09:58:47.022,radio://0/80/2M,mission,1,1,Wall Follow,0.5021785497665405,0,0,0,0.0,0,0,0.0,0.0,35879,0,0,5404,0.01566123031079769,0.017883095890283585,-0.03954286873340607,5.0702947191894054e-05,310,32766,1647,2130,2447,3.5630500316619873
2026-04-07T09:58:47.025,radio://0/80/2M,flow,1,1,Wall Follow,0.5021785497665405,0,0,0,0.0,0,0,0.0,0.0,36129,0,0,5067,-0.006491051055490971,0.01922536827623844,-0.05565579608082771,0.037684373557567596,310,32766,1647,2130,2447,3.5630500316619873
2026-04-07T09:58:47.026,radio://0/80/2M,range,1,1,Wall Follow,0.5021785497665405,0,0,0,0.0,0,0,0.0,0.0,36129,0,0,5067,-0.006491051055490971,0.01922536827623844,-0.05565579608082771,0.037684373557567596,283,620,1577,32766,2449,3.541935443878174
2026-04-07T09:58:47.272,radio://0/80/2M,mission,1,1,Wall Follow,0.5066434144973755,0,0,0,0.0,0,0,0.0,0.0,36129,0,0,5067,-0.006491051055490971,0.01922536827623844,-0.05565579608082771,0.037684373557567596,283,620,1577,32766,2449,3.541935443878174
2026-04-07T09:58:47.274,radio://0/80/2M,flow,1,1,Wall Follow,0.5066434144973755,0,0,0,0.0,0,0,0.0,0.0,36379,0,0,4751,-0.008359302766621113,0.05372462049126625,-0.06914574652910233,0.03466213122010231,283,620,1577,32766,2449,3.541935443878174
2026-04-07T09:58:47.275,radio://0/80/2M,range,1,1,Wall Follow,0.5066434144973755,0,0,0,0.0,0,0,0.0,0.0,36379,0,0,4751,-0.008359302766621113,0.05372462049126625,-0.06914574652910233,0.03466213122010231,257,630,1495,32766,2438,3.5630500316619873
2026-04-07T09:58:47.523,radio://0/80/2M,mission,1,1,Wall Follow,0.5018254518508911,0,0,0,0.0,0,0,0.0,0.0,36379,0,0,4751,-0.008359302766621113,0.05372462049126625,-0.06914574652910233,0.03466213122010231,257,630,1495,32766,2438,3.5630500316619873
2026-04-07T09:58:47.524,radio://0/80/2M,flow,1,1,Wall Follow,0.5018254518508911,0,0,0,0.0,0,0,0.0,0.0,36629,0,0,4751,-0.002264705952256918,0.04186141490936279,-0.07732762396335602,0.032820168882608414,257,630,1495,32766,2438,3.5630500316619873
2026-04-07T09:58:47.525,radio://0/80/2M,range,1,1,Wall Follow,0.5018254518508911,0,0,0,0.0,0,0,0.0,0.0,36629,0,0,4751,-0.002264705952256918,0.04186141490936279,-0.07732762396335602,0.032820168882608414,246,626,1485,32766,2442,3.5366568565368652
2026-04-07T09:58:47.772,radio://0/80/2M,mission,1,1,Wall Follow,0.5048444867134094,0,0,0,0.0,0,0,0.0,0.0,36629,0,0,4751,-0.002264705952256918,0.04186141490936279,-0.07732762396335602,0.032820168882608414,246,626,1485,32766,2442,3.5366568565368652
2026-04-07T09:58:47.775,radio://0/80/2M,flow,1,1,Wall Follow,0.5048444867134094,0,0,0,0.0,0,0,0.0,0.0,36879,0,0,4751,-0.006006114184856415,0.030527547001838684,-0.08112282305955887,0.032002341002225876,246,626,1485,32766,2442,3.5366568565368652
2026-04-07T09:58:47.776,radio://0/80/2M,range,1,1,Wall Follow,0.5048444867134094,0,0,0,0.0,0,0,0.0,0.0,36879,0,0,4751,-0.006006114184856415,0.030527547001838684,-0.08112282305955887,0.032002341002225876,235,625,1482,32766,2445,3.552492618560791
2026-04-07T09:58:48.022,radio://0/80/2M,mission,1,1,Wall Follow,0.5007758736610413,0,0,0,0.0,0,0,0.0,0.0,36879,0,0,4751,-0.006006114184856415,0.030527547001838684,-0.08112282305955887,0.032002341002225876,235,625,1482,32766,2445,3.552492618560791
2026-04-07T09:58:48.026,radio://0/80/2M,flow,1,1,Wall Follow,0.5007758736610413,0,0,0,0.0,0,0,0.0,0.0,37130,-2,0,4751,0.00893334485590458,0.10780776292085648,-0.08156301826238632,0.03190641477704048,235,625,1482,32766,2445,3.552492618560791
2026-04-07T09:58:48.027,radio://0/80/2M,range,1,1,Wall Follow,0.5007758736610413,0,0,0,0.0,0,0,0.0,0.0,37130,-2,0,4751,0.00893334485590458,0.10780776292085648,-0.08156301826238632,0.03190641477704048,240,614,1495,32766,2447,3.5313782691955566
2026-04-07T09:58:48.272,radio://0/80/2M,mission,1,1,Wall Follow,0.5001359581947327,0,0,0,0.0,0,0,0.0,0.0,37130,-2,0,4751,0.00893334485590458,0.10780776292085648,-0.08156301826238632,0.03190641477704048,240,614,1495,32766,2447,3.5313782691955566
2026-04-07T09:58:48.273,radio://0/80/2M,flow,1,1,Wall Follow,0.5001359581947327,0,0,0,0.0,0,0,0.0,0.0,37379,0,0,4751,0.011527285911142826,0.10148897022008896,-0.0756746232509613,0.03318394720554352,240,614,1495,32766,2447,3.5313782691955566
2026-04-07T09:58:48.274,radio://0/80/2M,range,1,1,Wall Follow,0.5001359581947327,0,0,0,0.0,0,0,0.0,0.0,37379,0,0,4751,0.011527285911142826,0.10148897022008896,-0.0756746232509613,0.03318394720554352,249,596,1547,32766,2436,3.5313782691955566
2026-04-07T09:58:48.521,radio://0/80/2M,mission,1,1,Wall Follow,0.5038637518882751,0,0,0,0.0,0,0,0.0,0.0,37379,0,0,4751,0.011527285911142826,0.10148897022008896,-0.0756746232509613,0.03318394720554352,249,596,1547,32766,2436,3.5313782691955566
2026-04-07T09:58:48.524,radio://0/80/2M,flow,1,1,Wall Follow,0.5038637518882751,0,0,0,0.0,0,0,0.0,0.0,37629,1,0,4751,-0.00772846257314086,0.08284376561641693,-0.07394741475582123,0.033568184822797775,249,596,1547,32766,2436,3.5313782691955566
2026-04-07T09:58:48.525,radio://0/80/2M,range,1,1,Wall Follow,0.5038637518882751,0,0,0,0.0,0,0,0.0,0.0,37629,1,0,4751,-0.00772846257314086,0.08284376561641693,-0.07394741475582123,0.033568184822797775,252,582,1574,32766,2444,3.526099681854248
2026-04-07T09:58:48.772,radio://0/80/2M,mission,1,1,Wall Follow,0.5018454194068909,0,0,0,0.0,0,0,0.0,0.0,37629,1,0,4751,-0.00772846257314086,0.08284376561641693,-0.07394741475582123,0.033568184822797775,252,582,1574,32766,2444,3.526099681854248
2026-04-07T09:58:48.774,radio://0/80/2M,flow,1,1,Wall Follow,0.5018454194068909,0,0,0,0.0,0,0,0.0,0.0,37880,-4,0,4455,0.02725743129849434,0.1100388839840889,-0.07264367491006851,0.03386184200644493,252,582,1574,32766,2444,3.526099681854248
2026-04-07T09:58:48.775,radio://0/80/2M,range,1,1,Wall Follow,0.5018454194068909,0,0,0,0.0,0,0,0.0,0.0,37880,-4,0,4455,0.02725743129849434,0.1100388839840889,-0.07264367491006851,0.03386184200644493,252,570,1586,32766,2452,3.526099681854248
2026-04-07T09:58:49.021,radio://0/80/2M,mission,1,1,Wall Follow,0.4979414641857147,0,0,0,0.0,0,0,0.0,0.0,37880,-4,0,4455,0.02725743129849434,0.1100388839840889,-0.07264367491006851,0.03386184200644493,252,570,1586,32766,2452,3.526099681854248
2026-04-07T09:58:49.023,radio://0/80/2M,flow,1,1,Wall Follow,0.4979414641857147,0,0,0,0.0,0,0,0.0,0.0,38129,0,0,4455,0.04499220848083496,0.12623605132102966,-0.0721031054854393,0.033983465284109116,252,570,1586,32766,2452,3.526099681854248
2026-04-07T09:58:49.024,radio://0/80/2M,range,1,1,Wall Follow,0.4979414641857147,0,0,0,0.0,0,0,0.0,0.0,38129,0,0,4455,0.04499220848083496,0.12623605132102966,-0.0721031054854393,0.033983465284109116,255,540,1648,32766,2449,3.5102639198303223
2026-04-07T09:58:49.271,radio://0/80/2M,mission,1,1,Wall Follow,0.49635860323905945,0,0,0,0.0,0,0,0.0,0.0,38129,0,0,4455,0.04499220848083496,0.12623605132102966,-0.0721031054854393,0.033983465284109116,255,540,1648,32766,2449,3.5102639198303223
2026-04-07T09:58:49.272,radio://0/80/2M,flow,1,1,Wall Follow,0.49635860323905945,0,0,0,0.0,0,0,0.0,0.0,38379,-256,0,4455,0.02603941038250923,0.11125587671995163,-0.07537133991718292,0.033251140266656876,255,540,1648,32766,2449,3.5102639198303223
2026-04-07T09:58:49.273,radio://0/80/2M,range,1,1,Wall Follow,0.49635860323905945,0,0,0,0.0,0,0,0.0,0.0,38379,-256,0,4455,0.02603941038250923,0.11125587671995163,-0.07537133991718292,0.033251140266656876,248,526,1630,32766,2451,3.515542507171631
2026-04-07T09:58:49.520,radio://0/80/2M,mission,1,1,Wall Follow,0.49493107199668884,0,0,0,0.0,0,0,0.0,0.0,38379,-256,0,4455,0.02603941038250923,0.11125587671995163,-0.07537133991718292,0.033251140266656876,248,526,1630,32766,2451,3.515542507171631
2026-04-07T09:58:49.523,radio://0/80/2M,flow,1,1,Wall Follow,0.49493107199668884,0,0,0,0.0,0,0,0.0,0.0,38629,0,0,4455,0.0005064228316769004,0.09214754402637482,-0.07917816191911697,0.03241748362779617,248,526,1630,32766,2451,3.515542507171631
2026-04-07T09:58:49.524,radio://0/80/2M,range,1,1,Wall Follow,0.49493107199668884,0,0,0,0.0,0,0,0.0,0.0,38629,0,0,4455,0.0005064228316769004,0.09214754402637482,-0.07917816191911697,0.03241748362779617,243,520,1608,32766,2449,3.499706745147705
2026-04-07T09:58:49.770,radio://0/80/2M,mission,1,1,Wall Follow,0.5029008388519287,0,0,0,0.0,0,0,0.0,0.0,38629,0,0,4455,0.0005064228316769004,0.09214754402637482,-0.07917816191911697,0.03241748362779617,243,520,1608,32766,2449,3.499706745147705
2026-04-07T09:58:49.772,radio://0/80/2M,flow,1,1,Wall Follow,0.5029008388519287,0,0,0,0.0,0,0,0.0,0.0,38879,0,0,4455,-0.03910515457391739,0.07979561388492584,-0.07647271454334259,0.0330079160630703,243,520,1608,32766,2449,3.499706745147705
2026-04-07T09:58:49.773,radio://0/80/2M,range,1,1,Wall Follow,0.5029008388519287,0,0,0,0.0,0,0,0.0,0.0,38879,0,0,4455,-0.03910515457391739,0.07979561388492584,-0.07647271454334259,0.0330079160630703,249,516,1629,32766,2437,3.515542507171631
2026-04-07T09:58:50.019,radio://0/80/2M,mission,1,1,Wall Follow,0.5015261769294739,0,0,0,0.0,0,0,0.0,0.0,38879,0,0,4455,-0.03910515457391739,0.07979561388492584,-0.07647271454334259,0.0330079160630703,249,516,1629,32766,2437,3.515542507171631
2026-04-07T09:58:50.022,radio://0/80/2M,flow,1,1,Wall Follow,0.5015261769294739,0,0,0,0.0,0,0,0.0,0.0,39129,0,0,4455,-0.07030147314071655,0.050669651478528976,-0.0715915784239769,0.03409972041845322,249,516,1629,32766,2437,3.515542507171631
2026-04-07T09:58:50.024,radio://0/80/2M,range,1,1,Wall Follow,0.5015261769294739,0,0,0,0.0,0,0,0.0,0.0,39129,0,0,4455,-0.07030147314071655,0.050669651478528976,-0.0715915784239769,0.03409972041845322,256,533,1609,32766,2437,3.489149570465088
2026-04-07T09:58:50.269,radio://0/80/2M,mission,1,1,Wall Follow,0.5011613368988037,0,0,0,0.0,0,0,0.0,0.0,39129,0,0,4455,-0.07030147314071655,0.050669651478528976,-0.0715915784239769,0.03409972041845322,256,533,1609,32766,2437,3.489149570465088
2026-04-07T09:58:50.272,radio://0/80/2M,flow,1,1,Wall Follow,0.5011613368988037,0,0,0,0.0,0,0,0.0,0.0,39379,0,0,4733,-0.051384881138801575,0.0492214597761631,-0.06492055207490921,0.0356556698679924,256,533,1609,32766,2437,3.489149570465088
2026-04-07T09:58:50.273,radio://0/80/2M,range,1,1,Wall Follow,0.5011613368988037,0,0,0,0.0,0,0,0.0,0.0,39379,0,0,4733,-0.051384881138801575,0.0492214597761631,-0.06492055207490921,0.0356556698679924,271,535,1618,32766,2442,3.4944281578063965
2026-04-07T09:58:50.520,radio://0/80/2M,mission,1,1,Wall Follow,0.49876365065574646,0,0,0,0.0,0,0,0.0,0.0,39379,0,0,4733,-0.051384881138801575,0.0492214597761631,-0.06492055207490921,0.0356556698679924,271,535,1618,32766,2442,3.4944281578063965
2026-04-07T09:58:50.522,radio://0/80/2M,flow,1,1,Wall Follow,0.49876365065574646,0,0,0,0.0,0,0,0.0,0.0,39629,0,0,4733,-0.02846222184598446,0.07661498337984085,-0.058745644986629486,0.03716590628027916,271,535,1618,32766,2442,3.4944281578063965
2026-04-07T09:58:50.523,radio://0/80/2M,range,1,1,Wall Follow,0.49876365065574646,0,0,0,0.0,0,0,0.0,0.0,39629,0,0,4733,-0.02846222184598446,0.07661498337984085,-0.058745644986629486,0.03716590628027916,279,528,1646,32766,2449,3.4785923957824707
2026-04-07T09:58:50.769,radio://0/80/2M,mission,1,1,Wall Follow,0.49789759516716003,0,0,0,0.0,0,0,0.0,0.0,39629,0,0,4733,-0.02846222184598446,0.07661498337984085,-0.058745644986629486,0.03716590628027916,279,528,1646,32766,2449,3.4785923957824707
2026-04-07T09:58:50.772,radio://0/80/2M,flow,1,1,Wall Follow,0.49789759516716003,0,0,0,0.0,0,0,0.0,0.0,39879,0,0,5028,-0.02152523584663868,0.07306908816099167,-0.0519789420068264,0.03891698643565178,279,528,1646,32766,2449,3.4785923957824707
2026-04-07T09:58:50.774,radio://0/80/2M,range,1,1,Wall Follow,0.49789759516716003,0,0,0,0.0,0,0,0.0,0.0,39879,0,0,5028,-0.02152523584663868,0.07306908816099167,-0.0519789420068264,0.03891698643565178,292,533,1656,32766,2454,3.4838709831237793
2026-04-07T09:58:51.019,radio://0/80/2M,mission,1,1,Wall Follow,0.498669296503067,0,0,0,0.0,0,0,0.0,0.0,39879,0,0,5028,-0.02152523584663868,0.07306908816099167,-0.0519789420068264,0.03891698643565178,292,533,1656,32766,2454,3.4838709831237793
2026-04-07T09:58:51.020,radio://0/80/2M,flow,1,1,Wall Follow,0.498669296503067,0,0,0,0.0,0,0,0.0,0.0,40129,0,0,5342,0.0024528391659259796,0.05920761823654175,-0.05000189319252968,0.039449650794267654,292,533,1656,32766,2454,3.4838709831237793
2026-04-07T09:58:51.022,radio://0/80/2M,range,1,1,Wall Follow,0.498669296503067,0,0,0,0.0,0,0,0.0,0.0,40129,0,0,5342,0.0024528391659259796,0.05920761823654175,-0.05000189319252968,0.039449650794267654,296,534,1664,32766,2446,3.473313808441162
2026-04-07T09:58:51.270,radio://0/80/2M,mission,1,1,Wall Follow,0.49565401673316956,0,0,0,0.0,0,0,0.0,0.0,40129,0,0,5342,0.0024528391659259796,0.05920761823654175,-0.05000189319252968,0.039449650794267654,296,534,1664,32766,2446,3.473313808441162
2026-04-07T09:58:51.271,radio://0/80/2M,flow,1,1,Wall Follow,0.49565401673316956,0,0,0,0.0,0,0,0.0,0.0,40379,0,0,5342,0.022028690204024315,0.06812365353107452,-0.05033513903617859,0.03936015069484711,296,534,1664,32766,2446,3.473313808441162
2026-04-07T09:58:51.272,radio://0/80/2M,range,1,1,Wall Follow,0.49565401673316956,0,0,0,0.0,0,0,0.0,0.0,40379,0,0,5342,0.022028690204024315,0.06812365353107452,-0.05033513903617859,0.03936015069484711,298,531,1671,32766,2452,3.473313808441162
2026-04-07T09:58:51.519,radio://0/80/2M,mission,1,1,Wall Follow,0.4968714118003845,0,0,0,0.0,0,0,0.0,0.0,40379,0,0,5342,0.022028690204024315,0.06812365353107452,-0.05033513903617859,0.03936015069484711,298,531,1671,32766,2452,3.473313808441162
2026-04-07T09:58:51.520,radio://0/80/2M,flow,1,1,Wall Follow,0.4968714118003845,0,0,0,0.0,0,0,0.0,0.0,40629,0,0,5342,0.030325619503855705,0.08015408366918564,-0.05086049064993858,0.03921696916222572,298,531,1671,32766,2452,3.473313808441162
2026-04-07T09:58:51.523,radio://0/80/2M,range,1,1,Wall Follow,0.4968714118003845,0,0,0,0.0,0,0,0.0,0.0,40629,0,0,5342,0.030325619503855705,0.08015408366918564,-0.05086049064993858,0.03921696916222572,294,522,1699,32766,2449,3.4574780464172363
2026-04-07T09:58:51.768,radio://0/80/2M,mission,1,1,Wall Follow,0.4957195818424225,0,0,0,0.0,0,0,0.0,0.0,40629,0,0,5342,0.030325619503855705,0.08015408366918564,-0.05086049064993858,0.03921696916222572,294,522,1699,32766,2449,3.4574780464172363
2026-04-07T09:58:51.771,radio://0/80/2M,flow,1,1,Wall Follow,0.4957195818424225,0,0,0,0.0,0,0,0.0,0.0,40879,0,0,5342,0.02102232724428177,0.10045826435089111,-0.048867955803871155,0.03976023197174072,294,522,1699,32766,2449,3.4574780464172363
2026-04-07T09:58:51.772,radio://0/80/2M,range,1,1,Wall Follow,0.4957195818424225,0,0,0,0.0,0,0,0.0,0.0,40879,0,0,5342,0.02102232724428177,0.10045826435089111,-0.048867955803871155,0.03976023197174072,299,552,1693,32766,2452,3.4521994590759277
2026-04-07T09:58:52.019,radio://0/80/2M,mission,1,1,Wall Follow,0.4972875118255615,0,0,0,0.0,0,0,0.0,0.0,40879,0,0,5342,0.02102232724428177,0.10045826435089111,-0.048867955803871155,0.03976023197174072,299,552,1693,32766,2452,3.4521994590759277
2026-04-07T09:58:52.020,radio://0/80/2M,flow,1,1,Wall Follow,0.4972875118255615,0,0,0,0.0,0,0,0.0,0.0,41129,0,0,5342,0.016939684748649597,0.08359257131814957,-0.04757918417453766,0.04011718928813934,299,552,1693,32766,2452,3.4521994590759277
2026-04-07T09:58:52.022,radio://0/80/2M,range,1,1,Wall Follow,0.4972875118255615,0,0,0,0.0,0,0,0.0,0.0,41129,0,0,5342,0.016939684748649597,0.08359257131814957,-0.04757918417453766,0.04011718928813934,301,588,1691,32766,2449,3.4574780464172363
2026-04-07T09:58:52.268,radio://0/80/2M,mission,1,5,Transition,0.5027315020561218,0,0,0,0.0,0,0,0.0,0.0,41129,0,0,5342,0.016939684748649597,0.08359257131814957,-0.04757918417453766,0.04011718928813934,301,588,1691,32766,2449,3.4574780464172363
2026-04-07T09:58:52.270,radio://0/80/2M,flow,1,5,Transition,0.5027315020561218,0,0,0,0.0,0,0,0.0,0.0,41379,0,0,5342,0.015847310423851013,0.06345196068286896,-0.04716081544756889,0.00027551065431907773,301,588,1691,32766,2449,3.4574780464172363
2026-04-07T09:58:52.271,radio://0/80/2M,range,1,5,Transition,0.5027315020561218,0,0,0,0.0,0,0,0.0,0.0,41379,0,0,5342,0.015847310423851013,0.06345196068286896,-0.04716081544756889,0.00027551065431907773,301,589,1706,32766,2430,3.473313808441162
2026-04-07T09:58:52.518,radio://0/80/2M,mission,1,2,Scan,0.5093556046485901,0,0,0,0.0,0,0,0.0,0.0,41379,0,0,5342,0.015847310423851013,0.06345196068286896,-0.04716081544756889,0.00027551065431907773,301,589,1706,32766,2430,3.473313808441162
2026-04-07T09:58:52.520,radio://0/80/2M,flow,1,2,Scan,0.5093556046485901,0,0,0,0.0,0,0,0.0,0.0,41629,0,1,5342,-0.0306460689753294,0.038443829864263535,-0.024346066638827324,3.6947852777302614e-08,301,589,1706,32766,2430,3.473313808441162
2026-04-07T09:58:52.521,radio://0/80/2M,range,1,2,Scan,0.5093556046485901,0,0,0,0.0,0,0,0.0,0.0,41629,0,1,5342,-0.0306460689753294,0.038443829864263535,-0.024346066638827324,3.6947852777302614e-08,303,565,1728,32766,2430,3.462756633758545
2026-04-07T09:58:52.768,radio://0/80/2M,mission,1,2,Scan,0.5073670148849487,0,0,0,0.0,0,0,0.0,0.0,41629,0,1,5342,-0.0306460689753294,0.038443829864263535,-0.024346066638827324,3.6947852777302614e-08,303,565,1728,32766,2430,3.462756633758545
2026-04-07T09:58:52.770,radio://0/80/2M,flow,1,2,Scan,0.5073670148849487,0,0,0,0.0,0,0,0.0,0.0,41879,0,0,5342,-0.06792700290679932,-0.001330090337432921,-0.019352655857801437,4.954959186009855e-12,303,565,1728,32766,2430,3.462756633758545
2026-04-07T09:58:52.771,radio://0/80/2M,range,1,2,Scan,0.5073670148849487,0,0,0,0.0,0,0,0.0,0.0,41879,0,0,5342,-0.06792700290679932,-0.001330090337432921,-0.019352655857801437,4.954959186009855e-12,310,545,1740,32766,2434,3.446920871734619
2026-04-07T09:58:53.018,radio://0/80/2M,mission,1,2,Scan,0.501074492931366,0,0,0,0.0,0,0,0.0,0.0,41879,0,0,5342,-0.06792700290679932,-0.001330090337432921,-0.019352655857801437,4.954959186009855e-12,310,545,1740,32766,2434,3.446920871734619
2026-04-07T09:58:53.019,radio://0/80/2M,flow,1,2,Scan,0.501074492931366,0,0,0,0.0,0,0,0.0,0.0,42129,-1,0,5675,-0.0012824852019548416,-0.008312090300023556,-0.01967485621571541,6.644939060496504e-16,310,545,1740,32766,2434,3.446920871734619
2026-04-07T09:58:53.020,radio://0/80/2M,range,1,2,Scan,0.501074492931366,0,0,0,0.0,0,0,0.0,0.0,42129,-1,0,5675,-0.0012824852019548416,-0.008312090300023556,-0.01967485621571541,6.644939060496504e-16,303,696,1662,32766,2443,3.4310851097106934
2026-04-07T09:58:53.267,radio://0/80/2M,mission,1,2,Scan,0.5042081475257874,0,0,0,0.0,0,0,0.0,0.0,42129,-1,0,5675,-0.0012824852019548416,-0.008312090300023556,-0.01967485621571541,6.644939060496504e-16,303,696,1662,32766,2443,3.4310851097106934
2026-04-07T09:58:53.269,radio://0/80/2M,flow,1,2,Scan,0.5042081475257874,0,0,0,0.0,0,0,0.0,0.0,42379,2,0,5675,-0.0140073262155056,-0.0003990336845163256,-0.020305931568145752,8.911314966731508e-20,303,696,1662,32766,2443,3.4310851097106934
2026-04-07T09:58:53.271,radio://0/80/2M,range,1,2,Scan,0.5042081475257874,0,0,0,0.0,0,0,0.0,0.0,42379,2,0,5675,-0.0140073262155056,-0.0003990336845163256,-0.020305931568145752,8.911314966731508e-20,292,1057,1602,32766,2440,3.446920871734619
2026-04-07T09:58:53.517,radio://0/80/2M,mission,1,2,Scan,0.5047003030776978,0,0,0,0.0,0,0,0.0,0.0,42379,2,0,5675,-0.0140073262155056,-0.0003990336845163256,-0.020305931568145752,8.911314966731508e-20,292,1057,1602,32766,2440,3.446920871734619
2026-04-07T09:58:53.519,radio://0/80/2M,flow,1,2,Scan,0.5047003030776978,0,0,0,0.0,0,0,0.0,0.0,42629,0,0,5675,-0.018763935193419456,0.01884358935058117,-0.01982934959232807,1.1950678678551096e-23,292,1057,1602,32766,2440,3.446920871734619
2026-04-07T09:58:53.520,radio://0/80/2M,range,1,2,Scan,0.5047003030776978,0,0,0,0.0,0,0,0.0,0.0,42629,0,0,5675,-0.018763935193419456,0.01884358935058117,-0.01982934959232807,1.1950678678551096e-23,303,1086,1606,32766,2436,3.446920871734619
2026-04-07T09:58:53.767,radio://0/80/2M,mission,1,2,Scan,0.5068729519844055,0,0,0,0.0,0,0,0.0,0.0,42629,0,0,5675,-0.018763935193419456,0.01884358935058117,-0.01982934959232807,1.1950678678551096e-23,303,1086,1606,32766,2436,3.446920871734619
2026-04-07T09:58:53.769,radio://0/80/2M,flow,1,2,Scan,0.5068729519844055,0,0,0,0.0,0,0,0.0,0.0,42879,1,-3,5675,-0.060114871710538864,0.0007541955565102398,-0.01900634355843067,1.6026671291572076e-27,303,1086,1606,32766,2436,3.446920871734619
2026-04-07T09:58:53.771,radio://0/80/2M,range,1,2,Scan,0.5068729519844055,0,0,0,0.0,0,0,0.0,0.0,42879,1,-3,5675,-0.060114871710538864,0.0007541955565102398,-0.01900634355843067,1.6026671291572076e-27,319,1094,1678,1054,2433,3.4574780464172363
2026-04-07T09:58:54.017,radio://0/80/2M,mission,1,2,Scan,0.5046378374099731,0,0,0,0.0,0,0,0.0,0.0,42879,1,-3,5675,-0.060114871710538864,0.0007541955565102398,-0.01900634355843067,1.6026671291572076e-27,319,1094,1678,1054,2433,3.4574780464172363
2026-04-07T09:58:54.018,radio://0/80/2M,flow,1,2,Scan,0.5046378374099731,0,0,0,0.0,0,0,0.0,0.0,43129,-4,-1,5675,-0.0323253870010376,0.000714387686457485,-0.01835339143872261,2.1492856259869787e-31,319,1094,1678,1054,2433,3.4574780464172363
2026-04-07T09:58:54.020,radio://0/80/2M,range,1,2,Scan,0.5046378374099731,0,0,0,0.0,0,0,0.0,0.0,43129,-4,-1,5675,-0.0323253870010376,0.000714387686457485,-0.01835339143872261,2.1492856259869787e-31,316,1173,32766,1063,2436,3.446920871734619
2026-04-07T09:58:54.266,radio://0/80/2M,mission,1,2,Scan,0.5044882297515869,0,0,0,0.0,0,0,0.0,0.0,43129,-4,-1,5675,-0.0323253870010376,0.000714387686457485,-0.01835339143872261,2.1492856259869787e-31,316,1173,32766,1063,2436,3.446920871734619
2026-04-07T09:58:54.269,radio://0/80/2M,flow,1,2,Scan,0.5044882297515869,0,0,0,0.0,0,0,0.0,0.0,43379,0,0,5675,-0.02076072245836258,-0.0064823986031115055,-0.0003311567706987262,2.8823385509213944e-35,316,1173,32766,1063,2436,3.446920871734619
2026-04-07T09:58:54.270,radio://0/80/2M,range,1,2,Scan,0.5044882297515869,0,0,0,0.0,0,0,0.0,0.0,43379,0,0,5675,-0.02076072245836258,-0.0064823986031115055,-0.0003311567706987262,2.8823385509213944e-35,32766,1231,32766,1203,2440,3.4521994590759277
2026-04-07T09:58:54.517,radio://0/80/2M,mission,1,2,Scan,0.5080718398094177,0,0,0,0.0,0,0,0.0,0.0,43379,0,0,5675,-0.02076072245836258,-0.0064823986031115055,-0.0003311567706987262,2.8823385509213944e-35,32766,1231,32766,1203,2440,3.4521994590759277
2026-04-07T09:58:54.518,radio://0/80/2M,flow,1,2,Scan,0.5080718398094177,0,0,0,0.0,0,0,0.0,0.0,43629,0,-1,5321,0.03305227681994438,-0.03849954530596733,-4.441037404490089e-08,0.011335319839417934,32766,1231,32766,1203,2440,3.4521994590759277
2026-04-07T09:58:54.520,radio://0/80/2M,range,1,2,Scan,0.5080718398094177,0,0,0,0.0,0,0,0.0,0.0,43629,0,-1,5321,0.03305227681994438,-0.03849954530596733,-4.441037404490089e-08,0.011335319839417934,32766,1375,380,1324,2440,3.446920871734619
2026-04-07T09:58:54.766,radio://0/80/2M,mission,1,2,Scan,0.504073441028595,0,0,0,0.0,0,0,0.0,0.0,43629,0,-1,5321,0.03305227681994438,-0.03849954530596733,-4.441037404490089e-08,0.011335319839417934,32766,1375,380,1324,2440,3.446920871734619
2026-04-07T09:58:54.769,radio://0/80/2M,flow,1,2,Scan,0.504073441028595,0,0,0,0.0,0,0,0.0,0.0,43879,0,-1,4989,0.07469092309474945,0.0761268213391304,-0.015728678554296494,0.016643574461340904,32766,1375,380,1324,2440,3.446920871734619
2026-04-07T09:58:54.770,radio://0/80/2M,range,1,2,Scan,0.504073441028595,0,0,0,0.0,0,0,0.0,0.0,43879,0,-1,4989,0.07469092309474945,0.0761268213391304,-0.015728678554296494,0.016643574461340904,336,1462,333,1531,2439,3.446920871734619
2026-04-07T09:58:55.016,radio://0/80/2M,mission,1,2,Scan,0.5030986666679382,0,0,0,0.0,0,0,0.0,0.0,43879,0,-1,4989,0.07469092309474945,0.0761268213391304,-0.015728678554296494,0.016643574461340904,336,1462,333,1531,2439,3.446920871734619
2026-04-07T09:58:55.018,radio://0/80/2M,flow,1,2,Scan,0.5030986666679382,0,0,0,0.0,0,0,0.0,0.0,44129,0,0,4112,0.02194531075656414,0.08208392560482025,-0.014136869460344315,0.003916334826499224,336,1462,333,1531,2439,3.446920871734619
2026-04-07T09:58:55.020,radio://0/80/2M,range,1,2,Scan,0.5030986666679382,0,0,0,0.0,0,0,0.0,0.0,44129,0,0,4112,0.02194531075656414,0.08208392560482025,-0.014136869460344315,0.003916334826499224,361,1763,32766,1959,2444,3.4521994590759277
2026-04-07T09:58:55.266,radio://0/80/2M,mission,1,2,Scan,0.5006101131439209,0,0,0,0.0,0,0,0.0,0.0,44129,0,0,4112,0.02194531075656414,0.08208392560482025,-0.014136869460344315,0.003916334826499224,361,1763,32766,1959,2444,3.4521994590759277
2026-04-07T09:58:55.269,radio://0/80/2M,flow,1,2,Scan,0.5006101131439209,0,0,0,0.0,0,0,0.0,0.0,44380,0,-1,3855,0.004168651066720486,0.05180107057094574,-0.004805088974535465,0.016285864636301994,361,1763,32766,1959,2444,3.4521994590759277
2026-04-07T09:58:55.270,radio://0/80/2M,range,1,2,Scan,0.5006101131439209,0,0,0,0.0,0,0,0.0,0.0,44380,0,-1,3855,0.004168651066720486,0.05180107057094574,-0.004805088974535465,0.016285864636301994,485,32766,337,1900,2445,3.4574780464172363
2026-04-07T09:58:55.515,radio://0/80/2M,mission,1,2,Scan,0.5028156042098999,0,0,0,0.0,0,0,0.0,0.0,44380,0,-1,3855,0.004168651066720486,0.05180107057094574,-0.004805088974535465,0.016285864636301994,485,32766,337,1900,2445,3.4574780464172363
2026-04-07T09:58:55.518,radio://0/80/2M,flow,1,2,Scan,0.5028156042098999,0,0,0,0.0,0,0,0.0,0.0,44629,0,0,3855,-0.04075569659471512,0.024811413139104843,-5.428167696663877e-06,0.01732787862420082,485,32766,337,1900,2445,3.4574780464172363
2026-04-07T09:58:55.519,radio://0/80/2M,range,1,2,Scan,0.5028156042098999,0,0,0,0.0,0,0,0.0,0.0,44629,0,0,3855,-0.04075569659471512,0.024811413139104843,-5.428167696663877e-06,0.01732787862420082,775,32766,325,1839,2448,3.4521994590759277
2026-04-07T09:58:55.765,radio://0/80/2M,mission,1,2,Scan,0.49807286262512207,0,0,0,0.0,0,0,0.0,0.0,44629,0,0,3855,-0.04075569659471512,0.024811413139104843,-5.428167696663877e-06,0.01732787862420082,775,32766,325,1839,2448,3.4521994590759277
2026-04-07T09:58:55.768,radio://0/80/2M,flow,1,2,Scan,0.49807286262512207,0,0,0,0.0,0,0,0.0,0.0,44879,2,-4,3615,-0.004518397618085146,0.04770169407129288,-7.279542524329941e-10,0.02306799590587616,775,32766,325,1839,2448,3.4521994590759277
2026-04-07T09:58:55.769,radio://0/80/2M,range,1,2,Scan,0.49807286262512207,0,0,0,0.0,0,0,0.0,0.0,44879,2,-4,3615,-0.004518397618085146,0.04770169407129288,-7.279542524329941e-10,0.02306799590587616,863,32766,268,1817,2448,3.4521994590759277
2026-04-07T09:58:56.015,radio://0/80/2M,mission,1,2,Scan,0.4930231273174286,0,0,0,0.0,0,0,0.0,0.0,44879,2,-4,3615,-0.004518397618085146,0.04770169407129288,-7.279542524329941e-10,0.02306799590587616,863,32766,268,1817,2448,3.4521994590759277
2026-04-07T09:58:56.016,radio://0/80/2M,flow,1,2,Scan,0.4930231273174286,0,0,0,0.0,0,0,0.0,0.0,45129,2,-10,3390,0.003442412009462714,0.026707720011472702,-9.762362359472254e-14,0.024890366941690445,863,32766,268,1817,2448,3.4521994590759277
2026-04-07T09:58:56.019,radio://0/80/2M,range,1,2,Scan,0.4930231273174286,0,0,0,0.0,0,0,0.0,0.0,45129,2,-10,3390,0.003442412009462714,0.026707720011472702,-9.762362359472254e-14,0.024890366941690445,832,32766,252,1885,2460,3.4310851097106934
2026-04-07T09:58:56.266,radio://0/80/2M,mission,1,2,Scan,0.4941311776638031,0,0,0,0.0,0,0,0.0,0.0,45129,2,-10,3390,0.003442412009462714,0.026707720011472702,-9.762362359472254e-14,0.024890366941690445,832,32766,252,1885,2460,3.4310851097106934
2026-04-07T09:58:56.267,radio://0/80/2M,flow,1,2,Scan,0.4941311776638031,0,0,0,0.0,0,0,0.0,0.0,45379,1,0,3390,-0.0196437556296587,-0.0015626337844878435,-1.3091993522849295e-17,0.02276906929910183,832,32766,252,1885,2460,3.4310851097106934
2026-04-07T09:58:56.268,radio://0/80/2M,range,1,2,Scan,0.4941311776638031,0,0,0,0.0,0,0,0.0,0.0,45379,1,0,3390,-0.0196437556296587,-0.0015626337844878435,-1.3091993522849295e-17,0.02276906929910183,825,32766,273,1933,2446,3.4521994590759277
2026-04-07T09:58:56.519,radio://0/80/2M,mission,1,2,Scan,0.4951538145542145,0,0,0,0.0,0,0,0.0,0.0,45379,1,0,3390,-0.0196437556296587,-0.0015626337844878435,-1.3091993522849295e-17,0.02276906929910183,825,32766,273,1933,2446,3.4521994590759277
2026-04-07T09:58:56.520,radio://0/80/2M,flow,1,2,Scan,0.4951538145542145,0,0,0,0.0,0,0,0.0,0.0,45629,0,0,3390,-0.029666420072317123,0.013771884143352509,-1.7557251813703965e-21,0.022022157907485962,825,32766,273,1933,2446,3.4521994590759277
2026-04-07T09:58:56.522,radio://0/80/2M,range,1,2,Scan,0.4951538145542145,0,0,0,0.0,0,0,0.0,0.0,45629,0,0,3390,-0.029666420072317123,0.013771884143352509,-1.7557251813703965e-21,0.022022157907485962,852,1332,280,32766,2450,3.436363697052002
2026-04-07T09:58:56.765,radio://0/80/2M,mission,1,2,Scan,0.4956834316253662,0,0,0,0.0,0,0,0.0,0.0,45629,0,0,3390,-0.029666420072317123,0.013771884143352509,-1.7557251813703965e-21,0.022022157907485962,852,1332,280,32766,2450,3.436363697052002
2026-04-07T09:58:56.766,radio://0/80/2M,flow,1,2,Scan,0.4956834316253662,0,0,0,0.0,0,0,0.0,0.0,45879,0,-1,3390,-0.023663021624088287,0.05298498645424843,-2.354546670401626e-25,0.017990944907069206,852,1332,280,32766,2450,3.436363697052002
2026-04-07T09:58:56.768,radio://0/80/2M,range,1,2,Scan,0.4956834316253662,0,0,0,0.0,0,0,0.0,0.0,45879,0,-1,3390,-0.023663021624088287,0.05298498645424843,-2.354546670401626e-25,0.017990944907069206,905,1212,321,32766,2448,3.4416422843933105
2026-04-07T09:58:57.014,radio://0/80/2M,mission,1,2,Scan,0.49845024943351746,0,0,0,0.0,0,0,0.0,0.0,45879,0,-1,3390,-0.023663021624088287,0.05298498645424843,-2.354546670401626e-25,0.017990944907069206,905,1212,321,32766,2448,3.4416422843933105
2026-04-07T09:58:57.018,radio://0/80/2M,flow,1,2,Scan,0.49845024943351746,0,0,0,0.0,0,0,0.0,0.0,46129,0,-1,3390,-0.0358516201376915,0.041045866906642914,-3.157606981879391e-29,0.009168615564703941,905,1212,321,32766,2448,3.4416422843933105
2026-04-07T09:58:57.019,radio://0/80/2M,range,1,2,Scan,0.49845024943351746,0,0,0,0.0,0,0,0.0,0.0,46129,0,-1,3390,-0.0358516201376915,0.041045866906642914,-3.157606981879391e-29,0.009168615564703941,992,1202,416,32766,2447,3.4416422843933105
2026-04-07T09:58:57.264,radio://0/80/2M,mission,1,2,Scan,0.5009239912033081,0,0,0,0.0,0,0,0.0,0.0,46129,0,-1,3390,-0.0358516201376915,0.041045866906642914,-3.157606981879391e-29,0.009168615564703941,992,1202,416,32766,2447,3.4416422843933105
2026-04-07T09:58:57.266,radio://0/80/2M,flow,1,2,Scan,0.5009239912033081,0,0,0,0.0,0,0,0.0,0.0,46379,0,0,3390,-0.02278752624988556,0.058928657323122025,-4.2345659519136685e-33,0.0008500495459884405,992,1202,416,32766,2447,3.4416422843933105
2026-04-07T09:58:57.268,radio://0/80/2M,range,1,2,Scan,0.5009239912033081,0,0,0,0.0,0,0,0.0,0.0,46379,0,0,3390,-0.02278752624988556,0.058928657323122025,-4.2345659519136685e-33,0.0008500495459884405,1146,1270,493,32766,2442,3.4416422843933105
2026-04-07T09:58:57.516,radio://0/80/2M,mission,1,2,Scan,0.5018841028213501,0,0,0,0.0,0,0,0.0,0.0,46379,0,0,3390,-0.02278752624988556,0.058928657323122025,-4.2345659519136685e-33,0.0008500495459884405,1146,1270,493,32766,2442,3.4416422843933105
2026-04-07T09:58:57.517,radio://0/80/2M,flow,1,2,Scan,0.5018841028213501,0,0,0,0.0,0,0,0.0,0.0,46629,0,0,3390,-0.007119919639080763,0.04140800982713699,-5.678842517260112e-37,1.5422946830767614e-07,1146,1270,493,32766,2442,3.4416422843933105
2026-04-07T09:58:57.518,radio://0/80/2M,range,1,2,Scan,0.5018841028213501,0,0,0,0.0,0,0,0.0,0.0,46629,0,0,3390,-0.007119919639080763,0.04140800982713699,-5.678842517260112e-37,1.5422946830767614e-07,1337,1519,712,595,2441,3.436363697052002
2026-04-07T09:58:57.764,radio://0/80/2M,mission,1,2,Scan,0.49736523628234863,0,0,0,0.0,0,0,0.0,0.0,46629,0,0,3390,-0.007119919639080763,0.04140800982713699,-5.678842517260112e-37,1.5422946830767614e-07,1337,1519,712,595,2441,3.436363697052002
2026-04-07T09:58:57.766,radio://0/80/2M,flow,1,2,Scan,0.49736523628234863,0,0,0,0.0,0,0,0.0,0.0,46879,0,-5,3390,0.029483631253242493,0.06047455593943596,-7.615776893912516e-41,2.0683225965267837e-11,1337,1519,712,595,2441,3.436363697052002
2026-04-07T09:58:57.767,radio://0/80/2M,range,1,2,Scan,0.49736523628234863,0,0,0,0.0,0,0,0.0,0.0,46879,0,-5,3390,0.029483631253242493,0.06047455593943596,-7.615776893912516e-41,2.0683225965267837e-11,32766,2092,730,32766,2448,3.4310851097106934
2026-04-07T09:58:58.013,radio://0/80/2M,mission,1,2,Scan,0.49488091468811035,0,0,0,0.0,0,0,0.0,0.0,46879,0,-5,3390,0.029483631253242493,0.06047455593943596,-7.615776893912516e-41,2.0683225965267837e-11,32766,2092,730,32766,2448,3.4310851097106934
2026-04-07T09:58:58.016,radio://0/80/2M,flow,1,2,Scan,0.49488091468811035,0,0,0,0.0,0,0,0.0,0.0,47129,0,-5,3390,-0.05599780008196831,0.013864347711205482,0.002735287183895707,2.773761004681765e-15,32766,2092,730,32766,2448,3.4310851097106934
2026-04-07T09:58:58.017,radio://0/80/2M,range,1,2,Scan,0.49488091468811035,0,0,0,0.0,0,0,0.0,0.0,47129,0,-5,3390,-0.05599780008196831,0.013864347711205482,0.002735287183895707,2.773761004681765e-15,32766,2060,656,469,2448,3.4258065223693848
2026-04-07T09:58:58.265,radio://0/80/2M,mission,1,2,Scan,0.49034956097602844,0,0,0,0.0,0,0,0.0,0.0,47129,0,-5,3390,-0.05599780008196831,0.013864347711205482,0.002735287183895707,2.773761004681765e-15,32766,2060,656,469,2448,3.4258065223693848
2026-04-07T09:58:58.266,radio://0/80/2M,flow,1,2,Scan,0.49034956097602844,0,0,0,0.0,0,0,0.0,0.0,47379,-1,0,3390,-0.07277131825685501,-0.016057055443525314,0.002739446237683296,3.719801487847702e-19,32766,2060,656,469,2448,3.4258065223693848
2026-04-07T09:58:58.267,radio://0/80/2M,range,1,2,Scan,0.49034956097602844,0,0,0,0.0,0,0,0.0,0.0,47379,-1,0,3390,-0.07277131825685501,-0.016057055443525314,0.002739446237683296,3.719801487847702e-19,32766,2014,635,486,2454,3.4310851097106934
2026-04-07T09:58:58.513,radio://0/80/2M,mission,1,2,Scan,0.4901537001132965,0,0,0,0.0,0,0,0.0,0.0,47379,-1,0,3390,-0.07277131825685501,-0.016057055443525314,0.002739446237683296,3.719801487847702e-19,32766,2014,635,486,2454,3.4310851097106934
2026-04-07T09:58:58.515,radio://0/80/2M,flow,1,2,Scan,0.4901537001132965,0,0,0,0.0,0,0,0.0,0.0,47629,-2,242,3390,-0.030231479555368423,-0.015227501280605793,4.8322381189791486e-06,4.988507084571629e-23,32766,2014,635,486,2454,3.4310851097106934
2026-04-07T09:58:58.516,radio://0/80/2M,range,1,2,Scan,0.4901537001132965,0,0,0,0.0,0,0,0.0,0.0,47629,-2,242,3390,-0.030231479555368423,-0.015227501280605793,4.8322381189791486e-06,4.988507084571629e-23,32766,2033,657,516,2447,3.4258065223693848
2026-04-07T09:58:58.764,radio://0/80/2M,mission,1,2,Scan,0.49545353651046753,0,0,0,0.0,0,0,0.0,0.0,47629,-2,242,3390,-0.030231479555368423,-0.015227501280605793,4.8322381189791486e-06,4.988507084571629e-23,32766,2033,657,516,2447,3.4258065223693848
2026-04-07T09:58:58.766,radio://0/80/2M,flow,1,2,Scan,0.49545353651046753,0,0,0,0.0,0,0,0.0,0.0,47879,-5,0,3390,-0.00447702594101429,0.02378949709236622,6.480359582283768e-10,6.689927973378991e-27,32766,2033,657,516,2447,3.4258065223693848
2026-04-07T09:58:58.767,radio://0/80/2M,range,1,2,Scan,0.49545353651046753,0,0,0,0.0,0,0,0.0,0.0,47879,-5,0,3390,-0.00447702594101429,0.02378949709236622,6.480359582283768e-10,6.689927973378991e-27,32766,2093,666,571,2442,3.4310851097106934
2026-04-07T09:58:59.013,radio://0/80/2M,mission,1,2,Scan,0.4985818564891815,0,0,0,0.0,0,0,0.0,0.0,47879,-5,0,3390,-0.00447702594101429,0.02378949709236622,6.480359582283768e-10,6.689927973378991e-27,32766,2093,666,571,2442,3.4310851097106934
2026-04-07T09:58:59.014,radio://0/80/2M,flow,1,2,Scan,0.4985818564891815,0,0,0,0.0,0,0,0.0,0.0,48129,0,-1,3601,-0.023052167147397995,0.06690653413534164,8.690602084542379e-14,8.971650302142492e-31,32766,2093,666,571,2442,3.4310851097106934
2026-04-07T09:58:59.016,radio://0/80/2M,range,1,2,Scan,0.4985818564891815,0,0,0,0.0,0,0,0.0,0.0,48129,0,-1,3601,-0.023052167147397995,0.06690653413534164,8.690602084542379e-14,8.971650302142492e-31,32766,32766,688,624,2443,3.420527935028076
2026-04-07T09:58:59.264,radio://0/80/2M,mission,1,2,Scan,0.49230077862739563,0,0,0,0.0,0,0,0.0,0.0,48129,0,-1,3601,-0.023052167147397995,0.06690653413534164,8.690602084542379e-14,8.971650302142492e-31,32766,32766,688,624,2443,3.420527935028076
2026-04-07T09:58:59.265,radio://0/80/2M,flow,1,2,Scan,0.49230077862739563,0,0,0,0.0,0,0,0.0,0.0,48379,-3,-2,4065,-0.013014831580221653,0.09516127407550812,1.1654688626380217e-17,1.2031593348624016e-34,32766,32766,688,624,2443,3.420527935028076
2026-04-07T09:58:59.266,radio://0/80/2M,range,1,2,Scan,0.49230077862739563,0,0,0,0.0,0,0,0.0,0.0,48379,-3,-2,4065,-0.013014831580221653,0.09516127407550812,1.1654688626380217e-17,1.2031593348624016e-34,32766,32766,707,718,2447,3.420527935028076
2026-04-07T09:58:59.513,radio://0/80/2M,mission,1,2,Scan,0.494146466255188,0,0,0,0.0,0,0,0.0,0.0,48379,-3,-2,4065,-0.013014831580221653,0.09516127407550812,1.1654688626380217e-17,1.2031593348624016e-34,32766,32766,707,718,2447,3.420527935028076
2026-04-07T09:58:59.515,radio://0/80/2M,flow,1,2,Scan,0.494146466255188,0,0,0,0.0,0,0,0.0,0.0,48629,2,-8,5178,0.013922598212957382,0.03472014144062996,1.5629732164709136e-21,1.6135183905141819e-38,32766,32766,707,718,2447,3.420527935028076
2026-04-07T09:58:59.516,radio://0/80/2M,range,1,2,Scan,0.494146466255188,0,0,0,0.0,0,0,0.0,0.0,48629,2,-8,5178,0.013922598212957382,0.03472014144062996,1.5629732164709136e-21,1.6135183905141819e-38,1162,32766,838,853,2455,3.4152493476867676
2026-04-07T09:58:59.763,radio://0/80/2M,mission,1,2,Scan,0.49753275513648987,0,0,0,0.0,0,0,0.0,0.0,48629,2,-8,5178,0.013922598212957382,0.03472014144062996,1.5629732164709136e-21,1.6135183905141819e-38,1162,32766,838,853,2455,3.4152493476867676
2026-04-07T09:58:59.764,radio://0/80/2M,flow,1,2,Scan,0.49753275513648987,0,0,0,0.0,0,0,0.0,0.0,48879,3,-8,6209,0.009720517322421074,0.012489022687077522,2.0960534685359033e-25,2.1636048289175176e-42,1162,32766,838,853,2455,3.4152493476867676
2026-04-07T09:58:59.766,radio://0/80/2M,range,1,2,Scan,0.49753275513648987,0,0,0,0.0,0,0,0.0,0.0,48879,3,-8,6209,0.009720517322421074,0.012489022687077522,2.0960534685359033e-25,2.1636048289175176e-42,987,32766,986,774,2448,3.420527935028076
2026-04-07T09:59:00.012,radio://0/80/2M,mission,1,2,Scan,0.49968239665031433,0,0,0,0.0,0,0,0.0,0.0,48879,3,-8,6209,0.009720517322421074,0.012489022687077522,2.0960534685359033e-25,2.1636048289175176e-42,987,32766,986,774,2448,3.420527935028076
2026-04-07T09:59:00.014,radio://0/80/2M,flow,1,2,Scan,0.49968239665031433,0,0,0,0.0,0,0,0.0,0.0,49129,-2,0,6209,-0.02064819447696209,0.009968978352844715,2.810949823392518e-29,1.401298464324817e-45,987,32766,986,774,2448,3.420527935028076
2026-04-07T09:59:00.016,radio://0/80/2M,range,1,2,Scan,0.49968239665031433,0,0,0,0.0,0,0,0.0,0.0,49129,-2,0,6209,-0.02064819447696209,0.009968978352844715,2.810949823392518e-29,1.401298464324817e-45,928,32766,1255,723,2446,3.4152493476867676
2026-04-07T09:59:00.262,radio://0/80/2M,mission,1,2,Scan,0.4989723861217499,0,0,0,0.0,0,0,0.0,0.0,49129,-2,0,6209,-0.02064819447696209,0.009968978352844715,2.810949823392518e-29,1.401298464324817e-45,928,32766,1255,723,2446,3.4152493476867676
2026-04-07T09:59:00.264,radio://0/80/2M,flow,1,2,Scan,0.4989723861217499,0,0,0,0.0,0,0,0.0,0.0,49379,0,0,5117,0.007406860124319792,0.0255664624273777,3.769675568578716e-33,1.401298464324817e-45,928,32766,1255,723,2446,3.4152493476867676
2026-04-07T09:59:00.267,radio://0/80/2M,range,1,2,Scan,0.4989723861217499,0,0,0,0.0,0,0,0.0,0.0,49379,0,0,5117,0.007406860124319792,0.0255664624273777,3.769675568578716e-33,1.401298464324817e-45,949,32766,32766,712,2444,3.4258065223693848
2026-04-07T09:59:00.512,radio://0/80/2M,mission,1,2,Scan,0.503267765045166,0,0,0,0.0,0,0,0.0,0.0,49379,0,0,5117,0.007406860124319792,0.0255664624273777,3.769675568578716e-33,1.401298464324817e-45,949,32766,32766,712,2444,3.4258065223693848
2026-04-07T09:59:00.513,radio://0/80/2M,flow,1,2,Scan,0.503267765045166,0,0,0,0.0,0,0,0.0,0.0,49629,-9,-1,4499,0.014226419851183891,0.017575478181242943,5.0553907053934805e-37,1.401298464324817e-45,949,32766,32766,712,2444,3.4258065223693848
2026-04-07T09:59:00.515,radio://0/80/2M,range,1,2,Scan,0.503267765045166,0,0,0,0.0,0,0,0.0,0.0,49629,-9,-1,4499,0.014226419851183891,0.017575478181242943,5.0553907053934805e-37,1.401298464324817e-45,1924,32766,32766,725,2440,3.420527935028076
2026-04-07T09:59:00.761,radio://0/80/2M,mission,1,2,Scan,0.5043606162071228,0,0,0,0.0,0,0,0.0,0.0,49629,-9,-1,4499,0.014226419851183891,0.017575478181242943,5.0553907053934805e-37,1.401298464324817e-45,1924,32766,32766,725,2440,3.420527935028076
2026-04-07T09:59:00.764,radio://0/80/2M,flow,1,2,Scan,0.5043606162071228,0,0,0,0.0,0,0,0.0,0.0,49879,-3,1,3955,0.03335980325937271,-0.001946267089806497,6.779481970403465e-41,1.401298464324817e-45,1924,32766,32766,725,2440,3.420527935028076
2026-04-07T09:59:00.766,radio://0/80/2M,range,1,2,Scan,0.5043606162071228,0,0,0,0.0,0,0,0.0,0.0,49879,-3,1,3955,0.03335980325937271,-0.001946267089806497,6.779481970403465e-41,1.401298464324817e-45,1874,940,3095,796,2453,3.420527935028076
2026-04-07T09:59:01.012,radio://0/80/2M,mission,1,2,Scan,0.4974493086338043,0,0,0,0.0,0,0,0.0,0.0,49879,-3,1,3955,0.03335980325937271,-0.001946267089806497,6.779481970403465e-41,1.401298464324817e-45,1874,940,3095,796,2453,3.420527935028076
2026-04-07T09:59:01.013,radio://0/80/2M,flow,1,2,Scan,0.4974493086338043,0,0,0,0.0,0,0,0.0,0.0,50129,4,-5,3708,-0.08941924571990967,-0.05561089143157005,8.407790785948902e-45,1.401298464324817e-45,1874,940,3095,796,2453,3.420527935028076
2026-04-07T09:59:01.014,radio://0/80/2M,range,1,2,Scan,0.4974493086338043,0,0,0,0.0,0,0,0.0,0.0,50129,4,-5,3708,-0.08941924571990967,-0.05561089143157005,8.407790785948902e-45,1.401298464324817e-45,1809,989,32766,892,2455,3.4046921730041504
2026-04-07T09:59:01.261,radio://0/80/2M,mission,1,2,Scan,0.4971967339515686,0,0,0,0.0,0,0,0.0,0.0,50129,4,-5,3708,-0.08941924571990967,-0.05561089143157005,8.407790785948902e-45,1.401298464324817e-45,1809,989,32766,892,2455,3.4046921730041504
2026-04-07T09:59:01.263,radio://0/80/2M,flow,1,2,Scan,0.4971967339515686,0,0,0,0.0,0,0,0.0,0.0,50379,0,0,3708,-0.08191376179456711,-0.12218383699655533,1.401298464324817e-45,1.401298464324817e-45,1809,989,32766,892,2455,3.4046921730041504
2026-04-07T09:59:01.264,radio://0/80/2M,range,1,2,Scan,0.4971967339515686,0,0,0,0.0,0,0,0.0,0.0,50379,0,0,3708,-0.08191376179456711,-0.12218383699655533,1.401298464324817e-45,1.401298464324817e-45,1728,1029,32766,1056,2445,3.4152493476867676
2026-04-07T09:59:01.511,radio://0/80/2M,mission,1,2,Scan,0.5048857927322388,0,0,0,0.0,0,0,0.0,0.0,50379,0,0,3708,-0.08191376179456711,-0.12218383699655533,1.401298464324817e-45,1.401298464324817e-45,1728,1029,32766,1056,2445,3.4152493476867676
2026-04-07T09:59:01.513,radio://0/80/2M,flow,1,2,Scan,0.5048857927322388,0,0,0,0.0,0,0,0.0,0.0,50629,0,-1,3708,-0.06991879642009735,-0.12190236896276474,1.401298464324817e-45,1.401298464324817e-45,1728,1029,32766,1056,2445,3.4152493476867676
2026-04-07T09:59:01.514,radio://0/80/2M,range,1,2,Scan,0.5048857927322388,0,0,0,0.0,0,0,0.0,0.0,50629,0,-1,3708,-0.06991879642009735,-0.12190236896276474,1.401298464324817e-45,1.401298464324817e-45,1738,1105,32766,1176,2439,3.4152493476867676
2026-04-07T09:59:01.761,radio://0/80/2M,mission,1,2,Scan,0.503747820854187,0,0,0,0.0,0,0,0.0,0.0,50629,0,-1,3708,-0.06991879642009735,-0.12190236896276474,1.401298464324817e-45,1.401298464324817e-45,1738,1105,32766,1176,2439,3.4152493476867676
2026-04-07T09:59:01.763,radio://0/80/2M,flow,1,2,Scan,0.503747820854187,0,0,0,0.0,0,0,0.0,0.0,50879,255,0,3708,-0.05849646404385567,-0.06080784648656845,1.401298464324817e-45,1.401298464324817e-45,1738,1105,32766,1176,2439,3.4152493476867676
2026-04-07T09:59:01.764,radio://0/80/2M,range,1,2,Scan,0.503747820854187,0,0,0,0.0,0,0,0.0,0.0,50879,255,0,3708,-0.05849646404385567,-0.06080784648656845,1.401298464324817e-45,1.401298464324817e-45,32766,1182,518,1436,2459,3.409970760345459
2026-04-07T09:59:02.011,radio://0/80/2M,mission,1,2,Scan,0.49947473406791687,0,0,0,0.0,0,0,0.0,0.0,50879,255,0,3708,-0.05849646404385567,-0.06080784648656845,1.401298464324817e-45,1.401298464324817e-45,32766,1182,518,1436,2459,3.409970760345459
2026-04-07T09:59:02.014,radio://0/80/2M,flow,1,2,Scan,0.49947473406791687,0,0,0,0.0,0,0,0.0,0.0,51129,0,0,3708,-0.04126871004700661,-0.02833813801407814,1.401298464324817e-45,0.013867921195924282,32766,1182,518,1436,2459,3.409970760345459
2026-04-07T09:59:02.015,radio://0/80/2M,range,1,2,Scan,0.49947473406791687,0,0,0,0.0,0,0,0.0,0.0,51129,0,0,3708,-0.04126871004700661,-0.02833813801407814,1.401298464324817e-45,0.013867921195924282,32766,1373,353,1571,2456,3.394134998321533
2026-04-07T09:59:02.260,radio://0/80/2M,mission,1,2,Scan,0.5018509030342102,0,0,0,0.0,0,0,0.0,0.0,51129,0,0,3708,-0.04126871004700661,-0.02833813801407814,1.401298464324817e-45,0.013867921195924282,32766,1373,353,1571,2456,3.394134998321533
2026-04-07T09:59:02.262,radio://0/80/2M,flow,1,2,Scan,0.5018509030342102,0,0,0,0.0,0,0,0.0,0.0,51379,-256,-1,3708,0.052373405545949936,0.04445323348045349,1.401298464324817e-45,0.017061861231923103,32766,1373,353,1571,2456,3.394134998321533
2026-04-07T09:59:02.263,radio://0/80/2M,range,1,2,Scan,0.5018509030342102,0,0,0,0.0,0,0,0.0,0.0,51379,-256,-1,3708,0.052373405545949936,0.04445323348045349,1.401298464324817e-45,0.017061861231923103,32766,1436,329,32766,32766,3.409970760345459
2026-04-07T09:59:02.510,radio://0/80/2M,mission,1,2,Scan,0.500329852104187,0,0,0,0.0,0,0,0.0,0.0,51379,-256,-1,3708,0.052373405545949936,0.04445323348045349,1.401298464324817e-45,0.017061861231923103,32766,1436,329,32766,32766,3.409970760345459
2026-04-07T09:59:02.513,radio://0/80/2M,flow,1,2,Scan,0.500329852104187,0,0,0,0.0,0,0,0.0,0.0,51629,2,0,3708,0.03486217185854912,-0.04261333867907524,1.401298464324817e-45,0.010616172105073929,32766,1436,329,32766,32766,3.409970760345459
2026-04-07T09:59:02.514,radio://0/80/2M,range,1,2,Scan,0.500329852104187,0,0,0,0.0,0,0,0.0,0.0,51629,2,0,3708,0.03486217185854912,-0.04261333867907524,1.401298464324817e-45,0.010616172105073929,32766,1334,406,32766,32766,3.399413585662842
2026-04-07T09:59:02.760,radio://0/80/2M,mission,1,5,Transition,0.5020439624786377,0,0,0,0.0,0,0,0.0,0.0,51629,2,0,3708,0.03486217185854912,-0.04261333867907524,1.401298464324817e-45,0.010616172105073929,32766,1334,406,32766,32766,3.399413585662842
2026-04-07T09:59:02.761,radio://0/80/2M,flow,1,5,Transition,0.5020439624786377,0,0,0,0.0,0,0,0.0,0.0,51879,0,0,3708,0.028154540807008743,-0.008494988083839417,1.401298464324817e-45,2.437564035062678e-05,32766,1334,406,32766,32766,3.399413585662842
2026-04-07T09:59:02.764,radio://0/80/2M,range,1,5,Transition,0.5020439624786377,0,0,0,0.0,0,0,0.0,0.0,51879,0,0,3708,0.028154540807008743,-0.008494988083839417,1.401298464324817e-45,2.437564035062678e-05,32766,1262,593,32766,2473,3.409970760345459
2026-04-07T09:59:03.010,radio://0/80/2M,mission,1,0,Reacquire Wall,0.5012007355690002,0,0,0,0.0,0,0,0.0,0.0,51879,0,0,3708,0.028154540807008743,-0.008494988083839417,1.401298464324817e-45,2.437564035062678e-05,32766,1262,593,32766,2473,3.409970760345459
2026-04-07T09:59:03.012,radio://0/80/2M,flow,1,0,Reacquire Wall,0.5012007355690002,0,0,0,0.0,0,0,0.0,0.0,52129,1,-1,3708,0.03332187607884407,-0.03804284334182739,0.16638599336147308,3.268940007572496e-09,32766,1262,593,32766,2473,3.409970760345459
2026-04-07T09:59:03.013,radio://0/80/2M,range,1,0,Reacquire Wall,0.5012007355690002,0,0,0,0.0,0,0,0.0,0.0,52129,1,-1,3708,0.03332187607884407,-0.03804284334182739,0.16638599336147308,3.268940007572496e-09,1018,1252,850,32766,32766,3.4046921730041504
2026-04-07T09:59:03.260,radio://0/80/2M,mission,1,0,Reacquire Wall,0.49478498101234436,0,0,0,0.0,0,0,0.0,0.0,52129,1,-1,3708,0.03332187607884407,-0.03804284334182739,0.16638599336147308,3.268940007572496e-09,1018,1252,850,32766,32766,3.4046921730041504
2026-04-07T09:59:03.261,radio://0/80/2M,flow,1,0,Reacquire Wall,0.49478498101234436,0,0,0,0.0,0,0,0.0,0.0,52379,255,-4,3708,0.07969165593385696,-0.07873593270778656,0.1999955028295517,4.3838720088958116e-13,1018,1252,850,32766,32766,3.4046921730041504
2026-04-07T09:59:03.262,radio://0/80/2M,range,1,0,Reacquire Wall,0.49478498101234436,0,0,0,0.0,0,0,0.0,0.0,52379,255,-4,3708,0.07969165593385696,-0.07873593270778656,0.1999955028295517,4.3838720088958116e-13,32766,1269,864,32766,32766,3.399413585662842
2026-04-07T09:59:03.510,radio://0/80/2M,mission,1,0,Reacquire Wall,0.4940721392631531,0,0,0,0.0,0,0,0.0,0.0,52379,255,-4,3708,0.07969165593385696,-0.07873593270778656,0.1999955028295517,4.3838720088958116e-13,32766,1269,864,32766,32766,3.399413585662842
2026-04-07T09:59:03.512,radio://0/80/2M,flow,1,0,Reacquire Wall,0.4940721392631531,0,0,0,0.0,0,0,0.0,0.0,52630,-1,-4,3708,0.183545783162117,-0.1639529913663864,0.19999998807907104,5.879071721923867e-17,32766,1269,864,32766,32766,3.399413585662842
2026-04-07T09:59:03.513,radio://0/80/2M,range,1,0,Reacquire Wall,0.4940721392631531,0,0,0,0.0,0,0,0.0,0.0,52630,-1,-4,3708,0.183545783162117,-0.1639529913663864,0.19999998807907104,5.879071721923867e-17,32766,1289,1143,32766,32766,3.399413585662842
2026-04-07T09:59:03.760,radio://0/80/2M,mission,1,0,Reacquire Wall,0.4921554625034332,0,0,0,0.0,0,0,0.0,0.0,52630,-1,-4,3708,0.183545783162117,-0.1639529913663864,0.19999998807907104,5.879071721923867e-17,32766,1289,1143,32766,32766,3.399413585662842
2026-04-07T09:59:03.761,radio://0/80/2M,flow,1,0,Reacquire Wall,0.4921554625034332,0,0,0,0.0,0,0,0.0,0.0,52879,4,-9,3708,0.18473049998283386,-0.1621798425912857,0.19999998807907104,7.884234850045104e-21,32766,1289,1143,32766,32766,3.399413585662842
2026-04-07T09:59:03.762,radio://0/80/2M,range,1,0,Reacquire Wall,0.4921554625034332,0,0,0,0.0,0,0,0.0,0.0,52879,4,-9,3708,0.18473049998283386,-0.1621798425912857,0.19999998807907104,7.884234850045104e-21,852,1297,1454,32766,2468,3.4046921730041504
2026-04-07T09:59:04.009,radio://0/80/2M,mission,1,0,Reacquire Wall,0.49438509345054626,0,0,0,0.0,0,0,0.0,0.0,52879,4,-9,3708,0.18473049998283386,-0.1621798425912857,0.19999998807907104,7.884234850045104e-21,852,1297,1454,32766,2468,3.4046921730041504
2026-04-07T09:59:04.011,radio://0/80/2M,flow,1,0,Reacquire Wall,0.49438509345054626,0,0,0,0.0,0,0,0.0,0.0,53129,1,0,3708,0.17113955318927765,-0.11770383268594742,0.19999998807907104,1.0573294997522869e-24,852,1297,1454,32766,2468,3.4046921730041504
2026-04-07T09:59:04.013,radio://0/80/2M,range,1,0,Reacquire Wall,0.49438509345054626,0,0,0,0.0,0,0,0.0,0.0,53129,1,0,3708,0.17113955318927765,-0.11770383268594742,0.19999998807907104,1.0573294997522869e-24,782,1310,1418,32766,32766,3.399413585662842
2026-04-07T09:59:04.259,radio://0/80/2M,mission,1,0,Reacquire Wall,0.49818140268325806,0,0,0,0.0,0,0,0.0,0.0,53129,1,0,3708,0.17113955318927765,-0.11770383268594742,0.19999998807907104,1.0573294997522869e-24,782,1310,1418,32766,32766,3.399413585662842
2026-04-07T09:59:04.261,radio://0/80/2M,flow,1,0,Reacquire Wall,0.49818140268325806,0,0,0,0.0,0,0,0.0,0.0,53379,-4,0,3708,0.17196622490882874,-0.0878080204129219,0.19999998807907104,1.4179506344861688e-28,782,1310,1418,32766,32766,3.399413585662842
2026-04-07T09:59:04.262,radio://0/80/2M,range,1,0,Reacquire Wall,0.49818140268325806,0,0,0,0.0,0,0,0.0,0.0,53379,-4,0,3708,0.17196622490882874,-0.0878080204129219,0.19999998807907104,1.4179506344861688e-28,708,1317,1401,32766,2456,3.4046921730041504
2026-04-07T09:59:04.509,radio://0/80/2M,mission,1,0,Reacquire Wall,0.5038631558418274,0,0,0,0.0,0,0,0.0,0.0,53379,-4,0,3708,0.17196622490882874,-0.0878080204129219,0.19999998807907104,1.4179506344861688e-28,708,1317,1401,32766,2456,3.4046921730041504
2026-04-07T09:59:04.510,radio://0/80/2M,flow,1,0,Reacquire Wall,0.5038631558418274,0,0,0,0.0,0,0,0.0,0.0,53629,0,0,3939,0.14039675891399384,-0.06451313197612762,0.0,0.0,708,1317,1401,32766,2456,3.4046921730041504
2026-04-07T09:59:04.512,radio://0/80/2M,range,1,0,Reacquire Wall,0.5038631558418274,0,0,0,0.0,0,0,0.0,0.0,53629,0,0,3939,0.14039675891399384,-0.06451313197612762,0.0,0.0,659,1324,1389,32766,2446,3.399413585662842
2026-04-07T09:59:04.759,radio://0/80/2M,mission,1,0,Reacquire Wall,0.5081634521484375,0,0,0,0.0,0,0,0.0,0.0,53629,0,0,3939,0.14039675891399384,-0.06451313197612762,0.0,0.0,659,1324,1389,32766,2446,3.399413585662842
2026-04-07T09:59:04.760,radio://0/80/2M,flow,1,0,Reacquire Wall,0.5081634521484375,0,0,0,0.0,0,0,0.0,0.0,53879,0,0,4185,0.026098329573869705,-0.001986713381484151,0.0,0.0,659,1324,1389,32766,2446,3.399413585662842
2026-04-07T09:59:04.762,radio://0/80/2M,range,1,0,Reacquire Wall,0.5081634521484375,0,0,0,0.0,0,0,0.0,0.0,53879,0,0,4185,0.026098329573869705,-0.001986713381484151,0.0,0.0,622,1343,1398,32766,32766,3.409970760345459
2026-04-07T09:59:05.008,radio://0/80/2M,mission,1,0,Reacquire Wall,0.5057282447814941,0,0,0,0.0,0,0,0.0,0.0,53879,0,0,4185,0.026098329573869705,-0.001986713381484151,0.0,0.0,622,1343,1398,32766,32766,3.409970760345459
2026-04-07T09:59:05.011,radio://0/80/2M,flow,1,0,Reacquire Wall,0.5057282447814941,0,0,0,0.0,0,0,0.0,0.0,54129,-2,0,4185,-0.0192489605396986,0.022330407053232193,0.0,0.0,622,1343,1398,32766,32766,3.409970760345459
2026-04-07T09:59:05.013,radio://0/80/2M,range,1,0,Reacquire Wall,0.5057282447814941,0,0,0,0.0,0,0,0.0,0.0,54129,-2,0,4185,-0.0192489605396986,0.022330407053232193,0.0,0.0,627,1368,1455,32766,32766,3.399413585662842
2026-04-07T09:59:05.258,radio://0/80/2M,mission,1,0,Reacquire Wall,0.5044110417366028,0,0,0,0.0,0,0,0.0,0.0,54129,-2,0,4185,-0.0192489605396986,0.022330407053232193,0.0,0.0,627,1368,1455,32766,32766,3.399413585662842
2026-04-07T09:59:05.261,radio://0/80/2M,flow,1,0,Reacquire Wall,0.5044110417366028,0,0,0,0.0,0,0,0.0,0.0,54379,-1,-1,4185,0.03553979843854904,0.024104049429297447,0.0,0.0,627,1368,1455,32766,32766,3.399413585662842
2026-04-07T09:59:05.262,radio://0/80/2M,range,1,0,Reacquire Wall,0.5044110417366028,0,0,0,0.0,0,0,0.0,0.0,54379,-1,-1,4185,0.03553979843854904,0.024104049429297447,0.0,0.0,32766,32766,32766,32766,2463,3.4046921730041504
2026-04-07T09:59:05.507,radio://0/80/2M,mission,1,0,Reacquire Wall,0.5021525621414185,0,0,0,0.0,0,0,0.0,0.0,54379,-1,-1,4185,0.03553979843854904,0.024104049429297447,0.0,0.0,32766,32766,32766,32766,2463,3.4046921730041504
2026-04-07T09:59:05.510,radio://0/80/2M,flow,1,0,Reacquire Wall,0.5021525621414185,0,0,0,0.0,0,0,0.0,0.0,54629,1,0,4185,0.03556445986032486,0.01662255823612213,0.0,0.0,32766,32766,32766,32766,2463,3.4046921730041504
2026-04-07T09:59:05.512,radio://0/80/2M,range,1,0,Reacquire Wall,0.5021525621414185,0,0,0,0.0,0,0,0.0,0.0,54629,1,0,4185,0.03556445986032486,0.01662255823612213,0.0,0.0,32766,896,945,1973,32766,3.399413585662842
2026-04-07T09:59:05.758,radio://0/80/2M,mission,1,0,Reacquire Wall,0.5012717247009277,0,0,0,0.0,0,0,0.0,0.0,54629,1,0,4185,0.03556445986032486,0.01662255823612213,0.0,0.0,32766,896,945,1973,32766,3.399413585662842
2026-04-07T09:59:05.759,radio://0/80/2M,flow,1,0,Reacquire Wall,0.5012717247009277,0,0,0,0.0,0,0,0.0,0.0,54879,0,1,4185,0.00233849068172276,-0.0021515381522476673,0.0,0.0,32766,896,945,1973,32766,3.399413585662842
2026-04-07T09:59:05.761,radio://0/80/2M,range,1,0,Reacquire Wall,0.5012717247009277,0,0,0,0.0,0,0,0.0,0.0,54879,0,1,4185,0.00233849068172276,-0.0021515381522476673,0.0,0.0,32766,863,856,1731,32766,3.409970760345459
2026-04-07T09:59:06.007,radio://0/80/2M,mission,1,0,Reacquire Wall,0.49670225381851196,0,0,0,0.0,0,0,0.0,0.0,54879,0,1,4185,0.00233849068172276,-0.0021515381522476673,0.0,0.0,32766,863,856,1731,32766,3.409970760345459
2026-04-07T09:59:06.010,radio://0/80/2M,flow,1,0,Reacquire Wall,0.49670225381851196,0,0,0,0.0,0,0,0.0,0.0,55130,1,4,4185,0.0008111987845040858,-0.005145211238414049,0.0,0.0,32766,863,856,1731,32766,3.409970760345459
2026-04-07T09:59:06.012,radio://0/80/2M,range,1,0,Reacquire Wall,0.49670225381851196,0,0,0,0.0,0,0,0.0,0.0,55130,1,4,4185,0.0008111987845040858,-0.005145211238414049,0.0,0.0,32766,32766,723,1578,32766,3.399413585662842
2026-04-07T09:59:06.258,radio://0/80/2M,mission,1,0,Reacquire Wall,0.4929143488407135,0,0,0,0.0,0,0,0.0,0.0,55130,1,4,4185,0.0008111987845040858,-0.005145211238414049,0.0,0.0,32766,32766,723,1578,32766,3.399413585662842
2026-04-07T09:59:06.259,radio://0/80/2M,flow,1,0,Reacquire Wall,0.4929143488407135,0,0,0,0.0,0,0,0.0,0.0,55379,0,0,4185,0.023162009194493294,-0.014182043261826038,0.0,0.0,32766,32766,723,1578,32766,3.399413585662842
2026-04-07T09:59:06.260,radio://0/80/2M,range,1,0,Reacquire Wall,0.4929143488407135,0,0,0,0.0,0,0,0.0,0.0,55379,0,0,4185,0.023162009194493294,-0.014182043261826038,0.0,0.0,1434,785,662,1453,32766,3.399413585662842
2026-04-07T09:59:06.507,radio://0/80/2M,mission,1,0,Reacquire Wall,0.4950273633003235,0,0,0,0.0,0,0,0.0,0.0,55379,0,0,4185,0.023162009194493294,-0.014182043261826038,0.0,0.0,1434,785,662,1453,32766,3.399413585662842
2026-04-07T09:59:06.508,radio://0/80/2M,flow,1,0,Reacquire Wall,0.4950273633003235,0,0,0,0.0,0,0,0.0,0.0,55629,5,0,4185,-0.08785514533519745,0.040701016783714294,0.0,0.0,1434,785,662,1453,32766,3.399413585662842
2026-04-07T09:59:06.510,radio://0/80/2M,range,1,0,Reacquire Wall,0.4950273633003235,0,0,0,0.0,0,0,0.0,0.0,55629,5,0,4185,-0.08785514533519745,0.040701016783714294,0.0,0.0,1403,790,582,1439,2465,3.394134998321533
2026-04-07T09:59:06.757,radio://0/80/2M,mission,1,0,Reacquire Wall,0.49734431505203247,0,0,0,0.0,0,0,0.0,0.0,55629,5,0,4185,-0.08785514533519745,0.040701016783714294,0.0,0.0,1403,790,582,1439,2465,3.394134998321533
2026-04-07T09:59:06.758,radio://0/80/2M,flow,1,0,Reacquire Wall,0.49734431505203247,0,0,0,0.0,0,0,0.0,0.0,55879,2,1,4185,-0.09140121936798096,0.07968887686729431,0.0,0.0,1403,790,582,1439,2465,3.394134998321533
2026-04-07T09:59:06.760,radio://0/80/2M,range,1,0,Reacquire Wall,0.49734431505203247,0,0,0,0.0,0,0,0.0,0.0,55879,2,1,4185,-0.09140121936798096,0.07968887686729431,0.0,0.0,1370,824,526,1397,2467,3.409970760345459
2026-04-07T09:59:07.007,radio://0/80/2M,mission,1,0,Reacquire Wall,0.5058649778366089,0,0,0,0.0,0,0,0.0,0.0,55879,2,1,4185,-0.09140121936798096,0.07968887686729431,0.0,0.0,1370,824,526,1397,2467,3.409970760345459
2026-04-07T09:59:07.009,radio://0/80/2M,flow,1,0,Reacquire Wall,0.5058649778366089,0,0,0,0.0,0,0,0.0,0.0,56129,0,0,4185,-0.05368131399154663,0.06290879100561142,0.0,0.0008294403669424355,1370,824,526,1397,2467,3.409970760345459
2026-04-07T09:59:07.010,radio://0/80/2M,range,1,0,Reacquire Wall,0.5058649778366089,0,0,0,0.0,0,0,0.0,0.0,56129,0,0,4185,-0.05368131399154663,0.06290879100561142,0.0,0.0008294403669424355,1343,855,452,1365,32766,3.420527935028076
2026-04-07T09:59:07.257,radio://0/80/2M,mission,1,0,Reacquire Wall,0.5142128467559814,0,0,0,0.0,0,0,0.0,0.0,56129,0,0,4185,-0.05368131399154663,0.06290879100561142,0.0,0.0008294403669424355,1343,855,452,1365,32766,3.420527935028076
2026-04-07T09:59:07.258,radio://0/80/2M,flow,1,0,Reacquire Wall,0.5142128467559814,0,0,0,0.0,0,0,0.0,0.0,56379,0,3,4185,0.02853413298726082,-0.0013436152366921306,0.0,0.0007289996137842536,1343,855,452,1365,32766,3.420527935028076
2026-04-07T09:59:07.260,radio://0/80/2M,range,1,0,Reacquire Wall,0.5142128467559814,0,0,0,0.0,0,0,0.0,0.0,56379,0,3,4185,0.02853413298726082,-0.0013436152366921306,0.0,0.0007289996137842536,1337,824,455,1320,32766,3.420527935028076
2026-04-07T09:59:07.507,radio://0/80/2M,mission,1,0,Reacquire Wall,0.5099413990974426,0,0,0,0.0,0,0,0.0,0.0,56379,0,3,4185,0.02853413298726082,-0.0013436152366921306,0.0,0.0007289996137842536,1337,824,455,1320,32766,3.420527935028076
2026-04-07T09:59:07.509,radio://0/80/2M,flow,1,0,Reacquire Wall,0.5099413990974426,0,0,0,0.0,0,0,0.0,0.0,56629,9,-4,4185,0.029409131035208702,-0.022727612406015396,0.0,0.0,1337,824,455,1320,32766,3.420527935028076
2026-04-07T09:59:07.510,radio://0/80/2M,range,1,0,Reacquire Wall,0.5099413990974426,0,0,0,0.0,0,0,0.0,0.0,56629,9,-4,4185,0.029409131035208702,-0.022727612406015396,0.0,0.0,1350,858,32766,1324,32766,3.4046921730041504
2026-04-07T09:59:07.759,radio://0/80/2M,mission,1,0,Reacquire Wall,0.5003007650375366,0,0,0,0.0,0,0,0.0,0.0,56629,9,-4,4185,0.029409131035208702,-0.022727612406015396,0.0,0.0,1350,858,32766,1324,32766,3.4046921730041504
2026-04-07T09:59:07.760,radio://0/80/2M,flow,1,0,Reacquire Wall,0.5003007650375366,0,0,0,0.0,0,0,0.0,0.0,56879,4,0,4185,-0.09039127081632614,0.040462881326675415,0.0,0.0,1350,858,32766,1324,32766,3.4046921730041504
2026-04-07T09:59:07.761,radio://0/80/2M,range,1,0,Reacquire Wall,0.5003007650375366,0,0,0,0.0,0,0,0.0,0.0,56879,4,0,4185,-0.09039127081632614,0.040462881326675415,0.0,0.0,32766,905,32766,1366,2388,3.399413585662842
2026-04-07T09:59:08.006,radio://0/80/2M,mission,1,0,Reacquire Wall,0.5000994205474854,0,0,0,0.0,0,0,0.0,0.0,56879,4,0,4185,-0.09039127081632614,0.040462881326675415,0.0,0.0,32766,905,32766,1366,2388,3.399413585662842
2026-04-07T09:59:08.008,radio://0/80/2M,flow,1,0,Reacquire Wall,0.5000994205474854,0,0,0,0.0,0,0,0.0,0.0,57129,-3,-4,3924,-0.010721633210778236,0.04393075406551361,0.0,0.0,32766,905,32766,1366,2388,3.399413585662842
2026-04-07T09:59:08.009,radio://0/80/2M,range,1,0,Reacquire Wall,0.5000994205474854,0,0,0,0.0,0,0,0.0,0.0,57129,-3,-4,3924,-0.010721633210778236,0.04393075406551361,0.0,0.0,616,32766,32766,1457,32766,3.409970760345459
2026-04-07T09:59:08.256,radio://0/80/2M,mission,1,0,Reacquire Wall,0.49909332394599915,0,0,0,0.0,0,0,0.0,0.0,57129,-3,-4,3924,-0.010721633210778236,0.04393075406551361,0.0,0.0,616,32766,32766,1457,32766,3.409970760345459
2026-04-07T09:59:08.257,radio://0/80/2M,flow,1,0,Reacquire Wall,0.49909332394599915,0,0,0,0.0,0,0,0.0,0.0,57379,0,-4,3924,-0.013564369641244411,0.10137959569692612,-0.009920161217451096,0.0,616,32766,32766,1457,32766,3.409970760345459
2026-04-07T09:59:08.259,radio://0/80/2M,range,1,0,Reacquire Wall,0.49909332394599915,0,0,0,0.0,0,0,0.0,0.0,57379,0,-4,3924,-0.013564369641244411,0.10137959569692612,-0.009920161217451096,0.0,334,32766,32766,1540,32766,3.409970760345459
2026-04-07T09:59:08.506,radio://0/80/2M,mission,1,0,Reacquire Wall,0.49785542488098145,0,0,0,0.0,0,0,0.0,0.0,57379,0,-4,3924,-0.013564369641244411,0.10137959569692612,-0.009920161217451096,0.0,334,32766,32766,1540,32766,3.409970760345459
2026-04-07T09:59:08.507,radio://0/80/2M,flow,1,0,Reacquire Wall,0.49785542488098145,0,0,0,0.0,0,0,0.0,0.0,57629,4,-256,3924,-0.034730397164821625,0.06606787443161011,-0.026438763365149498,0.0,334,32766,32766,1540,32766,3.409970760345459
2026-04-07T09:59:08.508,radio://0/80/2M,range,1,0,Reacquire Wall,0.49785542488098145,0,0,0,0.0,0,0,0.0,0.0,57629,4,-256,3924,-0.034730397164821625,0.06606787443161011,-0.026438763365149498,0.0,229,32766,1735,1481,32766,3.4046921730041504
2026-04-07T09:59:08.757,radio://0/80/2M,mission,1,0,Reacquire Wall,0.501010000705719,0,0,0,0.0,0,0,0.0,0.0,57629,4,-256,3924,-0.034730397164821625,0.06606787443161011,-0.026438763365149498,0.0,229,32766,1735,1481,32766,3.4046921730041504
2026-04-07T09:59:08.758,radio://0/80/2M,flow,1,0,Reacquire Wall,0.501010000705719,0,0,0,0.0,0,0,0.0,0.0,57879,1,0,3924,-0.03335004672408104,0.02616083435714245,-0.04260095953941345,0.0,229,32766,1735,1481,32766,3.4046921730041504
2026-04-07T09:59:08.759,radio://0/80/2M,range,1,0,Reacquire Wall,0.501010000705719,0,0,0,0.0,0,0,0.0,0.0,57879,1,0,3924,-0.03335004672408104,0.02616083435714245,-0.04260095953941345,0.0,156,32766,1679,1417,32766,3.4046921730041504
2026-04-07T09:59:09.004,radio://0/80/2M,mission,1,0,Reacquire Wall,0.5012580156326294,0,0,0,0.0,0,0,0.0,0.0,57879,1,0,3924,-0.03335004672408104,0.02616083435714245,-0.04260095953941345,0.0,156,32766,1679,1417,32766,3.4046921730041504
2026-04-07T09:59:09.007,radio://0/80/2M,flow,1,0,Reacquire Wall,0.5012580156326294,0,0,0,0.0,0,0,0.0,0.0,58129,1,1,3679,0.03184262290596962,0.01779308170080185,-0.03992004692554474,0.0,156,32766,1679,1417,32766,3.4046921730041504
2026-04-07T09:59:09.009,radio://0/80/2M,range,1,0,Reacquire Wall,0.5012580156326294,0,0,0,0.0,0,0,0.0,0.0,58129,1,1,3679,0.03184262290596962,0.01779308170080185,-0.03992004692554474,0.0,167,1655,1613,1377,2450,3.394134998321533
2026-04-07T09:59:09.255,radio://0/80/2M,mission,1,0,Reacquire Wall,0.49867644906044006,0,0,0,0.0,0,0,0.0,0.0,58129,1,1,3679,0.03184262290596962,0.01779308170080185,-0.03992004692554474,0.0,167,1655,1613,1377,2450,3.394134998321533
2026-04-07T09:59:09.256,radio://0/80/2M,flow,1,0,Reacquire Wall,0.49867644906044006,0,0,0,0.0,0,0,0.0,0.0,58379,0,0,3679,0.09213610738515854,0.02576272562146187,-0.02250000089406967,0.0,167,1655,1613,1377,2450,3.394134998321533
2026-04-07T09:59:09.258,radio://0/80/2M,range,1,0,Reacquire Wall,0.49867644906044006,0,0,0,0.0,0,0,0.0,0.0,58379,0,0,3679,0.09213610738515854,0.02576272562146187,-0.02250000089406967,0.0,250,1591,1533,1307,2473,3.394134998321533
2026-04-07T09:59:09.504,radio://0/80/2M,mission,1,0,Reacquire Wall,0.5007164478302002,0,0,0,0.0,0,0,0.0,0.0,58379,0,0,3679,0.09213610738515854,0.02576272562146187,-0.02250000089406967,0.0,250,1591,1533,1307,2473,3.394134998321533
2026-04-07T09:59:09.507,radio://0/80/2M,flow,1,0,Reacquire Wall,0.5007164478302002,0,0,0,0.0,0,0,0.0,0.0,58629,-2,0,3679,0.044229283928871155,0.04479612037539482,-0.009101161733269691,0.0,250,1591,1533,1307,2473,3.394134998321533
2026-04-07T09:59:09.508,radio://0/80/2M,range,1,0,Reacquire Wall,0.5007164478302002,0,0,0,0.0,0,0,0.0,0.0,58629,-2,0,3679,0.044229283928871155,0.04479612037539482,-0.009101161733269691,0.0,341,1492,1375,1285,2473,3.3888564109802246
2026-04-07T09:59:09.754,radio://0/80/2M,mission,1,0,Reacquire Wall,0.5056372880935669,0,0,0,0.0,0,0,0.0,0.0,58629,-2,0,3679,0.044229283928871155,0.04479612037539482,-0.009101161733269691,0.0,341,1492,1375,1285,2473,3.3888564109802246
2026-04-07T09:59:09.757,radio://0/80/2M,flow,1,0,Reacquire Wall,0.5056372880935669,0,0,0,0.0,0,0,0.0,0.0,58879,0,0,3679,0.012242287397384644,0.05892189219594002,0.0,0.0,341,1492,1375,1285,2473,3.3888564109802246
2026-04-07T09:59:09.758,radio://0/80/2M,range,1,0,Reacquire Wall,0.5056372880935669,0,0,0,0.0,0,0,0.0,0.0,58879,0,0,3679,0.012242287397384644,0.05892189219594002,0.0,0.0,591,1460,1323,32766,2450,3.399413585662842
2026-04-07T09:59:10.004,radio://0/80/2M,mission,1,0,Reacquire Wall,0.5097135901451111,0,0,0,0.0,0,0,0.0,0.0,58879,0,0,3679,0.012242287397384644,0.05892189219594002,0.0,0.0,591,1460,1323,32766,2450,3.399413585662842
2026-04-07T09:59:10.007,radio://0/80/2M,flow,1,0,Reacquire Wall,0.5097135901451111,0,0,0,0.0,0,0,0.0,0.0,59129,-2,4,3450,-0.019302934408187866,0.026561573147773743,0.0,0.0,591,1460,1323,32766,2450,3.399413585662842
2026-04-07T09:59:10.008,radio://0/80/2M,range,1,0,Reacquire Wall,0.5097135901451111,0,0,0,0.0,0,0,0.0,0.0,59129,-2,4,3450,-0.019302934408187866,0.026561573147773743,0.0,0.0,2804,1464,1268,1250,2430,3.3888564109802246
2026-04-07T09:59:10.254,radio://0/80/2M,mission,1,0,Reacquire Wall,0.5030261874198914,0,0,0,0.0,0,0,0.0,0.0,59129,-2,4,3450,-0.019302934408187866,0.026561573147773743,0.0,0.0,2804,1464,1268,1250,2430,3.3888564109802246
2026-04-07T09:59:10.257,radio://0/80/2M,flow,1,0,Reacquire Wall,0.5030261874198914,0,0,0,0.0,0,0,0.0,0.0,59380,-2,0,3450,-0.021936744451522827,0.006164556834846735,0.18847039341926575,-0.06397642940282822,2804,1464,1268,1250,2430,3.3888564109802246
2026-04-07T09:59:10.258,radio://0/80/2M,range,1,0,Reacquire Wall,0.5030261874198914,0,0,0,0.0,0,0,0.0,0.0,59380,-2,0,3450,-0.021936744451522827,0.006164556834846735,0.18847039341926575,-0.06397642940282822,32766,236,1234,1235,32766,3.3782992362976074
2026-04-07T09:59:10.504,radio://0/80/2M,mission,1,0,Reacquire Wall,0.5000535845756531,0,0,0,0.0,0,0,0.0,0.0,59380,-2,0,3450,-0.021936744451522827,0.006164556834846735,0.18847039341926575,-0.06397642940282822,32766,236,1234,1235,32766,3.3782992362976074
2026-04-07T09:59:10.506,radio://0/80/2M,flow,1,0,Reacquire Wall,0.5000535845756531,0,0,0,0.0,0,0,0.0,0.0,59629,0,0,3235,-0.08015091717243195,0.12198904156684875,0.19999845325946808,-0.06666631251573563,32766,236,1234,1235,32766,3.3782992362976074
2026-04-07T09:59:10.507,radio://0/80/2M,range,1,0,Reacquire Wall,0.5000535845756531,0,0,0,0.0,0,0,0.0,0.0,59629,0,0,3235,-0.08015091717243195,0.12198904156684875,0.19999845325946808,-0.06666631251573563,2849,210,1205,1236,2437,3.3782992362976074
2026-04-07T09:59:10.754,radio://0/80/2M,mission,1,0,Reacquire Wall,0.5022664666175842,0,0,0,0.0,0,0,0.0,0.0,59629,0,0,3235,-0.08015091717243195,0.12198904156684875,0.19999845325946808,-0.06666631251573563,2849,210,1205,1236,2437,3.3782992362976074
2026-04-07T09:59:10.755,radio://0/80/2M,flow,1,0,Reacquire Wall,0.5022664666175842,0,0,0,0.0,0,0,0.0,0.0,59879,0,-1,3651,-0.09025055170059204,0.17358683049678802,0.19999998807907104,-0.06666666269302368,2849,210,1205,1236,2437,3.3782992362976074
2026-04-07T09:59:10.757,radio://0/80/2M,range,1,0,Reacquire Wall,0.5022664666175842,0,0,0,0.0,0,0,0.0,0.0,59879,0,-1,3651,-0.09025055170059204,0.17358683049678802,0.19999998807907104,-0.06666666269302368,2786,240,1170,1277,2434,3.4046921730041504
2026-04-07T09:59:11.003,radio://0/80/2M,mission,1,0,Reacquire Wall,0.49804478883743286,0,0,0,0.0,0,0,0.0,0.0,59879,0,-1,3651,-0.09025055170059204,0.17358683049678802,0.19999998807907104,-0.06666666269302368,2786,240,1170,1277,2434,3.4046921730041504
2026-04-07T09:59:11.005,radio://0/80/2M,flow,1,0,Reacquire Wall,0.49804478883743286,0,0,0,0.0,0,0,0.0,0.0,60130,1,-1,3879,-0.1284150332212448,0.14444464445114136,0.19999998807907104,-0.06666666269302368,2786,240,1170,1277,2434,3.4046921730041504
2026-04-07T09:59:11.007,radio://0/80/2M,range,1,0,Reacquire Wall,0.49804478883743286,0,0,0,0.0,0,0,0.0,0.0,60130,1,-1,3879,-0.1284150332212448,0.14444464445114136,0.19999998807907104,-0.06666666269302368,2769,294,1136,1315,2452,3.394134998321533
2026-04-07T09:59:11.254,radio://0/80/2M,mission,1,0,Reacquire Wall,0.4923021197319031,0,0,0,0.0,0,0,0.0,0.0,60130,1,-1,3879,-0.1284150332212448,0.14444464445114136,0.19999998807907104,-0.06666666269302368,2769,294,1136,1315,2452,3.394134998321533
2026-04-07T09:59:11.255,radio://0/80/2M,flow,1,0,Reacquire Wall,0.4923021197319031,0,0,0,0.0,0,0,0.0,0.0,60379,-3,0,4651,-0.15971307456493378,0.08947516977787018,0.19999998807907104,-0.06666666269302368,2769,294,1136,1315,2452,3.394134998321533
2026-04-07T09:59:11.256,radio://0/80/2M,range,1,0,Reacquire Wall,0.4923021197319031,0,0,0,0.0,0,0,0.0,0.0,60379,-3,0,4651,-0.15971307456493378,0.08947516977787018,0.19999998807907104,-0.06666666269302368,2745,311,1123,1370,2461,3.394134998321533
2026-04-07T09:59:11.503,radio://0/80/2M,mission,1,0,Reacquire Wall,0.48579591512680054,0,0,0,0.0,0,0,0.0,0.0,60379,-3,0,4651,-0.15971307456493378,0.08947516977787018,0.19999998807907104,-0.06666666269302368,2745,311,1123,1370,2461,3.394134998321533
2026-04-07T09:59:11.505,radio://0/80/2M,flow,1,0,Reacquire Wall,0.48579591512680054,0,0,0,0.0,0,0,0.0,0.0,60629,-1,1,5249,-0.14860618114471436,0.07084577530622482,0.19999998807907104,-0.06666666269302368,2745,311,1123,1370,2461,3.394134998321533
2026-04-07T09:59:11.507,radio://0/80/2M,range,1,0,Reacquire Wall,0.48579591512680054,0,0,0,0.0,0,0,0.0,0.0,60629,-1,1,5249,-0.14860618114471436,0.07084577530622482,0.19999998807907104,-0.06666666269302368,32766,324,1139,1402,2460,3.3888564109802246
2026-04-07T09:59:11.753,radio://0/80/2M,mission,1,0,Reacquire Wall,0.4834854006767273,0,0,0,0.0,0,0,0.0,0.0,60629,-1,1,5249,-0.14860618114471436,0.07084577530622482,0.19999998807907104,-0.06666666269302368,32766,324,1139,1402,2460,3.3888564109802246
2026-04-07T09:59:11.754,radio://0/80/2M,flow,1,0,Reacquire Wall,0.4834854006767273,0,0,0,0.0,0,0,0.0,0.0,60879,4,3,5577,-0.1255553662776947,0.051025982946157455,0.19999998807907104,-0.06666666269302368,32766,324,1139,1402,2460,3.3888564109802246
2026-04-07T09:59:11.756,radio://0/80/2M,range,1,0,Reacquire Wall,0.4834854006767273,0,0,0,0.0,0,0,0.0,0.0,60879,4,3,5577,-0.1255553662776947,0.051025982946157455,0.19999998807907104,-0.06666666269302368,32766,321,1167,1478,2459,3.4046921730041504
2026-04-07T09:59:12.003,radio://0/80/2M,mission,1,0,Reacquire Wall,0.4929831922054291,0,0,0,0.0,0,0,0.0,0.0,60879,4,3,5577,-0.1255553662776947,0.051025982946157455,0.19999998807907104,-0.06666666269302368,32766,321,1167,1478,2459,3.4046921730041504
2026-04-07T09:59:12.004,radio://0/80/2M,flow,1,0,Reacquire Wall,0.4929831922054291,0,0,0,0.0,0,0,0.0,0.0,61129,-2,0,5577,-0.1281435340642929,0.05539833381772041,0.19999998807907104,-0.06666666269302368,32766,321,1167,1478,2459,3.4046921730041504
2026-04-07T09:59:12.006,radio://0/80/2M,range,1,0,Reacquire Wall,0.4929831922054291,0,0,0,0.0,0,0,0.0,0.0,61129,-2,0,5577,-0.1281435340642929,0.05539833381772041,0.19999998807907104,-0.06666666269302368,32766,316,1253,1553,2454,3.409970760345459
2026-04-07T09:59:12.253,radio://0/80/2M,mission,1,0,Reacquire Wall,0.49840378761291504,0,0,0,0.0,0,0,0.0,0.0,61129,-2,0,5577,-0.1281435340642929,0.05539833381772041,0.19999998807907104,-0.06666666269302368,32766,316,1253,1553,2454,3.409970760345459
2026-04-07T09:59:12.254,radio://0/80/2M,flow,1,0,Reacquire Wall,0.49840378761291504,0,0,0,0.0,0,0,0.0,0.0,61379,0,0,5577,-0.13456296920776367,0.0422099232673645,0.19999998807907104,-0.06666666269302368,32766,316,1253,1553,2454,3.409970760345459
2026-04-07T09:59:12.255,radio://0/80/2M,range,1,0,Reacquire Wall,0.49840378761291504,0,0,0,0.0,0,0,0.0,0.0,61379,0,0,5577,-0.13456296920776367,0.0422099232673645,0.19999998807907104,-0.06666666269302368,32766,304,1300,1698,2437,3.436363697052002
2026-04-07T09:59:12.504,radio://0/80/2M,mission,1,0,Reacquire Wall,0.4987981617450714,0,0,0,0.0,0,0,0.0,0.0,61379,0,0,5577,-0.13456296920776367,0.0422099232673645,0.19999998807907104,-0.06666666269302368,32766,304,1300,1698,2437,3.436363697052002
2026-04-07T09:59:12.505,radio://0/80/2M,flow,1,0,Reacquire Wall,0.4987981617450714,0,0,0,0.0,0,0,0.0,0.0,61629,4,0,5577,-0.13744743168354034,0.04469083249568939,0.19999998807907104,-0.06666666269302368,32766,304,1300,1698,2437,3.436363697052002
2026-04-07T09:59:12.508,radio://0/80/2M,range,1,0,Reacquire Wall,0.4987981617450714,0,0,0,0.0,0,0,0.0,0.0,61629,4,0,5577,-0.13744743168354034,0.04469083249568939,0.19999998807907104,-0.06666666269302368,32766,267,1362,1809,2437,3.4258065223693848
2026-04-07T09:59:12.754,radio://0/80/2M,mission,1,0,Reacquire Wall,0.49203211069107056,0,0,0,0.0,0,0,0.0,0.0,61629,4,0,5577,-0.13744743168354034,0.04469083249568939,0.19999998807907104,-0.06666666269302368,32766,267,1362,1809,2437,3.4258065223693848
2026-04-07T09:59:12.755,radio://0/80/2M,flow,1,0,Reacquire Wall,0.49203211069107056,0,0,0,0.0,0,0,0.0,0.0,61879,3,-14,3553,-0.27707043290138245,0.015181523747742176,0.19999998807907104,-0.06666666269302368,32766,267,1362,1809,2437,3.4258065223693848
2026-04-07T09:59:12.756,radio://0/80/2M,range,1,0,Reacquire Wall,0.49203211069107056,0,0,0,0.0,0,0,0.0,0.0,61879,3,-14,3553,-0.27707043290138245,0.015181523747742176,0.19999998807907104,-0.06666666269302368,32766,244,32766,32766,2447,3.4310851097106934
2026-04-07T09:59:13.003,radio://0/80/2M,mission,1,0,Reacquire Wall,0.5027891993522644,0,0,0,0.0,0,0,0.0,0.0,61879,3,-14,3553,-0.27707043290138245,0.015181523747742176,0.19999998807907104,-0.06666666269302368,32766,244,32766,32766,2447,3.4310851097106934
2026-04-07T09:59:13.004,radio://0/80/2M,flow,1,0,Reacquire Wall,0.5027891993522644,0,0,0,0.0,0,0,0.0,0.0,62129,4,-1,3123,-0.30260324478149414,0.0032830124255269766,0.19999998807907104,-0.06666666269302368,32766,244,32766,32766,2447,3.4310851097106934
2026-04-07T09:59:13.005,radio://0/80/2M,range,1,0,Reacquire Wall,0.5027891993522644,0,0,0,0.0,0,0,0.0,0.0,62129,4,-1,3123,-0.30260324478149414,0.0032830124255269766,0.19999998807907104,-0.06666666269302368,32766,163,32766,1690,2431,3.446920871734619
2026-04-07T09:59:13.252,radio://0/80/2M,mission,1,5,Transition,0.5139663815498352,0,0,0,0.0,0,0,0.0,0.0,62129,4,-1,3123,-0.30260324478149414,0.0032830124255269766,0.19999998807907104,-0.06666666269302368,32766,163,32766,1690,2431,3.446920871734619
2026-04-07T09:59:13.254,radio://0/80/2M,flow,1,5,Transition,0.5139663815498352,0,0,0,0.0,0,0,0.0,0.0,62379,1,-1,2745,-0.22496871650218964,0.0009270274313166738,0.0003256825730204582,-0.00010856087465072051,32766,163,32766,1690,2431,3.446920871734619
2026-04-07T09:59:13.255,radio://0/80/2M,range,1,5,Transition,0.5139663815498352,0,0,0,0.0,0,0,0.0,0.0,62379,1,-1,2745,-0.22496871650218964,0.0009270274313166738,0.0003256825730204582,-0.00010856087465072051,32766,119,32766,1653,2413,3.4521994590759277
2026-04-07T09:59:13.502,radio://0/80/2M,mission,1,2,Scan,0.5149235129356384,0,0,0,0.0,0,0,0.0,0.0,62379,1,-1,2745,-0.22496871650218964,0.0009270274313166738,0.0003256825730204582,-0.00010856087465072051,32766,119,32766,1653,2413,3.4521994590759277
2026-04-07T09:59:13.504,radio://0/80/2M,flow,1,2,Scan,0.5149235129356384,0,0,0,0.0,0,0,0.0,0.0,62630,-3,-9,2574,-0.08023203909397125,-0.039230067282915115,4.367625905388195e-08,-1.4558754202198543e-08,32766,119,32766,1653,2413,3.4521994590759277
2026-04-07T09:59:13.506,radio://0/80/2M,range,1,2,Scan,0.5149235129356384,0,0,0,0.0,0,0,0.0,0.0,62630,-3,-9,2574,-0.08023203909397125,-0.039230067282915115,4.367625905388195e-08,-1.4558754202198543e-08,32766,827,32766,1652,2432,3.4416422843933105
2026-04-07T09:59:13.752,radio://0/80/2M,mission,1,2,Scan,0.5032199621200562,0,0,0,0.0,0,0,0.0,0.0,62630,-3,-9,2574,-0.08023203909397125,-0.039230067282915115,4.367625905388195e-08,-1.4558754202198543e-08,32766,827,32766,1652,2432,3.4416422843933105
2026-04-07T09:59:13.753,radio://0/80/2M,flow,1,2,Scan,0.5032199621200562,0,0,0,0.0,0,0,0.0,0.0,62879,-1,0,2734,0.005336074624210596,-0.03595476225018501,5.85728470933744e-12,-1.9524278027649444e-12,32766,827,32766,1652,2432,3.4416422843933105
2026-04-07T09:59:13.754,radio://0/80/2M,range,1,2,Scan,0.5032199621200562,0,0,0,0.0,0,0,0.0,0.0,62879,-1,0,2734,0.005336074624210596,-0.03595476225018501,5.85728470933744e-12,-1.9524278027649444e-12,32766,824,32766,1640,2439,3.4258065223693848
2026-04-07T09:59:14.001,radio://0/80/2M,mission,1,2,Scan,0.499037504196167,0,0,0,0.0,0,0,0.0,0.0,62879,-1,0,2734,0.005336074624210596,-0.03595476225018501,5.85728470933744e-12,-1.9524278027649444e-12,32766,824,32766,1640,2439,3.4258065223693848
2026-04-07T09:59:14.004,radio://0/80/2M,flow,1,2,Scan,0.499037504196167,0,0,0,0.0,0,0,0.0,0.0,63129,-1,0,2904,0.06340833753347397,-0.07585301250219345,7.855016681691102e-16,-2.6183381880362446e-16,32766,824,32766,1640,2439,3.4258065223693848
2026-04-07T09:59:14.006,radio://0/80/2M,range,1,2,Scan,0.499037504196167,0,0,0,0.0,0,0,0.0,0.0,63129,-1,0,2904,0.06340833753347397,-0.07585301250219345,7.855016681691102e-16,-2.6183381880362446e-16,32766,791,32766,1593,2437,3.4258065223693848
2026-04-07T09:59:14.282,radio://0/80/2M,mission,1,2,Scan,0.5015585422515869,0,0,0,0.0,0,0,0.0,0.0,63129,-1,0,2904,0.06340833753347397,-0.07585301250219345,7.855016681691102e-16,-2.6183381880362446e-16,32766,791,32766,1593,2437,3.4258065223693848
2026-04-07T09:59:14.284,radio://0/80/2M,flow,1,2,Scan,0.5015585422515869,0,0,0,0.0,0,0,0.0,0.0,63379,2,0,3481,-0.013903042301535606,-0.04988783970475197,1.053411472782469e-19,-3.511369098707958e-20,32766,791,32766,1593,2437,3.4258065223693848
2026-04-07T09:59:14.286,radio://0/80/2M,range,1,2,Scan,0.5015585422515869,0,0,0,0.0,0,0,0.0,0.0,63379,2,0,3481,-0.013903042301535606,-0.04988783970475197,1.053411472782469e-19,-3.511369098707958e-20,32766,780,32766,1549,2428,3.446920871734619
2026-04-07T09:59:14.501,radio://0/80/2M,mission,1,2,Scan,0.5042216777801514,0,0,0,0.0,0,0,0.0,0.0,63379,2,0,3481,-0.013903042301535606,-0.04988783970475197,1.053411472782469e-19,-3.511369098707958e-20,32766,780,32766,1549,2428,3.446920871734619
2026-04-07T09:59:14.503,radio://0/80/2M,flow,1,2,Scan,0.5042216777801514,0,0,0,0.0,0,0,0.0,0.0,63629,3,0,3929,0.023099184036254883,-0.05280696228146553,1.412696368918676e-23,-4.708984477998331e-24,32766,780,32766,1549,2428,3.446920871734619
2026-04-07T09:59:14.504,radio://0/80/2M,range,1,2,Scan,0.5042216777801514,0,0,0,0.0,0,0,0.0,0.0,63629,3,0,3929,0.023099184036254883,-0.05280696228146553,1.412696368918676e-23,-4.708984477998331e-24,32766,783,32766,1529,2435,3.4416422843933105
2026-04-07T09:59:14.751,radio://0/80/2M,mission,1,2,Scan,0.4996300935745239,0,0,0,0.0,0,0,0.0,0.0,63629,3,0,3929,0.023099184036254883,-0.05280696228146553,1.412696368918676e-23,-4.708984477998331e-24,32766,783,32766,1529,2435,3.4416422843933105
2026-04-07T09:59:14.752,radio://0/80/2M,flow,1,2,Scan,0.4996300935745239,0,0,0,0.0,0,0,0.0,0.0,63879,3,3,4174,0.01710929349064827,-0.004180198069661856,1.8945222640401577e-27,-6.315067954194873e-28,32766,783,32766,1529,2435,3.4416422843933105
2026-04-07T09:59:14.754,radio://0/80/2M,range,1,2,Scan,0.4996300935745239,0,0,0,0.0,0,0,0.0,0.0,63879,3,3,4174,0.01710929349064827,-0.004180198069661856,1.8945222640401577e-27,-6.315067954194873e-28,32766,800,32766,1581,2433,3.436363697052002
2026-04-07T09:59:15.000,radio://0/80/2M,mission,1,2,Scan,0.49394816160202026,0,0,0,0.0,0,0,0.0,0.0,63879,3,3,4174,0.01710929349064827,-0.004180198069661856,1.8945222640401577e-27,-6.315067954194873e-28,32766,800,32766,1581,2433,3.436363697052002
2026-04-07T09:59:15.002,radio://0/80/2M,flow,1,2,Scan,0.49394816160202026,0,0,0,0.0,0,0,0.0,0.0,64129,0,2,4174,0.012001226656138897,-0.007192622870206833,2.540683162113041e-31,-8.468936037081131e-32,32766,800,32766,1581,2433,3.436363697052002
2026-04-07T09:59:15.005,radio://0/80/2M,range,1,2,Scan,0.49394816160202026,0,0,0,0.0,0,0,0.0,0.0,64129,0,2,4174,0.012001226656138897,-0.007192622870206833,2.540683162113041e-31,-8.468936037081131e-32,32766,787,32766,32766,2441,3.4258065223693848
2026-04-07T09:59:15.250,radio://0/80/2M,mission,1,2,Scan,0.49540698528289795,0,0,0,0.0,0,0,0.0,0.0,64129,0,2,4174,0.012001226656138897,-0.007192622870206833,2.540683162113041e-31,-8.468936037081131e-32,32766,787,32766,32766,2441,3.4258065223693848
2026-04-07T09:59:15.253,radio://0/80/2M,flow,1,2,Scan,0.49540698528289795,0,0,0,0.0,0,0,0.0,0.0,64379,1,0,4434,-0.0031478917226195335,0.02103213407099247,3.407228920987201e-35,-1.1357419931271549e-35,32766,787,32766,32766,2441,3.4258065223693848
2026-04-07T09:59:15.254,radio://0/80/2M,range,1,2,Scan,0.49540698528289795,0,0,0,0.0,0,0,0.0,0.0,64379,1,0,4434,-0.0031478917226195335,0.02103213407099247,3.407228920987201e-35,-1.1357419931271549e-35,32766,703,32766,32766,2442,3.436363697052002
2026-04-07T09:59:15.500,radio://0/80/2M,mission,1,2,Scan,0.4958791434764862,0,0,0,0.0,0,0,0.0,0.0,64379,1,0,4434,-0.0031478917226195335,0.02103213407099247,3.407228920987201e-35,-1.1357419931271549e-35,32766,703,32766,32766,2442,3.436363697052002
2026-04-07T09:59:15.503,radio://0/80/2M,flow,1,2,Scan,0.4958791434764862,0,0,0,0.0,0,0,0.0,0.0,64629,1,0,4434,-0.006622081156820059,0.01032177172601223,4.5693274077995413e-39,-1.523107734634716e-39,32766,703,32766,32766,2442,3.436363697052002
2026-04-07T09:59:15.504,radio://0/80/2M,range,1,2,Scan,0.4958791434764862,0,0,0,0.0,0,0,0.0,0.0,64629,1,0,4434,-0.006622081156820059,0.01032177172601223,4.5693274077995413e-39,-1.523107734634716e-39,32766,564,32766,32766,2438,3.4258065223693848
2026-04-07T09:59:15.749,radio://0/80/2M,mission,1,2,Scan,0.4968894422054291,0,0,0,0.0,0,0,0.0,0.0,64629,1,0,4434,-0.006622081156820059,0.01032177172601223,4.5693274077995413e-39,-1.523107734634716e-39,32766,564,32766,32766,2438,3.4258065223693848
2026-04-07T09:59:15.751,radio://0/80/2M,flow,1,2,Scan,0.4968894422054291,0,0,0,0.0,0,0,0.0,0.0,64879,0,2,4434,-0.009357553906738758,0.02507654018700123,6.1236742890994506e-43,-2.045895757914233e-43,32766,564,32766,32766,2438,3.4258065223693848
2026-04-07T09:59:15.753,radio://0/80/2M,range,1,2,Scan,0.4968894422054291,0,0,0,0.0,0,0,0.0,0.0,64879,0,2,4434,-0.009357553906738758,0.02507654018700123,6.1236742890994506e-43,-2.045895757914233e-43,32766,567,32766,32766,2433,3.436363697052002
2026-04-07T09:59:16.000,radio://0/80/2M,mission,1,2,Scan,0.49869003891944885,0,0,0,0.0,0,0,0.0,0.0,64879,0,2,4434,-0.009357553906738758,0.02507654018700123,6.1236742890994506e-43,-2.045895757914233e-43,32766,567,32766,32766,2433,3.436363697052002
2026-04-07T09:59:16.002,radio://0/80/2M,flow,1,2,Scan,0.49869003891944885,0,0,0,0.0,0,0,0.0,0.0,65129,-4,1,4434,-0.0023517587687820196,0.013572141528129578,1.401298464324817e-45,-1.401298464324817e-45,32766,567,32766,32766,2433,3.436363697052002
2026-04-07T09:59:16.004,radio://0/80/2M,range,1,2,Scan,0.49869003891944885,0,0,0,0.0,0,0,0.0,0.0,65129,-4,1,4434,-0.0023517587687820196,0.013572141528129578,1.401298464324817e-45,-1.401298464324817e-45,32766,602,2806,32766,2428,3.4258065223693848
2026-04-07T09:59:16.249,radio://0/80/2M,mission,1,2,Scan,0.4901481568813324,0,0,0,0.0,0,0,0.0,0.0,65129,-4,1,4434,-0.0023517587687820196,0.013572141528129578,1.401298464324817e-45,-1.401298464324817e-45,32766,602,2806,32766,2428,3.4258065223693848
2026-04-07T09:59:16.251,radio://0/80/2M,flow,1,2,Scan,0.4901481568813324,0,0,0,0.0,0,0,0.0,0.0,65379,0,-6,4434,0.012414172291755676,-0.042412854731082916,1.401298464324817e-45,-1.401298464324817e-45,32766,602,2806,32766,2428,3.4258065223693848
2026-04-07T09:59:16.253,radio://0/80/2M,range,1,2,Scan,0.4901481568813324,0,0,0,0.0,0,0,0.0,0.0,65379,0,-6,4434,0.012414172291755676,-0.042412854731082916,1.401298464324817e-45,-1.401298464324817e-45,565,643,32766,32766,2431,3.420527935028076
2026-04-07T09:59:16.499,radio://0/80/2M,mission,1,2,Scan,0.5009855031967163,0,0,0,0.0,0,0,0.0,0.0,65379,0,-6,4434,0.012414172291755676,-0.042412854731082916,1.401298464324817e-45,-1.401298464324817e-45,565,643,32766,32766,2431,3.420527935028076
2026-04-07T09:59:16.502,radio://0/80/2M,flow,1,2,Scan,0.5009855031967163,0,0,0,0.0,0,0,0.0,0.0,65629,1,-10,4711,0.085662342607975,-0.08225377649068832,-0.0006176456226967275,-1.401298464324817e-45,565,643,32766,32766,2431,3.420527935028076
2026-04-07T09:59:16.503,radio://0/80/2M,range,1,2,Scan,0.5009855031967163,0,0,0,0.0,0,0,0.0,0.0,65629,1,-10,4711,0.085662342607975,-0.08225377649068832,-0.0006176456226967275,-1.401298464324817e-45,493,716,32766,32766,2428,3.436363697052002
2026-04-07T09:59:16.749,radio://0/80/2M,mission,1,2,Scan,0.5070510506629944,0,0,0,0.0,0,0,0.0,0.0,65629,1,-10,4711,0.085662342607975,-0.08225377649068832,-0.0006176456226967275,-1.401298464324817e-45,493,716,32766,32766,2428,3.436363697052002
2026-04-07T09:59:16.750,radio://0/80/2M,flow,1,2,Scan,0.5070510506629944,0,0,0,0.0,0,0,0.0,0.0,65879,255,-4,5005,0.044228918850421906,-0.003053276566788554,-3.799377168434148e-07,-1.401298464324817e-45,493,716,32766,32766,2428,3.436363697052002
2026-04-07T09:59:16.752,radio://0/80/2M,range,1,2,Scan,0.5070510506629944,0,0,0,0.0,0,0,0.0,0.0,65879,255,-4,5005,0.044228918850421906,-0.003053276566788554,-3.799377168434148e-07,-1.401298464324817e-45,517,775,2926,32766,2423,3.436363697052002
2026-04-07T09:59:16.999,radio://0/80/2M,mission,1,2,Scan,0.4989636540412903,0,0,0,0.0,0,0,0.0,0.0,65879,255,-4,5005,0.044228918850421906,-0.003053276566788554,-3.799377168434148e-07,-1.401298464324817e-45,517,775,2926,32766,2423,3.436363697052002
2026-04-07T09:59:17.001,radio://0/80/2M,flow,1,2,Scan,0.4989636540412903,0,0,0,0.0,0,0,0.0,0.0,66129,-2,8,5317,0.006291840225458145,0.014832675457000732,-5.095223548634564e-11,-1.401298464324817e-45,517,775,2926,32766,2423,3.436363697052002
2026-04-07T09:59:17.002,radio://0/80/2M,range,1,2,Scan,0.4989636540412903,0,0,0,0.0,0,0,0.0,0.0,66129,-2,8,5317,0.006291840225458145,0.014832675457000732,-5.095223548634564e-11,-1.401298464324817e-45,519,881,2768,32766,2426,3.4152493476867676
2026-04-07T09:59:17.249,radio://0/80/2M,mission,1,2,Scan,0.4990941286087036,0,0,0,0.0,0,0,0.0,0.0,66129,-2,8,5317,0.006291840225458145,0.014832675457000732,-5.095223548634564e-11,-1.401298464324817e-45,519,881,2768,32766,2426,3.4152493476867676
2026-04-07T09:59:17.251,radio://0/80/2M,flow,1,2,Scan,0.4990941286087036,0,0,0,0.0,0,0,0.0,0.0,66379,3,252,4674,-0.0003744288405869156,0.008403932675719261,-0.0001580215321155265,-1.401298464324817e-45,519,881,2768,32766,2426,3.4152493476867676
2026-04-07T09:59:17.252,radio://0/80/2M,range,1,2,Scan,0.4990941286087036,0,0,0,0.0,0,0,0.0,0.0,66379,3,252,4674,-0.0003744288405869156,0.008403932675719261,-0.0001580215321155265,-1.401298464324817e-45,497,966,2615,32766,2419,3.4310851097106934
2026-04-07T09:59:17.501,radio://0/80/2M,mission,1,2,Scan,0.5041143894195557,0,0,0,0.0,0,0,0.0,0.0,66379,3,252,4674,-0.0003744288405869156,0.008403932675719261,-0.0001580215321155265,-1.401298464324817e-45,497,966,2615,32766,2419,3.4310851097106934
2026-04-07T09:59:17.503,radio://0/80/2M,flow,1,2,Scan,0.5041143894195557,0,0,0,0.0,0,0,0.0,0.0,66630,-9,0,3853,-0.007149567827582359,-0.0043817488476634026,-0.0021332786418497562,-1.401298464324817e-45,497,966,2615,32766,2419,3.4310851097106934
2026-04-07T09:59:17.505,radio://0/80/2M,range,1,2,Scan,0.5041143894195557,0,0,0,0.0,0,0,0.0,0.0,66630,-9,0,3853,-0.007149567827582359,-0.0043817488476634026,-0.0021332786418497562,-1.401298464324817e-45,477,32766,2174,32766,2423,3.4258065223693848
2026-04-07T09:59:17.775,radio://0/80/2M,mission,1,2,Scan,0.4977184236049652,0,0,0,0.0,0,0,0.0,0.0,66630,-9,0,3853,-0.007149567827582359,-0.0043817488476634026,-0.0021332786418497562,-1.401298464324817e-45,477,32766,2174,32766,2423,3.4258065223693848
2026-04-07T09:59:17.781,radio://0/80/2M,flow,1,2,Scan,0.4977184236049652,0,0,0,0.0,0,0,0.0,0.0,66879,3,3,3853,-0.02274048887193203,-0.0027069472707808018,-0.006835245992988348,-1.401298464324817e-45,477,32766,2174,32766,2423,3.4258065223693848
2026-04-07T09:59:17.785,radio://0/80/2M,range,1,2,Scan,0.4977184236049652,0,0,0,0.0,0,0,0.0,0.0,66879,3,3,3853,-0.02274048887193203,-0.0027069472707808018,-0.006835245992988348,-1.401298464324817e-45,411,32766,2222,32766,2416,3.420527935028076
2026-04-07T09:59:17.999,radio://0/80/2M,mission,1,2,Scan,0.49706512689590454,0,0,0,0.0,0,0,0.0,0.0,66879,3,3,3853,-0.02274048887193203,-0.0027069472707808018,-0.006835245992988348,-1.401298464324817e-45,411,32766,2222,32766,2416,3.420527935028076
2026-04-07T09:59:18.001,radio://0/80/2M,flow,1,2,Scan,0.49706512689590454,0,0,0,0.0,0,0,0.0,0.0,67129,1,4,5538,0.02729414962232113,-0.07534640282392502,-0.012822818011045456,-1.401298464324817e-45,411,32766,2222,32766,2416,3.420527935028076
2026-04-07T09:59:18.003,radio://0/80/2M,range,1,2,Scan,0.49706512689590454,0,0,0,0.0,0,0,0.0,0.0,67129,1,4,5538,0.02729414962232113,-0.07534640282392502,-0.012822818011045456,-1.401298464324817e-45,369,32766,2784,2574,2429,3.4152493476867676
2026-04-07T09:59:18.248,radio://0/80/2M,mission,1,2,Scan,0.495407372713089,0,0,0,0.0,0,0,0.0,0.0,67129,1,4,5538,0.02729414962232113,-0.07534640282392502,-0.012822818011045456,-1.401298464324817e-45,369,32766,2784,2574,2429,3.4152493476867676
2026-04-07T09:59:18.249,radio://0/80/2M,flow,1,2,Scan,0.495407372713089,0,0,0,0.0,0,0,0.0,0.0,67379,2,0,6641,0.036108143627643585,-0.1549784392118454,-0.020637160167098045,-1.401298464324817e-45,369,32766,2784,2574,2429,3.4152493476867676
2026-04-07T09:59:18.252,radio://0/80/2M,range,1,2,Scan,0.495407372713089,0,0,0,0.0,0,0,0.0,0.0,67379,2,0,6641,0.036108143627643585,-0.1549784392118454,-0.020637160167098045,-1.401298464324817e-45,267,32766,32766,2584,2440,3.4152493476867676
2026-04-07T09:59:18.497,radio://0/80/2M,mission,1,2,Scan,0.4916730225086212,0,0,0,0.0,0,0,0.0,0.0,67379,2,0,6641,0.036108143627643585,-0.1549784392118454,-0.020637160167098045,-1.401298464324817e-45,267,32766,32766,2584,2440,3.4152493476867676
2026-04-07T09:59:18.499,radio://0/80/2M,flow,1,2,Scan,0.4916730225086212,0,0,0,0.0,0,0,0.0,0.0,67629,0,0,6641,0.007049751468002796,-0.06910649687051773,-0.027621407061815262,-1.401298464324817e-45,267,32766,32766,2584,2440,3.4152493476867676
2026-04-07T09:59:18.501,radio://0/80/2M,range,1,2,Scan,0.4916730225086212,0,0,0,0.0,0,0,0.0,0.0,67629,0,0,6641,0.007049751468002796,-0.06910649687051773,-0.027621407061815262,-1.401298464324817e-45,221,32766,32766,32766,2450,3.409970760345459
2026-04-07T09:59:18.747,radio://0/80/2M,mission,1,2,Scan,0.4928722083568573,0,0,0,0.0,0,0,0.0,0.0,67629,0,0,6641,0.007049751468002796,-0.06910649687051773,-0.027621407061815262,-1.401298464324817e-45,221,32766,32766,32766,2450,3.409970760345459
2026-04-07T09:59:18.749,radio://0/80/2M,flow,1,2,Scan,0.4928722083568573,0,0,0,0.0,0,0,0.0,0.0,67879,2,4,7056,-0.04395446181297302,0.018466636538505554,-0.02839132584631443,0.03435533866286278,221,32766,32766,32766,2450,3.409970760345459
2026-04-07T09:59:18.751,radio://0/80/2M,range,1,2,Scan,0.4928722083568573,0,0,0,0.0,0,0,0.0,0.0,67879,2,4,7056,-0.04395446181297302,0.018466636538505554,-0.02839132584631443,0.03435533866286278,228,2276,142,2617,2440,3.420527935028076
2026-04-07T09:59:18.998,radio://0/80/2M,mission,1,2,Scan,0.48170071840286255,0,0,0,0.0,0,0,0.0,0.0,67879,2,4,7056,-0.04395446181297302,0.018466636538505554,-0.02839132584631443,0.03435533866286278,228,2276,142,2617,2440,3.420527935028076
2026-04-07T09:59:18.999,radio://0/80/2M,flow,1,2,Scan,0.48170071840286255,0,0,0,0.0,0,0,0.0,0.0,68129,0,-1,7056,-0.055356062948703766,0.08345978707075119,-0.011056647635996342,0.03716883063316345,228,2276,142,2617,2440,3.420527935028076
2026-04-07T09:59:19.000,radio://0/80/2M,range,1,2,Scan,0.48170071840286255,0,0,0,0.0,0,0,0.0,0.0,68129,0,-1,7056,-0.055356062948703766,0.08345978707075119,-0.011056647635996342,0.03716883063316345,405,32766,130,2524,2449,3.383577823638916
2026-04-07T09:59:19.247,radio://0/80/2M,mission,1,2,Scan,0.47222453355789185,0,0,0,0.0,0,0,0.0,0.0,68129,0,-1,7056,-0.055356062948703766,0.08345978707075119,-0.011056647635996342,0.03716883063316345,405,32766,130,2524,2449,3.383577823638916
2026-04-07T09:59:19.249,radio://0/80/2M,flow,1,2,Scan,0.47222453355789185,0,0,0,0.0,0,0,0.0,0.0,68379,-1,-5,7056,0.01875367760658264,0.09947365522384644,-0.005213393364101648,0.03768353909254074,405,32766,130,2524,2449,3.383577823638916
2026-04-07T09:59:19.250,radio://0/80/2M,range,1,2,Scan,0.47222453355789185,0,0,0,0.0,0,0,0.0,0.0,68379,-1,-5,7056,0.01875367760658264,0.09947365522384644,-0.005213393364101648,0.03768353909254074,431,32766,123,2476,2451,3.394134998321533
2026-04-07T09:59:19.497,radio://0/80/2M,mission,1,2,Scan,0.4904317855834961,0,0,0,0.0,0,0,0.0,0.0,68379,-1,-5,7056,0.01875367760658264,0.09947365522384644,-0.005213393364101648,0.03768353909254074,431,32766,123,2476,2451,3.394134998321533
2026-04-07T09:59:19.499,radio://0/80/2M,flow,1,2,Scan,0.4904317855834961,0,0,0,0.0,0,0,0.0,0.0,68629,0,0,7056,0.023814469575881958,0.029251746833324432,-0.011589135974645615,0.038621243089437485,431,32766,123,2476,2451,3.394134998321533
2026-04-07T09:59:19.502,radio://0/80/2M,range,1,2,Scan,0.4904317855834961,0,0,0,0.0,0,0,0.0,0.0,68629,0,0,7056,0.023814469575881958,0.029251746833324432,-0.011589135974645615,0.038621243089437485,382,32766,113,32766,2434,3.420527935028076
2026-04-07T09:59:19.746,radio://0/80/2M,mission,1,2,Scan,0.5072095990180969,0,0,0,0.0,0,0,0.0,0.0,68629,0,0,7056,0.023814469575881958,0.029251746833324432,-0.011589135974645615,0.038621243089437485,382,32766,113,32766,2434,3.420527935028076
2026-04-07T09:59:19.750,radio://0/80/2M,flow,1,2,Scan,0.5072095990180969,0,0,0,0.0,0,0,0.0,0.0,68879,0,0,7056,-0.006236186251044273,-0.014653114601969719,-0.014911454170942307,0.03915051370859146,382,32766,113,32766,2434,3.420527935028076
2026-04-07T09:59:19.751,radio://0/80/2M,range,1,2,Scan,0.5072095990180969,0,0,0,0.0,0,0,0.0,0.0,68879,0,0,7056,-0.006236186251044273,-0.014653114601969719,-0.014911454170942307,0.03915051370859146,345,32766,109,1965,202,3.436363697052002
2026-04-07T09:59:19.996,radio://0/80/2M,mission,1,2,Scan,0.5103771090507507,0,0,0,0.0,0,0,0.0,0.0,68879,0,0,7056,-0.006236186251044273,-0.014653114601969719,-0.014911454170942307,0.03915051370859146,345,32766,109,1965,202,3.436363697052002
2026-04-07T09:59:19.997,radio://0/80/2M,flow,1,2,Scan,0.5103771090507507,0,0,0,0.0,0,0,0.0,0.0,69129,3,0,7056,-0.03356526419520378,-0.026048677042126656,-0.01564209535717964,0.03938669338822365,345,32766,109,1965,202,3.436363697052002
2026-04-07T09:59:19.999,radio://0/80/2M,range,1,2,Scan,0.5103771090507507,0,0,0,0.0,0,0,0.0,0.0,69129,3,0,7056,-0.03356526419520378,-0.026048677042126656,-0.01564209535717964,0.03938669338822365,343,32766,103,2023,170,3.409970760345459
2026-04-07T09:59:20.246,radio://0/80/2M,mission,1,2,Scan,0.5168579816818237,0,0,0,0.0,0,0,0.0,0.0,69129,3,0,7056,-0.03356526419520378,-0.026048677042126656,-0.01564209535717964,0.03938669338822365,343,32766,103,2023,170,3.409970760345459
2026-04-07T09:59:20.248,radio://0/80/2M,flow,1,2,Scan,0.5168579816818237,0,0,0,0.0,0,0,0.0,0.0,69379,3,-3,7056,-0.05817418545484543,-0.05544135347008705,0.007091447710990906,0.03784917667508125,343,32766,103,2023,170,3.409970760345459
2026-04-07T09:59:20.250,radio://0/80/2M,range,1,2,Scan,0.5168579816818237,0,0,0,0.0,0,0,0.0,0.0,69379,3,-3,7056,-0.05817418545484543,-0.05544135347008705,0.007091447710990906,0.03784917667508125,32766,32766,122,255,142,3.4310851097106934
2026-04-07T09:59:20.551,radio://0/80/2M,mission,1,2,Scan,0.5122829675674438,0,0,0,0.0,0,0,0.0,0.0,69379,3,-3,7056,-0.05817418545484543,-0.05544135347008705,0.007091447710990906,0.03784917667508125,32766,32766,122,255,142,3.4310851097106934
2026-04-07T09:59:20.554,radio://0/80/2M,flow,1,2,Scan,0.5122829675674438,0,0,0,0.0,0,0,0.0,0.0,69629,0,252,7056,-0.12222956866025925,0.017392929643392563,0.03307553753256798,0.033443305641412735,32766,32766,122,255,142,3.4310851097106934
2026-04-07T09:59:20.555,radio://0/80/2M,range,1,2,Scan,0.5122829675674438,0,0,0,0.0,0,0,0.0,0.0,69629,0,252,7056,-0.12222956866025925,0.017392929643392563,0.03307553753256798,0.033443305641412735,32766,32766,170,171,164,3.420527935028076
2026-04-07T09:59:20.746,radio://0/80/2M,mission,1,2,Scan,0.5111197233200073,0,0,0,0.0,0,0,0.0,0.0,69629,0,252,7056,-0.12222956866025925,0.017392929643392563,0.03307553753256798,0.033443305641412735,32766,32766,170,171,164,3.420527935028076
2026-04-07T09:59:20.748,radio://0/80/2M,flow,1,2,Scan,0.5111197233200073,0,0,0,0.0,0,0,0.0,0.0,69879,255,-3,7056,-0.06087035313248634,0.037818290293216705,0.029422441497445107,0.0012650650460273027,32766,32766,170,171,164,3.420527935028076
2026-04-07T09:59:20.749,radio://0/80/2M,range,1,2,Scan,0.5111197233200073,0,0,0,0.0,0,0,0.0,0.0,69879,255,-3,7056,-0.06087035313248634,0.037818290293216705,0.029422441497445107,0.0012650650460273027,32766,2813,32766,218,305,3.436363697052002
2026-04-07T09:59:20.996,radio://0/80/2M,mission,1,2,Scan,0.5129866600036621,0,0,0,0.0,0,0,0.0,0.0,69879,255,-3,7056,-0.06087035313248634,0.037818290293216705,0.029422441497445107,0.0012650650460273027,32766,2813,32766,218,305,3.436363697052002
2026-04-07T09:59:20.999,radio://0/80/2M,flow,1,2,Scan,0.5129866600036621,0,0,0,0.0,0,0,0.0,0.0,70130,26,-20,7056,-0.025546813383698463,0.019718095660209656,0.02740282192826271,0.033353861421346664,32766,2813,32766,218,305,3.436363697052002
2026-04-07T09:59:21.000,radio://0/80/2M,range,1,2,Scan,0.5129866600036621,0,0,0,0.0,0,0,0.0,0.0,70130,26,-20,7056,-0.025546813383698463,0.019718095660209656,0.02740282192826271,0.033353861421346664,32766,32766,153,226,2422,3.4310851097106934
2026-04-07T09:59:21.246,radio://0/80/2M,mission,1,2,Scan,0.5115656852722168,0,0,0,0.0,0,0,0.0,0.0,70130,26,-20,7056,-0.025546813383698463,0.019718095660209656,0.02740282192826271,0.033353861421346664,32766,32766,153,226,2422,3.4310851097106934
2026-04-07T09:59:21.248,radio://0/80/2M,flow,1,2,Scan,0.5115656852722168,0,0,0,0.0,0,0,0.0,0.0,70379,1,0,5815,0.053529977798461914,0.13838036358356476,0.028577856719493866,0.04255736991763115,32766,32766,153,226,2422,3.4310851097106934
2026-04-07T09:59:21.249,radio://0/80/2M,range,1,2,Scan,0.5115656852722168,0,0,0,0.0,0,0,0.0,0.0,70379,1,0,5815,0.053529977798461914,0.13838036358356476,0.028577856719493866,0.04255736991763115,32766,32766,73,212,2413,3.4046921730041504
2026-04-07T09:59:21.496,radio://0/80/2M,mission,1,2,Scan,0.4946480989456177,0,0,0,0.0,0,0,0.0,0.0,70379,1,0,5815,0.053529977798461914,0.13838036358356476,0.028577856719493866,0.04255736991763115,32766,32766,73,212,2413,3.4046921730041504
2026-04-07T09:59:21.498,radio://0/80/2M,flow,1,2,Scan,0.4946480989456177,0,0,0,0.0,0,0,0.0,0.0,70629,0,1,5792,0.13498662412166595,-0.08152056485414505,0.003125312039628625,0.04461108148097992,32766,32766,73,212,2413,3.4046921730041504
2026-04-07T09:59:21.499,radio://0/80/2M,range,1,2,Scan,0.4946480989456177,0,0,0,0.0,0,0,0.0,0.0,70629,0,1,5792,0.13498662412166595,-0.08152056485414505,0.003125312039628625,0.04461108148097992,32766,32766,61,32766,32766,3.409970760345459
2026-04-07T09:59:21.746,radio://0/80/2M,mission,1,2,Scan,0.49894171953201294,0,0,0,0.0,0,0,0.0,0.0,70629,0,1,5792,0.13498662412166595,-0.08152056485414505,0.003125312039628625,0.04461108148097992,32766,32766,61,32766,32766,3.409970760345459
2026-04-07T09:59:21.749,radio://0/80/2M,flow,1,2,Scan,0.49894171953201294,0,0,0,0.0,0,0,0.0,0.0,70879,1,-1,6154,-0.07256924360990524,0.0072946613654494286,0.025909345597028732,0.0391705296933651,32766,32766,61,32766,32766,3.409970760345459
2026-04-07T09:59:21.750,radio://0/80/2M,range,1,2,Scan,0.49894171953201294,0,0,0,0.0,0,0,0.0,0.0,70879,1,-1,6154,-0.07256924360990524,0.0072946613654494286,0.025909345597028732,0.0391705296933651,32766,2828,110,243,2440,3.4574780464172363
2026-04-07T09:59:22.003,radio://0/80/2M,mission,1,2,Scan,0.5120917558670044,0,0,0,0.0,0,0,0.0,0.0,70879,1,-1,6154,-0.07256924360990524,0.0072946613654494286,0.025909345597028732,0.0391705296933651,32766,2828,110,243,2440,3.4574780464172363
2026-04-07T09:59:22.017,radio://0/80/2M,flow,1,2,Scan,0.5120917558670044,0,0,0,0.0,0,0,0.0,0.0,71129,-4,-1,5388,-0.07343810051679611,0.018348120152950287,0.019812896847724915,0.00020653210231103003,32766,2828,110,243,2440,3.4574780464172363
2026-04-07T09:59:22.019,radio://0/80/2M,range,1,2,Scan,0.5120917558670044,0,0,0,0.0,0,0,0.0,0.0,71129,-4,-1,5388,-0.07343810051679611,0.018348120152950287,0.019812896847724915,0.00020653210231103003,2194,2450,911,307,2419,3.4521994590759277
2026-04-07T09:59:22.245,radio://0/80/2M,mission,1,2,Scan,0.5104326009750366,0,0,0,0.0,0,0,0.0,0.0,71129,-4,-1,5388,-0.07343810051679611,0.018348120152950287,0.019812896847724915,0.00020653210231103003,2194,2450,911,307,2419,3.4521994590759277
2026-04-07T09:59:22.247,radio://0/80/2M,flow,1,2,Scan,0.5104326009750366,0,0,0,0.0,0,0,0.0,0.0,71379,1,3,4441,-0.03733835369348526,0.0014781187055632472,0.01120490301400423,2.769736084928809e-08,2194,2450,911,307,2419,3.4521994590759277
2026-04-07T09:59:22.251,radio://0/80/2M,range,1,2,Scan,0.5104326009750366,0,0,0,0.0,0,0,0.0,0.0,71379,1,3,4441,-0.03733835369348526,0.0014781187055632472,0.01120490301400423,2.769736084928809e-08,32766,2298,948,407,2413,3.4521994590759277
2026-04-07T09:59:22.494,radio://0/80/2M,mission,1,2,Scan,0.5101000666618347,0,0,0,0.0,0,0,0.0,0.0,71379,1,3,4441,-0.03733835369348526,0.0014781187055632472,0.01120490301400423,2.769736084928809e-08,32766,2298,948,407,2413,3.4521994590759277
2026-04-07T09:59:22.497,radio://0/80/2M,flow,1,2,Scan,0.5101000666618347,0,0,0,0.0,0,0,0.0,0.0,71629,1,-1,4441,-0.008221475407481194,-0.051194123923778534,0.011524016968905926,3.714404651911085e-12,32766,2298,948,407,2413,3.4521994590759277
2026-04-07T09:59:22.498,radio://0/80/2M,range,1,2,Scan,0.5101000666618347,0,0,0,0.0,0,0,0.0,0.0,71629,1,-1,4441,-0.008221475407481194,-0.051194123923778534,0.011524016968905926,3.714404651911085e-12,32766,2266,32766,384,2415,3.446920871734619
2026-04-07T09:59:22.751,radio://0/80/2M,mission,1,2,Scan,0.5059047341346741,0,0,0,0.0,0,0,0.0,0.0,71629,1,-1,4441,-0.008221475407481194,-0.051194123923778534,0.011524016968905926,3.714404651911085e-12,32766,2266,32766,384,2415,3.446920871734619
2026-04-07T09:59:22.759,radio://0/80/2M,flow,1,2,Scan,0.5059047341346741,0,0,0,0.0,0,0,0.0,0.0,71880,-2,-5,4718,-0.18368524312973022,-0.05155828222632408,0.004846133757382631,4.981270002091308e-16,32766,2266,32766,384,2415,3.446920871734619
2026-04-07T09:59:22.761,radio://0/80/2M,range,1,2,Scan,0.5059047341346741,0,0,0,0.0,0,0,0.0,0.0,71880,-2,-5,4718,-0.18368524312973022,-0.05155828222632408,0.004846133757382631,4.981270002091308e-16,32766,2377,32766,481,2419,3.446920871734619
2026-04-07T09:59:22.995,radio://0/80/2M,mission,1,2,Scan,0.5086274743080139,0,0,0,0.0,0,0,0.0,0.0,71880,-2,-5,4718,-0.18368524312973022,-0.05155828222632408,0.004846133757382631,4.981270002091308e-16,32766,2377,32766,481,2419,3.446920871734619
2026-04-07T09:59:22.996,radio://0/80/2M,flow,1,2,Scan,0.5086274743080139,0,0,0,0.0,0,0,0.0,0.0,72129,2,-10,4718,-0.13410311937332153,-0.02896360121667385,6.709349236189155e-06,6.680222092803314e-20,32766,2377,32766,481,2419,3.446920871734619
2026-04-07T09:59:22.997,radio://0/80/2M,range,1,2,Scan,0.5086274743080139,0,0,0,0.0,0,0,0.0,0.0,72129,2,-10,4718,-0.13410311937332153,-0.02896360121667385,6.709349236189155e-06,6.680222092803314e-20,2441,2714,32766,581,2424,3.4416422843933105
2026-04-07T09:59:23.245,radio://0/80/2M,mission,1,2,Scan,0.5021457672119141,0,0,0,0.0,0,0,0.0,0.0,72129,2,-10,4718,-0.13410311937332153,-0.02896360121667385,6.709349236189155e-06,6.680222092803314e-20,2441,2714,32766,581,2424,3.4416422843933105
2026-04-07T09:59:23.246,radio://0/80/2M,flow,1,2,Scan,0.5021457672119141,0,0,0,0.0,0,0,0.0,0.0,72379,0,0,4718,-0.040704838931560516,-0.011105546727776527,8.99769425632968e-10,8.958634183548192e-24,2441,2714,32766,581,2424,3.4416422843933105
2026-04-07T09:59:23.248,radio://0/80/2M,range,1,2,Scan,0.5021457672119141,0,0,0,0.0,0,0,0.0,0.0,72379,0,0,4718,-0.040704838931560516,-0.011105546727776527,8.99769425632968e-10,8.958634183548192e-24,2268,32766,32766,1327,2425,3.4416422843933105
2026-04-07T09:59:23.494,radio://0/80/2M,mission,1,2,Scan,0.4975728690624237,0,0,0,0.0,0,0,0.0,0.0,72379,0,0,4718,-0.040704838931560516,-0.011105546727776527,8.99769425632968e-10,8.958634183548192e-24,2268,32766,32766,1327,2425,3.4416422843933105
2026-04-07T09:59:23.496,radio://0/80/2M,flow,1,2,Scan,0.4975728690624237,0,0,0,0.0,0,0,0.0,0.0,72629,0,0,4718,-0.01818329468369484,0.012073923833668232,1.2066518303207457e-13,1.2014138771257155e-27,2268,32766,32766,1327,2425,3.4416422843933105
2026-04-07T09:59:23.497,radio://0/80/2M,range,1,2,Scan,0.4975728690624237,0,0,0,0.0,0,0,0.0,0.0,72629,0,0,4718,-0.01818329468369484,0.012073923833668232,1.2066518303207457e-13,1.2014138771257155e-27,2311,32766,32766,1380,2434,3.4416422843933105
2026-04-07T09:59:23.746,radio://0/80/2M,mission,1,5,Transition,0.4982079565525055,0,0,0,0.0,0,0,0.0,0.0,72629,0,0,4718,-0.01818329468369484,0.012073923833668232,1.2066518303207457e-13,1.2014138771257155e-27,2311,32766,32766,1380,2434,3.4416422843933105
2026-04-07T09:59:23.747,radio://0/80/2M,flow,1,5,Transition,0.4982079565525055,0,0,0,0.0,0,0,0.0,0.0,72879,-4,0,4718,0.01133890450000763,-0.004070634488016367,1.6182021826811573e-17,1.611177931318969e-31,2311,32766,32766,1380,2434,3.4416422843933105
2026-04-07T09:59:23.748,radio://0/80/2M,range,1,5,Transition,0.4982079565525055,0,0,0,0.0,0,0,0.0,0.0,72879,-4,0,4718,0.01133890450000763,-0.004070634488016367,1.6182021826811573e-17,1.611177931318969e-31,2512,32766,32766,1284,2433,3.446920871734619
2026-04-07T09:59:23.994,radio://0/80/2M,mission,1,0,Reacquire Wall,0.49821335077285767,0,0,0,0.0,0,0,0.0,0.0,72879,-4,0,4718,0.01133890450000763,-0.004070634488016367,1.6182021826811573e-17,1.611177931318969e-31,2512,32766,32766,1284,2433,3.446920871734619
2026-04-07T09:59:23.995,radio://0/80/2M,flow,1,0,Reacquire Wall,0.49821335077285767,0,0,0,0.0,0,0,0.0,0.0,73129,-4,0,4718,0.01740504615008831,-0.013196979649364948,0.19192928075790405,2.1606995269007819e-35,2512,32766,32766,1284,2433,3.446920871734619
2026-04-07T09:59:23.997,radio://0/80/2M,range,1,0,Reacquire Wall,0.49821335077285767,0,0,0,0.0,0,0,0.0,0.0,73129,-4,0,4718,0.01740504615008831,-0.013196979649364948,0.19192928075790405,2.1606995269007819e-35,2503,32766,32766,1309,2434,3.436363697052002
2026-04-07T09:59:24.244,radio://0/80/2M,mission,1,0,Reacquire Wall,0.49533483386039734,0,0,0,0.0,0,0,0.0,0.0,73129,-4,0,4718,0.01740504615008831,-0.013196979649364948,0.19192928075790405,2.1606995269007819e-35,2503,32766,32766,1309,2434,3.436363697052002
2026-04-07T09:59:24.245,radio://0/80/2M,flow,1,0,Reacquire Wall,0.49533483386039734,0,0,0,0.0,0,0,0.0,0.0,73379,2,1,4718,-0.058330096304416656,-0.08859959244728088,0.1999989151954651,2.897645602186322e-39,2503,32766,32766,1309,2434,3.436363697052002
2026-04-07T09:59:24.247,radio://0/80/2M,range,1,0,Reacquire Wall,0.49533483386039734,0,0,0,0.0,0,0,0.0,0.0,73379,2,1,4718,-0.058330096304416656,-0.08859959244728088,0.1999989151954651,2.897645602186322e-39,2463,32766,32766,1373,2437,3.4416422843933105
2026-04-07T09:59:24.492,radio://0/80/2M,mission,1,0,Reacquire Wall,0.49302148818969727,0,0,0,0.0,0,0,0.0,0.0,73379,2,1,4718,-0.058330096304416656,-0.08859959244728088,0.1999989151954651,2.897645602186322e-39,2463,32766,32766,1373,2437,3.4416422843933105
2026-04-07T09:59:24.495,radio://0/80/2M,flow,1,0,Reacquire Wall,0.49302148818969727,0,0,0,0.0,0,0,0.0,0.0,73629,-1,-1,4718,-0.08533963561058044,-0.18190982937812805,0.19999998807907104,3.881596746179743e-43,2463,32766,32766,1373,2437,3.4416422843933105
2026-04-07T09:59:24.497,radio://0/80/2M,range,1,0,Reacquire Wall,0.49302148818969727,0,0,0,0.0,0,0,0.0,0.0,73629,-1,-1,4718,-0.08533963561058044,-0.18190982937812805,0.19999998807907104,3.881596746179743e-43,2406,32766,32766,1440,2448,3.436363697052002
2026-04-07T09:59:24.742,radio://0/80/2M,mission,1,0,Reacquire Wall,0.4999658763408661,0,0,0,0.0,0,0,0.0,0.0,73629,-1,-1,4718,-0.08533963561058044,-0.18190982937812805,0.19999998807907104,3.881596746179743e-43,2406,32766,32766,1440,2448,3.436363697052002
2026-04-07T09:59:24.746,radio://0/80/2M,flow,1,0,Reacquire Wall,0.4999658763408661,0,0,0,0.0,0,0,0.0,0.0,73879,0,-6,4718,-0.1874978244304657,-0.21618233621120453,0.19999998807907104,1.401298464324817e-45,2406,32766,32766,1440,2448,3.436363697052002
2026-04-07T09:59:24.747,radio://0/80/2M,range,1,0,Reacquire Wall,0.4999658763408661,0,0,0,0.0,0,0,0.0,0.0,73879,0,-6,4718,-0.1874978244304657,-0.21618233621120453,0.19999998807907104,1.401298464324817e-45,2269,32766,32766,1574,2432,3.446920871734619
2026-04-07T09:59:24.993,radio://0/80/2M,mission,1,0,Reacquire Wall,0.49962514638900757,0,0,0,0.0,0,0,0.0,0.0,73879,0,-6,4718,-0.1874978244304657,-0.21618233621120453,0.19999998807907104,1.401298464324817e-45,2269,32766,32766,1574,2432,3.446920871734619
2026-04-07T09:59:24.995,radio://0/80/2M,flow,1,0,Reacquire Wall,0.49962514638900757,0,0,0,0.0,0,0,0.0,0.0,74129,0,0,4718,-0.1790606826543808,-0.1758175492286682,0.19999998807907104,1.401298464324817e-45,2269,32766,32766,1574,2432,3.446920871734619
2026-04-07T09:59:24.996,radio://0/80/2M,range,1,0,Reacquire Wall,0.49962514638900757,0,0,0,0.0,0,0,0.0,0.0,74129,0,0,4718,-0.1790606826543808,-0.1758175492286682,0.19999998807907104,1.401298464324817e-45,2196,32766,32766,1660,2429,3.436363697052002
2026-04-07T09:59:25.242,radio://0/80/2M,mission,1,0,Reacquire Wall,0.4977591335773468,0,0,0,0.0,0,0,0.0,0.0,74129,0,0,4718,-0.1790606826543808,-0.1758175492286682,0.19999998807907104,1.401298464324817e-45,2196,32766,32766,1660,2429,3.436363697052002
2026-04-07T09:59:25.245,radio://0/80/2M,flow,1,0,Reacquire Wall,0.4977591335773468,0,0,0,0.0,0,0,0.0,0.0,74379,0,1,4718,-0.17721329629421234,-0.1096055880188942,0.19999998807907104,1.401298464324817e-45,2196,32766,32766,1660,2429,3.436363697052002
2026-04-07T09:59:25.247,radio://0/80/2M,range,1,0,Reacquire Wall,0.4977591335773468,0,0,0,0.0,0,0,0.0,0.0,74379,0,1,4718,-0.17721329629421234,-0.1096055880188942,0.19999998807907104,1.401298464324817e-45,2107,32766,32766,1754,2431,3.4416422843933105
2026-04-07T09:59:25.492,radio://0/80/2M,mission,1,0,Reacquire Wall,0.49444109201431274,0,0,0,0.0,0,0,0.0,0.0,74379,0,1,4718,-0.17721329629421234,-0.1096055880188942,0.19999998807907104,1.401298464324817e-45,2107,32766,32766,1754,2431,3.4416422843933105
2026-04-07T09:59:25.495,radio://0/80/2M,flow,1,0,Reacquire Wall,0.49444109201431274,0,0,0,0.0,0,0,0.0,0.0,74629,0,0,4718,-0.18621093034744263,-0.10348989069461823,0.19999998807907104,1.401298464324817e-45,2107,32766,32766,1754,2431,3.4416422843933105
2026-04-07T09:59:25.496,radio://0/80/2M,range,1,0,Reacquire Wall,0.49444109201431274,0,0,0,0.0,0,0,0.0,0.0,74629,0,0,4718,-0.18621093034744263,-0.10348989069461823,0.19999998807907104,1.401298464324817e-45,2067,32766,32766,1797,2430,3.436363697052002
2026-04-07T09:59:25.804,radio://0/80/2M,mission,1,0,Reacquire Wall,0.5014439225196838,0,0,0,0.0,0,0,0.0,0.0,74629,0,0,4718,-0.18621093034744263,-0.10348989069461823,0.19999998807907104,1.401298464324817e-45,2067,32766,32766,1797,2430,3.436363697052002
2026-04-07T09:59:25.818,radio://0/80/2M,flow,1,0,Reacquire Wall,0.5014439225196838,0,0,0,0.0,0,0,0.0,0.0,74879,0,0,4718,-0.14373739063739777,-0.05471271649003029,0.19999998807907104,1.401298464324817e-45,2067,32766,32766,1797,2430,3.436363697052002
2026-04-07T09:59:25.838,radio://0/80/2M,range,1,0,Reacquire Wall,0.5014439225196838,0,0,0,0.0,0,0,0.0,0.0,74879,0,0,4718,-0.14373739063739777,-0.05471271649003029,0.19999998807907104,1.401298464324817e-45,2002,32766,32766,1867,2429,3.446920871734619
2026-04-07T09:59:25.993,radio://0/80/2M,mission,1,0,Reacquire Wall,0.5038074851036072,0,0,0,0.0,0,0,0.0,0.0,74879,0,0,4718,-0.14373739063739777,-0.05471271649003029,0.19999998807907104,1.401298464324817e-45,2002,32766,32766,1867,2429,3.446920871734619
2026-04-07T09:59:25.994,radio://0/80/2M,flow,1,0,Reacquire Wall,0.5038074851036072,0,0,0,0.0,0,0,0.0,0.0,75129,1,0,4718,-0.15102478861808777,-0.1206904947757721,0.19999998807907104,1.401298464324817e-45,2002,32766,32766,1867,2429,3.446920871734619
2026-04-07T09:59:25.995,radio://0/80/2M,range,1,0,Reacquire Wall,0.5038074851036072,0,0,0,0.0,0,0,0.0,0.0,75129,1,0,4718,-0.15102478861808777,-0.1206904947757721,0.19999998807907104,1.401298464324817e-45,1984,32766,32766,1884,2436,3.436363697052002
2026-04-07T09:59:26.242,radio://0/80/2M,mission,1,0,Reacquire Wall,0.5035515427589417,0,0,0,0.0,0,0,0.0,0.0,75129,1,0,4718,-0.15102478861808777,-0.1206904947757721,0.19999998807907104,1.401298464324817e-45,1984,32766,32766,1884,2436,3.436363697052002
2026-04-07T09:59:26.243,radio://0/80/2M,flow,1,0,Reacquire Wall,0.5035515427589417,0,0,0,0.0,0,0,0.0,0.0,75379,0,-4,4718,-0.13615691661834717,-0.19084526598453522,0.19999998807907104,1.401298464324817e-45,1984,32766,32766,1884,2436,3.436363697052002
2026-04-07T09:59:26.245,radio://0/80/2M,range,1,0,Reacquire Wall,0.5035515427589417,0,0,0,0.0,0,0,0.0,0.0,75379,0,-4,4718,-0.13615691661834717,-0.19084526598453522,0.19999998807907104,1.401298464324817e-45,1945,32766,32766,1954,2430,3.436363697052002
2026-04-07T09:59:26.491,radio://0/80/2M,mission,1,0,Reacquire Wall,0.5047898888587952,0,0,0,0.0,0,0,0.0,0.0,75379,0,-4,4718,-0.13615691661834717,-0.19084526598453522,0.19999998807907104,1.401298464324817e-45,1945,32766,32766,1954,2430,3.436363697052002
2026-04-07T09:59:26.494,radio://0/80/2M,flow,1,0,Reacquire Wall,0.5047898888587952,0,0,0,0.0,0,0,0.0,0.0,75629,0,0,5012,-0.080714650452137,-0.17700761556625366,0.19999998807907104,1.401298464324817e-45,1945,32766,32766,1954,2430,3.436363697052002
2026-04-07T09:59:26.495,radio://0/80/2M,range,1,0,Reacquire Wall,0.5047898888587952,0,0,0,0.0,0,0,0.0,0.0,75629,0,0,5012,-0.080714650452137,-0.17700761556625366,0.19999998807907104,1.401298464324817e-45,1898,32766,32766,1995,2430,3.436363697052002
2026-04-07T09:59:26.742,radio://0/80/2M,mission,1,0,Reacquire Wall,0.5048703551292419,0,0,0,0.0,0,0,0.0,0.0,75629,0,0,5012,-0.080714650452137,-0.17700761556625366,0.19999998807907104,1.401298464324817e-45,1898,32766,32766,1995,2430,3.436363697052002
2026-04-07T09:59:26.743,radio://0/80/2M,flow,1,0,Reacquire Wall,0.5048703551292419,0,0,0,0.0,0,0,0.0,0.0,75879,-256,-2,5012,-0.08975215256214142,-0.16575117409229279,0.19999998807907104,1.401298464324817e-45,1898,32766,32766,1995,2430,3.436363697052002
2026-04-07T09:59:26.744,radio://0/80/2M,range,1,0,Reacquire Wall,0.5048703551292419,0,0,0,0.0,0,0,0.0,0.0,75879,-256,-2,5012,-0.08975215256214142,-0.16575117409229279,0.19999998807907104,1.401298464324817e-45,1854,32766,32766,2032,2420,3.446920871734619
2026-04-07T09:59:26.990,radio://0/80/2M,mission,1,0,Reacquire Wall,0.503260612487793,0,0,0,0.0,0,0,0.0,0.0,75879,-256,-2,5012,-0.08975215256214142,-0.16575117409229279,0.19999998807907104,1.401298464324817e-45,1854,32766,32766,2032,2420,3.446920871734619
2026-04-07T09:59:26.993,radio://0/80/2M,flow,1,0,Reacquire Wall,0.503260612487793,0,0,0,0.0,0,0,0.0,0.0,76129,-4,-11,5325,-0.12748278677463531,-0.17800858616828918,-0.00022500012710224837,0.0,1854,32766,32766,2032,2420,3.446920871734619
2026-04-07T09:59:26.994,radio://0/80/2M,range,1,0,Reacquire Wall,0.503260612487793,0,0,0,0.0,0,0,0.0,0.0,76129,-4,-11,5325,-0.12748278677463531,-0.17800858616828918,-0.00022500012710224837,0.0,475,32766,32766,2067,2435,3.4416422843933105
2026-04-07T09:59:27.242,radio://0/80/2M,mission,1,0,Reacquire Wall,0.5066871643066406,0,0,0,0.0,0,0,0.0,0.0,76129,-4,-11,5325,-0.12748278677463531,-0.17800858616828918,-0.00022500012710224837,0.0,475,32766,32766,2067,2435,3.4416422843933105
2026-04-07T09:59:27.244,radio://0/80/2M,flow,1,0,Reacquire Wall,0.5066871643066406,0,0,0,0.0,0,0,0.0,0.0,76379,0,0,4993,-0.002583448076620698,0.0063271718099713326,-0.002079360419884324,0.0,475,32766,32766,2067,2435,3.4416422843933105
2026-04-07T09:59:27.245,radio://0/80/2M,range,1,0,Reacquire Wall,0.5066871643066406,0,0,0,0.0,0,0,0.0,0.0,76379,0,0,4993,-0.002583448076620698,0.0063271718099713326,-0.002079360419884324,0.0,424,32766,32766,2141,2436,3.446920871734619
2026-04-07T09:59:27.491,radio://0/80/2M,mission,1,0,Reacquire Wall,0.4968777596950531,0,0,0,0.0,0,0,0.0,0.0,76379,0,0,4993,-0.002583448076620698,0.0063271718099713326,-0.002079360419884324,0.0,424,32766,32766,2141,2436,3.446920871734619
2026-04-07T09:59:27.493,radio://0/80/2M,flow,1,0,Reacquire Wall,0.4968777596950531,0,0,0,0.0,0,0,0.0,0.0,76629,7,-256,4993,0.005274609662592411,-0.017955919727683067,-0.010160642676055431,0.0,424,32766,32766,2141,2436,3.446920871734619
2026-04-07T09:59:27.494,radio://0/80/2M,range,1,0,Reacquire Wall,0.4968777596950531,0,0,0,0.0,0,0,0.0,0.0,76629,7,-256,4993,0.005274609662592411,-0.017955919727683067,-0.010160642676055431,0.0,332,32766,32766,2143,2439,3.436363697052002
2026-04-07T09:59:27.742,radio://0/80/2M,mission,1,0,Reacquire Wall,0.4983358383178711,0,0,0,0.0,0,0,0.0,0.0,76629,7,-256,4993,0.005274609662592411,-0.017955919727683067,-0.010160642676055431,0.0,332,32766,32766,2143,2439,3.436363697052002
2026-04-07T09:59:27.743,radio://0/80/2M,flow,1,0,Reacquire Wall,0.4983358383178711,0,0,0,0.0,0,0,0.0,0.0,76879,0,-1,4993,0.023247020319104195,-0.03740065544843674,-0.013829762116074562,0.0,332,32766,32766,2143,2439,3.436363697052002
2026-04-07T09:59:27.744,radio://0/80/2M,range,1,0,Reacquire Wall,0.4983358383178711,0,0,0,0.0,0,0,0.0,0.0,76879,0,-1,4993,0.023247020319104195,-0.03740065544843674,-0.013829762116074562,0.0,304,1956,32766,1551,2420,3.4416422843933105
2026-04-07T09:59:27.990,radio://0/80/2M,mission,1,0,Reacquire Wall,0.49593493342399597,0,0,0,0.0,0,0,0.0,0.0,76879,0,-1,4993,0.023247020319104195,-0.03740065544843674,-0.013829762116074562,0.0,304,1956,32766,1551,2420,3.4416422843933105
2026-04-07T09:59:27.993,radio://0/80/2M,flow,1,0,Reacquire Wall,0.49593493342399597,0,0,0,0.0,0,0,0.0,0.0,77129,0,0,4993,0.015321471728384495,0.005799107253551483,-0.009447840973734856,0.0,304,1956,32766,1551,2420,3.4416422843933105
2026-04-07T09:59:27.994,radio://0/80/2M,range,1,0,Reacquire Wall,0.49593493342399597,0,0,0,0.0,0,0,0.0,0.0,77129,0,0,4993,0.015321471728384495,0.005799107253551483,-0.009447840973734856,0.0,338,1695,32766,1483,2420,3.4310851097106934
2026-04-07T09:59:28.240,radio://0/80/2M,mission,1,0,Reacquire Wall,0.4983175992965698,0,0,0,0.0,0,0,0.0,0.0,77129,0,0,4993,0.015321471728384495,0.005799107253551483,-0.009447840973734856,0.0,338,1695,32766,1483,2420,3.4310851097106934
2026-04-07T09:59:28.241,radio://0/80/2M,flow,1,0,Reacquire Wall,0.4983175992965698,0,0,0,0.0,0,0,0.0,0.0,77379,0,1,4993,0.03425261005759239,0.01280898042023182,0.0,0.0,338,1695,32766,1483,2420,3.4310851097106934
2026-04-07T09:59:28.243,radio://0/80/2M,range,1,0,Reacquire Wall,0.4983175992965698,0,0,0,0.0,0,0,0.0,0.0,77379,0,1,4993,0.03425261005759239,0.01280898042023182,0.0,0.0,32766,1653,32766,1486,2426,3.4416422843933105
2026-04-07T09:59:28.491,radio://0/80/2M,mission,1,0,Reacquire Wall,0.49980780482292175,0,0,0,0.0,0,0,0.0,0.0,77379,0,1,4993,0.03425261005759239,0.01280898042023182,0.0,0.0,32766,1653,32766,1486,2426,3.4416422843933105
2026-04-07T09:59:28.493,radio://0/80/2M,flow,1,0,Reacquire Wall,0.49980780482292175,0,0,0,0.0,0,0,0.0,0.0,77629,0,0,4993,0.028772391378879547,-0.0028300753328949213,0.0,0.0,32766,1653,32766,1486,2426,3.4416422843933105
2026-04-07T09:59:28.494,radio://0/80/2M,range,1,0,Reacquire Wall,0.49980780482292175,0,0,0,0.0,0,0,0.0,0.0,77629,0,0,4993,0.028772391378879547,-0.0028300753328949213,0.0,0.0,32766,1695,32766,32766,2438,3.436363697052002
2026-04-07T09:59:28.873,radio://0/80/2M,mission,1,0,Reacquire Wall,0.49883243441581726,0,0,0,0.0,0,0,0.0,0.0,77629,0,0,4993,0.028772391378879547,-0.0028300753328949213,0.0,0.0,32766,1695,32766,32766,2438,3.436363697052002
2026-04-07T09:59:28.879,radio://0/80/2M,flow,1,0,Reacquire Wall,0.49883243441581726,0,0,0,0.0,0,0,0.0,0.0,77879,0,0,4993,0.022671271115541458,-0.00962341669946909,0.0,0.0,32766,1695,32766,32766,2438,3.436363697052002
2026-04-07T09:59:28.880,radio://0/80/2M,range,1,0,Reacquire Wall,0.49883243441581726,0,0,0,0.0,0,0,0.0,0.0,77879,0,0,4993,0.022671271115541458,-0.00962341669946909,0.0,0.0,1411,1889,32766,32766,2425,3.4416422843933105
2026-04-07T09:59:28.989,radio://0/80/2M,mission,1,0,Reacquire Wall,0.49627774953842163,0,0,0,0.0,0,0,0.0,0.0,77879,0,0,4993,0.022671271115541458,-0.00962341669946909,0.0,0.0,1411,1889,32766,32766,2425,3.4416422843933105
2026-04-07T09:59:28.991,radio://0/80/2M,flow,1,0,Reacquire Wall,0.49627774953842163,0,0,0,0.0,0,0,0.0,0.0,78129,1,0,4993,0.028749363496899605,0.005718506406992674,0.0,0.0,1411,1889,32766,32766,2425,3.4416422843933105
2026-04-07T09:59:28.994,radio://0/80/2M,range,1,0,Reacquire Wall,0.49627774953842163,0,0,0,0.0,0,0,0.0,0.0,78129,1,0,4993,0.028749363496899605,0.005718506406992674,0.0,0.0,1709,32766,32766,32766,2427,3.4310851097106934
2026-04-07T09:59:29.240,radio://0/80/2M,mission,1,0,Reacquire Wall,0.4987206757068634,0,0,0,0.0,0,0,0.0,0.0,78129,1,0,4993,0.028749363496899605,0.005718506406992674,0.0,0.0,1709,32766,32766,32766,2427,3.4310851097106934
2026-04-07T09:59:29.241,radio://0/80/2M,flow,1,0,Reacquire Wall,0.4987206757068634,0,0,0,0.0,0,0,0.0,0.0,78379,1,0,4993,-0.049280352890491486,0.09538255631923676,0.1996743232011795,-0.06659067422151566,1709,32766,32766,32766,2427,3.4310851097106934
2026-04-07T09:59:29.242,radio://0/80/2M,range,1,0,Reacquire Wall,0.4987206757068634,0,0,0,0.0,0,0,0.0,0.0,78379,1,0,4993,-0.049280352890491486,0.09538255631923676,0.1996743232011795,-0.06659067422151566,32766,306,32766,32766,2422,3.436363697052002
2026-04-07T09:59:29.489,radio://0/80/2M,mission,1,0,Reacquire Wall,0.5033153295516968,0,0,0,0.0,0,0,0.0,0.0,78379,1,0,4993,-0.049280352890491486,0.09538255631923676,0.1996743232011795,-0.06659067422151566,32766,306,32766,32766,2422,3.436363697052002
2026-04-07T09:59:29.492,radio://0/80/2M,flow,1,0,Reacquire Wall,0.5033153295516968,0,0,0,0.0,0,0,0.0,0.0,78629,2,0,4993,-0.09766023606061935,0.1754079908132553,0.19999995827674866,-0.06666666269302368,32766,306,32766,32766,2422,3.436363697052002
2026-04-07T09:59:29.493,radio://0/80/2M,range,1,0,Reacquire Wall,0.5033153295516968,0,0,0,0.0,0,0,0.0,0.0,78629,2,0,4993,-0.09766023606061935,0.1754079908132553,0.19999995827674866,-0.06666666269302368,32766,371,32766,32766,2426,3.436363697052002
2026-04-07T09:59:29.744,radio://0/80/2M,mission,1,0,Reacquire Wall,0.49998167157173157,0,0,0,0.0,0,0,0.0,0.0,78629,2,0,4993,-0.09766023606061935,0.1754079908132553,0.19999995827674866,-0.06666666269302368,32766,371,32766,32766,2426,3.436363697052002
2026-04-07T09:59:29.754,radio://0/80/2M,flow,1,0,Reacquire Wall,0.49998167157173157,0,0,0,0.0,0,0,0.0,0.0,78879,3,1,4993,-0.1294410228729248,0.1298789232969284,0.19999998807907104,-0.06666666269302368,32766,371,32766,32766,2426,3.436363697052002
2026-04-07T09:59:29.763,radio://0/80/2M,range,1,0,Reacquire Wall,0.49998167157173157,0,0,0,0.0,0,0,0.0,0.0,78879,3,1,4993,-0.1294410228729248,0.1298789232969284,0.19999998807907104,-0.06666666269302368,32766,389,32766,32766,2401,3.436363697052002
2026-04-07T09:59:29.990,radio://0/80/2M,mission,1,0,Reacquire Wall,0.4984150230884552,0,0,0,0.0,0,0,0.0,0.0,78879,3,1,4993,-0.1294410228729248,0.1298789232969284,0.19999998807907104,-0.06666666269302368,32766,389,32766,32766,2401,3.436363697052002
2026-04-07T09:59:29.991,radio://0/80/2M,flow,1,0,Reacquire Wall,0.4984150230884552,0,0,0,0.0,0,0,0.0,0.0,79129,1,0,4993,-0.17466813325881958,0.04104309529066086,0.19999998807907104,-1.2772077752742916e-05,32766,389,32766,32766,2401,3.436363697052002
2026-04-07T09:59:29.992,radio://0/80/2M,range,1,0,Reacquire Wall,0.4984150230884552,0,0,0,0.0,0,0,0.0,0.0,79129,1,0,4993,-0.17466813325881958,0.04104309529066086,0.19999998807907104,-1.2772077752742916e-05,32766,469,32766,32766,2398,3.4310851097106934
2026-04-07T09:59:30.247,radio://0/80/2M,mission,1,0,Reacquire Wall,0.4951556921005249,0,0,0,0.0,0,0,0.0,0.0,79129,1,0,4993,-0.17466813325881958,0.04104309529066086,0.19999998807907104,-1.2772077752742916e-05,32766,469,32766,32766,2398,3.4310851097106934
2026-04-07T09:59:30.250,radio://0/80/2M,flow,1,0,Reacquire Wall,0.4951556921005249,0,0,0,0.0,0,0,0.0,0.0,79379,-256,-4,4993,-0.12223111838102341,-0.07140402495861053,0.0002279777982039377,-1.712822661481539e-09,32766,469,32766,32766,2398,3.4310851097106934
2026-04-07T09:59:30.258,radio://0/80/2M,range,1,0,Reacquire Wall,0.4951556921005249,0,0,0,0.0,0,0,0.0,0.0,79379,-256,-4,4993,-0.12223111838102341,-0.07140402495861053,0.0002279777982039377,-1.712822661481539e-09,1884,2067,32766,32766,2435,3.4416422843933105
2026-04-07T09:59:30.488,radio://0/80/2M,mission,1,0,Reacquire Wall,0.49687904119491577,0,0,0,0.0,0,0,0.0,0.0,79379,-256,-4,4993,-0.12223111838102341,-0.07140402495861053,0.0002279777982039377,-1.712822661481539e-09,1884,2067,32766,32766,2435,3.4416422843933105
2026-04-07T09:59:30.490,radio://0/80/2M,flow,1,0,Reacquire Wall,0.49687904119491577,0,0,0,0.0,0,0,0.0,0.0,79629,0,0,4993,-0.021184811368584633,-0.015560436993837357,3.05733820482601e-08,-2.297011322469067e-13,1884,2067,32766,32766,2435,3.4416422843933105
2026-04-07T09:59:30.492,radio://0/80/2M,range,1,0,Reacquire Wall,0.49687904119491577,0,0,0,0.0,0,0,0.0,0.0,79629,0,0,4993,-0.021184811368584633,-0.015560436993837357,3.05733820482601e-08,-2.297011322469067e-13,1902,2048,32766,32766,2435,3.4258065223693848
2026-04-07T09:59:30.737,radio://0/80/2M,mission,1,0,Reacquire Wall,0.5007293820381165,0,0,0,0.0,0,0,0.0,0.0,79629,0,0,4993,-0.021184811368584633,-0.015560436993837357,3.05733820482601e-08,-2.297011322469067e-13,1902,2048,32766,32766,2435,3.4258065223693848
2026-04-07T09:59:30.741,radio://0/80/2M,flow,1,0,Reacquire Wall,0.5007293820381165,0,0,0,0.0,0,0,0.0,0.0,79879,0,0,4993,0.0006497846334241331,-0.011810376308858395,4.1000991664319475e-12,-3.080448394416057e-17,1902,2048,32766,32766,2435,3.4258065223693848
2026-04-07T09:59:30.743,radio://0/80/2M,range,1,0,Reacquire Wall,0.5007293820381165,0,0,0,0.0,0,0,0.0,0.0,79879,0,0,4993,0.0006497846334241331,-0.011810376308858395,4.1000991664319475e-12,-3.080448394416057e-17,32766,32766,32766,32766,2418,3.4416422843933105
2026-04-07T09:59:31.117,radio://0/80/2M,mission,1,0,Reacquire Wall,0.5010471343994141,0,0,0,0.0,0,0,0.0,0.0,79879,0,0,4993,0.0006497846334241331,-0.011810376308858395,4.1000991664319475e-12,-3.080448394416057e-17,32766,32766,32766,32766,2418,3.4416422843933105
2026-04-07T09:59:31.123,radio://0/80/2M,flow,1,0,Reacquire Wall,0.5010471343994141,0,0,0,0.0,0,0,0.0,0.0,80129,-4,4,4993,-0.0395113043487072,0.028589816763997078,0.19864356517791748,-0.06621451675891876,32766,32766,32766,32766,2418,3.4416422843933105
2026-04-07T09:59:31.146,radio://0/80/2M,range,1,0,Reacquire Wall,0.5010471343994141,0,0,0,0.0,0,0,0.0,0.0,80129,-4,4,4993,-0.0395113043487072,0.028589816763997078,0.19864356517791748,-0.06621451675891876,32766,332,32766,32766,2429,3.436363697052002
2026-04-07T09:59:31.240,radio://0/80/2M,mission,1,0,Reacquire Wall,0.49847373366355896,0,0,0,0.0,0,0,0.0,0.0,80129,-4,4,4993,-0.0395113043487072,0.028589816763997078,0.19864356517791748,-0.06621451675891876,32766,332,32766,32766,2429,3.436363697052002
2026-04-07T09:59:31.241,radio://0/80/2M,flow,1,0,Reacquire Wall,0.49847373366355896,0,0,0,0.0,0,0,0.0,0.0,80379,0,-3,4993,-0.08493992686271667,0.0832577794790268,0.19999980926513672,-0.0666666105389595,32766,332,32766,32766,2429,3.436363697052002
2026-04-07T09:59:31.242,radio://0/80/2M,range,1,0,Reacquire Wall,0.49847373366355896,0,0,0,0.0,0,0,0.0,0.0,80379,0,-3,4993,-0.08493992686271667,0.0832577794790268,0.19999980926513672,-0.0666666105389595,32766,356,32766,32766,2433,3.436363697052002
2026-04-07T09:59:31.488,radio://0/80/2M,mission,1,0,Reacquire Wall,0.49449965357780457,0,0,0,0.0,0,0,0.0,0.0,80379,0,-3,4993,-0.08493992686271667,0.0832577794790268,0.19999980926513672,-0.0666666105389595,32766,356,32766,32766,2433,3.436363697052002
2026-04-07T09:59:31.489,radio://0/80/2M,flow,1,0,Reacquire Wall,0.49449965357780457,0,0,0,0.0,0,0,0.0,0.0,80629,0,255,4681,-0.0892641469836235,0.08463631570339203,0.19999998807907104,-0.06666666269302368,32766,356,32766,32766,2433,3.436363697052002
2026-04-07T09:59:31.491,radio://0/80/2M,range,1,0,Reacquire Wall,0.49449965357780457,0,0,0,0.0,0,0,0.0,0.0,80629,0,255,4681,-0.0892641469836235,0.08463631570339203,0.19999998807907104,-0.06666666269302368,32766,386,32766,32766,2437,3.4258065223693848
2026-04-07T09:59:31.738,radio://0/80/2M,mission,1,0,Reacquire Wall,0.49334070086479187,0,0,0,0.0,0,0,0.0,0.0,80629,0,255,4681,-0.0892641469836235,0.08463631570339203,0.19999998807907104,-0.06666666269302368,32766,386,32766,32766,2437,3.4258065223693848
2026-04-07T09:59:31.740,radio://0/80/2M,flow,1,0,Reacquire Wall,0.49334070086479187,0,0,0,0.0,0,0,0.0,0.0,80879,-1,0,4681,-0.12551958858966827,0.04928846284747124,0.19999998807907104,-7.59926115279086e-05,32766,386,32766,32766,2437,3.4258065223693848
2026-04-07T09:59:31.741,radio://0/80/2M,range,1,0,Reacquire Wall,0.49334070086479187,0,0,0,0.0,0,0,0.0,0.0,80879,-1,0,4681,-0.12551958858966827,0.04928846284747124,0.19999998807907104,-7.59926115279086e-05,32766,422,32766,32766,2435,3.436363697052002
2026-04-07T09:59:31.988,radio://0/80/2M,mission,1,0,Reacquire Wall,0.5013282299041748,0,0,0,0.0,0,0,0.0,0.0,80879,-1,0,4681,-0.12551958858966827,0.04928846284747124,0.19999998807907104,-7.59926115279086e-05,32766,422,32766,32766,2435,3.436363697052002
2026-04-07T09:59:31.989,radio://0/80/2M,flow,1,0,Reacquire Wall,0.5013282299041748,0,0,0,0.0,0,0,0.0,0.0,81129,7,253,4681,-0.17325426638126373,0.06795572489500046,0.04801999405026436,-1.019112794153898e-08,32766,422,32766,32766,2435,3.436363697052002
2026-04-07T09:59:31.990,radio://0/80/2M,range,1,0,Reacquire Wall,0.5013282299041748,0,0,0,0.0,0,0,0.0,0.0,81129,7,253,4681,-0.17325426638126373,0.06795572489500046,0.04801999405026436,-1.019112794153898e-08,32766,32766,32766,32766,2433,3.436363697052002
2026-04-07T09:59:32.237,radio://0/80/2M,mission,1,0,Reacquire Wall,0.5013442039489746,0,0,0,0.0,0,0,0.0,0.0,81129,7,253,4681,-0.17325426638126373,0.06795572489500046,0.04801999405026436,-1.019112794153898e-08,32766,32766,32766,32766,2433,3.436363697052002
2026-04-07T09:59:32.239,radio://0/80/2M,flow,1,0,Reacquire Wall,0.5013442039489746,0,0,0,0.0,0,0,0.0,0.0,81379,0,0,4973,-0.03878818824887276,0.03544038161635399,6.439807748392923e-06,-1.3666993968833308e-12,32766,32766,32766,32766,2433,3.436363697052002
2026-04-07T09:59:32.241,radio://0/80/2M,range,1,0,Reacquire Wall,0.5013442039489746,0,0,0,0.0,0,0,0.0,0.0,81379,0,0,4973,-0.03878818824887276,0.03544038161635399,6.439807748392923e-06,-1.3666993968833308e-12,32766,2288,32766,1398,2429,3.4310851097106934
2026-04-07T09:59:32.486,radio://0/80/2M,mission,1,0,Reacquire Wall,0.49902546405792236,0,0,0,0.0,0,0,0.0,0.0,81379,0,0,4973,-0.03878818824887276,0.03544038161635399,6.439807748392923e-06,-1.3666993968833308e-12,32766,2288,32766,1398,2429,3.4310851097106934
2026-04-07T09:59:32.490,radio://0/80/2M,flow,1,0,Reacquire Wall,0.49902546405792236,0,0,0,0.0,0,0,0.0,0.0,81629,8,2,5613,-0.004323654342442751,0.007428098935633898,8.636222847968611e-10,-1.8328367580951508e-16,32766,2288,32766,1398,2429,3.4310851097106934
2026-04-07T09:59:32.491,radio://0/80/2M,range,1,0,Reacquire Wall,0.49902546405792236,0,0,0,0.0,0,0,0.0,0.0,81629,8,2,5613,-0.004323654342442751,0.007428098935633898,8.636222847968611e-10,-1.8328367580951508e-16,32766,2303,32766,1403,2439,3.4258065223693848
2026-04-07T09:59:32.737,radio://0/80/2M,mission,1,0,Reacquire Wall,0.4966167211532593,0,0,0,0.0,0,0,0.0,0.0,81629,8,2,5613,-0.004323654342442751,0.007428098935633898,8.636222847968611e-10,-1.8328367580951508e-16,32766,2303,32766,1403,2439,3.4258065223693848
2026-04-07T09:59:32.738,radio://0/80/2M,flow,1,0,Reacquire Wall,0.4966167211532593,0,0,0,0.0,0,0,0.0,0.0,81879,0,3,5613,0.06027165800333023,0.040994469076395035,1.1581763380372895e-13,-2.4579583044720853e-20,32766,2303,32766,1403,2439,3.4258065223693848
2026-04-07T09:59:32.739,radio://0/80/2M,range,1,0,Reacquire Wall,0.4966167211532593,0,0,0,0.0,0,0,0.0,0.0,81879,0,3,5613,0.06027165800333023,0.040994469076395035,1.1581763380372895e-13,-2.4579583044720853e-20,32766,2270,32766,1353,2432,3.4310851097106934
2026-04-07T09:59:32.987,radio://0/80/2M,mission,1,0,Reacquire Wall,0.49931496381759644,0,0,0,0.0,0,0,0.0,0.0,81879,0,3,5613,0.06027165800333023,0.040994469076395035,1.1581763380372895e-13,-2.4579583044720853e-20,32766,2270,32766,1353,2432,3.4310851097106934
2026-04-07T09:59:32.988,radio://0/80/2M,flow,1,0,Reacquire Wall,0.49931496381759644,0,0,0,0.0,0,0,0.0,0.0,82129,0,2,5263,0.028478041291236877,-0.056001629680395126,1.5531933965961248e-17,-3.296289016269696e-24,32766,2270,32766,1353,2432,3.4310851097106934
2026-04-07T09:59:32.989,radio://0/80/2M,range,1,0,Reacquire Wall,0.49931496381759644,0,0,0,0.0,0,0,0.0,0.0,82129,0,2,5263,0.028478041291236877,-0.056001629680395126,1.5531933965961248e-17,-3.296289016269696e-24,32766,32766,32766,1292,2415,3.436363697052002
2026-04-07T09:59:33.236,radio://0/80/2M,mission,1,0,Reacquire Wall,0.5031837224960327,0,0,0,0.0,0,0,0.0,0.0,82129,0,2,5263,0.028478041291236877,-0.056001629680395126,1.5531933965961248e-17,-3.296289016269696e-24,32766,32766,32766,1292,2415,3.436363697052002
2026-04-07T09:59:33.238,radio://0/80/2M,flow,1,0,Reacquire Wall,0.5031837224960327,0,0,0,0.0,0,0,0.0,0.0,82379,2,0,5263,-0.05784827843308449,0.03629758208990097,0.19977203011512756,-0.06659067422151566,32766,32766,32766,1292,2415,3.436363697052002
2026-04-07T09:59:33.240,radio://0/80/2M,range,1,0,Reacquire Wall,0.5031837224960327,0,0,0,0.0,0,0,0.0,0.0,82379,2,0,5263,-0.05784827843308449,0.03629758208990097,0.19977203011512756,-0.06659067422151566,32766,323,32766,1252,2424,3.4416422843933105
2026-04-07T09:59:33.485,radio://0/80/2M,mission,1,0,Reacquire Wall,0.4999895691871643,0,0,0,0.0,0,0,0.0,0.0,82379,2,0,5263,-0.05784827843308449,0.03629758208990097,0.19977203011512756,-0.06659067422151566,32766,323,32766,1252,2424,3.4416422843933105
2026-04-07T09:59:33.488,radio://0/80/2M,flow,1,0,Reacquire Wall,0.4999895691871643,0,0,0,0.0,0,0,0.0,0.0,82629,0,0,4935,-0.08556945621967316,0.09422241151332855,0.19999997317790985,-0.06666666269302368,32766,323,32766,1252,2424,3.4416422843933105
2026-04-07T09:59:33.490,radio://0/80/2M,range,1,0,Reacquire Wall,0.4999895691871643,0,0,0,0.0,0,0,0.0,0.0,82629,0,0,4935,-0.08556945621967316,0.09422241151332855,0.19999997317790985,-0.06666666269302368,32766,338,3074,32766,2430,3.4258065223693848
2026-04-07T09:59:33.736,radio://0/80/2M,mission,1,0,Reacquire Wall,0.4959056079387665,0,0,0,0.0,0,0,0.0,0.0,82629,0,0,4935,-0.08556945621967316,0.09422241151332855,0.19999997317790985,-0.06666666269302368,32766,338,3074,32766,2430,3.4258065223693848
2026-04-07T09:59:33.738,radio://0/80/2M,flow,1,0,Reacquire Wall,0.4959056079387665,0,0,0,0.0,0,0,0.0,0.0,82879,-1,-5,4935,-0.17319156229496002,0.05018278956413269,0.19999998807907104,-0.06666666269302368,32766,338,3074,32766,2430,3.4258065223693848
2026-04-07T09:59:33.740,radio://0/80/2M,range,1,0,Reacquire Wall,0.4959056079387665,0,0,0,0.0,0,0,0.0,0.0,82879,-1,-5,4935,-0.17319156229496002,0.05018278956413269,0.19999998807907104,-0.06666666269302368,32766,356,32766,1290,2422,3.4310851097106934
2026-04-07T09:59:33.985,radio://0/80/2M,mission,1,0,Reacquire Wall,0.5005358457565308,0,0,0,0.0,0,0,0.0,0.0,82879,-1,-5,4935,-0.17319156229496002,0.05018278956413269,0.19999998807907104,-0.06666666269302368,32766,356,32766,1290,2422,3.4310851097106934
2026-04-07T09:59:33.988,radio://0/80/2M,flow,1,0,Reacquire Wall,0.5005358457565308,0,0,0,0.0,0,0,0.0,0.0,83129,0,-1,5570,-0.17526286840438843,-0.04239092394709587,0.19999998807907104,-0.06666666269302368,32766,356,32766,1290,2422,3.4310851097106934
2026-04-07T09:59:33.989,radio://0/80/2M,range,1,0,Reacquire Wall,0.5005358457565308,0,0,0,0.0,0,0,0.0,0.0,83129,0,-1,5570,-0.17526286840438843,-0.04239092394709587,0.19999998807907104,-0.06666666269302368,32766,397,32766,1356,2425,3.436363697052002
2026-04-07T09:59:34.236,radio://0/80/2M,mission,1,5,Transition,0.5005499720573425,0,0,0,0.0,0,0,0.0,0.0,83129,0,-1,5570,-0.17526286840438843,-0.04239092394709587,0.19999998807907104,-0.06666666269302368,32766,397,32766,1356,2425,3.436363697052002
2026-04-07T09:59:34.238,radio://0/80/2M,flow,1,5,Transition,0.5005499720573425,0,0,0,0.0,0,0,0.0,0.0,83379,-22,-2,5570,-0.0952695906162262,0.05884575843811035,7.819638267392293e-05,-2.606546513561625e-05,32766,397,32766,1356,2425,3.436363697052002
2026-04-07T09:59:34.239,radio://0/80/2M,range,1,5,Transition,0.5005499720573425,0,0,0,0.0,0,0,0.0,0.0,83379,-22,-2,5570,-0.0952695906162262,0.05884575843811035,7.819638267392293e-05,-2.606546513561625e-05,32766,2424,32766,1323,2426,3.4416422843933105
2026-04-07T09:59:34.485,radio://0/80/2M,mission,1,2,Scan,0.4990880787372589,0,0,0,0.0,0,0,0.0,0.0,83379,-22,-2,5570,-0.0952695906162262,0.05884575843811035,7.819638267392293e-05,-2.606546513561625e-05,32766,2424,32766,1323,2426,3.4416422843933105
2026-04-07T09:59:34.487,radio://0/80/2M,flow,1,2,Scan,0.4990880787372589,0,0,0,0.0,0,0,0.0,0.0,83629,5,0,5570,-0.009204153902828693,0.014253176748752594,1.0486669310694197e-08,-3.4955567329575388e-09,32766,2424,32766,1323,2426,3.4416422843933105
2026-04-07T09:59:34.488,radio://0/80/2M,range,1,2,Scan,0.4990880787372589,0,0,0,0.0,0,0,0.0,0.0,83629,5,0,5570,-0.009204153902828693,0.014253176748752594,1.0486669310694197e-08,-3.4955567329575388e-09,32766,2567,32766,1314,2428,3.4258065223693848
2026-04-07T09:59:34.736,radio://0/80/2M,mission,1,2,Scan,0.4943937063217163,0,0,0,0.0,0,0,0.0,0.0,83629,5,0,5570,-0.009204153902828693,0.014253176748752594,1.0486669310694197e-08,-3.4955567329575388e-09,32766,2567,32766,1314,2428,3.4258065223693848
2026-04-07T09:59:34.738,radio://0/80/2M,flow,1,2,Scan,0.4943937063217163,0,0,0,0.0,0,0,0.0,0.0,83879,2,0,5570,0.04633386433124542,0.084979347884655,1.4063339251815798e-12,-4.687778485702732e-13,32766,2567,32766,1314,2428,3.4258065223693848
2026-04-07T09:59:34.739,radio://0/80/2M,range,1,2,Scan,0.4943937063217163,0,0,0,0.0,0,0,0.0,0.0,83879,2,0,5570,0.04633386433124542,0.084979347884655,1.4063339251815798e-12,-4.687778485702732e-13,32766,2635,32766,1431,2416,3.436363697052002
2026-04-07T09:59:34.985,radio://0/80/2M,mission,1,2,Scan,0.4975641965866089,0,0,0,0.0,0,0,0.0,0.0,83879,2,0,5570,0.04633386433124542,0.084979347884655,1.4063339251815798e-12,-4.687778485702732e-13,32766,2635,32766,1431,2416,3.436363697052002
2026-04-07T09:59:34.986,radio://0/80/2M,flow,1,2,Scan,0.4975641965866089,0,0,0,0.0,0,0,0.0,0.0,84129,0,-251,5570,0.006639192812144756,-0.01271306723356247,-0.017647018656134605,-6.286629565429154e-17,32766,2635,32766,1431,2416,3.436363697052002
2026-04-07T09:59:34.988,radio://0/80/2M,range,1,2,Scan,0.4975641965866089,0,0,0,0.0,0,0,0.0,0.0,84129,0,-251,5570,0.006639192812144756,-0.01271306723356247,-0.017647018656134605,-6.286629565429154e-17,300,32766,32766,1756,2403,3.4310851097106934
2026-04-07T09:59:35.235,radio://0/80/2M,mission,1,2,Scan,0.5013505220413208,0,0,0,0.0,0,0,0.0,0.0,84129,0,-251,5570,0.006639192812144756,-0.01271306723356247,-0.017647018656134605,-6.286629565429154e-17,300,32766,32766,1756,2403,3.4310851097106934
2026-04-07T09:59:35.236,radio://0/80/2M,flow,1,2,Scan,0.5013505220413208,0,0,0,0.0,0,0,0.0,0.0,84379,0,-8,5570,0.004726775921881199,-0.00460386648774147,-0.016082551330327988,-8.430796863170218e-21,300,32766,32766,1756,2403,3.4310851097106934
2026-04-07T09:59:35.237,radio://0/80/2M,range,1,2,Scan,0.5013505220413208,0,0,0,0.0,0,0,0.0,0.0,84379,0,-8,5570,0.004726775921881199,-0.00460386648774147,-0.016082551330327988,-8.430796863170218e-21,343,32766,32766,1661,2403,3.436363697052002
2026-04-07T09:59:35.485,radio://0/80/2M,mission,1,2,Scan,0.5025092363357544,0,0,0,0.0,0,0,0.0,0.0,84379,0,-8,5570,0.004726775921881199,-0.00460386648774147,-0.016082551330327988,-8.430796863170218e-21,343,32766,32766,1661,2403,3.436363697052002
2026-04-07T09:59:35.488,radio://0/80/2M,flow,1,2,Scan,0.5025092363357544,0,0,0,0.0,0,0,0.0,0.0,84630,24,18,5570,0.0261978842318058,-0.0039058076217770576,-0.020258065313100815,-1.1306271024065761e-24,343,32766,32766,1661,2403,3.436363697052002
2026-04-07T09:59:35.489,radio://0/80/2M,range,1,2,Scan,0.5025092363357544,0,0,0,0.0,0,0,0.0,0.0,84630,24,18,5570,0.0261978842318058,-0.0039058076217770576,-0.020258065313100815,-1.1306271024065761e-24,271,32766,32766,1616,2391,3.4310851097106934
2026-04-07T09:59:35.734,radio://0/80/2M,mission,1,2,Scan,0.5006617307662964,0,0,0,0.0,0,0,0.0,0.0,84630,24,18,5570,0.0261978842318058,-0.0039058076217770576,-0.020258065313100815,-1.1306271024065761e-24,271,32766,32766,1616,2391,3.4310851097106934
2026-04-07T09:59:35.736,radio://0/80/2M,flow,1,2,Scan,0.5006617307662964,0,0,0,0.0,0,0,0.0,0.0,84879,0,-7,5222,-0.03604128584265709,0.03281065449118614,-0.021261174231767654,-1.5162476914352629e-28,271,32766,32766,1616,2391,3.4310851097106934
2026-04-07T09:59:35.737,radio://0/80/2M,range,1,2,Scan,0.5006617307662964,0,0,0,0.0,0,0,0.0,0.0,84879,0,-7,5222,-0.03604128584265709,0.03281065449118614,-0.021261174231767654,-1.5162476914352629e-28,310,32766,32766,2863,2337,3.436363697052002
2026-04-07T09:59:35.984,radio://0/80/2M,mission,1,2,Scan,0.504717230796814,0,0,0,0.0,0,0,0.0,0.0,84879,0,-7,5222,-0.03604128584265709,0.03281065449118614,-0.021261174231767654,-1.5162476914352629e-28,310,32766,32766,2863,2337,3.436363697052002
2026-04-07T09:59:35.986,radio://0/80/2M,flow,1,2,Scan,0.504717230796814,0,0,0,0.0,0,0,0.0,0.0,85129,-2,-2,5222,-0.045045316219329834,-0.018551064655184746,-0.0005436136852949858,-2.0333914338875016e-32,310,32766,32766,2863,2337,3.436363697052002
2026-04-07T09:59:35.987,radio://0/80/2M,range,1,2,Scan,0.504717230796814,0,0,0,0.0,0,0,0.0,0.0,85129,-2,-2,5222,-0.045045316219329834,-0.018551064655184746,-0.0005436136852949858,-2.0333914338875016e-32,32766,32766,32766,2691,2335,3.4310851097106934
2026-04-07T09:59:36.234,radio://0/80/2M,mission,1,2,Scan,0.5006424784660339,0,0,0,0.0,0,0,0.0,0.0,85129,-2,-2,5222,-0.045045316219329834,-0.018551064655184746,-0.0005436136852949858,-2.0333914338875016e-32,32766,32766,32766,2691,2335,3.4310851097106934
2026-04-07T09:59:36.236,radio://0/80/2M,flow,1,2,Scan,0.5006424784660339,0,0,0,0.0,0,0,0.0,0.0,85379,0,0,5222,0.036551810801029205,-0.04367738217115402,-0.02740117721259594,-2.726916408336295e-36,32766,32766,32766,2691,2335,3.4310851097106934
2026-04-07T09:59:36.237,radio://0/80/2M,range,1,2,Scan,0.5006424784660339,0,0,0,0.0,0,0,0.0,0.0,85379,0,0,5222,0.036551810801029205,-0.04367738217115402,-0.02740117721259594,-2.726916408336295e-36,231,32766,32766,2679,2367,3.436363697052002
2026-04-07T09:59:36.484,radio://0/80/2M,mission,1,2,Scan,0.49964091181755066,0,0,0,0.0,0,0,0.0,0.0,85379,0,0,5222,0.036551810801029205,-0.04367738217115402,-0.02740117721259594,-2.726916408336295e-36,231,32766,32766,2679,2367,3.436363697052002
2026-04-07T09:59:36.485,radio://0/80/2M,flow,1,2,Scan,0.49964091181755066,0,0,0,0.0,0,0,0.0,0.0,85629,0,-1,5222,0.04367733746767044,-0.029361551627516747,-0.027210503816604614,-3.6569826153331184e-40,231,32766,32766,2679,2367,3.436363697052002
2026-04-07T09:59:36.487,radio://0/80/2M,range,1,2,Scan,0.49964091181755066,0,0,0,0.0,0,0,0.0,0.0,85629,0,-1,5222,0.04367733746767044,-0.029361551627516747,-0.027210503816604614,-3.6569826153331184e-40,228,1514,1543,32766,2385,3.4310851097106934
2026-04-07T09:59:36.733,radio://0/80/2M,mission,1,2,Scan,0.49772369861602783,0,0,0,0.0,0,0,0.0,0.0,85629,0,-1,5222,0.04367733746767044,-0.029361551627516747,-0.027210503816604614,-3.6569826153331184e-40,228,1514,1543,32766,2385,3.4310851097106934
2026-04-07T09:59:36.735,radio://0/80/2M,flow,1,2,Scan,0.49772369861602783,0,0,0,0.0,0,0,0.0,0.0,85879,255,0,5222,0.019946197047829628,0.019551077857613564,-0.025644179433584213,-4.90454462513686e-44,228,1514,1543,32766,2385,3.4310851097106934
2026-04-07T09:59:36.737,radio://0/80/2M,range,1,2,Scan,0.49772369861602783,0,0,0,0.0,0,0,0.0,0.0,85879,255,0,5222,0.019946197047829628,0.019551077857613564,-0.025644179433584213,-4.90454462513686e-44,250,1495,1573,32766,2393,3.4258065223693848
2026-04-07T09:59:36.983,radio://0/80/2M,mission,1,2,Scan,0.5000789761543274,0,0,0,0.0,0,0,0.0,0.0,85879,255,0,5222,0.019946197047829628,0.019551077857613564,-0.025644179433584213,-4.90454462513686e-44,250,1495,1573,32766,2393,3.4258065223693848
2026-04-07T09:59:36.986,radio://0/80/2M,flow,1,2,Scan,0.5000789761543274,0,0,0,0.0,0,0,0.0,0.0,86129,4,1,5222,0.015275717712938786,0.025775177404284477,-0.018902186304330826,-1.401298464324817e-45,250,1495,1573,32766,2393,3.4258065223693848
2026-04-07T09:59:36.987,radio://0/80/2M,range,1,2,Scan,0.5000789761543274,0,0,0,0.0,0,0,0.0,0.0,86129,4,1,5222,0.015275717712938786,0.025775177404284477,-0.018902186304330826,-1.401298464324817e-45,316,1356,32766,32766,2389,3.4310851097106934
2026-04-07T09:59:37.234,radio://0/80/2M,mission,1,2,Scan,0.501031219959259,0,0,0,0.0,0,0,0.0,0.0,86129,4,1,5222,0.015275717712938786,0.025775177404284477,-0.018902186304330826,-1.401298464324817e-45,316,1356,32766,32766,2389,3.4310851097106934
2026-04-07T09:59:37.236,radio://0/80/2M,flow,1,2,Scan,0.501031219959259,0,0,0,0.0,0,0,0.0,0.0,86379,8,-4,5548,0.011629250831902027,0.01690027117729187,-1.0344586371502373e-05,-1.401298464324817e-45,316,1356,32766,32766,2389,3.4310851097106934
2026-04-07T09:59:37.237,radio://0/80/2M,range,1,2,Scan,0.501031219959259,0,0,0,0.0,0,0,0.0,0.0,86379,8,-4,5548,0.011629250831902027,0.01690027117729187,-1.0344586371502373e-05,-1.401298464324817e-45,2677,1426,32766,32766,2419,3.4310851097106934
2026-04-07T09:59:37.482,radio://0/80/2M,mission,1,2,Scan,0.49775657057762146,0,0,0,0.0,0,0,0.0,0.0,86379,8,-4,5548,0.011629250831902027,0.01690027117729187,-1.0344586371502373e-05,-1.401298464324817e-45,2677,1426,32766,32766,2419,3.4310851097106934
2026-04-07T09:59:37.484,radio://0/80/2M,flow,1,2,Scan,0.49775657057762146,0,0,0,0.0,0,0,0.0,0.0,86629,0,-1,5548,-0.036444976925849915,-0.07777482271194458,-1.3872796245095742e-09,-1.401298464324817e-45,2677,1426,32766,32766,2419,3.4310851097106934
2026-04-07T09:59:37.486,radio://0/80/2M,range,1,2,Scan,0.49775657057762146,0,0,0,0.0,0,0,0.0,0.0,86629,0,-1,5548,-0.036444976925849915,-0.07777482271194458,-1.3872796245095742e-09,-1.401298464324817e-45,32766,1799,2116,32766,2425,3.4258065223693848
2026-04-07T09:59:37.733,radio://0/80/2M,mission,1,2,Scan,0.4987115263938904,0,0,0,0.0,0,0,0.0,0.0,86629,0,-1,5548,-0.036444976925849915,-0.07777482271194458,-1.3872796245095742e-09,-1.401298464324817e-45,32766,1799,2116,32766,2425,3.4258065223693848
2026-04-07T09:59:37.735,radio://0/80/2M,flow,1,2,Scan,0.4987115263938904,0,0,0,0.0,0,0,0.0,0.0,86879,-1,2,5548,-0.00542436633259058,-0.03845592215657234,-1.8604365823512298e-13,-1.401298464324817e-45,32766,1799,2116,32766,2425,3.4258065223693848
2026-04-07T09:59:37.736,radio://0/80/2M,range,1,2,Scan,0.4987115263938904,0,0,0,0.0,0,0,0.0,0.0,86879,-1,2,5548,-0.00542436633259058,-0.03845592215657234,-1.8604365823512298e-13,-1.401298464324817e-45,32766,1820,32766,32766,2431,3.4310851097106934
2026-04-07T09:59:37.982,radio://0/80/2M,mission,1,2,Scan,0.5002286434173584,0,0,0,0.0,0,0,0.0,0.0,86879,-1,2,5548,-0.00542436633259058,-0.03845592215657234,-1.8604365823512298e-13,-1.401298464324817e-45,32766,1820,32766,32766,2431,3.4310851097106934
2026-04-07T09:59:37.985,radio://0/80/2M,flow,1,2,Scan,0.5002286434173584,0,0,0,0.0,0,0,0.0,0.0,87130,-2,0,5548,0.027450166642665863,0.010523771867156029,-2.494971611212249e-17,0.010972049087285995,32766,1820,32766,32766,2431,3.4310851097106934
2026-04-07T09:59:37.986,radio://0/80/2M,range,1,2,Scan,0.5002286434173584,0,0,0,0.0,0,0,0.0,0.0,87130,-2,0,5548,0.027450166642665863,0.010523771867156029,-2.494971611212249e-17,0.010972049087285995,32766,1691,388,32766,2433,3.4258065223693848
2026-04-07T09:59:38.232,radio://0/80/2M,mission,1,2,Scan,0.4994814395904541,0,0,0,0.0,0,0,0.0,0.0,87130,-2,0,5548,0.027450166642665863,0.010523771867156029,-2.494971611212249e-17,0.010972049087285995,32766,1691,388,32766,2433,3.4258065223693848
2026-04-07T09:59:38.233,radio://0/80/2M,flow,1,2,Scan,0.4994814395904541,0,0,0,0.0,0,0,0.0,0.0,87379,0,2,5202,-0.015608107671141624,0.020374255254864693,-3.3459267965765654e-21,0.014629319310188293,32766,1691,388,32766,2433,3.4258065223693848
2026-04-07T09:59:38.235,radio://0/80/2M,range,1,2,Scan,0.4994814395904541,0,0,0,0.0,0,0,0.0,0.0,87379,0,2,5202,-0.015608107671141624,0.020374255254864693,-3.3459267965765654e-21,0.014629319310188293,32766,1658,353,32766,2432,3.4310851097106934
2026-04-07T09:59:38.483,radio://0/80/2M,mission,1,2,Scan,0.5026978850364685,0,0,0,0.0,0,0,0.0,0.0,87379,0,2,5202,-0.015608107671141624,0.020374255254864693,-3.3459267965765654e-21,0.014629319310188293,32766,1658,353,32766,2432,3.4310851097106934
2026-04-07T09:59:38.484,radio://0/80/2M,flow,1,2,Scan,0.5026978850364685,0,0,0,0.0,0,0,0.0,0.0,87629,0,-1,4573,0.0027865110896527767,-0.0287907924503088,-4.487116756759243e-25,0.022213496267795563,32766,1658,353,32766,2432,3.4310851097106934
2026-04-07T09:59:38.485,radio://0/80/2M,range,1,2,Scan,0.5026978850364685,0,0,0,0.0,0,0,0.0,0.0,87629,0,-1,4573,0.0027865110896527767,-0.0287907924503088,-4.487116756759243e-25,0.022213496267795563,32766,32766,271,32766,2434,3.4258065223693848
2026-04-07T09:59:38.732,radio://0/80/2M,mission,1,2,Scan,0.5022881031036377,0,0,0,0.0,0,0,0.0,0.0,87629,0,-1,4573,0.0027865110896527767,-0.0287907924503088,-4.487116756759243e-25,0.022213496267795563,32766,32766,271,32766,2434,3.4258065223693848
2026-04-07T09:59:38.733,radio://0/80/2M,flow,1,2,Scan,0.5022881031036377,0,0,0,0.0,0,0,0.0,0.0,87879,-1,-2,4573,0.12529051303863525,-0.04641091823577881,-6.017528388932815e-29,0.021303802728652954,32766,32766,271,32766,2434,3.4258065223693848
2026-04-07T09:59:38.735,radio://0/80/2M,range,1,2,Scan,0.5022881031036377,0,0,0,0.0,0,0,0.0,0.0,87879,-1,-2,4573,0.12529051303863525,-0.04641091823577881,-6.017528388932815e-29,0.021303802728652954,32766,2869,288,1902,2421,3.4258065223693848
2026-04-07T09:59:38.981,radio://0/80/2M,mission,1,2,Scan,0.5031312108039856,0,0,0,0.0,0,0,0.0,0.0,87879,-1,-2,4573,0.12529051303863525,-0.04641091823577881,-6.017528388932815e-29,0.021303802728652954,32766,2869,288,1902,2421,3.4258065223693848
2026-04-07T09:59:38.984,radio://0/80/2M,flow,1,2,Scan,0.5031312108039856,0,0,0,0.0,0,0,0.0,0.0,88129,-4,-6,4858,0.08688249439001083,-0.021011823788285255,-8.069917124556795e-33,0.026091305539011955,32766,2869,288,1902,2421,3.4258065223693848
2026-04-07T09:59:38.986,radio://0/80/2M,range,1,2,Scan,0.5031312108039856,0,0,0,0.0,0,0,0.0,0.0,88129,-4,-6,4858,0.08688249439001083,-0.021011823788285255,-8.069917124556795e-33,0.026091305539011955,1095,32766,241,32766,2399,3.420527935028076
2026-04-07T09:59:39.233,radio://0/80/2M,mission,1,2,Scan,0.5026300549507141,0,0,0,0.0,0,0,0.0,0.0,88129,-4,-6,4858,0.08688249439001083,-0.021011823788285255,-8.069917124556795e-33,0.026091305539011955,1095,32766,241,32766,2399,3.420527935028076
2026-04-07T09:59:39.234,radio://0/80/2M,flow,1,2,Scan,0.5026300549507141,0,0,0,0.0,0,0,0.0,0.0,88379,5,253,5161,0.012460698373615742,0.012379102408885956,-1.0822308306356599e-36,0.00797587726265192,1095,32766,241,32766,2399,3.420527935028076
2026-04-07T09:59:39.235,radio://0/80/2M,range,1,2,Scan,0.5026300549507141,0,0,0,0.0,0,0,0.0,0.0,88379,5,253,5161,0.012460698373615742,0.012379102408885956,-1.0822308306356599e-36,0.00797587726265192,1041,32766,425,32766,2385,3.436363697052002
2026-04-07T09:59:39.482,radio://0/80/2M,mission,1,2,Scan,0.49825721979141235,0,0,0,0.0,0,0,0.0,0.0,88379,5,253,5161,0.012460698373615742,0.012379102408885956,-1.0822308306356599e-36,0.00797587726265192,1041,32766,425,32766,2385,3.436363697052002
2026-04-07T09:59:39.486,radio://0/80/2M,flow,1,2,Scan,0.49825721979141235,0,0,0,0.0,0,0,0.0,0.0,88629,0,-2,5161,-0.0030372892506420612,0.06640125811100006,-1.4513528454704995e-40,0.014211633242666721,1041,32766,425,32766,2385,3.436363697052002
2026-04-07T09:59:39.487,radio://0/80/2M,range,1,2,Scan,0.49825721979141235,0,0,0,0.0,0,0,0.0,0.0,88629,0,-2,5161,-0.0030372892506420612,0.06640125811100006,-1.4513528454704995e-40,0.014211633242666721,1036,32766,313,32766,2397,3.4258065223693848
2026-04-07T09:59:39.769,radio://0/80/2M,mission,1,2,Scan,0.5033645033836365,0,0,0,0.0,0,0,0.0,0.0,88629,0,-2,5161,-0.0030372892506420612,0.06640125811100006,-1.4513528454704995e-40,0.014211633242666721,1036,32766,313,32766,2397,3.4258065223693848
2026-04-07T09:59:39.771,radio://0/80/2M,flow,1,2,Scan,0.5033645033836365,0,0,0,0.0,0,0,0.0,0.0,88879,1,0,5161,0.04301447048783302,0.00767638860270381,-1.961817850054744e-44,0.02509395405650139,1036,32766,313,32766,2397,3.4258065223693848
2026-04-07T09:59:39.772,radio://0/80/2M,range,1,2,Scan,0.5033645033836365,0,0,0,0.0,0,0,0.0,0.0,88879,1,0,5161,0.04301447048783302,0.00767638860270381,-1.961817850054744e-44,0.02509395405650139,986,32766,248,32766,2361,3.436363697052002
2026-04-07T09:59:39.990,radio://0/80/2M,mission,1,2,Scan,0.5047667622566223,0,0,0,0.0,0,0,0.0,0.0,88879,1,0,5161,0.04301447048783302,0.00767638860270381,-1.961817850054744e-44,0.02509395405650139,986,32766,248,32766,2361,3.436363697052002
2026-04-07T09:59:39.992,radio://0/80/2M,flow,1,2,Scan,0.5047667622566223,0,0,0,0.0,0,0,0.0,0.0,89129,26,8,5161,0.014112476259469986,-0.03801260516047478,-1.401298464324817e-45,0.030617861077189445,986,32766,248,32766,2361,3.436363697052002
2026-04-07T09:59:39.994,radio://0/80/2M,range,1,2,Scan,0.5047667622566223,0,0,0,0.0,0,0,0.0,0.0,89129,26,8,5161,0.014112476259469986,-0.03801260516047478,-1.401298464324817e-45,0.030617861077189445,907,32766,191,32766,2357,3.4258065223693848
2026-04-07T09:59:40.231,radio://0/80/2M,mission,1,2,Scan,0.5003872513771057,0,0,0,0.0,0,0,0.0,0.0,89129,26,8,5161,0.014112476259469986,-0.03801260516047478,-1.401298464324817e-45,0.030617861077189445,907,32766,191,32766,2357,3.4258065223693848
2026-04-07T09:59:40.232,radio://0/80/2M,flow,1,2,Scan,0.5003872513771057,0,0,0,0.0,0,0,0.0,0.0,89379,-254,-5,5483,-0.0323447622358799,-0.0014678963925689459,0.0076800002716481686,0.027347201481461525,907,32766,191,32766,2357,3.4258065223693848
2026-04-07T09:59:40.234,radio://0/80/2M,range,1,2,Scan,0.5003872513771057,0,0,0,0.0,0,0,0.0,0.0,89379,-254,-5,5483,-0.0323447622358799,-0.0014678963925689459,0.0076800002716481686,0.027347201481461525,865,32766,227,244,2421,3.4258065223693848
2026-04-07T09:59:40.481,radio://0/80/2M,mission,1,2,Scan,0.49723485112190247,0,0,0,0.0,0,0,0.0,0.0,89379,-254,-5,5483,-0.0323447622358799,-0.0014678963925689459,0.0076800002716481686,0.027347201481461525,865,32766,227,244,2421,3.4258065223693848
2026-04-07T09:59:40.483,radio://0/80/2M,flow,1,2,Scan,0.49723485112190247,0,0,0,0.0,0,0,0.0,0.0,89630,0,-2,5483,-0.026151251047849655,0.007354562170803547,8.267309749498963e-05,0.018997138366103172,865,32766,227,244,2421,3.4258065223693848
2026-04-07T09:59:40.484,radio://0/80/2M,range,1,2,Scan,0.49723485112190247,0,0,0,0.0,0,0,0.0,0.0,89630,0,-2,5483,-0.026151251047849655,0.007354562170803547,8.267309749498963e-05,0.018997138366103172,32766,32766,318,2178,2436,3.4258065223693848
2026-04-07T09:59:40.730,radio://0/80/2M,mission,1,2,Scan,0.4934060573577881,0,0,0,0.0,0,0,0.0,0.0,89630,0,-2,5483,-0.026151251047849655,0.007354562170803547,8.267309749498963e-05,0.018997138366103172,32766,32766,318,2178,2436,3.4258065223693848
2026-04-07T09:59:40.731,radio://0/80/2M,flow,1,2,Scan,0.4934060573577881,0,0,0,0.0,0,0,0.0,0.0,89879,0,-1,5141,0.06290027499198914,0.11767852306365967,1.1087025519884719e-08,2.085289088427089e-05,32766,32766,318,2178,2436,3.4258065223693848
2026-04-07T09:59:40.733,radio://0/80/2M,range,1,2,Scan,0.4934060573577881,0,0,0,0.0,0,0,0.0,0.0,89879,0,-1,5141,0.06290027499198914,0.11767852306365967,1.1087025519884719e-08,2.085289088427089e-05,1400,32766,32766,2484,2436,3.4258065223693848
2026-04-07T09:59:40.980,radio://0/80/2M,mission,1,2,Scan,0.49748143553733826,0,0,0,0.0,0,0,0.0,0.0,89879,0,-1,5141,0.06290027499198914,0.11767852306365967,1.1087025519884719e-08,2.085289088427089e-05,1400,32766,32766,2484,2436,3.4258065223693848
2026-04-07T09:59:40.981,radio://0/80/2M,flow,1,2,Scan,0.49748143553733826,0,0,0,0.0,0,0,0.0,0.0,90129,2,-2,5141,0.053404550999403,0.05302045866847038,0.016147024929523468,2.7965147975095306e-09,1400,32766,32766,2484,2436,3.4258065223693848
2026-04-07T09:59:40.983,radio://0/80/2M,range,1,2,Scan,0.49748143553733826,0,0,0,0.0,0,0,0.0,0.0,90129,2,-2,5141,0.053404550999403,0.05302045866847038,0.016147024929523468,2.7965147975095306e-09,1277,32766,32766,317,2429,3.4258065223693848
2026-04-07T09:59:41.230,radio://0/80/2M,mission,1,2,Scan,0.49910926818847656,0,0,0,0.0,0,0,0.0,0.0,90129,2,-2,5141,0.053404550999403,0.05302045866847038,0.016147024929523468,2.7965147975095306e-09,1277,32766,32766,317,2429,3.4258065223693848
2026-04-07T09:59:41.232,radio://0/80/2M,flow,1,2,Scan,0.49910926818847656,0,0,0,0.0,0,0,0.0,0.0,90380,1,-3,5141,0.02451682835817337,0.02728930115699768,0.01558015588670969,3.7503165720501053e-13,1277,32766,32766,317,2429,3.4258065223693848
2026-04-07T09:59:41.233,radio://0/80/2M,range,1,2,Scan,0.49910926818847656,0,0,0,0.0,0,0,0.0,0.0,90380,1,-3,5141,0.02451682835817337,0.02728930115699768,0.01558015588670969,3.7503165720501053e-13,1203,32766,679,357,2434,3.420527935028076
2026-04-07T09:59:41.480,radio://0/80/2M,mission,1,2,Scan,0.49280935525894165,0,0,0,0.0,0,0,0.0,0.0,90380,1,-3,5141,0.02451682835817337,0.02728930115699768,0.01558015588670969,3.7503165720501053e-13,1203,32766,679,357,2434,3.420527935028076
2026-04-07T09:59:41.482,radio://0/80/2M,flow,1,2,Scan,0.49280935525894165,0,0,0,0.0,0,0,0.0,0.0,90629,3,0,5141,-0.003994757309556007,0.006736171897500753,0.012290403246879578,5.0294308396343093e-17,1203,32766,679,357,2434,3.420527935028076
2026-04-07T09:59:41.483,radio://0/80/2M,range,1,2,Scan,0.49280935525894165,0,0,0,0.0,0,0,0.0,0.0,90629,3,0,5141,-0.003994757309556007,0.006736171897500753,0.012290403246879578,5.0294308396343093e-17,1209,32766,623,379,2424,3.394134998321533
2026-04-07T09:59:41.730,radio://0/80/2M,mission,1,2,Scan,0.49319013953208923,0,0,0,0.0,0,0,0.0,0.0,90629,3,0,5141,-0.003994757309556007,0.006736171897500753,0.012290403246879578,5.0294308396343093e-17,1209,32766,623,379,2424,3.394134998321533
2026-04-07T09:59:41.731,radio://0/80/2M,flow,1,2,Scan,0.49319013953208923,0,0,0,0.0,0,0,0.0,0.0,90879,0,-256,5462,0.08084399253129959,0.021204981952905655,0.012282046489417553,6.7448109238149975e-21,1209,32766,623,379,2424,3.394134998321533
2026-04-07T09:59:41.732,radio://0/80/2M,range,1,2,Scan,0.49319013953208923,0,0,0,0.0,0,0,0.0,0.0,90879,0,-256,5462,0.08084399253129959,0.021204981952905655,0.012282046489417553,6.7448109238149975e-21,2538,32766,615,385,2424,3.420527935028076
2026-04-07T09:59:41.980,radio://0/80/2M,mission,1,2,Scan,0.4960465431213379,0,0,0,0.0,0,0,0.0,0.0,90879,0,-256,5462,0.08084399253129959,0.021204981952905655,0.012282046489417553,6.7448109238149975e-21,2538,32766,615,385,2424,3.420527935028076
2026-04-07T09:59:41.982,radio://0/80/2M,flow,1,2,Scan,0.4960465431213379,0,0,0,0.0,0,0,0.0,0.0,91129,1,4,5803,-0.004717553965747356,-0.004125411156564951,0.016485245898365974,9.045251702587138e-25,2538,32766,615,385,2424,3.420527935028076
2026-04-07T09:59:41.983,radio://0/80/2M,range,1,2,Scan,0.4960465431213379,0,0,0,0.0,0,0,0.0,0.0,91129,1,4,5803,-0.004717553965747356,-0.004125411156564951,0.016485245898365974,9.045251702587138e-25,32766,32766,603,332,2434,3.420527935028076
2026-04-07T09:59:42.230,radio://0/80/2M,mission,1,2,Scan,0.5005489587783813,0,0,0,0.0,0,0,0.0,0.0,91129,1,4,5803,-0.004717553965747356,-0.004125411156564951,0.016485245898365974,9.045251702587138e-25,32766,32766,603,332,2434,3.420527935028076
2026-04-07T09:59:42.231,radio://0/80/2M,flow,1,2,Scan,0.5005489587783813,0,0,0,0.0,0,0,0.0,0.0,91379,-1,8,5803,-0.02102927304804325,0.002585170790553093,0.01765742152929306,0.002111223526299,32766,32766,603,332,2434,3.420527935028076
2026-04-07T09:59:42.232,radio://0/80/2M,range,1,2,Scan,0.5005489587783813,0,0,0,0.0,0,0,0.0,0.0,91379,-1,8,5803,-0.02102927304804325,0.002585170790553093,0.01765742152929306,0.002111223526299,32766,32766,478,329,2429,3.4258065223693848
2026-04-07T09:59:42.479,radio://0/80/2M,mission,1,2,Scan,0.5042219758033752,0,0,0,0.0,0,0,0.0,0.0,91379,-1,8,5803,-0.02102927304804325,0.002585170790553093,0.01765742152929306,0.002111223526299,32766,32766,478,329,2429,3.4258065223693848
2026-04-07T09:59:42.480,radio://0/80/2M,flow,1,2,Scan,0.5042219758033752,0,0,0,0.0,0,0,0.0,0.0,91629,0,-6,5441,0.000902961939573288,0.060645971447229385,0.014868109486997128,0.00029818550683557987,32766,32766,478,329,2429,3.4258065223693848
2026-04-07T09:59:42.482,radio://0/80/2M,range,1,2,Scan,0.5042219758033752,0,0,0,0.0,0,0,0.0,0.0,91629,0,-6,5441,0.000902961939573288,0.060645971447229385,0.014868109486997128,0.00029818550683557987,32766,2702,565,353,2425,3.409970760345459
2026-04-07T09:59:42.729,radio://0/80/2M,mission,1,2,Scan,0.5037288665771484,0,0,0,0.0,0,0,0.0,0.0,91629,0,-6,5441,0.000902961939573288,0.060645971447229385,0.014868109486997128,0.00029818550683557987,32766,2702,565,353,2425,3.409970760345459
2026-04-07T09:59:42.730,radio://0/80/2M,flow,1,2,Scan,0.5037288665771484,0,0,0,0.0,0,0,0.0,0.0,91879,6,1,5101,-0.010497922077775002,0.003796309232711792,0.0002311239077243954,3.9988705680116254e-08,32766,2702,565,353,2425,3.409970760345459
2026-04-07T09:59:42.732,radio://0/80/2M,range,1,2,Scan,0.5037288665771484,0,0,0,0.0,0,0,0.0,0.0,91879,6,1,5101,-0.010497922077775002,0.003796309232711792,0.0002311239077243954,3.9988705680116254e-08,32766,2509,1063,32766,2408,3.420527935028076
2026-04-07T09:59:42.979,radio://0/80/2M,mission,1,2,Scan,0.5039554834365845,0,0,0,0.0,0,0,0.0,0.0,91879,6,1,5101,-0.010497922077775002,0.003796309232711792,0.0002311239077243954,3.9988705680116254e-08,32766,2509,1063,32766,2408,3.420527935028076
2026-04-07T09:59:42.980,radio://0/80/2M,flow,1,2,Scan,0.5039554834365845,0,0,0,0.0,0,0,0.0,0.0,92129,8,3,5101,0.007485664449632168,-0.008518464863300323,3.099529166661341e-08,5.362758414423352e-12,32766,2509,1063,32766,2408,3.420527935028076
2026-04-07T09:59:42.981,radio://0/80/2M,range,1,2,Scan,0.5039554834365845,0,0,0,0.0,0,0,0.0,0.0,92129,8,3,5101,0.007485664449632168,-0.008518464863300323,3.099529166661341e-08,5.362758414423352e-12,32766,2500,1025,32766,2416,3.4046921730041504
2026-04-07T09:59:43.229,radio://0/80/2M,mission,1,2,Scan,0.5029513239860535,0,0,0,0.0,0,0,0.0,0.0,92129,8,3,5101,0.007485664449632168,-0.008518464863300323,3.099529166661341e-08,5.362758414423352e-12,32766,2500,1025,32766,2416,3.4046921730041504
2026-04-07T09:59:43.230,radio://0/80/2M,flow,1,2,Scan,0.5029513239860535,0,0,0,0.0,0,0,0.0,0.0,92379,-5,12,4783,0.027232293039560318,0.05799383670091629,4.156679341005276e-12,7.191825353495651e-16,32766,2500,1025,32766,2416,3.4046921730041504
2026-04-07T09:59:43.231,radio://0/80/2M,range,1,2,Scan,0.5029513239860535,0,0,0,0.0,0,0,0.0,0.0,92379,-5,12,4783,0.027232293039560318,0.05799383670091629,4.156679341005276e-12,7.191825353495651e-16,32766,2536,894,32766,2425,3.4152493476867676
2026-04-07T09:59:43.478,radio://0/80/2M,mission,1,2,Scan,0.49979737401008606,0,0,0,0.0,0,0,0.0,0.0,92379,-5,12,4783,0.027232293039560318,0.05799383670091629,4.156679341005276e-12,7.191825353495651e-16,32766,2536,894,32766,2425,3.4152493476867676
2026-04-07T09:59:43.479,radio://0/80/2M,flow,1,2,Scan,0.49979737401008606,0,0,0,0.0,0,0,0.0,0.0,92629,-4,-10,4205,-0.0303739532828331,0.037878889590501785,5.574390000329555e-16,9.644728840737968e-20,32766,2536,894,32766,2425,3.4152493476867676
2026-04-07T09:59:43.481,radio://0/80/2M,range,1,2,Scan,0.49979737401008606,0,0,0,0.0,0,0,0.0,0.0,92629,-4,-10,4205,-0.0303739532828331,0.037878889590501785,5.574390000329555e-16,9.644728840737968e-20,32766,32766,32766,938,2407,3.399413585662842
2026-04-07T09:59:43.728,radio://0/80/2M,mission,1,2,Scan,0.4988030195236206,0,0,0,0.0,0,0,0.0,0.0,92629,-4,-10,4205,-0.0303739532828331,0.037878889590501785,5.574390000329555e-16,9.644728840737968e-20,32766,32766,32766,938,2407,3.399413585662842
2026-04-07T09:59:43.729,radio://0/80/2M,flow,1,2,Scan,0.4988030195236206,0,0,0,0.0,0,0,0.0,0.0,92879,0,-3,4205,-0.10887715220451355,0.05926677957177162,7.475635738660038e-20,-0.012571369297802448,32766,32766,32766,938,2407,3.399413585662842
2026-04-07T09:59:43.731,radio://0/80/2M,range,1,2,Scan,0.4988030195236206,0,0,0,0.0,0,0,0.0,0.0,92879,0,-3,4205,-0.10887715220451355,0.05926677957177162,7.475635738660038e-20,-0.012571369297802448,32766,369,2210,822,2373,3.420527935028076
2026-04-07T09:59:43.977,radio://0/80/2M,mission,1,2,Scan,0.5050193667411804,0,0,0,0.0,0,0,0.0,0.0,92879,0,-3,4205,-0.10887715220451355,0.05926677957177162,7.475635738660038e-20,-0.012571369297802448,32766,369,2210,822,2373,3.420527935028076
2026-04-07T09:59:43.980,radio://0/80/2M,flow,1,2,Scan,0.5050193667411804,0,0,0,0.0,0,0,0.0,0.0,93129,0,0,4746,-0.07270518690347672,0.06846094876527786,1.0025336632753476e-23,-0.024026239290833473,32766,369,2210,822,2373,3.420527935028076
2026-04-07T09:59:43.981,radio://0/80/2M,range,1,2,Scan,0.5050193667411804,0,0,0,0.0,0,0,0.0,0.0,93129,0,0,4746,-0.07270518690347672,0.06846094876527786,1.0025336632753476e-23,-0.024026239290833473,32766,257,2211,831,2322,3.4258065223693848
2026-04-07T09:59:44.227,radio://0/80/2M,mission,1,2,Scan,0.5053130984306335,0,0,0,0.0,0,0,0.0,0.0,93129,0,0,4746,-0.07270518690347672,0.06846094876527786,1.0025336632753476e-23,-0.024026239290833473,32766,257,2211,831,2322,3.4258065223693848
2026-04-07T09:59:44.230,radio://0/80/2M,flow,1,2,Scan,0.5053130984306335,0,0,0,0.0,0,0,0.0,0.0,93379,0,0,4746,0.003931135404855013,0.0007543807150796056,1.3444658867154746e-27,-0.000882521562743932,32766,257,2211,831,2322,3.4258065223693848
2026-04-07T09:59:44.231,radio://0/80/2M,range,1,2,Scan,0.5053130984306335,0,0,0,0.0,0,0,0.0,0.0,93379,0,0,4746,0.003931135404855013,0.0007543807150796056,1.3444658867154746e-27,-0.000882521562743932,32766,32766,32766,1073,2267,3.4258065223693848
2026-04-07T09:59:44.477,radio://0/80/2M,mission,1,2,Scan,0.49831724166870117,0,0,0,0.0,0,0,0.0,0.0,93379,0,0,4746,0.003931135404855013,0.0007543807150796056,1.3444658867154746e-27,-0.000882521562743932,32766,32766,32766,1073,2267,3.4258065223693848
2026-04-07T09:59:44.479,radio://0/80/2M,flow,1,2,Scan,0.49831724166870117,0,0,0,0.0,0,0,0.0,0.0,93629,4,254,5042,0.021597130224108696,-0.01961427554488182,1.8030203726146926e-31,-0.026082372292876244,32766,32766,32766,1073,2267,3.4258065223693848
2026-04-07T09:59:44.481,radio://0/80/2M,range,1,2,Scan,0.49831724166870117,0,0,0,0.0,0,0,0.0,0.0,93629,4,254,5042,0.021597130224108696,-0.01961427554488182,1.8030203726146926e-31,-0.026082372292876244,32766,228,32766,1249,2166,3.4046921730041504
2026-04-07T09:59:44.727,radio://0/80/2M,mission,1,5,Transition,0.49774107336997986,0,0,0,0.0,0,0,0.0,0.0,93629,4,254,5042,0.021597130224108696,-0.01961427554488182,1.8030203726146926e-31,-0.026082372292876244,32766,228,32766,1249,2166,3.4046921730041504
2026-04-07T09:59:44.731,radio://0/80/2M,flow,1,5,Transition,0.49774107336997986,0,0,0,0.0,0,0,0.0,0.0,93879,254,0,5042,0.025286396965384483,0.006292921490967274,2.417972938570363e-35,-5.061127467342885e-06,32766,228,32766,1249,2166,3.4046921730041504
2026-04-07T09:59:44.732,radio://0/80/2M,range,1,5,Transition,0.49774107336997986,0,0,0,0.0,0,0,0.0,0.0,93879,254,0,5042,0.025286396965384483,0.006292921490967274,2.417972938570363e-35,-5.061127467342885e-06,32766,194,32766,1408,2249,3.420527935028076
2026-04-07T09:59:44.982,radio://0/80/2M,mission,1,0,Reacquire Wall,0.49924954771995544,0,0,0,0.0,0,0,0.0,0.0,93879,254,0,5042,0.025286396965384483,0.006292921490967274,2.417972938570363e-35,-5.061127467342885e-06,32766,194,32766,1408,2249,3.420527935028076
2026-04-07T09:59:44.983,radio://0/80/2M,flow,1,0,Reacquire Wall,0.49924954771995544,0,0,0,0.0,0,0,0.0,0.0,94129,-1,255,5042,-0.03924372047185898,-0.017166726291179657,0.1980622261762619,-6.78731626457818e-10,32766,194,32766,1408,2249,3.420527935028076
2026-04-07T09:59:44.985,radio://0/80/2M,range,1,0,Reacquire Wall,0.49924954771995544,0,0,0,0.0,0,0,0.0,0.0,94129,-1,255,5042,-0.03924372047185898,-0.017166726291179657,0.1980622261762619,-6.78731626457818e-10,32766,175,32766,1446,32766,3.420527935028076
2026-04-07T09:59:45.227,radio://0/80/2M,mission,1,0,Reacquire Wall,0.5012606978416443,0,0,0,0.0,0,0,0.0,0.0,94129,-1,255,5042,-0.03924372047185898,-0.017166726291179657,0.1980622261762619,-6.78731626457818e-10,32766,175,32766,1446,32766,3.420527935028076
2026-04-07T09:59:45.228,radio://0/80/2M,flow,1,0,Reacquire Wall,0.5012606978416443,0,0,0,0.0,0,0,0.0,0.0,94379,-1,-9,4671,-0.21242518723011017,-0.010235719382762909,0.19999973475933075,-9.102253320644391e-14,32766,175,32766,1446,32766,3.420527935028076
2026-04-07T09:59:45.230,radio://0/80/2M,range,1,0,Reacquire Wall,0.5012606978416443,0,0,0,0.0,0,0,0.0,0.0,94379,-1,-9,4671,-0.21242518723011017,-0.010235719382762909,0.19999973475933075,-9.102253320644391e-14,32766,183,32766,1539,32766,3.4258065223693848
2026-04-07T09:59:45.477,radio://0/80/2M,mission,1,0,Reacquire Wall,0.4985545873641968,0,0,0,0.0,0,0,0.0,0.0,94379,-1,-9,4671,-0.21242518723011017,-0.010235719382762909,0.19999973475933075,-9.102253320644391e-14,32766,183,32766,1539,32766,3.4258065223693848
2026-04-07T09:59:45.478,radio://0/80/2M,flow,1,0,Reacquire Wall,0.4985545873641968,0,0,0,0.0,0,0,0.0,0.0,94629,1,-255,5601,-0.26056358218193054,-0.021392229944467545,0.19999998807907104,-1.2206739868211369e-17,32766,183,32766,1539,32766,3.4258065223693848
2026-04-07T09:59:45.479,radio://0/80/2M,range,1,0,Reacquire Wall,0.4985545873641968,0,0,0,0.0,0,0,0.0,0.0,94629,1,-255,5601,-0.26056358218193054,-0.021392229944467545,0.19999998807907104,-1.2206739868211369e-17,32766,192,32766,1610,32766,3.4152493476867676
2026-04-07T09:59:45.726,radio://0/80/2M,mission,1,0,Reacquire Wall,0.4987121522426605,0,0,0,0.0,0,0,0.0,0.0,94629,1,-255,5601,-0.26056358218193054,-0.021392229944467545,0.19999998807907104,-1.2206739868211369e-17,32766,192,32766,1610,32766,3.4152493476867676
2026-04-07T09:59:45.728,radio://0/80/2M,flow,1,0,Reacquire Wall,0.4987121522426605,0,0,0,0.0,0,0,0.0,0.0,94879,2,0,5601,-0.16518355906009674,-0.03494103252887726,0.19999998807907104,-1.6370068910363683e-21,32766,192,32766,1610,32766,3.4152493476867676
2026-04-07T09:59:45.730,radio://0/80/2M,range,1,0,Reacquire Wall,0.4987121522426605,0,0,0,0.0,0,0,0.0,0.0,94879,2,0,5601,-0.16518355906009674,-0.03494103252887726,0.19999998807907104,-1.6370068910363683e-21,32766,196,32766,1724,32766,3.420527935028076
2026-04-07T09:59:45.976,radio://0/80/2M,mission,1,0,Reacquire Wall,0.4931081235408783,0,0,0,0.0,0,0,0.0,0.0,94879,2,0,5601,-0.16518355906009674,-0.03494103252887726,0.19999998807907104,-1.6370068910363683e-21,32766,196,32766,1724,32766,3.420527935028076
2026-04-07T09:59:45.977,radio://0/80/2M,flow,1,0,Reacquire Wall,0.4931081235408783,0,0,0,0.0,0,0,0.0,0.0,95129,1,2,5601,-0.21480152010917664,-0.05584830418229103,0.19999998807907104,-2.1953382694718555e-25,32766,196,32766,1724,32766,3.420527935028076
2026-04-07T09:59:45.979,radio://0/80/2M,range,1,0,Reacquire Wall,0.4931081235408783,0,0,0,0.0,0,0,0.0,0.0,95129,1,2,5601,-0.21480152010917664,-0.05584830418229103,0.19999998807907104,-2.1953382694718555e-25,32766,176,32766,1773,2280,3.409970760345459
2026-04-07T09:59:46.226,radio://0/80/2M,mission,1,0,Reacquire Wall,0.49660131335258484,0,0,0,0.0,0,0,0.0,0.0,95129,1,2,5601,-0.21480152010917664,-0.05584830418229103,0.19999998807907104,-2.1953382694718555e-25,32766,176,32766,1773,2280,3.409970760345459
2026-04-07T09:59:46.229,radio://0/80/2M,flow,1,0,Reacquire Wall,0.49660131335258484,0,0,0,0.0,0,0,0.0,0.0,95379,-254,1,5601,-0.23071421682834625,-0.01167657133191824,0.19999998807907104,-2.944098689171176e-29,32766,176,32766,1773,2280,3.409970760345459
2026-04-07T09:59:46.230,radio://0/80/2M,range,1,0,Reacquire Wall,0.49660131335258484,0,0,0,0.0,0,0,0.0,0.0,95379,-254,1,5601,-0.23071421682834625,-0.01167657133191824,0.19999998807907104,-2.944098689171176e-29,32766,195,32766,1782,2287,3.4310851097106934
2026-04-07T09:59:46.522,radio://0/80/2M,mission,1,0,Reacquire Wall,0.5000987648963928,0,0,0,0.0,0,0,0.0,0.0,95379,-254,1,5601,-0.23071421682834625,-0.01167657133191824,0.19999998807907104,-2.944098689171176e-29,32766,195,32766,1782,2287,3.4310851097106934
2026-04-07T09:59:46.524,radio://0/80/2M,flow,1,0,Reacquire Wall,0.5000987648963928,0,0,0,0.0,0,0,0.0,0.0,95629,0,0,5951,-0.231252983212471,0.00853183027356863,0.19999998807907104,-3.948236833888468e-33,32766,195,32766,1782,2287,3.4310851097106934
2026-04-07T09:59:46.526,radio://0/80/2M,range,1,0,Reacquire Wall,0.5000987648963928,0,0,0,0.0,0,0,0.0,0.0,95629,0,0,5951,-0.231252983212471,0.00853183027356863,0.19999998807907104,-3.948236833888468e-33,32766,199,32766,1858,2111,3.4152493476867676
2026-04-07T09:59:46.725,radio://0/80/2M,mission,1,0,Reacquire Wall,0.4958994388580322,0,0,0,0.0,0,0,0.0,0.0,95629,0,0,5951,-0.231252983212471,0.00853183027356863,0.19999998807907104,-3.948236833888468e-33,32766,199,32766,1858,2111,3.4152493476867676
2026-04-07T09:59:46.727,radio://0/80/2M,flow,1,0,Reacquire Wall,0.4958994388580322,0,0,0,0.0,0,0,0.0,0.0,95879,0,0,5951,-0.15299977362155914,-0.01625797711312771,0.19999998807907104,-5.2948540037029855e-37,32766,199,32766,1858,2111,3.4152493476867676
2026-04-07T09:59:46.729,radio://0/80/2M,range,1,0,Reacquire Wall,0.4958994388580322,0,0,0,0.0,0,0,0.0,0.0,95879,0,0,5951,-0.15299977362155914,-0.01625797711312771,0.19999998807907104,-5.2948540037029855e-37,32766,190,32766,1959,32766,3.4152493476867676
2026-04-07T09:59:46.975,radio://0/80/2M,mission,1,0,Reacquire Wall,0.49730977416038513,0,0,0,0.0,0,0,0.0,0.0,95879,0,0,5951,-0.15299977362155914,-0.01625797711312771,0.19999998807907104,-5.2948540037029855e-37,32766,190,32766,1959,32766,3.4152493476867676
2026-04-07T09:59:46.977,radio://0/80/2M,flow,1,0,Reacquire Wall,0.49730977416038513,0,0,0,0.0,0,0,0.0,0.0,96129,-1,0,5951,-0.12577439844608307,-0.020746929571032524,-0.07963839173316956,0.0,32766,190,32766,1959,32766,3.4152493476867676
2026-04-07T09:59:46.978,radio://0/80/2M,range,1,0,Reacquire Wall,0.49730977416038513,0,0,0,0.0,0,0,0.0,0.0,96129,-1,0,5951,-0.12577439844608307,-0.020746929571032524,-0.07963839173316956,0.0,237,190,32766,1980,2287,3.420527935028076
2026-04-07T09:59:47.225,radio://0/80/2M,mission,1,0,Reacquire Wall,0.500341534614563,0,0,0,0.0,0,0,0.0,0.0,96129,-1,0,5951,-0.12577439844608307,-0.020746929571032524,-0.07963839173316956,0.0,237,190,32766,1980,2287,3.420527935028076
2026-04-07T09:59:47.226,radio://0/80/2M,flow,1,0,Reacquire Wall,0.500341534614563,0,0,0,0.0,0,0,0.0,0.0,96379,3,-1,5951,0.06725137680768967,9.702776878839359e-05,-0.10651338845491409,0.0,237,190,32766,1980,2287,3.420527935028076
2026-04-07T09:59:47.228,radio://0/80/2M,range,1,0,Reacquire Wall,0.500341534614563,0,0,0,0.0,0,0,0.0,0.0,96379,3,-1,5951,0.06725137680768967,9.702776878839359e-05,-0.10651338845491409,0.0,206,32766,32766,2000,2387,3.420527935028076
2026-04-07T09:59:47.476,radio://0/80/2M,mission,1,0,Reacquire Wall,0.49428170919418335,0,0,0,0.0,0,0,0.0,0.0,96379,3,-1,5951,0.06725137680768967,9.702776878839359e-05,-0.10651338845491409,0.0,206,32766,32766,2000,2387,3.420527935028076
2026-04-07T09:59:47.477,radio://0/80/2M,flow,1,0,Reacquire Wall,0.49428170919418335,0,0,0,0.0,0,0,0.0,0.0,96629,-1,3,5951,0.16108274459838867,-0.052456844598054886,-0.09764809906482697,0.0,206,32766,32766,2000,2387,3.420527935028076
2026-04-07T09:59:47.479,radio://0/80/2M,range,1,0,Reacquire Wall,0.49428170919418335,0,0,0,0.0,0,0,0.0,0.0,96629,-1,3,5951,0.16108274459838867,-0.052456844598054886,-0.09764809906482697,0.0,215,32766,32766,1969,2298,3.409970760345459
2026-04-07T09:59:47.725,radio://0/80/2M,mission,1,0,Reacquire Wall,0.4977107346057892,0,0,0,0.0,0,0,0.0,0.0,96629,-1,3,5951,0.16108274459838867,-0.052456844598054886,-0.09764809906482697,0.0,215,32766,32766,1969,2298,3.409970760345459
2026-04-07T09:59:47.727,radio://0/80/2M,flow,1,0,Reacquire Wall,0.4977107346057892,0,0,0,0.0,0,0,0.0,0.0,96879,0,0,5580,0.13335685431957245,-0.054883167147636414,-0.09787948429584503,0.0,215,32766,32766,1969,2298,3.409970760345459
2026-04-07T09:59:47.728,radio://0/80/2M,range,1,0,Reacquire Wall,0.4977107346057892,0,0,0,0.0,0,0,0.0,0.0,96879,0,0,5580,0.13335685431957245,-0.054883167147636414,-0.09787948429584503,0.0,206,2818,32766,1937,2175,3.420527935028076
2026-04-07T09:59:47.975,radio://0/80/2M,mission,1,0,Reacquire Wall,0.4978953003883362,0,0,0,0.0,0,0,0.0,0.0,96879,0,0,5580,0.13335685431957245,-0.054883167147636414,-0.09787948429584503,0.0,206,2818,32766,1937,2175,3.420527935028076
2026-04-07T09:59:47.976,radio://0/80/2M,flow,1,0,Reacquire Wall,0.4978953003883362,0,0,0,0.0,0,0,0.0,0.0,97129,0,0,5580,0.09051630645990372,-0.00914565846323967,-0.05346914008259773,0.0,206,2818,32766,1937,2175,3.420527935028076
2026-04-07T09:59:47.977,radio://0/80/2M,range,1,0,Reacquire Wall,0.4978953003883362,0,0,0,0.0,0,0,0.0,0.0,97129,0,0,5580,0.09051630645990372,-0.00914565846323967,-0.05346914008259773,0.0,296,247,32766,1924,32766,3.394134998321533
2026-04-07T09:59:48.224,radio://0/80/2M,mission,1,0,Reacquire Wall,0.4973699152469635,0,0,0,0.0,0,0,0.0,0.0,97129,0,0,5580,0.09051630645990372,-0.00914565846323967,-0.05346914008259773,0.0,296,247,32766,1924,32766,3.394134998321533
2026-04-07T09:59:48.226,radio://0/80/2M,flow,1,0,Reacquire Wall,0.4973699152469635,0,0,0,0.0,0,0,0.0,0.0,97379,0,-1,5580,0.06891819089651108,-0.013151692226529121,-2.83667122857878e-05,0.0,296,247,32766,1924,32766,3.394134998321533
2026-04-07T09:59:48.228,radio://0/80/2M,range,1,0,Reacquire Wall,0.4973699152469635,0,0,0,0.0,0,0,0.0,0.0,97379,0,-1,5580,0.06891819089651108,-0.013151692226529121,-2.83667122857878e-05,0.0,32766,263,32766,1878,2279,3.394134998321533
2026-04-07T09:59:48.475,radio://0/80/2M,mission,1,0,Reacquire Wall,0.5044502019882202,0,0,0,0.0,0,0,0.0,0.0,97379,0,-1,5580,0.06891819089651108,-0.013151692226529121,-2.83667122857878e-05,0.0,32766,263,32766,1878,2279,3.394134998321533
2026-04-07T09:59:48.477,radio://0/80/2M,flow,1,0,Reacquire Wall,0.5044502019882202,0,0,0,0.0,0,0,0.0,0.0,97629,0,-2,5580,0.041110966354608536,0.003919331822544336,-3.804168979826272e-09,0.0,32766,263,32766,1878,2279,3.394134998321533
2026-04-07T09:59:48.478,radio://0/80/2M,range,1,0,Reacquire Wall,0.5044502019882202,0,0,0,0.0,0,0,0.0,0.0,97629,0,-2,5580,0.041110966354608536,0.003919331822544336,-3.804168979826272e-09,0.0,32766,285,32766,1685,2332,3.420527935028076
2026-04-07T09:59:48.724,radio://0/80/2M,mission,1,0,Reacquire Wall,0.5077571272850037,0,0,0,0.0,0,0,0.0,0.0,97629,0,-2,5580,0.041110966354608536,0.003919331822544336,-3.804168979826272e-09,0.0,32766,285,32766,1685,2332,3.420527935028076
2026-04-07T09:59:48.726,radio://0/80/2M,flow,1,0,Reacquire Wall,0.5077571272850037,0,0,0,0.0,0,0,0.0,0.0,97879,0,0,5580,0.015009577386081219,0.00430856691673398,-5.101648270500192e-13,0.0,32766,285,32766,1685,2332,3.420527935028076
2026-04-07T09:59:48.728,radio://0/80/2M,range,1,0,Reacquire Wall,0.5077571272850037,0,0,0,0.0,0,0,0.0,0.0,97879,0,0,5580,0.015009577386081219,0.00430856691673398,-5.101648270500192e-13,0.0,32766,307,32766,1522,2351,3.420527935028076
2026-04-07T09:59:49.010,radio://0/80/2M,mission,1,0,Reacquire Wall,0.5066523551940918,0,0,0,0.0,0,0,0.0,0.0,97879,0,0,5580,0.015009577386081219,0.00430856691673398,-5.101648270500192e-13,0.0,32766,307,32766,1522,2351,3.420527935028076
2026-04-07T09:59:49.021,radio://0/80/2M,flow,1,0,Reacquire Wall,0.5066523551940918,0,0,0,0.0,0,0,0.0,0.0,98129,0,0,5580,0.020878978073596954,-0.0037794881500303745,-6.841657830284885e-17,0.0,32766,307,32766,1522,2351,3.420527935028076
2026-04-07T09:59:49.028,radio://0/80/2M,range,1,0,Reacquire Wall,0.5066523551940918,0,0,0,0.0,0,0,0.0,0.0,98129,0,0,5580,0.020878978073596954,-0.0037794881500303745,-6.841657830284885e-17,0.0,1411,328,32766,1554,2349,3.4152493476867676
2026-04-07T09:59:49.225,radio://0/80/2M,mission,1,5,Transition,0.5028894543647766,0,0,0,0.0,0,0,0.0,0.0,98129,0,0,5580,0.020878978073596954,-0.0037794881500303745,-6.841657830284885e-17,0.0,1411,328,32766,1554,2349,3.4152493476867676
2026-04-07T09:59:49.227,radio://0/80/2M,flow,1,5,Transition,0.5028894543647766,0,0,0,0.0,0,0,0.0,0.0,98379,0,0,5580,0.004222255200147629,-0.0223554614931345,0.041999999433755875,-0.020999999716877937,1411,328,32766,1554,2349,3.4152493476867676
2026-04-07T09:59:49.233,radio://0/80/2M,range,1,5,Transition,0.5028894543647766,0,0,0,0.0,0,0,0.0,0.0,98379,0,0,5580,0.004222255200147629,-0.0223554614931345,0.041999999433755875,-0.020999999716877937,32766,292,32766,1681,2316,3.420527935028076
2026-04-07T09:59:49.474,radio://0/80/2M,mission,1,5,Transition,0.5021041631698608,0,0,0,0.0,0,0,0.0,0.0,98379,0,0,5580,0.004222255200147629,-0.0223554614931345,0.041999999433755875,-0.020999999716877937,32766,292,32766,1681,2316,3.420527935028076
2026-04-07T09:59:49.477,radio://0/80/2M,flow,1,5,Transition,0.5021041631698608,0,0,0,0.0,0,0,0.0,0.0,98629,-4,1,5580,0.016805022954940796,-0.009091760963201523,5.632486136164516e-06,-2.816243068082258e-06,32766,292,32766,1681,2316,3.420527935028076
2026-04-07T09:59:49.478,radio://0/80/2M,range,1,5,Transition,0.5021041631698608,0,0,0,0.0,0,0,0.0,0.0,98629,-4,1,5580,0.016805022954940796,-0.009091760963201523,5.632486136164516e-06,-2.816243068082258e-06,1398,252,32766,1699,2356,3.4152493476867676
2026-04-07T09:59:49.723,radio://0/80/2M,mission,1,1,Wall Follow,0.5012916326522827,0,0,0,0.0,0,0,0.0,0.0,98629,-4,1,5580,0.016805022954940796,-0.009091760963201523,5.632486136164516e-06,-2.816243068082258e-06,1398,252,32766,1699,2356,3.4152493476867676
2026-04-07T09:59:49.724,radio://0/80/2M,flow,1,1,Wall Follow,0.5012916326522827,0,0,0,0.0,0,0,0.0,0.0,98879,-1,0,5928,-0.009081808850169182,0.046540483832359314,0.19905050098896027,-0.09952525049448013,1398,252,32766,1699,2356,3.4152493476867676
2026-04-07T09:59:49.726,radio://0/80/2M,range,1,1,Wall Follow,0.5012916326522827,0,0,0,0.0,0,0,0.0,0.0,98879,-1,0,5928,-0.009081808850169182,0.046540483832359314,0.19905050098896027,-0.09952525049448013,1396,245,32766,1714,2390,3.420527935028076
2026-04-07T09:59:49.973,radio://0/80/2M,mission,1,1,Wall Follow,0.49735933542251587,0,0,0,0.0,0,0,0.0,0.0,98879,-1,0,5928,-0.009081808850169182,0.046540483832359314,0.19905050098896027,-0.09952525049448013,1396,245,32766,1714,2390,3.420527935028076
2026-04-07T09:59:49.974,radio://0/80/2M,flow,1,1,Wall Follow,0.49735933542251587,0,0,0,0.0,0,0,0.0,0.0,99129,3,9,5928,-0.06558273732662201,0.11826610565185547,0.1999998688697815,-0.09999993443489075,1396,245,32766,1714,2390,3.420527935028076
2026-04-07T09:59:49.976,radio://0/80/2M,range,1,1,Wall Follow,0.49735933542251587,0,0,0,0.0,0,0,0.0,0.0,99129,3,9,5928,-0.06558273732662201,0.11826610565185547,0.1999998688697815,-0.09999993443489075,32766,321,32766,32766,2417,3.409970760345459
2026-04-07T09:59:50.223,radio://0/80/2M,mission,1,1,Wall Follow,0.4972173273563385,0,0,0,0.0,0,0,0.0,0.0,99129,3,9,5928,-0.06558273732662201,0.11826610565185547,0.1999998688697815,-0.09999993443489075,32766,321,32766,32766,2417,3.409970760345459
2026-04-07T09:59:50.224,radio://0/80/2M,flow,1,1,Wall Follow,0.4972173273563385,0,0,0,0.0,0,0,0.0,0.0,99379,1,-5,5928,-0.03801620006561279,0.3012370765209198,0.19999998807907104,-0.09999999403953552,32766,321,32766,32766,2417,3.409970760345459
2026-04-07T09:59:50.225,radio://0/80/2M,range,1,1,Wall Follow,0.4972173273563385,0,0,0,0.0,0,0,0.0,0.0,99379,1,-5,5928,-0.03801620006561279,0.3012370765209198,0.19999998807907104,-0.09999999403953552,32766,376,32766,1784,2433,3.4152493476867676
2026-04-07T09:59:50.472,radio://0/80/2M,mission,1,1,Wall Follow,0.4990309476852417,0,0,0,0.0,0,0,0.0,0.0,99379,1,-5,5928,-0.03801620006561279,0.3012370765209198,0.19999998807907104,-0.09999999403953552,32766,376,32766,1784,2433,3.4152493476867676
2026-04-07T09:59:50.474,radio://0/80/2M,flow,1,1,Wall Follow,0.4990309476852417,0,0,0,0.0,0,0,0.0,0.0,99629,0,1,5928,-0.10929486155509949,0.26921528577804565,0.19999998807907104,-0.0006782228010706604,32766,376,32766,1784,2433,3.4152493476867676
2026-04-07T09:59:50.476,radio://0/80/2M,range,1,1,Wall Follow,0.4990309476852417,0,0,0,0.0,0,0,0.0,0.0,99629,0,1,5928,-0.10929486155509949,0.26921528577804565,0.19999998807907104,-0.0006782228010706604,32766,451,32766,1809,2429,3.4152493476867676
2026-04-07T09:59:50.723,radio://0/80/2M,mission,1,1,Wall Follow,0.5026222467422485,0,0,0,0.0,0,0,0.0,0.0,99629,0,1,5928,-0.10929486155509949,0.26921528577804565,0.19999998807907104,-0.0006782228010706604,32766,451,32766,1809,2429,3.4152493476867676
2026-04-07T09:59:50.724,radio://0/80/2M,flow,1,1,Wall Follow,0.5026222467422485,0,0,0,0.0,0,0,0.0,0.0,99879,-256,-10,5928,-0.1425883024930954,0.17599594593048096,0.19999998807907104,-9.095430897332335e-08,32766,451,32766,1809,2429,3.4152493476867676
2026-04-07T09:59:50.726,radio://0/80/2M,range,1,1,Wall Follow,0.5026222467422485,0,0,0,0.0,0,0,0.0,0.0,99879,-256,-10,5928,-0.1425883024930954,0.17599594593048096,0.19999998807907104,-9.095430897332335e-08,32766,514,32766,1867,2391,3.420527935028076
2026-04-07T09:59:50.985,radio://0/80/2M,mission,1,1,Wall Follow,0.4988560080528259,0,0,0,0.0,0,0,0.0,0.0,99879,-256,-10,5928,-0.1425883024930954,0.17599594593048096,0.19999998807907104,-9.095430897332335e-08,32766,514,32766,1867,2391,3.420527935028076
2026-04-07T09:59:50.989,radio://0/80/2M,flow,1,1,Wall Follow,0.4988560080528259,0,0,0,0.0,0,0,0.0,0.0,100129,0,0,5928,-0.07006116211414337,0.10685136914253235,0.19999998807907104,-0.09932178258895874,32766,514,32766,1867,2391,3.420527935028076
2026-04-07T09:59:50.994,radio://0/80/2M,range,1,1,Wall Follow,0.4988560080528259,0,0,0,0.0,0,0,0.0,0.0,100129,0,0,5928,-0.07006116211414337,0.10685136914253235,0.19999998807907104,-0.09932178258895874,32766,296,32766,1897,2373,3.409970760345459
2026-04-07T09:59:51.222,radio://0/80/2M,mission,1,1,Wall Follow,0.49858707189559937,0,0,0,0.0,0,0,0.0,0.0,100129,0,0,5928,-0.07006116211414337,0.10685136914253235,0.19999998807907104,-0.09932178258895874,32766,296,32766,1897,2373,3.409970760345459
2026-04-07T09:59:51.224,radio://0/80/2M,flow,1,1,Wall Follow,0.49858707189559937,0,0,0,0.0,0,0,0.0,0.0,100379,1,-9,6298,-0.05513925850391388,0.11646409332752228,0.19999998807907104,-0.09999990463256836,32766,296,32766,1897,2373,3.409970760345459
2026-04-07T09:59:51.225,radio://0/80/2M,range,1,1,Wall Follow,0.49858707189559937,0,0,0,0.0,0,0,0.0,0.0,100379,1,-9,6298,-0.05513925850391388,0.11646409332752228,0.19999998807907104,-0.09999990463256836,32766,235,32766,1919,2321,3.4152493476867676
2026-04-07T09:59:51.472,radio://0/80/2M,mission,1,1,Wall Follow,0.5035683512687683,0,0,0,0.0,0,0,0.0,0.0,100379,1,-9,6298,-0.05513925850391388,0.11646409332752228,0.19999998807907104,-0.09999990463256836,32766,235,32766,1919,2321,3.4152493476867676
2026-04-07T09:59:51.473,radio://0/80/2M,flow,1,1,Wall Follow,0.5035683512687683,0,0,0,0.0,0,0,0.0,0.0,100629,-1,-4,6298,-0.13998399674892426,0.19196173548698425,0.19999998807907104,-0.09999999403953552,32766,235,32766,1919,2321,3.4152493476867676
2026-04-07T09:59:51.475,radio://0/80/2M,range,1,1,Wall Follow,0.5035683512687683,0,0,0,0.0,0,0,0.0,0.0,100629,-1,-4,6298,-0.13998399674892426,0.19196173548698425,0.19999998807907104,-0.09999999403953552,32766,228,32766,1975,32766,3.4152493476867676
2026-04-07T09:59:51.738,radio://0/80/2M,mission,1,1,Wall Follow,0.504155158996582,0,0,0,0.0,0,0,0.0,0.0,100629,-1,-4,6298,-0.13998399674892426,0.19196173548698425,0.19999998807907104,-0.09999999403953552,32766,228,32766,1975,32766,3.4152493476867676
2026-04-07T09:59:51.744,radio://0/80/2M,flow,1,1,Wall Follow,0.504155158996582,0,0,0,0.0,0,0,0.0,0.0,100879,0,-3,6298,-0.10049781948328018,0.21196939051151276,0.19999998807907104,-0.09999999403953552,32766,228,32766,1975,32766,3.4152493476867676
2026-04-07T09:59:51.745,radio://0/80/2M,range,1,1,Wall Follow,0.504155158996582,0,0,0,0.0,0,0,0.0,0.0,100879,0,-3,6298,-0.10049781948328018,0.21196939051151276,0.19999998807907104,-0.09999999403953552,32766,240,32766,32766,2234,3.420527935028076
2026-04-07T09:59:51.971,radio://0/80/2M,mission,1,1,Wall Follow,0.49987027049064636,0,0,0,0.0,0,0,0.0,0.0,100879,0,-3,6298,-0.10049781948328018,0.21196939051151276,0.19999998807907104,-0.09999999403953552,32766,240,32766,32766,2234,3.420527935028076
2026-04-07T09:59:51.973,radio://0/80/2M,flow,1,1,Wall Follow,0.49987027049064636,0,0,0,0.0,0,0,0.0,0.0,101129,1,-3,6298,-0.050440505146980286,0.20290909707546234,0.19999998807907104,-0.09999999403953552,32766,240,32766,32766,2234,3.420527935028076
2026-04-07T09:59:51.975,radio://0/80/2M,range,1,1,Wall Follow,0.49987027049064636,0,0,0,0.0,0,0,0.0,0.0,101129,1,-3,6298,-0.050440505146980286,0.20290909707546234,0.19999998807907104,-0.09999999403953552,32766,308,32766,32766,2321,3.409970760345459
2026-04-07T09:59:52.221,radio://0/80/2M,mission,1,1,Wall Follow,0.49951818585395813,0,0,0,0.0,0,0,0.0,0.0,101129,1,-3,6298,-0.050440505146980286,0.20290909707546234,0.19999998807907104,-0.09999999403953552,32766,308,32766,32766,2321,3.409970760345459
2026-04-07T09:59:52.223,radio://0/80/2M,flow,1,1,Wall Follow,0.49951818585395813,0,0,0,0.0,0,0,0.0,0.0,101379,2,-2,6298,-0.05934058129787445,0.19683171808719635,0.19999998807907104,-0.09999999403953552,32766,308,32766,32766,2321,3.409970760345459
2026-04-07T09:59:52.224,radio://0/80/2M,range,1,1,Wall Follow,0.49951818585395813,0,0,0,0.0,0,0,0.0,0.0,101379,2,-2,6298,-0.05934058129787445,0.19683171808719635,0.19999998807907104,-0.09999999403953552,32766,301,32766,2042,2317,3.4152493476867676
2026-04-07T09:59:52.472,radio://0/80/2M,mission,1,1,Wall Follow,0.5007545948028564,0,0,0,0.0,0,0,0.0,0.0,101379,2,-2,6298,-0.05934058129787445,0.19683171808719635,0.19999998807907104,-0.09999999403953552,32766,301,32766,2042,2317,3.4152493476867676
2026-04-07T09:59:52.474,radio://0/80/2M,flow,1,1,Wall Follow,0.5007545948028564,0,0,0,0.0,0,0,0.0,0.0,101629,1,-1,6298,-0.08438433706760406,0.1872207522392273,0.19999998807907104,-0.09999999403953552,32766,301,32766,2042,2317,3.4152493476867676
2026-04-07T09:59:52.475,radio://0/80/2M,range,1,1,Wall Follow,0.5007545948028564,0,0,0,0.0,0,0,0.0,0.0,101629,1,-1,6298,-0.08438433706760406,0.1872207522392273,0.19999998807907104,-0.09999999403953552,32766,287,32766,1970,32766,3.409970760345459
2026-04-07T09:59:52.721,radio://0/80/2M,mission,1,1,Wall Follow,0.5036433935165405,0,0,0,0.0,0,0,0.0,0.0,101629,1,-1,6298,-0.08438433706760406,0.1872207522392273,0.19999998807907104,-0.09999999403953552,32766,287,32766,1970,32766,3.409970760345459
2026-04-07T09:59:52.722,radio://0/80/2M,flow,1,1,Wall Follow,0.5036433935165405,0,0,0,0.0,0,0,0.0,0.0,101879,0,-1,5536,-0.09150399267673492,0.18531501293182373,0.19999998807907104,-0.09999999403953552,32766,287,32766,1970,32766,3.409970760345459
2026-04-07T09:59:52.725,radio://0/80/2M,range,1,1,Wall Follow,0.5036433935165405,0,0,0,0.0,0,0,0.0,0.0,101879,0,-1,5536,-0.09150399267673492,0.18531501293182373,0.19999998807907104,-0.09999999403953552,32766,309,32766,1991,32766,3.4152493476867676
2026-04-07T09:59:52.971,radio://0/80/2M,mission,1,1,Wall Follow,0.5053893327713013,0,0,0,0.0,0,0,0.0,0.0,101879,0,-1,5536,-0.09150399267673492,0.18531501293182373,0.19999998807907104,-0.09999999403953552,32766,309,32766,1991,32766,3.4152493476867676
2026-04-07T09:59:52.973,radio://0/80/2M,flow,1,1,Wall Follow,0.5053893327713013,0,0,0,0.0,0,0,0.0,0.0,102129,2,-5,4562,-0.08509709686040878,0.1624448150396347,0.15333645045757294,-0.05133822560310364,32766,309,32766,1991,32766,3.4152493476867676
2026-04-07T09:59:52.975,radio://0/80/2M,range,1,1,Wall Follow,0.5053893327713013,0,0,0,0.0,0,0,0.0,0.0,102129,2,-5,4562,-0.08509709686040878,0.1624448150396347,0.15333645045757294,-0.05133822560310364,32766,327,32766,2023,2257,3.409970760345459
2026-04-07T09:59:53.220,radio://0/80/2M,mission,1,1,Wall Follow,0.49853503704071045,0,0,0,0.0,0,0,0.0,0.0,102129,2,-5,4562,-0.08509709686040878,0.1624448150396347,0.15333645045757294,-0.05133822560310364,32766,327,32766,2023,2257,3.409970760345459
2026-04-07T09:59:53.223,radio://0/80/2M,flow,1,1,Wall Follow,0.49853503704071045,0,0,0,0.0,0,0,0.0,0.0,102379,-1,0,4847,-0.0883820429444313,0.09623316675424576,0.19999374449253082,-0.06666461378335953,32766,327,32766,2023,2257,3.409970760345459
2026-04-07T09:59:53.225,radio://0/80/2M,range,1,1,Wall Follow,0.49853503704071045,0,0,0,0.0,0,0,0.0,0.0,102379,-1,0,4847,-0.0883820429444313,0.09623316675424576,0.19999374449253082,-0.06666461378335953,865,261,32766,2102,2296,3.399413585662842
2026-04-07T09:59:53.470,radio://0/80/2M,mission,1,1,Wall Follow,0.49059078097343445,0,0,0,0.0,0,0,0.0,0.0,102379,-1,0,4847,-0.0883820429444313,0.09623316675424576,0.19999374449253082,-0.06666461378335953,865,261,32766,2102,2296,3.399413585662842
2026-04-07T09:59:53.472,radio://0/80/2M,flow,1,1,Wall Follow,0.49059078097343445,0,0,0,0.0,0,0,0.0,0.0,102630,0,-9,4545,-0.13452646136283875,0.08691531419754028,0.001356444787234068,-0.0004521483788266778,865,261,32766,2102,2296,3.399413585662842
2026-04-07T09:59:53.474,radio://0/80/2M,range,1,1,Wall Follow,0.49059078097343445,0,0,0,0.0,0,0,0.0,0.0,102630,0,-9,4545,-0.13452646136283875,0.08691531419754028,0.001356444787234068,-0.0004521483788266778,32766,2125,32766,2163,32766,3.3782992362976074
2026-04-07T09:59:53.720,radio://0/80/2M,mission,1,1,Wall Follow,0.4910390079021454,0,0,0,0.0,0,0,0.0,0.0,102630,0,-9,4545,-0.13452646136283875,0.08691531419754028,0.001356444787234068,-0.0004521483788266778,32766,2125,32766,2163,32766,3.3782992362976074
2026-04-07T09:59:53.722,radio://0/80/2M,flow,1,1,Wall Follow,0.4910390079021454,0,0,0,0.0,0,0,0.0,0.0,102879,-1,-256,4545,-0.08467215299606323,0.013463019393384457,-0.0076737599447369576,0.0,32766,2125,32766,2163,32766,3.3782992362976074
2026-04-07T09:59:53.723,radio://0/80/2M,range,1,1,Wall Follow,0.4910390079021454,0,0,0,0.0,0,0,0.0,0.0,102879,-1,-256,4545,-0.08467215299606323,0.013463019393384457,-0.0076737599447369576,0.0,354,2134,32766,2190,32766,3.4046921730041504
2026-04-07T09:59:53.970,radio://0/80/2M,mission,1,1,Wall Follow,0.48424121737480164,0,0,0,0.0,0,0,0.0,0.0,102879,-1,-256,4545,-0.08467215299606323,0.013463019393384457,-0.0076737599447369576,0.0,354,2134,32766,2190,32766,3.4046921730041504
2026-04-07T09:59:53.973,radio://0/80/2M,flow,1,1,Wall Follow,0.48424121737480164,0,0,0,0.0,0,0,0.0,0.0,103129,-1,0,4545,-0.007991035468876362,-0.042956575751304626,0.0,0.0,354,2134,32766,2190,32766,3.4046921730041504
2026-04-07T09:59:53.974,radio://0/80/2M,range,1,1,Wall Follow,0.48424121737480164,0,0,0,0.0,0,0,0.0,0.0,103129,-1,0,4545,-0.007991035468876362,-0.042956575751304626,0.0,0.0,32766,2185,32766,2202,2352,3.394134998321533
2026-04-07T09:59:54.220,radio://0/80/2M,mission,1,1,Wall Follow,0.48075416684150696,0,0,0,0.0,0,0,0.0,0.0,103129,-1,0,4545,-0.007991035468876362,-0.042956575751304626,0.0,0.0,32766,2185,32766,2202,2352,3.394134998321533
2026-04-07T09:59:54.221,radio://0/80/2M,flow,1,1,Wall Follow,0.48075416684150696,0,0,0,0.0,0,0,0.0,0.0,103379,1,1,4545,0.046255506575107574,-0.03500093147158623,0.0,0.0,32766,2185,32766,2202,2352,3.394134998321533
2026-04-07T09:59:54.223,radio://0/80/2M,range,1,1,Wall Follow,0.48075416684150696,0,0,0,0.0,0,0,0.0,0.0,103379,1,1,4545,0.046255506575107574,-0.03500093147158623,0.0,0.0,32766,32766,32766,32766,32766,3.399413585662842
2026-04-07T09:59:54.470,radio://0/80/2M,mission,1,1,Wall Follow,0.49260032176971436,0,0,0,0.0,0,0,0.0,0.0,103379,1,1,4545,0.046255506575107574,-0.03500093147158623,0.0,0.0,32766,32766,32766,32766,32766,3.399413585662842
2026-04-07T09:59:54.471,radio://0/80/2M,flow,1,1,Wall Follow,0.49260032176971436,0,0,0,0.0,0,0,0.0,0.0,103629,0,1,4545,0.04009940102696419,0.00578354112803936,0.1980622261762619,-0.06621451675891876,32766,32766,32766,32766,32766,3.399413585662842
2026-04-07T09:59:54.472,radio://0/80/2M,range,1,1,Wall Follow,0.49260032176971436,0,0,0,0.0,0,0,0.0,0.0,103629,0,1,4545,0.04009940102696419,0.00578354112803936,0.1980622261762619,-0.06621451675891876,32766,201,32766,32766,2298,3.409970760345459
2026-04-07T09:59:54.719,radio://0/80/2M,mission,1,1,Wall Follow,0.5030910968780518,0,0,0,0.0,0,0,0.0,0.0,103629,0,1,4545,0.04009940102696419,0.00578354112803936,0.1980622261762619,-0.06621451675891876,32766,201,32766,32766,2298,3.409970760345459
2026-04-07T09:59:54.721,radio://0/80/2M,flow,1,1,Wall Follow,0.5030910968780518,0,0,0,0.0,0,0,0.0,0.0,103879,0,-2,4829,-0.024658409878611565,0.10261139273643494,0.0,0.0,32766,201,32766,32766,2298,3.409970760345459
2026-04-07T09:59:54.723,radio://0/80/2M,range,1,1,Wall Follow,0.5030910968780518,0,0,0,0.0,0,0,0.0,0.0,103879,0,-2,4829,-0.024658409878611565,0.10261139273643494,0.0,0.0,543,203,32766,32766,2342,3.4152493476867676
2026-04-07T09:59:54.969,radio://0/80/2M,mission,1,1,Wall Follow,0.5071016550064087,0,0,0,0.0,0,0,0.0,0.0,103879,0,-2,4829,-0.024658409878611565,0.10261139273643494,0.0,0.0,543,203,32766,32766,2342,3.4152493476867676
2026-04-07T09:59:54.970,radio://0/80/2M,flow,1,1,Wall Follow,0.5071016550064087,0,0,0,0.0,0,0,0.0,0.0,104129,0,-1,4829,-0.028983520343899727,0.03128701448440552,0.0,0.0,543,203,32766,32766,2342,3.4152493476867676
2026-04-07T09:59:54.972,radio://0/80/2M,range,1,1,Wall Follow,0.5071016550064087,0,0,0,0.0,0,0,0.0,0.0,104129,0,-1,4829,-0.028983520343899727,0.03128701448440552,0.0,0.0,509,217,32766,32766,2379,3.399413585662842
2026-04-07T09:59:55.218,radio://0/80/2M,mission,1,1,Wall Follow,0.49695396423339844,0,0,0,0.0,0,0,0.0,0.0,104129,0,-1,4829,-0.028983520343899727,0.03128701448440552,0.0,0.0,509,217,32766,32766,2379,3.399413585662842
2026-04-07T09:59:55.222,radio://0/80/2M,flow,1,1,Wall Follow,0.49695396423339844,0,0,0,0.0,0,0,0.0,0.0,104379,0,3,4528,-0.02520620822906494,-0.042787954211235046,0.0,0.0,509,217,32766,32766,2379,3.399413585662842
2026-04-07T09:59:55.223,radio://0/80/2M,range,1,1,Wall Follow,0.49695396423339844,0,0,0,0.0,0,0,0.0,0.0,104379,0,3,4528,-0.02520620822906494,-0.042787954211235046,0.0,0.0,512,198,2556,32766,32766,3.3782992362976074
2026-04-07T09:59:55.469,radio://0/80/2M,mission,1,1,Wall Follow,0.4917859137058258,0,0,0,0.0,0,0,0.0,0.0,104379,0,3,4528,-0.02520620822906494,-0.042787954211235046,0.0,0.0,512,198,2556,32766,32766,3.3782992362976074
2026-04-07T09:59:55.470,radio://0/80/2M,flow,1,1,Wall Follow,0.4917859137058258,0,0,0,0.0,0,0,0.0,0.0,104629,-2,0,4528,-0.004473358392715454,-0.047430746257305145,0.0,0.0,512,198,2556,32766,32766,3.3782992362976074
2026-04-07T09:59:55.472,radio://0/80/2M,range,1,1,Wall Follow,0.4917859137058258,0,0,0,0.0,0,0,0.0,0.0,104629,-2,0,4528,-0.004473358392715454,-0.047430746257305145,0.0,0.0,568,177,32766,32766,2265,3.383577823638916
2026-04-07T09:59:55.719,radio://0/80/2M,mission,1,1,Wall Follow,0.5027480125427246,0,0,0,0.0,0,0,0.0,0.0,104629,-2,0,4528,-0.004473358392715454,-0.047430746257305145,0.0,0.0,568,177,32766,32766,2265,3.383577823638916
2026-04-07T09:59:55.720,radio://0/80/2M,flow,1,1,Wall Follow,0.5027480125427246,0,0,0,0.0,0,0,0.0,0.0,104879,1,0,4528,0.005656287539750338,0.005400971509516239,0.0,0.0,568,177,32766,32766,2265,3.383577823638916
2026-04-07T09:59:55.721,radio://0/80/2M,range,1,1,Wall Follow,0.5027480125427246,0,0,0,0.0,0,0,0.0,0.0,104879,1,0,4528,0.005656287539750338,0.005400971509516239,0.0,0.0,32766,179,32766,32766,2113,3.4152493476867676
2026-04-07T09:59:55.969,radio://0/80/2M,mission,1,1,Wall Follow,0.5057260990142822,0,0,0,0.0,0,0,0.0,0.0,104879,1,0,4528,0.005656287539750338,0.005400971509516239,0.0,0.0,32766,179,32766,32766,2113,3.4152493476867676
2026-04-07T09:59:55.971,radio://0/80/2M,flow,1,1,Wall Follow,0.5057260990142822,0,0,0,0.0,0,0,0.0,0.0,105129,1,0,4528,0.022678757086396217,0.02290019951760769,-5.1882234402000904e-05,0.0,32766,179,32766,32766,2113,3.4152493476867676
2026-04-07T09:59:55.972,radio://0/80/2M,range,1,1,Wall Follow,0.5057260990142822,0,0,0,0.0,0,0,0.0,0.0,105129,1,0,4528,0.022678757086396217,0.02290019951760769,-5.1882234402000904e-05,0.0,493,198,32766,32766,32766,3.399413585662842
2026-04-07T09:59:56.218,radio://0/80/2M,mission,1,1,Wall Follow,0.5072001218795776,0,0,0,0.0,0,0,0.0,0.0,105129,1,0,4528,0.022678757086396217,0.02290019951760769,-5.1882234402000904e-05,0.0,493,198,32766,32766,32766,3.399413585662842
2026-04-07T09:59:56.220,radio://0/80/2M,flow,1,1,Wall Follow,0.5072001218795776,0,0,0,0.0,0,0,0.0,0.0,105379,255,0,4528,0.020471516996622086,-0.01475351769477129,-0.004591674543917179,0.0,493,198,32766,32766,32766,3.399413585662842
2026-04-07T09:59:56.221,radio://0/80/2M,range,1,1,Wall Follow,0.5072001218795776,0,0,0,0.0,0,0,0.0,0.0,105379,255,0,4528,0.020471516996622086,-0.01475351769477129,-0.004591674543917179,0.0,435,216,32766,32766,2263,3.399413585662842
2026-04-07T09:59:56.468,radio://0/80/2M,mission,1,1,Wall Follow,0.5063081383705139,0,0,0,0.0,0,0,0.0,0.0,105379,255,0,4528,0.020471516996622086,-0.01475351769477129,-0.004591674543917179,0.0,435,216,32766,32766,2263,3.399413585662842
2026-04-07T09:59:56.469,radio://0/80/2M,flow,1,1,Wall Follow,0.5063081383705139,0,0,0,0.0,0,0,0.0,0.0,105629,0,0,4528,0.02192462608218193,-0.034795183688402176,-0.002121139317750931,0.0,435,216,32766,32766,2263,3.399413585662842
2026-04-07T09:59:56.471,radio://0/80/2M,range,1,1,Wall Follow,0.5063081383705139,0,0,0,0.0,0,0,0.0,0.0,105629,0,0,4528,0.02192462608218193,-0.034795183688402176,-0.002121139317750931,0.0,461,256,32766,32766,2272,3.383577823638916
2026-04-07T09:59:56.717,radio://0/80/2M,mission,1,1,Wall Follow,0.5079900622367859,0,0,0,0.0,0,0,0.0,0.0,105629,0,0,4528,0.02192462608218193,-0.034795183688402176,-0.002121139317750931,0.0,461,256,32766,32766,2272,3.383577823638916
2026-04-07T09:59:56.721,radio://0/80/2M,flow,1,1,Wall Follow,0.5079900622367859,0,0,0,0.0,0,0,0.0,0.0,105879,0,-1,4528,0.028805062174797058,0.02957586571574211,0.19983935356140137,-0.09992021322250366,461,256,32766,32766,2272,3.383577823638916
2026-04-07T09:59:56.722,radio://0/80/2M,range,1,1,Wall Follow,0.5079900622367859,0,0,0,0.0,0,0,0.0,0.0,105879,0,-1,4528,0.028805062174797058,0.02957586571574211,0.19983935356140137,-0.09992021322250366,32766,224,32766,32766,2348,3.4046921730041504
2026-04-07T09:59:56.967,radio://0/80/2M,mission,1,1,Wall Follow,0.505608320236206,0,0,0,0.0,0,0,0.0,0.0,105879,0,-1,4528,0.028805062174797058,0.02957586571574211,0.19983935356140137,-0.09992021322250366,32766,224,32766,32766,2348,3.4046921730041504
2026-04-07T09:59:56.970,radio://0/80/2M,flow,1,1,Wall Follow,0.505608320236206,0,0,0,0.0,0,0,0.0,0.0,106129,3,-2,4528,0.07369719445705414,0.20284272730350494,0.19999998807907104,-0.09999999403953552,32766,224,32766,32766,2348,3.4046921730041504
2026-04-07T09:59:56.971,radio://0/80/2M,range,1,1,Wall Follow,0.505608320236206,0,0,0,0.0,0,0,0.0,0.0,106129,3,-2,4528,0.07369719445705414,0.20284272730350494,0.19999998807907104,-0.09999999403953552,32766,208,32766,32766,32766,3.383577823638916
2026-04-07T09:59:57.217,radio://0/80/2M,mission,1,1,Wall Follow,0.5044965147972107,0,0,0,0.0,0,0,0.0,0.0,106129,3,-2,4528,0.07369719445705414,0.20284272730350494,0.19999998807907104,-0.09999999403953552,32766,208,32766,32766,32766,3.383577823638916
2026-04-07T09:59:57.221,radio://0/80/2M,flow,1,1,Wall Follow,0.5044965147972107,0,0,0,0.0,0,0,0.0,0.0,106379,0,-6,4528,0.09440650045871735,0.23666895925998688,0.19999998807907104,-0.09999999403953552,32766,208,32766,32766,32766,3.383577823638916
2026-04-07T09:59:57.222,radio://0/80/2M,range,1,1,Wall Follow,0.5044965147972107,0,0,0,0.0,0,0,0.0,0.0,106379,0,-6,4528,0.09440650045871735,0.23666895925998688,0.19999998807907104,-0.09999999403953552,32766,203,32766,32766,32766,3.4046921730041504
2026-04-07T09:59:57.466,radio://0/80/2M,mission,1,1,Wall Follow,0.49970316886901855,0,0,0,0.0,0,0,0.0,0.0,106379,0,-6,4528,0.09440650045871735,0.23666895925998688,0.19999998807907104,-0.09999999403953552,32766,203,32766,32766,32766,3.4046921730041504
2026-04-07T09:59:57.469,radio://0/80/2M,flow,1,1,Wall Follow,0.49970316886901855,0,0,0,0.0,0,0,0.0,0.0,106629,1,0,4528,0.08919265866279602,0.20378966629505157,0.19999998807907104,-0.09999999403953552,32766,203,32766,32766,32766,3.4046921730041504
2026-04-07T09:59:57.470,radio://0/80/2M,range,1,1,Wall Follow,0.49970316886901855,0,0,0,0.0,0,0,0.0,0.0,106629,1,0,4528,0.08919265866279602,0.20378966629505157,0.19999998807907104,-0.09999999403953552,32766,366,32766,32766,32766,3.3782992362976074
2026-04-07T09:59:57.717,radio://0/80/2M,mission,1,1,Wall Follow,0.4998898208141327,0,0,0,0.0,0,0,0.0,0.0,106629,1,0,4528,0.08919265866279602,0.20378966629505157,0.19999998807907104,-0.09999999403953552,32766,366,32766,32766,32766,3.3782992362976074
2026-04-07T09:59:57.718,radio://0/80/2M,flow,1,1,Wall Follow,0.4998898208141327,0,0,0,0.0,0,0,0.0,0.0,106879,0,-4,4528,0.07351068407297134,0.165413498878479,0.008070719428360462,0.003807381959632039,32766,366,32766,32766,32766,3.3782992362976074
2026-04-07T09:59:57.720,radio://0/80/2M,range,1,1,Wall Follow,0.4998898208141327,0,0,0,0.0,0,0,0.0,0.0,106879,0,-4,4528,0.07351068407297134,0.165413498878479,0.008070719428360462,0.003807381959632039,32766,32766,32766,32766,2459,3.399413585662842
2026-04-07T09:59:57.967,radio://0/80/2M,mission,1,1,Wall Follow,0.5036818981170654,0,0,0,0.0,0,0,0.0,0.0,106879,0,-4,4528,0.07351068407297134,0.165413498878479,0.008070719428360462,0.003807381959632039,32766,32766,32766,32766,2459,3.399413585662842
2026-04-07T09:59:57.968,radio://0/80/2M,flow,1,1,Wall Follow,0.5036818981170654,0,0,0,0.0,0,0,0.0,0.0,107129,0,0,4245,0.01414374727755785,0.04713866114616394,1.0823384855029872e-06,5.105959530737891e-07,32766,32766,32766,32766,2459,3.399413585662842
2026-04-07T09:59:57.970,radio://0/80/2M,range,1,1,Wall Follow,0.5036818981170654,0,0,0,0.0,0,0,0.0,0.0,107129,0,0,4245,0.01414374727755785,0.04713866114616394,1.0823384855029872e-06,5.105959530737891e-07,32766,32766,32766,32766,2429,3.3888564109802246
2026-04-07T09:59:58.216,radio://0/80/2M,mission,1,1,Wall Follow,0.5048816800117493,0,0,0,0.0,0,0,0.0,0.0,107129,0,0,4245,0.01414374727755785,0.04713866114616394,1.0823384855029872e-06,5.105959530737891e-07,32766,32766,32766,32766,2429,3.3888564109802246
2026-04-07T09:59:58.218,radio://0/80/2M,flow,1,1,Wall Follow,0.5048816800117493,0,0,0,0.0,0,0,0.0,0.0,107379,-1,1,4245,-0.045520931482315063,-0.043191440403461456,1.4514899004947068e-10,6.847440670032512e-11,32766,32766,32766,32766,2429,3.3888564109802246
2026-04-07T09:59:58.221,radio://0/80/2M,range,1,1,Wall Follow,0.5048816800117493,0,0,0,0.0,0,0,0.0,0.0,107379,-1,1,4245,-0.045520931482315063,-0.043191440403461456,1.4514899004947068e-10,6.847440670032512e-11,32766,32766,2473,32766,32766,3.399413585662842
2026-04-07T09:59:58.467,radio://0/80/2M,mission,1,1,Wall Follow,0.5059633255004883,0,0,0,0.0,0,0,0.0,0.0,107379,-1,1,4245,-0.045520931482315063,-0.043191440403461456,1.4514899004947068e-10,6.847440670032512e-11,32766,32766,2473,32766,32766,3.399413585662842
2026-04-07T09:59:58.468,radio://0/80/2M,flow,1,1,Wall Follow,0.5059633255004883,0,0,0,0.0,0,0,0.0,0.0,107629,0,4,4245,-0.00634404830634594,-0.04457550123333931,0.19864356517791748,-0.06621451675891876,32766,32766,2473,32766,32766,3.399413585662842
2026-04-07T09:59:58.469,radio://0/80/2M,range,1,1,Wall Follow,0.5059633255004883,0,0,0,0.0,0,0,0.0,0.0,107629,0,4,4245,-0.00634404830634594,-0.04457550123333931,0.19864356517791748,-0.06621451675891876,32766,359,32766,32766,32766,3.394134998321533
2026-04-07T09:59:58.716,radio://0/80/2M,mission,1,1,Wall Follow,0.5070197582244873,0,0,0,0.0,0,0,0.0,0.0,107629,0,4,4245,-0.00634404830634594,-0.04457550123333931,0.19864356517791748,-0.06621451675891876,32766,359,32766,32766,32766,3.394134998321533
2026-04-07T09:59:58.717,radio://0/80/2M,flow,1,1,Wall Follow,0.5070197582244873,0,0,0,0.0,0,0,0.0,0.0,107879,3,-6,4245,0.0019425726495683193,0.1471204161643982,0.19999980926513672,-0.0666666105389595,32766,359,32766,32766,32766,3.394134998321533
2026-04-07T09:59:58.719,radio://0/80/2M,range,1,1,Wall Follow,0.5070197582244873,0,0,0,0.0,0,0,0.0,0.0,107879,3,-6,4245,0.0019425726495683193,0.1471204161643982,0.19999980926513672,-0.0666666105389595,32766,385,32766,32766,32766,3.399413585662842
2026-04-07T09:59:58.966,radio://0/80/2M,mission,1,1,Wall Follow,0.49921414256095886,0,0,0,0.0,0,0,0.0,0.0,107879,3,-6,4245,0.0019425726495683193,0.1471204161643982,0.19999980926513672,-0.0666666105389595,32766,385,32766,32766,32766,3.399413585662842
2026-04-07T09:59:58.967,radio://0/80/2M,flow,1,1,Wall Follow,0.49921414256095886,0,0,0,0.0,0,0,0.0,0.0,108129,3,-1,4245,-0.05530218034982681,0.24044331908226013,0.19999998807907104,-0.000452148582553491,32766,385,32766,32766,32766,3.399413585662842
2026-04-07T09:59:58.968,radio://0/80/2M,range,1,1,Wall Follow,0.49921414256095886,0,0,0,0.0,0,0,0.0,0.0,108129,3,-1,4245,-0.05530218034982681,0.24044331908226013,0.19999998807907104,-0.000452148582553491,32766,422,32766,32766,32766,3.3677420616149902
2026-04-07T09:59:59.217,radio://0/80/2M,mission,1,1,Wall Follow,0.5073364973068237,0,0,0,0.0,0,0,0.0,0.0,108129,3,-1,4245,-0.05530218034982681,0.24044331908226013,0.19999998807907104,-0.000452148582553491,32766,422,32766,32766,32766,3.3677420616149902
2026-04-07T09:59:59.218,radio://0/80/2M,flow,1,1,Wall Follow,0.5073364973068237,0,0,0,0.0,0,0,0.0,0.0,108379,255,-5,3980,-0.13509197533130646,0.172624871134758,0.19999998807907104,-6.063621071916714e-08,32766,422,32766,32766,32766,3.3677420616149902
2026-04-07T09:59:59.219,radio://0/80/2M,range,1,1,Wall Follow,0.5073364973068237,0,0,0,0.0,0,0,0.0,0.0,108379,255,-5,3980,-0.13509197533130646,0.172624871134758,0.19999998807907104,-6.063621071916714e-08,32766,461,32766,2351,32766,3.4046921730041504
2026-04-07T09:59:59.466,radio://0/80/2M,mission,1,1,Wall Follow,0.48299798369407654,0,0,0,0.0,0,0,0.0,0.0,108379,255,-5,3980,-0.13509197533130646,0.172624871134758,0.19999998807907104,-6.063621071916714e-08,32766,461,32766,2351,32766,3.4046921730041504
2026-04-07T09:59:59.467,radio://0/80/2M,flow,1,1,Wall Follow,0.48299798369407654,0,0,0,0.0,0,0,0.0,0.0,108629,-1,-2,3980,-0.19319884479045868,0.10529983043670654,0.19999998807907104,-8.131727929905352e-12,32766,461,32766,2351,32766,3.4046921730041504
2026-04-07T09:59:59.468,radio://0/80/2M,range,1,1,Wall Follow,0.48299798369407654,0,0,0,0.0,0,0,0.0,0.0,108629,-1,-2,3980,-0.19319884479045868,0.10529983043670654,0.19999998807907104,-8.131727929905352e-12,32766,481,32766,2439,32766,3.33079195022583
2026-04-07T09:59:59.715,radio://0/80/2M,mission,1,5,Transition,0.47481533885002136,0,0,0,0.0,0,0,0.0,0.0,108629,-1,-2,3980,-0.19319884479045868,0.10529983043670654,0.19999998807907104,-8.131727929905352e-12,32766,481,32766,2439,32766,3.33079195022583
2026-04-07T09:59:59.718,radio://0/80/2M,flow,1,5,Transition,0.47481533885002136,0,0,0,0.0,0,0,0.0,0.0,108879,-2,-4,3980,-0.183735653758049,0.07677432894706726,0.06859999150037766,-1.0905199794808374e-15,32766,481,32766,2439,32766,3.33079195022583
2026-04-07T09:59:59.719,radio://0/80/2M,range,1,5,Transition,0.47481533885002136,0,0,0,0.0,0,0,0.0,0.0,108879,-2,-4,3980,-0.183735653758049,0.07677432894706726,0.06859999150037766,-1.0905199794808374e-15,32766,461,32766,2533,32766,3.394134998321533
2026-04-07T09:59:59.964,radio://0/80/2M,mission,1,5,Transition,0.5235832929611206,0,0,0,0.0,0,0,0.0,0.0,108879,-2,-4,3980,-0.183735653758049,0.07677432894706726,0.06859999150037766,-1.0905199794808374e-15,32766,461,32766,2533,32766,3.394134998321533
2026-04-07T09:59:59.967,radio://0/80/2M,flow,1,5,Transition,0.5235832929611206,0,0,0,0.0,0,0,0.0,0.0,109129,-1,-1,3980,-0.09896552562713623,0.04027678817510605,-0.07599544525146484,-1.462461139107435e-19,32766,461,32766,2533,32766,3.394134998321533
2026-04-07T09:59:59.968,radio://0/80/2M,range,1,5,Transition,0.5235832929611206,0,0,0,0.0,0,0,0.0,0.0,109129,-1,-1,3980,-0.09896552562713623,0.04027678817510605,-0.07599544525146484,-1.462461139107435e-19,234,475,32766,2579,32766,3.436363697052002
2026-04-07T10:00:00.216,radio://0/80/2M,mission,1,2,Scan,0.5333371758460999,0,0,0,0.0,0,0,0.0,0.0,109129,-1,-1,3980,-0.09896552562713623,0.04027678817510605,-0.07599544525146484,-1.462461139107435e-19,234,475,32766,2579,32766,3.436363697052002
2026-04-07T10:00:00.217,radio://0/80/2M,flow,1,2,Scan,0.5333371758460999,0,0,0,0.0,0,0,0.0,0.0,109379,0,0,3980,0.028517097234725952,-0.03107258304953575,-0.021225517615675926,-1.9612599872176e-23,234,475,32766,2579,32766,3.436363697052002
2026-04-07T10:00:00.218,radio://0/80/2M,range,1,2,Scan,0.5333371758460999,0,0,0,0.0,0,0,0.0,0.0,109379,0,0,3980,0.028517097234725952,-0.03107258304953575,-0.021225517615675926,-1.9612599872176e-23,32766,633,32766,2613,32766,3.394134998321533
2026-04-07T10:00:00.465,radio://0/80/2M,mission,1,2,Scan,0.4789130985736847,0,0,0,0.0,0,0,0.0,0.0,109379,0,0,3980,0.028517097234725952,-0.03107258304953575,-0.021225517615675926,-1.9612599872176e-23,32766,633,32766,2613,32766,3.394134998321533
2026-04-07T10:00:00.467,radio://0/80/2M,flow,1,2,Scan,0.4789130985736847,0,0,0,0.0,0,0,0.0,0.0,109630,0,-1,3980,0.04154404252767563,-0.056735746562480927,-0.031040243804454803,-2.6301826286283776e-27,32766,633,32766,2613,32766,3.394134998321533
2026-04-07T10:00:00.469,radio://0/80/2M,range,1,2,Scan,0.4789130985736847,0,0,0,0.0,0,0,0.0,0.0,109630,0,-1,3980,0.04154404252767563,-0.056735746562480927,-0.031040243804454803,-2.6301826286283776e-27,191,899,32766,2613,32766,3.3360705375671387
2026-04-07T10:00:00.714,radio://0/80/2M,mission,1,2,Scan,0.47612279653549194,0,0,0,0.0,0,0,0.0,0.0,109630,0,-1,3980,0.04154404252767563,-0.056735746562480927,-0.031040243804454803,-2.6301826286283776e-27,191,899,32766,2613,32766,3.3360705375671387
2026-04-07T10:00:00.716,radio://0/80/2M,flow,1,2,Scan,0.47612279653549194,0,0,0,0.0,0,0,0.0,0.0,109879,0,-2,3980,-0.015614633448421955,-0.013467375189065933,-0.033861227333545685,-3.5272539416621318e-31,191,899,32766,2613,32766,3.3360705375671387
2026-04-07T10:00:00.718,radio://0/80/2M,range,1,2,Scan,0.47612279653549194,0,0,0,0.0,0,0,0.0,0.0,109879,0,-2,3980,-0.015614633448421955,-0.013467375189065933,-0.033861227333545685,-3.5272539416621318e-31,138,1038,32766,32766,32766,3.399413585662842
2026-04-07T10:00:00.983,radio://0/80/2M,mission,1,2,Scan,0.5066409707069397,0,0,0,0.0,0,0,0.0,0.0,109879,0,-2,3980,-0.015614633448421955,-0.013467375189065933,-0.033861227333545685,-3.5272539416621318e-31,138,1038,32766,32766,32766,3.399413585662842
2026-04-07T10:00:00.991,radio://0/80/2M,flow,1,2,Scan,0.5066409707069397,0,0,0,0.0,0,0,0.0,0.0,110130,0,-2,3980,-0.015676623210310936,0.015114722773432732,-0.033974457532167435,-4.730287416895404e-35,138,1038,32766,32766,32766,3.399413585662842
2026-04-07T10:00:00.995,radio://0/80/2M,range,1,2,Scan,0.5066409707069397,0,0,0,0.0,0,0,0.0,0.0,110130,0,-2,3980,-0.015676623210310936,0.015114722773432732,-0.033974457532167435,-4.730287416895404e-35,157,975,32766,32766,32766,3.420527935028076
2026-04-07T10:00:01.213,radio://0/80/2M,mission,1,2,Scan,0.5090571045875549,0,0,0,0.0,0,0,0.0,0.0,110130,0,-2,3980,-0.015676623210310936,0.015114722773432732,-0.033974457532167435,-4.730287416895404e-35,157,975,32766,32766,32766,3.420527935028076
2026-04-07T10:00:01.217,radio://0/80/2M,flow,1,2,Scan,0.5090571045875549,0,0,0,0.0,0,0,0.0,0.0,110380,2,-4,3980,0.019190890714526176,-0.009037967771291733,-0.03568541631102562,-6.343637510342981e-39,157,975,32766,32766,32766,3.420527935028076
2026-04-07T10:00:01.219,radio://0/80/2M,range,1,2,Scan,0.5090571045875549,0,0,0,0.0,0,0,0.0,0.0,110380,2,-4,3980,0.019190890714526176,-0.009037967771291733,-0.03568541631102562,-6.343637510342981e-39,141,982,32766,32766,32766,3.399413585662842
2026-04-07T10:00:01.463,radio://0/80/2M,mission,1,2,Scan,0.48482030630111694,0,0,0,0.0,0,0,0.0,0.0,110380,2,-4,3980,0.019190890714526176,-0.009037967771291733,-0.03568541631102562,-6.343637510342981e-39,141,982,32766,32766,32766,3.399413585662842
2026-04-07T10:00:01.466,radio://0/80/2M,flow,1,2,Scan,0.48482030630111694,0,0,0,0.0,0,0,0.0,0.0,110629,-1,-1,3980,0.0464472733438015,-0.03900144249200821,-0.003811997827142477,-8.50588167845164e-43,141,982,32766,32766,32766,3.399413585662842
2026-04-07T10:00:01.467,radio://0/80/2M,range,1,2,Scan,0.48482030630111694,0,0,0,0.0,0,0,0.0,0.0,110629,-1,-1,3980,0.0464472733438015,-0.03900144249200821,-0.003811997827142477,-8.50588167845164e-43,32766,1050,32766,2575,2459,3.3677420616149902
2026-04-07T10:00:01.713,radio://0/80/2M,mission,1,2,Scan,0.46298345923423767,0,0,0,0.0,0,0,0.0,0.0,110629,-1,-1,3980,0.0464472733438015,-0.03900144249200821,-0.003811997827142477,-8.50588167845164e-43,32766,1050,32766,2575,2459,3.3677420616149902
2026-04-07T10:00:01.714,radio://0/80/2M,flow,1,2,Scan,0.46298345923423767,0,0,0,0.0,0,0,0.0,0.0,110879,-1,-2,3980,0.02170317992568016,-0.0517837330698967,-5.112148642183456e-07,-1.401298464324817e-45,32766,1050,32766,2575,2459,3.3677420616149902
2026-04-07T10:00:01.716,radio://0/80/2M,range,1,2,Scan,0.46298345923423767,0,0,0,0.0,0,0,0.0,0.0,110879,-1,-2,3980,0.02170317992568016,-0.0517837330698967,-5.112148642183456e-07,-1.401298464324817e-45,32766,32766,32766,32766,32766,3.383577823638916
2026-04-07T10:00:01.963,radio://0/80/2M,mission,1,2,Scan,0.5092088580131531,0,0,0,0.0,0,0,0.0,0.0,110879,-1,-2,3980,0.02170317992568016,-0.0517837330698967,-5.112148642183456e-07,-1.401298464324817e-45,32766,32766,32766,32766,32766,3.383577823638916
2026-04-07T10:00:01.966,radio://0/80/2M,flow,1,2,Scan,0.5092088580131531,0,0,0,0.0,0,0,0.0,0.0,111130,0,-1,3980,-0.005043355282396078,-0.05928326025605202,-6.855739587141585e-11,-1.401298464324817e-45,32766,32766,32766,32766,32766,3.383577823638916
2026-04-07T10:00:01.967,radio://0/80/2M,range,1,2,Scan,0.5092088580131531,0,0,0,0.0,0,0,0.0,0.0,111130,0,-1,3980,-0.005043355282396078,-0.05928326025605202,-6.855739587141585e-11,-1.401298464324817e-45,32766,32766,32766,32766,32766,3.4258065223693848
2026-04-07T10:00:02.214,radio://0/80/2M,mission,1,2,Scan,0.5360682010650635,0,0,0,0.0,0,0,0.0,0.0,111130,0,-1,3980,-0.005043355282396078,-0.05928326025605202,-6.855739587141585e-11,-1.401298464324817e-45,32766,32766,32766,32766,32766,3.4258065223693848
2026-04-07T10:00:02.215,radio://0/80/2M,flow,1,2,Scan,0.5360682010650635,0,0,0,0.0,0,0,0.0,0.0,111379,-256,-1,4228,-0.03333006799221039,-0.009774848818778992,-9.19401494091929e-15,-1.401298464324817e-45,32766,32766,32766,32766,32766,3.4258065223693848
2026-04-07T10:00:02.216,radio://0/80/2M,range,1,2,Scan,0.5360682010650635,0,0,0,0.0,0,0,0.0,0.0,111379,-256,-1,4228,-0.03333006799221039,-0.009774848818778992,-9.19401494091929e-15,-1.401298464324817e-45,32766,32766,32766,32766,32766,3.420527935028076
2026-04-07T10:00:02.463,radio://0/80/2M,mission,1,2,Scan,0.5235707759857178,0,0,0,0.0,0,0,0.0,0.0,111379,-256,-1,4228,-0.03333006799221039,-0.009774848818778992,-9.19401494091929e-15,-1.401298464324817e-45,32766,32766,32766,32766,32766,3.420527935028076
2026-04-07T10:00:02.464,radio://0/80/2M,flow,1,2,Scan,0.5235707759857178,0,0,0,0.0,0,0,0.0,0.0,111629,0,0,4228,-0.02781183086335659,0.009384318254888058,-1.2329800148326343e-18,0.04403873160481453,32766,32766,32766,32766,32766,3.420527935028076
2026-04-07T10:00:02.466,radio://0/80/2M,range,1,2,Scan,0.5235707759857178,0,0,0,0.0,0,0,0.0,0.0,111629,0,0,4228,-0.02781183086335659,0.009384318254888058,-1.2329800148326343e-18,0.04403873160481453,32766,32766,48,32766,32766,3.394134998321533
2026-04-07T10:00:02.713,radio://0/80/2M,mission,1,2,Scan,0.562920868396759,0,0,0,0.0,0,0,0.0,0.0,111629,0,0,4228,-0.02781183086335659,0.009384318254888058,-1.2329800148326343e-18,0.04403873160481453,32766,32766,48,32766,32766,3.394134998321533
2026-04-07T10:00:02.714,radio://0/80/2M,flow,1,2,Scan,0.562920868396759,0,0,0,0.0,0,0,0.0,0.0,111879,0,0,4228,0.03412098065018654,-0.04559038206934929,-1.6535106437236098e-22,0.03857044503092766,32766,32766,48,32766,32766,3.394134998321533
2026-04-07T10:00:02.717,radio://0/80/2M,range,1,2,Scan,0.562920868396759,0,0,0,0.0,0,0,0.0,0.0,111879,0,0,4228,0.03412098065018654,-0.04559038206934929,-1.6535106437236098e-22,0.03857044503092766,2367,2663,117,32766,32766,3.4416422843933105
2026-04-07T10:00:02.963,radio://0/80/2M,mission,1,2,Scan,0.5291405320167542,0,0,0,0.0,0,0,0.0,0.0,111879,0,0,4228,0.03412098065018654,-0.04559038206934929,-1.6535106437236098e-22,0.03857044503092766,2367,2663,117,32766,32766,3.4416422843933105
2026-04-07T10:00:02.965,radio://0/80/2M,flow,1,2,Scan,0.5291405320167542,0,0,0,0.0,0,0,0.0,0.0,112129,0,-1,4228,0.00464812945574522,-0.08532296866178513,-2.2174704400951714e-26,0.015402249991893768,2367,2663,117,32766,32766,3.4416422843933105
2026-04-07T10:00:02.966,radio://0/80/2M,range,1,2,Scan,0.5291405320167542,0,0,0,0.0,0,0,0.0,0.0,112129,0,-1,4228,0.00464812945574522,-0.08532296866178513,-2.2174704400951714e-26,0.015402249991893768,2381,2722,345,32766,32766,3.3624634742736816
2026-04-07T10:00:03.212,radio://0/80/2M,mission,1,2,Scan,0.4550428092479706,0,0,0,0.0,0,0,0.0,0.0,112129,0,-1,4228,0.00464812945574522,-0.08532296866178513,-2.2174704400951714e-26,0.015402249991893768,2381,2722,345,32766,32766,3.3624634742736816
2026-04-07T10:00:03.214,radio://0/80/2M,flow,1,2,Scan,0.4550428092479706,0,0,0,0.0,0,0,0.0,0.0,112379,-2,0,4228,0.04459383338689804,0.005841404665261507,-2.9737793384842405e-30,0.015595950186252594,2381,2722,345,32766,32766,3.3624634742736816
2026-04-07T10:00:03.216,radio://0/80/2M,range,1,2,Scan,0.4550428092479706,0,0,0,0.0,0,0,0.0,0.0,112379,-2,0,4228,0.04459383338689804,0.005841404665261507,-2.9737793384842405e-30,0.015595950186252594,2399,2781,344,32766,32766,3.2991201877593994
2026-04-07T10:00:03.463,radio://0/80/2M,mission,1,2,Scan,0.4459064304828644,0,0,0,0.0,0,0,0.0,0.0,112379,-2,0,4228,0.04459383338689804,0.005841404665261507,-2.9737793384842405e-30,0.015595950186252594,2399,2781,344,32766,32766,3.2991201877593994
2026-04-07T10:00:03.464,radio://0/80/2M,flow,1,2,Scan,0.4459064304828644,0,0,0,0.0,0,0,0.0,0.0,112629,0,-256,4492,0.031487107276916504,-0.03138561174273491,0.042430583387613297,0.017081715166568756,2399,2781,344,32766,32766,3.2991201877593994
2026-04-07T10:00:03.465,radio://0/80/2M,range,1,2,Scan,0.4459064304828644,0,0,0,0.0,0,0,0.0,0.0,112629,0,-256,4492,0.031487107276916504,-0.03138561174273491,0.042430583387613297,0.017081715166568756,32766,32766,328,76,32766,3.3782992362976074
2026-04-07T10:00:03.713,radio://0/80/2M,mission,1,2,Scan,0.47916850447654724,0,0,0,0.0,0,0,0.0,0.0,112629,0,-256,4492,0.031487107276916504,-0.03138561174273491,0.042430583387613297,0.017081715166568756,32766,32766,328,76,32766,3.3782992362976074
2026-04-07T10:00:03.714,radio://0/80/2M,flow,1,2,Scan,0.47916850447654724,0,0,0,0.0,0,0,0.0,0.0,112879,1,-3,4492,-0.03519946336746216,-0.07197588682174683,0.037872590124607086,0.015265008434653282,32766,32766,328,76,32766,3.3782992362976074
2026-04-07T10:00:03.715,radio://0/80/2M,range,1,2,Scan,0.47916850447654724,0,0,0,0.0,0,0,0.0,0.0,112879,1,-3,4492,-0.03519946336746216,-0.07197588682174683,0.037872590124607086,0.015265008434653282,32766,32766,348,135,32766,3.409970760345459
2026-04-07T10:00:03.961,radio://0/80/2M,mission,1,2,Scan,0.5016595721244812,0,0,0,0.0,0,0,0.0,0.0,112879,1,-3,4492,-0.03519946336746216,-0.07197588682174683,0.037872590124607086,0.015265008434653282,32766,32766,348,135,32766,3.409970760345459
2026-04-07T10:00:03.963,radio://0/80/2M,flow,1,2,Scan,0.5016595721244812,0,0,0,0.0,0,0,0.0,0.0,113129,1,-1,4492,-0.03233804553747177,-0.08502662926912308,0.00012148423411417753,0.006700389087200165,32766,32766,348,135,32766,3.409970760345459
2026-04-07T10:00:03.965,radio://0/80/2M,range,1,2,Scan,0.5016595721244812,0,0,0,0.0,0,0,0.0,0.0,113129,1,-1,4492,-0.03233804553747177,-0.08502662926912308,0.00012148423411417753,0.006700389087200165,32766,32766,413,32766,32766,3.399413585662842
2026-04-07T10:00:04.212,radio://0/80/2M,mission,1,2,Scan,0.5063022375106812,0,0,0,0.0,0,0,0.0,0.0,113129,1,-1,4492,-0.03233804553747177,-0.08502662926912308,0.00012148423411417753,0.006700389087200165,32766,32766,413,32766,32766,3.399413585662842
2026-04-07T10:00:04.214,radio://0/80/2M,flow,1,2,Scan,0.5063022375106812,0,0,0,0.0,0,0,0.0,0.0,113379,0,0,4492,-0.0033165006898343563,-0.032819878309965134,0.009842396713793278,0.00024100975133478642,32766,32766,413,32766,32766,3.399413585662842
2026-04-07T10:00:04.215,radio://0/80/2M,range,1,2,Scan,0.5063022375106812,0,0,0,0.0,0,0,0.0,0.0,113379,0,0,4492,-0.0033165006898343563,-0.032819878309965134,0.009842396713793278,0.00024100975133478642,32766,32766,32766,410,32766,3.399413585662842
2026-04-07T10:00:04.462,radio://0/80/2M,mission,1,2,Scan,0.50283282995224,0,0,0,0.0,0,0,0.0,0.0,113379,0,0,4492,-0.0033165006898343563,-0.032819878309965134,0.009842396713793278,0.00024100975133478642,32766,32766,32766,410,32766,3.399413585662842
2026-04-07T10:00:04.463,radio://0/80/2M,flow,1,2,Scan,0.50283282995224,0,0,0,0.0,0,0,0.0,0.0,113629,2,-1,4492,0.006674742791801691,0.018896019086241722,0.007616198621690273,3.2321054277417716e-08,32766,32766,32766,410,32766,3.399413585662842
2026-04-07T10:00:04.464,radio://0/80/2M,range,1,2,Scan,0.50283282995224,0,0,0,0.0,0,0,0.0,0.0,113629,2,-1,4492,0.006674742791801691,0.018896019086241722,0.007616198621690273,3.2321054277417716e-08,32766,32766,32766,424,32766,3.3888564109802246
2026-04-07T10:00:04.712,radio://0/80/2M,mission,1,2,Scan,0.502630352973938,0,0,0,0.0,0,0,0.0,0.0,113629,2,-1,4492,0.006674742791801691,0.018896019086241722,0.007616198621690273,3.2321054277417716e-08,32766,32766,32766,424,32766,3.3888564109802246
2026-04-07T10:00:04.713,radio://0/80/2M,flow,1,2,Scan,0.502630352973938,0,0,0,0.0,0,0,0.0,0.0,113879,0,-2,4492,0.03254539519548416,-0.017325274646282196,0.007020226214081049,4.334472884781615e-12,32766,32766,32766,424,32766,3.3888564109802246
2026-04-07T10:00:04.714,radio://0/80/2M,range,1,2,Scan,0.502630352973938,0,0,0,0.0,0,0,0.0,0.0,113879,0,-2,4492,0.03254539519548416,-0.017325274646282196,0.007020226214081049,4.334472884781615e-12,32766,32766,32766,434,32766,3.383577823638916
2026-04-07T10:00:04.961,radio://0/80/2M,mission,1,2,Scan,0.5036170482635498,0,0,0,0.0,0,0,0.0,0.0,113879,0,-2,4492,0.03254539519548416,-0.017325274646282196,0.007020226214081049,4.334472884781615e-12,32766,32766,32766,434,32766,3.383577823638916
2026-04-07T10:00:04.962,radio://0/80/2M,flow,1,2,Scan,0.5036170482635498,0,0,0,0.0,0,0,0.0,0.0,114129,-1,-9,4492,0.053756944835186005,-0.016752053052186966,0.005196501966565847,5.81282183404776e-16,32766,32766,32766,434,32766,3.383577823638916
2026-04-07T10:00:04.965,radio://0/80/2M,range,1,2,Scan,0.5036170482635498,0,0,0,0.0,0,0,0.0,0.0,114129,-1,-9,4492,0.053756944835186005,-0.016752053052186966,0.005196501966565847,5.81282183404776e-16,32766,32766,32766,449,32766,3.373020648956299
2026-04-07T10:00:05.211,radio://0/80/2M,mission,1,2,Scan,0.5032920241355896,0,0,0,0.0,0,0,0.0,0.0,114129,-1,-9,4492,0.053756944835186005,-0.016752053052186966,0.005196501966565847,5.81282183404776e-16,32766,32766,32766,449,32766,3.373020648956299
2026-04-07T10:00:05.212,radio://0/80/2M,flow,1,2,Scan,0.5032920241355896,0,0,0,0.0,0,0,0.0,0.0,114379,-256,0,4492,0.03893658146262169,-0.00689660245552659,0.002662322483956814,7.795390159260653e-20,32766,32766,32766,449,32766,3.373020648956299
2026-04-07T10:00:05.214,radio://0/80/2M,range,1,2,Scan,0.5032920241355896,0,0,0,0.0,0,0,0.0,0.0,114379,-256,0,4492,0.03893658146262169,-0.00689660245552659,0.002662322483956814,7.795390159260653e-20,2527,32766,2186,482,32766,3.383577823638916
2026-04-07T10:00:05.460,radio://0/80/2M,mission,1,2,Scan,0.49943214654922485,0,0,0,0.0,0,0,0.0,0.0,114379,-256,0,4492,0.03893658146262169,-0.00689660245552659,0.002662322483956814,7.795390159260653e-20,2527,32766,2186,482,32766,3.383577823638916
2026-04-07T10:00:05.463,radio://0/80/2M,flow,1,2,Scan,0.49943214654922485,0,0,0,0.0,0,0,0.0,0.0,114629,0,0,4492,-0.033133719116449356,-0.01772146485745907,2.8962755095562898e-05,1.045414958791804e-23,2527,32766,2186,482,32766,3.383577823638916
2026-04-07T10:00:05.464,radio://0/80/2M,range,1,2,Scan,0.49943214654922485,0,0,0,0.0,0,0,0.0,0.0,114629,0,0,4492,-0.033133719116449356,-0.01772146485745907,2.8962755095562898e-05,1.045414958791804e-23,2556,32766,2190,510,32766,3.3677420616149902
2026-04-07T10:00:05.710,radio://0/80/2M,mission,1,2,Scan,0.4992116391658783,0,0,0,0.0,0,0,0.0,0.0,114629,0,0,4492,-0.033133719116449356,-0.01772146485745907,2.8962755095562898e-05,1.045414958791804e-23,2556,32766,2190,510,32766,3.3677420616149902
2026-04-07T10:00:05.712,radio://0/80/2M,flow,1,2,Scan,0.4992116391658783,0,0,0,0.0,0,0,0.0,0.0,114879,-255,-2,4492,0.004460642579942942,0.00876549445092678,3.884103261242444e-09,1.4019729030004136e-27,2556,32766,2190,510,32766,3.3677420616149902
2026-04-07T10:00:05.714,radio://0/80/2M,range,1,2,Scan,0.4992116391658783,0,0,0,0.0,0,0,0.0,0.0,114879,-255,-2,4492,0.004460642579942942,0.00876549445092678,3.884103261242444e-09,1.4019729030004136e-27,2649,32766,2391,573,32766,3.3888564109802246
2026-04-07T10:00:05.961,radio://0/80/2M,mission,1,2,Scan,0.5032235383987427,0,0,0,0.0,0,0,0.0,0.0,114879,-255,-2,4492,0.004460642579942942,0.00876549445092678,3.884103261242444e-09,1.4019729030004136e-27,2649,32766,2391,573,32766,3.3888564109802246
2026-04-07T10:00:05.962,radio://0/80/2M,flow,1,2,Scan,0.5032235383987427,0,0,0,0.0,0,0,0.0,0.0,115129,0,-4,4492,0.06766444444656372,0.00550689734518528,5.208846591900351e-13,1.8801410304890904e-31,2649,32766,2391,573,32766,3.3888564109802246
2026-04-07T10:00:05.963,radio://0/80/2M,range,1,2,Scan,0.5032235383987427,0,0,0,0.0,0,0,0.0,0.0,115129,0,-4,4492,0.06766444444656372,0.00550689734518528,5.208846591900351e-13,1.8801410304890904e-31,32766,32766,3084,32766,32766,3.383577823638916
2026-04-07T10:00:06.210,radio://0/80/2M,mission,1,2,Scan,0.5030412673950195,0,0,0,0.0,0,0,0.0,0.0,115129,0,-4,4492,0.06766444444656372,0.00550689734518528,5.208846591900351e-13,1.8801410304890904e-31,32766,32766,3084,32766,32766,3.383577823638916
2026-04-07T10:00:06.214,radio://0/80/2M,flow,1,2,Scan,0.5030412673950195,0,0,0,0.0,0,0,0.0,0.0,115379,0,-1,4212,0.04863951727747917,-0.01104743778705597,6.985417188535171e-17,2.521397787357567e-35,32766,32766,3084,32766,32766,3.383577823638916
2026-04-07T10:00:06.215,radio://0/80/2M,range,1,2,Scan,0.5030412673950195,0,0,0,0.0,0,0,0.0,0.0,115379,0,-1,4212,0.04863951727747917,-0.01104743778705597,6.985417188535171e-17,2.521397787357567e-35,32766,32766,32766,32766,32766,3.383577823638916
2026-04-07T10:00:06.460,radio://0/80/2M,mission,1,2,Scan,0.4990755021572113,0,0,0,0.0,0,0,0.0,0.0,115379,0,-1,4212,0.04863951727747917,-0.01104743778705597,6.985417188535171e-17,2.521397787357567e-35,32766,32766,32766,32766,32766,3.383577823638916
2026-04-07T10:00:06.462,radio://0/80/2M,flow,1,2,Scan,0.4990755021572113,0,0,0,0.0,0,0,0.0,0.0,115629,0,255,4212,0.045847948640584946,-0.008789665065705776,9.36792060356534e-21,3.3813668255789274e-39,32766,32766,32766,32766,32766,3.383577823638916
2026-04-07T10:00:06.463,radio://0/80/2M,range,1,2,Scan,0.4990755021572113,0,0,0,0.0,0,0,0.0,0.0,115629,0,255,4212,0.045847948640584946,-0.008789665065705776,9.36792060356534e-21,3.3813668255789274e-39,32766,32766,1258,32766,32766,3.3782992362976074
2026-04-07T10:00:06.710,radio://0/80/2M,mission,1,2,Scan,0.49975645542144775,0,0,0,0.0,0,0,0.0,0.0,115629,0,255,4212,0.045847948640584946,-0.008789665065705776,9.36792060356534e-21,3.3813668255789274e-39,32766,32766,1258,32766,32766,3.3782992362976074
2026-04-07T10:00:06.711,radio://0/80/2M,flow,1,2,Scan,0.49975645542144775,0,0,0,0.0,0,0,0.0,0.0,115879,254,0,4212,-0.016190625727176666,0.004553294274955988,1.2563017165086933e-24,4.526194039769159e-43,32766,32766,1258,32766,32766,3.3782992362976074
2026-04-07T10:00:06.713,radio://0/80/2M,range,1,2,Scan,0.49975645542144775,0,0,0,0.0,0,0,0.0,0.0,115879,254,0,4212,-0.016190625727176666,0.004553294274955988,1.2563017165086933e-24,4.526194039769159e-43,32766,32766,32766,32766,32766,3.3888564109802246
2026-04-07T10:00:06.962,radio://0/80/2M,mission,1,2,Scan,0.5013859272003174,0,0,0,0.0,0,0,0.0,0.0,115879,254,0,4212,-0.016190625727176666,0.004553294274955988,1.2563017165086933e-24,4.526194039769159e-43,32766,32766,32766,32766,32766,3.3888564109802246
2026-04-07T10:00:06.963,radio://0/80/2M,flow,1,2,Scan,0.5013859272003174,0,0,0,0.0,0,0,0.0,0.0,116129,0,0,4212,0.03755716234445572,-0.03780686482787132,1.6847859412392114e-28,-0.005889958702027798,32766,32766,32766,32766,32766,3.3888564109802246
2026-04-07T10:00:06.965,radio://0/80/2M,range,1,2,Scan,0.5013859272003174,0,0,0,0.0,0,0,0.0,0.0,116129,0,0,4212,0.03755716234445572,-0.03780686482787132,1.6847859412392114e-28,-0.005889958702027798,32766,436,32766,32766,32766,3.383577823638916
2026-04-07T10:00:07.209,radio://0/80/2M,mission,1,2,Scan,0.49765506386756897,0,0,0,0.0,0,0,0.0,0.0,116129,0,0,4212,0.03755716234445572,-0.03780686482787132,1.6847859412392114e-28,-0.005889958702027798,32766,436,32766,32766,32766,3.383577823638916
2026-04-07T10:00:07.212,radio://0/80/2M,flow,1,2,Scan,0.49765506386756897,0,0,0,0.0,0,0,0.0,0.0,116379,0,0,4212,0.011122679337859154,0.027783071622252464,2.259412548927734e-32,-0.005620449781417847,32766,436,32766,32766,32766,3.383577823638916
2026-04-07T10:00:07.213,radio://0/80/2M,range,1,2,Scan,0.49765506386756897,0,0,0,0.0,0,0,0.0,0.0,116379,0,0,4212,0.011122679337859154,0.027783071622252464,2.259412548927734e-32,-0.005620449781417847,32766,444,32766,32766,2446,3.3782992362976074
2026-04-07T10:00:07.459,radio://0/80/2M,mission,1,2,Scan,0.5027018785476685,0,0,0,0.0,0,0,0.0,0.0,116379,0,0,4212,0.011122679337859154,0.027783071622252464,2.259412548927734e-32,-0.005620449781417847,32766,444,32766,32766,2446,3.3782992362976074
2026-04-07T10:00:07.460,radio://0/80/2M,flow,1,2,Scan,0.5027018785476685,0,0,0,0.0,0,0,0.0,0.0,116629,0,-1,4212,0.007079159375280142,0.03994078189134598,3.030026099955272e-36,-0.00240109721198678,32766,444,32766,32766,2446,3.3782992362976074
2026-04-07T10:00:07.462,radio://0/80/2M,range,1,2,Scan,0.5027018785476685,0,0,0,0.0,0,0,0.0,0.0,116629,0,-1,4212,0.007079159375280142,0.03994078189134598,3.030026099955272e-36,-0.00240109721198678,32766,483,2249,2315,2431,3.3888564109802246
2026-04-07T10:00:07.710,radio://0/80/2M,mission,1,2,Scan,0.5026587843894958,0,0,0,0.0,0,0,0.0,0.0,116629,0,-1,4212,0.007079159375280142,0.03994078189134598,3.030026099955272e-36,-0.00240109721198678,32766,483,2249,2315,2431,3.3888564109802246
2026-04-07T10:00:07.712,radio://0/80/2M,flow,1,2,Scan,0.5026587843894958,0,0,0,0.0,0,0,0.0,0.0,116879,-1,-1,4212,-0.005028652958571911,0.026866603642702103,4.063471273864461e-40,-2.0318325368862133e-06,32766,483,2249,2315,2431,3.3888564109802246
2026-04-07T10:00:07.713,radio://0/80/2M,range,1,2,Scan,0.5026587843894958,0,0,0,0.0,0,0,0.0,0.0,116879,-1,-1,4212,-0.005028652958571911,0.026866603642702103,4.063471273864461e-40,-2.0318325368862133e-06,32766,678,2326,2280,2411,3.3888564109802246
2026-04-07T10:00:07.961,radio://0/80/2M,mission,1,2,Scan,0.5021086931228638,0,0,0,0.0,0,0,0.0,0.0,116879,-1,-1,4212,-0.005028652958571911,0.026866603642702103,4.063471273864461e-40,-2.0318325368862133e-06,32766,678,2326,2280,2411,3.3888564109802246
2026-04-07T10:00:07.967,radio://0/80/2M,flow,1,2,Scan,0.5021086931228638,0,0,0,0.0,0,0,0.0,0.0,117129,0,0,4212,-0.01791544258594513,0.018556315451860428,5.324934164434305e-44,-2.724826198008401e-10,32766,678,2326,2280,2411,3.3888564109802246
2026-04-07T10:00:07.968,radio://0/80/2M,range,1,2,Scan,0.5021086931228638,0,0,0,0.0,0,0,0.0,0.0,117129,0,0,4212,-0.01791544258594513,0.018556315451860428,5.324934164434305e-44,-2.724826198008401e-10,32766,686,2407,2405,32766,3.383577823638916
2026-04-07T10:00:08.208,radio://0/80/2M,mission,1,2,Scan,0.49696147441864014,0,0,0,0.0,0,0,0.0,0.0,117129,0,0,4212,-0.01791544258594513,0.018556315451860428,5.324934164434305e-44,-2.724826198008401e-10,32766,686,2407,2405,32766,3.383577823638916
2026-04-07T10:00:08.210,radio://0/80/2M,flow,1,2,Scan,0.49696147441864014,0,0,0,0.0,0,0,0.0,0.0,117379,-256,-3,4212,-0.02372913807630539,0.035956356674432755,1.401298464324817e-45,-3.6541770450466624e-14,32766,686,2407,2405,32766,3.383577823638916
2026-04-07T10:00:08.211,radio://0/80/2M,range,1,2,Scan,0.49696147441864014,0,0,0,0.0,0,0,0.0,0.0,117379,-256,-3,4212,-0.02372913807630539,0.035956356674432755,1.401298464324817e-45,-3.6541770450466624e-14,32766,698,32766,3076,32766,3.3782992362976074
2026-04-07T10:00:08.458,radio://0/80/2M,mission,1,2,Scan,0.49372896552085876,0,0,0,0.0,0,0,0.0,0.0,117379,-256,-3,4212,-0.02372913807630539,0.035956356674432755,1.401298464324817e-45,-3.6541770450466624e-14,32766,698,32766,3076,32766,3.3782992362976074
2026-04-07T10:00:08.460,radio://0/80/2M,flow,1,2,Scan,0.49372896552085876,0,0,0,0.0,0,0,0.0,0.0,117629,0,0,4212,-0.014275307767093182,0.04035302996635437,1.401298464324817e-45,-4.90049960376271e-18,32766,698,32766,3076,32766,3.3782992362976074
2026-04-07T10:00:08.462,radio://0/80/2M,range,1,2,Scan,0.49372896552085876,0,0,0,0.0,0,0,0.0,0.0,117629,0,0,4212,-0.014275307767093182,0.04035302996635437,1.401298464324817e-45,-4.90049960376271e-18,32766,32766,32766,32766,32766,3.3782992362976074
2026-04-07T10:00:08.709,radio://0/80/2M,mission,1,2,Scan,0.49429094791412354,0,0,0,0.0,0,0,0.0,0.0,117629,0,0,4212,-0.014275307767093182,0.04035302996635437,1.401298464324817e-45,-4.90049960376271e-18,32766,32766,32766,32766,32766,3.3782992362976074
2026-04-07T10:00:08.710,radio://0/80/2M,flow,1,2,Scan,0.49429094791412354,0,0,0,0.0,0,0,0.0,0.0,117879,0,-1,3949,-0.014356543309986591,0.02963065542280674,1.401298464324817e-45,-6.571904023474685e-22,32766,32766,32766,32766,32766,3.3782992362976074
2026-04-07T10:00:08.711,radio://0/80/2M,range,1,2,Scan,0.49429094791412354,0,0,0,0.0,0,0,0.0,0.0,117879,0,-1,3949,-0.014356543309986591,0.02963065542280674,1.401298464324817e-45,-6.571904023474685e-22,32766,32766,32766,1435,32766,3.383577823638916
2026-04-07T10:00:08.958,radio://0/80/2M,mission,1,2,Scan,0.49385038018226624,0,0,0,0.0,0,0,0.0,0.0,117879,0,-1,3949,-0.014356543309986591,0.02963065542280674,1.401298464324817e-45,-6.571904023474685e-22,32766,32766,32766,1435,32766,3.383577823638916
2026-04-07T10:00:08.959,radio://0/80/2M,flow,1,2,Scan,0.49385038018226624,0,0,0,0.0,0,0,0.0,0.0,118129,0,0,3949,0.008844820782542229,0.016598718240857124,1.401298464324817e-45,-8.813374051365991e-26,32766,32766,32766,1435,32766,3.383577823638916
2026-04-07T10:00:08.961,radio://0/80/2M,range,1,2,Scan,0.49385038018226624,0,0,0,0.0,0,0,0.0,0.0,118129,0,0,3949,0.008844820782542229,0.016598718240857124,1.401298464324817e-45,-8.813374051365991e-26,32766,32766,2447,32766,32766,3.3782992362976074
2026-04-07T10:00:09.207,radio://0/80/2M,mission,1,2,Scan,0.5018183588981628,0,0,0,0.0,0,0,0.0,0.0,118129,0,0,3949,0.008844820782542229,0.016598718240857124,1.401298464324817e-45,-8.813374051365991e-26,32766,32766,2447,32766,32766,3.3782992362976074
2026-04-07T10:00:09.209,radio://0/80/2M,flow,1,2,Scan,0.5018183588981628,0,0,0,0.0,0,0,0.0,0.0,118379,-1,-1,3949,-0.029365528374910355,-0.02481849305331707,1.401298464324817e-45,-1.1819337276840016e-29,32766,32766,2447,32766,32766,3.3782992362976074
2026-04-07T10:00:09.210,radio://0/80/2M,range,1,2,Scan,0.5018183588981628,0,0,0,0.0,0,0,0.0,0.0,118379,-1,-1,3949,-0.029365528374910355,-0.02481849305331707,1.401298464324817e-45,-1.1819337276840016e-29,32766,32766,32766,32766,32766,3.3888564109802246
2026-04-07T10:00:09.458,radio://0/80/2M,mission,1,2,Scan,0.4935266375541687,0,0,0,0.0,0,0,0.0,0.0,118379,-1,-1,3949,-0.029365528374910355,-0.02481849305331707,1.401298464324817e-45,-1.1819337276840016e-29,32766,32766,32766,32766,32766,3.3888564109802246
2026-04-07T10:00:09.461,radio://0/80/2M,flow,1,2,Scan,0.4935266375541687,0,0,0,0.0,0,0,0.0,0.0,118630,-1,-6,3949,-0.03297613188624382,-0.0028157911729067564,1.401298464324817e-45,-1.585053664051058e-33,32766,32766,32766,32766,32766,3.3888564109802246
2026-04-07T10:00:09.462,radio://0/80/2M,range,1,2,Scan,0.4935266375541687,0,0,0,0.0,0,0,0.0,0.0,118630,-1,-6,3949,-0.03297613188624382,-0.0028157911729067564,1.401298464324817e-45,-1.585053664051058e-33,32766,32766,32766,32766,32766,3.3624634742736816
2026-04-07T10:00:09.707,radio://0/80/2M,mission,1,2,Scan,0.486309289932251,0,0,0,0.0,0,0,0.0,0.0,118630,-1,-6,3949,-0.03297613188624382,-0.0028157911729067564,1.401298464324817e-45,-1.585053664051058e-33,32766,32766,32766,32766,32766,3.3624634742736816
2026-04-07T10:00:09.710,radio://0/80/2M,flow,1,2,Scan,0.486309289932251,0,0,0,0.0,0,0,0.0,0.0,118879,0,0,3949,-0.009913335554301739,0.04370789974927902,1.401298464324817e-45,-2.125665065359493e-37,32766,32766,32766,32766,32766,3.3624634742736816
2026-04-07T10:00:09.711,radio://0/80/2M,range,1,2,Scan,0.486309289932251,0,0,0,0.0,0,0,0.0,0.0,118879,0,0,3949,-0.009913335554301739,0.04370789974927902,1.401298464324817e-45,-2.125665065359493e-37,32766,32766,32766,32766,32766,3.373020648956299
2026-04-07T10:00:09.957,radio://0/80/2M,mission,1,2,Scan,0.5041149258613586,0,0,0,0.0,0,0,0.0,0.0,118879,0,0,3949,-0.009913335554301739,0.04370789974927902,1.401298464324817e-45,-2.125665065359493e-37,32766,32766,32766,32766,32766,3.373020648956299
2026-04-07T10:00:09.960,radio://0/80/2M,flow,1,2,Scan,0.5041149258613586,0,0,0,0.0,0,0,0.0,0.0,119129,0,-1,3949,0.02360445074737072,0.028944576159119606,1.401298464324817e-45,-2.8506614659759754e-41,32766,32766,32766,32766,32766,3.373020648956299
2026-04-07T10:00:09.961,radio://0/80/2M,range,1,2,Scan,0.5041149258613586,0,0,0,0.0,0,0,0.0,0.0,119129,0,-1,3949,0.02360445074737072,0.028944576159119606,1.401298464324817e-45,-2.8506614659759754e-41,32766,2508,32766,2478,32766,3.399413585662842
2026-04-07T10:00:10.207,radio://0/80/2M,mission,1,5,Transition,0.530124843120575,0,0,0,0.0,0,0,0.0,0.0,119129,0,-1,3949,0.02360445074737072,0.028944576159119606,1.401298464324817e-45,-2.8506614659759754e-41,32766,2508,32766,2478,32766,3.399413585662842
2026-04-07T10:00:10.209,radio://0/80/2M,flow,1,5,Transition,0.530124843120575,0,0,0,0.0,0,0,0.0,0.0,119379,-256,-7,3949,-0.03312540426850319,0.0075179822742938995,-0.027691617608070374,-4.203895392974451e-45,32766,2508,32766,2478,32766,3.399413585662842
2026-04-07T10:00:10.210,radio://0/80/2M,range,1,5,Transition,0.530124843120575,0,0,0,0.0,0,0,0.0,0.0,119379,-256,-7,3949,-0.03312540426850319,0.0075179822742938995,-0.027691617608070374,-4.203895392974451e-45,223,2527,32766,2556,32766,3.409970760345459
