Time,uri,source,outer,mission,mission_name,shutter,human,human_fresh,human_stable,human_hold_s,human_confidence_pct,human_direction,human_max_temp_c,human_thermistor_c,flow_timestamp_ms,delta_x,delta_y,height_m,vel_x_mps,vel_y_mps,cmd_x_mps,cmd_y_mps,front_mm,left_mm,right_mm,back_mm,up_mm,vbat_v
2026-04-07T11:40:31.112,radio://0/80/2M,mission,0,0,Reacquire Wall,0,0,0,0,0.0,0,0,0.0,0.0,0,0,0,0.0,0.0,0.0,0.0,0.0,32766,32766,32766,32766,32766,0.0
2026-04-07T11:40:31.115,radio://0/80/2M,flow,0,0,Reacquire Wall,6119,0,0,0,0.0,0,0,0.0,0.0,6019,-5,-4,0.0,0.0,0.0,0.0,0.0,32766,32766,32766,32766,32766,0.0
2026-04-07T11:40:31.116,radio://0/80/2M,range,0,0,Reacquire Wall,6119,0,0,0,0.0,0,0,0.0,0.0,6019,-5,-4,0.0,0.0,0.0,0.0,0.0,32766,2254,208,597,1942,3.8586511611938477
2026-04-07T11:40:31.362,radio://0/80/2M,mission,0,0,Reacquire Wall,6119,0,0,0,0.0,0,0,0.0,0.0,6019,-5,-4,0.0,0.0,0.0,0.0,0.0,32766,2254,208,597,1942,3.8586511611938477
2026-04-07T11:40:31.363,radio://0/80/2M,flow,0,0,Reacquire Wall,5043,0,0,0,0.0,0,0,0.0,0.0,6269,-3,-4,0.0,0.0,0.0,0.0,0.0,32766,2254,208,597,1942,3.8586511611938477
2026-04-07T11:40:31.365,radio://0/80/2M,range,0,0,Reacquire Wall,5043,0,0,0,0.0,0,0,0.0,0.0,6269,-3,-4,0.0,0.0,0.0,0.0,0.0,32766,2233,190,598,1944,3.8639297485351562
2026-04-07T11:40:31.611,radio://0/80/2M,mission,0,0,Reacquire Wall,5043,0,0,0,0.0,0,0,0.0,0.0,6269,-3,-4,0.0,0.0,0.0,0.0,0.0,32766,2233,190,598,1944,3.8639297485351562
2026-04-07T11:40:31.614,radio://0/80/2M,flow,0,0,Reacquire Wall,5043,0,0,0,0.0,0,0,0.0,0.0,6519,0,0,0.0,0.0,0.0,0.0,0.0,32766,2233,190,598,1944,3.8639297485351562
2026-04-07T11:40:31.615,radio://0/80/2M,range,0,0,Reacquire Wall,5043,0,0,0,0.0,0,0,0.0,0.0,6519,0,0,0.0,0.0,0.0,0.0,0.0,32766,2214,204,595,1929,3.8586511611938477
2026-04-07T11:40:31.862,radio://0/80/2M,mission,0,0,Reacquire Wall,5043,0,0,0,0.0,0,0,0.0,0.0,6519,0,0,0.0,0.0,0.0,0.0,0.0,32766,2214,204,595,1929,3.8586511611938477
2026-04-07T11:40:31.864,radio://0/80/2M,flow,0,0,Reacquire Wall,5043,0,0,0,0.0,0,0,0.0,0.0,6769,0,0,0.0,0.0,0.0,0.0,0.0,32766,2214,204,595,1929,3.8586511611938477
2026-04-07T11:40:31.865,radio://0/80/2M,range,0,0,Reacquire Wall,5043,0,0,0,0.0,0,0,0.0,0.0,6769,0,0,0.0,0.0,0.0,0.0,0.0,32766,2260,201,629,1956,3.8639297485351562
2026-04-07T11:40:32.111,radio://0/80/2M,mission,0,0,Reacquire Wall,5043,0,0,0,0.0,0,0,0.0,0.0,6769,0,0,0.0,0.0,0.0,0.0,0.0,32766,2260,201,629,1956,3.8639297485351562
2026-04-07T11:40:32.113,radio://0/80/2M,flow,0,0,Reacquire Wall,5043,0,0,0,0.0,0,0,0.0,0.0,7019,2,0,0.0,0.0,0.0,0.0,0.0,32766,2260,201,629,1956,3.8639297485351562
2026-04-07T11:40:32.115,radio://0/80/2M,range,0,0,Reacquire Wall,5043,0,0,0,0.0,0,0,0.0,0.0,7019,2,0,0.0,0.0,0.0,0.0,0.0,32766,32766,199,32766,1959,3.8586511611938477
2026-04-07T11:40:32.361,radio://0/80/2M,mission,0,0,Reacquire Wall,5043,0,0,0,0.0,0,0,0.0,0.0,7019,2,0,0.0,0.0,0.0,0.0,0.0,32766,32766,199,32766,1959,3.8586511611938477
2026-04-07T11:40:32.364,radio://0/80/2M,flow,0,0,Reacquire Wall,5043,0,0,0,0.0,0,0,0.0,0.0,7269,-8,5,0.0,0.0,0.0,0.0,0.0,32766,32766,199,32766,1959,3.8586511611938477
2026-04-07T11:40:32.365,radio://0/80/2M,range,0,0,Reacquire Wall,5043,0,0,0,0.0,0,0,0.0,0.0,7269,-8,5,0.0,0.0,0.0,0.0,0.0,32766,32766,200,32766,1936,3.8639297485351562
2026-04-07T11:40:32.610,radio://0/80/2M,mission,0,0,Reacquire Wall,5043,0,0,0,0.0,0,0,0.0,0.0,7269,-8,5,0.0,0.0,0.0,0.0,0.0,32766,32766,200,32766,1936,3.8639297485351562
2026-04-07T11:40:32.613,radio://0/80/2M,flow,0,0,Reacquire Wall,3897,0,0,0,0.0,0,0,0.0,0.0,7519,-4,9,0.0,0.0,0.0,0.0,0.0,32766,32766,200,32766,1936,3.8639297485351562
2026-04-07T11:40:32.614,radio://0/80/2M,range,0,0,Reacquire Wall,3897,0,0,0,0.0,0,0,0.0,0.0,7519,-4,9,0.0,0.0,0.0,0.0,0.0,32766,2199,234,624,1936,3.8586511611938477
2026-04-07T11:40:32.861,radio://0/80/2M,mission,0,0,Reacquire Wall,3897,0,0,0,0.0,0,0,0.0,0.0,7519,-4,9,0.0,0.0,0.0,0.0,0.0,32766,2199,234,624,1936,3.8586511611938477
2026-04-07T11:40:32.862,radio://0/80/2M,flow,0,0,Reacquire Wall,3897,0,0,0,0.0,0,0,0.0,0.0,7769,0,1,0.0,0.0,0.0,0.0,0.0,32766,2199,234,624,1936,3.8586511611938477
2026-04-07T11:40:32.864,radio://0/80/2M,range,0,0,Reacquire Wall,3897,0,0,0,0.0,0,0,0.0,0.0,7769,0,1,0.0,0.0,0.0,0.0,0.0,32766,2203,252,625,1958,3.8639297485351562
2026-04-07T11:40:33.111,radio://0/80/2M,mission,0,0,Reacquire Wall,3897,0,0,0,0.0,0,0,0.0,0.0,7769,0,1,0.0,0.0,0.0,0.0,0.0,32766,2203,252,625,1958,3.8639297485351562
2026-04-07T11:40:33.112,radio://0/80/2M,flow,0,0,Reacquire Wall,3897,0,0,0,0.0,0,0,0.0,0.0,8019,0,0,0.0,0.0,0.0,0.0,0.0,32766,2203,252,625,1958,3.8639297485351562
2026-04-07T11:40:33.114,radio://0/80/2M,range,0,0,Reacquire Wall,3897,0,0,0,0.0,0,0,0.0,0.0,8019,0,0,0.0,0.0,0.0,0.0,0.0,32766,2199,307,625,1976,3.8586511611938477
2026-04-07T11:40:33.360,radio://0/80/2M,mission,0,0,Reacquire Wall,3897,0,0,0,0.0,0,0,0.0,0.0,8019,0,0,0.0,0.0,0.0,0.0,0.0,32766,2199,307,625,1976,3.8586511611938477
2026-04-07T11:40:33.362,radio://0/80/2M,flow,0,0,Reacquire Wall,3897,0,0,0,0.0,0,0,0.0,0.0,8269,-1,1,0.0,0.0,0.0,0.0,0.0,32766,2199,307,625,1976,3.8586511611938477
2026-04-07T11:40:33.364,radio://0/80/2M,range,0,0,Reacquire Wall,3897,0,0,0,0.0,0,0,0.0,0.0,8269,-1,1,0.0,0.0,0.0,0.0,0.0,32766,2231,297,620,1989,3.8639297485351562
2026-04-07T11:40:33.610,radio://0/80/2M,mission,0,0,Reacquire Wall,3897,0,0,0,0.0,0,0,0.0,0.0,8269,-1,1,0.0,0.0,0.0,0.0,0.0,32766,2231,297,620,1989,3.8639297485351562
2026-04-07T11:40:33.613,radio://0/80/2M,flow,0,0,Reacquire Wall,3897,0,0,0,0.0,0,0,0.0,0.0,8519,0,1,0.0,0.0,0.0,0.0,0.0,32766,2231,297,620,1989,3.8639297485351562
2026-04-07T11:40:33.615,radio://0/80/2M,range,0,0,Reacquire Wall,3897,0,0,0,0.0,0,0,0.0,0.0,8519,0,1,0.0,0.0,0.0,0.0,0.0,32766,2193,312,621,1978,3.8586511611938477
2026-04-07T11:40:33.859,radio://0/80/2M,mission,0,0,Reacquire Wall,3897,0,0,0,0.0,0,0,0.0,0.0,8519,0,1,0.0,0.0,0.0,0.0,0.0,32766,2193,312,621,1978,3.8586511611938477
2026-04-07T11:40:33.861,radio://0/80/2M,flow,0,0,Reacquire Wall,3897,0,0,0,0.0,0,0,0.0,0.0,8769,-1,0,0.0,0.0,0.0,0.0,0.0,32766,2193,312,621,1978,3.8586511611938477
2026-04-07T11:40:33.863,radio://0/80/2M,range,0,0,Reacquire Wall,3897,0,0,0,0.0,0,0,0.0,0.0,8769,-1,0,0.0,0.0,0.0,0.0,0.0,32766,2201,317,621,1974,3.8639297485351562
2026-04-07T11:40:34.110,radio://0/80/2M,mission,0,0,Reacquire Wall,3897,0,0,0,0.0,0,0,0.0,0.0,8769,-1,0,0.0,0.0,0.0,0.0,0.0,32766,2201,317,621,1974,3.8639297485351562
2026-04-07T11:40:34.111,radio://0/80/2M,flow,0,0,Reacquire Wall,3897,0,0,0,0.0,0,0,0.0,0.0,9019,-1,0,0.0,0.0,0.0,0.0,0.0,32766,2201,317,621,1974,3.8639297485351562
2026-04-07T11:40:34.113,radio://0/80/2M,range,0,0,Reacquire Wall,3897,0,0,0,0.0,0,0,0.0,0.0,9019,-1,0,0.0,0.0,0.0,0.0,0.0,32766,2239,324,625,1966,3.8586511611938477
2026-04-07T11:40:34.359,radio://0/80/2M,mission,0,0,Reacquire Wall,3897,0,0,0,0.0,0,0,0.0,0.0,9019,-1,0,0.0,0.0,0.0,0.0,0.0,32766,2239,324,625,1966,3.8586511611938477
2026-04-07T11:40:34.362,radio://0/80/2M,flow,0,0,Reacquire Wall,3897,0,0,0,0.0,0,0,0.0,0.0,9269,-1,-1,0.0,0.0,0.0,0.0,0.0,32766,2239,324,625,1966,3.8586511611938477
2026-04-07T11:40:34.363,radio://0/80/2M,range,0,0,Reacquire Wall,3897,0,0,0,0.0,0,0,0.0,0.0,9269,-1,-1,0.0,0.0,0.0,0.0,0.0,32766,2222,323,629,1970,3.8639297485351562
2026-04-07T11:40:34.609,radio://0/80/2M,mission,0,0,Reacquire Wall,3897,0,0,0,0.0,0,0,0.0,0.0,9269,-1,-1,0.0,0.0,0.0,0.0,0.0,32766,2222,323,629,1970,3.8639297485351562
2026-04-07T11:40:34.612,radio://0/80/2M,flow,0,0,Reacquire Wall,3897,0,0,0,0.0,0,0,0.0,0.0,9519,0,0,0.0,0.0,0.0,0.0,0.0,32766,2222,323,629,1970,3.8639297485351562
2026-04-07T11:40:34.613,radio://0/80/2M,range,0,0,Reacquire Wall,3897,0,0,0,0.0,0,0,0.0,0.0,9519,0,0,0.0,0.0,0.0,0.0,0.0,32766,2211,320,632,1968,3.8586511611938477
2026-04-07T11:40:34.859,radio://0/80/2M,mission,0,0,Reacquire Wall,3897,0,0,0,0.0,0,0,0.0,0.0,9519,0,0,0.0,0.0,0.0,0.0,0.0,32766,2211,320,632,1968,3.8586511611938477
2026-04-07T11:40:34.861,radio://0/80/2M,flow,0,0,Reacquire Wall,3897,0,0,0,0.0,0,0,0.0,0.0,9769,0,0,0.0,0.0,0.0,0.0,0.0,32766,2211,320,632,1968,3.8586511611938477
2026-04-07T11:40:34.864,radio://0/80/2M,range,0,0,Reacquire Wall,3897,0,0,0,0.0,0,0,0.0,0.0,9769,0,0,0.0,0.0,0.0,0.0,0.0,32766,2208,322,643,1969,3.8639297485351562
2026-04-07T11:40:35.109,radio://0/80/2M,mission,0,0,Reacquire Wall,3897,0,0,0,0.0,0,0,0.0,0.0,9769,0,0,0.0,0.0,0.0,0.0,0.0,32766,2208,322,643,1969,3.8639297485351562
2026-04-07T11:40:35.111,radio://0/80/2M,flow,0,0,Reacquire Wall,3897,0,0,0,0.0,0,0,0.0,0.0,10019,0,0,0.0,0.0,0.0,0.0,0.0,32766,2208,322,643,1969,3.8639297485351562
2026-04-07T11:40:35.113,radio://0/80/2M,range,0,0,Reacquire Wall,3897,0,0,0,0.0,0,0,0.0,0.0,10019,0,0,0.0,0.0,0.0,0.0,0.0,32766,2218,319,651,1968,3.8586511611938477
2026-04-07T11:40:35.359,radio://0/80/2M,mission,0,0,Reacquire Wall,3897,0,0,0,0.0,0,0,0.0,0.0,10019,0,0,0.0,0.0,0.0,0.0,0.0,32766,2218,319,651,1968,3.8586511611938477
2026-04-07T11:40:35.361,radio://0/80/2M,flow,0,0,Reacquire Wall,3897,0,0,0,0.0,0,0,0.0,0.0,10269,1,-2,0.0,0.0,0.0,0.0,0.0,32766,2218,319,651,1968,3.8586511611938477
2026-04-07T11:40:35.363,radio://0/80/2M,range,0,0,Reacquire Wall,3897,0,0,0,0.0,0,0,0.0,0.0,10269,1,-2,0.0,0.0,0.0,0.0,0.0,32766,2227,322,676,1966,3.8639297485351562
2026-04-07T11:40:35.608,radio://0/80/2M,mission,0,0,Reacquire Wall,3897,0,0,0,0.0,0,0,0.0,0.0,10269,1,-2,0.0,0.0,0.0,0.0,0.0,32766,2227,322,676,1966,3.8639297485351562
2026-04-07T11:40:35.610,radio://0/80/2M,flow,0,0,Reacquire Wall,3897,0,0,0,0.0,0,0,0.0,0.0,10519,3,0,0.0,0.0,0.0,0.0,0.0,32766,2227,322,676,1966,3.8639297485351562
2026-04-07T11:40:35.613,radio://0/80/2M,range,0,0,Reacquire Wall,3897,0,0,0,0.0,0,0,0.0,0.0,10519,3,0,0.0,0.0,0.0,0.0,0.0,32766,2231,322,688,1984,3.8586511611938477
2026-04-07T11:40:35.858,radio://0/80/2M,mission,0,0,Reacquire Wall,3897,0,0,0,0.0,0,0,0.0,0.0,10519,3,0,0.0,0.0,0.0,0.0,0.0,32766,2231,322,688,1984,3.8586511611938477
2026-04-07T11:40:35.860,radio://0/80/2M,flow,0,0,Reacquire Wall,3897,0,0,0,0.0,0,0,0.0,0.0,10769,0,0,0.0,0.0,0.0,0.0,0.0,32766,2231,322,688,1984,3.8586511611938477
2026-04-07T11:40:35.861,radio://0/80/2M,range,0,0,Reacquire Wall,3897,0,0,0,0.0,0,0,0.0,0.0,10769,0,0,0.0,0.0,0.0,0.0,0.0,32766,2241,319,692,1992,3.8639297485351562
2026-04-07T11:40:36.111,radio://0/80/2M,mission,0,0,Reacquire Wall,3897,0,0,0,0.0,0,0,0.0,0.0,10769,0,0,0.0,0.0,0.0,0.0,0.0,32766,2241,319,692,1992,3.8639297485351562
2026-04-07T11:40:36.113,radio://0/80/2M,flow,0,0,Reacquire Wall,3897,0,0,0,0.0,0,0,0.0,0.0,11019,0,-1,0.0,0.0,0.0,0.0,0.0,32766,2241,319,692,1992,3.8639297485351562
2026-04-07T11:40:36.114,radio://0/80/2M,range,0,0,Reacquire Wall,3897,0,0,0,0.0,0,0,0.0,0.0,11019,0,-1,0.0,0.0,0.0,0.0,0.0,32766,2221,320,692,2002,3.8586511611938477
2026-04-07T11:40:36.358,radio://0/80/2M,mission,0,0,Reacquire Wall,3897,0,0,0,0.0,0,0,0.0,0.0,11019,0,-1,0.0,0.0,0.0,0.0,0.0,32766,2221,320,692,2002,3.8586511611938477
2026-04-07T11:40:36.359,radio://0/80/2M,flow,0,0,Reacquire Wall,3897,0,0,0,0.0,0,0,0.0,0.0,11269,0,0,0.0,0.0,0.0,0.0,0.0,32766,2221,320,692,2002,3.8586511611938477
2026-04-07T11:40:36.361,radio://0/80/2M,range,0,0,Reacquire Wall,3897,0,0,0,0.0,0,0,0.0,0.0,11269,0,0,0.0,0.0,0.0,0.0,0.0,32766,2224,320,688,2012,3.8639297485351562
2026-04-07T11:40:36.607,radio://0/80/2M,mission,0,0,Reacquire Wall,3897,0,0,0,0.0,0,0,0.0,0.0,11269,0,0,0.0,0.0,0.0,0.0,0.0,32766,2224,320,688,2012,3.8639297485351562
2026-04-07T11:40:36.610,radio://0/80/2M,flow,0,0,Reacquire Wall,3897,0,0,0,0.0,0,0,0.0,0.0,11519,0,0,0.0,0.0,0.0,0.0,0.0,32766,2224,320,688,2012,3.8639297485351562
2026-04-07T11:40:36.611,radio://0/80/2M,range,0,0,Reacquire Wall,3897,0,0,0,0.0,0,0,0.0,0.0,11519,0,0,0.0,0.0,0.0,0.0,0.0,32766,2243,307,648,2016,3.8586511611938477
2026-04-07T11:40:36.858,radio://0/80/2M,mission,0,0,Reacquire Wall,3897,0,0,0,0.0,0,0,0.0,0.0,11519,0,0,0.0,0.0,0.0,0.0,0.0,32766,2243,307,648,2016,3.8586511611938477
2026-04-07T11:40:36.860,radio://0/80/2M,flow,0,0,Reacquire Wall,3897,0,0,0,0.0,0,0,0.0,0.0,11769,0,0,0.0,0.0,0.0,0.0,0.0,32766,2243,307,648,2016,3.8586511611938477
2026-04-07T11:40:36.861,radio://0/80/2M,range,0,0,Reacquire Wall,3897,0,0,0,0.0,0,0,0.0,0.0,11769,0,0,0.0,0.0,0.0,0.0,0.0,32766,2236,314,636,2020,3.8639297485351562
2026-04-07T11:40:37.106,radio://0/80/2M,mission,0,0,Reacquire Wall,3897,0,0,0,0.0,0,0,0.0,0.0,11769,0,0,0.0,0.0,0.0,0.0,0.0,32766,2236,314,636,2020,3.8639297485351562
2026-04-07T11:40:37.109,radio://0/80/2M,flow,0,0,Reacquire Wall,3897,0,0,0,0.0,0,0,0.0,0.0,12019,2,-1,0.0,0.0,0.0,0.0,0.0,32766,2236,314,636,2020,3.8639297485351562
2026-04-07T11:40:37.111,radio://0/80/2M,range,0,0,Reacquire Wall,3897,0,0,0,0.0,0,0,0.0,0.0,12019,2,-1,0.0,0.0,0.0,0.0,0.0,32766,2236,313,638,2017,3.8586511611938477
2026-04-07T11:40:37.357,radio://0/80/2M,mission,0,0,Reacquire Wall,3897,0,0,0,0.0,0,0,0.0,0.0,12019,2,-1,0.0,0.0,0.0,0.0,0.0,32766,2236,313,638,2017,3.8586511611938477
2026-04-07T11:40:37.358,radio://0/80/2M,flow,0,0,Reacquire Wall,3897,0,0,0,0.0,0,0,0.0,0.0,12269,0,0,0.0,0.0,0.0,0.0,0.0,32766,2236,313,638,2017,3.8586511611938477
2026-04-07T11:40:37.360,radio://0/80/2M,range,0,0,Reacquire Wall,3897,0,0,0,0.0,0,0,0.0,0.0,12269,0,0,0.0,0.0,0.0,0.0,0.0,32766,2251,304,32766,2026,3.8639297485351562
2026-04-07T11:40:37.607,radio://0/80/2M,mission,0,0,Reacquire Wall,3897,0,0,0,0.0,0,0,0.0,0.0,12269,0,0,0.0,0.0,0.0,0.0,0.0,32766,2251,304,32766,2026,3.8639297485351562
2026-04-07T11:40:37.608,radio://0/80/2M,flow,0,0,Reacquire Wall,4140,0,0,0,0.0,0,0,0.0,0.0,12519,1,0,0.0,0.0,0.0,0.0,0.0,32766,2251,304,32766,2026,3.8639297485351562
2026-04-07T11:40:37.610,radio://0/80/2M,range,0,0,Reacquire Wall,4140,0,0,0,0.0,0,0,0.0,0.0,12519,1,0,0.0,0.0,0.0,0.0,0.0,32766,2249,302,221,2029,3.8586511611938477
2026-04-07T11:40:37.855,radio://0/80/2M,mission,0,0,Reacquire Wall,4140,0,0,0,0.0,0,0,0.0,0.0,12519,1,0,0.0,0.0,0.0,0.0,0.0,32766,2249,302,221,2029,3.8586511611938477
2026-04-07T11:40:37.858,radio://0/80/2M,flow,0,0,Reacquire Wall,4140,0,0,0,0.0,0,0,0.0,0.0,12769,0,-1,0.0,0.0,0.0,0.0,0.0,32766,2249,302,221,2029,3.8586511611938477
2026-04-07T11:40:37.860,radio://0/80/2M,range,0,0,Reacquire Wall,4140,0,0,0,0.0,0,0,0.0,0.0,12769,0,-1,0.0,0.0,0.0,0.0,0.0,32766,2242,299,280,2026,3.8639297485351562
2026-04-07T11:40:38.107,radio://0/80/2M,mission,0,0,Reacquire Wall,4140,0,0,0,0.0,0,0,0.0,0.0,12769,0,-1,0.0,0.0,0.0,0.0,0.0,32766,2242,299,280,2026,3.8639297485351562
2026-04-07T11:40:38.109,radio://0/80/2M,flow,0,0,Reacquire Wall,4140,0,0,0,0.0,0,0,0.0,0.0,13019,0,5,0.0,0.0,0.0,0.0,0.0,32766,2242,299,280,2026,3.8639297485351562
2026-04-07T11:40:38.110,radio://0/80/2M,range,0,0,Reacquire Wall,4140,0,0,0,0.0,0,0,0.0,0.0,13019,0,5,0.0,0.0,0.0,0.0,0.0,32766,32766,311,636,2043,3.8586511611938477
2026-04-07T11:40:38.355,radio://0/80/2M,mission,0,0,Reacquire Wall,4140,0,0,0,0.0,0,0,0.0,0.0,13019,0,5,0.0,0.0,0.0,0.0,0.0,32766,32766,311,636,2043,3.8586511611938477
2026-04-07T11:40:38.358,radio://0/80/2M,flow,0,0,Reacquire Wall,3413,0,0,0,0.0,0,0,0.0,0.0,13269,-1,2,0.0,0.0,0.0,0.0,0.0,32766,32766,311,636,2043,3.8586511611938477
2026-04-07T11:40:38.361,radio://0/80/2M,range,0,0,Reacquire Wall,3413,0,0,0,0.0,0,0,0.0,0.0,13269,-1,2,0.0,0.0,0.0,0.0,0.0,32766,32766,350,604,2020,3.8639297485351562
2026-04-07T11:40:38.606,radio://0/80/2M,mission,0,0,Reacquire Wall,3413,0,0,0,0.0,0,0,0.0,0.0,13269,-1,2,0.0,0.0,0.0,0.0,0.0,32766,32766,350,604,2020,3.8639297485351562
2026-04-07T11:40:38.609,radio://0/80/2M,flow,0,0,Reacquire Wall,4618,0,0,0,0.0,0,0,0.0,0.0,13519,1,6,0.0,0.0,0.0,0.0,0.0,32766,32766,350,604,2020,3.8639297485351562
2026-04-07T11:40:38.610,radio://0/80/2M,range,0,0,Reacquire Wall,4618,0,0,0,0.0,0,0,0.0,0.0,13519,1,6,0.0,0.0,0.0,0.0,0.0,32766,382,32766,32766,1960,3.8586511611938477
2026-04-07T11:40:38.856,radio://0/80/2M,mission,0,0,Reacquire Wall,4618,0,0,0,0.0,0,0,0.0,0.0,13519,1,6,0.0,0.0,0.0,0.0,0.0,32766,382,32766,32766,1960,3.8586511611938477
2026-04-07T11:40:38.857,radio://0/80/2M,flow,0,0,Reacquire Wall,4313,0,0,0,0.0,0,0,0.0,0.0,13769,-4,11,0.0,0.0,0.0,0.0,0.0,32766,382,32766,32766,1960,3.8586511611938477
2026-04-07T11:40:38.860,radio://0/80/2M,range,0,0,Reacquire Wall,4313,0,0,0,0.0,0,0,0.0,0.0,13769,-4,11,0.0,0.0,0.0,0.0,0.0,32766,243,400,32766,1966,3.8639297485351562
2026-04-07T11:40:39.105,radio://0/80/2M,mission,0,0,Reacquire Wall,4313,0,0,0,0.0,0,0,0.0,0.0,13769,-4,11,0.0,0.0,0.0,0.0,0.0,32766,243,400,32766,1966,3.8639297485351562
2026-04-07T11:40:39.108,radio://0/80/2M,flow,0,0,Reacquire Wall,4313,0,0,0,0.0,0,0,0.0,0.0,14019,2,-6,0.0,0.0,0.0,0.0,0.0,32766,243,400,32766,1966,3.8639297485351562
2026-04-07T11:40:39.109,radio://0/80/2M,range,0,0,Reacquire Wall,4313,0,0,0,0.0,0,0,0.0,0.0,14019,2,-6,0.0,0.0,0.0,0.0,0.0,32766,32766,758,32766,2063,3.8586511611938477
2026-04-07T11:40:39.354,radio://0/80/2M,mission,0,0,Reacquire Wall,4313,0,0,0,0.0,0,0,0.0,0.0,14019,2,-6,0.0,0.0,0.0,0.0,0.0,32766,32766,758,32766,2063,3.8586511611938477
2026-04-07T11:40:39.357,radio://0/80/2M,flow,0,0,Reacquire Wall,4313,0,0,0,0.0,0,0,0.0,0.0,14269,0,-1,0.0,0.0,0.0,0.0,0.0,32766,32766,758,32766,2063,3.8586511611938477
2026-04-07T11:40:39.359,radio://0/80/2M,range,0,0,Reacquire Wall,4313,0,0,0,0.0,0,0,0.0,0.0,14269,0,-1,0.0,0.0,0.0,0.0,0.0,32766,32766,811,32766,2032,3.8639297485351562
2026-04-07T11:40:39.604,radio://0/80/2M,mission,0,0,Reacquire Wall,4313,0,0,0,0.0,0,0,0.0,0.0,14269,0,-1,0.0,0.0,0.0,0.0,0.0,32766,32766,811,32766,2032,3.8639297485351562
2026-04-07T11:40:39.607,radio://0/80/2M,flow,0,0,Reacquire Wall,4868,0,0,0,0.0,0,0,0.0,0.0,14519,8,-2,0.0,0.0,0.0,0.0,0.0,32766,32766,811,32766,2032,3.8639297485351562
2026-04-07T11:40:39.609,radio://0/80/2M,range,0,0,Reacquire Wall,4868,0,0,0,0.0,0,0,0.0,0.0,14519,8,-2,0.0,0.0,0.0,0.0,0.0,32766,32766,897,32766,32766,3.8586511611938477
2026-04-07T11:40:39.854,radio://0/80/2M,mission,0,0,Reacquire Wall,4868,0,0,0,0.0,0,0,0.0,0.0,14519,8,-2,0.0,0.0,0.0,0.0,0.0,32766,32766,897,32766,32766,3.8586511611938477
2026-04-07T11:40:39.857,radio://0/80/2M,flow,0,0,Reacquire Wall,6589,0,0,0,0.0,0,0,0.0,0.0,14769,-10,3,0.0,0.0,0.0,0.0,0.0,32766,32766,897,32766,32766,3.8586511611938477
2026-04-07T11:40:39.858,radio://0/80/2M,range,0,0,Reacquire Wall,6589,0,0,0,0.0,0,0,0.0,0.0,14769,-10,3,0.0,0.0,0.0,0.0,0.0,32766,1685,865,167,32766,3.8639297485351562
2026-04-07T11:40:40.104,radio://0/80/2M,mission,0,0,Reacquire Wall,6589,0,0,0,0.0,0,0,0.0,0.0,14769,-10,3,0.0,0.0,0.0,0.0,0.0,32766,1685,865,167,32766,3.8639297485351562
2026-04-07T11:40:40.107,radio://0/80/2M,flow,0,0,Reacquire Wall,6589,0,0,0,0.0,0,0,0.0,0.0,15019,0,0,0.0,0.0,0.0,0.0,0.0,32766,1685,865,167,32766,3.8639297485351562
2026-04-07T11:40:40.109,radio://0/80/2M,range,0,0,Reacquire Wall,6589,0,0,0,0.0,0,0,0.0,0.0,15019,0,0,0.0,0.0,0.0,0.0,0.0,32766,1714,809,146,2000,3.8586511611938477
2026-04-07T11:40:40.355,radio://0/80/2M,mission,0,0,Reacquire Wall,6589,0,0,0,0.0,0,0,0.0,0.0,15019,0,0,0.0,0.0,0.0,0.0,0.0,32766,1714,809,146,2000,3.8586511611938477
2026-04-07T11:40:40.356,radio://0/80/2M,flow,0,0,Reacquire Wall,7437,0,0,0,0.0,0,0,0.0,0.0,15269,0,2,0.0,0.0,0.0,0.0,0.0,32766,1714,809,146,2000,3.8586511611938477
2026-04-07T11:40:40.358,radio://0/80/2M,range,0,0,Reacquire Wall,7437,0,0,0,0.0,0,0,0.0,0.0,15269,0,2,0.0,0.0,0.0,0.0,0.0,32766,1729,815,32766,32766,3.8639297485351562
2026-04-07T11:40:40.605,radio://0/80/2M,mission,0,0,Reacquire Wall,7437,0,0,0,0.0,0,0,0.0,0.0,15269,0,2,0.0,0.0,0.0,0.0,0.0,32766,1729,815,32766,32766,3.8639297485351562
2026-04-07T11:40:40.606,radio://0/80/2M,flow,0,0,Reacquire Wall,6538,0,0,0,0.0,0,0,0.0,0.0,15519,-1,0,0.0,0.0,0.0,0.0,0.0,32766,1729,815,32766,32766,3.8639297485351562
2026-04-07T11:40:40.608,radio://0/80/2M,range,0,0,Reacquire Wall,6538,0,0,0,0.0,0,0,0.0,0.0,15519,-1,0,0.0,0.0,0.0,0.0,0.0,32766,1740,810,32766,32766,3.8586511611938477
2026-04-07T11:40:40.854,radio://0/80/2M,mission,0,0,Reacquire Wall,6538,0,0,0,0.0,0,0,0.0,0.0,15519,-1,0,0.0,0.0,0.0,0.0,0.0,32766,1740,810,32766,32766,3.8586511611938477
2026-04-07T11:40:40.857,radio://0/80/2M,flow,0,0,Reacquire Wall,6130,0,0,0,0.0,0,0,0.0,0.0,15769,0,0,0.0,0.0,0.0,0.0,0.0,32766,1740,810,32766,32766,3.8586511611938477
2026-04-07T11:40:40.865,radio://0/80/2M,range,0,0,Reacquire Wall,6130,0,0,0,0.0,0,0,0.0,0.0,15769,0,0,0.0,0.0,0.0,0.0,0.0,32766,1739,802,82,32766,3.8639297485351562
2026-04-07T11:40:41.103,radio://0/80/2M,mission,0,0,Reacquire Wall,6130,0,0,0,0.0,0,0,0.0,0.0,15769,0,0,0.0,0.0,0.0,0.0,0.0,32766,1739,802,82,32766,3.8639297485351562
2026-04-07T11:40:41.106,radio://0/80/2M,flow,0,0,Reacquire Wall,5747,0,0,0,0.0,0,0,0.0,0.0,16019,0,0,0.0,0.0,0.0,0.0,0.0,32766,1739,802,82,32766,3.8639297485351562
2026-04-07T11:40:41.107,radio://0/80/2M,range,0,0,Reacquire Wall,5747,0,0,0,0.0,0,0,0.0,0.0,16019,0,0,0.0,0.0,0.0,0.0,0.0,32766,1752,801,86,2035,3.8586511611938477
2026-04-07T11:40:41.354,radio://0/80/2M,mission,0,0,Reacquire Wall,5747,0,0,0,0.0,0,0,0.0,0.0,16019,0,0,0.0,0.0,0.0,0.0,0.0,32766,1752,801,86,2035,3.8586511611938477
2026-04-07T11:40:41.356,radio://0/80/2M,flow,0,0,Reacquire Wall,5388,0,0,0,0.0,0,0,0.0,0.0,16269,2,0,0.0,0.0,0.0,0.0,0.0,32766,1752,801,86,2035,3.8586511611938477
2026-04-07T11:40:41.359,radio://0/80/2M,range,0,0,Reacquire Wall,5388,0,0,0,0.0,0,0,0.0,0.0,16269,2,0,0.0,0.0,0.0,0.0,0.0,32766,1759,796,78,32766,3.8639297485351562
2026-04-07T11:40:41.604,radio://0/80/2M,mission,0,0,Reacquire Wall,5388,0,0,0,0.0,0,0,0.0,0.0,16269,2,0,0.0,0.0,0.0,0.0,0.0,32766,1759,796,78,32766,3.8639297485351562
2026-04-07T11:40:41.605,radio://0/80/2M,flow,0,0,Reacquire Wall,5388,0,0,0,0.0,0,0,0.0,0.0,16519,0,0,0.0,0.0,0.0,0.0,0.0,32766,1759,796,78,32766,3.8639297485351562
2026-04-07T11:40:41.608,radio://0/80/2M,range,0,0,Reacquire Wall,5388,0,0,0,0.0,0,0,0.0,0.0,16519,0,0,0.0,0.0,0.0,0.0,0.0,32766,1764,795,79,2040,3.8586511611938477
2026-04-07T11:40:41.853,radio://0/80/2M,mission,0,0,Reacquire Wall,5388,0,0,0,0.0,0,0,0.0,0.0,16519,0,0,0.0,0.0,0.0,0.0,0.0,32766,1764,795,79,2040,3.8586511611938477
2026-04-07T11:40:41.856,radio://0/80/2M,flow,0,0,Reacquire Wall,5388,0,0,0,0.0,0,0,0.0,0.0,16769,0,0,0.0,0.0,0.0,0.0,0.0,32766,1764,795,79,2040,3.8586511611938477
2026-04-07T11:40:41.857,radio://0/80/2M,range,0,0,Reacquire Wall,5388,0,0,0,0.0,0,0,0.0,0.0,16769,0,0,0.0,0.0,0.0,0.0,0.0,32766,1767,790,86,2027,3.8639297485351562
2026-04-07T11:40:42.103,radio://0/80/2M,mission,0,0,Reacquire Wall,5388,0,0,0,0.0,0,0,0.0,0.0,16769,0,0,0.0,0.0,0.0,0.0,0.0,32766,1767,790,86,2027,3.8639297485351562
2026-04-07T11:40:42.106,radio://0/80/2M,flow,0,0,Reacquire Wall,5388,0,0,0,0.0,0,0,0.0,0.0,17019,-1,0,0.0,0.0,0.0,0.0,0.0,32766,1767,790,86,2027,3.8639297485351562
2026-04-07T11:40:42.107,radio://0/80/2M,range,0,0,Reacquire Wall,5388,0,0,0,0.0,0,0,0.0,0.0,17019,-1,0,0.0,0.0,0.0,0.0,0.0,32766,1773,774,107,2015,3.8586511611938477
2026-04-07T11:40:42.352,radio://0/80/2M,mission,0,0,Reacquire Wall,5388,0,0,0,0.0,0,0,0.0,0.0,17019,-1,0,0.0,0.0,0.0,0.0,0.0,32766,1773,774,107,2015,3.8586511611938477
2026-04-07T11:40:42.355,radio://0/80/2M,flow,0,0,Reacquire Wall,5388,0,0,0,0.0,0,0,0.0,0.0,17269,0,0,0.0,0.0,0.0,0.0,0.0,32766,1773,774,107,2015,3.8586511611938477
2026-04-07T11:40:42.357,radio://0/80/2M,range,0,0,Reacquire Wall,5388,0,0,0,0.0,0,0,0.0,0.0,17269,0,0,0.0,0.0,0.0,0.0,0.0,32766,1773,765,125,1984,3.8639297485351562
2026-04-07T11:40:42.602,radio://0/80/2M,mission,0,0,Reacquire Wall,5388,0,0,0,0.0,0,0,0.0,0.0,17269,0,0,0.0,0.0,0.0,0.0,0.0,32766,1773,765,125,1984,3.8639297485351562
2026-04-07T11:40:42.605,radio://0/80/2M,flow,0,0,Reacquire Wall,5388,0,0,0,0.0,0,0,0.0,0.0,17519,-3,0,0.0,0.0,0.0,0.0,0.0,32766,1773,765,125,1984,3.8639297485351562
2026-04-07T11:40:42.607,radio://0/80/2M,range,0,0,Reacquire Wall,5388,0,0,0,0.0,0,0,0.0,0.0,17519,-3,0,0.0,0.0,0.0,0.0,0.0,32766,1774,776,113,1993,3.8586511611938477
2026-04-07T11:40:42.852,radio://0/80/2M,mission,0,0,Reacquire Wall,5388,0,0,0,0.0,0,0,0.0,0.0,17519,-3,0,0.0,0.0,0.0,0.0,0.0,32766,1774,776,113,1993,3.8586511611938477
2026-04-07T11:40:42.855,radio://0/80/2M,flow,0,0,Reacquire Wall,5388,0,0,0,0.0,0,0,0.0,0.0,17769,0,0,0.0,0.0,0.0,0.0,0.0,32766,1774,776,113,1993,3.8586511611938477
2026-04-07T11:40:42.856,radio://0/80/2M,range,0,0,Reacquire Wall,5388,0,0,0,0.0,0,0,0.0,0.0,17769,0,0,0.0,0.0,0.0,0.0,0.0,32766,1769,777,102,1990,3.8639297485351562
2026-04-07T11:40:43.102,radio://0/80/2M,mission,0,0,Reacquire Wall,5388,0,0,0,0.0,0,0,0.0,0.0,17769,0,0,0.0,0.0,0.0,0.0,0.0,32766,1769,777,102,1990,3.8639297485351562
2026-04-07T11:40:43.104,radio://0/80/2M,flow,0,0,Reacquire Wall,5388,0,0,0,0.0,0,0,0.0,0.0,18019,0,0,0.0,0.0,0.0,0.0,0.0,32766,1769,777,102,1990,3.8639297485351562
2026-04-07T11:40:43.106,radio://0/80/2M,range,0,0,Reacquire Wall,5388,0,0,0,0.0,0,0,0.0,0.0,18019,0,0,0.0,0.0,0.0,0.0,0.0,32766,1770,777,94,2013,3.8586511611938477
2026-04-07T11:40:43.353,radio://0/80/2M,mission,0,0,Reacquire Wall,5388,0,0,0,0.0,0,0,0.0,0.0,18019,0,0,0.0,0.0,0.0,0.0,0.0,32766,1770,777,94,2013,3.8586511611938477
2026-04-07T11:40:43.354,radio://0/80/2M,flow,0,0,Reacquire Wall,5388,0,0,0,0.0,0,0,0.0,0.0,18269,-2,0,0.0,0.0,0.0,0.0,0.0,32766,1770,777,94,2013,3.8586511611938477
2026-04-07T11:40:43.355,radio://0/80/2M,range,0,0,Reacquire Wall,5388,0,0,0,0.0,0,0,0.0,0.0,18269,-2,0,0.0,0.0,0.0,0.0,0.0,32766,1774,772,95,1983,3.8639297485351562
2026-04-07T11:40:43.602,radio://0/80/2M,mission,0,0,Reacquire Wall,5388,0,0,0,0.0,0,0,0.0,0.0,18269,-2,0,0.0,0.0,0.0,0.0,0.0,32766,1774,772,95,1983,3.8639297485351562
2026-04-07T11:40:43.605,radio://0/80/2M,flow,0,0,Reacquire Wall,5388,0,0,0,0.0,0,0,0.0,0.0,18519,0,0,0.0,0.0,0.0,0.0,0.0,32766,1774,772,95,1983,3.8639297485351562
2026-04-07T11:40:43.606,radio://0/80/2M,range,0,0,Reacquire Wall,5388,0,0,0,0.0,0,0,0.0,0.0,18519,0,0,0.0,0.0,0.0,0.0,0.0,32766,1803,745,121,1967,3.8586511611938477
2026-04-07T11:40:43.851,radio://0/80/2M,mission,0,0,Reacquire Wall,5388,0,0,0,0.0,0,0,0.0,0.0,18519,0,0,0.0,0.0,0.0,0.0,0.0,32766,1803,745,121,1967,3.8586511611938477
2026-04-07T11:40:43.854,radio://0/80/2M,flow,0,0,Reacquire Wall,5052,0,0,0,0.0,0,0,0.0,0.0,18769,7,0,0.0,0.0,0.0,0.0,0.0,32766,1803,745,121,1967,3.8586511611938477
2026-04-07T11:40:43.856,radio://0/80/2M,range,0,0,Reacquire Wall,5052,0,0,0,0.0,0,0,0.0,0.0,18769,7,0,0.0,0.0,0.0,0.0,0.0,32766,32766,704,1368,1973,3.8639297485351562
2026-04-07T11:40:44.101,radio://0/80/2M,mission,0,0,Reacquire Wall,5052,0,0,0,0.0,0,0,0.0,0.0,18769,7,0,0.0,0.0,0.0,0.0,0.0,32766,32766,704,1368,1973,3.8639297485351562
2026-04-07T11:40:44.104,radio://0/80/2M,flow,0,0,Reacquire Wall,4737,0,0,0,0.0,0,0,0.0,0.0,19019,1,0,0.0,0.0,0.0,0.0,0.0,32766,32766,704,1368,1973,3.8639297485351562
2026-04-07T11:40:44.105,radio://0/80/2M,range,0,0,Reacquire Wall,4737,0,0,0,0.0,0,0,0.0,0.0,19019,1,0,0.0,0.0,0.0,0.0,0.0,32766,326,32766,1545,2052,3.8586511611938477
2026-04-07T11:40:44.351,radio://0/80/2M,mission,0,0,Reacquire Wall,4737,0,0,0,0.0,0,0,0.0,0.0,19019,1,0,0.0,0.0,0.0,0.0,0.0,32766,326,32766,1545,2052,3.8586511611938477
2026-04-07T11:40:44.354,radio://0/80/2M,flow,0,0,Reacquire Wall,4737,0,0,0,0.0,0,0,0.0,0.0,19269,0,0,0.0,0.0,0.0,0.0,0.0,32766,326,32766,1545,2052,3.8586511611938477
2026-04-07T11:40:44.355,radio://0/80/2M,range,0,0,Reacquire Wall,4737,0,0,0,0.0,0,0,0.0,0.0,19269,0,0,0.0,0.0,0.0,0.0,0.0,32766,232,32766,1856,32766,3.8639297485351562
2026-04-07T11:40:44.600,radio://0/80/2M,mission,0,0,Reacquire Wall,4737,0,0,0,0.0,0,0,0.0,0.0,19269,0,0,0.0,0.0,0.0,0.0,0.0,32766,232,32766,1856,32766,3.8639297485351562
2026-04-07T11:40:44.603,radio://0/80/2M,flow,0,0,Reacquire Wall,5033,0,0,0,0.0,0,0,0.0,0.0,19519,1,0,0.0,0.0,0.0,0.0,0.0,32766,232,32766,1856,32766,3.8639297485351562
2026-04-07T11:40:44.606,radio://0/80/2M,range,0,0,Reacquire Wall,5033,0,0,0,0.0,0,0,0.0,0.0,19519,1,0,0.0,0.0,0.0,0.0,0.0,32766,190,350,2134,2014,3.8586511611938477
2026-04-07T11:40:44.851,radio://0/80/2M,mission,0,0,Reacquire Wall,5033,0,0,0,0.0,0,0,0.0,0.0,19519,1,0,0.0,0.0,0.0,0.0,0.0,32766,190,350,2134,2014,3.8586511611938477
2026-04-07T11:40:44.853,radio://0/80/2M,flow,0,0,Reacquire Wall,5033,0,0,0,0.0,0,0,0.0,0.0,19769,0,-3,0.0,0.0,0.0,0.0,0.0,32766,190,350,2134,2014,3.8586511611938477
2026-04-07T11:40:44.855,radio://0/80/2M,range,0,0,Reacquire Wall,5033,0,0,0,0.0,0,0,0.0,0.0,19769,0,-3,0.0,0.0,0.0,0.0,0.0,32766,168,317,2025,32766,3.8639297485351562
2026-04-07T11:40:45.100,radio://0/80/2M,mission,0,0,Reacquire Wall,5033,0,0,0,0.0,0,0,0.0,0.0,19769,0,-3,0.0,0.0,0.0,0.0,0.0,32766,168,317,2025,32766,3.8639297485351562
2026-04-07T11:40:45.103,radio://0/80/2M,flow,0,0,Reacquire Wall,5033,0,0,0,0.0,0,0,0.0,0.0,20019,0,0,0.0,0.0,0.0,0.0,0.0,32766,168,317,2025,32766,3.8639297485351562
2026-04-07T11:40:45.105,radio://0/80/2M,range,0,0,Reacquire Wall,5033,0,0,0,0.0,0,0,0.0,0.0,20019,0,0,0.0,0.0,0.0,0.0,0.0,32766,164,286,32766,32766,3.8586511611938477
2026-04-07T11:40:45.351,radio://0/80/2M,mission,0,0,Reacquire Wall,5033,0,0,0,0.0,0,0,0.0,0.0,20019,0,0,0.0,0.0,0.0,0.0,0.0,32766,164,286,32766,32766,3.8586511611938477
2026-04-07T11:40:45.352,radio://0/80/2M,flow,0,0,Reacquire Wall,5033,0,0,0,0.0,0,0,0.0,0.0,20269,11,2,0.0,0.0,0.0,0.0,0.0,32766,164,286,32766,32766,3.8586511611938477
2026-04-07T11:40:45.354,radio://0/80/2M,range,0,0,Reacquire Wall,5033,0,0,0,0.0,0,0,0.0,0.0,20269,11,2,0.0,0.0,0.0,0.0,0.0,32766,32766,259,474,1996,3.8639297485351562
2026-04-07T11:40:45.600,radio://0/80/2M,mission,0,0,Reacquire Wall,5033,0,0,0,0.0,0,0,0.0,0.0,20269,11,2,0.0,0.0,0.0,0.0,0.0,32766,32766,259,474,1996,3.8639297485351562
2026-04-07T11:40:45.602,radio://0/80/2M,flow,0,0,Reacquire Wall,7690,0,0,0,0.0,0,0,0.0,0.0,20519,10,-5,0.0,0.0,0.0,0.0,0.0,32766,32766,259,474,1996,3.8639297485351562
2026-04-07T11:40:45.604,radio://0/80/2M,range,0,0,Reacquire Wall,7690,0,0,0,0.0,0,0,0.0,0.0,20519,10,-5,0.0,0.0,0.0,0.0,0.0,32766,32766,295,412,1788,3.8586511611938477
2026-04-07T11:40:45.851,radio://0/80/2M,mission,0,0,Reacquire Wall,7690,0,0,0,0.0,0,0,0.0,0.0,20519,10,-5,0.0,0.0,0.0,0.0,0.0,32766,32766,295,412,1788,3.8586511611938477
2026-04-07T11:40:45.853,radio://0/80/2M,flow,0,0,Reacquire Wall,8191,0,0,0,0.0,0,0,0.0,0.0,20769,5,3,0.0,0.0,0.0,0.0,0.0,32766,32766,295,412,1788,3.8586511611938477
2026-04-07T11:40:45.854,radio://0/80/2M,range,0,0,Reacquire Wall,8191,0,0,0,0.0,0,0,0.0,0.0,20769,5,3,0.0,0.0,0.0,0.0,0.0,32766,32766,136,137,1749,3.8639297485351562
2026-04-07T11:40:46.099,radio://0/80/2M,mission,0,0,Reacquire Wall,8191,0,0,0,0.0,0,0,0.0,0.0,20769,5,3,0.0,0.0,0.0,0.0,0.0,32766,32766,136,137,1749,3.8639297485351562
2026-04-07T11:40:46.102,radio://0/80/2M,flow,0,0,Reacquire Wall,8191,0,0,0,0.0,0,0,0.0,0.0,21019,0,-4,0.0,0.0,0.0,0.0,0.0,32766,32766,136,137,1749,3.8639297485351562
2026-04-07T11:40:46.103,radio://0/80/2M,range,0,0,Reacquire Wall,8191,0,0,0,0.0,0,0,0.0,0.0,21019,0,-4,0.0,0.0,0.0,0.0,0.0,32766,32766,96,115,1849,3.8586511611938477
2026-04-07T11:40:46.349,radio://0/80/2M,mission,0,0,Reacquire Wall,8191,0,0,0,0.0,0,0,0.0,0.0,21019,0,-4,0.0,0.0,0.0,0.0,0.0,32766,32766,96,115,1849,3.8586511611938477
2026-04-07T11:40:46.352,radio://0/80/2M,flow,0,0,Reacquire Wall,8191,0,0,0,0.0,0,0,0.0,0.0,21269,-1,-19,0.0,0.0,0.0,0.0,0.0,32766,32766,96,115,1849,3.8586511611938477
2026-04-07T11:40:46.353,radio://0/80/2M,range,0,0,Reacquire Wall,8191,0,0,0,0.0,0,0,0.0,0.0,21269,-1,-19,0.0,0.0,0.0,0.0,0.0,32766,32766,89,68,1986,3.8639297485351562
2026-04-07T11:40:46.599,radio://0/80/2M,mission,0,0,Reacquire Wall,8191,0,0,0,0.0,0,0,0.0,0.0,21269,-1,-19,0.0,0.0,0.0,0.0,0.0,32766,32766,89,68,1986,3.8639297485351562
2026-04-07T11:40:46.602,radio://0/80/2M,flow,0,0,Reacquire Wall,8191,0,0,0,0.0,0,0,0.0,0.0,21519,0,0,0.0,0.0,0.0,0.0,0.0,32766,32766,89,68,1986,3.8639297485351562
2026-04-07T11:40:46.603,radio://0/80/2M,range,0,0,Reacquire Wall,8191,0,0,0,0.0,0,0,0.0,0.0,21519,0,0,0.0,0.0,0.0,0.0,0.0,32766,0,45,71,6,3.8586511611938477
2026-04-07T11:40:46.849,radio://0/80/2M,mission,0,0,Reacquire Wall,8191,0,0,0,0.0,0,0,0.0,0.0,21519,0,0,0.0,0.0,0.0,0.0,0.0,32766,0,45,71,6,3.8586511611938477
2026-04-07T11:40:46.851,radio://0/80/2M,flow,0,0,Reacquire Wall,8191,0,0,0,0.0,0,0,0.0,0.0,21769,0,0,0.0,0.0,0.0,0.0,0.0,32766,0,45,71,6,3.8586511611938477
2026-04-07T11:40:46.853,radio://0/80/2M,range,0,0,Reacquire Wall,8191,0,0,0,0.0,0,0,0.0,0.0,21769,0,0,0.0,0.0,0.0,0.0,0.0,32766,33,345,103,11,3.8639297485351562
2026-04-07T11:40:47.098,radio://0/80/2M,mission,0,0,Reacquire Wall,8191,0,0,0,0.0,0,0,0.0,0.0,21769,0,0,0.0,0.0,0.0,0.0,0.0,32766,33,345,103,11,3.8639297485351562
2026-04-07T11:40:47.102,radio://0/80/2M,flow,0,0,Reacquire Wall,8191,0,0,0,0.0,0,0,0.0,0.0,22019,0,0,0.0,0.0,0.0,0.0,0.0,32766,33,345,103,11,3.8639297485351562
2026-04-07T11:40:47.103,radio://0/80/2M,range,0,0,Reacquire Wall,8191,0,0,0,0.0,0,0,0.0,0.0,22019,0,0,0.0,0.0,0.0,0.0,0.0,32766,41,290,69,10,3.8586511611938477
2026-04-07T11:40:47.349,radio://0/80/2M,mission,0,0,Reacquire Wall,8191,0,0,0,0.0,0,0,0.0,0.0,22019,0,0,0.0,0.0,0.0,0.0,0.0,32766,41,290,69,10,3.8586511611938477
2026-04-07T11:40:47.351,radio://0/80/2M,flow,0,0,Reacquire Wall,8191,0,0,0,0.0,0,0,0.0,0.0,22269,0,0,0.0,0.0,0.0,0.0,0.0,32766,41,290,69,10,3.8586511611938477
2026-04-07T11:40:47.353,radio://0/80/2M,range,0,0,Reacquire Wall,8191,0,0,0,0.0,0,0,0.0,0.0,22269,0,0,0.0,0.0,0.0,0.0,0.0,32766,44,32766,38,10,3.8639297485351562
2026-04-07T11:40:47.599,radio://0/80/2M,mission,0,0,Reacquire Wall,8191,0,0,0,0.0,0,0,0.0,0.0,22269,0,0,0.0,0.0,0.0,0.0,0.0,32766,44,32766,38,10,3.8639297485351562
2026-04-07T11:40:47.601,radio://0/80/2M,flow,0,0,Reacquire Wall,8191,0,0,0,0.0,0,0,0.0,0.0,22519,-10,-1,0.0,0.0,0.0,0.0,0.0,32766,44,32766,38,10,3.8639297485351562
2026-04-07T11:40:47.603,radio://0/80/2M,range,0,0,Reacquire Wall,8191,0,0,0,0.0,0,0,0.0,0.0,22519,-10,-1,0.0,0.0,0.0,0.0,0.0,32766,2416,36,45,7,3.8586511611938477
2026-04-07T11:40:47.848,radio://0/80/2M,mission,0,0,Reacquire Wall,8191,0,0,0,0.0,0,0,0.0,0.0,22519,-10,-1,0.0,0.0,0.0,0.0,0.0,32766,2416,36,45,7,3.8586511611938477
2026-04-07T11:40:47.851,radio://0/80/2M,flow,0,0,Reacquire Wall,4032,0,0,0,0.0,0,0,0.0,0.0,22769,-17,9,0.0,0.0,0.0,0.0,0.0,32766,2416,36,45,7,3.8586511611938477
2026-04-07T11:40:47.852,radio://0/80/2M,range,0,0,Reacquire Wall,4032,0,0,0,0.0,0,0,0.0,0.0,22769,-17,9,0.0,0.0,0.0,0.0,0.0,32766,32766,66,32766,8,3.8639297485351562
2026-04-07T11:40:48.099,radio://0/80/2M,mission,0,0,Reacquire Wall,4032,0,0,0,0.0,0,0,0.0,0.0,22769,-17,9,0.0,0.0,0.0,0.0,0.0,32766,32766,66,32766,8,3.8639297485351562
2026-04-07T11:40:48.101,radio://0/80/2M,flow,0,0,Reacquire Wall,3544,0,0,0,0.0,0,0,0.0,0.0,23019,-6,0,0.0,0.0,0.0,0.0,0.0,32766,32766,66,32766,8,3.8639297485351562
2026-04-07T11:40:48.102,radio://0/80/2M,range,0,0,Reacquire Wall,3544,0,0,0,0.0,0,0,0.0,0.0,23019,-6,0,0.0,0.0,0.0,0.0,0.0,32766,160,65,87,5,3.8586511611938477
2026-04-07T11:40:48.348,radio://0/80/2M,mission,0,0,Reacquire Wall,3544,0,0,0,0.0,0,0,0.0,0.0,23019,-6,0,0.0,0.0,0.0,0.0,0.0,32766,160,65,87,5,3.8586511611938477
2026-04-07T11:40:48.350,radio://0/80/2M,flow,0,0,Reacquire Wall,3544,0,0,0,0.0,0,0,0.0,0.0,23269,0,0,0.0,0.0,0.0,0.0,0.0,32766,160,65,87,5,3.8586511611938477
2026-04-07T11:40:48.352,radio://0/80/2M,range,0,0,Reacquire Wall,3544,0,0,0,0.0,0,0,0.0,0.0,23269,0,0,0.0,0.0,0.0,0.0,0.0,32766,132,43,83,4,3.8639297485351562
2026-04-07T11:40:48.598,radio://0/80/2M,mission,0,0,Reacquire Wall,3544,0,0,0,0.0,0,0,0.0,0.0,23269,0,0,0.0,0.0,0.0,0.0,0.0,32766,132,43,83,4,3.8639297485351562
2026-04-07T11:40:48.601,radio://0/80/2M,flow,0,0,Reacquire Wall,3544,0,0,0,0.0,0,0,0.0,0.0,23519,-1,0,0.0,0.0,0.0,0.0,0.0,32766,132,43,83,4,3.8639297485351562
2026-04-07T11:40:48.602,radio://0/80/2M,range,0,0,Reacquire Wall,3544,0,0,0,0.0,0,0,0.0,0.0,23519,-1,0,0.0,0.0,0.0,0.0,0.0,32766,140,40,77,6,3.8586511611938477
2026-04-07T11:40:48.849,radio://0/80/2M,mission,0,0,Reacquire Wall,3544,0,0,0,0.0,0,0,0.0,0.0,23519,-1,0,0.0,0.0,0.0,0.0,0.0,32766,140,40,77,6,3.8586511611938477
2026-04-07T11:40:48.850,radio://0/80/2M,flow,0,0,Reacquire Wall,3544,0,0,0,0.0,0,0,0.0,0.0,23769,0,0,0.0,0.0,0.0,0.0,0.0,32766,140,40,77,6,3.8586511611938477
2026-04-07T11:40:48.852,radio://0/80/2M,range,0,0,Reacquire Wall,3544,0,0,0,0.0,0,0,0.0,0.0,23769,0,0,0.0,0.0,0.0,0.0,0.0,32766,136,42,72,10,3.8639297485351562
2026-04-07T11:40:49.098,radio://0/80/2M,mission,0,0,Reacquire Wall,3544,0,0,0,0.0,0,0,0.0,0.0,23769,0,0,0.0,0.0,0.0,0.0,0.0,32766,136,42,72,10,3.8639297485351562
2026-04-07T11:40:49.101,radio://0/80/2M,flow,0,0,Reacquire Wall,3544,0,0,0,0.0,0,0,0.0,0.0,24019,0,3,0.0,0.0,0.0,0.0,0.0,32766,136,42,72,10,3.8639297485351562
2026-04-07T11:40:49.102,radio://0/80/2M,range,0,0,Reacquire Wall,3544,0,0,0,0.0,0,0,0.0,0.0,24019,0,3,0.0,0.0,0.0,0.0,0.0,32766,144,45,72,10,3.8586511611938477
2026-04-07T11:40:49.346,radio://0/80/2M,mission,0,0,Reacquire Wall,3544,0,0,0,0.0,0,0,0.0,0.0,24019,0,3,0.0,0.0,0.0,0.0,0.0,32766,144,45,72,10,3.8586511611938477
2026-04-07T11:40:49.349,radio://0/80/2M,flow,0,0,Reacquire Wall,3544,0,0,0,0.0,0,0,0.0,0.0,24269,0,1,0.0,0.0,0.0,0.0,0.0,32766,144,45,72,10,3.8586511611938477
2026-04-07T11:40:49.351,radio://0/80/2M,range,0,0,Reacquire Wall,3544,0,0,0,0.0,0,0,0.0,0.0,24269,0,1,0.0,0.0,0.0,0.0,0.0,32766,155,51,82,10,3.8639297485351562
2026-04-07T11:40:49.596,radio://0/80/2M,mission,0,0,Reacquire Wall,3544,0,0,0,0.0,0,0,0.0,0.0,24269,0,1,0.0,0.0,0.0,0.0,0.0,32766,155,51,82,10,3.8639297485351562
2026-04-07T11:40:49.599,radio://0/80/2M,flow,0,0,Reacquire Wall,3544,0,0,0,0.0,0,0,0.0,0.0,24519,1,-3,0.0,0.0,0.0,0.0,0.0,32766,155,51,82,10,3.8639297485351562
2026-04-07T11:40:49.601,radio://0/80/2M,range,0,0,Reacquire Wall,3544,0,0,0,0.0,0,0,0.0,0.0,24519,1,-3,0.0,0.0,0.0,0.0,0.0,32766,153,55,76,13,3.853372573852539
2026-04-07T11:40:49.847,radio://0/80/2M,mission,0,0,Reacquire Wall,3544,0,0,0,0.0,0,0,0.0,0.0,24519,1,-3,0.0,0.0,0.0,0.0,0.0,32766,153,55,76,13,3.853372573852539
2026-04-07T11:40:49.849,radio://0/80/2M,flow,0,0,Reacquire Wall,3544,0,0,0,0.0,0,0,0.0,0.0,24769,1,0,0.0,0.0,0.0,0.0,0.0,32766,153,55,76,13,3.853372573852539
2026-04-07T11:40:49.851,radio://0/80/2M,range,0,0,Reacquire Wall,3544,0,0,0,0.0,0,0,0.0,0.0,24769,1,0,0.0,0.0,0.0,0.0,0.0,32766,158,55,74,11,3.8639297485351562
2026-04-07T11:40:50.096,radio://0/80/2M,mission,0,0,Reacquire Wall,3544,0,0,0,0.0,0,0,0.0,0.0,24769,1,0,0.0,0.0,0.0,0.0,0.0,32766,158,55,74,11,3.8639297485351562
2026-04-07T11:40:50.099,radio://0/80/2M,flow,0,0,Reacquire Wall,3544,0,0,0,0.0,0,0,0.0,0.0,25019,16,9,0.0,0.0,0.0,0.0,0.0,32766,158,55,74,11,3.8639297485351562
2026-04-07T11:40:50.100,radio://0/80/2M,range,0,0,Reacquire Wall,3544,0,0,0,0.0,0,0,0.0,0.0,25019,16,9,0.0,0.0,0.0,0.0,0.0,32766,32766,67,93,10,3.853372573852539
2026-04-07T11:40:50.346,radio://0/80/2M,mission,0,0,Reacquire Wall,3544,0,0,0,0.0,0,0,0.0,0.0,25019,16,9,0.0,0.0,0.0,0.0,0.0,32766,32766,67,93,10,3.853372573852539
2026-04-07T11:40:50.349,radio://0/80/2M,flow,0,0,Reacquire Wall,8191,0,0,0,0.0,0,0,0.0,0.0,25269,18,4,0.0,0.0,0.0,0.0,0.0,32766,32766,67,93,10,3.853372573852539
2026-04-07T11:40:50.350,radio://0/80/2M,range,0,0,Reacquire Wall,8191,0,0,0,0.0,0,0,0.0,0.0,25269,18,4,0.0,0.0,0.0,0.0,0.0,32766,55,4,74,9,3.8639297485351562
2026-04-07T11:40:50.597,radio://0/80/2M,mission,0,0,Reacquire Wall,8191,0,0,0,0.0,0,0,0.0,0.0,25269,18,4,0.0,0.0,0.0,0.0,0.0,32766,55,4,74,9,3.8639297485351562
2026-04-07T11:40:50.598,radio://0/80/2M,flow,0,0,Reacquire Wall,8096,0,0,0,0.0,0,0,0.0,0.0,25519,11,8,0.0,0.0,0.0,0.0,0.0,32766,55,4,74,9,3.8639297485351562
2026-04-07T11:40:50.600,radio://0/80/2M,range,0,0,Reacquire Wall,8096,0,0,0,0.0,0,0,0.0,0.0,25519,11,8,0.0,0.0,0.0,0.0,0.0,32766,32766,32766,27,8,3.8586511611938477
2026-04-07T11:40:50.846,radio://0/80/2M,mission,0,0,Reacquire Wall,8096,0,0,0,0.0,0,0,0.0,0.0,25519,11,8,0.0,0.0,0.0,0.0,0.0,32766,32766,32766,27,8,3.8586511611938477
2026-04-07T11:40:50.848,radio://0/80/2M,flow,0,0,Reacquire Wall,6620,0,0,0,0.0,0,0,0.0,0.0,25769,9,-1,0.0,0.0,0.0,0.0,0.0,32766,32766,32766,27,8,3.8586511611938477
2026-04-07T11:40:50.850,radio://0/80/2M,range,0,0,Reacquire Wall,6620,0,0,0,0.0,0,0,0.0,0.0,25769,9,-1,0.0,0.0,0.0,0.0,0.0,0,42,234,35,7,3.8639297485351562
2026-04-07T11:40:51.096,radio://0/80/2M,mission,0,0,Reacquire Wall,6620,0,0,0,0.0,0,0,0.0,0.0,25769,9,-1,0.0,0.0,0.0,0.0,0.0,0,42,234,35,7,3.8639297485351562
2026-04-07T11:40:51.098,radio://0/80/2M,flow,0,0,Reacquire Wall,5055,0,0,0,0.0,0,0,0.0,0.0,26019,6,6,0.0,0.0,0.0,0.0,0.0,0,42,234,35,7,3.8639297485351562
2026-04-07T11:40:51.100,radio://0/80/2M,range,0,0,Reacquire Wall,5055,0,0,0,0.0,0,0,0.0,0.0,26019,6,6,0.0,0.0,0.0,0.0,0.0,32766,56,222,27,10,3.853372573852539
2026-04-07T11:40:51.345,radio://0/80/2M,mission,0,0,Reacquire Wall,5055,0,0,0,0.0,0,0,0.0,0.0,26019,6,6,0.0,0.0,0.0,0.0,0.0,32766,56,222,27,10,3.853372573852539
2026-04-07T11:40:51.348,radio://0/80/2M,flow,0,0,Reacquire Wall,8191,0,0,0,0.0,0,0,0.0,0.0,26269,0,0,0.0,0.0,0.0,0.0,0.0,32766,56,222,27,10,3.853372573852539
2026-04-07T11:40:51.350,radio://0/80/2M,range,0,0,Reacquire Wall,8191,0,0,0,0.0,0,0,0.0,0.0,26269,0,0,0.0,0.0,0.0,0.0,0.0,2,95,239,16,4,3.8639297485351562
2026-04-07T11:40:51.596,radio://0/80/2M,mission,0,0,Reacquire Wall,8191,0,0,0,0.0,0,0,0.0,0.0,26269,0,0,0.0,0.0,0.0,0.0,0.0,2,95,239,16,4,3.8639297485351562
2026-04-07T11:40:51.599,radio://0/80/2M,flow,0,0,Reacquire Wall,8191,0,0,0,0.0,0,0,0.0,0.0,26519,0,0,0.0,0.0,0.0,0.0,0.0,2,95,239,16,4,3.8639297485351562
2026-04-07T11:40:51.600,radio://0/80/2M,range,0,0,Reacquire Wall,8191,0,0,0,0.0,0,0,0.0,0.0,26519,0,0,0.0,0.0,0.0,0.0,0.0,32766,75,248,19,6,3.8586511611938477
2026-04-07T11:40:51.845,radio://0/80/2M,mission,0,0,Reacquire Wall,8191,0,0,0,0.0,0,0,0.0,0.0,26519,0,0,0.0,0.0,0.0,0.0,0.0,32766,75,248,19,6,3.8586511611938477
2026-04-07T11:40:51.848,radio://0/80/2M,flow,0,0,Reacquire Wall,8191,0,0,0,0.0,0,0,0.0,0.0,26769,0,0,0.0,0.0,0.0,0.0,0.0,32766,75,248,19,6,3.8586511611938477
2026-04-07T11:40:51.850,radio://0/80/2M,range,0,0,Reacquire Wall,8191,0,0,0,0.0,0,0,0.0,0.0,26769,0,0,0.0,0.0,0.0,0.0,0.0,0,0,286,38,12,3.8639297485351562
2026-04-07T11:40:52.096,radio://0/80/2M,mission,0,0,Reacquire Wall,8191,0,0,0,0.0,0,0,0.0,0.0,26769,0,0,0.0,0.0,0.0,0.0,0.0,0,0,286,38,12,3.8639297485351562
2026-04-07T11:40:52.097,radio://0/80/2M,flow,0,0,Reacquire Wall,8191,0,0,0,0.0,0,0,0.0,0.0,27019,0,0,0.0,0.0,0.0,0.0,0.0,0,0,286,38,12,3.8639297485351562
2026-04-07T11:40:52.099,radio://0/80/2M,range,0,0,Reacquire Wall,8191,0,0,0,0.0,0,0,0.0,0.0,27019,0,0,0.0,0.0,0.0,0.0,0.0,0,2,340,32766,24,3.8586511611938477
2026-04-07T11:40:52.345,radio://0/80/2M,mission,0,0,Reacquire Wall,8191,0,0,0,0.0,0,0,0.0,0.0,27019,0,0,0.0,0.0,0.0,0.0,0.0,0,2,340,32766,24,3.8586511611938477
2026-04-07T11:40:52.347,radio://0/80/2M,flow,0,0,Reacquire Wall,8191,0,0,0,0.0,0,0,0.0,0.0,27269,0,0,0.0,0.0,0.0,0.0,0.0,0,2,340,32766,24,3.8586511611938477
2026-04-07T11:40:52.349,radio://0/80/2M,range,0,0,Reacquire Wall,8191,0,0,0,0.0,0,0,0.0,0.0,27269,0,0,0.0,0.0,0.0,0.0,0.0,4,0,32766,38,32766,3.8639297485351562
2026-04-07T11:40:52.595,radio://0/80/2M,mission,0,0,Reacquire Wall,8191,0,0,0,0.0,0,0,0.0,0.0,27269,0,0,0.0,0.0,0.0,0.0,0.0,4,0,32766,38,32766,3.8639297485351562
2026-04-07T11:40:52.596,radio://0/80/2M,flow,0,0,Reacquire Wall,8191,0,0,0,0.0,0,0,0.0,0.0,27519,-11,-3,0.0,0.0,0.0,0.0,0.0,4,0,32766,38,32766,3.8639297485351562
2026-04-07T11:40:52.598,radio://0/80/2M,range,0,0,Reacquire Wall,8191,0,0,0,0.0,0,0,0.0,0.0,27519,-11,-3,0.0,0.0,0.0,0.0,0.0,0,1,329,32766,3,3.853372573852539
2026-04-07T11:40:52.844,radio://0/80/2M,mission,0,0,Reacquire Wall,8191,0,0,0,0.0,0,0,0.0,0.0,27519,-11,-3,0.0,0.0,0.0,0.0,0.0,0,1,329,32766,3,3.853372573852539
2026-04-07T11:40:52.847,radio://0/80/2M,flow,0,0,Reacquire Wall,8191,0,0,0,0.0,0,0,0.0,0.0,27769,11,2,0.0,0.0,0.0,0.0,0.0,0,1,329,32766,3,3.853372573852539
2026-04-07T11:40:52.848,radio://0/80/2M,range,0,0,Reacquire Wall,8191,0,0,0,0.0,0,0,0.0,0.0,27769,11,2,0.0,0.0,0.0,0.0,0.0,0,23,32766,32766,2,3.8639297485351562
2026-04-07T11:40:53.093,radio://0/80/2M,mission,0,0,Reacquire Wall,8191,0,0,0,0.0,0,0,0.0,0.0,27769,11,2,0.0,0.0,0.0,0.0,0.0,0,23,32766,32766,2,3.8639297485351562
2026-04-07T11:40:53.096,radio://0/80/2M,flow,0,0,Reacquire Wall,8191,0,0,0,0.0,0,0,0.0,0.0,28019,0,0,0.0,0.0,0.0,0.0,0.0,0,23,32766,32766,2,3.8639297485351562
2026-04-07T11:40:53.098,radio://0/80/2M,range,0,0,Reacquire Wall,8191,0,0,0,0.0,0,0,0.0,0.0,28019,0,0,0.0,0.0,0.0,0.0,0.0,0,12,32766,32766,12,3.8586511611938477
2026-04-07T11:40:53.343,radio://0/80/2M,mission,0,0,Reacquire Wall,8191,0,0,0,0.0,0,0,0.0,0.0,28019,0,0,0.0,0.0,0.0,0.0,0.0,0,12,32766,32766,12,3.8586511611938477
2026-04-07T11:40:53.346,radio://0/80/2M,flow,0,0,Reacquire Wall,8191,0,0,0,0.0,0,0,0.0,0.0,28269,7,0,0.0,0.0,0.0,0.0,0.0,0,12,32766,32766,12,3.8586511611938477
2026-04-07T11:40:53.347,radio://0/80/2M,range,0,0,Reacquire Wall,8191,0,0,0,0.0,0,0,0.0,0.0,28269,7,0,0.0,0.0,0.0,0.0,0.0,16,15,2274,32766,12,3.8639297485351562
2026-04-07T11:40:53.594,radio://0/80/2M,mission,0,0,Reacquire Wall,8191,0,0,0,0.0,0,0,0.0,0.0,28269,7,0,0.0,0.0,0.0,0.0,0.0,16,15,2274,32766,12,3.8639297485351562
2026-04-07T11:40:53.597,radio://0/80/2M,flow,0,0,Reacquire Wall,8191,0,0,0,0.0,0,0,0.0,0.0,28519,-10,-2,0.0,0.0,0.0,0.0,0.0,16,15,2274,32766,12,3.8639297485351562
2026-04-07T11:40:53.598,radio://0/80/2M,range,0,0,Reacquire Wall,8191,0,0,0,0.0,0,0,0.0,0.0,28519,-10,-2,0.0,0.0,0.0,0.0,0.0,32766,58,32766,32766,7,3.8586511611938477
2026-04-07T11:40:53.843,radio://0/80/2M,mission,0,0,Reacquire Wall,8191,0,0,0,0.0,0,0,0.0,0.0,28519,-10,-2,0.0,0.0,0.0,0.0,0.0,32766,58,32766,32766,7,3.8586511611938477
2026-04-07T11:40:53.846,radio://0/80/2M,flow,0,0,Reacquire Wall,8191,0,0,0,0.0,0,0,0.0,0.0,28769,-3,9,0.0,0.0,0.0,0.0,0.0,32766,58,32766,32766,7,3.8586511611938477
2026-04-07T11:40:53.848,radio://0/80/2M,range,0,0,Reacquire Wall,8191,0,0,0,0.0,0,0,0.0,0.0,28769,-3,9,0.0,0.0,0.0,0.0,0.0,32766,32766,32766,32766,6,3.8639297485351562
2026-04-07T11:40:54.093,radio://0/80/2M,mission,0,0,Reacquire Wall,8191,0,0,0,0.0,0,0,0.0,0.0,28769,-3,9,0.0,0.0,0.0,0.0,0.0,32766,32766,32766,32766,6,3.8639297485351562
2026-04-07T11:40:54.095,radio://0/80/2M,flow,0,0,Reacquire Wall,7680,0,0,0,0.0,0,0,0.0,0.0,29019,0,-10,0.0,0.0,0.0,0.0,0.0,32766,32766,32766,32766,6,3.8639297485351562
2026-04-07T11:40:54.097,radio://0/80/2M,range,0,0,Reacquire Wall,7680,0,0,0,0.0,0,0,0.0,0.0,29019,0,-10,0.0,0.0,0.0,0.0,0.0,0,32766,32766,32766,6,3.8586511611938477
2026-04-07T11:40:54.343,radio://0/80/2M,mission,0,0,Reacquire Wall,7680,0,0,0,0.0,0,0,0.0,0.0,29019,0,-10,0.0,0.0,0.0,0.0,0.0,0,32766,32766,32766,6,3.8586511611938477
2026-04-07T11:40:54.346,radio://0/80/2M,flow,0,0,Reacquire Wall,7472,0,0,0,0.0,0,0,0.0,0.0,29269,-2,-5,0.0,0.0,0.0,0.0,0.0,0,32766,32766,32766,6,3.8586511611938477
2026-04-07T11:40:54.348,radio://0/80/2M,range,0,0,Reacquire Wall,7472,0,0,0,0.0,0,0,0.0,0.0,29269,-2,-5,0.0,0.0,0.0,0.0,0.0,0,32766,32766,32766,1663,3.8639297485351562
2026-04-07T11:40:54.593,radio://0/80/2M,mission,0,0,Reacquire Wall,7472,0,0,0,0.0,0,0,0.0,0.0,29269,-2,-5,0.0,0.0,0.0,0.0,0.0,0,32766,32766,32766,1663,3.8639297485351562
2026-04-07T11:40:54.596,radio://0/80/2M,flow,0,0,Reacquire Wall,5597,0,0,0,0.0,0,0,0.0,0.0,29519,-7,-4,0.0,0.0,0.0,0.0,0.0,0,32766,32766,32766,1663,3.8639297485351562
2026-04-07T11:40:54.598,radio://0/80/2M,range,0,0,Reacquire Wall,5597,0,0,0,0.0,0,0,0.0,0.0,29519,-7,-4,0.0,0.0,0.0,0.0,0.0,32766,32766,32766,377,1622,3.8586511611938477
2026-04-07T11:40:54.843,radio://0/80/2M,mission,0,0,Reacquire Wall,5597,0,0,0,0.0,0,0,0.0,0.0,29519,-7,-4,0.0,0.0,0.0,0.0,0.0,32766,32766,32766,377,1622,3.8586511611938477
2026-04-07T11:40:54.845,radio://0/80/2M,flow,0,0,Reacquire Wall,8191,0,0,0,0.0,0,0,0.0,0.0,29769,0,0,0.0,0.0,0.0,0.0,0.0,32766,32766,32766,377,1622,3.8586511611938477
2026-04-07T11:40:54.846,radio://0/80/2M,range,0,0,Reacquire Wall,8191,0,0,0,0.0,0,0,0.0,0.0,29769,0,0,0.0,0.0,0.0,0.0,0.0,32766,32766,302,371,1677,3.8639297485351562
2026-04-07T11:40:55.092,radio://0/80/2M,mission,0,0,Reacquire Wall,8191,0,0,0,0.0,0,0,0.0,0.0,29769,0,0,0.0,0.0,0.0,0.0,0.0,32766,32766,302,371,1677,3.8639297485351562
2026-04-07T11:40:55.095,radio://0/80/2M,flow,0,0,Reacquire Wall,4891,0,0,0,0.0,0,0,0.0,0.0,30019,2,1,0.0,0.0,0.0,0.0,0.0,32766,32766,302,371,1677,3.8639297485351562
2026-04-07T11:40:55.097,radio://0/80/2M,range,0,0,Reacquire Wall,4891,0,0,0,0.0,0,0,0.0,0.0,30019,2,1,0.0,0.0,0.0,0.0,0.0,32766,32766,285,436,1776,3.853372573852539
2026-04-07T11:40:55.341,radio://0/80/2M,mission,0,0,Reacquire Wall,4891,0,0,0,0.0,0,0,0.0,0.0,30019,2,1,0.0,0.0,0.0,0.0,0.0,32766,32766,285,436,1776,3.853372573852539
2026-04-07T11:40:55.344,radio://0/80/2M,flow,0,0,Reacquire Wall,4586,0,0,0,0.0,0,0,0.0,0.0,30269,-5,-4,0.0,0.0,0.0,0.0,0.0,32766,32766,285,436,1776,3.853372573852539
2026-04-07T11:40:55.346,radio://0/80/2M,range,0,0,Reacquire Wall,4586,0,0,0,0.0,0,0,0.0,0.0,30269,-5,-4,0.0,0.0,0.0,0.0,0.0,0,32766,257,452,1826,3.8639297485351562
2026-04-07T11:40:55.593,radio://0/80/2M,mission,0,0,Reacquire Wall,4586,0,0,0,0.0,0,0,0.0,0.0,30269,-5,-4,0.0,0.0,0.0,0.0,0.0,0,32766,257,452,1826,3.8639297485351562
2026-04-07T11:40:55.595,radio://0/80/2M,flow,0,0,Reacquire Wall,4300,0,0,0,0.0,0,0,0.0,0.0,30519,0,0,0.0,0.0,0.0,0.0,0.0,0,32766,257,452,1826,3.8639297485351562
2026-04-07T11:40:55.597,radio://0/80/2M,range,0,0,Reacquire Wall,4300,0,0,0,0.0,0,0,0.0,0.0,30519,0,0,0.0,0.0,0.0,0.0,0.0,0,32766,257,449,1822,3.8586511611938477
2026-04-07T11:40:55.842,radio://0/80/2M,mission,0,0,Reacquire Wall,4300,0,0,0,0.0,0,0,0.0,0.0,30519,0,0,0.0,0.0,0.0,0.0,0.0,0,32766,257,449,1822,3.8586511611938477
2026-04-07T11:40:55.846,radio://0/80/2M,flow,0,0,Reacquire Wall,4568,0,0,0,0.0,0,0,0.0,0.0,30769,0,0,0.0,0.0,0.0,0.0,0.0,0,32766,257,449,1822,3.8586511611938477
2026-04-07T11:40:55.847,radio://0/80/2M,range,0,0,Reacquire Wall,4568,0,0,0,0.0,0,0,0.0,0.0,30769,0,0,0.0,0.0,0.0,0.0,0.0,51,32766,248,400,1830,3.8639297485351562
2026-04-07T11:40:56.092,radio://0/80/2M,mission,0,0,Reacquire Wall,4568,0,0,0,0.0,0,0,0.0,0.0,30769,0,0,0.0,0.0,0.0,0.0,0.0,51,32766,248,400,1830,3.8639297485351562
2026-04-07T11:40:56.095,radio://0/80/2M,flow,0,0,Reacquire Wall,4568,0,0,0,0.0,0,0,0.0,0.0,31019,3,1,0.0,0.0,0.0,0.0,0.0,51,32766,248,400,1830,3.8639297485351562
2026-04-07T11:40:56.096,radio://0/80/2M,range,0,0,Reacquire Wall,4568,0,0,0,0.0,0,0,0.0,0.0,31019,3,1,0.0,0.0,0.0,0.0,0.0,32766,32766,235,323,1848,3.8586511611938477
2026-04-07T11:40:56.342,radio://0/80/2M,mission,0,0,Reacquire Wall,4568,0,0,0,0.0,0,0,0.0,0.0,31019,3,1,0.0,0.0,0.0,0.0,0.0,32766,32766,235,323,1848,3.8586511611938477
2026-04-07T11:40:56.344,radio://0/80/2M,flow,0,0,Reacquire Wall,4568,0,0,0,0.0,0,0,0.0,0.0,31269,0,0,0.0,0.0,0.0,0.0,0.0,32766,32766,235,323,1848,3.8586511611938477
2026-04-07T11:40:56.346,radio://0/80/2M,range,0,0,Reacquire Wall,4568,0,0,0,0.0,0,0,0.0,0.0,31269,0,0,0.0,0.0,0.0,0.0,0.0,32766,32766,233,281,192,3.8639297485351562
2026-04-07T11:40:56.591,radio://0/80/2M,mission,0,0,Reacquire Wall,4568,0,0,0,0.0,0,0,0.0,0.0,31269,0,0,0.0,0.0,0.0,0.0,0.0,32766,32766,233,281,192,3.8639297485351562
2026-04-07T11:40:56.593,radio://0/80/2M,flow,0,0,Reacquire Wall,4568,0,0,0,0.0,0,0,0.0,0.0,31519,0,2,0.0,0.0,0.0,0.0,0.0,32766,32766,233,281,192,3.8639297485351562
2026-04-07T11:40:56.595,radio://0/80/2M,range,0,0,Reacquire Wall,4568,0,0,0,0.0,0,0,0.0,0.0,31519,0,2,0.0,0.0,0.0,0.0,0.0,32766,32766,225,238,1884,3.853372573852539
2026-04-07T11:40:56.842,radio://0/80/2M,mission,0,0,Reacquire Wall,4568,0,0,0,0.0,0,0,0.0,0.0,31519,0,2,0.0,0.0,0.0,0.0,0.0,32766,32766,225,238,1884,3.853372573852539
2026-04-07T11:40:56.843,radio://0/80/2M,flow,0,0,Reacquire Wall,5478,0,0,0,0.0,0,0,0.0,0.0,31769,0,0,0.0,0.0,0.0,0.0,0.0,32766,32766,225,238,1884,3.853372573852539
2026-04-07T11:40:56.845,radio://0/80/2M,range,0,0,Reacquire Wall,5478,0,0,0,0.0,0,0,0.0,0.0,31769,0,0,0.0,0.0,0.0,0.0,0.0,189,32766,230,254,1891,3.8639297485351562
2026-04-07T11:40:57.091,radio://0/80/2M,mission,0,0,Reacquire Wall,5478,0,0,0,0.0,0,0,0.0,0.0,31769,0,0,0.0,0.0,0.0,0.0,0.0,189,32766,230,254,1891,3.8639297485351562
2026-04-07T11:40:57.094,radio://0/80/2M,flow,0,0,Reacquire Wall,5478,0,0,0,0.0,0,0,0.0,0.0,32019,0,0,0.0,0.0,0.0,0.0,0.0,189,32766,230,254,1891,3.8639297485351562
2026-04-07T11:40:57.096,radio://0/80/2M,range,0,0,Reacquire Wall,5478,0,0,0,0.0,0,0,0.0,0.0,32019,0,0,0.0,0.0,0.0,0.0,0.0,0,32766,240,274,1893,3.8586511611938477
2026-04-07T11:40:57.340,radio://0/80/2M,mission,0,0,Reacquire Wall,5478,0,0,0,0.0,0,0,0.0,0.0,32019,0,0,0.0,0.0,0.0,0.0,0.0,0,32766,240,274,1893,3.8586511611938477
2026-04-07T11:40:57.343,radio://0/80/2M,flow,0,0,Reacquire Wall,5478,0,0,0,0.0,0,0,0.0,0.0,32269,1,-1,0.0,0.0,0.0,0.0,0.0,0,32766,240,274,1893,3.8586511611938477
2026-04-07T11:40:57.345,radio://0/80/2M,range,0,0,Reacquire Wall,5478,0,0,0,0.0,0,0,0.0,0.0,32269,1,-1,0.0,0.0,0.0,0.0,0.0,269,32766,257,247,1863,3.8639297485351562
2026-04-07T11:40:57.591,radio://0/80/2M,mission,0,0,Reacquire Wall,5478,0,0,0,0.0,0,0,0.0,0.0,32269,1,-1,0.0,0.0,0.0,0.0,0.0,269,32766,257,247,1863,3.8639297485351562
2026-04-07T11:40:57.592,radio://0/80/2M,flow,0,0,Reacquire Wall,5478,0,0,0,0.0,0,0,0.0,0.0,32519,0,2,0.0,0.0,0.0,0.0,0.0,269,32766,257,247,1863,3.8639297485351562
2026-04-07T11:40:57.594,radio://0/80/2M,range,0,0,Reacquire Wall,5478,0,0,0,0.0,0,0,0.0,0.0,32519,0,2,0.0,0.0,0.0,0.0,0.0,275,197,282,271,1822,3.8586511611938477
2026-04-07T11:40:57.840,radio://0/80/2M,mission,0,0,Reacquire Wall,5478,0,0,0,0.0,0,0,0.0,0.0,32519,0,2,0.0,0.0,0.0,0.0,0.0,275,197,282,271,1822,3.8586511611938477
2026-04-07T11:40:57.842,radio://0/80/2M,flow,0,0,Reacquire Wall,5478,0,0,0,0.0,0,0,0.0,0.0,32769,2,-1,0.0,0.0,0.0,0.0,0.0,275,197,282,271,1822,3.8586511611938477
2026-04-07T11:40:57.845,radio://0/80/2M,range,0,0,Reacquire Wall,5478,0,0,0,0.0,0,0,0.0,0.0,32769,2,-1,0.0,0.0,0.0,0.0,0.0,32766,197,282,273,1807,3.8639297485351562
2026-04-07T11:40:58.090,radio://0/80/2M,mission,0,0,Reacquire Wall,5478,0,0,0,0.0,0,0,0.0,0.0,32769,2,-1,0.0,0.0,0.0,0.0,0.0,32766,197,282,273,1807,3.8639297485351562
2026-04-07T11:40:58.093,radio://0/80/2M,flow,0,0,Reacquire Wall,5478,0,0,0,0.0,0,0,0.0,0.0,33019,0,8,0.0,0.0,0.0,0.0,0.0,32766,197,282,273,1807,3.8639297485351562
2026-04-07T11:40:58.094,radio://0/80/2M,range,0,0,Reacquire Wall,5478,0,0,0,0.0,0,0,0.0,0.0,33019,0,8,0.0,0.0,0.0,0.0,0.0,0,249,287,276,1786,3.8586511611938477
2026-04-07T11:40:58.341,radio://0/80/2M,mission,0,0,Reacquire Wall,5478,0,0,0,0.0,0,0,0.0,0.0,33019,0,8,0.0,0.0,0.0,0.0,0.0,0,249,287,276,1786,3.8586511611938477
2026-04-07T11:40:58.342,radio://0/80/2M,flow,0,0,Reacquire Wall,7532,0,0,0,0.0,0,0,0.0,0.0,33269,0,5,0.0,0.0,0.0,0.0,0.0,0,249,287,276,1786,3.8586511611938477
2026-04-07T11:40:58.344,radio://0/80/2M,range,0,0,Reacquire Wall,7532,0,0,0,0.0,0,0,0.0,0.0,33269,0,5,0.0,0.0,0.0,0.0,0.0,32766,331,316,474,1786,3.8639297485351562
2026-04-07T11:40:58.591,radio://0/80/2M,mission,0,0,Reacquire Wall,7532,0,0,0,0.0,0,0,0.0,0.0,33269,0,5,0.0,0.0,0.0,0.0,0.0,32766,331,316,474,1786,3.8639297485351562
2026-04-07T11:40:58.593,radio://0/80/2M,flow,0,0,Reacquire Wall,8128,0,0,0,0.0,0,0,0.0,0.0,33519,-5,0,0.0,0.0,0.0,0.0,0.0,32766,331,316,474,1786,3.8639297485351562
2026-04-07T11:40:58.594,radio://0/80/2M,range,0,0,Reacquire Wall,8128,0,0,0,0.0,0,0,0.0,0.0,33519,-5,0,0.0,0.0,0.0,0.0,0.0,32766,286,32766,647,1804,3.8586511611938477
2026-04-07T11:40:58.840,radio://0/80/2M,mission,0,0,Reacquire Wall,8128,0,0,0,0.0,0,0,0.0,0.0,33519,-5,0,0.0,0.0,0.0,0.0,0.0,32766,286,32766,647,1804,3.8586511611938477
2026-04-07T11:40:58.841,radio://0/80/2M,flow,0,0,Reacquire Wall,8191,0,0,0,0.0,0,0,0.0,0.0,33769,0,0,0.0,0.0,0.0,0.0,0.0,32766,286,32766,647,1804,3.8586511611938477
2026-04-07T11:40:58.843,radio://0/80/2M,range,0,0,Reacquire Wall,8191,0,0,0,0.0,0,0,0.0,0.0,33769,0,0,0.0,0.0,0.0,0.0,0.0,32766,260,32766,32766,1699,3.8639297485351562
2026-04-07T11:40:59.089,radio://0/80/2M,mission,0,0,Reacquire Wall,8191,0,0,0,0.0,0,0,0.0,0.0,33769,0,0,0.0,0.0,0.0,0.0,0.0,32766,260,32766,32766,1699,3.8639297485351562
2026-04-07T11:40:59.092,radio://0/80/2M,flow,0,0,Reacquire Wall,7650,0,0,0,0.0,0,0,0.0,0.0,34019,3,0,0.0,0.0,0.0,0.0,0.0,32766,260,32766,32766,1699,3.8639297485351562
2026-04-07T11:40:59.093,radio://0/80/2M,range,0,0,Reacquire Wall,7650,0,0,0,0.0,0,0,0.0,0.0,34019,3,0,0.0,0.0,0.0,0.0,0.0,0,455,256,1371,1672,3.8586511611938477
2026-04-07T11:40:59.339,radio://0/80/2M,mission,0,0,Reacquire Wall,7650,0,0,0,0.0,0,0,0.0,0.0,34019,3,0,0.0,0.0,0.0,0.0,0.0,0,455,256,1371,1672,3.8586511611938477
2026-04-07T11:40:59.342,radio://0/80/2M,flow,0,0,Reacquire Wall,8191,0,0,0,0.0,0,0,0.0,0.0,34269,-5,-1,0.0,0.0,0.0,0.0,0.0,0,455,256,1371,1672,3.8586511611938477
2026-04-07T11:40:59.344,radio://0/80/2M,range,0,0,Reacquire Wall,8191,0,0,0,0.0,0,0,0.0,0.0,34269,-5,-1,0.0,0.0,0.0,0.0,0.0,0,447,238,32766,1650,3.8639297485351562
2026-04-07T11:40:59.588,radio://0/80/2M,mission,0,0,Reacquire Wall,8191,0,0,0,0.0,0,0,0.0,0.0,34269,-5,-1,0.0,0.0,0.0,0.0,0.0,0,447,238,32766,1650,3.8639297485351562
2026-04-07T11:40:59.591,radio://0/80/2M,flow,0,0,Reacquire Wall,7650,0,0,0,0.0,0,0,0.0,0.0,34519,4,-4,0.0,0.0,0.0,0.0,0.0,0,447,238,32766,1650,3.8639297485351562
2026-04-07T11:40:59.593,radio://0/80/2M,range,0,0,Reacquire Wall,7650,0,0,0,0.0,0,0,0.0,0.0,34519,4,-4,0.0,0.0,0.0,0.0,0.0,0,492,228,3142,1660,3.853372573852539
2026-04-07T11:40:59.850,radio://0/80/2M,mission,0,0,Reacquire Wall,7650,0,0,0,0.0,0,0,0.0,0.0,34519,4,-4,0.0,0.0,0.0,0.0,0.0,0,492,228,3142,1660,3.853372573852539
2026-04-07T11:40:59.851,radio://0/80/2M,flow,0,0,Reacquire Wall,8191,0,0,0,0.0,0,0,0.0,0.0,34769,0,0,0.0,0.0,0.0,0.0,0.0,0,492,228,3142,1660,3.853372573852539
2026-04-07T11:40:59.852,radio://0/80/2M,range,0,0,Reacquire Wall,8191,0,0,0,0.0,0,0,0.0,0.0,34769,0,0,0.0,0.0,0.0,0.0,0.0,0,32766,235,2896,1667,3.8639297485351562
2026-04-07T11:41:00.088,radio://0/80/2M,mission,0,0,Reacquire Wall,8191,0,0,0,0.0,0,0,0.0,0.0,34769,0,0,0.0,0.0,0.0,0.0,0.0,0,32766,235,2896,1667,3.8639297485351562
2026-04-07T11:41:00.091,radio://0/80/2M,flow,0,0,Reacquire Wall,8191,0,0,0,0.0,0,0,0.0,0.0,35019,0,0,0.0,0.0,0.0,0.0,0.0,0,32766,235,2896,1667,3.8639297485351562
2026-04-07T11:41:00.093,radio://0/80/2M,range,0,0,Reacquire Wall,8191,0,0,0,0.0,0,0,0.0,0.0,35019,0,0,0.0,0.0,0.0,0.0,0.0,0,32766,227,2970,1658,3.8586511611938477
2026-04-07T11:41:00.340,radio://0/80/2M,mission,0,0,Reacquire Wall,8191,0,0,0,0.0,0,0,0.0,0.0,35019,0,0,0.0,0.0,0.0,0.0,0.0,0,32766,227,2970,1658,3.8586511611938477
2026-04-07T11:41:00.342,radio://0/80/2M,flow,0,0,Reacquire Wall,7171,0,0,0,0.0,0,0,0.0,0.0,35269,2,-5,0.0,0.0,0.0,0.0,0.0,0,32766,227,2970,1658,3.8586511611938477
2026-04-07T11:41:00.352,radio://0/80/2M,range,0,0,Reacquire Wall,7171,0,0,0,0.0,0,0,0.0,0.0,35269,2,-5,0.0,0.0,0.0,0.0,0.0,0,32766,228,32766,1668,3.8639297485351562
2026-04-07T11:41:00.587,radio://0/80/2M,mission,0,0,Reacquire Wall,7171,0,0,0,0.0,0,0,0.0,0.0,35269,2,-5,0.0,0.0,0.0,0.0,0.0,0,32766,228,32766,1668,3.8639297485351562
2026-04-07T11:41:00.590,radio://0/80/2M,flow,0,0,Reacquire Wall,6516,0,0,0,0.0,0,0,0.0,0.0,35519,-3,8,0.0,0.0,0.0,0.0,0.0,0,32766,228,32766,1668,3.8639297485351562
2026-04-07T11:41:00.592,radio://0/80/2M,range,0,0,Reacquire Wall,6516,0,0,0,0.0,0,0,0.0,0.0,35519,-3,8,0.0,0.0,0.0,0.0,0.0,32766,215,215,32766,1723,3.8586511611938477
2026-04-07T11:41:00.838,radio://0/80/2M,mission,0,0,Reacquire Wall,6516,0,0,0,0.0,0,0,0.0,0.0,35519,-3,8,0.0,0.0,0.0,0.0,0.0,32766,215,215,32766,1723,3.8586511611938477
2026-04-07T11:41:00.840,radio://0/80/2M,flow,0,0,Reacquire Wall,8191,0,0,0,0.0,0,0,0.0,0.0,35769,0,0,0.0,0.0,0.0,0.0,0.0,32766,215,215,32766,1723,3.8586511611938477
2026-04-07T11:41:00.842,radio://0/80/2M,range,0,0,Reacquire Wall,8191,0,0,0,0.0,0,0,0.0,0.0,35769,0,0,0.0,0.0,0.0,0.0,0.0,32766,32766,211,32766,1755,3.869208335876465
2026-04-07T11:41:01.087,radio://0/80/2M,mission,0,0,Reacquire Wall,8191,0,0,0,0.0,0,0,0.0,0.0,35769,0,0,0.0,0.0,0.0,0.0,0.0,32766,32766,211,32766,1755,3.869208335876465
2026-04-07T11:41:01.090,radio://0/80/2M,flow,0,0,Reacquire Wall,5564,0,0,0,0.0,0,0,0.0,0.0,36019,7,20,0.0,0.0,0.0,0.0,0.0,32766,32766,211,32766,1755,3.869208335876465
2026-04-07T11:41:01.092,radio://0/80/2M,range,0,0,Reacquire Wall,5564,0,0,0,0.0,0,0,0.0,0.0,36019,7,20,0.0,0.0,0.0,0.0,0.0,0,2753,229,32766,1757,3.853372573852539
2026-04-07T11:41:01.338,radio://0/80/2M,mission,0,0,Reacquire Wall,5564,0,0,0,0.0,0,0,0.0,0.0,36019,7,20,0.0,0.0,0.0,0.0,0.0,0,2753,229,32766,1757,3.853372573852539
2026-04-07T11:41:01.339,radio://0/80/2M,flow,0,0,Reacquire Wall,8191,0,0,0,0.0,0,0,0.0,0.0,36269,0,0,0.0,0.0,0.0,0.0,0.0,0,2753,229,32766,1757,3.853372573852539
2026-04-07T11:41:01.341,radio://0/80/2M,range,0,0,Reacquire Wall,8191,0,0,0,0.0,0,0,0.0,0.0,36269,0,0,0.0,0.0,0.0,0.0,0.0,32766,2877,238,32766,1770,3.8639297485351562
2026-04-07T11:41:01.588,radio://0/80/2M,mission,0,0,Reacquire Wall,8191,0,0,0,0.0,0,0,0.0,0.0,36269,0,0,0.0,0.0,0.0,0.0,0.0,32766,2877,238,32766,1770,3.8639297485351562
2026-04-07T11:41:01.589,radio://0/80/2M,flow,0,0,Reacquire Wall,8191,0,0,0,0.0,0,0,0.0,0.0,36519,0,-1,0.0,0.0,0.0,0.0,0.0,32766,2877,238,32766,1770,3.8639297485351562
2026-04-07T11:41:01.591,radio://0/80/2M,range,0,0,Reacquire Wall,8191,0,0,0,0.0,0,0,0.0,0.0,36519,0,-1,0.0,0.0,0.0,0.0,0.0,32766,2980,229,32766,1798,3.8586511611938477
2026-04-07T11:41:01.837,radio://0/80/2M,mission,0,0,Reacquire Wall,8191,0,0,0,0.0,0,0,0.0,0.0,36519,0,-1,0.0,0.0,0.0,0.0,0.0,32766,2980,229,32766,1798,3.8586511611938477
2026-04-07T11:41:01.839,radio://0/80/2M,flow,0,0,Reacquire Wall,8191,0,0,0,0.0,0,0,0.0,0.0,36769,0,0,0.0,0.0,0.0,0.0,0.0,32766,2980,229,32766,1798,3.8586511611938477
2026-04-07T11:41:01.842,radio://0/80/2M,range,0,0,Reacquire Wall,8191,0,0,0,0.0,0,0,0.0,0.0,36769,0,0,0.0,0.0,0.0,0.0,0.0,32766,2903,228,32766,1784,3.8639297485351562
2026-04-07T11:41:02.087,radio://0/80/2M,mission,0,0,Reacquire Wall,8191,0,0,0,0.0,0,0,0.0,0.0,36769,0,0,0.0,0.0,0.0,0.0,0.0,32766,2903,228,32766,1784,3.8639297485351562
2026-04-07T11:41:02.089,radio://0/80/2M,flow,0,0,Reacquire Wall,8191,0,0,0,0.0,0,0,0.0,0.0,37019,-4,-2,0.0,0.0,0.0,0.0,0.0,32766,2903,228,32766,1784,3.8639297485351562
2026-04-07T11:41:02.092,radio://0/80/2M,range,0,0,Reacquire Wall,8191,0,0,0,0.0,0,0,0.0,0.0,37019,-4,-2,0.0,0.0,0.0,0.0,0.0,32766,2657,234,32766,1830,3.8586511611938477
2026-04-07T11:41:02.337,radio://0/80/2M,mission,0,0,Reacquire Wall,8191,0,0,0,0.0,0,0,0.0,0.0,37019,-4,-2,0.0,0.0,0.0,0.0,0.0,32766,2657,234,32766,1830,3.8586511611938477
2026-04-07T11:41:02.340,radio://0/80/2M,flow,0,0,Reacquire Wall,8191,0,0,0,0.0,0,0,0.0,0.0,37269,0,0,0.0,0.0,0.0,0.0,0.0,32766,2657,234,32766,1830,3.8586511611938477
2026-04-07T11:41:02.341,radio://0/80/2M,range,0,0,Reacquire Wall,8191,0,0,0,0.0,0,0,0.0,0.0,37269,0,0,0.0,0.0,0.0,0.0,0.0,32766,2524,230,32766,1826,3.869208335876465
2026-04-07T11:41:02.586,radio://0/80/2M,mission,0,0,Reacquire Wall,8191,0,0,0,0.0,0,0,0.0,0.0,37269,0,0,0.0,0.0,0.0,0.0,0.0,32766,2524,230,32766,1826,3.869208335876465
2026-04-07T11:41:02.589,radio://0/80/2M,flow,0,0,Reacquire Wall,7680,0,0,0,0.0,0,0,0.0,0.0,37519,-4,5,0.0,0.0,0.0,0.0,0.0,32766,2524,230,32766,1826,3.869208335876465
2026-04-07T11:41:02.591,radio://0/80/2M,range,0,0,Reacquire Wall,7680,0,0,0,0.0,0,0,0.0,0.0,37519,-4,5,0.0,0.0,0.0,0.0,0.0,32766,2356,218,32766,1813,3.8586511611938477
2026-04-07T11:41:02.837,radio://0/80/2M,mission,0,0,Reacquire Wall,7680,0,0,0,0.0,0,0,0.0,0.0,37519,-4,5,0.0,0.0,0.0,0.0,0.0,32766,2356,218,32766,1813,3.8586511611938477
2026-04-07T11:41:02.839,radio://0/80/2M,flow,0,0,Reacquire Wall,8191,0,0,0,0.0,0,0,0.0,0.0,37769,4,8,0.0,0.0,0.0,0.0,0.0,32766,2356,218,32766,1813,3.8586511611938477
2026-04-07T11:41:02.841,radio://0/80/2M,range,0,0,Reacquire Wall,8191,0,0,0,0.0,0,0,0.0,0.0,37769,4,8,0.0,0.0,0.0,0.0,0.0,32766,2270,229,32766,1821,3.8639297485351562
2026-04-07T11:41:03.086,radio://0/80/2M,mission,0,0,Reacquire Wall,8191,0,0,0,0.0,0,0,0.0,0.0,37769,4,8,0.0,0.0,0.0,0.0,0.0,32766,2270,229,32766,1821,3.8639297485351562
2026-04-07T11:41:03.088,radio://0/80/2M,flow,0,0,Reacquire Wall,8191,0,0,0,0.0,0,0,0.0,0.0,38019,-3,5,0.0,0.0,0.0,0.0,0.0,32766,2270,229,32766,1821,3.8639297485351562
2026-04-07T11:41:03.090,radio://0/80/2M,range,0,0,Reacquire Wall,8191,0,0,0,0.0,0,0,0.0,0.0,38019,-3,5,0.0,0.0,0.0,0.0,0.0,32766,2148,235,32766,1846,3.8586511611938477
2026-04-07T11:41:03.336,radio://0/80/2M,mission,0,0,Reacquire Wall,8191,0,0,0,0.0,0,0,0.0,0.0,38019,-3,5,0.0,0.0,0.0,0.0,0.0,32766,2148,235,32766,1846,3.8586511611938477
2026-04-07T11:41:03.338,radio://0/80/2M,flow,0,0,Reacquire Wall,8191,0,0,0,0.0,0,0,0.0,0.0,38269,0,0,0.0,0.0,0.0,0.0,0.0,32766,2148,235,32766,1846,3.8586511611938477
2026-04-07T11:41:03.340,radio://0/80/2M,range,0,0,Reacquire Wall,8191,0,0,0,0.0,0,0,0.0,0.0,38269,0,0,0.0,0.0,0.0,0.0,0.0,32766,2097,233,32766,1857,3.869208335876465
2026-04-07T11:41:03.586,radio://0/80/2M,mission,0,0,Reacquire Wall,8191,0,0,0,0.0,0,0,0.0,0.0,38269,0,0,0.0,0.0,0.0,0.0,0.0,32766,2097,233,32766,1857,3.869208335876465
2026-04-07T11:41:03.589,radio://0/80/2M,flow,0,0,Reacquire Wall,8191,0,0,0,0.0,0,0,0.0,0.0,38519,1,-2,0.0,0.0,0.0,0.0,0.0,32766,2097,233,32766,1857,3.869208335876465
2026-04-07T11:41:03.590,radio://0/80/2M,range,0,0,Reacquire Wall,8191,0,0,0,0.0,0,0,0.0,0.0,38519,1,-2,0.0,0.0,0.0,0.0,0.0,32766,2140,225,32766,1925,3.8586511611938477
2026-04-07T11:41:03.836,radio://0/80/2M,mission,0,0,Reacquire Wall,8191,0,0,0,0.0,0,0,0.0,0.0,38519,1,-2,0.0,0.0,0.0,0.0,0.0,32766,2140,225,32766,1925,3.8586511611938477
2026-04-07T11:41:03.839,radio://0/80/2M,flow,0,0,Reacquire Wall,8191,0,0,0,0.0,0,0,0.0,0.0,38769,0,0,0.0,0.0,0.0,0.0,0.0,32766,2140,225,32766,1925,3.8586511611938477
2026-04-07T11:41:03.840,radio://0/80/2M,range,0,0,Reacquire Wall,8191,0,0,0,0.0,0,0,0.0,0.0,38769,0,0,0.0,0.0,0.0,0.0,0.0,32766,2204,230,32766,32766,3.8639297485351562
2026-04-07T11:41:04.085,radio://0/80/2M,mission,0,0,Reacquire Wall,8191,0,0,0,0.0,0,0,0.0,0.0,38769,0,0,0.0,0.0,0.0,0.0,0.0,32766,2204,230,32766,32766,3.8639297485351562
2026-04-07T11:41:04.088,radio://0/80/2M,flow,0,0,Reacquire Wall,8191,0,0,0,0.0,0,0,0.0,0.0,39019,0,0,0.0,0.0,0.0,0.0,0.0,32766,2204,230,32766,32766,3.8639297485351562
2026-04-07T11:41:04.090,radio://0/80/2M,range,0,0,Reacquire Wall,8191,0,0,0,0.0,0,0,0.0,0.0,39019,0,0,0.0,0.0,0.0,0.0,0.0,32766,32766,252,32766,32766,3.8586511611938477
2026-04-07T11:41:04.335,radio://0/80/2M,mission,0,0,Reacquire Wall,8191,0,0,0,0.0,0,0,0.0,0.0,39019,0,0,0.0,0.0,0.0,0.0,0.0,32766,32766,252,32766,32766,3.8586511611938477
2026-04-07T11:41:04.338,radio://0/80/2M,flow,0,0,Reacquire Wall,8191,0,0,0,0.0,0,0,0.0,0.0,39269,0,0,0.0,0.0,0.0,0.0,0.0,32766,32766,252,32766,32766,3.8586511611938477
2026-04-07T11:41:04.339,radio://0/80/2M,range,0,0,Reacquire Wall,8191,0,0,0,0.0,0,0,0.0,0.0,39269,0,0,0.0,0.0,0.0,0.0,0.0,32766,32766,270,32766,1825,3.8639297485351562
2026-04-07T11:41:04.585,radio://0/80/2M,mission,0,0,Reacquire Wall,8191,0,0,0,0.0,0,0,0.0,0.0,39269,0,0,0.0,0.0,0.0,0.0,0.0,32766,32766,270,32766,1825,3.8639297485351562
2026-04-07T11:41:04.588,radio://0/80/2M,flow,0,0,Reacquire Wall,8191,0,0,0,0.0,0,0,0.0,0.0,39519,1,7,0.0,0.0,0.0,0.0,0.0,32766,32766,270,32766,1825,3.8639297485351562
2026-04-07T11:41:04.589,radio://0/80/2M,range,0,0,Reacquire Wall,8191,0,0,0,0.0,0,0,0.0,0.0,39519,1,7,0.0,0.0,0.0,0.0,0.0,32766,32766,259,32766,1789,3.8586511611938477
2026-04-07T11:41:04.835,radio://0/80/2M,mission,0,0,Reacquire Wall,8191,0,0,0,0.0,0,0,0.0,0.0,39519,1,7,0.0,0.0,0.0,0.0,0.0,32766,32766,259,32766,1789,3.8586511611938477
2026-04-07T11:41:04.837,radio://0/80/2M,flow,0,0,Reacquire Wall,8191,0,0,0,0.0,0,0,0.0,0.0,39769,-2,2,0.0,0.0,0.0,0.0,0.0,32766,32766,259,32766,1789,3.8586511611938477
2026-04-07T11:41:04.839,radio://0/80/2M,range,0,0,Reacquire Wall,8191,0,0,0,0.0,0,0,0.0,0.0,39769,-2,2,0.0,0.0,0.0,0.0,0.0,0,32766,266,32766,1758,3.869208335876465
2026-04-07T11:41:05.084,radio://0/80/2M,mission,0,0,Reacquire Wall,8191,0,0,0,0.0,0,0,0.0,0.0,39769,-2,2,0.0,0.0,0.0,0.0,0.0,0,32766,266,32766,1758,3.869208335876465
2026-04-07T11:41:05.087,radio://0/80/2M,flow,0,0,Reacquire Wall,8191,0,0,0,0.0,0,0,0.0,0.0,40019,-3,-1,0.0,0.0,0.0,0.0,0.0,0,32766,266,32766,1758,3.869208335876465
2026-04-07T11:41:05.088,radio://0/80/2M,range,0,0,Reacquire Wall,8191,0,0,0,0.0,0,0,0.0,0.0,40019,-3,-1,0.0,0.0,0.0,0.0,0.0,32766,202,298,32766,1785,3.8586511611938477
2026-04-07T11:41:05.334,radio://0/80/2M,mission,0,0,Reacquire Wall,8191,0,0,0,0.0,0,0,0.0,0.0,40019,-3,-1,0.0,0.0,0.0,0.0,0.0,32766,202,298,32766,1785,3.8586511611938477
2026-04-07T11:41:05.338,radio://0/80/2M,flow,0,0,Reacquire Wall,8191,0,0,0,0.0,0,0,0.0,0.0,40269,0,0,0.0,0.0,0.0,0.0,0.0,32766,202,298,32766,1785,3.8586511611938477
2026-04-07T11:41:05.339,radio://0/80/2M,range,0,0,Reacquire Wall,8191,0,0,0,0.0,0,0,0.0,0.0,40269,0,0,0.0,0.0,0.0,0.0,0.0,32766,125,325,32766,1769,3.869208335876465
2026-04-07T11:41:05.584,radio://0/80/2M,mission,0,0,Reacquire Wall,8191,0,0,0,0.0,0,0,0.0,0.0,40269,0,0,0.0,0.0,0.0,0.0,0.0,32766,125,325,32766,1769,3.869208335876465
2026-04-07T11:41:05.587,radio://0/80/2M,flow,0,0,Reacquire Wall,8191,0,0,0,0.0,0,0,0.0,0.0,40519,0,0,0.0,0.0,0.0,0.0,0.0,32766,125,325,32766,1769,3.869208335876465
2026-04-07T11:41:05.588,radio://0/80/2M,range,0,0,Reacquire Wall,8191,0,0,0,0.0,0,0,0.0,0.0,40519,0,0,0.0,0.0,0.0,0.0,0.0,32766,32766,337,32766,1751,3.8586511611938477
2026-04-07T11:41:05.834,radio://0/80/2M,mission,0,0,Reacquire Wall,8191,0,0,0,0.0,0,0,0.0,0.0,40519,0,0,0.0,0.0,0.0,0.0,0.0,32766,32766,337,32766,1751,3.8586511611938477
2026-04-07T11:41:05.837,radio://0/80/2M,flow,0,0,Reacquire Wall,8191,0,0,0,0.0,0,0,0.0,0.0,40769,0,0,0.0,0.0,0.0,0.0,0.0,32766,32766,337,32766,1751,3.8586511611938477
2026-04-07T11:41:05.838,radio://0/80/2M,range,0,0,Reacquire Wall,8191,0,0,0,0.0,0,0,0.0,0.0,40769,0,0,0.0,0.0,0.0,0.0,0.0,0,32766,343,32766,1748,3.869208335876465
2026-04-07T11:41:06.084,radio://0/80/2M,mission,0,0,Reacquire Wall,8191,0,0,0,0.0,0,0,0.0,0.0,40769,0,0,0.0,0.0,0.0,0.0,0.0,0,32766,343,32766,1748,3.869208335876465
2026-04-07T11:41:06.086,radio://0/80/2M,flow,0,0,Reacquire Wall,8191,0,0,0,0.0,0,0,0.0,0.0,41019,0,0,0.0,0.0,0.0,0.0,0.0,0,32766,343,32766,1748,3.869208335876465
2026-04-07T11:41:06.088,radio://0/80/2M,range,0,0,Reacquire Wall,8191,0,0,0,0.0,0,0,0.0,0.0,41019,0,0,0.0,0.0,0.0,0.0,0.0,32766,32766,353,32766,1713,3.8586511611938477
2026-04-07T11:41:06.333,radio://0/80/2M,mission,0,0,Reacquire Wall,8191,0,0,0,0.0,0,0,0.0,0.0,41019,0,0,0.0,0.0,0.0,0.0,0.0,32766,32766,353,32766,1713,3.8586511611938477
2026-04-07T11:41:06.335,radio://0/80/2M,flow,0,0,Reacquire Wall,8191,0,0,0,0.0,0,0,0.0,0.0,41269,0,0,0.0,0.0,0.0,0.0,0.0,32766,32766,353,32766,1713,3.8586511611938477
2026-04-07T11:41:06.337,radio://0/80/2M,range,0,0,Reacquire Wall,8191,0,0,0,0.0,0,0,0.0,0.0,41269,0,0,0.0,0.0,0.0,0.0,0.0,32766,32766,32766,32766,1723,3.8639297485351562
2026-04-07T11:41:06.583,radio://0/80/2M,mission,0,0,Reacquire Wall,8191,0,0,0,0.0,0,0,0.0,0.0,41269,0,0,0.0,0.0,0.0,0.0,0.0,32766,32766,32766,32766,1723,3.8639297485351562
2026-04-07T11:41:06.586,radio://0/80/2M,flow,0,0,Reacquire Wall,8191,0,0,0,0.0,0,0,0.0,0.0,41519,0,1,0.0,0.0,0.0,0.0,0.0,32766,32766,32766,32766,1723,3.8639297485351562
2026-04-07T11:41:06.588,radio://0/80/2M,range,0,0,Reacquire Wall,8191,0,0,0,0.0,0,0,0.0,0.0,41519,0,1,0.0,0.0,0.0,0.0,0.0,32766,32766,291,32766,1878,3.8586511611938477
2026-04-07T11:41:06.833,radio://0/80/2M,mission,0,0,Reacquire Wall,8191,0,0,0,0.0,0,0,0.0,0.0,41519,0,1,0.0,0.0,0.0,0.0,0.0,32766,32766,291,32766,1878,3.8586511611938477
2026-04-07T11:41:06.836,radio://0/80/2M,flow,0,0,Reacquire Wall,8191,0,0,0,0.0,0,0,0.0,0.0,41769,-2,-3,0.0,0.0,0.0,0.0,0.0,32766,32766,291,32766,1878,3.8586511611938477
2026-04-07T11:41:06.837,radio://0/80/2M,range,0,0,Reacquire Wall,8191,0,0,0,0.0,0,0,0.0,0.0,41769,-2,-3,0.0,0.0,0.0,0.0,0.0,32766,1112,304,32766,1874,3.8639297485351562
2026-04-07T11:41:07.083,radio://0/80/2M,mission,0,0,Reacquire Wall,8191,0,0,0,0.0,0,0,0.0,0.0,41769,-2,-3,0.0,0.0,0.0,0.0,0.0,32766,1112,304,32766,1874,3.8639297485351562
2026-04-07T11:41:07.085,radio://0/80/2M,flow,0,0,Reacquire Wall,8191,0,0,0,0.0,0,0,0.0,0.0,42019,1,-3,0.0,0.0,0.0,0.0,0.0,32766,1112,304,32766,1874,3.8639297485351562
2026-04-07T11:41:07.087,radio://0/80/2M,range,0,0,Reacquire Wall,8191,0,0,0,0.0,0,0,0.0,0.0,42019,1,-3,0.0,0.0,0.0,0.0,0.0,0,32766,335,32766,1847,3.8586511611938477
2026-04-07T11:41:07.333,radio://0/80/2M,mission,0,0,Reacquire Wall,8191,0,0,0,0.0,0,0,0.0,0.0,42019,1,-3,0.0,0.0,0.0,0.0,0.0,0,32766,335,32766,1847,3.8586511611938477
2026-04-07T11:41:07.335,radio://0/80/2M,flow,0,0,Reacquire Wall,8191,0,0,0,0.0,0,0,0.0,0.0,42269,4,0,0.0,0.0,0.0,0.0,0.0,0,32766,335,32766,1847,3.8586511611938477
2026-04-07T11:41:07.338,radio://0/80/2M,range,0,0,Reacquire Wall,8191,0,0,0,0.0,0,0,0.0,0.0,42269,4,0,0.0,0.0,0.0,0.0,0.0,0,32766,336,32766,1862,3.8639297485351562
2026-04-07T11:41:07.583,radio://0/80/2M,mission,0,0,Reacquire Wall,8191,0,0,0,0.0,0,0,0.0,0.0,42269,4,0,0.0,0.0,0.0,0.0,0.0,0,32766,336,32766,1862,3.8639297485351562
2026-04-07T11:41:07.584,radio://0/80/2M,flow,0,0,Reacquire Wall,8191,0,0,0,0.0,0,0,0.0,0.0,42519,0,-1,0.0,0.0,0.0,0.0,0.0,0,32766,336,32766,1862,3.8639297485351562
2026-04-07T11:41:07.586,radio://0/80/2M,range,0,0,Reacquire Wall,8191,0,0,0,0.0,0,0,0.0,0.0,42519,0,-1,0.0,0.0,0.0,0.0,0.0,0,32766,323,32766,1920,3.8586511611938477
2026-04-07T11:41:07.833,radio://0/80/2M,mission,0,0,Reacquire Wall,8191,0,0,0,0.0,0,0,0.0,0.0,42519,0,-1,0.0,0.0,0.0,0.0,0.0,0,32766,323,32766,1920,3.8586511611938477
2026-04-07T11:41:07.835,radio://0/80/2M,flow,0,0,Reacquire Wall,8191,0,0,0,0.0,0,0,0.0,0.0,42769,0,0,0.0,0.0,0.0,0.0,0.0,0,32766,323,32766,1920,3.8586511611938477
2026-04-07T11:41:07.836,radio://0/80/2M,range,0,0,Reacquire Wall,8191,0,0,0,0.0,0,0,0.0,0.0,42769,0,0,0.0,0.0,0.0,0.0,0.0,0,32766,313,32766,1957,3.8639297485351562
2026-04-07T11:41:08.082,radio://0/80/2M,mission,0,0,Reacquire Wall,8191,0,0,0,0.0,0,0,0.0,0.0,42769,0,0,0.0,0.0,0.0,0.0,0.0,0,32766,313,32766,1957,3.8639297485351562
2026-04-07T11:41:08.084,radio://0/80/2M,flow,0,0,Reacquire Wall,7200,0,0,0,0.0,0,0,0.0,0.0,43019,2,-3,0.0,0.0,0.0,0.0,0.0,0,32766,313,32766,1957,3.8639297485351562
2026-04-07T11:41:08.086,radio://0/80/2M,range,0,0,Reacquire Wall,7200,0,0,0,0.0,0,0,0.0,0.0,43019,2,-3,0.0,0.0,0.0,0.0,0.0,0,32766,298,32766,2005,3.8586511611938477
2026-04-07T11:41:08.333,radio://0/80/2M,mission,0,0,Reacquire Wall,7200,0,0,0,0.0,0,0,0.0,0.0,43019,2,-3,0.0,0.0,0.0,0.0,0.0,0,32766,298,32766,2005,3.8586511611938477
2026-04-07T11:41:08.334,radio://0/80/2M,flow,0,0,Reacquire Wall,8191,0,0,0,0.0,0,0,0.0,0.0,43269,0,-1,0.0,0.0,0.0,0.0,0.0,0,32766,298,32766,2005,3.8586511611938477
2026-04-07T11:41:08.336,radio://0/80/2M,range,0,0,Reacquire Wall,8191,0,0,0,0.0,0,0,0.0,0.0,43269,0,-1,0.0,0.0,0.0,0.0,0.0,0,32766,286,32766,2007,3.8639297485351562
2026-04-07T11:41:08.581,radio://0/80/2M,mission,0,0,Reacquire Wall,8191,0,0,0,0.0,0,0,0.0,0.0,43269,0,-1,0.0,0.0,0.0,0.0,0.0,0,32766,286,32766,2007,3.8639297485351562
2026-04-07T11:41:08.584,radio://0/80/2M,flow,0,0,Reacquire Wall,8191,0,0,0,0.0,0,0,0.0,0.0,43519,0,1,0.0,0.0,0.0,0.0,0.0,0,32766,286,32766,2007,3.8639297485351562
2026-04-07T11:41:08.586,radio://0/80/2M,range,0,0,Reacquire Wall,8191,0,0,0,0.0,0,0,0.0,0.0,43519,0,1,0.0,0.0,0.0,0.0,0.0,32766,32766,288,32766,1978,3.8586511611938477
2026-04-07T11:41:08.832,radio://0/80/2M,mission,0,0,Reacquire Wall,8191,0,0,0,0.0,0,0,0.0,0.0,43519,0,1,0.0,0.0,0.0,0.0,0.0,32766,32766,288,32766,1978,3.8586511611938477
2026-04-07T11:41:08.834,radio://0/80/2M,flow,0,0,Reacquire Wall,8191,0,0,0,0.0,0,0,0.0,0.0,43769,-3,-1,0.0,0.0,0.0,0.0,0.0,32766,32766,288,32766,1978,3.8586511611938477
2026-04-07T11:41:08.836,radio://0/80/2M,range,0,0,Reacquire Wall,8191,0,0,0,0.0,0,0,0.0,0.0,43769,-3,-1,0.0,0.0,0.0,0.0,0.0,2,32766,281,32766,2000,3.8639297485351562
2026-04-07T11:41:09.081,radio://0/80/2M,mission,0,0,Reacquire Wall,8191,0,0,0,0.0,0,0,0.0,0.0,43769,-3,-1,0.0,0.0,0.0,0.0,0.0,2,32766,281,32766,2000,3.8639297485351562
2026-04-07T11:41:09.084,radio://0/80/2M,flow,0,0,Reacquire Wall,8191,0,0,0,0.0,0,0,0.0,0.0,44019,2,-1,0.0,0.0,0.0,0.0,0.0,2,32766,281,32766,2000,3.8639297485351562
2026-04-07T11:41:09.085,radio://0/80/2M,range,0,0,Reacquire Wall,8191,0,0,0,0.0,0,0,0.0,0.0,44019,2,-1,0.0,0.0,0.0,0.0,0.0,32766,32766,291,32766,1976,3.853372573852539
2026-04-07T11:41:09.331,radio://0/80/2M,mission,0,0,Reacquire Wall,8191,0,0,0,0.0,0,0,0.0,0.0,44019,2,-1,0.0,0.0,0.0,0.0,0.0,32766,32766,291,32766,1976,3.853372573852539
2026-04-07T11:41:09.334,radio://0/80/2M,flow,0,0,Reacquire Wall,8191,0,0,0,0.0,0,0,0.0,0.0,44269,1,-1,0.0,0.0,0.0,0.0,0.0,32766,32766,291,32766,1976,3.853372573852539
2026-04-07T11:41:09.335,radio://0/80/2M,range,0,0,Reacquire Wall,8191,0,0,0,0.0,0,0,0.0,0.0,44269,1,-1,0.0,0.0,0.0,0.0,0.0,129,32766,292,32766,2048,3.8639297485351562
2026-04-07T11:41:09.580,radio://0/80/2M,mission,0,0,Reacquire Wall,8191,0,0,0,0.0,0,0,0.0,0.0,44269,1,-1,0.0,0.0,0.0,0.0,0.0,129,32766,292,32766,2048,3.8639297485351562
2026-04-07T11:41:09.583,radio://0/80/2M,flow,0,0,Reacquire Wall,8191,0,0,0,0.0,0,0,0.0,0.0,44519,3,-1,0.0,0.0,0.0,0.0,0.0,129,32766,292,32766,2048,3.8639297485351562
2026-04-07T11:41:09.585,radio://0/80/2M,range,0,0,Reacquire Wall,8191,0,0,0,0.0,0,0,0.0,0.0,44519,3,-1,0.0,0.0,0.0,0.0,0.0,32766,490,297,32766,2048,3.8586511611938477
2026-04-07T11:41:09.831,radio://0/80/2M,mission,0,0,Reacquire Wall,8191,0,0,0,0.0,0,0,0.0,0.0,44519,3,-1,0.0,0.0,0.0,0.0,0.0,32766,490,297,32766,2048,3.8586511611938477
2026-04-07T11:41:09.833,radio://0/80/2M,flow,0,0,Reacquire Wall,8191,0,0,0,0.0,0,0,0.0,0.0,44769,0,-1,0.0,0.0,0.0,0.0,0.0,32766,490,297,32766,2048,3.8586511611938477
2026-04-07T11:41:09.836,radio://0/80/2M,range,0,0,Reacquire Wall,8191,0,0,0,0.0,0,0,0.0,0.0,44769,0,-1,0.0,0.0,0.0,0.0,0.0,79,489,300,32766,2056,3.8639297485351562
2026-04-07T11:41:10.082,radio://0/80/2M,mission,0,0,Reacquire Wall,8191,0,0,0,0.0,0,0,0.0,0.0,44769,0,-1,0.0,0.0,0.0,0.0,0.0,79,489,300,32766,2056,3.8639297485351562
2026-04-07T11:41:10.083,radio://0/80/2M,flow,0,0,Reacquire Wall,8191,0,0,0,0.0,0,0,0.0,0.0,45019,0,0,0.0,0.0,0.0,0.0,0.0,79,489,300,32766,2056,3.8639297485351562
2026-04-07T11:41:10.085,radio://0/80/2M,range,0,0,Reacquire Wall,8191,0,0,0,0.0,0,0,0.0,0.0,45019,0,0,0.0,0.0,0.0,0.0,0.0,32766,538,301,1172,2052,3.8586511611938477
2026-04-07T11:41:10.330,radio://0/80/2M,mission,0,0,Reacquire Wall,8191,0,0,0,0.0,0,0,0.0,0.0,45019,0,0,0.0,0.0,0.0,0.0,0.0,32766,538,301,1172,2052,3.8586511611938477
2026-04-07T11:41:10.333,radio://0/80/2M,flow,0,0,Reacquire Wall,8191,0,0,0,0.0,0,0,0.0,0.0,45269,0,0,0.0,0.0,0.0,0.0,0.0,32766,538,301,1172,2052,3.8586511611938477
2026-04-07T11:41:10.334,radio://0/80/2M,range,0,0,Reacquire Wall,8191,0,0,0,0.0,0,0,0.0,0.0,45269,0,0,0.0,0.0,0.0,0.0,0.0,94,559,296,1200,2056,3.8639297485351562
2026-04-07T11:41:10.580,radio://0/80/2M,mission,0,0,Reacquire Wall,8191,0,0,0,0.0,0,0,0.0,0.0,45269,0,0,0.0,0.0,0.0,0.0,0.0,94,559,296,1200,2056,3.8639297485351562
2026-04-07T11:41:10.583,radio://0/80/2M,flow,0,0,Reacquire Wall,8191,0,0,0,0.0,0,0,0.0,0.0,45519,0,-1,0.0,0.0,0.0,0.0,0.0,94,559,296,1200,2056,3.8639297485351562
2026-04-07T11:41:10.584,radio://0/80/2M,range,0,0,Reacquire Wall,8191,0,0,0,0.0,0,0,0.0,0.0,45519,0,-1,0.0,0.0,0.0,0.0,0.0,7,562,298,1185,2053,3.8586511611938477
2026-04-07T11:41:10.830,radio://0/80/2M,mission,0,0,Reacquire Wall,8191,0,0,0,0.0,0,0,0.0,0.0,45519,0,-1,0.0,0.0,0.0,0.0,0.0,7,562,298,1185,2053,3.8586511611938477
2026-04-07T11:41:10.833,radio://0/80/2M,flow,0,0,Reacquire Wall,8191,0,0,0,0.0,0,0,0.0,0.0,45769,1,0,0.0,0.0,0.0,0.0,0.0,7,562,298,1185,2053,3.8586511611938477
2026-04-07T11:41:10.834,radio://0/80/2M,range,0,0,Reacquire Wall,8191,0,0,0,0.0,0,0,0.0,0.0,45769,1,0,0.0,0.0,0.0,0.0,0.0,32766,562,299,32766,2056,3.8639297485351562
2026-04-07T11:41:11.080,radio://0/80/2M,mission,0,0,Reacquire Wall,8191,0,0,0,0.0,0,0,0.0,0.0,45769,1,0,0.0,0.0,0.0,0.0,0.0,32766,562,299,32766,2056,3.8639297485351562
2026-04-07T11:41:11.082,radio://0/80/2M,flow,0,0,Reacquire Wall,8191,0,0,0,0.0,0,0,0.0,0.0,46019,0,-1,0.0,0.0,0.0,0.0,0.0,32766,562,299,32766,2056,3.8639297485351562
2026-04-07T11:41:11.084,radio://0/80/2M,range,0,0,Reacquire Wall,8191,0,0,0,0.0,0,0,0.0,0.0,46019,0,-1,0.0,0.0,0.0,0.0,0.0,0,568,294,1200,2057,3.8586511611938477
2026-04-07T11:41:11.329,radio://0/80/2M,mission,0,0,Reacquire Wall,8191,0,0,0,0.0,0,0,0.0,0.0,46019,0,-1,0.0,0.0,0.0,0.0,0.0,0,568,294,1200,2057,3.8586511611938477
2026-04-07T11:41:11.332,radio://0/80/2M,flow,0,0,Reacquire Wall,8191,0,0,0,0.0,0,0,0.0,0.0,46269,1,0,0.0,0.0,0.0,0.0,0.0,0,568,294,1200,2057,3.8586511611938477
2026-04-07T11:41:11.334,radio://0/80/2M,range,0,0,Reacquire Wall,8191,0,0,0,0.0,0,0,0.0,0.0,46269,1,0,0.0,0.0,0.0,0.0,0.0,5,570,293,1199,2062,3.8639297485351562
2026-04-07T11:41:11.580,radio://0/80/2M,mission,0,0,Reacquire Wall,8191,0,0,0,0.0,0,0,0.0,0.0,46269,1,0,0.0,0.0,0.0,0.0,0.0,5,570,293,1199,2062,3.8639297485351562
2026-04-07T11:41:11.583,radio://0/80/2M,flow,0,0,Reacquire Wall,8191,0,0,0,0.0,0,0,0.0,0.0,46519,1,0,0.0,0.0,0.0,0.0,0.0,5,570,293,1199,2062,3.8639297485351562
2026-04-07T11:41:11.584,radio://0/80/2M,range,0,0,Reacquire Wall,8191,0,0,0,0.0,0,0,0.0,0.0,46519,1,0,0.0,0.0,0.0,0.0,0.0,16,571,292,1195,2062,3.8586511611938477
2026-04-07T11:41:11.829,radio://0/80/2M,mission,0,0,Reacquire Wall,8191,0,0,0,0.0,0,0,0.0,0.0,46519,1,0,0.0,0.0,0.0,0.0,0.0,16,571,292,1195,2062,3.8586511611938477
2026-04-07T11:41:11.832,radio://0/80/2M,flow,0,0,Reacquire Wall,8191,0,0,0,0.0,0,0,0.0,0.0,46769,0,0,0.0,0.0,0.0,0.0,0.0,16,571,292,1195,2062,3.8586511611938477
2026-04-07T11:41:11.833,radio://0/80/2M,range,0,0,Reacquire Wall,8191,0,0,0,0.0,0,0,0.0,0.0,46769,0,0,0.0,0.0,0.0,0.0,0.0,32766,571,291,32766,2057,3.8639297485351562
2026-04-07T11:41:12.078,radio://0/80/2M,mission,0,0,Reacquire Wall,8191,0,0,0,0.0,0,0,0.0,0.0,46769,0,0,0.0,0.0,0.0,0.0,0.0,32766,571,291,32766,2057,3.8639297485351562
2026-04-07T11:41:12.081,radio://0/80/2M,flow,0,0,Reacquire Wall,8191,0,0,0,0.0,0,0,0.0,0.0,47019,0,0,0.0,0.0,0.0,0.0,0.0,32766,571,291,32766,2057,3.8639297485351562
2026-04-07T11:41:12.083,radio://0/80/2M,range,0,0,Reacquire Wall,8191,0,0,0,0.0,0,0,0.0,0.0,47019,0,0,0.0,0.0,0.0,0.0,0.0,21,548,290,1200,2054,3.8586511611938477
2026-04-07T11:41:12.330,radio://0/80/2M,mission,0,0,Reacquire Wall,8191,0,0,0,0.0,0,0,0.0,0.0,47019,0,0,0.0,0.0,0.0,0.0,0.0,21,548,290,1200,2054,3.8586511611938477
2026-04-07T11:41:12.334,radio://0/80/2M,flow,0,0,Reacquire Wall,8191,0,0,0,0.0,0,0,0.0,0.0,47269,-1,1,0.0,0.0,0.0,0.0,0.0,21,548,290,1200,2054,3.8586511611938477
2026-04-07T11:41:12.347,radio://0/80/2M,range,0,0,Reacquire Wall,8191,0,0,0,0.0,0,0,0.0,0.0,47269,-1,1,0.0,0.0,0.0,0.0,0.0,110,598,290,32766,2046,3.8639297485351562
2026-04-07T11:41:12.578,radio://0/80/2M,mission,0,0,Reacquire Wall,8191,0,0,0,0.0,0,0,0.0,0.0,47269,-1,1,0.0,0.0,0.0,0.0,0.0,110,598,290,32766,2046,3.8639297485351562
2026-04-07T11:41:12.581,radio://0/80/2M,flow,0,0,Reacquire Wall,8191,0,0,0,0.0,0,0,0.0,0.0,47519,-1,0,0.0,0.0,0.0,0.0,0.0,110,598,290,32766,2046,3.8639297485351562
2026-04-07T11:41:12.582,radio://0/80/2M,range,0,0,Reacquire Wall,8191,0,0,0,0.0,0,0,0.0,0.0,47519,-1,0,0.0,0.0,0.0,0.0,0.0,32766,32766,315,1042,32766,3.8586511611938477
2026-04-07T11:41:12.828,radio://0/80/2M,mission,0,0,Reacquire Wall,8191,0,0,0,0.0,0,0,0.0,0.0,47519,-1,0,0.0,0.0,0.0,0.0,0.0,32766,32766,315,1042,32766,3.8586511611938477
2026-04-07T11:41:12.830,radio://0/80/2M,flow,0,0,Reacquire Wall,8191,0,0,0,0.0,0,0,0.0,0.0,47769,0,0,0.0,0.0,0.0,0.0,0.0,32766,32766,315,1042,32766,3.8586511611938477
2026-04-07T11:41:12.832,radio://0/80/2M,range,0,0,Reacquire Wall,8191,0,0,0,0.0,0,0,0.0,0.0,47769,0,0,0.0,0.0,0.0,0.0,0.0,32766,32766,347,32766,719,3.8639297485351562
2026-04-07T11:41:13.078,radio://0/80/2M,mission,0,0,Reacquire Wall,8191,0,0,0,0.0,0,0,0.0,0.0,47769,0,0,0.0,0.0,0.0,0.0,0.0,32766,32766,347,32766,719,3.8639297485351562
2026-04-07T11:41:13.081,radio://0/80/2M,flow,0,0,Reacquire Wall,8191,0,0,0,0.0,0,0,0.0,0.0,48019,2,2,0.0,0.0,0.0,0.0,0.0,32766,32766,347,32766,719,3.8639297485351562
2026-04-07T11:41:13.083,radio://0/80/2M,range,0,0,Reacquire Wall,8191,0,0,0,0.0,0,0,0.0,0.0,48019,2,2,0.0,0.0,0.0,0.0,0.0,566,32766,338,32766,861,3.8586511611938477
2026-04-07T11:41:13.331,radio://0/80/2M,mission,0,0,Reacquire Wall,8191,0,0,0,0.0,0,0,0.0,0.0,48019,2,2,0.0,0.0,0.0,0.0,0.0,566,32766,338,32766,861,3.8586511611938477
2026-04-07T11:41:13.332,radio://0/80/2M,flow,0,0,Reacquire Wall,8191,0,0,0,0.0,0,0,0.0,0.0,48269,1,0,0.0,0.0,0.0,0.0,0.0,566,32766,338,32766,861,3.8586511611938477
2026-04-07T11:41:13.333,radio://0/80/2M,range,0,0,Reacquire Wall,8191,0,0,0,0.0,0,0,0.0,0.0,48269,1,0,0.0,0.0,0.0,0.0,0.0,538,32766,335,724,1931,3.869208335876465
2026-04-07T11:41:13.577,radio://0/80/2M,mission,0,0,Reacquire Wall,8191,0,0,0,0.0,0,0,0.0,0.0,48269,1,0,0.0,0.0,0.0,0.0,0.0,538,32766,335,724,1931,3.869208335876465
2026-04-07T11:41:13.581,radio://0/80/2M,flow,0,0,Reacquire Wall,8191,0,0,0,0.0,0,0,0.0,0.0,48519,2,3,0.0,0.0,0.0,0.0,0.0,538,32766,335,724,1931,3.869208335876465
2026-04-07T11:41:13.582,radio://0/80/2M,range,0,0,Reacquire Wall,8191,0,0,0,0.0,0,0,0.0,0.0,48519,2,3,0.0,0.0,0.0,0.0,0.0,880,664,305,839,1924,3.853372573852539
2026-04-07T11:41:13.828,radio://0/80/2M,mission,0,0,Reacquire Wall,8191,0,0,0,0.0,0,0,0.0,0.0,48519,2,3,0.0,0.0,0.0,0.0,0.0,880,664,305,839,1924,3.853372573852539
2026-04-07T11:41:13.829,radio://0/80/2M,flow,0,0,Reacquire Wall,5934,0,0,0,0.0,0,0,0.0,0.0,48769,1,1,0.0,0.0,0.0,0.0,0.0,880,664,305,839,1924,3.853372573852539
2026-04-07T11:41:13.831,radio://0/80/2M,range,0,0,Reacquire Wall,5934,0,0,0,0.0,0,0,0.0,0.0,48769,1,1,0.0,0.0,0.0,0.0,0.0,33,616,286,32766,1958,3.8639297485351562
2026-04-07T11:41:14.078,radio://0/80/2M,mission,0,0,Reacquire Wall,5934,0,0,0,0.0,0,0,0.0,0.0,48769,1,1,0.0,0.0,0.0,0.0,0.0,33,616,286,32766,1958,3.8639297485351562
2026-04-07T11:41:14.080,radio://0/80/2M,flow,0,0,Reacquire Wall,5217,0,0,0,0.0,0,0,0.0,0.0,49019,0,0,0.0,0.0,0.0,0.0,0.0,33,616,286,32766,1958,3.8639297485351562
2026-04-07T11:41:14.082,radio://0/80/2M,range,0,0,Reacquire Wall,5217,0,0,0,0.0,0,0,0.0,0.0,49019,0,0,0.0,0.0,0.0,0.0,0.0,32766,32766,254,32766,1932,3.8586511611938477
2026-04-07T11:41:14.328,radio://0/80/2M,mission,0,0,Reacquire Wall,5217,0,0,0,0.0,0,0,0.0,0.0,49019,0,0,0.0,0.0,0.0,0.0,0.0,32766,32766,254,32766,1932,3.8586511611938477
2026-04-07T11:41:14.329,radio://0/80/2M,flow,0,0,Reacquire Wall,4586,0,0,0,0.0,0,0,0.0,0.0,49269,-1,1,0.0,0.0,0.0,0.0,0.0,32766,32766,254,32766,1932,3.8586511611938477
2026-04-07T11:41:14.332,radio://0/80/2M,range,0,0,Reacquire Wall,4586,0,0,0,0.0,0,0,0.0,0.0,49269,-1,1,0.0,0.0,0.0,0.0,0.0,32766,32766,207,32766,1893,3.8639297485351562
2026-04-07T11:41:14.578,radio://0/80/2M,mission,0,0,Reacquire Wall,4586,0,0,0,0.0,0,0,0.0,0.0,49269,-1,1,0.0,0.0,0.0,0.0,0.0,32766,32766,207,32766,1893,3.8639297485351562
2026-04-07T11:41:14.580,radio://0/80/2M,flow,0,0,Reacquire Wall,3780,0,0,0,0.0,0,0,0.0,0.0,49519,-1,1,0.0,0.0,0.0,0.0,0.0,32766,32766,207,32766,1893,3.8639297485351562
2026-04-07T11:41:14.581,radio://0/80/2M,range,0,0,Reacquire Wall,3780,0,0,0,0.0,0,0,0.0,0.0,49519,-1,1,0.0,0.0,0.0,0.0,0.0,6,32766,223,32766,1888,3.8586511611938477
2026-04-07T11:41:14.833,radio://0/80/2M,mission,0,0,Reacquire Wall,3780,0,0,0,0.0,0,0,0.0,0.0,49519,-1,1,0.0,0.0,0.0,0.0,0.0,6,32766,223,32766,1888,3.8586511611938477
2026-04-07T11:41:14.834,radio://0/80/2M,flow,0,0,Reacquire Wall,3544,0,0,0,0.0,0,0,0.0,0.0,49769,-4,0,0.0,0.0,0.0,0.0,0.0,6,32766,223,32766,1888,3.8586511611938477
2026-04-07T11:41:14.835,radio://0/80/2M,range,0,0,Reacquire Wall,3544,0,0,0,0.0,0,0,0.0,0.0,49769,-4,0,0.0,0.0,0.0,0.0,0.0,85,32766,248,32766,1878,3.8639297485351562
2026-04-07T11:41:15.076,radio://0/80/2M,mission,0,0,Reacquire Wall,3544,0,0,0,0.0,0,0,0.0,0.0,49769,-4,0,0.0,0.0,0.0,0.0,0.0,85,32766,248,32766,1878,3.8639297485351562
2026-04-07T11:41:15.079,radio://0/80/2M,flow,0,0,Reacquire Wall,3765,0,0,0,0.0,0,0,0.0,0.0,50019,-4,-2,0.0,0.0,0.0,0.0,0.0,85,32766,248,32766,1878,3.8639297485351562
2026-04-07T11:41:15.080,radio://0/80/2M,range,0,0,Reacquire Wall,3765,0,0,0,0.0,0,0,0.0,0.0,50019,-4,-2,0.0,0.0,0.0,0.0,0.0,252,32766,295,32766,1865,3.8586511611938477
2026-04-07T11:41:15.326,radio://0/80/2M,mission,0,0,Reacquire Wall,3765,0,0,0,0.0,0,0,0.0,0.0,50019,-4,-2,0.0,0.0,0.0,0.0,0.0,252,32766,295,32766,1865,3.8586511611938477
2026-04-07T11:41:15.329,radio://0/80/2M,flow,0,0,Reacquire Wall,3765,0,0,0,0.0,0,0,0.0,0.0,50269,-7,-4,0.0,0.0,0.0,0.0,0.0,252,32766,295,32766,1865,3.8586511611938477
2026-04-07T11:41:15.330,radio://0/80/2M,range,0,0,Reacquire Wall,3765,0,0,0,0.0,0,0,0.0,0.0,50269,-7,-4,0.0,0.0,0.0,0.0,0.0,32766,32766,353,32766,1864,3.8639297485351562
2026-04-07T11:41:15.575,radio://0/80/2M,mission,0,0,Reacquire Wall,3765,0,0,0,0.0,0,0,0.0,0.0,50269,-7,-4,0.0,0.0,0.0,0.0,0.0,32766,32766,353,32766,1864,3.8639297485351562
2026-04-07T11:41:15.578,radio://0/80/2M,flow,0,0,Reacquire Wall,3765,0,0,0,0.0,0,0,0.0,0.0,50519,1,-8,0.0,0.0,0.0,0.0,0.0,32766,32766,353,32766,1864,3.8639297485351562
2026-04-07T11:41:15.580,radio://0/80/2M,range,0,0,Reacquire Wall,3765,0,0,0,0.0,0,0,0.0,0.0,50519,1,-8,0.0,0.0,0.0,0.0,0.0,67,32766,346,32766,1857,3.8586511611938477
2026-04-07T11:41:15.826,radio://0/80/2M,mission,0,0,Reacquire Wall,3765,0,0,0,0.0,0,0,0.0,0.0,50519,1,-8,0.0,0.0,0.0,0.0,0.0,67,32766,346,32766,1857,3.8586511611938477
2026-04-07T11:41:15.829,radio://0/80/2M,flow,0,0,Reacquire Wall,3530,0,0,0,0.0,0,0,0.0,0.0,50769,-1,-1,0.0,0.0,0.0,0.0,0.0,67,32766,346,32766,1857,3.8586511611938477
2026-04-07T11:41:15.830,radio://0/80/2M,range,0,0,Reacquire Wall,3530,0,0,0,0.0,0,0,0.0,0.0,50769,-1,-1,0.0,0.0,0.0,0.0,0.0,130,32766,324,32766,1859,3.8639297485351562
2026-04-07T11:41:16.075,radio://0/80/2M,mission,0,0,Reacquire Wall,3530,0,0,0,0.0,0,0,0.0,0.0,50769,-1,-1,0.0,0.0,0.0,0.0,0.0,130,32766,324,32766,1859,3.8639297485351562
2026-04-07T11:41:16.078,radio://0/80/2M,flow,0,0,Reacquire Wall,3530,0,0,0,0.0,0,0,0.0,0.0,51019,0,0,0.0,0.0,0.0,0.0,0.0,130,32766,324,32766,1859,3.8639297485351562
2026-04-07T11:41:16.080,radio://0/80/2M,range,0,0,Reacquire Wall,3530,0,0,0,0.0,0,0,0.0,0.0,51019,0,0,0.0,0.0,0.0,0.0,0.0,32766,32766,305,32766,1875,3.8586511611938477
2026-04-07T11:41:16.325,radio://0/80/2M,mission,0,0,Reacquire Wall,3530,0,0,0,0.0,0,0,0.0,0.0,51019,0,0,0.0,0.0,0.0,0.0,0.0,32766,32766,305,32766,1875,3.8586511611938477
2026-04-07T11:41:16.329,radio://0/80/2M,flow,0,0,Reacquire Wall,3530,0,0,0,0.0,0,0,0.0,0.0,51269,0,0,0.0,0.0,0.0,0.0,0.0,32766,32766,305,32766,1875,3.8586511611938477
2026-04-07T11:41:16.330,radio://0/80/2M,range,0,0,Reacquire Wall,3530,0,0,0,0.0,0,0,0.0,0.0,51269,0,0,0.0,0.0,0.0,0.0,0.0,110,32766,297,32766,1867,3.8639297485351562
2026-04-07T11:41:16.575,radio://0/80/2M,mission,0,0,Reacquire Wall,3530,0,0,0,0.0,0,0,0.0,0.0,51269,0,0,0.0,0.0,0.0,0.0,0.0,110,32766,297,32766,1867,3.8639297485351562
2026-04-07T11:41:16.578,radio://0/80/2M,flow,0,0,Reacquire Wall,3530,0,0,0,0.0,0,0,0.0,0.0,51519,-2,-2,0.0,0.0,0.0,0.0,0.0,110,32766,297,32766,1867,3.8639297485351562
2026-04-07T11:41:16.579,radio://0/80/2M,range,0,0,Reacquire Wall,3530,0,0,0,0.0,0,0,0.0,0.0,51519,-2,-2,0.0,0.0,0.0,0.0,0.0,12,32766,303,32766,1863,3.8586511611938477
2026-04-07T11:41:16.826,radio://0/80/2M,mission,0,0,Reacquire Wall,3530,0,0,0,0.0,0,0,0.0,0.0,51519,-2,-2,0.0,0.0,0.0,0.0,0.0,12,32766,303,32766,1863,3.8586511611938477
2026-04-07T11:41:16.827,radio://0/80/2M,flow,0,0,Reacquire Wall,3530,0,0,0,0.0,0,0,0.0,0.0,51769,0,0,0.0,0.0,0.0,0.0,0.0,12,32766,303,32766,1863,3.8586511611938477
2026-04-07T11:41:16.829,radio://0/80/2M,range,0,0,Reacquire Wall,3530,0,0,0,0.0,0,0,0.0,0.0,51769,0,0,0.0,0.0,0.0,0.0,0.0,32766,32766,299,32766,1864,3.8639297485351562
2026-04-07T11:41:17.075,radio://0/80/2M,mission,0,0,Reacquire Wall,3530,0,0,0,0.0,0,0,0.0,0.0,51769,0,0,0.0,0.0,0.0,0.0,0.0,32766,32766,299,32766,1864,3.8639297485351562
2026-04-07T11:41:17.078,radio://0/80/2M,flow,0,0,Reacquire Wall,3530,0,0,0,0.0,0,0,0.0,0.0,52019,1,0,0.0,0.0,0.0,0.0,0.0,32766,32766,299,32766,1864,3.8639297485351562
2026-04-07T11:41:17.079,radio://0/80/2M,range,0,0,Reacquire Wall,3530,0,0,0,0.0,0,0,0.0,0.0,52019,1,0,0.0,0.0,0.0,0.0,0.0,1,32766,299,32766,1865,3.8586511611938477
2026-04-07T11:41:17.325,radio://0/80/2M,mission,0,0,Reacquire Wall,3530,0,0,0,0.0,0,0,0.0,0.0,52019,1,0,0.0,0.0,0.0,0.0,0.0,1,32766,299,32766,1865,3.8586511611938477
2026-04-07T11:41:17.328,radio://0/80/2M,flow,0,0,Reacquire Wall,3530,0,0,0,0.0,0,0,0.0,0.0,52269,0,0,0.0,0.0,0.0,0.0,0.0,1,32766,299,32766,1865,3.8586511611938477
2026-04-07T11:41:17.329,radio://0/80/2M,range,0,0,Reacquire Wall,3530,0,0,0,0.0,0,0,0.0,0.0,52269,0,0,0.0,0.0,0.0,0.0,0.0,32766,32766,297,32766,1862,3.8639297485351562
2026-04-07T11:41:17.578,radio://0/80/2M,mission,0,0,Reacquire Wall,3530,0,0,0,0.0,0,0,0.0,0.0,52269,0,0,0.0,0.0,0.0,0.0,0.0,32766,32766,297,32766,1862,3.8639297485351562
2026-04-07T11:41:17.580,radio://0/80/2M,flow,0,0,Reacquire Wall,3530,0,0,0,0.0,0,0,0.0,0.0,52519,0,0,0.0,0.0,0.0,0.0,0.0,32766,32766,297,32766,1862,3.8639297485351562
2026-04-07T11:41:17.581,radio://0/80/2M,range,0,0,Reacquire Wall,3530,0,0,0,0.0,0,0,0.0,0.0,52519,0,0,0.0,0.0,0.0,0.0,0.0,139,32766,300,32766,1863,3.8586511611938477
2026-04-07T11:41:17.824,radio://0/80/2M,mission,0,0,Reacquire Wall,3530,0,0,0,0.0,0,0,0.0,0.0,52519,0,0,0.0,0.0,0.0,0.0,0.0,139,32766,300,32766,1863,3.8586511611938477
2026-04-07T11:41:17.827,radio://0/80/2M,flow,0,0,Reacquire Wall,3530,0,0,0,0.0,0,0,0.0,0.0,52769,0,0,0.0,0.0,0.0,0.0,0.0,139,32766,300,32766,1863,3.8586511611938477
2026-04-07T11:41:17.829,radio://0/80/2M,range,0,0,Reacquire Wall,3530,0,0,0,0.0,0,0,0.0,0.0,52769,0,0,0.0,0.0,0.0,0.0,0.0,18,32766,297,32766,1863,3.869208335876465
2026-04-07T11:41:18.074,radio://0/80/2M,mission,0,0,Reacquire Wall,3530,0,0,0,0.0,0,0,0.0,0.0,52769,0,0,0.0,0.0,0.0,0.0,0.0,18,32766,297,32766,1863,3.869208335876465
2026-04-07T11:41:18.076,radio://0/80/2M,flow,0,0,Reacquire Wall,3530,0,0,0,0.0,0,0,0.0,0.0,53019,0,0,0.0,0.0,0.0,0.0,0.0,18,32766,297,32766,1863,3.869208335876465
2026-04-07T11:41:18.079,radio://0/80/2M,range,0,0,Reacquire Wall,3530,0,0,0,0.0,0,0,0.0,0.0,53019,0,0,0.0,0.0,0.0,0.0,0.0,32766,32766,302,32766,1861,3.8586511611938477
2026-04-07T11:41:18.324,radio://0/80/2M,mission,0,0,Reacquire Wall,3530,0,0,0,0.0,0,0,0.0,0.0,53019,0,0,0.0,0.0,0.0,0.0,0.0,32766,32766,302,32766,1861,3.8586511611938477
2026-04-07T11:41:18.327,radio://0/80/2M,flow,0,0,Reacquire Wall,3530,0,0,0,0.0,0,0,0.0,0.0,53269,1,0,0.0,0.0,0.0,0.0,0.0,32766,32766,302,32766,1861,3.8586511611938477
2026-04-07T11:41:18.329,radio://0/80/2M,range,0,0,Reacquire Wall,3530,0,0,0,0.0,0,0,0.0,0.0,53269,1,0,0.0,0.0,0.0,0.0,0.0,11,32766,297,32766,1862,3.8639297485351562
2026-04-07T11:41:18.573,radio://0/80/2M,mission,0,0,Reacquire Wall,3530,0,0,0,0.0,0,0,0.0,0.0,53269,1,0,0.0,0.0,0.0,0.0,0.0,11,32766,297,32766,1862,3.8639297485351562
2026-04-07T11:41:18.576,radio://0/80/2M,flow,0,0,Reacquire Wall,3984,0,0,0,0.0,0,0,0.0,0.0,53519,1,-2,0.0,0.0,0.0,0.0,0.0,11,32766,297,32766,1862,3.8639297485351562
2026-04-07T11:41:18.578,radio://0/80/2M,range,0,0,Reacquire Wall,3984,0,0,0,0.0,0,0,0.0,0.0,53519,1,-2,0.0,0.0,0.0,0.0,0.0,32766,32766,291,32766,1833,3.8586511611938477
2026-04-07T11:41:18.824,radio://0/80/2M,mission,0,0,Reacquire Wall,3984,0,0,0,0.0,0,0,0.0,0.0,53519,1,-2,0.0,0.0,0.0,0.0,0.0,32766,32766,291,32766,1833,3.8586511611938477
2026-04-07T11:41:18.827,radio://0/80/2M,flow,0,0,Reacquire Wall,4233,0,0,0,0.0,0,0,0.0,0.0,53769,6,5,0.0,0.0,0.0,0.0,0.0,32766,32766,291,32766,1833,3.8586511611938477
2026-04-07T11:41:18.828,radio://0/80/2M,range,0,0,Reacquire Wall,4233,0,0,0,0.0,0,0,0.0,0.0,53769,6,5,0.0,0.0,0.0,0.0,0.0,32766,647,283,883,1831,3.8639297485351562
2026-04-07T11:41:19.075,radio://0/80/2M,mission,0,0,Reacquire Wall,4233,0,0,0,0.0,0,0,0.0,0.0,53769,6,5,0.0,0.0,0.0,0.0,0.0,32766,647,283,883,1831,3.8639297485351562
2026-04-07T11:41:19.076,radio://0/80/2M,flow,0,0,Reacquire Wall,5076,0,0,0,0.0,0,0,0.0,0.0,54019,5,-1,0.0,0.0,0.0,0.0,0.0,32766,647,283,883,1831,3.8639297485351562
2026-04-07T11:41:19.077,radio://0/80/2M,range,0,0,Reacquire Wall,5076,0,0,0,0.0,0,0,0.0,0.0,54019,5,-1,0.0,0.0,0.0,0.0,0.0,32766,668,0,32766,1784,3.8586511611938477
2026-04-07T11:41:19.322,radio://0/80/2M,mission,0,0,Reacquire Wall,5076,0,0,0,0.0,0,0,0.0,0.0,54019,5,-1,0.0,0.0,0.0,0.0,0.0,32766,668,0,32766,1784,3.8586511611938477
2026-04-07T11:41:19.325,radio://0/80/2M,flow,0,0,Reacquire Wall,4921,0,0,0,0.0,0,0,0.0,0.0,54269,-14,7,0.0,0.0,0.0,0.0,0.0,32766,668,0,32766,1784,3.8586511611938477
2026-04-07T11:41:19.327,radio://0/80/2M,range,0,0,Reacquire Wall,4921,0,0,0,0.0,0,0,0.0,0.0,54269,-14,7,0.0,0.0,0.0,0.0,0.0,32766,675,250,1003,1797,3.8639297485351562
2026-04-07T11:41:19.573,radio://0/80/2M,mission,0,0,Reacquire Wall,4921,0,0,0,0.0,0,0,0.0,0.0,54269,-14,7,0.0,0.0,0.0,0.0,0.0,32766,675,250,1003,1797,3.8639297485351562
2026-04-07T11:41:19.576,radio://0/80/2M,flow,0,0,Reacquire Wall,3265,0,0,0,0.0,0,0,0.0,0.0,54519,-9,-11,0.0,0.0,0.0,0.0,0.0,32766,675,250,1003,1797,3.8639297485351562
2026-04-07T11:41:19.577,radio://0/80/2M,range,0,0,Reacquire Wall,3265,0,0,0,0.0,0,0,0.0,0.0,54519,-9,-11,0.0,0.0,0.0,0.0,0.0,0,719,213,51,371,3.853372573852539
2026-04-07T11:41:19.823,radio://0/80/2M,mission,0,0,Reacquire Wall,3265,0,0,0,0.0,0,0,0.0,0.0,54519,-9,-11,0.0,0.0,0.0,0.0,0.0,0,719,213,51,371,3.853372573852539
2026-04-07T11:41:19.825,radio://0/80/2M,flow,0,0,Reacquire Wall,5496,0,0,0,0.0,0,0,0.0,0.0,54769,-9,0,0.0,0.0,0.0,0.0,0.0,0,719,213,51,371,3.853372573852539
2026-04-07T11:41:19.827,radio://0/80/2M,range,0,0,Reacquire Wall,5496,0,0,0,0.0,0,0,0.0,0.0,54769,-9,0,0.0,0.0,0.0,0.0,0.0,0,736,199,51,356,3.8639297485351562
2026-04-07T11:41:20.072,radio://0/80/2M,mission,0,0,Reacquire Wall,5496,0,0,0,0.0,0,0,0.0,0.0,54769,-9,0,0.0,0.0,0.0,0.0,0.0,0,736,199,51,356,3.8639297485351562
2026-04-07T11:41:20.075,radio://0/80/2M,flow,0,0,Reacquire Wall,2602,0,0,0,0.0,0,0,0.0,0.0,55019,-4,-5,0.0,0.0,0.0,0.0,0.0,0,736,199,51,356,3.8639297485351562
2026-04-07T11:41:20.077,radio://0/80/2M,range,0,0,Reacquire Wall,2602,0,0,0,0.0,0,0,0.0,0.0,55019,-4,-5,0.0,0.0,0.0,0.0,0.0,16,746,197,42,353,3.8586511611938477
2026-04-07T11:41:20.322,radio://0/80/2M,mission,0,0,Reacquire Wall,2602,0,0,0,0.0,0,0,0.0,0.0,55019,-4,-5,0.0,0.0,0.0,0.0,0.0,16,746,197,42,353,3.8586511611938477
2026-04-07T11:41:20.324,radio://0/80/2M,flow,0,0,Reacquire Wall,3370,0,0,0,0.0,0,0,0.0,0.0,55269,0,0,0.0,0.0,0.0,0.0,0.0,16,746,197,42,353,3.8586511611938477
2026-04-07T11:41:20.327,radio://0/80/2M,range,0,0,Reacquire Wall,3370,0,0,0,0.0,0,0,0.0,0.0,55269,0,0,0.0,0.0,0.0,0.0,0.0,0,743,201,49,361,3.8639297485351562
2026-04-07T11:41:20.572,radio://0/80/2M,mission,0,0,Reacquire Wall,3370,0,0,0,0.0,0,0,0.0,0.0,55269,0,0,0.0,0.0,0.0,0.0,0.0,0,743,201,49,361,3.8639297485351562
2026-04-07T11:41:20.575,radio://0/80/2M,flow,0,0,Reacquire Wall,2671,0,0,0,0.0,0,0,0.0,0.0,55519,-1,0,0.0,0.0,0.0,0.0,0.0,0,743,201,49,361,3.8639297485351562
2026-04-07T11:41:20.576,radio://0/80/2M,range,0,0,Reacquire Wall,2671,0,0,0,0.0,0,0,0.0,0.0,55519,-1,0,0.0,0.0,0.0,0.0,0.0,0,754,197,3,342,3.8586511611938477
2026-04-07T11:41:20.822,radio://0/80/2M,mission,0,0,Reacquire Wall,2671,0,0,0,0.0,0,0,0.0,0.0,55519,-1,0,0.0,0.0,0.0,0.0,0.0,0,754,197,3,342,3.8586511611938477
2026-04-07T11:41:20.825,radio://0/80/2M,flow,0,0,Reacquire Wall,4465,0,0,0,0.0,0,0,0.0,0.0,55769,0,0,0.0,0.0,0.0,0.0,0.0,0,754,197,3,342,3.8586511611938477
2026-04-07T11:41:20.826,radio://0/80/2M,range,0,0,Reacquire Wall,4465,0,0,0,0.0,0,0,0.0,0.0,55769,0,0,0.0,0.0,0.0,0.0,0.0,0,745,193,0,341,3.8639297485351562
2026-04-07T11:41:21.071,radio://0/80/2M,mission,0,0,Reacquire Wall,4465,0,0,0,0.0,0,0,0.0,0.0,55769,0,0,0.0,0.0,0.0,0.0,0.0,0,745,193,0,341,3.8639297485351562
2026-04-07T11:41:21.074,radio://0/80/2M,flow,0,0,Reacquire Wall,3774,0,0,0,0.0,0,0,0.0,0.0,56019,-1,0,0.0,0.0,0.0,0.0,0.0,0,745,193,0,341,3.8639297485351562
2026-04-07T11:41:21.076,radio://0/80/2M,range,0,0,Reacquire Wall,3774,0,0,0,0.0,0,0,0.0,0.0,56019,-1,0,0.0,0.0,0.0,0.0,0.0,0,713,199,0,331,3.853372573852539
2026-04-07T11:41:21.321,radio://0/80/2M,mission,0,0,Reacquire Wall,3774,0,0,0,0.0,0,0,0.0,0.0,56019,-1,0,0.0,0.0,0.0,0.0,0.0,0,713,199,0,331,3.853372573852539
2026-04-07T11:41:21.324,radio://0/80/2M,flow,0,0,Reacquire Wall,4590,0,0,0,0.0,0,0,0.0,0.0,56269,-1,5,0.0,0.0,0.0,0.0,0.0,0,713,199,0,331,3.853372573852539
2026-04-07T11:41:21.326,radio://0/80/2M,range,0,0,Reacquire Wall,4590,0,0,0,0.0,0,0,0.0,0.0,56269,-1,5,0.0,0.0,0.0,0.0,0.0,32766,629,200,0,334,3.8639297485351562
2026-04-07T11:41:21.572,radio://0/80/2M,mission,0,0,Reacquire Wall,4590,0,0,0,0.0,0,0,0.0,0.0,56269,-1,5,0.0,0.0,0.0,0.0,0.0,32766,629,200,0,334,3.8639297485351562
2026-04-07T11:41:21.573,radio://0/80/2M,flow,0,0,Reacquire Wall,2803,0,0,0,0.0,0,0,0.0,0.0,56519,-9,0,0.0,0.0,0.0,0.0,0.0,32766,629,200,0,334,3.8639297485351562
2026-04-07T11:41:21.576,radio://0/80/2M,range,0,0,Reacquire Wall,2803,0,0,0,0.0,0,0,0.0,0.0,56519,-9,0,0.0,0.0,0.0,0.0,0.0,0,559,194,0,350,3.8586511611938477
2026-04-07T11:41:21.821,radio://0/80/2M,mission,0,0,Reacquire Wall,2803,0,0,0,0.0,0,0,0.0,0.0,56519,-9,0,0.0,0.0,0.0,0.0,0.0,0,559,194,0,350,3.8586511611938477
2026-04-07T11:41:21.824,radio://0/80/2M,flow,0,0,Reacquire Wall,5349,0,0,0,0.0,0,0,0.0,0.0,56769,0,0,0.0,0.0,0.0,0.0,0.0,0,559,194,0,350,3.8586511611938477
2026-04-07T11:41:21.825,radio://0/80/2M,range,0,0,Reacquire Wall,5349,0,0,0,0.0,0,0,0.0,0.0,56769,0,0,0.0,0.0,0.0,0.0,0.0,0,544,191,0,351,3.8639297485351562
2026-04-07T11:41:22.070,radio://0/80/2M,mission,0,0,Reacquire Wall,5349,0,0,0,0.0,0,0,0.0,0.0,56769,0,0,0.0,0.0,0.0,0.0,0.0,0,544,191,0,351,3.8639297485351562
2026-04-07T11:41:22.073,radio://0/80/2M,flow,0,0,Reacquire Wall,4524,0,0,0,0.0,0,0,0.0,0.0,57019,-2,1,0.0,0.0,0.0,0.0,0.0,0,544,191,0,351,3.8639297485351562
2026-04-07T11:41:22.075,radio://0/80/2M,range,0,0,Reacquire Wall,4524,0,0,0,0.0,0,0,0.0,0.0,57019,-2,1,0.0,0.0,0.0,0.0,0.0,0,547,191,0,349,3.853372573852539
2026-04-07T11:41:22.321,radio://0/80/2M,mission,0,0,Reacquire Wall,4524,0,0,0,0.0,0,0,0.0,0.0,57019,-2,1,0.0,0.0,0.0,0.0,0.0,0,547,191,0,349,3.853372573852539
2026-04-07T11:41:22.324,radio://0/80/2M,flow,0,0,Reacquire Wall,5866,0,0,0,0.0,0,0,0.0,0.0,57269,0,0,0.0,0.0,0.0,0.0,0.0,0,547,191,0,349,3.853372573852539
2026-04-07T11:41:22.325,radio://0/80/2M,range,0,0,Reacquire Wall,5866,0,0,0,0.0,0,0,0.0,0.0,57269,0,0,0.0,0.0,0.0,0.0,0.0,32766,547,188,0,356,3.8639297485351562
2026-04-07T11:41:22.570,radio://0/80/2M,mission,0,0,Reacquire Wall,5866,0,0,0,0.0,0,0,0.0,0.0,57269,0,0,0.0,0.0,0.0,0.0,0.0,32766,547,188,0,356,3.8639297485351562
2026-04-07T11:41:22.573,radio://0/80/2M,flow,0,0,Reacquire Wall,4070,0,0,0,0.0,0,0,0.0,0.0,57519,-7,14,0.0,0.0,0.0,0.0,0.0,32766,547,188,0,356,3.8639297485351562
2026-04-07T11:41:22.574,radio://0/80/2M,range,0,0,Reacquire Wall,4070,0,0,0,0.0,0,0,0.0,0.0,57519,-7,14,0.0,0.0,0.0,0.0,0.0,0,513,198,43,439,3.8586511611938477
2026-04-07T11:41:22.821,radio://0/80/2M,mission,0,0,Reacquire Wall,4070,0,0,0,0.0,0,0,0.0,0.0,57519,-7,14,0.0,0.0,0.0,0.0,0.0,0,513,198,43,439,3.8586511611938477
2026-04-07T11:41:22.823,radio://0/80/2M,flow,0,0,Reacquire Wall,4638,0,0,0,0.0,0,0,0.0,0.0,57769,5,13,0.0,0.0,0.0,0.0,0.0,0,513,198,43,439,3.8586511611938477
2026-04-07T11:41:22.825,radio://0/80/2M,range,0,0,Reacquire Wall,4638,0,0,0,0.0,0,0,0.0,0.0,57769,5,13,0.0,0.0,0.0,0.0,0.0,32766,505,198,63,32766,3.8639297485351562
2026-04-07T11:41:23.070,radio://0/80/2M,mission,0,0,Reacquire Wall,4638,0,0,0,0.0,0,0,0.0,0.0,57769,5,13,0.0,0.0,0.0,0.0,0.0,32766,505,198,63,32766,3.8639297485351562
2026-04-07T11:41:23.072,radio://0/80/2M,flow,0,0,Reacquire Wall,4638,0,0,0,0.0,0,0,0.0,0.0,58019,-2,0,0.0,0.0,0.0,0.0,0.0,32766,505,198,63,32766,3.8639297485351562
2026-04-07T11:41:23.074,radio://0/80/2M,range,0,0,Reacquire Wall,4638,0,0,0,0.0,0,0,0.0,0.0,58019,-2,0,0.0,0.0,0.0,0.0,0.0,32766,552,32766,2,414,3.853372573852539
2026-04-07T11:41:23.321,radio://0/80/2M,mission,0,0,Reacquire Wall,4638,0,0,0,0.0,0,0,0.0,0.0,58019,-2,0,0.0,0.0,0.0,0.0,0.0,32766,552,32766,2,414,3.853372573852539
2026-04-07T11:41:23.322,radio://0/80/2M,flow,0,0,Reacquire Wall,5561,0,0,0,0.0,0,0,0.0,0.0,58269,-16,-2,0.0,0.0,0.0,0.0,0.0,32766,552,32766,2,414,3.853372573852539
2026-04-07T11:41:23.324,radio://0/80/2M,range,0,0,Reacquire Wall,5561,0,0,0,0.0,0,0,0.0,0.0,58269,-16,-2,0.0,0.0,0.0,0.0,0.0,32766,562,32766,0,368,3.8639297485351562
2026-04-07T11:41:23.569,radio://0/80/2M,mission,0,0,Reacquire Wall,5561,0,0,0,0.0,0,0,0.0,0.0,58269,-16,-2,0.0,0.0,0.0,0.0,0.0,32766,562,32766,0,368,3.8639297485351562
2026-04-07T11:41:23.571,radio://0/80/2M,flow,0,0,Reacquire Wall,5154,0,0,0,0.0,0,0,0.0,0.0,58519,-16,-5,0.0,0.0,0.0,0.0,0.0,32766,562,32766,0,368,3.8639297485351562
2026-04-07T11:41:23.573,radio://0/80/2M,range,0,0,Reacquire Wall,5154,0,0,0,0.0,0,0,0.0,0.0,58519,-16,-5,0.0,0.0,0.0,0.0,0.0,32766,32766,32766,0,32766,3.8586511611938477
2026-04-07T11:41:23.819,radio://0/80/2M,mission,0,0,Reacquire Wall,5154,0,0,0,0.0,0,0,0.0,0.0,58519,-16,-5,0.0,0.0,0.0,0.0,0.0,32766,32766,32766,0,32766,3.8586511611938477
2026-04-07T11:41:23.822,radio://0/80/2M,flow,0,0,Reacquire Wall,4774,0,0,0,0.0,0,0,0.0,0.0,58769,-6,1,0.0,0.0,0.0,0.0,0.0,32766,32766,32766,0,32766,3.8586511611938477
2026-04-07T11:41:23.824,radio://0/80/2M,range,0,0,Reacquire Wall,4774,0,0,0,0.0,0,0,0.0,0.0,58769,-6,1,0.0,0.0,0.0,0.0,0.0,32766,32766,540,0,295,3.8639297485351562
2026-04-07T11:41:24.069,radio://0/80/2M,mission,0,0,Reacquire Wall,4774,0,0,0,0.0,0,0,0.0,0.0,58769,-6,1,0.0,0.0,0.0,0.0,0.0,32766,32766,540,0,295,3.8639297485351562
2026-04-07T11:41:24.072,radio://0/80/2M,flow,0,0,Reacquire Wall,5072,0,0,0,0.0,0,0,0.0,0.0,59019,0,-1,0.0,0.0,0.0,0.0,0.0,32766,32766,540,0,295,3.8639297485351562
2026-04-07T11:41:24.073,radio://0/80/2M,range,0,0,Reacquire Wall,5072,0,0,0,0.0,0,0,0.0,0.0,59019,0,-1,0.0,0.0,0.0,0.0,0.0,32766,32766,20,0,353,3.8586511611938477
2026-04-07T11:41:24.320,radio://0/80/2M,mission,0,0,Reacquire Wall,5072,0,0,0,0.0,0,0,0.0,0.0,59019,0,-1,0.0,0.0,0.0,0.0,0.0,32766,32766,20,0,353,3.8586511611938477
2026-04-07T11:41:24.321,radio://0/80/2M,flow,0,0,Reacquire Wall,5072,0,0,0,0.0,0,0,0.0,0.0,59269,3,9,0.0,0.0,0.0,0.0,0.0,32766,32766,20,0,353,3.8586511611938477
2026-04-07T11:41:24.323,radio://0/80/2M,range,0,0,Reacquire Wall,5072,0,0,0,0.0,0,0,0.0,0.0,59269,3,9,0.0,0.0,0.0,0.0,0.0,32766,32766,19,2,371,3.8639297485351562
2026-04-07T11:41:24.569,radio://0/80/2M,mission,0,0,Reacquire Wall,5072,0,0,0,0.0,0,0,0.0,0.0,59269,3,9,0.0,0.0,0.0,0.0,0.0,32766,32766,19,2,371,3.8639297485351562
2026-04-07T11:41:24.572,radio://0/80/2M,flow,0,0,Reacquire Wall,6462,0,0,0,0.0,0,0,0.0,0.0,59519,8,9,0.0,0.0,0.0,0.0,0.0,32766,32766,19,2,371,3.8639297485351562
2026-04-07T11:41:24.573,radio://0/80/2M,range,0,0,Reacquire Wall,6462,0,0,0,0.0,0,0,0.0,0.0,59519,8,9,0.0,0.0,0.0,0.0,0.0,32766,2497,13,0,335,3.853372573852539
2026-04-07T11:41:24.818,radio://0/80/2M,mission,0,0,Reacquire Wall,6462,0,0,0,0.0,0,0,0.0,0.0,59519,8,9,0.0,0.0,0.0,0.0,0.0,32766,2497,13,0,335,3.853372573852539
2026-04-07T11:41:24.821,radio://0/80/2M,flow,0,0,Reacquire Wall,6436,0,0,0,0.0,0,0,0.0,0.0,59769,-3,8,0.0,0.0,0.0,0.0,0.0,32766,2497,13,0,335,3.853372573852539
2026-04-07T11:41:24.824,radio://0/80/2M,range,0,0,Reacquire Wall,6436,0,0,0,0.0,0,0,0.0,0.0,59769,-3,8,0.0,0.0,0.0,0.0,0.0,250,32766,7,1,389,3.8639297485351562
2026-04-07T11:41:25.069,radio://0/80/2M,mission,0,0,Reacquire Wall,6436,0,0,0,0.0,0,0,0.0,0.0,59769,-3,8,0.0,0.0,0.0,0.0,0.0,250,32766,7,1,389,3.8639297485351562
2026-04-07T11:41:25.071,radio://0/80/2M,flow,0,0,Reacquire Wall,6838,0,0,0,0.0,0,0,0.0,0.0,60019,0,1,0.0,0.0,0.0,0.0,0.0,250,32766,7,1,389,3.8639297485351562
2026-04-07T11:41:25.072,radio://0/80/2M,range,0,0,Reacquire Wall,6838,0,0,0,0.0,0,0,0.0,0.0,60019,0,1,0.0,0.0,0.0,0.0,0.0,32766,32766,7,0,391,3.853372573852539
2026-04-07T11:41:25.318,radio://0/80/2M,mission,0,0,Reacquire Wall,6838,0,0,0,0.0,0,0,0.0,0.0,60019,0,1,0.0,0.0,0.0,0.0,0.0,32766,32766,7,0,391,3.853372573852539
2026-04-07T11:41:25.321,radio://0/80/2M,flow,0,0,Reacquire Wall,6838,0,0,0,0.0,0,0,0.0,0.0,60269,0,0,0.0,0.0,0.0,0.0,0.0,32766,32766,7,0,391,3.853372573852539
2026-04-07T11:41:25.322,radio://0/80/2M,range,0,0,Reacquire Wall,6838,0,0,0,0.0,0,0,0.0,0.0,60269,0,0,0.0,0.0,0.0,0.0,0.0,49,32766,32766,0,373,3.8639297485351562
2026-04-07T11:41:25.569,radio://0/80/2M,mission,0,0,Reacquire Wall,6838,0,0,0,0.0,0,0,0.0,0.0,60269,0,0,0.0,0.0,0.0,0.0,0.0,49,32766,32766,0,373,3.8639297485351562
2026-04-07T11:41:25.570,radio://0/80/2M,flow,0,0,Reacquire Wall,6011,0,0,0,0.0,0,0,0.0,0.0,60519,-1,0,0.0,0.0,0.0,0.0,0.0,49,32766,32766,0,373,3.8639297485351562
2026-04-07T11:41:25.572,radio://0/80/2M,range,0,0,Reacquire Wall,6011,0,0,0,0.0,0,0,0.0,0.0,60519,-1,0,0.0,0.0,0.0,0.0,0.0,22,8,11,0,425,3.8586511611938477
2026-04-07T11:41:25.817,radio://0/80/2M,mission,0,0,Reacquire Wall,6011,0,0,0,0.0,0,0,0.0,0.0,60519,-1,0,0.0,0.0,0.0,0.0,0.0,22,8,11,0,425,3.8586511611938477
2026-04-07T11:41:25.820,radio://0/80/2M,flow,0,0,Reacquire Wall,6011,0,0,0,0.0,0,0,0.0,0.0,60769,0,0,0.0,0.0,0.0,0.0,0.0,22,8,11,0,425,3.8586511611938477
2026-04-07T11:41:25.822,radio://0/80/2M,range,0,0,Reacquire Wall,6011,0,0,0,0.0,0,0,0.0,0.0,60769,0,0,0.0,0.0,0.0,0.0,0.0,20,17,39,0,401,3.8639297485351562
2026-04-07T11:41:26.068,radio://0/80/2M,mission,0,0,Reacquire Wall,6011,0,0,0,0.0,0,0,0.0,0.0,60769,0,0,0.0,0.0,0.0,0.0,0.0,20,17,39,0,401,3.8639297485351562
2026-04-07T11:41:26.071,radio://0/80/2M,flow,0,0,Reacquire Wall,5636,0,0,0,0.0,0,0,0.0,0.0,61019,0,0,0.0,0.0,0.0,0.0,0.0,20,17,39,0,401,3.8639297485351562
2026-04-07T11:41:26.072,radio://0/80/2M,range,0,0,Reacquire Wall,5636,0,0,0,0.0,0,0,0.0,0.0,61019,0,0,0.0,0.0,0.0,0.0,0.0,32766,40,45,0,400,3.853372573852539
2026-04-07T11:41:26.318,radio://0/80/2M,mission,0,0,Reacquire Wall,5636,0,0,0,0.0,0,0,0.0,0.0,61019,0,0,0.0,0.0,0.0,0.0,0.0,32766,40,45,0,400,3.853372573852539
2026-04-07T11:41:26.321,radio://0/80/2M,flow,0,0,Reacquire Wall,4954,0,0,0,0.0,0,0,0.0,0.0,61269,0,-2,0.0,0.0,0.0,0.0,0.0,32766,40,45,0,400,3.853372573852539
2026-04-07T11:41:26.322,radio://0/80/2M,range,0,0,Reacquire Wall,4954,0,0,0,0.0,0,0,0.0,0.0,61269,0,-2,0.0,0.0,0.0,0.0,0.0,24,41,67,0,414,3.8639297485351562
2026-04-07T11:41:26.567,radio://0/80/2M,mission,0,0,Reacquire Wall,4954,0,0,0,0.0,0,0,0.0,0.0,61269,0,-2,0.0,0.0,0.0,0.0,0.0,24,41,67,0,414,3.8639297485351562
2026-04-07T11:41:26.570,radio://0/80/2M,flow,0,0,Reacquire Wall,5917,0,0,0,0.0,0,0,0.0,0.0,61519,23,3,0.0,0.0,0.0,0.0,0.0,24,41,67,0,414,3.8639297485351562
2026-04-07T11:41:26.573,radio://0/80/2M,range,0,0,Reacquire Wall,5917,0,0,0,0.0,0,0,0.0,0.0,61519,23,3,0.0,0.0,0.0,0.0,0.0,32766,32766,40,0,391,3.8586511611938477
2026-04-07T11:41:26.817,radio://0/80/2M,mission,0,0,Reacquire Wall,5917,0,0,0,0.0,0,0,0.0,0.0,61519,23,3,0.0,0.0,0.0,0.0,0.0,32766,32766,40,0,391,3.8586511611938477
2026-04-07T11:41:26.820,radio://0/80/2M,flow,0,0,Reacquire Wall,7095,0,0,0,0.0,0,0,0.0,0.0,61769,1,2,0.0,0.0,0.0,0.0,0.0,32766,32766,40,0,391,3.8586511611938477
2026-04-07T11:41:26.821,radio://0/80/2M,range,0,0,Reacquire Wall,7095,0,0,0,0.0,0,0,0.0,0.0,61769,1,2,0.0,0.0,0.0,0.0,0.0,32766,90,319,0,1905,3.8639297485351562
2026-04-07T11:41:27.068,radio://0/80/2M,mission,0,0,Reacquire Wall,7095,0,0,0,0.0,0,0,0.0,0.0,61769,1,2,0.0,0.0,0.0,0.0,0.0,32766,90,319,0,1905,3.8639297485351562
2026-04-07T11:41:27.070,radio://0/80/2M,flow,0,0,Reacquire Wall,6652,0,0,0,0.0,0,0,0.0,0.0,62019,1,0,0.0,0.0,0.0,0.0,0.0,32766,90,319,0,1905,3.8639297485351562
2026-04-07T11:41:27.071,radio://0/80/2M,range,0,0,Reacquire Wall,6652,0,0,0,0.0,0,0,0.0,0.0,62019,1,0,0.0,0.0,0.0,0.0,0.0,0,32766,295,3,1790,3.853372573852539
2026-04-07T11:41:27.317,radio://0/80/2M,mission,0,0,Reacquire Wall,6652,0,0,0,0.0,0,0,0.0,0.0,62019,1,0,0.0,0.0,0.0,0.0,0.0,0,32766,295,3,1790,3.853372573852539
2026-04-07T11:41:27.320,radio://0/80/2M,flow,0,0,Reacquire Wall,7883,0,0,0,0.0,0,0,0.0,0.0,62269,9,26,0.0,0.0,0.0,0.0,0.0,0,32766,295,3,1790,3.853372573852539
2026-04-07T11:41:27.321,radio://0/80/2M,range,0,0,Reacquire Wall,7883,0,0,0,0.0,0,0,0.0,0.0,62269,9,26,0.0,0.0,0.0,0.0,0.0,32766,456,287,2,1768,3.8639297485351562
2026-04-07T11:41:27.567,radio://0/80/2M,mission,0,0,Reacquire Wall,7883,0,0,0,0.0,0,0,0.0,0.0,62269,9,26,0.0,0.0,0.0,0.0,0.0,32766,456,287,2,1768,3.8639297485351562
2026-04-07T11:41:27.570,radio://0/80/2M,flow,0,0,Reacquire Wall,8191,0,0,0,0.0,0,0,0.0,0.0,62519,-3,-1,0.0,0.0,0.0,0.0,0.0,32766,456,287,2,1768,3.8639297485351562
2026-04-07T11:41:27.571,radio://0/80/2M,range,0,0,Reacquire Wall,8191,0,0,0,0.0,0,0,0.0,0.0,62519,-3,-1,0.0,0.0,0.0,0.0,0.0,0,454,13,1,1765,3.853372573852539
2026-04-07T11:41:27.816,radio://0/80/2M,mission,0,0,Reacquire Wall,8191,0,0,0,0.0,0,0,0.0,0.0,62519,-3,-1,0.0,0.0,0.0,0.0,0.0,0,454,13,1,1765,3.853372573852539
2026-04-07T11:41:27.819,radio://0/80/2M,flow,0,0,Reacquire Wall,8191,0,0,0,0.0,0,0,0.0,0.0,62769,1,5,0.0,0.0,0.0,0.0,0.0,0,454,13,1,1765,3.853372573852539
2026-04-07T11:41:27.820,radio://0/80/2M,range,0,0,Reacquire Wall,8191,0,0,0,0.0,0,0,0.0,0.0,62769,1,5,0.0,0.0,0.0,0.0,0.0,0,416,12,0,0,3.8639297485351562
2026-04-07T11:41:28.066,radio://0/80/2M,mission,0,0,Reacquire Wall,8191,0,0,0,0.0,0,0,0.0,0.0,62769,1,5,0.0,0.0,0.0,0.0,0.0,0,416,12,0,0,3.8639297485351562
2026-04-07T11:41:28.068,radio://0/80/2M,flow,0,0,Reacquire Wall,8191,0,0,0,0.0,0,0,0.0,0.0,63019,0,0,0.0,0.0,0.0,0.0,0.0,0,416,12,0,0,3.8639297485351562
2026-04-07T11:41:28.070,radio://0/80/2M,range,0,0,Reacquire Wall,8191,0,0,0,0.0,0,0,0.0,0.0,63019,0,0,0.0,0.0,0.0,0.0,0.0,32766,494,10,0,107,3.8586511611938477
2026-04-07T11:41:28.316,radio://0/80/2M,mission,0,0,Reacquire Wall,8191,0,0,0,0.0,0,0,0.0,0.0,63019,0,0,0.0,0.0,0.0,0.0,0.0,32766,494,10,0,107,3.8586511611938477
2026-04-07T11:41:28.319,radio://0/80/2M,flow,0,0,Reacquire Wall,8191,0,0,0,0.0,0,0,0.0,0.0,63269,0,0,0.0,0.0,0.0,0.0,0.0,32766,494,10,0,107,3.8586511611938477
2026-04-07T11:41:28.320,radio://0/80/2M,range,0,0,Reacquire Wall,8191,0,0,0,0.0,0,0,0.0,0.0,63269,0,0,0.0,0.0,0.0,0.0,0.0,32766,520,12,1,87,3.8639297485351562
2026-04-07T11:41:28.566,radio://0/80/2M,mission,0,0,Reacquire Wall,8191,0,0,0,0.0,0,0,0.0,0.0,63269,0,0,0.0,0.0,0.0,0.0,0.0,32766,520,12,1,87,3.8639297485351562
2026-04-07T11:41:28.570,radio://0/80/2M,flow,0,0,Reacquire Wall,7006,0,0,0,0.0,0,0,0.0,0.0,63519,-8,8,0.0,0.0,0.0,0.0,0.0,32766,520,12,1,87,3.8639297485351562
2026-04-07T11:41:28.571,radio://0/80/2M,range,0,0,Reacquire Wall,7006,0,0,0,0.0,0,0,0.0,0.0,63519,-8,8,0.0,0.0,0.0,0.0,0.0,0,541,10,38,60,3.8586511611938477
2026-04-07T11:41:28.815,radio://0/80/2M,mission,0,0,Reacquire Wall,7006,0,0,0,0.0,0,0,0.0,0.0,63519,-8,8,0.0,0.0,0.0,0.0,0.0,0,541,10,38,60,3.8586511611938477
2026-04-07T11:41:28.818,radio://0/80/2M,flow,0,0,Reacquire Wall,8191,0,0,0,0.0,0,0,0.0,0.0,63769,0,0,0.0,0.0,0.0,0.0,0.0,0,541,10,38,60,3.8586511611938477
2026-04-07T11:41:28.820,radio://0/80/2M,range,0,0,Reacquire Wall,8191,0,0,0,0.0,0,0,0.0,0.0,63769,0,0,0.0,0.0,0.0,0.0,0.0,32766,524,11,32766,62,3.8639297485351562
2026-04-07T11:41:29.065,radio://0/80/2M,mission,0,0,Reacquire Wall,8191,0,0,0,0.0,0,0,0.0,0.0,63769,0,0,0.0,0.0,0.0,0.0,0.0,32766,524,11,32766,62,3.8639297485351562
2026-04-07T11:41:29.068,radio://0/80/2M,flow,0,0,Reacquire Wall,8191,0,0,0,0.0,0,0,0.0,0.0,64019,0,0,0.0,0.0,0.0,0.0,0.0,32766,524,11,32766,62,3.8639297485351562
2026-04-07T11:41:29.070,radio://0/80/2M,range,0,0,Reacquire Wall,8191,0,0,0,0.0,0,0,0.0,0.0,64019,0,0,0.0,0.0,0.0,0.0,0.0,0,494,12,32766,1795,3.853372573852539
2026-04-07T11:41:29.316,radio://0/80/2M,mission,0,0,Reacquire Wall,8191,0,0,0,0.0,0,0,0.0,0.0,64019,0,0,0.0,0.0,0.0,0.0,0.0,0,494,12,32766,1795,3.853372573852539
2026-04-07T11:41:29.318,radio://0/80/2M,flow,0,0,Reacquire Wall,8191,0,0,0,0.0,0,0,0.0,0.0,64269,0,0,0.0,0.0,0.0,0.0,0.0,0,494,12,32766,1795,3.853372573852539
2026-04-07T11:41:29.320,radio://0/80/2M,range,0,0,Reacquire Wall,8191,0,0,0,0.0,0,0,0.0,0.0,64269,0,0,0.0,0.0,0.0,0.0,0.0,32766,517,10,90,1817,3.8639297485351562
2026-04-07T11:41:29.565,radio://0/80/2M,mission,0,0,Reacquire Wall,8191,0,0,0,0.0,0,0,0.0,0.0,64269,0,0,0.0,0.0,0.0,0.0,0.0,32766,517,10,90,1817,3.8639297485351562
2026-04-07T11:41:29.568,radio://0/80/2M,flow,0,0,Reacquire Wall,8191,0,0,0,0.0,0,0,0.0,0.0,64519,0,0,0.0,0.0,0.0,0.0,0.0,32766,517,10,90,1817,3.8639297485351562
2026-04-07T11:41:29.569,radio://0/80/2M,range,0,0,Reacquire Wall,8191,0,0,0,0.0,0,0,0.0,0.0,64519,0,0,0.0,0.0,0.0,0.0,0.0,0,491,10,98,1517,3.8586511611938477
2026-04-07T11:41:29.814,radio://0/80/2M,mission,0,0,Reacquire Wall,8191,0,0,0,0.0,0,0,0.0,0.0,64519,0,0,0.0,0.0,0.0,0.0,0.0,0,491,10,98,1517,3.8586511611938477
2026-04-07T11:41:29.817,radio://0/80/2M,flow,0,0,Reacquire Wall,8191,0,0,0,0.0,0,0,0.0,0.0,64769,1,0,0.0,0.0,0.0,0.0,0.0,0,491,10,98,1517,3.8586511611938477
2026-04-07T11:41:29.819,radio://0/80/2M,range,0,0,Reacquire Wall,8191,0,0,0,0.0,0,0,0.0,0.0,64769,1,0,0.0,0.0,0.0,0.0,0.0,0,469,9,95,1815,3.8639297485351562
2026-04-07T11:41:30.066,radio://0/80/2M,mission,0,0,Reacquire Wall,8191,0,0,0,0.0,0,0,0.0,0.0,64769,1,0,0.0,0.0,0.0,0.0,0.0,0,469,9,95,1815,3.8639297485351562
2026-04-07T11:41:30.067,radio://0/80/2M,flow,0,0,Reacquire Wall,8191,0,0,0,0.0,0,0,0.0,0.0,65019,-9,-3,0.0,0.0,0.0,0.0,0.0,0,469,9,95,1815,3.8639297485351562
2026-04-07T11:41:30.069,radio://0/80/2M,range,0,0,Reacquire Wall,8191,0,0,0,0.0,0,0,0.0,0.0,65019,-9,-3,0.0,0.0,0.0,0.0,0.0,0,476,10,94,1850,3.8586511611938477
2026-04-07T11:41:30.314,radio://0/80/2M,mission,0,0,Reacquire Wall,8191,0,0,0,0.0,0,0,0.0,0.0,65019,-9,-3,0.0,0.0,0.0,0.0,0.0,0,476,10,94,1850,3.8586511611938477
2026-04-07T11:41:30.316,radio://0/80/2M,flow,0,0,Reacquire Wall,8191,0,0,0,0.0,0,0,0.0,0.0,65269,0,0,0.0,0.0,0.0,0.0,0.0,0,476,10,94,1850,3.8586511611938477
2026-04-07T11:41:30.318,radio://0/80/2M,range,0,0,Reacquire Wall,8191,0,0,0,0.0,0,0,0.0,0.0,65269,0,0,0.0,0.0,0.0,0.0,0.0,32766,480,12,92,1841,3.8639297485351562
2026-04-07T11:41:30.566,radio://0/80/2M,mission,0,0,Reacquire Wall,8191,0,0,0,0.0,0,0,0.0,0.0,65269,0,0,0.0,0.0,0.0,0.0,0.0,32766,480,12,92,1841,3.8639297485351562
2026-04-07T11:41:30.570,radio://0/80/2M,flow,0,0,Reacquire Wall,8191,0,0,0,0.0,0,0,0.0,0.0,65519,0,0,0.0,0.0,0.0,0.0,0.0,32766,480,12,92,1841,3.8639297485351562
2026-04-07T11:41:30.571,radio://0/80/2M,range,0,0,Reacquire Wall,8191,0,0,0,0.0,0,0,0.0,0.0,65519,0,0,0.0,0.0,0.0,0.0,0.0,0,477,11,99,1850,3.8586511611938477
2026-04-07T11:41:30.814,radio://0/80/2M,mission,0,0,Reacquire Wall,8191,0,0,0,0.0,0,0,0.0,0.0,65519,0,0,0.0,0.0,0.0,0.0,0.0,0,477,11,99,1850,3.8586511611938477
2026-04-07T11:41:30.817,radio://0/80/2M,flow,0,0,Reacquire Wall,8191,0,0,0,0.0,0,0,0.0,0.0,65769,0,0,0.0,0.0,0.0,0.0,0.0,0,477,11,99,1850,3.8586511611938477
2026-04-07T11:41:30.818,radio://0/80/2M,range,0,0,Reacquire Wall,8191,0,0,0,0.0,0,0,0.0,0.0,65769,0,0,0.0,0.0,0.0,0.0,0.0,0,477,10,102,1848,3.8639297485351562
2026-04-07T11:41:31.063,radio://0/80/2M,mission,0,0,Reacquire Wall,8191,0,0,0,0.0,0,0,0.0,0.0,65769,0,0,0.0,0.0,0.0,0.0,0.0,0,477,10,102,1848,3.8639297485351562
2026-04-07T11:41:31.066,radio://0/80/2M,flow,0,0,Reacquire Wall,8191,0,0,0,0.0,0,0,0.0,0.0,66019,0,0,0.0,0.0,0.0,0.0,0.0,0,477,10,102,1848,3.8639297485351562
2026-04-07T11:41:31.068,radio://0/80/2M,range,0,0,Reacquire Wall,8191,0,0,0,0.0,0,0,0.0,0.0,66019,0,0,0.0,0.0,0.0,0.0,0.0,32766,478,10,109,1845,3.8586511611938477
2026-04-07T11:41:31.313,radio://0/80/2M,mission,0,0,Reacquire Wall,8191,0,0,0,0.0,0,0,0.0,0.0,66019,0,0,0.0,0.0,0.0,0.0,0.0,32766,478,10,109,1845,3.8586511611938477
2026-04-07T11:41:31.315,radio://0/80/2M,flow,0,0,Reacquire Wall,8191,0,0,0,0.0,0,0,0.0,0.0,66269,0,0,0.0,0.0,0.0,0.0,0.0,32766,478,10,109,1845,3.8586511611938477
2026-04-07T11:41:31.317,radio://0/80/2M,range,0,0,Reacquire Wall,8191,0,0,0,0.0,0,0,0.0,0.0,66269,0,0,0.0,0.0,0.0,0.0,0.0,32766,499,11,997,1847,3.8639297485351562
2026-04-07T11:41:31.563,radio://0/80/2M,mission,0,0,Reacquire Wall,8191,0,0,0,0.0,0,0,0.0,0.0,66269,0,0,0.0,0.0,0.0,0.0,0.0,32766,499,11,997,1847,3.8639297485351562
2026-04-07T11:41:31.565,radio://0/80/2M,flow,0,0,Reacquire Wall,8191,0,0,0,0.0,0,0,0.0,0.0,66519,0,0,0.0,0.0,0.0,0.0,0.0,32766,499,11,997,1847,3.8639297485351562
2026-04-07T11:41:31.568,radio://0/80/2M,range,0,0,Reacquire Wall,8191,0,0,0,0.0,0,0,0.0,0.0,66519,0,0,0.0,0.0,0.0,0.0,0.0,0,579,11,996,1847,3.853372573852539
2026-04-07T11:41:31.813,radio://0/80/2M,mission,0,0,Reacquire Wall,8191,0,0,0,0.0,0,0,0.0,0.0,66519,0,0,0.0,0.0,0.0,0.0,0.0,0,579,11,996,1847,3.853372573852539
2026-04-07T11:41:31.816,radio://0/80/2M,flow,0,0,Reacquire Wall,8191,0,0,0,0.0,0,0,0.0,0.0,66769,0,0,0.0,0.0,0.0,0.0,0.0,0,579,11,996,1847,3.853372573852539
2026-04-07T11:41:31.817,radio://0/80/2M,range,0,0,Reacquire Wall,8191,0,0,0,0.0,0,0,0.0,0.0,66769,0,0,0.0,0.0,0.0,0.0,0.0,0,719,12,982,1850,3.8639297485351562
2026-04-07T11:41:32.063,radio://0/80/2M,mission,0,0,Reacquire Wall,8191,0,0,0,0.0,0,0,0.0,0.0,66769,0,0,0.0,0.0,0.0,0.0,0.0,0,719,12,982,1850,3.8639297485351562
2026-04-07T11:41:32.066,radio://0/80/2M,flow,0,0,Reacquire Wall,8191,0,0,0,0.0,0,0,0.0,0.0,67019,0,0,0.0,0.0,0.0,0.0,0.0,0,719,12,982,1850,3.8639297485351562
2026-04-07T11:41:32.067,radio://0/80/2M,range,0,0,Reacquire Wall,8191,0,0,0,0.0,0,0,0.0,0.0,67019,0,0,0.0,0.0,0.0,0.0,0.0,0,846,10,983,1831,3.8586511611938477
2026-04-07T11:41:32.313,radio://0/80/2M,mission,0,0,Reacquire Wall,8191,0,0,0,0.0,0,0,0.0,0.0,67019,0,0,0.0,0.0,0.0,0.0,0.0,0,846,10,983,1831,3.8586511611938477
2026-04-07T11:41:32.315,radio://0/80/2M,flow,0,0,Reacquire Wall,8191,0,0,0,0.0,0,0,0.0,0.0,67269,0,0,0.0,0.0,0.0,0.0,0.0,0,846,10,983,1831,3.8586511611938477
2026-04-07T11:41:32.317,radio://0/80/2M,range,0,0,Reacquire Wall,8191,0,0,0,0.0,0,0,0.0,0.0,67269,0,0,0.0,0.0,0.0,0.0,0.0,32766,887,9,981,1841,3.8639297485351562
2026-04-07T11:41:32.562,radio://0/80/2M,mission,0,0,Reacquire Wall,8191,0,0,0,0.0,0,0,0.0,0.0,67269,0,0,0.0,0.0,0.0,0.0,0.0,32766,887,9,981,1841,3.8639297485351562
2026-04-07T11:41:32.565,radio://0/80/2M,flow,0,0,Reacquire Wall,8191,0,0,0,0.0,0,0,0.0,0.0,67519,0,0,0.0,0.0,0.0,0.0,0.0,32766,887,9,981,1841,3.8639297485351562
2026-04-07T11:41:32.567,radio://0/80/2M,range,0,0,Reacquire Wall,8191,0,0,0,0.0,0,0,0.0,0.0,67519,0,0,0.0,0.0,0.0,0.0,0.0,32766,912,10,995,1848,3.8586511611938477
2026-04-07T11:41:32.812,radio://0/80/2M,mission,0,0,Reacquire Wall,8191,0,0,0,0.0,0,0,0.0,0.0,67519,0,0,0.0,0.0,0.0,0.0,0.0,32766,912,10,995,1848,3.8586511611938477
2026-04-07T11:41:32.815,radio://0/80/2M,flow,0,0,Reacquire Wall,8191,0,0,0,0.0,0,0,0.0,0.0,67769,0,0,0.0,0.0,0.0,0.0,0.0,32766,912,10,995,1848,3.8586511611938477
2026-04-07T11:41:32.817,radio://0/80/2M,range,0,0,Reacquire Wall,8191,0,0,0,0.0,0,0,0.0,0.0,67769,0,0,0.0,0.0,0.0,0.0,0.0,32766,913,11,1006,1850,3.8639297485351562
2026-04-07T11:41:33.063,radio://0/80/2M,mission,0,0,Reacquire Wall,8191,0,0,0,0.0,0,0,0.0,0.0,67769,0,0,0.0,0.0,0.0,0.0,0.0,32766,913,11,1006,1850,3.8639297485351562
2026-04-07T11:41:33.064,radio://0/80/2M,flow,0,0,Reacquire Wall,8191,0,0,0,0.0,0,0,0.0,0.0,68019,0,0,0.0,0.0,0.0,0.0,0.0,32766,913,11,1006,1850,3.8639297485351562
2026-04-07T11:41:33.067,radio://0/80/2M,range,0,0,Reacquire Wall,8191,0,0,0,0.0,0,0,0.0,0.0,68019,0,0,0.0,0.0,0.0,0.0,0.0,0,910,10,1006,1863,3.8586511611938477
2026-04-07T11:41:33.313,radio://0/80/2M,mission,0,0,Reacquire Wall,8191,0,0,0,0.0,0,0,0.0,0.0,68019,0,0,0.0,0.0,0.0,0.0,0.0,0,910,10,1006,1863,3.8586511611938477
2026-04-07T11:41:33.315,radio://0/80/2M,flow,0,0,Reacquire Wall,8191,0,0,0,0.0,0,0,0.0,0.0,68269,0,0,0.0,0.0,0.0,0.0,0.0,0,910,10,1006,1863,3.8586511611938477
2026-04-07T11:41:33.316,radio://0/80/2M,range,0,0,Reacquire Wall,8191,0,0,0,0.0,0,0,0.0,0.0,68269,0,0,0.0,0.0,0.0,0.0,0.0,0,889,10,32766,1869,3.8639297485351562
2026-04-07T11:41:33.562,radio://0/80/2M,mission,0,0,Reacquire Wall,8191,0,0,0,0.0,0,0,0.0,0.0,68269,0,0,0.0,0.0,0.0,0.0,0.0,0,889,10,32766,1869,3.8639297485351562
2026-04-07T11:41:33.565,radio://0/80/2M,flow,0,0,Reacquire Wall,8191,0,0,0,0.0,0,0,0.0,0.0,68519,10,7,0.0,0.0,0.0,0.0,0.0,0,889,10,32766,1869,3.8639297485351562
2026-04-07T11:41:33.566,radio://0/80/2M,range,0,0,Reacquire Wall,8191,0,0,0,0.0,0,0,0.0,0.0,68519,10,7,0.0,0.0,0.0,0.0,0.0,32766,886,6,1008,1845,3.853372573852539
2026-04-07T11:41:33.812,radio://0/80/2M,mission,0,0,Reacquire Wall,8191,0,0,0,0.0,0,0,0.0,0.0,68519,10,7,0.0,0.0,0.0,0.0,0.0,32766,886,6,1008,1845,3.853372573852539
2026-04-07T11:41:33.815,radio://0/80/2M,flow,0,0,Reacquire Wall,8191,0,0,0,0.0,0,0,0.0,0.0,68769,0,0,0.0,0.0,0.0,0.0,0.0,32766,886,6,1008,1845,3.853372573852539
2026-04-07T11:41:33.816,radio://0/80/2M,range,0,0,Reacquire Wall,8191,0,0,0,0.0,0,0,0.0,0.0,68769,0,0,0.0,0.0,0.0,0.0,0.0,32766,883,12,32766,1847,3.8639297485351562
2026-04-07T11:41:34.062,radio://0/80/2M,mission,0,0,Reacquire Wall,8191,0,0,0,0.0,0,0,0.0,0.0,68769,0,0,0.0,0.0,0.0,0.0,0.0,32766,883,12,32766,1847,3.8639297485351562
2026-04-07T11:41:34.064,radio://0/80/2M,flow,0,0,Reacquire Wall,8191,0,0,0,0.0,0,0,0.0,0.0,69019,0,0,0.0,0.0,0.0,0.0,0.0,32766,883,12,32766,1847,3.8639297485351562
2026-04-07T11:41:34.066,radio://0/80/2M,range,0,0,Reacquire Wall,8191,0,0,0,0.0,0,0,0.0,0.0,69019,0,0,0.0,0.0,0.0,0.0,0.0,0,931,10,945,1842,3.8586511611938477
2026-04-07T11:41:34.311,radio://0/80/2M,mission,0,0,Reacquire Wall,8191,0,0,0,0.0,0,0,0.0,0.0,69019,0,0,0.0,0.0,0.0,0.0,0.0,0,931,10,945,1842,3.8586511611938477
2026-04-07T11:41:34.314,radio://0/80/2M,flow,0,0,Reacquire Wall,8191,0,0,0,0.0,0,0,0.0,0.0,69269,0,0,0.0,0.0,0.0,0.0,0.0,0,931,10,945,1842,3.8586511611938477
2026-04-07T11:41:34.315,radio://0/80/2M,range,0,0,Reacquire Wall,8191,0,0,0,0.0,0,0,0.0,0.0,69269,0,0,0.0,0.0,0.0,0.0,0.0,32766,32766,12,926,1854,3.8639297485351562
2026-04-07T11:41:34.561,radio://0/80/2M,mission,0,0,Reacquire Wall,8191,0,0,0,0.0,0,0,0.0,0.0,69269,0,0,0.0,0.0,0.0,0.0,0.0,32766,32766,12,926,1854,3.8639297485351562
2026-04-07T11:41:34.563,radio://0/80/2M,flow,0,0,Reacquire Wall,8191,0,0,0,0.0,0,0,0.0,0.0,69519,0,0,0.0,0.0,0.0,0.0,0.0,32766,32766,12,926,1854,3.8639297485351562
2026-04-07T11:41:34.565,radio://0/80/2M,range,0,0,Reacquire Wall,8191,0,0,0,0.0,0,0,0.0,0.0,69519,0,0,0.0,0.0,0.0,0.0,0.0,32766,32766,13,917,1861,3.8586511611938477
2026-04-07T11:41:34.812,radio://0/80/2M,mission,0,0,Reacquire Wall,8191,0,0,0,0.0,0,0,0.0,0.0,69519,0,0,0.0,0.0,0.0,0.0,0.0,32766,32766,13,917,1861,3.8586511611938477
2026-04-07T11:41:34.813,radio://0/80/2M,flow,0,0,Reacquire Wall,8191,0,0,0,0.0,0,0,0.0,0.0,69769,0,0,0.0,0.0,0.0,0.0,0.0,32766,32766,13,917,1861,3.8586511611938477
2026-04-07T11:41:34.815,radio://0/80/2M,range,0,0,Reacquire Wall,8191,0,0,0,0.0,0,0,0.0,0.0,69769,0,0,0.0,0.0,0.0,0.0,0.0,32766,32766,13,805,1890,3.8639297485351562
2026-04-07T11:41:35.061,radio://0/80/2M,mission,0,0,Reacquire Wall,8191,0,0,0,0.0,0,0,0.0,0.0,69769,0,0,0.0,0.0,0.0,0.0,0.0,32766,32766,13,805,1890,3.8639297485351562
2026-04-07T11:41:35.062,radio://0/80/2M,flow,0,0,Reacquire Wall,8191,0,0,0,0.0,0,0,0.0,0.0,70019,0,0,0.0,0.0,0.0,0.0,0.0,32766,32766,13,805,1890,3.8639297485351562
2026-04-07T11:41:35.064,radio://0/80/2M,range,0,0,Reacquire Wall,8191,0,0,0,0.0,0,0,0.0,0.0,70019,0,0,0.0,0.0,0.0,0.0,0.0,0,32766,11,32766,1878,3.8586511611938477
2026-04-07T11:41:35.310,radio://0/80/2M,mission,0,0,Reacquire Wall,8191,0,0,0,0.0,0,0,0.0,0.0,70019,0,0,0.0,0.0,0.0,0.0,0.0,0,32766,11,32766,1878,3.8586511611938477
2026-04-07T11:41:35.313,radio://0/80/2M,flow,0,0,Reacquire Wall,8191,0,0,0,0.0,0,0,0.0,0.0,70269,0,0,0.0,0.0,0.0,0.0,0.0,0,32766,11,32766,1878,3.8586511611938477
2026-04-07T11:41:35.315,radio://0/80/2M,range,0,0,Reacquire Wall,8191,0,0,0,0.0,0,0,0.0,0.0,70269,0,0,0.0,0.0,0.0,0.0,0.0,0,32766,11,886,1814,3.8639297485351562
2026-04-07T11:41:35.561,radio://0/80/2M,mission,0,0,Reacquire Wall,8191,0,0,0,0.0,0,0,0.0,0.0,70269,0,0,0.0,0.0,0.0,0.0,0.0,0,32766,11,886,1814,3.8639297485351562
2026-04-07T11:41:35.563,radio://0/80/2M,flow,0,0,Reacquire Wall,8191,0,0,0,0.0,0,0,0.0,0.0,70519,0,0,0.0,0.0,0.0,0.0,0.0,0,32766,11,886,1814,3.8639297485351562
2026-04-07T11:41:35.565,radio://0/80/2M,range,0,0,Reacquire Wall,8191,0,0,0,0.0,0,0,0.0,0.0,70519,0,0,0.0,0.0,0.0,0.0,0.0,32766,32766,9,32766,1830,3.853372573852539
2026-04-07T11:41:35.810,radio://0/80/2M,mission,0,0,Reacquire Wall,8191,0,0,0,0.0,0,0,0.0,0.0,70519,0,0,0.0,0.0,0.0,0.0,0.0,32766,32766,9,32766,1830,3.853372573852539
2026-04-07T11:41:35.813,radio://0/80/2M,flow,0,0,Reacquire Wall,8191,0,0,0,0.0,0,0,0.0,0.0,70769,0,0,0.0,0.0,0.0,0.0,0.0,32766,32766,9,32766,1830,3.853372573852539
2026-04-07T11:41:35.814,radio://0/80/2M,range,0,0,Reacquire Wall,8191,0,0,0,0.0,0,0,0.0,0.0,70769,0,0,0.0,0.0,0.0,0.0,0.0,32766,962,9,798,1972,3.8639297485351562
2026-04-07T11:41:36.060,radio://0/80/2M,mission,0,0,Reacquire Wall,8191,0,0,0,0.0,0,0,0.0,0.0,70769,0,0,0.0,0.0,0.0,0.0,0.0,32766,962,9,798,1972,3.8639297485351562
2026-04-07T11:41:36.063,radio://0/80/2M,flow,0,0,Reacquire Wall,8191,0,0,0,0.0,0,0,0.0,0.0,71019,0,-1,0.0,0.0,0.0,0.0,0.0,32766,962,9,798,1972,3.8639297485351562
2026-04-07T11:41:36.064,radio://0/80/2M,range,0,0,Reacquire Wall,8191,0,0,0,0.0,0,0,0.0,0.0,71019,0,-1,0.0,0.0,0.0,0.0,0.0,32766,907,7,802,2064,3.853372573852539
2026-04-07T11:41:36.310,radio://0/80/2M,mission,0,0,Reacquire Wall,8191,0,0,0,0.0,0,0,0.0,0.0,71019,0,-1,0.0,0.0,0.0,0.0,0.0,32766,907,7,802,2064,3.853372573852539
2026-04-07T11:41:36.312,radio://0/80/2M,flow,0,0,Reacquire Wall,8191,0,0,0,0.0,0,0,0.0,0.0,71269,1,1,0.0,0.0,0.0,0.0,0.0,32766,907,7,802,2064,3.853372573852539
2026-04-07T11:41:36.314,radio://0/80/2M,range,0,0,Reacquire Wall,8191,0,0,0,0.0,0,0,0.0,0.0,71269,1,1,0.0,0.0,0.0,0.0,0.0,32766,880,9,740,2167,3.8639297485351562
2026-04-07T11:41:36.570,radio://0/80/2M,mission,0,0,Reacquire Wall,8191,0,0,0,0.0,0,0,0.0,0.0,71269,1,1,0.0,0.0,0.0,0.0,0.0,32766,880,9,740,2167,3.8639297485351562
2026-04-07T11:41:36.572,radio://0/80/2M,flow,0,0,Reacquire Wall,7200,0,0,0,0.0,0,0,0.0,0.0,71519,4,0,0.0,0.0,0.0,0.0,0.0,32766,880,9,740,2167,3.8639297485351562
2026-04-07T11:41:36.573,radio://0/80/2M,range,0,0,Reacquire Wall,7200,0,0,0,0.0,0,0,0.0,0.0,71519,4,0,0.0,0.0,0.0,0.0,0.0,32766,852,9,682,32766,3.853372573852539
2026-04-07T11:41:36.809,radio://0/80/2M,mission,0,0,Reacquire Wall,7200,0,0,0,0.0,0,0,0.0,0.0,71519,4,0,0.0,0.0,0.0,0.0,0.0,32766,852,9,682,32766,3.853372573852539
2026-04-07T11:41:36.812,radio://0/80/2M,flow,0,0,Reacquire Wall,8191,0,0,0,0.0,0,0,0.0,0.0,71769,0,0,0.0,0.0,0.0,0.0,0.0,32766,852,9,682,32766,3.853372573852539
2026-04-07T11:41:36.813,radio://0/80/2M,range,0,0,Reacquire Wall,8191,0,0,0,0.0,0,0,0.0,0.0,71769,0,0,0.0,0.0,0.0,0.0,0.0,32766,872,10,681,32766,3.8639297485351562
2026-04-07T11:41:37.060,radio://0/80/2M,mission,0,0,Reacquire Wall,8191,0,0,0,0.0,0,0,0.0,0.0,71769,0,0,0.0,0.0,0.0,0.0,0.0,32766,872,10,681,32766,3.8639297485351562
2026-04-07T11:41:37.061,radio://0/80/2M,flow,0,0,Reacquire Wall,8191,0,0,0,0.0,0,0,0.0,0.0,72019,-3,0,0.0,0.0,0.0,0.0,0.0,32766,872,10,681,32766,3.8639297485351562
2026-04-07T11:41:37.063,radio://0/80/2M,range,0,0,Reacquire Wall,8191,0,0,0,0.0,0,0,0.0,0.0,72019,-3,0,0.0,0.0,0.0,0.0,0.0,0,32766,8,708,32766,3.853372573852539
2026-04-07T11:41:37.309,radio://0/80/2M,mission,0,0,Reacquire Wall,8191,0,0,0,0.0,0,0,0.0,0.0,72019,-3,0,0.0,0.0,0.0,0.0,0.0,0,32766,8,708,32766,3.853372573852539
2026-04-07T11:41:37.312,radio://0/80/2M,flow,0,0,Reacquire Wall,8191,0,0,0,0.0,0,0,0.0,0.0,72269,0,0,0.0,0.0,0.0,0.0,0.0,0,32766,8,708,32766,3.853372573852539
2026-04-07T11:41:37.313,radio://0/80/2M,range,0,0,Reacquire Wall,8191,0,0,0,0.0,0,0,0.0,0.0,72269,0,0,0.0,0.0,0.0,0.0,0.0,0,32766,9,731,2482,3.8639297485351562
2026-04-07T11:41:37.558,radio://0/80/2M,mission,0,0,Reacquire Wall,8191,0,0,0,0.0,0,0,0.0,0.0,72269,0,0,0.0,0.0,0.0,0.0,0.0,0,32766,9,731,2482,3.8639297485351562
2026-04-07T11:41:37.561,radio://0/80/2M,flow,0,0,Reacquire Wall,8191,0,0,0,0.0,0,0,0.0,0.0,72519,0,0,0.0,0.0,0.0,0.0,0.0,0,32766,9,731,2482,3.8639297485351562
2026-04-07T11:41:37.563,radio://0/80/2M,range,0,0,Reacquire Wall,8191,0,0,0,0.0,0,0,0.0,0.0,72519,0,0,0.0,0.0,0.0,0.0,0.0,0,32766,9,732,32766,3.8586511611938477
2026-04-07T11:41:37.809,radio://0/80/2M,mission,0,0,Reacquire Wall,8191,0,0,0,0.0,0,0,0.0,0.0,72519,0,0,0.0,0.0,0.0,0.0,0.0,0,32766,9,732,32766,3.8586511611938477
2026-04-07T11:41:37.810,radio://0/80/2M,flow,0,0,Reacquire Wall,8191,0,0,0,0.0,0,0,0.0,0.0,72769,-1,1,0.0,0.0,0.0,0.0,0.0,0,32766,9,732,32766,3.8586511611938477
2026-04-07T11:41:37.812,radio://0/80/2M,range,0,0,Reacquire Wall,8191,0,0,0,0.0,0,0,0.0,0.0,72769,-1,1,0.0,0.0,0.0,0.0,0.0,32766,32766,10,725,2436,3.8639297485351562
2026-04-07T11:41:38.058,radio://0/80/2M,mission,0,0,Reacquire Wall,8191,0,0,0,0.0,0,0,0.0,0.0,72769,-1,1,0.0,0.0,0.0,0.0,0.0,32766,32766,10,725,2436,3.8639297485351562
2026-04-07T11:41:38.061,radio://0/80/2M,flow,0,0,Reacquire Wall,5820,0,0,0,0.0,0,0,0.0,0.0,73019,-10,-4,0.0,0.0,0.0,0.0,0.0,32766,32766,10,725,2436,3.8639297485351562
2026-04-07T11:41:38.062,radio://0/80/2M,range,0,0,Reacquire Wall,5820,0,0,0,0.0,0,0,0.0,0.0,73019,-10,-4,0.0,0.0,0.0,0.0,0.0,32766,32766,10,745,32766,3.8586511611938477
2026-04-07T11:41:38.309,radio://0/80/2M,mission,0,0,Reacquire Wall,5820,0,0,0,0.0,0,0,0.0,0.0,73019,-10,-4,0.0,0.0,0.0,0.0,0.0,32766,32766,10,745,32766,3.8586511611938477
2026-04-07T11:41:38.310,radio://0/80/2M,flow,0,0,Reacquire Wall,8191,0,0,0,0.0,0,0,0.0,0.0,73269,0,4,0.0,0.0,0.0,0.0,0.0,32766,32766,10,745,32766,3.8586511611938477
2026-04-07T11:41:38.313,radio://0/80/2M,range,0,0,Reacquire Wall,8191,0,0,0,0.0,0,0,0.0,0.0,73269,0,4,0.0,0.0,0.0,0.0,0.0,0,917,10,858,2214,3.8639297485351562
2026-04-07T11:41:38.559,radio://0/80/2M,mission,0,0,Reacquire Wall,8191,0,0,0,0.0,0,0,0.0,0.0,73269,0,4,0.0,0.0,0.0,0.0,0.0,0,917,10,858,2214,3.8639297485351562
2026-04-07T11:41:38.561,radio://0/80/2M,flow,0,0,Reacquire Wall,8191,0,0,0,0.0,0,0,0.0,0.0,73519,7,-7,0.0,0.0,0.0,0.0,0.0,0,917,10,858,2214,3.8639297485351562
2026-04-07T11:41:38.562,radio://0/80/2M,range,0,0,Reacquire Wall,8191,0,0,0,0.0,0,0,0.0,0.0,73519,7,-7,0.0,0.0,0.0,0.0,0.0,32766,32766,8,32766,1849,3.8586511611938477
2026-04-07T11:41:38.808,radio://0/80/2M,mission,0,0,Reacquire Wall,8191,0,0,0,0.0,0,0,0.0,0.0,73519,7,-7,0.0,0.0,0.0,0.0,0.0,32766,32766,8,32766,1849,3.8586511611938477
2026-04-07T11:41:38.811,radio://0/80/2M,flow,0,0,Reacquire Wall,8191,0,0,0,0.0,0,0,0.0,0.0,73769,-5,-2,0.0,0.0,0.0,0.0,0.0,32766,32766,8,32766,1849,3.8586511611938477
2026-04-07T11:41:38.812,radio://0/80/2M,range,0,0,Reacquire Wall,8191,0,0,0,0.0,0,0,0.0,0.0,73769,-5,-2,0.0,0.0,0.0,0.0,0.0,0,32766,9,32766,1818,3.8639297485351562
2026-04-07T11:41:39.059,radio://0/80/2M,mission,0,0,Reacquire Wall,8191,0,0,0,0.0,0,0,0.0,0.0,73769,-5,-2,0.0,0.0,0.0,0.0,0.0,0,32766,9,32766,1818,3.8639297485351562
2026-04-07T11:41:39.060,radio://0/80/2M,flow,0,0,Reacquire Wall,8191,0,0,0,0.0,0,0,0.0,0.0,74019,4,-3,0.0,0.0,0.0,0.0,0.0,0,32766,9,32766,1818,3.8639297485351562
2026-04-07T11:41:39.061,radio://0/80/2M,range,0,0,Reacquire Wall,8191,0,0,0,0.0,0,0,0.0,0.0,74019,4,-3,0.0,0.0,0.0,0.0,0.0,32766,32766,8,32766,1763,3.8586511611938477
2026-04-07T11:41:39.307,radio://0/80/2M,mission,0,0,Reacquire Wall,8191,0,0,0,0.0,0,0,0.0,0.0,74019,4,-3,0.0,0.0,0.0,0.0,0.0,32766,32766,8,32766,1763,3.8586511611938477
2026-04-07T11:41:39.310,radio://0/80/2M,flow,0,0,Reacquire Wall,8191,0,0,0,0.0,0,0,0.0,0.0,74269,1,1,0.0,0.0,0.0,0.0,0.0,32766,32766,8,32766,1763,3.8586511611938477
2026-04-07T11:41:39.311,radio://0/80/2M,range,0,0,Reacquire Wall,8191,0,0,0,0.0,0,0,0.0,0.0,74269,1,1,0.0,0.0,0.0,0.0,0.0,0,32766,8,32766,1762,3.8639297485351562
2026-04-07T11:41:39.557,radio://0/80/2M,mission,0,0,Reacquire Wall,8191,0,0,0,0.0,0,0,0.0,0.0,74269,1,1,0.0,0.0,0.0,0.0,0.0,0,32766,8,32766,1762,3.8639297485351562
2026-04-07T11:41:39.560,radio://0/80/2M,flow,0,0,Reacquire Wall,8191,0,0,0,0.0,0,0,0.0,0.0,74519,2,0,0.0,0.0,0.0,0.0,0.0,0,32766,8,32766,1762,3.8639297485351562
2026-04-07T11:41:39.561,radio://0/80/2M,range,0,0,Reacquire Wall,8191,0,0,0,0.0,0,0,0.0,0.0,74519,2,0,0.0,0.0,0.0,0.0,0.0,0,32766,7,32766,1740,3.853372573852539
2026-04-07T11:41:39.808,radio://0/80/2M,mission,0,0,Reacquire Wall,8191,0,0,0,0.0,0,0,0.0,0.0,74519,2,0,0.0,0.0,0.0,0.0,0.0,0,32766,7,32766,1740,3.853372573852539
2026-04-07T11:41:39.809,radio://0/80/2M,flow,0,0,Reacquire Wall,8191,0,0,0,0.0,0,0,0.0,0.0,74769,0,0,0.0,0.0,0.0,0.0,0.0,0,32766,7,32766,1740,3.853372573852539
2026-04-07T11:41:39.811,radio://0/80/2M,range,0,0,Reacquire Wall,8191,0,0,0,0.0,0,0,0.0,0.0,74769,0,0,0.0,0.0,0.0,0.0,0.0,0,32766,10,943,1748,3.8639297485351562
2026-04-07T11:41:40.056,radio://0/80/2M,mission,0,0,Reacquire Wall,8191,0,0,0,0.0,0,0,0.0,0.0,74769,0,0,0.0,0.0,0.0,0.0,0.0,0,32766,10,943,1748,3.8639297485351562
2026-04-07T11:41:40.059,radio://0/80/2M,flow,0,0,Reacquire Wall,8191,0,0,0,0.0,0,0,0.0,0.0,75019,0,0,0.0,0.0,0.0,0.0,0.0,0,32766,10,943,1748,3.8639297485351562
2026-04-07T11:41:40.061,radio://0/80/2M,range,0,0,Reacquire Wall,8191,0,0,0,0.0,0,0,0.0,0.0,75019,0,0,0.0,0.0,0.0,0.0,0.0,0,32766,9,909,1774,3.8586511611938477
2026-04-07T11:41:40.306,radio://0/80/2M,mission,0,0,Reacquire Wall,8191,0,0,0,0.0,0,0,0.0,0.0,75019,0,0,0.0,0.0,0.0,0.0,0.0,0,32766,9,909,1774,3.8586511611938477
2026-04-07T11:41:40.308,radio://0/80/2M,flow,0,0,Reacquire Wall,8191,0,0,0,0.0,0,0,0.0,0.0,75269,0,0,0.0,0.0,0.0,0.0,0.0,0,32766,9,909,1774,3.8586511611938477
2026-04-07T11:41:40.311,radio://0/80/2M,range,0,0,Reacquire Wall,8191,0,0,0,0.0,0,0,0.0,0.0,75269,0,0,0.0,0.0,0.0,0.0,0.0,32766,32766,9,32766,1827,3.8639297485351562
2026-04-07T11:41:40.557,radio://0/80/2M,mission,0,0,Reacquire Wall,8191,0,0,0,0.0,0,0,0.0,0.0,75269,0,0,0.0,0.0,0.0,0.0,0.0,32766,32766,9,32766,1827,3.8639297485351562
2026-04-07T11:41:40.558,radio://0/80/2M,flow,0,0,Reacquire Wall,8191,0,0,0,0.0,0,0,0.0,0.0,75519,0,0,0.0,0.0,0.0,0.0,0.0,32766,32766,9,32766,1827,3.8639297485351562
2026-04-07T11:41:40.560,radio://0/80/2M,range,0,0,Reacquire Wall,8191,0,0,0,0.0,0,0,0.0,0.0,75519,0,0,0.0,0.0,0.0,0.0,0.0,32766,205,8,32766,1832,3.8586511611938477
2026-04-07T11:41:40.806,radio://0/80/2M,mission,0,0,Reacquire Wall,8191,0,0,0,0.0,0,0,0.0,0.0,75519,0,0,0.0,0.0,0.0,0.0,0.0,32766,205,8,32766,1832,3.8586511611938477
2026-04-07T11:41:40.809,radio://0/80/2M,flow,0,0,Reacquire Wall,8191,0,0,0,0.0,0,0,0.0,0.0,75769,0,0,0.0,0.0,0.0,0.0,0.0,32766,205,8,32766,1832,3.8586511611938477
2026-04-07T11:41:40.810,radio://0/80/2M,range,0,0,Reacquire Wall,8191,0,0,0,0.0,0,0,0.0,0.0,75769,0,0,0.0,0.0,0.0,0.0,0.0,32766,202,8,32766,1824,3.8639297485351562
2026-04-07T11:41:41.056,radio://0/80/2M,mission,0,0,Reacquire Wall,8191,0,0,0,0.0,0,0,0.0,0.0,75769,0,0,0.0,0.0,0.0,0.0,0.0,32766,202,8,32766,1824,3.8639297485351562
2026-04-07T11:41:41.059,radio://0/80/2M,flow,0,0,Reacquire Wall,8191,0,0,0,0.0,0,0,0.0,0.0,76019,0,0,0.0,0.0,0.0,0.0,0.0,32766,202,8,32766,1824,3.8639297485351562
2026-04-07T11:41:41.060,radio://0/80/2M,range,0,0,Reacquire Wall,8191,0,0,0,0.0,0,0,0.0,0.0,76019,0,0,0.0,0.0,0.0,0.0,0.0,32766,190,10,32766,1807,3.8586511611938477
2026-04-07T11:41:41.305,radio://0/80/2M,mission,0,0,Reacquire Wall,8191,0,0,0,0.0,0,0,0.0,0.0,76019,0,0,0.0,0.0,0.0,0.0,0.0,32766,190,10,32766,1807,3.8586511611938477
2026-04-07T11:41:41.309,radio://0/80/2M,flow,0,0,Reacquire Wall,8191,0,0,0,0.0,0,0,0.0,0.0,76269,0,0,0.0,0.0,0.0,0.0,0.0,32766,190,10,32766,1807,3.8586511611938477
2026-04-07T11:41:41.311,radio://0/80/2M,range,0,0,Reacquire Wall,8191,0,0,0,0.0,0,0,0.0,0.0,76269,0,0,0.0,0.0,0.0,0.0,0.0,32766,160,11,32766,1807,3.8639297485351562
2026-04-07T11:41:41.555,radio://0/80/2M,mission,0,0,Reacquire Wall,8191,0,0,0,0.0,0,0,0.0,0.0,76269,0,0,0.0,0.0,0.0,0.0,0.0,32766,160,11,32766,1807,3.8639297485351562
2026-04-07T11:41:41.558,radio://0/80/2M,flow,0,0,Reacquire Wall,8191,0,0,0,0.0,0,0,0.0,0.0,76519,0,0,0.0,0.0,0.0,0.0,0.0,32766,160,11,32766,1807,3.8639297485351562
2026-04-07T11:41:41.560,radio://0/80/2M,range,0,0,Reacquire Wall,8191,0,0,0,0.0,0,0,0.0,0.0,76519,0,0,0.0,0.0,0.0,0.0,0.0,32766,88,9,32766,1859,3.8586511611938477
2026-04-07T11:41:41.805,radio://0/80/2M,mission,0,0,Reacquire Wall,8191,0,0,0,0.0,0,0,0.0,0.0,76519,0,0,0.0,0.0,0.0,0.0,0.0,32766,88,9,32766,1859,3.8586511611938477
2026-04-07T11:41:41.808,radio://0/80/2M,flow,0,0,Reacquire Wall,8191,0,0,0,0.0,0,0,0.0,0.0,76769,0,0,0.0,0.0,0.0,0.0,0.0,32766,88,9,32766,1859,3.8586511611938477
2026-04-07T11:41:41.810,radio://0/80/2M,range,0,0,Reacquire Wall,8191,0,0,0,0.0,0,0,0.0,0.0,76769,0,0,0.0,0.0,0.0,0.0,0.0,32766,73,9,32766,1867,3.8639297485351562
2026-04-07T11:41:42.055,radio://0/80/2M,mission,0,0,Reacquire Wall,8191,0,0,0,0.0,0,0,0.0,0.0,76769,0,0,0.0,0.0,0.0,0.0,0.0,32766,73,9,32766,1867,3.8639297485351562
2026-04-07T11:41:42.058,radio://0/80/2M,flow,0,0,Reacquire Wall,8191,0,0,0,0.0,0,0,0.0,0.0,77019,0,0,0.0,0.0,0.0,0.0,0.0,32766,73,9,32766,1867,3.8639297485351562
2026-04-07T11:41:42.059,radio://0/80/2M,range,0,0,Reacquire Wall,8191,0,0,0,0.0,0,0,0.0,0.0,77019,0,0,0.0,0.0,0.0,0.0,0.0,32766,62,8,32766,1874,3.8586511611938477
2026-04-07T11:41:42.305,radio://0/80/2M,mission,0,0,Reacquire Wall,8191,0,0,0,0.0,0,0,0.0,0.0,77019,0,0,0.0,0.0,0.0,0.0,0.0,32766,62,8,32766,1874,3.8586511611938477
2026-04-07T11:41:42.308,radio://0/80/2M,flow,0,0,Reacquire Wall,8191,0,0,0,0.0,0,0,0.0,0.0,77269,0,0,0.0,0.0,0.0,0.0,0.0,32766,62,8,32766,1874,3.8586511611938477
2026-04-07T11:41:42.310,radio://0/80/2M,range,0,0,Reacquire Wall,8191,0,0,0,0.0,0,0,0.0,0.0,77269,0,0,0.0,0.0,0.0,0.0,0.0,32766,104,11,32766,1825,3.869208335876465
2026-04-07T11:41:42.555,radio://0/80/2M,mission,0,0,Reacquire Wall,8191,0,0,0,0.0,0,0,0.0,0.0,77269,0,0,0.0,0.0,0.0,0.0,0.0,32766,104,11,32766,1825,3.869208335876465
2026-04-07T11:41:42.558,radio://0/80/2M,flow,0,0,Reacquire Wall,8191,0,0,0,0.0,0,0,0.0,0.0,77519,0,0,0.0,0.0,0.0,0.0,0.0,32766,104,11,32766,1825,3.869208335876465
2026-04-07T11:41:42.559,radio://0/80/2M,range,0,0,Reacquire Wall,8191,0,0,0,0.0,0,0,0.0,0.0,77519,0,0,0.0,0.0,0.0,0.0,0.0,32766,1683,13,981,544,3.8586511611938477
2026-04-07T11:41:42.804,radio://0/80/2M,mission,0,0,Reacquire Wall,8191,0,0,0,0.0,0,0,0.0,0.0,77519,0,0,0.0,0.0,0.0,0.0,0.0,32766,1683,13,981,544,3.8586511611938477
2026-04-07T11:41:42.807,radio://0/80/2M,flow,0,0,Reacquire Wall,8191,0,0,0,0.0,0,0,0.0,0.0,77769,0,0,0.0,0.0,0.0,0.0,0.0,32766,1683,13,981,544,3.8586511611938477
2026-04-07T11:41:42.809,radio://0/80/2M,range,0,0,Reacquire Wall,8191,0,0,0,0.0,0,0,0.0,0.0,77769,0,0,0.0,0.0,0.0,0.0,0.0,32766,1597,11,32766,583,3.8639297485351562
2026-04-07T11:41:43.062,radio://0/80/2M,mission,0,0,Reacquire Wall,8191,0,0,0,0.0,0,0,0.0,0.0,77769,0,0,0.0,0.0,0.0,0.0,0.0,32766,1597,11,32766,583,3.8639297485351562
2026-04-07T11:41:43.066,radio://0/80/2M,flow,0,0,Reacquire Wall,8191,0,0,0,0.0,0,0,0.0,0.0,78019,0,0,0.0,0.0,0.0,0.0,0.0,32766,1597,11,32766,583,3.8639297485351562
2026-04-07T11:41:43.068,radio://0/80/2M,range,0,0,Reacquire Wall,8191,0,0,0,0.0,0,0,0.0,0.0,78019,0,0,0.0,0.0,0.0,0.0,0.0,32766,1601,12,32766,459,3.853372573852539
2026-04-07T11:41:43.304,radio://0/80/2M,mission,0,0,Reacquire Wall,8191,0,0,0,0.0,0,0,0.0,0.0,78019,0,0,0.0,0.0,0.0,0.0,0.0,32766,1601,12,32766,459,3.853372573852539
2026-04-07T11:41:43.307,radio://0/80/2M,flow,0,0,Reacquire Wall,8191,0,0,0,0.0,0,0,0.0,0.0,78269,0,0,0.0,0.0,0.0,0.0,0.0,32766,1601,12,32766,459,3.853372573852539
2026-04-07T11:41:43.308,radio://0/80/2M,range,0,0,Reacquire Wall,8191,0,0,0,0.0,0,0,0.0,0.0,78269,0,0,0.0,0.0,0.0,0.0,0.0,32766,1677,12,32766,424,3.8639297485351562
2026-04-07T11:41:43.554,radio://0/80/2M,mission,0,0,Reacquire Wall,8191,0,0,0,0.0,0,0,0.0,0.0,78269,0,0,0.0,0.0,0.0,0.0,0.0,32766,1677,12,32766,424,3.8639297485351562
2026-04-07T11:41:43.557,radio://0/80/2M,flow,0,0,Reacquire Wall,8191,0,0,0,0.0,0,0,0.0,0.0,78519,0,0,0.0,0.0,0.0,0.0,0.0,32766,1677,12,32766,424,3.8639297485351562
2026-04-07T11:41:43.558,radio://0/80/2M,range,0,0,Reacquire Wall,8191,0,0,0,0.0,0,0,0.0,0.0,78519,0,0,0.0,0.0,0.0,0.0,0.0,32766,47,12,32766,32766,3.8586511611938477
2026-04-07T11:41:43.803,radio://0/80/2M,mission,0,0,Reacquire Wall,8191,0,0,0,0.0,0,0,0.0,0.0,78519,0,0,0.0,0.0,0.0,0.0,0.0,32766,47,12,32766,32766,3.8586511611938477
2026-04-07T11:41:43.806,radio://0/80/2M,flow,0,0,Reacquire Wall,8191,0,0,0,0.0,0,0,0.0,0.0,78769,0,0,0.0,0.0,0.0,0.0,0.0,32766,47,12,32766,32766,3.8586511611938477
2026-04-07T11:41:43.809,radio://0/80/2M,range,0,0,Reacquire Wall,8191,0,0,0,0.0,0,0,0.0,0.0,78769,0,0,0.0,0.0,0.0,0.0,0.0,32766,77,11,32766,333,3.8639297485351562
2026-04-07T11:41:44.054,radio://0/80/2M,mission,0,0,Reacquire Wall,8191,0,0,0,0.0,0,0,0.0,0.0,78769,0,0,0.0,0.0,0.0,0.0,0.0,32766,77,11,32766,333,3.8639297485351562
2026-04-07T11:41:44.057,radio://0/80/2M,flow,0,0,Reacquire Wall,8191,0,0,0,0.0,0,0,0.0,0.0,79019,0,0,0.0,0.0,0.0,0.0,0.0,32766,77,11,32766,333,3.8639297485351562
2026-04-07T11:41:44.058,radio://0/80/2M,range,0,0,Reacquire Wall,8191,0,0,0,0.0,0,0,0.0,0.0,79019,0,0,0.0,0.0,0.0,0.0,0.0,0,32766,12,32766,32766,3.853372573852539
2026-04-07T11:41:44.303,radio://0/80/2M,mission,0,0,Reacquire Wall,8191,0,0,0,0.0,0,0,0.0,0.0,79019,0,0,0.0,0.0,0.0,0.0,0.0,0,32766,12,32766,32766,3.853372573852539
2026-04-07T11:41:44.306,radio://0/80/2M,flow,0,0,Reacquire Wall,8191,0,0,0,0.0,0,0,0.0,0.0,79269,0,0,0.0,0.0,0.0,0.0,0.0,0,32766,12,32766,32766,3.853372573852539
2026-04-07T11:41:44.307,radio://0/80/2M,range,0,0,Reacquire Wall,8191,0,0,0,0.0,0,0,0.0,0.0,79269,0,0,0.0,0.0,0.0,0.0,0.0,32766,740,14,32766,451,3.8639297485351562
2026-04-07T11:41:44.553,radio://0/80/2M,mission,0,0,Reacquire Wall,8191,0,0,0,0.0,0,0,0.0,0.0,79269,0,0,0.0,0.0,0.0,0.0,0.0,32766,740,14,32766,451,3.8639297485351562
2026-04-07T11:41:44.556,radio://0/80/2M,flow,0,0,Reacquire Wall,8191,0,0,0,0.0,0,0,0.0,0.0,79519,0,0,0.0,0.0,0.0,0.0,0.0,32766,740,14,32766,451,3.8639297485351562
2026-04-07T11:41:44.558,radio://0/80/2M,range,0,0,Reacquire Wall,8191,0,0,0,0.0,0,0,0.0,0.0,79519,0,0,0.0,0.0,0.0,0.0,0.0,32766,1760,12,404,437,3.8586511611938477
2026-04-07T11:41:44.802,radio://0/80/2M,mission,0,0,Reacquire Wall,8191,0,0,0,0.0,0,0,0.0,0.0,79519,0,0,0.0,0.0,0.0,0.0,0.0,32766,1760,12,404,437,3.8586511611938477
2026-04-07T11:41:44.805,radio://0/80/2M,flow,0,0,Reacquire Wall,8191,0,0,0,0.0,0,0,0.0,0.0,79769,0,0,0.0,0.0,0.0,0.0,0.0,32766,1760,12,404,437,3.8586511611938477
2026-04-07T11:41:44.807,radio://0/80/2M,range,0,0,Reacquire Wall,8191,0,0,0,0.0,0,0,0.0,0.0,79769,0,0,0.0,0.0,0.0,0.0,0.0,32766,2197,14,32766,568,3.8639297485351562
2026-04-07T11:41:45.053,radio://0/80/2M,mission,0,0,Reacquire Wall,8191,0,0,0,0.0,0,0,0.0,0.0,79769,0,0,0.0,0.0,0.0,0.0,0.0,32766,2197,14,32766,568,3.8639297485351562
2026-04-07T11:41:45.055,radio://0/80/2M,flow,0,0,Reacquire Wall,8191,0,0,0,0.0,0,0,0.0,0.0,80019,0,0,0.0,0.0,0.0,0.0,0.0,32766,2197,14,32766,568,3.8639297485351562
2026-04-07T11:41:45.056,radio://0/80/2M,range,0,0,Reacquire Wall,8191,0,0,0,0.0,0,0,0.0,0.0,80019,0,0,0.0,0.0,0.0,0.0,0.0,0,529,11,32766,1911,3.8586511611938477
2026-04-07T11:41:45.302,radio://0/80/2M,mission,0,0,Reacquire Wall,8191,0,0,0,0.0,0,0,0.0,0.0,80019,0,0,0.0,0.0,0.0,0.0,0.0,0,529,11,32766,1911,3.8586511611938477
2026-04-07T11:41:45.305,radio://0/80/2M,flow,0,0,Reacquire Wall,8191,0,0,0,0.0,0,0,0.0,0.0,80269,0,0,0.0,0.0,0.0,0.0,0.0,0,529,11,32766,1911,3.8586511611938477
2026-04-07T11:41:45.306,radio://0/80/2M,range,0,0,Reacquire Wall,8191,0,0,0,0.0,0,0,0.0,0.0,80269,0,0,0.0,0.0,0.0,0.0,0.0,0,554,11,32766,1957,3.8639297485351562
2026-04-07T11:41:45.558,radio://0/80/2M,mission,0,0,Reacquire Wall,8191,0,0,0,0.0,0,0,0.0,0.0,80269,0,0,0.0,0.0,0.0,0.0,0.0,0,554,11,32766,1957,3.8639297485351562
2026-04-07T11:41:45.562,radio://0/80/2M,flow,0,0,Reacquire Wall,8191,0,0,0,0.0,0,0,0.0,0.0,80519,0,0,0.0,0.0,0.0,0.0,0.0,0,554,11,32766,1957,3.8639297485351562
2026-04-07T11:41:45.563,radio://0/80/2M,range,0,0,Reacquire Wall,8191,0,0,0,0.0,0,0,0.0,0.0,80519,0,0,0.0,0.0,0.0,0.0,0.0,0,600,14,32766,1959,3.853372573852539
2026-04-07T11:41:45.802,radio://0/80/2M,mission,0,0,Reacquire Wall,8191,0,0,0,0.0,0,0,0.0,0.0,80519,0,0,0.0,0.0,0.0,0.0,0.0,0,600,14,32766,1959,3.853372573852539
2026-04-07T11:41:45.805,radio://0/80/2M,flow,0,0,Reacquire Wall,8191,0,0,0,0.0,0,0,0.0,0.0,80769,-3,3,0.0,0.0,0.0,0.0,0.0,0,600,14,32766,1959,3.853372573852539
2026-04-07T11:41:45.807,radio://0/80/2M,range,0,0,Reacquire Wall,8191,0,0,0,0.0,0,0,0.0,0.0,80769,-3,3,0.0,0.0,0.0,0.0,0.0,0,645,13,32766,568,3.8639297485351562
2026-04-07T11:41:46.053,radio://0/80/2M,mission,0,0,Reacquire Wall,8191,0,0,0,0.0,0,0,0.0,0.0,80769,-3,3,0.0,0.0,0.0,0.0,0.0,0,645,13,32766,568,3.8639297485351562
2026-04-07T11:41:46.054,radio://0/80/2M,flow,0,0,Reacquire Wall,8191,0,0,0,0.0,0,0,0.0,0.0,81019,3,6,0.0,0.0,0.0,0.0,0.0,0,645,13,32766,568,3.8639297485351562
2026-04-07T11:41:46.056,radio://0/80/2M,range,0,0,Reacquire Wall,8191,0,0,0,0.0,0,0,0.0,0.0,81019,3,6,0.0,0.0,0.0,0.0,0.0,0,396,11,32766,527,3.8586511611938477
2026-04-07T11:41:46.302,radio://0/80/2M,mission,0,0,Reacquire Wall,8191,0,0,0,0.0,0,0,0.0,0.0,81019,3,6,0.0,0.0,0.0,0.0,0.0,0,396,11,32766,527,3.8586511611938477
2026-04-07T11:41:46.305,radio://0/80/2M,flow,0,0,Reacquire Wall,8191,0,0,0,0.0,0,0,0.0,0.0,81269,-6,0,0.0,0.0,0.0,0.0,0.0,0,396,11,32766,527,3.8586511611938477
2026-04-07T11:41:46.306,radio://0/80/2M,range,0,0,Reacquire Wall,8191,0,0,0,0.0,0,0,0.0,0.0,81269,-6,0,0.0,0.0,0.0,0.0,0.0,193,361,13,32766,516,3.8639297485351562
2026-04-07T11:41:46.552,radio://0/80/2M,mission,0,0,Reacquire Wall,8191,0,0,0,0.0,0,0,0.0,0.0,81269,-6,0,0.0,0.0,0.0,0.0,0.0,193,361,13,32766,516,3.8639297485351562
2026-04-07T11:41:46.555,radio://0/80/2M,flow,0,0,Reacquire Wall,3323,0,0,0,0.0,0,0,0.0,0.0,81519,-5,0,0.0,0.0,0.0,0.0,0.0,193,361,13,32766,516,3.8639297485351562
2026-04-07T11:41:46.556,radio://0/80/2M,range,0,0,Reacquire Wall,3323,0,0,0,0.0,0,0,0.0,0.0,81519,-5,0,0.0,0.0,0.0,0.0,0.0,293,367,11,32766,492,3.8586511611938477
2026-04-07T11:41:46.801,radio://0/80/2M,mission,0,0,Reacquire Wall,3323,0,0,0,0.0,0,0,0.0,0.0,81519,-5,0,0.0,0.0,0.0,0.0,0.0,293,367,11,32766,492,3.8586511611938477
2026-04-07T11:41:46.804,radio://0/80/2M,flow,0,0,Reacquire Wall,5730,0,0,0,0.0,0,0,0.0,0.0,81769,0,0,0.0,0.0,0.0,0.0,0.0,293,367,11,32766,492,3.8586511611938477
2026-04-07T11:41:46.806,radio://0/80/2M,range,0,0,Reacquire Wall,5730,0,0,0,0.0,0,0,0.0,0.0,81769,0,0,0.0,0.0,0.0,0.0,0.0,32766,325,9,32766,494,3.8639297485351562
2026-04-07T11:41:47.051,radio://0/80/2M,mission,0,0,Reacquire Wall,5730,0,0,0,0.0,0,0,0.0,0.0,81769,0,0,0.0,0.0,0.0,0.0,0.0,32766,325,9,32766,494,3.8639297485351562
2026-04-07T11:41:47.054,radio://0/80/2M,flow,0,0,Reacquire Wall,5730,0,0,0,0.0,0,0,0.0,0.0,82019,-11,2,0.0,0.0,0.0,0.0,0.0,32766,325,9,32766,494,3.8639297485351562
2026-04-07T11:41:47.055,radio://0/80/2M,range,0,0,Reacquire Wall,5730,0,0,0,0.0,0,0,0.0,0.0,82019,-11,2,0.0,0.0,0.0,0.0,0.0,32766,268,10,32766,1887,3.853372573852539
2026-04-07T11:41:47.301,radio://0/80/2M,mission,0,0,Reacquire Wall,5730,0,0,0,0.0,0,0,0.0,0.0,82019,-11,2,0.0,0.0,0.0,0.0,0.0,32766,268,10,32766,1887,3.853372573852539
2026-04-07T11:41:47.304,radio://0/80/2M,flow,0,0,Reacquire Wall,5730,0,0,0,0.0,0,0,0.0,0.0,82269,0,-10,0.0,0.0,0.0,0.0,0.0,32766,268,10,32766,1887,3.853372573852539
2026-04-07T11:41:47.305,radio://0/80/2M,range,0,0,Reacquire Wall,5730,0,0,0,0.0,0,0,0.0,0.0,82269,0,-10,0.0,0.0,0.0,0.0,0.0,274,290,11,32766,1775,3.8639297485351562
2026-04-07T11:41:47.551,radio://0/80/2M,mission,0,0,Reacquire Wall,5730,0,0,0,0.0,0,0,0.0,0.0,82269,0,-10,0.0,0.0,0.0,0.0,0.0,274,290,11,32766,1775,3.8639297485351562
2026-04-07T11:41:47.553,radio://0/80/2M,flow,0,0,Reacquire Wall,5730,0,0,0,0.0,0,0,0.0,0.0,82519,1,6,0.0,0.0,0.0,0.0,0.0,274,290,11,32766,1775,3.8639297485351562
2026-04-07T11:41:47.555,radio://0/80/2M,range,0,0,Reacquire Wall,5730,0,0,0,0.0,0,0,0.0,0.0,82519,1,6,0.0,0.0,0.0,0.0,0.0,32,32766,70,32766,2006,3.853372573852539
2026-04-07T11:41:47.801,radio://0/80/2M,mission,0,0,Reacquire Wall,5730,0,0,0,0.0,0,0,0.0,0.0,82519,1,6,0.0,0.0,0.0,0.0,0.0,32,32766,70,32766,2006,3.853372573852539
2026-04-07T11:41:47.803,radio://0/80/2M,flow,0,0,Reacquire Wall,5037,0,0,0,0.0,0,0,0.0,0.0,82769,0,0,0.0,0.0,0.0,0.0,0.0,32,32766,70,32766,2006,3.853372573852539
2026-04-07T11:41:47.804,radio://0/80/2M,range,0,0,Reacquire Wall,5037,0,0,0,0.0,0,0,0.0,0.0,82769,0,0,0.0,0.0,0.0,0.0,0.0,76,317,74,32766,1769,3.8639297485351562
2026-04-07T11:41:48.051,radio://0/80/2M,mission,0,0,Reacquire Wall,5037,0,0,0,0.0,0,0,0.0,0.0,82769,0,0,0.0,0.0,0.0,0.0,0.0,76,317,74,32766,1769,3.8639297485351562
2026-04-07T11:41:48.053,radio://0/80/2M,flow,0,0,Reacquire Wall,4428,0,0,0,0.0,0,0,0.0,0.0,83019,0,0,0.0,0.0,0.0,0.0,0.0,76,317,74,32766,1769,3.8639297485351562
2026-04-07T11:41:48.055,radio://0/80/2M,range,0,0,Reacquire Wall,4428,0,0,0,0.0,0,0,0.0,0.0,83019,0,0,0.0,0.0,0.0,0.0,0.0,1,297,66,32766,469,3.8586511611938477
2026-04-07T11:41:48.300,radio://0/80/2M,mission,0,0,Reacquire Wall,4428,0,0,0,0.0,0,0,0.0,0.0,83019,0,0,0.0,0.0,0.0,0.0,0.0,1,297,66,32766,469,3.8586511611938477
2026-04-07T11:41:48.302,radio://0/80/2M,flow,0,0,Reacquire Wall,4428,0,0,0,0.0,0,0,0.0,0.0,83269,0,-1,0.0,0.0,0.0,0.0,0.0,1,297,66,32766,469,3.8586511611938477
2026-04-07T11:41:48.304,radio://0/80/2M,range,0,0,Reacquire Wall,4428,0,0,0,0.0,0,0,0.0,0.0,83269,0,-1,0.0,0.0,0.0,0.0,0.0,51,309,79,32766,569,3.8639297485351562
2026-04-07T11:41:48.550,radio://0/80/2M,mission,0,0,Reacquire Wall,4428,0,0,0,0.0,0,0,0.0,0.0,83269,0,-1,0.0,0.0,0.0,0.0,0.0,51,309,79,32766,569,3.8639297485351562
2026-04-07T11:41:48.553,radio://0/80/2M,flow,0,0,Reacquire Wall,4428,0,0,0,0.0,0,0,0.0,0.0,83519,3,-4,0.0,0.0,0.0,0.0,0.0,51,309,79,32766,569,3.8639297485351562
2026-04-07T11:41:48.554,radio://0/80/2M,range,0,0,Reacquire Wall,4428,0,0,0,0.0,0,0,0.0,0.0,83519,3,-4,0.0,0.0,0.0,0.0,0.0,16,312,76,32766,566,3.853372573852539
2026-04-07T11:41:48.800,radio://0/80/2M,mission,0,0,Reacquire Wall,4428,0,0,0,0.0,0,0,0.0,0.0,83519,3,-4,0.0,0.0,0.0,0.0,0.0,16,312,76,32766,566,3.853372573852539
2026-04-07T11:41:48.802,radio://0/80/2M,flow,0,0,Reacquire Wall,4998,0,0,0,0.0,0,0,0.0,0.0,83769,10,-7,0.0,0.0,0.0,0.0,0.0,16,312,76,32766,566,3.853372573852539
2026-04-07T11:41:48.804,radio://0/80/2M,range,0,0,Reacquire Wall,4998,0,0,0,0.0,0,0,0.0,0.0,83769,10,-7,0.0,0.0,0.0,0.0,0.0,40,291,88,32766,32766,3.8639297485351562
2026-04-07T11:41:49.049,radio://0/80/2M,mission,0,0,Reacquire Wall,4998,0,0,0,0.0,0,0,0.0,0.0,83769,10,-7,0.0,0.0,0.0,0.0,0.0,40,291,88,32766,32766,3.8639297485351562
2026-04-07T11:41:49.052,radio://0/80/2M,flow,0,0,Reacquire Wall,7186,0,0,0,0.0,0,0,0.0,0.0,84019,-4,-1,0.0,0.0,0.0,0.0,0.0,40,291,88,32766,32766,3.8639297485351562
2026-04-07T11:41:49.053,radio://0/80/2M,range,0,0,Reacquire Wall,7186,0,0,0,0.0,0,0,0.0,0.0,84019,-4,-1,0.0,0.0,0.0,0.0,0.0,32766,222,104,32766,471,3.8586511611938477
2026-04-07T11:41:49.299,radio://0/80/2M,mission,0,0,Reacquire Wall,7186,0,0,0,0.0,0,0,0.0,0.0,84019,-4,-1,0.0,0.0,0.0,0.0,0.0,32766,222,104,32766,471,3.8586511611938477
2026-04-07T11:41:49.301,radio://0/80/2M,flow,0,0,Reacquire Wall,7635,0,0,0,0.0,0,0,0.0,0.0,84269,-2,-1,0.0,0.0,0.0,0.0,0.0,32766,222,104,32766,471,3.8586511611938477
2026-04-07T11:41:49.304,radio://0/80/2M,range,0,0,Reacquire Wall,7635,0,0,0,0.0,0,0,0.0,0.0,84269,-2,-1,0.0,0.0,0.0,0.0,0.0,70,178,95,32766,558,3.8639297485351562
2026-04-07T11:41:49.549,radio://0/80/2M,mission,0,0,Reacquire Wall,7635,0,0,0,0.0,0,0,0.0,0.0,84269,-2,-1,0.0,0.0,0.0,0.0,0.0,70,178,95,32766,558,3.8639297485351562
2026-04-07T11:41:49.551,radio://0/80/2M,flow,0,0,Reacquire Wall,7635,0,0,0,0.0,0,0,0.0,0.0,84519,0,0,0.0,0.0,0.0,0.0,0.0,70,178,95,32766,558,3.8639297485351562
2026-04-07T11:41:49.554,radio://0/80/2M,range,0,0,Reacquire Wall,7635,0,0,0,0.0,0,0,0.0,0.0,84519,0,0,0.0,0.0,0.0,0.0,0.0,32766,116,96,983,1929,3.8586511611938477
2026-04-07T11:41:49.799,radio://0/80/2M,mission,0,0,Reacquire Wall,7635,0,0,0,0.0,0,0,0.0,0.0,84519,0,0,0.0,0.0,0.0,0.0,0.0,32766,116,96,983,1929,3.8586511611938477
2026-04-07T11:41:49.801,radio://0/80/2M,flow,0,0,Reacquire Wall,7635,0,0,0,0.0,0,0,0.0,0.0,84769,0,0,0.0,0.0,0.0,0.0,0.0,32766,116,96,983,1929,3.8586511611938477
2026-04-07T11:41:49.803,radio://0/80/2M,range,0,0,Reacquire Wall,7635,0,0,0,0.0,0,0,0.0,0.0,84769,0,0,0.0,0.0,0.0,0.0,0.0,32766,105,95,987,1978,3.8639297485351562
2026-04-07T11:41:50.048,radio://0/80/2M,mission,0,0,Reacquire Wall,7635,0,0,0,0.0,0,0,0.0,0.0,84769,0,0,0.0,0.0,0.0,0.0,0.0,32766,105,95,987,1978,3.8639297485351562
2026-04-07T11:41:50.050,radio://0/80/2M,flow,0,0,Reacquire Wall,8112,0,0,0,0.0,0,0,0.0,0.0,85019,0,0,0.0,0.0,0.0,0.0,0.0,32766,105,95,987,1978,3.8639297485351562
2026-04-07T11:41:50.052,radio://0/80/2M,range,0,0,Reacquire Wall,8112,0,0,0,0.0,0,0,0.0,0.0,85019,0,0,0.0,0.0,0.0,0.0,0.0,32766,110,94,999,1981,3.853372573852539
2026-04-07T11:41:50.299,radio://0/80/2M,mission,0,0,Reacquire Wall,8112,0,0,0,0.0,0,0,0.0,0.0,85019,0,0,0.0,0.0,0.0,0.0,0.0,32766,110,94,999,1981,3.853372573852539
2026-04-07T11:41:50.301,radio://0/80/2M,flow,0,0,Reacquire Wall,8112,0,0,0,0.0,0,0,0.0,0.0,85269,0,0,0.0,0.0,0.0,0.0,0.0,32766,110,94,999,1981,3.853372573852539
2026-04-07T11:41:50.303,radio://0/80/2M,range,0,0,Reacquire Wall,8112,0,0,0,0.0,0,0,0.0,0.0,85269,0,0,0.0,0.0,0.0,0.0,0.0,32766,111,92,994,1972,3.8639297485351562
2026-04-07T11:41:50.549,radio://0/80/2M,mission,0,0,Reacquire Wall,8112,0,0,0,0.0,0,0,0.0,0.0,85269,0,0,0.0,0.0,0.0,0.0,0.0,32766,111,92,994,1972,3.8639297485351562
2026-04-07T11:41:50.552,radio://0/80/2M,flow,0,0,Reacquire Wall,8191,0,0,0,0.0,0,0,0.0,0.0,85519,3,0,0.0,0.0,0.0,0.0,0.0,32766,111,92,994,1972,3.8639297485351562
2026-04-07T11:41:50.553,radio://0/80/2M,range,0,0,Reacquire Wall,8191,0,0,0,0.0,0,0,0.0,0.0,85519,3,0,0.0,0.0,0.0,0.0,0.0,32766,106,82,978,1961,3.853372573852539
2026-04-07T11:41:50.798,radio://0/80/2M,mission,0,0,Reacquire Wall,8191,0,0,0,0.0,0,0,0.0,0.0,85519,3,0,0.0,0.0,0.0,0.0,0.0,32766,106,82,978,1961,3.853372573852539
2026-04-07T11:41:50.801,radio://0/80/2M,flow,0,0,Reacquire Wall,8191,0,0,0,0.0,0,0,0.0,0.0,85769,2,4,0.0,0.0,0.0,0.0,0.0,32766,106,82,978,1961,3.853372573852539
2026-04-07T11:41:50.802,radio://0/80/2M,range,0,0,Reacquire Wall,8191,0,0,0,0.0,0,0,0.0,0.0,85769,2,4,0.0,0.0,0.0,0.0,0.0,129,145,85,32766,617,3.8639297485351562
2026-04-07T11:41:51.049,radio://0/80/2M,mission,0,0,Reacquire Wall,8191,0,0,0,0.0,0,0,0.0,0.0,85769,2,4,0.0,0.0,0.0,0.0,0.0,129,145,85,32766,617,3.8639297485351562
2026-04-07T11:41:51.051,radio://0/80/2M,flow,0,0,Reacquire Wall,7680,0,0,0,0.0,0,0,0.0,0.0,86019,6,-3,0.0,0.0,0.0,0.0,0.0,129,145,85,32766,617,3.8639297485351562
2026-04-07T11:41:51.052,radio://0/80/2M,range,0,0,Reacquire Wall,7680,0,0,0,0.0,0,0,0.0,0.0,86019,6,-3,0.0,0.0,0.0,0.0,0.0,131,257,86,32766,491,3.8586511611938477
2026-04-07T11:41:51.297,radio://0/80/2M,mission,0,0,Reacquire Wall,7680,0,0,0,0.0,0,0,0.0,0.0,86019,6,-3,0.0,0.0,0.0,0.0,0.0,131,257,86,32766,491,3.8586511611938477
2026-04-07T11:41:51.300,radio://0/80/2M,flow,0,0,Reacquire Wall,7680,0,0,0,0.0,0,0,0.0,0.0,86269,3,0,0.0,0.0,0.0,0.0,0.0,131,257,86,32766,491,3.8586511611938477
2026-04-07T11:41:51.302,radio://0/80/2M,range,0,0,Reacquire Wall,7680,0,0,0,0.0,0,0,0.0,0.0,86269,3,0,0.0,0.0,0.0,0.0,0.0,32766,335,82,32766,505,3.8639297485351562
2026-04-07T11:41:51.547,radio://0/80/2M,mission,0,0,Reacquire Wall,7680,0,0,0,0.0,0,0,0.0,0.0,86269,3,0,0.0,0.0,0.0,0.0,0.0,32766,335,82,32766,505,3.8639297485351562
2026-04-07T11:41:51.550,radio://0/80/2M,flow,0,0,Reacquire Wall,7680,0,0,0,0.0,0,0,0.0,0.0,86519,0,0,0.0,0.0,0.0,0.0,0.0,32766,335,82,32766,505,3.8639297485351562
2026-04-07T11:41:51.552,radio://0/80/2M,range,0,0,Reacquire Wall,7680,0,0,0,0.0,0,0,0.0,0.0,86519,0,0,0.0,0.0,0.0,0.0,0.0,32766,412,85,32766,587,3.8586511611938477
2026-04-07T11:41:51.797,radio://0/80/2M,mission,0,0,Reacquire Wall,7680,0,0,0,0.0,0,0,0.0,0.0,86519,0,0,0.0,0.0,0.0,0.0,0.0,32766,412,85,32766,587,3.8586511611938477
2026-04-07T11:41:51.800,radio://0/80/2M,flow,0,0,Reacquire Wall,7200,0,0,0,0.0,0,0,0.0,0.0,86769,3,0,0.0,0.0,0.0,0.0,0.0,32766,412,85,32766,587,3.8586511611938477
2026-04-07T11:41:51.801,radio://0/80/2M,range,0,0,Reacquire Wall,7200,0,0,0,0.0,0,0,0.0,0.0,86769,3,0,0.0,0.0,0.0,0.0,0.0,32766,450,84,32766,666,3.8639297485351562
2026-04-07T11:41:52.047,radio://0/80/2M,mission,0,0,Reacquire Wall,7200,0,0,0,0.0,0,0,0.0,0.0,86769,3,0,0.0,0.0,0.0,0.0,0.0,32766,450,84,32766,666,3.8639297485351562
2026-04-07T11:41:52.050,radio://0/80/2M,flow,0,0,Reacquire Wall,7200,0,0,0,0.0,0,0,0.0,0.0,87019,0,0,0.0,0.0,0.0,0.0,0.0,32766,450,84,32766,666,3.8639297485351562
2026-04-07T11:41:52.052,radio://0/80/2M,range,0,0,Reacquire Wall,7200,0,0,0,0.0,0,0,0.0,0.0,87019,0,0,0.0,0.0,0.0,0.0,0.0,5,459,84,32766,661,3.853372573852539
2026-04-07T11:41:52.297,radio://0/80/2M,mission,0,0,Reacquire Wall,7200,0,0,0,0.0,0,0,0.0,0.0,87019,0,0,0.0,0.0,0.0,0.0,0.0,5,459,84,32766,661,3.853372573852539
2026-04-07T11:41:52.299,radio://0/80/2M,flow,0,0,Reacquire Wall,7200,0,0,0,0.0,0,0,0.0,0.0,87269,-3,0,0.0,0.0,0.0,0.0,0.0,5,459,84,32766,661,3.853372573852539
2026-04-07T11:41:52.301,radio://0/80/2M,range,0,0,Reacquire Wall,7200,0,0,0,0.0,0,0,0.0,0.0,87269,-3,0,0.0,0.0,0.0,0.0,0.0,130,427,85,32766,32766,3.8639297485351562
2026-04-07T11:41:52.547,radio://0/80/2M,mission,0,0,Reacquire Wall,7200,0,0,0,0.0,0,0,0.0,0.0,87269,-3,0,0.0,0.0,0.0,0.0,0.0,130,427,85,32766,32766,3.8639297485351562
2026-04-07T11:41:52.549,radio://0/80/2M,flow,0,0,Reacquire Wall,7200,0,0,0,0.0,0,0,0.0,0.0,87519,-4,2,0.0,0.0,0.0,0.0,0.0,130,427,85,32766,32766,3.8639297485351562
2026-04-07T11:41:52.550,radio://0/80/2M,range,0,0,Reacquire Wall,7200,0,0,0,0.0,0,0,0.0,0.0,87519,-4,2,0.0,0.0,0.0,0.0,0.0,32766,349,80,32766,32766,3.8586511611938477
2026-04-07T11:41:52.798,radio://0/80/2M,mission,0,0,Reacquire Wall,7200,0,0,0,0.0,0,0,0.0,0.0,87519,-4,2,0.0,0.0,0.0,0.0,0.0,32766,349,80,32766,32766,3.8586511611938477
2026-04-07T11:41:52.799,radio://0/80/2M,flow,0,0,Reacquire Wall,7650,0,0,0,0.0,0,0,0.0,0.0,87769,-2,1,0.0,0.0,0.0,0.0,0.0,32766,349,80,32766,32766,3.8586511611938477
2026-04-07T11:41:52.800,radio://0/80/2M,range,0,0,Reacquire Wall,7650,0,0,0,0.0,0,0,0.0,0.0,87769,-2,1,0.0,0.0,0.0,0.0,0.0,32766,270,79,985,32766,3.8639297485351562
2026-04-07T11:41:53.046,radio://0/80/2M,mission,0,0,Reacquire Wall,7650,0,0,0,0.0,0,0,0.0,0.0,87769,-2,1,0.0,0.0,0.0,0.0,0.0,32766,270,79,985,32766,3.8639297485351562
2026-04-07T11:41:53.049,radio://0/80/2M,flow,0,0,Reacquire Wall,8191,0,0,0,0.0,0,0,0.0,0.0,88019,-1,0,0.0,0.0,0.0,0.0,0.0,32766,270,79,985,32766,3.8639297485351562
2026-04-07T11:41:53.050,radio://0/80/2M,range,0,0,Reacquire Wall,8191,0,0,0,0.0,0,0,0.0,0.0,88019,-1,0,0.0,0.0,0.0,0.0,0.0,136,184,82,951,2033,3.8586511611938477
2026-04-07T11:41:53.296,radio://0/80/2M,mission,0,0,Reacquire Wall,8191,0,0,0,0.0,0,0,0.0,0.0,88019,-1,0,0.0,0.0,0.0,0.0,0.0,136,184,82,951,2033,3.8586511611938477
2026-04-07T11:41:53.299,radio://0/80/2M,flow,0,0,Reacquire Wall,8191,0,0,0,0.0,0,0,0.0,0.0,88269,5,3,0.0,0.0,0.0,0.0,0.0,136,184,82,951,2033,3.8586511611938477
2026-04-07T11:41:53.300,radio://0/80/2M,range,0,0,Reacquire Wall,8191,0,0,0,0.0,0,0,0.0,0.0,88269,5,3,0.0,0.0,0.0,0.0,0.0,32766,161,73,952,2003,3.8639297485351562
2026-04-07T11:41:53.546,radio://0/80/2M,mission,0,0,Reacquire Wall,8191,0,0,0,0.0,0,0,0.0,0.0,88269,5,3,0.0,0.0,0.0,0.0,0.0,32766,161,73,952,2003,3.8639297485351562
2026-04-07T11:41:53.549,radio://0/80/2M,flow,0,0,Reacquire Wall,6329,0,0,0,0.0,0,0,0.0,0.0,88519,1,0,0.0,0.0,0.0,0.0,0.0,32766,161,73,952,2003,3.8639297485351562
2026-04-07T11:41:53.550,radio://0/80/2M,range,0,0,Reacquire Wall,6329,0,0,0,0.0,0,0,0.0,0.0,88519,1,0,0.0,0.0,0.0,0.0,0.0,126,387,50,1000,2002,3.8586511611938477
2026-04-07T11:41:53.797,radio://0/80/2M,mission,0,0,Reacquire Wall,6329,0,0,0,0.0,0,0,0.0,0.0,88519,1,0,0.0,0.0,0.0,0.0,0.0,126,387,50,1000,2002,3.8586511611938477
2026-04-07T11:41:53.798,radio://0/80/2M,flow,0,0,Reacquire Wall,8064,0,0,0,0.0,0,0,0.0,0.0,88769,0,1,0.0,0.0,0.0,0.0,0.0,126,387,50,1000,2002,3.8586511611938477
2026-04-07T11:41:53.801,radio://0/80/2M,range,0,0,Reacquire Wall,8064,0,0,0,0.0,0,0,0.0,0.0,88769,0,1,0.0,0.0,0.0,0.0,0.0,4,613,47,32766,2043,3.8639297485351562
2026-04-07T11:41:54.046,radio://0/80/2M,mission,0,0,Reacquire Wall,8064,0,0,0,0.0,0,0,0.0,0.0,88769,0,1,0.0,0.0,0.0,0.0,0.0,4,613,47,32766,2043,3.8639297485351562
2026-04-07T11:41:54.047,radio://0/80/2M,flow,0,0,Reacquire Wall,8064,0,0,0,0.0,0,0,0.0,0.0,89019,3,1,0.0,0.0,0.0,0.0,0.0,4,613,47,32766,2043,3.8639297485351562
2026-04-07T11:41:54.049,radio://0/80/2M,range,0,0,Reacquire Wall,8064,0,0,0,0.0,0,0,0.0,0.0,89019,3,1,0.0,0.0,0.0,0.0,0.0,0,854,43,32766,2032,3.853372573852539
2026-04-07T11:41:54.296,radio://0/80/2M,mission,0,0,Reacquire Wall,8064,0,0,0,0.0,0,0,0.0,0.0,89019,3,1,0.0,0.0,0.0,0.0,0.0,0,854,43,32766,2032,3.853372573852539
2026-04-07T11:41:54.297,radio://0/80/2M,flow,0,0,Reacquire Wall,8191,0,0,0,0.0,0,0,0.0,0.0,89269,0,1,0.0,0.0,0.0,0.0,0.0,0,854,43,32766,2032,3.853372573852539
2026-04-07T11:41:54.299,radio://0/80/2M,range,0,0,Reacquire Wall,8191,0,0,0,0.0,0,0,0.0,0.0,89269,0,1,0.0,0.0,0.0,0.0,0.0,32766,948,44,32766,2014,3.8639297485351562
2026-04-07T11:41:54.545,radio://0/80/2M,mission,0,0,Reacquire Wall,8191,0,0,0,0.0,0,0,0.0,0.0,89269,0,1,0.0,0.0,0.0,0.0,0.0,32766,948,44,32766,2014,3.8639297485351562
2026-04-07T11:41:54.547,radio://0/80/2M,flow,0,0,Reacquire Wall,8191,0,0,0,0.0,0,0,0.0,0.0,89519,0,-4,0.0,0.0,0.0,0.0,0.0,32766,948,44,32766,2014,3.8639297485351562
2026-04-07T11:41:54.549,radio://0/80/2M,range,0,0,Reacquire Wall,8191,0,0,0,0.0,0,0,0.0,0.0,89519,0,-4,0.0,0.0,0.0,0.0,0.0,32766,1056,41,32766,2020,3.8586511611938477
2026-04-07T11:41:54.795,radio://0/80/2M,mission,0,0,Reacquire Wall,8191,0,0,0,0.0,0,0,0.0,0.0,89519,0,-4,0.0,0.0,0.0,0.0,0.0,32766,1056,41,32766,2020,3.8586511611938477
2026-04-07T11:41:54.798,radio://0/80/2M,flow,0,0,Reacquire Wall,8191,0,0,0,0.0,0,0,0.0,0.0,89769,-2,0,0.0,0.0,0.0,0.0,0.0,32766,1056,41,32766,2020,3.8586511611938477
2026-04-07T11:41:54.799,radio://0/80/2M,range,0,0,Reacquire Wall,8191,0,0,0,0.0,0,0,0.0,0.0,89769,-2,0,0.0,0.0,0.0,0.0,0.0,32766,1170,44,32766,1993,3.8639297485351562
2026-04-07T11:41:55.045,radio://0/80/2M,mission,0,0,Reacquire Wall,8191,0,0,0,0.0,0,0,0.0,0.0,89769,-2,0,0.0,0.0,0.0,0.0,0.0,32766,1170,44,32766,1993,3.8639297485351562
2026-04-07T11:41:55.047,radio://0/80/2M,flow,0,0,Reacquire Wall,8191,0,0,0,0.0,0,0,0.0,0.0,90019,0,0,0.0,0.0,0.0,0.0,0.0,32766,1170,44,32766,1993,3.8639297485351562
2026-04-07T11:41:55.048,radio://0/80/2M,range,0,0,Reacquire Wall,8191,0,0,0,0.0,0,0,0.0,0.0,90019,0,0,0.0,0.0,0.0,0.0,0.0,32766,1237,40,32766,1982,3.853372573852539
2026-04-07T11:41:55.295,radio://0/80/2M,mission,0,0,Reacquire Wall,8191,0,0,0,0.0,0,0,0.0,0.0,90019,0,0,0.0,0.0,0.0,0.0,0.0,32766,1237,40,32766,1982,3.853372573852539
2026-04-07T11:41:55.297,radio://0/80/2M,flow,0,0,Reacquire Wall,8191,0,0,0,0.0,0,0,0.0,0.0,90269,0,6,0.0,0.0,0.0,0.0,0.0,32766,1237,40,32766,1982,3.853372573852539
2026-04-07T11:41:55.299,radio://0/80/2M,range,0,0,Reacquire Wall,8191,0,0,0,0.0,0,0,0.0,0.0,90269,0,6,0.0,0.0,0.0,0.0,0.0,32766,1304,40,32766,1934,3.8639297485351562
2026-04-07T11:41:55.544,radio://0/80/2M,mission,0,0,Reacquire Wall,8191,0,0,0,0.0,0,0,0.0,0.0,90269,0,6,0.0,0.0,0.0,0.0,0.0,32766,1304,40,32766,1934,3.8639297485351562
2026-04-07T11:41:55.547,radio://0/80/2M,flow,0,0,Reacquire Wall,8191,0,0,0,0.0,0,0,0.0,0.0,90519,0,0,0.0,0.0,0.0,0.0,0.0,32766,1304,40,32766,1934,3.8639297485351562
2026-04-07T11:41:55.548,radio://0/80/2M,range,0,0,Reacquire Wall,8191,0,0,0,0.0,0,0,0.0,0.0,90519,0,0,0.0,0.0,0.0,0.0,0.0,32766,1643,45,32766,1970,3.853372573852539
2026-04-07T11:41:55.794,radio://0/80/2M,mission,0,0,Reacquire Wall,8191,0,0,0,0.0,0,0,0.0,0.0,90519,0,0,0.0,0.0,0.0,0.0,0.0,32766,1643,45,32766,1970,3.853372573852539
2026-04-07T11:41:55.797,radio://0/80/2M,flow,0,0,Reacquire Wall,8191,0,0,0,0.0,0,0,0.0,0.0,90769,0,1,0.0,0.0,0.0,0.0,0.0,32766,1643,45,32766,1970,3.853372573852539
2026-04-07T11:41:55.799,radio://0/80/2M,range,0,0,Reacquire Wall,8191,0,0,0,0.0,0,0,0.0,0.0,90769,0,1,0.0,0.0,0.0,0.0,0.0,32766,32766,51,32766,1952,3.8639297485351562
2026-04-07T11:41:56.044,radio://0/80/2M,mission,0,0,Reacquire Wall,8191,0,0,0,0.0,0,0,0.0,0.0,90769,0,1,0.0,0.0,0.0,0.0,0.0,32766,32766,51,32766,1952,3.8639297485351562
2026-04-07T11:41:56.047,radio://0/80/2M,flow,0,0,Reacquire Wall,8191,0,0,0,0.0,0,0,0.0,0.0,91019,-3,-2,0.0,0.0,0.0,0.0,0.0,32766,32766,51,32766,1952,3.8639297485351562
2026-04-07T11:41:56.048,radio://0/80/2M,range,0,0,Reacquire Wall,8191,0,0,0,0.0,0,0,0.0,0.0,91019,-3,-2,0.0,0.0,0.0,0.0,0.0,32766,1732,51,32766,1917,3.853372573852539
2026-04-07T11:41:56.294,radio://0/80/2M,mission,0,0,Reacquire Wall,8191,0,0,0,0.0,0,0,0.0,0.0,91019,-3,-2,0.0,0.0,0.0,0.0,0.0,32766,1732,51,32766,1917,3.853372573852539
2026-04-07T11:41:56.297,radio://0/80/2M,flow,0,0,Reacquire Wall,8191,0,0,0,0.0,0,0,0.0,0.0,91269,0,0,0.0,0.0,0.0,0.0,0.0,32766,1732,51,32766,1917,3.853372573852539
2026-04-07T11:41:56.298,radio://0/80/2M,range,0,0,Reacquire Wall,8191,0,0,0,0.0,0,0,0.0,0.0,91269,0,0,0.0,0.0,0.0,0.0,0.0,0,32766,53,32766,1910,3.8639297485351562
2026-04-07T11:41:56.543,radio://0/80/2M,mission,0,0,Reacquire Wall,8191,0,0,0,0.0,0,0,0.0,0.0,91269,0,0,0.0,0.0,0.0,0.0,0.0,0,32766,53,32766,1910,3.8639297485351562
2026-04-07T11:41:56.546,radio://0/80/2M,flow,0,0,Reacquire Wall,8191,0,0,0,0.0,0,0,0.0,0.0,91519,-2,0,0.0,0.0,0.0,0.0,0.0,0,32766,53,32766,1910,3.8639297485351562
2026-04-07T11:41:56.547,radio://0/80/2M,range,0,0,Reacquire Wall,8191,0,0,0,0.0,0,0,0.0,0.0,91519,-2,0,0.0,0.0,0.0,0.0,0.0,32766,1739,52,32766,1847,3.8586511611938477
2026-04-07T11:41:56.794,radio://0/80/2M,mission,0,0,Reacquire Wall,8191,0,0,0,0.0,0,0,0.0,0.0,91519,-2,0,0.0,0.0,0.0,0.0,0.0,32766,1739,52,32766,1847,3.8586511611938477
2026-04-07T11:41:56.795,radio://0/80/2M,flow,0,0,Reacquire Wall,8191,0,0,0,0.0,0,0,0.0,0.0,91769,1,0,0.0,0.0,0.0,0.0,0.0,32766,1739,52,32766,1847,3.8586511611938477
2026-04-07T11:41:56.798,radio://0/80/2M,range,0,0,Reacquire Wall,8191,0,0,0,0.0,0,0,0.0,0.0,91769,1,0,0.0,0.0,0.0,0.0,0.0,7,32766,54,32766,32766,3.8639297485351562
2026-04-07T11:41:57.043,radio://0/80/2M,mission,0,0,Reacquire Wall,8191,0,0,0,0.0,0,0,0.0,0.0,91769,1,0,0.0,0.0,0.0,0.0,0.0,7,32766,54,32766,32766,3.8639297485351562
2026-04-07T11:41:57.046,radio://0/80/2M,flow,0,0,Reacquire Wall,8191,0,0,0,0.0,0,0,0.0,0.0,92019,0,0,0.0,0.0,0.0,0.0,0.0,7,32766,54,32766,32766,3.8639297485351562
2026-04-07T11:41:57.047,radio://0/80/2M,range,0,0,Reacquire Wall,8191,0,0,0,0.0,0,0,0.0,0.0,92019,0,0,0.0,0.0,0.0,0.0,0.0,32766,1631,55,32766,1983,3.853372573852539
2026-04-07T11:41:57.293,radio://0/80/2M,mission,0,0,Reacquire Wall,8191,0,0,0,0.0,0,0,0.0,0.0,92019,0,0,0.0,0.0,0.0,0.0,0.0,32766,1631,55,32766,1983,3.853372573852539
2026-04-07T11:41:57.296,radio://0/80/2M,flow,0,0,Reacquire Wall,8191,0,0,0,0.0,0,0,0.0,0.0,92269,0,0,0.0,0.0,0.0,0.0,0.0,32766,1631,55,32766,1983,3.853372573852539
2026-04-07T11:41:57.297,radio://0/80/2M,range,0,0,Reacquire Wall,8191,0,0,0,0.0,0,0,0.0,0.0,92269,0,0,0.0,0.0,0.0,0.0,0.0,3,1687,54,32766,1994,3.8639297485351562
2026-04-07T11:41:57.543,radio://0/80/2M,mission,0,0,Reacquire Wall,8191,0,0,0,0.0,0,0,0.0,0.0,92269,0,0,0.0,0.0,0.0,0.0,0.0,3,1687,54,32766,1994,3.8639297485351562
2026-04-07T11:41:57.545,radio://0/80/2M,flow,0,0,Reacquire Wall,8191,0,0,0,0.0,0,0,0.0,0.0,92519,2,-8,0.0,0.0,0.0,0.0,0.0,3,1687,54,32766,1994,3.8639297485351562
2026-04-07T11:41:57.547,radio://0/80/2M,range,0,0,Reacquire Wall,8191,0,0,0,0.0,0,0,0.0,0.0,92519,2,-8,0.0,0.0,0.0,0.0,0.0,8,1817,52,32766,1990,3.8586511611938477
2026-04-07T11:41:57.792,radio://0/80/2M,mission,0,0,Reacquire Wall,8191,0,0,0,0.0,0,0,0.0,0.0,92519,2,-8,0.0,0.0,0.0,0.0,0.0,8,1817,52,32766,1990,3.8586511611938477
2026-04-07T11:41:57.795,radio://0/80/2M,flow,0,0,Reacquire Wall,8191,0,0,0,0.0,0,0,0.0,0.0,92769,0,0,0.0,0.0,0.0,0.0,0.0,8,1817,52,32766,1990,3.8586511611938477
2026-04-07T11:41:57.797,radio://0/80/2M,range,0,0,Reacquire Wall,8191,0,0,0,0.0,0,0,0.0,0.0,92769,0,0,0.0,0.0,0.0,0.0,0.0,32766,1931,50,32766,1986,3.8639297485351562
2026-04-07T11:41:58.042,radio://0/80/2M,mission,0,0,Reacquire Wall,8191,0,0,0,0.0,0,0,0.0,0.0,92769,0,0,0.0,0.0,0.0,0.0,0.0,32766,1931,50,32766,1986,3.8639297485351562
2026-04-07T11:41:58.045,radio://0/80/2M,flow,0,0,Reacquire Wall,8191,0,0,0,0.0,0,0,0.0,0.0,93019,0,0,0.0,0.0,0.0,0.0,0.0,32766,1931,50,32766,1986,3.8639297485351562
2026-04-07T11:41:58.046,radio://0/80/2M,range,0,0,Reacquire Wall,8191,0,0,0,0.0,0,0,0.0,0.0,93019,0,0,0.0,0.0,0.0,0.0,0.0,32766,1829,53,32766,1985,3.8586511611938477
2026-04-07T11:41:58.292,radio://0/80/2M,mission,0,0,Reacquire Wall,8191,0,0,0,0.0,0,0,0.0,0.0,93019,0,0,0.0,0.0,0.0,0.0,0.0,32766,1829,53,32766,1985,3.8586511611938477
2026-04-07T11:41:58.295,radio://0/80/2M,flow,0,0,Reacquire Wall,7680,0,0,0,0.0,0,0,0.0,0.0,93269,-1,0,0.0,0.0,0.0,0.0,0.0,32766,1829,53,32766,1985,3.8586511611938477
2026-04-07T11:41:58.296,radio://0/80/2M,range,0,0,Reacquire Wall,7680,0,0,0,0.0,0,0,0.0,0.0,93269,-1,0,0.0,0.0,0.0,0.0,0.0,32766,1727,47,32766,1991,3.8639297485351562
2026-04-07T11:41:58.542,radio://0/80/2M,mission,0,0,Reacquire Wall,7680,0,0,0,0.0,0,0,0.0,0.0,93269,-1,0,0.0,0.0,0.0,0.0,0.0,32766,1727,47,32766,1991,3.8639297485351562
2026-04-07T11:41:58.545,radio://0/80/2M,flow,0,0,Reacquire Wall,7200,0,0,0,0.0,0,0,0.0,0.0,93519,-1,0,0.0,0.0,0.0,0.0,0.0,32766,1727,47,32766,1991,3.8639297485351562
2026-04-07T11:41:58.546,radio://0/80/2M,range,0,0,Reacquire Wall,7200,0,0,0,0.0,0,0,0.0,0.0,93519,-1,0,0.0,0.0,0.0,0.0,0.0,175,32766,52,32766,2010,3.853372573852539
2026-04-07T11:41:58.791,radio://0/80/2M,mission,0,0,Reacquire Wall,7200,0,0,0,0.0,0,0,0.0,0.0,93519,-1,0,0.0,0.0,0.0,0.0,0.0,175,32766,52,32766,2010,3.853372573852539
2026-04-07T11:41:58.794,radio://0/80/2M,flow,0,0,Reacquire Wall,5934,0,0,0,0.0,0,0,0.0,0.0,93769,-28,-7,0.0,0.0,0.0,0.0,0.0,175,32766,52,32766,2010,3.853372573852539
2026-04-07T11:41:58.797,radio://0/80/2M,range,0,0,Reacquire Wall,5934,0,0,0,0.0,0,0,0.0,0.0,93769,-28,-7,0.0,0.0,0.0,0.0,0.0,32766,1638,52,46,2012,3.8639297485351562
2026-04-07T11:41:59.042,radio://0/80/2M,mission,0,0,Reacquire Wall,5934,0,0,0,0.0,0,0,0.0,0.0,93769,-28,-7,0.0,0.0,0.0,0.0,0.0,32766,1638,52,46,2012,3.8639297485351562
2026-04-07T11:41:59.045,radio://0/80/2M,flow,0,0,Reacquire Wall,4586,0,0,0,0.0,0,0,0.0,0.0,94019,-6,-1,0.0,0.0,0.0,0.0,0.0,32766,1638,52,46,2012,3.8639297485351562
2026-04-07T11:41:59.046,radio://0/80/2M,range,0,0,Reacquire Wall,4586,0,0,0,0.0,0,0,0.0,0.0,94019,-6,-1,0.0,0.0,0.0,0.0,0.0,157,32766,49,101,2007,3.8586511611938477
2026-04-07T11:41:59.291,radio://0/80/2M,mission,0,0,Reacquire Wall,4586,0,0,0,0.0,0,0,0.0,0.0,94019,-6,-1,0.0,0.0,0.0,0.0,0.0,157,32766,49,101,2007,3.8586511611938477
2026-04-07T11:41:59.294,radio://0/80/2M,flow,0,0,Reacquire Wall,4872,0,0,0,0.0,0,0,0.0,0.0,94269,-2,-1,0.0,0.0,0.0,0.0,0.0,157,32766,49,101,2007,3.8586511611938477
2026-04-07T11:41:59.295,radio://0/80/2M,range,0,0,Reacquire Wall,4872,0,0,0,0.0,0,0,0.0,0.0,94269,-2,-1,0.0,0.0,0.0,0.0,0.0,158,32766,50,69,2017,3.8639297485351562
2026-04-07T11:41:59.541,radio://0/80/2M,mission,0,0,Reacquire Wall,4872,0,0,0,0.0,0,0,0.0,0.0,94269,-2,-1,0.0,0.0,0.0,0.0,0.0,158,32766,50,69,2017,3.8639297485351562
2026-04-07T11:41:59.543,radio://0/80/2M,flow,0,0,Reacquire Wall,5499,0,0,0,0.0,0,0,0.0,0.0,94519,6,-3,0.0,0.0,0.0,0.0,0.0,158,32766,50,69,2017,3.8639297485351562
2026-04-07T11:41:59.545,radio://0/80/2M,range,0,0,Reacquire Wall,5499,0,0,0,0.0,0,0,0.0,0.0,94519,6,-3,0.0,0.0,0.0,0.0,0.0,157,1934,59,53,2007,3.853372573852539
2026-04-07T11:41:59.791,radio://0/80/2M,mission,0,0,Reacquire Wall,5499,0,0,0,0.0,0,0,0.0,0.0,94519,6,-3,0.0,0.0,0.0,0.0,0.0,157,1934,59,53,2007,3.853372573852539
2026-04-07T11:41:59.794,radio://0/80/2M,flow,0,0,Reacquire Wall,5499,0,0,0,0.0,0,0,0.0,0.0,94769,0,0,0.0,0.0,0.0,0.0,0.0,157,1934,59,53,2007,3.853372573852539
2026-04-07T11:41:59.795,radio://0/80/2M,range,0,0,Reacquire Wall,5499,0,0,0,0.0,0,0,0.0,0.0,94769,0,0,0.0,0.0,0.0,0.0,0.0,32766,32766,81,32766,2007,3.8639297485351562
2026-04-07T11:42:00.041,radio://0/80/2M,mission,0,0,Reacquire Wall,5499,0,0,0,0.0,0,0,0.0,0.0,94769,0,0,0.0,0.0,0.0,0.0,0.0,32766,32766,81,32766,2007,3.8639297485351562
2026-04-07T11:42:00.043,radio://0/80/2M,flow,0,0,Reacquire Wall,5499,0,0,0,0.0,0,0,0.0,0.0,95019,6,1,0.0,0.0,0.0,0.0,0.0,32766,32766,81,32766,2007,3.8639297485351562
2026-04-07T11:42:00.045,radio://0/80/2M,range,0,0,Reacquire Wall,5499,0,0,0,0.0,0,0,0.0,0.0,95019,6,1,0.0,0.0,0.0,0.0,0.0,32766,374,107,1202,1911,3.8586511611938477
2026-04-07T11:42:00.290,radio://0/80/2M,mission,0,0,Reacquire Wall,5499,0,0,0,0.0,0,0,0.0,0.0,95019,6,1,0.0,0.0,0.0,0.0,0.0,32766,374,107,1202,1911,3.8586511611938477
2026-04-07T11:42:00.293,radio://0/80/2M,flow,0,0,Reacquire Wall,6207,0,0,0,0.0,0,0,0.0,0.0,95269,0,0,0.0,0.0,0.0,0.0,0.0,32766,374,107,1202,1911,3.8586511611938477
2026-04-07T11:42:00.294,radio://0/80/2M,range,0,0,Reacquire Wall,6207,0,0,0,0.0,0,0,0.0,0.0,95269,0,0,0.0,0.0,0.0,0.0,0.0,32766,272,167,32766,1980,3.8639297485351562
2026-04-07T11:42:00.540,radio://0/80/2M,mission,0,0,Reacquire Wall,6207,0,0,0,0.0,0,0,0.0,0.0,95269,0,0,0.0,0.0,0.0,0.0,0.0,32766,272,167,32766,1980,3.8639297485351562
2026-04-07T11:42:00.543,radio://0/80/2M,flow,0,0,Reacquire Wall,6207,0,0,0,0.0,0,0,0.0,0.0,95519,-3,0,0.0,0.0,0.0,0.0,0.0,32766,272,167,32766,1980,3.8639297485351562
2026-04-07T11:42:00.545,radio://0/80/2M,range,0,0,Reacquire Wall,6207,0,0,0,0.0,0,0,0.0,0.0,95519,-3,0,0.0,0.0,0.0,0.0,0.0,32766,176,134,32766,2000,3.853372573852539
2026-04-07T11:42:00.791,radio://0/80/2M,mission,0,0,Reacquire Wall,6207,0,0,0,0.0,0,0,0.0,0.0,95519,-3,0,0.0,0.0,0.0,0.0,0.0,32766,176,134,32766,2000,3.853372573852539
2026-04-07T11:42:00.792,radio://0/80/2M,flow,0,0,Reacquire Wall,6594,0,0,0,0.0,0,0,0.0,0.0,95769,-2,0,0.0,0.0,0.0,0.0,0.0,32766,176,134,32766,2000,3.853372573852539
2026-04-07T11:42:00.794,radio://0/80/2M,range,0,0,Reacquire Wall,6594,0,0,0,0.0,0,0,0.0,0.0,95769,-2,0,0.0,0.0,0.0,0.0,0.0,32766,150,122,32766,1984,3.8639297485351562
2026-04-07T11:42:01.040,radio://0/80/2M,mission,0,0,Reacquire Wall,6594,0,0,0,0.0,0,0,0.0,0.0,95769,-2,0,0.0,0.0,0.0,0.0,0.0,32766,150,122,32766,1984,3.8639297485351562
2026-04-07T11:42:01.043,radio://0/80/2M,flow,0,0,Reacquire Wall,6594,0,0,0,0.0,0,0,0.0,0.0,96019,2,0,0.0,0.0,0.0,0.0,0.0,32766,150,122,32766,1984,3.8639297485351562
2026-04-07T11:42:01.044,radio://0/80/2M,range,0,0,Reacquire Wall,6594,0,0,0,0.0,0,0,0.0,0.0,96019,2,0,0.0,0.0,0.0,0.0,0.0,32766,131,136,1708,1973,3.853372573852539
2026-04-07T11:42:01.291,radio://0/80/2M,mission,0,0,Reacquire Wall,6594,0,0,0,0.0,0,0,0.0,0.0,96019,2,0,0.0,0.0,0.0,0.0,0.0,32766,131,136,1708,1973,3.853372573852539
2026-04-07T11:42:01.292,radio://0/80/2M,flow,0,0,Reacquire Wall,6182,0,0,0,0.0,0,0,0.0,0.0,96269,0,0,0.0,0.0,0.0,0.0,0.0,32766,131,136,1708,1973,3.853372573852539
2026-04-07T11:42:01.294,radio://0/80/2M,range,0,0,Reacquire Wall,6182,0,0,0,0.0,0,0,0.0,0.0,96269,0,0,0.0,0.0,0.0,0.0,0.0,0,131,129,1619,1976,3.8639297485351562
2026-04-07T11:42:01.539,radio://0/80/2M,mission,0,0,Reacquire Wall,6182,0,0,0,0.0,0,0,0.0,0.0,96269,0,0,0.0,0.0,0.0,0.0,0.0,0,131,129,1619,1976,3.8639297485351562
2026-04-07T11:42:01.542,radio://0/80/2M,flow,0,0,Reacquire Wall,5434,0,0,0,0.0,0,0,0.0,0.0,96519,0,0,0.0,0.0,0.0,0.0,0.0,0,131,129,1619,1976,3.8639297485351562
2026-04-07T11:42:01.544,radio://0/80/2M,range,0,0,Reacquire Wall,5434,0,0,0,0.0,0,0,0.0,0.0,96519,0,0,0.0,0.0,0.0,0.0,0.0,32766,151,185,32766,1970,3.8586511611938477
2026-04-07T11:42:01.789,radio://0/80/2M,mission,0,0,Reacquire Wall,5434,0,0,0,0.0,0,0,0.0,0.0,96519,0,0,0.0,0.0,0.0,0.0,0.0,32766,151,185,32766,1970,3.8586511611938477
2026-04-07T11:42:01.792,radio://0/80/2M,flow,0,0,Reacquire Wall,5434,0,0,0,0.0,0,0,0.0,0.0,96769,0,4,0.0,0.0,0.0,0.0,0.0,32766,151,185,32766,1970,3.8586511611938477
2026-04-07T11:42:01.794,radio://0/80/2M,range,0,0,Reacquire Wall,5434,0,0,0,0.0,0,0,0.0,0.0,96769,0,4,0.0,0.0,0.0,0.0,0.0,16,143,116,1622,1979,3.8639297485351562
2026-04-07T11:42:02.039,radio://0/80/2M,mission,0,0,Reacquire Wall,5434,0,0,0,0.0,0,0,0.0,0.0,96769,0,4,0.0,0.0,0.0,0.0,0.0,16,143,116,1622,1979,3.8639297485351562
2026-04-07T11:42:02.042,radio://0/80/2M,flow,0,0,Reacquire Wall,6133,0,0,0,0.0,0,0,0.0,0.0,97019,0,0,0.0,0.0,0.0,0.0,0.0,16,143,116,1622,1979,3.8639297485351562
2026-04-07T11:42:02.043,radio://0/80/2M,range,0,0,Reacquire Wall,6133,0,0,0,0.0,0,0,0.0,0.0,97019,0,0,0.0,0.0,0.0,0.0,0.0,32766,140,117,32766,1966,3.853372573852539
2026-04-07T11:42:02.289,radio://0/80/2M,mission,0,0,Reacquire Wall,6133,0,0,0,0.0,0,0,0.0,0.0,97019,0,0,0.0,0.0,0.0,0.0,0.0,32766,140,117,32766,1966,3.853372573852539
2026-04-07T11:42:02.291,radio://0/80/2M,flow,0,0,Reacquire Wall,6133,0,0,0,0.0,0,0,0.0,0.0,97269,0,0,0.0,0.0,0.0,0.0,0.0,32766,140,117,32766,1966,3.853372573852539
2026-04-07T11:42:02.293,radio://0/80/2M,range,0,0,Reacquire Wall,6133,0,0,0,0.0,0,0,0.0,0.0,97269,0,0,0.0,0.0,0.0,0.0,0.0,32766,136,145,1696,1952,3.8639297485351562
2026-04-07T11:42:02.538,radio://0/80/2M,mission,0,0,Reacquire Wall,6133,0,0,0,0.0,0,0,0.0,0.0,97269,0,0,0.0,0.0,0.0,0.0,0.0,32766,136,145,1696,1952,3.8639297485351562
2026-04-07T11:42:02.541,radio://0/80/2M,flow,0,0,Reacquire Wall,5750,0,0,0,0.0,0,0,0.0,0.0,97519,0,0,0.0,0.0,0.0,0.0,0.0,32766,136,145,1696,1952,3.8639297485351562
2026-04-07T11:42:02.543,radio://0/80/2M,range,0,0,Reacquire Wall,5750,0,0,0,0.0,0,0,0.0,0.0,97519,0,0,0.0,0.0,0.0,0.0,0.0,32766,131,204,32766,1938,3.853372573852539
2026-04-07T11:42:02.789,radio://0/80/2M,mission,0,0,Reacquire Wall,5750,0,0,0,0.0,0,0,0.0,0.0,97519,0,0,0.0,0.0,0.0,0.0,0.0,32766,131,204,32766,1938,3.853372573852539
2026-04-07T11:42:02.792,radio://0/80/2M,flow,0,0,Reacquire Wall,5750,0,0,0,0.0,0,0,0.0,0.0,97769,-2,2,0.0,0.0,0.0,0.0,0.0,32766,131,204,32766,1938,3.853372573852539
2026-04-07T11:42:02.793,radio://0/80/2M,range,0,0,Reacquire Wall,5750,0,0,0,0.0,0,0,0.0,0.0,97769,-2,2,0.0,0.0,0.0,0.0,0.0,4,138,301,38,1933,3.8639297485351562
2026-04-07T11:42:03.039,radio://0/80/2M,mission,0,0,Reacquire Wall,5750,0,0,0,0.0,0,0,0.0,0.0,97769,-2,2,0.0,0.0,0.0,0.0,0.0,4,138,301,38,1933,3.8639297485351562
2026-04-07T11:42:03.040,radio://0/80/2M,flow,0,0,Reacquire Wall,6895,0,0,0,0.0,0,0,0.0,0.0,98019,0,0,0.0,0.0,0.0,0.0,0.0,4,138,301,38,1933,3.8639297485351562
2026-04-07T11:42:03.043,radio://0/80/2M,range,0,0,Reacquire Wall,6895,0,0,0,0.0,0,0,0.0,0.0,98019,0,0,0.0,0.0,0.0,0.0,0.0,1,154,392,61,1923,3.853372573852539
2026-04-07T11:42:03.288,radio://0/80/2M,mission,0,0,Reacquire Wall,6895,0,0,0,0.0,0,0,0.0,0.0,98019,0,0,0.0,0.0,0.0,0.0,0.0,1,154,392,61,1923,3.853372573852539
2026-04-07T11:42:03.291,radio://0/80/2M,flow,0,0,Reacquire Wall,7325,0,0,0,0.0,0,0,0.0,0.0,98269,0,0,0.0,0.0,0.0,0.0,0.0,1,154,392,61,1923,3.853372573852539
2026-04-07T11:42:03.292,radio://0/80/2M,range,0,0,Reacquire Wall,7325,0,0,0,0.0,0,0,0.0,0.0,98269,0,0,0.0,0.0,0.0,0.0,0.0,32766,140,353,32766,1926,3.8639297485351562
2026-04-07T11:42:03.537,radio://0/80/2M,mission,0,0,Reacquire Wall,7325,0,0,0,0.0,0,0,0.0,0.0,98269,0,0,0.0,0.0,0.0,0.0,0.0,32766,140,353,32766,1926,3.8639297485351562
2026-04-07T11:42:03.540,radio://0/80/2M,flow,0,0,Reacquire Wall,6439,0,0,0,0.0,0,0,0.0,0.0,98519,-1,-3,0.0,0.0,0.0,0.0,0.0,32766,140,353,32766,1926,3.8639297485351562
2026-04-07T11:42:03.543,radio://0/80/2M,range,0,0,Reacquire Wall,6439,0,0,0,0.0,0,0,0.0,0.0,98519,-1,-3,0.0,0.0,0.0,0.0,0.0,250,152,233,32766,1928,3.8586511611938477
2026-04-07T11:42:03.788,radio://0/80/2M,mission,0,0,Reacquire Wall,6439,0,0,0,0.0,0,0,0.0,0.0,98519,-1,-3,0.0,0.0,0.0,0.0,0.0,250,152,233,32766,1928,3.8586511611938477
2026-04-07T11:42:03.791,radio://0/80/2M,flow,0,0,Reacquire Wall,6439,0,0,0,0.0,0,0,0.0,0.0,98769,0,0,0.0,0.0,0.0,0.0,0.0,250,152,233,32766,1928,3.8586511611938477
2026-04-07T11:42:03.792,radio://0/80/2M,range,0,0,Reacquire Wall,6439,0,0,0,0.0,0,0,0.0,0.0,98769,0,0,0.0,0.0,0.0,0.0,0.0,32766,194,250,45,1929,3.8639297485351562
2026-04-07T11:42:04.037,radio://0/80/2M,mission,0,0,Reacquire Wall,6439,0,0,0,0.0,0,0,0.0,0.0,98769,0,0,0.0,0.0,0.0,0.0,0.0,32766,194,250,45,1929,3.8639297485351562
2026-04-07T11:42:04.039,radio://0/80/2M,flow,0,0,Reacquire Wall,6439,0,0,0,0.0,0,0,0.0,0.0,99019,2,1,0.0,0.0,0.0,0.0,0.0,32766,194,250,45,1929,3.8639297485351562
2026-04-07T11:42:04.041,radio://0/80/2M,range,0,0,Reacquire Wall,6439,0,0,0,0.0,0,0,0.0,0.0,99019,2,1,0.0,0.0,0.0,0.0,0.0,0,248,204,65,1845,3.853372573852539
2026-04-07T11:42:04.288,radio://0/80/2M,mission,0,0,Reacquire Wall,6439,0,0,0,0.0,0,0,0.0,0.0,99019,2,1,0.0,0.0,0.0,0.0,0.0,0,248,204,65,1845,3.853372573852539
2026-04-07T11:42:04.289,radio://0/80/2M,flow,0,0,Reacquire Wall,6439,0,0,0,0.0,0,0,0.0,0.0,99269,0,0,0.0,0.0,0.0,0.0,0.0,0,248,204,65,1845,3.853372573852539
2026-04-07T11:42:04.291,radio://0/80/2M,range,0,0,Reacquire Wall,6439,0,0,0,0.0,0,0,0.0,0.0,99269,0,0,0.0,0.0,0.0,0.0,0.0,102,265,156,62,1915,3.8639297485351562
2026-04-07T11:42:04.537,radio://0/80/2M,mission,0,0,Reacquire Wall,6439,0,0,0,0.0,0,0,0.0,0.0,99269,0,0,0.0,0.0,0.0,0.0,0.0,102,265,156,62,1915,3.8639297485351562
2026-04-07T11:42:04.539,radio://0/80/2M,flow,0,0,Reacquire Wall,6439,0,0,0,0.0,0,0,0.0,0.0,99519,0,0,0.0,0.0,0.0,0.0,0.0,102,265,156,62,1915,3.8639297485351562
2026-04-07T11:42:04.541,radio://0/80/2M,range,0,0,Reacquire Wall,6439,0,0,0,0.0,0,0,0.0,0.0,99519,0,0,0.0,0.0,0.0,0.0,0.0,52,284,123,32766,1931,3.853372573852539
2026-04-07T11:42:04.787,radio://0/80/2M,mission,0,0,Reacquire Wall,6439,0,0,0,0.0,0,0,0.0,0.0,99519,0,0,0.0,0.0,0.0,0.0,0.0,52,284,123,32766,1931,3.853372573852539
2026-04-07T11:42:04.790,radio://0/80/2M,flow,0,0,Reacquire Wall,6439,0,0,0,0.0,0,0,0.0,0.0,99769,0,0,0.0,0.0,0.0,0.0,0.0,52,284,123,32766,1931,3.853372573852539
2026-04-07T11:42:04.791,radio://0/80/2M,range,0,0,Reacquire Wall,6439,0,0,0,0.0,0,0,0.0,0.0,99769,0,0,0.0,0.0,0.0,0.0,0.0,0,285,135,32766,1916,3.8639297485351562
2026-04-07T11:42:05.044,radio://0/80/2M,mission,0,0,Reacquire Wall,6439,0,0,0,0.0,0,0,0.0,0.0,99769,0,0,0.0,0.0,0.0,0.0,0.0,0,285,135,32766,1916,3.8639297485351562
2026-04-07T11:42:05.046,radio://0/80/2M,flow,0,0,Reacquire Wall,6439,0,0,0,0.0,0,0,0.0,0.0,100019,0,0,0.0,0.0,0.0,0.0,0.0,0,285,135,32766,1916,3.8639297485351562
2026-04-07T11:42:05.047,radio://0/80/2M,range,0,0,Reacquire Wall,6439,0,0,0,0.0,0,0,0.0,0.0,100019,0,0,0.0,0.0,0.0,0.0,0.0,32766,281,119,32766,1937,3.853372573852539
2026-04-07T11:42:05.286,radio://0/80/2M,mission,0,0,Reacquire Wall,6439,0,0,0,0.0,0,0,0.0,0.0,100019,0,0,0.0,0.0,0.0,0.0,0.0,32766,281,119,32766,1937,3.853372573852539
2026-04-07T11:42:05.288,radio://0/80/2M,flow,0,0,Reacquire Wall,6439,0,0,0,0.0,0,0,0.0,0.0,100269,0,0,0.0,0.0,0.0,0.0,0.0,32766,281,119,32766,1937,3.853372573852539
2026-04-07T11:42:05.291,radio://0/80/2M,range,0,0,Reacquire Wall,6439,0,0,0,0.0,0,0,0.0,0.0,100269,0,0,0.0,0.0,0.0,0.0,0.0,32766,279,116,32766,1938,3.8639297485351562
2026-04-07T11:42:05.536,radio://0/80/2M,mission,0,0,Reacquire Wall,6439,0,0,0,0.0,0,0,0.0,0.0,100269,0,0,0.0,0.0,0.0,0.0,0.0,32766,279,116,32766,1938,3.8639297485351562
2026-04-07T11:42:05.538,radio://0/80/2M,flow,0,0,Reacquire Wall,6439,0,0,0,0.0,0,0,0.0,0.0,100519,0,0,0.0,0.0,0.0,0.0,0.0,32766,279,116,32766,1938,3.8639297485351562
2026-04-07T11:42:05.540,radio://0/80/2M,range,0,0,Reacquire Wall,6439,0,0,0,0.0,0,0,0.0,0.0,100519,0,0,0.0,0.0,0.0,0.0,0.0,31,283,131,32766,1940,3.8586511611938477
2026-04-07T11:42:05.787,radio://0/80/2M,mission,0,0,Reacquire Wall,6439,0,0,0,0.0,0,0,0.0,0.0,100519,0,0,0.0,0.0,0.0,0.0,0.0,31,283,131,32766,1940,3.8586511611938477
2026-04-07T11:42:05.788,radio://0/80/2M,flow,0,0,Reacquire Wall,6439,0,0,0,0.0,0,0,0.0,0.0,100769,3,0,0.0,0.0,0.0,0.0,0.0,31,283,131,32766,1940,3.8586511611938477
2026-04-07T11:42:05.790,radio://0/80/2M,range,0,0,Reacquire Wall,6439,0,0,0,0.0,0,0,0.0,0.0,100769,3,0,0.0,0.0,0.0,0.0,0.0,48,277,146,32766,1943,3.8639297485351562
2026-04-07T11:42:06.036,radio://0/80/2M,mission,0,0,Reacquire Wall,6439,0,0,0,0.0,0,0,0.0,0.0,100769,3,0,0.0,0.0,0.0,0.0,0.0,48,277,146,32766,1943,3.8639297485351562
2026-04-07T11:42:06.038,radio://0/80/2M,flow,0,0,Reacquire Wall,6037,0,0,0,0.0,0,0,0.0,0.0,101019,-1,0,0.0,0.0,0.0,0.0,0.0,48,277,146,32766,1943,3.8639297485351562
2026-04-07T11:42:06.040,radio://0/80/2M,range,0,0,Reacquire Wall,6037,0,0,0,0.0,0,0,0.0,0.0,101019,-1,0,0.0,0.0,0.0,0.0,0.0,32766,270,153,32766,1943,3.853372573852539
2026-04-07T11:42:06.286,radio://0/80/2M,mission,0,0,Reacquire Wall,6037,0,0,0,0.0,0,0,0.0,0.0,101019,-1,0,0.0,0.0,0.0,0.0,0.0,32766,270,153,32766,1943,3.853372573852539
2026-04-07T11:42:06.289,radio://0/80/2M,flow,0,0,Reacquire Wall,6037,0,0,0,0.0,0,0,0.0,0.0,101269,0,0,0.0,0.0,0.0,0.0,0.0,32766,270,153,32766,1943,3.853372573852539
2026-04-07T11:42:06.290,radio://0/80/2M,range,0,0,Reacquire Wall,6037,0,0,0,0.0,0,0,0.0,0.0,101269,0,0,0.0,0.0,0.0,0.0,0.0,32766,252,146,32766,1945,3.8639297485351562
2026-04-07T11:42:06.536,radio://0/80/2M,mission,0,0,Reacquire Wall,6037,0,0,0,0.0,0,0,0.0,0.0,101269,0,0,0.0,0.0,0.0,0.0,0.0,32766,252,146,32766,1945,3.8639297485351562
2026-04-07T11:42:06.538,radio://0/80/2M,flow,0,0,Reacquire Wall,5660,0,0,0,0.0,0,0,0.0,0.0,101519,-3,1,0.0,0.0,0.0,0.0,0.0,32766,252,146,32766,1945,3.8639297485351562
2026-04-07T11:42:06.539,radio://0/80/2M,range,0,0,Reacquire Wall,5660,0,0,0,0.0,0,0,0.0,0.0,101519,-3,1,0.0,0.0,0.0,0.0,0.0,47,207,185,32766,1942,3.853372573852539
2026-04-07T11:42:06.799,radio://0/80/2M,mission,0,0,Reacquire Wall,5660,0,0,0,0.0,0,0,0.0,0.0,101519,-3,1,0.0,0.0,0.0,0.0,0.0,47,207,185,32766,1942,3.853372573852539
2026-04-07T11:42:06.800,radio://0/80/2M,flow,0,0,Reacquire Wall,5660,0,0,0,0.0,0,0,0.0,0.0,101769,1,0,0.0,0.0,0.0,0.0,0.0,47,207,185,32766,1942,3.853372573852539
2026-04-07T11:42:06.801,radio://0/80/2M,range,0,0,Reacquire Wall,5660,0,0,0,0.0,0,0,0.0,0.0,101769,1,0,0.0,0.0,0.0,0.0,0.0,0,189,221,32766,1939,3.8639297485351562
2026-04-07T11:42:07.035,radio://0/80/2M,mission,0,0,Reacquire Wall,5660,0,0,0,0.0,0,0,0.0,0.0,101769,1,0,0.0,0.0,0.0,0.0,0.0,0,189,221,32766,1939,3.8639297485351562
2026-04-07T11:42:07.038,radio://0/80/2M,flow,0,0,Reacquire Wall,5660,0,0,0,0.0,0,0,0.0,0.0,102019,1,-2,0.0,0.0,0.0,0.0,0.0,0,189,221,32766,1939,3.8639297485351562
2026-04-07T11:42:07.039,radio://0/80/2M,range,0,0,Reacquire Wall,5660,0,0,0,0.0,0,0,0.0,0.0,102019,1,-2,0.0,0.0,0.0,0.0,0.0,47,226,222,32766,1950,3.853372573852539
2026-04-07T11:42:07.284,radio://0/80/2M,mission,0,0,Reacquire Wall,5660,0,0,0,0.0,0,0,0.0,0.0,102019,1,-2,0.0,0.0,0.0,0.0,0.0,47,226,222,32766,1950,3.853372573852539
2026-04-07T11:42:07.287,radio://0/80/2M,flow,0,0,Reacquire Wall,5660,0,0,0,0.0,0,0,0.0,0.0,102269,1,0,0.0,0.0,0.0,0.0,0.0,47,226,222,32766,1950,3.853372573852539
2026-04-07T11:42:07.290,radio://0/80/2M,range,0,0,Reacquire Wall,5660,0,0,0,0.0,0,0,0.0,0.0,102269,1,0,0.0,0.0,0.0,0.0,0.0,63,259,195,32766,1965,3.8639297485351562
2026-04-07T11:42:07.534,radio://0/80/2M,mission,0,0,Reacquire Wall,5660,0,0,0,0.0,0,0,0.0,0.0,102269,1,0,0.0,0.0,0.0,0.0,0.0,63,259,195,32766,1965,3.8639297485351562
2026-04-07T11:42:07.537,radio://0/80/2M,flow,0,0,Reacquire Wall,5660,0,0,0,0.0,0,0,0.0,0.0,102519,0,-1,0.0,0.0,0.0,0.0,0.0,63,259,195,32766,1965,3.8639297485351562
2026-04-07T11:42:07.539,radio://0/80/2M,range,0,0,Reacquire Wall,5660,0,0,0,0.0,0,0,0.0,0.0,102519,0,-1,0.0,0.0,0.0,0.0,0.0,65,286,194,32766,1967,3.8586511611938477
2026-04-07T11:42:07.785,radio://0/80/2M,mission,0,0,Reacquire Wall,5660,0,0,0,0.0,0,0,0.0,0.0,102519,0,-1,0.0,0.0,0.0,0.0,0.0,65,286,194,32766,1967,3.8586511611938477
2026-04-07T11:42:07.787,radio://0/80/2M,flow,0,0,Reacquire Wall,5660,0,0,0,0.0,0,0,0.0,0.0,102769,1,1,0.0,0.0,0.0,0.0,0.0,65,286,194,32766,1967,3.8586511611938477
2026-04-07T11:42:07.789,radio://0/80/2M,range,0,0,Reacquire Wall,5660,0,0,0,0.0,0,0,0.0,0.0,102769,1,1,0.0,0.0,0.0,0.0,0.0,94,281,220,32766,1976,3.8639297485351562
2026-04-07T11:42:08.034,radio://0/80/2M,mission,0,0,Reacquire Wall,5660,0,0,0,0.0,0,0,0.0,0.0,102769,1,1,0.0,0.0,0.0,0.0,0.0,94,281,220,32766,1976,3.8639297485351562
2026-04-07T11:42:08.037,radio://0/80/2M,flow,0,0,Reacquire Wall,5660,0,0,0,0.0,0,0,0.0,0.0,103019,-3,-4,0.0,0.0,0.0,0.0,0.0,94,281,220,32766,1976,3.8639297485351562
2026-04-07T11:42:08.038,radio://0/80/2M,range,0,0,Reacquire Wall,5660,0,0,0,0.0,0,0,0.0,0.0,103019,-3,-4,0.0,0.0,0.0,0.0,0.0,32766,266,340,32766,1987,3.853372573852539
2026-04-07T11:42:08.285,radio://0/80/2M,mission,0,0,Reacquire Wall,5660,0,0,0,0.0,0,0,0.0,0.0,103019,-3,-4,0.0,0.0,0.0,0.0,0.0,32766,266,340,32766,1987,3.853372573852539
2026-04-07T11:42:08.287,radio://0/80/2M,flow,0,0,Reacquire Wall,5660,0,0,0,0.0,0,0,0.0,0.0,103269,-1,0,0.0,0.0,0.0,0.0,0.0,32766,266,340,32766,1987,3.853372573852539
2026-04-07T11:42:08.289,radio://0/80/2M,range,0,0,Reacquire Wall,5660,0,0,0,0.0,0,0,0.0,0.0,103269,-1,0,0.0,0.0,0.0,0.0,0.0,32766,332,1403,240,1952,3.8639297485351562
2026-04-07T11:42:08.533,radio://0/80/2M,mission,0,0,Reacquire Wall,5660,0,0,0,0.0,0,0,0.0,0.0,103269,-1,0,0.0,0.0,0.0,0.0,0.0,32766,332,1403,240,1952,3.8639297485351562
2026-04-07T11:42:08.536,radio://0/80/2M,flow,0,0,Reacquire Wall,5660,0,0,0,0.0,0,0,0.0,0.0,103519,0,0,0.0,0.0,0.0,0.0,0.0,32766,332,1403,240,1952,3.8639297485351562
2026-04-07T11:42:08.539,radio://0/80/2M,range,0,0,Reacquire Wall,5660,0,0,0,0.0,0,0,0.0,0.0,103519,0,0,0.0,0.0,0.0,0.0,0.0,32766,32766,825,267,1938,3.853372573852539
2026-04-07T11:42:08.784,radio://0/80/2M,mission,0,0,Reacquire Wall,5660,0,0,0,0.0,0,0,0.0,0.0,103519,0,0,0.0,0.0,0.0,0.0,0.0,32766,32766,825,267,1938,3.853372573852539
2026-04-07T11:42:08.786,radio://0/80/2M,flow,0,0,Reacquire Wall,5660,0,0,0,0.0,0,0,0.0,0.0,103769,0,0,0.0,0.0,0.0,0.0,0.0,32766,32766,825,267,1938,3.853372573852539
2026-04-07T11:42:08.788,radio://0/80/2M,range,0,0,Reacquire Wall,5660,0,0,0,0.0,0,0,0.0,0.0,103769,0,0,0.0,0.0,0.0,0.0,0.0,32766,32766,123,283,1939,3.8639297485351562
2026-04-07T11:42:09.033,radio://0/80/2M,mission,0,0,Reacquire Wall,5660,0,0,0,0.0,0,0,0.0,0.0,103769,0,0,0.0,0.0,0.0,0.0,0.0,32766,32766,123,283,1939,3.8639297485351562
2026-04-07T11:42:09.036,radio://0/80/2M,flow,0,0,Reacquire Wall,5660,0,0,0,0.0,0,0,0.0,0.0,104019,0,0,0.0,0.0,0.0,0.0,0.0,32766,32766,123,283,1939,3.8639297485351562
2026-04-07T11:42:09.037,radio://0/80/2M,range,0,0,Reacquire Wall,5660,0,0,0,0.0,0,0,0.0,0.0,104019,0,0,0.0,0.0,0.0,0.0,0.0,98,32766,88,313,1939,3.853372573852539
2026-04-07T11:42:09.283,radio://0/80/2M,mission,0,0,Reacquire Wall,5660,0,0,0,0.0,0,0,0.0,0.0,104019,0,0,0.0,0.0,0.0,0.0,0.0,98,32766,88,313,1939,3.853372573852539
2026-04-07T11:42:09.285,radio://0/80/2M,flow,0,0,Reacquire Wall,5660,0,0,0,0.0,0,0,0.0,0.0,104269,1,0,0.0,0.0,0.0,0.0,0.0,98,32766,88,313,1939,3.853372573852539
2026-04-07T11:42:09.287,radio://0/80/2M,range,0,0,Reacquire Wall,5660,0,0,0,0.0,0,0,0.0,0.0,104269,1,0,0.0,0.0,0.0,0.0,0.0,97,32766,95,317,1944,3.8639297485351562
2026-04-07T11:42:09.533,radio://0/80/2M,mission,0,0,Reacquire Wall,5660,0,0,0,0.0,0,0,0.0,0.0,104269,1,0,0.0,0.0,0.0,0.0,0.0,97,32766,95,317,1944,3.8639297485351562
2026-04-07T11:42:09.535,radio://0/80/2M,flow,0,0,Reacquire Wall,5307,0,0,0,0.0,0,0,0.0,0.0,104519,0,2,0.0,0.0,0.0,0.0,0.0,97,32766,95,317,1944,3.8639297485351562
2026-04-07T11:42:09.537,radio://0/80/2M,range,0,0,Reacquire Wall,5307,0,0,0,0.0,0,0,0.0,0.0,104519,0,2,0.0,0.0,0.0,0.0,0.0,32766,32766,91,283,1945,3.853372573852539
2026-04-07T11:42:09.783,radio://0/80/2M,mission,0,0,Reacquire Wall,5307,0,0,0,0.0,0,0,0.0,0.0,104519,0,2,0.0,0.0,0.0,0.0,0.0,32766,32766,91,283,1945,3.853372573852539
2026-04-07T11:42:09.786,radio://0/80/2M,flow,0,0,Reacquire Wall,5307,0,0,0,0.0,0,0,0.0,0.0,104769,0,0,0.0,0.0,0.0,0.0,0.0,32766,32766,91,283,1945,3.853372573852539
2026-04-07T11:42:09.787,radio://0/80/2M,range,0,0,Reacquire Wall,5307,0,0,0,0.0,0,0,0.0,0.0,104769,0,0,0.0,0.0,0.0,0.0,0.0,32766,32766,124,193,1955,3.8639297485351562
2026-04-07T11:42:10.032,radio://0/80/2M,mission,0,0,Reacquire Wall,5307,0,0,0,0.0,0,0,0.0,0.0,104769,0,0,0.0,0.0,0.0,0.0,0.0,32766,32766,124,193,1955,3.8639297485351562
2026-04-07T11:42:10.035,radio://0/80/2M,flow,0,0,Reacquire Wall,5307,0,0,0,0.0,0,0,0.0,0.0,105019,0,0,0.0,0.0,0.0,0.0,0.0,32766,32766,124,193,1955,3.8639297485351562
2026-04-07T11:42:10.036,radio://0/80/2M,range,0,0,Reacquire Wall,5307,0,0,0,0.0,0,0,0.0,0.0,105019,0,0,0.0,0.0,0.0,0.0,0.0,250,32766,109,186,1964,3.853372573852539
2026-04-07T11:42:10.283,radio://0/80/2M,mission,0,0,Reacquire Wall,5307,0,0,0,0.0,0,0,0.0,0.0,105019,0,0,0.0,0.0,0.0,0.0,0.0,250,32766,109,186,1964,3.853372573852539
2026-04-07T11:42:10.286,radio://0/80/2M,flow,0,0,Reacquire Wall,5307,0,0,0,0.0,0,0,0.0,0.0,105269,0,0,0.0,0.0,0.0,0.0,0.0,250,32766,109,186,1964,3.853372573852539
2026-04-07T11:42:10.287,radio://0/80/2M,range,0,0,Reacquire Wall,5307,0,0,0,0.0,0,0,0.0,0.0,105269,0,0,0.0,0.0,0.0,0.0,0.0,314,149,136,187,1969,3.8639297485351562
2026-04-07T11:42:10.532,radio://0/80/2M,mission,0,0,Reacquire Wall,5307,0,0,0,0.0,0,0,0.0,0.0,105269,0,0,0.0,0.0,0.0,0.0,0.0,314,149,136,187,1969,3.8639297485351562
2026-04-07T11:42:10.534,radio://0/80/2M,flow,0,0,Reacquire Wall,5307,0,0,0,0.0,0,0,0.0,0.0,105519,0,-1,0.0,0.0,0.0,0.0,0.0,314,149,136,187,1969,3.8639297485351562
2026-04-07T11:42:10.537,radio://0/80/2M,range,0,0,Reacquire Wall,5307,0,0,0,0.0,0,0,0.0,0.0,105519,0,-1,0.0,0.0,0.0,0.0,0.0,32766,113,139,190,1966,3.853372573852539
2026-04-07T11:42:10.783,radio://0/80/2M,mission,0,0,Reacquire Wall,5307,0,0,0,0.0,0,0,0.0,0.0,105519,0,-1,0.0,0.0,0.0,0.0,0.0,32766,113,139,190,1966,3.853372573852539
2026-04-07T11:42:10.785,radio://0/80/2M,flow,0,0,Reacquire Wall,5307,0,0,0,0.0,0,0,0.0,0.0,105769,0,0,0.0,0.0,0.0,0.0,0.0,32766,113,139,190,1966,3.853372573852539
2026-04-07T11:42:10.786,radio://0/80/2M,range,0,0,Reacquire Wall,5307,0,0,0,0.0,0,0,0.0,0.0,105769,0,0,0.0,0.0,0.0,0.0,0.0,32766,110,137,193,1960,3.8639297485351562
2026-04-07T11:42:11.032,radio://0/80/2M,mission,0,0,Reacquire Wall,5307,0,0,0,0.0,0,0,0.0,0.0,105769,0,0,0.0,0.0,0.0,0.0,0.0,32766,110,137,193,1960,3.8639297485351562
2026-04-07T11:42:11.035,radio://0/80/2M,flow,0,0,Reacquire Wall,5307,0,0,0,0.0,0,0,0.0,0.0,106019,0,0,0.0,0.0,0.0,0.0,0.0,32766,110,137,193,1960,3.8639297485351562
2026-04-07T11:42:11.036,radio://0/80/2M,range,0,0,Reacquire Wall,5307,0,0,0,0.0,0,0,0.0,0.0,106019,0,0,0.0,0.0,0.0,0.0,0.0,32766,122,138,171,1954,3.853372573852539
2026-04-07T11:42:11.282,radio://0/80/2M,mission,0,0,Reacquire Wall,5307,0,0,0,0.0,0,0,0.0,0.0,106019,0,0,0.0,0.0,0.0,0.0,0.0,32766,122,138,171,1954,3.853372573852539
2026-04-07T11:42:11.284,radio://0/80/2M,flow,0,0,Reacquire Wall,5307,0,0,0,0.0,0,0,0.0,0.0,106269,3,0,0.0,0.0,0.0,0.0,0.0,32766,122,138,171,1954,3.853372573852539
2026-04-07T11:42:11.286,radio://0/80/2M,range,0,0,Reacquire Wall,5307,0,0,0,0.0,0,0,0.0,0.0,106269,3,0,0.0,0.0,0.0,0.0,0.0,32766,129,127,151,1956,3.8639297485351562
2026-04-07T11:42:11.532,radio://0/80/2M,mission,0,0,Reacquire Wall,5307,0,0,0,0.0,0,0,0.0,0.0,106269,3,0,0.0,0.0,0.0,0.0,0.0,32766,129,127,151,1956,3.8639297485351562
2026-04-07T11:42:11.533,radio://0/80/2M,flow,0,0,Reacquire Wall,5551,0,0,0,0.0,0,0,0.0,0.0,106519,0,-2,0.0,0.0,0.0,0.0,0.0,32766,129,127,151,1956,3.8639297485351562
2026-04-07T11:42:11.535,radio://0/80/2M,range,0,0,Reacquire Wall,5551,0,0,0,0.0,0,0,0.0,0.0,106519,0,-2,0.0,0.0,0.0,0.0,0.0,0,138,139,189,1953,3.853372573852539
2026-04-07T11:42:11.781,radio://0/80/2M,mission,0,0,Reacquire Wall,5551,0,0,0,0.0,0,0,0.0,0.0,106519,0,-2,0.0,0.0,0.0,0.0,0.0,0,138,139,189,1953,3.853372573852539
2026-04-07T11:42:11.785,radio://0/80/2M,flow,0,0,Reacquire Wall,5551,0,0,0,0.0,0,0,0.0,0.0,106769,1,3,0.0,0.0,0.0,0.0,0.0,0,138,139,189,1953,3.853372573852539
2026-04-07T11:42:11.786,radio://0/80/2M,range,0,0,Reacquire Wall,5551,0,0,0,0.0,0,0,0.0,0.0,106769,1,3,0.0,0.0,0.0,0.0,0.0,32766,136,131,182,1954,3.8639297485351562
2026-04-07T11:42:12.031,radio://0/80/2M,mission,0,0,Reacquire Wall,5551,0,0,0,0.0,0,0,0.0,0.0,106769,1,3,0.0,0.0,0.0,0.0,0.0,32766,136,131,182,1954,3.8639297485351562
2026-04-07T11:42:12.034,radio://0/80/2M,flow,0,0,Reacquire Wall,5551,0,0,0,0.0,0,0,0.0,0.0,107019,0,0,0.0,0.0,0.0,0.0,0.0,32766,136,131,182,1954,3.8639297485351562
2026-04-07T11:42:12.035,radio://0/80/2M,range,0,0,Reacquire Wall,5551,0,0,0,0.0,0,0,0.0,0.0,107019,0,0,0.0,0.0,0.0,0.0,0.0,32766,147,137,180,1961,3.853372573852539
2026-04-07T11:42:12.280,radio://0/80/2M,mission,0,0,Reacquire Wall,5551,0,0,0,0.0,0,0,0.0,0.0,107019,0,0,0.0,0.0,0.0,0.0,0.0,32766,147,137,180,1961,3.853372573852539
2026-04-07T11:42:12.283,radio://0/80/2M,flow,0,0,Reacquire Wall,5551,0,0,0,0.0,0,0,0.0,0.0,107269,2,0,0.0,0.0,0.0,0.0,0.0,32766,147,137,180,1961,3.853372573852539
2026-04-07T11:42:12.285,radio://0/80/2M,range,0,0,Reacquire Wall,5551,0,0,0,0.0,0,0,0.0,0.0,107269,2,0,0.0,0.0,0.0,0.0,0.0,32766,155,119,174,1950,3.8639297485351562
2026-04-07T11:42:12.531,radio://0/80/2M,mission,0,0,Reacquire Wall,5551,0,0,0,0.0,0,0,0.0,0.0,107269,2,0,0.0,0.0,0.0,0.0,0.0,32766,155,119,174,1950,3.8639297485351562
2026-04-07T11:42:12.533,radio://0/80/2M,flow,0,0,Reacquire Wall,7046,0,0,0,0.0,0,0,0.0,0.0,107519,0,1,0.0,0.0,0.0,0.0,0.0,32766,155,119,174,1950,3.8639297485351562
2026-04-07T11:42:12.535,radio://0/80/2M,range,0,0,Reacquire Wall,7046,0,0,0,0.0,0,0,0.0,0.0,107519,0,1,0.0,0.0,0.0,0.0,0.0,0,189,114,76,32766,3.853372573852539
2026-04-07T11:42:12.780,radio://0/80/2M,mission,0,0,Reacquire Wall,7046,0,0,0,0.0,0,0,0.0,0.0,107519,0,1,0.0,0.0,0.0,0.0,0.0,0,189,114,76,32766,3.853372573852539
2026-04-07T11:42:12.783,radio://0/80/2M,flow,0,0,Reacquire Wall,6909,0,0,0,0.0,0,0,0.0,0.0,107769,9,-6,0.0,0.0,0.0,0.0,0.0,0,189,114,76,32766,3.853372573852539
2026-04-07T11:42:12.785,radio://0/80/2M,range,0,0,Reacquire Wall,6909,0,0,0,0.0,0,0,0.0,0.0,107769,9,-6,0.0,0.0,0.0,0.0,0.0,0,205,32766,88,1930,3.8639297485351562
2026-04-07T11:42:13.031,radio://0/80/2M,mission,0,0,Reacquire Wall,6909,0,0,0,0.0,0,0,0.0,0.0,107769,9,-6,0.0,0.0,0.0,0.0,0.0,0,205,32766,88,1930,3.8639297485351562
2026-04-07T11:42:13.032,radio://0/80/2M,flow,0,0,Reacquire Wall,5695,0,0,0,0.0,0,0,0.0,0.0,108019,0,0,0.0,0.0,0.0,0.0,0.0,0,205,32766,88,1930,3.8639297485351562
2026-04-07T11:42:13.035,radio://0/80/2M,range,0,0,Reacquire Wall,5695,0,0,0,0.0,0,0,0.0,0.0,108019,0,0,0.0,0.0,0.0,0.0,0.0,32766,245,275,266,1939,3.853372573852539
2026-04-07T11:42:13.280,radio://0/80/2M,mission,0,0,Reacquire Wall,5695,0,0,0,0.0,0,0,0.0,0.0,108019,0,0,0.0,0.0,0.0,0.0,0.0,32766,245,275,266,1939,3.853372573852539
2026-04-07T11:42:13.283,radio://0/80/2M,flow,0,0,Reacquire Wall,5340,0,0,0,0.0,0,0,0.0,0.0,108269,0,0,0.0,0.0,0.0,0.0,0.0,32766,245,275,266,1939,3.853372573852539
2026-04-07T11:42:13.284,radio://0/80/2M,range,0,0,Reacquire Wall,5340,0,0,0,0.0,0,0,0.0,0.0,108269,0,0,0.0,0.0,0.0,0.0,0.0,32766,259,216,274,1948,3.8639297485351562
2026-04-07T11:42:13.529,radio://0/80/2M,mission,0,0,Reacquire Wall,5340,0,0,0,0.0,0,0,0.0,0.0,108269,0,0,0.0,0.0,0.0,0.0,0.0,32766,259,216,274,1948,3.8639297485351562
2026-04-07T11:42:13.532,radio://0/80/2M,flow,0,0,Reacquire Wall,5340,0,0,0,0.0,0,0,0.0,0.0,108519,0,0,0.0,0.0,0.0,0.0,0.0,32766,259,216,274,1948,3.8639297485351562
2026-04-07T11:42:13.534,radio://0/80/2M,range,0,0,Reacquire Wall,5340,0,0,0,0.0,0,0,0.0,0.0,108519,0,0,0.0,0.0,0.0,0.0,0.0,346,267,235,306,1952,3.853372573852539
2026-04-07T11:42:13.787,radio://0/80/2M,mission,0,0,Reacquire Wall,5340,0,0,0,0.0,0,0,0.0,0.0,108519,0,0,0.0,0.0,0.0,0.0,0.0,346,267,235,306,1952,3.853372573852539
2026-04-07T11:42:13.788,radio://0/80/2M,flow,0,0,Reacquire Wall,5340,0,0,0,0.0,0,0,0.0,0.0,108769,-1,0,0.0,0.0,0.0,0.0,0.0,346,267,235,306,1952,3.853372573852539
2026-04-07T11:42:13.789,radio://0/80/2M,range,0,0,Reacquire Wall,5340,0,0,0,0.0,0,0,0.0,0.0,108769,-1,0,0.0,0.0,0.0,0.0,0.0,32766,280,243,299,1952,3.8639297485351562
2026-04-07T11:42:14.029,radio://0/80/2M,mission,0,0,Reacquire Wall,5340,0,0,0,0.0,0,0,0.0,0.0,108769,-1,0,0.0,0.0,0.0,0.0,0.0,32766,280,243,299,1952,3.8639297485351562
2026-04-07T11:42:14.032,radio://0/80/2M,flow,0,0,Reacquire Wall,5340,0,0,0,0.0,0,0,0.0,0.0,109019,0,-1,0.0,0.0,0.0,0.0,0.0,32766,280,243,299,1952,3.8639297485351562
2026-04-07T11:42:14.034,radio://0/80/2M,range,0,0,Reacquire Wall,5340,0,0,0,0.0,0,0,0.0,0.0,109019,0,-1,0.0,0.0,0.0,0.0,0.0,347,290,224,295,1950,3.853372573852539
2026-04-07T11:42:14.279,radio://0/80/2M,mission,0,0,Reacquire Wall,5340,0,0,0,0.0,0,0,0.0,0.0,109019,0,-1,0.0,0.0,0.0,0.0,0.0,347,290,224,295,1950,3.853372573852539
2026-04-07T11:42:14.282,radio://0/80/2M,flow,0,0,Reacquire Wall,5340,0,0,0,0.0,0,0,0.0,0.0,109269,-1,0,0.0,0.0,0.0,0.0,0.0,347,290,224,295,1950,3.853372573852539
2026-04-07T11:42:14.284,radio://0/80/2M,range,0,0,Reacquire Wall,5340,0,0,0,0.0,0,0,0.0,0.0,109269,-1,0,0.0,0.0,0.0,0.0,0.0,338,297,188,284,1949,3.8639297485351562
2026-04-07T11:42:14.530,radio://0/80/2M,mission,0,0,Reacquire Wall,5340,0,0,0,0.0,0,0,0.0,0.0,109269,-1,0,0.0,0.0,0.0,0.0,0.0,338,297,188,284,1949,3.8639297485351562
2026-04-07T11:42:14.531,radio://0/80/2M,flow,0,0,Reacquire Wall,5340,0,0,0,0.0,0,0,0.0,0.0,109519,-4,-1,0.0,0.0,0.0,0.0,0.0,338,297,188,284,1949,3.8639297485351562
2026-04-07T11:42:14.533,radio://0/80/2M,range,0,0,Reacquire Wall,5340,0,0,0,0.0,0,0,0.0,0.0,109519,-4,-1,0.0,0.0,0.0,0.0,0.0,314,322,132,301,1940,3.853372573852539
2026-04-07T11:42:14.780,radio://0/80/2M,mission,0,0,Reacquire Wall,5340,0,0,0,0.0,0,0,0.0,0.0,109519,-4,-1,0.0,0.0,0.0,0.0,0.0,314,322,132,301,1940,3.853372573852539
2026-04-07T11:42:14.781,radio://0/80/2M,flow,0,0,Reacquire Wall,6027,0,0,0,0.0,0,0,0.0,0.0,109769,-4,-4,0.0,0.0,0.0,0.0,0.0,314,322,132,301,1940,3.853372573852539
2026-04-07T11:42:14.783,radio://0/80/2M,range,0,0,Reacquire Wall,6027,0,0,0,0.0,0,0,0.0,0.0,109769,-4,-4,0.0,0.0,0.0,0.0,0.0,32766,32766,96,332,1905,3.8639297485351562
2026-04-07T11:42:15.028,radio://0/80/2M,mission,0,0,Reacquire Wall,6027,0,0,0,0.0,0,0,0.0,0.0,109769,-4,-4,0.0,0.0,0.0,0.0,0.0,32766,32766,96,332,1905,3.8639297485351562
2026-04-07T11:42:15.031,radio://0/80/2M,flow,0,0,Reacquire Wall,6403,0,0,0,0.0,0,0,0.0,0.0,110019,0,0,0.0,0.0,0.0,0.0,0.0,32766,32766,96,332,1905,3.8639297485351562
2026-04-07T11:42:15.034,radio://0/80/2M,range,0,0,Reacquire Wall,6403,0,0,0,0.0,0,0,0.0,0.0,110019,0,0,0.0,0.0,0.0,0.0,0.0,11,32766,89,335,1870,3.853372573852539
2026-04-07T11:42:15.281,radio://0/80/2M,mission,0,0,Reacquire Wall,6403,0,0,0,0.0,0,0,0.0,0.0,110019,0,0,0.0,0.0,0.0,0.0,0.0,11,32766,89,335,1870,3.853372573852539
2026-04-07T11:42:15.282,radio://0/80/2M,flow,0,0,Reacquire Wall,6803,0,0,0,0.0,0,0,0.0,0.0,110269,23,-11,0.0,0.0,0.0,0.0,0.0,11,32766,89,335,1870,3.853372573852539
2026-04-07T11:42:15.284,radio://0/80/2M,range,0,0,Reacquire Wall,6803,0,0,0,0.0,0,0,0.0,0.0,110269,23,-11,0.0,0.0,0.0,0.0,0.0,32766,32766,66,385,1836,3.8639297485351562
2026-04-07T11:42:15.528,radio://0/80/2M,mission,0,0,Reacquire Wall,6803,0,0,0,0.0,0,0,0.0,0.0,110269,23,-11,0.0,0.0,0.0,0.0,0.0,32766,32766,66,385,1836,3.8639297485351562
2026-04-07T11:42:15.531,radio://0/80/2M,flow,0,0,Reacquire Wall,6803,0,0,0,0.0,0,0,0.0,0.0,110519,0,0,0.0,0.0,0.0,0.0,0.0,32766,32766,66,385,1836,3.8639297485351562
2026-04-07T11:42:15.532,radio://0/80/2M,range,0,0,Reacquire Wall,6803,0,0,0,0.0,0,0,0.0,0.0,110519,0,0,0.0,0.0,0.0,0.0,0.0,8,32766,99,510,1826,3.853372573852539
2026-04-07T11:42:15.778,radio://0/80/2M,mission,0,0,Reacquire Wall,6803,0,0,0,0.0,0,0,0.0,0.0,110519,0,0,0.0,0.0,0.0,0.0,0.0,8,32766,99,510,1826,3.853372573852539
2026-04-07T11:42:15.781,radio://0/80/2M,flow,0,0,Reacquire Wall,6803,0,0,0,0.0,0,0,0.0,0.0,110769,4,3,0.0,0.0,0.0,0.0,0.0,8,32766,99,510,1826,3.853372573852539
2026-04-07T11:42:15.782,radio://0/80/2M,range,0,0,Reacquire Wall,6803,0,0,0,0.0,0,0,0.0,0.0,110769,4,3,0.0,0.0,0.0,0.0,0.0,32766,32766,325,543,1843,3.8639297485351562
2026-04-07T11:42:16.029,radio://0/80/2M,mission,0,0,Reacquire Wall,6803,0,0,0,0.0,0,0,0.0,0.0,110769,4,3,0.0,0.0,0.0,0.0,0.0,32766,32766,325,543,1843,3.8639297485351562
2026-04-07T11:42:16.030,radio://0/80/2M,flow,0,0,Reacquire Wall,5257,0,0,0,0.0,0,0,0.0,0.0,111019,0,6,0.0,0.0,0.0,0.0,0.0,32766,32766,325,543,1843,3.8639297485351562
2026-04-07T11:42:16.033,radio://0/80/2M,range,0,0,Reacquire Wall,5257,0,0,0,0.0,0,0,0.0,0.0,111019,0,6,0.0,0.0,0.0,0.0,0.0,32766,32766,261,32766,1836,3.8586511611938477
2026-04-07T11:42:16.283,radio://0/80/2M,mission,0,0,Reacquire Wall,5257,0,0,0,0.0,0,0,0.0,0.0,111019,0,6,0.0,0.0,0.0,0.0,0.0,32766,32766,261,32766,1836,3.8586511611938477
2026-04-07T11:42:16.284,radio://0/80/2M,flow,0,0,Reacquire Wall,5257,0,0,0,0.0,0,0,0.0,0.0,111269,0,0,0.0,0.0,0.0,0.0,0.0,32766,32766,261,32766,1836,3.8586511611938477
2026-04-07T11:42:16.286,radio://0/80/2M,range,0,0,Reacquire Wall,5257,0,0,0,0.0,0,0,0.0,0.0,111269,0,0,0.0,0.0,0.0,0.0,0.0,32766,339,345,1207,1891,3.8639297485351562
2026-04-07T11:42:16.527,radio://0/80/2M,mission,0,0,Reacquire Wall,5257,0,0,0,0.0,0,0,0.0,0.0,111269,0,0,0.0,0.0,0.0,0.0,0.0,32766,339,345,1207,1891,3.8639297485351562
2026-04-07T11:42:16.530,radio://0/80/2M,flow,0,0,Reacquire Wall,5257,0,0,0,0.0,0,0,0.0,0.0,111519,0,0,0.0,0.0,0.0,0.0,0.0,32766,339,345,1207,1891,3.8639297485351562
2026-04-07T11:42:16.532,radio://0/80/2M,range,0,0,Reacquire Wall,5257,0,0,0,0.0,0,0,0.0,0.0,111519,0,0,0.0,0.0,0.0,0.0,0.0,32766,277,434,1237,1932,3.853372573852539
2026-04-07T11:42:16.777,radio://0/80/2M,mission,0,0,Reacquire Wall,5257,0,0,0,0.0,0,0,0.0,0.0,111519,0,0,0.0,0.0,0.0,0.0,0.0,32766,277,434,1237,1932,3.853372573852539
2026-04-07T11:42:16.780,radio://0/80/2M,flow,0,0,Reacquire Wall,5257,0,0,0,0.0,0,0,0.0,0.0,111769,0,0,0.0,0.0,0.0,0.0,0.0,32766,277,434,1237,1932,3.853372573852539
2026-04-07T11:42:16.781,radio://0/80/2M,range,0,0,Reacquire Wall,5257,0,0,0,0.0,0,0,0.0,0.0,111769,0,0,0.0,0.0,0.0,0.0,0.0,32766,282,431,1229,1937,3.8639297485351562
2026-04-07T11:42:17.027,radio://0/80/2M,mission,0,0,Reacquire Wall,5257,0,0,0,0.0,0,0,0.0,0.0,111769,0,0,0.0,0.0,0.0,0.0,0.0,32766,282,431,1229,1937,3.8639297485351562
2026-04-07T11:42:17.030,radio://0/80/2M,flow,0,0,Reacquire Wall,5257,0,0,0,0.0,0,0,0.0,0.0,112019,0,0,0.0,0.0,0.0,0.0,0.0,32766,282,431,1229,1937,3.8639297485351562
2026-04-07T11:42:17.031,radio://0/80/2M,range,0,0,Reacquire Wall,5257,0,0,0,0.0,0,0,0.0,0.0,112019,0,0,0.0,0.0,0.0,0.0,0.0,220,320,387,1212,1932,3.853372573852539
2026-04-07T11:42:17.277,radio://0/80/2M,mission,0,0,Reacquire Wall,5257,0,0,0,0.0,0,0,0.0,0.0,112019,0,0,0.0,0.0,0.0,0.0,0.0,220,320,387,1212,1932,3.853372573852539
2026-04-07T11:42:17.280,radio://0/80/2M,flow,0,0,Reacquire Wall,5257,0,0,0,0.0,0,0,0.0,0.0,112269,5,0,0.0,0.0,0.0,0.0,0.0,220,320,387,1212,1932,3.853372573852539
2026-04-07T11:42:17.282,radio://0/80/2M,range,0,0,Reacquire Wall,5257,0,0,0,0.0,0,0,0.0,0.0,112269,5,0,0.0,0.0,0.0,0.0,0.0,32766,349,355,1172,1926,3.8639297485351562
2026-04-07T11:42:17.526,radio://0/80/2M,mission,0,0,Reacquire Wall,5257,0,0,0,0.0,0,0,0.0,0.0,112269,5,0,0.0,0.0,0.0,0.0,0.0,32766,349,355,1172,1926,3.8639297485351562
2026-04-07T11:42:17.529,radio://0/80/2M,flow,0,0,Reacquire Wall,5585,0,0,0,0.0,0,0,0.0,0.0,112519,0,0,0.0,0.0,0.0,0.0,0.0,32766,349,355,1172,1926,3.8639297485351562
2026-04-07T11:42:17.531,radio://0/80/2M,range,0,0,Reacquire Wall,5585,0,0,0,0.0,0,0,0.0,0.0,112519,0,0,0.0,0.0,0.0,0.0,0.0,32766,382,290,1083,1941,3.8586511611938477
2026-04-07T11:42:17.777,radio://0/80/2M,mission,0,0,Reacquire Wall,5585,0,0,0,0.0,0,0,0.0,0.0,112519,0,0,0.0,0.0,0.0,0.0,0.0,32766,382,290,1083,1941,3.8586511611938477
2026-04-07T11:42:17.779,radio://0/80/2M,flow,0,0,Reacquire Wall,5934,0,0,0,0.0,0,0,0.0,0.0,112769,0,0,0.0,0.0,0.0,0.0,0.0,32766,382,290,1083,1941,3.8586511611938477
2026-04-07T11:42:17.781,radio://0/80/2M,range,0,0,Reacquire Wall,5934,0,0,0,0.0,0,0,0.0,0.0,112769,0,0,0.0,0.0,0.0,0.0,0.0,32766,411,257,1033,1947,3.8639297485351562
2026-04-07T11:42:18.027,radio://0/80/2M,mission,0,0,Reacquire Wall,5934,0,0,0,0.0,0,0,0.0,0.0,112769,0,0,0.0,0.0,0.0,0.0,0.0,32766,411,257,1033,1947,3.8639297485351562
2026-04-07T11:42:18.028,radio://0/80/2M,flow,0,0,Reacquire Wall,5934,0,0,0,0.0,0,0,0.0,0.0,113019,-2,-1,0.0,0.0,0.0,0.0,0.0,32766,411,257,1033,1947,3.8639297485351562
2026-04-07T11:42:18.030,radio://0/80/2M,range,0,0,Reacquire Wall,5934,0,0,0,0.0,0,0,0.0,0.0,113019,-2,-1,0.0,0.0,0.0,0.0,0.0,32766,401,270,1057,1941,3.8586511611938477
2026-04-07T11:42:18.276,radio://0/80/2M,mission,0,0,Reacquire Wall,5934,0,0,0,0.0,0,0,0.0,0.0,113019,-2,-1,0.0,0.0,0.0,0.0,0.0,32766,401,270,1057,1941,3.8586511611938477
2026-04-07T11:42:18.278,radio://0/80/2M,flow,0,0,Reacquire Wall,5564,0,0,0,0.0,0,0,0.0,0.0,113269,0,-1,0.0,0.0,0.0,0.0,0.0,32766,401,270,1057,1941,3.8586511611938477
2026-04-07T11:42:18.280,radio://0/80/2M,range,0,0,Reacquire Wall,5564,0,0,0,0.0,0,0,0.0,0.0,113269,0,-1,0.0,0.0,0.0,0.0,0.0,32766,328,348,32766,1943,3.8639297485351562
2026-04-07T11:42:18.526,radio://0/80/2M,mission,0,0,Reacquire Wall,5564,0,0,0,0.0,0,0,0.0,0.0,113269,0,-1,0.0,0.0,0.0,0.0,0.0,32766,328,348,32766,1943,3.8639297485351562
2026-04-07T11:42:18.529,radio://0/80/2M,flow,0,0,Reacquire Wall,5564,0,0,0,0.0,0,0,0.0,0.0,113519,-5,-1,0.0,0.0,0.0,0.0,0.0,32766,328,348,32766,1943,3.8639297485351562
2026-04-07T11:42:18.530,radio://0/80/2M,range,0,0,Reacquire Wall,5564,0,0,0,0.0,0,0,0.0,0.0,113519,-5,-1,0.0,0.0,0.0,0.0,0.0,32766,32766,487,32766,1940,3.853372573852539
2026-04-07T11:42:18.775,radio://0/80/2M,mission,0,0,Reacquire Wall,5564,0,0,0,0.0,0,0,0.0,0.0,113519,-5,-1,0.0,0.0,0.0,0.0,0.0,32766,32766,487,32766,1940,3.853372573852539
2026-04-07T11:42:18.778,radio://0/80/2M,flow,0,0,Reacquire Wall,5564,0,0,0,0.0,0,0,0.0,0.0,113769,-3,-1,0.0,0.0,0.0,0.0,0.0,32766,32766,487,32766,1940,3.853372573852539
2026-04-07T11:42:18.780,radio://0/80/2M,range,0,0,Reacquire Wall,5564,0,0,0,0.0,0,0,0.0,0.0,113769,-3,-1,0.0,0.0,0.0,0.0,0.0,32766,1387,571,1246,1932,3.8639297485351562
2026-04-07T11:42:19.025,radio://0/80/2M,mission,0,0,Reacquire Wall,5564,0,0,0,0.0,0,0,0.0,0.0,113769,-3,-1,0.0,0.0,0.0,0.0,0.0,32766,1387,571,1246,1932,3.8639297485351562
2026-04-07T11:42:19.027,radio://0/80/2M,flow,0,0,Reacquire Wall,5564,0,0,0,0.0,0,0,0.0,0.0,114019,0,0,0.0,0.0,0.0,0.0,0.0,32766,1387,571,1246,1932,3.8639297485351562
2026-04-07T11:42:19.029,radio://0/80/2M,range,0,0,Reacquire Wall,5564,0,0,0,0.0,0,0,0.0,0.0,114019,0,0,0.0,0.0,0.0,0.0,0.0,32766,1272,679,1323,1918,3.853372573852539
2026-04-07T11:42:19.276,radio://0/80/2M,mission,0,0,Reacquire Wall,5564,0,0,0,0.0,0,0,0.0,0.0,114019,0,0,0.0,0.0,0.0,0.0,0.0,32766,1272,679,1323,1918,3.853372573852539
2026-04-07T11:42:19.277,radio://0/80/2M,flow,0,0,Reacquire Wall,5564,0,0,0,0.0,0,0,0.0,0.0,114269,-3,1,0.0,0.0,0.0,0.0,0.0,32766,1272,679,1323,1918,3.853372573852539
2026-04-07T11:42:19.279,radio://0/80/2M,range,0,0,Reacquire Wall,5564,0,0,0,0.0,0,0,0.0,0.0,114269,-3,1,0.0,0.0,0.0,0.0,0.0,32766,1294,708,1312,1908,3.8639297485351562
2026-04-07T11:42:19.525,radio://0/80/2M,mission,0,0,Reacquire Wall,5564,0,0,0,0.0,0,0,0.0,0.0,114269,-3,1,0.0,0.0,0.0,0.0,0.0,32766,1294,708,1312,1908,3.8639297485351562
2026-04-07T11:42:19.528,radio://0/80/2M,flow,0,0,Reacquire Wall,5564,0,0,0,0.0,0,0,0.0,0.0,114519,0,0,0.0,0.0,0.0,0.0,0.0,32766,1294,708,1312,1908,3.8639297485351562
2026-04-07T11:42:19.530,radio://0/80/2M,range,0,0,Reacquire Wall,5564,0,0,0,0.0,0,0,0.0,0.0,114519,0,0,0.0,0.0,0.0,0.0,0.0,1,1368,669,1295,1906,3.853372573852539
2026-04-07T11:42:19.774,radio://0/80/2M,mission,0,0,Reacquire Wall,5564,0,0,0,0.0,0,0,0.0,0.0,114519,0,0,0.0,0.0,0.0,0.0,0.0,1,1368,669,1295,1906,3.853372573852539
2026-04-07T11:42:19.777,radio://0/80/2M,flow,0,0,Reacquire Wall,5564,0,0,0,0.0,0,0,0.0,0.0,114769,6,3,0.0,0.0,0.0,0.0,0.0,1,1368,669,1295,1906,3.853372573852539
2026-04-07T11:42:19.779,radio://0/80/2M,range,0,0,Reacquire Wall,5564,0,0,0,0.0,0,0,0.0,0.0,114769,6,3,0.0,0.0,0.0,0.0,0.0,32766,32766,543,1209,1923,3.8639297485351562
2026-04-07T11:42:20.025,radio://0/80/2M,mission,0,0,Reacquire Wall,5564,0,0,0,0.0,0,0,0.0,0.0,114769,6,3,0.0,0.0,0.0,0.0,0.0,32766,32766,543,1209,1923,3.8639297485351562
2026-04-07T11:42:20.027,radio://0/80/2M,flow,0,0,Reacquire Wall,5564,0,0,0,0.0,0,0,0.0,0.0,115019,4,-1,0.0,0.0,0.0,0.0,0.0,32766,32766,543,1209,1923,3.8639297485351562
2026-04-07T11:42:20.029,radio://0/80/2M,range,0,0,Reacquire Wall,5564,0,0,0,0.0,0,0,0.0,0.0,115019,4,-1,0.0,0.0,0.0,0.0,0.0,32766,32766,377,32766,1924,3.853372573852539
2026-04-07T11:42:20.274,radio://0/80/2M,mission,0,0,Reacquire Wall,5564,0,0,0,0.0,0,0,0.0,0.0,115019,4,-1,0.0,0.0,0.0,0.0,0.0,32766,32766,377,32766,1924,3.853372573852539
2026-04-07T11:42:20.277,radio://0/80/2M,flow,0,0,Reacquire Wall,6280,0,0,0,0.0,0,0,0.0,0.0,115269,2,0,0.0,0.0,0.0,0.0,0.0,32766,32766,377,32766,1924,3.853372573852539
2026-04-07T11:42:20.279,radio://0/80/2M,range,0,0,Reacquire Wall,6280,0,0,0,0.0,0,0,0.0,0.0,115269,2,0,0.0,0.0,0.0,0.0,0.0,32766,32766,290,346,1934,3.8639297485351562
2026-04-07T11:42:20.525,radio://0/80/2M,mission,0,0,Reacquire Wall,6280,0,0,0,0.0,0,0,0.0,0.0,115269,2,0,0.0,0.0,0.0,0.0,0.0,32766,32766,290,346,1934,3.8639297485351562
2026-04-07T11:42:20.527,radio://0/80/2M,flow,0,0,Reacquire Wall,6280,0,0,0,0.0,0,0,0.0,0.0,115519,1,-5,0.0,0.0,0.0,0.0,0.0,32766,32766,290,346,1934,3.8639297485351562
2026-04-07T11:42:20.529,radio://0/80/2M,range,0,0,Reacquire Wall,6280,0,0,0,0.0,0,0,0.0,0.0,115519,1,-5,0.0,0.0,0.0,0.0,0.0,32766,441,224,175,1911,3.853372573852539
2026-04-07T11:42:20.774,radio://0/80/2M,mission,0,0,Reacquire Wall,6280,0,0,0,0.0,0,0,0.0,0.0,115519,1,-5,0.0,0.0,0.0,0.0,0.0,32766,441,224,175,1911,3.853372573852539
2026-04-07T11:42:20.776,radio://0/80/2M,flow,0,0,Reacquire Wall,6672,0,0,0,0.0,0,0,0.0,0.0,115769,-1,-2,0.0,0.0,0.0,0.0,0.0,32766,441,224,175,1911,3.853372573852539
2026-04-07T11:42:20.778,radio://0/80/2M,range,0,0,Reacquire Wall,6672,0,0,0,0.0,0,0,0.0,0.0,115769,-1,-2,0.0,0.0,0.0,0.0,0.0,32766,32766,205,80,1859,3.8639297485351562
2026-04-07T11:42:21.025,radio://0/80/2M,mission,0,0,Reacquire Wall,6672,0,0,0,0.0,0,0,0.0,0.0,115769,-1,-2,0.0,0.0,0.0,0.0,0.0,32766,32766,205,80,1859,3.8639297485351562
2026-04-07T11:42:21.026,radio://0/80/2M,flow,0,0,Reacquire Wall,6672,0,0,0,0.0,0,0,0.0,0.0,116019,0,5,0.0,0.0,0.0,0.0,0.0,32766,32766,205,80,1859,3.8639297485351562
2026-04-07T11:42:21.028,radio://0/80/2M,range,0,0,Reacquire Wall,6672,0,0,0,0.0,0,0,0.0,0.0,116019,0,5,0.0,0.0,0.0,0.0,0.0,32766,450,274,46,1827,3.8586511611938477
2026-04-07T11:42:21.274,radio://0/80/2M,mission,0,0,Reacquire Wall,6672,0,0,0,0.0,0,0,0.0,0.0,116019,0,5,0.0,0.0,0.0,0.0,0.0,32766,450,274,46,1827,3.8586511611938477
2026-04-07T11:42:21.277,radio://0/80/2M,flow,0,0,Reacquire Wall,6255,0,0,0,0.0,0,0,0.0,0.0,116269,0,0,0.0,0.0,0.0,0.0,0.0,32766,450,274,46,1827,3.8586511611938477
2026-04-07T11:42:21.278,radio://0/80/2M,range,0,0,Reacquire Wall,6255,0,0,0,0.0,0,0,0.0,0.0,116269,0,0,0.0,0.0,0.0,0.0,0.0,32766,32766,147,339,1800,3.8639297485351562
2026-04-07T11:42:21.523,radio://0/80/2M,mission,0,0,Reacquire Wall,6255,0,0,0,0.0,0,0,0.0,0.0,116269,0,0,0.0,0.0,0.0,0.0,0.0,32766,32766,147,339,1800,3.8639297485351562
2026-04-07T11:42:21.526,radio://0/80/2M,flow,0,0,Reacquire Wall,5865,0,0,0,0.0,0,0,0.0,0.0,116519,10,0,0.0,0.0,0.0,0.0,0.0,32766,32766,147,339,1800,3.8639297485351562
2026-04-07T11:42:21.528,radio://0/80/2M,range,0,0,Reacquire Wall,5865,0,0,0,0.0,0,0,0.0,0.0,116519,10,0,0.0,0.0,0.0,0.0,0.0,32766,47,110,159,32766,3.8586511611938477
2026-04-07T11:42:21.774,radio://0/80/2M,mission,0,0,Reacquire Wall,5865,0,0,0,0.0,0,0,0.0,0.0,116519,10,0,0.0,0.0,0.0,0.0,0.0,32766,47,110,159,32766,3.8586511611938477
2026-04-07T11:42:21.776,radio://0/80/2M,flow,0,0,Reacquire Wall,6231,0,0,0,0.0,0,0,0.0,0.0,116769,-1,9,0.0,0.0,0.0,0.0,0.0,32766,47,110,159,32766,3.8586511611938477
2026-04-07T11:42:21.778,radio://0/80/2M,range,0,0,Reacquire Wall,6231,0,0,0,0.0,0,0,0.0,0.0,116769,-1,9,0.0,0.0,0.0,0.0,0.0,32766,32766,111,120,1719,3.8639297485351562
2026-04-07T11:42:22.023,radio://0/80/2M,mission,0,0,Reacquire Wall,6231,0,0,0,0.0,0,0,0.0,0.0,116769,-1,9,0.0,0.0,0.0,0.0,0.0,32766,32766,111,120,1719,3.8639297485351562
2026-04-07T11:42:22.025,radio://0/80/2M,flow,0,0,Reacquire Wall,7033,0,0,0,0.0,0,0,0.0,0.0,117019,0,-1,0.0,0.0,0.0,0.0,0.0,32766,32766,111,120,1719,3.8639297485351562
2026-04-07T11:42:22.028,radio://0/80/2M,range,0,0,Reacquire Wall,7033,0,0,0,0.0,0,0,0.0,0.0,117019,0,-1,0.0,0.0,0.0,0.0,0.0,32766,105,79,207,1784,3.8586511611938477
2026-04-07T11:42:22.272,radio://0/80/2M,mission,0,0,Reacquire Wall,7033,0,0,0,0.0,0,0,0.0,0.0,117019,0,-1,0.0,0.0,0.0,0.0,0.0,32766,105,79,207,1784,3.8586511611938477
2026-04-07T11:42:22.275,radio://0/80/2M,flow,0,0,Reacquire Wall,8191,0,0,0,0.0,0,0,0.0,0.0,117269,0,0,0.0,0.0,0.0,0.0,0.0,32766,105,79,207,1784,3.8586511611938477
2026-04-07T11:42:22.277,radio://0/80/2M,range,0,0,Reacquire Wall,8191,0,0,0,0.0,0,0,0.0,0.0,117269,0,0,0.0,0.0,0.0,0.0,0.0,32766,112,43,302,1876,3.8639297485351562
2026-04-07T11:42:22.523,radio://0/80/2M,mission,0,0,Reacquire Wall,8191,0,0,0,0.0,0,0,0.0,0.0,117269,0,0,0.0,0.0,0.0,0.0,0.0,32766,112,43,302,1876,3.8639297485351562
2026-04-07T11:42:22.526,radio://0/80/2M,flow,0,0,Reacquire Wall,8191,0,0,0,0.0,0,0,0.0,0.0,117519,0,0,0.0,0.0,0.0,0.0,0.0,32766,112,43,302,1876,3.8639297485351562
2026-04-07T11:42:22.527,radio://0/80/2M,range,0,0,Reacquire Wall,8191,0,0,0,0.0,0,0,0.0,0.0,117519,0,0,0.0,0.0,0.0,0.0,0.0,32766,126,62,346,1971,3.8586511611938477
2026-04-07T11:42:22.774,radio://0/80/2M,mission,0,0,Reacquire Wall,8191,0,0,0,0.0,0,0,0.0,0.0,117519,0,0,0.0,0.0,0.0,0.0,0.0,32766,126,62,346,1971,3.8586511611938477
2026-04-07T11:42:22.775,radio://0/80/2M,flow,0,0,Reacquire Wall,8191,0,0,0,0.0,0,0,0.0,0.0,117769,4,0,0.0,0.0,0.0,0.0,0.0,32766,126,62,346,1971,3.8586511611938477
2026-04-07T11:42:22.776,radio://0/80/2M,range,0,0,Reacquire Wall,8191,0,0,0,0.0,0,0,0.0,0.0,117769,4,0,0.0,0.0,0.0,0.0,0.0,32766,137,27,17,1952,3.8639297485351562
2026-04-07T11:42:23.022,radio://0/80/2M,mission,0,0,Reacquire Wall,8191,0,0,0,0.0,0,0,0.0,0.0,117769,4,0,0.0,0.0,0.0,0.0,0.0,32766,137,27,17,1952,3.8639297485351562
2026-04-07T11:42:23.025,radio://0/80/2M,flow,0,0,Reacquire Wall,8191,0,0,0,0.0,0,0,0.0,0.0,118019,-5,-8,0.0,0.0,0.0,0.0,0.0,32766,137,27,17,1952,3.8639297485351562
2026-04-07T11:42:23.027,radio://0/80/2M,range,0,0,Reacquire Wall,8191,0,0,0,0.0,0,0,0.0,0.0,118019,-5,-8,0.0,0.0,0.0,0.0,0.0,32766,147,47,381,1945,3.853372573852539
2026-04-07T11:42:23.272,radio://0/80/2M,mission,0,0,Reacquire Wall,8191,0,0,0,0.0,0,0,0.0,0.0,118019,-5,-8,0.0,0.0,0.0,0.0,0.0,32766,147,47,381,1945,3.853372573852539
2026-04-07T11:42:23.275,radio://0/80/2M,flow,0,0,Reacquire Wall,8191,0,0,0,0.0,0,0,0.0,0.0,118269,3,-9,0.0,0.0,0.0,0.0,0.0,32766,147,47,381,1945,3.853372573852539
2026-04-07T11:42:23.276,radio://0/80/2M,range,0,0,Reacquire Wall,8191,0,0,0,0.0,0,0,0.0,0.0,118269,3,-9,0.0,0.0,0.0,0.0,0.0,32766,138,32766,369,1888,3.8639297485351562
2026-04-07T11:42:23.523,radio://0/80/2M,mission,0,0,Reacquire Wall,8191,0,0,0,0.0,0,0,0.0,0.0,118269,3,-9,0.0,0.0,0.0,0.0,0.0,32766,138,32766,369,1888,3.8639297485351562
2026-04-07T11:42:23.525,radio://0/80/2M,flow,0,0,Reacquire Wall,5934,0,0,0,0.0,0,0,0.0,0.0,118519,-2,-2,0.0,0.0,0.0,0.0,0.0,32766,138,32766,369,1888,3.8639297485351562
2026-04-07T11:42:23.526,radio://0/80/2M,range,0,0,Reacquire Wall,5934,0,0,0,0.0,0,0,0.0,0.0,118519,-2,-2,0.0,0.0,0.0,0.0,0.0,32766,99,32766,245,1834,3.853372573852539
2026-04-07T11:42:23.772,radio://0/80/2M,mission,0,0,Reacquire Wall,5934,0,0,0,0.0,0,0,0.0,0.0,118519,-2,-2,0.0,0.0,0.0,0.0,0.0,32766,99,32766,245,1834,3.853372573852539
2026-04-07T11:42:23.774,radio://0/80/2M,flow,0,0,Reacquire Wall,5564,0,0,0,0.0,0,0,0.0,0.0,118769,0,-10,0.0,0.0,0.0,0.0,0.0,32766,99,32766,245,1834,3.853372573852539
2026-04-07T11:42:23.776,radio://0/80/2M,range,0,0,Reacquire Wall,5564,0,0,0,0.0,0,0,0.0,0.0,118769,0,-10,0.0,0.0,0.0,0.0,0.0,1,91,32766,354,1899,3.8639297485351562
2026-04-07T11:42:24.021,radio://0/80/2M,mission,0,0,Reacquire Wall,5564,0,0,0,0.0,0,0,0.0,0.0,118769,0,-10,0.0,0.0,0.0,0.0,0.0,1,91,32766,354,1899,3.8639297485351562
2026-04-07T11:42:24.024,radio://0/80/2M,flow,0,0,Reacquire Wall,5564,0,0,0,0.0,0,0,0.0,0.0,119019,0,0,0.0,0.0,0.0,0.0,0.0,1,91,32766,354,1899,3.8639297485351562
2026-04-07T11:42:24.026,radio://0/80/2M,range,0,0,Reacquire Wall,5564,0,0,0,0.0,0,0,0.0,0.0,119019,0,0,0.0,0.0,0.0,0.0,0.0,32766,74,32766,477,1951,3.853372573852539
2026-04-07T11:42:24.271,radio://0/80/2M,mission,0,0,Reacquire Wall,5564,0,0,0,0.0,0,0,0.0,0.0,119019,0,0,0.0,0.0,0.0,0.0,0.0,32766,74,32766,477,1951,3.853372573852539
2026-04-07T11:42:24.274,radio://0/80/2M,flow,0,0,Reacquire Wall,5564,0,0,0,0.0,0,0,0.0,0.0,119269,0,0,0.0,0.0,0.0,0.0,0.0,32766,74,32766,477,1951,3.853372573852539
2026-04-07T11:42:24.276,radio://0/80/2M,range,0,0,Reacquire Wall,5564,0,0,0,0.0,0,0,0.0,0.0,119269,0,0,0.0,0.0,0.0,0.0,0.0,32766,73,32766,467,1948,3.8639297485351562
2026-04-07T11:42:24.522,radio://0/80/2M,mission,0,0,Reacquire Wall,5564,0,0,0,0.0,0,0,0.0,0.0,119269,0,0,0.0,0.0,0.0,0.0,0.0,32766,73,32766,467,1948,3.8639297485351562
2026-04-07T11:42:24.523,radio://0/80/2M,flow,0,0,Reacquire Wall,5564,0,0,0,0.0,0,0,0.0,0.0,119519,0,0,0.0,0.0,0.0,0.0,0.0,32766,73,32766,467,1948,3.8639297485351562
2026-04-07T11:42:24.525,radio://0/80/2M,range,0,0,Reacquire Wall,5564,0,0,0,0.0,0,0,0.0,0.0,119519,0,0,0.0,0.0,0.0,0.0,0.0,32766,75,32766,383,1956,3.853372573852539
2026-04-07T11:42:24.771,radio://0/80/2M,mission,0,0,Reacquire Wall,5564,0,0,0,0.0,0,0,0.0,0.0,119519,0,0,0.0,0.0,0.0,0.0,0.0,32766,75,32766,383,1956,3.853372573852539
2026-04-07T11:42:24.774,radio://0/80/2M,flow,0,0,Reacquire Wall,5564,0,0,0,0.0,0,0,0.0,0.0,119769,0,4,0.0,0.0,0.0,0.0,0.0,32766,75,32766,383,1956,3.853372573852539
2026-04-07T11:42:24.775,radio://0/80/2M,range,0,0,Reacquire Wall,5564,0,0,0,0.0,0,0,0.0,0.0,119769,0,4,0.0,0.0,0.0,0.0,0.0,32766,77,32766,283,1949,3.8639297485351562
2026-04-07T11:42:25.021,radio://0/80/2M,mission,0,0,Reacquire Wall,5564,0,0,0,0.0,0,0,0.0,0.0,119769,0,4,0.0,0.0,0.0,0.0,0.0,32766,77,32766,283,1949,3.8639297485351562
2026-04-07T11:42:25.023,radio://0/80/2M,flow,0,0,Reacquire Wall,5564,0,0,0,0.0,0,0,0.0,0.0,120019,-1,0,0.0,0.0,0.0,0.0,0.0,32766,77,32766,283,1949,3.8639297485351562
2026-04-07T11:42:25.025,radio://0/80/2M,range,0,0,Reacquire Wall,5564,0,0,0,0.0,0,0,0.0,0.0,120019,-1,0,0.0,0.0,0.0,0.0,0.0,32766,79,32766,226,1952,3.853372573852539
2026-04-07T11:42:25.270,radio://0/80/2M,mission,0,0,Reacquire Wall,5564,0,0,0,0.0,0,0,0.0,0.0,120019,-1,0,0.0,0.0,0.0,0.0,0.0,32766,79,32766,226,1952,3.853372573852539
2026-04-07T11:42:25.273,radio://0/80/2M,flow,0,0,Reacquire Wall,5564,0,0,0,0.0,0,0,0.0,0.0,120269,2,5,0.0,0.0,0.0,0.0,0.0,32766,79,32766,226,1952,3.853372573852539
2026-04-07T11:42:25.274,radio://0/80/2M,range,0,0,Reacquire Wall,5564,0,0,0,0.0,0,0,0.0,0.0,120269,2,5,0.0,0.0,0.0,0.0,0.0,32766,81,32766,158,1951,3.8639297485351562
2026-04-07T11:42:25.521,radio://0/80/2M,mission,0,0,Reacquire Wall,5564,0,0,0,0.0,0,0,0.0,0.0,120269,2,5,0.0,0.0,0.0,0.0,0.0,32766,81,32766,158,1951,3.8639297485351562
2026-04-07T11:42:25.523,radio://0/80/2M,flow,0,0,Reacquire Wall,5564,0,0,0,0.0,0,0,0.0,0.0,120519,0,0,0.0,0.0,0.0,0.0,0.0,32766,81,32766,158,1951,3.8639297485351562
2026-04-07T11:42:25.524,radio://0/80/2M,range,0,0,Reacquire Wall,5564,0,0,0,0.0,0,0,0.0,0.0,120519,0,0,0.0,0.0,0.0,0.0,0.0,32766,80,32766,155,1951,3.853372573852539
2026-04-07T11:42:25.770,radio://0/80/2M,mission,0,0,Reacquire Wall,5564,0,0,0,0.0,0,0,0.0,0.0,120519,0,0,0.0,0.0,0.0,0.0,0.0,32766,80,32766,155,1951,3.853372573852539
2026-04-07T11:42:25.773,radio://0/80/2M,flow,0,0,Reacquire Wall,5564,0,0,0,0.0,0,0,0.0,0.0,120769,0,-2,0.0,0.0,0.0,0.0,0.0,32766,80,32766,155,1951,3.853372573852539
2026-04-07T11:42:25.774,radio://0/80/2M,range,0,0,Reacquire Wall,5564,0,0,0,0.0,0,0,0.0,0.0,120769,0,-2,0.0,0.0,0.0,0.0,0.0,448,79,32766,227,1957,3.8639297485351562
2026-04-07T11:42:26.020,radio://0/80/2M,mission,0,0,Reacquire Wall,5564,0,0,0,0.0,0,0,0.0,0.0,120769,0,-2,0.0,0.0,0.0,0.0,0.0,448,79,32766,227,1957,3.8639297485351562
2026-04-07T11:42:26.023,radio://0/80/2M,flow,0,0,Reacquire Wall,5564,0,0,0,0.0,0,0,0.0,0.0,121019,0,-2,0.0,0.0,0.0,0.0,0.0,448,79,32766,227,1957,3.8639297485351562
2026-04-07T11:42:26.024,radio://0/80/2M,range,0,0,Reacquire Wall,5564,0,0,0,0.0,0,0,0.0,0.0,121019,0,-2,0.0,0.0,0.0,0.0,0.0,397,75,32766,282,1970,3.853372573852539
2026-04-07T11:42:26.270,radio://0/80/2M,mission,0,0,Reacquire Wall,5564,0,0,0,0.0,0,0,0.0,0.0,121019,0,-2,0.0,0.0,0.0,0.0,0.0,397,75,32766,282,1970,3.853372573852539
2026-04-07T11:42:26.272,radio://0/80/2M,flow,0,0,Reacquire Wall,5564,0,0,0,0.0,0,0,0.0,0.0,121269,0,-3,0.0,0.0,0.0,0.0,0.0,397,75,32766,282,1970,3.853372573852539
2026-04-07T11:42:26.274,radio://0/80/2M,range,0,0,Reacquire Wall,5564,0,0,0,0.0,0,0,0.0,0.0,121269,0,-3,0.0,0.0,0.0,0.0,0.0,32766,71,32766,388,1973,3.8639297485351562
2026-04-07T11:42:26.519,radio://0/80/2M,mission,0,0,Reacquire Wall,5564,0,0,0,0.0,0,0,0.0,0.0,121269,0,-3,0.0,0.0,0.0,0.0,0.0,32766,71,32766,388,1973,3.8639297485351562
2026-04-07T11:42:26.521,radio://0/80/2M,flow,0,0,Reacquire Wall,5564,0,0,0,0.0,0,0,0.0,0.0,121519,0,2,0.0,0.0,0.0,0.0,0.0,32766,71,32766,388,1973,3.8639297485351562
2026-04-07T11:42:26.523,radio://0/80/2M,range,0,0,Reacquire Wall,5564,0,0,0,0.0,0,0,0.0,0.0,121519,0,2,0.0,0.0,0.0,0.0,0.0,32766,73,32766,449,1978,3.853372573852539
2026-04-07T11:42:26.769,radio://0/80/2M,mission,0,0,Reacquire Wall,5564,0,0,0,0.0,0,0,0.0,0.0,121519,0,2,0.0,0.0,0.0,0.0,0.0,32766,73,32766,449,1978,3.853372573852539
2026-04-07T11:42:26.772,radio://0/80/2M,flow,0,0,Reacquire Wall,6672,0,0,0,0.0,0,0,0.0,0.0,121769,-5,17,0.0,0.0,0.0,0.0,0.0,32766,73,32766,449,1978,3.853372573852539
2026-04-07T11:42:26.774,radio://0/80/2M,range,0,0,Reacquire Wall,6672,0,0,0,0.0,0,0,0.0,0.0,121769,-5,17,0.0,0.0,0.0,0.0,0.0,32766,73,32766,381,1927,3.8639297485351562
2026-04-07T11:42:27.019,radio://0/80/2M,mission,0,0,Reacquire Wall,6672,0,0,0,0.0,0,0,0.0,0.0,121769,-5,17,0.0,0.0,0.0,0.0,0.0,32766,73,32766,381,1927,3.8639297485351562
2026-04-07T11:42:27.022,radio://0/80/2M,flow,0,0,Reacquire Wall,8191,0,0,0,0.0,0,0,0.0,0.0,122019,-1,1,0.0,0.0,0.0,0.0,0.0,32766,73,32766,381,1927,3.8639297485351562
2026-04-07T11:42:27.023,radio://0/80/2M,range,0,0,Reacquire Wall,8191,0,0,0,0.0,0,0,0.0,0.0,122019,-1,1,0.0,0.0,0.0,0.0,0.0,32766,105,32766,504,1890,3.853372573852539
2026-04-07T11:42:27.269,radio://0/80/2M,mission,0,0,Reacquire Wall,8191,0,0,0,0.0,0,0,0.0,0.0,122019,-1,1,0.0,0.0,0.0,0.0,0.0,32766,105,32766,504,1890,3.853372573852539
2026-04-07T11:42:27.271,radio://0/80/2M,flow,0,0,Reacquire Wall,8191,0,0,0,0.0,0,0,0.0,0.0,122269,4,-1,0.0,0.0,0.0,0.0,0.0,32766,105,32766,504,1890,3.853372573852539
2026-04-07T11:42:27.272,radio://0/80/2M,range,0,0,Reacquire Wall,8191,0,0,0,0.0,0,0,0.0,0.0,122269,4,-1,0.0,0.0,0.0,0.0,0.0,32766,163,32766,436,1898,3.8639297485351562
2026-04-07T11:42:27.519,radio://0/80/2M,mission,0,0,Reacquire Wall,8191,0,0,0,0.0,0,0,0.0,0.0,122269,4,-1,0.0,0.0,0.0,0.0,0.0,32766,163,32766,436,1898,3.8639297485351562
2026-04-07T11:42:27.521,radio://0/80/2M,flow,0,0,Reacquire Wall,8191,0,0,0,0.0,0,0,0.0,0.0,122519,2,-1,0.0,0.0,0.0,0.0,0.0,32766,163,32766,436,1898,3.8639297485351562
2026-04-07T11:42:27.522,radio://0/80/2M,range,0,0,Reacquire Wall,8191,0,0,0,0.0,0,0,0.0,0.0,122519,2,-1,0.0,0.0,0.0,0.0,0.0,32766,94,32766,365,1879,3.853372573852539
2026-04-07T11:42:27.768,radio://0/80/2M,mission,0,0,Reacquire Wall,8191,0,0,0,0.0,0,0,0.0,0.0,122519,2,-1,0.0,0.0,0.0,0.0,0.0,32766,94,32766,365,1879,3.853372573852539
2026-04-07T11:42:27.771,radio://0/80/2M,flow,0,0,Reacquire Wall,8191,0,0,0,0.0,0,0,0.0,0.0,122769,7,-7,0.0,0.0,0.0,0.0,0.0,32766,94,32766,365,1879,3.853372573852539
2026-04-07T11:42:27.772,radio://0/80/2M,range,0,0,Reacquire Wall,8191,0,0,0,0.0,0,0,0.0,0.0,122769,7,-7,0.0,0.0,0.0,0.0,0.0,32766,61,32766,250,1865,3.8639297485351562
2026-04-07T11:42:28.019,radio://0/80/2M,mission,0,0,Reacquire Wall,8191,0,0,0,0.0,0,0,0.0,0.0,122769,7,-7,0.0,0.0,0.0,0.0,0.0,32766,61,32766,250,1865,3.8639297485351562
2026-04-07T11:42:28.020,radio://0/80/2M,flow,0,0,Reacquire Wall,6750,0,0,0,0.0,0,0,0.0,0.0,123019,-1,0,0.0,0.0,0.0,0.0,0.0,32766,61,32766,250,1865,3.8639297485351562
2026-04-07T11:42:28.022,radio://0/80/2M,range,0,0,Reacquire Wall,6750,0,0,0,0.0,0,0,0.0,0.0,123019,-1,0,0.0,0.0,0.0,0.0,0.0,32766,47,32766,238,1812,3.853372573852539
2026-04-07T11:42:28.269,radio://0/80/2M,mission,0,0,Reacquire Wall,6750,0,0,0,0.0,0,0,0.0,0.0,123019,-1,0,0.0,0.0,0.0,0.0,0.0,32766,47,32766,238,1812,3.853372573852539
2026-04-07T11:42:28.270,radio://0/80/2M,flow,0,0,Reacquire Wall,8191,0,0,0,0.0,0,0,0.0,0.0,123269,0,1,0.0,0.0,0.0,0.0,0.0,32766,47,32766,238,1812,3.853372573852539
2026-04-07T11:42:28.272,radio://0/80/2M,range,0,0,Reacquire Wall,8191,0,0,0,0.0,0,0,0.0,0.0,123269,0,1,0.0,0.0,0.0,0.0,0.0,32766,27,32766,292,32766,3.8639297485351562
2026-04-07T11:42:28.518,radio://0/80/2M,mission,0,0,Reacquire Wall,8191,0,0,0,0.0,0,0,0.0,0.0,123269,0,1,0.0,0.0,0.0,0.0,0.0,32766,27,32766,292,32766,3.8639297485351562
2026-04-07T11:42:28.521,radio://0/80/2M,flow,0,0,Reacquire Wall,8191,0,0,0,0.0,0,0,0.0,0.0,123519,2,-1,0.0,0.0,0.0,0.0,0.0,32766,27,32766,292,32766,3.8639297485351562
2026-04-07T11:42:28.522,radio://0/80/2M,range,0,0,Reacquire Wall,8191,0,0,0,0.0,0,0,0.0,0.0,123519,2,-1,0.0,0.0,0.0,0.0,0.0,32766,751,342,14,2015,3.853372573852539
2026-04-07T11:42:28.767,radio://0/80/2M,mission,0,0,Reacquire Wall,8191,0,0,0,0.0,0,0,0.0,0.0,123519,2,-1,0.0,0.0,0.0,0.0,0.0,32766,751,342,14,2015,3.853372573852539
2026-04-07T11:42:28.770,radio://0/80/2M,flow,0,0,Reacquire Wall,8191,0,0,0,0.0,0,0,0.0,0.0,123769,0,-4,0.0,0.0,0.0,0.0,0.0,32766,751,342,14,2015,3.853372573852539
2026-04-07T11:42:28.772,radio://0/80/2M,range,0,0,Reacquire Wall,8191,0,0,0,0.0,0,0,0.0,0.0,123769,0,-4,0.0,0.0,0.0,0.0,0.0,32766,32766,322,1394,2071,3.8639297485351562
2026-04-07T11:42:29.017,radio://0/80/2M,mission,0,0,Reacquire Wall,8191,0,0,0,0.0,0,0,0.0,0.0,123769,0,-4,0.0,0.0,0.0,0.0,0.0,32766,32766,322,1394,2071,3.8639297485351562
2026-04-07T11:42:29.021,radio://0/80/2M,flow,0,0,Reacquire Wall,8191,0,0,0,0.0,0,0,0.0,0.0,124019,-3,0,0.0,0.0,0.0,0.0,0.0,32766,32766,322,1394,2071,3.8639297485351562
2026-04-07T11:42:29.022,radio://0/80/2M,range,0,0,Reacquire Wall,8191,0,0,0,0.0,0,0,0.0,0.0,124019,-3,0,0.0,0.0,0.0,0.0,0.0,32766,32766,314,1621,2583,3.853372573852539
2026-04-07T11:42:29.268,radio://0/80/2M,mission,0,0,Reacquire Wall,8191,0,0,0,0.0,0,0,0.0,0.0,124019,-3,0,0.0,0.0,0.0,0.0,0.0,32766,32766,314,1621,2583,3.853372573852539
2026-04-07T11:42:29.269,radio://0/80/2M,flow,0,0,Reacquire Wall,7680,0,0,0,0.0,0,0,0.0,0.0,124269,-4,0,0.0,0.0,0.0,0.0,0.0,32766,32766,314,1621,2583,3.853372573852539
2026-04-07T11:42:29.271,radio://0/80/2M,range,0,0,Reacquire Wall,7680,0,0,0,0.0,0,0,0.0,0.0,124269,-4,0,0.0,0.0,0.0,0.0,0.0,32766,32766,32766,452,1946,3.8639297485351562
2026-04-07T11:42:29.517,radio://0/80/2M,mission,0,0,Reacquire Wall,7680,0,0,0,0.0,0,0,0.0,0.0,124269,-4,0,0.0,0.0,0.0,0.0,0.0,32766,32766,32766,452,1946,3.8639297485351562
2026-04-07T11:42:29.520,radio://0/80/2M,flow,0,0,Reacquire Wall,6329,0,0,0,0.0,0,0,0.0,0.0,124519,0,-1,0.0,0.0,0.0,0.0,0.0,32766,32766,32766,452,1946,3.8639297485351562
2026-04-07T11:42:29.521,radio://0/80/2M,range,0,0,Reacquire Wall,6329,0,0,0,0.0,0,0,0.0,0.0,124519,0,-1,0.0,0.0,0.0,0.0,0.0,3,32766,96,382,1927,3.853372573852539
2026-04-07T11:42:29.767,radio://0/80/2M,mission,0,0,Reacquire Wall,6329,0,0,0,0.0,0,0,0.0,0.0,124519,0,-1,0.0,0.0,0.0,0.0,0.0,3,32766,96,382,1927,3.853372573852539
2026-04-07T11:42:29.770,radio://0/80/2M,flow,0,0,Reacquire Wall,5934,0,0,0,0.0,0,0,0.0,0.0,124769,0,0,0.0,0.0,0.0,0.0,0.0,3,32766,96,382,1927,3.853372573852539
2026-04-07T11:42:29.771,radio://0/80/2M,range,0,0,Reacquire Wall,5934,0,0,0,0.0,0,0,0.0,0.0,124769,0,0,0.0,0.0,0.0,0.0,0.0,2,32766,93,401,1932,3.8639297485351562
2026-04-07T11:42:30.017,radio://0/80/2M,mission,0,0,Reacquire Wall,5934,0,0,0,0.0,0,0,0.0,0.0,124769,0,0,0.0,0.0,0.0,0.0,0.0,2,32766,93,401,1932,3.8639297485351562
2026-04-07T11:42:30.020,radio://0/80/2M,flow,0,0,Reacquire Wall,5934,0,0,0,0.0,0,0,0.0,0.0,125019,0,-3,0.0,0.0,0.0,0.0,0.0,2,32766,93,401,1932,3.8639297485351562
2026-04-07T11:42:30.021,radio://0/80/2M,range,0,0,Reacquire Wall,5934,0,0,0,0.0,0,0,0.0,0.0,125019,0,-3,0.0,0.0,0.0,0.0,0.0,32766,32766,97,428,1925,3.853372573852539
2026-04-07T11:42:30.267,radio://0/80/2M,mission,0,0,Reacquire Wall,5934,0,0,0,0.0,0,0,0.0,0.0,125019,0,-3,0.0,0.0,0.0,0.0,0.0,32766,32766,97,428,1925,3.853372573852539
2026-04-07T11:42:30.270,radio://0/80/2M,flow,0,0,Reacquire Wall,5564,0,0,0,0.0,0,0,0.0,0.0,125269,0,2,0.0,0.0,0.0,0.0,0.0,32766,32766,97,428,1925,3.853372573852539
2026-04-07T11:42:30.271,radio://0/80/2M,range,0,0,Reacquire Wall,5564,0,0,0,0.0,0,0,0.0,0.0,125269,0,2,0.0,0.0,0.0,0.0,0.0,210,32766,92,409,1930,3.8639297485351562
2026-04-07T11:42:30.517,radio://0/80/2M,mission,0,0,Reacquire Wall,5564,0,0,0,0.0,0,0,0.0,0.0,125269,0,2,0.0,0.0,0.0,0.0,0.0,210,32766,92,409,1930,3.8639297485351562
2026-04-07T11:42:30.518,radio://0/80/2M,flow,0,0,Reacquire Wall,5564,0,0,0,0.0,0,0,0.0,0.0,125519,0,2,0.0,0.0,0.0,0.0,0.0,210,32766,92,409,1930,3.8639297485351562
2026-04-07T11:42:30.520,radio://0/80/2M,range,0,0,Reacquire Wall,5564,0,0,0,0.0,0,0,0.0,0.0,125519,0,2,0.0,0.0,0.0,0.0,0.0,250,32766,100,354,1929,3.853372573852539
2026-04-07T11:42:30.767,radio://0/80/2M,mission,0,0,Reacquire Wall,5564,0,0,0,0.0,0,0,0.0,0.0,125519,0,2,0.0,0.0,0.0,0.0,0.0,250,32766,100,354,1929,3.853372573852539
2026-04-07T11:42:30.768,radio://0/80/2M,flow,0,0,Reacquire Wall,5564,0,0,0,0.0,0,0,0.0,0.0,125769,0,1,0.0,0.0,0.0,0.0,0.0,250,32766,100,354,1929,3.853372573852539
2026-04-07T11:42:30.770,radio://0/80/2M,range,0,0,Reacquire Wall,5564,0,0,0,0.0,0,0,0.0,0.0,125769,0,1,0.0,0.0,0.0,0.0,0.0,32766,32766,96,32766,1918,3.8586511611938477
2026-04-07T11:42:31.015,radio://0/80/2M,mission,0,0,Reacquire Wall,5564,0,0,0,0.0,0,0,0.0,0.0,125769,0,1,0.0,0.0,0.0,0.0,0.0,32766,32766,96,32766,1918,3.8586511611938477
2026-04-07T11:42:31.018,radio://0/80/2M,flow,0,0,Reacquire Wall,5564,0,0,0,0.0,0,0,0.0,0.0,126019,0,2,0.0,0.0,0.0,0.0,0.0,32766,32766,96,32766,1918,3.8586511611938477
2026-04-07T11:42:31.020,radio://0/80/2M,range,0,0,Reacquire Wall,5564,0,0,0,0.0,0,0,0.0,0.0,126019,0,2,0.0,0.0,0.0,0.0,0.0,318,32766,97,32766,1922,3.853372573852539
2026-04-07T11:42:31.266,radio://0/80/2M,mission,0,0,Reacquire Wall,5564,0,0,0,0.0,0,0,0.0,0.0,126019,0,2,0.0,0.0,0.0,0.0,0.0,318,32766,97,32766,1922,3.853372573852539
2026-04-07T11:42:31.268,radio://0/80/2M,flow,0,0,Reacquire Wall,5564,0,0,0,0.0,0,0,0.0,0.0,126269,0,0,0.0,0.0,0.0,0.0,0.0,318,32766,97,32766,1922,3.853372573852539
2026-04-07T11:42:31.270,radio://0/80/2M,range,0,0,Reacquire Wall,5564,0,0,0,0.0,0,0,0.0,0.0,126269,0,0,0.0,0.0,0.0,0.0,0.0,32766,32766,94,32766,1926,3.8639297485351562
2026-04-07T11:42:31.516,radio://0/80/2M,mission,0,0,Reacquire Wall,5564,0,0,0,0.0,0,0,0.0,0.0,126269,0,0,0.0,0.0,0.0,0.0,0.0,32766,32766,94,32766,1926,3.8639297485351562
2026-04-07T11:42:31.518,radio://0/80/2M,flow,0,0,Reacquire Wall,5564,0,0,0,0.0,0,0,0.0,0.0,126519,0,-1,0.0,0.0,0.0,0.0,0.0,32766,32766,94,32766,1926,3.8639297485351562
2026-04-07T11:42:31.520,radio://0/80/2M,range,0,0,Reacquire Wall,5564,0,0,0,0.0,0,0,0.0,0.0,126519,0,-1,0.0,0.0,0.0,0.0,0.0,32766,32766,93,32766,1932,3.853372573852539
2026-04-07T11:42:31.765,radio://0/80/2M,mission,0,0,Reacquire Wall,5564,0,0,0,0.0,0,0,0.0,0.0,126519,0,-1,0.0,0.0,0.0,0.0,0.0,32766,32766,93,32766,1932,3.853372573852539
2026-04-07T11:42:31.768,radio://0/80/2M,flow,0,0,Reacquire Wall,5564,0,0,0,0.0,0,0,0.0,0.0,126769,-2,-5,0.0,0.0,0.0,0.0,0.0,32766,32766,93,32766,1932,3.853372573852539
2026-04-07T11:42:31.770,radio://0/80/2M,range,0,0,Reacquire Wall,5564,0,0,0,0.0,0,0,0.0,0.0,126769,-2,-5,0.0,0.0,0.0,0.0,0.0,32766,32766,84,32766,1919,3.8639297485351562
2026-04-07T11:42:32.015,radio://0/80/2M,mission,0,0,Reacquire Wall,5564,0,0,0,0.0,0,0,0.0,0.0,126769,-2,-5,0.0,0.0,0.0,0.0,0.0,32766,32766,84,32766,1919,3.8639297485351562
2026-04-07T11:42:32.017,radio://0/80/2M,flow,0,0,Reacquire Wall,6672,0,0,0,0.0,0,0,0.0,0.0,127019,-11,-6,0.0,0.0,0.0,0.0,0.0,32766,32766,84,32766,1919,3.8639297485351562
2026-04-07T11:42:32.019,radio://0/80/2M,range,0,0,Reacquire Wall,6672,0,0,0,0.0,0,0,0.0,0.0,127019,-11,-6,0.0,0.0,0.0,0.0,0.0,32,32766,32766,426,1853,3.853372573852539
2026-04-07T11:42:32.265,radio://0/80/2M,mission,0,0,Reacquire Wall,6672,0,0,0,0.0,0,0,0.0,0.0,127019,-11,-6,0.0,0.0,0.0,0.0,0.0,32,32766,32766,426,1853,3.853372573852539
2026-04-07T11:42:32.268,radio://0/80/2M,flow,0,0,Reacquire Wall,7969,0,0,0,0.0,0,0,0.0,0.0,127269,0,-2,0.0,0.0,0.0,0.0,0.0,32,32766,32766,426,1853,3.853372573852539
2026-04-07T11:42:32.269,radio://0/80/2M,range,0,0,Reacquire Wall,7969,0,0,0,0.0,0,0,0.0,0.0,127269,0,-2,0.0,0.0,0.0,0.0,0.0,32766,32766,132,564,1843,3.8639297485351562
2026-04-07T11:42:32.515,radio://0/80/2M,mission,0,0,Reacquire Wall,7969,0,0,0,0.0,0,0,0.0,0.0,127269,0,-2,0.0,0.0,0.0,0.0,0.0,32766,32766,132,564,1843,3.8639297485351562
2026-04-07T11:42:32.517,radio://0/80/2M,flow,0,0,Reacquire Wall,8191,0,0,0,0.0,0,0,0.0,0.0,127519,-3,4,0.0,0.0,0.0,0.0,0.0,32766,32766,132,564,1843,3.8639297485351562
2026-04-07T11:42:32.518,radio://0/80/2M,range,0,0,Reacquire Wall,8191,0,0,0,0.0,0,0,0.0,0.0,127519,-3,4,0.0,0.0,0.0,0.0,0.0,32766,32766,340,579,1823,3.853372573852539
2026-04-07T11:42:32.764,radio://0/80/2M,mission,0,0,Reacquire Wall,8191,0,0,0,0.0,0,0,0.0,0.0,127519,-3,4,0.0,0.0,0.0,0.0,0.0,32766,32766,340,579,1823,3.853372573852539
2026-04-07T11:42:32.766,radio://0/80/2M,flow,0,0,Reacquire Wall,7200,0,0,0,0.0,0,0,0.0,0.0,127769,5,-6,0.0,0.0,0.0,0.0,0.0,32766,32766,340,579,1823,3.853372573852539
2026-04-07T11:42:32.768,radio://0/80/2M,range,0,0,Reacquire Wall,7200,0,0,0,0.0,0,0,0.0,0.0,127769,5,-6,0.0,0.0,0.0,0.0,0.0,32766,32766,424,905,1996,3.8639297485351562
2026-04-07T11:42:33.014,radio://0/80/2M,mission,0,0,Reacquire Wall,7200,0,0,0,0.0,0,0,0.0,0.0,127769,5,-6,0.0,0.0,0.0,0.0,0.0,32766,32766,424,905,1996,3.8639297485351562
2026-04-07T11:42:33.017,radio://0/80/2M,flow,0,0,Reacquire Wall,6750,0,0,0,0.0,0,0,0.0,0.0,128019,5,1,0.0,0.0,0.0,0.0,0.0,32766,32766,424,905,1996,3.8639297485351562
2026-04-07T11:42:33.018,radio://0/80/2M,range,0,0,Reacquire Wall,6750,0,0,0,0.0,0,0,0.0,0.0,128019,5,1,0.0,0.0,0.0,0.0,0.0,79,32766,1291,1526,565,3.8480939865112305
2026-04-07T11:42:33.264,radio://0/80/2M,mission,0,0,Reacquire Wall,6750,0,0,0,0.0,0,0,0.0,0.0,128019,5,1,0.0,0.0,0.0,0.0,0.0,79,32766,1291,1526,565,3.8480939865112305
2026-04-07T11:42:33.267,radio://0/80/2M,flow,0,0,Reacquire Wall,6750,0,0,0,0.0,0,0,0.0,0.0,128269,0,0,0.0,0.0,0.0,0.0,0.0,79,32766,1291,1526,565,3.8480939865112305
2026-04-07T11:42:33.268,radio://0/80/2M,range,0,0,Reacquire Wall,6750,0,0,0,0.0,0,0,0.0,0.0,128269,0,0,0.0,0.0,0.0,0.0,0.0,32766,32766,1403,32766,593,3.8639297485351562
2026-04-07T11:42:33.513,radio://0/80/2M,mission,0,0,Reacquire Wall,6750,0,0,0,0.0,0,0,0.0,0.0,128269,0,0,0.0,0.0,0.0,0.0,0.0,32766,32766,1403,32766,593,3.8639297485351562
2026-04-07T11:42:33.516,radio://0/80/2M,flow,0,0,Reacquire Wall,6750,0,0,0,0.0,0,0,0.0,0.0,128519,0,4,0.0,0.0,0.0,0.0,0.0,32766,32766,1403,32766,593,3.8639297485351562
2026-04-07T11:42:33.518,radio://0/80/2M,range,0,0,Reacquire Wall,6750,0,0,0,0.0,0,0,0.0,0.0,128519,0,4,0.0,0.0,0.0,0.0,0.0,32766,32766,1426,32766,629,3.853372573852539
2026-04-07T11:42:33.764,radio://0/80/2M,mission,0,0,Reacquire Wall,6750,0,0,0,0.0,0,0,0.0,0.0,128519,0,4,0.0,0.0,0.0,0.0,0.0,32766,32766,1426,32766,629,3.853372573852539
2026-04-07T11:42:33.766,radio://0/80/2M,flow,0,0,Reacquire Wall,6329,0,0,0,0.0,0,0,0.0,0.0,128769,-5,5,0.0,0.0,0.0,0.0,0.0,32766,32766,1426,32766,629,3.853372573852539
2026-04-07T11:42:33.768,radio://0/80/2M,range,0,0,Reacquire Wall,6329,0,0,0,0.0,0,0,0.0,0.0,128769,-5,5,0.0,0.0,0.0,0.0,0.0,10,32766,1419,604,655,3.8639297485351562
2026-04-07T11:42:34.014,radio://0/80/2M,mission,0,0,Reacquire Wall,6329,0,0,0,0.0,0,0,0.0,0.0,128769,-5,5,0.0,0.0,0.0,0.0,0.0,10,32766,1419,604,655,3.8639297485351562
2026-04-07T11:42:34.015,radio://0/80/2M,flow,0,0,Reacquire Wall,8191,0,0,0,0.0,0,0,0.0,0.0,129019,-8,0,0.0,0.0,0.0,0.0,0.0,10,32766,1419,604,655,3.8639297485351562
2026-04-07T11:42:34.017,radio://0/80/2M,range,0,0,Reacquire Wall,8191,0,0,0,0.0,0,0,0.0,0.0,129019,-8,0,0.0,0.0,0.0,0.0,0.0,32766,32766,388,32766,32766,3.853372573852539
2026-04-07T11:42:34.264,radio://0/80/2M,mission,0,0,Reacquire Wall,8191,0,0,0,0.0,0,0,0.0,0.0,129019,-8,0,0.0,0.0,0.0,0.0,0.0,32766,32766,388,32766,32766,3.853372573852539
2026-04-07T11:42:34.267,radio://0/80/2M,flow,0,0,Reacquire Wall,8128,0,0,0,0.0,0,0,0.0,0.0,129269,2,-6,0.0,0.0,0.0,0.0,0.0,32766,32766,388,32766,32766,3.853372573852539
2026-04-07T11:42:34.268,radio://0/80/2M,range,0,0,Reacquire Wall,8128,0,0,0,0.0,0,0,0.0,0.0,129269,2,-6,0.0,0.0,0.0,0.0,0.0,32766,32766,385,32766,1797,3.8639297485351562
2026-04-07T11:42:34.513,radio://0/80/2M,mission,0,0,Reacquire Wall,8128,0,0,0,0.0,0,0,0.0,0.0,129269,2,-6,0.0,0.0,0.0,0.0,0.0,32766,32766,385,32766,1797,3.8639297485351562
2026-04-07T11:42:34.516,radio://0/80/2M,flow,0,0,Reacquire Wall,8191,0,0,0,0.0,0,0,0.0,0.0,129519,0,-1,0.0,0.0,0.0,0.0,0.0,32766,32766,385,32766,1797,3.8639297485351562
2026-04-07T11:42:34.518,radio://0/80/2M,range,0,0,Reacquire Wall,8191,0,0,0,0.0,0,0,0.0,0.0,129519,0,-1,0.0,0.0,0.0,0.0,0.0,32766,32766,387,32766,1888,3.853372573852539
2026-04-07T11:42:34.762,radio://0/80/2M,mission,0,0,Reacquire Wall,8191,0,0,0,0.0,0,0,0.0,0.0,129519,0,-1,0.0,0.0,0.0,0.0,0.0,32766,32766,387,32766,1888,3.853372573852539
2026-04-07T11:42:34.765,radio://0/80/2M,flow,0,0,Reacquire Wall,8191,0,0,0,0.0,0,0,0.0,0.0,129769,0,2,0.0,0.0,0.0,0.0,0.0,32766,32766,387,32766,1888,3.853372573852539
2026-04-07T11:42:34.766,radio://0/80/2M,range,0,0,Reacquire Wall,8191,0,0,0,0.0,0,0,0.0,0.0,129769,0,2,0.0,0.0,0.0,0.0,0.0,32766,32766,391,32766,1850,3.8639297485351562
2026-04-07T11:42:35.014,radio://0/80/2M,mission,0,0,Reacquire Wall,8191,0,0,0,0.0,0,0,0.0,0.0,129769,0,2,0.0,0.0,0.0,0.0,0.0,32766,32766,391,32766,1850,3.8639297485351562
2026-04-07T11:42:35.015,radio://0/80/2M,flow,0,0,Reacquire Wall,8191,0,0,0,0.0,0,0,0.0,0.0,130019,0,0,0.0,0.0,0.0,0.0,0.0,32766,32766,391,32766,1850,3.8639297485351562
2026-04-07T11:42:35.016,radio://0/80/2M,range,0,0,Reacquire Wall,8191,0,0,0,0.0,0,0,0.0,0.0,130019,0,0,0.0,0.0,0.0,0.0,0.0,32766,32766,299,32766,1846,3.853372573852539
2026-04-07T11:42:35.262,radio://0/80/2M,mission,0,0,Reacquire Wall,8191,0,0,0,0.0,0,0,0.0,0.0,130019,0,0,0.0,0.0,0.0,0.0,0.0,32766,32766,299,32766,1846,3.853372573852539
2026-04-07T11:42:35.265,radio://0/80/2M,flow,0,0,Reacquire Wall,7680,0,0,0,0.0,0,0,0.0,0.0,130269,0,0,0.0,0.0,0.0,0.0,0.0,32766,32766,299,32766,1846,3.853372573852539
2026-04-07T11:42:35.266,radio://0/80/2M,range,0,0,Reacquire Wall,7680,0,0,0,0.0,0,0,0.0,0.0,130269,0,0,0.0,0.0,0.0,0.0,0.0,32766,32766,258,370,1861,3.8586511611938477
2026-04-07T11:42:35.512,radio://0/80/2M,mission,0,0,Reacquire Wall,7680,0,0,0,0.0,0,0,0.0,0.0,130269,0,0,0.0,0.0,0.0,0.0,0.0,32766,32766,258,370,1861,3.8586511611938477
2026-04-07T11:42:35.516,radio://0/80/2M,flow,0,0,Reacquire Wall,5934,0,0,0,0.0,0,0,0.0,0.0,130519,-2,0,0.0,0.0,0.0,0.0,0.0,32766,32766,258,370,1861,3.8586511611938477
2026-04-07T11:42:35.517,radio://0/80/2M,range,0,0,Reacquire Wall,5934,0,0,0,0.0,0,0,0.0,0.0,130519,-2,0,0.0,0.0,0.0,0.0,0.0,32766,32766,98,361,1826,3.853372573852539
2026-04-07T11:42:35.762,radio://0/80/2M,mission,0,0,Reacquire Wall,5934,0,0,0,0.0,0,0,0.0,0.0,130519,-2,0,0.0,0.0,0.0,0.0,0.0,32766,32766,98,361,1826,3.853372573852539
2026-04-07T11:42:35.765,radio://0/80/2M,flow,0,0,Reacquire Wall,8191,0,0,0,0.0,0,0,0.0,0.0,130769,9,27,0.0,0.0,0.0,0.0,0.0,32766,32766,98,361,1826,3.853372573852539
2026-04-07T11:42:35.766,radio://0/80/2M,range,0,0,Reacquire Wall,8191,0,0,0,0.0,0,0,0.0,0.0,130769,9,27,0.0,0.0,0.0,0.0,0.0,32766,32766,87,296,1825,3.8586511611938477
2026-04-07T11:42:36.012,radio://0/80/2M,mission,0,0,Reacquire Wall,8191,0,0,0,0.0,0,0,0.0,0.0,130769,9,27,0.0,0.0,0.0,0.0,0.0,32766,32766,87,296,1825,3.8586511611938477
2026-04-07T11:42:36.014,radio://0/80/2M,flow,0,0,Reacquire Wall,8191,0,0,0,0.0,0,0,0.0,0.0,131019,0,0,0.0,0.0,0.0,0.0,0.0,32766,32766,87,296,1825,3.8586511611938477
2026-04-07T11:42:36.016,radio://0/80/2M,range,0,0,Reacquire Wall,8191,0,0,0,0.0,0,0,0.0,0.0,131019,0,0,0.0,0.0,0.0,0.0,0.0,0,41,133,281,0,3.853372573852539
