Time,uri,source,outer,mission,mission_name,shutter,human,human_fresh,human_stable,human_hold_s,human_confidence_pct,human_direction,human_max_temp_c,human_thermistor_c,flow_timestamp_ms,delta_x,delta_y,height_m,vel_x_mps,vel_y_mps,cmd_x_mps,cmd_y_mps,front_mm,left_mm,right_mm,back_mm,up_mm,vbat_v
2026-04-07T12:00:53.803,radio://0/80/2M,mission,0,0,Reacquire Wall,0,0,0,0,0.0,0,0,0.0,0.0,0,0,0,0.0019734518136829138,0.0,0.0,0.0,0.0,32766,32766,32766,32766,32766,0.0
2026-04-07T12:00:53.804,radio://0/80/2M,flow,0,0,Reacquire Wall,8191,0,0,0,0.0,0,0,0.0,0.0,14511,-1,-3,0.0019734518136829138,0.005249587818980217,0.0019668315071612597,0.0,0.0,32766,32766,32766,32766,32766,0.0
2026-04-07T12:00:53.806,radio://0/80/2M,range,0,0,Reacquire Wall,8191,0,0,0,0.0,0,0,0.0,0.0,14511,-1,-3,0.0019734518136829138,0.005249587818980217,0.0019668315071612597,0.0,0.0,314,652,260,309,2925,4.127859115600586
2026-04-07T12:00:54.054,radio://0/80/2M,mission,0,0,Reacquire Wall,8191,0,0,0,0.0,0,0,0.0,0.0,14511,-1,-3,0.0026432073209434748,0.005249587818980217,0.0019668315071612597,0.0,0.0,314,652,260,309,2925,4.127859115600586
2026-04-07T12:00:54.055,radio://0/80/2M,flow,0,0,Reacquire Wall,8191,0,0,0,0.0,0,0,0.0,0.0,14761,-5,-3,0.0026432073209434748,0.0069815851747989655,0.006923057604581118,0.0,0.0,314,652,260,309,2925,4.127859115600586
2026-04-07T12:00:54.056,radio://0/80/2M,range,0,0,Reacquire Wall,8191,0,0,0,0.0,0,0,0.0,0.0,14761,-5,-3,0.0026432073209434748,0.0069815851747989655,0.006923057604581118,0.0,0.0,319,649,260,312,2923,4.1331377029418945
2026-04-07T12:00:54.302,radio://0/80/2M,mission,0,0,Reacquire Wall,8191,0,0,0,0.0,0,0,0.0,0.0,14761,-5,-3,0.0022974470630288124,0.0069815851747989655,0.006923057604581118,0.0,0.0,319,649,260,312,2923,4.1331377029418945
2026-04-07T12:00:54.304,radio://0/80/2M,flow,0,0,Reacquire Wall,8191,0,0,0,0.0,0,0,0.0,0.0,15011,-2,-4,0.0022974470630288124,0.006895891856402159,0.005030002444982529,0.0,0.0,319,649,260,312,2923,4.1331377029418945
2026-04-07T12:00:54.305,radio://0/80/2M,range,0,0,Reacquire Wall,8191,0,0,0,0.0,0,0,0.0,0.0,15011,-2,-4,0.0022974470630288124,0.006895891856402159,0.005030002444982529,0.0,0.0,319,652,263,307,2918,4.122580528259277
2026-04-07T12:00:54.552,radio://0/80/2M,mission,0,0,Reacquire Wall,8191,0,0,0,0.0,0,0,0.0,0.0,15011,-2,-4,0.0028976011089980602,0.006895891856402159,0.005030002444982529,0.0,0.0,319,652,263,307,2918,4.122580528259277
2026-04-07T12:00:54.554,radio://0/80/2M,flow,0,0,Reacquire Wall,8191,0,0,0,0.0,0,0,0.0,0.0,15261,0,0,0.0028976011089980602,0.0033232918940484524,-0.0006192285800352693,0.0,0.0,319,652,263,307,2918,4.122580528259277
2026-04-07T12:00:54.555,radio://0/80/2M,range,0,0,Reacquire Wall,8191,0,0,0,0.0,0,0,0.0,0.0,15261,0,0,0.0028976011089980602,0.0033232918940484524,-0.0006192285800352693,0.0,0.0,320,654,259,311,2920,4.1331377029418945
2026-04-07T12:00:54.802,radio://0/80/2M,mission,0,0,Reacquire Wall,8191,0,0,0,0.0,0,0,0.0,0.0,15261,0,0,0.0017836627084761858,0.0033232918940484524,-0.0006192285800352693,0.0,0.0,320,654,259,311,2920,4.1331377029418945
2026-04-07T12:00:54.804,radio://0/80/2M,flow,0,0,Reacquire Wall,8191,0,0,0,0.0,0,0,0.0,0.0,15511,0,0,0.0017836627084761858,0.0031268431339412928,0.0010680891573429108,0.0,0.0,320,654,259,311,2920,4.1331377029418945
2026-04-07T12:00:54.805,radio://0/80/2M,range,0,0,Reacquire Wall,8191,0,0,0,0.0,0,0,0.0,0.0,15511,0,0,0.0017836627084761858,0.0031268431339412928,0.0010680891573429108,0.0,0.0,318,653,264,307,2916,4.127859115600586
2026-04-07T12:00:55.052,radio://0/80/2M,mission,0,0,Reacquire Wall,8191,0,0,0,0.0,0,0,0.0,0.0,15511,0,0,0.0018775237258523703,0.0031268431339412928,0.0010680891573429108,0.0,0.0,318,653,264,307,2916,4.127859115600586
2026-04-07T12:00:55.054,radio://0/80/2M,flow,0,0,Reacquire Wall,8191,0,0,0,0.0,0,0,0.0,0.0,15761,0,0,0.0018775237258523703,0.002330387942492962,0.0026998165994882584,0.0,0.0,318,653,264,307,2916,4.127859115600586
2026-04-07T12:00:55.055,radio://0/80/2M,range,0,0,Reacquire Wall,8191,0,0,0,0.0,0,0,0.0,0.0,15761,0,0,0.0018775237258523703,0.002330387942492962,0.0026998165994882584,0.0,0.0,321,650,264,311,2920,4.1331377029418945
2026-04-07T12:00:55.301,radio://0/80/2M,mission,0,0,Reacquire Wall,8191,0,0,0,0.0,0,0,0.0,0.0,15761,0,0,0.0016389108495786786,0.002330387942492962,0.0026998165994882584,0.0,0.0,321,650,264,311,2920,4.1331377029418945
2026-04-07T12:00:55.302,radio://0/80/2M,flow,0,0,Reacquire Wall,8191,0,0,0,0.0,0,0,0.0,0.0,16011,1,-1,0.0016389108495786786,0.003123208647593856,-0.000623089843429625,0.0,0.0,321,650,264,311,2920,4.1331377029418945
2026-04-07T12:00:55.304,radio://0/80/2M,range,0,0,Reacquire Wall,8191,0,0,0,0.0,0,0,0.0,0.0,16011,1,-1,0.0016389108495786786,0.003123208647593856,-0.000623089843429625,0.0,0.0,320,650,260,308,2920,4.122580528259277
2026-04-07T12:00:55.552,radio://0/80/2M,mission,0,0,Reacquire Wall,8191,0,0,0,0.0,0,0,0.0,0.0,16011,1,-1,0.002101276768371463,0.003123208647593856,-0.000623089843429625,0.0,0.0,320,650,260,308,2920,4.122580528259277
2026-04-07T12:00:55.553,radio://0/80/2M,flow,0,0,Reacquire Wall,8191,0,0,0,0.0,0,0,0.0,0.0,16261,1,-1,0.002101276768371463,0.0034965528175234795,-0.00029458306380547583,0.0,0.0,320,650,260,308,2920,4.122580528259277
2026-04-07T12:00:55.554,radio://0/80/2M,range,0,0,Reacquire Wall,8191,0,0,0,0.0,0,0,0.0,0.0,16261,1,-1,0.002101276768371463,0.0034965528175234795,-0.00029458306380547583,0.0,0.0,316,652,262,308,2919,4.1331377029418945
2026-04-07T12:00:55.801,radio://0/80/2M,mission,0,0,Reacquire Wall,8191,0,0,0,0.0,0,0,0.0,0.0,16261,1,-1,0.001425235066562891,0.0034965528175234795,-0.00029458306380547583,0.0,0.0,316,652,262,308,2919,4.1331377029418945
2026-04-07T12:00:55.802,radio://0/80/2M,flow,0,0,Reacquire Wall,8191,0,0,0,0.0,0,0,0.0,0.0,16511,2,0,0.001425235066562891,0.001811287016607821,-0.0010487537365406752,0.0,0.0,316,652,262,308,2919,4.1331377029418945
2026-04-07T12:00:55.803,radio://0/80/2M,range,0,0,Reacquire Wall,8191,0,0,0,0.0,0,0,0.0,0.0,16511,2,0,0.001425235066562891,0.001811287016607821,-0.0010487537365406752,0.0,0.0,319,653,261,312,2911,4.122580528259277
2026-04-07T12:00:56.053,radio://0/80/2M,mission,0,0,Reacquire Wall,8191,0,0,0,0.0,0,0,0.0,0.0,16511,2,0,0.002524902578443289,0.001811287016607821,-0.0010487537365406752,0.0,0.0,319,653,261,312,2911,4.122580528259277
2026-04-07T12:00:56.054,radio://0/80/2M,flow,0,0,Reacquire Wall,8191,0,0,0,0.0,0,0,0.0,0.0,16761,-1,1,0.002524902578443289,0.0016934745945036411,-0.0012038701679557562,0.0,0.0,319,653,261,312,2911,4.122580528259277
2026-04-07T12:00:56.056,radio://0/80/2M,range,0,0,Reacquire Wall,8191,0,0,0,0.0,0,0,0.0,0.0,16761,-1,1,0.002524902578443289,0.0016934745945036411,-0.0012038701679557562,0.0,0.0,322,651,262,309,2921,4.1331377029418945
2026-04-07T12:00:56.302,radio://0/80/2M,mission,0,0,Reacquire Wall,8191,0,0,0,0.0,0,0,0.0,0.0,16761,-1,1,0.0010190086904913187,0.0016934745945036411,-0.0012038701679557562,0.0,0.0,322,651,262,309,2921,4.1331377029418945
2026-04-07T12:00:56.304,radio://0/80/2M,flow,0,0,Reacquire Wall,8191,0,0,0,0.0,0,0,0.0,0.0,17011,2,0,0.0010190086904913187,0.0009405715391039848,-0.0010875563602894545,0.0,0.0,322,651,262,309,2921,4.1331377029418945
2026-04-07T12:00:56.305,radio://0/80/2M,range,0,0,Reacquire Wall,8191,0,0,0,0.0,0,0,0.0,0.0,17011,2,0,0.0010190086904913187,0.0009405715391039848,-0.0010875563602894545,0.0,0.0,321,649,262,306,2919,4.127859115600586
2026-04-07T12:00:56.550,radio://0/80/2M,mission,1,0,Reacquire Wall,8191,0,0,0,0.0,0,0,0.0,0.0,17011,2,0,0.002954732859507203,0.0009405715391039848,-0.0010875563602894545,0.0,0.0,321,649,262,306,2919,4.127859115600586
2026-04-07T12:00:56.553,radio://0/80/2M,flow,1,0,Reacquire Wall,8191,0,0,0,0.0,0,0,0.0,0.0,17261,0,-9,0.002954732859507203,0.004409552086144686,-0.0008302076603285968,0.0018758265068754554,0.06350313127040863,321,649,262,306,2919,4.127859115600586
2026-04-07T12:00:56.554,radio://0/80/2M,range,1,0,Reacquire Wall,8191,0,0,0,0.0,0,0,0.0,0.0,17261,0,-9,0.002954732859507203,0.004409552086144686,-0.0008302076603285968,0.0018758265068754554,0.06350313127040863,323,653,263,311,2919,3.2357771396636963
2026-04-07T12:00:56.800,radio://0/80/2M,mission,1,0,Reacquire Wall,8191,0,0,0,0.0,0,0,0.0,0.0,17261,0,-9,0.08614113926887512,0.004409552086144686,-0.0008302076603285968,0.0018758265068754554,0.06350313127040863,323,653,263,311,2919,3.2357771396636963
2026-04-07T12:00:56.801,radio://0/80/2M,flow,1,0,Reacquire Wall,3938,0,0,0,0.0,0,0,0.0,0.0,17511,-21,1,0.08614113926887512,-0.06792788952589035,0.1139412373304367,0.0018052103696390986,0.009688354097306728,323,653,263,311,2919,3.2357771396636963
2026-04-07T12:00:56.802,radio://0/80/2M,range,1,0,Reacquire Wall,3938,0,0,0,0.0,0,0,0.0,0.0,17511,-21,1,0.08614113926887512,-0.06792788952589035,0.1139412373304367,0.0018052103696390986,0.009688354097306728,2198,674,32766,32766,2899,3.4416422843933105
2026-04-07T12:00:57.050,radio://0/80/2M,mission,1,0,Reacquire Wall,3938,0,0,0,0.0,0,0,0.0,0.0,17511,-21,1,0.3357532322406769,-0.06792788952589035,0.1139412373304367,0.0018052103696390986,0.009688354097306728,2198,674,32766,32766,2899,3.4416422843933105
2026-04-07T12:00:57.051,radio://0/80/2M,flow,1,0,Reacquire Wall,3892,0,0,0,0.0,0,0,0.0,0.0,17761,0,-4,0.3357532322406769,-0.016605332493782043,0.10006564110517502,2.4209097659877443e-07,1.2992743450013222e-06,2198,674,32766,32766,2899,3.4416422843933105
2026-04-07T12:00:57.052,radio://0/80/2M,range,1,0,Reacquire Wall,3892,0,0,0,0.0,0,0,0.0,0.0,17761,0,-4,0.3357532322406769,-0.016605332493782043,0.10006564110517502,2.4209097659877443e-07,1.2992743450013222e-06,2312,732,32766,1840,2718,3.6791789531707764
2026-04-07T12:00:57.300,radio://0/80/2M,mission,1,0,Reacquire Wall,3892,0,0,0,0.0,0,0,0.0,0.0,17761,0,-4,0.4960116147994995,-0.016605332493782043,0.10006564110517502,2.4209097659877443e-07,1.2992743450013222e-06,2312,732,32766,1840,2718,3.6791789531707764
2026-04-07T12:00:57.301,radio://0/80/2M,flow,1,0,Reacquire Wall,3208,0,0,0,0.0,0,0,0.0,0.0,18011,1,-3,0.4960116147994995,0.057522792369127274,-0.014972207136452198,0.19953474402427673,1.7424155174250444e-10,2312,732,32766,1840,2718,3.6791789531707764
2026-04-07T12:00:57.302,radio://0/80/2M,range,1,0,Reacquire Wall,3208,0,0,0,0.0,0,0,0.0,0.0,18011,1,-3,0.4960116147994995,0.057522792369127274,-0.014972207136452198,0.19953474402427673,1.7424155174250444e-10,2312,731,32766,1848,2468,3.6527860164642334
2026-04-07T12:00:57.550,radio://0/80/2M,mission,1,0,Reacquire Wall,3208,0,0,0,0.0,0,0,0.0,0.0,18011,1,-3,0.5526303052902222,0.057522792369127274,-0.014972207136452198,0.19953474402427673,1.7424155174250444e-10,2312,731,32766,1848,2468,3.6527860164642334
2026-04-07T12:00:57.552,radio://0/80/2M,flow,1,0,Reacquire Wall,3208,0,0,0,0.0,0,0,0.0,0.0,18261,2,-4,0.5526303052902222,0.17437691986560822,-0.06337074935436249,0.19999994337558746,2.336698441348945e-14,2312,731,32766,1848,2468,3.6527860164642334
2026-04-07T12:00:57.553,radio://0/80/2M,range,1,0,Reacquire Wall,3208,0,0,0,0.0,0,0,0.0,0.0,18261,2,-4,0.5526303052902222,0.17437691986560822,-0.06337074935436249,0.19999994337558746,2.336698441348945e-14,2294,744,32766,1866,2395,3.578885793685913
2026-04-07T12:00:57.800,radio://0/80/2M,mission,1,0,Reacquire Wall,3208,0,0,0,0.0,0,0,0.0,0.0,18261,2,-4,0.5583926439285278,0.17437691986560822,-0.06337074935436249,0.19999994337558746,2.336698441348945e-14,2294,744,32766,1866,2395,3.578885793685913
2026-04-07T12:00:57.801,radio://0/80/2M,flow,1,0,Reacquire Wall,3208,0,0,0,0.0,0,0,0.0,0.0,18511,0,-2,0.5583926439285278,0.22284109890460968,-0.019514329731464386,0.19999998807907104,3.133671593851495e-18,2294,744,32766,1866,2395,3.578885793685913
2026-04-07T12:00:57.802,radio://0/80/2M,range,1,0,Reacquire Wall,3208,0,0,0,0.0,0,0,0.0,0.0,18511,0,-2,0.5583926439285278,0.22284109890460968,-0.019514329731464386,0.19999998807907104,3.133671593851495e-18,2250,774,32766,1911,2377,3.5208210945129395
2026-04-07T12:00:58.049,radio://0/80/2M,mission,1,0,Reacquire Wall,3208,0,0,0,0.0,0,0,0.0,0.0,18511,0,-2,0.5577874779701233,0.22284109890460968,-0.019514329731464386,0.19999998807907104,3.133671593851495e-18,2250,774,32766,1911,2377,3.5208210945129395
2026-04-07T12:00:58.051,radio://0/80/2M,flow,1,0,Reacquire Wall,3208,0,0,0,0.0,0,0,0.0,0.0,18761,0,-1,0.5577874779701233,0.21238459646701813,0.0026981267146766186,0.19999998807907104,4.202466514858963e-22,2250,774,32766,1911,2377,3.5208210945129395
2026-04-07T12:00:58.052,radio://0/80/2M,range,1,0,Reacquire Wall,3208,0,0,0,0.0,0,0,0.0,0.0,18761,0,-1,0.5577874779701233,0.21238459646701813,0.0026981267146766186,0.19999998807907104,4.202466514858963e-22,2186,779,32766,1942,2370,3.499706745147705
2026-04-07T12:00:58.299,radio://0/80/2M,mission,1,0,Reacquire Wall,3208,0,0,0,0.0,0,0,0.0,0.0,18761,0,-1,0.5565775632858276,0.21238459646701813,0.0026981267146766186,0.19999998807907104,4.202466514858963e-22,2186,779,32766,1942,2370,3.499706745147705
2026-04-07T12:00:58.301,radio://0/80/2M,flow,1,0,Reacquire Wall,3208,0,0,0,0.0,0,0,0.0,0.0,19011,-1,-1,0.5565775632858276,0.21321646869182587,-0.009458511136472225,0.19999998807907104,5.635793637626761e-26,2186,779,32766,1942,2370,3.499706745147705
2026-04-07T12:00:58.303,radio://0/80/2M,range,1,0,Reacquire Wall,3208,0,0,0,0.0,0,0,0.0,0.0,19011,-1,-1,0.5565775632858276,0.21321646869182587,-0.009458511136472225,0.19999998807907104,5.635793637626761e-26,2149,793,32766,1994,2372,3.473313808441162
2026-04-07T12:00:58.549,radio://0/80/2M,mission,1,0,Reacquire Wall,3208,0,0,0,0.0,0,0,0.0,0.0,19011,-1,-1,0.5618568062782288,0.21321646869182587,-0.009458511136472225,0.19999998807907104,5.635793637626761e-26,2149,793,32766,1994,2372,3.473313808441162
2026-04-07T12:00:58.550,radio://0/80/2M,flow,1,0,Reacquire Wall,3008,0,0,0,0.0,0,0,0.0,0.0,19261,1,0,0.5618568062782288,0.19643428921699524,-0.01807151921093464,0.19999998807907104,7.5579817998549e-30,2149,793,32766,1994,2372,3.473313808441162
2026-04-07T12:00:58.551,radio://0/80/2M,range,1,0,Reacquire Wall,3008,0,0,0,0.0,0,0,0.0,0.0,19261,1,0,0.5618568062782288,0.19643428921699524,-0.01807151921093464,0.19999998807907104,7.5579817998549e-30,2093,803,32766,2026,2366,3.4785923957824707
2026-04-07T12:00:58.798,radio://0/80/2M,mission,1,0,Reacquire Wall,3008,0,0,0,0.0,0,0,0.0,0.0,19261,1,0,0.5571678280830383,0.19643428921699524,-0.01807151921093464,0.19999998807907104,7.5579817998549e-30,2093,803,32766,2026,2366,3.4785923957824707
2026-04-07T12:00:58.801,radio://0/80/2M,flow,1,0,Reacquire Wall,3008,0,0,0,0.0,0,0,0.0,0.0,19511,0,-1,0.5571678280830383,0.2138081192970276,-0.01613548770546913,0.19999998807907104,1.0135768916587293e-33,2093,803,32766,2026,2366,3.4785923957824707
2026-04-07T12:00:58.802,radio://0/80/2M,range,1,0,Reacquire Wall,3008,0,0,0,0.0,0,0,0.0,0.0,19511,0,-1,0.5571678280830383,0.2138081192970276,-0.01613548770546913,0.19999998807907104,1.0135768916587293e-33,2058,823,32766,2071,2364,3.4521994590759277
2026-04-07T12:00:59.049,radio://0/80/2M,mission,1,0,Reacquire Wall,3008,0,0,0,0.0,0,0,0.0,0.0,19511,0,-1,0.5521218180656433,0.2138081192970276,-0.01613548770546913,0.19999998807907104,1.0135768916587293e-33,2058,823,32766,2071,2364,3.4521994590759277
2026-04-07T12:00:59.050,radio://0/80/2M,flow,1,0,Reacquire Wall,3008,0,0,0,0.0,0,0,0.0,0.0,19761,0,-1,0.5521218180656433,0.21153442561626434,0.005285793915390968,0.19999998807907104,1.3592756533533816e-37,2058,823,32766,2071,2364,3.4521994590759277
2026-04-07T12:00:59.052,radio://0/80/2M,range,1,0,Reacquire Wall,3008,0,0,0,0.0,0,0,0.0,0.0,19761,0,-1,0.5521218180656433,0.21153442561626434,0.005285793915390968,0.19999998807907104,1.3592756533533816e-37,2005,834,32766,2118,2366,3.446920871734619
2026-04-07T12:00:59.298,radio://0/80/2M,mission,1,0,Reacquire Wall,3008,0,0,0,0.0,0,0,0.0,0.0,19761,0,-1,0.5491564869880676,0.21153442561626434,0.005285793915390968,0.19999998807907104,1.3592756533533816e-37,2005,834,32766,2118,2366,3.446920871734619
2026-04-07T12:00:59.300,radio://0/80/2M,flow,1,0,Reacquire Wall,3008,0,0,0,0.0,0,0,0.0,0.0,20011,0,-1,0.5491564869880676,0.21085993945598602,0.0013063497608527541,0.19999998807907104,1.8229491722401545e-41,2005,834,32766,2118,2366,3.446920871734619
2026-04-07T12:00:59.301,radio://0/80/2M,range,1,0,Reacquire Wall,3008,0,0,0,0.0,0,0,0.0,0.0,20011,0,-1,0.5491564869880676,0.21085993945598602,0.0013063497608527541,0.19999998807907104,1.8229491722401545e-41,1963,842,32766,2165,2373,3.446920871734619
2026-04-07T12:00:59.549,radio://0/80/2M,mission,1,0,Reacquire Wall,3008,0,0,0,0.0,0,0,0.0,0.0,20011,0,-1,0.5481048822402954,0.21085993945598602,0.0013063497608527541,0.19999998807907104,1.8229491722401545e-41,1963,842,32766,2165,2373,3.446920871734619
2026-04-07T12:00:59.550,radio://0/80/2M,flow,1,0,Reacquire Wall,3008,0,0,0,0.0,0,0,0.0,0.0,20261,0,-3,0.5481048822402954,0.22011698782444,-0.023189812898635864,0.19999998807907104,1.401298464324817e-45,1963,842,32766,2165,2373,3.446920871734619
2026-04-07T12:00:59.551,radio://0/80/2M,range,1,0,Reacquire Wall,3008,0,0,0,0.0,0,0,0.0,0.0,20261,0,-3,0.5481048822402954,0.22011698782444,-0.023189812898635864,0.19999998807907104,1.401298464324817e-45,1910,842,664,2194,2372,3.436363697052002
2026-04-07T12:00:59.798,radio://0/80/2M,mission,1,0,Reacquire Wall,3008,0,0,0,0.0,0,0,0.0,0.0,20261,0,-3,0.5394386053085327,0.22011698782444,-0.023189812898635864,0.19999998807907104,1.401298464324817e-45,1910,842,664,2194,2372,3.436363697052002
2026-04-07T12:00:59.800,radio://0/80/2M,flow,1,0,Reacquire Wall,3008,0,0,0,0.0,0,0,0.0,0.0,20511,1,-1,0.5394386053085327,0.20596276223659515,-0.021806461736559868,0.19999998807907104,1.401298464324817e-45,1910,842,664,2194,2372,3.436363697052002
2026-04-07T12:00:59.801,radio://0/80/2M,range,1,0,Reacquire Wall,3008,0,0,0,0.0,0,0,0.0,0.0,20511,1,-1,0.5394386053085327,0.20596276223659515,-0.021806461736559868,0.19999998807907104,1.401298464324817e-45,1878,850,644,2279,2377,3.420527935028076
2026-04-07T12:01:00.048,radio://0/80/2M,mission,1,0,Reacquire Wall,3008,0,0,0,0.0,0,0,0.0,0.0,20511,1,-1,0.5387426018714905,0.20596276223659515,-0.021806461736559868,0.19999998807907104,1.401298464324817e-45,1878,850,644,2279,2377,3.420527935028076
2026-04-07T12:01:00.049,radio://0/80/2M,flow,1,0,Reacquire Wall,3008,0,0,0,0.0,0,0,0.0,0.0,20761,0,0,0.5387426018714905,0.1838568150997162,0.011413197964429855,0.19999998807907104,1.401298464324817e-45,1878,850,644,2279,2377,3.420527935028076
2026-04-07T12:01:00.050,radio://0/80/2M,range,1,0,Reacquire Wall,3008,0,0,0,0.0,0,0,0.0,0.0,20761,0,0,0.5387426018714905,0.1838568150997162,0.011413197964429855,0.19999998807907104,1.401298464324817e-45,1832,856,646,2355,2386,3.4416422843933105
2026-04-07T12:01:00.298,radio://0/80/2M,mission,1,0,Reacquire Wall,3008,0,0,0,0.0,0,0,0.0,0.0,20761,0,0,0.5380377769470215,0.1838568150997162,0.011413197964429855,0.19999998807907104,1.401298464324817e-45,1832,856,646,2355,2386,3.4416422843933105
2026-04-07T12:01:00.299,radio://0/80/2M,flow,1,0,Reacquire Wall,3008,0,0,0,0.0,0,0,0.0,0.0,21011,0,0,0.5380377769470215,0.20429420471191406,0.03609947860240936,0.19999998807907104,1.401298464324817e-45,1832,856,646,2355,2386,3.4416422843933105
2026-04-07T12:01:00.301,radio://0/80/2M,range,1,0,Reacquire Wall,3008,0,0,0,0.0,0,0,0.0,0.0,21011,0,0,0.5380377769470215,0.20429420471191406,0.03609947860240936,0.19999998807907104,1.401298464324817e-45,1802,849,655,2336,2395,3.436363697052002
2026-04-07T12:01:00.548,radio://0/80/2M,mission,1,0,Reacquire Wall,3008,0,0,0,0.0,0,0,0.0,0.0,21011,0,0,0.5325760841369629,0.20429420471191406,0.03609947860240936,0.19999998807907104,1.401298464324817e-45,1802,849,655,2336,2395,3.436363697052002
2026-04-07T12:01:00.551,radio://0/80/2M,flow,1,0,Reacquire Wall,3008,0,0,0,0.0,0,0,0.0,0.0,21261,0,-1,0.5325760841369629,0.20330259203910828,0.026609886437654495,0.19999998807907104,1.401298464324817e-45,1802,849,655,2336,2395,3.436363697052002
2026-04-07T12:01:00.552,radio://0/80/2M,range,1,0,Reacquire Wall,3008,0,0,0,0.0,0,0,0.0,0.0,21261,0,-1,0.5325760841369629,0.20330259203910828,0.026609886437654495,0.19999998807907104,1.401298464324817e-45,1769,841,661,2377,2381,3.4258065223693848
2026-04-07T12:01:00.797,radio://0/80/2M,mission,1,0,Reacquire Wall,3008,0,0,0,0.0,0,0,0.0,0.0,21261,0,-1,0.5304794907569885,0.20330259203910828,0.026609886437654495,0.19999998807907104,1.401298464324817e-45,1769,841,661,2377,2381,3.4258065223693848
2026-04-07T12:01:00.798,radio://0/80/2M,flow,1,0,Reacquire Wall,3008,0,0,0,0.0,0,0,0.0,0.0,21511,0,-3,0.5304794907569885,0.18651826679706573,0.012145699001848698,0.19999998807907104,1.401298464324817e-45,1769,841,661,2377,2381,3.4258065223693848
2026-04-07T12:01:00.799,radio://0/80/2M,range,1,0,Reacquire Wall,3008,0,0,0,0.0,0,0,0.0,0.0,21511,0,-3,0.5304794907569885,0.18651826679706573,0.012145699001848698,0.19999998807907104,1.401298464324817e-45,1743,843,665,2421,2382,3.420527935028076
2026-04-07T12:01:01.047,radio://0/80/2M,mission,1,0,Reacquire Wall,3008,0,0,0,0.0,0,0,0.0,0.0,21511,0,-3,0.527208685874939,0.18651826679706573,0.012145699001848698,0.19999998807907104,1.401298464324817e-45,1743,843,665,2421,2382,3.420527935028076
2026-04-07T12:01:01.049,radio://0/80/2M,flow,1,0,Reacquire Wall,3008,0,0,0,0.0,0,0,0.0,0.0,21761,-1,0,0.527208685874939,0.1575995683670044,0.008299954235553741,0.19999998807907104,1.401298464324817e-45,1743,843,665,2421,2382,3.420527935028076
2026-04-07T12:01:01.050,radio://0/80/2M,range,1,0,Reacquire Wall,3008,0,0,0,0.0,0,0,0.0,0.0,21761,-1,0,0.527208685874939,0.1575995683670044,0.008299954235553741,0.19999998807907104,1.401298464324817e-45,1720,840,666,2430,2403,3.409970760345459
2026-04-07T12:01:01.297,radio://0/80/2M,mission,1,0,Reacquire Wall,3008,0,0,0,0.0,0,0,0.0,0.0,21761,-1,0,0.524081826210022,0.1575995683670044,0.008299954235553741,0.19999998807907104,1.401298464324817e-45,1720,840,666,2430,2403,3.409970760345459
2026-04-07T12:01:01.298,radio://0/80/2M,flow,1,0,Reacquire Wall,3008,0,0,0,0.0,0,0,0.0,0.0,22011,0,-1,0.524081826210022,0.19210121035575867,0.04260377958416939,0.19999998807907104,1.401298464324817e-45,1720,840,666,2430,2403,3.409970760345459
2026-04-07T12:01:01.299,radio://0/80/2M,range,1,0,Reacquire Wall,3008,0,0,0,0.0,0,0,0.0,0.0,22011,0,-1,0.524081826210022,0.19210121035575867,0.04260377958416939,0.19999998807907104,1.401298464324817e-45,1695,836,668,2435,2394,3.399413585662842
2026-04-07T12:01:01.548,radio://0/80/2M,mission,1,0,Reacquire Wall,3008,0,0,0,0.0,0,0,0.0,0.0,22011,0,-1,0.5207618474960327,0.19210121035575867,0.04260377958416939,0.19999998807907104,1.401298464324817e-45,1695,836,668,2435,2394,3.399413585662842
2026-04-07T12:01:01.549,radio://0/80/2M,flow,1,0,Reacquire Wall,3008,0,0,0,0.0,0,0,0.0,0.0,22261,2,-5,0.5207618474960327,0.20659276843070984,0.030153725296258926,0.19999998807907104,1.401298464324817e-45,1695,836,668,2435,2394,3.399413585662842
2026-04-07T12:01:01.550,radio://0/80/2M,range,1,0,Reacquire Wall,3008,0,0,0,0.0,0,0,0.0,0.0,22261,2,-5,0.5207618474960327,0.20659276843070984,0.030153725296258926,0.19999998807907104,1.401298464324817e-45,1655,835,678,2453,2397,3.399413585662842
2026-04-07T12:01:01.797,radio://0/80/2M,mission,1,0,Reacquire Wall,3008,0,0,0,0.0,0,0,0.0,0.0,22261,2,-5,0.5227698683738708,0.20659276843070984,0.030153725296258926,0.19999998807907104,1.401298464324817e-45,1655,835,678,2453,2397,3.399413585662842
2026-04-07T12:01:01.799,radio://0/80/2M,flow,1,0,Reacquire Wall,3008,0,0,0,0.0,0,0,0.0,0.0,22511,0,0,0.5227698683738708,0.22604568302631378,0.010550306178629398,0.19999998807907104,1.401298464324817e-45,1655,835,678,2453,2397,3.399413585662842
2026-04-07T12:01:01.800,radio://0/80/2M,range,1,0,Reacquire Wall,3008,0,0,0,0.0,0,0,0.0,0.0,22511,0,0,0.5227698683738708,0.22604568302631378,0.010550306178629398,0.19999998807907104,1.401298464324817e-45,1626,826,679,2531,2399,3.399413585662842
2026-04-07T12:01:02.046,radio://0/80/2M,mission,1,0,Reacquire Wall,3008,0,0,0,0.0,0,0,0.0,0.0,22511,0,0,0.5155099630355835,0.22604568302631378,0.010550306178629398,0.19999998807907104,1.401298464324817e-45,1626,826,679,2531,2399,3.399413585662842
2026-04-07T12:01:02.048,radio://0/80/2M,flow,1,0,Reacquire Wall,3008,0,0,0,0.0,0,0,0.0,0.0,22761,1,-3,0.5155099630355835,0.20486851036548615,-0.033922407776117325,0.19999998807907104,1.401298464324817e-45,1626,826,679,2531,2399,3.399413585662842
2026-04-07T12:01:02.049,radio://0/80/2M,range,1,0,Reacquire Wall,3008,0,0,0,0.0,0,0,0.0,0.0,22761,1,-3,0.5155099630355835,0.20486851036548615,-0.033922407776117325,0.19999998807907104,1.401298464324817e-45,1596,817,679,2527,2404,3.394134998321533
2026-04-07T12:01:02.315,radio://0/80/2M,mission,1,0,Reacquire Wall,3008,0,0,0,0.0,0,0,0.0,0.0,22761,1,-3,0.5151588320732117,0.20486851036548615,-0.033922407776117325,0.19999998807907104,1.401298464324817e-45,1596,817,679,2527,2404,3.394134998321533
2026-04-07T12:01:02.318,radio://0/80/2M,flow,1,0,Reacquire Wall,3008,0,0,0,0.0,0,0,0.0,0.0,23011,0,0,0.5151588320732117,0.18694095313549042,-0.05127700790762901,0.19999998807907104,1.401298464324817e-45,1596,817,679,2527,2404,3.394134998321533
2026-04-07T12:01:02.319,radio://0/80/2M,range,1,0,Reacquire Wall,3008,0,0,0,0.0,0,0,0.0,0.0,23011,0,0,0.5151588320732117,0.18694095313549042,-0.05127700790762901,0.19999998807907104,1.401298464324817e-45,1567,821,669,2510,2415,3.399413585662842
2026-04-07T12:01:02.546,radio://0/80/2M,mission,1,0,Reacquire Wall,3008,0,0,0,0.0,0,0,0.0,0.0,23011,0,0,0.516398549079895,0.18694095313549042,-0.05127700790762901,0.19999998807907104,1.401298464324817e-45,1567,821,669,2510,2415,3.399413585662842
2026-04-07T12:01:02.547,radio://0/80/2M,flow,1,0,Reacquire Wall,3008,0,0,0,0.0,0,0,0.0,0.0,23261,0,-1,0.516398549079895,0.21151545643806458,-0.052762433886528015,0.19999998807907104,1.401298464324817e-45,1567,821,669,2510,2415,3.399413585662842
2026-04-07T12:01:02.549,radio://0/80/2M,range,1,0,Reacquire Wall,3008,0,0,0,0.0,0,0,0.0,0.0,23261,0,-1,0.516398549079895,0.21151545643806458,-0.052762433886528015,0.19999998807907104,1.401298464324817e-45,1524,827,659,2527,2403,3.394134998321533
2026-04-07T12:01:02.798,radio://0/80/2M,mission,1,0,Reacquire Wall,3008,0,0,0,0.0,0,0,0.0,0.0,23261,0,-1,0.5158193111419678,0.21151545643806458,-0.052762433886528015,0.19999998807907104,1.401298464324817e-45,1524,827,659,2527,2403,3.394134998321533
2026-04-07T12:01:02.801,radio://0/80/2M,flow,1,0,Reacquire Wall,3008,0,0,0,0.0,0,0,0.0,0.0,23511,2,0,0.5158193111419678,0.18330667912960052,-0.049228064715862274,0.19999998807907104,1.401298464324817e-45,1524,827,659,2527,2403,3.394134998321533
2026-04-07T12:01:02.802,radio://0/80/2M,range,1,0,Reacquire Wall,3008,0,0,0,0.0,0,0,0.0,0.0,23511,2,0,0.5158193111419678,0.18330667912960052,-0.049228064715862274,0.19999998807907104,1.401298464324817e-45,1499,842,640,2589,2403,3.383577823638916
2026-04-07T12:01:03.046,radio://0/80/2M,mission,1,0,Reacquire Wall,3008,0,0,0,0.0,0,0,0.0,0.0,23511,2,0,0.5153611898422241,0.18330667912960052,-0.049228064715862274,0.19999998807907104,1.401298464324817e-45,1499,842,640,2589,2403,3.383577823638916
2026-04-07T12:01:03.047,radio://0/80/2M,flow,1,0,Reacquire Wall,3008,0,0,0,0.0,0,0,0.0,0.0,23761,7,-7,0.5153611898422241,0.18410898745059967,-0.0549900084733963,0.19999998807907104,1.401298464324817e-45,1499,842,640,2589,2403,3.383577823638916
2026-04-07T12:01:03.049,radio://0/80/2M,range,1,0,Reacquire Wall,3008,0,0,0,0.0,0,0,0.0,0.0,23761,7,-7,0.5153611898422241,0.18410898745059967,-0.0549900084733963,0.19999998807907104,1.401298464324817e-45,1466,849,629,2605,2414,3.394134998321533
2026-04-07T12:01:03.295,radio://0/80/2M,mission,1,0,Reacquire Wall,3008,0,0,0,0.0,0,0,0.0,0.0,23761,7,-7,0.5120378732681274,0.18410898745059967,-0.0549900084733963,0.19999998807907104,1.401298464324817e-45,1466,849,629,2605,2414,3.394134998321533
2026-04-07T12:01:03.296,radio://0/80/2M,flow,1,0,Reacquire Wall,3196,0,0,0,0.0,0,0,0.0,0.0,24011,0,0,0.5120378732681274,0.17365868389606476,-0.039475325495004654,0.19999998807907104,1.401298464324817e-45,1466,849,629,2605,2414,3.394134998321533
2026-04-07T12:01:03.298,radio://0/80/2M,range,1,0,Reacquire Wall,3196,0,0,0,0.0,0,0,0.0,0.0,24011,0,0,0.5120378732681274,0.17365868389606476,-0.039475325495004654,0.19999998807907104,1.401298464324817e-45,1447,868,609,2649,2416,3.383577823638916
2026-04-07T12:01:03.546,radio://0/80/2M,mission,1,0,Reacquire Wall,3196,0,0,0,0.0,0,0,0.0,0.0,24011,0,0,0.5100221633911133,0.17365868389606476,-0.039475325495004654,0.19999998807907104,1.401298464324817e-45,1447,868,609,2649,2416,3.383577823638916
2026-04-07T12:01:03.548,radio://0/80/2M,flow,1,0,Reacquire Wall,3395,0,0,0,0.0,0,0,0.0,0.0,24261,0,0,0.5100221633911133,0.1982634961605072,-0.033537156879901886,0.19999998807907104,1.401298464324817e-45,1447,868,609,2649,2416,3.383577823638916
2026-04-07T12:01:03.550,radio://0/80/2M,range,1,0,Reacquire Wall,3395,0,0,0,0.0,0,0,0.0,0.0,24261,0,0,0.5100221633911133,0.1982634961605072,-0.033537156879901886,0.19999998807907104,1.401298464324817e-45,1417,878,595,2670,2409,3.383577823638916
2026-04-07T12:01:03.797,radio://0/80/2M,mission,1,0,Reacquire Wall,3395,0,0,0,0.0,0,0,0.0,0.0,24261,0,0,0.5070198774337769,0.1982634961605072,-0.033537156879901886,0.19999998807907104,1.401298464324817e-45,1417,878,595,2670,2409,3.383577823638916
2026-04-07T12:01:03.800,radio://0/80/2M,flow,1,0,Reacquire Wall,3395,0,0,0,0.0,0,0,0.0,0.0,24511,0,0,0.5070198774337769,0.2011934071779251,-0.019772909581661224,0.19999998807907104,1.401298464324817e-45,1417,878,595,2670,2409,3.383577823638916
2026-04-07T12:01:03.807,radio://0/80/2M,range,1,0,Reacquire Wall,3395,0,0,0,0.0,0,0,0.0,0.0,24511,0,0,0.5070198774337769,0.2011934071779251,-0.019772909581661224,0.19999998807907104,1.401298464324817e-45,1393,896,580,2683,2416,3.3624634742736816
2026-04-07T12:01:04.045,radio://0/80/2M,mission,1,0,Reacquire Wall,3395,0,0,0,0.0,0,0,0.0,0.0,24511,0,0,0.5084741115570068,0.2011934071779251,-0.019772909581661224,0.19999998807907104,1.401298464324817e-45,1393,896,580,2683,2416,3.3624634742736816
2026-04-07T12:01:04.048,radio://0/80/2M,flow,1,0,Reacquire Wall,3607,0,0,0,0.0,0,0,0.0,0.0,24761,0,0,0.5084741115570068,0.198665589094162,-0.005570901092141867,0.19999998807907104,1.401298464324817e-45,1393,896,580,2683,2416,3.3624634742736816
2026-04-07T12:01:04.053,radio://0/80/2M,range,1,0,Reacquire Wall,3607,0,0,0,0.0,0,0,0.0,0.0,24761,0,0,0.5084741115570068,0.198665589094162,-0.005570901092141867,0.19999998807907104,1.401298464324817e-45,1349,910,571,2706,2417,3.383577823638916
2026-04-07T12:01:04.294,radio://0/80/2M,mission,1,0,Reacquire Wall,3607,0,0,0,0.0,0,0,0.0,0.0,24761,0,0,0.5066058039665222,0.198665589094162,-0.005570901092141867,0.19999998807907104,1.401298464324817e-45,1349,910,571,2706,2417,3.383577823638916
2026-04-07T12:01:04.295,radio://0/80/2M,flow,1,0,Reacquire Wall,3607,0,0,0,0.0,0,0,0.0,0.0,25011,1,0,0.5066058039665222,0.19838181138038635,-0.00023744668578729033,0.19999998807907104,1.401298464324817e-45,1349,910,571,2706,2417,3.383577823638916
2026-04-07T12:01:04.297,radio://0/80/2M,range,1,0,Reacquire Wall,3607,0,0,0,0.0,0,0,0.0,0.0,25011,1,0,0.5066058039665222,0.19838181138038635,-0.00023744668578729033,0.19999998807907104,1.401298464324817e-45,1320,925,563,2754,2427,3.357184886932373
2026-04-07T12:01:04.545,radio://0/80/2M,mission,1,0,Reacquire Wall,3607,0,0,0,0.0,0,0,0.0,0.0,25011,1,0,0.5068504214286804,0.19838181138038635,-0.00023744668578729033,0.19999998807907104,1.401298464324817e-45,1320,925,563,2754,2427,3.357184886932373
2026-04-07T12:01:04.546,radio://0/80/2M,flow,1,0,Reacquire Wall,3607,0,0,0,0.0,0,0,0.0,0.0,25261,0,0,0.5068504214286804,0.1893046498298645,-0.012521997094154358,0.19999998807907104,1.401298464324817e-45,1320,925,563,2754,2427,3.357184886932373
2026-04-07T12:01:04.547,radio://0/80/2M,range,1,0,Reacquire Wall,3607,0,0,0,0.0,0,0,0.0,0.0,25261,0,0,0.5068504214286804,0.1893046498298645,-0.012521997094154358,0.19999998807907104,1.401298464324817e-45,1274,932,557,2738,2413,3.3677420616149902
2026-04-07T12:01:04.793,radio://0/80/2M,mission,1,0,Reacquire Wall,3607,0,0,0,0.0,0,0,0.0,0.0,25261,0,0,0.5040380954742432,0.1893046498298645,-0.012521997094154358,0.19999998807907104,1.401298464324817e-45,1274,932,557,2738,2413,3.3677420616149902
2026-04-07T12:01:04.796,radio://0/80/2M,flow,1,0,Reacquire Wall,3607,0,0,0,0.0,0,0,0.0,0.0,25511,0,0,0.5040380954742432,0.1867688149213791,-0.013273651711642742,0.19999998807907104,1.401298464324817e-45,1274,932,557,2738,2413,3.3677420616149902
2026-04-07T12:01:04.797,radio://0/80/2M,range,1,0,Reacquire Wall,3607,0,0,0,0.0,0,0,0.0,0.0,25511,0,0,0.5040380954742432,0.1867688149213791,-0.013273651711642742,0.19999998807907104,1.401298464324817e-45,1245,944,567,2761,2421,3.3519062995910645
2026-04-07T12:01:05.045,radio://0/80/2M,mission,1,0,Reacquire Wall,3607,0,0,0,0.0,0,0,0.0,0.0,25511,0,0,0.5085273385047913,0.1867688149213791,-0.013273651711642742,0.19999998807907104,1.401298464324817e-45,1245,944,567,2761,2421,3.3519062995910645
2026-04-07T12:01:05.046,radio://0/80/2M,flow,1,0,Reacquire Wall,3607,0,0,0,0.0,0,0,0.0,0.0,25761,1,-2,0.5085273385047913,0.1982145607471466,0.006459985859692097,0.19999998807907104,1.401298464324817e-45,1245,944,567,2761,2421,3.3519062995910645
2026-04-07T12:01:05.047,radio://0/80/2M,range,1,0,Reacquire Wall,3607,0,0,0,0.0,0,0,0.0,0.0,25761,1,-2,0.5085273385047913,0.1982145607471466,0.006459985859692097,0.19999998807907104,1.401298464324817e-45,1196,947,619,2799,2415,3.357184886932373
2026-04-07T12:01:05.295,radio://0/80/2M,mission,1,0,Reacquire Wall,3607,0,0,0,0.0,0,0,0.0,0.0,25761,1,-2,0.5078465342521667,0.1982145607471466,0.006459985859692097,0.19999998807907104,1.401298464324817e-45,1196,947,619,2799,2415,3.357184886932373
2026-04-07T12:01:05.296,radio://0/80/2M,flow,1,0,Reacquire Wall,3607,0,0,0,0.0,0,0,0.0,0.0,26011,0,0,0.5078465342521667,0.21782656013965607,0.03957466781139374,0.19999998807907104,1.401298464324817e-45,1196,947,619,2799,2415,3.357184886932373
2026-04-07T12:01:05.299,radio://0/80/2M,range,1,0,Reacquire Wall,3607,0,0,0,0.0,0,0,0.0,0.0,26011,0,0,0.5078465342521667,0.21782656013965607,0.03957466781139374,0.19999998807907104,1.401298464324817e-45,1159,947,1861,2814,2406,3.3519062995910645
2026-04-07T12:01:05.544,radio://0/80/2M,mission,1,0,Reacquire Wall,3607,0,0,0,0.0,0,0,0.0,0.0,26011,0,0,0.5088354349136353,0.21782656013965607,0.03957466781139374,0.19999998807907104,1.401298464324817e-45,1159,947,1861,2814,2406,3.3519062995910645
2026-04-07T12:01:05.545,radio://0/80/2M,flow,1,0,Reacquire Wall,3607,0,0,0,0.0,0,0,0.0,0.0,26261,-2,0,0.5088354349136353,0.18972833454608917,0.031679801642894745,0.19999998807907104,1.401298464324817e-45,1159,947,1861,2814,2406,3.3519062995910645
2026-04-07T12:01:05.546,radio://0/80/2M,range,1,0,Reacquire Wall,3607,0,0,0,0.0,0,0,0.0,0.0,26261,-2,0,0.5088354349136353,0.18972833454608917,0.031679801642894745,0.19999998807907104,1.401298464324817e-45,1106,948,1893,2881,2399,3.3519062995910645
2026-04-07T12:01:05.794,radio://0/80/2M,mission,1,0,Reacquire Wall,3607,0,0,0,0.0,0,0,0.0,0.0,26261,-2,0,0.5068596601486206,0.18972833454608917,0.031679801642894745,0.19999998807907104,1.401298464324817e-45,1106,948,1893,2881,2399,3.3519062995910645
2026-04-07T12:01:05.795,radio://0/80/2M,flow,1,0,Reacquire Wall,3607,0,0,0,0.0,0,0,0.0,0.0,26511,-1,0,0.5068596601486206,0.213029682636261,0.0198526494204998,0.19999998807907104,1.401298464324817e-45,1106,948,1893,2881,2399,3.3519062995910645
2026-04-07T12:01:05.796,radio://0/80/2M,range,1,0,Reacquire Wall,3607,0,0,0,0.0,0,0,0.0,0.0,26511,-1,0,0.5068596601486206,0.213029682636261,0.0198526494204998,0.19999998807907104,1.401298464324817e-45,1068,954,1937,2876,2422,3.3413491249084473
2026-04-07T12:01:06.044,radio://0/80/2M,mission,1,0,Reacquire Wall,3607,0,0,0,0.0,0,0,0.0,0.0,26511,-1,0,0.5053427815437317,0.213029682636261,0.0198526494204998,0.19999998807907104,1.401298464324817e-45,1068,954,1937,2876,2422,3.3413491249084473
2026-04-07T12:01:06.045,radio://0/80/2M,flow,1,0,Reacquire Wall,3607,0,0,0,0.0,0,0,0.0,0.0,26761,0,0,0.5053427815437317,0.20148788392543793,-0.0007460057968273759,0.19999998807907104,1.401298464324817e-45,1068,954,1937,2876,2422,3.3413491249084473
2026-04-07T12:01:06.046,radio://0/80/2M,range,1,0,Reacquire Wall,3607,0,0,0,0.0,0,0,0.0,0.0,26761,0,0,0.5053427815437317,0.20148788392543793,-0.0007460057968273759,0.19999998807907104,1.401298464324817e-45,1008,964,1943,32766,2413,3.3413491249084473
2026-04-07T12:01:06.293,radio://0/80/2M,mission,1,0,Reacquire Wall,3607,0,0,0,0.0,0,0,0.0,0.0,26761,0,0,0.5027303099632263,0.20148788392543793,-0.0007460057968273759,0.19999998807907104,1.401298464324817e-45,1008,964,1943,32766,2413,3.3413491249084473
2026-04-07T12:01:06.294,radio://0/80/2M,flow,1,0,Reacquire Wall,3832,0,0,0,0.0,0,0,0.0,0.0,27011,0,0,0.5027303099632263,0.21927738189697266,-0.012685265392065048,0.19999998807907104,1.401298464324817e-45,1008,964,1943,32766,2413,3.3413491249084473
2026-04-07T12:01:06.295,radio://0/80/2M,range,1,0,Reacquire Wall,3832,0,0,0,0.0,0,0,0.0,0.0,27011,0,0,0.5027303099632263,0.21927738189697266,-0.012685265392065048,0.19999998807907104,1.401298464324817e-45,972,966,2000,32766,2422,3.33079195022583
2026-04-07T12:01:06.547,radio://0/80/2M,mission,1,0,Reacquire Wall,3832,0,0,0,0.0,0,0,0.0,0.0,27011,0,0,0.5076889991760254,0.21927738189697266,-0.012685265392065048,0.19999998807907104,1.401298464324817e-45,972,966,2000,32766,2422,3.33079195022583
2026-04-07T12:01:06.549,radio://0/80/2M,flow,1,0,Reacquire Wall,3832,0,0,0,0.0,0,0,0.0,0.0,27261,0,0,0.5076889991760254,0.20425677299499512,-0.008220288902521133,0.19999998807907104,1.401298464324817e-45,972,966,2000,32766,2422,3.33079195022583
2026-04-07T12:01:06.553,radio://0/80/2M,range,1,0,Reacquire Wall,3832,0,0,0,0.0,0,0,0.0,0.0,27261,0,0,0.5076889991760254,0.20425677299499512,-0.008220288902521133,0.19999998807907104,1.401298464324817e-45,912,969,32766,32766,2419,3.346627712249756
2026-04-07T12:01:06.792,radio://0/80/2M,mission,1,5,Transition,3832,0,0,0,0.0,0,0,0.0,0.0,27261,0,0,0.5093042254447937,0.20425677299499512,-0.008220288902521133,0.19999998807907104,1.401298464324817e-45,912,969,32766,32766,2419,3.346627712249756
2026-04-07T12:01:06.793,radio://0/80/2M,flow,1,5,Transition,3832,0,0,0,0.0,0,0,0.0,0.0,27511,0,-4,0.5093042254447937,0.17554152011871338,0.019143616780638695,0.00015958445146679878,1.401298464324817e-45,912,969,32766,32766,2419,3.346627712249756
2026-04-07T12:01:06.795,radio://0/80/2M,range,1,5,Transition,3832,0,0,0,0.0,0,0,0.0,0.0,27511,0,-4,0.5093042254447937,0.17554152011871338,0.019143616780638695,0.00015958445146679878,1.401298464324817e-45,875,988,32766,32766,2410,3.320234775543213
2026-04-07T12:01:07.042,radio://0/80/2M,mission,1,2,Scan,3832,0,0,0,0.0,0,0,0.0,0.0,27511,0,-4,0.50552898645401,0.17554152011871338,0.019143616780638695,0.00015958445146679878,1.401298464324817e-45,875,988,32766,32766,2410,3.320234775543213
2026-04-07T12:01:07.043,radio://0/80/2M,flow,1,2,Scan,3832,0,0,0,0.0,0,0,0.0,0.0,27761,-1,0,0.50552898645401,0.033098217099905014,0.017898324877023697,-0.0006979247555136681,-0.0008275881409645081,875,988,32766,32766,2410,3.320234775543213
2026-04-07T12:01:07.045,radio://0/80/2M,range,1,2,Scan,3832,0,0,0,0.0,0,0,0.0,0.0,27761,-1,0,0.50552898645401,0.033098217099905014,0.017898324877023697,-0.0006979247555136681,-0.0008275881409645081,845,998,2020,32766,2419,3.3255133628845215
2026-04-07T12:01:07.292,radio://0/80/2M,mission,1,2,Scan,3832,0,0,0,0.0,0,0,0.0,0.0,27761,-1,0,0.49787721037864685,0.033098217099905014,0.017898324877023697,-0.0006979247555136681,-0.0008275881409645081,845,998,2020,32766,2419,3.3255133628845215
2026-04-07T12:01:07.294,radio://0/80/2M,flow,1,2,Scan,3832,0,0,0,0.0,0,0,0.0,0.0,28011,-4,0,0.49787721037864685,-0.019789855927228928,0.02496739663183689,0.008248340338468552,-0.009145929478108883,845,998,2020,32766,2419,3.3255133628845215
2026-04-07T12:01:07.296,radio://0/80/2M,range,1,2,Scan,3832,0,0,0,0.0,0,0,0.0,0.0,28011,-4,0,0.49787721037864685,-0.019789855927228928,0.02496739663183689,0.008248340338468552,-0.009145929478108883,841,974,32766,32766,2421,3.3096773624420166
2026-04-07T12:01:07.542,radio://0/80/2M,mission,1,2,Scan,3832,0,0,0,0.0,0,0,0.0,0.0,28011,-4,0,0.49756282567977905,-0.019789855927228928,0.02496739663183689,0.008248340338468552,-0.009145929478108883,841,974,32766,32766,2421,3.3096773624420166
2026-04-07T12:01:07.543,radio://0/80/2M,flow,1,2,Scan,3832,0,0,0,0.0,0,0,0.0,0.0,28261,-2,0,0.49756282567977905,0.009030692279338837,0.049339231103658676,0.006041154731065035,-0.0342702642083168,841,974,32766,32766,2421,3.3096773624420166
2026-04-07T12:01:07.544,radio://0/80/2M,range,1,2,Scan,3832,0,0,0,0.0,0,0,0.0,0.0,28261,-2,0,0.49756282567977905,0.009030692279338837,0.049339231103658676,0.006041154731065035,-0.0342702642083168,832,949,32766,32766,2423,3.3255133628845215
2026-04-07T12:01:07.792,radio://0/80/2M,mission,1,2,Scan,3832,0,0,0,0.0,0,0,0.0,0.0,28261,-2,0,0.49716511368751526,0.009030692279338837,0.049339231103658676,0.006041154731065035,-0.0342702642083168,832,949,32766,32766,2423,3.3255133628845215
2026-04-07T12:01:07.794,radio://0/80/2M,flow,1,2,Scan,4071,0,0,0,0.0,0,0,0.0,0.0,28511,0,4,0.49716511368751526,0.027081351727247238,0.011486871168017387,-0.02055205963551998,-0.05100676789879799,832,949,32766,32766,2423,3.3255133628845215
2026-04-07T12:01:07.795,radio://0/80/2M,range,1,2,Scan,4071,0,0,0,0.0,0,0,0.0,0.0,28511,0,4,0.49716511368751526,0.027081351727247238,0.011486871168017387,-0.02055205963551998,-0.05100676789879799,838,959,32766,32766,2421,3.304398775100708
2026-04-07T12:01:08.041,radio://0/80/2M,mission,1,2,Scan,4071,0,0,0,0.0,0,0,0.0,0.0,28511,0,4,0.49846604466438293,0.027081351727247238,0.011486871168017387,-0.02055205963551998,-0.05100676789879799,838,959,32766,32766,2421,3.304398775100708
2026-04-07T12:01:08.043,radio://0/80/2M,flow,1,2,Scan,4071,0,0,0,0.0,0,0,0.0,0.0,28761,0,0,0.49846604466438293,0.06572992354631424,-0.02442929334938526,-0.047523315995931625,-0.042995795607566833,838,959,32766,32766,2421,3.304398775100708
2026-04-07T12:01:08.044,radio://0/80/2M,range,1,2,Scan,4071,0,0,0,0.0,0,0,0.0,0.0,28761,0,0,0.49846604466438293,0.06572992354631424,-0.02442929334938526,-0.047523315995931625,-0.042995795607566833,865,990,32766,32766,2422,3.314955949783325
2026-04-07T12:01:08.291,radio://0/80/2M,mission,1,2,Scan,4071,0,0,0,0.0,0,0,0.0,0.0,28761,0,0,0.49753859639167786,0.06572992354631424,-0.02442929334938526,-0.047523315995931625,-0.042995795607566833,865,990,32766,32766,2422,3.314955949783325
2026-04-07T12:01:08.293,radio://0/80/2M,flow,1,2,Scan,4071,0,0,0,0.0,0,0,0.0,0.0,29011,0,0,0.49753859639167786,0.03895791247487068,-0.06718690693378448,-0.07382850348949432,-0.012149852700531483,865,990,32766,32766,2422,3.314955949783325
2026-04-07T12:01:08.295,radio://0/80/2M,range,1,2,Scan,4071,0,0,0,0.0,0,0,0.0,0.0,29011,0,0,0.49753859639167786,0.03895791247487068,-0.06718690693378448,-0.07382850348949432,-0.012149852700531483,898,1090,32766,998,2433,3.2991201877593994
2026-04-07T12:01:08.542,radio://0/80/2M,mission,1,2,Scan,4071,0,0,0,0.0,0,0,0.0,0.0,29011,0,0,0.4944862723350525,0.03895791247487068,-0.06718690693378448,-0.07382850348949432,-0.012149852700531483,898,1090,32766,998,2433,3.2991201877593994
2026-04-07T12:01:08.543,radio://0/80/2M,flow,1,2,Scan,4071,0,0,0,0.0,0,0,0.0,0.0,29261,-2,0,0.4944862723350525,-0.03344525769352913,-0.04201596602797508,-0.07668209075927734,0.002800027374178171,898,1090,32766,998,2433,3.2991201877593994
2026-04-07T12:01:08.544,radio://0/80/2M,range,1,2,Scan,4071,0,0,0,0.0,0,0,0.0,0.0,29261,-2,0,0.4944862723350525,-0.03344525769352913,-0.04201596602797508,-0.07668209075927734,0.002800027374178171,1035,1179,32766,858,2429,3.304398775100708
2026-04-07T12:01:08.790,radio://0/80/2M,mission,1,2,Scan,4071,0,0,0,0.0,0,0,0.0,0.0,29261,-2,0,0.5010277032852173,-0.03344525769352913,-0.04201596602797508,-0.07668209075927734,0.002800027374178171,1035,1179,32766,858,2429,3.304398775100708
2026-04-07T12:01:08.794,radio://0/80/2M,flow,1,2,Scan,4071,0,0,0,0.0,0,0,0.0,0.0,29511,0,0,0.5010277032852173,-0.05485844239592552,-0.015658650547266006,-0.08354616910219193,0.00315324985422194,1035,1179,32766,858,2429,3.304398775100708
2026-04-07T12:01:08.795,radio://0/80/2M,range,1,2,Scan,4071,0,0,0,0.0,0,0,0.0,0.0,29511,0,0,0.5010277032852173,-0.05485844239592552,-0.015658650547266006,-0.08354616910219193,0.00315324985422194,1206,1515,32766,803,2422,3.3096773624420166
2026-04-07T12:01:09.040,radio://0/80/2M,mission,1,2,Scan,4071,0,0,0,0.0,0,0,0.0,0.0,29511,0,0,0.5088637471199036,-0.05485844239592552,-0.015658650547266006,-0.08354616910219193,0.00315324985422194,1206,1515,32766,803,2422,3.3096773624420166
2026-04-07T12:01:09.043,radio://0/80/2M,flow,1,2,Scan,4071,0,0,0,0.0,0,0,0.0,0.0,29761,0,1,0.5088637471199036,-0.04577307775616646,-0.05378945171833038,-0.0803692489862442,0.003603152232244611,1206,1515,32766,803,2422,3.3096773624420166
2026-04-07T12:01:09.044,radio://0/80/2M,range,1,2,Scan,4071,0,0,0,0.0,0,0,0.0,0.0,29761,0,1,0.5088637471199036,-0.04577307775616646,-0.05378945171833038,-0.0803692489862442,0.003603152232244611,1113,1728,32766,970,2412,3.3255133628845215
2026-04-07T12:01:09.293,radio://0/80/2M,mission,1,2,Scan,4071,0,0,0,0.0,0,0,0.0,0.0,29761,0,1,0.5057476162910461,-0.04577307775616646,-0.05378945171833038,-0.0803692489862442,0.003603152232244611,1113,1728,32766,970,2412,3.3255133628845215
2026-04-07T12:01:09.295,radio://0/80/2M,flow,1,2,Scan,4071,0,0,0,0.0,0,0,0.0,0.0,30011,6,-2,0.5057476162910461,0.009194585494697094,-0.07041304558515549,-0.07282234728336334,0.015572251752018929,1113,1728,32766,970,2412,3.3255133628845215
2026-04-07T12:01:09.296,radio://0/80/2M,range,1,2,Scan,4071,0,0,0,0.0,0,0,0.0,0.0,30011,6,-2,0.5057476162910461,0.009194585494697094,-0.07041304558515549,-0.07282234728336334,0.015572251752018929,1067,32766,824,1478,2419,3.320234775543213
2026-04-07T12:01:09.542,radio://0/80/2M,mission,1,2,Scan,4071,0,0,0,0.0,0,0,0.0,0.0,30011,6,-2,0.5033915638923645,0.009194585494697094,-0.07041304558515549,-0.07282234728336334,0.015572251752018929,1067,32766,824,1478,2419,3.320234775543213
2026-04-07T12:01:09.543,radio://0/80/2M,flow,1,2,Scan,4071,0,0,0,0.0,0,0,0.0,0.0,30261,1,0,0.5033915638923645,0.005089017562568188,-0.053029559552669525,-0.06988491117954254,0.02679838053882122,1067,32766,824,1478,2419,3.320234775543213
2026-04-07T12:01:09.546,radio://0/80/2M,range,1,2,Scan,4071,0,0,0,0.0,0,0,0.0,0.0,30261,1,0,0.5033915638923645,0.005089017562568188,-0.053029559552669525,-0.06988491117954254,0.02679838053882122,1063,1114,788,32766,2416,3.304398775100708
2026-04-07T12:01:09.789,radio://0/80/2M,mission,1,2,Scan,4071,0,0,0,0.0,0,0,0.0,0.0,30261,1,0,0.502006471157074,0.005089017562568188,-0.053029559552669525,-0.06988491117954254,0.02679838053882122,1063,1114,788,32766,2416,3.304398775100708
2026-04-07T12:01:09.792,radio://0/80/2M,flow,1,2,Scan,4071,0,0,0,0.0,0,0,0.0,0.0,30511,-1,0,0.502006471157074,0.017466507852077484,-0.04719400033354759,-0.06820464879274368,0.06288115680217743,1063,1114,788,32766,2416,3.304398775100708
2026-04-07T12:01:09.794,radio://0/80/2M,range,1,2,Scan,4071,0,0,0,0.0,0,0,0.0,0.0,30511,-1,0,0.502006471157074,0.017466507852077484,-0.04719400033354759,-0.06820464879274368,0.06288115680217743,1053,32766,770,32766,2421,3.2885630130767822
2026-04-07T12:01:10.040,radio://0/80/2M,mission,1,2,Scan,4071,0,0,0,0.0,0,0,0.0,0.0,30511,-1,0,0.4993823766708374,0.017466507852077484,-0.04719400033354759,-0.06820464879274368,0.06288115680217743,1053,32766,770,32766,2421,3.2885630130767822
2026-04-07T12:01:10.042,radio://0/80/2M,flow,1,2,Scan,4071,0,0,0,0.0,0,0,0.0,0.0,30761,-1,1,0.4993823766708374,-0.07709601521492004,-0.06940193474292755,-0.05955633148550987,0.053772542625665665,1053,32766,770,32766,2421,3.2885630130767822
2026-04-07T12:01:10.043,radio://0/80/2M,range,1,2,Scan,4071,0,0,0,0.0,0,0,0.0,0.0,30761,-1,1,0.4993823766708374,-0.07709601521492004,-0.06940193474292755,-0.05955633148550987,0.053772542625665665,1082,32766,777,32766,2424,3.2991201877593994
2026-04-07T12:01:10.290,radio://0/80/2M,mission,1,2,Scan,4071,0,0,0,0.0,0,0,0.0,0.0,30761,-1,1,0.49459177255630493,-0.07709601521492004,-0.06940193474292755,-0.05955633148550987,0.053772542625665665,1082,32766,777,32766,2424,3.2991201877593994
2026-04-07T12:01:10.291,radio://0/80/2M,flow,1,2,Scan,4071,0,0,0,0.0,0,0,0.0,0.0,31011,0,0,0.49459177255630493,-0.07024753838777542,-0.06080516800284386,-0.05897686630487442,0.0374445840716362,1082,32766,777,32766,2424,3.2991201877593994
2026-04-07T12:01:10.292,radio://0/80/2M,range,1,2,Scan,4071,0,0,0,0.0,0,0,0.0,0.0,31011,0,0,0.49459177255630493,-0.07024753838777542,-0.06080516800284386,-0.05897686630487442,0.0374445840716362,1111,32766,832,32766,2433,3.2832844257354736
2026-04-07T12:01:10.540,radio://0/80/2M,mission,1,2,Scan,4071,0,0,0,0.0,0,0,0.0,0.0,31011,0,0,0.49976372718811035,-0.07024753838777542,-0.06080516800284386,-0.05897686630487442,0.0374445840716362,1111,32766,832,32766,2433,3.2832844257354736
2026-04-07T12:01:10.541,radio://0/80/2M,flow,1,2,Scan,4071,0,0,0,0.0,0,0,0.0,0.0,31261,0,0,0.49976372718811035,-0.007274664472788572,-0.04447227343916893,-0.06118961423635483,0.035857558250427246,1111,32766,832,32766,2433,3.2832844257354736
2026-04-07T12:01:10.542,radio://0/80/2M,range,1,2,Scan,4071,0,0,0,0.0,0,0,0.0,0.0,31261,0,0,0.49976372718811035,-0.007274664472788572,-0.04447227343916893,-0.06118961423635483,0.035857558250427246,1215,888,880,32766,2430,3.2991201877593994
2026-04-07T12:01:10.789,radio://0/80/2M,mission,1,2,Scan,4071,0,0,0,0.0,0,0,0.0,0.0,31261,0,0,0.5018479824066162,-0.007274664472788572,-0.04447227343916893,-0.06118961423635483,0.035857558250427246,1215,888,880,32766,2430,3.2991201877593994
2026-04-07T12:01:10.790,radio://0/80/2M,flow,1,2,Scan,4071,0,0,0,0.0,0,0,0.0,0.0,31511,0,-3,0.5018479824066162,-0.0004393173730932176,-0.02017463929951191,-0.07003773748874664,0.05050577595829964,1215,888,880,32766,2430,3.2991201877593994
2026-04-07T12:01:10.792,radio://0/80/2M,range,1,2,Scan,4071,0,0,0,0.0,0,0,0.0,0.0,31511,0,-3,0.5018479824066162,-0.0004393173730932176,-0.02017463929951191,-0.07003773748874664,0.05050577595829964,1311,731,970,32766,2433,3.2568914890289307
2026-04-07T12:01:11.039,radio://0/80/2M,mission,1,2,Scan,4071,0,0,0,0.0,0,0,0.0,0.0,31511,0,-3,0.49566450715065,-0.0004393173730932176,-0.02017463929951191,-0.07003773748874664,0.05050577595829964,1311,731,970,32766,2433,3.2568914890289307
2026-04-07T12:01:11.041,radio://0/80/2M,flow,1,2,Scan,4071,0,0,0,0.0,0,0,0.0,0.0,31761,0,-1,0.49566450715065,0.0029497649520635605,-0.055937156081199646,-0.065549835562706,0.052677661180496216,1311,731,970,32766,2433,3.2568914890289307
2026-04-07T12:01:11.042,radio://0/80/2M,range,1,2,Scan,4071,0,0,0,0.0,0,0,0.0,0.0,31761,0,-1,0.49566450715065,0.0029497649520635605,-0.055937156081199646,-0.065549835562706,0.052677661180496216,1619,742,1079,32766,2426,3.2568914890289307
2026-04-07T12:01:11.289,radio://0/80/2M,mission,1,2,Scan,4071,0,0,0,0.0,0,0,0.0,0.0,31761,0,-1,0.4940306544303894,0.0029497649520635605,-0.055937156081199646,-0.065549835562706,0.052677661180496216,1619,742,1079,32766,2426,3.2568914890289307
2026-04-07T12:01:11.291,radio://0/80/2M,flow,1,2,Scan,4071,0,0,0,0.0,0,0,0.0,0.0,32011,1,2,0.4940306544303894,0.033785317093133926,-0.047217052429914474,-0.06730681657791138,0.06339100003242493,1619,742,1079,32766,2426,3.2568914890289307
2026-04-07T12:01:11.292,radio://0/80/2M,range,1,2,Scan,4071,0,0,0,0.0,0,0,0.0,0.0,32011,1,2,0.4940306544303894,0.033785317093133926,-0.047217052429914474,-0.06730681657791138,0.06339100003242493,1773,933,1273,32766,2431,3.251612901687622
2026-04-07T12:01:11.539,radio://0/80/2M,mission,1,2,Scan,4071,0,0,0,0.0,0,0,0.0,0.0,32011,1,2,0.49749618768692017,0.033785317093133926,-0.047217052429914474,-0.06730681657791138,0.06339100003242493,1773,933,1273,32766,2431,3.251612901687622
2026-04-07T12:01:11.540,radio://0/80/2M,flow,1,2,Scan,4071,0,0,0,0.0,0,0,0.0,0.0,32261,5,5,0.49749618768692017,0.048052214086055756,-0.05496852472424507,-0.0609111562371254,0.07205268740653992,1773,933,1273,32766,2431,3.251612901687622
2026-04-07T12:01:11.541,radio://0/80/2M,range,1,2,Scan,4071,0,0,0,0.0,0,0,0.0,0.0,32261,5,5,0.49749618768692017,0.048052214086055756,-0.05496852472424507,-0.0609111562371254,0.07205268740653992,32766,1102,1261,32766,2437,3.2832844257354736
2026-04-07T12:01:11.789,radio://0/80/2M,mission,1,2,Scan,4071,0,0,0,0.0,0,0,0.0,0.0,32261,5,5,0.502543568611145,0.048052214086055756,-0.05496852472424507,-0.0609111562371254,0.07205268740653992,32766,1102,1261,32766,2437,3.2832844257354736
2026-04-07T12:01:11.790,radio://0/80/2M,flow,1,2,Scan,4071,0,0,0,0.0,0,0,0.0,0.0,32511,0,0,0.502543568611145,0.021608814597129822,-0.07561446726322174,-0.06131130829453468,0.07050721347332001,32766,1102,1261,32766,2437,3.2832844257354736
2026-04-07T12:01:11.791,radio://0/80/2M,range,1,2,Scan,4071,0,0,0,0.0,0,0,0.0,0.0,32511,0,0,0.502543568611145,0.021608814597129822,-0.07561446726322174,-0.06131130829453468,0.07050721347332001,1175,1872,1182,788,2419,3.2832844257354736
2026-04-07T12:01:12.038,radio://0/80/2M,mission,1,2,Scan,4071,0,0,0,0.0,0,0,0.0,0.0,32511,0,0,0.504764974117279,0.021608814597129822,-0.07561446726322174,-0.06131130829453468,0.07050721347332001,1175,1872,1182,788,2419,3.2832844257354736
2026-04-07T12:01:12.041,radio://0/80/2M,flow,1,2,Scan,3817,0,0,0,0.0,0,0,0.0,0.0,32761,-1,0,0.504764974117279,0.055767931044101715,-0.08774365484714508,-0.0481586791574955,0.056514158844947815,1175,1872,1182,788,2419,3.2832844257354736
2026-04-07T12:01:12.042,radio://0/80/2M,range,1,2,Scan,3817,0,0,0,0.0,0,0,0.0,0.0,32761,-1,0,0.504764974117279,0.055767931044101715,-0.08774365484714508,-0.0481586791574955,0.056514158844947815,3312,32766,1179,723,2437,3.2991201877593994
2026-04-07T12:01:12.289,radio://0/80/2M,mission,1,2,Scan,3817,0,0,0,0.0,0,0,0.0,0.0,32761,-1,0,0.5020612478256226,0.055767931044101715,-0.08774365484714508,-0.0481586791574955,0.056514158844947815,3312,32766,1179,723,2437,3.2991201877593994
2026-04-07T12:01:12.291,radio://0/80/2M,flow,1,2,Scan,3817,0,0,0,0.0,0,0,0.0,0.0,33011,-3,0,0.5020612478256226,0.05868007242679596,-0.07291470468044281,-0.038511861115694046,0.04231162741780281,3312,32766,1179,723,2437,3.2991201877593994
2026-04-07T12:01:12.292,radio://0/80/2M,range,1,2,Scan,3817,0,0,0,0.0,0,0,0.0,0.0,33011,-3,0,0.5020612478256226,0.05868007242679596,-0.07291470468044281,-0.038511861115694046,0.04231162741780281,3421,1722,1195,701,2438,3.293841600418091
2026-04-07T12:01:12.538,radio://0/80/2M,mission,1,2,Scan,3817,0,0,0,0.0,0,0,0.0,0.0,33011,-3,0,0.5007363557815552,0.05868007242679596,-0.07291470468044281,-0.038511861115694046,0.04231162741780281,3421,1722,1195,701,2438,3.293841600418091
2026-04-07T12:01:12.540,radio://0/80/2M,flow,1,2,Scan,4055,0,0,0,0.0,0,0,0.0,0.0,33261,-9,3,0.5007363557815552,0.052370551973581314,-0.05619437247514725,-0.031187832355499268,0.02965802326798439,3421,1722,1195,701,2438,3.293841600418091
2026-04-07T12:01:12.541,radio://0/80/2M,range,1,2,Scan,4055,0,0,0,0.0,0,0,0.0,0.0,33261,-9,3,0.5007363557815552,0.052370551973581314,-0.05619437247514725,-0.031187832355499268,0.02965802326798439,32766,32766,1212,705,2431,3.2885630130767822
2026-04-07T12:01:12.788,radio://0/80/2M,mission,1,2,Scan,4055,0,0,0,0.0,0,0,0.0,0.0,33261,-9,3,0.5007502436637878,0.052370551973581314,-0.05619437247514725,-0.031187832355499268,0.02965802326798439,32766,32766,1212,705,2431,3.2885630130767822
2026-04-07T12:01:12.789,radio://0/80/2M,flow,1,2,Scan,4055,0,0,0,0.0,0,0,0.0,0.0,33511,0,0,0.5007502436637878,0.02315216325223446,-0.013372724875807762,-0.030624594539403915,0.019369330257177353,32766,32766,1212,705,2431,3.2885630130767822
2026-04-07T12:01:12.790,radio://0/80/2M,range,1,2,Scan,4055,0,0,0,0.0,0,0,0.0,0.0,33511,0,0,0.5007502436637878,0.02315216325223446,-0.013372724875807762,-0.030624594539403915,0.019369330257177353,849,32766,1273,734,2424,3.2991201877593994
2026-04-07T12:01:13.038,radio://0/80/2M,mission,1,2,Scan,4055,0,0,0,0.0,0,0,0.0,0.0,33511,0,0,0.5045177340507507,0.02315216325223446,-0.013372724875807762,-0.030624594539403915,0.019369330257177353,849,32766,1273,734,2424,3.2991201877593994
2026-04-07T12:01:13.040,radio://0/80/2M,flow,1,2,Scan,3802,0,0,0,0.0,0,0,0.0,0.0,33761,-1,-1,0.5045177340507507,0.02358921617269516,0.010040493682026863,-0.024137139320373535,0.022456619888544083,849,32766,1273,734,2424,3.2991201877593994
2026-04-07T12:01:13.041,radio://0/80/2M,range,1,2,Scan,3802,0,0,0,0.0,0,0,0.0,0.0,33761,-1,-1,0.5045177340507507,0.02358921617269516,0.010040493682026863,-0.024137139320373535,0.022456619888544083,681,32766,1329,774,2439,3.320234775543213
2026-04-07T12:01:13.288,radio://0/80/2M,mission,1,2,Scan,3802,0,0,0,0.0,0,0,0.0,0.0,33761,-1,-1,0.5028817653656006,0.02358921617269516,0.010040493682026863,-0.024137139320373535,0.022456619888544083,681,32766,1329,774,2439,3.320234775543213
2026-04-07T12:01:13.289,radio://0/80/2M,flow,1,2,Scan,3802,0,0,0,0.0,0,0,0.0,0.0,34011,1,-2,0.5028817653656006,0.017836233600974083,-0.002742502838373184,-0.02493915520608425,0.018859487026929855,681,32766,1329,774,2439,3.320234775543213
2026-04-07T12:01:13.290,radio://0/80/2M,range,1,2,Scan,3802,0,0,0,0.0,0,0,0.0,0.0,34011,1,-2,0.5028817653656006,0.017836233600974083,-0.002742502838373184,-0.02493915520608425,0.018859487026929855,685,32766,1465,877,2434,3.304398775100708
2026-04-07T12:01:13.537,radio://0/80/2M,mission,1,2,Scan,3802,0,0,0,0.0,0,0,0.0,0.0,34011,1,-2,0.5048227906227112,0.017836233600974083,-0.002742502838373184,-0.02493915520608425,0.018859487026929855,685,32766,1465,877,2434,3.304398775100708
2026-04-07T12:01:13.538,radio://0/80/2M,flow,1,2,Scan,3802,0,0,0,0.0,0,0,0.0,0.0,34261,-1,-1,0.5048227906227112,0.04242397099733353,-0.011040560901165009,-0.015818346291780472,-0.0048574660904705524,685,32766,1465,877,2434,3.304398775100708
2026-04-07T12:01:13.539,radio://0/80/2M,range,1,2,Scan,3802,0,0,0,0.0,0,0,0.0,0.0,34261,-1,-1,0.5048227906227112,0.04242397099733353,-0.011040560901165009,-0.015818346291780472,-0.0048574660904705524,775,32766,1671,989,2436,3.320234775543213
2026-04-07T12:01:13.787,radio://0/80/2M,mission,1,2,Scan,3802,0,0,0,0.0,0,0,0.0,0.0,34261,-1,-1,0.5026079416275024,0.04242397099733353,-0.011040560901165009,-0.015818346291780472,-0.0048574660904705524,775,32766,1671,989,2436,3.320234775543213
2026-04-07T12:01:13.789,radio://0/80/2M,flow,1,2,Scan,3802,0,0,0,0.0,0,0,0.0,0.0,34511,0,3,0.5026079416275024,-0.03361416235566139,0.05725105479359627,-0.007579448167234659,0.024116577580571175,775,32766,1671,989,2436,3.320234775543213
2026-04-07T12:01:13.790,radio://0/80/2M,range,1,2,Scan,3802,0,0,0,0.0,0,0,0.0,0.0,34511,0,3,0.5026079416275024,-0.03361416235566139,0.05725105479359627,-0.007579448167234659,0.024116577580571175,868,32766,32766,1381,2431,3.304398775100708
2026-04-07T12:01:14.037,radio://0/80/2M,mission,1,2,Scan,3802,0,0,0,0.0,0,0,0.0,0.0,34511,0,3,0.4986685812473297,-0.03361416235566139,0.05725105479359627,-0.007579448167234659,0.024116577580571175,868,32766,32766,1381,2431,3.304398775100708
2026-04-07T12:01:14.038,radio://0/80/2M,flow,1,2,Scan,3802,0,0,0,0.0,0,0,0.0,0.0,34761,-3,1,0.4986685812473297,0.003763643791899085,0.014636688865721226,-0.009326344355940819,0.046541523188352585,868,32766,32766,1381,2431,3.304398775100708
2026-04-07T12:01:14.040,radio://0/80/2M,range,1,2,Scan,3802,0,0,0,0.0,0,0,0.0,0.0,34761,-3,1,0.4986685812473297,0.003763643791899085,0.014636688865721226,-0.009326344355940819,0.046541523188352585,1029,32766,32766,1448,32766,3.293841600418091
2026-04-07T12:01:14.286,radio://0/80/2M,mission,1,2,Scan,3802,0,0,0,0.0,0,0,0.0,0.0,34761,-3,1,0.4945029616355896,0.003763643791899085,0.014636688865721226,-0.009326344355940819,0.046541523188352585,1029,32766,32766,1448,32766,3.293841600418091
2026-04-07T12:01:14.288,radio://0/80/2M,flow,1,2,Scan,4039,0,0,0,0.0,0,0,0.0,0.0,35011,-3,3,0.4945029616355896,0.020851435139775276,0.02179526910185814,0.012460615485906601,0.07942552119493484,1029,32766,32766,1448,32766,3.293841600418091
2026-04-07T12:01:14.289,radio://0/80/2M,range,1,2,Scan,4039,0,0,0,0.0,0,0,0.0,0.0,35011,-3,3,0.4945029616355896,0.020851435139775276,0.02179526910185814,0.012460615485906601,0.07942552119493484,1593,32766,32766,1403,2468,3.293841600418091
2026-04-07T12:01:14.537,radio://0/80/2M,mission,1,2,Scan,4039,0,0,0,0.0,0,0,0.0,0.0,35011,-3,3,0.4963577091693878,0.020851435139775276,0.02179526910185814,0.012460615485906601,0.07942552119493484,1593,32766,32766,1403,2468,3.293841600418091
2026-04-07T12:01:14.538,radio://0/80/2M,flow,1,2,Scan,4039,0,0,0,0.0,0,0,0.0,0.0,35261,-8,4,0.4963577091693878,0.06996223330497742,-0.006565662566572428,0.02529413066804409,0.0822458565235138,1593,32766,32766,1403,2468,3.293841600418091
2026-04-07T12:01:14.539,radio://0/80/2M,range,1,2,Scan,4039,0,0,0,0.0,0,0,0.0,0.0,35261,-8,4,0.4963577091693878,0.06996223330497742,-0.006565662566572428,0.02529413066804409,0.0822458565235138,32766,975,32766,1436,32766,3.304398775100708
2026-04-07T12:01:14.786,radio://0/80/2M,mission,1,2,Scan,4039,0,0,0,0.0,0,0,0.0,0.0,35261,-8,4,0.49075308442115784,0.06996223330497742,-0.006565662566572428,0.02529413066804409,0.0822458565235138,32766,975,32766,1436,32766,3.304398775100708
2026-04-07T12:01:14.788,radio://0/80/2M,flow,1,2,Scan,4291,0,0,0,0.0,0,0,0.0,0.0,35511,0,-1,0.49075308442115784,0.070079006254673,-0.008984471671283245,0.04086824133992195,0.08641799539327621,32766,975,32766,1436,32766,3.304398775100708
2026-04-07T12:01:14.789,radio://0/80/2M,range,1,2,Scan,4291,0,0,0,0.0,0,0,0.0,0.0,35511,0,-1,0.49075308442115784,0.070079006254673,-0.008984471671283245,0.04086824133992195,0.08641799539327621,32766,930,386,1499,32766,3.278005838394165
2026-04-07T12:01:15.036,radio://0/80/2M,mission,1,2,Scan,4291,0,0,0,0.0,0,0,0.0,0.0,35511,0,-1,0.4931272566318512,0.070079006254673,-0.008984471671283245,0.04086824133992195,0.08641799539327621,32766,930,386,1499,32766,3.278005838394165
2026-04-07T12:01:15.038,radio://0/80/2M,flow,1,2,Scan,5466,0,0,0,0.0,0,0,0.0,0.0,35761,2,-10,0.4931272566318512,0.11886344850063324,-0.028820684179663658,0.044998761266469955,0.06288589537143707,32766,930,386,1499,32766,3.278005838394165
2026-04-07T12:01:15.040,radio://0/80/2M,range,1,2,Scan,5466,0,0,0,0.0,0,0,0.0,0.0,35761,2,-10,0.4931272566318512,0.11886344850063324,-0.028820684179663658,0.044998761266469955,0.06288589537143707,32766,934,405,1589,32766,3.2832844257354736
2026-04-07T12:01:15.285,radio://0/80/2M,mission,1,2,Scan,5466,0,0,0,0.0,0,0,0.0,0.0,35761,2,-10,0.49715331196784973,0.11886344850063324,-0.028820684179663658,0.044998761266469955,0.06288589537143707,32766,934,405,1589,32766,3.2832844257354736
2026-04-07T12:01:15.288,radio://0/80/2M,flow,1,2,Scan,6554,0,0,0,0.0,0,0,0.0,0.0,36011,1,-7,0.49715331196784973,0.07787735015153885,-0.07031971216201782,-0.0005849410663358867,0.05415631830692291,32766,934,405,1589,32766,3.2832844257354736
2026-04-07T12:01:15.290,radio://0/80/2M,range,1,2,Scan,6554,0,0,0,0.0,0,0,0.0,0.0,36011,1,-7,0.49715331196784973,0.07787735015153885,-0.07031971216201782,-0.0005849410663358867,0.05415631830692291,32766,989,475,1822,32766,3.2832844257354736
2026-04-07T12:01:15.535,radio://0/80/2M,mission,1,2,Scan,6554,0,0,0,0.0,0,0,0.0,0.0,36011,1,-7,0.5020115971565247,0.07787735015153885,-0.07031971216201782,-0.0005849410663358867,0.05415631830692291,32766,989,475,1822,32766,3.2832844257354736
2026-04-07T12:01:15.538,radio://0/80/2M,flow,1,2,Scan,6554,0,0,0,0.0,0,0,0.0,0.0,36261,1,4,0.5020115971565247,0.028391776606440544,0.024216551333665848,0.002223198302090168,0.04908698797225952,32766,989,475,1822,32766,3.2832844257354736
2026-04-07T12:01:15.539,radio://0/80/2M,range,1,2,Scan,6554,0,0,0,0.0,0,0,0.0,0.0,36261,1,4,0.5020115971565247,0.028391776606440544,0.024216551333665848,0.002223198302090168,0.04908698797225952,32766,1040,537,2046,32766,3.2885630130767822
2026-04-07T12:01:15.786,radio://0/80/2M,mission,1,2,Scan,6554,0,0,0,0.0,0,0,0.0,0.0,36261,1,4,0.5047522783279419,0.028391776606440544,0.024216551333665848,0.002223198302090168,0.04908698797225952,32766,1040,537,2046,32766,3.2885630130767822
2026-04-07T12:01:15.787,radio://0/80/2M,flow,1,2,Scan,6554,0,0,0,0.0,0,0,0.0,0.0,36511,0,0,0.5047522783279419,0.03121662698686123,0.03498375043272972,0.0014660677406936884,0.04990340769290924,32766,1040,537,2046,32766,3.2885630130767822
2026-04-07T12:01:15.788,radio://0/80/2M,range,1,2,Scan,6554,0,0,0,0.0,0,0,0.0,0.0,36511,0,0,0.5047522783279419,0.03121662698686123,0.03498375043272972,0.0014660677406936884,0.04990340769290924,32766,1135,642,32766,2452,3.2832844257354736
2026-04-07T12:01:16.035,radio://0/80/2M,mission,1,2,Scan,6554,0,0,0,0.0,0,0,0.0,0.0,36511,0,0,0.5077728033065796,0.03121662698686123,0.03498375043272972,0.0014660677406936884,0.04990340769290924,32766,1135,642,32766,2452,3.2832844257354736
2026-04-07T12:01:16.036,radio://0/80/2M,flow,1,2,Scan,6554,0,0,0,0.0,0,0,0.0,0.0,36761,-2,-4,0.5077728033065796,0.03191855177283287,0.030023103579878807,0.008198019117116928,0.04818694293498993,32766,1135,642,32766,2452,3.2832844257354736
2026-04-07T12:01:16.037,radio://0/80/2M,range,1,2,Scan,6554,0,0,0,0.0,0,0,0.0,0.0,36761,-2,-4,0.5077728033065796,0.03191855177283287,0.030023103579878807,0.008198019117116928,0.04818694293498993,32766,1201,755,633,2422,3.293841600418091
2026-04-07T12:01:16.284,radio://0/80/2M,mission,1,2,Scan,6554,0,0,0,0.0,0,0,0.0,0.0,36761,-2,-4,0.5040576457977295,0.03191855177283287,0.030023103579878807,0.008198019117116928,0.04818694293498993,32766,1201,755,633,2422,3.293841600418091
2026-04-07T12:01:16.287,radio://0/80/2M,flow,1,2,Scan,6554,0,0,0,0.0,0,0,0.0,0.0,37011,0,3,0.5040576457977295,0.096987783908844,-0.07590167224407196,-0.04034896939992905,0.061696890741586685,32766,1201,755,633,2422,3.293841600418091
2026-04-07T12:01:16.289,radio://0/80/2M,range,1,2,Scan,6554,0,0,0,0.0,0,0,0.0,0.0,37011,0,3,0.5040576457977295,0.096987783908844,-0.07590167224407196,-0.04034896939992905,0.061696890741586685,32766,1336,32766,657,2376,3.267448663711548
2026-04-07T12:01:16.535,radio://0/80/2M,mission,1,2,Scan,6554,0,0,0,0.0,0,0,0.0,0.0,37011,0,3,0.5081127285957336,0.096987783908844,-0.07590167224407196,-0.04034896939992905,0.061696890741586685,32766,1336,32766,657,2376,3.267448663711548
2026-04-07T12:01:16.536,radio://0/80/2M,flow,1,2,Scan,6963,0,0,0,0.0,0,0,0.0,0.0,37261,3,-2,0.5081127285957336,0.02409345842897892,0.0350651852786541,-0.04544588178396225,0.05780788138508797,32766,1336,32766,657,2376,3.267448663711548
2026-04-07T12:01:16.537,radio://0/80/2M,range,1,2,Scan,6963,0,0,0,0.0,0,0,0.0,0.0,37261,3,-2,0.5081127285957336,0.02409345842897892,0.0350651852786541,-0.04544588178396225,0.05780788138508797,2994,1556,32766,655,32766,3.2832844257354736
2026-04-07T12:01:16.785,radio://0/80/2M,mission,1,2,Scan,6963,0,0,0,0.0,0,0,0.0,0.0,37261,3,-2,0.5048543214797974,0.02409345842897892,0.0350651852786541,-0.04544588178396225,0.05780788138508797,2994,1556,32766,655,32766,3.2832844257354736
2026-04-07T12:01:16.787,radio://0/80/2M,flow,1,2,Scan,6963,0,0,0,0.0,0,0,0.0,0.0,37511,2,0,0.5048543214797974,0.007700130809098482,-0.048223648220300674,-0.06349259614944458,0.11953070759773254,2994,1556,32766,655,32766,3.2832844257354736
2026-04-07T12:01:16.789,radio://0/80/2M,range,1,2,Scan,6963,0,0,0,0.0,0,0,0.0,0.0,37511,2,0,0.5048543214797974,0.007700130809098482,-0.048223648220300674,-0.06349259614944458,0.11953070759773254,2912,2404,32766,640,32766,3.2727272510528564
2026-04-07T12:01:17.034,radio://0/80/2M,mission,1,2,Scan,6963,0,0,0,0.0,0,0,0.0,0.0,37511,2,0,0.5018472075462341,0.007700130809098482,-0.048223648220300674,-0.06349259614944458,0.11953070759773254,2912,2404,32766,640,32766,3.2727272510528564
2026-04-07T12:01:17.037,radio://0/80/2M,flow,1,2,Scan,6963,0,0,0,0.0,0,0,0.0,0.0,37761,2,0,0.5018472075462341,0.008552554994821548,-0.008686022832989693,-0.05460379272699356,0.1538909375667572,2912,2404,32766,640,32766,3.2727272510528564
2026-04-07T12:01:17.038,radio://0/80/2M,range,1,2,Scan,6963,0,0,0,0.0,0,0,0.0,0.0,37761,2,0,0.5018472075462341,0.008552554994821548,-0.008686022832989693,-0.05460379272699356,0.1538909375667572,2799,2462,356,652,32766,3.267448663711548
2026-04-07T12:01:17.285,radio://0/80/2M,mission,1,5,Transition,6963,0,0,0,0.0,0,0,0.0,0.0,37761,2,0,0.4977908134460449,0.008552554994821548,-0.008686022832989693,-0.05460379272699356,0.1538909375667572,2799,2462,356,652,32766,3.267448663711548
2026-04-07T12:01:17.286,radio://0/80/2M,flow,1,5,Transition,6963,0,0,0,0.0,0,0,0.0,0.0,38011,-2,-1,0.4977908134460449,-0.006440669763833284,0.08429045975208282,-1.8810895198839717e-05,0.025520924478769302,2799,2462,356,652,32766,3.267448663711548
2026-04-07T12:01:17.287,radio://0/80/2M,range,1,5,Transition,6963,0,0,0,0.0,0,0,0.0,0.0,38011,-2,-1,0.4977908134460449,-0.006440669763833284,0.08429045975208282,-1.8810895198839717e-05,0.025520924478769302,2783,2493,354,673,2417,3.2568914890289307
2026-04-07T12:01:17.534,radio://0/80/2M,mission,1,0,Reacquire Wall,6963,0,0,0,0.0,0,0,0.0,0.0,38011,-2,-1,0.4982885718345642,-0.006440669763833284,0.08429045975208282,-1.8810895198839717e-05,0.025520924478769302,2783,2493,354,673,2417,3.2568914890289307
2026-04-07T12:01:17.537,radio://0/80/2M,flow,1,0,Reacquire Wall,6963,0,0,0,0.0,0,0,0.0,0.0,38261,0,2,0.4982885718345642,0.008012866601347923,0.054986920207738876,0.14501294493675232,0.02035961113870144,2783,2493,354,673,2417,3.2568914890289307
2026-04-07T12:01:17.538,radio://0/80/2M,range,1,0,Reacquire Wall,6963,0,0,0,0.0,0,0,0.0,0.0,38261,0,2,0.4982885718345642,0.008012866601347923,0.054986920207738876,0.14501294493675232,0.02035961113870144,2792,2485,370,692,2420,3.2727272510528564
2026-04-07T12:01:17.785,radio://0/80/2M,mission,1,0,Reacquire Wall,6963,0,0,0,0.0,0,0,0.0,0.0,38261,0,2,0.49541130661964417,0.008012866601347923,0.054986920207738876,0.14501294493675232,0.02035961113870144,2792,2485,370,692,2420,3.2727272510528564
2026-04-07T12:01:17.786,radio://0/80/2M,flow,1,0,Reacquire Wall,6963,0,0,0,0.0,0,0,0.0,0.0,38511,1,-4,0.49541130661964417,0.12633216381072998,-0.009284506551921368,0.1476186066865921,0.020580828189849854,2792,2485,370,692,2420,3.2727272510528564
2026-04-07T12:01:17.787,radio://0/80/2M,range,1,0,Reacquire Wall,6963,0,0,0,0.0,0,0,0.0,0.0,38511,1,-4,0.49541130661964417,0.12633216381072998,-0.009284506551921368,0.1476186066865921,0.020580828189849854,2756,2504,368,719,2419,3.2568914890289307
2026-04-07T12:01:18.034,radio://0/80/2M,mission,1,0,Reacquire Wall,6963,0,0,0,0.0,0,0,0.0,0.0,38511,1,-4,0.500365674495697,0.12633216381072998,-0.009284506551921368,0.1476186066865921,0.020580828189849854,2756,2504,368,719,2419,3.2568914890289307
2026-04-07T12:01:18.036,radio://0/80/2M,flow,1,0,Reacquire Wall,6963,0,0,0,0.0,0,0,0.0,0.0,38761,-1,0,0.500365674495697,0.189679816365242,0.0057780747301876545,0.15030521154403687,0.018522921949625015,2756,2504,368,719,2419,3.2568914890289307
2026-04-07T12:01:18.037,radio://0/80/2M,range,1,0,Reacquire Wall,6963,0,0,0,0.0,0,0,0.0,0.0,38761,-1,0,0.500365674495697,0.189679816365242,0.0057780747301876545,0.15030521154403687,0.018522921949625015,2744,2518,376,751,2409,3.2727272510528564
2026-04-07T12:01:18.284,radio://0/80/2M,mission,1,0,Reacquire Wall,6963,0,0,0,0.0,0,0,0.0,0.0,38761,-1,0,0.49842512607574463,0.189679816365242,0.0057780747301876545,0.15030521154403687,0.018522921949625015,2744,2518,376,751,2409,3.2727272510528564
2026-04-07T12:01:18.285,radio://0/80/2M,flow,1,0,Reacquire Wall,6963,0,0,0,0.0,0,0,0.0,0.0,39011,0,0,0.49842512607574463,0.0921485498547554,0.05397326126694679,0.15953697264194489,0.012302977964282036,2744,2518,376,751,2409,3.2727272510528564
2026-04-07T12:01:18.286,radio://0/80/2M,range,1,0,Reacquire Wall,6963,0,0,0,0.0,0,0,0.0,0.0,39011,0,0,0.49842512607574463,0.0921485498547554,0.05397326126694679,0.15953697264194489,0.012302977964282036,2706,2522,402,811,2417,3.2568914890289307
2026-04-07T12:01:18.533,radio://0/80/2M,mission,1,0,Reacquire Wall,6963,0,0,0,0.0,0,0,0.0,0.0,39011,0,0,0.4979454278945923,0.0921485498547554,0.05397326126694679,0.15953697264194489,0.012302977964282036,2706,2522,402,811,2417,3.2568914890289307
2026-04-07T12:01:18.535,radio://0/80/2M,flow,1,0,Reacquire Wall,6963,0,0,0,0.0,0,0,0.0,0.0,39261,-1,-1,0.4979454278945923,0.14302563667297363,0.08285732567310333,0.16787606477737427,0.007741827983409166,2706,2522,402,811,2417,3.2568914890289307
2026-04-07T12:01:18.536,radio://0/80/2M,range,1,0,Reacquire Wall,6963,0,0,0,0.0,0,0,0.0,0.0,39261,-1,-1,0.4979454278945923,0.14302563667297363,0.08285732567310333,0.16787606477737427,0.007741827983409166,2638,2506,420,847,2400,3.267448663711548
2026-04-07T12:01:18.784,radio://0/80/2M,mission,1,0,Reacquire Wall,6963,0,0,0,0.0,0,0,0.0,0.0,39261,-1,-1,0.49898290634155273,0.14302563667297363,0.08285732567310333,0.16787606477737427,0.007741827983409166,2638,2506,420,847,2400,3.267448663711548
2026-04-07T12:01:18.785,radio://0/80/2M,flow,1,0,Reacquire Wall,6528,0,0,0,0.0,0,0,0.0,0.0,39511,0,-28,0.49898290634155273,0.19364242255687714,0.06507625430822372,0.18072819709777832,0.002873424906283617,2638,2506,420,847,2400,3.267448663711548
2026-04-07T12:01:18.786,radio://0/80/2M,range,1,0,Reacquire Wall,6528,0,0,0,0.0,0,0,0.0,0.0,39511,0,-28,0.49898290634155273,0.19364242255687714,0.06507625430822372,0.18072819709777832,0.002873424906283617,2595,2485,458,897,2411,3.2568914890289307
2026-04-07T12:01:19.032,radio://0/80/2M,mission,1,0,Reacquire Wall,6528,0,0,0,0.0,0,0,0.0,0.0,39511,0,-28,0.4974440634250641,0.19364242255687714,0.06507625430822372,0.18072819709777832,0.002873424906283617,2595,2485,458,897,2411,3.2568914890289307
2026-04-07T12:01:19.034,radio://0/80/2M,flow,1,0,Reacquire Wall,6528,0,0,0,0.0,0,0,0.0,0.0,39761,0,-1,0.4974440634250641,0.11617209762334824,0.03406079113483429,0.19054080545902252,0.00067946407943964,2595,2485,458,897,2411,3.2568914890289307
2026-04-07T12:01:19.035,radio://0/80/2M,range,1,0,Reacquire Wall,6528,0,0,0,0.0,0,0,0.0,0.0,39761,0,-1,0.4974440634250641,0.11617209762334824,0.03406079113483429,0.19054080545902252,0.00067946407943964,2524,2462,477,941,2401,3.2727272510528564
2026-04-07T12:01:19.282,radio://0/80/2M,mission,1,0,Reacquire Wall,6528,0,0,0,0.0,0,0,0.0,0.0,39761,0,-1,0.4990735650062561,0.11617209762334824,0.03406079113483429,0.19054080545902252,0.00067946407943964,2524,2462,477,941,2401,3.2727272510528564
2026-04-07T12:01:19.285,radio://0/80/2M,flow,1,0,Reacquire Wall,6528,0,0,0,0.0,0,0,0.0,0.0,40011,-1,4,0.4990735650062561,0.13111154735088348,0.024382486939430237,0.19849339127540588,2.4558978111599572e-05,2524,2462,477,941,2401,3.2727272510528564
2026-04-07T12:01:19.286,radio://0/80/2M,range,1,0,Reacquire Wall,6528,0,0,0,0.0,0,0,0.0,0.0,40011,-1,4,0.4990735650062561,0.13111154735088348,0.024382486939430237,0.19849339127540588,2.4558978111599572e-05,2480,2453,498,1014,2407,3.2727272510528564
2026-04-07T12:01:19.532,radio://0/80/2M,mission,1,0,Reacquire Wall,6528,0,0,0,0.0,0,0,0.0,0.0,40011,-1,4,0.5000342726707458,0.13111154735088348,0.024382486939430237,0.19849339127540588,2.4558978111599572e-05,2480,2453,498,1014,2407,3.2727272510528564
2026-04-07T12:01:19.541,radio://0/80/2M,flow,1,0,Reacquire Wall,6528,0,0,0,0.0,0,0,0.0,0.0,40261,0,-1,0.5000342726707458,0.17206870019435883,0.040832940489053726,0.19999860227108002,1.0466229660721638e-08,2480,2453,498,1014,2407,3.2727272510528564
2026-04-07T12:01:19.545,radio://0/80/2M,range,1,0,Reacquire Wall,6528,0,0,0,0.0,0,0,0.0,0.0,40261,0,-1,0.5000342726707458,0.17206870019435883,0.040832940489053726,0.19999860227108002,1.0466229660721638e-08,2397,2446,518,1068,2411,3.2727272510528564
2026-04-07T12:01:19.782,radio://0/80/2M,mission,1,0,Reacquire Wall,6528,0,0,0,0.0,0,0,0.0,0.0,40261,0,-1,0.5025310516357422,0.17206870019435883,0.040832940489053726,0.19999860227108002,1.0466229660721638e-08,2397,2446,518,1068,2411,3.2727272510528564
2026-04-07T12:01:19.785,radio://0/80/2M,flow,1,0,Reacquire Wall,5738,0,0,0,0.0,0,0,0.0,0.0,40511,-1,0,0.5025310516357422,0.16362488269805908,0.03444422408938408,0.19999998807907104,1.4035925199884502e-12,2397,2446,518,1068,2411,3.2727272510528564
2026-04-07T12:01:19.786,radio://0/80/2M,range,1,0,Reacquire Wall,5738,0,0,0,0.0,0,0,0.0,0.0,40511,-1,0,0.5025310516357422,0.16362488269805908,0.03444422408938408,0.19999998807907104,1.4035925199884502e-12,2342,2435,501,1153,2408,3.278005838394165
2026-04-07T12:01:20.033,radio://0/80/2M,mission,1,0,Reacquire Wall,5738,0,0,0,0.0,0,0,0.0,0.0,40511,-1,0,0.497839093208313,0.16362488269805908,0.03444422408938408,0.19999998807907104,1.4035925199884502e-12,2342,2435,501,1153,2408,3.278005838394165
2026-04-07T12:01:20.034,radio://0/80/2M,flow,1,0,Reacquire Wall,5380,0,0,0,0.0,0,0,0.0,0.0,40761,0,0,0.497839093208313,0.1380067616701126,0.032455578446388245,0.19999998807907104,1.8823130113354585e-16,2342,2435,501,1153,2408,3.278005838394165
2026-04-07T12:01:20.035,radio://0/80/2M,range,1,0,Reacquire Wall,5380,0,0,0,0.0,0,0,0.0,0.0,40761,0,0,0.497839093208313,0.1380067616701126,0.032455578446388245,0.19999998807907104,1.8823130113354585e-16,2246,2422,504,1219,2408,3.2727272510528564
2026-04-07T12:01:20.282,radio://0/80/2M,mission,1,0,Reacquire Wall,5380,0,0,0,0.0,0,0,0.0,0.0,40761,0,0,0.49743565917015076,0.1380067616701126,0.032455578446388245,0.19999998807907104,1.8823130113354585e-16,2246,2422,504,1219,2408,3.2727272510528564
2026-04-07T12:01:20.284,radio://0/80/2M,flow,1,0,Reacquire Wall,5380,0,0,0,0.0,0,0,0.0,0.0,41011,0,8,0.49743565917015076,0.15614469349384308,-0.01637376844882965,0.19999998807907104,2.5243099833849156e-20,2246,2422,504,1219,2408,3.2727272510528564
2026-04-07T12:01:20.285,radio://0/80/2M,range,1,0,Reacquire Wall,5380,0,0,0,0.0,0,0,0.0,0.0,41011,0,8,0.49743565917015076,0.15614469349384308,-0.01637376844882965,0.19999998807907104,2.5243099833849156e-20,2193,2404,501,1318,2417,3.2621700763702393
2026-04-07T12:01:20.532,radio://0/80/2M,mission,1,0,Reacquire Wall,5380,0,0,0,0.0,0,0,0.0,0.0,41011,0,8,0.5021963715553284,0.15614469349384308,-0.01637376844882965,0.19999998807907104,2.5243099833849156e-20,2193,2404,501,1318,2417,3.2621700763702393
2026-04-07T12:01:20.534,radio://0/80/2M,flow,1,0,Reacquire Wall,5044,0,0,0,0.0,0,0,0.0,0.0,41261,0,-4,0.5021963715553284,0.14767597615718842,0.05342899635434151,0.19999998807907104,3.385271934732947e-24,2193,2404,501,1318,2417,3.2621700763702393
2026-04-07T12:01:20.535,radio://0/80/2M,range,1,0,Reacquire Wall,5044,0,0,0,0.0,0,0,0.0,0.0,41261,0,-4,0.5021963715553284,0.14767597615718842,0.05342899635434151,0.19999998807907104,3.385271934732947e-24,2063,2284,507,1391,2415,3.2727272510528564
2026-04-07T12:01:20.782,radio://0/80/2M,mission,1,0,Reacquire Wall,5044,0,0,0,0.0,0,0,0.0,0.0,41261,0,-4,0.49798357486724854,0.14767597615718842,0.05342899635434151,0.19999998807907104,3.385271934732947e-24,2063,2284,507,1391,2415,3.2727272510528564
2026-04-07T12:01:20.783,radio://0/80/2M,flow,1,0,Reacquire Wall,4729,0,0,0,0.0,0,0,0.0,0.0,41511,0,-5,0.49798357486724854,0.143556609749794,0.05638100579380989,0.19999998807907104,4.539880546554826e-28,2063,2284,507,1391,2415,3.2727272510528564
2026-04-07T12:01:20.785,radio://0/80/2M,range,1,0,Reacquire Wall,4729,0,0,0,0.0,0,0,0.0,0.0,41511,0,-5,0.49798357486724854,0.143556609749794,0.05638100579380989,0.19999998807907104,4.539880546554826e-28,1972,32766,516,1516,2415,3.267448663711548
2026-04-07T12:01:21.032,radio://0/80/2M,mission,1,0,Reacquire Wall,4729,0,0,0,0.0,0,0,0.0,0.0,41511,0,-5,0.5013420581817627,0.143556609749794,0.05638100579380989,0.19999998807907104,4.539880546554826e-28,1972,32766,516,1516,2415,3.267448663711548
2026-04-07T12:01:21.033,radio://0/80/2M,flow,1,0,Reacquire Wall,4729,0,0,0,0.0,0,0,0.0,0.0,41761,0,0,0.5013420581817627,0.16088984906673431,0.05028129741549492,0.19999998807907104,6.088287849723784e-32,1972,32766,516,1516,2415,3.267448663711548
2026-04-07T12:01:21.035,radio://0/80/2M,range,1,0,Reacquire Wall,4729,0,0,0,0.0,0,0,0.0,0.0,41761,0,0,0.5013420581817627,0.16088984906673431,0.05028129741549492,0.19999998807907104,6.088287849723784e-32,1838,634,512,1618,2419,3.278005838394165
2026-04-07T12:01:21.282,radio://0/80/2M,mission,1,0,Reacquire Wall,4729,0,0,0,0.0,0,0,0.0,0.0,41761,0,0,0.5074546933174133,0.16088984906673431,0.05028129741549492,0.19999998807907104,6.088287849723784e-32,1838,634,512,1618,2419,3.278005838394165
2026-04-07T12:01:21.283,radio://0/80/2M,flow,1,0,Reacquire Wall,4729,0,0,0,0.0,0,0,0.0,0.0,42011,0,-14,0.5074546933174133,0.2377016842365265,0.0430293045938015,0.1999962329864502,1.129796256549298e-08,1838,634,512,1618,2419,3.278005838394165
2026-04-07T12:01:21.285,radio://0/80/2M,range,1,0,Reacquire Wall,4729,0,0,0,0.0,0,0,0.0,0.0,42011,0,-14,0.5074546933174133,0.2377016842365265,0.0430293045938015,0.1999962329864502,1.129796256549298e-08,1728,551,32766,1763,2395,3.2727272510528564
2026-04-07T12:01:21.530,radio://0/80/2M,mission,1,0,Reacquire Wall,4729,0,0,0,0.0,0,0,0.0,0.0,42011,0,-14,0.5061900019645691,0.2377016842365265,0.0430293045938015,0.1999962329864502,1.129796256549298e-08,1728,551,32766,1763,2395,3.2727272510528564
2026-04-07T12:01:21.533,radio://0/80/2M,flow,1,0,Reacquire Wall,4434,0,0,0,0.0,0,0,0.0,0.0,42261,0,-2,0.5061900019645691,0.31619977951049805,0.004154213238507509,0.19999998807907104,1.5151338300309347e-12,1728,551,32766,1763,2395,3.2727272510528564
2026-04-07T12:01:21.534,radio://0/80/2M,range,1,0,Reacquire Wall,4434,0,0,0,0.0,0,0,0.0,0.0,42261,0,-2,0.5061900019645691,0.31619977951049805,0.004154213238507509,0.19999998807907104,1.5151338300309347e-12,1566,505,1973,1868,2408,3.2727272510528564
2026-04-07T12:01:21.871,radio://0/80/2M,mission,1,0,Reacquire Wall,4434,0,0,0,0.0,0,0,0.0,0.0,42261,0,-2,0.5019543766975403,0.31619977951049805,0.004154213238507509,0.19999998807907104,1.5151338300309347e-12,1566,505,1973,1868,2408,3.2727272510528564
2026-04-07T12:01:21.875,radio://0/80/2M,flow,1,0,Reacquire Wall,4434,0,0,0,0.0,0,0,0.0,0.0,42511,-4,1,0.5019543766975403,0.1461099088191986,-0.0004741739830933511,0.19999998807907104,2.031897441633792e-16,1566,505,1973,1868,2408,3.2727272510528564
2026-04-07T12:01:21.878,radio://0/80/2M,range,1,0,Reacquire Wall,4434,0,0,0,0.0,0,0,0.0,0.0,42511,-4,1,0.5019543766975403,0.1461099088191986,-0.0004741739830933511,0.19999998807907104,2.031897441633792e-16,1478,484,1963,2019,2418,3.2621700763702393
2026-04-07T12:01:22.032,radio://0/80/2M,mission,1,0,Reacquire Wall,4434,0,0,0,0.0,0,0,0.0,0.0,42511,-4,1,0.4993959069252014,0.1461099088191986,-0.0004741739830933511,0.19999998807907104,2.031897441633792e-16,1478,484,1963,2019,2418,3.2621700763702393
2026-04-07T12:01:22.033,radio://0/80/2M,flow,1,0,Reacquire Wall,4434,0,0,0,0.0,0,0,0.0,0.0,42761,1,0,0.4993959069252014,0.1413797289133072,0.009895596653223038,0.19999998807907104,2.724912914156389e-20,1478,484,1963,2019,2418,3.2621700763702393
2026-04-07T12:01:22.034,radio://0/80/2M,range,1,0,Reacquire Wall,4434,0,0,0,0.0,0,0,0.0,0.0,42761,1,0,0.4993959069252014,0.1413797289133072,0.009895596653223038,0.19999998807907104,2.724912914156389e-20,1332,32766,1961,2123,2419,3.267448663711548
2026-04-07T12:01:22.280,radio://0/80/2M,mission,1,0,Reacquire Wall,4434,0,0,0,0.0,0,0,0.0,0.0,42761,1,0,0.5025238990783691,0.1413797289133072,0.009895596653223038,0.19999998807907104,2.724912914156389e-20,1332,32766,1961,2123,2419,3.267448663711548
2026-04-07T12:01:22.283,radio://0/80/2M,flow,1,0,Reacquire Wall,4434,0,0,0,0.0,0,0,0.0,0.0,43011,0,-5,0.5025238990783691,0.14194262027740479,0.08640679717063904,0.19999998807907104,3.654295197088206e-24,1332,32766,1961,2123,2419,3.267448663711548
2026-04-07T12:01:22.284,radio://0/80/2M,range,1,0,Reacquire Wall,4434,0,0,0,0.0,0,0,0.0,0.0,43011,0,-5,0.5025238990783691,0.14194262027740479,0.08640679717063904,0.19999998807907104,3.654295197088206e-24,1232,32766,2004,2273,2418,3.2621700763702393
2026-04-07T12:01:22.530,radio://0/80/2M,mission,1,0,Reacquire Wall,4434,0,0,0,0.0,0,0,0.0,0.0,43011,0,-5,0.5165889263153076,0.14194262027740479,0.08640679717063904,0.19999998807907104,3.654295197088206e-24,1232,32766,2004,2273,2418,3.2621700763702393
2026-04-07T12:01:22.532,radio://0/80/2M,flow,1,0,Reacquire Wall,3898,0,0,0,0.0,0,0,0.0,0.0,43261,0,-6,0.5165889263153076,0.33768174052238464,0.07071605324745178,0.19999998807907104,4.90065970672954e-28,1232,32766,2004,2273,2418,3.2621700763702393
2026-04-07T12:01:22.533,radio://0/80/2M,range,1,0,Reacquire Wall,3898,0,0,0,0.0,0,0,0.0,0.0,43261,0,-6,0.5165889263153076,0.33768174052238464,0.07071605324745178,0.19999998807907104,4.90065970672954e-28,1060,32766,2074,2401,2415,3.2832844257354736
2026-04-07T12:01:22.780,radio://0/80/2M,mission,1,0,Reacquire Wall,3898,0,0,0,0.0,0,0,0.0,0.0,43261,0,-6,0.506340503692627,0.33768174052238464,0.07071605324745178,0.19999998807907104,4.90065970672954e-28,1060,32766,2074,2401,2415,3.2832844257354736
2026-04-07T12:01:22.782,radio://0/80/2M,flow,1,0,Reacquire Wall,3427,0,0,0,0.0,0,0,0.0,0.0,43511,0,-5,0.506340503692627,0.32963523268699646,0.05940179526805878,0.19999998807907104,6.572120149027886e-32,1060,32766,2074,2401,2415,3.2832844257354736
2026-04-07T12:01:22.784,radio://0/80/2M,range,1,0,Reacquire Wall,3427,0,0,0,0.0,0,0,0.0,0.0,43511,0,-5,0.506340503692627,0.32963523268699646,0.05940179526805878,0.19999998807907104,6.572120149027886e-32,939,32766,2330,2572,2427,3.251612901687622
2026-04-07T12:01:23.030,radio://0/80/2M,mission,1,0,Reacquire Wall,3427,0,0,0,0.0,0,0,0.0,0.0,43511,0,-5,0.4906255304813385,0.32963523268699646,0.05940179526805878,0.19999998807907104,6.572120149027886e-32,939,32766,2330,2572,2427,3.251612901687622
2026-04-07T12:01:23.031,radio://0/80/2M,flow,1,0,Reacquire Wall,3427,0,0,0,0.0,0,0,0.0,0.0,43761,-1,-3,0.4906255304813385,0.2874080538749695,0.057369403541088104,0.19999998807907104,8.813661348543213e-36,939,32766,2330,2572,2427,3.251612901687622
2026-04-07T12:01:23.032,radio://0/80/2M,range,1,0,Reacquire Wall,3427,0,0,0,0.0,0,0,0.0,0.0,43761,-1,-3,0.4906255304813385,0.2874080538749695,0.057369403541088104,0.19999998807907104,8.813661348543213e-36,775,32766,2341,2694,2453,3.251612901687622
2026-04-07T12:01:23.280,radio://0/80/2M,mission,1,0,Reacquire Wall,3427,0,0,0,0.0,0,0,0.0,0.0,43761,-1,-3,0.49288851022720337,0.2874080538749695,0.057369403541088104,0.19999998807907104,8.813661348543213e-36,775,32766,2341,2694,2453,3.251612901687622
2026-04-07T12:01:23.281,radio://0/80/2M,flow,1,0,Reacquire Wall,3427,0,0,0,0.0,0,0,0.0,0.0,44011,0,-5,0.49288851022720337,0.25311410427093506,0.049709420651197433,0.0,0.0,775,32766,2341,2694,2453,3.251612901687622
2026-04-07T12:01:23.282,radio://0/80/2M,range,1,0,Reacquire Wall,3427,0,0,0,0.0,0,0,0.0,0.0,44011,0,-5,0.49288851022720337,0.25311410427093506,0.049709420651197433,0.0,0.0,694,32766,2337,2812,2448,3.2568914890289307
2026-04-07T12:01:23.530,radio://0/80/2M,mission,1,0,Reacquire Wall,3427,0,0,0,0.0,0,0,0.0,0.0,44011,0,-5,0.5028511881828308,0.25311410427093506,0.049709420651197433,0.0,0.0,694,32766,2337,2812,2448,3.2568914890289307
2026-04-07T12:01:23.532,radio://0/80/2M,flow,1,0,Reacquire Wall,3427,0,0,0,0.0,0,0,0.0,0.0,44261,0,-1,0.5028511881828308,0.11121601611375809,0.02726924791932106,0.0,0.0,694,32766,2337,2812,2448,3.2568914890289307
2026-04-07T12:01:23.533,radio://0/80/2M,range,1,0,Reacquire Wall,3427,0,0,0,0.0,0,0,0.0,0.0,44261,0,-1,0.5028511881828308,0.11121601611375809,0.02726924791932106,0.0,0.0,612,32766,2357,2844,2449,3.267448663711548
2026-04-07T12:01:23.780,radio://0/80/2M,mission,1,0,Reacquire Wall,3427,0,0,0,0.0,0,0,0.0,0.0,44261,0,-1,0.49485671520233154,0.11121601611375809,0.02726924791932106,0.0,0.0,612,32766,2357,2844,2449,3.267448663711548
2026-04-07T12:01:23.781,radio://0/80/2M,flow,1,0,Reacquire Wall,3427,0,0,0,0.0,0,0,0.0,0.0,44511,1,0,0.49485671520233154,-0.002568365540355444,-0.01132887415587902,0.0,0.0,612,32766,2357,2844,2449,3.267448663711548
2026-04-07T12:01:23.782,radio://0/80/2M,range,1,0,Reacquire Wall,3427,0,0,0,0.0,0,0,0.0,0.0,44511,1,0,0.49485671520233154,-0.002568365540355444,-0.01132887415587902,0.0,0.0,578,32766,2366,2475,2434,3.2463343143463135
2026-04-07T12:01:24.030,radio://0/80/2M,mission,1,0,Reacquire Wall,3427,0,0,0,0.0,0,0,0.0,0.0,44511,1,0,0.4964217245578766,-0.002568365540355444,-0.01132887415587902,0.0,0.0,578,32766,2366,2475,2434,3.2463343143463135
2026-04-07T12:01:24.031,radio://0/80/2M,flow,1,0,Reacquire Wall,3427,0,0,0,0.0,0,0,0.0,0.0,44761,-4,-3,0.4964217245578766,-0.021386485546827316,0.017069419845938683,0.0,0.0,578,32766,2366,2475,2434,3.2463343143463135
2026-04-07T12:01:24.032,radio://0/80/2M,range,1,0,Reacquire Wall,3427,0,0,0,0.0,0,0,0.0,0.0,44761,-4,-3,0.4964217245578766,-0.021386485546827316,0.017069419845938683,0.0,0.0,553,32766,32766,1547,2438,3.2568914890289307
2026-04-07T12:01:24.280,radio://0/80/2M,mission,1,0,Reacquire Wall,3427,0,0,0,0.0,0,0,0.0,0.0,44761,-4,-3,0.4997469484806061,-0.021386485546827316,0.017069419845938683,0.0,0.0,553,32766,32766,1547,2438,3.2568914890289307
2026-04-07T12:01:24.282,radio://0/80/2M,flow,1,0,Reacquire Wall,3427,0,0,0,0.0,0,0,0.0,0.0,45011,-1,0,0.4997469484806061,-0.0022794781252741814,0.038832176476716995,0.0,0.0,553,32766,32766,1547,2438,3.2568914890289307
2026-04-07T12:01:24.283,radio://0/80/2M,range,1,0,Reacquire Wall,3427,0,0,0,0.0,0,0,0.0,0.0,45011,-1,0,0.4997469484806061,-0.0022794781252741814,0.038832176476716995,0.0,0.0,560,32766,32766,32766,2438,3.2568914890289307
2026-04-07T12:01:24.529,radio://0/80/2M,mission,1,0,Reacquire Wall,3427,0,0,0,0.0,0,0,0.0,0.0,45011,-1,0,0.5056202411651611,-0.0022794781252741814,0.038832176476716995,0.0,0.0,560,32766,32766,32766,2438,3.2568914890289307
2026-04-07T12:01:24.530,radio://0/80/2M,flow,1,0,Reacquire Wall,3427,0,0,0,0.0,0,0,0.0,0.0,45261,-2,0,0.5056202411651611,-0.013615289703011513,0.00560847669839859,0.0,0.0,560,32766,32766,32766,2438,3.2568914890289307
2026-04-07T12:01:24.531,radio://0/80/2M,range,1,0,Reacquire Wall,3427,0,0,0,0.0,0,0,0.0,0.0,45261,-2,0,0.5056202411651611,-0.013615289703011513,0.00560847669839859,0.0,0.0,591,1734,32766,32766,2426,3.2621700763702393
2026-04-07T12:01:24.779,radio://0/80/2M,mission,1,5,Transition,3427,0,0,0,0.0,0,0,0.0,0.0,45261,-2,0,0.49978068470954895,-0.013615289703011513,0.00560847669839859,0.0,0.0,591,1734,32766,32766,2426,3.2621700763702393
2026-04-07T12:01:24.780,radio://0/80/2M,flow,1,5,Transition,3427,0,0,0,0.0,0,0,0.0,0.0,45511,1,0,0.49978068470954895,-0.020229902118444443,-0.026631686836481094,0.0,0.0,591,1734,32766,32766,2426,3.2621700763702393
2026-04-07T12:01:24.782,radio://0/80/2M,range,1,5,Transition,3427,0,0,0,0.0,0,0,0.0,0.0,45511,1,0,0.49978068470954895,-0.020229902118444443,-0.026631686836481094,0.0,0.0,625,1763,32766,1778,2431,3.2463343143463135
2026-04-07T12:01:25.029,radio://0/80/2M,mission,1,4,Land,3427,0,0,0,0.0,0,0,0.0,0.0,45511,1,0,0.49224135279655457,-0.020229902118444443,-0.026631686836481094,0.0,0.0,625,1763,32766,1778,2431,3.2463343143463135
2026-04-07T12:01:25.030,radio://0/80/2M,flow,1,4,Land,3427,0,0,0,0.0,0,0,0.0,0.0,45761,1,-1,0.49224135279655457,-0.013752800412476063,-0.04608656466007233,0.0,0.0,625,1763,32766,1778,2431,3.2463343143463135
2026-04-07T12:01:25.031,radio://0/80/2M,range,1,4,Land,3427,0,0,0,0.0,0,0,0.0,0.0,45761,1,-1,0.49224135279655457,-0.013752800412476063,-0.04608656466007233,0.0,0.0,670,1832,32766,1764,2449,3.2621700763702393
2026-04-07T12:01:25.278,radio://0/80/2M,mission,1,4,Land,3427,0,0,0,0.0,0,0,0.0,0.0,45761,1,-1,0.48119688034057617,-0.013752800412476063,-0.04608656466007233,0.0,0.0,670,1832,32766,1764,2449,3.2621700763702393
2026-04-07T12:01:25.280,radio://0/80/2M,flow,1,4,Land,3641,0,0,0,0.0,0,0,0.0,0.0,46011,3,-1,0.48119688034057617,-0.020823633298277855,-0.03512601926922798,0.0,0.0,670,1832,32766,1764,2449,3.2621700763702393
2026-04-07T12:01:25.281,radio://0/80/2M,range,1,4,Land,3641,0,0,0,0.0,0,0,0.0,0.0,46011,3,-1,0.48119688034057617,-0.020823633298277855,-0.03512601926922798,0.0,0.0,692,32766,32766,1772,2452,3.2832844257354736
2026-04-07T12:01:25.528,radio://0/80/2M,mission,1,4,Land,3641,0,0,0,0.0,0,0,0.0,0.0,46011,3,-1,0.44396644830703735,-0.020823633298277855,-0.03512601926922798,0.0,0.0,692,32766,32766,1772,2452,3.2832844257354736
2026-04-07T12:01:25.530,radio://0/80/2M,flow,1,4,Land,3641,0,0,0,0.0,0,0,0.0,0.0,46261,0,0,0.44396644830703735,-0.034028150141239166,-0.010507107712328434,0.0,0.0,692,32766,32766,1772,2452,3.2832844257354736
2026-04-07T12:01:25.531,radio://0/80/2M,range,1,4,Land,3641,0,0,0,0.0,0,0,0.0,0.0,46261,0,0,0.44396644830703735,-0.034028150141239166,-0.010507107712328434,0.0,0.0,696,32766,32766,1771,2471,3.278005838394165
2026-04-07T12:01:25.778,radio://0/80/2M,mission,1,4,Land,3641,0,0,0,0.0,0,0,0.0,0.0,46261,0,0,0.3850875794887543,-0.034028150141239166,-0.010507107712328434,0.0,0.0,696,32766,32766,1771,2471,3.278005838394165
2026-04-07T12:01:25.779,radio://0/80/2M,flow,1,4,Land,3641,0,0,0,0.0,0,0,0.0,0.0,46511,-8,2,0.3850875794887543,0.004392670933157206,0.024143725633621216,0.0,0.0,696,32766,32766,1771,2471,3.278005838394165
2026-04-07T12:01:25.781,radio://0/80/2M,range,1,4,Land,3641,0,0,0,0.0,0,0,0.0,0.0,46511,-8,2,0.3850875794887543,0.004392670933157206,0.024143725633621216,0.0,0.0,684,32766,32766,1760,2527,3.251612901687622
2026-04-07T12:01:26.028,radio://0/80/2M,mission,1,4,Land,3641,0,0,0,0.0,0,0,0.0,0.0,46511,-8,2,0.32469049096107483,0.004392670933157206,0.024143725633621216,0.0,0.0,684,32766,32766,1760,2527,3.251612901687622
2026-04-07T12:01:26.029,radio://0/80/2M,flow,1,4,Land,3641,0,0,0,0.0,0,0,0.0,0.0,46761,0,-1,0.32469049096107483,0.008156102150678635,0.031948693096637726,0.0,0.0,684,32766,32766,1760,2527,3.251612901687622
2026-04-07T12:01:26.030,radio://0/80/2M,range,1,4,Land,3641,0,0,0,0.0,0,0,0.0,0.0,46761,0,-1,0.32469049096107483,0.008156102150678635,0.031948693096637726,0.0,0.0,670,1717,32766,1767,2570,3.267448663711548
2026-04-07T12:01:26.277,radio://0/80/2M,mission,1,4,Land,3641,0,0,0,0.0,0,0,0.0,0.0,46761,0,-1,0.2554817497730255,0.008156102150678635,0.031948693096637726,0.0,0.0,670,1717,32766,1767,2570,3.267448663711548
2026-04-07T12:01:26.278,radio://0/80/2M,flow,1,4,Land,3641,0,0,0,0.0,0,0,0.0,0.0,47011,-3,-2,0.2554817497730255,0.014408607967197895,0.02324066497385502,0.0,0.0,670,1717,32766,1767,2570,3.267448663711548
2026-04-07T12:01:26.279,radio://0/80/2M,range,1,4,Land,3641,0,0,0,0.0,0,0,0.0,0.0,47011,-3,-2,0.2554817497730255,0.014408607967197895,0.02324066497385502,0.0,0.0,666,32766,32766,1788,2665,3.251612901687622
2026-04-07T12:01:26.530,radio://0/80/2M,mission,1,4,Land,3641,0,0,0,0.0,0,0,0.0,0.0,47011,-3,-2,0.18051065504550934,0.014408607967197895,0.02324066497385502,0.0,0.0,666,32766,32766,1788,2665,3.251612901687622
2026-04-07T12:01:26.531,radio://0/80/2M,flow,1,4,Land,3641,0,0,0,0.0,0,0,0.0,0.0,47261,6,1,0.18051065504550934,-0.04005693271756172,-0.04007761925458908,0.0,0.0,666,32766,32766,1788,2665,3.251612901687622
2026-04-07T12:01:26.532,radio://0/80/2M,range,1,4,Land,3641,0,0,0,0.0,0,0,0.0,0.0,47261,6,1,0.18051065504550934,-0.04005693271756172,-0.04007761925458908,0.0,0.0,674,32766,32766,1795,2727,3.2463343143463135
2026-04-07T12:01:26.777,radio://0/80/2M,mission,1,4,Land,3641,0,0,0,0.0,0,0,0.0,0.0,47261,6,1,0.12178168445825577,-0.04005693271756172,-0.04007761925458908,0.0,0.0,674,32766,32766,1795,2727,3.2463343143463135
2026-04-07T12:01:26.779,radio://0/80/2M,flow,1,4,Land,3613,0,0,0,0.0,0,0,0.0,0.0,47511,0,0,0.12178168445825577,-0.0187578946352005,-0.05276607349514961,0.0,0.0,674,32766,32766,1795,2727,3.2463343143463135
2026-04-07T12:01:26.780,radio://0/80/2M,range,1,4,Land,3613,0,0,0,0.0,0,0,0.0,0.0,47511,0,0,0.12178168445825577,-0.0187578946352005,-0.05276607349514961,0.0,0.0,690,32766,32766,32766,2807,3.2568914890289307
2026-04-07T12:01:27.027,radio://0/80/2M,mission,0,0,Reacquire Wall,3613,0,0,0,0.0,0,0,0.0,0.0,47511,0,0,0.050221629440784454,-0.0187578946352005,-0.05276607349514961,0.0,0.0,690,32766,32766,32766,2807,3.2568914890289307
2026-04-07T12:01:27.029,radio://0/80/2M,flow,0,0,Reacquire Wall,3335,0,0,0,0.0,0,0,0.0,0.0,47761,-4,-7,0.050221629440784454,0.02216576226055622,0.0015122429467737675,0.0,0.0,690,32766,32766,32766,2807,3.2568914890289307
2026-04-07T12:01:27.030,radio://0/80/2M,range,0,0,Reacquire Wall,3335,0,0,0,0.0,0,0,0.0,0.0,47761,-4,-7,0.050221629440784454,0.02216576226055622,0.0015122429467737675,0.0,0.0,695,938,32766,32766,2844,3.7953078746795654
2026-04-07T12:01:27.276,radio://0/80/2M,mission,0,0,Reacquire Wall,3335,0,0,0,0.0,0,0,0.0,0.0,47761,-4,-7,-0.022201240062713623,0.02216576226055622,0.0015122429467737675,0.0,0.0,695,938,32766,32766,2844,3.7953078746795654
2026-04-07T12:01:27.277,radio://0/80/2M,flow,0,0,Reacquire Wall,6412,0,0,0,0.0,0,0,0.0,0.0,48011,0,0,-0.022201240062713623,0.021578874439001083,-0.004403216764330864,0.0,0.0,695,938,32766,32766,2844,3.7953078746795654
2026-04-07T12:01:27.281,radio://0/80/2M,range,0,0,Reacquire Wall,6412,0,0,0,0.0,0,0,0.0,0.0,48011,0,0,-0.022201240062713623,0.021578874439001083,-0.004403216764330864,0.0,0.0,621,353,32766,515,2944,3.8217010498046875
2026-04-07T12:01:27.528,radio://0/80/2M,mission,0,0,Reacquire Wall,6412,0,0,0,0.0,0,0,0.0,0.0,48011,0,0,-0.004927017726004124,0.021578874439001083,-0.004403216764330864,0.0,0.0,621,353,32766,515,2944,3.8217010498046875
2026-04-07T12:01:27.531,radio://0/80/2M,flow,0,0,Reacquire Wall,8191,0,0,0,0.0,0,0,0.0,0.0,48261,0,2,-0.004927017726004124,0.02235255017876625,-0.006435537710785866,0.0,0.0,621,353,32766,515,2944,3.8217010498046875
2026-04-07T12:01:27.532,radio://0/80/2M,range,0,0,Reacquire Wall,8191,0,0,0,0.0,0,0,0.0,0.0,48261,0,2,-0.004927017726004124,0.02235255017876625,-0.006435537710785866,0.0,0.0,608,32766,32766,519,2937,3.8322582244873047
2026-04-07T12:01:27.776,radio://0/80/2M,mission,0,0,Reacquire Wall,8191,0,0,0,0.0,0,0,0.0,0.0,48261,0,2,0.0010225651785731316,0.02235255017876625,-0.006435537710785866,0.0,0.0,608,32766,32766,519,2937,3.8322582244873047
2026-04-07T12:01:27.777,radio://0/80/2M,flow,0,0,Reacquire Wall,8191,0,0,0,0.0,0,0,0.0,0.0,48511,-4,-1,0.0010225651785731316,0.01271871943026781,-0.007432498037815094,0.0,0.0,608,32766,32766,519,2937,3.8322582244873047
2026-04-07T12:01:27.778,radio://0/80/2M,range,0,0,Reacquire Wall,8191,0,0,0,0.0,0,0,0.0,0.0,48511,-4,-1,0.0010225651785731316,0.01271871943026781,-0.007432498037815094,0.0,0.0,611,32766,32766,516,2947,3.8322582244873047
2026-04-07T12:01:28.027,radio://0/80/2M,mission,0,0,Reacquire Wall,8191,0,0,0,0.0,0,0,0.0,0.0,48511,-4,-1,0.0006098940502852201,0.01271871943026781,-0.007432498037815094,0.0,0.0,611,32766,32766,516,2947,3.8322582244873047
2026-04-07T12:01:28.028,radio://0/80/2M,flow,0,0,Reacquire Wall,8191,0,0,0,0.0,0,0,0.0,0.0,48761,1,0,0.0006098940502852201,0.0051374719478189945,-0.006590222008526325,0.0,0.0,611,32766,32766,516,2947,3.8322582244873047
2026-04-07T12:01:28.030,radio://0/80/2M,range,0,0,Reacquire Wall,8191,0,0,0,0.0,0,0,0.0,0.0,48761,1,0,0.0006098940502852201,0.0051374719478189945,-0.006590222008526325,0.0,0.0,611,32766,32766,519,2938,3.8480939865112305
2026-04-07T12:01:28.276,radio://0/80/2M,mission,0,0,Reacquire Wall,8191,0,0,0,0.0,0,0,0.0,0.0,48761,1,0,0.00011338176409481093,0.0051374719478189945,-0.006590222008526325,0.0,0.0,611,32766,32766,519,2938,3.8480939865112305
2026-04-07T12:01:28.277,radio://0/80/2M,flow,0,0,Reacquire Wall,8191,0,0,0,0.0,0,0,0.0,0.0,49011,1,-1,0.00011338176409481093,0.00502092856913805,-0.005758682265877724,0.0,0.0,611,32766,32766,519,2938,3.8480939865112305
2026-04-07T12:01:28.278,radio://0/80/2M,range,0,0,Reacquire Wall,8191,0,0,0,0.0,0,0,0.0,0.0,49011,1,-1,0.00011338176409481093,0.00502092856913805,-0.005758682265877724,0.0,0.0,606,32766,32766,516,2919,3.842815399169922
2026-04-07T12:01:28.526,radio://0/80/2M,mission,0,0,Reacquire Wall,8191,0,0,0,0.0,0,0,0.0,0.0,49011,1,-1,4.716423791251145e-05,0.00502092856913805,-0.005758682265877724,0.0,0.0,606,32766,32766,516,2919,3.842815399169922
2026-04-07T12:01:28.527,radio://0/80/2M,flow,0,0,Reacquire Wall,8191,0,0,0,0.0,0,0,0.0,0.0,49261,1,0,4.716423791251145e-05,0.0012523977784439921,-0.005237118806689978,0.0,0.0,606,32766,32766,516,2919,3.842815399169922
2026-04-07T12:01:28.528,radio://0/80/2M,range,0,0,Reacquire Wall,8191,0,0,0,0.0,0,0,0.0,0.0,49261,1,0,4.716423791251145e-05,0.0012523977784439921,-0.005237118806689978,0.0,0.0,608,32766,32766,516,2936,3.853372573852539
2026-04-07T12:01:28.776,radio://0/80/2M,mission,0,0,Reacquire Wall,8191,0,0,0,0.0,0,0,0.0,0.0,49261,1,0,0.00013856650912202895,0.0012523977784439921,-0.005237118806689978,0.0,0.0,608,32766,32766,516,2936,3.853372573852539
2026-04-07T12:01:28.777,radio://0/80/2M,flow,0,0,Reacquire Wall,8191,0,0,0,0.0,0,0,0.0,0.0,49511,0,1,0.00013856650912202895,0.0012967182556167245,-0.0019108634442090988,0.0,0.0,608,32766,32766,516,2936,3.853372573852539
2026-04-07T12:01:28.778,radio://0/80/2M,range,0,0,Reacquire Wall,8191,0,0,0,0.0,0,0,0.0,0.0,49511,0,1,0.00013856650912202895,0.0012967182556167245,-0.0019108634442090988,0.0,0.0,607,32766,32766,517,2923,3.853372573852539
2026-04-07T12:01:29.026,radio://0/80/2M,mission,0,0,Reacquire Wall,8191,0,0,0,0.0,0,0,0.0,0.0,49511,0,1,0.00012637171312235296,0.0012967182556167245,-0.0019108634442090988,0.0,0.0,607,32766,32766,517,2923,3.853372573852539
2026-04-07T12:01:29.027,radio://0/80/2M,flow,0,0,Reacquire Wall,8191,0,0,0,0.0,0,0,0.0,0.0,49761,0,3,0.00012637171312235296,0.008012916892766953,-0.011658977717161179,0.0,0.0,607,32766,32766,517,2923,3.853372573852539
2026-04-07T12:01:29.028,radio://0/80/2M,range,0,0,Reacquire Wall,8191,0,0,0,0.0,0,0,0.0,0.0,49761,0,3,0.00012637171312235296,0.008012916892766953,-0.011658977717161179,0.0,0.0,610,32766,32766,514,2935,3.8639297485351562
2026-04-07T12:01:29.276,radio://0/80/2M,mission,0,0,Reacquire Wall,8191,0,0,0,0.0,0,0,0.0,0.0,49761,0,3,0.000136427057441324,0.008012916892766953,-0.011658977717161179,0.0,0.0,610,32766,32766,514,2935,3.8639297485351562
2026-04-07T12:01:29.278,radio://0/80/2M,flow,0,0,Reacquire Wall,8191,0,0,0,0.0,0,0,0.0,0.0,50011,-3,0,0.000136427057441324,0.01512972917407751,-0.01936051994562149,0.0,0.0,610,32766,32766,514,2935,3.8639297485351562
2026-04-07T12:01:29.279,radio://0/80/2M,range,0,0,Reacquire Wall,8191,0,0,0,0.0,0,0,0.0,0.0,50011,-3,0,0.000136427057441324,0.01512972917407751,-0.01936051994562149,0.0,0.0,609,32766,32766,521,2927,3.8639297485351562
2026-04-07T12:01:29.526,radio://0/80/2M,mission,0,0,Reacquire Wall,8191,0,0,0,0.0,0,0,0.0,0.0,50011,-3,0,0.0001735067053232342,0.01512972917407751,-0.01936051994562149,0.0,0.0,609,32766,32766,521,2927,3.8639297485351562
2026-04-07T12:01:29.527,radio://0/80/2M,flow,0,0,Reacquire Wall,8191,0,0,0,0.0,0,0,0.0,0.0,50261,3,3,0.0001735067053232342,0.008411286398768425,-0.017783047631382942,0.0,0.0,609,32766,32766,521,2927,3.8639297485351562
2026-04-07T12:01:29.528,radio://0/80/2M,range,0,0,Reacquire Wall,8191,0,0,0,0.0,0,0,0.0,0.0,50261,3,3,0.0001735067053232342,0.008411286398768425,-0.017783047631382942,0.0,0.0,610,32766,175,516,2928,3.8744869232177734
2026-04-07T12:01:29.775,radio://0/80/2M,mission,0,0,Reacquire Wall,8191,0,0,0,0.0,0,0,0.0,0.0,50261,3,3,0.00016224647697526962,0.008411286398768425,-0.017783047631382942,0.0,0.0,610,32766,175,516,2928,3.8744869232177734
2026-04-07T12:01:29.777,radio://0/80/2M,flow,0,0,Reacquire Wall,8191,0,0,0,0.0,0,0,0.0,0.0,50511,2,4,0.00016224647697526962,0.004584788344800472,-0.013015015982091427,0.0,0.0,610,32766,175,516,2928,3.8744869232177734
2026-04-07T12:01:29.778,radio://0/80/2M,range,0,0,Reacquire Wall,8191,0,0,0,0.0,0,0,0.0,0.0,50511,2,4,0.00016224647697526962,0.004584788344800472,-0.013015015982091427,0.0,0.0,610,32766,186,417,2880,3.869208335876465
2026-04-07T12:01:30.024,radio://0/80/2M,mission,0,0,Reacquire Wall,8191,0,0,0,0.0,0,0,0.0,0.0,50511,2,4,0.00016032971325330436,0.004584788344800472,-0.013015015982091427,0.0,0.0,610,32766,186,417,2880,3.869208335876465
2026-04-07T12:01:30.026,radio://0/80/2M,flow,0,0,Reacquire Wall,8191,0,0,0,0.0,0,0,0.0,0.0,50761,0,0,0.00016032971325330436,0.009253870695829391,-0.01109284721314907,0.0,0.0,610,32766,186,417,2880,3.869208335876465
2026-04-07T12:01:30.028,radio://0/80/2M,range,0,0,Reacquire Wall,8191,0,0,0,0.0,0,0,0.0,0.0,50761,0,0,0.00016032971325330436,0.009253870695829391,-0.01109284721314907,0.0,0.0,609,32766,177,290,2827,3.879765510559082
2026-04-07T12:01:30.274,radio://0/80/2M,mission,0,0,Reacquire Wall,8191,0,0,0,0.0,0,0,0.0,0.0,50761,0,0,0.0001266911276616156,0.009253870695829391,-0.01109284721314907,0.0,0.0,609,32766,177,290,2827,3.879765510559082
2026-04-07T12:01:30.277,radio://0/80/2M,flow,0,0,Reacquire Wall,8191,0,0,0,0.0,0,0,0.0,0.0,51011,0,0,0.0001266911276616156,0.01303683128207922,-0.01909034326672554,0.0,0.0,609,32766,177,290,2827,3.879765510559082
2026-04-07T12:01:30.278,radio://0/80/2M,range,0,0,Reacquire Wall,8191,0,0,0,0.0,0,0,0.0,0.0,51011,0,0,0.0001266911276616156,0.01303683128207922,-0.01909034326672554,0.0,0.0,609,32766,182,287,32766,3.8744869232177734
2026-04-07T12:01:30.525,radio://0/80/2M,mission,0,0,Reacquire Wall,8191,0,0,0,0.0,0,0,0.0,0.0,51011,0,0,0.00023568350297864527,0.01303683128207922,-0.01909034326672554,0.0,0.0,609,32766,182,287,32766,3.8744869232177734
2026-04-07T12:01:30.527,radio://0/80/2M,flow,0,0,Reacquire Wall,8191,0,0,0,0.0,0,0,0.0,0.0,51261,5,7,0.00023568350297864527,-0.0064163836650550365,-0.0018770279129967093,0.0,0.0,609,32766,182,287,32766,3.8744869232177734
2026-04-07T12:01:30.528,radio://0/80/2M,range,0,0,Reacquire Wall,8191,0,0,0,0.0,0,0,0.0,0.0,51261,5,7,0.00023568350297864527,-0.0064163836650550365,-0.0018770279129967093,0.0,0.0,606,365,174,288,32766,3.8850440979003906
2026-04-07T12:01:30.774,radio://0/80/2M,mission,0,0,Reacquire Wall,8191,0,0,0,0.0,0,0,0.0,0.0,51261,5,7,0.00020533005590550601,-0.0064163836650550365,-0.0018770279129967093,0.0,0.0,606,365,174,288,32766,3.8850440979003906
2026-04-07T12:01:30.775,radio://0/80/2M,flow,0,0,Reacquire Wall,8191,0,0,0,0.0,0,0,0.0,0.0,51511,0,0,0.00020533005590550601,-0.0054755439050495625,-0.0029670926742255688,0.0,0.0,606,365,174,288,32766,3.8850440979003906
2026-04-07T12:01:30.777,radio://0/80/2M,range,0,0,Reacquire Wall,8191,0,0,0,0.0,0,0,0.0,0.0,51511,0,0,0.00020533005590550601,-0.0054755439050495625,-0.0029670926742255688,0.0,0.0,606,32766,185,287,56,3.8850440979003906
2026-04-07T12:01:31.023,radio://0/80/2M,mission,0,0,Reacquire Wall,8191,0,0,0,0.0,0,0,0.0,0.0,51511,0,0,0.00018713489407673478,-0.0054755439050495625,-0.0029670926742255688,0.0,0.0,606,32766,185,287,56,3.8850440979003906
2026-04-07T12:01:31.025,radio://0/80/2M,flow,0,0,Reacquire Wall,8191,0,0,0,0.0,0,0,0.0,0.0,51761,0,0,0.00018713489407673478,-0.011553497985005379,-0.0031135473400354385,0.0,0.0,606,32766,185,287,56,3.8850440979003906
2026-04-07T12:01:31.026,radio://0/80/2M,range,0,0,Reacquire Wall,8191,0,0,0,0.0,0,0,0.0,0.0,51761,0,0,0.00018713489407673478,-0.011553497985005379,-0.0031135473400354385,0.0,0.0,3,32766,184,0,49,3.890322685241699
2026-04-07T12:01:31.416,radio://0/80/2M,mission,0,0,Reacquire Wall,8191,0,0,0,0.0,0,0,0.0,0.0,51761,0,0,0.001842180616222322,-0.011553497985005379,-0.0031135473400354385,0.0,0.0,3,32766,184,0,49,3.890322685241699
2026-04-07T12:01:31.418,radio://0/80/2M,flow,0,0,Reacquire Wall,7680,0,0,0,0.0,0,0,0.0,0.0,52011,-6,16,0.001842180616222322,-0.19428862631320953,0.29699862003326416,0.0,0.0,3,32766,184,0,49,3.890322685241699
2026-04-07T12:01:31.421,radio://0/80/2M,range,0,0,Reacquire Wall,7680,0,0,0,0.0,0,0,0.0,0.0,52011,-6,16,0.001842180616222322,-0.19428862631320953,0.29699862003326416,0.0,0.0,1,32766,189,6,45,3.8850440979003906
2026-04-07T12:01:31.525,radio://0/80/2M,mission,0,0,Reacquire Wall,7680,0,0,0,0.0,0,0,0.0,0.0,52011,-6,16,0.06361036747694016,-0.19428862631320953,0.29699862003326416,0.0,0.0,1,32766,189,6,45,3.8850440979003906
2026-04-07T12:01:31.526,radio://0/80/2M,flow,0,0,Reacquire Wall,4721,0,0,0,0.0,0,0,0.0,0.0,52261,-2,8,0.06361036747694016,-0.15347816050052643,0.3659833073616028,0.0,0.0,1,32766,189,6,45,3.8850440979003906
2026-04-07T12:01:31.527,radio://0/80/2M,range,0,0,Reacquire Wall,4721,0,0,0,0.0,0,0,0.0,0.0,52261,-2,8,0.06361036747694016,-0.15347816050052643,0.3659833073616028,0.0,0.0,15,440,256,10,50,3.895601272583008
