Time,uri,source,outer,mission,mission_name,shutter,human,human_fresh,human_stable,human_hold_s,human_confidence_pct,human_direction,human_max_temp_c,human_thermistor_c,flow_timestamp_ms,delta_x,delta_y,height_m,vel_x_mps,vel_y_mps,cmd_x_mps,cmd_y_mps,front_mm,left_mm,right_mm,back_mm,up_mm,vbat_v
2026-04-07T11:50:19.421,radio://0/80/2M,mission,0,0,Reacquire Wall,0,0,0,0,0.0,0,0,0.0,0.0,0,0,0,0.00010857742745429277,0.0,0.0,0.0,0.0,32766,32766,32766,32766,32766,0.0
2026-04-07T11:50:19.424,radio://0/80/2M,flow,0,0,Reacquire Wall,8191,0,0,0,0.0,0,0,0.0,0.0,10899,0,0,0.00010857742745429277,0.005243428982794285,0.00816043559461832,0.0,0.0,32766,32766,32766,32766,32766,0.0
2026-04-07T11:50:19.426,radio://0/80/2M,range,0,0,Reacquire Wall,8191,0,0,0,0.0,0,0,0.0,0.0,10899,0,0,0.00010857742745429277,0.005243428982794285,0.00816043559461832,0.0,0.0,257,273,272,747,2916,4.138416290283203
2026-04-07T11:50:19.671,radio://0/80/2M,mission,0,0,Reacquire Wall,8191,0,0,0,0.0,0,0,0.0,0.0,10899,0,0,0.0005790685536339879,0.005243428982794285,0.00816043559461832,0.0,0.0,257,273,272,747,2916,4.138416290283203
2026-04-07T11:50:19.674,radio://0/80/2M,flow,0,0,Reacquire Wall,8191,0,0,0,0.0,0,0,0.0,0.0,11149,1,0,0.0005790685536339879,0.0007038568146526814,0.0015862345462664962,0.0,0.0,257,273,272,747,2916,4.138416290283203
2026-04-07T11:50:19.675,radio://0/80/2M,range,0,0,Reacquire Wall,8191,0,0,0,0.0,0,0,0.0,0.0,11149,1,0,0.0005790685536339879,0.0007038568146526814,0.0015862345462664962,0.0,0.0,260,268,274,754,2917,4.1331377029418945
2026-04-07T11:50:19.921,radio://0/80/2M,mission,0,0,Reacquire Wall,8191,0,0,0,0.0,0,0,0.0,0.0,11149,1,0,0.0005654781707562506,0.0007038568146526814,0.0015862345462664962,0.0,0.0,260,268,274,754,2917,4.1331377029418945
2026-04-07T11:50:19.923,radio://0/80/2M,flow,0,0,Reacquire Wall,8191,0,0,0,0.0,0,0,0.0,0.0,11399,-3,0,0.0005654781707562506,0.0009218630148097873,-0.0005068741156719625,0.0,0.0,260,268,274,754,2917,4.1331377029418945
2026-04-07T11:50:19.925,radio://0/80/2M,range,0,0,Reacquire Wall,8191,0,0,0,0.0,0,0,0.0,0.0,11399,-3,0,0.0005654781707562506,0.0009218630148097873,-0.0005068741156719625,0.0,0.0,256,271,267,747,2912,4.1331377029418945
2026-04-07T11:50:20.170,radio://0/80/2M,mission,0,0,Reacquire Wall,8191,0,0,0,0.0,0,0,0.0,0.0,11399,-3,0,-5.69027652090881e-05,0.0009218630148097873,-0.0005068741156719625,0.0,0.0,256,271,267,747,2912,4.1331377029418945
2026-04-07T11:50:20.173,radio://0/80/2M,flow,0,0,Reacquire Wall,8191,0,0,0,0.0,0,0,0.0,0.0,11649,0,3,-5.69027652090881e-05,0.004472557455301285,-0.00031279720133170485,0.0,0.0,256,271,267,747,2912,4.1331377029418945
2026-04-07T11:50:20.174,radio://0/80/2M,range,0,0,Reacquire Wall,8191,0,0,0,0.0,0,0,0.0,0.0,11649,0,3,-5.69027652090881e-05,0.004472557455301285,-0.00031279720133170485,0.0,0.0,264,270,269,736,2913,4.1331377029418945
2026-04-07T11:50:20.421,radio://0/80/2M,mission,0,0,Reacquire Wall,8191,0,0,0,0.0,0,0,0.0,0.0,11649,0,3,0.00036034174263477325,0.004472557455301285,-0.00031279720133170485,0.0,0.0,264,270,269,736,2913,4.1331377029418945
2026-04-07T11:50:20.423,radio://0/80/2M,flow,0,0,Reacquire Wall,8191,0,0,0,0.0,0,0,0.0,0.0,11899,-1,-1,0.00036034174263477325,0.0016874357825145125,0.0011144288582727313,0.0,0.0,264,270,269,736,2913,4.1331377029418945
2026-04-07T11:50:20.424,radio://0/80/2M,range,0,0,Reacquire Wall,8191,0,0,0,0.0,0,0,0.0,0.0,11899,-1,-1,0.00036034174263477325,0.0016874357825145125,0.0011144288582727313,0.0,0.0,262,272,270,742,2918,4.138416290283203
2026-04-07T11:50:20.671,radio://0/80/2M,mission,0,0,Reacquire Wall,8191,0,0,0,0.0,0,0,0.0,0.0,11899,-1,-1,0.0011444539995864034,0.0016874357825145125,0.0011144288582727313,0.0,0.0,262,272,270,742,2918,4.138416290283203
2026-04-07T11:50:20.673,radio://0/80/2M,flow,0,0,Reacquire Wall,8191,0,0,0,0.0,0,0,0.0,0.0,12149,-6,-1,0.0011444539995864034,0.001493364223279059,-0.0023305206559598446,0.0,0.0,262,272,270,742,2918,4.138416290283203
2026-04-07T11:50:20.674,radio://0/80/2M,range,0,0,Reacquire Wall,8191,0,0,0,0.0,0,0,0.0,0.0,12149,-6,-1,0.0011444539995864034,0.001493364223279059,-0.0023305206559598446,0.0,0.0,257,272,270,752,2917,4.1331377029418945
2026-04-07T11:50:20.921,radio://0/80/2M,mission,0,0,Reacquire Wall,8191,0,0,0,0.0,0,0,0.0,0.0,12149,-6,-1,0.0007231868803501129,0.001493364223279059,-0.0023305206559598446,0.0,0.0,257,272,270,752,2917,4.1331377029418945
2026-04-07T11:50:20.923,radio://0/80/2M,flow,0,0,Reacquire Wall,8191,0,0,0,0.0,0,0,0.0,0.0,12399,-2,3,0.0007231868803501129,0.004280824679881334,-0.0009403845178894699,0.0,0.0,257,272,270,752,2917,4.1331377029418945
2026-04-07T11:50:20.924,radio://0/80/2M,range,0,0,Reacquire Wall,8191,0,0,0,0.0,0,0,0.0,0.0,12399,-2,3,0.0007231868803501129,0.004280824679881334,-0.0009403845178894699,0.0,0.0,261,271,274,748,2912,4.138416290283203
2026-04-07T11:50:21.170,radio://0/80/2M,mission,0,0,Reacquire Wall,8191,0,0,0,0.0,0,0,0.0,0.0,12399,-2,3,0.00016560955555178225,0.004280824679881334,-0.0009403845178894699,0.0,0.0,261,271,274,748,2912,4.138416290283203
2026-04-07T11:50:21.172,radio://0/80/2M,flow,0,0,Reacquire Wall,8191,0,0,0,0.0,0,0,0.0,0.0,12649,0,0,0.00016560955555178225,0.0006802905118092895,0.00015620424528606236,0.0,0.0,261,271,274,748,2912,4.138416290283203
2026-04-07T11:50:21.174,radio://0/80/2M,range,0,0,Reacquire Wall,8191,0,0,0,0.0,0,0,0.0,0.0,12649,0,0,0.00016560955555178225,0.0006802905118092895,0.00015620424528606236,0.0,0.0,260,271,272,756,2910,4.1331377029418945
2026-04-07T11:50:21.419,radio://0/80/2M,mission,0,0,Reacquire Wall,8191,0,0,0,0.0,0,0,0.0,0.0,12649,0,0,6.840259447926655e-05,0.0006802905118092895,0.00015620424528606236,0.0,0.0,260,271,272,756,2910,4.1331377029418945
2026-04-07T11:50:21.422,radio://0/80/2M,flow,0,0,Reacquire Wall,8191,0,0,0,0.0,0,0,0.0,0.0,12899,-3,-3,6.840259447926655e-05,0.0010205534053966403,0.0010341120650991797,0.0,0.0,260,271,272,756,2910,4.1331377029418945
2026-04-07T11:50:21.423,radio://0/80/2M,range,0,0,Reacquire Wall,8191,0,0,0,0.0,0,0,0.0,0.0,12899,-3,-3,6.840259447926655e-05,0.0010205534053966403,0.0010341120650991797,0.0,0.0,258,270,266,748,2918,4.1331377029418945
2026-04-07T11:50:21.669,radio://0/80/2M,mission,0,0,Reacquire Wall,8191,0,0,0,0.0,0,0,0.0,0.0,12899,-3,-3,0.0003023982571903616,0.0010205534053966403,0.0010341120650991797,0.0,0.0,258,270,266,748,2918,4.1331377029418945
2026-04-07T11:50:21.672,radio://0/80/2M,flow,0,0,Reacquire Wall,8191,0,0,0,0.0,0,0,0.0,0.0,13149,2,3,0.0003023982571903616,0.0036050169728696346,-0.0020682846661657095,0.0,0.0,258,270,266,748,2918,4.1331377029418945
2026-04-07T11:50:21.673,radio://0/80/2M,range,0,0,Reacquire Wall,8191,0,0,0,0.0,0,0,0.0,0.0,13149,2,3,0.0003023982571903616,0.0036050169728696346,-0.0020682846661657095,0.0,0.0,261,272,269,749,2916,4.1331377029418945
2026-04-07T11:50:21.919,radio://0/80/2M,mission,0,0,Reacquire Wall,8191,0,0,0,0.0,0,0,0.0,0.0,13149,2,3,0.00020486472931224853,0.0036050169728696346,-0.0020682846661657095,0.0,0.0,261,272,269,749,2916,4.1331377029418945
2026-04-07T11:50:21.922,radio://0/80/2M,flow,0,0,Reacquire Wall,8191,0,0,0,0.0,0,0,0.0,0.0,13399,-1,-1,0.00020486472931224853,-0.00021926463523413986,0.0016608976293355227,0.0,0.0,261,272,269,749,2916,4.1331377029418945
2026-04-07T11:50:21.923,radio://0/80/2M,range,0,0,Reacquire Wall,8191,0,0,0,0.0,0,0,0.0,0.0,13399,-1,-1,0.00020486472931224853,-0.00021926463523413986,0.0016608976293355227,0.0,0.0,257,272,271,740,2916,4.138416290283203
2026-04-07T11:50:22.169,radio://0/80/2M,mission,0,0,Reacquire Wall,8191,0,0,0,0.0,0,0,0.0,0.0,13399,-1,-1,0.0003577984170988202,-0.00021926463523413986,0.0016608976293355227,0.0,0.0,257,272,271,740,2916,4.138416290283203
2026-04-07T11:50:22.172,radio://0/80/2M,flow,0,0,Reacquire Wall,8191,0,0,0,0.0,0,0,0.0,0.0,13649,-6,-3,0.0003577984170988202,0.0029930518940091133,0.005709001794457436,0.0,0.0,257,272,271,740,2916,4.138416290283203
2026-04-07T11:50:22.173,radio://0/80/2M,range,0,0,Reacquire Wall,8191,0,0,0,0.0,0,0,0.0,0.0,13649,-6,-3,0.0003577984170988202,0.0029930518940091133,0.005709001794457436,0.0,0.0,258,272,274,748,2916,4.1331377029418945
2026-04-07T11:50:22.419,radio://0/80/2M,mission,0,0,Reacquire Wall,8191,0,0,0,0.0,0,0,0.0,0.0,13649,-6,-3,0.000294502911856398,0.0029930518940091133,0.005709001794457436,0.0,0.0,258,272,274,748,2916,4.1331377029418945
2026-04-07T11:50:22.422,radio://0/80/2M,flow,0,0,Reacquire Wall,8191,0,0,0,0.0,0,0,0.0,0.0,13899,-1,0,0.000294502911856398,0.0037976165767759085,0.0043760137632489204,0.0,0.0,258,272,274,748,2916,4.1331377029418945
2026-04-07T11:50:22.423,radio://0/80/2M,range,0,0,Reacquire Wall,8191,0,0,0,0.0,0,0,0.0,0.0,13899,-1,0,0.000294502911856398,0.0037976165767759085,0.0043760137632489204,0.0,0.0,262,274,274,754,2914,4.1331377029418945
2026-04-07T11:50:22.669,radio://0/80/2M,mission,0,0,Reacquire Wall,8191,0,0,0,0.0,0,0,0.0,0.0,13899,-1,0,0.0010572762694209814,0.0037976165767759085,0.0043760137632489204,0.0,0.0,262,274,274,754,2914,4.1331377029418945
2026-04-07T11:50:22.671,radio://0/80/2M,flow,0,0,Reacquire Wall,8191,0,0,0,0.0,0,0,0.0,0.0,14149,0,0,0.0010572762694209814,0.0013407374499365687,0.0010821993928402662,0.0,0.0,262,274,274,754,2914,4.1331377029418945
2026-04-07T11:50:22.672,radio://0/80/2M,range,0,0,Reacquire Wall,8191,0,0,0,0.0,0,0,0.0,0.0,14149,0,0,0.0010572762694209814,0.0013407374499365687,0.0010821993928402662,0.0,0.0,260,273,270,753,2904,4.1331377029418945
2026-04-07T11:50:22.919,radio://0/80/2M,mission,0,0,Reacquire Wall,8191,0,0,0,0.0,0,0,0.0,0.0,14149,0,0,-5.05195748701226e-05,0.0013407374499365687,0.0010821993928402662,0.0,0.0,260,273,270,753,2904,4.1331377029418945
2026-04-07T11:50:22.922,radio://0/80/2M,flow,0,0,Reacquire Wall,8191,0,0,0,0.0,0,0,0.0,0.0,14399,2,1,-5.05195748701226e-05,0.003034754656255245,0.00454013142734766,0.0,0.0,260,273,270,753,2904,4.1331377029418945
2026-04-07T11:50:22.923,radio://0/80/2M,range,0,0,Reacquire Wall,8191,0,0,0,0.0,0,0,0.0,0.0,14399,2,1,-5.05195748701226e-05,0.003034754656255245,0.00454013142734766,0.0,0.0,264,276,269,755,2910,4.1331377029418945
2026-04-07T11:50:23.168,radio://0/80/2M,mission,0,0,Reacquire Wall,8191,0,0,0,0.0,0,0,0.0,0.0,14399,2,1,0.00031833030516281724,0.003034754656255245,0.00454013142734766,0.0,0.0,264,276,269,755,2910,4.1331377029418945
2026-04-07T11:50:23.171,radio://0/80/2M,flow,0,0,Reacquire Wall,8191,0,0,0,0.0,0,0,0.0,0.0,14649,1,7,0.00031833030516281724,0.009761659428477287,0.0007784329354763031,0.0,0.0,264,276,269,755,2910,4.1331377029418945
2026-04-07T11:50:23.172,radio://0/80/2M,range,0,0,Reacquire Wall,8191,0,0,0,0.0,0,0,0.0,0.0,14649,1,7,0.00031833030516281724,0.009761659428477287,0.0007784329354763031,0.0,0.0,259,269,269,745,2916,4.1331377029418945
2026-04-07T11:50:23.418,radio://0/80/2M,mission,0,0,Reacquire Wall,8191,0,0,0,0.0,0,0,0.0,0.0,14649,1,7,0.00015168781101237983,0.009761659428477287,0.0007784329354763031,0.0,0.0,259,269,269,745,2916,4.1331377029418945
2026-04-07T11:50:23.420,radio://0/80/2M,flow,0,0,Reacquire Wall,8191,0,0,0,0.0,0,0,0.0,0.0,14899,0,0,0.00015168781101237983,0.0011614123359322548,0.002792642917484045,0.0,0.0,259,269,269,745,2916,4.1331377029418945
2026-04-07T11:50:23.421,radio://0/80/2M,range,0,0,Reacquire Wall,8191,0,0,0,0.0,0,0,0.0,0.0,14899,0,0,0.00015168781101237983,0.0011614123359322548,0.002792642917484045,0.0,0.0,262,273,270,756,2915,4.1331377029418945
2026-04-07T11:50:23.668,radio://0/80/2M,mission,0,0,Reacquire Wall,8191,0,0,0,0.0,0,0,0.0,0.0,14899,0,0,0.00038622337160632014,0.0011614123359322548,0.002792642917484045,0.0,0.0,262,273,270,756,2915,4.1331377029418945
2026-04-07T11:50:23.670,radio://0/80/2M,flow,0,0,Reacquire Wall,8191,0,0,0,0.0,0,0,0.0,0.0,15149,-5,-2,0.00038622337160632014,0.0013189322780817747,-0.0013021506601944566,0.0,0.0,262,273,270,756,2915,4.1331377029418945
2026-04-07T11:50:23.671,radio://0/80/2M,range,0,0,Reacquire Wall,8191,0,0,0,0.0,0,0,0.0,0.0,15149,-5,-2,0.00038622337160632014,0.0013189322780817747,-0.0013021506601944566,0.0,0.0,261,276,269,747,2919,4.1331377029418945
2026-04-07T11:50:23.918,radio://0/80/2M,mission,0,0,Reacquire Wall,8191,0,0,0,0.0,0,0,0.0,0.0,15149,-5,-2,-0.00010513226152397692,0.0013189322780817747,-0.0013021506601944566,0.0,0.0,261,276,269,747,2919,4.1331377029418945
2026-04-07T11:50:23.921,radio://0/80/2M,flow,0,0,Reacquire Wall,8191,0,0,0,0.0,0,0,0.0,0.0,15399,0,0,-0.00010513226152397692,0.003309990745037794,0.00573906023055315,0.0,0.0,261,276,269,747,2919,4.1331377029418945
2026-04-07T11:50:23.922,radio://0/80/2M,range,0,0,Reacquire Wall,8191,0,0,0,0.0,0,0,0.0,0.0,15399,0,0,-0.00010513226152397692,0.003309990745037794,0.00573906023055315,0.0,0.0,261,271,273,747,2916,4.1331377029418945
2026-04-07T11:50:24.168,radio://0/80/2M,mission,0,0,Reacquire Wall,8191,0,0,0,0.0,0,0,0.0,0.0,15399,0,0,0.0011485194554552436,0.003309990745037794,0.00573906023055315,0.0,0.0,261,271,273,747,2916,4.1331377029418945
2026-04-07T11:50:24.170,radio://0/80/2M,flow,0,0,Reacquire Wall,8191,0,0,0,0.0,0,0,0.0,0.0,15649,-3,-1,0.0011485194554552436,-0.0002918483514804393,-0.002089829184114933,0.0,0.0,261,271,273,747,2916,4.1331377029418945
2026-04-07T11:50:24.171,radio://0/80/2M,range,0,0,Reacquire Wall,8191,0,0,0,0.0,0,0,0.0,0.0,15649,-3,-1,0.0011485194554552436,-0.0002918483514804393,-0.002089829184114933,0.0,0.0,259,32766,272,753,2912,4.1331377029418945
2026-04-07T11:50:24.417,radio://0/80/2M,mission,0,0,Reacquire Wall,8191,0,0,0,0.0,0,0,0.0,0.0,15649,-3,-1,0.0005580589640885592,-0.0002918483514804393,-0.002089829184114933,0.0,0.0,259,32766,272,753,2912,4.1331377029418945
2026-04-07T11:50:24.420,radio://0/80/2M,flow,0,0,Reacquire Wall,8191,0,0,0,0.0,0,0,0.0,0.0,15899,-3,-3,0.0005580589640885592,0.0003092378319706768,0.000825630035251379,0.0,0.0,259,32766,272,753,2912,4.1331377029418945
2026-04-07T11:50:24.422,radio://0/80/2M,range,0,0,Reacquire Wall,8191,0,0,0,0.0,0,0,0.0,0.0,15899,-3,-3,0.0005580589640885592,0.0003092378319706768,0.000825630035251379,0.0,0.0,261,275,268,751,2911,4.1331377029418945
2026-04-07T11:50:24.667,radio://0/80/2M,mission,0,0,Reacquire Wall,8191,0,0,0,0.0,0,0,0.0,0.0,15899,-3,-3,5.562537262449041e-05,0.0003092378319706768,0.000825630035251379,0.0,0.0,261,275,268,751,2911,4.1331377029418945
2026-04-07T11:50:24.670,radio://0/80/2M,flow,0,0,Reacquire Wall,8191,0,0,0,0.0,0,0,0.0,0.0,16149,-2,1,5.562537262449041e-05,0.0036651084665209055,-0.002302077366039157,0.0,0.0,261,275,268,751,2911,4.1331377029418945
2026-04-07T11:50:24.671,radio://0/80/2M,range,0,0,Reacquire Wall,8191,0,0,0,0.0,0,0,0.0,0.0,16149,-2,1,5.562537262449041e-05,0.0036651084665209055,-0.002302077366039157,0.0,0.0,260,274,271,756,2922,4.1331377029418945
2026-04-07T11:50:24.917,radio://0/80/2M,mission,0,0,Reacquire Wall,8191,0,0,0,0.0,0,0,0.0,0.0,16149,-2,1,0.00014661872410215437,0.0036651084665209055,-0.002302077366039157,0.0,0.0,260,274,271,756,2922,4.1331377029418945
2026-04-07T11:50:24.920,radio://0/80/2M,flow,0,0,Reacquire Wall,8191,0,0,0,0.0,0,0,0.0,0.0,16399,1,3,0.00014661872410215437,0.004103026818484068,0.003991370089352131,0.0,0.0,260,274,271,756,2922,4.1331377029418945
2026-04-07T11:50:24.921,radio://0/80/2M,range,0,0,Reacquire Wall,8191,0,0,0,0.0,0,0,0.0,0.0,16399,1,3,0.00014661872410215437,0.004103026818484068,0.003991370089352131,0.0,0.0,257,275,271,747,2918,4.1331377029418945
2026-04-07T11:50:25.167,radio://0/80/2M,mission,1,0,Reacquire Wall,8191,0,0,0,0.0,0,0,0.0,0.0,16399,1,3,0.0076370141468942165,0.004103026818484068,0.003991370089352131,0.0,0.0,257,275,271,747,2918,4.1331377029418945
2026-04-07T11:50:25.169,radio://0/80/2M,flow,1,0,Reacquire Wall,5910,0,0,0,0.0,0,0,0.0,0.0,16649,14,14,0.0076370141468942165,0.0007314175018109381,-0.038544707000255585,-0.06912000477313995,0.06566400080919266,257,275,271,747,2918,4.1331377029418945
2026-04-07T11:50:25.170,radio://0/80/2M,range,1,0,Reacquire Wall,5910,0,0,0,0.0,0,0,0.0,0.0,16649,14,14,0.0076370141468942165,0.0007314175018109381,-0.038544707000255585,-0.06912000477313995,0.06566400080919266,260,272,272,750,2911,3.5049853324890137
2026-04-07T11:50:25.418,radio://0/80/2M,mission,1,0,Reacquire Wall,5910,0,0,0,0.0,0,0,0.0,0.0,16649,14,14,0.22631971538066864,0.0007314175018109381,-0.038544707000255585,-0.06912000477313995,0.06566400080919266,260,272,272,750,2911,3.5049853324890137
2026-04-07T11:50:25.420,radio://0/80/2M,flow,1,0,Reacquire Wall,5036,0,0,0,0.0,0,0,0.0,0.0,16899,-5,-10,0.22631971538066864,-0.14335770905017853,0.03107268549501896,0.0,0.0,260,272,272,750,2911,3.5049853324890137
2026-04-07T11:50:25.422,radio://0/80/2M,range,1,0,Reacquire Wall,5036,0,0,0,0.0,0,0,0.0,0.0,16899,-5,-10,0.22631971538066864,-0.14335770905017853,0.03107268549501896,0.0,0.0,32766,32766,32766,971,2759,3.695014715194702
2026-04-07T11:50:25.666,radio://0/80/2M,mission,1,0,Reacquire Wall,5036,0,0,0,0.0,0,0,0.0,0.0,16899,-5,-10,0.515140175819397,-0.14335770905017853,0.03107268549501896,0.0,0.0,32766,32766,32766,971,2759,3.695014715194702
2026-04-07T11:50:25.669,radio://0/80/2M,flow,1,0,Reacquire Wall,5350,0,0,0,0.0,0,0,0.0,0.0,17149,-3,7,0.515140175819397,-0.012183056212961674,-0.02384999580681324,0.0,0.0,32766,32766,32766,971,2759,3.695014715194702
2026-04-07T11:50:25.670,radio://0/80/2M,range,1,0,Reacquire Wall,5350,0,0,0,0.0,0,0,0.0,0.0,17149,-3,7,0.515140175819397,-0.012183056212961674,-0.02384999580681324,0.0,0.0,32766,2967,32766,977,2531,3.747800588607788
2026-04-07T11:50:25.916,radio://0/80/2M,mission,1,0,Reacquire Wall,5350,0,0,0,0.0,0,0,0.0,0.0,17149,-3,7,0.7486783266067505,-0.012183056212961674,-0.02384999580681324,0.0,0.0,32766,2967,32766,977,2531,3.747800588607788
2026-04-07T11:50:25.918,radio://0/80/2M,flow,1,0,Reacquire Wall,5350,0,0,0,0.0,0,0,0.0,0.0,17399,0,0,0.7486783266067505,0.041588783264160156,-0.015206532552838326,0.20000000298023224,0.0,32766,2967,32766,977,2531,3.747800588607788
2026-04-07T11:50:25.920,radio://0/80/2M,range,1,0,Reacquire Wall,5350,0,0,0,0.0,0,0,0.0,0.0,17399,0,0,0.7486783266067505,0.041588783264160156,-0.015206532552838326,0.20000000298023224,0.0,3271,3059,32766,948,2225,3.7794721126556396
2026-04-07T11:50:26.166,radio://0/80/2M,mission,1,0,Reacquire Wall,5350,0,0,0,0.0,0,0,0.0,0.0,17399,0,0,0.8673347234725952,0.041588783264160156,-0.015206532552838326,0.20000000298023224,0.0,3271,3059,32766,948,2225,3.7794721126556396
2026-04-07T11:50:26.169,radio://0/80/2M,flow,1,0,Reacquire Wall,5350,0,0,0,0.0,0,0,0.0,0.0,17649,0,0,0.8673347234725952,0.14531081914901733,-0.007423671893775463,0.20000000298023224,0.0,3271,3059,32766,948,2225,3.7794721126556396
2026-04-07T11:50:26.171,radio://0/80/2M,range,1,0,Reacquire Wall,5350,0,0,0,0.0,0,0,0.0,0.0,17649,0,0,0.8673347234725952,0.14531081914901733,-0.007423671893775463,0.20000000298023224,0.0,3285,3056,32766,902,2092,3.7319648265838623
2026-04-07T11:50:26.416,radio://0/80/2M,mission,1,0,Reacquire Wall,5350,0,0,0,0.0,0,0,0.0,0.0,17649,0,0,0.9022067785263062,0.14531081914901733,-0.007423671893775463,0.20000000298023224,0.0,3285,3056,32766,902,2092,3.7319648265838623
2026-04-07T11:50:26.418,radio://0/80/2M,flow,1,0,Reacquire Wall,4703,0,0,0,0.0,0,0,0.0,0.0,17899,-1,0,0.9022067785263062,0.23085424304008484,0.005458952393382788,0.20000000298023224,0.0,3285,3056,32766,902,2092,3.7319648265838623
2026-04-07T11:50:26.420,radio://0/80/2M,range,1,0,Reacquire Wall,4703,0,0,0,0.0,0,0,0.0,0.0,17899,-1,0,0.9022067785263062,0.23085424304008484,0.005458952393382788,0.20000000298023224,0.0,32766,3028,32766,972,2025,3.684457540512085
2026-04-07T11:50:26.666,radio://0/80/2M,mission,1,0,Reacquire Wall,4703,0,0,0,0.0,0,0,0.0,0.0,17899,-1,0,0.9037560224533081,0.23085424304008484,0.005458952393382788,0.20000000298023224,0.0,32766,3028,32766,972,2025,3.684457540512085
2026-04-07T11:50:26.668,radio://0/80/2M,flow,1,0,Reacquire Wall,4410,0,0,0,0.0,0,0,0.0,0.0,18149,0,0,0.9037560224533081,0.2292196899652481,0.02937021479010582,0.20000000298023224,0.0,32766,3028,32766,972,2025,3.684457540512085
2026-04-07T11:50:26.670,radio://0/80/2M,range,1,0,Reacquire Wall,4410,0,0,0,0.0,0,0,0.0,0.0,18149,0,0,0.9037560224533081,0.2292196899652481,0.02937021479010582,0.20000000298023224,0.0,32766,3017,32766,1048,2020,3.6527860164642334
2026-04-07T11:50:26.916,radio://0/80/2M,mission,1,0,Reacquire Wall,4410,0,0,0,0.0,0,0,0.0,0.0,18149,0,0,0.9030351042747498,0.2292196899652481,0.02937021479010582,0.20000000298023224,0.0,32766,3017,32766,1048,2020,3.6527860164642334
2026-04-07T11:50:26.917,radio://0/80/2M,flow,1,0,Reacquire Wall,4135,0,0,0,0.0,0,0,0.0,0.0,18399,0,-1,0.9030351042747498,0.1982070654630661,0.021823573857545853,0.20000000298023224,0.0,32766,3017,32766,1048,2020,3.6527860164642334
2026-04-07T11:50:26.919,radio://0/80/2M,range,1,0,Reacquire Wall,4135,0,0,0,0.0,0,0,0.0,0.0,18399,0,-1,0.9030351042747498,0.1982070654630661,0.021823573857545853,0.20000000298023224,0.0,32766,3003,32766,32766,2019,3.642228841781616
2026-04-07T11:50:27.165,radio://0/80/2M,mission,1,0,Reacquire Wall,4135,0,0,0,0.0,0,0,0.0,0.0,18399,0,-1,0.9026550650596619,0.1982070654630661,0.021823573857545853,0.20000000298023224,0.0,32766,3003,32766,32766,2019,3.642228841781616
2026-04-07T11:50:27.168,radio://0/80/2M,flow,1,0,Reacquire Wall,4135,0,0,0,0.0,0,0,0.0,0.0,18649,-1,0,0.9026550650596619,0.18570168316364288,0.034009747207164764,0.20000000298023224,0.0,32766,3003,32766,32766,2019,3.642228841781616
2026-04-07T11:50:27.169,radio://0/80/2M,range,1,0,Reacquire Wall,4135,0,0,0,0.0,0,0,0.0,0.0,18649,-1,0,0.9026550650596619,0.18570168316364288,0.034009747207164764,0.20000000298023224,0.0,32766,2982,32766,32766,2017,3.6369502544403076
2026-04-07T11:50:27.416,radio://0/80/2M,mission,1,0,Reacquire Wall,4135,0,0,0,0.0,0,0,0.0,0.0,18649,-1,0,0.9035232067108154,0.18570168316364288,0.034009747207164764,0.20000000298023224,0.0,32766,2982,32766,32766,2017,3.6369502544403076
2026-04-07T11:50:27.418,radio://0/80/2M,flow,1,0,Reacquire Wall,4135,0,0,0,0.0,0,0,0.0,0.0,18899,0,-1,0.9035232067108154,0.20282138884067535,0.01474109198898077,0.20000000298023224,0.0,32766,2982,32766,32766,2017,3.6369502544403076
2026-04-07T11:50:27.419,radio://0/80/2M,range,1,0,Reacquire Wall,4135,0,0,0,0.0,0,0,0.0,0.0,18899,0,-1,0.9035232067108154,0.20282138884067535,0.01474109198898077,0.20000000298023224,0.0,3005,2978,32766,32766,2022,3.6369502544403076
2026-04-07T11:50:27.666,radio://0/80/2M,mission,1,0,Reacquire Wall,4135,0,0,0,0.0,0,0,0.0,0.0,18899,0,-1,0.8998085856437683,0.20282138884067535,0.01474109198898077,0.20000000298023224,0.0,3005,2978,32766,32766,2022,3.6369502544403076
2026-04-07T11:50:27.669,radio://0/80/2M,flow,1,0,Reacquire Wall,3877,0,0,0,0.0,0,0,0.0,0.0,19149,0,0,0.8998085856437683,0.1984165608882904,-0.002057852689176798,0.20000000298023224,0.0,3005,2978,32766,32766,2022,3.6369502544403076
2026-04-07T11:50:27.670,radio://0/80/2M,range,1,0,Reacquire Wall,3877,0,0,0,0.0,0,0,0.0,0.0,19149,0,0,0.8998085856437683,0.1984165608882904,-0.002057852689176798,0.20000000298023224,0.0,32766,2970,32766,32766,2023,3.631671667098999
2026-04-07T11:50:27.914,radio://0/80/2M,mission,1,0,Reacquire Wall,3877,0,0,0,0.0,0,0,0.0,0.0,19149,0,0,0.88927161693573,0.1984165608882904,-0.002057852689176798,0.20000000298023224,0.0,32766,2970,32766,32766,2023,3.631671667098999
2026-04-07T11:50:27.917,radio://0/80/2M,flow,1,0,Reacquire Wall,3877,0,0,0,0.0,0,0,0.0,0.0,19399,0,0,0.88927161693573,0.23133917152881622,0.0020294077694416046,0.20000000298023224,0.0,32766,2970,32766,32766,2023,3.631671667098999
2026-04-07T11:50:27.918,radio://0/80/2M,range,1,0,Reacquire Wall,3877,0,0,0,0.0,0,0,0.0,0.0,19399,0,0,0.88927161693573,0.23133917152881622,0.0020294077694416046,0.20000000298023224,0.0,32766,2967,32766,32766,2040,3.6158359050750732
2026-04-07T11:50:28.164,radio://0/80/2M,mission,1,0,Reacquire Wall,3877,0,0,0,0.0,0,0,0.0,0.0,19399,0,0,0.8879932761192322,0.23133917152881622,0.0020294077694416046,0.20000000298023224,0.0,32766,2967,32766,32766,2040,3.6158359050750732
2026-04-07T11:50:28.167,radio://0/80/2M,flow,1,0,Reacquire Wall,3635,0,0,0,0.0,0,0,0.0,0.0,19649,7,0,0.8879932761192322,0.17407609522342682,0.026084788143634796,0.20000000298023224,0.0,32766,2967,32766,32766,2040,3.6158359050750732
2026-04-07T11:50:28.169,radio://0/80/2M,range,1,0,Reacquire Wall,3635,0,0,0,0.0,0,0,0.0,0.0,19649,7,0,0.8879932761192322,0.17407609522342682,0.026084788143634796,0.20000000298023224,0.0,2954,2964,32766,32766,2046,3.6263930797576904
2026-04-07T11:50:28.414,radio://0/80/2M,mission,1,0,Reacquire Wall,3635,0,0,0,0.0,0,0,0.0,0.0,19649,7,0,0.877619206905365,0.17407609522342682,0.026084788143634796,0.20000000298023224,0.0,2954,2964,32766,32766,2046,3.6263930797576904
2026-04-07T11:50:28.417,radio://0/80/2M,flow,1,0,Reacquire Wall,3635,0,0,0,0.0,0,0,0.0,0.0,19899,-4,0,0.877619206905365,0.1627679318189621,0.004975988529622555,0.20000000298023224,0.0,2954,2964,32766,32766,2046,3.6263930797576904
2026-04-07T11:50:28.418,radio://0/80/2M,range,1,0,Reacquire Wall,3635,0,0,0,0.0,0,0,0.0,0.0,19899,-4,0,0.877619206905365,0.1627679318189621,0.004975988529622555,0.20000000298023224,0.0,32766,2962,32766,32766,2049,3.6158359050750732
2026-04-07T11:50:28.665,radio://0/80/2M,mission,1,0,Reacquire Wall,3635,0,0,0,0.0,0,0,0.0,0.0,19899,-4,0,0.8664761781692505,0.1627679318189621,0.004975988529622555,0.20000000298023224,0.0,32766,2962,32766,32766,2049,3.6158359050750732
2026-04-07T11:50:28.668,radio://0/80/2M,flow,1,0,Reacquire Wall,3408,0,0,0,0.0,0,0,0.0,0.0,20149,-3,-8,0.8664761781692505,0.23532304167747498,0.030342917889356613,0.20000000298023224,0.0,32766,2962,32766,32766,2049,3.6158359050750732
2026-04-07T11:50:28.669,radio://0/80/2M,range,1,0,Reacquire Wall,3408,0,0,0,0.0,0,0,0.0,0.0,20149,-3,-8,0.8664761781692505,0.23532304167747498,0.030342917889356613,0.20000000298023224,0.0,2991,2939,32766,32766,2056,3.6158359050750732
2026-04-07T11:50:28.913,radio://0/80/2M,mission,1,0,Reacquire Wall,3408,0,0,0,0.0,0,0,0.0,0.0,20149,-3,-8,0.8666970133781433,0.23532304167747498,0.030342917889356613,0.20000000298023224,0.0,2991,2939,32766,32766,2056,3.6158359050750732
2026-04-07T11:50:28.916,radio://0/80/2M,flow,1,0,Reacquire Wall,3408,0,0,0,0.0,0,0,0.0,0.0,20399,0,5,0.8666970133781433,0.21206118166446686,0.02425622008740902,0.20000000298023224,0.0,2991,2939,32766,32766,2056,3.6158359050750732
2026-04-07T11:50:28.917,radio://0/80/2M,range,1,0,Reacquire Wall,3408,0,0,0,0.0,0,0,0.0,0.0,20399,0,5,0.8666970133781433,0.21206118166446686,0.02425622008740902,0.20000000298023224,0.0,2955,2938,32766,32766,2056,3.6105573177337646
2026-04-07T11:50:29.164,radio://0/80/2M,mission,1,0,Reacquire Wall,3408,0,0,0,0.0,0,0,0.0,0.0,20399,0,5,0.8606170415878296,0.21206118166446686,0.02425622008740902,0.20000000298023224,0.0,2955,2938,32766,32766,2056,3.6105573177337646
2026-04-07T11:50:29.167,radio://0/80/2M,flow,1,0,Reacquire Wall,3408,0,0,0,0.0,0,0,0.0,0.0,20649,-1,0,0.8606170415878296,0.18418201804161072,0.0014141424326226115,0.20000000298023224,0.0,2955,2938,32766,32766,2056,3.6105573177337646
2026-04-07T11:50:29.168,radio://0/80/2M,range,1,0,Reacquire Wall,3408,0,0,0,0.0,0,0,0.0,0.0,20649,-1,0,0.8606170415878296,0.18418201804161072,0.0014141424326226115,0.20000000298023224,0.0,2966,2925,32766,1279,2060,3.605278730392456
2026-04-07T11:50:29.414,radio://0/80/2M,mission,1,0,Reacquire Wall,3408,0,0,0,0.0,0,0,0.0,0.0,20649,-1,0,0.8525381684303284,0.18418201804161072,0.0014141424326226115,0.20000000298023224,0.0,2966,2925,32766,1279,2060,3.605278730392456
2026-04-07T11:50:29.417,radio://0/80/2M,flow,1,0,Reacquire Wall,3195,0,0,0,0.0,0,0,0.0,0.0,20899,0,0,0.8525381684303284,0.19507496058940887,-0.015744691714644432,0.20000000298023224,0.0,2966,2925,32766,1279,2060,3.605278730392456
2026-04-07T11:50:29.418,radio://0/80/2M,range,1,0,Reacquire Wall,3195,0,0,0,0.0,0,0,0.0,0.0,20899,0,0,0.8525381684303284,0.19507496058940887,-0.015744691714644432,0.20000000298023224,0.0,2990,2921,32766,1273,2070,3.594721555709839
2026-04-07T11:50:29.665,radio://0/80/2M,mission,1,0,Reacquire Wall,3195,0,0,0,0.0,0,0,0.0,0.0,20899,0,0,0.8506234288215637,0.19507496058940887,-0.015744691714644432,0.20000000298023224,0.0,2990,2921,32766,1273,2070,3.594721555709839
2026-04-07T11:50:29.668,radio://0/80/2M,flow,1,0,Reacquire Wall,3195,0,0,0,0.0,0,0,0.0,0.0,21149,0,-2,0.8506234288215637,0.20305688679218292,-0.004158760886639357,0.20000000298023224,0.0,2990,2921,32766,1273,2070,3.594721555709839
2026-04-07T11:50:29.669,radio://0/80/2M,range,1,0,Reacquire Wall,3195,0,0,0,0.0,0,0,0.0,0.0,21149,0,-2,0.8506234288215637,0.20305688679218292,-0.004158760886639357,0.20000000298023224,0.0,2966,2919,32766,1368,2070,3.6000001430511475
2026-04-07T11:50:29.913,radio://0/80/2M,mission,1,0,Reacquire Wall,3195,0,0,0,0.0,0,0,0.0,0.0,21149,0,-2,0.8474956750869751,0.20305688679218292,-0.004158760886639357,0.20000000298023224,0.0,2966,2919,32766,1368,2070,3.6000001430511475
2026-04-07T11:50:29.916,radio://0/80/2M,flow,1,0,Reacquire Wall,3195,0,0,0,0.0,0,0,0.0,0.0,21399,0,0,0.8474956750869751,0.18171153962612152,0.009564979001879692,0.20000000298023224,0.0,2966,2919,32766,1368,2070,3.6000001430511475
2026-04-07T11:50:29.918,radio://0/80/2M,range,1,0,Reacquire Wall,3195,0,0,0,0.0,0,0,0.0,0.0,21399,0,0,0.8474956750869751,0.18171153962612152,0.009564979001879692,0.20000000298023224,0.0,32766,2907,32766,1275,2076,3.578885793685913
2026-04-07T11:50:30.164,radio://0/80/2M,mission,1,0,Reacquire Wall,3195,0,0,0,0.0,0,0,0.0,0.0,21399,0,0,0.8448514342308044,0.18171153962612152,0.009564979001879692,0.20000000298023224,0.0,32766,2907,32766,1275,2076,3.578885793685913
2026-04-07T11:50:30.167,radio://0/80/2M,flow,1,0,Reacquire Wall,2996,0,0,0,0.0,0,0,0.0,0.0,21649,4,0,0.8448514342308044,0.2106831669807434,0.014481861144304276,0.20000000298023224,0.0,32766,2907,32766,1275,2076,3.578885793685913
2026-04-07T11:50:30.169,radio://0/80/2M,range,1,0,Reacquire Wall,2996,0,0,0,0.0,0,0,0.0,0.0,21649,4,0,0.8448514342308044,0.2106831669807434,0.014481861144304276,0.20000000298023224,0.0,2903,2895,32766,1314,2079,3.5841643810272217
2026-04-07T11:50:30.414,radio://0/80/2M,mission,1,0,Reacquire Wall,2996,0,0,0,0.0,0,0,0.0,0.0,21649,4,0,0.8427808284759521,0.2106831669807434,0.014481861144304276,0.20000000298023224,0.0,2903,2895,32766,1314,2079,3.5841643810272217
2026-04-07T11:50:30.417,radio://0/80/2M,flow,1,0,Reacquire Wall,2996,0,0,0,0.0,0,0,0.0,0.0,21899,1,-9,0.8427808284759521,0.22316060960292816,-0.02375352382659912,0.20000000298023224,0.0,2903,2895,32766,1314,2079,3.5841643810272217
2026-04-07T11:50:30.418,radio://0/80/2M,range,1,0,Reacquire Wall,2996,0,0,0,0.0,0,0,0.0,0.0,21899,1,-9,0.8427808284759521,0.22316060960292816,-0.02375352382659912,0.20000000298023224,0.0,32766,2896,32766,1319,2076,3.5736072063446045
2026-04-07T11:50:30.662,radio://0/80/2M,mission,1,0,Reacquire Wall,2996,0,0,0,0.0,0,0,0.0,0.0,21899,1,-9,0.8398251533508301,0.22316060960292816,-0.02375352382659912,0.20000000298023224,0.0,32766,2896,32766,1319,2076,3.5736072063446045
2026-04-07T11:50:30.665,radio://0/80/2M,flow,1,0,Reacquire Wall,2996,0,0,0,0.0,0,0,0.0,0.0,22149,0,0,0.8398251533508301,0.23552468419075012,0.007068734150379896,0.20000000298023224,0.0,32766,2896,32766,1319,2076,3.5736072063446045
2026-04-07T11:50:30.666,radio://0/80/2M,range,1,0,Reacquire Wall,2996,0,0,0,0.0,0,0,0.0,0.0,22149,0,0,0.8398251533508301,0.23552468419075012,0.007068734150379896,0.20000000298023224,0.0,32766,2889,32766,1356,2084,3.568328619003296
2026-04-07T11:50:30.912,radio://0/80/2M,mission,1,0,Reacquire Wall,2996,0,0,0,0.0,0,0,0.0,0.0,22149,0,0,0.8341628909111023,0.23552468419075012,0.007068734150379896,0.20000000298023224,0.0,32766,2889,32766,1356,2084,3.568328619003296
2026-04-07T11:50:30.915,radio://0/80/2M,flow,1,0,Reacquire Wall,2996,0,0,0,0.0,0,0,0.0,0.0,22399,0,0,0.8341628909111023,0.20264706015586853,0.012407971546053886,0.20000000298023224,0.0,32766,2889,32766,1356,2084,3.568328619003296
2026-04-07T11:50:30.917,radio://0/80/2M,range,1,0,Reacquire Wall,2996,0,0,0,0.0,0,0,0.0,0.0,22399,0,0,0.8341628909111023,0.20264706015586853,0.012407971546053886,0.20000000298023224,0.0,2805,2856,32766,1477,2088,3.5577712059020996
2026-04-07T11:50:31.162,radio://0/80/2M,mission,1,0,Reacquire Wall,2996,0,0,0,0.0,0,0,0.0,0.0,22399,0,0,0.831995964050293,0.20264706015586853,0.012407971546053886,0.20000000298023224,0.0,2805,2856,32766,1477,2088,3.5577712059020996
2026-04-07T11:50:31.165,radio://0/80/2M,flow,1,0,Reacquire Wall,2996,0,0,0,0.0,0,0,0.0,0.0,22649,1,0,0.831995964050293,0.19072774052619934,0.003126127179712057,0.20000000298023224,0.0,2805,2856,32766,1477,2088,3.5577712059020996
2026-04-07T11:50:31.166,radio://0/80/2M,range,1,0,Reacquire Wall,2996,0,0,0,0.0,0,0,0.0,0.0,22649,1,0,0.831995964050293,0.19072774052619934,0.003126127179712057,0.20000000298023224,0.0,2776,2819,32766,1509,2085,3.552492618560791
2026-04-07T11:50:31.412,radio://0/80/2M,mission,1,0,Reacquire Wall,2996,0,0,0,0.0,0,0,0.0,0.0,22649,1,0,0.8317091464996338,0.19072774052619934,0.003126127179712057,0.20000000298023224,0.0,2776,2819,32766,1509,2085,3.552492618560791
2026-04-07T11:50:31.415,radio://0/80/2M,flow,1,0,Reacquire Wall,2996,0,0,0,0.0,0,0,0.0,0.0,22899,0,0,0.8317091464996338,0.20213748514652252,0.019881239160895348,0.20000000298023224,0.0,2776,2819,32766,1509,2085,3.552492618560791
2026-04-07T11:50:31.416,radio://0/80/2M,range,1,0,Reacquire Wall,2996,0,0,0,0.0,0,0,0.0,0.0,22899,0,0,0.8317091464996338,0.20213748514652252,0.019881239160895348,0.20000000298023224,0.0,2745,32766,32766,1544,2087,3.5630500316619873
2026-04-07T11:50:31.662,radio://0/80/2M,mission,1,0,Reacquire Wall,2996,0,0,0,0.0,0,0,0.0,0.0,22899,0,0,0.8303953409194946,0.20213748514652252,0.019881239160895348,0.20000000298023224,0.0,2745,32766,32766,1544,2087,3.5630500316619873
2026-04-07T11:50:31.664,radio://0/80/2M,flow,1,0,Reacquire Wall,2996,0,0,0,0.0,0,0,0.0,0.0,23149,0,0,0.8303953409194946,0.19513028860092163,0.00152101693674922,0.20000000298023224,0.0,2745,32766,32766,1544,2087,3.5630500316619873
2026-04-07T11:50:31.666,radio://0/80/2M,range,1,0,Reacquire Wall,2996,0,0,0,0.0,0,0,0.0,0.0,23149,0,0,0.8303953409194946,0.19513028860092163,0.00152101693674922,0.20000000298023224,0.0,2724,32766,32766,1541,2092,3.552492618560791
2026-04-07T11:50:31.913,radio://0/80/2M,mission,1,0,Reacquire Wall,2996,0,0,0,0.0,0,0,0.0,0.0,23149,0,0,0.8255546689033508,0.19513028860092163,0.00152101693674922,0.20000000298023224,0.0,2724,32766,32766,1541,2092,3.552492618560791
2026-04-07T11:50:31.916,radio://0/80/2M,flow,1,0,Reacquire Wall,2996,0,0,0,0.0,0,0,0.0,0.0,23399,1,-4,0.8255546689033508,0.2134684920310974,0.002792026847600937,0.20000000298023224,0.0,2724,32766,32766,1541,2092,3.552492618560791
2026-04-07T11:50:31.917,radio://0/80/2M,range,1,0,Reacquire Wall,2996,0,0,0,0.0,0,0,0.0,0.0,23399,1,-4,0.8255546689033508,0.2134684920310974,0.002792026847600937,0.20000000298023224,0.0,2691,1074,32766,32766,2097,3.552492618560791
2026-04-07T11:50:32.161,radio://0/80/2M,mission,1,0,Reacquire Wall,2996,0,0,0,0.0,0,0,0.0,0.0,23399,1,-4,0.8241111636161804,0.2134684920310974,0.002792026847600937,0.20000000298023224,0.0,2691,1074,32766,32766,2097,3.552492618560791
2026-04-07T11:50:32.164,radio://0/80/2M,flow,1,0,Reacquire Wall,2809,0,0,0,0.0,0,0,0.0,0.0,23649,3,0,0.8241111636161804,0.20327453315258026,0.009947853162884712,0.20000000298023224,0.0,2691,1074,32766,32766,2097,3.552492618560791
2026-04-07T11:50:32.165,radio://0/80/2M,range,1,0,Reacquire Wall,2809,0,0,0,0.0,0,0,0.0,0.0,23649,3,0,0.8241111636161804,0.20327453315258026,0.009947853162884712,0.20000000298023224,0.0,2656,32766,32766,1638,2093,3.552492618560791
2026-04-07T11:50:32.411,radio://0/80/2M,mission,1,0,Reacquire Wall,2809,0,0,0,0.0,0,0,0.0,0.0,23649,3,0,0.8212804794311523,0.20327453315258026,0.009947853162884712,0.20000000298023224,0.0,2656,32766,32766,1638,2093,3.552492618560791
2026-04-07T11:50:32.413,radio://0/80/2M,flow,1,0,Reacquire Wall,2809,0,0,0,0.0,0,0,0.0,0.0,23899,0,0,0.8212804794311523,0.22230973839759827,0.0003041751333512366,0.20000000298023224,0.0,2656,32766,32766,1638,2093,3.552492618560791
2026-04-07T11:50:32.415,radio://0/80/2M,range,1,0,Reacquire Wall,2809,0,0,0,0.0,0,0,0.0,0.0,23899,0,0,0.8212804794311523,0.22230973839759827,0.0003041751333512366,0.20000000298023224,0.0,2633,2776,32766,1660,2094,3.552492618560791
2026-04-07T11:50:32.663,radio://0/80/2M,mission,1,0,Reacquire Wall,2809,0,0,0,0.0,0,0,0.0,0.0,23899,0,0,0.8229863047599792,0.22230973839759827,0.0003041751333512366,0.20000000298023224,0.0,2633,2776,32766,1660,2094,3.552492618560791
2026-04-07T11:50:32.664,radio://0/80/2M,flow,1,0,Reacquire Wall,2809,0,0,0,0.0,0,0,0.0,0.0,24149,0,0,0.8229863047599792,0.25739532709121704,-0.02727854996919632,0.20000000298023224,0.0,2633,2776,32766,1660,2094,3.552492618560791
2026-04-07T11:50:32.665,radio://0/80/2M,range,1,0,Reacquire Wall,2809,0,0,0,0.0,0,0,0.0,0.0,24149,0,0,0.8229863047599792,0.25739532709121704,-0.02727854996919632,0.20000000298023224,0.0,2589,32766,32766,1670,2097,3.541935443878174
2026-04-07T11:50:32.938,radio://0/80/2M,mission,1,0,Reacquire Wall,2809,0,0,0,0.0,0,0,0.0,0.0,24149,0,0,0.8195455074310303,0.25739532709121704,-0.02727854996919632,0.20000000298023224,0.0,2589,32766,32766,1670,2097,3.541935443878174
2026-04-07T11:50:32.940,radio://0/80/2M,flow,1,0,Reacquire Wall,2809,0,0,0,0.0,0,0,0.0,0.0,24399,0,0,0.8195455074310303,0.20772889256477356,-0.00388311012648046,0.20000000298023224,0.0,2589,32766,32766,1670,2097,3.541935443878174
2026-04-07T11:50:32.942,radio://0/80/2M,range,1,0,Reacquire Wall,2809,0,0,0,0.0,0,0,0.0,0.0,24399,0,0,0.8195455074310303,0.20772889256477356,-0.00388311012648046,0.20000000298023224,0.0,2557,469,32766,1701,2094,3.5313782691955566
2026-04-07T11:50:33.161,radio://0/80/2M,mission,1,0,Reacquire Wall,2809,0,0,0,0.0,0,0,0.0,0.0,24399,0,0,0.8171570301055908,0.20772889256477356,-0.00388311012648046,0.20000000298023224,0.0,2557,469,32766,1701,2094,3.5313782691955566
2026-04-07T11:50:33.163,radio://0/80/2M,flow,1,0,Reacquire Wall,2809,0,0,0,0.0,0,0,0.0,0.0,24649,-1,0,0.8171570301055908,0.18402552604675293,0.018630264326930046,0.20000000298023224,0.0,2557,469,32766,1701,2094,3.5313782691955566
2026-04-07T11:50:33.164,radio://0/80/2M,range,1,0,Reacquire Wall,2809,0,0,0,0.0,0,0,0.0,0.0,24649,-1,0,0.8171570301055908,0.18402552604675293,0.018630264326930046,0.20000000298023224,0.0,2528,456,32766,1731,2096,3.5366568565368652
2026-04-07T11:50:33.410,radio://0/80/2M,mission,1,0,Reacquire Wall,2809,0,0,0,0.0,0,0,0.0,0.0,24649,-1,0,0.8216625452041626,0.18402552604675293,0.018630264326930046,0.20000000298023224,0.0,2528,456,32766,1731,2096,3.5366568565368652
2026-04-07T11:50:33.413,radio://0/80/2M,flow,1,0,Reacquire Wall,2809,0,0,0,0.0,0,0,0.0,0.0,24899,0,2,0.8216625452041626,0.17325349152088165,0.028609411790966988,0.20000000298023224,0.0,2528,456,32766,1731,2096,3.5366568565368652
2026-04-07T11:50:33.414,radio://0/80/2M,range,1,0,Reacquire Wall,2809,0,0,0,0.0,0,0,0.0,0.0,24899,0,2,0.8216625452041626,0.17325349152088165,0.028609411790966988,0.20000000298023224,0.0,2508,432,32766,1753,2094,3.541935443878174
2026-04-07T11:50:33.660,radio://0/80/2M,mission,1,0,Reacquire Wall,2809,0,0,0,0.0,0,0,0.0,0.0,24899,0,2,0.8167375326156616,0.17325349152088165,0.028609411790966988,0.20000000298023224,0.0,2508,432,32766,1753,2094,3.541935443878174
2026-04-07T11:50:33.663,radio://0/80/2M,flow,1,0,Reacquire Wall,2984,0,0,0,0.0,0,0,0.0,0.0,25149,-4,-2,0.8167375326156616,0.2239539623260498,0.008141896687448025,0.20000000298023224,0.0,2508,432,32766,1753,2094,3.541935443878174
2026-04-07T11:50:33.667,radio://0/80/2M,range,1,0,Reacquire Wall,2984,0,0,0,0.0,0,0,0.0,0.0,25149,-4,-2,0.8167375326156616,0.2239539623260498,0.008141896687448025,0.20000000298023224,0.0,2480,427,32766,32766,2098,3.5313782691955566
2026-04-07T11:50:33.911,radio://0/80/2M,mission,1,0,Reacquire Wall,2984,0,0,0,0.0,0,0,0.0,0.0,25149,-4,-2,0.8183594346046448,0.2239539623260498,0.008141896687448025,0.20000000298023224,0.0,2480,427,32766,32766,2098,3.5313782691955566
2026-04-07T11:50:33.913,radio://0/80/2M,flow,1,0,Reacquire Wall,2984,0,0,0,0.0,0,0,0.0,0.0,25399,-1,0,0.8183594346046448,0.23698611557483673,0.011362898163497448,0.20000000298023224,0.0,2480,427,32766,32766,2098,3.5313782691955566
2026-04-07T11:50:33.914,radio://0/80/2M,range,1,0,Reacquire Wall,2984,0,0,0,0.0,0,0,0.0,0.0,25399,-1,0,0.8183594346046448,0.23698611557483673,0.011362898163497448,0.20000000298023224,0.0,2438,417,32766,1780,2099,3.526099681854248
2026-04-07T11:50:34.160,radio://0/80/2M,mission,1,0,Reacquire Wall,2984,0,0,0,0.0,0,0,0.0,0.0,25399,-1,0,0.8138120174407959,0.23698611557483673,0.011362898163497448,0.20000000298023224,0.0,2438,417,32766,1780,2099,3.526099681854248
2026-04-07T11:50:34.163,radio://0/80/2M,flow,1,0,Reacquire Wall,2984,0,0,0,0.0,0,0,0.0,0.0,25649,0,0,0.8138120174407959,0.2000781148672104,-0.02899596095085144,0.20000000298023224,0.0,2438,417,32766,1780,2099,3.526099681854248
2026-04-07T11:50:34.164,radio://0/80/2M,range,1,0,Reacquire Wall,2984,0,0,0,0.0,0,0,0.0,0.0,25649,0,0,0.8138120174407959,0.2000781148672104,-0.02899596095085144,0.20000000298023224,0.0,2419,411,32766,1799,2108,3.5102639198303223
2026-04-07T11:50:34.420,radio://0/80/2M,mission,1,0,Reacquire Wall,2984,0,0,0,0.0,0,0,0.0,0.0,25649,0,0,0.8098369836807251,0.2000781148672104,-0.02899596095085144,0.20000000298023224,0.0,2419,411,32766,1799,2108,3.5102639198303223
2026-04-07T11:50:34.421,radio://0/80/2M,flow,1,0,Reacquire Wall,2984,0,0,0,0.0,0,0,0.0,0.0,25899,1,0,0.8098369836807251,0.21075323224067688,-0.0338822640478611,0.20000000298023224,0.0,2419,411,32766,1799,2108,3.5102639198303223
2026-04-07T11:50:34.422,radio://0/80/2M,range,1,0,Reacquire Wall,2984,0,0,0,0.0,0,0,0.0,0.0,25899,1,0,0.8098369836807251,0.21075323224067688,-0.0338822640478611,0.20000000298023224,0.0,2380,406,32766,1834,2114,3.515542507171631
2026-04-07T11:50:34.659,radio://0/80/2M,mission,1,0,Reacquire Wall,2984,0,0,0,0.0,0,0,0.0,0.0,25899,1,0,0.8084423542022705,0.21075323224067688,-0.0338822640478611,0.20000000298023224,0.0,2380,406,32766,1834,2114,3.515542507171631
2026-04-07T11:50:34.662,radio://0/80/2M,flow,1,0,Reacquire Wall,2984,0,0,0,0.0,0,0,0.0,0.0,26149,0,0,0.8084423542022705,0.18422257900238037,-0.021382316946983337,0.20000000298023224,0.0,2380,406,32766,1834,2114,3.515542507171631
2026-04-07T11:50:34.663,radio://0/80/2M,range,1,0,Reacquire Wall,2984,0,0,0,0.0,0,0,0.0,0.0,26149,0,0,0.8084423542022705,0.18422257900238037,-0.021382316946983337,0.20000000298023224,0.0,2354,401,32766,1863,2116,3.515542507171631
2026-04-07T11:50:34.910,radio://0/80/2M,mission,1,0,Reacquire Wall,2984,0,0,0,0.0,0,0,0.0,0.0,26149,0,0,0.8063083291053772,0.18422257900238037,-0.021382316946983337,0.20000000298023224,0.0,2354,401,32766,1863,2116,3.515542507171631
2026-04-07T11:50:34.913,radio://0/80/2M,flow,1,0,Reacquire Wall,2984,0,0,0,0.0,0,0,0.0,0.0,26399,2,-4,0.8063083291053772,0.2225521057844162,0.013961669988930225,0.20000000298023224,0.0,2354,401,32766,1863,2116,3.515542507171631
2026-04-07T11:50:34.914,radio://0/80/2M,range,1,0,Reacquire Wall,2984,0,0,0,0.0,0,0,0.0,0.0,26399,2,-4,0.8063083291053772,0.2225521057844162,0.013961669988930225,0.20000000298023224,0.0,2299,384,32766,1901,2110,3.515542507171631
2026-04-07T11:50:35.159,radio://0/80/2M,mission,1,5,Transition,2984,0,0,0,0.0,0,0,0.0,0.0,26399,2,-4,0.8095476031303406,0.2225521057844162,0.013961669988930225,0.20000000298023224,0.0,2299,384,32766,1901,2110,3.515542507171631
2026-04-07T11:50:35.162,radio://0/80/2M,flow,1,5,Transition,2984,0,0,0,0.0,0,0,0.0,0.0,26649,0,-1,0.8095476031303406,0.20369385182857513,0.00782601535320282,0.0,0.0,2299,384,32766,1901,2110,3.515542507171631
2026-04-07T11:50:35.163,radio://0/80/2M,range,1,5,Transition,2984,0,0,0,0.0,0,0,0.0,0.0,26649,0,-1,0.8095476031303406,0.20369385182857513,0.00782601535320282,0.0,0.0,2289,376,32766,32766,2112,3.5102639198303223
2026-04-07T11:50:35.408,radio://0/80/2M,mission,1,5,Transition,2984,0,0,0,0.0,0,0,0.0,0.0,26649,0,-1,0.8136380910873413,0.20369385182857513,0.00782601535320282,0.0,0.0,2289,376,32766,32766,2112,3.5102639198303223
2026-04-07T11:50:35.411,radio://0/80/2M,flow,1,5,Transition,2984,0,0,0,0.0,0,0,0.0,0.0,26899,0,0,0.8136380910873413,0.07731842249631882,0.007414350286126137,0.0,0.0,2289,376,32766,32766,2112,3.5102639198303223
2026-04-07T11:50:35.412,radio://0/80/2M,range,1,5,Transition,2984,0,0,0,0.0,0,0,0.0,0.0,26899,0,0,0.8136380910873413,0.07731842249631882,0.007414350286126137,0.0,0.0,2241,370,32766,2014,2119,3.515542507171631
2026-04-07T11:50:35.659,radio://0/80/2M,mission,1,2,Scan,2984,0,0,0,0.0,0,0,0.0,0.0,26899,0,0,0.8078028559684753,0.07731842249631882,0.007414350286126137,0.0,0.0,2241,370,32766,2014,2119,3.515542507171631
2026-04-07T11:50:35.662,radio://0/80/2M,flow,1,2,Scan,2984,0,0,0,0.0,0,0,0.0,0.0,27149,0,1,0.8078028559684753,-0.018135733902454376,-0.022962195798754692,0.0,-0.0804000049829483,2241,370,32766,2014,2119,3.515542507171631
2026-04-07T11:50:35.663,radio://0/80/2M,range,1,2,Scan,2984,0,0,0,0.0,0,0,0.0,0.0,27149,0,1,0.8078028559684753,-0.018135733902454376,-0.022962195798754692,0.0,-0.0804000049829483,2249,366,32766,2000,2119,3.499706745147705
2026-04-07T11:50:35.909,radio://0/80/2M,mission,1,2,Scan,2984,0,0,0,0.0,0,0,0.0,0.0,27149,0,1,0.806202232837677,-0.018135733902454376,-0.022962195798754692,0.0,-0.0804000049829483,2249,366,32766,2000,2119,3.499706745147705
2026-04-07T11:50:35.912,radio://0/80/2M,flow,1,2,Scan,2984,0,0,0,0.0,0,0,0.0,0.0,27399,-1,0,0.806202232837677,-0.003529296489432454,-0.06891009956598282,0.0,-0.06120000034570694,2249,366,32766,2000,2119,3.499706745147705
2026-04-07T11:50:35.913,radio://0/80/2M,range,1,2,Scan,2984,0,0,0,0.0,0,0,0.0,0.0,27399,-1,0,0.806202232837677,-0.003529296489432454,-0.06891009956598282,0.0,-0.06120000034570694,2168,398,1193,32766,2115,3.499706745147705
2026-04-07T11:50:36.159,radio://0/80/2M,mission,1,2,Scan,2984,0,0,0,0.0,0,0,0.0,0.0,27399,-1,0,0.8120298981666565,-0.003529296489432454,-0.06891009956598282,0.0,-0.06120000034570694,2168,398,1193,32766,2115,3.499706745147705
2026-04-07T11:50:36.161,radio://0/80/2M,flow,1,2,Scan,2984,0,0,0,0.0,0,0,0.0,0.0,27649,0,0,0.8120298981666565,0.0028625892009586096,-0.08811833709478378,0.0,-0.036000002175569534,2168,398,1193,32766,2115,3.499706745147705
2026-04-07T11:50:36.162,radio://0/80/2M,range,1,2,Scan,2984,0,0,0,0.0,0,0,0.0,0.0,27649,0,0,0.8120298981666565,0.0028625892009586096,-0.08811833709478378,0.0,-0.036000002175569534,32766,440,1193,32766,2117,3.5049853324890137
2026-04-07T11:50:36.409,radio://0/80/2M,mission,1,2,Scan,2984,0,0,0,0.0,0,0,0.0,0.0,27649,0,0,0.8126721978187561,0.0028625892009586096,-0.08811833709478378,0.0,-0.036000002175569534,32766,440,1193,32766,2117,3.5049853324890137
2026-04-07T11:50:36.411,radio://0/80/2M,flow,1,2,Scan,3170,0,0,0,0.0,0,0,0.0,0.0,27899,0,0,0.8126721978187561,0.015808064490556717,-0.037282779812812805,0.0,0.0,32766,440,1193,32766,2117,3.5049853324890137
2026-04-07T11:50:36.412,radio://0/80/2M,range,1,2,Scan,3170,0,0,0,0.0,0,0,0.0,0.0,27899,0,0,0.8126721978187561,0.015808064490556717,-0.037282779812812805,0.0,0.0,859,510,1252,32766,2110,3.499706745147705
2026-04-07T11:50:36.658,radio://0/80/2M,mission,1,2,Scan,3170,0,0,0,0.0,0,0,0.0,0.0,27899,0,0,0.8097996115684509,0.015808064490556717,-0.037282779812812805,0.0,0.0,859,510,1252,32766,2110,3.499706745147705
2026-04-07T11:50:36.660,radio://0/80/2M,flow,1,2,Scan,3368,0,0,0,0.0,0,0,0.0,0.0,28149,0,0,0.8097996115684509,-0.023885250091552734,0.027386369183659554,0.0,0.0,859,510,1252,32766,2110,3.499706745147705
2026-04-07T11:50:36.662,radio://0/80/2M,range,1,2,Scan,3368,0,0,0,0.0,0,0,0.0,0.0,28149,0,0,0.8097996115684509,-0.023885250091552734,0.027386369183659554,0.0,0.0,722,559,1326,32766,2116,3.4838709831237793
2026-04-07T11:50:36.909,radio://0/80/2M,mission,1,2,Scan,3368,0,0,0,0.0,0,0,0.0,0.0,28149,0,0,0.807066023349762,-0.023885250091552734,0.027386369183659554,0.0,0.0,722,559,1326,32766,2116,3.4838709831237793
2026-04-07T11:50:36.911,radio://0/80/2M,flow,1,2,Scan,3368,0,0,0,0.0,0,0,0.0,0.0,28399,1,1,0.807066023349762,-0.03006109595298767,0.07235653698444366,0.0,0.0,722,559,1326,32766,2116,3.4838709831237793
2026-04-07T11:50:36.913,radio://0/80/2M,range,1,2,Scan,3368,0,0,0,0.0,0,0,0.0,0.0,28399,1,1,0.807066023349762,-0.03006109595298767,0.07235653698444366,0.0,0.0,548,32766,32766,32766,2115,3.489149570465088
2026-04-07T11:50:37.158,radio://0/80/2M,mission,1,2,Scan,3368,0,0,0,0.0,0,0,0.0,0.0,28399,1,1,0.8071348071098328,-0.03006109595298767,0.07235653698444366,0.0,0.0,548,32766,32766,32766,2115,3.489149570465088
2026-04-07T11:50:37.160,radio://0/80/2M,flow,1,2,Scan,3158,0,0,0,0.0,0,0,0.0,0.0,28649,-1,0,0.8071348071098328,0.02113611437380314,0.14535467326641083,-0.035399992018938065,0.0,548,32766,32766,32766,2115,3.489149570465088
2026-04-07T11:50:37.161,radio://0/80/2M,range,1,2,Scan,3158,0,0,0,0.0,0,0,0.0,0.0,28649,-1,0,0.8071348071098328,0.02113611437380314,0.14535467326641083,-0.035399992018938065,0.0,441,32766,32766,32766,2118,3.4944281578063965
2026-04-07T11:50:37.407,radio://0/80/2M,mission,1,2,Scan,3158,0,0,0,0.0,0,0,0.0,0.0,28649,-1,0,0.8088948726654053,0.02113611437380314,0.14535467326641083,-0.035399992018938065,0.0,441,32766,32766,32766,2118,3.4944281578063965
2026-04-07T11:50:37.410,radio://0/80/2M,flow,1,2,Scan,2961,0,0,0,0.0,0,0,0.0,0.0,28899,0,0,0.8088948726654053,-0.018638653680682182,0.01439173985272646,-0.08580000698566437,0.0,441,32766,32766,32766,2118,3.4944281578063965
2026-04-07T11:50:37.412,radio://0/80/2M,range,1,2,Scan,2961,0,0,0,0.0,0,0,0.0,0.0,28899,0,0,0.8088948726654053,-0.018638653680682182,0.01439173985272646,-0.08580000698566437,0.0,357,32766,2421,32766,2121,3.489149570465088
2026-04-07T11:50:37.660,radio://0/80/2M,mission,1,2,Scan,2961,0,0,0,0.0,0,0,0.0,0.0,28899,0,0,0.8044297695159912,-0.018638653680682182,0.01439173985272646,-0.08580000698566437,0.0,357,32766,2421,32766,2121,3.489149570465088
2026-04-07T11:50:37.661,radio://0/80/2M,flow,1,2,Scan,2961,0,0,0,0.0,0,0,0.0,0.0,29149,-3,-2,0.8044297695159912,-0.034696709364652634,-0.07134973257780075,-0.09600000083446503,0.0,357,32766,2421,32766,2121,3.489149570465088
2026-04-07T11:50:37.663,radio://0/80/2M,range,1,2,Scan,2961,0,0,0,0.0,0,0,0.0,0.0,29149,-3,-2,0.8044297695159912,-0.034696709364652634,-0.07134973257780075,-0.09600000083446503,0.0,340,32766,2363,32766,2120,3.489149570465088
2026-04-07T11:50:37.907,radio://0/80/2M,mission,1,2,Scan,2961,0,0,0,0.0,0,0,0.0,0.0,29149,-3,-2,0.8034736514091492,-0.034696709364652634,-0.07134973257780075,-0.09600000083446503,0.0,340,32766,2363,32766,2120,3.489149570465088
2026-04-07T11:50:37.910,radio://0/80/2M,flow,1,2,Scan,2961,0,0,0,0.0,0,0,0.0,0.0,29399,0,0,0.8034736514091492,-0.0160025916993618,-0.05684136599302292,-0.0989999994635582,0.0,340,32766,2363,32766,2120,3.489149570465088
2026-04-07T11:50:37.911,radio://0/80/2M,range,1,2,Scan,2961,0,0,0,0.0,0,0,0.0,0.0,29399,0,0,0.8034736514091492,-0.0160025916993618,-0.05684136599302292,-0.0989999994635582,0.0,335,2007,2322,32766,2125,3.4785923957824707
2026-04-07T11:50:38.157,radio://0/80/2M,mission,1,2,Scan,2961,0,0,0,0.0,0,0,0.0,0.0,29399,0,0,0.8070859909057617,-0.0160025916993618,-0.05684136599302292,-0.0989999994635582,0.0,335,2007,2322,32766,2125,3.4785923957824707
2026-04-07T11:50:38.160,radio://0/80/2M,flow,1,2,Scan,2961,0,0,0,0.0,0,0,0.0,0.0,29649,0,0,0.8070859909057617,-0.04960731789469719,-0.04700222983956337,-0.09720000624656677,0.0,335,2007,2322,32766,2125,3.4785923957824707
2026-04-07T11:50:38.161,radio://0/80/2M,range,1,2,Scan,2961,0,0,0,0.0,0,0,0.0,0.0,29649,0,0,0.8070859909057617,-0.04960731789469719,-0.04700222983956337,-0.09720000624656677,0.0,338,1943,2343,32766,2111,3.4785923957824707
2026-04-07T11:50:38.407,radio://0/80/2M,mission,1,2,Scan,2961,0,0,0,0.0,0,0,0.0,0.0,29649,0,0,0.8097012639045715,-0.04960731789469719,-0.04700222983956337,-0.09720000624656677,0.0,338,1943,2343,32766,2111,3.4785923957824707
2026-04-07T11:50:38.409,radio://0/80/2M,flow,1,2,Scan,2961,0,0,0,0.0,0,0,0.0,0.0,29899,-2,0,0.8097012639045715,-0.06471443176269531,-0.05000501498579979,-0.08700001239776611,0.0,338,1943,2343,32766,2111,3.4785923957824707
2026-04-07T11:50:38.411,radio://0/80/2M,range,1,2,Scan,2961,0,0,0,0.0,0,0,0.0,0.0,29899,-2,0,0.8097012639045715,-0.06471443176269531,-0.05000501498579979,-0.08700001239776611,0.0,355,32766,32766,32766,2110,3.4838709831237793
2026-04-07T11:50:38.657,radio://0/80/2M,mission,1,2,Scan,2961,0,0,0,0.0,0,0,0.0,0.0,29899,-2,0,0.8050601482391357,-0.06471443176269531,-0.05000501498579979,-0.08700001239776611,0.0,355,32766,32766,32766,2110,3.4838709831237793
2026-04-07T11:50:38.660,radio://0/80/2M,flow,1,2,Scan,2961,0,0,0,0.0,0,0,0.0,0.0,30149,1,0,0.8050601482391357,-0.01061688456684351,-0.05156945064663887,-0.07440000772476196,0.0,355,32766,32766,32766,2110,3.4838709831237793
2026-04-07T11:50:38.661,radio://0/80/2M,range,1,2,Scan,2961,0,0,0,0.0,0,0,0.0,0.0,30149,1,0,0.8050601482391357,-0.01061688456684351,-0.05156945064663887,-0.07440000772476196,0.0,376,32766,884,1327,2112,3.462756633758545
2026-04-07T11:50:38.907,radio://0/80/2M,mission,1,2,Scan,2961,0,0,0,0.0,0,0,0.0,0.0,30149,1,0,0.8002914786338806,-0.01061688456684351,-0.05156945064663887,-0.07440000772476196,0.0,376,32766,884,1327,2112,3.462756633758545
2026-04-07T11:50:38.909,radio://0/80/2M,flow,1,2,Scan,2961,0,0,0,0.0,0,0,0.0,0.0,30399,-3,0,0.8002914786338806,-0.011415837332606316,-0.055373091250658035,-0.05339999496936798,0.0,376,32766,884,1327,2112,3.462756633758545
2026-04-07T11:50:38.910,radio://0/80/2M,range,1,2,Scan,2961,0,0,0,0.0,0,0,0.0,0.0,30399,-3,0,0.8002914786338806,-0.011415837332606316,-0.055373091250658035,-0.05339999496936798,0.0,411,32766,556,1426,2117,3.4521994590759277
2026-04-07T11:50:39.158,radio://0/80/2M,mission,1,2,Scan,2961,0,0,0,0.0,0,0,0.0,0.0,30399,-3,0,0.7992145419120789,-0.011415837332606316,-0.055373091250658035,-0.05339999496936798,0.0,411,32766,556,1426,2117,3.4521994590759277
2026-04-07T11:50:39.159,radio://0/80/2M,flow,1,2,Scan,3146,0,0,0,0.0,0,0,0.0,0.0,30649,0,0,0.7992145419120789,0.004638932645320892,-0.01623421534895897,0.0,0.03300000727176666,411,32766,556,1426,2117,3.4521994590759277
2026-04-07T11:50:39.160,radio://0/80/2M,range,1,2,Scan,3146,0,0,0,0.0,0,0,0.0,0.0,30649,0,0,0.7992145419120789,0.004638932645320892,-0.01623421534895897,0.0,0.03300000727176666,32766,32766,445,1508,2121,3.4521994590759277
2026-04-07T11:50:39.407,radio://0/80/2M,mission,1,2,Scan,3146,0,0,0,0.0,0,0,0.0,0.0,30649,0,0,0.8041236996650696,0.004638932645320892,-0.01623421534895897,0.0,0.03300000727176666,32766,32766,445,1508,2121,3.4521994590759277
2026-04-07T11:50:39.409,radio://0/80/2M,flow,1,2,Scan,3146,0,0,0,0.0,0,0,0.0,0.0,30899,5,0,0.8041236996650696,0.02208014391362667,0.008427286520600319,0.0,0.07259999960660934,32766,32766,445,1508,2121,3.4521994590759277
2026-04-07T11:50:39.410,radio://0/80/2M,range,1,2,Scan,3146,0,0,0,0.0,0,0,0.0,0.0,30899,5,0,0.8041236996650696,0.02208014391362667,0.008427286520600319,0.0,0.07259999960660934,32766,32766,356,32766,2120,3.462756633758545
2026-04-07T11:50:39.656,radio://0/80/2M,mission,1,2,Scan,3146,0,0,0,0.0,0,0,0.0,0.0,30899,5,0,0.8027827143669128,0.02208014391362667,0.008427286520600319,0.0,0.07259999960660934,32766,32766,356,32766,2120,3.462756633758545
2026-04-07T11:50:39.658,radio://0/80/2M,flow,1,2,Scan,3146,0,0,0,0.0,0,0,0.0,0.0,31149,0,0,0.8027827143669128,-0.03828492760658264,-0.057671960443258286,0.0,0.11999999731779099,32766,32766,356,32766,2120,3.462756633758545
2026-04-07T11:50:39.659,radio://0/80/2M,range,1,2,Scan,3146,0,0,0,0.0,0,0,0.0,0.0,31149,0,0,0.8027827143669128,-0.03828492760658264,-0.057671960443258286,0.0,0.11999999731779099,32766,32766,300,32766,2121,3.4521994590759277
2026-04-07T11:50:39.905,radio://0/80/2M,mission,1,2,Scan,3146,0,0,0,0.0,0,0,0.0,0.0,31149,0,0,0.7963523268699646,-0.03828492760658264,-0.057671960443258286,0.0,0.11999999731779099,32766,32766,300,32766,2121,3.4521994590759277
2026-04-07T11:50:39.908,radio://0/80/2M,flow,1,2,Scan,3550,0,0,0,0.0,0,0,0.0,0.0,31399,5,-3,0.7963523268699646,-0.023736706003546715,-0.08938656002283096,0.0,0.1356000155210495,32766,32766,300,32766,2121,3.4521994590759277
2026-04-07T11:50:39.909,radio://0/80/2M,range,1,2,Scan,3550,0,0,0,0.0,0,0,0.0,0.0,31399,5,-3,0.7963523268699646,-0.023736706003546715,-0.08938656002283096,0.0,0.1356000155210495,32766,32766,263,2617,2127,3.4521994590759277
2026-04-07T11:50:40.155,radio://0/80/2M,mission,1,2,Scan,3550,0,0,0,0.0,0,0,0.0,0.0,31399,5,-3,0.7976771593093872,-0.023736706003546715,-0.08938656002283096,0.0,0.1356000155210495,32766,32766,263,2617,2127,3.4521994590759277
2026-04-07T11:50:40.158,radio://0/80/2M,flow,1,2,Scan,3771,0,0,0,0.0,0,0,0.0,0.0,31649,0,5,0.7976771593093872,-0.023757077753543854,-0.10979034751653671,0.0,0.14520001411437988,32766,32766,263,2617,2127,3.4521994590759277
2026-04-07T11:50:40.159,radio://0/80/2M,range,1,2,Scan,3771,0,0,0,0.0,0,0,0.0,0.0,31649,0,5,0.7976771593093872,-0.023757077753543854,-0.10979034751653671,0.0,0.14520001411437988,32766,32766,258,2581,2128,3.4416422843933105
2026-04-07T11:50:40.406,radio://0/80/2M,mission,1,2,Scan,3771,0,0,0,0.0,0,0,0.0,0.0,31649,0,5,0.8071886301040649,-0.023757077753543854,-0.10979034751653671,0.0,0.14520001411437988,32766,32766,258,2581,2128,3.4416422843933105
2026-04-07T11:50:40.409,radio://0/80/2M,flow,1,2,Scan,3771,0,0,0,0.0,0,0,0.0,0.0,31899,-1,0,0.8071886301040649,-0.11452040821313858,-0.1315641701221466,0.0,0.13259999454021454,32766,32766,258,2581,2128,3.4416422843933105
2026-04-07T11:50:40.410,radio://0/80/2M,range,1,2,Scan,3771,0,0,0,0.0,0,0,0.0,0.0,31899,-1,0,0.8071886301040649,-0.11452040821313858,-0.1315641701221466,0.0,0.13259999454021454,1707,32766,32766,2400,2115,3.4574780464172363
2026-04-07T11:50:40.656,radio://0/80/2M,mission,1,2,Scan,3771,0,0,0,0.0,0,0,0.0,0.0,31899,-1,0,0.8188797831535339,-0.11452040821313858,-0.1315641701221466,0.0,0.13259999454021454,1707,32766,32766,2400,2115,3.4574780464172363
2026-04-07T11:50:40.657,radio://0/80/2M,flow,1,2,Scan,4006,0,0,0,0.0,0,0,0.0,0.0,32149,-1,0,0.8188797831535339,0.08443568646907806,-0.23156365752220154,0.0,0.0,1707,32766,32766,2400,2115,3.4574780464172363
2026-04-07T11:50:40.659,radio://0/80/2M,range,1,2,Scan,4006,0,0,0,0.0,0,0,0.0,0.0,32149,-1,0,0.8188797831535339,0.08443568646907806,-0.23156365752220154,0.0,0.0,32766,32766,2646,32766,2133,3.462756633758545
2026-04-07T11:50:40.905,radio://0/80/2M,mission,1,2,Scan,4006,0,0,0,0.0,0,0,0.0,0.0,32149,-1,0,0.7956331968307495,0.08443568646907806,-0.23156365752220154,0.0,0.0,32766,32766,2646,32766,2133,3.462756633758545
2026-04-07T11:50:40.908,radio://0/80/2M,flow,1,2,Scan,3522,0,0,0,0.0,0,0,0.0,0.0,32399,0,0,0.7956331968307495,0.39080366492271423,-0.24636222422122955,0.0,0.0,32766,32766,2646,32766,2133,3.462756633758545
2026-04-07T11:50:40.909,radio://0/80/2M,range,1,2,Scan,3522,0,0,0,0.0,0,0,0.0,0.0,32399,0,0,0.7956331968307495,0.39080366492271423,-0.24636222422122955,0.0,0.0,32766,32766,2786,32766,2151,3.436363697052002
2026-04-07T11:50:41.155,radio://0/80/2M,mission,1,2,Scan,3522,0,0,0,0.0,0,0,0.0,0.0,32399,0,0,0.7766353487968445,0.39080366492271423,-0.24636222422122955,0.0,0.0,32766,32766,2786,32766,2151,3.436363697052002
2026-04-07T11:50:41.158,radio://0/80/2M,flow,1,2,Scan,3302,0,0,0,0.0,0,0,0.0,0.0,32649,4,7,0.7766353487968445,0.4058118164539337,-0.1264198124408722,0.0,0.0,32766,32766,2786,32766,2151,3.436363697052002
2026-04-07T11:50:41.159,radio://0/80/2M,range,1,2,Scan,3302,0,0,0,0.0,0,0,0.0,0.0,32649,4,7,0.7766353487968445,0.4058118164539337,-0.1264198124408722,0.0,0.0,32766,32766,2912,32766,2151,3.462756633758545
2026-04-07T11:50:41.405,radio://0/80/2M,mission,1,2,Scan,3302,0,0,0,0.0,0,0,0.0,0.0,32649,4,7,0.7930780053138733,0.4058118164539337,-0.1264198124408722,0.0,0.0,32766,32766,2912,32766,2151,3.462756633758545
2026-04-07T11:50:41.406,radio://0/80/2M,flow,1,2,Scan,3302,0,0,0,0.0,0,0,0.0,0.0,32899,4,0,0.7930780053138733,0.3860813081264496,0.018032126128673553,0.0,0.0,32766,32766,2912,32766,2151,3.462756633758545
2026-04-07T11:50:41.408,radio://0/80/2M,range,1,2,Scan,3302,0,0,0,0.0,0,0,0.0,0.0,32899,4,0,0.7930780053138733,0.3860813081264496,0.018032126128673553,0.0,0.0,32766,1460,32766,514,2131,3.489149570465088
2026-04-07T11:50:41.654,radio://0/80/2M,mission,1,2,Scan,3302,0,0,0,0.0,0,0,0.0,0.0,32899,4,0,0.8112846612930298,0.3860813081264496,0.018032126128673553,0.0,0.0,32766,1460,32766,514,2131,3.489149570465088
2026-04-07T11:50:41.657,radio://0/80/2M,flow,1,2,Scan,3302,0,0,0,0.0,0,0,0.0,0.0,33149,0,1,0.8112846612930298,0.23456557095050812,-0.034637898206710815,0.03779999911785126,0.0,32766,1460,32766,514,2131,3.489149570465088
2026-04-07T11:50:41.658,radio://0/80/2M,range,1,2,Scan,3302,0,0,0,0.0,0,0,0.0,0.0,33149,0,1,0.8112846612930298,0.23456557095050812,-0.034637898206710815,0.03779999911785126,0.0,32766,1558,32766,437,2125,3.489149570465088
2026-04-07T11:50:41.903,radio://0/80/2M,mission,1,2,Scan,3302,0,0,0,0.0,0,0,0.0,0.0,33149,0,1,0.8076756596565247,0.23456557095050812,-0.034637898206710815,0.03779999911785126,0.0,32766,1558,32766,437,2125,3.489149570465088
2026-04-07T11:50:41.907,radio://0/80/2M,flow,1,2,Scan,3302,0,0,0,0.0,0,0,0.0,0.0,33399,0,-1,0.8076756596565247,-0.043368078768253326,-0.06056042015552521,0.066600002348423,0.0,32766,1558,32766,437,2125,3.489149570465088
2026-04-07T11:50:41.908,radio://0/80/2M,range,1,2,Scan,3302,0,0,0,0.0,0,0,0.0,0.0,33399,0,-1,0.8076756596565247,-0.043368078768253326,-0.06056042015552521,0.066600002348423,0.0,32766,32766,32766,389,2115,3.473313808441162
2026-04-07T11:50:42.154,radio://0/80/2M,mission,1,2,Scan,3302,0,0,0,0.0,0,0,0.0,0.0,33399,0,-1,0.7945102453231812,-0.043368078768253326,-0.06056042015552521,0.066600002348423,0.0,32766,32766,32766,389,2115,3.473313808441162
2026-04-07T11:50:42.156,radio://0/80/2M,flow,1,2,Scan,3302,0,0,0,0.0,0,0,0.0,0.0,33649,0,0,0.7945102453231812,-0.11852361261844635,-0.06574736535549164,0.07020001113414764,0.0,32766,32766,32766,389,2115,3.473313808441162
2026-04-07T11:50:42.157,radio://0/80/2M,range,1,2,Scan,3302,0,0,0,0.0,0,0,0.0,0.0,33649,0,0,0.7945102453231812,-0.11852361261844635,-0.06574736535549164,0.07020001113414764,0.0,32766,32766,951,383,2118,3.473313808441162
2026-04-07T11:50:42.403,radio://0/80/2M,mission,1,2,Scan,3302,0,0,0,0.0,0,0,0.0,0.0,33649,0,0,0.7956402897834778,-0.11852361261844635,-0.06574736535549164,0.07020001113414764,0.0,32766,32766,951,383,2118,3.473313808441162
2026-04-07T11:50:42.405,radio://0/80/2M,flow,1,2,Scan,3302,0,0,0,0.0,0,0,0.0,0.0,33899,4,0,0.7956402897834778,-0.0745842233300209,-0.03725089132785797,0.066600002348423,0.0,32766,32766,951,383,2118,3.473313808441162
2026-04-07T11:50:42.407,radio://0/80/2M,range,1,2,Scan,3302,0,0,0,0.0,0,0,0.0,0.0,33899,4,0,0.7956402897834778,-0.0745842233300209,-0.03725089132785797,0.066600002348423,0.0,32766,2527,32766,389,2132,3.4785923957824707
2026-04-07T11:50:42.653,radio://0/80/2M,mission,1,2,Scan,3302,0,0,0,0.0,0,0,0.0,0.0,33899,4,0,0.794854998588562,-0.0745842233300209,-0.03725089132785797,0.066600002348423,0.0,32766,2527,32766,389,2132,3.4785923957824707
2026-04-07T11:50:42.656,radio://0/80/2M,flow,1,2,Scan,3302,0,0,0,0.0,0,0,0.0,0.0,34149,0,2,0.794854998588562,-0.0015245768008753657,-0.038817696273326874,0.05159999802708626,0.0,32766,2527,32766,389,2132,3.4785923957824707
2026-04-07T11:50:42.658,radio://0/80/2M,range,1,2,Scan,3302,0,0,0,0.0,0,0,0.0,0.0,34149,0,2,0.794854998588562,-0.0015245768008753657,-0.038817696273326874,0.05159999802708626,0.0,32766,2483,2457,414,2125,3.4680352210998535
2026-04-07T11:50:42.904,radio://0/80/2M,mission,1,2,Scan,3302,0,0,0,0.0,0,0,0.0,0.0,34149,0,2,0.7969698309898376,-0.0015245768008753657,-0.038817696273326874,0.05159999802708626,0.0,32766,2483,2457,414,2125,3.4680352210998535
2026-04-07T11:50:42.907,radio://0/80/2M,flow,1,2,Scan,3096,0,0,0,0.0,0,0,0.0,0.0,34399,-6,0,0.7969698309898376,-0.009701703675091267,-0.02448263391852379,0.01679999940097332,0.0,32766,2483,2457,414,2125,3.4680352210998535
2026-04-07T11:50:42.908,radio://0/80/2M,range,1,2,Scan,3096,0,0,0,0.0,0,0,0.0,0.0,34399,-6,0,0.7969698309898376,-0.009701703675091267,-0.02448263391852379,0.01679999940097332,0.0,32766,2467,1760,472,2122,3.4680352210998535
2026-04-07T11:50:43.152,radio://0/80/2M,mission,1,2,Scan,3096,0,0,0,0.0,0,0,0.0,0.0,34399,-6,0,0.8020768761634827,-0.009701703675091267,-0.02448263391852379,0.01679999940097332,0.0,32766,2467,1760,472,2122,3.4680352210998535
2026-04-07T11:50:43.155,radio://0/80/2M,flow,1,2,Scan,3096,0,0,0,0.0,0,0,0.0,0.0,34649,0,-5,0.8020768761634827,0.12493083626031876,-0.07472646981477737,0.0,0.0,32766,2467,1760,472,2122,3.4680352210998535
2026-04-07T11:50:43.156,radio://0/80/2M,range,1,2,Scan,3096,0,0,0,0.0,0,0,0.0,0.0,34649,0,-5,0.8020768761634827,0.12493083626031876,-0.07472646981477737,0.0,0.0,32766,2439,32766,520,2122,3.4680352210998535
2026-04-07T11:50:43.404,radio://0/80/2M,mission,1,2,Scan,3096,0,0,0,0.0,0,0,0.0,0.0,34649,0,-5,0.8028213381767273,0.12493083626031876,-0.07472646981477737,0.0,0.0,32766,2439,32766,520,2122,3.4680352210998535
2026-04-07T11:50:43.405,radio://0/80/2M,flow,1,2,Scan,2903,0,0,0,0.0,0,0,0.0,0.0,34899,0,0,0.8028213381767273,0.33101534843444824,0.06703086942434311,0.0,0.0,32766,2439,32766,520,2122,3.4680352210998535
2026-04-07T11:50:43.406,radio://0/80/2M,range,1,2,Scan,2903,0,0,0,0.0,0,0,0.0,0.0,34899,0,0,0.8028213381767273,0.33101534843444824,0.06703086942434311,0.0,0.0,32766,32766,32766,600,2139,3.4574780464172363
2026-04-07T11:50:43.653,radio://0/80/2M,mission,1,2,Scan,2903,0,0,0,0.0,0,0,0.0,0.0,34899,0,0,0.7928699851036072,0.33101534843444824,0.06703086942434311,0.0,0.0,32766,32766,32766,600,2139,3.4574780464172363
2026-04-07T11:50:43.656,radio://0/80/2M,flow,1,2,Scan,3697,0,0,0,0.0,0,0,0.0,0.0,35149,-3,0,0.7928699851036072,0.21748463809490204,0.1489534080028534,0.0,0.0,32766,32766,32766,600,2139,3.4574780464172363
2026-04-07T11:50:43.657,radio://0/80/2M,range,1,2,Scan,3697,0,0,0,0.0,0,0,0.0,0.0,35149,-3,0,0.7928699851036072,0.21748463809490204,0.1489534080028534,0.0,0.0,1098,1131,32766,633,2138,3.446920871734619
2026-04-07T11:50:43.903,radio://0/80/2M,mission,1,2,Scan,3697,0,0,0,0.0,0,0,0.0,0.0,35149,-3,0,0.7937185168266296,0.21748463809490204,0.1489534080028534,0.0,0.0,1098,1131,32766,633,2138,3.446920871734619
2026-04-07T11:50:43.905,radio://0/80/2M,flow,1,2,Scan,3928,0,0,0,0.0,0,0,0.0,0.0,35399,0,0,0.7937185168266296,0.0030161107424646616,0.1778203397989273,0.0,0.0,1098,1131,32766,633,2138,3.446920871734619
2026-04-07T11:50:43.906,radio://0/80/2M,range,1,2,Scan,3928,0,0,0,0.0,0,0,0.0,0.0,35399,0,0,0.7937185168266296,0.0030161107424646616,0.1778203397989273,0.0,0.0,1210,880,32766,32766,2146,3.4521994590759277
2026-04-07T11:50:44.152,radio://0/80/2M,mission,1,2,Scan,3928,0,0,0,0.0,0,0,0.0,0.0,35399,0,0,0.7950472831726074,0.0030161107424646616,0.1778203397989273,0.0,0.0,1210,880,32766,32766,2146,3.4521994590759277
2026-04-07T11:50:44.155,radio://0/80/2M,flow,1,2,Scan,3683,0,0,0,0.0,0,0,0.0,0.0,35649,-2,0,0.7950472831726074,-0.048156414180994034,0.2003547102212906,0.0,0.0,1210,880,32766,32766,2146,3.4521994590759277
2026-04-07T11:50:44.156,radio://0/80/2M,range,1,2,Scan,3683,0,0,0,0.0,0,0,0.0,0.0,35649,-2,0,0.7950472831726074,-0.048156414180994034,0.2003547102212906,0.0,0.0,1287,747,32766,32766,2133,3.446920871734619
2026-04-07T11:50:44.404,radio://0/80/2M,mission,1,2,Scan,3683,0,0,0,0.0,0,0,0.0,0.0,35649,-2,0,0.8039292097091675,-0.048156414180994034,0.2003547102212906,0.0,0.0,1287,747,32766,32766,2133,3.446920871734619
2026-04-07T11:50:44.405,radio://0/80/2M,flow,1,2,Scan,3683,0,0,0,0.0,0,0,0.0,0.0,35899,4,-3,0.8039292097091675,-0.09105464816093445,0.14331670105457306,0.0,0.0,1287,747,32766,32766,2133,3.446920871734619
2026-04-07T11:50:44.406,radio://0/80/2M,range,1,2,Scan,3683,0,0,0,0.0,0,0,0.0,0.0,35899,4,-3,0.8039292097091675,-0.09105464816093445,0.14331670105457306,0.0,0.0,32766,629,32766,32766,2123,3.4521994590759277
2026-04-07T11:50:44.652,radio://0/80/2M,mission,1,2,Scan,3683,0,0,0,0.0,0,0,0.0,0.0,35899,4,-3,0.8061814308166504,-0.09105464816093445,0.14331670105457306,0.0,0.0,32766,629,32766,32766,2123,3.4521994590759277
2026-04-07T11:50:44.654,radio://0/80/2M,flow,1,2,Scan,3453,0,0,0,0.0,0,0,0.0,0.0,36149,0,3,0.8061814308166504,-0.12226946651935577,0.10614555329084396,0.0,0.0,32766,629,32766,32766,2123,3.4521994590759277
2026-04-07T11:50:44.656,radio://0/80/2M,range,1,2,Scan,3453,0,0,0,0.0,0,0,0.0,0.0,36149,0,3,0.8061814308166504,-0.12226946651935577,0.10614555329084396,0.0,0.0,32766,585,32766,32766,2121,3.4521994590759277
2026-04-07T11:50:44.902,radio://0/80/2M,mission,1,2,Scan,3453,0,0,0,0.0,0,0,0.0,0.0,36149,0,3,0.8038337230682373,-0.12226946651935577,0.10614555329084396,0.0,0.0,32766,585,32766,32766,2121,3.4521994590759277
2026-04-07T11:50:44.905,radio://0/80/2M,flow,1,2,Scan,3453,0,0,0,0.0,0,0,0.0,0.0,36399,4,-8,0.8038337230682373,-0.1252145618200302,0.12356438487768173,0.0,0.0,32766,585,32766,32766,2121,3.4521994590759277
2026-04-07T11:50:44.906,radio://0/80/2M,range,1,2,Scan,3453,0,0,0,0.0,0,0,0.0,0.0,36399,4,-8,0.8038337230682373,-0.1252145618200302,0.12356438487768173,0.0,0.0,2363,571,32766,32766,2125,3.446920871734619
2026-04-07T11:50:45.151,radio://0/80/2M,mission,1,2,Scan,3453,0,0,0,0.0,0,0,0.0,0.0,36399,4,-8,0.8029305338859558,-0.1252145618200302,0.12356438487768173,0.0,0.0,2363,571,32766,32766,2125,3.446920871734619
2026-04-07T11:50:45.155,radio://0/80/2M,flow,1,2,Scan,3238,0,0,0,0.0,0,0,0.0,0.0,36649,-7,0,0.8029305338859558,-0.1382410228252411,0.12631912529468536,0.0,0.0,2363,571,32766,32766,2125,3.446920871734619
2026-04-07T11:50:45.156,radio://0/80/2M,range,1,2,Scan,3238,0,0,0,0.0,0,0,0.0,0.0,36649,-7,0,0.8029305338859558,-0.1382410228252411,0.12631912529468536,0.0,0.0,2353,578,32766,1800,2122,3.446920871734619
2026-04-07T11:50:45.402,radio://0/80/2M,mission,1,2,Scan,3238,0,0,0,0.0,0,0,0.0,0.0,36649,-7,0,0.8055003881454468,-0.1382410228252411,0.12631912529468536,0.0,0.0,2353,578,32766,1800,2122,3.446920871734619
2026-04-07T11:50:45.404,radio://0/80/2M,flow,1,2,Scan,3036,0,0,0,0.0,0,0,0.0,0.0,36899,0,-5,0.8055003881454468,-0.1267697513103485,0.11370620131492615,0.0,0.0,2353,578,32766,1800,2122,3.446920871734619
2026-04-07T11:50:45.406,radio://0/80/2M,range,1,2,Scan,3036,0,0,0,0.0,0,0,0.0,0.0,36899,0,-5,0.8055003881454468,-0.1267697513103485,0.11370620131492615,0.0,0.0,2378,596,32766,1737,2125,3.4521994590759277
2026-04-07T11:50:45.651,radio://0/80/2M,mission,1,5,Transition,3036,0,0,0,0.0,0,0,0.0,0.0,36899,0,-5,0.8006442189216614,-0.1267697513103485,0.11370620131492615,0.0,0.0,2378,596,32766,1737,2125,3.4521994590759277
2026-04-07T11:50:45.653,radio://0/80/2M,flow,1,5,Transition,3036,0,0,0,0.0,0,0,0.0,0.0,37149,-6,2,0.8006442189216614,-0.11108985543251038,0.08807626366615295,0.0,0.0,2378,596,32766,1737,2125,3.4521994590759277
2026-04-07T11:50:45.654,radio://0/80/2M,range,1,5,Transition,3036,0,0,0,0.0,0,0,0.0,0.0,37149,-6,2,0.8006442189216614,-0.11108985543251038,0.08807626366615295,0.0,0.0,2435,610,32766,1751,2126,3.4416422843933105
2026-04-07T11:50:45.901,radio://0/80/2M,mission,1,5,Transition,3036,0,0,0,0.0,0,0,0.0,0.0,37149,-6,2,0.799477756023407,-0.11108985543251038,0.08807626366615295,0.0,0.0,2435,610,32766,1751,2126,3.4416422843933105
2026-04-07T11:50:45.904,radio://0/80/2M,flow,1,5,Transition,3036,0,0,0,0.0,0,0,0.0,0.0,37399,-2,0,0.799477756023407,-0.039275068789720535,0.022366827353835106,0.0,0.0,2435,610,32766,1751,2126,3.4416422843933105
2026-04-07T11:50:45.905,radio://0/80/2M,range,1,5,Transition,3036,0,0,0,0.0,0,0,0.0,0.0,37399,-2,0,0.799477756023407,-0.039275068789720535,0.022366827353835106,0.0,0.0,2416,642,32766,32766,2121,3.446920871734619
2026-04-07T11:50:46.150,radio://0/80/2M,mission,1,0,Reacquire Wall,3036,0,0,0,0.0,0,0,0.0,0.0,37399,-2,0,0.8003315925598145,-0.039275068789720535,0.022366827353835106,0.0,0.0,2416,642,32766,32766,2121,3.446920871734619
2026-04-07T11:50:46.153,radio://0/80/2M,flow,1,0,Reacquire Wall,2847,0,0,0,0.0,0,0,0.0,0.0,37649,0,0,0.8003315925598145,0.017415432259440422,-0.007161162327975035,0.20000000298023224,0.0,2416,642,32766,32766,2121,3.446920871734619
2026-04-07T11:50:46.154,radio://0/80/2M,range,1,0,Reacquire Wall,2847,0,0,0,0.0,0,0,0.0,0.0,37649,0,0,0.8003315925598145,0.017415432259440422,-0.007161162327975035,0.20000000298023224,0.0,2384,32766,32766,32766,2124,3.446920871734619
2026-04-07T11:50:46.401,radio://0/80/2M,mission,1,0,Reacquire Wall,2847,0,0,0,0.0,0,0,0.0,0.0,37649,0,0,0.7980559468269348,0.017415432259440422,-0.007161162327975035,0.20000000298023224,0.0,2384,32766,32766,32766,2124,3.446920871734619
2026-04-07T11:50:46.404,radio://0/80/2M,flow,1,0,Reacquire Wall,2847,0,0,0,0.0,0,0,0.0,0.0,37899,-1,-1,0.7980559468269348,0.16138598322868347,0.016089528799057007,0.20000000298023224,0.0,2384,32766,32766,32766,2124,3.446920871734619
2026-04-07T11:50:46.405,radio://0/80/2M,range,1,0,Reacquire Wall,2847,0,0,0,0.0,0,0,0.0,0.0,37899,-1,-1,0.7980559468269348,0.16138598322868347,0.016089528799057007,0.20000000298023224,0.0,2358,32766,32766,32766,2120,3.4416422843933105
2026-04-07T11:50:46.651,radio://0/80/2M,mission,1,0,Reacquire Wall,2847,0,0,0,0.0,0,0,0.0,0.0,37899,-1,-1,0.7939594984054565,0.16138598322868347,0.016089528799057007,0.20000000298023224,0.0,2358,32766,32766,32766,2120,3.4416422843933105
2026-04-07T11:50:46.653,radio://0/80/2M,flow,1,0,Reacquire Wall,2847,0,0,0,0.0,0,0,0.0,0.0,38149,-2,-1,0.7939594984054565,0.20153208076953888,0.05121678486466408,0.20000000298023224,0.0,2358,32766,32766,32766,2120,3.4416422843933105
2026-04-07T11:50:46.655,radio://0/80/2M,range,1,0,Reacquire Wall,2847,0,0,0,0.0,0,0,0.0,0.0,38149,-2,-1,0.7939594984054565,0.20153208076953888,0.05121678486466408,0.20000000298023224,0.0,32766,650,32766,32766,2125,3.4310851097106934
2026-04-07T11:50:46.899,radio://0/80/2M,mission,1,0,Reacquire Wall,2847,0,0,0,0.0,0,0,0.0,0.0,38149,-2,-1,0.7958453893661499,0.20153208076953888,0.05121678486466408,0.20000000298023224,0.0,32766,650,32766,32766,2125,3.4310851097106934
2026-04-07T11:50:46.903,radio://0/80/2M,flow,1,0,Reacquire Wall,2847,0,0,0,0.0,0,0,0.0,0.0,38399,-1,0,0.7958453893661499,0.16168777644634247,0.03534901887178421,0.20000000298023224,0.0,32766,650,32766,32766,2125,3.4310851097106934
2026-04-07T11:50:46.904,radio://0/80/2M,range,1,0,Reacquire Wall,2847,0,0,0,0.0,0,0,0.0,0.0,38399,-1,0,0.7958453893661499,0.16168777644634247,0.03534901887178421,0.20000000298023224,0.0,32766,600,32766,32766,2125,3.436363697052002
2026-04-07T11:50:47.151,radio://0/80/2M,mission,1,0,Reacquire Wall,2847,0,0,0,0.0,0,0,0.0,0.0,38399,-1,0,0.7948209047317505,0.16168777644634247,0.03534901887178421,0.20000000298023224,0.0,32766,600,32766,32766,2125,3.436363697052002
2026-04-07T11:50:47.154,radio://0/80/2M,flow,1,0,Reacquire Wall,2847,0,0,0,0.0,0,0,0.0,0.0,38649,0,-1,0.7948209047317505,0.18032562732696533,0.023027954623103142,0.20000000298023224,0.0,32766,600,32766,32766,2125,3.436363697052002
2026-04-07T11:50:47.155,radio://0/80/2M,range,1,0,Reacquire Wall,2847,0,0,0,0.0,0,0,0.0,0.0,38649,0,-1,0.7948209047317505,0.18032562732696533,0.023027954623103142,0.20000000298023224,0.0,32766,584,32766,32766,2132,3.4310851097106934
2026-04-07T11:50:47.408,radio://0/80/2M,mission,1,0,Reacquire Wall,2847,0,0,0,0.0,0,0,0.0,0.0,38649,0,-1,0.8004374504089355,0.18032562732696533,0.023027954623103142,0.20000000298023224,0.0,32766,584,32766,32766,2132,3.4310851097106934
2026-04-07T11:50:47.412,radio://0/80/2M,flow,1,0,Reacquire Wall,2847,0,0,0,0.0,0,0,0.0,0.0,38899,0,0,0.8004374504089355,0.17515848577022552,0.038617637008428574,0.20000000298023224,0.0,32766,584,32766,32766,2132,3.4310851097106934
2026-04-07T11:50:47.413,radio://0/80/2M,range,1,0,Reacquire Wall,2847,0,0,0,0.0,0,0,0.0,0.0,38899,0,0,0.8004374504089355,0.17515848577022552,0.038617637008428574,0.20000000298023224,0.0,1708,568,32766,32766,2124,3.4416422843933105
2026-04-07T11:50:47.649,radio://0/80/2M,mission,1,0,Reacquire Wall,2847,0,0,0,0.0,0,0,0.0,0.0,38899,0,0,0.8024240136146545,0.17515848577022552,0.038617637008428574,0.20000000298023224,0.0,1708,568,32766,32766,2124,3.4416422843933105
2026-04-07T11:50:47.652,radio://0/80/2M,flow,1,0,Reacquire Wall,3024,0,0,0,0.0,0,0,0.0,0.0,39149,-2,-1,0.8024240136146545,0.1910310983657837,0.05493493005633354,0.20000000298023224,0.0,1708,568,32766,32766,2124,3.4416422843933105
2026-04-07T11:50:47.653,radio://0/80/2M,range,1,0,Reacquire Wall,3024,0,0,0,0.0,0,0,0.0,0.0,39149,-2,-1,0.8024240136146545,0.1910310983657837,0.05493493005633354,0.20000000298023224,0.0,32766,557,1109,32766,2123,3.446920871734619
2026-04-07T11:50:47.901,radio://0/80/2M,mission,1,0,Reacquire Wall,3024,0,0,0,0.0,0,0,0.0,0.0,39149,-2,-1,0.8002825975418091,0.1910310983657837,0.05493493005633354,0.20000000298023224,0.0,32766,557,1109,32766,2123,3.446920871734619
2026-04-07T11:50:47.903,radio://0/80/2M,flow,1,0,Reacquire Wall,3213,0,0,0,0.0,0,0,0.0,0.0,39399,0,0,0.8002825975418091,0.21957731246948242,0.054998524487018585,0.20000000298023224,0.0,32766,557,1109,32766,2123,3.446920871734619
2026-04-07T11:50:47.904,radio://0/80/2M,range,1,0,Reacquire Wall,3213,0,0,0,0.0,0,0,0.0,0.0,39399,0,0,0.8002825975418091,0.21957731246948242,0.054998524487018585,0.20000000298023224,0.0,1772,527,1114,32766,2119,3.436363697052002
2026-04-07T11:50:48.150,radio://0/80/2M,mission,1,0,Reacquire Wall,3213,0,0,0,0.0,0,0,0.0,0.0,39399,0,0,0.8022255897521973,0.21957731246948242,0.054998524487018585,0.20000000298023224,0.0,1772,527,1114,32766,2119,3.436363697052002
2026-04-07T11:50:48.153,radio://0/80/2M,flow,1,0,Reacquire Wall,3413,0,0,0,0.0,0,0,0.0,0.0,39649,0,-1,0.8022255897521973,0.18002046644687653,0.028531422838568687,0.20000000298023224,0.0,1772,527,1114,32766,2119,3.436363697052002
2026-04-07T11:50:48.154,radio://0/80/2M,range,1,0,Reacquire Wall,3413,0,0,0,0.0,0,0,0.0,0.0,39649,0,-1,0.8022255897521973,0.18002046644687653,0.028531422838568687,0.20000000298023224,0.0,2079,504,1121,32766,2122,3.436363697052002
2026-04-07T11:50:48.400,radio://0/80/2M,mission,1,0,Reacquire Wall,3413,0,0,0,0.0,0,0,0.0,0.0,39649,0,-1,0.7990338206291199,0.18002046644687653,0.028531422838568687,0.20000000298023224,0.0,2079,504,1121,32766,2122,3.436363697052002
2026-04-07T11:50:48.401,radio://0/80/2M,flow,1,0,Reacquire Wall,3413,0,0,0,0.0,0,0,0.0,0.0,39899,0,0,0.7990338206291199,0.16389144957065582,-0.004740684758871794,0.20000000298023224,0.0,2079,504,1121,32766,2122,3.436363697052002
2026-04-07T11:50:48.402,radio://0/80/2M,range,1,0,Reacquire Wall,3413,0,0,0,0.0,0,0,0.0,0.0,39899,0,0,0.7990338206291199,0.16389144957065582,-0.004740684758871794,0.20000000298023224,0.0,2147,489,1115,32766,2128,3.436363697052002
2026-04-07T11:50:48.648,radio://0/80/2M,mission,1,0,Reacquire Wall,3413,0,0,0,0.0,0,0,0.0,0.0,39899,0,0,0.7969700694084167,0.16389144957065582,-0.004740684758871794,0.20000000298023224,0.0,2147,489,1115,32766,2128,3.436363697052002
2026-04-07T11:50:48.651,radio://0/80/2M,flow,1,0,Reacquire Wall,3413,0,0,0,0.0,0,0,0.0,0.0,40149,0,0,0.7969700694084167,0.17673537135124207,0.006766383536159992,0.20000000298023224,0.0,2147,489,1115,32766,2128,3.436363697052002
2026-04-07T11:50:48.652,radio://0/80/2M,range,1,0,Reacquire Wall,3413,0,0,0,0.0,0,0,0.0,0.0,40149,0,0,0.7969700694084167,0.17673537135124207,0.006766383536159992,0.20000000298023224,0.0,2138,486,1117,32766,2129,3.4310851097106934
2026-04-07T11:50:48.899,radio://0/80/2M,mission,1,0,Reacquire Wall,3413,0,0,0,0.0,0,0,0.0,0.0,40149,0,0,0.8039745092391968,0.17673537135124207,0.006766383536159992,0.20000000298023224,0.0,2138,486,1117,32766,2129,3.4310851097106934
2026-04-07T11:50:48.901,radio://0/80/2M,flow,1,0,Reacquire Wall,3413,0,0,0,0.0,0,0,0.0,0.0,40399,0,0,0.8039745092391968,0.16822785139083862,0.039386291056871414,0.20000000298023224,0.0,2138,486,1117,32766,2129,3.4310851097106934
2026-04-07T11:50:48.902,radio://0/80/2M,range,1,0,Reacquire Wall,3413,0,0,0,0.0,0,0,0.0,0.0,40399,0,0,0.8039745092391968,0.16822785139083862,0.039386291056871414,0.20000000298023224,0.0,2100,470,1121,32766,2117,3.4416422843933105
2026-04-07T11:50:49.149,radio://0/80/2M,mission,1,0,Reacquire Wall,3413,0,0,0,0.0,0,0,0.0,0.0,40399,0,0,0.8049355745315552,0.16822785139083862,0.039386291056871414,0.20000000298023224,0.0,2100,470,1121,32766,2117,3.4416422843933105
2026-04-07T11:50:49.152,radio://0/80/2M,flow,1,0,Reacquire Wall,3413,0,0,0,0.0,0,0,0.0,0.0,40649,0,1,0.8049355745315552,0.17427664995193481,0.028332313522696495,0.20000000298023224,0.0,2100,470,1121,32766,2117,3.4416422843933105
2026-04-07T11:50:49.153,radio://0/80/2M,range,1,0,Reacquire Wall,3413,0,0,0,0.0,0,0,0.0,0.0,40649,0,1,0.8049355745315552,0.17427664995193481,0.028332313522696495,0.20000000298023224,0.0,2097,461,1128,32766,2117,3.436363697052002
2026-04-07T11:50:49.398,radio://0/80/2M,mission,1,0,Reacquire Wall,3413,0,0,0,0.0,0,0,0.0,0.0,40649,0,1,0.8046815991401672,0.17427664995193481,0.028332313522696495,0.20000000298023224,0.0,2097,461,1128,32766,2117,3.436363697052002
2026-04-07T11:50:49.401,radio://0/80/2M,flow,1,0,Reacquire Wall,3413,0,0,0,0.0,0,0,0.0,0.0,40899,-1,0,0.8046815991401672,0.16908803582191467,0.008672723546624184,0.20000000298023224,0.0,2097,461,1128,32766,2117,3.436363697052002
2026-04-07T11:50:49.402,radio://0/80/2M,range,1,0,Reacquire Wall,3413,0,0,0,0.0,0,0,0.0,0.0,40899,-1,0,0.8046815991401672,0.16908803582191467,0.008672723546624184,0.20000000298023224,0.0,2118,447,1130,32766,2119,3.4416422843933105
2026-04-07T11:50:49.648,radio://0/80/2M,mission,1,0,Reacquire Wall,3413,0,0,0,0.0,0,0,0.0,0.0,40899,-1,0,0.8004249334335327,0.16908803582191467,0.008672723546624184,0.20000000298023224,0.0,2118,447,1130,32766,2119,3.4416422843933105
2026-04-07T11:50:49.650,radio://0/80/2M,flow,1,0,Reacquire Wall,3413,0,0,0,0.0,0,0,0.0,0.0,41149,-1,0,0.8004249334335327,0.15547752380371094,0.006390326656401157,0.20000000298023224,0.0,2118,447,1130,32766,2119,3.4416422843933105
2026-04-07T11:50:49.651,radio://0/80/2M,range,1,0,Reacquire Wall,3413,0,0,0,0.0,0,0,0.0,0.0,41149,-1,0,0.8004249334335327,0.15547752380371094,0.006390326656401157,0.20000000298023224,0.0,2106,439,1134,32766,2121,3.4310851097106934
2026-04-07T11:50:49.898,radio://0/80/2M,mission,1,0,Reacquire Wall,3413,0,0,0,0.0,0,0,0.0,0.0,41149,-1,0,0.7993965744972229,0.15547752380371094,0.006390326656401157,0.20000000298023224,0.0,2106,439,1134,32766,2121,3.4310851097106934
2026-04-07T11:50:49.901,radio://0/80/2M,flow,1,0,Reacquire Wall,3413,0,0,0,0.0,0,0,0.0,0.0,41399,0,-1,0.7993965744972229,0.18941394984722137,-6.225153811101336e-06,0.20000000298023224,0.0,2106,439,1134,32766,2121,3.4310851097106934
2026-04-07T11:50:49.902,radio://0/80/2M,range,1,0,Reacquire Wall,3413,0,0,0,0.0,0,0,0.0,0.0,41399,0,-1,0.7993965744972229,0.18941394984722137,-6.225153811101336e-06,0.20000000298023224,0.0,2042,439,1134,32766,2123,3.436363697052002
2026-04-07T11:50:50.147,radio://0/80/2M,mission,1,0,Reacquire Wall,3413,0,0,0,0.0,0,0,0.0,0.0,41399,0,-1,0.8016579151153564,0.18941394984722137,-6.225153811101336e-06,0.20000000298023224,0.0,2042,439,1134,32766,2123,3.436363697052002
2026-04-07T11:50:50.151,radio://0/80/2M,flow,1,0,Reacquire Wall,3413,0,0,0,0.0,0,0,0.0,0.0,41649,0,-4,0.8016579151153564,0.1835436224937439,0.01721198298037052,0.20000000298023224,0.0,2042,439,1134,32766,2123,3.436363697052002
2026-04-07T11:50:50.152,radio://0/80/2M,range,1,0,Reacquire Wall,3413,0,0,0,0.0,0,0,0.0,0.0,41649,0,-4,0.8016579151153564,0.1835436224937439,0.01721198298037052,0.20000000298023224,0.0,32766,432,1141,32766,2125,3.4416422843933105
2026-04-07T11:50:50.397,radio://0/80/2M,mission,1,0,Reacquire Wall,3413,0,0,0,0.0,0,0,0.0,0.0,41649,0,-4,0.7969553470611572,0.1835436224937439,0.01721198298037052,0.20000000298023224,0.0,32766,432,1141,32766,2125,3.4416422843933105
2026-04-07T11:50:50.400,radio://0/80/2M,flow,1,0,Reacquire Wall,3413,0,0,0,0.0,0,0,0.0,0.0,41899,3,0,0.7969553470611572,0.1905127614736557,0.057347945868968964,0.20000000298023224,0.0,32766,432,1141,32766,2125,3.4416422843933105
2026-04-07T11:50:50.401,radio://0/80/2M,range,1,0,Reacquire Wall,3413,0,0,0,0.0,0,0,0.0,0.0,41899,3,0,0.7969553470611572,0.1905127614736557,0.057347945868968964,0.20000000298023224,0.0,1744,414,1161,32766,2126,3.4310851097106934
2026-04-07T11:50:50.647,radio://0/80/2M,mission,1,0,Reacquire Wall,3413,0,0,0,0.0,0,0,0.0,0.0,41899,3,0,0.7960756421089172,0.1905127614736557,0.057347945868968964,0.20000000298023224,0.0,1744,414,1161,32766,2126,3.4310851097106934
2026-04-07T11:50:50.650,radio://0/80/2M,flow,1,0,Reacquire Wall,3413,0,0,0,0.0,0,0,0.0,0.0,42149,1,0,0.7960756421089172,0.1925903558731079,0.04732811078429222,0.20000000298023224,0.0,1744,414,1161,32766,2126,3.4310851097106934
2026-04-07T11:50:50.651,radio://0/80/2M,range,1,0,Reacquire Wall,3413,0,0,0,0.0,0,0,0.0,0.0,42149,1,0,0.7960756421089172,0.1925903558731079,0.04732811078429222,0.20000000298023224,0.0,32766,398,1169,32766,2128,3.4310851097106934
2026-04-07T11:50:50.898,radio://0/80/2M,mission,1,0,Reacquire Wall,3413,0,0,0,0.0,0,0,0.0,0.0,42149,1,0,0.8030717968940735,0.1925903558731079,0.04732811078429222,0.20000000298023224,0.0,32766,398,1169,32766,2128,3.4310851097106934
2026-04-07T11:50:50.900,radio://0/80/2M,flow,1,0,Reacquire Wall,3413,0,0,0,0.0,0,0,0.0,0.0,42399,0,-1,0.8030717968940735,0.1943826824426651,0.020054657012224197,0.20000000298023224,0.0,32766,398,1169,32766,2128,3.4310851097106934
2026-04-07T11:50:50.903,radio://0/80/2M,range,1,0,Reacquire Wall,3413,0,0,0,0.0,0,0,0.0,0.0,42399,0,-1,0.8030717968940735,0.1943826824426651,0.020054657012224197,0.20000000298023224,0.0,32766,378,1182,32766,2121,3.4521994590759277
2026-04-07T11:50:51.147,radio://0/80/2M,mission,1,0,Reacquire Wall,3413,0,0,0,0.0,0,0,0.0,0.0,42399,0,-1,0.7987983822822571,0.1943826824426651,0.020054657012224197,0.20000000298023224,0.0,32766,378,1182,32766,2121,3.4521994590759277
2026-04-07T11:50:51.149,radio://0/80/2M,flow,1,0,Reacquire Wall,3413,0,0,0,0.0,0,0,0.0,0.0,42649,0,0,0.7987983822822571,0.21912133693695068,0.036887623369693756,0.20000000298023224,0.0,32766,378,1182,32766,2121,3.4521994590759277
2026-04-07T11:50:51.150,radio://0/80/2M,range,1,0,Reacquire Wall,3413,0,0,0,0.0,0,0,0.0,0.0,42649,0,0,0.7987983822822571,0.21912133693695068,0.036887623369693756,0.20000000298023224,0.0,32766,363,1189,32766,2124,3.4310851097106934
2026-04-07T11:50:51.397,radio://0/80/2M,mission,1,0,Reacquire Wall,3413,0,0,0,0.0,0,0,0.0,0.0,42649,0,0,0.7931823134422302,0.21912133693695068,0.036887623369693756,0.20000000298023224,0.0,32766,363,1189,32766,2124,3.4310851097106934
2026-04-07T11:50:51.400,radio://0/80/2M,flow,1,0,Reacquire Wall,3413,0,0,0,0.0,0,0,0.0,0.0,42899,0,0,0.7931823134422302,0.23228435218334198,0.07141224294900894,0.20000000298023224,0.0,32766,363,1189,32766,2124,3.4310851097106934
2026-04-07T11:50:51.401,radio://0/80/2M,range,1,0,Reacquire Wall,3413,0,0,0,0.0,0,0,0.0,0.0,42899,0,0,0.7931823134422302,0.23228435218334198,0.07141224294900894,0.20000000298023224,0.0,1712,337,1210,32766,2131,3.420527935028076
2026-04-07T11:50:51.646,radio://0/80/2M,mission,1,0,Reacquire Wall,3413,0,0,0,0.0,0,0,0.0,0.0,42899,0,0,0.7901024222373962,0.23228435218334198,0.07141224294900894,0.20000000298023224,0.0,1712,337,1210,32766,2131,3.420527935028076
2026-04-07T11:50:51.649,radio://0/80/2M,flow,1,0,Reacquire Wall,3413,0,0,0,0.0,0,0,0.0,0.0,43149,0,0,0.7901024222373962,0.1829618364572525,0.045496489852666855,0.20000000298023224,0.0,1712,337,1210,32766,2131,3.420527935028076
2026-04-07T11:50:51.650,radio://0/80/2M,range,1,0,Reacquire Wall,3413,0,0,0,0.0,0,0,0.0,0.0,43149,0,0,0.7901024222373962,0.1829618364572525,0.045496489852666855,0.20000000298023224,0.0,32766,325,1223,32766,2129,3.4310851097106934
2026-04-07T11:50:51.897,radio://0/80/2M,mission,1,0,Reacquire Wall,3413,0,0,0,0.0,0,0,0.0,0.0,43149,0,0,0.7948095202445984,0.1829618364572525,0.045496489852666855,0.20000000298023224,0.0,32766,325,1223,32766,2129,3.4310851097106934
2026-04-07T11:50:51.900,radio://0/80/2M,flow,1,0,Reacquire Wall,3413,0,0,0,0.0,0,0,0.0,0.0,43399,-3,-3,0.7948095202445984,0.15711244940757751,0.02573760412633419,0.20000000298023224,0.0,32766,325,1223,32766,2129,3.4310851097106934
2026-04-07T11:50:51.901,radio://0/80/2M,range,1,0,Reacquire Wall,3413,0,0,0,0.0,0,0,0.0,0.0,43399,-3,-3,0.7948095202445984,0.15711244940757751,0.02573760412633419,0.20000000298023224,0.0,1593,320,1240,32766,2126,3.4310851097106934
2026-04-07T11:50:52.146,radio://0/80/2M,mission,1,0,Reacquire Wall,3413,0,0,0,0.0,0,0,0.0,0.0,43399,-3,-3,0.7977839112281799,0.15711244940757751,0.02573760412633419,0.20000000298023224,0.0,1593,320,1240,32766,2126,3.4310851097106934
2026-04-07T11:50:52.149,radio://0/80/2M,flow,1,0,Reacquire Wall,3413,0,0,0,0.0,0,0,0.0,0.0,43649,0,0,0.7977839112281799,0.18825924396514893,0.053377263247966766,0.20000000298023224,0.0,1593,320,1240,32766,2126,3.4310851097106934
2026-04-07T11:50:52.150,radio://0/80/2M,range,1,0,Reacquire Wall,3413,0,0,0,0.0,0,0,0.0,0.0,43649,0,0,0.7977839112281799,0.18825924396514893,0.053377263247966766,0.20000000298023224,0.0,1421,323,1248,32766,2123,3.4258065223693848
2026-04-07T11:50:52.395,radio://0/80/2M,mission,1,0,Reacquire Wall,3413,0,0,0,0.0,0,0,0.0,0.0,43649,0,0,0.7973411679267883,0.18825924396514893,0.053377263247966766,0.20000000298023224,0.0,1421,323,1248,32766,2123,3.4258065223693848
2026-04-07T11:50:52.399,radio://0/80/2M,flow,1,0,Reacquire Wall,3413,0,0,0,0.0,0,0,0.0,0.0,43899,0,-3,0.7973411679267883,0.16272948682308197,0.03909357637166977,0.20000000298023224,0.0,1421,323,1248,32766,2123,3.4258065223693848
2026-04-07T11:50:52.400,radio://0/80/2M,range,1,0,Reacquire Wall,3413,0,0,0,0.0,0,0,0.0,0.0,43899,0,-3,0.7973411679267883,0.16272948682308197,0.03909357637166977,0.20000000298023224,0.0,1729,301,1249,32766,2121,3.420527935028076
2026-04-07T11:50:52.646,radio://0/80/2M,mission,1,0,Reacquire Wall,3413,0,0,0,0.0,0,0,0.0,0.0,43899,0,-3,0.8004932403564453,0.16272948682308197,0.03909357637166977,0.20000000298023224,0.0,1729,301,1249,32766,2121,3.420527935028076
2026-04-07T11:50:52.648,radio://0/80/2M,flow,1,0,Reacquire Wall,3413,0,0,0,0.0,0,0,0.0,0.0,44149,1,1,0.8004932403564453,0.1885255128145218,-0.007524463813751936,0.20000000298023224,0.0,1729,301,1249,32766,2121,3.420527935028076
2026-04-07T11:50:52.649,radio://0/80/2M,range,1,0,Reacquire Wall,3413,0,0,0,0.0,0,0,0.0,0.0,44149,1,1,0.8004932403564453,0.1885255128145218,-0.007524463813751936,0.20000000298023224,0.0,1720,298,1254,32766,2123,3.4310851097106934
2026-04-07T11:50:52.896,radio://0/80/2M,mission,1,0,Reacquire Wall,3413,0,0,0,0.0,0,0,0.0,0.0,44149,1,1,0.8052383065223694,0.1885255128145218,-0.007524463813751936,0.20000000298023224,0.0,1720,298,1254,32766,2123,3.4310851097106934
2026-04-07T11:50:52.900,radio://0/80/2M,flow,1,0,Reacquire Wall,3413,0,0,0,0.0,0,0,0.0,0.0,44399,5,-6,0.8052383065223694,0.19502577185630798,0.0006589866243302822,0.20000000298023224,0.0,1720,298,1254,32766,2123,3.4310851097106934
2026-04-07T11:50:52.901,radio://0/80/2M,range,1,0,Reacquire Wall,3413,0,0,0,0.0,0,0,0.0,0.0,44399,5,-6,0.8052383065223694,0.19502577185630798,0.0006589866243302822,0.20000000298023224,0.0,1551,299,1254,32766,2117,3.4258065223693848
2026-04-07T11:50:53.145,radio://0/80/2M,mission,1,0,Reacquire Wall,3413,0,0,0,0.0,0,0,0.0,0.0,44399,5,-6,0.8042294979095459,0.19502577185630798,0.0006589866243302822,0.20000000298023224,0.0,1551,299,1254,32766,2117,3.4258065223693848
2026-04-07T11:50:53.148,radio://0/80/2M,flow,1,0,Reacquire Wall,3413,0,0,0,0.0,0,0,0.0,0.0,44649,0,0,0.8042294979095459,0.16761207580566406,-0.014556573703885078,0.20000000298023224,0.0,1551,299,1254,32766,2117,3.4258065223693848
2026-04-07T11:50:53.149,radio://0/80/2M,range,1,0,Reacquire Wall,3413,0,0,0,0.0,0,0,0.0,0.0,44649,0,0,0.8042294979095459,0.16761207580566406,-0.014556573703885078,0.20000000298023224,0.0,1714,293,1244,32766,2117,3.4258065223693848
2026-04-07T11:50:53.395,radio://0/80/2M,mission,1,0,Reacquire Wall,3413,0,0,0,0.0,0,0,0.0,0.0,44649,0,0,0.800983726978302,0.16761207580566406,-0.014556573703885078,0.20000000298023224,0.0,1714,293,1244,32766,2117,3.4258065223693848
2026-04-07T11:50:53.403,radio://0/80/2M,flow,1,0,Reacquire Wall,3413,0,0,0,0.0,0,0,0.0,0.0,44899,2,0,0.800983726978302,0.1741059571504593,-0.012029406614601612,0.20000000298023224,0.0,1714,293,1244,32766,2117,3.4258065223693848
2026-04-07T11:50:53.408,radio://0/80/2M,range,1,0,Reacquire Wall,3413,0,0,0,0.0,0,0,0.0,0.0,44899,2,0,0.800983726978302,0.1741059571504593,-0.012029406614601612,0.20000000298023224,0.0,1706,289,1242,32766,2122,3.4152493476867676
2026-04-07T11:50:53.646,radio://0/80/2M,mission,1,0,Reacquire Wall,3413,0,0,0,0.0,0,0,0.0,0.0,44899,2,0,0.7975193858146667,0.1741059571504593,-0.012029406614601612,0.20000000298023224,0.0,1706,289,1242,32766,2122,3.4152493476867676
2026-04-07T11:50:53.647,radio://0/80/2M,flow,1,0,Reacquire Wall,3413,0,0,0,0.0,0,0,0.0,0.0,45149,0,0,0.7975193858146667,0.19580531120300293,-0.02040952816605568,0.20000000298023224,0.0,1706,289,1242,32766,2122,3.4152493476867676
2026-04-07T11:50:53.648,radio://0/80/2M,range,1,0,Reacquire Wall,3413,0,0,0,0.0,0,0,0.0,0.0,45149,0,0,0.7975193858146667,0.19580531120300293,-0.02040952816605568,0.20000000298023224,0.0,1648,300,1242,32766,2126,3.4152493476867676
2026-04-07T11:50:53.895,radio://0/80/2M,mission,1,0,Reacquire Wall,3413,0,0,0,0.0,0,0,0.0,0.0,45149,0,0,0.8007200956344604,0.19580531120300293,-0.02040952816605568,0.20000000298023224,0.0,1648,300,1242,32766,2126,3.4152493476867676
2026-04-07T11:50:53.898,radio://0/80/2M,flow,1,0,Reacquire Wall,3413,0,0,0,0.0,0,0,0.0,0.0,45399,0,-1,0.8007200956344604,0.1955263465642929,-0.0011767282849177718,0.20000000298023224,0.0,1648,300,1242,32766,2126,3.4152493476867676
2026-04-07T11:50:53.899,radio://0/80/2M,range,1,0,Reacquire Wall,3413,0,0,0,0.0,0,0,0.0,0.0,45399,0,-1,0.8007200956344604,0.1955263465642929,-0.0011767282849177718,0.20000000298023224,0.0,1574,307,1235,32766,2126,3.420527935028076
2026-04-07T11:50:54.145,radio://0/80/2M,mission,1,0,Reacquire Wall,3413,0,0,0,0.0,0,0,0.0,0.0,45399,0,-1,0.8074588179588318,0.1955263465642929,-0.0011767282849177718,0.20000000298023224,0.0,1574,307,1235,32766,2126,3.420527935028076
2026-04-07T11:50:54.148,radio://0/80/2M,flow,1,0,Reacquire Wall,3413,0,0,0,0.0,0,0,0.0,0.0,45649,0,0,0.8074588179588318,0.17696304619312286,0.02425353042781353,0.20000000298023224,0.0,1574,307,1235,32766,2126,3.420527935028076
2026-04-07T11:50:54.149,radio://0/80/2M,range,1,0,Reacquire Wall,3413,0,0,0,0.0,0,0,0.0,0.0,45649,0,0,0.8074588179588318,0.17696304619312286,0.02425353042781353,0.20000000298023224,0.0,1495,304,1238,32766,2119,3.4258065223693848
2026-04-07T11:50:54.395,radio://0/80/2M,mission,1,0,Reacquire Wall,3413,0,0,0,0.0,0,0,0.0,0.0,45649,0,0,0.8025869727134705,0.17696304619312286,0.02425353042781353,0.20000000298023224,0.0,1495,304,1238,32766,2119,3.4258065223693848
2026-04-07T11:50:54.398,radio://0/80/2M,flow,1,0,Reacquire Wall,3413,0,0,0,0.0,0,0,0.0,0.0,45899,2,-1,0.8025869727134705,0.19977045059204102,0.028015093877911568,0.20000000298023224,0.0,1495,304,1238,32766,2119,3.4258065223693848
2026-04-07T11:50:54.399,radio://0/80/2M,range,1,0,Reacquire Wall,3413,0,0,0,0.0,0,0,0.0,0.0,45899,2,-1,0.8025869727134705,0.19977045059204102,0.028015093877911568,0.20000000298023224,0.0,1498,298,1250,32766,2114,3.409970760345459
2026-04-07T11:50:54.645,radio://0/80/2M,mission,1,0,Reacquire Wall,3413,0,0,0,0.0,0,0,0.0,0.0,45899,2,-1,0.8014357686042786,0.19977045059204102,0.028015093877911568,0.20000000298023224,0.0,1498,298,1250,32766,2114,3.409970760345459
2026-04-07T11:50:54.648,radio://0/80/2M,flow,1,0,Reacquire Wall,3413,0,0,0,0.0,0,0,0.0,0.0,46149,0,1,0.8014357686042786,0.1812545210123062,0.04173889756202698,0.20000000298023224,0.0,1498,298,1250,32766,2114,3.409970760345459
2026-04-07T11:50:54.650,radio://0/80/2M,range,1,0,Reacquire Wall,3413,0,0,0,0.0,0,0,0.0,0.0,46149,0,1,0.8014357686042786,0.1812545210123062,0.04173889756202698,0.20000000298023224,0.0,32766,299,1277,32766,2122,3.420527935028076
2026-04-07T11:50:54.894,radio://0/80/2M,mission,1,0,Reacquire Wall,3413,0,0,0,0.0,0,0,0.0,0.0,46149,0,1,0.8006696701049805,0.1812545210123062,0.04173889756202698,0.20000000298023224,0.0,32766,299,1277,32766,2122,3.420527935028076
2026-04-07T11:50:54.897,radio://0/80/2M,flow,1,0,Reacquire Wall,3626,0,0,0,0.0,0,0,0.0,0.0,46399,0,0,0.8006696701049805,0.16247908771038055,0.039322201162576675,0.20000000298023224,0.0,32766,299,1277,32766,2122,3.420527935028076
2026-04-07T11:50:54.898,radio://0/80/2M,range,1,0,Reacquire Wall,3626,0,0,0,0.0,0,0,0.0,0.0,46399,0,0,0.8006696701049805,0.16247908771038055,0.039322201162576675,0.20000000298023224,0.0,863,302,32766,32766,2124,3.4152493476867676
2026-04-07T11:50:55.144,radio://0/80/2M,mission,1,0,Reacquire Wall,3626,0,0,0,0.0,0,0,0.0,0.0,46399,0,0,0.7979024052619934,0.16247908771038055,0.039322201162576675,0.20000000298023224,0.0,863,302,32766,32766,2124,3.4152493476867676
2026-04-07T11:50:55.146,radio://0/80/2M,flow,1,0,Reacquire Wall,3626,0,0,0,0.0,0,0,0.0,0.0,46649,-1,0,0.7979024052619934,0.13778027892112732,0.06288421154022217,0.20000000298023224,0.0,863,302,32766,32766,2124,3.4152493476867676
2026-04-07T11:50:55.147,radio://0/80/2M,range,1,0,Reacquire Wall,3626,0,0,0,0.0,0,0,0.0,0.0,46649,-1,0,0.7979024052619934,0.13778027892112732,0.06288421154022217,0.20000000298023224,0.0,839,295,32766,32766,2128,3.4152493476867676
2026-04-07T11:50:55.394,radio://0/80/2M,mission,1,0,Reacquire Wall,3626,0,0,0,0.0,0,0,0.0,0.0,46649,-1,0,0.7999828457832336,0.13778027892112732,0.06288421154022217,0.20000000298023224,0.0,839,295,32766,32766,2128,3.4152493476867676
2026-04-07T11:50:55.396,radio://0/80/2M,flow,1,0,Reacquire Wall,3852,0,0,0,0.0,0,0,0.0,0.0,46899,0,-1,0.7999828457832336,0.16464349627494812,0.07567363232374191,0.20000000298023224,0.0,839,295,32766,32766,2128,3.4152493476867676
2026-04-07T11:50:55.397,radio://0/80/2M,range,1,0,Reacquire Wall,3852,0,0,0,0.0,0,0,0.0,0.0,46899,0,-1,0.7999828457832336,0.16464349627494812,0.07567363232374191,0.20000000298023224,0.0,835,268,32766,32766,2125,3.4152493476867676
2026-04-07T11:50:55.644,radio://0/80/2M,mission,1,0,Reacquire Wall,3852,0,0,0,0.0,0,0,0.0,0.0,46899,0,-1,0.7937373518943787,0.16464349627494812,0.07567363232374191,0.20000000298023224,0.0,835,268,32766,32766,2125,3.4152493476867676
2026-04-07T11:50:55.647,radio://0/80/2M,flow,1,0,Reacquire Wall,4092,0,0,0,0.0,0,0,0.0,0.0,47149,0,-1,0.7937373518943787,0.19666801393032074,0.06850605458021164,0.20000000298023224,0.0,835,268,32766,32766,2125,3.4152493476867676
2026-04-07T11:50:55.648,radio://0/80/2M,range,1,0,Reacquire Wall,4092,0,0,0,0.0,0,0,0.0,0.0,47149,0,-1,0.7937373518943787,0.19666801393032074,0.06850605458021164,0.20000000298023224,0.0,933,244,32766,32766,2130,3.409970760345459
2026-04-07T11:50:55.894,radio://0/80/2M,mission,1,0,Reacquire Wall,4092,0,0,0,0.0,0,0,0.0,0.0,47149,0,-1,0.7986454367637634,0.19666801393032074,0.06850605458021164,0.20000000298023224,0.0,933,244,32766,32766,2130,3.409970760345459
2026-04-07T11:50:55.895,radio://0/80/2M,flow,1,0,Reacquire Wall,4347,0,0,0,0.0,0,0,0.0,0.0,47399,0,0,0.7986454367637634,0.2199951410293579,0.052829671651124954,0.20000000298023224,0.0,933,244,32766,32766,2130,3.409970760345459
2026-04-07T11:50:55.897,radio://0/80/2M,range,1,0,Reacquire Wall,4347,0,0,0,0.0,0,0,0.0,0.0,47399,0,0,0.7986454367637634,0.2199951410293579,0.052829671651124954,0.20000000298023224,0.0,931,211,2574,32766,2124,3.420527935028076
2026-04-07T11:50:56.143,radio://0/80/2M,mission,1,5,Transition,4347,0,0,0,0.0,0,0,0.0,0.0,47399,0,0,0.8013787269592285,0.2199951410293579,0.052829671651124954,0.20000000298023224,0.0,931,211,2574,32766,2124,3.420527935028076
2026-04-07T11:50:56.146,radio://0/80/2M,flow,1,5,Transition,4618,0,0,0,0.0,0,0,0.0,0.0,47649,0,-1,0.8013787269592285,0.20924974977970123,0.035768091678619385,0.0,0.0,931,211,2574,32766,2124,3.420527935028076
2026-04-07T11:50:56.147,radio://0/80/2M,range,1,5,Transition,4618,0,0,0,0.0,0,0,0.0,0.0,47649,0,-1,0.8013787269592285,0.20924974977970123,0.035768091678619385,0.0,0.0,1006,183,2588,32766,2122,3.4152493476867676
2026-04-07T11:50:56.393,radio://0/80/2M,mission,1,5,Transition,4618,0,0,0,0.0,0,0,0.0,0.0,47649,0,-1,0.8100028038024902,0.20924974977970123,0.035768091678619385,0.0,0.0,1006,183,2588,32766,2122,3.4152493476867676
2026-04-07T11:50:56.396,radio://0/80/2M,flow,1,5,Transition,4906,0,0,0,0.0,0,0,0.0,0.0,47899,0,2,0.8100028038024902,0.0636826679110527,0.00833094585686922,0.0,0.0,1006,183,2588,32766,2122,3.4152493476867676
2026-04-07T11:50:56.397,radio://0/80/2M,range,1,5,Transition,4906,0,0,0,0.0,0,0,0.0,0.0,47899,0,2,0.8100028038024902,0.0636826679110527,0.00833094585686922,0.0,0.0,1209,142,2574,32766,2124,3.420527935028076
2026-04-07T11:50:56.643,radio://0/80/2M,mission,1,2,Scan,4906,0,0,0,0.0,0,0,0.0,0.0,47899,0,2,0.7894414067268372,0.0636826679110527,0.00833094585686922,0.0,0.0,1209,142,2574,32766,2124,3.420527935028076
2026-04-07T11:50:56.645,radio://0/80/2M,flow,1,2,Scan,5212,0,0,0,0.0,0,0,0.0,0.0,48149,0,0,0.7894414067268372,-0.028822574764490128,-0.06995667517185211,0.0,-0.21719999611377716,1209,142,2574,32766,2124,3.420527935028076
2026-04-07T11:50:56.646,radio://0/80/2M,range,1,2,Scan,5212,0,0,0,0.0,0,0,0.0,0.0,48149,0,0,0.7894414067268372,-0.028822574764490128,-0.06995667517185211,0.0,-0.21719999611377716,1196,138,2592,32766,2128,3.3888564109802246
2026-04-07T11:50:56.894,radio://0/80/2M,mission,1,2,Scan,5212,0,0,0,0.0,0,0,0.0,0.0,48149,0,0,0.7927099466323853,-0.028822574764490128,-0.06995667517185211,0.0,-0.21719999611377716,1196,138,2592,32766,2128,3.3888564109802246
2026-04-07T11:50:56.895,radio://0/80/2M,flow,1,2,Scan,5212,0,0,0,0.0,0,0,0.0,0.0,48399,3,0,0.7927099466323853,0.016727900132536888,-0.21934811770915985,0.0,-0.20160000026226044,1196,138,2592,32766,2128,3.3888564109802246
2026-04-07T11:50:56.897,radio://0/80/2M,range,1,2,Scan,5212,0,0,0,0.0,0,0,0.0,0.0,48399,3,0,0.7927099466323853,0.016727900132536888,-0.21934811770915985,0.0,-0.20160000026226044,684,164,32766,32766,2131,3.4152493476867676
2026-04-07T11:50:57.143,radio://0/80/2M,mission,1,2,Scan,5212,0,0,0,0.0,0,0,0.0,0.0,48399,3,0,0.8138337731361389,0.016727900132536888,-0.21934811770915985,0.0,-0.20160000026226044,684,164,32766,32766,2131,3.4152493476867676
2026-04-07T11:50:57.145,radio://0/80/2M,flow,1,2,Scan,4582,0,0,0,0.0,0,0,0.0,0.0,48649,0,0,0.8138337731361389,0.07885579019784927,-0.2508077621459961,0.0,-0.16260001063346863,684,164,32766,32766,2131,3.4152493476867676
2026-04-07T11:50:57.146,radio://0/80/2M,range,1,2,Scan,4582,0,0,0,0.0,0,0,0.0,0.0,48649,0,0,0.8138337731361389,0.07885579019784927,-0.2508077621459961,0.0,-0.16260001063346863,588,229,32766,32766,2117,3.4310851097106934
2026-04-07T11:50:57.393,radio://0/80/2M,mission,1,2,Scan,4582,0,0,0,0.0,0,0,0.0,0.0,48649,0,0,0.8046625256538391,0.07885579019784927,-0.2508077621459961,0.0,-0.16260001063346863,588,229,32766,32766,2117,3.4310851097106934
2026-04-07T11:50:57.396,radio://0/80/2M,flow,1,2,Scan,4296,0,0,0,0.0,0,0,0.0,0.0,48899,1,-1,0.8046625256538391,0.08730290830135345,-0.17341220378875732,-0.012599999085068703,-0.10461360961198807,588,229,32766,32766,2117,3.4310851097106934
2026-04-07T11:50:57.397,radio://0/80/2M,range,1,2,Scan,4296,0,0,0,0.0,0,0,0.0,0.0,48899,1,-1,0.8046625256538391,0.08730290830135345,-0.17341220378875732,-0.012599999085068703,-0.10461360961198807,479,318,32766,32766,2121,3.394134998321533
2026-04-07T11:50:57.643,radio://0/80/2M,mission,1,2,Scan,4296,0,0,0,0.0,0,0,0.0,0.0,48899,1,-1,0.799525797367096,0.08730290830135345,-0.17341220378875732,-0.012599999085068703,-0.10461360961198807,479,318,32766,32766,2121,3.394134998321533
2026-04-07T11:50:57.646,radio://0/80/2M,flow,1,2,Scan,4296,0,0,0,0.0,0,0,0.0,0.0,49149,-2,-2,0.799525797367096,0.0941791757941246,-0.04560090973973274,-0.06120000034570694,-0.06447599828243256,479,318,32766,32766,2121,3.394134998321533
2026-04-07T11:50:57.647,radio://0/80/2M,range,1,2,Scan,4296,0,0,0,0.0,0,0,0.0,0.0,49149,-2,-2,0.799525797367096,0.0941791757941246,-0.04560090973973274,-0.06120000034570694,-0.06447599828243256,398,365,32766,32766,2130,3.4046921730041504
2026-04-07T11:50:57.892,radio://0/80/2M,mission,1,2,Scan,4296,0,0,0,0.0,0,0,0.0,0.0,49149,-2,-2,0.7996341586112976,0.0941791757941246,-0.04560090973973274,-0.06120000034570694,-0.06447599828243256,398,365,32766,32766,2130,3.4046921730041504
2026-04-07T11:50:57.895,radio://0/80/2M,flow,1,2,Scan,4564,0,0,0,0.0,0,0,0.0,0.0,49399,0,0,0.7996341586112976,0.018495339900255203,-0.037447668612003326,-0.11820000410079956,-0.023997606709599495,398,365,32766,32766,2130,3.4046921730041504
2026-04-07T11:50:57.896,radio://0/80/2M,range,1,2,Scan,4564,0,0,0,0.0,0,0,0.0,0.0,49399,0,0,0.7996341586112976,0.018495339900255203,-0.037447668612003326,-0.11820000410079956,-0.023997606709599495,303,434,1549,32766,2131,3.4046921730041504
2026-04-07T11:50:58.141,radio://0/80/2M,mission,1,2,Scan,4564,0,0,0,0.0,0,0,0.0,0.0,49399,0,0,0.8012032508850098,0.018495339900255203,-0.037447668612003326,-0.11820000410079956,-0.023997606709599495,303,434,1549,32766,2131,3.4046921730041504
2026-04-07T11:50:58.144,radio://0/80/2M,flow,1,2,Scan,4564,0,0,0,0.0,0,0,0.0,0.0,49649,0,0,0.8012032508850098,-0.035673268139362335,-0.09507321566343307,-0.12780000269412994,0.0,303,434,1549,32766,2131,3.4046921730041504
2026-04-07T11:50:58.145,radio://0/80/2M,range,1,2,Scan,4564,0,0,0,0.0,0,0,0.0,0.0,49649,0,0,0.8012032508850098,-0.035673268139362335,-0.09507321566343307,-0.12780000269412994,0.0,287,558,1463,1372,2131,3.4046921730041504
2026-04-07T11:50:58.392,radio://0/80/2M,mission,1,2,Scan,4564,0,0,0,0.0,0,0,0.0,0.0,49649,0,0,0.7972302436828613,-0.035673268139362335,-0.09507321566343307,-0.12780000269412994,0.0,287,558,1463,1372,2131,3.4046921730041504
2026-04-07T11:50:58.394,radio://0/80/2M,flow,1,2,Scan,4564,0,0,0,0.0,0,0,0.0,0.0,49899,-1,1,0.7972302436828613,-0.13043229281902313,-0.10904305428266525,-0.15359999239444733,0.0,287,558,1463,1372,2131,3.4046921730041504
2026-04-07T11:50:58.395,radio://0/80/2M,range,1,2,Scan,4564,0,0,0,0.0,0,0,0.0,0.0,49899,-1,1,0.7972302436828613,-0.13043229281902313,-0.10904305428266525,-0.15359999239444733,0.0,244,735,1374,1315,2126,3.399413585662842
2026-04-07T11:50:58.641,radio://0/80/2M,mission,1,2,Scan,4564,0,0,0,0.0,0,0,0.0,0.0,49899,-1,1,0.7985945343971252,-0.13043229281902313,-0.10904305428266525,-0.15359999239444733,0.0,244,735,1374,1315,2126,3.399413585662842
2026-04-07T11:50:58.644,radio://0/80/2M,flow,1,2,Scan,4564,0,0,0,0.0,0,0,0.0,0.0,50149,-1,1,0.7985945343971252,-0.10063855350017548,-0.1556888371706009,-0.16260001063346863,0.0,244,735,1374,1315,2126,3.399413585662842
2026-04-07T11:50:58.645,radio://0/80/2M,range,1,2,Scan,4564,0,0,0,0.0,0,0,0.0,0.0,50149,-1,1,0.7985945343971252,-0.10063855350017548,-0.1556888371706009,-0.16260001063346863,0.0,229,2292,1351,1277,2128,3.399413585662842
2026-04-07T11:50:58.891,radio://0/80/2M,mission,1,2,Scan,4564,0,0,0,0.0,0,0,0.0,0.0,50149,-1,1,0.8019828796386719,-0.10063855350017548,-0.1556888371706009,-0.16260001063346863,0.0,229,2292,1351,1277,2128,3.399413585662842
2026-04-07T11:50:58.894,radio://0/80/2M,flow,1,2,Scan,4564,0,0,0,0.0,0,0,0.0,0.0,50399,0,2,0.8019828796386719,-0.010290231555700302,-0.18558506667613983,-0.16140000522136688,0.0,229,2292,1351,1277,2128,3.399413585662842
2026-04-07T11:50:58.895,radio://0/80/2M,range,1,2,Scan,4564,0,0,0,0.0,0,0,0.0,0.0,50399,0,2,0.8019828796386719,-0.010290231555700302,-0.18558506667613983,-0.16140000522136688,0.0,231,32766,1339,1302,2128,3.409970760345459
2026-04-07T11:50:59.144,radio://0/80/2M,mission,1,2,Scan,4564,0,0,0,0.0,0,0,0.0,0.0,50399,0,2,0.7991477251052856,-0.010290231555700302,-0.18558506667613983,-0.16140000522136688,0.0,231,32766,1339,1302,2128,3.409970760345459
2026-04-07T11:50:59.156,radio://0/80/2M,flow,1,2,Scan,4564,0,0,0,0.0,0,0,0.0,0.0,50649,3,0,0.7991477251052856,0.02656584419310093,-0.20436280965805054,-0.16140000522136688,0.0,231,32766,1339,1302,2128,3.409970760345459
2026-04-07T11:50:59.157,radio://0/80/2M,range,1,2,Scan,4564,0,0,0,0.0,0,0,0.0,0.0,50649,3,0,0.7991477251052856,0.02656584419310093,-0.20436280965805054,-0.16140000522136688,0.0,231,32766,1332,32766,2124,3.399413585662842
2026-04-07T11:50:59.391,radio://0/80/2M,mission,1,2,Scan,4564,0,0,0,0.0,0,0,0.0,0.0,50649,3,0,0.8021116852760315,0.02656584419310093,-0.20436280965805054,-0.16140000522136688,0.0,231,32766,1332,32766,2124,3.399413585662842
2026-04-07T11:50:59.393,radio://0/80/2M,flow,1,2,Scan,4564,0,0,0,0.0,0,0,0.0,0.0,50899,0,0,0.8021116852760315,0.06995983421802521,-0.11711465567350388,-0.15480001270771027,0.0,231,32766,1332,32766,2124,3.399413585662842
2026-04-07T11:50:59.394,radio://0/80/2M,range,1,2,Scan,4564,0,0,0,0.0,0,0,0.0,0.0,50899,0,0,0.8021116852760315,0.06995983421802521,-0.11711465567350388,-0.15480001270771027,0.0,242,32766,32766,32766,2121,3.4046921730041504
2026-04-07T11:50:59.640,radio://0/80/2M,mission,1,2,Scan,4564,0,0,0,0.0,0,0,0.0,0.0,50899,0,0,0.8044262528419495,0.06995983421802521,-0.11711465567350388,-0.15480001270771027,0.0,242,32766,32766,32766,2121,3.4046921730041504
2026-04-07T11:50:59.643,radio://0/80/2M,flow,1,2,Scan,4564,0,0,0,0.0,0,0,0.0,0.0,51149,0,-1,0.8044262528419495,0.023648468777537346,-0.06675689667463303,-0.15540000796318054,0.0,242,32766,32766,32766,2121,3.4046921730041504
2026-04-07T11:50:59.644,radio://0/80/2M,range,1,2,Scan,4564,0,0,0,0.0,0,0,0.0,0.0,51149,0,-1,0.8044262528419495,0.023648468777537346,-0.06675689667463303,-0.15540000796318054,0.0,241,32766,571,32766,2119,3.4046921730041504
2026-04-07T11:50:59.890,radio://0/80/2M,mission,1,2,Scan,4564,0,0,0,0.0,0,0,0.0,0.0,51149,0,-1,0.8040408492088318,0.023648468777537346,-0.06675689667463303,-0.15540000796318054,0.0,241,32766,571,32766,2119,3.4046921730041504
2026-04-07T11:50:59.896,radio://0/80/2M,flow,1,2,Scan,4849,0,0,0,0.0,0,0,0.0,0.0,51399,2,0,0.8040408492088318,0.012440608814358711,-0.08151788264513016,-0.13440001010894775,0.042600005865097046,241,32766,571,32766,2119,3.4046921730041504
2026-04-07T11:50:59.900,radio://0/80/2M,range,1,2,Scan,4849,0,0,0,0.0,0,0,0.0,0.0,51399,2,0,0.8040408492088318,0.012440608814358711,-0.08151788264513016,-0.13440001010894775,0.042600005865097046,276,32766,386,32766,2124,3.4046921730041504
2026-04-07T11:51:00.140,radio://0/80/2M,mission,1,2,Scan,4849,0,0,0,0.0,0,0,0.0,0.0,51399,2,0,0.8034507632255554,0.012440608814358711,-0.08151788264513016,-0.13440001010894775,0.042600005865097046,276,32766,386,32766,2124,3.4046921730041504
2026-04-07T11:51:00.143,radio://0/80/2M,flow,1,2,Scan,4849,0,0,0,0.0,0,0,0.0,0.0,51649,0,0,0.8034507632255554,0.01174534298479557,-0.14863988757133484,-0.09359999746084213,0.11699999868869781,276,32766,386,32766,2124,3.4046921730041504
2026-04-07T11:51:00.144,radio://0/80/2M,range,1,2,Scan,4849,0,0,0,0.0,0,0,0.0,0.0,51649,0,0,0.8034507632255554,0.01174534298479557,-0.14863988757133484,-0.09359999746084213,0.11699999868869781,344,32766,305,32766,2119,3.399413585662842
2026-04-07T11:51:00.390,radio://0/80/2M,mission,1,2,Scan,4849,0,0,0,0.0,0,0,0.0,0.0,51649,0,0,0.7989556193351746,0.01174534298479557,-0.14863988757133484,-0.09359999746084213,0.11699999868869781,344,32766,305,32766,2119,3.399413585662842
2026-04-07T11:51:00.393,radio://0/80/2M,flow,1,2,Scan,4849,0,0,0,0.0,0,0,0.0,0.0,51899,0,0,0.7989556193351746,-0.03981000557541847,-0.1577155441045761,-0.03720000386238098,0.12839999794960022,344,32766,305,32766,2119,3.399413585662842
2026-04-07T11:51:00.394,radio://0/80/2M,range,1,2,Scan,4849,0,0,0,0.0,0,0,0.0,0.0,51899,0,0,0.7989556193351746,-0.03981000557541847,-0.1577155441045761,-0.03720000386238098,0.12839999794960022,438,32766,284,1526,2120,3.399413585662842
2026-04-07T11:51:00.640,radio://0/80/2M,mission,1,2,Scan,4849,0,0,0,0.0,0,0,0.0,0.0,51899,0,0,0.8003915548324585,-0.03981000557541847,-0.1577155441045761,-0.03720000386238098,0.12839999794960022,438,32766,284,1526,2120,3.399413585662842
2026-04-07T11:51:00.642,radio://0/80/2M,flow,1,2,Scan,4849,0,0,0,0.0,0,0,0.0,0.0,52149,0,-1,0.8003915548324585,-0.06626502424478531,-0.11722026020288467,0.0,0.13020001351833344,438,32766,284,1526,2120,3.399413585662842
2026-04-07T11:51:00.643,radio://0/80/2M,range,1,2,Scan,4849,0,0,0,0.0,0,0,0.0,0.0,52149,0,-1,0.8003915548324585,-0.06626502424478531,-0.11722026020288467,0.0,0.13020001351833344,577,1354,283,1464,2132,3.399413585662842
2026-04-07T11:51:00.890,radio://0/80/2M,mission,1,2,Scan,4849,0,0,0,0.0,0,0,0.0,0.0,52149,0,-1,0.7964814901351929,-0.06626502424478531,-0.11722026020288467,0.0,0.13020001351833344,577,1354,283,1464,2132,3.399413585662842
2026-04-07T11:51:00.893,radio://0/80/2M,flow,1,2,Scan,4546,0,0,0,0.0,0,0,0.0,0.0,52399,2,0,0.7964814901351929,-0.06966370344161987,-0.07433020323514938,0.0,0.14400000870227814,577,1354,283,1464,2132,3.399413585662842
2026-04-07T11:51:00.895,radio://0/80/2M,range,1,2,Scan,4546,0,0,0,0.0,0,0,0.0,0.0,52399,2,0,0.7964814901351929,-0.06966370344161987,-0.07433020323514938,0.0,0.14400000870227814,711,1303,245,1395,2122,3.3888564109802246
2026-04-07T11:51:01.141,radio://0/80/2M,mission,1,2,Scan,4546,0,0,0,0.0,0,0,0.0,0.0,52399,2,0,0.7969112396240234,-0.06966370344161987,-0.07433020323514938,0.0,0.14400000870227814,711,1303,245,1395,2122,3.3888564109802246
2026-04-07T11:51:01.142,radio://0/80/2M,flow,1,2,Scan,4546,0,0,0,0.0,0,0,0.0,0.0,52649,1,0,0.7969112396240234,-0.017841726541519165,-0.04161518067121506,0.0,0.1656000018119812,711,1303,245,1395,2122,3.3888564109802246
2026-04-07T11:51:01.144,radio://0/80/2M,range,1,2,Scan,4546,0,0,0,0.0,0,0,0.0,0.0,52649,1,0,0.7969112396240234,-0.017841726541519165,-0.04161518067121506,0.0,0.1656000018119812,32766,1273,224,1370,2122,3.399413585662842
2026-04-07T11:51:01.389,radio://0/80/2M,mission,1,2,Scan,4546,0,0,0,0.0,0,0,0.0,0.0,52649,1,0,0.7936733365058899,-0.017841726541519165,-0.04161518067121506,0.0,0.1656000018119812,32766,1273,224,1370,2122,3.399413585662842
2026-04-07T11:51:01.392,radio://0/80/2M,flow,1,2,Scan,4546,0,0,0,0.0,0,0,0.0,0.0,52899,-1,-2,0.7936733365058899,0.001462747110053897,-0.1545112282037735,0.0,0.1680000126361847,32766,1273,224,1370,2122,3.399413585662842
2026-04-07T11:51:01.393,radio://0/80/2M,range,1,2,Scan,4546,0,0,0,0.0,0,0,0.0,0.0,52899,-1,-2,0.7936733365058899,0.001462747110053897,-0.1545112282037735,0.0,0.1680000126361847,32766,1311,236,1388,2139,3.394134998321533
2026-04-07T11:51:01.639,radio://0/80/2M,mission,1,2,Scan,4546,0,0,0,0.0,0,0,0.0,0.0,52899,-1,-2,0.7938411831855774,0.001462747110053897,-0.1545112282037735,0.0,0.1680000126361847,32766,1311,236,1388,2139,3.394134998321533
2026-04-07T11:51:01.642,radio://0/80/2M,flow,1,2,Scan,4262,0,0,0,0.0,0,0,0.0,0.0,53149,-5,0,0.7938411831855774,-0.016966471448540688,-0.17926716804504395,0.0,0.13980001211166382,32766,1311,236,1388,2139,3.394134998321533
2026-04-07T11:51:01.643,radio://0/80/2M,range,1,2,Scan,4262,0,0,0,0.0,0,0,0.0,0.0,53149,-5,0,0.7938411831855774,-0.016966471448540688,-0.17926716804504395,0.0,0.13980001211166382,32766,2551,267,1354,2127,3.394134998321533
2026-04-07T11:51:01.889,radio://0/80/2M,mission,1,2,Scan,4262,0,0,0,0.0,0,0,0.0,0.0,53149,-5,0,0.7961437702178955,-0.016966471448540688,-0.17926716804504395,0.0,0.13980001211166382,32766,2551,267,1354,2127,3.394134998321533
2026-04-07T11:51:01.891,radio://0/80/2M,flow,1,2,Scan,3996,0,0,0,0.0,0,0,0.0,0.0,53399,0,0,0.7961437702178955,-0.03658081218600273,-0.12722115218639374,0.0,0.10260000824928284,32766,2551,267,1354,2127,3.394134998321533
2026-04-07T11:51:01.892,radio://0/80/2M,range,1,2,Scan,3996,0,0,0,0.0,0,0,0.0,0.0,53399,0,0,0.7961437702178955,-0.03658081218600273,-0.12722115218639374,0.0,0.10260000824928284,32766,32766,346,796,2128,3.394134998321533
2026-04-07T11:51:02.138,radio://0/80/2M,mission,1,2,Scan,3996,0,0,0,0.0,0,0,0.0,0.0,53399,0,0,0.7964909076690674,-0.03658081218600273,-0.12722115218639374,0.0,0.10260000824928284,32766,32766,346,796,2128,3.394134998321533
2026-04-07T11:51:02.141,radio://0/80/2M,flow,1,2,Scan,3996,0,0,0,0.0,0,0,0.0,0.0,53649,1,-3,0.7964909076690674,0.001198672573082149,-0.05408002436161041,0.0,0.06360000371932983,32766,32766,346,796,2128,3.394134998321533
2026-04-07T11:51:02.142,radio://0/80/2M,range,1,2,Scan,3996,0,0,0,0.0,0,0,0.0,0.0,53649,1,-3,0.7964909076690674,0.001198672573082149,-0.05408002436161041,0.0,0.06360000371932983,32766,32766,394,644,2122,3.3888564109802246
2026-04-07T11:51:02.396,radio://0/80/2M,mission,1,2,Scan,3996,0,0,0,0.0,0,0,0.0,0.0,53649,1,-3,0.7956423163414001,0.001198672573082149,-0.05408002436161041,0.0,0.06360000371932983,32766,32766,394,644,2122,3.3888564109802246
2026-04-07T11:51:02.404,radio://0/80/2M,flow,1,2,Scan,3996,0,0,0,0.0,0,0,0.0,0.0,53899,0,0,0.7956423163414001,-7.515658580814488e-06,-0.020435525104403496,0.0012000025017187,0.03239999711513519,32766,32766,394,644,2122,3.3888564109802246
2026-04-07T11:51:02.405,radio://0/80/2M,range,1,2,Scan,3996,0,0,0,0.0,0,0,0.0,0.0,53899,0,0,0.7956423163414001,-7.515658580814488e-06,-0.020435525104403496,0.0012000025017187,0.03239999711513519,32766,32766,473,498,2125,3.3888564109802246
2026-04-07T11:51:02.638,radio://0/80/2M,mission,1,2,Scan,3996,0,0,0,0.0,0,0,0.0,0.0,53899,0,0,0.7976889610290527,-7.515658580814488e-06,-0.020435525104403496,0.0012000025017187,0.03239999711513519,32766,32766,473,498,2125,3.3888564109802246
2026-04-07T11:51:02.641,radio://0/80/2M,flow,1,2,Scan,3996,0,0,0,0.0,0,0,0.0,0.0,54149,0,-3,0.7976889610290527,-0.05635784938931465,-0.012168855406343937,0.02760000340640545,0.0,32766,32766,473,498,2125,3.3888564109802246
2026-04-07T11:51:02.642,radio://0/80/2M,range,1,2,Scan,3996,0,0,0,0.0,0,0,0.0,0.0,54149,0,-3,0.7976889610290527,-0.05635784938931465,-0.012168855406343937,0.02760000340640545,0.0,32766,32766,566,454,2128,3.394134998321533
2026-04-07T11:51:02.888,radio://0/80/2M,mission,1,2,Scan,3996,0,0,0,0.0,0,0,0.0,0.0,54149,0,-3,0.8008666038513184,-0.05635784938931465,-0.012168855406343937,0.02760000340640545,0.0,32766,32766,566,454,2128,3.394134998321533
2026-04-07T11:51:02.890,radio://0/80/2M,flow,1,2,Scan,3996,0,0,0,0.0,0,0,0.0,0.0,54399,9,0,0.8008666038513184,-0.019300632178783417,-0.03800610452890396,0.06419999897480011,0.0,32766,32766,566,454,2128,3.394134998321533
2026-04-07T11:51:02.891,radio://0/80/2M,range,1,2,Scan,3996,0,0,0,0.0,0,0,0.0,0.0,54399,9,0,0.8008666038513184,-0.019300632178783417,-0.03800610452890396,0.06419999897480011,0.0,32766,1638,708,393,2123,3.394134998321533
2026-04-07T11:51:03.137,radio://0/80/2M,mission,1,2,Scan,3996,0,0,0,0.0,0,0,0.0,0.0,54399,9,0,0.8025456070899963,-0.019300632178783417,-0.03800610452890396,0.06419999897480011,0.0,32766,1638,708,393,2123,3.394134998321533
2026-04-07T11:51:03.140,radio://0/80/2M,flow,1,2,Scan,3996,0,0,0,0.0,0,0,0.0,0.0,54649,0,-1,0.8025456070899963,-0.017640812322497368,-0.07712879031896591,0.07440000772476196,0.0,32766,1638,708,393,2123,3.394134998321533
2026-04-07T11:51:03.142,radio://0/80/2M,range,1,2,Scan,3996,0,0,0,0.0,0,0,0.0,0.0,54649,0,-1,0.8025456070899963,-0.017640812322497368,-0.07712879031896591,0.07440000772476196,0.0,1176,1573,1003,376,2114,3.3888564109802246
2026-04-07T11:51:03.387,radio://0/80/2M,mission,1,2,Scan,3996,0,0,0,0.0,0,0,0.0,0.0,54649,0,-1,0.8060353994369507,-0.017640812322497368,-0.07712879031896591,0.07440000772476196,0.0,1176,1573,1003,376,2114,3.3888564109802246
2026-04-07T11:51:03.390,radio://0/80/2M,flow,1,2,Scan,3747,0,0,0,0.0,0,0,0.0,0.0,54899,0,-1,0.8060353994369507,-0.018239041790366173,-0.10491574555635452,0.06060000881552696,0.0,1176,1573,1003,376,2114,3.3888564109802246
2026-04-07T11:51:03.391,radio://0/80/2M,range,1,2,Scan,3747,0,0,0,0.0,0,0,0.0,0.0,54899,0,-1,0.8060353994369507,-0.018239041790366173,-0.10491574555635452,0.06060000881552696,0.0,1109,1486,32766,399,2110,3.394134998321533
2026-04-07T11:51:03.640,radio://0/80/2M,mission,1,2,Scan,3747,0,0,0,0.0,0,0,0.0,0.0,54899,0,-1,0.8045685887336731,-0.018239041790366173,-0.10491574555635452,0.06060000881552696,0.0,1109,1486,32766,399,2110,3.394134998321533
2026-04-07T11:51:03.643,radio://0/80/2M,flow,1,2,Scan,3747,0,0,0,0.0,0,0,0.0,0.0,55149,0,-3,0.8045685887336731,0.011599053628742695,-0.10833268612623215,0.03720000386238098,0.0,1109,1486,32766,399,2110,3.394134998321533
2026-04-07T11:51:03.645,radio://0/80/2M,range,1,2,Scan,3747,0,0,0,0.0,0,0,0.0,0.0,55149,0,-3,0.8045685887336731,0.011599053628742695,-0.10833268612623215,0.03720000386238098,0.0,1066,1474,32766,438,2116,3.383577823638916
2026-04-07T11:51:03.887,radio://0/80/2M,mission,1,2,Scan,3747,0,0,0,0.0,0,0,0.0,0.0,55149,0,-3,0.8039594292640686,0.011599053628742695,-0.10833268612623215,0.03720000386238098,0.0,1066,1474,32766,438,2116,3.383577823638916
2026-04-07T11:51:03.889,radio://0/80/2M,flow,1,2,Scan,3747,0,0,0,0.0,0,0,0.0,0.0,55399,-11,-2,0.8039594292640686,0.0022604300174862146,-0.010073423385620117,0.004799991846084595,0.0,1066,1474,32766,438,2116,3.383577823638916
2026-04-07T11:51:03.890,radio://0/80/2M,range,1,2,Scan,3747,0,0,0,0.0,0,0,0.0,0.0,55399,-11,-2,0.8039594292640686,0.0022604300174862146,-0.010073423385620117,0.004799991846084595,0.0,1038,1495,32766,492,2118,3.383577823638916
2026-04-07T11:51:04.136,radio://0/80/2M,mission,1,2,Scan,3747,0,0,0,0.0,0,0,0.0,0.0,55399,-11,-2,0.82394939661026,0.0022604300174862146,-0.010073423385620117,0.004799991846084595,0.0,1038,1495,32766,492,2118,3.383577823638916
2026-04-07T11:51:04.140,radio://0/80/2M,flow,1,2,Scan,3513,0,0,0,0.0,0,0,0.0,0.0,55649,3,-3,0.82394939661026,0.18167583644390106,0.23787352442741394,0.0,0.0,1038,1495,32766,492,2118,3.383577823638916
2026-04-07T11:51:04.141,radio://0/80/2M,range,1,2,Scan,3513,0,0,0,0.0,0,0,0.0,0.0,55649,3,-3,0.82394939661026,0.18167583644390106,0.23787352442741394,0.0,0.0,1072,1535,32766,521,2119,3.409970760345459
2026-04-07T11:51:04.386,radio://0/80/2M,mission,1,2,Scan,3513,0,0,0,0.0,0,0,0.0,0.0,55649,3,-3,0.8163386583328247,0.18167583644390106,0.23787352442741394,0.0,0.0,1072,1535,32766,521,2119,3.409970760345459
2026-04-07T11:51:04.389,radio://0/80/2M,flow,1,2,Scan,3513,0,0,0,0.0,0,0,0.0,0.0,55899,-16,11,0.8163386583328247,0.6256719827651978,0.8419981598854065,0.013200009241700172,0.0,1072,1535,32766,521,2119,3.409970760345459
2026-04-07T11:51:04.390,radio://0/80/2M,range,1,2,Scan,3513,0,0,0,0.0,0,0,0.0,0.0,55899,-16,11,0.8163386583328247,0.6256719827651978,0.8419981598854065,0.013200009241700172,0.0,32766,32766,32766,478,32766,3.346627712249756
2026-04-07T11:51:04.636,radio://0/80/2M,mission,1,2,Scan,3513,0,0,0,0.0,0,0,0.0,0.0,55899,-16,11,0.7205044627189636,0.6256719827651978,0.8419981598854065,0.013200009241700172,0.0,32766,32766,32766,478,32766,3.346627712249756
2026-04-07T11:51:04.639,radio://0/80/2M,flow,1,2,Scan,4754,0,0,0,0.0,0,0,0.0,0.0,56149,0,3,0.7205044627189636,0.44742780923843384,0.49103817343711853,0.1103999987244606,0.0,32766,32766,32766,478,32766,3.346627712249756
2026-04-07T11:51:04.640,radio://0/80/2M,range,1,2,Scan,4754,0,0,0,0.0,0,0,0.0,0.0,56149,0,3,0.7205044627189636,0.44742780923843384,0.49103817343711853,0.1103999987244606,0.0,32766,579,32766,316,2209,3.2885630130767822
2026-04-07T11:51:04.887,radio://0/80/2M,mission,1,2,Scan,4754,0,0,0,0.0,0,0,0.0,0.0,56149,0,3,0.7570698857307434,0.44742780923843384,0.49103817343711853,0.1103999987244606,0.0,32766,579,32766,316,2209,3.2885630130767822
2026-04-07T11:51:04.890,radio://0/80/2M,flow,1,2,Scan,5051,0,0,0,0.0,0,0,0.0,0.0,56399,5,-2,0.7570698857307434,-0.03766150772571564,-0.20430323481559753,0.16979999840259552,-0.04921560734510422,32766,579,32766,316,2209,3.2885630130767822
2026-04-07T11:51:04.891,radio://0/80/2M,range,1,2,Scan,5051,0,0,0,0.0,0,0,0.0,0.0,56399,5,-2,0.7570698857307434,-0.03766150772571564,-0.20430323481559753,0.16979999840259552,-0.04921560734510422,32766,311,32766,217,2214,3.383577823638916
2026-04-07T11:51:05.140,radio://0/80/2M,mission,1,2,Scan,5051,0,0,0,0.0,0,0,0.0,0.0,56399,5,-2,0.8723865151405334,-0.03766150772571564,-0.20430323481559753,0.16979999840259552,-0.04921560734510422,32766,311,32766,217,2214,3.383577823638916
2026-04-07T11:51:05.142,radio://0/80/2M,flow,1,2,Scan,3903,0,0,0,0.0,0,0,0.0,0.0,56649,2,0,0.8723865151405334,-0.14799222350120544,-0.33464255928993225,0.04980000481009483,-0.07305839657783508,32766,311,32766,217,2214,3.383577823638916
2026-04-07T11:51:05.143,radio://0/80/2M,range,1,2,Scan,3903,0,0,0,0.0,0,0,0.0,0.0,56649,2,0,0.8723865151405334,-0.14799222350120544,-0.33464255928993225,0.04980000481009483,-0.07305839657783508,32766,354,32766,417,2080,3.4838709831237793
2026-04-07T11:51:05.386,radio://0/80/2M,mission,1,2,Scan,3903,0,0,0,0.0,0,0,0.0,0.0,56649,2,0,0.8234002590179443,-0.14799222350120544,-0.33464255928993225,0.04980000481009483,-0.07305839657783508,32766,354,32766,417,2080,3.4838709831237793
2026-04-07T11:51:05.388,radio://0/80/2M,flow,1,2,Scan,3660,0,0,0,0.0,0,0,0.0,0.0,56899,0,1,0.8234002590179443,-0.11601562798023224,-0.16696493327617645,0.0,-0.02340000309050083,32766,354,32766,417,2080,3.4838709831237793
2026-04-07T11:51:05.389,radio://0/80/2M,range,1,2,Scan,3660,0,0,0,0.0,0,0,0.0,0.0,56899,0,1,0.8234002590179443,-0.11601562798023224,-0.16696493327617645,0.0,-0.02340000309050083,1567,461,1189,771,2103,3.3096773624420166
2026-04-07T11:51:05.635,radio://0/80/2M,mission,1,2,Scan,3660,0,0,0,0.0,0,0,0.0,0.0,56899,0,1,0.7808149456977844,-0.11601562798023224,-0.16696493327617645,0.0,-0.02340000309050083,1567,461,1189,771,2103,3.3096773624420166
2026-04-07T11:51:05.639,radio://0/80/2M,flow,1,2,Scan,3432,0,0,0,0.0,0,0,0.0,0.0,57149,0,2,0.7808149456977844,-0.03460236266255379,-0.02256198786199093,0.0,-0.022799992933869362,1567,461,1189,771,2103,3.3096773624420166
2026-04-07T11:51:05.640,radio://0/80/2M,range,1,2,Scan,3432,0,0,0,0.0,0,0,0.0,0.0,57149,0,2,0.7808149456977844,-0.03460236266255379,-0.02256198786199093,0.0,-0.022799992933869362,1507,462,1109,32766,2141,3.33079195022583
2026-04-07T11:51:05.885,radio://0/80/2M,mission,1,2,Scan,3432,0,0,0,0.0,0,0,0.0,0.0,57149,0,2,0.7900403738021851,-0.03460236266255379,-0.02256198786199093,0.0,-0.022799992933869362,1507,462,1109,32766,2141,3.33079195022583
2026-04-07T11:51:05.888,radio://0/80/2M,flow,1,2,Scan,3432,0,0,0,0.0,0,0,0.0,0.0,57399,0,-3,0.7900403738021851,0.03137170523405075,0.004453191068023443,0.0,-0.029399998486042023,1507,462,1109,32766,2141,3.33079195022583
2026-04-07T11:51:05.889,radio://0/80/2M,range,1,2,Scan,3432,0,0,0,0.0,0,0,0.0,0.0,57399,0,-3,0.7900403738021851,0.03137170523405075,0.004453191068023443,0.0,-0.029399998486042023,1407,451,1034,32766,2133,3.3519062995910645
2026-04-07T11:51:06.136,radio://0/80/2M,mission,1,2,Scan,3432,0,0,0,0.0,0,0,0.0,0.0,57399,0,-3,0.8088388442993164,0.03137170523405075,0.004453191068023443,0.0,-0.029399998486042023,1407,451,1034,32766,2133,3.3519062995910645
2026-04-07T11:51:06.138,radio://0/80/2M,flow,1,2,Scan,3432,0,0,0,0.0,0,0,0.0,0.0,57649,0,0,0.8088388442993164,0.021811572834849358,-0.026140937581658363,0.0,-0.02699999324977398,1407,451,1034,32766,2133,3.3519062995910645
2026-04-07T11:51:06.140,radio://0/80/2M,range,1,2,Scan,3432,0,0,0,0.0,0,0,0.0,0.0,57649,0,0,0.8088388442993164,0.021811572834849358,-0.026140937581658363,0.0,-0.02699999324977398,1381,455,1018,1271,2109,3.346627712249756
2026-04-07T11:51:06.385,radio://0/80/2M,mission,1,2,Scan,3432,0,0,0,0.0,0,0,0.0,0.0,57649,0,0,0.810677707195282,0.021811572834849358,-0.026140937581658363,0.0,-0.02699999324977398,1381,455,1018,1271,2109,3.346627712249756
2026-04-07T11:51:06.388,radio://0/80/2M,flow,1,2,Scan,3432,0,0,0,0.0,0,0,0.0,0.0,57899,0,0,0.810677707195282,0.012337736785411835,-0.07145417481660843,0.0,0.0,1381,455,1018,1271,2109,3.346627712249756
2026-04-07T11:51:06.389,radio://0/80/2M,range,1,2,Scan,3432,0,0,0,0.0,0,0,0.0,0.0,57899,0,0,0.810677707195282,0.012337736785411835,-0.07145417481660843,0.0,0.0,1393,500,32766,32766,2107,3.346627712249756
2026-04-07T11:51:06.635,radio://0/80/2M,mission,1,5,Transition,3432,0,0,0,0.0,0,0,0.0,0.0,57899,0,0,0.826016902923584,0.012337736785411835,-0.07145417481660843,0.0,0.0,1393,500,32766,32766,2107,3.346627712249756
2026-04-07T11:51:06.638,radio://0/80/2M,flow,1,5,Transition,3432,0,0,0,0.0,0,0,0.0,0.0,58149,-7,-6,0.826016902923584,0.16814085841178894,0.3210148811340332,0.0,0.0,1393,500,32766,32766,2107,3.346627712249756
2026-04-07T11:51:06.639,radio://0/80/2M,range,1,5,Transition,3432,0,0,0,0.0,0,0,0.0,0.0,58149,-7,-6,0.826016902923584,0.16814085841178894,0.3210148811340332,0.0,0.0,1444,567,32766,32766,2196,3.357184886932373
2026-04-07T11:51:06.885,radio://0/80/2M,mission,1,5,Transition,3432,0,0,0,0.0,0,0,0.0,0.0,58149,-7,-6,0.8013461828231812,0.16814085841178894,0.3210148811340332,0.0,0.0,1444,567,32766,32766,2196,3.357184886932373
2026-04-07T11:51:06.888,radio://0/80/2M,flow,1,5,Transition,3873,0,0,0,0.0,0,0,0.0,0.0,58399,0,0,0.8013461828231812,0.09007857739925385,0.24644289910793304,0.0,0.0,1444,567,32766,32766,2196,3.357184886932373
2026-04-07T11:51:06.889,radio://0/80/2M,range,1,5,Transition,3873,0,0,0,0.0,0,0,0.0,0.0,58399,0,0,0.8013461828231812,0.09007857739925385,0.24644289910793304,0.0,0.0,32766,470,32766,32766,2139,3.3519062995910645
2026-04-07T11:51:07.134,radio://0/80/2M,mission,1,0,Reacquire Wall,3873,0,0,0,0.0,0,0,0.0,0.0,58399,0,0,0.7980860471725464,0.09007857739925385,0.24644289910793304,0.0,0.0,32766,470,32766,32766,2139,3.3519062995910645
2026-04-07T11:51:07.137,radio://0/80/2M,flow,1,0,Reacquire Wall,3873,0,0,0,0.0,0,0,0.0,0.0,58649,3,0,0.7980860471725464,0.04282040894031525,0.03924523666501045,0.20000000298023224,0.0,32766,470,32766,32766,2139,3.3519062995910645
2026-04-07T11:51:07.139,radio://0/80/2M,range,1,0,Reacquire Wall,3873,0,0,0,0.0,0,0,0.0,0.0,58649,3,0,0.7980860471725464,0.04282040894031525,0.03924523666501045,0.20000000298023224,0.0,1015,408,32766,32766,2140,3.383577823638916
2026-04-07T11:51:07.385,radio://0/80/2M,mission,1,0,Reacquire Wall,3873,0,0,0,0.0,0,0,0.0,0.0,58649,3,0,0.794205904006958,0.04282040894031525,0.03924523666501045,0.20000000298023224,0.0,1015,408,32766,32766,2140,3.383577823638916
2026-04-07T11:51:07.387,radio://0/80/2M,flow,1,0,Reacquire Wall,3873,0,0,0,0.0,0,0,0.0,0.0,58899,1,0,0.794205904006958,0.15658825635910034,0.012220820412039757,0.20000000298023224,0.0,1015,408,32766,32766,2140,3.383577823638916
2026-04-07T11:51:07.388,radio://0/80/2M,range,1,0,Reacquire Wall,3873,0,0,0,0.0,0,0,0.0,0.0,58899,1,0,0.794205904006958,0.15658825635910034,0.012220820412039757,0.20000000298023224,0.0,1150,372,32766,32766,2122,3.383577823638916
2026-04-07T11:51:07.634,radio://0/80/2M,mission,1,0,Reacquire Wall,3873,0,0,0,0.0,0,0,0.0,0.0,58899,1,0,0.8049069046974182,0.15658825635910034,0.012220820412039757,0.20000000298023224,0.0,1150,372,32766,32766,2122,3.383577823638916
2026-04-07T11:51:07.637,radio://0/80/2M,flow,1,0,Reacquire Wall,4115,0,0,0,0.0,0,0,0.0,0.0,59149,0,-8,0.8049069046974182,0.21071936190128326,0.06314481794834137,0.20000000298023224,0.0,1150,372,32766,32766,2122,3.383577823638916
2026-04-07T11:51:07.638,radio://0/80/2M,range,1,0,Reacquire Wall,4115,0,0,0,0.0,0,0,0.0,0.0,59149,0,-8,0.8049069046974182,0.21071936190128326,0.06314481794834137,0.20000000298023224,0.0,1169,354,32766,32766,2110,3.399413585662842
2026-04-07T11:51:07.883,radio://0/80/2M,mission,1,0,Reacquire Wall,4115,0,0,0,0.0,0,0,0.0,0.0,59149,0,-8,0.8074844479560852,0.21071936190128326,0.06314481794834137,0.20000000298023224,0.0,1169,354,32766,32766,2110,3.399413585662842
2026-04-07T11:51:07.887,radio://0/80/2M,flow,1,0,Reacquire Wall,4645,0,0,0,0.0,0,0,0.0,0.0,59399,-1,0,0.8074844479560852,0.20954318344593048,0.05597813427448273,0.20000000298023224,0.0,1169,354,32766,32766,2110,3.399413585662842
2026-04-07T11:51:07.888,radio://0/80/2M,range,1,0,Reacquire Wall,4645,0,0,0,0.0,0,0,0.0,0.0,59399,-1,0,0.8074844479560852,0.20954318344593048,0.05597813427448273,0.20000000298023224,0.0,1112,330,32766,32766,2112,3.383577823638916
2026-04-07T11:51:08.133,radio://0/80/2M,mission,1,0,Reacquire Wall,4645,0,0,0,0.0,0,0,0.0,0.0,59399,-1,0,0.8057528138160706,0.20954318344593048,0.05597813427448273,0.20000000298023224,0.0,1112,330,32766,32766,2112,3.383577823638916
2026-04-07T11:51:08.136,radio://0/80/2M,flow,1,0,Reacquire Wall,4645,0,0,0,0.0,0,0,0.0,0.0,59649,0,0,0.8057528138160706,0.20557458698749542,0.03246292844414711,0.20000000298023224,0.0,1112,330,32766,32766,2112,3.383577823638916
2026-04-07T11:51:08.138,radio://0/80/2M,range,1,0,Reacquire Wall,4645,0,0,0,0.0,0,0,0.0,0.0,59649,0,0,0.8057528138160706,0.20557458698749542,0.03246292844414711,0.20000000298023224,0.0,1067,293,32766,32766,2113,3.3888564109802246
2026-04-07T11:51:08.383,radio://0/80/2M,mission,1,0,Reacquire Wall,4645,0,0,0,0.0,0,0,0.0,0.0,59649,0,0,0.8002471923828125,0.20557458698749542,0.03246292844414711,0.20000000298023224,0.0,1067,293,32766,32766,2113,3.3888564109802246
2026-04-07T11:51:08.386,radio://0/80/2M,flow,1,0,Reacquire Wall,4935,0,0,0,0.0,0,0,0.0,0.0,59899,0,-1,0.8002471923828125,0.19958847761154175,-5.0035916501656175e-05,0.20000000298023224,0.0,1067,293,32766,32766,2113,3.3888564109802246
2026-04-07T11:51:08.387,radio://0/80/2M,range,1,0,Reacquire Wall,4935,0,0,0,0.0,0,0,0.0,0.0,59899,0,-1,0.8002471923828125,0.19958847761154175,-5.0035916501656175e-05,0.20000000298023224,0.0,992,274,32766,32766,2129,3.3782992362976074
2026-04-07T11:51:08.634,radio://0/80/2M,mission,1,0,Reacquire Wall,4935,0,0,0,0.0,0,0,0.0,0.0,59899,0,-1,0.7963770031929016,0.19958847761154175,-5.0035916501656175e-05,0.20000000298023224,0.0,992,274,32766,32766,2129,3.3782992362976074
2026-04-07T11:51:08.637,radio://0/80/2M,flow,1,0,Reacquire Wall,4935,0,0,0,0.0,0,0,0.0,0.0,60149,0,0,0.7963770031929016,0.1752699613571167,0.00752172339707613,0.20000000298023224,0.0,992,274,32766,32766,2129,3.3782992362976074
2026-04-07T11:51:08.638,radio://0/80/2M,range,1,0,Reacquire Wall,4935,0,0,0,0.0,0,0,0.0,0.0,60149,0,0,0.7963770031929016,0.1752699613571167,0.00752172339707613,0.20000000298023224,0.0,962,271,32766,32766,2131,3.3782992362976074
2026-04-07T11:51:08.884,radio://0/80/2M,mission,1,0,Reacquire Wall,4935,0,0,0,0.0,0,0,0.0,0.0,60149,0,0,0.7979634404182434,0.1752699613571167,0.00752172339707613,0.20000000298023224,0.0,962,271,32766,32766,2131,3.3782992362976074
2026-04-07T11:51:08.886,radio://0/80/2M,flow,1,0,Reacquire Wall,4935,0,0,0,0.0,0,0,0.0,0.0,60399,-1,-1,0.7979634404182434,0.22289656102657318,0.035095054656267166,0.20000000298023224,0.0,962,271,32766,32766,2131,3.3782992362976074
2026-04-07T11:51:08.887,radio://0/80/2M,range,1,0,Reacquire Wall,4935,0,0,0,0.0,0,0,0.0,0.0,60399,-1,-1,0.7979634404182434,0.22289656102657318,0.035095054656267166,0.20000000298023224,0.0,919,254,32766,32766,2121,3.3782992362976074
2026-04-07T11:51:09.134,radio://0/80/2M,mission,1,0,Reacquire Wall,4935,0,0,0,0.0,0,0,0.0,0.0,60399,-1,-1,0.7990778684616089,0.22289656102657318,0.035095054656267166,0.20000000298023224,0.0,919,254,32766,32766,2121,3.3782992362976074
2026-04-07T11:51:09.136,radio://0/80/2M,flow,1,0,Reacquire Wall,4935,0,0,0,0.0,0,0,0.0,0.0,60649,0,-5,0.7990778684616089,0.19960755109786987,0.010730484500527382,0.20000000298023224,0.0,919,254,32766,32766,2121,3.3782992362976074
2026-04-07T11:51:09.138,radio://0/80/2M,range,1,0,Reacquire Wall,4935,0,0,0,0.0,0,0,0.0,0.0,60649,0,-5,0.7990778684616089,0.19960755109786987,0.010730484500527382,0.20000000298023224,0.0,870,243,32766,32766,2129,3.373020648956299
2026-04-07T11:51:09.382,radio://0/80/2M,mission,1,0,Reacquire Wall,4935,0,0,0,0.0,0,0,0.0,0.0,60649,0,-5,0.8040900826454163,0.19960755109786987,0.010730484500527382,0.20000000298023224,0.0,870,243,32766,32766,2129,3.373020648956299
2026-04-07T11:51:09.385,radio://0/80/2M,flow,1,0,Reacquire Wall,5243,0,0,0,0.0,0,0,0.0,0.0,60899,7,0,0.8040900826454163,0.19647619128227234,0.011036528274416924,0.20000000298023224,0.0,870,243,32766,32766,2129,3.373020648956299
2026-04-07T11:51:09.386,radio://0/80/2M,range,1,0,Reacquire Wall,5243,0,0,0,0.0,0,0,0.0,0.0,60899,7,0,0.8040900826454163,0.19647619128227234,0.011036528274416924,0.20000000298023224,0.0,823,242,32766,32766,2133,3.383577823638916
2026-04-07T11:51:09.633,radio://0/80/2M,mission,1,0,Reacquire Wall,5243,0,0,0,0.0,0,0,0.0,0.0,60899,7,0,0.8092123866081238,0.19647619128227234,0.011036528274416924,0.20000000298023224,0.0,823,242,32766,32766,2133,3.383577823638916
2026-04-07T11:51:09.636,radio://0/80/2M,flow,1,0,Reacquire Wall,5243,0,0,0,0.0,0,0,0.0,0.0,61149,1,0,0.8092123866081238,0.20128193497657776,-0.018423693254590034,0.20000000298023224,0.0,823,242,32766,32766,2133,3.383577823638916
2026-04-07T11:51:09.637,radio://0/80/2M,range,1,0,Reacquire Wall,5243,0,0,0,0.0,0,0,0.0,0.0,61149,1,0,0.8092123866081238,0.20128193497657776,-0.018423693254590034,0.20000000298023224,0.0,776,250,32766,1383,2125,3.3782992362976074
2026-04-07T11:51:09.883,radio://0/80/2M,mission,1,0,Reacquire Wall,5243,0,0,0,0.0,0,0,0.0,0.0,61149,1,0,0.8058592081069946,0.20128193497657776,-0.018423693254590034,0.20000000298023224,0.0,776,250,32766,1383,2125,3.3782992362976074
2026-04-07T11:51:09.885,radio://0/80/2M,flow,1,0,Reacquire Wall,5243,0,0,0,0.0,0,0,0.0,0.0,61399,0,-1,0.8058592081069946,0.17160320281982422,-0.04059237614274025,0.20000000298023224,0.0,776,250,32766,1383,2125,3.3782992362976074
2026-04-07T11:51:09.887,radio://0/80/2M,range,1,0,Reacquire Wall,5243,0,0,0,0.0,0,0,0.0,0.0,61399,0,-1,0.8058592081069946,0.17160320281982422,-0.04059237614274025,0.20000000298023224,0.0,726,266,2757,32766,2121,3.3624634742736816
2026-04-07T11:51:10.133,radio://0/80/2M,mission,1,0,Reacquire Wall,5243,0,0,0,0.0,0,0,0.0,0.0,61399,0,-1,0.7953069806098938,0.17160320281982422,-0.04059237614274025,0.20000000298023224,0.0,726,266,2757,32766,2121,3.3624634742736816
2026-04-07T11:51:10.135,radio://0/80/2M,flow,1,0,Reacquire Wall,5243,0,0,0,0.0,0,0,0.0,0.0,61649,-1,0,0.7953069806098938,0.19580572843551636,0.014017901383340359,0.20000000298023224,0.0,726,266,2757,32766,2121,3.3624634742736816
2026-04-07T11:51:10.136,radio://0/80/2M,range,1,0,Reacquire Wall,5243,0,0,0,0.0,0,0,0.0,0.0,61649,-1,0,0.7953069806098938,0.19580572843551636,0.014017901383340359,0.20000000298023224,0.0,703,272,2732,32766,2127,3.357184886932373
2026-04-07T11:51:10.382,radio://0/80/2M,mission,1,0,Reacquire Wall,5243,0,0,0,0.0,0,0,0.0,0.0,61649,-1,0,0.7932023406028748,0.19580572843551636,0.014017901383340359,0.20000000298023224,0.0,703,272,2732,32766,2127,3.357184886932373
2026-04-07T11:51:10.387,radio://0/80/2M,flow,1,0,Reacquire Wall,5243,0,0,0,0.0,0,0,0.0,0.0,61899,0,-1,0.7932023406028748,0.1011076271533966,0.010595427826046944,0.0,0.0,703,272,2732,32766,2127,3.357184886932373
2026-04-07T11:51:10.388,radio://0/80/2M,range,1,0,Reacquire Wall,5243,0,0,0,0.0,0,0,0.0,0.0,61899,0,-1,0.7932023406028748,0.1011076271533966,0.010595427826046944,0.0,0.0,666,295,2733,32766,2145,3.3519062995910645
2026-04-07T11:51:10.632,radio://0/80/2M,mission,1,0,Reacquire Wall,5243,0,0,0,0.0,0,0,0.0,0.0,61899,0,-1,0.7882586717605591,0.1011076271533966,0.010595427826046944,0.0,0.0,666,295,2733,32766,2145,3.3519062995910645
2026-04-07T11:51:10.635,radio://0/80/2M,flow,1,0,Reacquire Wall,5243,0,0,0,0.0,0,0,0.0,0.0,62149,0,0,0.7882586717605591,-0.02420949935913086,0.008888013660907745,0.0,0.0,666,295,2733,32766,2145,3.3519062995910645
2026-04-07T11:51:10.636,radio://0/80/2M,range,1,0,Reacquire Wall,5243,0,0,0,0.0,0,0,0.0,0.0,62149,0,0,0.7882586717605591,-0.02420949935913086,0.008888013660907745,0.0,0.0,653,306,2711,32766,2147,3.3413491249084473
2026-04-07T11:51:10.882,radio://0/80/2M,mission,1,0,Reacquire Wall,5243,0,0,0,0.0,0,0,0.0,0.0,62149,0,0,0.7814708352088928,-0.02420949935913086,0.008888013660907745,0.0,0.0,653,306,2711,32766,2147,3.3413491249084473
2026-04-07T11:51:10.884,radio://0/80/2M,flow,1,0,Reacquire Wall,5243,0,0,0,0.0,0,0,0.0,0.0,62399,0,0,0.7814708352088928,-0.050494108349084854,0.011128372512757778,0.0,0.0,653,306,2711,32766,2147,3.3413491249084473
2026-04-07T11:51:10.885,radio://0/80/2M,range,1,0,Reacquire Wall,5243,0,0,0,0.0,0,0,0.0,0.0,62399,0,0,0.7814708352088928,-0.050494108349084854,0.011128372512757778,0.0,0.0,652,324,2699,32766,2140,3.346627712249756
2026-04-07T11:51:11.131,radio://0/80/2M,mission,1,0,Reacquire Wall,5243,0,0,0,0.0,0,0,0.0,0.0,62399,0,0,0.7873342633247375,-0.050494108349084854,0.011128372512757778,0.0,0.0,652,324,2699,32766,2140,3.346627712249756
2026-04-07T11:51:11.133,radio://0/80/2M,flow,1,0,Reacquire Wall,5243,0,0,0,0.0,0,0,0.0,0.0,62649,0,0,0.7873342633247375,-0.01949082687497139,0.0215001218020916,0.0,0.0,652,324,2699,32766,2140,3.346627712249756
2026-04-07T11:51:11.134,radio://0/80/2M,range,1,0,Reacquire Wall,5243,0,0,0,0.0,0,0,0.0,0.0,62649,0,0,0.7873342633247375,-0.01949082687497139,0.0215001218020916,0.0,0.0,651,328,2695,32766,2138,3.3519062995910645
2026-04-07T11:51:11.382,radio://0/80/2M,mission,1,0,Reacquire Wall,5243,0,0,0,0.0,0,0,0.0,0.0,62649,0,0,0.8019093871116638,-0.01949082687497139,0.0215001218020916,0.0,0.0,651,328,2695,32766,2138,3.3519062995910645
2026-04-07T11:51:11.383,radio://0/80/2M,flow,1,0,Reacquire Wall,5243,0,0,0,0.0,0,0,0.0,0.0,62899,0,0,0.8019093871116638,-0.02352338656783104,0.022148704156279564,0.0,0.0,651,328,2695,32766,2138,3.3519062995910645
2026-04-07T11:51:11.384,radio://0/80/2M,range,1,0,Reacquire Wall,5243,0,0,0,0.0,0,0,0.0,0.0,62899,0,0,0.8019093871116638,-0.02352338656783104,0.022148704156279564,0.0,0.0,638,323,2705,32766,2126,3.3677420616149902
2026-04-07T11:51:11.630,radio://0/80/2M,mission,1,0,Reacquire Wall,5243,0,0,0,0.0,0,0,0.0,0.0,62899,0,0,0.8124474883079529,-0.02352338656783104,0.022148704156279564,0.0,0.0,638,323,2705,32766,2126,3.3677420616149902
2026-04-07T11:51:11.633,radio://0/80/2M,flow,1,0,Reacquire Wall,5243,0,0,0,0.0,0,0,0.0,0.0,63149,0,0,0.8124474883079529,-0.030623119324445724,0.02675287425518036,0.0,0.0,638,323,2705,32766,2126,3.3677420616149902
2026-04-07T11:51:11.634,radio://0/80/2M,range,1,0,Reacquire Wall,5243,0,0,0,0.0,0,0,0.0,0.0,63149,0,0,0.8124474883079529,-0.030623119324445724,0.02675287425518036,0.0,0.0,625,312,2697,32766,2118,3.357184886932373
2026-04-07T11:51:11.882,radio://0/80/2M,mission,1,0,Reacquire Wall,5243,0,0,0,0.0,0,0,0.0,0.0,63149,0,0,0.807513952255249,-0.030623119324445724,0.02675287425518036,0.0,0.0,625,312,2697,32766,2118,3.357184886932373
2026-04-07T11:51:11.883,radio://0/80/2M,flow,1,0,Reacquire Wall,5243,0,0,0,0.0,0,0,0.0,0.0,63399,3,0,0.807513952255249,-0.021658578887581825,0.0116623779758811,0.0,0.0,625,312,2697,32766,2118,3.357184886932373
2026-04-07T11:51:11.884,radio://0/80/2M,range,1,0,Reacquire Wall,5243,0,0,0,0.0,0,0,0.0,0.0,63399,3,0,0.807513952255249,-0.021658578887581825,0.0116623779758811,0.0,0.0,603,297,2687,32766,2118,3.3360705375671387
2026-04-07T11:51:12.131,radio://0/80/2M,mission,1,0,Reacquire Wall,5243,0,0,0,0.0,0,0,0.0,0.0,63399,3,0,0.8050199151039124,-0.021658578887581825,0.0116623779758811,0.0,0.0,603,297,2687,32766,2118,3.3360705375671387
2026-04-07T11:51:12.133,radio://0/80/2M,flow,1,0,Reacquire Wall,5243,0,0,0,0.0,0,0,0.0,0.0,63649,-3,5,0.8050199151039124,-0.027675984427332878,-0.002487746998667717,0.0,0.0,603,297,2687,32766,2118,3.3360705375671387
2026-04-07T11:51:12.134,radio://0/80/2M,range,1,0,Reacquire Wall,5243,0,0,0,0.0,0,0,0.0,0.0,63649,-3,5,0.8050199151039124,-0.027675984427332878,-0.002487746998667717,0.0,0.0,572,292,2707,32766,2111,3.3360705375671387
2026-04-07T11:51:12.380,radio://0/80/2M,mission,1,5,Transition,5243,0,0,0,0.0,0,0,0.0,0.0,63649,-3,5,0.8074885606765747,-0.027675984427332878,-0.002487746998667717,0.0,0.0,572,292,2707,32766,2111,3.3360705375671387
2026-04-07T11:51:12.383,radio://0/80/2M,flow,1,5,Transition,5243,0,0,0,0.0,0,0,0.0,0.0,63899,0,0,0.8074885606765747,0.0019812150858342648,-0.0037124184891581535,0.0,0.0,572,292,2707,32766,2111,3.3360705375671387
2026-04-07T11:51:12.384,radio://0/80/2M,range,1,5,Transition,5243,0,0,0,0.0,0,0,0.0,0.0,63899,0,0,0.8074885606765747,0.0019812150858342648,-0.0037124184891581535,0.0,0.0,559,289,32766,1183,2111,3.3413491249084473
2026-04-07T11:51:12.630,radio://0/80/2M,mission,1,5,Transition,5243,0,0,0,0.0,0,0,0.0,0.0,63899,0,0,0.810615062713623,0.0019812150858342648,-0.0037124184891581535,0.0,0.0,559,289,32766,1183,2111,3.3413491249084473
2026-04-07T11:51:12.633,radio://0/80/2M,flow,1,5,Transition,5243,0,0,0,0.0,0,0,0.0,0.0,64149,0,0,0.810615062713623,0.005203355569392443,0.0026281671598553658,0.0,0.0,559,289,32766,1183,2111,3.3413491249084473
2026-04-07T11:51:12.634,radio://0/80/2M,range,1,5,Transition,5243,0,0,0,0.0,0,0,0.0,0.0,64149,0,0,0.810615062713623,0.005203355569392443,0.0026281671598553658,0.0,0.0,563,289,32766,32766,2119,3.3519062995910645
2026-04-07T11:51:12.880,radio://0/80/2M,mission,1,1,Wall Follow,5243,0,0,0,0.0,0,0,0.0,0.0,64149,0,0,0.805398166179657,0.005203355569392443,0.0026281671598553658,0.0,0.0,563,289,32766,32766,2119,3.3519062995910645
2026-04-07T11:51:12.883,radio://0/80/2M,flow,1,1,Wall Follow,5243,0,0,0,0.0,0,0,0.0,0.0,64399,0,0,0.805398166179657,0.016945550218224525,-0.032733261585235596,0.0,0.0,563,289,32766,32766,2119,3.3519062995910645
2026-04-07T11:51:12.884,radio://0/80/2M,range,1,1,Wall Follow,5243,0,0,0,0.0,0,0,0.0,0.0,64399,0,0,0.805398166179657,0.016945550218224525,-0.032733261585235596,0.0,0.0,575,288,32766,904,2120,3.3413491249084473
2026-04-07T11:51:13.131,radio://0/80/2M,mission,1,1,Wall Follow,5243,0,0,0,0.0,0,0,0.0,0.0,64399,0,0,0.8009654879570007,0.016945550218224525,-0.032733261585235596,0.0,0.0,575,288,32766,904,2120,3.3413491249084473
2026-04-07T11:51:13.132,radio://0/80/2M,flow,1,1,Wall Follow,5243,0,0,0,0.0,0,0,0.0,0.0,64649,0,0,0.8009654879570007,-0.010138214565813541,0.024133196100592613,0.0,0.0,575,288,32766,904,2120,3.3413491249084473
2026-04-07T11:51:13.133,radio://0/80/2M,range,1,1,Wall Follow,5243,0,0,0,0.0,0,0,0.0,0.0,64649,0,0,0.8009654879570007,-0.010138214565813541,0.024133196100592613,0.0,0.0,590,295,32766,32766,2125,3.357184886932373
2026-04-07T11:51:13.379,radio://0/80/2M,mission,1,1,Wall Follow,5243,0,0,0,0.0,0,0,0.0,0.0,64649,0,0,0.8032922744750977,-0.010138214565813541,0.024133196100592613,0.0,0.0,590,295,32766,32766,2125,3.357184886932373
2026-04-07T11:51:13.382,radio://0/80/2M,flow,1,1,Wall Follow,5243,0,0,0,0.0,0,0,0.0,0.0,64899,0,0,0.8032922744750977,-0.051151007413864136,-0.036011260002851486,0.0,0.0,590,295,32766,32766,2125,3.357184886932373
2026-04-07T11:51:13.383,radio://0/80/2M,range,1,1,Wall Follow,5243,0,0,0,0.0,0,0,0.0,0.0,64899,0,0,0.8032922744750977,-0.051151007413864136,-0.036011260002851486,0.0,0.0,650,311,1519,585,2120,3.3413491249084473
2026-04-07T11:51:13.630,radio://0/80/2M,mission,1,1,Wall Follow,5243,0,0,0,0.0,0,0,0.0,0.0,64899,0,0,0.8036791086196899,-0.051151007413864136,-0.036011260002851486,0.0,0.0,650,311,1519,585,2120,3.3413491249084473
2026-04-07T11:51:13.632,radio://0/80/2M,flow,1,1,Wall Follow,5243,0,0,0,0.0,0,0,0.0,0.0,65149,0,0,0.8036791086196899,-0.09003896266222,-0.005988938268274069,1.0799936717376113e-05,0.0,650,311,1519,585,2120,3.3413491249084473
2026-04-07T11:51:13.633,radio://0/80/2M,range,1,1,Wall Follow,5243,0,0,0,0.0,0,0,0.0,0.0,65149,0,0,0.8036791086196899,-0.09003896266222,-0.005988938268274069,1.0799936717376113e-05,0.0,713,337,1516,497,2117,3.3413491249084473
2026-04-07T11:51:13.880,radio://0/80/2M,mission,1,1,Wall Follow,5243,0,0,0,0.0,0,0,0.0,0.0,65149,0,0,0.799738883972168,-0.09003896266222,-0.005988938268274069,1.0799936717376113e-05,0.0,713,337,1516,497,2117,3.3413491249084473
2026-04-07T11:51:13.882,radio://0/80/2M,flow,1,1,Wall Follow,5243,0,0,0,0.0,0,0,0.0,0.0,65399,-4,-3,0.799738883972168,-0.011674677953124046,0.0017820935463532805,0.010603202506899834,0.0,713,337,1516,497,2117,3.3413491249084473
2026-04-07T11:51:13.883,radio://0/80/2M,range,1,1,Wall Follow,5243,0,0,0,0.0,0,0,0.0,0.0,65399,-4,-3,0.799738883972168,-0.011674677953124046,0.0017820935463532805,0.010603202506899834,0.0,849,384,1626,406,2125,3.3413491249084473
2026-04-07T11:51:14.129,radio://0/80/2M,mission,1,1,Wall Follow,5243,0,0,0,0.0,0,0,0.0,0.0,65399,-4,-3,0.8001140356063843,-0.011674677953124046,0.0017820935463532805,0.010603202506899834,0.0,849,384,1626,406,2125,3.3413491249084473
2026-04-07T11:51:14.132,radio://0/80/2M,flow,1,1,Wall Follow,5243,0,0,0,0.0,0,0,0.0,0.0,65649,1,0,0.8001140356063843,-0.01143009401857853,-0.014825780875980854,0.16836920380592346,0.0,849,384,1626,406,2125,3.3413491249084473
2026-04-07T11:51:14.133,radio://0/80/2M,range,1,1,Wall Follow,5243,0,0,0,0.0,0,0,0.0,0.0,65649,1,0,0.8001140356063843,-0.01143009401857853,-0.014825780875980854,0.16836920380592346,0.0,964,444,32766,371,2123,3.3413491249084473
2026-04-07T11:51:14.378,radio://0/80/2M,mission,1,1,Wall Follow,5243,0,0,0,0.0,0,0,0.0,0.0,65649,1,0,0.7991510033607483,-0.01143009401857853,-0.014825780875980854,0.16836920380592346,0.0,964,444,32766,371,2123,3.3413491249084473
2026-04-07T11:51:14.382,radio://0/80/2M,flow,1,1,Wall Follow,5243,0,0,0,0.0,0,0,0.0,0.0,65899,-2,-1,0.7991510033607483,-0.04183287173509598,-0.07910923659801483,0.16765280067920685,0.0,964,444,32766,371,2123,3.3413491249084473
2026-04-07T11:51:14.383,radio://0/80/2M,range,1,1,Wall Follow,5243,0,0,0,0.0,0,0,0.0,0.0,65899,-2,-1,0.7991510033607483,-0.04183287173509598,-0.07910923659801483,0.16765280067920685,0.0,32766,581,32766,362,2128,3.346627712249756
2026-04-07T11:51:14.629,radio://0/80/2M,mission,1,1,Wall Follow,5243,0,0,0,0.0,0,0,0.0,0.0,65899,-2,-1,0.7992489337921143,-0.04183287173509598,-0.07910923659801483,0.16765280067920685,0.0,32766,581,32766,362,2128,3.346627712249756
2026-04-07T11:51:14.631,radio://0/80/2M,flow,1,1,Wall Follow,5243,0,0,0,0.0,0,0,0.0,0.0,66149,0,0,0.7992489337921143,0.03117983415722847,-0.15952865779399872,0.1720000058412552,0.0,32766,581,32766,362,2128,3.346627712249756
2026-04-07T11:51:14.633,radio://0/80/2M,range,1,1,Wall Follow,5243,0,0,0,0.0,0,0,0.0,0.0,66149,0,0,0.7992489337921143,0.03117983415722847,-0.15952865779399872,0.1720000058412552,0.0,32766,588,32766,400,2125,3.3519062995910645
2026-04-07T11:51:15.047,radio://0/80/2M,mission,1,1,Wall Follow,5243,0,0,0,0.0,0,0,0.0,0.0,66149,0,0,0.8025505542755127,0.03117983415722847,-0.15952865779399872,0.1720000058412552,0.0,32766,588,32766,400,2125,3.3519062995910645
2026-04-07T11:51:15.049,radio://0/80/2M,flow,1,1,Wall Follow,5243,0,0,0,0.0,0,0,0.0,0.0,66399,2,-5,0.8025505542755127,0.10375182330608368,-0.16693226993083954,0.20000000298023224,0.0,32766,588,32766,400,2125,3.3519062995910645
2026-04-07T11:51:15.050,radio://0/80/2M,range,1,1,Wall Follow,5243,0,0,0,0.0,0,0,0.0,0.0,66399,2,-5,0.8025505542755127,0.10375182330608368,-0.16693226993083954,0.20000000298023224,0.0,987,560,1575,505,2123,3.320234775543213
2026-04-07T11:51:15.128,radio://0/80/2M,mission,1,1,Wall Follow,5243,0,0,0,0.0,0,0,0.0,0.0,66399,2,-5,0.7994385957717896,0.10375182330608368,-0.16693226993083954,0.20000000298023224,0.0,987,560,1575,505,2123,3.320234775543213
2026-04-07T11:51:15.132,radio://0/80/2M,flow,1,1,Wall Follow,4916,0,0,0,0.0,0,0,0.0,0.0,66649,1,0,0.7994385957717896,0.09564337134361267,-0.1345941722393036,0.20000000298023224,0.0,987,560,1575,505,2123,3.320234775543213
2026-04-07T11:51:15.133,radio://0/80/2M,range,1,1,Wall Follow,4916,0,0,0,0.0,0,0,0.0,0.0,66649,1,0,0.7994385957717896,0.09564337134361267,-0.1345941722393036,0.20000000298023224,0.0,893,552,1465,572,2117,3.320234775543213
2026-04-07T11:51:15.379,radio://0/80/2M,mission,1,1,Wall Follow,4916,0,0,0,0.0,0,0,0.0,0.0,66649,1,0,0.8003901839256287,0.09564337134361267,-0.1345941722393036,0.20000000298023224,0.0,893,552,1465,572,2117,3.320234775543213
2026-04-07T11:51:15.380,radio://0/80/2M,flow,1,1,Wall Follow,4916,0,0,0,0.0,0,0,0.0,0.0,66899,0,0,0.8003901839256287,0.11788206547498703,-0.11875371634960175,0.20000000298023224,0.0,893,552,1465,572,2117,3.320234775543213
2026-04-07T11:51:15.381,radio://0/80/2M,range,1,1,Wall Follow,4916,0,0,0,0.0,0,0,0.0,0.0,66899,0,0,0.8003901839256287,0.11788206547498703,-0.11875371634960175,0.20000000298023224,0.0,770,523,1329,754,2121,3.373020648956299
2026-04-07T11:51:15.628,radio://0/80/2M,mission,1,1,Wall Follow,4916,0,0,0,0.0,0,0,0.0,0.0,66899,0,0,0.7998698949813843,0.11788206547498703,-0.11875371634960175,0.20000000298023224,0.0,770,523,1329,754,2121,3.373020648956299
2026-04-07T11:51:15.631,radio://0/80/2M,flow,1,1,Wall Follow,4916,0,0,0,0.0,0,0,0.0,0.0,67149,1,2,0.7998698949813843,0.12515103816986084,-0.07633624970912933,0.20000000298023224,0.0,770,523,1329,754,2121,3.373020648956299
2026-04-07T11:51:15.632,radio://0/80/2M,range,1,1,Wall Follow,4916,0,0,0,0.0,0,0,0.0,0.0,67149,1,2,0.7998698949813843,0.12515103816986084,-0.07633624970912933,0.20000000298023224,0.0,713,512,1340,863,2125,3.3677420616149902
2026-04-07T11:51:15.878,radio://0/80/2M,mission,1,1,Wall Follow,4916,0,0,0,0.0,0,0,0.0,0.0,67149,1,2,0.79662024974823,0.12515103816986084,-0.07633624970912933,0.20000000298023224,0.0,713,512,1340,863,2125,3.3677420616149902
2026-04-07T11:51:15.880,radio://0/80/2M,flow,1,1,Wall Follow,4609,0,0,0,0.0,0,0,0.0,0.0,67399,0,0,0.79662024974823,0.05108433589339256,-0.08366717398166656,0.0,0.0,713,512,1340,863,2125,3.3677420616149902
2026-04-07T11:51:15.881,radio://0/80/2M,range,1,1,Wall Follow,4609,0,0,0,0.0,0,0,0.0,0.0,67399,0,0,0.79662024974823,0.05108433589339256,-0.08366717398166656,0.0,0.0,642,505,1564,1065,2131,3.373020648956299
2026-04-07T11:51:16.127,radio://0/80/2M,mission,1,1,Wall Follow,4609,0,0,0,0.0,0,0,0.0,0.0,67399,0,0,0.7992445826530457,0.05108433589339256,-0.08366717398166656,0.0,0.0,642,505,1564,1065,2131,3.373020648956299
2026-04-07T11:51:16.130,radio://0/80/2M,flow,1,1,Wall Follow,4609,0,0,0,0.0,0,0,0.0,0.0,67649,1,0,0.7992445826530457,0.007264085114002228,-0.002909653587266803,0.0,0.0,642,505,1564,1065,2131,3.373020648956299
2026-04-07T11:51:16.131,radio://0/80/2M,range,1,1,Wall Follow,4609,0,0,0,0.0,0,0,0.0,0.0,67649,1,0,0.7992445826530457,0.007264085114002228,-0.002909653587266803,0.0,0.0,614,501,1674,1114,2120,3.3888564109802246
2026-04-07T11:51:16.377,radio://0/80/2M,mission,1,1,Wall Follow,4609,0,0,0,0.0,0,0,0.0,0.0,67649,1,0,0.7942125797271729,0.007264085114002228,-0.002909653587266803,0.0,0.0,614,501,1674,1114,2120,3.3888564109802246
2026-04-07T11:51:16.380,radio://0/80/2M,flow,1,1,Wall Follow,4609,0,0,0,0.0,0,0,0.0,0.0,67899,0,0,0.7942125797271729,-0.014069732278585434,0.06777743995189667,0.0,0.0,614,501,1674,1114,2120,3.3888564109802246
2026-04-07T11:51:16.381,radio://0/80/2M,range,1,1,Wall Follow,4609,0,0,0,0.0,0,0,0.0,0.0,67899,0,0,0.7942125797271729,-0.014069732278585434,0.06777743995189667,0.0,0.0,598,481,1832,32766,2116,3.373020648956299
2026-04-07T11:51:16.627,radio://0/80/2M,mission,1,1,Wall Follow,4609,0,0,0,0.0,0,0,0.0,0.0,67899,0,0,0.7955930829048157,-0.014069732278585434,0.06777743995189667,0.0,0.0,598,481,1832,32766,2116,3.373020648956299
2026-04-07T11:51:16.630,radio://0/80/2M,flow,1,1,Wall Follow,4609,0,0,0,0.0,0,0,0.0,0.0,68149,-1,0,0.7955930829048157,0.011825581081211567,0.08057255297899246,0.0,0.0,598,481,1832,32766,2116,3.373020648956299
2026-04-07T11:51:16.631,radio://0/80/2M,range,1,1,Wall Follow,4609,0,0,0,0.0,0,0,0.0,0.0,68149,-1,0,0.7955930829048157,0.011825581081211567,0.08057255297899246,0.0,0.0,597,473,1717,1048,2121,3.3782992362976074
2026-04-07T11:51:16.877,radio://0/80/2M,mission,1,1,Wall Follow,4609,0,0,0,0.0,0,0,0.0,0.0,68149,-1,0,0.7984204292297363,0.011825581081211567,0.08057255297899246,0.0,0.0,597,473,1717,1048,2121,3.3782992362976074
2026-04-07T11:51:16.880,radio://0/80/2M,flow,1,1,Wall Follow,4609,0,0,0,0.0,0,0,0.0,0.0,68399,0,-2,0.7984204292297363,0.019150372594594955,0.011771897785365582,0.0,0.0,597,473,1717,1048,2121,3.3782992362976074
2026-04-07T11:51:16.881,radio://0/80/2M,range,1,1,Wall Follow,4609,0,0,0,0.0,0,0,0.0,0.0,68399,0,-2,0.7984204292297363,0.019150372594594955,0.011771897785365582,0.0,0.0,586,470,1633,982,2119,3.3782992362976074
2026-04-07T11:51:17.127,radio://0/80/2M,mission,1,1,Wall Follow,4609,0,0,0,0.0,0,0,0.0,0.0,68399,0,-2,0.8028231263160706,0.019150372594594955,0.011771897785365582,0.0,0.0,586,470,1633,982,2119,3.3782992362976074
2026-04-07T11:51:17.129,radio://0/80/2M,flow,1,1,Wall Follow,4609,0,0,0,0.0,0,0,0.0,0.0,68649,0,0,0.8028231263160706,-0.035514310002326965,-0.06380787491798401,0.0,0.0,586,470,1633,982,2119,3.3782992362976074
2026-04-07T11:51:17.131,radio://0/80/2M,range,1,1,Wall Follow,4609,0,0,0,0.0,0,0,0.0,0.0,68649,0,0,0.8028231263160706,-0.035514310002326965,-0.06380787491798401,0.0,0.0,587,485,1513,923,2119,3.383577823638916
2026-04-07T11:51:17.377,radio://0/80/2M,mission,1,1,Wall Follow,4609,0,0,0,0.0,0,0,0.0,0.0,68649,0,0,0.8010008931159973,-0.035514310002326965,-0.06380787491798401,0.0,0.0,587,485,1513,923,2119,3.383577823638916
2026-04-07T11:51:17.380,radio://0/80/2M,flow,1,1,Wall Follow,4609,0,0,0,0.0,0,0,0.0,0.0,68899,0,0,0.8010008931159973,-0.03709083050489426,-0.06773143261671066,0.0,0.0,587,485,1513,923,2119,3.383577823638916
2026-04-07T11:51:17.381,radio://0/80/2M,range,1,1,Wall Follow,4609,0,0,0,0.0,0,0,0.0,0.0,68899,0,0,0.8010008931159973,-0.03709083050489426,-0.06773143261671066,0.0,0.0,605,543,1406,880,2117,3.373020648956299
2026-04-07T11:51:17.628,radio://0/80/2M,mission,1,1,Wall Follow,4609,0,0,0,0.0,0,0,0.0,0.0,68899,0,0,0.7995648384094238,-0.03709083050489426,-0.06773143261671066,0.0,0.0,605,543,1406,880,2117,3.373020648956299
2026-04-07T11:51:17.629,radio://0/80/2M,flow,1,1,Wall Follow,4609,0,0,0,0.0,0,0,0.0,0.0,69149,3,-4,0.7995648384094238,-0.008751991204917431,-0.009897968731820583,0.0,0.0,605,543,1406,880,2117,3.373020648956299
2026-04-07T11:51:17.631,radio://0/80/2M,range,1,1,Wall Follow,4609,0,0,0,0.0,0,0,0.0,0.0,69149,3,-4,0.7995648384094238,-0.008751991204917431,-0.009897968731820583,0.0,0.0,642,590,1355,834,2116,3.373020648956299
2026-04-07T11:51:17.876,radio://0/80/2M,mission,1,1,Wall Follow,4609,0,0,0,0.0,0,0,0.0,0.0,69149,3,-4,0.7957988381385803,-0.008751991204917431,-0.009897968731820583,0.0,0.0,642,590,1355,834,2116,3.373020648956299
2026-04-07T11:51:17.879,radio://0/80/2M,flow,1,1,Wall Follow,4609,0,0,0,0.0,0,0,0.0,0.0,69399,-1,4,0.7957988381385803,0.018883077427744865,0.0011348812840878963,0.0,0.0,642,590,1355,834,2116,3.373020648956299
2026-04-07T11:51:17.880,radio://0/80/2M,range,1,1,Wall Follow,4609,0,0,0,0.0,0,0,0.0,0.0,69399,-1,4,0.7957988381385803,0.018883077427744865,0.0011348812840878963,0.0,0.0,717,689,1379,747,2117,3.3624634742736816
2026-04-07T11:51:18.132,radio://0/80/2M,mission,1,1,Wall Follow,4609,0,0,0,0.0,0,0,0.0,0.0,69399,-1,4,0.7914596199989319,0.018883077427744865,0.0011348812840878963,0.0,0.0,717,689,1379,747,2117,3.3624634742736816
2026-04-07T11:51:18.134,radio://0/80/2M,flow,1,1,Wall Follow,4609,0,0,0,0.0,0,0,0.0,0.0,69649,-4,3,0.7914596199989319,-0.0018688954878598452,0.004297283012419939,0.0,0.0,717,689,1379,747,2117,3.3624634742736816
2026-04-07T11:51:18.135,radio://0/80/2M,range,1,1,Wall Follow,4609,0,0,0,0.0,0,0,0.0,0.0,69649,-4,3,0.7914596199989319,-0.0018688954878598452,0.004297283012419939,0.0,0.0,809,728,1499,672,2123,3.3624634742736816
2026-04-07T11:51:18.378,radio://0/80/2M,mission,1,1,Wall Follow,4609,0,0,0,0.0,0,0,0.0,0.0,69649,-4,3,0.8018621206283569,-0.0018688954878598452,0.004297283012419939,0.0,0.0,809,728,1499,672,2123,3.3624634742736816
2026-04-07T11:51:18.379,radio://0/80/2M,flow,1,1,Wall Follow,4609,0,0,0,0.0,0,0,0.0,0.0,69899,0,0,0.8018621206283569,-0.05318782478570938,-0.06958627700805664,0.20000000298023224,0.10000000149011612,809,728,1499,672,2123,3.3624634742736816
2026-04-07T11:51:18.381,radio://0/80/2M,range,1,1,Wall Follow,4609,0,0,0,0.0,0,0,0.0,0.0,69899,0,0,0.8018621206283569,-0.05318782478570938,-0.06958627700805664,0.20000000298023224,0.10000000149011612,32766,638,32766,614,2118,3.383577823638916
2026-04-07T11:51:18.626,radio://0/80/2M,mission,1,1,Wall Follow,4609,0,0,0,0.0,0,0,0.0,0.0,69899,0,0,0.8033806681632996,-0.05318782478570938,-0.06958627700805664,0.20000000298023224,0.10000000149011612,32766,638,32766,614,2118,3.383577823638916
2026-04-07T11:51:18.629,radio://0/80/2M,flow,1,1,Wall Follow,4609,0,0,0,0.0,0,0,0.0,0.0,70149,-4,-4,0.8033806681632996,0.09716174751520157,-0.10975713282823563,0.20000000298023224,0.10000000149011612,32766,638,32766,614,2118,3.383577823638916
2026-04-07T11:51:18.630,radio://0/80/2M,range,1,1,Wall Follow,4609,0,0,0,0.0,0,0,0.0,0.0,70149,-4,-4,0.8033806681632996,0.09716174751520157,-0.10975713282823563,0.20000000298023224,0.10000000149011612,2474,616,32766,624,2121,3.373020648956299
2026-04-07T11:51:18.876,radio://0/80/2M,mission,1,1,Wall Follow,4609,0,0,0,0.0,0,0,0.0,0.0,70149,-4,-4,0.7977391481399536,0.09716174751520157,-0.10975713282823563,0.20000000298023224,0.10000000149011612,2474,616,32766,624,2121,3.373020648956299
2026-04-07T11:51:18.879,radio://0/80/2M,flow,1,1,Wall Follow,4321,0,0,0,0.0,0,0,0.0,0.0,70399,-1,0,0.7977391481399536,0.15112175047397614,-0.16010048985481262,0.20000000298023224,0.0,2474,616,32766,624,2121,3.373020648956299
2026-04-07T11:51:18.880,radio://0/80/2M,range,1,1,Wall Follow,4321,0,0,0,0.0,0,0,0.0,0.0,70399,-1,0,0.7977391481399536,0.15112175047397614,-0.16010048985481262,0.20000000298023224,0.0,2400,556,32766,663,2117,3.3624634742736816
2026-04-07T11:51:19.126,radio://0/80/2M,mission,1,1,Wall Follow,4321,0,0,0,0.0,0,0,0.0,0.0,70399,-1,0,0.8026909232139587,0.15112175047397614,-0.16010048985481262,0.20000000298023224,0.0,2400,556,32766,663,2117,3.3624634742736816
2026-04-07T11:51:19.128,radio://0/80/2M,flow,1,1,Wall Follow,4321,0,0,0,0.0,0,0,0.0,0.0,70649,3,-1,0.8026909232139587,0.10240927338600159,-0.2038523256778717,0.20000000298023224,0.0,2400,556,32766,663,2117,3.3624634742736816
2026-04-07T11:51:19.129,radio://0/80/2M,range,1,1,Wall Follow,4321,0,0,0,0.0,0,0,0.0,0.0,70649,3,-1,0.8026909232139587,0.10240927338600159,-0.2038523256778717,0.20000000298023224,0.0,2354,531,32766,712,2119,3.373020648956299
2026-04-07T11:51:19.375,radio://0/80/2M,mission,1,1,Wall Follow,4321,0,0,0,0.0,0,0,0.0,0.0,70649,3,-1,0.7977033257484436,0.10240927338600159,-0.2038523256778717,0.20000000298023224,0.0,2354,531,32766,712,2119,3.373020648956299
2026-04-07T11:51:19.378,radio://0/80/2M,flow,1,1,Wall Follow,4321,0,0,0,0.0,0,0,0.0,0.0,70899,1,0,0.7977033257484436,0.048931099474430084,-0.1948109269142151,0.20000000298023224,0.0,2354,531,32766,712,2119,3.373020648956299
2026-04-07T11:51:19.379,radio://0/80/2M,range,1,1,Wall Follow,4321,0,0,0,0.0,0,0,0.0,0.0,70899,1,0,0.7977033257484436,0.048931099474430084,-0.1948109269142151,0.20000000298023224,0.0,2263,532,32766,813,2119,3.357184886932373
2026-04-07T11:51:19.625,radio://0/80/2M,mission,1,1,Wall Follow,4321,0,0,0,0.0,0,0,0.0,0.0,70899,1,0,0.7925138473510742,0.048931099474430084,-0.1948109269142151,0.20000000298023224,0.0,2263,532,32766,813,2119,3.357184886932373
2026-04-07T11:51:19.628,radio://0/80/2M,flow,1,1,Wall Follow,4321,0,0,0,0.0,0,0,0.0,0.0,71149,0,-4,0.7925138473510742,0.05016379430890083,-0.2009790986776352,0.20000000298023224,0.0,2263,532,32766,813,2119,3.357184886932373
2026-04-07T11:51:19.629,radio://0/80/2M,range,1,1,Wall Follow,4321,0,0,0,0.0,0,0,0.0,0.0,71149,0,-4,0.7925138473510742,0.05016379430890083,-0.2009790986776352,0.20000000298023224,0.0,32766,545,1432,881,2125,3.3519062995910645
2026-04-07T11:51:19.876,radio://0/80/2M,mission,1,1,Wall Follow,4321,0,0,0,0.0,0,0,0.0,0.0,71149,0,-4,0.7991346120834351,0.05016379430890083,-0.2009790986776352,0.20000000298023224,0.0,32766,545,1432,881,2125,3.3519062995910645
2026-04-07T11:51:19.877,radio://0/80/2M,flow,1,1,Wall Follow,4321,0,0,0,0.0,0,0,0.0,0.0,71399,-1,-4,0.7991346120834351,0.07709909230470657,-0.1600632220506668,0.20000000298023224,0.0,32766,545,1432,881,2125,3.3519062995910645
2026-04-07T11:51:19.878,radio://0/80/2M,range,1,1,Wall Follow,4321,0,0,0,0.0,0,0,0.0,0.0,71399,-1,-4,0.7991346120834351,0.07709909230470657,-0.1600632220506668,0.20000000298023224,0.0,32766,549,1301,958,2126,3.3677420616149902
2026-04-07T11:51:20.125,radio://0/80/2M,mission,1,1,Wall Follow,4321,0,0,0,0.0,0,0,0.0,0.0,71399,-1,-4,0.8027138710021973,0.07709909230470657,-0.1600632220506668,0.20000000298023224,0.0,32766,549,1301,958,2126,3.3677420616149902
2026-04-07T11:51:20.127,radio://0/80/2M,flow,1,1,Wall Follow,4321,0,0,0,0.0,0,0,0.0,0.0,71649,0,0,0.8027138710021973,0.0924225002527237,-0.14890412986278534,0.20000000298023224,0.0,32766,549,1301,958,2126,3.3677420616149902
2026-04-07T11:51:20.128,radio://0/80/2M,range,1,1,Wall Follow,4321,0,0,0,0.0,0,0,0.0,0.0,71649,0,0,0.8027138710021973,0.0924225002527237,-0.14890412986278534,0.20000000298023224,0.0,32766,543,1233,996,2118,3.3624634742736816
2026-04-07T11:51:20.375,radio://0/80/2M,mission,1,1,Wall Follow,4321,0,0,0,0.0,0,0,0.0,0.0,71649,0,0,0.8024303913116455,0.0924225002527237,-0.14890412986278534,0.20000000298023224,0.0,32766,543,1233,996,2118,3.3624634742736816
2026-04-07T11:51:20.377,radio://0/80/2M,flow,1,1,Wall Follow,4321,0,0,0,0.0,0,0,0.0,0.0,71899,-2,1,0.8024303913116455,0.12072709947824478,-0.14591892063617706,0.20000000298023224,0.0,32766,543,1233,996,2118,3.3624634742736816
2026-04-07T11:51:20.379,radio://0/80/2M,range,1,1,Wall Follow,4321,0,0,0,0.0,0,0,0.0,0.0,71899,-2,1,0.8024303913116455,0.12072709947824478,-0.14591892063617706,0.20000000298023224,0.0,32766,510,1222,1021,2116,3.3624634742736816
2026-04-07T11:51:20.625,radio://0/80/2M,mission,1,1,Wall Follow,4321,0,0,0,0.0,0,0,0.0,0.0,71899,-2,1,0.8014812469482422,0.12072709947824478,-0.14591892063617706,0.20000000298023224,0.0,32766,510,1222,1021,2116,3.3624634742736816
2026-04-07T11:51:20.626,radio://0/80/2M,flow,1,1,Wall Follow,4321,0,0,0,0.0,0,0,0.0,0.0,72149,-1,0,0.8014812469482422,0.10806379467248917,-0.12320734560489655,0.20000000298023224,0.0,32766,510,1222,1021,2116,3.3624634742736816
2026-04-07T11:51:20.628,radio://0/80/2M,range,1,1,Wall Follow,4321,0,0,0,0.0,0,0,0.0,0.0,72149,-1,0,0.8014812469482422,0.10806379467248917,-0.12320734560489655,0.20000000298023224,0.0,32766,477,1280,1014,2113,3.3677420616149902
2026-04-07T11:51:20.874,radio://0/80/2M,mission,1,1,Wall Follow,4321,0,0,0,0.0,0,0,0.0,0.0,72149,-1,0,0.7937944531440735,0.10806379467248917,-0.12320734560489655,0.20000000298023224,0.0,32766,477,1280,1014,2113,3.3677420616149902
2026-04-07T11:51:20.877,radio://0/80/2M,flow,1,1,Wall Follow,4321,0,0,0,0.0,0,0,0.0,0.0,72399,1,-1,0.7937944531440735,0.04759642481803894,-0.1269882321357727,0.20000000298023224,0.0,32766,477,1280,1014,2113,3.3677420616149902
2026-04-07T11:51:20.878,radio://0/80/2M,range,1,1,Wall Follow,4321,0,0,0,0.0,0,0,0.0,0.0,72399,1,-1,0.7937944531440735,0.04759642481803894,-0.1269882321357727,0.20000000298023224,0.0,32766,457,1287,1024,2126,3.3413491249084473
2026-04-07T11:51:21.123,radio://0/80/2M,mission,1,1,Wall Follow,4321,0,0,0,0.0,0,0,0.0,0.0,72399,1,-1,0.7916979789733887,0.04759642481803894,-0.1269882321357727,0.20000000298023224,0.0,32766,457,1287,1024,2126,3.3413491249084473
2026-04-07T11:51:21.126,radio://0/80/2M,flow,1,1,Wall Follow,4321,0,0,0,0.0,0,0,0.0,0.0,72649,-2,-1,0.7916979789733887,0.020593976601958275,-0.1547316312789917,0.20000000298023224,0.0,32766,457,1287,1024,2126,3.3413491249084473
2026-04-07T11:51:21.127,radio://0/80/2M,range,1,1,Wall Follow,4321,0,0,0,0.0,0,0,0.0,0.0,72649,-2,-1,0.7916979789733887,0.020593976601958275,-0.1547316312789917,0.20000000298023224,0.0,2108,453,1269,1034,2132,3.357184886932373
2026-04-07T11:51:21.374,radio://0/80/2M,mission,1,1,Wall Follow,4321,0,0,0,0.0,0,0,0.0,0.0,72649,-2,-1,0.7908658385276794,0.020593976601958275,-0.1547316312789917,0.20000000298023224,0.0,2108,453,1269,1034,2132,3.357184886932373
2026-04-07T11:51:21.377,radio://0/80/2M,flow,1,1,Wall Follow,4321,0,0,0,0.0,0,0,0.0,0.0,72899,-2,0,0.7908658385276794,0.0647672787308693,-0.15956492722034454,0.20000000298023224,0.0,2108,453,1269,1034,2132,3.357184886932373
2026-04-07T11:51:21.378,radio://0/80/2M,range,1,1,Wall Follow,4321,0,0,0,0.0,0,0,0.0,0.0,72899,-2,0,0.7908658385276794,0.0647672787308693,-0.15956492722034454,0.20000000298023224,0.0,2078,424,1341,1026,2125,3.346627712249756
2026-04-07T11:51:21.624,radio://0/80/2M,mission,1,1,Wall Follow,4321,0,0,0,0.0,0,0,0.0,0.0,72899,-2,0,0.794231116771698,0.0647672787308693,-0.15956492722034454,0.20000000298023224,0.0,2078,424,1341,1026,2125,3.346627712249756
2026-04-07T11:51:21.627,radio://0/80/2M,flow,1,1,Wall Follow,4321,0,0,0,0.0,0,0,0.0,0.0,73149,0,-3,0.794231116771698,0.05776806175708771,-0.1951659619808197,0.20000000298023224,0.0,2078,424,1341,1026,2125,3.346627712249756
2026-04-07T11:51:21.628,radio://0/80/2M,range,1,1,Wall Follow,4321,0,0,0,0.0,0,0,0.0,0.0,73149,0,-3,0.794231116771698,0.05776806175708771,-0.1951659619808197,0.20000000298023224,0.0,2043,408,1339,1040,2132,3.357184886932373
2026-04-07T11:51:21.873,radio://0/80/2M,mission,1,1,Wall Follow,4321,0,0,0,0.0,0,0,0.0,0.0,73149,0,-3,0.8010316491127014,0.05776806175708771,-0.1951659619808197,0.20000000298023224,0.0,2043,408,1339,1040,2132,3.357184886932373
2026-04-07T11:51:21.876,radio://0/80/2M,flow,1,1,Wall Follow,4321,0,0,0,0.0,0,0,0.0,0.0,73399,0,-2,0.8010316491127014,-0.014612305909395218,-0.17404183745384216,0.20000000298023224,-0.10000000149011612,2043,408,1339,1040,2132,3.357184886932373
2026-04-07T11:51:21.877,radio://0/80/2M,range,1,1,Wall Follow,4321,0,0,0,0.0,0,0,0.0,0.0,73399,0,-2,0.8010316491127014,-0.014612305909395218,-0.17404183745384216,0.20000000298023224,-0.10000000149011612,2023,385,1259,1075,2118,3.357184886932373
2026-04-07T11:51:22.123,radio://0/80/2M,mission,1,1,Wall Follow,4321,0,0,0,0.0,0,0,0.0,0.0,73399,0,-2,0.8023881316184998,-0.014612305909395218,-0.17404183745384216,0.20000000298023224,-0.10000000149011612,2023,385,1259,1075,2118,3.357184886932373
2026-04-07T11:51:22.126,radio://0/80/2M,flow,1,1,Wall Follow,4321,0,0,0,0.0,0,0,0.0,0.0,73649,1,0,0.8023881316184998,-0.11704602837562561,-0.20734280347824097,0.20000000298023224,-0.10000000149011612,2023,385,1259,1075,2118,3.357184886932373
2026-04-07T11:51:22.127,radio://0/80/2M,range,1,1,Wall Follow,4321,0,0,0,0.0,0,0,0.0,0.0,73649,1,0,0.8023881316184998,-0.11704602837562561,-0.20734280347824097,0.20000000298023224,-0.10000000149011612,2003,389,1193,1111,2106,3.346627712249756
2026-04-07T11:51:22.373,radio://0/80/2M,mission,1,1,Wall Follow,4321,0,0,0,0.0,0,0,0.0,0.0,73649,1,0,0.8009985685348511,-0.11704602837562561,-0.20734280347824097,0.20000000298023224,-0.10000000149011612,2003,389,1193,1111,2106,3.346627712249756
2026-04-07T11:51:22.376,radio://0/80/2M,flow,1,1,Wall Follow,4591,0,0,0,0.0,0,0,0.0,0.0,73899,1,-1,0.8009985685348511,-0.08263993263244629,-0.21263881027698517,0.20000000298023224,0.0,2003,389,1193,1111,2106,3.346627712249756
2026-04-07T11:51:22.377,radio://0/80/2M,range,1,1,Wall Follow,4591,0,0,0,0.0,0,0,0.0,0.0,73899,1,-1,0.8009985685348511,-0.08263993263244629,-0.21263881027698517,0.20000000298023224,0.0,1980,414,1114,1149,2129,3.3360705375671387
2026-04-07T11:51:22.623,radio://0/80/2M,mission,1,1,Wall Follow,4591,0,0,0,0.0,0,0,0.0,0.0,73899,1,-1,0.8020535707473755,-0.08263993263244629,-0.21263881027698517,0.20000000298023224,0.0,1980,414,1114,1149,2129,3.3360705375671387
2026-04-07T11:51:22.626,radio://0/80/2M,flow,1,1,Wall Follow,4877,0,0,0,0.0,0,0,0.0,0.0,74149,-1,-2,0.8020535707473755,0.05052921548485756,-0.18820810317993164,0.20000000298023224,0.0,1980,414,1114,1149,2129,3.3360705375671387
2026-04-07T11:51:22.627,radio://0/80/2M,range,1,1,Wall Follow,4877,0,0,0,0.0,0,0,0.0,0.0,74149,-1,-2,0.8020535707473755,0.05052921548485756,-0.18820810317993164,0.20000000298023224,0.0,1939,413,1084,1172,2125,3.3413491249084473
2026-04-07T11:51:22.874,radio://0/80/2M,mission,1,5,Transition,4877,0,0,0,0.0,0,0,0.0,0.0,74149,-1,-2,0.8039802312850952,0.05052921548485756,-0.18820810317993164,0.20000000298023224,0.0,1939,413,1084,1172,2125,3.3413491249084473
2026-04-07T11:51:22.875,radio://0/80/2M,flow,1,5,Transition,5181,0,0,0,0.0,0,0,0.0,0.0,74399,-1,-1,0.8039802312850952,0.08886484801769257,-0.15362656116485596,0.0,0.0,1939,413,1084,1172,2125,3.3413491249084473
2026-04-07T11:51:22.876,radio://0/80/2M,range,1,5,Transition,5181,0,0,0,0.0,0,0,0.0,0.0,74399,-1,-1,0.8039802312850952,0.08886484801769257,-0.15362656116485596,0.0,0.0,1904,382,1070,1205,2127,3.3413491249084473
2026-04-07T11:51:23.122,radio://0/80/2M,mission,1,5,Transition,5181,0,0,0,0.0,0,0,0.0,0.0,74399,-1,-1,0.8065652847290039,0.08886484801769257,-0.15362656116485596,0.0,0.0,1904,382,1070,1205,2127,3.3413491249084473
2026-04-07T11:51:23.125,radio://0/80/2M,flow,1,5,Transition,5504,0,0,0,0.0,0,0,0.0,0.0,74649,0,1,0.8065652847290039,0.012347587384283543,-0.05095196142792702,0.0,0.0,1904,382,1070,1205,2127,3.3413491249084473
2026-04-07T11:51:23.127,radio://0/80/2M,range,1,5,Transition,5504,0,0,0,0.0,0,0,0.0,0.0,74649,0,1,0.8065652847290039,0.012347587384283543,-0.05095196142792702,0.0,0.0,1878,369,1060,1228,2127,3.3413491249084473
2026-04-07T11:51:23.371,radio://0/80/2M,mission,1,2,Scan,5504,0,0,0,0.0,0,0,0.0,0.0,74649,0,1,0.8020318150520325,0.012347587384283543,-0.05095196142792702,0.0,0.0,1878,369,1060,1228,2127,3.3413491249084473
2026-04-07T11:51:23.375,radio://0/80/2M,flow,1,2,Scan,5848,0,0,0,0.0,0,0,0.0,0.0,74899,1,0,0.8020318150520325,-0.08467671275138855,0.06754814088344574,0.0,-0.0713999941945076,1878,369,1060,1228,2127,3.3413491249084473
2026-04-07T11:51:23.376,radio://0/80/2M,range,1,2,Scan,5848,0,0,0,0.0,0,0,0.0,0.0,74899,1,0,0.8020318150520325,-0.08467671275138855,0.06754814088344574,0.0,-0.0713999941945076,1913,381,1052,1250,2123,3.33079195022583
2026-04-07T11:51:23.621,radio://0/80/2M,mission,1,2,Scan,5848,0,0,0,0.0,0,0,0.0,0.0,74899,1,0,0.803432047367096,-0.08467671275138855,0.06754814088344574,0.0,-0.0713999941945076,1913,381,1052,1250,2123,3.33079195022583
2026-04-07T11:51:23.625,radio://0/80/2M,flow,1,2,Scan,5483,0,0,0,0.0,0,0,0.0,0.0,75149,1,0,0.803432047367096,-0.09947869926691055,0.029985738918185234,0.0,-0.05339999496936798,1913,381,1052,1250,2123,3.33079195022583
2026-04-07T11:51:23.626,radio://0/80/2M,range,1,2,Scan,5483,0,0,0,0.0,0,0,0.0,0.0,75149,1,0,0.803432047367096,-0.09947869926691055,0.029985738918185234,0.0,-0.05339999496936798,32766,411,1049,1284,2124,3.3413491249084473
2026-04-07T11:51:23.871,radio://0/80/2M,mission,1,2,Scan,5483,0,0,0,0.0,0,0,0.0,0.0,75149,1,0,0.8062564134597778,-0.09947869926691055,0.029985738918185234,0.0,-0.05339999496936798,32766,411,1049,1284,2124,3.3413491249084473
2026-04-07T11:51:23.874,radio://0/80/2M,flow,1,2,Scan,5483,0,0,0,0.0,0,0,0.0,0.0,75399,0,0,0.8062564134597778,-0.0038090860471129417,-0.005646811798214912,0.0,-0.01679999940097332,32766,411,1049,1284,2124,3.3413491249084473
2026-04-07T11:51:23.878,radio://0/80/2M,range,1,2,Scan,5483,0,0,0,0.0,0,0,0.0,0.0,75399,0,0,0.8062564134597778,-0.0038090860471129417,-0.005646811798214912,0.0,-0.01679999940097332,32766,472,1115,1393,2123,3.3413491249084473
2026-04-07T11:51:24.124,radio://0/80/2M,mission,1,2,Scan,5483,0,0,0,0.0,0,0,0.0,0.0,75399,0,0,0.8050020933151245,-0.0038090860471129417,-0.005646811798214912,0.0,-0.01679999940097332,32766,472,1115,1393,2123,3.3413491249084473
2026-04-07T11:51:24.128,radio://0/80/2M,flow,1,2,Scan,5483,0,0,0,0.0,0,0,0.0,0.0,75649,1,3,0.8050020933151245,0.0011367766419425607,-0.007810065057128668,0.0,0.0,32766,472,1115,1393,2123,3.3413491249084473
2026-04-07T11:51:24.132,radio://0/80/2M,range,1,2,Scan,5483,0,0,0,0.0,0,0,0.0,0.0,75649,1,3,0.8050020933151245,0.0011367766419425607,-0.007810065057128668,0.0,0.0,32766,505,1235,1443,2116,3.3413491249084473
2026-04-07T11:51:24.371,radio://0/80/2M,mission,1,2,Scan,5483,0,0,0,0.0,0,0,0.0,0.0,75649,1,3,0.8018485307693481,0.0011367766419425607,-0.007810065057128668,0.0,0.0,32766,505,1235,1443,2116,3.3413491249084473
2026-04-07T11:51:24.374,radio://0/80/2M,flow,1,2,Scan,5483,0,0,0,0.0,0,0,0.0,0.0,75899,0,0,0.8018485307693481,0.05730728432536125,-0.03378306329250336,0.0,0.0,32766,505,1235,1443,2116,3.3413491249084473
2026-04-07T11:51:24.375,radio://0/80/2M,range,1,2,Scan,5483,0,0,0,0.0,0,0,0.0,0.0,75899,0,0,0.8018485307693481,0.05730728432536125,-0.03378306329250336,0.0,0.0,553,561,1406,32766,2118,3.33079195022583
2026-04-07T11:51:24.621,radio://0/80/2M,mission,1,2,Scan,5483,0,0,0,0.0,0,0,0.0,0.0,75899,0,0,0.8010817766189575,0.05730728432536125,-0.03378306329250336,0.0,0.0,553,561,1406,32766,2118,3.33079195022583
2026-04-07T11:51:24.625,radio://0/80/2M,flow,1,2,Scan,5825,0,0,0,0.0,0,0,0.0,0.0,76149,2,-1,0.8010817766189575,0.058993566781282425,-0.0300937257707119,-0.021600008010864258,0.0,553,561,1406,32766,2118,3.33079195022583
2026-04-07T11:51:24.626,radio://0/80/2M,range,1,2,Scan,5825,0,0,0,0.0,0,0,0.0,0.0,76149,2,-1,0.8010817766189575,0.058993566781282425,-0.0300937257707119,-0.021600008010864258,0.0,464,617,32766,32766,2132,3.3255133628845215
2026-04-07T11:51:24.871,radio://0/80/2M,mission,1,2,Scan,5825,0,0,0,0.0,0,0,0.0,0.0,76149,2,-1,0.808167576789856,0.058993566781282425,-0.0300937257707119,-0.021600008010864258,0.0,464,617,32766,32766,2132,3.3255133628845215
2026-04-07T11:51:24.874,radio://0/80/2M,flow,1,2,Scan,4800,0,0,0,0.0,0,0,0.0,0.0,76399,0,4,0.808167576789856,0.03886045515537262,-0.024581484496593475,-0.13440001010894775,0.0,464,617,32766,32766,2132,3.3255133628845215
2026-04-07T11:51:24.876,radio://0/80/2M,range,1,2,Scan,4800,0,0,0,0.0,0,0,0.0,0.0,76399,0,4,0.808167576789856,0.03886045515537262,-0.024581484496593475,-0.13440001010894775,0.0,276,1193,1667,32766,2130,3.346627712249756
2026-04-07T11:51:25.121,radio://0/80/2M,mission,1,2,Scan,4800,0,0,0,0.0,0,0,0.0,0.0,76399,0,4,0.807626485824585,0.03886045515537262,-0.024581484496593475,-0.13440001010894775,0.0,276,1193,1667,32766,2130,3.346627712249756
2026-04-07T11:51:25.123,radio://0/80/2M,flow,1,2,Scan,4500,0,0,0,0.0,0,0,0.0,0.0,76649,0,0,0.807626485824585,-0.08166949450969696,0.018971621990203857,-0.15480001270771027,0.0,276,1193,1667,32766,2130,3.346627712249756
2026-04-07T11:51:25.125,radio://0/80/2M,range,1,2,Scan,4500,0,0,0,0.0,0,0,0.0,0.0,76649,0,0,0.807626485824585,-0.08166949450969696,0.018971621990203857,-0.15480001270771027,0.0,242,1237,1673,32766,2129,3.33079195022583
2026-04-07T11:51:25.370,radio://0/80/2M,mission,1,2,Scan,4500,0,0,0,0.0,0,0,0.0,0.0,76649,0,0,0.7944062948226929,-0.08166949450969696,0.018971621990203857,-0.15480001270771027,0.0,242,1237,1673,32766,2129,3.33079195022583
2026-04-07T11:51:25.373,radio://0/80/2M,flow,1,2,Scan,4500,0,0,0,0.0,0,0,0.0,0.0,76899,3,-2,0.7944062948226929,-0.11559001356363297,0.0057404013350605965,-0.1542000025510788,0.0,242,1237,1673,32766,2129,3.33079195022583
2026-04-07T11:51:25.374,radio://0/80/2M,range,1,2,Scan,4500,0,0,0,0.0,0,0,0.0,0.0,76899,3,-2,0.7944062948226929,-0.11559001356363297,0.0057404013350605965,-0.1542000025510788,0.0,243,1273,1672,32766,2124,3.320234775543213
2026-04-07T11:51:25.621,radio://0/80/2M,mission,1,2,Scan,4500,0,0,0,0.0,0,0,0.0,0.0,76899,3,-2,0.7920382022857666,-0.11559001356363297,0.0057404013350605965,-0.1542000025510788,0.0,243,1273,1672,32766,2124,3.320234775543213
2026-04-07T11:51:25.624,radio://0/80/2M,flow,1,2,Scan,4500,0,0,0,0.0,0,0,0.0,0.0,77149,0,0,0.7920382022857666,-0.1255647838115692,-0.019054636359214783,-0.14520001411437988,0.0,243,1273,1672,32766,2124,3.320234775543213
2026-04-07T11:51:25.625,radio://0/80/2M,range,1,2,Scan,4500,0,0,0,0.0,0,0,0.0,0.0,77149,0,0,0.7920382022857666,-0.1255647838115692,-0.019054636359214783,-0.14520001411437988,0.0,258,1319,1661,1072,2140,3.33079195022583
2026-04-07T11:51:25.871,radio://0/80/2M,mission,1,2,Scan,4500,0,0,0,0.0,0,0,0.0,0.0,77149,0,0,0.7925375699996948,-0.1255647838115692,-0.019054636359214783,-0.14520001411437988,0.0,258,1319,1661,1072,2140,3.33079195022583
2026-04-07T11:51:25.873,radio://0/80/2M,flow,1,2,Scan,4500,0,0,0,0.0,0,0,0.0,0.0,77399,1,-6,0.7925375699996948,-0.10912081599235535,-0.02343255653977394,-0.12600001692771912,0.0,258,1319,1661,1072,2140,3.33079195022583
2026-04-07T11:51:25.874,radio://0/80/2M,range,1,2,Scan,4500,0,0,0,0.0,0,0,0.0,0.0,77399,1,-6,0.7925375699996948,-0.10912081599235535,-0.02343255653977394,-0.12600001692771912,0.0,290,1422,1677,1105,2132,3.320234775543213
2026-04-07T11:51:26.120,radio://0/80/2M,mission,1,2,Scan,4500,0,0,0,0.0,0,0,0.0,0.0,77399,1,-6,0.7894555330276489,-0.10912081599235535,-0.02343255653977394,-0.12600001692771912,0.0,290,1422,1677,1105,2132,3.320234775543213
2026-04-07T11:51:26.123,radio://0/80/2M,flow,1,2,Scan,4781,0,0,0,0.0,0,0,0.0,0.0,77649,-1,-5,0.7894555330276489,-0.09617014229297638,-0.023761078715324402,-0.11159999668598175,0.0,290,1422,1677,1105,2132,3.320234775543213
2026-04-07T11:51:26.124,radio://0/80/2M,range,1,2,Scan,4781,0,0,0,0.0,0,0,0.0,0.0,77649,-1,-5,0.7894555330276489,-0.09617014229297638,-0.023761078715324402,-0.11159999668598175,0.0,314,1507,32766,1194,2132,3.320234775543213
2026-04-07T11:51:26.369,radio://0/80/2M,mission,1,2,Scan,4781,0,0,0,0.0,0,0,0.0,0.0,77649,-1,-5,0.7961156368255615,-0.09617014229297638,-0.023761078715324402,-0.11159999668598175,0.0,314,1507,32766,1194,2132,3.320234775543213
2026-04-07T11:51:26.372,radio://0/80/2M,flow,1,2,Scan,4781,0,0,0,0.0,0,0,0.0,0.0,77899,0,0,0.7961156368255615,-0.07969805598258972,-0.10581636428833008,-0.06780000776052475,0.0,314,1507,32766,1194,2132,3.320234775543213
2026-04-07T11:51:26.373,radio://0/80/2M,range,1,2,Scan,4781,0,0,0,0.0,0,0,0.0,0.0,77899,0,0,0.7961156368255615,-0.07969805598258972,-0.10581636428833008,-0.06780000776052475,0.0,387,1601,32766,1324,2132,3.3360705375671387
2026-04-07T11:51:26.619,radio://0/80/2M,mission,1,2,Scan,4781,0,0,0,0.0,0,0,0.0,0.0,77899,0,0,0.7975359559059143,-0.07969805598258972,-0.10581636428833008,-0.06780000776052475,0.0,387,1601,32766,1324,2132,3.3360705375671387
2026-04-07T11:51:26.622,radio://0/80/2M,flow,1,2,Scan,5079,0,0,0,0.0,0,0,0.0,0.0,78149,0,-1,0.7975359559059143,-0.08161789923906326,-0.028015289455652237,-0.029399998486042023,0.007800007238984108,387,1601,32766,1324,2132,3.3360705375671387
2026-04-07T11:51:26.623,radio://0/80/2M,range,1,2,Scan,5079,0,0,0,0.0,0,0,0.0,0.0,78149,0,-1,0.7975359559059143,-0.08161789923906326,-0.028015289455652237,-0.029399998486042023,0.007800007238984108,451,32766,487,1504,2131,3.320234775543213
2026-04-07T11:51:26.870,radio://0/80/2M,mission,1,2,Scan,5079,0,0,0,0.0,0,0,0.0,0.0,78149,0,-1,0.8004282116889954,-0.08161789923906326,-0.028015289455652237,-0.029399998486042023,0.007800007238984108,451,32766,487,1504,2131,3.320234775543213
2026-04-07T11:51:26.871,radio://0/80/2M,flow,1,2,Scan,5079,0,0,0,0.0,0,0,0.0,0.0,78399,0,0,0.8004282116889954,-0.02713264524936676,0.017214586958289146,0.0,0.04440000280737877,451,32766,487,1504,2131,3.320234775543213
2026-04-07T11:51:26.872,radio://0/80/2M,range,1,2,Scan,5079,0,0,0,0.0,0,0,0.0,0.0,78399,0,0,0.8004282116889954,-0.02713264524936676,0.017214586958289146,0.0,0.04440000280737877,625,1102,404,32766,2119,3.320234775543213
2026-04-07T11:51:27.120,radio://0/80/2M,mission,1,2,Scan,5079,0,0,0,0.0,0,0,0.0,0.0,78399,0,0,0.8031786680221558,-0.02713264524936676,0.017214586958289146,0.0,0.04440000280737877,625,1102,404,32766,2119,3.320234775543213
2026-04-07T11:51:27.121,radio://0/80/2M,flow,1,2,Scan,5079,0,0,0,0.0,0,0,0.0,0.0,78649,0,-2,0.8031786680221558,-0.040666524320840836,0.04029349610209465,0.0,0.0737999975681305,625,1102,404,32766,2119,3.320234775543213
2026-04-07T11:51:27.122,radio://0/80/2M,range,1,2,Scan,5079,0,0,0,0.0,0,0,0.0,0.0,78649,0,-2,0.8031786680221558,-0.040666524320840836,0.04029349610209465,0.0,0.0737999975681305,902,32766,377,32766,2114,3.314955949783325
2026-04-07T11:51:27.369,radio://0/80/2M,mission,1,2,Scan,5079,0,0,0,0.0,0,0,0.0,0.0,78649,0,-2,0.7969467043876648,-0.040666524320840836,0.04029349610209465,0.0,0.0737999975681305,902,32766,377,32766,2114,3.314955949783325
2026-04-07T11:51:27.372,radio://0/80/2M,flow,1,2,Scan,5079,0,0,0,0.0,0,0,0.0,0.0,78899,0,-1,0.7969467043876648,-0.05225234106183052,0.0630958080291748,0.0,0.12839999794960022,902,32766,377,32766,2114,3.314955949783325
2026-04-07T11:51:27.373,radio://0/80/2M,range,1,2,Scan,5079,0,0,0,0.0,0,0,0.0,0.0,78899,0,-1,0.7969467043876648,-0.05225234106183052,0.0630958080291748,0.0,0.12839999794960022,1151,32766,286,1739,2121,3.3096773624420166
2026-04-07T11:51:27.619,radio://0/80/2M,mission,1,2,Scan,5079,0,0,0,0.0,0,0,0.0,0.0,78899,0,-1,0.7976839542388916,-0.05225234106183052,0.0630958080291748,0.0,0.12839999794960022,1151,32766,286,1739,2121,3.3096773624420166
2026-04-07T11:51:27.622,radio://0/80/2M,flow,1,2,Scan,4762,0,0,0,0.0,0,0,0.0,0.0,79149,-1,-1,0.7976839542388916,-0.09259089082479477,0.11425580084323883,0.0,0.13259999454021454,1151,32766,286,1739,2121,3.3096773624420166
2026-04-07T11:51:27.623,radio://0/80/2M,range,1,2,Scan,4762,0,0,0,0.0,0,0,0.0,0.0,79149,-1,-1,0.7976839542388916,-0.09259089082479477,0.11425580084323883,0.0,0.13259999454021454,1099,32766,279,1810,2132,3.314955949783325
2026-04-07T11:51:27.872,radio://0/80/2M,mission,1,2,Scan,4762,0,0,0,0.0,0,0,0.0,0.0,79149,-1,-1,0.7971340417861938,-0.09259089082479477,0.11425580084323883,0.0,0.13259999454021454,1099,32766,279,1810,2132,3.314955949783325
2026-04-07T11:51:27.873,radio://0/80/2M,flow,1,2,Scan,4465,0,0,0,0.0,0,0,0.0,0.0,79399,-1,0,0.7971340417861938,-0.11137951910495758,0.07709566503763199,0.0,0.12960000336170197,1099,32766,279,1810,2132,3.314955949783325
2026-04-07T11:51:27.874,radio://0/80/2M,range,1,2,Scan,4465,0,0,0,0.0,0,0,0.0,0.0,79399,-1,0,0.7971340417861938,-0.11137951910495758,0.07709566503763199,0.0,0.12960000336170197,1024,32766,293,1948,2134,3.304398775100708
2026-04-07T11:51:28.119,radio://0/80/2M,mission,1,2,Scan,4465,0,0,0,0.0,0,0,0.0,0.0,79399,-1,0,0.7949328422546387,-0.11137951910495758,0.07709566503763199,0.0,0.12960000336170197,1024,32766,293,1948,2134,3.304398775100708
2026-04-07T11:51:28.121,radio://0/80/2M,flow,1,2,Scan,4465,0,0,0,0.0,0,0,0.0,0.0,79649,0,0,0.7949328422546387,-0.10868091136217117,0.02455061860382557,0.0,0.11100000888109207,1024,32766,293,1948,2134,3.304398775100708
2026-04-07T11:51:28.123,radio://0/80/2M,range,1,2,Scan,4465,0,0,0,0.0,0,0,0.0,0.0,79649,0,0,0.7949328422546387,-0.10868091136217117,0.02455061860382557,0.0,0.11100000888109207,1007,32766,315,1973,2128,3.293841600418091
2026-04-07T11:51:28.368,radio://0/80/2M,mission,1,2,Scan,4465,0,0,0,0.0,0,0,0.0,0.0,79649,0,0,0.7956486344337463,-0.10868091136217117,0.02455061860382557,0.0,0.11100000888109207,1007,32766,315,1973,2128,3.293841600418091
2026-04-07T11:51:28.370,radio://0/80/2M,flow,1,2,Scan,4465,0,0,0,0.0,0,0,0.0,0.0,79899,0,0,0.7956486344337463,-0.05823107808828354,-0.026568805798888206,0.0,0.09300000220537186,1007,32766,315,1973,2128,3.293841600418091
2026-04-07T11:51:28.371,radio://0/80/2M,range,1,2,Scan,4465,0,0,0,0.0,0,0,0.0,0.0,79899,0,0,0.7956486344337463,-0.05823107808828354,-0.026568805798888206,0.0,0.09300000220537186,1010,32766,345,2027,2132,3.2832844257354736
2026-04-07T11:51:28.618,radio://0/80/2M,mission,1,2,Scan,4465,0,0,0,0.0,0,0,0.0,0.0,79899,0,0,0.8026026487350464,-0.05823107808828354,-0.026568805798888206,0.0,0.09300000220537186,1010,32766,345,2027,2132,3.2832844257354736
2026-04-07T11:51:28.622,radio://0/80/2M,flow,1,2,Scan,4465,0,0,0,0.0,0,0,0.0,0.0,80149,0,-1,0.8026026487350464,0.0014025397831574082,-0.005275246221572161,0.0,0.07020001113414764,1010,32766,345,2027,2132,3.2832844257354736
2026-04-07T11:51:28.623,radio://0/80/2M,range,1,2,Scan,4465,0,0,0,0.0,0,0,0.0,0.0,80149,0,-1,0.8026026487350464,0.0014025397831574082,-0.005275246221572161,0.0,0.07020001113414764,1037,1232,383,32766,2121,3.293841600418091
2026-04-07T11:51:28.869,radio://0/80/2M,mission,1,2,Scan,4465,0,0,0,0.0,0,0,0.0,0.0,80149,0,-1,0.8050362467765808,0.0014025397831574082,-0.005275246221572161,0.0,0.07020001113414764,1037,1232,383,32766,2121,3.293841600418091
2026-04-07T11:51:28.870,radio://0/80/2M,flow,1,2,Scan,4465,0,0,0,0.0,0,0,0.0,0.0,80399,-1,0,0.8050362467765808,-0.07789282500743866,-0.005521436687558889,0.0,0.018599994480609894,1037,1232,383,32766,2121,3.293841600418091
2026-04-07T11:51:28.871,radio://0/80/2M,range,1,2,Scan,4465,0,0,0,0.0,0,0,0.0,0.0,80399,-1,0,0.8050362467765808,-0.07789282500743866,-0.005521436687558889,0.0,0.018599994480609894,1116,1208,469,525,2122,3.3255133628845215
2026-04-07T11:51:29.118,radio://0/80/2M,mission,1,2,Scan,4465,0,0,0,0.0,0,0,0.0,0.0,80399,-1,0,0.812110960483551,-0.07789282500743866,-0.005521436687558889,0.0,0.018599994480609894,1116,1208,469,525,2122,3.3255133628845215
2026-04-07T11:51:29.120,radio://0/80/2M,flow,1,2,Scan,4465,0,0,0,0.0,0,0,0.0,0.0,80649,-1,0,0.812110960483551,-0.055788349360227585,-0.09268281608819962,0.0,0.0,1116,1208,469,525,2122,3.3255133628845215
2026-04-07T11:51:29.121,radio://0/80/2M,range,1,2,Scan,4465,0,0,0,0.0,0,0,0.0,0.0,80649,-1,0,0.812110960483551,-0.055788349360227585,-0.09268281608819962,0.0,0.0,1201,1267,552,500,2120,3.2991201877593994
2026-04-07T11:51:29.368,radio://0/80/2M,mission,1,2,Scan,4465,0,0,0,0.0,0,0,0.0,0.0,80649,-1,0,0.8088952302932739,-0.055788349360227585,-0.09268281608819962,0.0,0.0,1201,1267,552,500,2120,3.2991201877593994
2026-04-07T11:51:29.371,radio://0/80/2M,flow,1,2,Scan,4465,0,0,0,0.0,0,0,0.0,0.0,80899,-1,0,0.8088952302932739,-0.08262252062559128,-0.35553261637687683,0.01019999384880066,0.0,1201,1267,552,500,2120,3.2991201877593994
2026-04-07T11:51:29.372,radio://0/80/2M,range,1,2,Scan,4465,0,0,0,0.0,0,0,0.0,0.0,80899,-1,0,0.8088952302932739,-0.08262252062559128,-0.35553261637687683,0.01019999384880066,0.0,1401,1487,817,483,2137,3.33079195022583
2026-04-07T11:51:29.618,radio://0/80/2M,mission,1,2,Scan,4465,0,0,0,0.0,0,0,0.0,0.0,80899,-1,0,0.797551691532135,-0.08262252062559128,-0.35553261637687683,0.01019999384880066,0.0,1401,1487,817,483,2137,3.33079195022583
2026-04-07T11:51:29.620,radio://0/80/2M,flow,1,2,Scan,4465,0,0,0,0.0,0,0,0.0,0.0,81149,0,0,0.797551691532135,-0.040620334446430206,-0.0856630876660347,0.025199998170137405,0.0,1401,1487,817,483,2137,3.33079195022583
2026-04-07T11:51:29.621,radio://0/80/2M,range,1,2,Scan,4465,0,0,0,0.0,0,0,0.0,0.0,81149,0,0,0.797551691532135,-0.040620334446430206,-0.0856630876660347,0.025199998170137405,0.0,32766,32766,954,458,2137,3.3096773624420166
2026-04-07T11:51:29.873,radio://0/80/2M,mission,1,2,Scan,4465,0,0,0,0.0,0,0,0.0,0.0,81149,0,0,0.7974894642829895,-0.040620334446430206,-0.0856630876660347,0.025199998170137405,0.0,32766,32766,954,458,2137,3.3096773624420166
2026-04-07T11:51:29.876,radio://0/80/2M,flow,1,2,Scan,4465,0,0,0,0.0,0,0,0.0,0.0,81399,1,0,0.7974894642829895,-0.030784687027335167,0.12532038986682892,0.022200001403689384,0.0,32766,32766,954,458,2137,3.3096773624420166
2026-04-07T11:51:29.877,radio://0/80/2M,range,1,2,Scan,4465,0,0,0,0.0,0,0,0.0,0.0,81399,1,0,0.7974894642829895,-0.030784687027335167,0.12532038986682892,0.022200001403689384,0.0,32766,32766,889,463,2122,3.320234775543213
2026-04-07T11:51:30.117,radio://0/80/2M,mission,1,2,Scan,4465,0,0,0,0.0,0,0,0.0,0.0,81399,1,0,0.8022145628929138,-0.030784687027335167,0.12532038986682892,0.022200001403689384,0.0,32766,32766,889,463,2122,3.320234775543213
2026-04-07T11:51:30.120,radio://0/80/2M,flow,1,2,Scan,4465,0,0,0,0.0,0,0,0.0,0.0,81649,0,-1,0.8022145628929138,-0.011542625725269318,0.09536236524581909,0.009600002318620682,0.0,32766,32766,889,463,2122,3.320234775543213
2026-04-07T11:51:30.121,radio://0/80/2M,range,1,2,Scan,4465,0,0,0,0.0,0,0,0.0,0.0,81649,0,-1,0.8022145628929138,-0.011542625725269318,0.09536236524581909,0.009600002318620682,0.0,32766,32766,860,484,2126,3.3255133628845215
2026-04-07T11:51:30.368,radio://0/80/2M,mission,1,2,Scan,4465,0,0,0,0.0,0,0,0.0,0.0,81649,0,-1,0.8040253520011902,-0.011542625725269318,0.09536236524581909,0.009600002318620682,0.0,32766,32766,860,484,2126,3.3255133628845215
2026-04-07T11:51:30.371,radio://0/80/2M,flow,1,2,Scan,4465,0,0,0,0.0,0,0,0.0,0.0,81899,5,-1,0.8040253520011902,-0.009985556825995445,-0.061725914478302,0.0,0.0,32766,32766,860,484,2126,3.3255133628845215
2026-04-07T11:51:30.372,radio://0/80/2M,range,1,2,Scan,4465,0,0,0,0.0,0,0,0.0,0.0,81899,5,-1,0.8040253520011902,-0.009985556825995445,-0.061725914478302,0.0,0.0,32766,2191,843,534,2131,3.3096773624420166
2026-04-07T11:51:30.620,radio://0/80/2M,mission,1,2,Scan,4465,0,0,0,0.0,0,0,0.0,0.0,81899,5,-1,0.8165236711502075,-0.009985556825995445,-0.061725914478302,0.0,0.0,32766,2191,843,534,2131,3.3096773624420166
2026-04-07T11:51:30.628,radio://0/80/2M,flow,1,2,Scan,4465,0,0,0,0.0,0,0,0.0,0.0,82149,-9,1,0.8165236711502075,0.21984241902828217,-0.4965161085128784,0.0,0.0,32766,2191,843,534,2131,3.3096773624420166
2026-04-07T11:51:30.629,radio://0/80/2M,range,1,2,Scan,4465,0,0,0,0.0,0,0,0.0,0.0,82149,-9,1,0.8165236711502075,0.21984241902828217,-0.4965161085128784,0.0,0.0,32766,2245,906,571,2201,3.33079195022583
2026-04-07T11:51:30.867,radio://0/80/2M,mission,1,2,Scan,4465,0,0,0,0.0,0,0,0.0,0.0,82149,-9,1,0.7754801511764526,0.21984241902828217,-0.4965161085128784,0.0,0.0,32766,2245,906,571,2201,3.33079195022583
2026-04-07T11:51:30.868,radio://0/80/2M,flow,1,2,Scan,4465,0,0,0,0.0,0,0,0.0,0.0,82399,-11,-3,0.7754801511764526,0.327006995677948,-0.5965745449066162,0.0,0.0,32766,2245,906,571,2201,3.33079195022583
2026-04-07T11:51:30.869,radio://0/80/2M,range,1,2,Scan,4465,0,0,0,0.0,0,0,0.0,0.0,82399,-11,-3,0.7754801511764526,0.327006995677948,-0.5965745449066162,0.0,0.0,32766,2090,1082,572,2142,3.267448663711548
2026-04-07T11:51:31.116,radio://0/80/2M,mission,1,2,Scan,4465,0,0,0,0.0,0,0,0.0,0.0,82399,-11,-3,0.7921510338783264,0.327006995677948,-0.5965745449066162,0.0,0.0,32766,2090,1082,572,2142,3.267448663711548
2026-04-07T11:51:31.119,radio://0/80/2M,flow,1,2,Scan,5689,0,0,0,0.0,0,0,0.0,0.0,82649,-1,-4,0.7921510338783264,0.22317653894424438,-0.39424169063568115,0.0,0.0,32766,2090,1082,572,2142,3.267448663711548
2026-04-07T11:51:31.121,radio://0/80/2M,range,1,2,Scan,5689,0,0,0,0.0,0,0,0.0,0.0,82649,-1,-4,0.7921510338783264,0.22317653894424438,-0.39424169063568115,0.0,0.0,980,32766,1299,593,2148,3.3360705375671387
2026-04-07T11:51:31.366,radio://0/80/2M,mission,1,2,Scan,5689,0,0,0,0.0,0,0,0.0,0.0,82649,-1,-4,0.808638870716095,0.22317653894424438,-0.39424169063568115,0.0,0.0,980,32766,1299,593,2148,3.3360705375671387
2026-04-07T11:51:31.368,radio://0/80/2M,flow,1,2,Scan,5689,0,0,0,0.0,0,0,0.0,0.0,82899,0,0,0.808638870716095,0.1427716761827469,-0.1393641084432602,0.0,0.0,980,32766,1299,593,2148,3.3360705375671387
2026-04-07T11:51:31.369,radio://0/80/2M,range,1,2,Scan,5689,0,0,0,0.0,0,0,0.0,0.0,82899,0,0,0.808638870716095,0.1427716761827469,-0.1393641084432602,0.0,0.0,1200,32766,1534,675,2137,3.33079195022583
2026-04-07T11:51:31.615,radio://0/80/2M,mission,1,2,Scan,5689,0,0,0,0.0,0,0,0.0,0.0,82899,0,0,0.8037657737731934,0.1427716761827469,-0.1393641084432602,0.0,0.0,1200,32766,1534,675,2137,3.33079195022583
2026-04-07T11:51:31.619,radio://0/80/2M,flow,1,2,Scan,5689,0,0,0,0.0,0,0,0.0,0.0,83149,-1,0,0.8037657737731934,0.2059367150068283,0.0932907983660698,0.0,0.0,1200,32766,1534,675,2137,3.33079195022583
2026-04-07T11:51:31.620,radio://0/80/2M,range,1,2,Scan,5689,0,0,0,0.0,0,0,0.0,0.0,83149,-1,0,0.8037657737731934,0.2059367150068283,0.0932907983660698,0.0,0.0,1366,32766,32766,788,2128,3.3096773624420166
2026-04-07T11:51:31.867,radio://0/80/2M,mission,1,2,Scan,5689,0,0,0,0.0,0,0,0.0,0.0,83149,-1,0,0.7936312556266785,0.2059367150068283,0.0932907983660698,0.0,0.0,1366,32766,32766,788,2128,3.3096773624420166
2026-04-07T11:51:31.868,radio://0/80/2M,flow,1,2,Scan,5001,0,0,0,0.0,0,0,0.0,0.0,83399,0,2,0.7936312556266785,0.19896188378334045,0.16753548383712769,0.0,-0.049199994653463364,1366,32766,32766,788,2128,3.3096773624420166
2026-04-07T11:51:31.869,radio://0/80/2M,range,1,2,Scan,5001,0,0,0,0.0,0,0,0.0,0.0,83399,0,2,0.7936312556266785,0.19896188378334045,0.16753548383712769,0.0,-0.049199994653463364,32766,418,1185,1107,2134,3.320234775543213
2026-04-07T11:51:32.116,radio://0/80/2M,mission,1,2,Scan,5001,0,0,0,0.0,0,0,0.0,0.0,83399,0,2,0.8024376630783081,0.19896188378334045,0.16753548383712769,0.0,-0.049199994653463364,32766,418,1185,1107,2134,3.320234775543213
2026-04-07T11:51:32.118,radio://0/80/2M,flow,1,2,Scan,4689,0,0,0,0.0,0,0,0.0,0.0,83649,0,0,0.8024376630783081,-0.02754635363817215,0.08958851546049118,0.0,-0.06299999356269836,32766,418,1185,1107,2134,3.320234775543213
2026-04-07T11:51:32.119,radio://0/80/2M,range,1,2,Scan,4689,0,0,0,0.0,0,0,0.0,0.0,83649,0,0,0.8024376630783081,-0.02754635363817215,0.08958851546049118,0.0,-0.06299999356269836,32766,395,1233,1099,2129,3.346627712249756
2026-04-07T11:51:32.364,radio://0/80/2M,mission,1,2,Scan,4689,0,0,0,0.0,0,0,0.0,0.0,83649,0,0,0.8029244542121887,-0.02754635363817215,0.08958851546049118,0.0,-0.06299999356269836,32766,395,1233,1099,2129,3.346627712249756
2026-04-07T11:51:32.368,radio://0/80/2M,flow,1,2,Scan,4689,0,0,0,0.0,0,0,0.0,0.0,83899,3,-1,0.8029244542121887,-0.11594443768262863,0.021021565422415733,0.0,-0.06060000881552696,32766,395,1233,1099,2129,3.346627712249756
2026-04-07T11:51:32.369,radio://0/80/2M,range,1,2,Scan,4689,0,0,0,0.0,0,0,0.0,0.0,83899,3,-1,0.8029244542121887,-0.11594443768262863,0.021021565422415733,0.0,-0.06060000881552696,1895,399,32766,1028,2117,3.3360705375671387
2026-04-07T11:51:32.617,radio://0/80/2M,mission,1,2,Scan,4689,0,0,0,0.0,0,0,0.0,0.0,83899,3,-1,0.8026133179664612,-0.11594443768262863,0.021021565422415733,0.0,-0.06060000881552696,1895,399,32766,1028,2117,3.3360705375671387
2026-04-07T11:51:32.619,radio://0/80/2M,flow,1,2,Scan,4689,0,0,0,0.0,0,0,0.0,0.0,84149,2,0,0.8026133179664612,-0.11258098483085632,0.013187539763748646,0.0,-0.046199996024370193,1895,399,32766,1028,2117,3.3360705375671387
2026-04-07T11:51:32.624,radio://0/80/2M,range,1,2,Scan,4689,0,0,0,0.0,0,0,0.0,0.0,84149,2,0,0.8026133179664612,-0.11258098483085632,0.013187539763748646,0.0,-0.046199996024370193,32766,423,3574,1027,2123,3.33079195022583
2026-04-07T11:51:32.864,radio://0/80/2M,mission,1,2,Scan,4689,0,0,0,0.0,0,0,0.0,0.0,84149,2,0,0.8066600561141968,-0.11258098483085632,0.013187539763748646,0.0,-0.046199996024370193,32766,423,3574,1027,2123,3.33079195022583
2026-04-07T11:51:32.867,radio://0/80/2M,flow,1,2,Scan,4689,0,0,0,0.0,0,0,0.0,0.0,84399,0,-1,0.8066600561141968,-0.05758718028664589,0.021358294412493706,0.0,-0.030000008642673492,32766,423,3574,1027,2123,3.33079195022583
2026-04-07T11:51:32.868,radio://0/80/2M,range,1,2,Scan,4689,0,0,0,0.0,0,0,0.0,0.0,84399,0,-1,0.8066600561141968,-0.05758718028664589,0.021358294412493706,0.0,-0.030000008642673492,1949,450,3605,1060,2123,3.320234775543213
2026-04-07T11:51:33.114,radio://0/80/2M,mission,1,2,Scan,4689,0,0,0,0.0,0,0,0.0,0.0,84399,0,-1,0.802793562412262,-0.05758718028664589,0.021358294412493706,0.0,-0.030000008642673492,1949,450,3605,1060,2123,3.320234775543213
2026-04-07T11:51:33.117,radio://0/80/2M,flow,1,2,Scan,4689,0,0,0,0.0,0,0,0.0,0.0,84649,0,1,0.802793562412262,-0.022280825302004814,0.02429344691336155,0.0,-0.01979999616742134,1949,450,3605,1060,2123,3.320234775543213
2026-04-07T11:51:33.118,radio://0/80/2M,range,1,2,Scan,4689,0,0,0,0.0,0,0,0.0,0.0,84649,0,1,0.802793562412262,-0.022280825302004814,0.02429344691336155,0.0,-0.01979999616742134,1941,467,32766,1106,2119,3.304398775100708
2026-04-07T11:51:33.365,radio://0/80/2M,mission,1,5,Transition,4689,0,0,0,0.0,0,0,0.0,0.0,84649,0,1,0.8042349815368652,-0.022280825302004814,0.02429344691336155,0.0,-0.01979999616742134,1941,467,32766,1106,2119,3.304398775100708
2026-04-07T11:51:33.367,radio://0/80/2M,flow,1,5,Transition,4982,0,0,0,0.0,0,0,0.0,0.0,84899,-1,4,0.8042349815368652,-0.08456598967313766,-0.0011809992138296366,0.0,0.0,1941,467,32766,1106,2119,3.304398775100708
2026-04-07T11:51:33.369,radio://0/80/2M,range,1,5,Transition,4982,0,0,0,0.0,0,0,0.0,0.0,84899,-1,4,0.8042349815368652,-0.08456598967313766,-0.0011809992138296366,0.0,0.0,32766,498,984,1248,2121,3.304398775100708
2026-04-07T11:51:33.615,radio://0/80/2M,mission,1,5,Transition,4982,0,0,0,0.0,0,0,0.0,0.0,84899,-1,4,0.8013699650764465,-0.08456598967313766,-0.0011809992138296366,0.0,0.0,32766,498,984,1248,2121,3.304398775100708
2026-04-07T11:51:33.617,radio://0/80/2M,flow,1,5,Transition,5623,0,0,0,0.0,0,0,0.0,0.0,85149,0,1,0.8013699650764465,-0.0018524774350225925,-0.030329648405313492,0.0,0.0,32766,498,984,1248,2121,3.304398775100708
2026-04-07T11:51:33.618,radio://0/80/2M,range,1,5,Transition,5623,0,0,0,0.0,0,0,0.0,0.0,85149,0,1,0.8013699650764465,-0.0018524774350225925,-0.030329648405313492,0.0,0.0,32766,516,1036,1369,2133,3.2991201877593994
2026-04-07T11:51:33.864,radio://0/80/2M,mission,1,0,Reacquire Wall,5623,0,0,0,0.0,0,0,0.0,0.0,85149,0,1,0.8006699085235596,-0.0018524774350225925,-0.030329648405313492,0.0,0.0,32766,516,1036,1369,2133,3.2991201877593994
2026-04-07T11:51:33.868,radio://0/80/2M,flow,1,0,Reacquire Wall,5623,0,0,0,0.0,0,0,0.0,0.0,85399,1,2,0.8006699085235596,0.1606718748807907,-0.07184331119060516,0.20000000298023224,0.0,32766,516,1036,1369,2133,3.2991201877593994
2026-04-07T11:51:33.869,radio://0/80/2M,range,1,0,Reacquire Wall,5623,0,0,0,0.0,0,0,0.0,0.0,85399,1,2,0.8006699085235596,0.1606718748807907,-0.07184331119060516,0.20000000298023224,0.0,32766,453,1135,1465,2130,3.304398775100708
2026-04-07T11:51:34.114,radio://0/80/2M,mission,1,0,Reacquire Wall,5623,0,0,0,0.0,0,0,0.0,0.0,85399,1,2,0.7961275577545166,0.1606718748807907,-0.07184331119060516,0.20000000298023224,0.0,32766,453,1135,1465,2130,3.304398775100708
2026-04-07T11:51:34.116,radio://0/80/2M,flow,1,0,Reacquire Wall,5251,0,0,0,0.0,0,0,0.0,0.0,85649,-19,-2,0.7961275577545166,0.18101872503757477,-0.13433007895946503,0.20000000298023224,0.0,32766,453,1135,1465,2130,3.304398775100708
2026-04-07T11:51:34.117,radio://0/80/2M,range,1,0,Reacquire Wall,5251,0,0,0,0.0,0,0,0.0,0.0,85649,-19,-2,0.7961275577545166,0.18101872503757477,-0.13433007895946503,0.20000000298023224,0.0,32766,383,1221,1522,2120,3.3096773624420166
2026-04-07T11:51:34.364,radio://0/80/2M,mission,1,0,Reacquire Wall,5251,0,0,0,0.0,0,0,0.0,0.0,85649,-19,-2,0.8006792068481445,0.18101872503757477,-0.13433007895946503,0.20000000298023224,0.0,32766,383,1221,1522,2120,3.3096773624420166
2026-04-07T11:51:34.367,radio://0/80/2M,flow,1,0,Reacquire Wall,4328,0,0,0,0.0,0,0,0.0,0.0,85899,0,0,0.8006792068481445,0.1500389724969864,-0.21382315456867218,0.20000000298023224,0.0,32766,383,1221,1522,2120,3.3096773624420166
2026-04-07T11:51:34.368,radio://0/80/2M,range,1,0,Reacquire Wall,4328,0,0,0,0.0,0,0,0.0,0.0,85899,0,0,0.8006792068481445,0.1500389724969864,-0.21382315456867218,0.20000000298023224,0.0,32766,258,1269,1562,2131,3.3096773624420166
2026-04-07T11:51:34.613,radio://0/80/2M,mission,1,0,Reacquire Wall,4328,0,0,0,0.0,0,0,0.0,0.0,85899,0,0,0.7988670468330383,0.1500389724969864,-0.21382315456867218,0.20000000298023224,0.0,32766,258,1269,1562,2131,3.3096773624420166
2026-04-07T11:51:34.616,radio://0/80/2M,flow,1,0,Reacquire Wall,4058,0,0,0,0.0,0,0,0.0,0.0,86149,0,-3,0.7988670468330383,0.07743124663829803,-0.2519647181034088,0.20000000298023224,0.0,32766,258,1269,1562,2131,3.3096773624420166
2026-04-07T11:51:34.617,radio://0/80/2M,range,1,0,Reacquire Wall,4058,0,0,0,0.0,0,0,0.0,0.0,86149,0,-3,0.7988670468330383,0.07743124663829803,-0.2519647181034088,0.20000000298023224,0.0,32766,205,1281,1588,2131,3.3096773624420166
2026-04-07T11:51:34.863,radio://0/80/2M,mission,1,0,Reacquire Wall,4058,0,0,0,0.0,0,0,0.0,0.0,86149,0,-3,0.7923648953437805,0.07743124663829803,-0.2519647181034088,0.20000000298023224,0.0,32766,205,1281,1588,2131,3.3096773624420166
2026-04-07T11:51:34.885,radio://0/80/2M,flow,1,0,Reacquire Wall,3805,0,0,0,0.0,0,0,0.0,0.0,86399,1,0,0.7923648953437805,0.046562813222408295,-0.23593077063560486,0.20000000298023224,0.0,32766,205,1281,1588,2131,3.3096773624420166
2026-04-07T11:51:34.886,radio://0/80/2M,range,1,0,Reacquire Wall,3805,0,0,0,0.0,0,0,0.0,0.0,86399,1,0,0.7923648953437805,0.046562813222408295,-0.23593077063560486,0.20000000298023224,0.0,32766,242,1293,1673,2131,3.293841600418091
2026-04-07T11:51:35.114,radio://0/80/2M,mission,1,0,Reacquire Wall,3805,0,0,0,0.0,0,0,0.0,0.0,86399,1,0,0.7885220646858215,0.046562813222408295,-0.23593077063560486,0.20000000298023224,0.0,32766,242,1293,1673,2131,3.293841600418091
2026-04-07T11:51:35.115,radio://0/80/2M,flow,1,0,Reacquire Wall,3805,0,0,0,0.0,0,0,0.0,0.0,86649,0,-10,0.7885220646858215,0.07638244330883026,-0.18492008745670319,0.20000000298023224,0.0,32766,242,1293,1673,2131,3.293841600418091
2026-04-07T11:51:35.116,radio://0/80/2M,range,1,0,Reacquire Wall,3805,0,0,0,0.0,0,0,0.0,0.0,86649,0,-10,0.7885220646858215,0.07638244330883026,-0.18492008745670319,0.20000000298023224,0.0,32766,207,1305,1714,2130,3.304398775100708
2026-04-07T11:51:35.362,radio://0/80/2M,mission,1,0,Reacquire Wall,3805,0,0,0,0.0,0,0,0.0,0.0,86649,0,-10,0.8024822473526001,0.07638244330883026,-0.18492008745670319,0.20000000298023224,0.0,32766,207,1305,1714,2130,3.304398775100708
2026-04-07T11:51:35.365,radio://0/80/2M,flow,1,0,Reacquire Wall,3805,0,0,0,0.0,0,0,0.0,0.0,86899,0,0,0.8024822473526001,0.06471174210309982,-0.16207090020179749,0.20000000298023224,0.0,32766,207,1305,1714,2130,3.304398775100708
2026-04-07T11:51:35.366,radio://0/80/2M,range,1,0,Reacquire Wall,3805,0,0,0,0.0,0,0,0.0,0.0,86899,0,0,0.8024822473526001,0.06471174210309982,-0.16207090020179749,0.20000000298023224,0.0,32766,183,1359,1834,2125,3.320234775543213
2026-04-07T11:51:35.613,radio://0/80/2M,mission,1,0,Reacquire Wall,3805,0,0,0,0.0,0,0,0.0,0.0,86899,0,0,0.8062021732330322,0.06471174210309982,-0.16207090020179749,0.20000000298023224,0.0,32766,183,1359,1834,2125,3.320234775543213
2026-04-07T11:51:35.616,radio://0/80/2M,flow,1,0,Reacquire Wall,3805,0,0,0,0.0,0,0,0.0,0.0,87149,1,0,0.8062021732330322,0.0719778761267662,-0.17551150918006897,0.20000000298023224,0.0,32766,183,1359,1834,2125,3.320234775543213
2026-04-07T11:51:35.617,radio://0/80/2M,range,1,0,Reacquire Wall,3805,0,0,0,0.0,0,0,0.0,0.0,87149,1,0,0.8062021732330322,0.0719778761267662,-0.17551150918006897,0.20000000298023224,0.0,32766,172,1417,1937,2113,3.3096773624420166
2026-04-07T11:51:35.862,radio://0/80/2M,mission,1,0,Reacquire Wall,3805,0,0,0,0.0,0,0,0.0,0.0,87149,1,0,0.8005405068397522,0.0719778761267662,-0.17551150918006897,0.20000000298023224,0.0,32766,172,1417,1937,2113,3.3096773624420166
2026-04-07T11:51:35.865,radio://0/80/2M,flow,1,0,Reacquire Wall,4042,0,0,0,0.0,0,0,0.0,0.0,87399,0,1,0.8005405068397522,0.08664356172084808,-0.14868706464767456,0.20000000298023224,0.0,32766,172,1417,1937,2113,3.3096773624420166
2026-04-07T11:51:35.866,radio://0/80/2M,range,1,0,Reacquire Wall,4042,0,0,0,0.0,0,0,0.0,0.0,87399,0,1,0.8005405068397522,0.08664356172084808,-0.14868706464767456,0.20000000298023224,0.0,32766,151,1472,1998,2121,3.304398775100708
2026-04-07T11:51:36.112,radio://0/80/2M,mission,1,0,Reacquire Wall,4042,0,0,0,0.0,0,0,0.0,0.0,87399,0,1,0.7994217276573181,0.08664356172084808,-0.14868706464767456,0.20000000298023224,0.0,32766,151,1472,1998,2121,3.304398775100708
2026-04-07T11:51:36.115,radio://0/80/2M,flow,1,0,Reacquire Wall,4042,0,0,0,0.0,0,0,0.0,0.0,87649,0,0,0.7994217276573181,0.11546897143125534,-0.14473269879817963,0.20000000298023224,0.0,32766,151,1472,1998,2121,3.304398775100708
2026-04-07T11:51:36.116,radio://0/80/2M,range,1,0,Reacquire Wall,4042,0,0,0,0.0,0,0,0.0,0.0,87649,0,0,0.7994217276573181,0.11546897143125534,-0.14473269879817963,0.20000000298023224,0.0,32766,136,1494,2023,2122,3.314955949783325
2026-04-07T11:51:36.362,radio://0/80/2M,mission,1,0,Reacquire Wall,4042,0,0,0,0.0,0,0,0.0,0.0,87649,0,0,0.7975121140480042,0.11546897143125534,-0.14473269879817963,0.20000000298023224,0.0,32766,136,1494,2023,2122,3.314955949783325
2026-04-07T11:51:36.365,radio://0/80/2M,flow,1,0,Reacquire Wall,4042,0,0,0,0.0,0,0,0.0,0.0,87899,-3,0,0.7975121140480042,0.17168769240379333,-0.15148265659809113,0.20000000298023224,0.0,32766,136,1494,2023,2122,3.314955949783325
2026-04-07T11:51:36.366,radio://0/80/2M,range,1,0,Reacquire Wall,4042,0,0,0,0.0,0,0,0.0,0.0,87899,-3,0,0.7975121140480042,0.17168769240379333,-0.15148265659809113,0.20000000298023224,0.0,32766,84,1469,1984,2129,3.314955949783325
2026-04-07T11:51:36.612,radio://0/80/2M,mission,1,0,Reacquire Wall,4042,0,0,0,0.0,0,0,0.0,0.0,87899,-3,0,0.7936504483222961,0.17168769240379333,-0.15148265659809113,0.20000000298023224,0.0,32766,84,1469,1984,2129,3.314955949783325
2026-04-07T11:51:36.615,radio://0/80/2M,flow,1,0,Reacquire Wall,4042,0,0,0,0.0,0,0,0.0,0.0,88149,0,-1,0.7936504483222961,0.11278307437896729,-0.19252370297908783,0.20000000298023224,0.0,32766,84,1469,1984,2129,3.314955949783325
2026-04-07T11:51:36.616,radio://0/80/2M,range,1,0,Reacquire Wall,4042,0,0,0,0.0,0,0,0.0,0.0,88149,0,-1,0.7936504483222961,0.11278307437896729,-0.19252370297908783,0.20000000298023224,0.0,32766,55,1471,1964,2120,3.3096773624420166
2026-04-07T11:51:36.862,radio://0/80/2M,mission,1,0,Reacquire Wall,4042,0,0,0,0.0,0,0,0.0,0.0,88149,0,-1,0.8029798269271851,0.11278307437896729,-0.19252370297908783,0.20000000298023224,0.0,32766,55,1471,1964,2120,3.3096773624420166
2026-04-07T11:51:36.864,radio://0/80/2M,flow,1,0,Reacquire Wall,4847,0,0,0,0.0,0,0,0.0,0.0,88399,1,-1,0.8029798269271851,0.03721049800515175,-0.19959218800067902,0.20000000298023224,0.0,32766,55,1471,1964,2120,3.3096773624420166
2026-04-07T11:51:36.866,radio://0/80/2M,range,1,0,Reacquire Wall,4847,0,0,0,0.0,0,0,0.0,0.0,88399,1,-1,0.8029798269271851,0.03721049800515175,-0.19959218800067902,0.20000000298023224,0.0,32766,29,1527,2028,2114,3.320234775543213
2026-04-07T11:51:37.111,radio://0/80/2M,mission,1,0,Reacquire Wall,4847,0,0,0,0.0,0,0,0.0,0.0,88399,1,-1,0.8092281818389893,0.03721049800515175,-0.19959218800067902,0.20000000298023224,0.0,32766,29,1527,2028,2114,3.320234775543213
2026-04-07T11:51:37.113,radio://0/80/2M,flow,1,0,Reacquire Wall,5149,0,0,0,0.0,0,0,0.0,0.0,88649,1,0,0.8092281818389893,0.022131172940135002,-0.1793263554573059,0.20000000298023224,0.0,32766,29,1527,2028,2114,3.320234775543213
2026-04-07T11:51:37.114,radio://0/80/2M,range,1,0,Reacquire Wall,5149,0,0,0,0.0,0,0,0.0,0.0,88649,1,0,0.8092281818389893,0.022131172940135002,-0.1793263554573059,0.20000000298023224,0.0,32766,59,32766,2089,2096,3.3096773624420166
2026-04-07T11:51:37.362,radio://0/80/2M,mission,1,0,Reacquire Wall,5149,0,0,0,0.0,0,0,0.0,0.0,88649,1,0,0.7979146242141724,0.022131172940135002,-0.1793263554573059,0.20000000298023224,0.0,32766,59,32766,2089,2096,3.3096773624420166
2026-04-07T11:51:37.364,radio://0/80/2M,flow,1,0,Reacquire Wall,5149,0,0,0,0.0,0,0,0.0,0.0,88899,1,0,0.7979146242141724,0.05239589139819145,-0.11811596155166626,0.20000000298023224,0.0,32766,59,32766,2089,2096,3.3096773624420166
2026-04-07T11:51:37.365,radio://0/80/2M,range,1,0,Reacquire Wall,5149,0,0,0,0.0,0,0,0.0,0.0,88899,1,0,0.7979146242141724,0.05239589139819145,-0.11811596155166626,0.20000000298023224,0.0,32766,82,32766,2162,2106,3.293841600418091
2026-04-07T11:51:37.611,radio://0/80/2M,mission,1,0,Reacquire Wall,5149,0,0,0,0.0,0,0,0.0,0.0,88899,1,0,0.794761061668396,0.05239589139819145,-0.11811596155166626,0.20000000298023224,0.0,32766,82,32766,2162,2106,3.293841600418091
2026-04-07T11:51:37.614,radio://0/80/2M,flow,1,0,Reacquire Wall,5149,0,0,0,0.0,0,0,0.0,0.0,89149,0,0,0.794761061668396,0.11128557473421097,-0.14320047199726105,0.20000000298023224,0.0,32766,82,32766,2162,2106,3.293841600418091
2026-04-07T11:51:37.615,radio://0/80/2M,range,1,0,Reacquire Wall,5149,0,0,0,0.0,0,0,0.0,0.0,89149,0,0,0.794761061668396,0.11128557473421097,-0.14320047199726105,0.20000000298023224,0.0,32766,88,32766,2212,2113,3.293841600418091
2026-04-07T11:51:37.860,radio://0/80/2M,mission,1,0,Reacquire Wall,5149,0,0,0,0.0,0,0,0.0,0.0,89149,0,0,0.7996727228164673,0.11128557473421097,-0.14320047199726105,0.20000000298023224,0.0,32766,88,32766,2212,2113,3.293841600418091
2026-04-07T11:51:37.864,radio://0/80/2M,flow,1,0,Reacquire Wall,5149,0,0,0,0.0,0,0,0.0,0.0,89399,0,0,0.7996727228164673,0.14014163613319397,-0.19055192172527313,0.20000000298023224,0.0,32766,88,32766,2212,2113,3.293841600418091
2026-04-07T11:51:37.865,radio://0/80/2M,range,1,0,Reacquire Wall,5149,0,0,0,0.0,0,0,0.0,0.0,89399,0,0,0.7996727228164673,0.14014163613319397,-0.19055192172527313,0.20000000298023224,0.0,32766,107,32766,2289,2124,3.3096773624420166
2026-04-07T11:51:38.110,radio://0/80/2M,mission,1,0,Reacquire Wall,5149,0,0,0,0.0,0,0,0.0,0.0,89399,0,0,0.7975767850875854,0.14014163613319397,-0.19055192172527313,0.20000000298023224,0.0,32766,107,32766,2289,2124,3.3096773624420166
2026-04-07T11:51:38.113,radio://0/80/2M,flow,1,0,Reacquire Wall,5149,0,0,0,0.0,0,0,0.0,0.0,89649,-1,4,0.7975767850875854,0.13833282887935638,-0.19595003128051758,0.20000000298023224,0.0,32766,107,32766,2289,2124,3.3096773624420166
2026-04-07T11:51:38.115,radio://0/80/2M,range,1,0,Reacquire Wall,5149,0,0,0,0.0,0,0,0.0,0.0,89649,-1,4,0.7975767850875854,0.13833282887935638,-0.19595003128051758,0.20000000298023224,0.0,32766,129,1772,2274,2122,3.3096773624420166
2026-04-07T11:51:38.361,radio://0/80/2M,mission,1,0,Reacquire Wall,5149,0,0,0,0.0,0,0,0.0,0.0,89649,-1,4,0.7951254844665527,0.13833282887935638,-0.19595003128051758,0.20000000298023224,0.0,32766,129,1772,2274,2122,3.3096773624420166
2026-04-07T11:51:38.364,radio://0/80/2M,flow,1,0,Reacquire Wall,5149,0,0,0,0.0,0,0,0.0,0.0,89899,-1,0,0.7951254844665527,0.10046690702438354,-0.13108289241790771,0.20000000298023224,0.0,32766,129,1772,2274,2122,3.3096773624420166
2026-04-07T11:51:38.365,radio://0/80/2M,range,1,0,Reacquire Wall,5149,0,0,0,0.0,0,0,0.0,0.0,89899,-1,0,0.7951254844665527,0.10046690702438354,-0.13108289241790771,0.20000000298023224,0.0,32766,152,1777,2197,2125,3.314955949783325
2026-04-07T11:51:38.611,radio://0/80/2M,mission,1,0,Reacquire Wall,5149,0,0,0,0.0,0,0,0.0,0.0,89899,-1,0,0.7900961637496948,0.10046690702438354,-0.13108289241790771,0.20000000298023224,0.0,32766,152,1777,2197,2125,3.314955949783325
2026-04-07T11:51:38.613,radio://0/80/2M,flow,1,0,Reacquire Wall,5149,0,0,0,0.0,0,0,0.0,0.0,90149,0,0,0.7900961637496948,0.0693868026137352,-0.11943985521793365,0.20000000298023224,0.0,32766,152,1777,2197,2125,3.314955949783325
2026-04-07T11:51:38.615,radio://0/80/2M,range,1,0,Reacquire Wall,5149,0,0,0,0.0,0,0,0.0,0.0,90149,0,0,0.7900961637496948,0.0693868026137352,-0.11943985521793365,0.20000000298023224,0.0,32766,163,1773,32766,2123,3.278005838394165
2026-04-07T11:51:38.870,radio://0/80/2M,mission,1,0,Reacquire Wall,5149,0,0,0,0.0,0,0,0.0,0.0,90149,0,0,0.7928584218025208,0.0693868026137352,-0.11943985521793365,0.20000000298023224,0.0,32766,163,1773,32766,2123,3.278005838394165
2026-04-07T11:51:38.874,radio://0/80/2M,flow,1,0,Reacquire Wall,5149,0,0,0,0.0,0,0,0.0,0.0,90399,0,0,0.7928584218025208,0.10911520570516586,-0.179708793759346,0.17403000593185425,0.0,32766,163,1773,32766,2123,3.278005838394165
2026-04-07T11:51:38.876,radio://0/80/2M,range,1,0,Reacquire Wall,5149,0,0,0,0.0,0,0,0.0,0.0,90399,0,0,0.7928584218025208,0.10911520570516586,-0.179708793759346,0.17403000593185425,0.0,32766,189,32766,255,2132,3.2885630130767822
2026-04-07T11:51:39.110,radio://0/80/2M,mission,1,0,Reacquire Wall,5149,0,0,0,0.0,0,0,0.0,0.0,90399,0,0,0.7982586026191711,0.10911520570516586,-0.179708793759346,0.17403000593185425,0.0,32766,189,32766,255,2132,3.2885630130767822
2026-04-07T11:51:39.113,radio://0/80/2M,flow,1,0,Reacquire Wall,5149,0,0,0,0.0,0,0,0.0,0.0,90649,0,0,0.7982586026191711,0.11307834088802338,-0.20735064148902893,0.17075000703334808,0.0,32766,189,32766,255,2132,3.2885630130767822
2026-04-07T11:51:39.114,radio://0/80/2M,range,1,0,Reacquire Wall,5149,0,0,0,0.0,0,0,0.0,0.0,90649,0,0,0.7982586026191711,0.11307834088802338,-0.20735064148902893,0.17075000703334808,0.0,32766,213,32766,275,2126,3.2991201877593994
2026-04-07T11:51:39.359,radio://0/80/2M,mission,1,0,Reacquire Wall,5149,0,0,0,0.0,0,0,0.0,0.0,90649,0,0,0.7960758805274963,0.11307834088802338,-0.20735064148902893,0.17075000703334808,0.0,32766,213,32766,275,2126,3.2991201877593994
2026-04-07T11:51:39.362,radio://0/80/2M,flow,1,0,Reacquire Wall,5149,0,0,0,0.0,0,0,0.0,0.0,90899,1,0,0.7960758805274963,0.054810117930173874,-0.12701116502285004,0.16792120039463043,0.0,32766,213,32766,275,2126,3.2991201877593994
2026-04-07T11:51:39.363,radio://0/80/2M,range,1,0,Reacquire Wall,5149,0,0,0,0.0,0,0,0.0,0.0,90899,1,0,0.7960758805274963,0.054810117930173874,-0.12701116502285004,0.16792120039463043,0.0,32766,238,1787,301,2124,3.2885630130767822
2026-04-07T11:51:39.609,radio://0/80/2M,mission,1,0,Reacquire Wall,5149,0,0,0,0.0,0,0,0.0,0.0,90899,1,0,0.7962775230407715,0.054810117930173874,-0.12701116502285004,0.16792120039463043,0.0,32766,238,1787,301,2124,3.2885630130767822
2026-04-07T11:51:39.612,radio://0/80/2M,flow,1,0,Reacquire Wall,5149,0,0,0,0.0,0,0,0.0,0.0,91149,0,0,0.7962775230407715,0.042152222245931625,-0.1101122573018074,0.20000000298023224,0.0,32766,238,1787,301,2124,3.2885630130767822
2026-04-07T11:51:39.613,radio://0/80/2M,range,1,0,Reacquire Wall,5149,0,0,0,0.0,0,0,0.0,0.0,91149,0,0,0.7962775230407715,0.042152222245931625,-0.1101122573018074,0.20000000298023224,0.0,3306,257,1792,32766,2117,3.293841600418091
2026-04-07T11:51:39.858,radio://0/80/2M,mission,1,0,Reacquire Wall,5149,0,0,0,0.0,0,0,0.0,0.0,91149,0,0,0.7980142831802368,0.042152222245931625,-0.1101122573018074,0.20000000298023224,0.0,3306,257,1792,32766,2117,3.293841600418091
2026-04-07T11:51:39.862,radio://0/80/2M,flow,1,0,Reacquire Wall,5149,0,0,0,0.0,0,0,0.0,0.0,91399,-5,0,0.7980142831802368,0.06792466342449188,-0.13453583419322968,0.1666800081729889,0.0,3306,257,1792,32766,2117,3.293841600418091
2026-04-07T11:51:39.864,radio://0/80/2M,range,1,0,Reacquire Wall,5149,0,0,0,0.0,0,0,0.0,0.0,91399,-5,0,0.7980142831802368,0.06792466342449188,-0.13453583419322968,0.1666800081729889,0.0,32766,299,1805,330,2119,3.2991201877593994
2026-04-07T11:51:40.110,radio://0/80/2M,mission,1,0,Reacquire Wall,5149,0,0,0,0.0,0,0,0.0,0.0,91399,-5,0,0.8010995984077454,0.06792466342449188,-0.13453583419322968,0.1666800081729889,0.0,32766,299,1805,330,2119,3.2991201877593994
2026-04-07T11:51:40.111,radio://0/80/2M,flow,1,0,Reacquire Wall,4828,0,0,0,0.0,0,0,0.0,0.0,91649,-1,0,0.8010995984077454,0.07507464289665222,-0.1812605857849121,0.20000000298023224,0.0,32766,299,1805,330,2119,3.2991201877593994
2026-04-07T11:51:40.112,radio://0/80/2M,range,1,0,Reacquire Wall,4828,0,0,0,0.0,0,0,0.0,0.0,91649,-1,0,0.8010995984077454,0.07507464289665222,-0.1812605857849121,0.20000000298023224,0.0,32766,331,32766,32766,2114,3.2885630130767822
2026-04-07T11:51:40.358,radio://0/80/2M,mission,1,0,Reacquire Wall,4828,0,0,0,0.0,0,0,0.0,0.0,91649,-1,0,0.8002663850784302,0.07507464289665222,-0.1812605857849121,0.20000000298023224,0.0,32766,331,32766,32766,2114,3.2885630130767822
2026-04-07T11:51:40.362,radio://0/80/2M,flow,1,0,Reacquire Wall,4828,0,0,0,0.0,0,0,0.0,0.0,91899,-1,0,0.8002663850784302,0.07052645087242126,-0.1881500780582428,0.20000000298023224,0.0,32766,331,32766,32766,2114,3.2885630130767822
2026-04-07T11:51:40.363,radio://0/80/2M,range,1,0,Reacquire Wall,4828,0,0,0,0.0,0,0,0.0,0.0,91899,-1,0,0.8002663850784302,0.07052645087242126,-0.1881500780582428,0.20000000298023224,0.0,32766,32766,1792,32766,2121,3.2991201877593994
2026-04-07T11:51:40.617,radio://0/80/2M,mission,1,0,Reacquire Wall,4828,0,0,0,0.0,0,0,0.0,0.0,91899,-1,0,0.8037346601486206,0.07052645087242126,-0.1881500780582428,0.20000000298023224,0.0,32766,32766,1792,32766,2121,3.2991201877593994
2026-04-07T11:51:40.619,radio://0/80/2M,flow,1,0,Reacquire Wall,4828,0,0,0,0.0,0,0,0.0,0.0,92149,0,0,0.8037346601486206,0.04793383926153183,-0.15933182835578918,0.20000000298023224,0.0,32766,32766,1792,32766,2121,3.2991201877593994
2026-04-07T11:51:40.620,radio://0/80/2M,range,1,0,Reacquire Wall,4828,0,0,0,0.0,0,0,0.0,0.0,92149,0,0,0.8037346601486206,0.04793383926153183,-0.15933182835578918,0.20000000298023224,0.0,32766,32766,1703,32766,2113,3.293841600418091
2026-04-07T11:51:40.858,radio://0/80/2M,mission,1,0,Reacquire Wall,4828,0,0,0,0.0,0,0,0.0,0.0,92149,0,0,0.8027784824371338,0.04793383926153183,-0.15933182835578918,0.20000000298023224,0.0,32766,32766,1703,32766,2113,3.293841600418091
2026-04-07T11:51:40.861,radio://0/80/2M,flow,1,0,Reacquire Wall,4828,0,0,0,0.0,0,0,0.0,0.0,92399,-1,0,0.8027784824371338,0.06062987819314003,-0.19368427991867065,0.20000000298023224,0.0,32766,32766,1703,32766,2113,3.293841600418091
2026-04-07T11:51:40.863,radio://0/80/2M,range,1,0,Reacquire Wall,4828,0,0,0,0.0,0,0,0.0,0.0,92399,-1,0,0.8027784824371338,0.06062987819314003,-0.19368427991867065,0.20000000298023224,0.0,32766,32766,32766,32766,2110,3.2991201877593994
2026-04-07T11:51:41.108,radio://0/80/2M,mission,1,0,Reacquire Wall,4828,0,0,0,0.0,0,0,0.0,0.0,92399,-1,0,0.8031619191169739,0.06062987819314003,-0.19368427991867065,0.20000000298023224,0.0,32766,32766,32766,32766,2110,3.2991201877593994
2026-04-07T11:51:41.112,radio://0/80/2M,flow,1,0,Reacquire Wall,4828,0,0,0,0.0,0,0,0.0,0.0,92649,0,0,0.8031619191169739,0.0858830139040947,-0.16017243266105652,0.20000000298023224,0.0,32766,32766,32766,32766,2110,3.2991201877593994
2026-04-07T11:51:41.113,radio://0/80/2M,range,1,0,Reacquire Wall,4828,0,0,0,0.0,0,0,0.0,0.0,92649,0,0,0.8031619191169739,0.0858830139040947,-0.16017243266105652,0.20000000298023224,0.0,3176,32766,32766,32766,2116,3.304398775100708
2026-04-07T11:51:41.359,radio://0/80/2M,mission,1,0,Reacquire Wall,4828,0,0,0,0.0,0,0,0.0,0.0,92649,0,0,0.8062705397605896,0.0858830139040947,-0.16017243266105652,0.20000000298023224,0.0,3176,32766,32766,32766,2116,3.304398775100708
2026-04-07T11:51:41.360,radio://0/80/2M,flow,1,0,Reacquire Wall,4828,0,0,0,0.0,0,0,0.0,0.0,92899,0,0,0.8062705397605896,0.10651841759681702,-0.157518208026886,0.20000000298023224,0.0,3176,32766,32766,32766,2116,3.304398775100708
2026-04-07T11:51:41.361,radio://0/80/2M,range,1,0,Reacquire Wall,4828,0,0,0,0.0,0,0,0.0,0.0,92899,0,0,0.8062705397605896,0.10651841759681702,-0.157518208026886,0.20000000298023224,0.0,3180,2735,32766,32766,2109,3.2885630130767822
2026-04-07T11:51:41.608,radio://0/80/2M,mission,1,0,Reacquire Wall,4828,0,0,0,0.0,0,0,0.0,0.0,92899,0,0,0.8068808317184448,0.10651841759681702,-0.157518208026886,0.20000000298023224,0.0,3180,2735,32766,32766,2109,3.2885630130767822
2026-04-07T11:51:41.611,radio://0/80/2M,flow,1,0,Reacquire Wall,4828,0,0,0,0.0,0,0,0.0,0.0,93149,0,0,0.8068808317184448,0.13715000450611115,-0.1151396706700325,0.20000000298023224,0.0,3180,2735,32766,32766,2109,3.2885630130767822
2026-04-07T11:51:41.612,radio://0/80/2M,range,1,0,Reacquire Wall,4828,0,0,0,0.0,0,0,0.0,0.0,93149,0,0,0.8068808317184448,0.13715000450611115,-0.1151396706700325,0.20000000298023224,0.0,32766,2735,32766,32766,2104,3.278005838394165
2026-04-07T11:51:41.859,radio://0/80/2M,mission,1,0,Reacquire Wall,4828,0,0,0,0.0,0,0,0.0,0.0,93149,0,0,0.807201087474823,0.13715000450611115,-0.1151396706700325,0.20000000298023224,0.0,32766,2735,32766,32766,2104,3.278005838394165
2026-04-07T11:51:41.860,radio://0/80/2M,flow,1,0,Reacquire Wall,4828,0,0,0,0.0,0,0,0.0,0.0,93399,6,2,0.807201087474823,0.08481176197528839,-0.14675691723823547,0.20000000298023224,0.0,32766,2735,32766,32766,2104,3.278005838394165
2026-04-07T11:51:41.861,radio://0/80/2M,range,1,0,Reacquire Wall,4828,0,0,0,0.0,0,0,0.0,0.0,93399,6,2,0.807201087474823,0.08481176197528839,-0.14675691723823547,0.20000000298023224,0.0,3066,2757,32766,32766,2101,3.2885630130767822
2026-04-07T11:51:42.107,radio://0/80/2M,mission,1,0,Reacquire Wall,4828,0,0,0,0.0,0,0,0.0,0.0,93399,6,2,0.8072313666343689,0.08481176197528839,-0.14675691723823547,0.20000000298023224,0.0,3066,2757,32766,32766,2101,3.2885630130767822
2026-04-07T11:51:42.110,radio://0/80/2M,flow,1,0,Reacquire Wall,4828,0,0,0,0.0,0,0,0.0,0.0,93649,-2,0,0.8072313666343689,0.03524661809206009,-0.1481589376926422,0.20000000298023224,0.0,3066,2757,32766,32766,2101,3.2885630130767822
2026-04-07T11:51:42.111,radio://0/80/2M,range,1,0,Reacquire Wall,4828,0,0,0,0.0,0,0,0.0,0.0,93649,-2,0,0.8072313666343689,0.03524661809206009,-0.1481589376926422,0.20000000298023224,0.0,3037,2744,32766,32766,2099,3.3413491249084473
2026-04-07T11:51:42.357,radio://0/80/2M,mission,1,0,Reacquire Wall,4828,0,0,0,0.0,0,0,0.0,0.0,93649,-2,0,0.8092800378799438,0.03524661809206009,-0.1481589376926422,0.20000000298023224,0.0,3037,2744,32766,32766,2099,3.3413491249084473
2026-04-07T11:51:42.360,radio://0/80/2M,flow,1,0,Reacquire Wall,4828,0,0,0,0.0,0,0,0.0,0.0,93899,0,0,0.8092800378799438,0.04764594882726669,-0.24596433341503143,0.20000000298023224,0.0,3037,2744,32766,32766,2099,3.3413491249084473
2026-04-07T11:51:42.361,radio://0/80/2M,range,1,0,Reacquire Wall,4828,0,0,0,0.0,0,0,0.0,0.0,93899,0,0,0.8092800378799438,0.04764594882726669,-0.24596433341503143,0.20000000298023224,0.0,32766,2734,32766,32766,2105,3.2991201877593994
2026-04-07T11:51:42.607,radio://0/80/2M,mission,1,0,Reacquire Wall,4828,0,0,0,0.0,0,0,0.0,0.0,93899,0,0,0.8057805299758911,0.04764594882726669,-0.24596433341503143,0.20000000298023224,0.0,32766,2734,32766,32766,2105,3.2991201877593994
2026-04-07T11:51:42.610,radio://0/80/2M,flow,1,0,Reacquire Wall,4828,0,0,0,0.0,0,0,0.0,0.0,94149,0,0,0.8057805299758911,0.10289593040943146,-0.18274912238121033,0.20000000298023224,0.0,32766,2734,32766,32766,2105,3.2991201877593994
2026-04-07T11:51:42.611,radio://0/80/2M,range,1,0,Reacquire Wall,4828,0,0,0,0.0,0,0,0.0,0.0,94149,0,0,0.8057805299758911,0.10289593040943146,-0.18274912238121033,0.20000000298023224,0.0,32766,2702,32766,32766,2103,3.2885630130767822
2026-04-07T11:51:42.858,radio://0/80/2M,mission,1,0,Reacquire Wall,4828,0,0,0,0.0,0,0,0.0,0.0,94149,0,0,0.7951050996780396,0.10289593040943146,-0.18274912238121033,0.20000000298023224,0.0,32766,2702,32766,32766,2103,3.2885630130767822
2026-04-07T11:51:42.859,radio://0/80/2M,flow,1,0,Reacquire Wall,4828,0,0,0,0.0,0,0,0.0,0.0,94399,0,0,0.7951050996780396,0.10810981690883636,-0.10793816298246384,0.20000000298023224,0.0,32766,2702,32766,32766,2103,3.2885630130767822
2026-04-07T11:51:42.860,radio://0/80/2M,range,1,0,Reacquire Wall,4828,0,0,0,0.0,0,0,0.0,0.0,94399,0,0,0.7951050996780396,0.10810981690883636,-0.10793816298246384,0.20000000298023224,0.0,32766,2708,32766,32766,2119,3.2727272510528564
2026-04-07T11:51:43.106,radio://0/80/2M,mission,1,0,Reacquire Wall,4828,0,0,0,0.0,0,0,0.0,0.0,94399,0,0,0.7926126718521118,0.10810981690883636,-0.10793816298246384,0.20000000298023224,0.0,32766,2708,32766,32766,2119,3.2727272510528564
2026-04-07T11:51:43.109,radio://0/80/2M,flow,1,0,Reacquire Wall,4828,0,0,0,0.0,0,0,0.0,0.0,94649,-1,0,0.7926126718521118,0.12896381318569183,-0.10847073048353195,0.20000000298023224,0.0,32766,2708,32766,32766,2119,3.2727272510528564
2026-04-07T11:51:43.110,radio://0/80/2M,range,1,0,Reacquire Wall,4828,0,0,0,0.0,0,0,0.0,0.0,94649,-1,0,0.7926126718521118,0.12896381318569183,-0.10847073048353195,0.20000000298023224,0.0,32766,2704,32766,32766,2121,3.2885630130767822
2026-04-07T11:51:43.357,radio://0/80/2M,mission,1,0,Reacquire Wall,4828,0,0,0,0.0,0,0,0.0,0.0,94649,-1,0,0.7939300537109375,0.12896381318569183,-0.10847073048353195,0.20000000298023224,0.0,32766,2704,32766,32766,2121,3.2885630130767822
2026-04-07T11:51:43.359,radio://0/80/2M,flow,1,0,Reacquire Wall,4828,0,0,0,0.0,0,0,0.0,0.0,94899,3,0,0.7939300537109375,0.08090046793222427,-0.13121482729911804,0.20000000298023224,0.0,32766,2704,32766,32766,2121,3.2885630130767822
2026-04-07T11:51:43.360,radio://0/80/2M,range,1,0,Reacquire Wall,4828,0,0,0,0.0,0,0,0.0,0.0,94899,3,0,0.7939300537109375,0.08090046793222427,-0.13121482729911804,0.20000000298023224,0.0,2767,2644,32766,32766,2118,3.2885630130767822
2026-04-07T11:51:43.606,radio://0/80/2M,mission,1,0,Reacquire Wall,4828,0,0,0,0.0,0,0,0.0,0.0,94899,3,0,0.793047308921814,0.08090046793222427,-0.13121482729911804,0.20000000298023224,0.0,2767,2644,32766,32766,2118,3.2885630130767822
2026-04-07T11:51:43.609,radio://0/80/2M,flow,1,0,Reacquire Wall,4828,0,0,0,0.0,0,0,0.0,0.0,95149,3,-1,0.793047308921814,0.060446977615356445,-0.2043905407190323,0.20000000298023224,0.0,2767,2644,32766,32766,2118,3.2885630130767822
2026-04-07T11:51:43.611,radio://0/80/2M,range,1,0,Reacquire Wall,4828,0,0,0,0.0,0,0,0.0,0.0,95149,3,-1,0.793047308921814,0.060446977615356445,-0.2043905407190323,0.20000000298023224,0.0,32766,2563,32766,32766,2122,3.2885630130767822
2026-04-07T11:51:43.855,radio://0/80/2M,mission,1,5,Transition,4828,0,0,0,0.0,0,0,0.0,0.0,95149,3,-1,0.7955420017242432,0.060446977615356445,-0.2043905407190323,0.20000000298023224,0.0,32766,2563,32766,32766,2122,3.2885630130767822
2026-04-07T11:51:43.859,radio://0/80/2M,flow,1,5,Transition,4828,0,0,0,0.0,0,0,0.0,0.0,95399,7,-12,0.7955420017242432,0.051794834434986115,-0.21754449605941772,0.0,0.0,32766,2563,32766,32766,2122,3.2885630130767822
2026-04-07T11:51:43.860,radio://0/80/2M,range,1,5,Transition,4828,0,0,0,0.0,0,0,0.0,0.0,95399,7,-12,0.7955420017242432,0.051794834434986115,-0.21754449605941772,0.0,0.0,2610,32766,32766,32766,2116,3.2727272510528564
2026-04-07T11:51:44.106,radio://0/80/2M,mission,1,2,Scan,4828,0,0,0,0.0,0,0,0.0,0.0,95399,7,-12,0.7970243692398071,0.051794834434986115,-0.21754449605941772,0.0,0.0,2610,32766,32766,32766,2116,3.2727272510528564
2026-04-07T11:51:44.108,radio://0/80/2M,flow,1,2,Scan,4828,0,0,0,0.0,0,0,0.0,0.0,95649,0,0,0.7970243692398071,0.002419899683445692,-0.06924372166395187,0.0,0.0,2610,32766,32766,32766,2116,3.2727272510528564
2026-04-07T11:51:44.110,radio://0/80/2M,range,1,2,Scan,4828,0,0,0,0.0,0,0,0.0,0.0,95649,0,0,0.7970243692398071,0.002419899683445692,-0.06924372166395187,0.0,0.0,32766,1929,32766,32766,2129,3.278005838394165
2026-04-07T11:51:44.356,radio://0/80/2M,mission,1,2,Scan,4828,0,0,0,0.0,0,0,0.0,0.0,95649,0,0,0.7909258604049683,0.002419899683445692,-0.06924372166395187,0.0,0.0,32766,1929,32766,32766,2129,3.278005838394165
2026-04-07T11:51:44.359,radio://0/80/2M,flow,1,2,Scan,4828,0,0,0,0.0,0,0,0.0,0.0,95899,1,1,0.7909258604049683,0.003466484136879444,0.08284705132246017,0.0,0.0,32766,1929,32766,32766,2129,3.278005838394165
2026-04-07T11:51:44.360,radio://0/80/2M,range,1,2,Scan,4828,0,0,0,0.0,0,0,0.0,0.0,95899,1,1,0.7909258604049683,0.003466484136879444,0.08284705132246017,0.0,0.0,2629,2205,32766,32766,2122,3.267448663711548
2026-04-07T11:51:44.606,radio://0/80/2M,mission,1,2,Scan,4828,0,0,0,0.0,0,0,0.0,0.0,95899,1,1,0.7944841980934143,0.003466484136879444,0.08284705132246017,0.0,0.0,2629,2205,32766,32766,2122,3.267448663711548
2026-04-07T11:51:44.609,radio://0/80/2M,flow,1,2,Scan,4828,0,0,0,0.0,0,0,0.0,0.0,96149,0,-3,0.7944841980934143,-0.0288073793053627,-0.009606287814676762,0.0,0.0,2629,2205,32766,32766,2122,3.267448663711548
2026-04-07T11:51:44.611,radio://0/80/2M,range,1,2,Scan,4828,0,0,0,0.0,0,0,0.0,0.0,96149,0,-3,0.7944841980934143,-0.0288073793053627,-0.009606287814676762,0.0,0.0,2690,32766,32766,32766,2117,3.2727272510528564
2026-04-07T11:51:44.855,radio://0/80/2M,mission,1,2,Scan,4828,0,0,0,0.0,0,0,0.0,0.0,96149,0,-3,0.8057591319084167,-0.0288073793053627,-0.009606287814676762,0.0,0.0,2690,32766,32766,32766,2117,3.2727272510528564
2026-04-07T11:51:44.858,radio://0/80/2M,flow,1,2,Scan,5129,0,0,0,0.0,0,0,0.0,0.0,96399,0,1,0.8057591319084167,-0.009502517059445381,-0.041148845106363297,0.0,0.0,2690,32766,32766,32766,2117,3.2727272510528564
2026-04-07T11:51:44.859,radio://0/80/2M,range,1,2,Scan,5129,0,0,0,0.0,0,0,0.0,0.0,96399,0,1,0.8057591319084167,-0.009502517059445381,-0.041148845106363297,0.0,0.0,2606,32766,32766,32766,2111,3.2885630130767822
2026-04-07T11:51:45.106,radio://0/80/2M,mission,1,2,Scan,5129,0,0,0,0.0,0,0,0.0,0.0,96399,0,1,0.8035625219345093,-0.009502517059445381,-0.041148845106363297,0.0,0.0,2606,32766,32766,32766,2111,3.2885630130767822
2026-04-07T11:51:45.109,radio://0/80/2M,flow,1,2,Scan,5129,0,0,0,0.0,0,0,0.0,0.0,96649,-3,0,0.8035625219345093,0.05657041445374489,-0.046805962920188904,0.0,0.0,2606,32766,32766,32766,2111,3.2885630130767822
2026-04-07T11:51:45.110,radio://0/80/2M,range,1,2,Scan,5129,0,0,0,0.0,0,0,0.0,0.0,96649,-3,0,0.8035625219345093,0.05657041445374489,-0.046805962920188904,0.0,0.0,2145,32766,32766,32766,2101,3.267448663711548
2026-04-07T11:51:45.355,radio://0/80/2M,mission,1,2,Scan,5129,0,0,0,0.0,0,0,0.0,0.0,96649,-3,0,0.8079472780227661,0.05657041445374489,-0.046805962920188904,0.0,0.0,2145,32766,32766,32766,2101,3.267448663711548
2026-04-07T11:51:45.358,radio://0/80/2M,flow,1,2,Scan,5129,0,0,0,0.0,0,0,0.0,0.0,96899,3,-2,0.8079472780227661,-0.05573192611336708,-0.10253231227397919,0.0,0.0,2145,32766,32766,32766,2101,3.267448663711548
2026-04-07T11:51:45.359,radio://0/80/2M,range,1,2,Scan,5129,0,0,0,0.0,0,0,0.0,0.0,96899,3,-2,0.8079472780227661,-0.05573192611336708,-0.10253231227397919,0.0,0.0,1821,32766,32766,32766,2106,3.278005838394165
2026-04-07T11:51:45.605,radio://0/80/2M,mission,1,2,Scan,5129,0,0,0,0.0,0,0,0.0,0.0,96899,3,-2,0.8073358535766602,-0.05573192611336708,-0.10253231227397919,0.0,0.0,1821,32766,32766,32766,2106,3.278005838394165
2026-04-07T11:51:45.608,radio://0/80/2M,flow,1,2,Scan,5129,0,0,0,0.0,0,0,0.0,0.0,97149,1,0,0.8073358535766602,-0.07237691432237625,-0.10238522291183472,0.0,0.0,1821,32766,32766,32766,2106,3.278005838394165
2026-04-07T11:51:45.609,radio://0/80/2M,range,1,2,Scan,5129,0,0,0,0.0,0,0,0.0,0.0,97149,1,0,0.8073358535766602,-0.07237691432237625,-0.10238522291183472,0.0,0.0,1765,32766,32766,1114,2100,3.2727272510528564
2026-04-07T11:51:45.854,radio://0/80/2M,mission,1,2,Scan,5129,0,0,0,0.0,0,0,0.0,0.0,97149,1,0,0.806556761264801,-0.07237691432237625,-0.10238522291183472,0.0,0.0,1765,32766,32766,1114,2100,3.2727272510528564
2026-04-07T11:51:45.857,radio://0/80/2M,flow,1,2,Scan,5129,0,0,0,0.0,0,0,0.0,0.0,97399,5,1,0.806556761264801,-0.09165755659341812,-0.1020960807800293,0.0,0.0,1765,32766,32766,1114,2100,3.2727272510528564
2026-04-07T11:51:45.858,radio://0/80/2M,range,1,2,Scan,5129,0,0,0,0.0,0,0,0.0,0.0,97399,5,1,0.806556761264801,-0.09165755659341812,-0.1020960807800293,0.0,0.0,1702,791,1642,1887,2107,3.2832844257354736
2026-04-07T11:51:46.105,radio://0/80/2M,mission,1,2,Scan,5129,0,0,0,0.0,0,0,0.0,0.0,97399,5,1,0.803666353225708,-0.09165755659341812,-0.1020960807800293,0.0,0.0,1702,791,1642,1887,2107,3.2832844257354736
2026-04-07T11:51:46.107,radio://0/80/2M,flow,1,2,Scan,5129,0,0,0,0.0,0,0,0.0,0.0,97649,1,-3,0.803666353225708,-0.08764439821243286,-0.08987995982170105,0.0,0.0,1702,791,1642,1887,2107,3.2832844257354736
2026-04-07T11:51:46.108,radio://0/80/2M,range,1,2,Scan,5129,0,0,0,0.0,0,0,0.0,0.0,97649,1,-3,0.803666353225708,-0.08764439821243286,-0.08987995982170105,0.0,0.0,1660,876,1571,1862,2102,3.2727272510528564
2026-04-07T11:51:46.355,radio://0/80/2M,mission,1,2,Scan,5129,0,0,0,0.0,0,0,0.0,0.0,97649,1,-3,0.8012887835502625,-0.08764439821243286,-0.08987995982170105,0.0,0.0,1660,876,1571,1862,2102,3.2727272510528564
2026-04-07T11:51:46.357,radio://0/80/2M,flow,1,2,Scan,4809,0,0,0,0.0,0,0,0.0,0.0,97899,8,0,0.8012887835502625,-0.034666407853364944,-0.19816015660762787,0.0,0.0,1660,876,1571,1862,2102,3.2727272510528564
2026-04-07T11:51:46.359,radio://0/80/2M,range,1,2,Scan,4809,0,0,0,0.0,0,0,0.0,0.0,97899,8,0,0.8012887835502625,-0.034666407853364944,-0.19816015660762787,0.0,0.0,1690,32766,2290,32766,2111,3.278005838394165
2026-04-07T11:51:46.605,radio://0/80/2M,mission,1,2,Scan,4809,0,0,0,0.0,0,0,0.0,0.0,97899,8,0,0.8055894374847412,-0.034666407853364944,-0.19816015660762787,0.0,0.0,1690,32766,2290,32766,2111,3.278005838394165
2026-04-07T11:51:46.608,radio://0/80/2M,flow,1,2,Scan,4809,0,0,0,0.0,0,0,0.0,0.0,98149,0,1,0.8055894374847412,-0.09670466184616089,-0.06337999552488327,0.0,0.0,1690,32766,2290,32766,2111,3.278005838394165
2026-04-07T11:51:46.609,radio://0/80/2M,range,1,2,Scan,4809,0,0,0,0.0,0,0,0.0,0.0,98149,0,1,0.8055894374847412,-0.09670466184616089,-0.06337999552488327,0.0,0.0,1758,32766,32766,32766,2117,3.293841600418091
2026-04-07T11:51:46.854,radio://0/80/2M,mission,1,2,Scan,4809,0,0,0,0.0,0,0,0.0,0.0,98149,0,1,0.7992019057273865,-0.09670466184616089,-0.06337999552488327,0.0,0.0,1758,32766,32766,32766,2117,3.293841600418091
2026-04-07T11:51:46.856,radio://0/80/2M,flow,1,2,Scan,4809,0,0,0,0.0,0,0,0.0,0.0,98399,-1,0,0.7992019057273865,-0.09621227532625198,0.135473370552063,0.0,-0.2184000015258789,1758,32766,32766,32766,2117,3.293841600418091
2026-04-07T11:51:46.857,radio://0/80/2M,range,1,2,Scan,4809,0,0,0,0.0,0,0,0.0,0.0,98399,-1,0,0.7992019057273865,-0.09621227532625198,0.135473370552063,0.0,-0.2184000015258789,1905,136,32766,32766,2132,3.267448663711548
2026-04-07T11:51:47.104,radio://0/80/2M,mission,1,2,Scan,4809,0,0,0,0.0,0,0,0.0,0.0,98399,-1,0,0.7854363322257996,-0.09621227532625198,0.135473370552063,0.0,-0.2184000015258789,1905,136,32766,32766,2132,3.267448663711548
2026-04-07T11:51:47.106,radio://0/80/2M,flow,1,2,Scan,4809,0,0,0,0.0,0,0,0.0,0.0,98649,2,1,0.7854363322257996,0.056280504912137985,-0.0547102615237236,0.0,-0.21719999611377716,1905,136,32766,32766,2132,3.267448663711548
2026-04-07T11:51:47.107,radio://0/80/2M,range,1,2,Scan,4809,0,0,0,0.0,0,0,0.0,0.0,98649,2,1,0.7854363322257996,0.056280504912137985,-0.0547102615237236,0.0,-0.21719999611377716,32766,138,2244,32766,2129,3.2885630130767822
2026-04-07T11:51:47.353,radio://0/80/2M,mission,1,2,Scan,4809,0,0,0,0.0,0,0,0.0,0.0,98649,2,1,0.7920928001403809,0.056280504912137985,-0.0547102615237236,0.0,-0.21719999611377716,32766,138,2244,32766,2129,3.2885630130767822
2026-04-07T11:51:47.356,radio://0/80/2M,flow,1,2,Scan,4809,0,0,0,0.0,0,0,0.0,0.0,98899,0,0,0.7920928001403809,0.18401141464710236,-0.26335465908050537,0.0,-0.18960000574588776,32766,138,2244,32766,2129,3.2885630130767822
2026-04-07T11:51:47.357,radio://0/80/2M,range,1,2,Scan,4809,0,0,0,0.0,0,0,0.0,0.0,98899,0,0,0.7920928001403809,0.18401141464710236,-0.26335465908050537,0.0,-0.18960000574588776,32766,184,2342,2358,2122,3.304398775100708
2026-04-07T11:51:47.603,radio://0/80/2M,mission,1,2,Scan,4809,0,0,0,0.0,0,0,0.0,0.0,98899,0,0,0.7963279485702515,0.18401141464710236,-0.26335465908050537,0.0,-0.18960000574588776,32766,184,2342,2358,2122,3.304398775100708
2026-04-07T11:51:47.606,radio://0/80/2M,flow,1,2,Scan,4809,0,0,0,0.0,0,0,0.0,0.0,99149,0,-7,0.7963279485702515,0.13575714826583862,-0.19283832609653473,0.0,-0.14880000054836273,32766,184,2342,2358,2122,3.304398775100708
2026-04-07T11:51:47.607,radio://0/80/2M,range,1,2,Scan,4809,0,0,0,0.0,0,0,0.0,0.0,99149,0,-7,0.7963279485702515,0.13575714826583862,-0.19283832609653473,0.0,-0.14880000054836273,32766,252,2449,32766,2118,3.293841600418091
2026-04-07T11:51:47.853,radio://0/80/2M,mission,1,2,Scan,4809,0,0,0,0.0,0,0,0.0,0.0,99149,0,-7,0.799287736415863,0.13575714826583862,-0.19283832609653473,0.0,-0.14880000054836273,32766,252,2449,32766,2118,3.293841600418091
2026-04-07T11:51:47.856,radio://0/80/2M,flow,1,2,Scan,4809,0,0,0,0.0,0,0,0.0,0.0,99399,-1,0,0.799287736415863,0.0714833065867424,-0.05994492396712303,0.0,-0.10319999605417252,32766,252,2449,32766,2118,3.293841600418091
2026-04-07T11:51:47.857,radio://0/80/2M,range,1,2,Scan,4809,0,0,0,0.0,0,0,0.0,0.0,99399,-1,0,0.799287736415863,0.0714833065867424,-0.05994492396712303,0.0,-0.10319999605417252,32766,328,1639,2338,2119,3.2885630130767822
2026-04-07T11:51:48.103,radio://0/80/2M,mission,1,2,Scan,4809,0,0,0,0.0,0,0,0.0,0.0,99399,-1,0,0.798359215259552,0.0714833065867424,-0.05994492396712303,0.0,-0.10319999605417252,32766,328,1639,2338,2119,3.2885630130767822
2026-04-07T11:51:48.106,radio://0/80/2M,flow,1,2,Scan,4809,0,0,0,0.0,0,0,0.0,0.0,99649,5,-8,0.798359215259552,-0.0642920434474945,0.08409741520881653,0.0,-0.06719999760389328,32766,328,1639,2338,2119,3.2885630130767822
2026-04-07T11:51:48.107,radio://0/80/2M,range,1,2,Scan,4809,0,0,0,0.0,0,0,0.0,0.0,99649,5,-8,0.798359215259552,-0.0642920434474945,0.08409741520881653,0.0,-0.06719999760389328,32766,388,1519,2334,2125,3.2727272510528564
2026-04-07T11:51:48.353,radio://0/80/2M,mission,1,2,Scan,4809,0,0,0,0.0,0,0,0.0,0.0,99649,5,-8,0.8068920969963074,-0.0642920434474945,0.08409741520881653,0.0,-0.06719999760389328,32766,388,1519,2334,2125,3.2727272510528564
2026-04-07T11:51:48.357,radio://0/80/2M,flow,1,2,Scan,4491,0,0,0,0.0,0,0,0.0,0.0,99899,-3,7,0.8068920969963074,-0.13174563646316528,0.21065133810043335,0.0,0.0,32766,388,1519,2334,2125,3.2727272510528564
2026-04-07T11:51:48.358,radio://0/80/2M,range,1,2,Scan,4491,0,0,0,0.0,0,0,0.0,0.0,99899,-3,7,0.8068920969963074,-0.13174563646316528,0.21065133810043335,0.0,0.0,32766,2051,1506,32766,2132,3.2991201877593994
2026-04-07T11:51:48.603,radio://0/80/2M,mission,1,2,Scan,4491,0,0,0,0.0,0,0,0.0,0.0,99899,-3,7,0.8108800649642944,-0.13174563646316528,0.21065133810043335,0.0,0.0,32766,2051,1506,32766,2132,3.2991201877593994
2026-04-07T11:51:48.605,radio://0/80/2M,flow,1,2,Scan,4771,0,0,0,0.0,0,0,0.0,0.0,100149,0,-5,0.8108800649642944,-0.23540860414505005,0.41299155354499817,0.0,0.0,32766,2051,1506,32766,2132,3.2991201877593994
2026-04-07T11:51:48.607,radio://0/80/2M,range,1,2,Scan,4771,0,0,0,0.0,0,0,0.0,0.0,100149,0,-5,0.8108800649642944,-0.23540860414505005,0.41299155354499817,0.0,0.0,32766,2052,1492,1704,2123,3.2885630130767822
2026-04-07T11:51:48.854,radio://0/80/2M,mission,1,2,Scan,4771,0,0,0,0.0,0,0,0.0,0.0,100149,0,-5,0.8100632429122925,-0.23540860414505005,0.41299155354499817,0.0,0.0,32766,2052,1492,1704,2123,3.2885630130767822
2026-04-07T11:51:48.856,radio://0/80/2M,flow,1,2,Scan,5385,0,0,0,0.0,0,0,0.0,0.0,100399,-2,-25,0.8100632429122925,-0.3045920729637146,0.1974693387746811,0.0,0.0,32766,2052,1492,1704,2123,3.2885630130767822
2026-04-07T11:51:48.857,radio://0/80/2M,range,1,2,Scan,5385,0,0,0,0.0,0,0,0.0,0.0,100399,-2,-25,0.8100632429122925,-0.3045920729637146,0.1974693387746811,0.0,0.0,32766,2004,1548,2438,2135,3.2832844257354736
2026-04-07T11:51:49.103,radio://0/80/2M,mission,1,2,Scan,5385,0,0,0,0.0,0,0,0.0,0.0,100399,-2,-25,0.8098404407501221,-0.3045920729637146,0.1974693387746811,0.0,0.0,32766,2004,1548,2438,2135,3.2832844257354736
2026-04-07T11:51:49.105,radio://0/80/2M,flow,1,2,Scan,4439,0,0,0,0.0,0,0,0.0,0.0,100649,3,-1,0.8098404407501221,-0.22466321289539337,-0.14626255631446838,0.0,0.0,32766,2004,1548,2438,2135,3.2832844257354736
2026-04-07T11:51:49.106,radio://0/80/2M,range,1,2,Scan,4439,0,0,0,0.0,0,0,0.0,0.0,100649,3,-1,0.8098404407501221,-0.22466321289539337,-0.14626255631446838,0.0,0.0,32766,32766,1636,2459,2163,3.278005838394165
2026-04-07T11:51:49.372,radio://0/80/2M,mission,1,2,Scan,4439,0,0,0,0.0,0,0,0.0,0.0,100649,3,-1,0.7868026494979858,-0.22466321289539337,-0.14626255631446838,0.0,0.0,32766,32766,1636,2459,2163,3.278005838394165
2026-04-07T11:51:49.374,radio://0/80/2M,flow,1,2,Scan,5010,0,0,0,0.0,0,0,0.0,0.0,100899,0,-1,0.7868026494979858,-0.09838760644197464,-0.30060476064682007,0.0,0.0,32766,32766,1636,2459,2163,3.278005838394165
2026-04-07T11:51:49.377,radio://0/80/2M,range,1,2,Scan,5010,0,0,0,0.0,0,0,0.0,0.0,100899,0,-1,0.7868026494979858,-0.09838760644197464,-0.30060476064682007,0.0,0.0,32766,32766,2501,2634,2152,3.2463343143463135
2026-04-07T11:51:49.601,radio://0/80/2M,mission,1,2,Scan,5010,0,0,0,0.0,0,0,0.0,0.0,100899,0,-1,0.790393054485321,-0.09838760644197464,-0.30060476064682007,0.0,0.0,32766,32766,2501,2634,2152,3.2463343143463135
2026-04-07T11:51:49.604,radio://0/80/2M,flow,1,2,Scan,5655,0,0,0,0.0,0,0,0.0,0.0,101149,0,0,0.790393054485321,-0.06795226782560349,-0.35808974504470825,0.0,0.0,32766,32766,2501,2634,2152,3.2463343143463135
2026-04-07T11:51:49.606,radio://0/80/2M,range,1,2,Scan,5655,0,0,0,0.0,0,0,0.0,0.0,101149,0,0,0.790393054485321,-0.06795226782560349,-0.35808974504470825,0.0,0.0,32766,32766,2722,2626,2142,3.278005838394165
2026-04-07T11:51:49.855,radio://0/80/2M,mission,1,2,Scan,5655,0,0,0,0.0,0,0,0.0,0.0,101149,0,0,0.8053112030029297,-0.06795226782560349,-0.35808974504470825,0.0,0.0,32766,32766,2722,2626,2142,3.278005838394165
2026-04-07T11:51:49.857,radio://0/80/2M,flow,1,2,Scan,5655,0,0,0,0.0,0,0,0.0,0.0,101399,0,-6,0.8053112030029297,-0.0398242212831974,-0.36948898434638977,0.0,0.0,32766,32766,2722,2626,2142,3.278005838394165
2026-04-07T11:51:49.859,radio://0/80/2M,range,1,2,Scan,5655,0,0,0,0.0,0,0,0.0,0.0,101399,0,-6,0.8053112030029297,-0.0398242212831974,-0.36948898434638977,0.0,0.0,32766,32766,32766,2349,2118,3.304398775100708
2026-04-07T11:51:50.101,radio://0/80/2M,mission,1,2,Scan,5655,0,0,0,0.0,0,0,0.0,0.0,101399,0,-6,0.814117431640625,-0.0398242212831974,-0.36948898434638977,0.0,0.0,32766,32766,32766,2349,2118,3.304398775100708
2026-04-07T11:51:50.104,radio://0/80/2M,flow,1,2,Scan,5655,0,0,0,0.0,0,0,0.0,0.0,101649,3,1,0.814117431640625,-0.026714487001299858,-0.3817766606807709,0.0,0.0,32766,32766,32766,2349,2118,3.304398775100708
2026-04-07T11:51:50.105,radio://0/80/2M,range,1,2,Scan,5655,0,0,0,0.0,0,0,0.0,0.0,101649,3,1,0.814117431640625,-0.026714487001299858,-0.3817766606807709,0.0,0.0,32766,2436,32766,2033,2106,3.2727272510528564
2026-04-07T11:51:50.351,radio://0/80/2M,mission,1,2,Scan,5655,0,0,0,0.0,0,0,0.0,0.0,101649,3,1,0.8106337785720825,-0.026714487001299858,-0.3817766606807709,0.0,0.0,32766,2436,32766,2033,2106,3.2727272510528564
2026-04-07T11:51:50.354,radio://0/80/2M,flow,1,2,Scan,5302,0,0,0,0.0,0,0,0.0,0.0,101899,4,0,0.8106337785720825,-0.019613683223724365,-0.4007382392883301,0.0,0.0,32766,2436,32766,2033,2106,3.2727272510528564
2026-04-07T11:51:50.355,radio://0/80/2M,range,1,2,Scan,5302,0,0,0,0.0,0,0,0.0,0.0,101899,4,0,0.8106337785720825,-0.019613683223724365,-0.4007382392883301,0.0,0.0,32766,2402,32766,1710,2120,3.278005838394165
2026-04-07T11:51:50.600,radio://0/80/2M,mission,1,2,Scan,5302,0,0,0,0.0,0,0,0.0,0.0,101899,4,0,0.793276309967041,-0.019613683223724365,-0.4007382392883301,0.0,0.0,32766,2402,32766,1710,2120,3.278005838394165
2026-04-07T11:51:50.604,radio://0/80/2M,flow,1,2,Scan,5302,0,0,0,0.0,0,0,0.0,0.0,102149,1,0,0.793276309967041,0.0028321011923253536,-0.30915340781211853,0.0,0.0,32766,2402,32766,1710,2120,3.278005838394165
2026-04-07T11:51:50.605,radio://0/80/2M,range,1,2,Scan,5302,0,0,0,0.0,0,0,0.0,0.0,102149,1,0,0.793276309967041,0.0028321011923253536,-0.30915340781211853,0.0,0.0,586,32766,32766,1603,2124,3.2357771396636963
2026-04-07T11:51:50.853,radio://0/80/2M,mission,1,2,Scan,5302,0,0,0,0.0,0,0,0.0,0.0,102149,1,0,0.8038390874862671,0.0028321011923253536,-0.30915340781211853,0.0,0.0,586,32766,32766,1603,2124,3.2357771396636963
2026-04-07T11:51:50.855,radio://0/80/2M,flow,1,2,Scan,5302,0,0,0,0.0,0,0,0.0,0.0,102399,-1,0,0.8038390874862671,-0.02351256087422371,-0.3370282053947449,0.0,0.0,586,32766,32766,1603,2124,3.2357771396636963
2026-04-07T11:51:50.856,radio://0/80/2M,range,1,2,Scan,5302,0,0,0,0.0,0,0,0.0,0.0,102399,-1,0,0.8038390874862671,-0.02351256087422371,-0.3370282053947449,0.0,0.0,32766,979,32766,1576,2124,3.2885630130767822
2026-04-07T11:51:51.101,radio://0/80/2M,mission,1,2,Scan,5302,0,0,0,0.0,0,0,0.0,0.0,102399,-1,0,0.8031654953956604,-0.02351256087422371,-0.3370282053947449,0.0,0.0,32766,979,32766,1576,2124,3.2885630130767822
2026-04-07T11:51:51.103,radio://0/80/2M,flow,1,2,Scan,5302,0,0,0,0.0,0,0,0.0,0.0,102649,0,1,0.8031654953956604,-0.04887892305850983,-0.35004597902297974,0.0,0.0,32766,979,32766,1576,2124,3.2885630130767822
2026-04-07T11:51:51.105,radio://0/80/2M,range,1,2,Scan,5302,0,0,0,0.0,0,0,0.0,0.0,102649,0,1,0.8031654953956604,-0.04887892305850983,-0.35004597902297974,0.0,0.0,32766,838,32766,1598,2125,3.2727272510528564
2026-04-07T11:51:51.350,radio://0/80/2M,mission,1,2,Scan,5302,0,0,0,0.0,0,0,0.0,0.0,102649,0,1,0.7977626919746399,-0.04887892305850983,-0.35004597902297974,0.0,0.0,32766,838,32766,1598,2125,3.2727272510528564
2026-04-07T11:51:51.353,radio://0/80/2M,flow,1,2,Scan,4971,0,0,0,0.0,0,0,0.0,0.0,102899,0,0,0.7977626919746399,-0.06913862377405167,-0.3567714989185333,0.0,0.0,32766,838,32766,1598,2125,3.2727272510528564
2026-04-07T11:51:51.354,radio://0/80/2M,range,1,2,Scan,4971,0,0,0,0.0,0,0,0.0,0.0,102899,0,0,0.7977626919746399,-0.06913862377405167,-0.3567714989185333,0.0,0.0,32766,1480,975,1699,2141,3.267448663711548
2026-04-07T11:51:51.600,radio://0/80/2M,mission,1,2,Scan,4971,0,0,0,0.0,0,0,0.0,0.0,102899,0,0,0.8095886707305908,-0.06913862377405167,-0.3567714989185333,0.0,0.0,32766,1480,975,1699,2141,3.267448663711548
2026-04-07T11:51:51.603,radio://0/80/2M,flow,1,2,Scan,4370,0,0,0,0.0,0,0,0.0,0.0,103149,-10,-6,0.8095886707305908,-0.13972468674182892,-0.5909684300422668,0.0,0.0,32766,1480,975,1699,2141,3.267448663711548
2026-04-07T11:51:51.604,radio://0/80/2M,range,1,2,Scan,4370,0,0,0,0.0,0,0,0.0,0.0,103149,-10,-6,0.8095886707305908,-0.13972468674182892,-0.5909684300422668,0.0,0.0,32766,1275,1209,1812,2088,3.2885630130767822
2026-04-07T11:51:51.850,radio://0/80/2M,mission,1,2,Scan,4370,0,0,0,0.0,0,0,0.0,0.0,103149,-10,-6,0.7826886177062988,-0.13972468674182892,-0.5909684300422668,0.0,0.0,32766,1275,1209,1812,2088,3.2885630130767822
2026-04-07T11:51:51.853,radio://0/80/2M,flow,1,2,Scan,3811,0,0,0,0.0,0,0,0.0,0.0,103399,-28,-32,0.7826886177062988,-0.9029625058174133,-2.271343469619751,0.0,0.0,32766,1275,1209,1812,2088,3.2885630130767822
2026-04-07T11:51:51.854,radio://0/80/2M,range,1,2,Scan,3811,0,0,0,0.0,0,0,0.0,0.0,103399,-28,-32,0.7826886177062988,-0.9029625058174133,-2.271343469619751,0.0,0.0,32766,1054,32766,2098,32766,3.293841600418091
2026-04-07T11:51:52.100,radio://0/80/2M,mission,1,2,Scan,3811,0,0,0,0.0,0,0,0.0,0.0,103399,-28,-32,0.6616620421409607,-0.9029625058174133,-2.271343469619751,0.0,0.0,32766,1054,32766,2098,32766,3.293841600418091
2026-04-07T11:51:52.102,radio://0/80/2M,flow,1,2,Scan,4553,0,0,0,0.0,0,0,0.0,0.0,103649,-2,0,0.6616620421409607,-0.5917312502861023,-0.7921206951141357,0.0,0.0,32766,1054,32766,2098,32766,3.293841600418091
2026-04-07T11:51:52.103,radio://0/80/2M,range,1,2,Scan,4553,0,0,0,0.0,0,0,0.0,0.0,103649,-2,0,0.6616620421409607,-0.5917312502861023,-0.7921206951141357,0.0,0.0,527,32766,1285,32766,32766,3.2727272510528564
2026-04-07T11:51:52.349,radio://0/80/2M,mission,1,2,Scan,4553,0,0,0,0.0,0,0,0.0,0.0,103649,-2,0,0.6585538387298584,-0.5917312502861023,-0.7921206951141357,0.0,0.0,527,32766,1285,32766,32766,3.2727272510528564
2026-04-07T11:51:52.354,radio://0/80/2M,flow,1,2,Scan,3987,0,0,0,0.0,0,0,0.0,0.0,103899,4,18,0.6585538387298584,0.24924907088279724,1.037054181098938,0.0,0.0,527,32766,1285,32766,32766,3.2727272510528564
2026-04-07T11:51:52.355,radio://0/80/2M,range,1,2,Scan,3987,0,0,0,0.0,0,0,0.0,0.0,103899,4,18,0.6585538387298584,0.24924907088279724,1.037054181098938,0.0,0.0,32766,1055,32766,32766,32766,3.357184886932373
2026-04-07T11:51:52.600,radio://0/80/2M,mission,1,5,Transition,3987,0,0,0,0.0,0,0,0.0,0.0,103899,4,18,0.7802252769470215,0.24924907088279724,1.037054181098938,0.0,0.0,32766,1055,32766,32766,32766,3.357184886932373
2026-04-07T11:51:52.603,radio://0/80/2M,flow,1,5,Transition,3925,0,0,0,0.0,0,0,0.0,0.0,104149,0,2,0.7802252769470215,-0.04909888282418251,0.5780106782913208,0.0,0.0,32766,1055,32766,32766,32766,3.357184886932373
2026-04-07T11:51:52.604,radio://0/80/2M,range,1,5,Transition,3925,0,0,0,0.0,0,0,0.0,0.0,104149,0,2,0.7802252769470215,-0.04909888282418251,0.5780106782913208,0.0,0.0,1799,32766,32766,32766,2274,3.4838709831237793
2026-04-07T11:51:52.849,radio://0/80/2M,mission,1,4,Land,3925,0,0,0,0.0,0,0,0.0,0.0,104149,0,2,0.8816625475883484,-0.04909888282418251,0.5780106782913208,0.0,0.0,1799,32766,32766,32766,2274,3.4838709831237793
2026-04-07T11:51:52.852,radio://0/80/2M,flow,1,4,Land,4170,0,0,0,0.0,0,0,0.0,0.0,104399,0,0,0.8816625475883484,-0.08801624923944473,0.19677044451236725,0.0,0.0,1799,32766,32766,32766,2274,3.4838709831237793
2026-04-07T11:51:52.853,radio://0/80/2M,range,1,4,Land,4170,0,0,0,0.0,0,0,0.0,0.0,104399,0,0,0.8816625475883484,-0.08801624923944473,0.19677044451236725,0.0,0.0,2070,1760,32766,32766,2138,3.489149570465088
2026-04-07T11:51:53.099,radio://0/80/2M,mission,1,4,Land,4170,0,0,0,0.0,0,0,0.0,0.0,104399,0,0,0.8252600431442261,-0.08801624923944473,0.19677044451236725,0.0,0.0,2070,1760,32766,32766,2138,3.489149570465088
2026-04-07T11:51:53.101,radio://0/80/2M,flow,1,4,Land,5000,0,0,0,0.0,0,0,0.0,0.0,104649,3,4,0.8252600431442261,-0.08989280462265015,0.1407073587179184,0.0,0.0,2070,1760,32766,32766,2138,3.489149570465088
2026-04-07T11:51:53.103,radio://0/80/2M,range,1,4,Land,5000,0,0,0,0.0,0,0,0.0,0.0,104649,3,4,0.8252600431442261,-0.08989280462265015,0.1407073587179184,0.0,0.0,2100,1764,32766,2790,2109,3.4310851097106934
2026-04-07T11:51:53.349,radio://0/80/2M,mission,1,4,Land,5000,0,0,0,0.0,0,0,0.0,0.0,104649,3,4,0.783991277217865,-0.08989280462265015,0.1407073587179184,0.0,0.0,2100,1764,32766,2790,2109,3.4310851097106934
2026-04-07T11:51:53.352,radio://0/80/2M,flow,1,4,Land,5000,0,0,0,0.0,0,0,0.0,0.0,104899,-5,0,0.783991277217865,0.0028374423272907734,0.03471933305263519,0.0,0.0,2100,1764,32766,2790,2109,3.4310851097106934
2026-04-07T11:51:53.354,radio://0/80/2M,range,1,4,Land,5000,0,0,0,0.0,0,0,0.0,0.0,104899,-5,0,0.783991277217865,0.0028374423272907734,0.03471933305263519,0.0,0.0,2091,1731,32766,1902,2147,3.446920871734619
2026-04-07T11:51:53.599,radio://0/80/2M,mission,1,4,Land,5000,0,0,0,0.0,0,0,0.0,0.0,104899,-5,0,0.7423161268234253,0.0028374423272907734,0.03471933305263519,0.0,0.0,2091,1731,32766,1902,2147,3.446920871734619
2026-04-07T11:51:53.600,radio://0/80/2M,flow,1,4,Land,4395,0,0,0,0.0,0,0,0.0,0.0,105149,0,0,0.7423161268234253,0.013546525500714779,-0.0034164562821388245,0.0,0.0,2091,1731,32766,1902,2147,3.446920871734619
2026-04-07T11:51:53.602,radio://0/80/2M,range,1,4,Land,4395,0,0,0,0.0,0,0,0.0,0.0,105149,0,0,0.7423161268234253,0.013546525500714779,-0.0034164562821388245,0.0,0.0,2057,1673,32766,1825,2175,3.4574780464172363
2026-04-07T11:51:53.848,radio://0/80/2M,mission,1,4,Land,4395,0,0,0,0.0,0,0,0.0,0.0,105149,0,0,0.6748535633087158,0.013546525500714779,-0.0034164562821388245,0.0,0.0,2057,1673,32766,1825,2175,3.4574780464172363
2026-04-07T11:51:53.851,radio://0/80/2M,flow,1,4,Land,4395,0,0,0,0.0,0,0,0.0,0.0,105399,0,-5,0.6748535633087158,-0.03619961813092232,-0.03698381781578064,0.0,0.0,2057,1673,32766,1825,2175,3.4574780464172363
2026-04-07T11:51:53.852,radio://0/80/2M,range,1,4,Land,4395,0,0,0,0.0,0,0,0.0,0.0,105399,0,-5,0.6748535633087158,-0.03619961813092232,-0.03698381781578064,0.0,0.0,2000,1580,32766,1838,2241,3.4416422843933105
2026-04-07T11:51:54.098,radio://0/80/2M,mission,1,4,Land,4395,0,0,0,0.0,0,0,0.0,0.0,105399,0,-5,0.6036353707313538,-0.03619961813092232,-0.03698381781578064,0.0,0.0,2000,1580,32766,1838,2241,3.4416422843933105
2026-04-07T11:51:54.101,radio://0/80/2M,flow,1,4,Land,4395,0,0,0,0.0,0,0,0.0,0.0,105649,0,-2,0.6036353707313538,-0.02730192430317402,-0.0627424418926239,0.0,0.0,2000,1580,32766,1838,2241,3.4416422843933105
2026-04-07T11:51:54.102,radio://0/80/2M,range,1,4,Land,4395,0,0,0,0.0,0,0,0.0,0.0,105649,0,-2,0.6036353707313538,-0.02730192430317402,-0.0627424418926239,0.0,0.0,1920,1545,32766,1899,2288,3.4416422843933105
2026-04-07T11:51:54.349,radio://0/80/2M,mission,1,4,Land,4395,0,0,0,0.0,0,0,0.0,0.0,105649,0,-2,0.54083651304245,-0.02730192430317402,-0.0627424418926239,0.0,0.0,1920,1545,32766,1899,2288,3.4416422843933105
2026-04-07T11:51:54.351,radio://0/80/2M,flow,1,4,Land,4669,0,0,0,0.0,0,0,0.0,0.0,105899,-2,-7,0.54083651304245,-0.03244877606630325,-0.05991196259856224,0.0,0.0,1920,1545,32766,1899,2288,3.4416422843933105
2026-04-07T11:51:54.352,radio://0/80/2M,range,1,4,Land,4669,0,0,0,0.0,0,0,0.0,0.0,105899,-2,-7,0.54083651304245,-0.03244877606630325,-0.05991196259856224,0.0,0.0,1841,1349,32766,1834,2367,3.4521994590759277
2026-04-07T11:51:54.598,radio://0/80/2M,mission,1,4,Land,4669,0,0,0,0.0,0,0,0.0,0.0,105899,-2,-7,0.4822239577770233,-0.03244877606630325,-0.05991196259856224,0.0,0.0,1841,1349,32766,1834,2367,3.4521994590759277
2026-04-07T11:51:54.601,radio://0/80/2M,flow,1,4,Land,4669,0,0,0,0.0,0,0,0.0,0.0,106149,-2,-5,0.4822239577770233,-0.05948128551244736,-0.034974224865436554,0.0,0.0,1841,1349,32766,1834,2367,3.4521994590759277
2026-04-07T11:51:54.602,radio://0/80/2M,range,1,4,Land,4669,0,0,0,0.0,0,0,0.0,0.0,106149,-2,-5,0.4822239577770233,-0.05948128551244736,-0.034974224865436554,0.0,0.0,1826,1174,32766,1723,2416,3.4521994590759277
2026-04-07T11:51:54.853,radio://0/80/2M,mission,1,4,Land,4669,0,0,0,0.0,0,0,0.0,0.0,106149,-2,-5,0.39525163173675537,-0.05948128551244736,-0.034974224865436554,0.0,0.0,1826,1174,32766,1723,2416,3.4521994590759277
2026-04-07T11:51:54.855,radio://0/80/2M,flow,1,4,Land,4105,0,0,0,0.0,0,0,0.0,0.0,106399,0,-3,0.39525163173675537,-0.06100289523601532,-0.032267067581415176,0.0,0.0,1826,1174,32766,1723,2416,3.4521994590759277
2026-04-07T11:51:54.856,radio://0/80/2M,range,1,4,Land,4105,0,0,0,0.0,0,0,0.0,0.0,106399,0,-3,0.39525163173675537,-0.06100289523601532,-0.032267067581415176,0.0,0.0,1741,1103,32766,1776,2527,3.436363697052002
2026-04-07T11:51:55.099,radio://0/80/2M,mission,1,4,Land,4105,0,0,0,0.0,0,0,0.0,0.0,106399,0,-3,0.32112982869148254,-0.06100289523601532,-0.032267067581415176,0.0,0.0,1741,1103,32766,1776,2527,3.436363697052002
2026-04-07T11:51:55.100,radio://0/80/2M,flow,1,4,Land,3819,0,0,0,0.0,0,0,0.0,0.0,106649,-1,0,0.32112982869148254,-0.03075941652059555,-0.043343234807252884,0.0,0.0,1741,1103,32766,1776,2527,3.436363697052002
2026-04-07T11:51:55.101,radio://0/80/2M,range,1,4,Land,3819,0,0,0,0.0,0,0,0.0,0.0,106649,-1,0,0.32112982869148254,-0.03075941652059555,-0.043343234807252884,0.0,0.0,1683,32766,32766,1806,2587,3.4416422843933105
2026-04-07T11:51:55.347,radio://0/80/2M,mission,1,4,Land,3819,0,0,0,0.0,0,0,0.0,0.0,106649,-1,0,0.2509758472442627,-0.03075941652059555,-0.043343234807252884,0.0,0.0,1683,32766,32766,1806,2587,3.4416422843933105
2026-04-07T11:51:55.350,radio://0/80/2M,flow,1,4,Land,3567,0,0,0,0.0,0,0,0.0,0.0,106899,-2,-2,0.2509758472442627,-0.0004841047339141369,-0.04640762135386467,0.0,0.0,1683,32766,32766,1806,2587,3.4416422843933105
2026-04-07T11:51:55.351,radio://0/80/2M,range,1,4,Land,3567,0,0,0,0.0,0,0,0.0,0.0,106899,-2,-2,0.2509758472442627,-0.0004841047339141369,-0.04640762135386467,0.0,0.0,1645,391,32766,1793,2668,3.436363697052002
2026-04-07T11:51:55.598,radio://0/80/2M,mission,1,4,Land,3567,0,0,0,0.0,0,0,0.0,0.0,106899,-2,-2,0.1741233617067337,-0.0004841047339141369,-0.04640762135386467,0.0,0.0,1645,391,32766,1793,2668,3.436363697052002
2026-04-07T11:51:55.613,radio://0/80/2M,flow,1,4,Land,3919,0,0,0,0.0,0,0,0.0,0.0,107149,-4,-2,0.1741233617067337,0.015813039615750313,-0.0490318238735199,0.0,0.0,1645,391,32766,1793,2668,3.436363697052002
2026-04-07T11:51:55.614,radio://0/80/2M,range,1,4,Land,3919,0,0,0,0.0,0,0,0.0,0.0,107149,-4,-2,0.1741233617067337,0.015813039615750313,-0.0490318238735199,0.0,0.0,1647,382,32766,1715,2726,3.436363697052002
2026-04-07T11:51:55.847,radio://0/80/2M,mission,1,4,Land,3919,0,0,0,0.0,0,0,0.0,0.0,107149,-4,-2,0.11017145216464996,0.015813039615750313,-0.0490318238735199,0.0,0.0,1647,382,32766,1715,2726,3.436363697052002
2026-04-07T11:51:55.850,radio://0/80/2M,flow,1,4,Land,3712,0,0,0,0.0,0,0,0.0,0.0,107399,-1,-4,0.11017145216464996,-0.023674998432397842,-0.03722911328077316,0.0,0.0,1647,382,32766,1715,2726,3.436363697052002
2026-04-07T11:51:55.851,radio://0/80/2M,range,1,4,Land,3712,0,0,0,0.0,0,0,0.0,0.0,107399,-1,-4,0.11017145216464996,-0.023674998432397842,-0.03722911328077316,0.0,0.0,32766,360,32766,1578,2822,3.446920871734619
2026-04-07T11:51:56.097,radio://0/80/2M,mission,0,0,Reacquire Wall,3712,0,0,0,0.0,0,0,0.0,0.0,107399,-1,-4,0.04343424737453461,-0.023674998432397842,-0.03722911328077316,0.0,0.0,32766,360,32766,1578,2822,3.446920871734619
2026-04-07T11:51:56.100,radio://0/80/2M,flow,0,0,Reacquire Wall,2943,0,0,0,0.0,0,0,0.0,0.0,107649,4,-24,0.04343424737453461,0.008881320245563984,-0.004508150741457939,0.0,0.0,32766,360,32766,1578,2822,3.446920871734619
2026-04-07T11:51:56.101,radio://0/80/2M,range,0,0,Reacquire Wall,2943,0,0,0,0.0,0,0,0.0,0.0,107649,4,-24,0.04343424737453461,0.008881320245563984,-0.004508150741457939,0.0,0.0,32766,357,32766,1560,2870,3.7583577632904053
2026-04-07T11:51:56.347,radio://0/80/2M,mission,0,0,Reacquire Wall,2943,0,0,0,0.0,0,0,0.0,0.0,107649,4,-24,-0.005053741857409477,0.008881320245563984,-0.004508150741457939,0.0,0.0,32766,357,32766,1560,2870,3.7583577632904053
2026-04-07T11:51:56.349,radio://0/80/2M,flow,0,0,Reacquire Wall,6367,0,0,0,0.0,0,0,0.0,0.0,107899,0,0,-0.005053741857409477,-0.0768509954214096,-0.20824460685253143,0.0,0.0,32766,357,32766,1560,2870,3.7583577632904053
2026-04-07T11:51:56.350,radio://0/80/2M,range,0,0,Reacquire Wall,6367,0,0,0,0.0,0,0,0.0,0.0,107899,0,0,-0.005053741857409477,-0.0768509954214096,-0.20824460685253143,0.0,0.0,300,316,252,32766,2922,3.763636350631714
2026-04-07T11:51:56.596,radio://0/80/2M,mission,0,0,Reacquire Wall,6367,0,0,0,0.0,0,0,0.0,0.0,107899,0,0,0.001299701863899827,-0.0768509954214096,-0.20824460685253143,0.0,0.0,300,316,252,32766,2922,3.763636350631714
2026-04-07T11:51:56.599,radio://0/80/2M,flow,0,0,Reacquire Wall,8191,0,0,0,0.0,0,0,0.0,0.0,108149,-8,4,0.001299701863899827,-0.037455398589372635,-0.06801552325487137,0.0,0.0,300,316,252,32766,2922,3.763636350631714
2026-04-07T11:51:56.600,radio://0/80/2M,range,0,0,Reacquire Wall,8191,0,0,0,0.0,0,0,0.0,0.0,108149,-8,4,0.001299701863899827,-0.037455398589372635,-0.06801552325487137,0.0,0.0,304,318,252,32766,2926,3.7689149379730225
2026-04-07T11:51:56.846,radio://0/80/2M,mission,0,0,Reacquire Wall,8191,0,0,0,0.0,0,0,0.0,0.0,108149,-8,4,0.0002819264482241124,-0.037455398589372635,-0.06801552325487137,0.0,0.0,304,318,252,32766,2926,3.7689149379730225
2026-04-07T11:51:56.849,radio://0/80/2M,flow,0,0,Reacquire Wall,8191,0,0,0,0.0,0,0,0.0,0.0,108399,8,-8,0.0002819264482241124,-0.005472670309245586,-0.016433676704764366,0.0,0.0,304,318,252,32766,2926,3.7689149379730225
2026-04-07T11:51:56.850,radio://0/80/2M,range,0,0,Reacquire Wall,8191,0,0,0,0.0,0,0,0.0,0.0,108399,8,-8,0.0002819264482241124,-0.005472670309245586,-0.016433676704764366,0.0,0.0,299,318,252,32766,2915,3.774193525314331
2026-04-07T11:51:57.096,radio://0/80/2M,mission,0,0,Reacquire Wall,8191,0,0,0,0.0,0,0,0.0,0.0,108399,8,-8,1.0539454706304241e-05,-0.005472670309245586,-0.016433676704764366,0.0,0.0,299,318,252,32766,2915,3.774193525314331
2026-04-07T11:51:57.099,radio://0/80/2M,flow,0,0,Reacquire Wall,8191,0,0,0,0.0,0,0,0.0,0.0,108649,-8,6,1.0539454706304241e-05,-0.008425823412835598,-0.0025948933325707912,0.0,0.0,299,318,252,32766,2915,3.774193525314331
2026-04-07T11:51:57.100,radio://0/80/2M,range,0,0,Reacquire Wall,8191,0,0,0,0.0,0,0,0.0,0.0,108649,-8,6,1.0539454706304241e-05,-0.008425823412835598,-0.0025948933325707912,0.0,0.0,304,320,255,350,2918,3.7794721126556396
2026-04-07T11:51:57.346,radio://0/80/2M,mission,0,0,Reacquire Wall,8191,0,0,0,0.0,0,0,0.0,0.0,108649,-8,6,-4.552408790914342e-05,-0.008425823412835598,-0.0025948933325707912,0.0,0.0,304,320,255,350,2918,3.7794721126556396
2026-04-07T11:51:57.349,radio://0/80/2M,flow,0,0,Reacquire Wall,8191,0,0,0,0.0,0,0,0.0,0.0,108899,3,-3,-4.552408790914342e-05,0.009008080698549747,0.004100499674677849,0.0,0.0,304,320,255,350,2918,3.7794721126556396
2026-04-07T11:51:57.350,radio://0/80/2M,range,0,0,Reacquire Wall,8191,0,0,0,0.0,0,0,0.0,0.0,108899,3,-3,-4.552408790914342e-05,0.009008080698549747,0.004100499674677849,0.0,0.0,299,313,252,32766,2927,3.7794721126556396
2026-04-07T11:51:57.596,radio://0/80/2M,mission,0,0,Reacquire Wall,8191,0,0,0,0.0,0,0,0.0,0.0,108899,3,-3,8.543656440451741e-05,0.009008080698549747,0.004100499674677849,0.0,0.0,299,313,252,32766,2927,3.7794721126556396
2026-04-07T11:51:57.599,radio://0/80/2M,flow,0,0,Reacquire Wall,8191,0,0,0,0.0,0,0,0.0,0.0,109149,-6,8,8.543656440451741e-05,-0.0017739118775352836,0.00161264487542212,0.0,0.0,299,313,252,32766,2927,3.7794721126556396
2026-04-07T11:51:57.600,radio://0/80/2M,range,0,0,Reacquire Wall,8191,0,0,0,0.0,0,0,0.0,0.0,109149,-6,8,8.543656440451741e-05,-0.0017739118775352836,0.00161264487542212,0.0,0.0,301,315,250,356,2925,3.7847506999969482
2026-04-07T11:51:57.845,radio://0/80/2M,mission,0,0,Reacquire Wall,8191,0,0,0,0.0,0,0,0.0,0.0,109149,-6,8,0.00016513036098331213,-0.0017739118775352836,0.00161264487542212,0.0,0.0,301,315,250,356,2925,3.7847506999969482
2026-04-07T11:51:57.848,radio://0/80/2M,flow,0,0,Reacquire Wall,8191,0,0,0,0.0,0,0,0.0,0.0,109399,-1,2,0.00016513036098331213,0.005891232751309872,0.0028881016187369823,0.0,0.0,301,315,250,356,2925,3.7847506999969482
2026-04-07T11:51:57.849,radio://0/80/2M,range,0,0,Reacquire Wall,8191,0,0,0,0.0,0,0,0.0,0.0,109399,-1,2,0.00016513036098331213,0.005891232751309872,0.0028881016187369823,0.0,0.0,304,319,252,353,2918,3.790029287338257
2026-04-07T11:51:58.095,radio://0/80/2M,mission,0,0,Reacquire Wall,8191,0,0,0,0.0,0,0,0.0,0.0,109399,-1,2,0.00010022063361248001,0.005891232751309872,0.0028881016187369823,0.0,0.0,304,319,252,353,2918,3.790029287338257
2026-04-07T11:51:58.098,radio://0/80/2M,flow,0,0,Reacquire Wall,8191,0,0,0,0.0,0,0,0.0,0.0,109649,0,0,0.00010022063361248001,-0.003181647742167115,0.0008878632215783,0.0,0.0,304,319,252,353,2918,3.790029287338257
2026-04-07T11:51:58.099,radio://0/80/2M,range,0,0,Reacquire Wall,8191,0,0,0,0.0,0,0,0.0,0.0,109649,0,0,0.00010022063361248001,-0.003181647742167115,0.0008878632215783,0.0,0.0,299,315,250,32766,2925,3.790029287338257
2026-04-07T11:51:58.344,radio://0/80/2M,mission,0,0,Reacquire Wall,8191,0,0,0,0.0,0,0,0.0,0.0,109649,0,0,0.0001476011675549671,-0.003181647742167115,0.0008878632215783,0.0,0.0,299,315,250,32766,2925,3.790029287338257
2026-04-07T11:51:58.347,radio://0/80/2M,flow,0,0,Reacquire Wall,8191,0,0,0,0.0,0,0,0.0,0.0,109899,0,0,0.0001476011675549671,-0.011850633658468723,0.0005411052843555808,0.0,0.0,299,315,250,32766,2925,3.790029287338257
2026-04-07T11:51:58.348,radio://0/80/2M,range,0,0,Reacquire Wall,8191,0,0,0,0.0,0,0,0.0,0.0,109899,0,0,0.0001476011675549671,-0.011850633658468723,0.0005411052843555808,0.0,0.0,298,319,250,355,2917,3.7953078746795654
2026-04-07T11:51:58.595,radio://0/80/2M,mission,0,0,Reacquire Wall,8191,0,0,0,0.0,0,0,0.0,0.0,109899,0,0,9.09487935132347e-05,-0.011850633658468723,0.0005411052843555808,0.0,0.0,298,319,250,355,2917,3.7953078746795654
2026-04-07T11:51:58.597,radio://0/80/2M,flow,0,0,Reacquire Wall,8191,0,0,0,0.0,0,0,0.0,0.0,110149,-4,8,9.09487935132347e-05,-0.021205352619290352,-0.007093414198607206,0.0,0.0,298,319,250,355,2917,3.7953078746795654
2026-04-07T11:51:58.598,radio://0/80/2M,range,0,0,Reacquire Wall,8191,0,0,0,0.0,0,0,0.0,0.0,110149,-4,8,9.09487935132347e-05,-0.021205352619290352,-0.007093414198607206,0.0,0.0,300,319,250,356,2923,3.7953078746795654
2026-04-07T11:51:58.844,radio://0/80/2M,mission,0,0,Reacquire Wall,8191,0,0,0,0.0,0,0,0.0,0.0,110149,-4,8,0.0002719186886679381,-0.021205352619290352,-0.007093414198607206,0.0,0.0,300,319,250,356,2923,3.7953078746795654
2026-04-07T11:51:58.847,radio://0/80/2M,flow,0,0,Reacquire Wall,8191,0,0,0,0.0,0,0,0.0,0.0,110399,0,1,0.0002719186886679381,-0.011001584120094776,-0.003653696272522211,0.0,0.0,300,319,250,356,2923,3.7953078746795654
2026-04-07T11:51:58.848,radio://0/80/2M,range,0,0,Reacquire Wall,8191,0,0,0,0.0,0,0,0.0,0.0,110399,0,1,0.0002719186886679381,-0.011001584120094776,-0.003653696272522211,0.0,0.0,299,318,255,32766,2924,3.800586462020874
2026-04-07T11:51:59.094,radio://0/80/2M,mission,0,0,Reacquire Wall,8191,0,0,0,0.0,0,0,0.0,0.0,110399,0,1,0.0001320531009696424,-0.011001584120094776,-0.003653696272522211,0.0,0.0,299,318,255,32766,2924,3.800586462020874
2026-04-07T11:51:59.098,radio://0/80/2M,flow,0,0,Reacquire Wall,8191,0,0,0,0.0,0,0,0.0,0.0,110649,0,4,0.0001320531009696424,-0.002379348734393716,-0.0032955005299299955,0.0,0.0,299,318,255,32766,2924,3.800586462020874
2026-04-07T11:51:59.099,radio://0/80/2M,range,0,0,Reacquire Wall,8191,0,0,0,0.0,0,0,0.0,0.0,110649,0,4,0.0001320531009696424,-0.002379348734393716,-0.0032955005299299955,0.0,0.0,299,317,254,459,2922,3.8058650493621826
2026-04-07T11:51:59.343,radio://0/80/2M,mission,0,0,Reacquire Wall,8191,0,0,0,0.0,0,0,0.0,0.0,110649,0,4,2.1991218090988696e-05,-0.002379348734393716,-0.0032955005299299955,0.0,0.0,299,317,254,459,2922,3.8058650493621826
2026-04-07T11:51:59.346,radio://0/80/2M,flow,0,0,Reacquire Wall,8191,0,0,0,0.0,0,0,0.0,0.0,110899,4,-2,2.1991218090988696e-05,0.0002912706113420427,-0.0016569894505664706,0.0,0.0,299,317,254,459,2922,3.8058650493621826
2026-04-07T11:51:59.347,radio://0/80/2M,range,0,0,Reacquire Wall,8191,0,0,0,0.0,0,0,0.0,0.0,110899,4,-2,2.1991218090988696e-05,0.0002912706113420427,-0.0016569894505664706,0.0,0.0,300,318,252,455,2908,3.8058650493621826
2026-04-07T11:51:59.596,radio://0/80/2M,mission,0,0,Reacquire Wall,8191,0,0,0,0.0,0,0,0.0,0.0,110899,4,-2,9.389035767526366e-06,0.0002912706113420427,-0.0016569894505664706,0.0,0.0,300,318,252,455,2908,3.8058650493621826
2026-04-07T11:51:59.597,radio://0/80/2M,flow,0,0,Reacquire Wall,8191,0,0,0,0.0,0,0,0.0,0.0,111149,-3,0,9.389035767526366e-06,-0.0017000851221382618,-0.0004528842691797763,0.0,0.0,300,318,252,455,2908,3.8058650493621826
2026-04-07T11:51:59.599,radio://0/80/2M,range,0,0,Reacquire Wall,8191,0,0,0,0.0,0,0,0.0,0.0,111149,-3,0,9.389035767526366e-06,-0.0017000851221382618,-0.0004528842691797763,0.0,0.0,300,319,250,449,2876,3.8058650493621826
2026-04-07T11:51:59.845,radio://0/80/2M,mission,0,0,Reacquire Wall,8191,0,0,0,0.0,0,0,0.0,0.0,111149,-3,0,5.0524929974926636e-05,-0.0017000851221382618,-0.0004528842691797763,0.0,0.0,300,319,250,449,2876,3.8058650493621826
2026-04-07T11:51:59.846,radio://0/80/2M,flow,0,0,Reacquire Wall,8191,0,0,0,0.0,0,0,0.0,0.0,111399,-1,4,5.0524929974926636e-05,-0.0085849454626441,-0.0061421780847013,0.0,0.0,300,319,250,449,2876,3.8058650493621826
2026-04-07T11:51:59.848,radio://0/80/2M,range,0,0,Reacquire Wall,8191,0,0,0,0.0,0,0,0.0,0.0,111399,-1,4,5.0524929974926636e-05,-0.0085849454626441,-0.0061421780847013,0.0,0.0,299,318,252,449,2629,3.8058650493621826
