Time,uri,source,outer,mission,mission_name,shutter,human,human_fresh,human_stable,human_hold_s,human_confidence_pct,human_direction,human_max_temp_c,human_thermistor_c,flow_timestamp_ms,delta_x,delta_y,height_m,vel_x_mps,vel_y_mps,cmd_x_mps,cmd_y_mps,front_mm,left_mm,right_mm,back_mm,up_mm,vbat_v
2026-04-07T12:12:17.983,radio://0/80/2M,mission,0,0,Reacquire Wall,0,0,0,0,0.0,0,0,0.0,0.0,0,0,0,1.1453554179752246e-05,0.0,0.0,0.0,0.0,32766,32766,32766,32766,32766,0.0
2026-04-07T12:12:17.984,radio://0/80/2M,flow,0,0,Reacquire Wall,8191,0,0,0,0.0,0,0,0.0,0.0,14147,4,8,1.1453554179752246e-05,-0.005896750371903181,-0.005334008950740099,0.0,0.0,32766,32766,32766,32766,32766,0.0
2026-04-07T12:12:17.986,radio://0/80/2M,range,0,0,Reacquire Wall,8191,0,0,0,0.0,0,0,0.0,0.0,14147,4,8,1.1453554179752246e-05,-0.005896750371903181,-0.005334008950740099,0.0,0.0,245,259,315,365,2920,4.053958892822266
2026-04-07T12:12:18.233,radio://0/80/2M,mission,0,0,Reacquire Wall,8191,0,0,0,0.0,0,0,0.0,0.0,14147,4,8,-3.1321211281465366e-05,-0.005896750371903181,-0.005334008950740099,0.0,0.0,245,259,315,365,2920,4.053958892822266
2026-04-07T12:12:18.234,radio://0/80/2M,flow,0,0,Reacquire Wall,8191,0,0,0,0.0,0,0,0.0,0.0,14397,-4,4,-3.1321211281465366e-05,-0.0010510713327676058,-0.0013067576801404357,0.0,0.0,245,259,315,365,2920,4.053958892822266
2026-04-07T12:12:18.236,radio://0/80/2M,range,0,0,Reacquire Wall,8191,0,0,0,0.0,0,0,0.0,0.0,14397,-4,4,-3.1321211281465366e-05,-0.0010510713327676058,-0.0013067576801404357,0.0,0.0,248,256,311,32766,2919,4.053958892822266
2026-04-07T12:12:18.483,radio://0/80/2M,mission,0,0,Reacquire Wall,8191,0,0,0,0.0,0,0,0.0,0.0,14397,-4,4,3.2733573789300863e-06,-0.0010510713327676058,-0.0013067576801404357,0.0,0.0,248,256,311,32766,2919,4.053958892822266
2026-04-07T12:12:18.484,radio://0/80/2M,flow,0,0,Reacquire Wall,8191,0,0,0,0.0,0,0,0.0,0.0,14647,0,0,3.2733573789300863e-06,-0.0006109290989115834,-0.005899837706238031,0.0,0.0,248,256,311,32766,2919,4.053958892822266
2026-04-07T12:12:18.486,radio://0/80/2M,range,0,0,Reacquire Wall,8191,0,0,0,0.0,0,0,0.0,0.0,14647,0,0,3.2733573789300863e-06,-0.0006109290989115834,-0.005899837706238031,0.0,0.0,246,259,316,359,2919,4.053958892822266
2026-04-07T12:12:18.765,radio://0/80/2M,mission,0,0,Reacquire Wall,8191,0,0,0,0.0,0,0,0.0,0.0,14647,0,0,2.8718612156808376e-05,-0.0006109290989115834,-0.005899837706238031,0.0,0.0,246,259,316,359,2919,4.053958892822266
2026-04-07T12:12:18.771,radio://0/80/2M,flow,0,0,Reacquire Wall,8191,0,0,0,0.0,0,0,0.0,0.0,14897,-5,1,2.8718612156808376e-05,-0.002178022637963295,0.0006091581890359521,0.0,0.0,246,259,316,359,2919,4.053958892822266
2026-04-07T12:12:18.775,radio://0/80/2M,range,0,0,Reacquire Wall,8191,0,0,0,0.0,0,0,0.0,0.0,14897,-5,1,2.8718612156808376e-05,-0.002178022637963295,0.0006091581890359521,0.0,0.0,250,254,312,32766,2912,4.053958892822266
2026-04-07T12:12:18.982,radio://0/80/2M,mission,0,0,Reacquire Wall,8191,0,0,0,0.0,0,0,0.0,0.0,14897,-5,1,-6.605049566132948e-05,-0.002178022637963295,0.0006091581890359521,0.0,0.0,250,254,312,32766,2912,4.053958892822266
2026-04-07T12:12:18.984,radio://0/80/2M,flow,0,0,Reacquire Wall,8191,0,0,0,0.0,0,0,0.0,0.0,15147,0,-2,-6.605049566132948e-05,0.0035780733451247215,-0.002199736190959811,0.0,0.0,250,254,312,32766,2912,4.053958892822266
2026-04-07T12:12:18.985,radio://0/80/2M,range,0,0,Reacquire Wall,8191,0,0,0,0.0,0,0,0.0,0.0,15147,0,-2,-6.605049566132948e-05,0.0035780733451247215,-0.002199736190959811,0.0,0.0,245,257,313,32766,2921,4.053958892822266
2026-04-07T12:12:19.233,radio://0/80/2M,mission,0,0,Reacquire Wall,8191,0,0,0,0.0,0,0,0.0,0.0,15147,0,-2,2.9723596526309848e-05,0.0035780733451247215,-0.002199736190959811,0.0,0.0,245,257,313,32766,2921,4.053958892822266
2026-04-07T12:12:19.235,radio://0/80/2M,flow,0,0,Reacquire Wall,8191,0,0,0,0.0,0,0,0.0,0.0,15397,-3,6,2.9723596526309848e-05,-0.0020130742341279984,0.00017983476573135704,0.0,0.0,245,257,313,32766,2921,4.053958892822266
2026-04-07T12:12:19.236,radio://0/80/2M,range,0,0,Reacquire Wall,8191,0,0,0,0.0,0,0,0.0,0.0,15397,-3,6,2.9723596526309848e-05,-0.0020130742341279984,0.00017983476573135704,0.0,0.0,247,255,315,32766,2907,4.053958892822266
2026-04-07T12:12:19.482,radio://0/80/2M,mission,0,0,Reacquire Wall,8191,0,0,0,0.0,0,0,0.0,0.0,15397,-3,6,-1.781197715899907e-05,-0.0020130742341279984,0.00017983476573135704,0.0,0.0,247,255,315,32766,2907,4.053958892822266
2026-04-07T12:12:19.483,radio://0/80/2M,flow,0,0,Reacquire Wall,8191,0,0,0,0.0,0,0,0.0,0.0,15647,-1,2,-1.781197715899907e-05,5.279097968013957e-05,-0.0005699218017980456,0.0,0.0,247,255,315,32766,2907,4.053958892822266
2026-04-07T12:12:19.485,radio://0/80/2M,range,0,0,Reacquire Wall,8191,0,0,0,0.0,0,0,0.0,0.0,15647,-1,2,-1.781197715899907e-05,5.279097968013957e-05,-0.0005699218017980456,0.0,0.0,245,255,308,364,2905,4.053958892822266
2026-04-07T12:12:19.731,radio://0/80/2M,mission,0,0,Reacquire Wall,8191,0,0,0,0.0,0,0,0.0,0.0,15647,-1,2,8.064293797360733e-05,5.279097968013957e-05,-0.0005699218017980456,0.0,0.0,245,255,308,364,2905,4.053958892822266
2026-04-07T12:12:19.733,radio://0/80/2M,flow,0,0,Reacquire Wall,8191,0,0,0,0.0,0,0,0.0,0.0,15897,-4,2,8.064293797360733e-05,0.0018445481546223164,0.003358737099915743,0.0,0.0,245,255,308,364,2905,4.053958892822266
2026-04-07T12:12:19.735,radio://0/80/2M,range,0,0,Reacquire Wall,8191,0,0,0,0.0,0,0,0.0,0.0,15897,-4,2,8.064293797360733e-05,0.0018445481546223164,0.003358737099915743,0.0,0.0,245,257,312,32766,2905,4.053958892822266
2026-04-07T12:12:19.981,radio://0/80/2M,mission,0,0,Reacquire Wall,8191,0,0,0,0.0,0,0,0.0,0.0,15897,-4,2,2.5211385946022347e-05,0.0018445481546223164,0.003358737099915743,0.0,0.0,245,257,312,32766,2905,4.053958892822266
2026-04-07T12:12:19.983,radio://0/80/2M,flow,0,0,Reacquire Wall,8191,0,0,0,0.0,0,0,0.0,0.0,16147,0,-3,2.5211385946022347e-05,0.0029657159466296434,-0.0026944761630147696,0.0,0.0,245,257,312,32766,2905,4.053958892822266
2026-04-07T12:12:19.984,radio://0/80/2M,range,0,0,Reacquire Wall,8191,0,0,0,0.0,0,0,0.0,0.0,16147,0,-3,2.5211385946022347e-05,0.0029657159466296434,-0.0026944761630147696,0.0,0.0,243,257,311,32766,2914,4.053958892822266
2026-04-07T12:12:20.231,radio://0/80/2M,mission,0,0,Reacquire Wall,8191,0,0,0,0.0,0,0,0.0,0.0,16147,0,-3,-4.3630428990582004e-05,0.0029657159466296434,-0.0026944761630147696,0.0,0.0,243,257,311,32766,2914,4.053958892822266
2026-04-07T12:12:20.232,radio://0/80/2M,flow,0,0,Reacquire Wall,8191,0,0,0,0.0,0,0,0.0,0.0,16397,-8,3,-4.3630428990582004e-05,-0.0013130336301401258,0.004235938657075167,0.0,0.0,243,257,311,32766,2914,4.053958892822266
2026-04-07T12:12:20.234,radio://0/80/2M,range,0,0,Reacquire Wall,8191,0,0,0,0.0,0,0,0.0,0.0,16397,-8,3,-4.3630428990582004e-05,-0.0013130336301401258,0.004235938657075167,0.0,0.0,248,256,309,32766,2908,4.053958892822266
2026-04-07T12:12:20.481,radio://0/80/2M,mission,0,0,Reacquire Wall,8191,0,0,0,0.0,0,0,0.0,0.0,16397,-8,3,-7.556068339908961e-06,-0.0013130336301401258,0.004235938657075167,0.0,0.0,248,256,309,32766,2908,4.053958892822266
2026-04-07T12:12:20.483,radio://0/80/2M,flow,0,0,Reacquire Wall,8191,0,0,0,0.0,0,0,0.0,0.0,16647,0,-2,-7.556068339908961e-06,0.004300752654671669,-0.0023349877446889877,0.0,0.0,248,256,309,32766,2908,4.053958892822266
2026-04-07T12:12:20.484,radio://0/80/2M,range,0,0,Reacquire Wall,8191,0,0,0,0.0,0,0,0.0,0.0,16647,0,-2,-7.556068339908961e-06,0.004300752654671669,-0.0023349877446889877,0.0,0.0,248,257,313,362,2908,4.053958892822266
2026-04-07T12:12:20.731,radio://0/80/2M,mission,0,0,Reacquire Wall,8191,0,0,0,0.0,0,0,0.0,0.0,16647,0,-2,7.794272823957726e-05,0.004300752654671669,-0.0023349877446889877,0.0,0.0,248,257,313,362,2908,4.053958892822266
2026-04-07T12:12:20.733,radio://0/80/2M,flow,0,0,Reacquire Wall,8191,0,0,0,0.0,0,0,0.0,0.0,16897,-5,2,7.794272823957726e-05,0.0017060382524505258,0.0034450520761311054,0.0,0.0,248,257,313,362,2908,4.053958892822266
2026-04-07T12:12:20.735,radio://0/80/2M,range,0,0,Reacquire Wall,8191,0,0,0,0.0,0,0,0.0,0.0,16897,-5,2,7.794272823957726e-05,0.0017060382524505258,0.0034450520761311054,0.0,0.0,246,259,310,372,2908,4.053958892822266
2026-04-07T12:12:20.981,radio://0/80/2M,mission,0,0,Reacquire Wall,8191,0,0,0,0.0,0,0,0.0,0.0,16897,-5,2,-5.9168804000364617e-05,0.0017060382524505258,0.0034450520761311054,0.0,0.0,246,259,310,372,2908,4.053958892822266
2026-04-07T12:12:20.982,radio://0/80/2M,flow,0,0,Reacquire Wall,8191,0,0,0,0.0,0,0,0.0,0.0,17147,3,3,-5.9168804000364617e-05,-0.0029195689130574465,-0.005529933143407106,0.0,0.0,246,259,310,372,2908,4.053958892822266
2026-04-07T12:12:20.984,radio://0/80/2M,range,0,0,Reacquire Wall,8191,0,0,0,0.0,0,0,0.0,0.0,17147,3,3,-5.9168804000364617e-05,-0.0029195689130574465,-0.005529933143407106,0.0,0.0,246,255,308,32766,2912,4.048680305480957
2026-04-07T12:12:21.231,radio://0/80/2M,mission,0,0,Reacquire Wall,8191,0,0,0,0.0,0,0,0.0,0.0,17147,3,3,6.715545168844983e-05,-0.0029195689130574465,-0.005529933143407106,0.0,0.0,246,255,308,32766,2912,4.048680305480957
2026-04-07T12:12:21.232,radio://0/80/2M,flow,0,0,Reacquire Wall,8191,0,0,0,0.0,0,0,0.0,0.0,17397,-2,6,6.715545168844983e-05,-0.0033778755459934473,0.00022086885292083025,0.0,0.0,246,255,308,32766,2912,4.048680305480957
2026-04-07T12:12:21.233,radio://0/80/2M,range,0,0,Reacquire Wall,8191,0,0,0,0.0,0,0,0.0,0.0,17397,-2,6,6.715545168844983e-05,-0.0033778755459934473,0.00022086885292083025,0.0,0.0,247,254,311,362,2914,4.053958892822266
2026-04-07T12:12:21.481,radio://0/80/2M,mission,0,0,Reacquire Wall,8191,0,0,0,0.0,0,0,0.0,0.0,17397,-2,6,2.5454366550548002e-05,-0.0033778755459934473,0.00022086885292083025,0.0,0.0,247,254,311,362,2914,4.053958892822266
2026-04-07T12:12:21.482,radio://0/80/2M,flow,0,0,Reacquire Wall,8191,0,0,0,0.0,0,0,0.0,0.0,17647,-8,-1,2.5454366550548002e-05,0.0014219830045476556,0.0033308507408946753,0.0,0.0,247,254,311,362,2914,4.053958892822266
2026-04-07T12:12:21.483,radio://0/80/2M,range,0,0,Reacquire Wall,8191,0,0,0,0.0,0,0,0.0,0.0,17647,-8,-1,2.5454366550548002e-05,0.0014219830045476556,0.0033308507408946753,0.0,0.0,247,256,315,32766,2915,4.048680305480957
2026-04-07T12:12:21.731,radio://0/80/2M,mission,0,0,Reacquire Wall,8191,0,0,0,0.0,0,0,0.0,0.0,17647,-8,-1,-5.7476285292068496e-05,0.0014219830045476556,0.0033308507408946753,0.0,0.0,247,256,315,32766,2915,4.048680305480957
2026-04-07T12:12:21.732,radio://0/80/2M,flow,0,0,Reacquire Wall,8191,0,0,0,0.0,0,0,0.0,0.0,17897,3,7,-5.7476285292068496e-05,-0.005038605071604252,-0.0065114800818264484,0.0,0.0,247,256,315,32766,2915,4.048680305480957
2026-04-07T12:12:21.734,radio://0/80/2M,range,0,0,Reacquire Wall,8191,0,0,0,0.0,0,0,0.0,0.0,17897,3,7,-5.7476285292068496e-05,-0.005038605071604252,-0.0065114800818264484,0.0,0.0,249,256,316,32766,2911,4.053958892822266
2026-04-07T12:12:21.980,radio://0/80/2M,mission,0,0,Reacquire Wall,8191,0,0,0,0.0,0,0,0.0,0.0,17897,3,7,-3.7170651921769604e-05,-0.005038605071604252,-0.0065114800818264484,0.0,0.0,249,256,316,32766,2911,4.053958892822266
2026-04-07T12:12:21.981,radio://0/80/2M,flow,0,0,Reacquire Wall,8191,0,0,0,0.0,0,0,0.0,0.0,18147,-1,-3,-3.7170651921769604e-05,0.00501059228554368,-0.001539359102025628,0.0,0.0,249,256,316,32766,2911,4.053958892822266
2026-04-07T12:12:21.983,radio://0/80/2M,range,0,0,Reacquire Wall,8191,0,0,0,0.0,0,0,0.0,0.0,18147,-1,-3,-3.7170651921769604e-05,0.00501059228554368,-0.001539359102025628,0.0,0.0,249,256,315,372,2915,4.048680305480957
2026-04-07T12:12:22.230,radio://0/80/2M,mission,0,0,Reacquire Wall,8191,0,0,0,0.0,0,0,0.0,0.0,18147,-1,-3,6.455828406615183e-05,0.00501059228554368,-0.001539359102025628,0.0,0.0,249,256,315,372,2915,4.048680305480957
2026-04-07T12:12:22.232,radio://0/80/2M,flow,0,0,Reacquire Wall,8191,0,0,0,0.0,0,0,0.0,0.0,18397,-1,3,6.455828406615183e-05,0.0011479606619104743,-0.0007026810781098902,0.0,0.0,249,256,315,372,2915,4.048680305480957
2026-04-07T12:12:22.234,radio://0/80/2M,range,0,0,Reacquire Wall,8191,0,0,0,0.0,0,0,0.0,0.0,18397,-1,3,6.455828406615183e-05,0.0011479606619104743,-0.0007026810781098902,0.0,0.0,245,257,308,371,2915,4.053958892822266
2026-04-07T12:12:22.480,radio://0/80/2M,mission,0,0,Reacquire Wall,8191,0,0,0,0.0,0,0,0.0,0.0,18397,-1,3,3.992716665379703e-05,0.0011479606619104743,-0.0007026810781098902,0.0,0.0,245,257,308,371,2915,4.053958892822266
2026-04-07T12:12:22.482,radio://0/80/2M,flow,0,0,Reacquire Wall,8191,0,0,0,0.0,0,0,0.0,0.0,18647,-2,0,3.992716665379703e-05,0.0002611573727335781,-0.002777752000838518,0.0,0.0,245,257,308,371,2915,4.053958892822266
2026-04-07T12:12:22.483,radio://0/80/2M,range,0,0,Reacquire Wall,8191,0,0,0,0.0,0,0,0.0,0.0,18647,-2,0,3.992716665379703e-05,0.0002611573727335781,-0.002777752000838518,0.0,0.0,246,255,320,364,2921,4.048680305480957
2026-04-07T12:12:22.729,radio://0/80/2M,mission,0,0,Reacquire Wall,8191,0,0,0,0.0,0,0,0.0,0.0,18647,-2,0,-4.2742900404846296e-05,0.0002611573727335781,-0.002777752000838518,0.0,0.0,246,255,320,364,2921,4.048680305480957
2026-04-07T12:12:22.731,radio://0/80/2M,flow,0,0,Reacquire Wall,8191,0,0,0,0.0,0,0,0.0,0.0,18897,-1,3,-4.2742900404846296e-05,0.0012355474755167961,-0.001153675839304924,0.0,0.0,246,255,320,364,2921,4.048680305480957
2026-04-07T12:12:22.732,radio://0/80/2M,range,0,0,Reacquire Wall,8191,0,0,0,0.0,0,0,0.0,0.0,18897,-1,3,-4.2742900404846296e-05,0.0012355474755167961,-0.001153675839304924,0.0,0.0,250,257,314,360,2922,4.053958892822266
2026-04-07T12:12:22.979,radio://0/80/2M,mission,0,0,Reacquire Wall,8191,0,0,0,0.0,0,0,0.0,0.0,18897,-1,3,3.143542926409282e-05,0.0012355474755167961,-0.001153675839304924,0.0,0.0,250,257,314,360,2922,4.053958892822266
2026-04-07T12:12:22.980,radio://0/80/2M,flow,0,0,Reacquire Wall,8191,0,0,0,0.0,0,0,0.0,0.0,19147,-5,1,3.143542926409282e-05,-0.0009248161222785711,0.004863311070948839,0.0,0.0,250,257,314,360,2922,4.053958892822266
2026-04-07T12:12:22.982,radio://0/80/2M,range,0,0,Reacquire Wall,8191,0,0,0,0.0,0,0,0.0,0.0,19147,-5,1,3.143542926409282e-05,-0.0009248161222785711,0.004863311070948839,0.0,0.0,245,256,311,32766,2918,4.048680305480957
2026-04-07T12:12:23.230,radio://0/80/2M,mission,0,0,Reacquire Wall,8191,0,0,0,0.0,0,0,0.0,0.0,19147,-5,1,9.220954962074757e-05,-0.0009248161222785711,0.004863311070948839,0.0,0.0,245,256,311,32766,2918,4.048680305480957
2026-04-07T12:12:23.232,radio://0/80/2M,flow,0,0,Reacquire Wall,8191,0,0,0,0.0,0,0,0.0,0.0,19397,0,6,9.220954962074757e-05,-0.0037246779538691044,-0.000250212469836697,0.0,0.0,245,256,311,32766,2918,4.048680305480957
2026-04-07T12:12:23.233,radio://0/80/2M,range,0,0,Reacquire Wall,8191,0,0,0,0.0,0,0,0.0,0.0,19397,0,6,9.220954962074757e-05,-0.0037246779538691044,-0.000250212469836697,0.0,0.0,246,258,305,366,2911,4.053958892822266
2026-04-07T12:12:23.479,radio://0/80/2M,mission,0,0,Reacquire Wall,8191,0,0,0,0.0,0,0,0.0,0.0,19397,0,6,-1.3046169442532118e-05,-0.0037246779538691044,-0.000250212469836697,0.0,0.0,246,258,305,366,2911,4.053958892822266
2026-04-07T12:12:23.481,radio://0/80/2M,flow,0,0,Reacquire Wall,8191,0,0,0,0.0,0,0,0.0,0.0,19647,0,-5,-1.3046169442532118e-05,4.152876863372512e-05,-0.006316360551863909,0.0,0.0,246,258,305,366,2911,4.053958892822266
2026-04-07T12:12:23.482,radio://0/80/2M,range,0,0,Reacquire Wall,8191,0,0,0,0.0,0,0,0.0,0.0,19647,0,-5,-1.3046169442532118e-05,4.152876863372512e-05,-0.006316360551863909,0.0,0.0,245,254,314,368,2909,4.048680305480957
2026-04-07T12:12:23.729,radio://0/80/2M,mission,0,0,Reacquire Wall,8191,0,0,0,0.0,0,0,0.0,0.0,19647,0,-5,6.120160833233967e-05,4.152876863372512e-05,-0.006316360551863909,0.0,0.0,245,254,314,368,2909,4.048680305480957
2026-04-07T12:12:23.730,radio://0/80/2M,flow,0,0,Reacquire Wall,8191,0,0,0,0.0,0,0,0.0,0.0,19897,-8,0,6.120160833233967e-05,0.00029390028794296086,0.003914405591785908,0.0,0.0,245,254,314,368,2909,4.048680305480957
2026-04-07T12:12:23.732,radio://0/80/2M,range,0,0,Reacquire Wall,8191,0,0,0,0.0,0,0,0.0,0.0,19897,-8,0,6.120160833233967e-05,0.00029390028794296086,0.003914405591785908,0.0,0.0,245,252,312,32766,2907,4.053958892822266
2026-04-07T12:12:23.979,radio://0/80/2M,mission,0,0,Reacquire Wall,8191,0,0,0,0.0,0,0,0.0,0.0,19897,-8,0,-4.364171763882041e-05,0.00029390028794296086,0.003914405591785908,0.0,0.0,245,252,312,32766,2907,4.053958892822266
2026-04-07T12:12:23.980,radio://0/80/2M,flow,0,0,Reacquire Wall,8191,0,0,0,0.0,0,0,0.0,0.0,20147,0,0,-4.364171763882041e-05,-0.00013167673023417592,-0.006170624401420355,0.0,0.0,245,252,312,32766,2907,4.053958892822266
2026-04-07T12:12:23.983,radio://0/80/2M,range,0,0,Reacquire Wall,8191,0,0,0,0.0,0,0,0.0,0.0,20147,0,0,-4.364171763882041e-05,-0.00013167673023417592,-0.006170624401420355,0.0,0.0,244,258,313,32766,2922,4.048680305480957
2026-04-07T12:12:24.228,radio://0/80/2M,mission,0,0,Reacquire Wall,8191,0,0,0,0.0,0,0,0.0,0.0,20147,0,0,3.17709163937252e-05,-0.00013167673023417592,-0.006170624401420355,0.0,0.0,244,258,313,32766,2922,4.048680305480957
2026-04-07T12:12:24.230,radio://0/80/2M,flow,0,0,Reacquire Wall,8191,0,0,0,0.0,0,0,0.0,0.0,20397,-4,3,3.17709163937252e-05,0.0013855258002877235,0.0042361305095255375,0.0,0.0,244,258,313,32766,2922,4.048680305480957
2026-04-07T12:12:24.231,radio://0/80/2M,range,0,0,Reacquire Wall,8191,0,0,0,0.0,0,0,0.0,0.0,20397,-4,3,3.17709163937252e-05,0.0013855258002877235,0.0042361305095255375,0.0,0.0,247,256,314,372,2911,4.048680305480957
2026-04-07T12:12:24.478,radio://0/80/2M,mission,0,0,Reacquire Wall,8191,0,0,0,0.0,0,0,0.0,0.0,20397,-4,3,3.8023426895961165e-05,0.0013855258002877235,0.0042361305095255375,0.0,0.0,247,256,314,372,2911,4.048680305480957
2026-04-07T12:12:24.479,radio://0/80/2M,flow,0,0,Reacquire Wall,8191,0,0,0,0.0,0,0,0.0,0.0,20647,0,5,3.8023426895961165e-05,-0.001670624827966094,-0.0011038685915991664,0.0,0.0,247,256,314,372,2911,4.048680305480957
2026-04-07T12:12:24.481,radio://0/80/2M,range,0,0,Reacquire Wall,8191,0,0,0,0.0,0,0,0.0,0.0,20647,0,5,3.8023426895961165e-05,-0.001670624827966094,-0.0011038685915991664,0.0,0.0,245,257,313,32766,2918,4.048680305480957
2026-04-07T12:12:24.728,radio://0/80/2M,mission,0,0,Reacquire Wall,8191,0,0,0,0.0,0,0,0.0,0.0,20647,0,5,-3.490272501949221e-05,-0.001670624827966094,-0.0011038685915991664,0.0,0.0,245,257,313,32766,2918,4.048680305480957
2026-04-07T12:12:24.729,radio://0/80/2M,flow,0,0,Reacquire Wall,8191,0,0,0,0.0,0,0,0.0,0.0,20897,-4,3,-3.490272501949221e-05,-0.002612628974020481,-0.0009469011565670371,0.0,0.0,245,257,313,32766,2918,4.048680305480957
2026-04-07T12:12:24.731,radio://0/80/2M,range,0,0,Reacquire Wall,8191,0,0,0,0.0,0,0,0.0,0.0,20897,-4,3,-3.490272501949221e-05,-0.002612628974020481,-0.0009469011565670371,0.0,0.0,242,259,307,365,2922,4.048680305480957
2026-04-07T12:12:24.977,radio://0/80/2M,mission,0,0,Reacquire Wall,8191,0,0,0,0.0,0,0,0.0,0.0,20897,-4,3,-3.149576150462963e-05,-0.002612628974020481,-0.0009469011565670371,0.0,0.0,242,259,307,365,2922,4.048680305480957
2026-04-07T12:12:24.979,radio://0/80/2M,flow,0,0,Reacquire Wall,8191,0,0,0,0.0,0,0,0.0,0.0,21147,0,-1,-3.149576150462963e-05,-0.00026945420540869236,-0.006242639385163784,0.0,0.0,242,259,307,365,2922,4.048680305480957
2026-04-07T12:12:24.980,radio://0/80/2M,range,0,0,Reacquire Wall,8191,0,0,0,0.0,0,0,0.0,0.0,21147,0,-1,-3.149576150462963e-05,-0.00026945420540869236,-0.006242639385163784,0.0,0.0,247,258,315,369,2910,4.048680305480957
2026-04-07T12:12:25.227,radio://0/80/2M,mission,0,0,Reacquire Wall,8191,0,0,0,0.0,0,0,0.0,0.0,21147,0,-1,-2.2315689420793205e-06,-0.00026945420540869236,-0.006242639385163784,0.0,0.0,247,258,315,369,2910,4.048680305480957
2026-04-07T12:12:25.229,radio://0/80/2M,flow,0,0,Reacquire Wall,8191,0,0,0,0.0,0,0,0.0,0.0,21397,-5,3,-2.2315689420793205e-06,0.0011733376886695623,0.002654894720762968,0.0,0.0,247,258,315,369,2910,4.048680305480957
2026-04-07T12:12:25.231,radio://0/80/2M,range,0,0,Reacquire Wall,8191,0,0,0,0.0,0,0,0.0,0.0,21397,-5,3,-2.2315689420793205e-06,0.0011733376886695623,0.002654894720762968,0.0,0.0,246,256,316,367,2907,4.048680305480957
2026-04-07T12:12:25.478,radio://0/80/2M,mission,0,0,Reacquire Wall,8191,0,0,0,0.0,0,0,0.0,0.0,21397,-5,3,-1.7852709788712673e-05,0.0011733376886695623,0.002654894720762968,0.0,0.0,246,256,316,367,2907,4.048680305480957
2026-04-07T12:12:25.479,radio://0/80/2M,flow,0,0,Reacquire Wall,8191,0,0,0,0.0,0,0,0.0,0.0,21647,-3,-3,-1.7852709788712673e-05,0.004759807139635086,-0.0022101246286183596,0.0,0.0,246,256,316,367,2907,4.048680305480957
2026-04-07T12:12:25.481,radio://0/80/2M,range,0,0,Reacquire Wall,8191,0,0,0,0.0,0,0,0.0,0.0,21647,-3,-3,-1.7852709788712673e-05,0.004759807139635086,-0.0022101246286183596,0.0,0.0,243,259,311,32766,2905,4.048680305480957
2026-04-07T12:12:25.727,radio://0/80/2M,mission,0,0,Reacquire Wall,8191,0,0,0,0.0,0,0,0.0,0.0,21647,-3,-3,2.9803888537571765e-05,0.004759807139635086,-0.0022101246286183596,0.0,0.0,243,259,311,32766,2905,4.048680305480957
2026-04-07T12:12:25.729,radio://0/80/2M,flow,0,0,Reacquire Wall,8191,0,0,0,0.0,0,0,0.0,0.0,21897,-4,4,2.9803888537571765e-05,-0.006358285900205374,-0.0020545287989079952,0.0,0.0,243,259,311,32766,2905,4.048680305480957
2026-04-07T12:12:25.730,radio://0/80/2M,range,0,0,Reacquire Wall,8191,0,0,0,0.0,0,0,0.0,0.0,21897,-4,4,2.9803888537571765e-05,-0.006358285900205374,-0.0020545287989079952,0.0,0.0,245,254,315,368,2924,4.048680305480957
2026-04-07T12:12:25.977,radio://0/80/2M,mission,0,0,Reacquire Wall,8191,0,0,0,0.0,0,0,0.0,0.0,21897,-4,4,3.951668259105645e-05,-0.006358285900205374,-0.0020545287989079952,0.0,0.0,245,254,315,368,2924,4.048680305480957
2026-04-07T12:12:25.979,radio://0/80/2M,flow,0,0,Reacquire Wall,8191,0,0,0,0.0,0,0,0.0,0.0,22147,-4,0,3.951668259105645e-05,-0.0013645277358591557,-0.0007743527530692518,0.0,0.0,245,254,315,368,2924,4.048680305480957
2026-04-07T12:12:25.981,radio://0/80/2M,range,0,0,Reacquire Wall,8191,0,0,0,0.0,0,0,0.0,0.0,22147,-4,0,3.951668259105645e-05,-0.0013645277358591557,-0.0007743527530692518,0.0,0.0,249,258,312,373,2917,4.048680305480957
2026-04-07T12:12:26.227,radio://0/80/2M,mission,0,0,Reacquire Wall,8191,0,0,0,0.0,0,0,0.0,0.0,22147,-4,0,8.929887553676963e-05,-0.0013645277358591557,-0.0007743527530692518,0.0,0.0,249,258,312,373,2917,4.048680305480957
2026-04-07T12:12:26.228,radio://0/80/2M,flow,0,0,Reacquire Wall,8191,0,0,0,0.0,0,0,0.0,0.0,22397,0,4,8.929887553676963e-05,-0.0011988255428150296,0.0031953395809978247,0.0,0.0,249,258,312,373,2917,4.048680305480957
2026-04-07T12:12:26.229,radio://0/80/2M,range,0,0,Reacquire Wall,8191,0,0,0,0.0,0,0,0.0,0.0,22397,0,4,8.929887553676963e-05,-0.0011988255428150296,0.0031953395809978247,0.0,0.0,245,257,313,32766,2912,4.048680305480957
2026-04-07T12:12:26.476,radio://0/80/2M,mission,0,0,Reacquire Wall,8191,0,0,0,0.0,0,0,0.0,0.0,22397,0,4,1.4740387996425852e-05,-0.0011988255428150296,0.0031953395809978247,0.0,0.0,245,257,313,32766,2912,4.048680305480957
2026-04-07T12:12:26.478,radio://0/80/2M,flow,0,0,Reacquire Wall,8191,0,0,0,0.0,0,0,0.0,0.0,22647,1,-3,1.4740387996425852e-05,0.004016288556158543,-0.00431863684207201,0.0,0.0,245,257,313,32766,2912,4.048680305480957
2026-04-07T12:12:26.479,radio://0/80/2M,range,0,0,Reacquire Wall,8191,0,0,0,0.0,0,0,0.0,0.0,22647,1,-3,1.4740387996425852e-05,0.004016288556158543,-0.00431863684207201,0.0,0.0,246,256,314,379,2915,4.048680305480957
2026-04-07T12:12:26.726,radio://0/80/2M,mission,0,0,Reacquire Wall,8191,0,0,0,0.0,0,0,0.0,0.0,22647,1,-3,8.952109783422202e-05,0.004016288556158543,-0.00431863684207201,0.0,0.0,246,256,314,379,2915,4.048680305480957
2026-04-07T12:12:26.728,radio://0/80/2M,flow,0,0,Reacquire Wall,8191,0,0,0,0.0,0,0,0.0,0.0,22897,-8,-4,8.952109783422202e-05,-0.0009134445572271943,0.003126483177766204,0.0,0.0,246,256,314,379,2915,4.048680305480957
2026-04-07T12:12:26.730,radio://0/80/2M,range,0,0,Reacquire Wall,8191,0,0,0,0.0,0,0,0.0,0.0,22897,-8,-4,8.952109783422202e-05,-0.0009134445572271943,0.003126483177766204,0.0,0.0,247,259,312,371,2921,4.048680305480957
2026-04-07T12:12:26.975,radio://0/80/2M,mission,0,0,Reacquire Wall,8191,0,0,0,0.0,0,0,0.0,0.0,22897,-8,-4,6.835662497906014e-05,-0.0009134445572271943,0.003126483177766204,0.0,0.0,247,259,312,371,2921,4.048680305480957
2026-04-07T12:12:26.978,radio://0/80/2M,flow,0,0,Reacquire Wall,8191,0,0,0,0.0,0,0,0.0,0.0,23147,1,-1,6.835662497906014e-05,0.0031601691152900457,-0.002511362312361598,0.0,0.0,247,259,312,371,2921,4.048680305480957
2026-04-07T12:12:26.979,radio://0/80/2M,range,0,0,Reacquire Wall,8191,0,0,0,0.0,0,0,0.0,0.0,23147,1,-1,6.835662497906014e-05,0.0031601691152900457,-0.002511362312361598,0.0,0.0,245,252,312,375,2919,4.043401718139648
2026-04-07T12:12:27.226,radio://0/80/2M,mission,0,0,Reacquire Wall,8191,0,0,0,0.0,0,0,0.0,0.0,23147,1,-1,4.014160003862344e-05,0.0031601691152900457,-0.002511362312361598,0.0,0.0,245,252,312,375,2919,4.043401718139648
2026-04-07T12:12:27.227,radio://0/80/2M,flow,0,0,Reacquire Wall,8191,0,0,0,0.0,0,0,0.0,0.0,23397,-5,4,4.014160003862344e-05,-0.003977188840508461,-0.0004155645438004285,0.0,0.0,245,252,312,375,2919,4.043401718139648
2026-04-07T12:12:27.229,radio://0/80/2M,range,0,0,Reacquire Wall,8191,0,0,0,0.0,0,0,0.0,0.0,23397,-5,4,4.014160003862344e-05,-0.003977188840508461,-0.0004155645438004285,0.0,0.0,250,260,308,370,2921,4.048680305480957
2026-04-07T12:12:27.476,radio://0/80/2M,mission,0,0,Reacquire Wall,8191,0,0,0,0.0,0,0,0.0,0.0,23397,-5,4,-2.3757171220495366e-05,-0.003977188840508461,-0.0004155645438004285,0.0,0.0,250,260,308,370,2921,4.048680305480957
2026-04-07T12:12:27.477,radio://0/80/2M,flow,0,0,Reacquire Wall,8191,0,0,0,0.0,0,0,0.0,0.0,23647,3,8,-2.3757171220495366e-05,-0.005069470964372158,-0.0061215306632220745,0.0,0.0,250,260,308,370,2921,4.048680305480957
2026-04-07T12:12:27.478,radio://0/80/2M,range,0,0,Reacquire Wall,8191,0,0,0,0.0,0,0,0.0,0.0,23647,3,8,-2.3757171220495366e-05,-0.005069470964372158,-0.0061215306632220745,0.0,0.0,247,256,308,364,2923,4.048680305480957
2026-04-07T12:12:27.725,radio://0/80/2M,mission,0,0,Reacquire Wall,8191,0,0,0,0.0,0,0,0.0,0.0,23647,3,8,5.4674343118676916e-05,-0.005069470964372158,-0.0061215306632220745,0.0,0.0,247,256,308,364,2923,4.048680305480957
2026-04-07T12:12:27.727,radio://0/80/2M,flow,0,0,Reacquire Wall,8191,0,0,0,0.0,0,0,0.0,0.0,23897,-4,5,5.4674343118676916e-05,-0.0018158614402636886,0.0027792495675385,0.0,0.0,247,256,308,364,2923,4.048680305480957
2026-04-07T12:12:27.728,radio://0/80/2M,range,0,0,Reacquire Wall,8191,0,0,0,0.0,0,0,0.0,0.0,23897,-4,5,5.4674343118676916e-05,-0.0018158614402636886,0.0027792495675385,0.0,0.0,247,261,308,32766,2915,4.048680305480957
2026-04-07T12:12:27.976,radio://0/80/2M,mission,0,0,Reacquire Wall,8191,0,0,0,0.0,0,0,0.0,0.0,23897,-4,5,-5.804664033348672e-05,-0.0018158614402636886,0.0027792495675385,0.0,0.0,247,261,308,32766,2915,4.048680305480957
2026-04-07T12:12:27.978,radio://0/80/2M,flow,0,0,Reacquire Wall,8191,0,0,0,0.0,0,0,0.0,0.0,24147,2,3,-5.804664033348672e-05,-0.0029163563158363104,-0.005038849078118801,0.0,0.0,247,261,308,32766,2915,4.048680305480957
2026-04-07T12:12:27.979,radio://0/80/2M,range,0,0,Reacquire Wall,8191,0,0,0,0.0,0,0,0.0,0.0,24147,2,3,-5.804664033348672e-05,-0.0029163563158363104,-0.005038849078118801,0.0,0.0,244,257,312,32766,2910,4.048680305480957
2026-04-07T12:12:28.226,radio://0/80/2M,mission,0,0,Reacquire Wall,8191,0,0,0,0.0,0,0,0.0,0.0,24147,2,3,-4.48566279374063e-05,-0.0029163563158363104,-0.005038849078118801,0.0,0.0,244,257,312,32766,2910,4.048680305480957
2026-04-07T12:12:28.227,radio://0/80/2M,flow,0,0,Reacquire Wall,8191,0,0,0,0.0,0,0,0.0,0.0,24397,2,7,-4.48566279374063e-05,-0.004207588732242584,-0.004898973274976015,0.0,0.0,244,257,312,32766,2910,4.048680305480957
2026-04-07T12:12:28.228,radio://0/80/2M,range,0,0,Reacquire Wall,8191,0,0,0,0.0,0,0,0.0,0.0,24397,2,7,-4.48566279374063e-05,-0.004207588732242584,-0.004898973274976015,0.0,0.0,245,252,312,32766,2906,4.048680305480957
2026-04-07T12:12:28.476,radio://0/80/2M,mission,0,0,Reacquire Wall,8191,0,0,0,0.0,0,0,0.0,0.0,24397,2,7,3.775929144467227e-06,-0.004207588732242584,-0.004898973274976015,0.0,0.0,245,252,312,32766,2906,4.048680305480957
2026-04-07T12:12:28.478,radio://0/80/2M,flow,0,0,Reacquire Wall,8191,0,0,0,0.0,0,0,0.0,0.0,24647,3,1,3.775929144467227e-06,0.0024020879063755274,-0.0035757627338171005,0.0,0.0,245,252,312,32766,2906,4.048680305480957
2026-04-07T12:12:28.479,radio://0/80/2M,range,0,0,Reacquire Wall,8191,0,0,0,0.0,0,0,0.0,0.0,24647,3,1,3.775929144467227e-06,0.0024020879063755274,-0.0035757627338171005,0.0,0.0,247,258,315,32766,2911,4.043401718139648
2026-04-07T12:12:28.724,radio://0/80/2M,mission,0,0,Reacquire Wall,8191,0,0,0,0.0,0,0,0.0,0.0,24647,3,1,3.1831154046813026e-05,0.0024020879063755274,-0.0035757627338171005,0.0,0.0,247,258,315,32766,2911,4.043401718139648
2026-04-07T12:12:28.726,radio://0/80/2M,flow,0,0,Reacquire Wall,8191,0,0,0,0.0,0,0,0.0,0.0,24897,2,9,3.1831154046813026e-05,-0.006703999824821949,-0.003776449477300048,0.0,0.0,247,258,315,32766,2911,4.043401718139648
2026-04-07T12:12:28.728,radio://0/80/2M,range,0,0,Reacquire Wall,8191,0,0,0,0.0,0,0,0.0,0.0,24897,2,9,3.1831154046813026e-05,-0.006703999824821949,-0.003776449477300048,0.0,0.0,247,254,313,32766,2912,4.048680305480957
2026-04-07T12:12:28.975,radio://0/80/2M,mission,0,0,Reacquire Wall,8191,0,0,0,0.0,0,0,0.0,0.0,24897,2,9,1.5809948308742605e-05,-0.006703999824821949,-0.003776449477300048,0.0,0.0,247,254,313,32766,2912,4.048680305480957
2026-04-07T12:12:28.976,radio://0/80/2M,flow,0,0,Reacquire Wall,8191,0,0,0,0.0,0,0,0.0,0.0,25147,1,0,1.5809948308742605e-05,0.003300923155620694,-0.002211363520473242,0.0,0.0,247,254,313,32766,2912,4.048680305480957
2026-04-07T12:12:28.980,radio://0/80/2M,range,0,0,Reacquire Wall,8191,0,0,0,0.0,0,0,0.0,0.0,25147,1,0,1.5809948308742605e-05,0.003300923155620694,-0.002211363520473242,0.0,0.0,245,255,313,32766,2919,4.048680305480957
2026-04-07T12:12:29.224,radio://0/80/2M,mission,0,0,Reacquire Wall,8191,0,0,0,0.0,0,0,0.0,0.0,25147,1,0,9.352122106065508e-06,0.003300923155620694,-0.002211363520473242,0.0,0.0,245,255,313,32766,2919,4.048680305480957
2026-04-07T12:12:29.225,radio://0/80/2M,flow,0,0,Reacquire Wall,8191,0,0,0,0.0,0,0,0.0,0.0,25397,-5,2,9.352122106065508e-06,0.0009862928418442607,0.002330661052837968,0.0,0.0,245,255,313,32766,2919,4.048680305480957
2026-04-07T12:12:29.227,radio://0/80/2M,range,0,0,Reacquire Wall,8191,0,0,0,0.0,0,0,0.0,0.0,25397,-5,2,9.352122106065508e-06,0.0009862928418442607,0.002330661052837968,0.0,0.0,246,257,311,362,2912,4.048680305480957
2026-04-07T12:12:29.474,radio://0/80/2M,mission,0,0,Reacquire Wall,8191,0,0,0,0.0,0,0,0.0,0.0,25397,-5,2,-2.4189959731302224e-05,0.0009862928418442607,0.002330661052837968,0.0,0.0,246,257,311,362,2912,4.048680305480957
2026-04-07T12:12:29.476,radio://0/80/2M,flow,0,0,Reacquire Wall,8191,0,0,0,0.0,0,0,0.0,0.0,25647,0,5,-2.4189959731302224e-05,-0.0031164514366537333,-0.0018141879700124264,0.0,0.0,246,257,311,362,2912,4.048680305480957
2026-04-07T12:12:29.477,radio://0/80/2M,range,0,0,Reacquire Wall,8191,0,0,0,0.0,0,0,0.0,0.0,25647,0,5,-2.4189959731302224e-05,-0.0031164514366537333,-0.0018141879700124264,0.0,0.0,246,254,311,32766,2915,4.048680305480957
2026-04-07T12:12:29.724,radio://0/80/2M,mission,0,0,Reacquire Wall,8191,0,0,0,0.0,0,0,0.0,0.0,25647,0,5,-5.046209480497055e-05,-0.0031164514366537333,-0.0018141879700124264,0.0,0.0,246,254,311,32766,2915,4.048680305480957
2026-04-07T12:12:29.725,radio://0/80/2M,flow,0,0,Reacquire Wall,8191,0,0,0,0.0,0,0,0.0,0.0,25897,2,4,-5.046209480497055e-05,-0.0012666177935898304,-0.004286700394004583,0.0,0.0,246,254,311,32766,2915,4.048680305480957
2026-04-07T12:12:29.727,radio://0/80/2M,range,0,0,Reacquire Wall,8191,0,0,0,0.0,0,0,0.0,0.0,25897,2,4,-5.046209480497055e-05,-0.0012666177935898304,-0.004286700394004583,0.0,0.0,244,259,312,367,2923,4.048680305480957
2026-04-07T12:12:29.973,radio://0/80/2M,mission,0,0,Reacquire Wall,8191,0,0,0,0.0,0,0,0.0,0.0,25897,2,4,6.271255551837385e-05,-0.0012666177935898304,-0.004286700394004583,0.0,0.0,244,259,312,367,2923,4.048680305480957
2026-04-07T12:12:29.975,radio://0/80/2M,flow,0,0,Reacquire Wall,8191,0,0,0,0.0,0,0,0.0,0.0,26147,-1,-2,6.271255551837385e-05,0.004788126330822706,-0.0010812481632456183,0.0,0.0,244,259,312,367,2923,4.048680305480957
2026-04-07T12:12:29.977,radio://0/80/2M,range,0,0,Reacquire Wall,8191,0,0,0,0.0,0,0,0.0,0.0,26147,-1,-2,6.271255551837385e-05,0.004788126330822706,-0.0010812481632456183,0.0,0.0,245,262,310,361,2912,4.043401718139648
2026-04-07T12:12:30.224,radio://0/80/2M,mission,0,0,Reacquire Wall,8191,0,0,0,0.0,0,0,0.0,0.0,26147,-1,-2,0.00015761789109092206,0.004788126330822706,-0.0010812481632456183,0.0,0.0,245,262,310,361,2912,4.043401718139648
2026-04-07T12:12:30.226,radio://0/80/2M,flow,0,0,Reacquire Wall,8191,0,0,0,0.0,0,0,0.0,0.0,26397,0,0,0.00015761789109092206,-0.005787925329059362,-0.006755271460860968,0.0,0.0,245,262,310,361,2912,4.043401718139648
2026-04-07T12:12:30.227,radio://0/80/2M,range,0,0,Reacquire Wall,8191,0,0,0,0.0,0,0,0.0,0.0,26397,0,0,0.00015761789109092206,-0.005787925329059362,-0.006755271460860968,0.0,0.0,245,256,311,368,2924,4.048680305480957
2026-04-07T12:12:30.473,radio://0/80/2M,mission,0,0,Reacquire Wall,8191,0,0,0,0.0,0,0,0.0,0.0,26397,0,0,6.808433681726456e-05,-0.005787925329059362,-0.006755271460860968,0.0,0.0,245,256,311,368,2924,4.048680305480957
2026-04-07T12:12:30.475,radio://0/80/2M,flow,0,0,Reacquire Wall,8191,0,0,0,0.0,0,0,0.0,0.0,26647,-1,0,6.808433681726456e-05,0.0036175528075546026,-0.001075330888852477,0.0,0.0,245,256,311,368,2924,4.048680305480957
2026-04-07T12:12:30.477,radio://0/80/2M,range,0,0,Reacquire Wall,8191,0,0,0,0.0,0,0,0.0,0.0,26647,-1,0,6.808433681726456e-05,0.0036175528075546026,-0.001075330888852477,0.0,0.0,249,254,313,362,2903,4.048680305480957
2026-04-07T12:12:30.723,radio://0/80/2M,mission,0,0,Reacquire Wall,8191,0,0,0,0.0,0,0,0.0,0.0,26647,-1,0,9.870887151919305e-05,0.0036175528075546026,-0.001075330888852477,0.0,0.0,249,254,313,362,2903,4.048680305480957
2026-04-07T12:12:30.724,radio://0/80/2M,flow,0,0,Reacquire Wall,8191,0,0,0,0.0,0,0,0.0,0.0,26897,-2,4,9.870887151919305e-05,-0.0048209368251264095,-0.001794501324184239,0.0,0.0,249,254,313,362,2903,4.048680305480957
2026-04-07T12:12:30.726,radio://0/80/2M,range,0,0,Reacquire Wall,8191,0,0,0,0.0,0,0,0.0,0.0,26897,-2,4,9.870887151919305e-05,-0.0048209368251264095,-0.001794501324184239,0.0,0.0,250,256,313,32766,2928,4.043401718139648
2026-04-07T12:12:30.975,radio://0/80/2M,mission,0,0,Reacquire Wall,8191,0,0,0,0.0,0,0,0.0,0.0,26897,-2,4,8.312089448736515e-06,-0.0048209368251264095,-0.001794501324184239,0.0,0.0,250,256,313,32766,2928,4.043401718139648
2026-04-07T12:12:30.976,radio://0/80/2M,flow,0,0,Reacquire Wall,8191,0,0,0,0.0,0,0,0.0,0.0,27147,0,4,8.312089448736515e-06,-0.0017166435718536377,-0.0022163104731589556,0.0,0.0,250,256,313,32766,2928,4.043401718139648
2026-04-07T12:12:30.977,radio://0/80/2M,range,0,0,Reacquire Wall,8191,0,0,0,0.0,0,0,0.0,0.0,27147,0,4,8.312089448736515e-06,-0.0017166435718536377,-0.0022163104731589556,0.0,0.0,248,260,316,364,2924,4.048680305480957
2026-04-07T12:12:31.223,radio://0/80/2M,mission,0,0,Reacquire Wall,8191,0,0,0,0.0,0,0,0.0,0.0,27147,0,4,-0.00011001533130183816,-0.0017166435718536377,-0.0022163104731589556,0.0,0.0,248,260,316,364,2924,4.048680305480957
2026-04-07T12:12:31.224,radio://0/80/2M,flow,0,0,Reacquire Wall,8191,0,0,0,0.0,0,0,0.0,0.0,27397,-5,2,-0.00011001533130183816,0.0010456220479682088,0.004760888870805502,0.0,0.0,248,260,316,364,2924,4.048680305480957
2026-04-07T12:12:31.226,radio://0/80/2M,range,0,0,Reacquire Wall,8191,0,0,0,0.0,0,0,0.0,0.0,27397,-5,2,-0.00011001533130183816,0.0010456220479682088,0.004760888870805502,0.0,0.0,245,259,314,362,2914,4.048680305480957
2026-04-07T12:12:31.472,radio://0/80/2M,mission,0,0,Reacquire Wall,8191,0,0,0,0.0,0,0,0.0,0.0,27397,-5,2,-5.6657896493561566e-05,0.0010456220479682088,0.004760888870805502,0.0,0.0,245,259,314,362,2914,4.048680305480957
2026-04-07T12:12:31.473,radio://0/80/2M,flow,0,0,Reacquire Wall,8191,0,0,0,0.0,0,0,0.0,0.0,27647,2,4,-5.6657896493561566e-05,-0.0031426078639924526,-0.003731034230440855,0.0,0.0,245,259,314,362,2914,4.048680305480957
2026-04-07T12:12:31.475,radio://0/80/2M,range,0,0,Reacquire Wall,8191,0,0,0,0.0,0,0,0.0,0.0,27647,2,4,-5.6657896493561566e-05,-0.0031426078639924526,-0.003731034230440855,0.0,0.0,247,256,313,32766,2908,4.048680305480957
2026-04-07T12:12:31.722,radio://0/80/2M,mission,0,0,Reacquire Wall,8191,0,0,0,0.0,0,0,0.0,0.0,27647,2,4,-1.5451998478965834e-05,-0.0031426078639924526,-0.003731034230440855,0.0,0.0,247,256,313,32766,2908,4.048680305480957
2026-04-07T12:12:31.723,radio://0/80/2M,flow,0,0,Reacquire Wall,8191,0,0,0,0.0,0,0,0.0,0.0,27897,-4,0,-1.5451998478965834e-05,0.004313404206186533,0.0032062779646366835,0.0,0.0,247,256,313,32766,2908,4.048680305480957
2026-04-07T12:12:31.726,radio://0/80/2M,range,0,0,Reacquire Wall,8191,0,0,0,0.0,0,0,0.0,0.0,27897,-4,0,-1.5451998478965834e-05,0.004313404206186533,0.0032062779646366835,0.0,0.0,246,267,311,361,2912,4.048680305480957
2026-04-07T12:12:31.972,radio://0/80/2M,mission,0,0,Reacquire Wall,8191,0,0,0,0.0,0,0,0.0,0.0,27897,-4,0,1.5901978258625604e-05,0.004313404206186533,0.0032062779646366835,0.0,0.0,246,267,311,361,2912,4.048680305480957
2026-04-07T12:12:31.973,radio://0/80/2M,flow,0,0,Reacquire Wall,8191,0,0,0,0.0,0,0,0.0,0.0,28147,0,-4,1.5901978258625604e-05,0.002639773301780224,-0.0011067455634474754,0.0,0.0,246,267,311,361,2912,4.048680305480957
2026-04-07T12:12:31.975,radio://0/80/2M,range,0,0,Reacquire Wall,8191,0,0,0,0.0,0,0,0.0,0.0,28147,0,-4,1.5901978258625604e-05,0.002639773301780224,-0.0011067455634474754,0.0,0.0,248,262,310,32766,2928,4.048680305480957
2026-04-07T12:12:32.222,radio://0/80/2M,mission,0,0,Reacquire Wall,8191,0,0,0,0.0,0,0,0.0,0.0,28147,0,-4,0.00011359011841705069,0.002639773301780224,-0.0011067455634474754,0.0,0.0,248,262,310,32766,2928,4.048680305480957
2026-04-07T12:12:32.223,radio://0/80/2M,flow,0,0,Reacquire Wall,8191,0,0,0,0.0,0,0,0.0,0.0,28397,-1,6,0.00011359011841705069,-0.0032255982514470816,-0.0008838540525175631,0.0,0.0,248,262,310,32766,2928,4.048680305480957
2026-04-07T12:12:32.226,radio://0/80/2M,range,0,0,Reacquire Wall,8191,0,0,0,0.0,0,0,0.0,0.0,28397,-1,6,0.00011359011841705069,-0.0032255982514470816,-0.0008838540525175631,0.0,0.0,248,265,314,363,2918,4.043401718139648
2026-04-07T12:12:32.472,radio://0/80/2M,mission,0,0,Reacquire Wall,8191,0,0,0,0.0,0,0,0.0,0.0,28397,-1,6,-2.6376401365268975e-05,-0.0032255982514470816,-0.0008838540525175631,0.0,0.0,248,265,314,363,2918,4.043401718139648
2026-04-07T12:12:32.475,radio://0/80/2M,flow,0,0,Reacquire Wall,8191,0,0,0,0.0,0,0,0.0,0.0,28647,3,8,-2.6376401365268975e-05,-0.0039497786201536655,-0.005426397081464529,0.0,0.0,248,265,314,363,2918,4.043401718139648
2026-04-07T12:12:32.476,radio://0/80/2M,range,0,0,Reacquire Wall,8191,0,0,0,0.0,0,0,0.0,0.0,28647,3,8,-2.6376401365268975e-05,-0.0039497786201536655,-0.005426397081464529,0.0,0.0,245,270,308,32766,2922,4.048680305480957
2026-04-07T12:12:32.722,radio://0/80/2M,mission,0,0,Reacquire Wall,8191,0,0,0,0.0,0,0,0.0,0.0,28647,3,8,-5.631436124531319e-06,-0.0039497786201536655,-0.005426397081464529,0.0,0.0,245,270,308,32766,2922,4.048680305480957
2026-04-07T12:12:32.724,radio://0/80/2M,flow,0,0,Reacquire Wall,8191,0,0,0,0.0,0,0,0.0,0.0,28897,-4,0,-5.631436124531319e-06,-0.00029708558577112854,0.0007240695995278656,0.0,0.0,245,270,308,32766,2922,4.048680305480957
2026-04-07T12:12:32.725,radio://0/80/2M,range,0,0,Reacquire Wall,8191,0,0,0,0.0,0,0,0.0,0.0,28897,-4,0,-5.631436124531319e-06,-0.00029708558577112854,0.0007240695995278656,0.0,0.0,248,271,316,32766,2921,4.048680305480957
2026-04-07T12:12:32.971,radio://0/80/2M,mission,0,0,Reacquire Wall,8191,0,0,0,0.0,0,0,0.0,0.0,28897,-4,0,-1.9360759324626997e-05,-0.00029708558577112854,0.0007240695995278656,0.0,0.0,248,271,316,32766,2921,4.048680305480957
2026-04-07T12:12:32.973,radio://0/80/2M,flow,0,0,Reacquire Wall,8191,0,0,0,0.0,0,0,0.0,0.0,29147,0,4,-1.9360759324626997e-05,-0.0040565310046076775,9.862521983450279e-05,0.0,0.0,248,271,316,32766,2921,4.048680305480957
2026-04-07T12:12:32.975,radio://0/80/2M,range,0,0,Reacquire Wall,8191,0,0,0,0.0,0,0,0.0,0.0,29147,0,4,-1.9360759324626997e-05,-0.0040565310046076775,9.862521983450279e-05,0.0,0.0,247,268,308,32766,2924,4.048680305480957
2026-04-07T12:12:33.220,radio://0/80/2M,mission,0,0,Reacquire Wall,8191,0,0,0,0.0,0,0,0.0,0.0,29147,0,4,-8.044549758778885e-05,-0.0040565310046076775,9.862521983450279e-05,0.0,0.0,247,268,308,32766,2924,4.048680305480957
2026-04-07T12:12:33.223,radio://0/80/2M,flow,0,0,Reacquire Wall,8191,0,0,0,0.0,0,0,0.0,0.0,29397,-4,4,-8.044549758778885e-05,0.000673177361022681,0.005504952277988195,0.0,0.0,247,268,308,32766,2924,4.048680305480957
2026-04-07T12:12:33.224,radio://0/80/2M,range,0,0,Reacquire Wall,8191,0,0,0,0.0,0,0,0.0,0.0,29397,-4,4,-8.044549758778885e-05,0.000673177361022681,0.005504952277988195,0.0,0.0,246,263,313,368,2921,4.048680305480957
2026-04-07T12:12:33.471,radio://0/80/2M,mission,0,0,Reacquire Wall,8191,0,0,0,0.0,0,0,0.0,0.0,29397,-4,4,1.3919760704084183e-06,0.000673177361022681,0.005504952277988195,0.0,0.0,246,263,313,368,2921,4.048680305480957
2026-04-07T12:12:33.472,radio://0/80/2M,flow,0,0,Reacquire Wall,8191,0,0,0,0.0,0,0,0.0,0.0,29647,1,-3,1.3919760704084183e-06,0.005351877771317959,-0.0020859665237367153,0.0,0.0,246,263,313,368,2921,4.048680305480957
2026-04-07T12:12:33.474,radio://0/80/2M,range,0,0,Reacquire Wall,8191,0,0,0,0.0,0,0,0.0,0.0,29647,1,-3,1.3919760704084183e-06,0.005351877771317959,-0.0020859665237367153,0.0,0.0,249,268,314,361,2915,4.048680305480957
2026-04-07T12:12:33.721,radio://0/80/2M,mission,0,0,Reacquire Wall,8191,0,0,0,0.0,0,0,0.0,0.0,29647,1,-3,8.216092828661203e-05,0.005351877771317959,-0.0020859665237367153,0.0,0.0,249,268,314,361,2915,4.048680305480957
2026-04-07T12:12:33.722,radio://0/80/2M,flow,0,0,Reacquire Wall,8191,0,0,0,0.0,0,0,0.0,0.0,29897,3,6,8.216092828661203e-05,-0.0010361309396103024,-0.002447964157909155,0.0,0.0,249,268,314,361,2915,4.048680305480957
2026-04-07T12:12:33.724,radio://0/80/2M,range,0,0,Reacquire Wall,8191,0,0,0,0.0,0,0,0.0,0.0,29897,3,6,8.216092828661203e-05,-0.0010361309396103024,-0.002447964157909155,0.0,0.0,245,271,318,32766,2910,4.048680305480957
2026-04-07T12:12:33.970,radio://0/80/2M,mission,0,0,Reacquire Wall,8191,0,0,0,0.0,0,0,0.0,0.0,29897,3,6,3.392347935005091e-06,-0.0010361309396103024,-0.002447964157909155,0.0,0.0,245,271,318,32766,2910,4.048680305480957
2026-04-07T12:12:33.973,radio://0/80/2M,flow,0,0,Reacquire Wall,8191,0,0,0,0.0,0,0,0.0,0.0,30147,-1,-3,3.392347935005091e-06,0.004670343827456236,-0.0001827968080760911,0.0,0.0,245,271,318,32766,2910,4.048680305480957
2026-04-07T12:12:33.974,radio://0/80/2M,range,0,0,Reacquire Wall,8191,0,0,0,0.0,0,0,0.0,0.0,30147,-1,-3,3.392347935005091e-06,0.004670343827456236,-0.0001827968080760911,0.0,0.0,247,267,315,32766,2918,4.043401718139648
2026-04-07T12:12:34.220,radio://0/80/2M,mission,0,0,Reacquire Wall,8191,0,0,0,0.0,0,0,0.0,0.0,30147,-1,-3,0.00010107499110745266,0.004670343827456236,-0.0001827968080760911,0.0,0.0,247,267,315,32766,2918,4.043401718139648
2026-04-07T12:12:34.221,radio://0/80/2M,flow,0,0,Reacquire Wall,8191,0,0,0,0.0,0,0,0.0,0.0,30397,-5,2,0.00010107499110745266,0.0022081078495830297,0.004706434905529022,0.0,0.0,247,267,315,32766,2918,4.043401718139648
2026-04-07T12:12:34.224,radio://0/80/2M,range,0,0,Reacquire Wall,8191,0,0,0,0.0,0,0,0.0,0.0,30397,-5,2,0.00010107499110745266,0.0022081078495830297,0.004706434905529022,0.0,0.0,246,268,314,32766,2920,4.048680305480957
2026-04-07T12:12:34.470,radio://0/80/2M,mission,0,0,Reacquire Wall,8191,0,0,0,0.0,0,0,0.0,0.0,30397,-5,2,1.4501052646664903e-05,0.0022081078495830297,0.004706434905529022,0.0,0.0,246,268,314,32766,2920,4.048680305480957
2026-04-07T12:12:34.471,radio://0/80/2M,flow,0,0,Reacquire Wall,8191,0,0,0,0.0,0,0,0.0,0.0,30647,3,3,1.4501052646664903e-05,-0.0036429939791560173,-0.003227141685783863,0.0,0.0,246,268,314,32766,2920,4.048680305480957
2026-04-07T12:12:34.473,radio://0/80/2M,range,0,0,Reacquire Wall,8191,0,0,0,0.0,0,0,0.0,0.0,30647,3,3,1.4501052646664903e-05,-0.0036429939791560173,-0.003227141685783863,0.0,0.0,246,268,310,32766,2918,4.043401718139648
2026-04-07T12:12:34.721,radio://0/80/2M,mission,0,0,Reacquire Wall,8191,0,0,0,0.0,0,0,0.0,0.0,30647,3,3,3.7836571209481917e-06,-0.0036429939791560173,-0.003227141685783863,0.0,0.0,246,268,310,32766,2918,4.043401718139648
2026-04-07T12:12:34.723,radio://0/80/2M,flow,0,0,Reacquire Wall,8191,0,0,0,0.0,0,0,0.0,0.0,30897,4,8,3.7836571209481917e-06,-0.002846089657396078,-0.003975085448473692,0.0,0.0,246,268,310,32766,2918,4.043401718139648
2026-04-07T12:12:34.724,radio://0/80/2M,range,0,0,Reacquire Wall,8191,0,0,0,0.0,0,0,0.0,0.0,30897,4,8,3.7836571209481917e-06,-0.002846089657396078,-0.003975085448473692,0.0,0.0,247,270,309,32766,2917,4.048680305480957
2026-04-07T12:12:34.969,radio://0/80/2M,mission,0,0,Reacquire Wall,8191,0,0,0,0.0,0,0,0.0,0.0,30897,4,8,6.035137630533427e-05,-0.002846089657396078,-0.003975085448473692,0.0,0.0,247,270,309,32766,2917,4.048680305480957
2026-04-07T12:12:34.971,radio://0/80/2M,flow,0,0,Reacquire Wall,8191,0,0,0,0.0,0,0,0.0,0.0,31147,-3,2,6.035137630533427e-05,-0.003964154049754143,-0.00174628512468189,0.0,0.0,247,270,309,32766,2917,4.048680305480957
2026-04-07T12:12:34.973,radio://0/80/2M,range,0,0,Reacquire Wall,8191,0,0,0,0.0,0,0,0.0,0.0,31147,-3,2,6.035137630533427e-05,-0.003964154049754143,-0.00174628512468189,0.0,0.0,245,271,312,368,2919,4.043401718139648
2026-04-07T12:12:35.219,radio://0/80/2M,mission,0,0,Reacquire Wall,8191,0,0,0,0.0,0,0,0.0,0.0,31147,-3,2,-3.9761540392646566e-05,-0.003964154049754143,-0.00174628512468189,0.0,0.0,245,271,312,368,2919,4.043401718139648
2026-04-07T12:12:35.220,radio://0/80/2M,flow,0,0,Reacquire Wall,8191,0,0,0,0.0,0,0,0.0,0.0,31397,0,4,-3.9761540392646566e-05,-0.002594033954665065,-0.004080669488757849,0.0,0.0,245,271,312,368,2919,4.043401718139648
2026-04-07T12:12:35.222,radio://0/80/2M,range,0,0,Reacquire Wall,8191,0,0,0,0.0,0,0,0.0,0.0,31397,0,4,-3.9761540392646566e-05,-0.002594033954665065,-0.004080669488757849,0.0,0.0,246,267,308,366,2909,4.048680305480957
2026-04-07T12:12:35.469,radio://0/80/2M,mission,0,0,Reacquire Wall,8191,0,0,0,0.0,0,0,0.0,0.0,31397,0,4,-2.308221155544743e-06,-0.002594033954665065,-0.004080669488757849,0.0,0.0,246,267,308,366,2909,4.048680305480957
2026-04-07T12:12:35.471,radio://0/80/2M,flow,0,0,Reacquire Wall,8191,0,0,0,0.0,0,0,0.0,0.0,31647,-2,-4,-2.308221155544743e-06,0.003923978190869093,-0.0015634809387847781,0.0,0.0,246,267,308,366,2909,4.048680305480957
2026-04-07T12:12:35.472,radio://0/80/2M,range,0,0,Reacquire Wall,8191,0,0,0,0.0,0,0,0.0,0.0,31647,-2,-4,-2.308221155544743e-06,0.003923978190869093,-0.0015634809387847781,0.0,0.0,248,267,311,370,2919,4.043401718139648
2026-04-07T12:12:35.719,radio://0/80/2M,mission,0,0,Reacquire Wall,8191,0,0,0,0.0,0,0,0.0,0.0,31647,-2,-4,4.909707058686763e-05,0.003923978190869093,-0.0015634809387847781,0.0,0.0,248,267,311,370,2919,4.043401718139648
2026-04-07T12:12:35.720,radio://0/80/2M,flow,0,0,Reacquire Wall,8191,0,0,0,0.0,0,0,0.0,0.0,31897,-2,4,4.909707058686763e-05,0.00046828846097923815,0.0007329537183977664,0.0,0.0,248,267,311,370,2919,4.043401718139648
2026-04-07T12:12:35.722,radio://0/80/2M,range,0,0,Reacquire Wall,8191,0,0,0,0.0,0,0,0.0,0.0,31897,-2,4,4.909707058686763e-05,0.00046828846097923815,0.0007329537183977664,0.0,0.0,246,267,312,32766,2922,4.043401718139648
2026-04-07T12:12:35.969,radio://0/80/2M,mission,0,0,Reacquire Wall,8191,0,0,0,0.0,0,0,0.0,0.0,31897,-2,4,-2.3081336621544324e-05,0.00046828846097923815,0.0007329537183977664,0.0,0.0,246,267,312,32766,2922,4.043401718139648
2026-04-07T12:12:35.970,radio://0/80/2M,flow,0,0,Reacquire Wall,8191,0,0,0,0.0,0,0,0.0,0.0,32147,1,0,-2.3081336621544324e-05,0.005670921411365271,-0.0006110196700319648,0.0,0.0,246,267,312,32766,2922,4.043401718139648
2026-04-07T12:12:35.972,radio://0/80/2M,range,0,0,Reacquire Wall,8191,0,0,0,0.0,0,0,0.0,0.0,32147,1,0,-2.3081336621544324e-05,0.005670921411365271,-0.0006110196700319648,0.0,0.0,248,273,314,371,2918,4.043401718139648
2026-04-07T12:12:36.219,radio://0/80/2M,mission,0,0,Reacquire Wall,8191,0,0,0,0.0,0,0,0.0,0.0,32147,1,0,-3.927330908481963e-06,0.005670921411365271,-0.0006110196700319648,0.0,0.0,248,273,314,371,2918,4.043401718139648
2026-04-07T12:12:36.221,radio://0/80/2M,flow,0,0,Reacquire Wall,8191,0,0,0,0.0,0,0,0.0,0.0,32397,1,6,-3.927330908481963e-06,-0.001873826957307756,-0.0024493616074323654,0.0,0.0,248,273,314,371,2918,4.043401718139648
2026-04-07T12:12:36.222,radio://0/80/2M,range,0,0,Reacquire Wall,8191,0,0,0,0.0,0,0,0.0,0.0,32397,1,6,-3.927330908481963e-06,-0.001873826957307756,-0.0024493616074323654,0.0,0.0,243,270,313,360,2916,4.048680305480957
2026-04-07T12:12:36.469,radio://0/80/2M,mission,0,0,Reacquire Wall,8191,0,0,0,0.0,0,0,0.0,0.0,32397,1,6,4.0271432226290926e-05,-0.001873826957307756,-0.0024493616074323654,0.0,0.0,243,270,313,360,2916,4.048680305480957
2026-04-07T12:12:36.470,radio://0/80/2M,flow,0,0,Reacquire Wall,8191,0,0,0,0.0,0,0,0.0,0.0,32647,0,0,4.0271432226290926e-05,-0.0008512737695127726,-0.0043230317533016205,0.0,0.0,243,270,313,360,2916,4.048680305480957
2026-04-07T12:12:36.471,radio://0/80/2M,range,0,0,Reacquire Wall,8191,0,0,0,0.0,0,0,0.0,0.0,32647,0,0,4.0271432226290926e-05,-0.0008512737695127726,-0.0043230317533016205,0.0,0.0,246,267,313,32766,2916,4.043401718139648
2026-04-07T12:12:36.719,radio://0/80/2M,mission,1,0,Reacquire Wall,8191,0,0,0,0.0,0,0,0.0,0.0,32647,0,0,0.0006786681478843093,-0.0008512737695127726,-0.0043230317533016205,0.0,0.0,246,267,313,32766,2916,4.043401718139648
2026-04-07T12:12:36.720,radio://0/80/2M,flow,1,0,Reacquire Wall,8191,0,0,0,0.0,0,0,0.0,0.0,32897,4,-6,0.0006786681478843093,-0.0042353430762887,0.02849433571100235,-0.077419213950634,0.05730240419507027,246,267,313,32766,2916,4.043401718139648
2026-04-07T12:12:36.722,radio://0/80/2M,range,1,0,Reacquire Wall,8191,0,0,0,0.0,0,0,0.0,0.0,32897,4,-6,0.0006786681478843093,-0.0042353430762887,0.02849433571100235,-0.077419213950634,0.05730240419507027,246,265,314,32766,2925,3.2357771396636963
2026-04-07T12:12:36.968,radio://0/80/2M,mission,1,0,Reacquire Wall,8191,0,0,0,0.0,0,0,0.0,0.0,32897,4,-6,0.15581829845905304,-0.0042353430762887,0.02849433571100235,-0.077419213950634,0.05730240419507027,246,265,314,32766,2925,3.2357771396636963
2026-04-07T12:12:36.969,radio://0/80/2M,flow,1,0,Reacquire Wall,4410,0,0,0,0.0,0,0,0.0,0.0,33147,6,-5,0.15581829845905304,-0.1577214151620865,0.09735014289617538,0.0,0.0,246,265,314,32766,2925,3.2357771396636963
2026-04-07T12:12:36.971,radio://0/80/2M,range,1,0,Reacquire Wall,4410,0,0,0,0.0,0,0,0.0,0.0,33147,6,-5,0.15581829845905304,-0.1577214151620865,0.09735014289617538,0.0,0.0,2681,32766,32766,32766,2874,3.267448663711548
2026-04-07T12:12:37.217,radio://0/80/2M,mission,1,0,Reacquire Wall,4410,0,0,0,0.0,0,0,0.0,0.0,33147,6,-5,0.42665642499923706,-0.1577214151620865,0.09735014289617538,0.0,0.0,2681,32766,32766,32766,2874,3.267448663711548
2026-04-07T12:12:37.220,radio://0/80/2M,flow,1,0,Reacquire Wall,4977,0,0,0,0.0,0,0,0.0,0.0,33397,2,0,0.42665642499923706,0.02881874144077301,-0.07399805635213852,0.0,0.0,2681,32766,32766,32766,2874,3.267448663711548
2026-04-07T12:12:37.221,radio://0/80/2M,range,1,0,Reacquire Wall,4977,0,0,0,0.0,0,0,0.0,0.0,33397,2,0,0.42665642499923706,0.02881874144077301,-0.07399805635213852,0.0,0.0,32766,32766,32766,32766,2578,3.2727272510528564
2026-04-07T12:12:37.467,radio://0/80/2M,mission,1,0,Reacquire Wall,4977,0,0,0,0.0,0,0,0.0,0.0,33397,2,0,0.6936839818954468,0.02881874144077301,-0.07399805635213852,0.0,0.0,32766,32766,32766,32766,2578,3.2727272510528564
2026-04-07T12:12:37.469,radio://0/80/2M,flow,1,0,Reacquire Wall,3606,0,0,0,0.0,0,0,0.0,0.0,33647,0,0,0.6936839818954468,0.056534670293331146,-0.038926057517528534,0.0,0.0,32766,32766,32766,32766,2578,3.2727272510528564
2026-04-07T12:12:37.471,radio://0/80/2M,range,1,0,Reacquire Wall,3606,0,0,0,0.0,0,0,0.0,0.0,33647,0,0,0.6936839818954468,0.056534670293331146,-0.038926057517528534,0.0,0.0,32766,32766,32766,32766,2334,3.383577823638916
2026-04-07T12:12:37.718,radio://0/80/2M,mission,1,0,Reacquire Wall,3606,0,0,0,0.0,0,0,0.0,0.0,33647,0,0,0.8574173450469971,0.056534670293331146,-0.038926057517528534,0.0,0.0,32766,32766,32766,32766,2334,3.383577823638916
2026-04-07T12:12:37.719,radio://0/80/2M,flow,1,0,Reacquire Wall,3606,0,0,0,0.0,0,0,0.0,0.0,33897,0,1,0.8574173450469971,0.12207860499620438,-0.012102791108191013,0.20000000298023224,0.0,32766,32766,32766,32766,2334,3.383577823638916
2026-04-07T12:12:37.720,radio://0/80/2M,range,1,0,Reacquire Wall,3606,0,0,0,0.0,0,0,0.0,0.0,33897,0,1,0.8574173450469971,0.12207860499620438,-0.012102791108191013,0.20000000298023224,0.0,2989,3154,32766,32766,2091,3.3096773624420166
2026-04-07T12:12:37.967,radio://0/80/2M,mission,1,0,Reacquire Wall,3606,0,0,0,0.0,0,0,0.0,0.0,33897,0,1,0.911594033241272,0.12207860499620438,-0.012102791108191013,0.20000000298023224,0.0,2989,3154,32766,32766,2091,3.3096773624420166
2026-04-07T12:12:37.968,radio://0/80/2M,flow,1,0,Reacquire Wall,3381,0,0,0,0.0,0,0,0.0,0.0,34147,0,1,0.911594033241272,0.19683779776096344,0.00028799319989047945,0.20000000298023224,0.0,2989,3154,32766,32766,2091,3.3096773624420166
2026-04-07T12:12:37.970,radio://0/80/2M,range,1,0,Reacquire Wall,3381,0,0,0,0.0,0,0,0.0,0.0,34147,0,1,0.911594033241272,0.19683779776096344,0.00028799319989047945,0.20000000298023224,0.0,2954,32766,32766,32766,2030,3.2304985523223877
2026-04-07T12:12:38.217,radio://0/80/2M,mission,1,0,Reacquire Wall,3381,0,0,0,0.0,0,0,0.0,0.0,34147,0,1,0.9130822420120239,0.19683779776096344,0.00028799319989047945,0.20000000298023224,0.0,2954,32766,32766,32766,2030,3.2304985523223877
2026-04-07T12:12:38.218,radio://0/80/2M,flow,1,0,Reacquire Wall,3170,0,0,0,0.0,0,0,0.0,0.0,34397,1,-1,0.9130822420120239,0.22063100337982178,0.013412262313067913,0.20000000298023224,0.0,2954,32766,32766,32766,2030,3.2304985523223877
2026-04-07T12:12:38.220,radio://0/80/2M,range,1,0,Reacquire Wall,3170,0,0,0,0.0,0,0,0.0,0.0,34397,1,-1,0.9130822420120239,0.22063100337982178,0.013412262313067913,0.20000000298023224,0.0,2601,32766,32766,32766,2013,3.2093842029571533
2026-04-07T12:12:38.467,radio://0/80/2M,mission,1,0,Reacquire Wall,3170,0,0,0,0.0,0,0,0.0,0.0,34397,1,-1,0.9165143966674805,0.22063100337982178,0.013412262313067913,0.20000000298023224,0.0,2601,32766,32766,32766,2013,3.2093842029571533
2026-04-07T12:12:38.471,radio://0/80/2M,flow,1,0,Reacquire Wall,2972,0,0,0,0.0,0,0,0.0,0.0,34647,0,1,0.9165143966674805,0.21294836699962616,0.015057243406772614,0.20000000298023224,0.0,2601,32766,32766,32766,2013,3.2093842029571533
2026-04-07T12:12:38.473,radio://0/80/2M,range,1,0,Reacquire Wall,2972,0,0,0,0.0,0,0,0.0,0.0,34647,0,1,0.9165143966674805,0.21294836699962616,0.015057243406772614,0.20000000298023224,0.0,32766,32766,32766,32766,2014,3.278005838394165
2026-04-07T12:12:38.716,radio://0/80/2M,mission,1,0,Reacquire Wall,2972,0,0,0,0.0,0,0,0.0,0.0,34647,0,1,0.9200625419616699,0.21294836699962616,0.015057243406772614,0.20000000298023224,0.0,32766,32766,32766,32766,2014,3.278005838394165
2026-04-07T12:12:38.719,radio://0/80/2M,flow,1,0,Reacquire Wall,2972,0,0,0,0.0,0,0,0.0,0.0,34897,0,0,0.9200625419616699,0.20984521508216858,0.009040724486112595,0.20000000298023224,0.0,32766,32766,32766,32766,2014,3.278005838394165
2026-04-07T12:12:38.720,radio://0/80/2M,range,1,0,Reacquire Wall,2972,0,0,0,0.0,0,0,0.0,0.0,34897,0,0,0.9200625419616699,0.20984521508216858,0.009040724486112595,0.20000000298023224,0.0,32766,32766,32766,32766,2004,3.2463343143463135
2026-04-07T12:12:38.966,radio://0/80/2M,mission,1,0,Reacquire Wall,2972,0,0,0,0.0,0,0,0.0,0.0,34897,0,0,0.9139671325683594,0.20984521508216858,0.009040724486112595,0.20000000298023224,0.0,32766,32766,32766,32766,2004,3.2463343143463135
2026-04-07T12:12:38.968,radio://0/80/2M,flow,1,0,Reacquire Wall,2787,0,0,0,0.0,0,0,0.0,0.0,35147,2,0,0.9139671325683594,0.19890610873699188,-0.013892722316086292,0.20000000298023224,0.0,32766,32766,32766,32766,2004,3.2463343143463135
2026-04-07T12:12:38.970,radio://0/80/2M,range,1,0,Reacquire Wall,2787,0,0,0,0.0,0,0,0.0,0.0,35147,2,0,0.9139671325683594,0.19890610873699188,-0.013892722316086292,0.20000000298023224,0.0,32766,32766,32766,32766,2004,3.2832844257354736
2026-04-07T12:12:39.216,radio://0/80/2M,mission,1,0,Reacquire Wall,2787,0,0,0,0.0,0,0,0.0,0.0,35147,2,0,0.9077381491661072,0.19890610873699188,-0.013892722316086292,0.20000000298023224,0.0,32766,32766,32766,32766,2004,3.2832844257354736
2026-04-07T12:12:39.218,radio://0/80/2M,flow,1,0,Reacquire Wall,2787,0,0,0,0.0,0,0,0.0,0.0,35397,3,0,0.9077381491661072,0.24711520969867706,-0.00993525329977274,0.20000000298023224,0.0,32766,32766,32766,32766,2004,3.2832844257354736
2026-04-07T12:12:39.220,radio://0/80/2M,range,1,0,Reacquire Wall,2787,0,0,0,0.0,0,0,0.0,0.0,35397,3,0,0.9077381491661072,0.24711520969867706,-0.00993525329977274,0.20000000298023224,0.0,2222,32766,32766,32766,2017,3.251612901687622
2026-04-07T12:12:39.466,radio://0/80/2M,mission,1,0,Reacquire Wall,2787,0,0,0,0.0,0,0,0.0,0.0,35397,3,0,0.8994962573051453,0.24711520969867706,-0.00993525329977274,0.20000000298023224,0.0,2222,32766,32766,32766,2017,3.251612901687622
2026-04-07T12:12:39.467,radio://0/80/2M,flow,1,0,Reacquire Wall,2787,0,0,0,0.0,0,0,0.0,0.0,35647,4,-2,0.8994962573051453,0.22099651396274567,-0.006598506588488817,0.20000000298023224,0.0,2222,32766,32766,32766,2017,3.251612901687622
2026-04-07T12:12:39.469,radio://0/80/2M,range,1,0,Reacquire Wall,2787,0,0,0,0.0,0,0,0.0,0.0,35647,4,-2,0.8994962573051453,0.22099651396274567,-0.006598506588488817,0.20000000298023224,0.0,32766,32766,32766,32766,2030,3.2832844257354736
2026-04-07T12:12:39.717,radio://0/80/2M,mission,1,0,Reacquire Wall,2787,0,0,0,0.0,0,0,0.0,0.0,35647,4,-2,0.8897628784179688,0.22099651396274567,-0.006598506588488817,0.20000000298023224,0.0,32766,32766,32766,32766,2030,3.2832844257354736
2026-04-07T12:12:39.718,radio://0/80/2M,flow,1,0,Reacquire Wall,2787,0,0,0,0.0,0,0,0.0,0.0,35897,0,-4,0.8897628784179688,0.24680981040000916,-0.01757989265024662,0.20000000298023224,0.0,32766,32766,32766,32766,2030,3.2832844257354736
2026-04-07T12:12:39.720,radio://0/80/2M,range,1,0,Reacquire Wall,2787,0,0,0,0.0,0,0,0.0,0.0,35897,0,-4,0.8897628784179688,0.24680981040000916,-0.01757989265024662,0.20000000298023224,0.0,2395,32766,32766,32766,2033,3.2885630130767822
2026-04-07T12:12:39.965,radio://0/80/2M,mission,1,0,Reacquire Wall,2787,0,0,0,0.0,0,0,0.0,0.0,35897,0,-4,0.8815453052520752,0.24680981040000916,-0.01757989265024662,0.20000000298023224,0.0,2395,32766,32766,32766,2033,3.2885630130767822
2026-04-07T12:12:39.968,radio://0/80/2M,flow,1,0,Reacquire Wall,2787,0,0,0,0.0,0,0,0.0,0.0,36147,0,-8,0.8815453052520752,0.21869048476219177,0.027835944667458534,0.20000000298023224,0.0,2395,32766,32766,32766,2033,3.2885630130767822
2026-04-07T12:12:39.969,radio://0/80/2M,range,1,0,Reacquire Wall,2787,0,0,0,0.0,0,0,0.0,0.0,36147,0,-8,0.8815453052520752,0.21869048476219177,0.027835944667458534,0.20000000298023224,0.0,32766,32766,32766,32766,2046,3.2357771396636963
2026-04-07T12:12:40.216,radio://0/80/2M,mission,1,0,Reacquire Wall,2787,0,0,0,0.0,0,0,0.0,0.0,36147,0,-8,0.8695935010910034,0.21869048476219177,0.027835944667458534,0.20000000298023224,0.0,32766,32766,32766,32766,2046,3.2357771396636963
2026-04-07T12:12:40.217,radio://0/80/2M,flow,1,0,Reacquire Wall,2787,0,0,0,0.0,0,0,0.0,0.0,36397,0,0,0.8695935010910034,0.18719537556171417,0.04368449002504349,0.20000000298023224,0.0,32766,32766,32766,32766,2046,3.2357771396636963
2026-04-07T12:12:40.218,radio://0/80/2M,range,1,0,Reacquire Wall,2787,0,0,0,0.0,0,0,0.0,0.0,36397,0,0,0.8695935010910034,0.18719537556171417,0.04368449002504349,0.20000000298023224,0.0,32766,1743,32766,32766,2052,3.2199413776397705
2026-04-07T12:12:40.466,radio://0/80/2M,mission,1,0,Reacquire Wall,2787,0,0,0,0.0,0,0,0.0,0.0,36397,0,0,0.8646526336669922,0.18719537556171417,0.04368449002504349,0.20000000298023224,0.0,32766,1743,32766,32766,2052,3.2199413776397705
2026-04-07T12:12:40.467,radio://0/80/2M,flow,1,0,Reacquire Wall,2787,0,0,0,0.0,0,0,0.0,0.0,36647,-1,1,0.8646526336669922,0.1699741780757904,-0.004281104542315006,0.20000000298023224,0.0,32766,1743,32766,32766,2052,3.2199413776397705
2026-04-07T12:12:40.468,radio://0/80/2M,range,1,0,Reacquire Wall,2787,0,0,0,0.0,0,0,0.0,0.0,36647,-1,1,0.8646526336669922,0.1699741780757904,-0.004281104542315006,0.20000000298023224,0.0,2470,32766,32766,32766,2057,3.251612901687622
2026-04-07T12:12:40.715,radio://0/80/2M,mission,1,0,Reacquire Wall,2787,0,0,0,0.0,0,0,0.0,0.0,36647,-1,1,0.8670842051506042,0.1699741780757904,-0.004281104542315006,0.20000000298023224,0.0,2470,32766,32766,32766,2057,3.251612901687622
2026-04-07T12:12:40.716,radio://0/80/2M,flow,1,0,Reacquire Wall,2787,0,0,0,0.0,0,0,0.0,0.0,36897,3,0,0.8670842051506042,0.23103168606758118,-0.023172589018940926,0.20000000298023224,0.0,2470,32766,32766,32766,2057,3.251612901687622
2026-04-07T12:12:40.718,radio://0/80/2M,range,1,0,Reacquire Wall,2787,0,0,0,0.0,0,0,0.0,0.0,36897,3,0,0.8670842051506042,0.23103168606758118,-0.023172589018940926,0.20000000298023224,0.0,2361,3048,32766,32766,2057,3.2621700763702393
2026-04-07T12:12:40.965,radio://0/80/2M,mission,1,0,Reacquire Wall,2787,0,0,0,0.0,0,0,0.0,0.0,36897,3,0,0.8604690432548523,0.23103168606758118,-0.023172589018940926,0.20000000298023224,0.0,2361,3048,32766,32766,2057,3.2621700763702393
2026-04-07T12:12:40.967,radio://0/80/2M,flow,1,0,Reacquire Wall,2787,0,0,0,0.0,0,0,0.0,0.0,37147,0,0,0.8604690432548523,0.21176035702228546,0.013540258631110191,0.20000000298023224,0.0,2361,3048,32766,32766,2057,3.2621700763702393
2026-04-07T12:12:40.968,radio://0/80/2M,range,1,0,Reacquire Wall,2787,0,0,0,0.0,0,0,0.0,0.0,37147,0,0,0.8604690432548523,0.21176035702228546,0.013540258631110191,0.20000000298023224,0.0,2277,32766,32766,32766,2063,3.2463343143463135
2026-04-07T12:12:41.215,radio://0/80/2M,mission,1,0,Reacquire Wall,2787,0,0,0,0.0,0,0,0.0,0.0,37147,0,0,0.8509571552276611,0.21176035702228546,0.013540258631110191,0.20000000298023224,0.0,2277,32766,32766,32766,2063,3.2463343143463135
2026-04-07T12:12:41.217,radio://0/80/2M,flow,1,0,Reacquire Wall,2787,0,0,0,0.0,0,0,0.0,0.0,37397,0,0,0.8509571552276611,0.19218172132968903,0.01868870109319687,0.20000000298023224,0.0,2277,32766,32766,32766,2063,3.2463343143463135
2026-04-07T12:12:41.218,radio://0/80/2M,range,1,0,Reacquire Wall,2787,0,0,0,0.0,0,0,0.0,0.0,37397,0,0,0.8509571552276611,0.19218172132968903,0.01868870109319687,0.20000000298023224,0.0,32766,32766,32766,32766,2071,3.251612901687622
2026-04-07T12:12:41.464,radio://0/80/2M,mission,1,0,Reacquire Wall,2787,0,0,0,0.0,0,0,0.0,0.0,37397,0,0,0.8491930961608887,0.19218172132968903,0.01868870109319687,0.20000000298023224,0.0,32766,32766,32766,32766,2071,3.251612901687622
2026-04-07T12:12:41.466,radio://0/80/2M,flow,1,0,Reacquire Wall,2787,0,0,0,0.0,0,0,0.0,0.0,37647,-4,-4,0.8491930961608887,0.19593040645122528,0.006983127910643816,0.20000000298023224,0.0,32766,32766,32766,32766,2071,3.251612901687622
2026-04-07T12:12:41.467,radio://0/80/2M,range,1,0,Reacquire Wall,2787,0,0,0,0.0,0,0,0.0,0.0,37647,-4,-4,0.8491930961608887,0.19593040645122528,0.006983127910643816,0.20000000298023224,0.0,2284,3162,32766,32766,2071,3.251612901687622
2026-04-07T12:12:41.714,radio://0/80/2M,mission,1,0,Reacquire Wall,2787,0,0,0,0.0,0,0,0.0,0.0,37647,-4,-4,0.845278799533844,0.19593040645122528,0.006983127910643816,0.20000000298023224,0.0,2284,3162,32766,32766,2071,3.251612901687622
2026-04-07T12:12:41.716,radio://0/80/2M,flow,1,0,Reacquire Wall,2787,0,0,0,0.0,0,0,0.0,0.0,37897,0,0,0.845278799533844,0.21858470141887665,-0.005072043742984533,0.20000000298023224,0.0,2284,3162,32766,32766,2071,3.251612901687622
2026-04-07T12:12:41.718,radio://0/80/2M,range,1,0,Reacquire Wall,2787,0,0,0,0.0,0,0,0.0,0.0,37897,0,0,0.845278799533844,0.21858470141887665,-0.005072043742984533,0.20000000298023224,0.0,2345,32766,32766,32766,2078,3.251612901687622
2026-04-07T12:12:41.964,radio://0/80/2M,mission,1,0,Reacquire Wall,2787,0,0,0,0.0,0,0,0.0,0.0,37897,0,0,0.8420175909996033,0.21858470141887665,-0.005072043742984533,0.20000000298023224,0.0,2345,32766,32766,32766,2078,3.251612901687622
2026-04-07T12:12:41.966,radio://0/80/2M,flow,1,0,Reacquire Wall,2787,0,0,0,0.0,0,0,0.0,0.0,38147,0,0,0.8420175909996033,0.2225562036037445,0.010891367681324482,0.20000000298023224,0.0,2345,32766,32766,32766,2078,3.251612901687622
2026-04-07T12:12:41.967,radio://0/80/2M,range,1,0,Reacquire Wall,2787,0,0,0,0.0,0,0,0.0,0.0,38147,0,0,0.8420175909996033,0.2225562036037445,0.010891367681324482,0.20000000298023224,0.0,2338,32766,32766,32766,2078,3.251612901687622
2026-04-07T12:12:42.214,radio://0/80/2M,mission,1,0,Reacquire Wall,2787,0,0,0,0.0,0,0,0.0,0.0,38147,0,0,0.8389778137207031,0.2225562036037445,0.010891367681324482,0.20000000298023224,0.0,2338,32766,32766,32766,2078,3.251612901687622
2026-04-07T12:12:42.215,radio://0/80/2M,flow,1,0,Reacquire Wall,2787,0,0,0,0.0,0,0,0.0,0.0,38397,0,0,0.8389778137207031,0.21580776572227478,0.009734307415783405,0.20000000298023224,0.0,2338,32766,32766,32766,2078,3.251612901687622
2026-04-07T12:12:42.217,radio://0/80/2M,range,1,0,Reacquire Wall,2787,0,0,0,0.0,0,0,0.0,0.0,38397,0,0,0.8389778137207031,0.21580776572227478,0.009734307415783405,0.20000000298023224,0.0,2297,672,32766,32766,2087,3.2568914890289307
2026-04-07T12:12:42.464,radio://0/80/2M,mission,1,0,Reacquire Wall,2787,0,0,0,0.0,0,0,0.0,0.0,38397,0,0,0.8345366716384888,0.21580776572227478,0.009734307415783405,0.20000000298023224,0.0,2297,672,32766,32766,2087,3.2568914890289307
2026-04-07T12:12:42.466,radio://0/80/2M,flow,1,0,Reacquire Wall,2787,0,0,0,0.0,0,0,0.0,0.0,38647,0,0,0.8345366716384888,0.21094967424869537,0.006292176898568869,0.20000000298023224,0.0,2297,672,32766,32766,2087,3.2568914890289307
2026-04-07T12:12:42.467,radio://0/80/2M,range,1,0,Reacquire Wall,2787,0,0,0,0.0,0,0,0.0,0.0,38647,0,0,0.8345366716384888,0.21094967424869537,0.006292176898568869,0.20000000298023224,0.0,2193,656,32766,32766,2094,3.2463343143463135
2026-04-07T12:12:42.714,radio://0/80/2M,mission,1,0,Reacquire Wall,2787,0,0,0,0.0,0,0,0.0,0.0,38647,0,0,0.8254719972610474,0.21094967424869537,0.006292176898568869,0.20000000298023224,0.0,2193,656,32766,32766,2094,3.2463343143463135
2026-04-07T12:12:42.715,radio://0/80/2M,flow,1,0,Reacquire Wall,2961,0,0,0,0.0,0,0,0.0,0.0,38897,2,0,0.8254719972610474,0.19072429835796356,-0.01626790501177311,0.20000000298023224,0.0,2193,656,32766,32766,2094,3.2463343143463135
2026-04-07T12:12:42.717,radio://0/80/2M,range,1,0,Reacquire Wall,2961,0,0,0,0.0,0,0,0.0,0.0,38897,2,0,0.8254719972610474,0.19072429835796356,-0.01626790501177311,0.20000000298023224,0.0,2154,641,32766,32766,2102,3.2463343143463135
2026-04-07T12:12:42.963,radio://0/80/2M,mission,1,0,Reacquire Wall,2961,0,0,0,0.0,0,0,0.0,0.0,38897,2,0,0.825890302658081,0.19072429835796356,-0.01626790501177311,0.20000000298023224,0.0,2154,641,32766,32766,2102,3.2463343143463135
2026-04-07T12:12:42.965,radio://0/80/2M,flow,1,0,Reacquire Wall,3146,0,0,0,0.0,0,0,0.0,0.0,39147,-1,0,0.825890302658081,0.19662407040596008,0.00010974888573400676,0.20000000298023224,0.0,2154,641,32766,32766,2102,3.2463343143463135
2026-04-07T12:12:42.967,radio://0/80/2M,range,1,0,Reacquire Wall,3146,0,0,0,0.0,0,0,0.0,0.0,39147,-1,0,0.825890302658081,0.19662407040596008,0.00010974888573400676,0.20000000298023224,0.0,2120,636,1028,32766,2105,3.2568914890289307
2026-04-07T12:12:43.213,radio://0/80/2M,mission,1,0,Reacquire Wall,3146,0,0,0,0.0,0,0,0.0,0.0,39147,-1,0,0.8234984874725342,0.19662407040596008,0.00010974888573400676,0.20000000298023224,0.0,2120,636,1028,32766,2105,3.2568914890289307
2026-04-07T12:12:43.214,radio://0/80/2M,flow,1,0,Reacquire Wall,3342,0,0,0,0.0,0,0,0.0,0.0,39397,0,0,0.8234984874725342,0.19556182622909546,0.014123523607850075,0.20000000298023224,0.0,2120,636,1028,32766,2105,3.2568914890289307
2026-04-07T12:12:43.216,radio://0/80/2M,range,1,0,Reacquire Wall,3342,0,0,0,0.0,0,0,0.0,0.0,39397,0,0,0.8234984874725342,0.19556182622909546,0.014123523607850075,0.20000000298023224,0.0,2055,621,1038,32766,2108,3.241055727005005
2026-04-07T12:12:43.463,radio://0/80/2M,mission,1,0,Reacquire Wall,3342,0,0,0,0.0,0,0,0.0,0.0,39397,0,0,0.8226767182350159,0.19556182622909546,0.014123523607850075,0.20000000298023224,0.0,2055,621,1038,32766,2108,3.241055727005005
2026-04-07T12:12:43.464,radio://0/80/2M,flow,1,0,Reacquire Wall,3550,0,0,0,0.0,0,0,0.0,0.0,39647,0,-1,0.8226767182350159,0.19795294106006622,0.022091969847679138,0.20000000298023224,0.0,2055,621,1038,32766,2108,3.241055727005005
2026-04-07T12:12:43.466,radio://0/80/2M,range,1,0,Reacquire Wall,3550,0,0,0,0.0,0,0,0.0,0.0,39647,0,-1,0.8226767182350159,0.19795294106006622,0.022091969847679138,0.20000000298023224,0.0,32766,606,1044,32766,2108,3.251612901687622
2026-04-07T12:12:43.712,radio://0/80/2M,mission,1,0,Reacquire Wall,3550,0,0,0,0.0,0,0,0.0,0.0,39647,0,-1,0.8216691017150879,0.19795294106006622,0.022091969847679138,0.20000000298023224,0.0,32766,606,1044,32766,2108,3.251612901687622
2026-04-07T12:12:43.714,radio://0/80/2M,flow,1,0,Reacquire Wall,3550,0,0,0,0.0,0,0,0.0,0.0,39897,0,0,0.8216691017150879,0.21777763962745667,0.010848441161215305,0.20000000298023224,0.0,32766,606,1044,32766,2108,3.251612901687622
2026-04-07T12:12:43.716,radio://0/80/2M,range,1,0,Reacquire Wall,3550,0,0,0,0.0,0,0,0.0,0.0,39897,0,0,0.8216691017150879,0.21777763962745667,0.010848441161215305,0.20000000298023224,0.0,1956,578,1056,32766,2110,3.2463343143463135
2026-04-07T12:12:43.962,radio://0/80/2M,mission,1,0,Reacquire Wall,3550,0,0,0,0.0,0,0,0.0,0.0,39897,0,0,0.821871280670166,0.21777763962745667,0.010848441161215305,0.20000000298023224,0.0,1956,578,1056,32766,2110,3.2463343143463135
2026-04-07T12:12:43.964,radio://0/80/2M,flow,1,0,Reacquire Wall,4006,0,0,0,0.0,0,0,0.0,0.0,40147,-1,0,0.821871280670166,0.21020472049713135,0.021855991333723068,0.20000000298023224,0.0,1956,578,1056,32766,2110,3.2463343143463135
2026-04-07T12:12:43.965,radio://0/80/2M,range,1,0,Reacquire Wall,4006,0,0,0,0.0,0,0,0.0,0.0,40147,-1,0,0.821871280670166,0.21020472049713135,0.021855991333723068,0.20000000298023224,0.0,32766,562,1061,32766,2109,3.2463343143463135
2026-04-07T12:12:44.212,radio://0/80/2M,mission,1,0,Reacquire Wall,4006,0,0,0,0.0,0,0,0.0,0.0,40147,-1,0,0.8210700154304504,0.21020472049713135,0.021855991333723068,0.20000000298023224,0.0,32766,562,1061,32766,2109,3.2463343143463135
2026-04-07T12:12:44.214,radio://0/80/2M,flow,1,0,Reacquire Wall,4256,0,0,0,0.0,0,0,0.0,0.0,40397,0,-2,0.8210700154304504,0.20586691796779633,0.010930383577942848,0.20000000298023224,0.0,32766,562,1061,32766,2109,3.2463343143463135
2026-04-07T12:12:44.216,radio://0/80/2M,range,1,0,Reacquire Wall,4256,0,0,0,0.0,0,0,0.0,0.0,40397,0,-2,0.8210700154304504,0.20586691796779633,0.010930383577942848,0.20000000298023224,0.0,1821,543,1072,32766,2106,3.2463343143463135
2026-04-07T12:12:44.462,radio://0/80/2M,mission,1,0,Reacquire Wall,4256,0,0,0,0.0,0,0,0.0,0.0,40397,0,-2,0.8208605051040649,0.20586691796779633,0.010930383577942848,0.20000000298023224,0.0,1821,543,1072,32766,2106,3.2463343143463135
2026-04-07T12:12:44.464,radio://0/80/2M,flow,1,0,Reacquire Wall,4256,0,0,0,0.0,0,0,0.0,0.0,40647,0,-2,0.8208605051040649,0.18887022137641907,0.004755944479256868,0.20000000298023224,0.0,1821,543,1072,32766,2106,3.2463343143463135
2026-04-07T12:12:44.465,radio://0/80/2M,range,1,0,Reacquire Wall,4256,0,0,0,0.0,0,0,0.0,0.0,40647,0,-2,0.8208605051040649,0.18887022137641907,0.004755944479256868,0.20000000298023224,0.0,32766,532,1082,32766,2109,3.2463343143463135
2026-04-07T12:12:44.712,radio://0/80/2M,mission,1,0,Reacquire Wall,4256,0,0,0,0.0,0,0,0.0,0.0,40647,0,-2,0.8223737478256226,0.18887022137641907,0.004755944479256868,0.20000000298023224,0.0,32766,532,1082,32766,2109,3.2463343143463135
2026-04-07T12:12:44.713,radio://0/80/2M,flow,1,0,Reacquire Wall,4256,0,0,0,0.0,0,0,0.0,0.0,40897,-1,0,0.8223737478256226,0.18121996521949768,-0.012586135417222977,0.20000000298023224,0.0,32766,532,1082,32766,2109,3.2463343143463135
2026-04-07T12:12:44.715,radio://0/80/2M,range,1,0,Reacquire Wall,4256,0,0,0,0.0,0,0,0.0,0.0,40897,-1,0,0.8223737478256226,0.18121996521949768,-0.012586135417222977,0.20000000298023224,0.0,32766,522,1089,32766,2105,3.2463343143463135
2026-04-07T12:12:44.962,radio://0/80/2M,mission,1,0,Reacquire Wall,4256,0,0,0,0.0,0,0,0.0,0.0,40897,-1,0,0.8163164854049683,0.18121996521949768,-0.012586135417222977,0.20000000298023224,0.0,32766,522,1089,32766,2105,3.2463343143463135
2026-04-07T12:12:44.964,radio://0/80/2M,flow,1,0,Reacquire Wall,4256,0,0,0,0.0,0,0,0.0,0.0,41147,0,0,0.8163164854049683,0.20835688710212708,-0.002518907655030489,0.20000000298023224,0.0,32766,522,1089,32766,2105,3.2463343143463135
2026-04-07T12:12:44.965,radio://0/80/2M,range,1,0,Reacquire Wall,4256,0,0,0,0.0,0,0,0.0,0.0,41147,0,0,0.8163164854049683,0.20835688710212708,-0.002518907655030489,0.20000000298023224,0.0,32766,520,1093,32766,2112,3.214662790298462
2026-04-07T12:12:45.212,radio://0/80/2M,mission,1,0,Reacquire Wall,4256,0,0,0,0.0,0,0,0.0,0.0,41147,0,0,0.819591760635376,0.20835688710212708,-0.002518907655030489,0.20000000298023224,0.0,32766,520,1093,32766,2112,3.214662790298462
2026-04-07T12:12:45.213,radio://0/80/2M,flow,1,0,Reacquire Wall,4256,0,0,0,0.0,0,0,0.0,0.0,41397,0,0,0.819591760635376,0.20597070455551147,0.01237971056252718,0.20000000298023224,0.0,32766,520,1093,32766,2112,3.214662790298462
2026-04-07T12:12:45.216,radio://0/80/2M,range,1,0,Reacquire Wall,4256,0,0,0,0.0,0,0,0.0,0.0,41397,0,0,0.819591760635376,0.20597070455551147,0.01237971056252718,0.20000000298023224,0.0,1546,514,1102,32766,2111,3.225219964981079
2026-04-07T12:12:45.462,radio://0/80/2M,mission,1,0,Reacquire Wall,4256,0,0,0,0.0,0,0,0.0,0.0,41397,0,0,0.8170202970504761,0.20597070455551147,0.01237971056252718,0.20000000298023224,0.0,1546,514,1102,32766,2111,3.225219964981079
2026-04-07T12:12:45.463,radio://0/80/2M,flow,1,0,Reacquire Wall,4256,0,0,0,0.0,0,0,0.0,0.0,41647,0,1,0.8170202970504761,0.17465053498744965,-0.011689548380672932,0.20000000298023224,0.0,1546,514,1102,32766,2111,3.225219964981079
2026-04-07T12:12:45.465,radio://0/80/2M,range,1,0,Reacquire Wall,4256,0,0,0,0.0,0,0,0.0,0.0,41647,0,1,0.8170202970504761,0.17465053498744965,-0.011689548380672932,0.20000000298023224,0.0,1513,507,1103,32766,2106,3.2041056156158447
2026-04-07T12:12:45.711,radio://0/80/2M,mission,1,0,Reacquire Wall,4256,0,0,0,0.0,0,0,0.0,0.0,41647,0,1,0.8126819133758545,0.17465053498744965,-0.011689548380672932,0.20000000298023224,0.0,1513,507,1103,32766,2106,3.2041056156158447
2026-04-07T12:12:45.713,radio://0/80/2M,flow,1,0,Reacquire Wall,4256,0,0,0,0.0,0,0,0.0,0.0,41897,0,0,0.8126819133758545,0.17508465051651,0.015881629660725594,0.20000000298023224,0.0,1513,507,1103,32766,2106,3.2041056156158447
2026-04-07T12:12:45.715,radio://0/80/2M,range,1,0,Reacquire Wall,4256,0,0,0,0.0,0,0,0.0,0.0,41897,0,0,0.8126819133758545,0.17508465051651,0.015881629660725594,0.20000000298023224,0.0,1542,501,1108,32766,2112,3.198827028274536
2026-04-07T12:12:45.960,radio://0/80/2M,mission,1,0,Reacquire Wall,4256,0,0,0,0.0,0,0,0.0,0.0,41897,0,0,0.8075320720672607,0.17508465051651,0.015881629660725594,0.20000000298023224,0.0,1542,501,1108,32766,2112,3.198827028274536
2026-04-07T12:12:45.963,radio://0/80/2M,flow,1,0,Reacquire Wall,4256,0,0,0,0.0,0,0,0.0,0.0,42147,-1,0,0.8075320720672607,0.1894007921218872,0.016184568405151367,0.20000000298023224,0.0,1542,501,1108,32766,2112,3.198827028274536
2026-04-07T12:12:45.965,radio://0/80/2M,range,1,0,Reacquire Wall,4256,0,0,0,0.0,0,0,0.0,0.0,42147,-1,0,0.8075320720672607,0.1894007921218872,0.016184568405151367,0.20000000298023224,0.0,32766,483,1114,32766,2115,3.188269853591919
2026-04-07T12:12:46.211,radio://0/80/2M,mission,1,0,Reacquire Wall,4256,0,0,0,0.0,0,0,0.0,0.0,42147,-1,0,0.8128593564033508,0.1894007921218872,0.016184568405151367,0.20000000298023224,0.0,32766,483,1114,32766,2115,3.188269853591919
2026-04-07T12:12:46.213,radio://0/80/2M,flow,1,0,Reacquire Wall,3990,0,0,0,0.0,0,0,0.0,0.0,42397,0,0,0.8128593564033508,0.22690029442310333,0.024758176878094673,0.20000000298023224,0.0,32766,483,1114,32766,2115,3.188269853591919
2026-04-07T12:12:46.214,radio://0/80/2M,range,1,0,Reacquire Wall,3990,0,0,0,0.0,0,0,0.0,0.0,42397,0,0,0.8128593564033508,0.22690029442310333,0.024758176878094673,0.20000000298023224,0.0,32766,459,1120,32766,2116,3.2041056156158447
2026-04-07T12:12:46.461,radio://0/80/2M,mission,1,0,Reacquire Wall,3990,0,0,0,0.0,0,0,0.0,0.0,42397,0,0,0.8090230822563171,0.22690029442310333,0.024758176878094673,0.20000000298023224,0.0,32766,459,1120,32766,2116,3.2041056156158447
2026-04-07T12:12:46.463,radio://0/80/2M,flow,1,0,Reacquire Wall,3990,0,0,0,0.0,0,0,0.0,0.0,42647,1,0,0.8090230822563171,0.2376377433538437,0.023003652691841125,0.20000000298023224,0.0,32766,459,1120,32766,2116,3.2041056156158447
2026-04-07T12:12:46.465,radio://0/80/2M,range,1,0,Reacquire Wall,3990,0,0,0,0.0,0,0,0.0,0.0,42647,1,0,0.8090230822563171,0.2376377433538437,0.023003652691841125,0.20000000298023224,0.0,1821,441,1133,32766,2120,3.188269853591919
2026-04-07T12:12:46.710,radio://0/80/2M,mission,1,5,Transition,3990,0,0,0,0.0,0,0,0.0,0.0,42647,1,0,0.8072131872177124,0.2376377433538437,0.023003652691841125,0.20000000298023224,0.0,1821,441,1133,32766,2120,3.188269853591919
2026-04-07T12:12:46.713,radio://0/80/2M,flow,1,5,Transition,3990,0,0,0,0.0,0,0,0.0,0.0,42897,0,0,0.8072131872177124,0.18000265955924988,0.00551972771063447,0.20000000298023224,0.0,1821,441,1133,32766,2120,3.188269853591919
2026-04-07T12:12:46.714,radio://0/80/2M,range,1,5,Transition,3990,0,0,0,0.0,0,0,0.0,0.0,42897,0,0,0.8072131872177124,0.18000265955924988,0.00551972771063447,0.20000000298023224,0.0,1804,424,1141,32766,2124,3.1935484409332275
2026-04-07T12:12:46.961,radio://0/80/2M,mission,1,5,Transition,3990,0,0,0,0.0,0,0,0.0,0.0,42897,0,0,0.8071303963661194,0.18000265955924988,0.00551972771063447,0.20000000298023224,0.0,1804,424,1141,32766,2124,3.1935484409332275
2026-04-07T12:12:46.962,radio://0/80/2M,flow,1,5,Transition,3741,0,0,0,0.0,0,0,0.0,0.0,43147,0,0,0.8071303963661194,0.1240599974989891,-0.02396647445857525,0.0,0.0,1804,424,1141,32766,2124,3.1935484409332275
2026-04-07T12:12:46.964,radio://0/80/2M,range,1,5,Transition,3741,0,0,0,0.0,0,0,0.0,0.0,43147,0,0,0.8071303963661194,0.1240599974989891,-0.02396647445857525,0.0,0.0,32766,426,1146,32766,2124,3.172434091567993
2026-04-07T12:12:47.210,radio://0/80/2M,mission,1,2,Scan,3741,0,0,0,0.0,0,0,0.0,0.0,43147,0,0,0.8054826855659485,0.1240599974989891,-0.02396647445857525,0.0,0.0,32766,426,1146,32766,2124,3.172434091567993
2026-04-07T12:12:47.212,radio://0/80/2M,flow,1,2,Scan,3741,0,0,0,0.0,0,0,0.0,0.0,43397,0,1,0.8054826855659485,-0.028223374858498573,-0.0007191385957412422,0.0,0.0,32766,426,1146,32766,2124,3.172434091567993
2026-04-07T12:12:47.214,radio://0/80/2M,range,1,2,Scan,3741,0,0,0,0.0,0,0,0.0,0.0,43397,0,1,0.8054826855659485,-0.028223374858498573,-0.0007191385957412422,0.0,0.0,32766,427,1146,32766,2123,3.1829912662506104
2026-04-07T12:12:47.459,radio://0/80/2M,mission,1,2,Scan,3741,0,0,0,0.0,0,0,0.0,0.0,43397,0,1,0.8005049228668213,-0.028223374858498573,-0.0007191385957412422,0.0,0.0,32766,427,1146,32766,2123,3.1829912662506104
2026-04-07T12:12:47.461,radio://0/80/2M,flow,1,2,Scan,3741,0,0,0,0.0,0,0,0.0,0.0,43647,-3,0,0.8005049228668213,-0.13029487431049347,0.048041556030511856,0.0,0.0,32766,427,1146,32766,2123,3.1829912662506104
2026-04-07T12:12:47.462,radio://0/80/2M,range,1,2,Scan,3741,0,0,0,0.0,0,0,0.0,0.0,43647,-3,0,0.8005049228668213,-0.13029487431049347,0.048041556030511856,0.0,0.0,32766,441,1166,32766,2122,3.172434091567993
2026-04-07T12:12:47.710,radio://0/80/2M,mission,1,2,Scan,3741,0,0,0,0.0,0,0,0.0,0.0,43647,-3,0,0.8016430139541626,-0.13029487431049347,0.048041556030511856,0.0,0.0,32766,441,1166,32766,2122,3.172434091567993
2026-04-07T12:12:47.711,radio://0/80/2M,flow,1,2,Scan,3741,0,0,0,0.0,0,0,0.0,0.0,43897,0,0,0.8016430139541626,-0.01652802713215351,0.06250891089439392,0.0,0.0,32766,441,1166,32766,2122,3.172434091567993
2026-04-07T12:12:47.713,radio://0/80/2M,range,1,2,Scan,3741,0,0,0,0.0,0,0,0.0,0.0,43897,0,0,0.8016430139541626,-0.01652802713215351,0.06250891089439392,0.0,0.0,32766,479,1226,32766,2127,3.172434091567993
2026-04-07T12:12:47.960,radio://0/80/2M,mission,1,2,Scan,3741,0,0,0,0.0,0,0,0.0,0.0,43897,0,0,0.8030848503112793,-0.01652802713215351,0.06250891089439392,0.0,0.0,32766,479,1226,32766,2127,3.172434091567993
2026-04-07T12:12:47.961,radio://0/80/2M,flow,1,2,Scan,3741,0,0,0,0.0,0,0,0.0,0.0,44147,0,-8,0.8030848503112793,0.11469181627035141,-0.005491413176059723,0.0,0.0,32766,479,1226,32766,2127,3.172434091567993
2026-04-07T12:12:47.964,radio://0/80/2M,range,1,2,Scan,3741,0,0,0,0.0,0,0,0.0,0.0,44147,0,-8,0.8030848503112793,0.11469181627035141,-0.005491413176059723,0.0,0.0,646,521,32766,32766,2127,3.1829912662506104
2026-04-07T12:12:48.209,radio://0/80/2M,mission,1,2,Scan,3741,0,0,0,0.0,0,0,0.0,0.0,44147,0,-8,0.8049948811531067,0.11469181627035141,-0.005491413176059723,0.0,0.0,646,521,32766,32766,2127,3.1829912662506104
2026-04-07T12:12:48.211,radio://0/80/2M,flow,1,2,Scan,3741,0,0,0,0.0,0,0,0.0,0.0,44397,-1,-4,0.8049948811531067,0.08871885389089584,-0.013815922662615776,0.0,0.0,646,521,32766,32766,2127,3.1829912662506104
2026-04-07T12:12:48.213,radio://0/80/2M,range,1,2,Scan,3741,0,0,0,0.0,0,0,0.0,0.0,44397,-1,-4,0.8049948811531067,0.08871885389089584,-0.013815922662615776,0.0,0.0,555,606,32766,32766,2119,3.1777126789093018
2026-04-07T12:12:48.459,radio://0/80/2M,mission,1,2,Scan,3741,0,0,0,0.0,0,0,0.0,0.0,44397,-1,-4,0.8102196455001831,0.08871885389089584,-0.013815922662615776,0.0,0.0,555,606,32766,32766,2119,3.1777126789093018
2026-04-07T12:12:48.461,radio://0/80/2M,flow,1,2,Scan,3741,0,0,0,0.0,0,0,0.0,0.0,44647,0,0,0.8102196455001831,-0.06351961940526962,-0.05551310256123543,0.0,0.0,555,606,32766,32766,2119,3.1777126789093018
2026-04-07T12:12:48.462,radio://0/80/2M,range,1,2,Scan,3741,0,0,0,0.0,0,0,0.0,0.0,44647,0,0,0.8102196455001831,-0.06351961940526962,-0.05551310256123543,0.0,0.0,509,690,32766,32766,2127,3.172434091567993
2026-04-07T12:12:48.709,radio://0/80/2M,mission,1,2,Scan,3741,0,0,0,0.0,0,0,0.0,0.0,44647,0,0,0.8052583336830139,-0.06351961940526962,-0.05551310256123543,0.0,0.0,509,690,32766,32766,2127,3.172434091567993
2026-04-07T12:12:48.711,radio://0/80/2M,flow,1,2,Scan,3741,0,0,0,0.0,0,0,0.0,0.0,44897,0,0,0.8052583336830139,-0.1068282425403595,-0.07910612225532532,0.0,0.0,509,690,32766,32766,2127,3.172434091567993
2026-04-07T12:12:48.712,radio://0/80/2M,range,1,2,Scan,3741,0,0,0,0.0,0,0,0.0,0.0,44897,0,0,0.8052583336830139,-0.1068282425403595,-0.07910612225532532,0.0,0.0,469,2149,2033,32766,2119,3.161876916885376
2026-04-07T12:12:48.959,radio://0/80/2M,mission,1,2,Scan,3741,0,0,0,0.0,0,0,0.0,0.0,44897,0,0,0.8061939477920532,-0.1068282425403595,-0.07910612225532532,0.0,0.0,469,2149,2033,32766,2119,3.161876916885376
2026-04-07T12:12:48.960,radio://0/80/2M,flow,1,2,Scan,3741,0,0,0,0.0,0,0,0.0,0.0,45147,0,0,0.8061939477920532,-0.07087057828903198,-0.029652107506990433,0.0,0.0,469,2149,2033,32766,2119,3.161876916885376
2026-04-07T12:12:48.962,radio://0/80/2M,range,1,2,Scan,3741,0,0,0,0.0,0,0,0.0,0.0,45147,0,0,0.8061939477920532,-0.07087057828903198,-0.029652107506990433,0.0,0.0,455,32766,1978,32766,2125,3.161876916885376
2026-04-07T12:12:49.209,radio://0/80/2M,mission,1,2,Scan,3741,0,0,0,0.0,0,0,0.0,0.0,45147,0,0,0.8085559010505676,-0.07087057828903198,-0.029652107506990433,0.0,0.0,455,32766,1978,32766,2125,3.161876916885376
2026-04-07T12:12:49.211,radio://0/80/2M,flow,1,2,Scan,3741,0,0,0,0.0,0,0,0.0,0.0,45397,-2,5,0.8085559010505676,-0.08287931978702545,-0.01478520967066288,0.0,0.0,455,32766,1978,32766,2125,3.161876916885376
2026-04-07T12:12:49.212,radio://0/80/2M,range,1,2,Scan,3741,0,0,0,0.0,0,0,0.0,0.0,45397,-2,5,0.8085559010505676,-0.08287931978702545,-0.01478520967066288,0.0,0.0,417,881,1947,32766,2124,3.172434091567993
2026-04-07T12:12:49.458,radio://0/80/2M,mission,1,2,Scan,3741,0,0,0,0.0,0,0,0.0,0.0,45397,-2,5,0.8081098794937134,-0.08287931978702545,-0.01478520967066288,0.0,0.0,417,881,1947,32766,2124,3.172434091567993
2026-04-07T12:12:49.459,radio://0/80/2M,flow,1,2,Scan,3741,0,0,0,0.0,0,0,0.0,0.0,45647,-4,-5,0.8081098794937134,-0.0923309400677681,0.022195162251591682,0.0,0.0,417,881,1947,32766,2124,3.172434091567993
2026-04-07T12:12:49.461,radio://0/80/2M,range,1,2,Scan,3741,0,0,0,0.0,0,0,0.0,0.0,45647,-4,-5,0.8081098794937134,-0.0923309400677681,0.022195162251591682,0.0,0.0,395,32766,1970,1125,2122,3.161876916885376
2026-04-07T12:12:49.709,radio://0/80/2M,mission,1,2,Scan,3741,0,0,0,0.0,0,0,0.0,0.0,45647,-4,-5,0.805202305316925,-0.0923309400677681,0.022195162251591682,0.0,0.0,395,32766,1970,1125,2122,3.161876916885376
2026-04-07T12:12:49.710,radio://0/80/2M,flow,1,2,Scan,3741,0,0,0,0.0,0,0,0.0,0.0,45897,4,0,0.805202305316925,-0.07308927178382874,-0.002931882394477725,0.0,0.0,395,32766,1970,1125,2122,3.161876916885376
2026-04-07T12:12:49.712,radio://0/80/2M,range,1,2,Scan,3741,0,0,0,0.0,0,0,0.0,0.0,45897,4,0,0.805202305316925,-0.07308927178382874,-0.002931882394477725,0.0,0.0,352,32766,2006,1190,2121,3.161876916885376
2026-04-07T12:12:49.958,radio://0/80/2M,mission,1,2,Scan,3741,0,0,0,0.0,0,0,0.0,0.0,45897,4,0,0.805413007736206,-0.07308927178382874,-0.002931882394477725,0.0,0.0,352,32766,2006,1190,2121,3.161876916885376
2026-04-07T12:12:49.959,radio://0/80/2M,flow,1,2,Scan,3508,0,0,0,0.0,0,0,0.0,0.0,46147,0,0,0.805413007736206,-0.08132960647344589,-0.00014384117093868554,0.0,0.0,352,32766,2006,1190,2121,3.161876916885376
2026-04-07T12:12:49.961,radio://0/80/2M,range,1,2,Scan,3508,0,0,0,0.0,0,0,0.0,0.0,46147,0,0,0.805413007736206,-0.08132960647344589,-0.00014384117093868554,0.0,0.0,340,32766,32766,1253,2115,3.1565983295440674
2026-04-07T12:12:50.208,radio://0/80/2M,mission,1,2,Scan,3508,0,0,0,0.0,0,0,0.0,0.0,46147,0,0,0.8073113560676575,-0.08132960647344589,-0.00014384117093868554,0.0,0.0,340,32766,32766,1253,2115,3.1565983295440674
2026-04-07T12:12:50.209,radio://0/80/2M,flow,1,2,Scan,3508,0,0,0,0.0,0,0,0.0,0.0,46397,-1,-1,0.8073113560676575,-0.106471948325634,0.06576334685087204,0.0,0.0,340,32766,32766,1253,2115,3.1565983295440674
2026-04-07T12:12:50.211,radio://0/80/2M,range,1,2,Scan,3508,0,0,0,0.0,0,0,0.0,0.0,46397,-1,-1,0.8073113560676575,-0.106471948325634,0.06576334685087204,0.0,0.0,324,32766,548,1405,2113,3.1565983295440674
2026-04-07T12:12:50.458,radio://0/80/2M,mission,1,2,Scan,3508,0,0,0,0.0,0,0,0.0,0.0,46397,-1,-1,0.8167267441749573,-0.106471948325634,0.06576334685087204,0.0,0.0,324,32766,548,1405,2113,3.1565983295440674
2026-04-07T12:12:50.459,radio://0/80/2M,flow,1,2,Scan,3508,0,0,0,0.0,0,0,0.0,0.0,46647,-1,0,0.8167267441749573,-0.0508468858897686,-0.046875134110450745,0.0,0.0,324,32766,548,1405,2113,3.1565983295440674
2026-04-07T12:12:50.461,radio://0/80/2M,range,1,2,Scan,3508,0,0,0,0.0,0,0,0.0,0.0,46647,-1,0,0.8167267441749573,-0.0508468858897686,-0.046875134110450745,0.0,0.0,342,32766,380,1542,2117,3.1671555042266846
2026-04-07T12:12:50.709,radio://0/80/2M,mission,1,2,Scan,3508,0,0,0,0.0,0,0,0.0,0.0,46647,-1,0,0.8105210661888123,-0.0508468858897686,-0.046875134110450745,0.0,0.0,342,32766,380,1542,2117,3.1671555042266846
2026-04-07T12:12:50.710,radio://0/80/2M,flow,1,2,Scan,3289,0,0,0,0.0,0,0,0.0,0.0,46897,0,1,0.8105210661888123,0.038933899253606796,-0.1612665057182312,0.0,0.0,342,32766,380,1542,2117,3.1671555042266846
2026-04-07T12:12:50.713,radio://0/80/2M,range,1,2,Scan,3289,0,0,0,0.0,0,0,0.0,0.0,46897,0,1,0.8105210661888123,0.038933899253606796,-0.1612665057182312,0.0,0.0,385,32766,269,32766,2117,3.135483980178833
2026-04-07T12:12:50.958,radio://0/80/2M,mission,1,2,Scan,3289,0,0,0,0.0,0,0,0.0,0.0,46897,0,1,0.7975852489471436,0.038933899253606796,-0.1612665057182312,0.0,0.0,385,32766,269,32766,2117,3.135483980178833
2026-04-07T12:12:50.959,radio://0/80/2M,flow,1,2,Scan,3289,0,0,0,0.0,0,0,0.0,0.0,47147,-11,5,0.7975852489471436,0.046932827681303024,-0.1898207664489746,0.0,0.0,385,32766,269,32766,2117,3.135483980178833
2026-04-07T12:12:50.961,radio://0/80/2M,range,1,2,Scan,3289,0,0,0,0.0,0,0,0.0,0.0,47147,-11,5,0.7975852489471436,0.046932827681303024,-0.1898207664489746,0.0,0.0,514,32766,250,32766,2124,3.1302053928375244
2026-04-07T12:12:51.208,radio://0/80/2M,mission,1,2,Scan,3289,0,0,0,0.0,0,0,0.0,0.0,47147,-11,5,0.8017491698265076,0.046932827681303024,-0.1898207664489746,0.0,0.0,514,32766,250,32766,2124,3.1302053928375244
2026-04-07T12:12:51.210,radio://0/80/2M,flow,1,2,Scan,3289,0,0,0,0.0,0,0,0.0,0.0,47397,0,4,0.8017491698265076,0.08620406687259674,-0.19933319091796875,0.0,0.0,514,32766,250,32766,2124,3.1302053928375244
2026-04-07T12:12:51.211,radio://0/80/2M,range,1,2,Scan,3289,0,0,0,0.0,0,0,0.0,0.0,47397,0,4,0.8017491698265076,0.08620406687259674,-0.19933319091796875,0.0,0.0,32766,32766,242,2309,2121,3.1407625675201416
2026-04-07T12:12:51.457,radio://0/80/2M,mission,1,2,Scan,3289,0,0,0,0.0,0,0,0.0,0.0,47397,0,4,0.8136619925498962,0.08620406687259674,-0.19933319091796875,0.0,0.0,32766,32766,242,2309,2121,3.1407625675201416
2026-04-07T12:12:51.458,radio://0/80/2M,flow,1,2,Scan,3289,0,0,0,0.0,0,0,0.0,0.0,47647,0,1,0.8136619925498962,0.12899775803089142,-0.09020084142684937,0.0,0.0,32766,32766,242,2309,2121,3.1407625675201416
2026-04-07T12:12:51.460,radio://0/80/2M,range,1,2,Scan,3289,0,0,0,0.0,0,0,0.0,0.0,47647,0,1,0.8136619925498962,0.12899775803089142,-0.09020084142684937,0.0,0.0,792,32766,233,2255,2109,3.1196482181549072
2026-04-07T12:12:51.708,radio://0/80/2M,mission,1,2,Scan,3289,0,0,0,0.0,0,0,0.0,0.0,47647,0,1,0.8122877478599548,0.12899775803089142,-0.09020084142684937,0.0,0.0,792,32766,233,2255,2109,3.1196482181549072
2026-04-07T12:12:51.710,radio://0/80/2M,flow,1,2,Scan,3289,0,0,0,0.0,0,0,0.0,0.0,47897,0,4,0.8122877478599548,0.16372071206569672,-0.03193932771682739,0.0,0.0,792,32766,233,2255,2109,3.1196482181549072
2026-04-07T12:12:51.711,radio://0/80/2M,range,1,2,Scan,3289,0,0,0,0.0,0,0,0.0,0.0,47897,0,4,0.8122877478599548,0.16372071206569672,-0.03193932771682739,0.0,0.0,32766,32766,217,2197,2118,3.1407625675201416
2026-04-07T12:12:51.957,radio://0/80/2M,mission,1,2,Scan,3289,0,0,0,0.0,0,0,0.0,0.0,47897,0,4,0.8044250011444092,0.16372071206569672,-0.03193932771682739,0.0,0.0,32766,32766,217,2197,2118,3.1407625675201416
2026-04-07T12:12:51.958,radio://0/80/2M,flow,1,2,Scan,3289,0,0,0,0.0,0,0,0.0,0.0,48147,0,-3,0.8044250011444092,0.09321056306362152,-0.12038156390190125,0.0,0.0,32766,32766,217,2197,2118,3.1407625675201416
2026-04-07T12:12:51.961,radio://0/80/2M,range,1,2,Scan,3289,0,0,0,0.0,0,0,0.0,0.0,48147,0,-3,0.8044250011444092,0.09321056306362152,-0.12038156390190125,0.0,0.0,32766,1366,204,32766,2115,3.151319742202759
2026-04-07T12:12:52.206,radio://0/80/2M,mission,1,2,Scan,3289,0,0,0,0.0,0,0,0.0,0.0,48147,0,-3,0.7923852205276489,0.09321056306362152,-0.12038156390190125,0.0,0.0,32766,1366,204,32766,2115,3.151319742202759
2026-04-07T12:12:52.208,radio://0/80/2M,flow,1,2,Scan,3289,0,0,0,0.0,0,0,0.0,0.0,48397,-14,4,0.7923852205276489,0.07718733698129654,-0.2577154040336609,0.0,0.0,32766,1366,204,32766,2115,3.151319742202759
2026-04-07T12:12:52.209,radio://0/80/2M,range,1,2,Scan,3289,0,0,0,0.0,0,0,0.0,0.0,48397,-14,4,0.7923852205276489,0.07718733698129654,-0.2577154040336609,0.0,0.0,32766,1389,236,643,2129,3.135483980178833
2026-04-07T12:12:52.457,radio://0/80/2M,mission,1,2,Scan,3289,0,0,0,0.0,0,0,0.0,0.0,48397,-14,4,0.7908399105072021,0.07718733698129654,-0.2577154040336609,0.0,0.0,32766,1389,236,643,2129,3.135483980178833
2026-04-07T12:12:52.459,radio://0/80/2M,flow,1,2,Scan,3289,0,0,0,0.0,0,0,0.0,0.0,48647,-4,0,0.7908399105072021,0.07701604068279266,-0.1427256166934967,0.0,0.0,32766,1389,236,643,2129,3.135483980178833
2026-04-07T12:12:52.460,radio://0/80/2M,range,1,2,Scan,3289,0,0,0,0.0,0,0,0.0,0.0,48647,-4,0,0.7908399105072021,0.07701604068279266,-0.1427256166934967,0.0,0.0,32766,1433,255,496,2134,3.1196482181549072
2026-04-07T12:12:52.705,radio://0/80/2M,mission,1,2,Scan,3289,0,0,0,0.0,0,0,0.0,0.0,48647,-4,0,0.7953866124153137,0.07701604068279266,-0.1427256166934967,0.0,0.0,32766,1433,255,496,2134,3.1196482181549072
2026-04-07T12:12:52.708,radio://0/80/2M,flow,1,2,Scan,3289,0,0,0,0.0,0,0,0.0,0.0,48897,0,0,0.7953866124153137,0.03777501359581947,0.032573163509368896,0.0,0.0,32766,1433,255,496,2134,3.1196482181549072
2026-04-07T12:12:52.710,radio://0/80/2M,range,1,2,Scan,3289,0,0,0,0.0,0,0,0.0,0.0,48897,0,0,0.7953866124153137,0.03777501359581947,0.032573163509368896,0.0,0.0,32766,1557,294,330,2137,3.1038124561309814
2026-04-07T12:12:52.956,radio://0/80/2M,mission,1,2,Scan,3289,0,0,0,0.0,0,0,0.0,0.0,48897,0,0,0.8002545833587646,0.03777501359581947,0.032573163509368896,0.0,0.0,32766,1557,294,330,2137,3.1038124561309814
2026-04-07T12:12:52.957,radio://0/80/2M,flow,1,2,Scan,3289,0,0,0,0.0,0,0,0.0,0.0,49147,0,0,0.8002545833587646,0.07482226938009262,0.06377498060464859,0.0,0.0,32766,1557,294,330,2137,3.1038124561309814
2026-04-07T12:12:52.958,radio://0/80/2M,range,1,2,Scan,3289,0,0,0,0.0,0,0,0.0,0.0,49147,0,0,0.8002545833587646,0.07482226938009262,0.06377498060464859,0.0,0.0,32766,32766,306,236,2130,3.1196482181549072
2026-04-07T12:12:53.206,radio://0/80/2M,mission,1,2,Scan,3289,0,0,0,0.0,0,0,0.0,0.0,49147,0,0,0.8100672960281372,0.07482226938009262,0.06377498060464859,0.0,0.0,32766,32766,306,236,2130,3.1196482181549072
2026-04-07T12:12:53.207,radio://0/80/2M,flow,1,2,Scan,3494,0,0,0,0.0,0,0,0.0,0.0,49397,0,0,0.8100672960281372,0.08650004118680954,-0.083466537296772,0.0,0.0,32766,32766,306,236,2130,3.1196482181549072
2026-04-07T12:12:53.208,radio://0/80/2M,range,1,2,Scan,3494,0,0,0,0.0,0,0,0.0,0.0,49397,0,0,0.8100672960281372,0.08650004118680954,-0.083466537296772,0.0,0.0,32766,32766,370,192,2136,3.1407625675201416
2026-04-07T12:12:53.455,radio://0/80/2M,mission,1,2,Scan,3494,0,0,0,0.0,0,0,0.0,0.0,49397,0,0,0.7977908253669739,0.08650004118680954,-0.083466537296772,0.0,0.0,32766,32766,370,192,2136,3.1407625675201416
2026-04-07T12:12:53.457,radio://0/80/2M,flow,1,2,Scan,3494,0,0,0,0.0,0,0,0.0,0.0,49647,-1,0,0.7977908253669739,0.09805402904748917,-0.15774650871753693,0.0,0.0,32766,32766,370,192,2136,3.1407625675201416
2026-04-07T12:12:53.458,radio://0/80/2M,range,1,2,Scan,3494,0,0,0,0.0,0,0,0.0,0.0,49647,-1,0,0.7977908253669739,0.09805402904748917,-0.15774650871753693,0.0,0.0,32766,32766,563,213,2124,3.124926805496216
2026-04-07T12:12:53.705,radio://0/80/2M,mission,1,2,Scan,3494,0,0,0,0.0,0,0,0.0,0.0,49647,-1,0,0.7969935536384583,0.09805402904748917,-0.15774650871753693,0.0,0.0,32766,32766,563,213,2124,3.124926805496216
2026-04-07T12:12:53.706,radio://0/80/2M,flow,1,2,Scan,3494,0,0,0,0.0,0,0,0.0,0.0,49897,0,0,0.7969935536384583,0.07144729793071747,-0.09494959563016891,0.0,0.0,32766,32766,563,213,2124,3.124926805496216
2026-04-07T12:12:53.708,radio://0/80/2M,range,1,2,Scan,3494,0,0,0,0.0,0,0,0.0,0.0,49897,0,0,0.7969935536384583,0.07144729793071747,-0.09494959563016891,0.0,0.0,32766,2301,32766,235,2127,3.161876916885376
2026-04-07T12:12:53.955,radio://0/80/2M,mission,1,2,Scan,3494,0,0,0,0.0,0,0,0.0,0.0,49897,0,0,0.8073850274085999,0.07144729793071747,-0.09494959563016891,0.0,0.0,32766,2301,32766,235,2127,3.161876916885376
2026-04-07T12:12:53.956,radio://0/80/2M,flow,1,2,Scan,3494,0,0,0,0.0,0,0,0.0,0.0,50147,0,0,0.8073850274085999,0.1150243729352951,0.08985140919685364,0.0,0.0,32766,2301,32766,235,2127,3.161876916885376
2026-04-07T12:12:53.958,radio://0/80/2M,range,1,2,Scan,3494,0,0,0,0.0,0,0,0.0,0.0,50147,0,0,0.8073850274085999,0.1150243729352951,0.08985140919685364,0.0,0.0,32766,2222,802,243,2123,3.1777126789093018
2026-04-07T12:12:54.205,radio://0/80/2M,mission,1,2,Scan,3494,0,0,0,0.0,0,0,0.0,0.0,50147,0,0,0.8009616732597351,0.1150243729352951,0.08985140919685364,0.0,0.0,32766,2222,802,243,2123,3.1777126789093018
2026-04-07T12:12:54.206,radio://0/80/2M,flow,1,2,Scan,3494,0,0,0,0.0,0,0,0.0,0.0,50397,0,0,0.8009616732597351,0.09437873959541321,0.1800636351108551,0.0,0.0,32766,2222,802,243,2123,3.1777126789093018
2026-04-07T12:12:54.208,radio://0/80/2M,range,1,2,Scan,3494,0,0,0,0.0,0,0,0.0,0.0,50397,0,0,0.8009616732597351,0.09437873959541321,0.1800636351108551,0.0,0.0,32766,2201,32766,226,2117,3.1565983295440674
2026-04-07T12:12:54.454,radio://0/80/2M,mission,1,2,Scan,3494,0,0,0,0.0,0,0,0.0,0.0,50397,0,0,0.7997291088104248,0.09437873959541321,0.1800636351108551,0.0,0.0,32766,2201,32766,226,2117,3.1565983295440674
2026-04-07T12:12:54.457,radio://0/80/2M,flow,1,2,Scan,3494,0,0,0,0.0,0,0,0.0,0.0,50647,0,0,0.7997291088104248,0.0036557242274284363,0.05132168531417847,0.0,0.0,32766,2201,32766,226,2117,3.1565983295440674
2026-04-07T12:12:54.458,radio://0/80/2M,range,1,2,Scan,3494,0,0,0,0.0,0,0,0.0,0.0,50647,0,0,0.7997291088104248,0.0036557242274284363,0.05132168531417847,0.0,0.0,32766,32766,32766,226,2129,3.161876916885376
2026-04-07T12:12:54.705,radio://0/80/2M,mission,1,2,Scan,3494,0,0,0,0.0,0,0,0.0,0.0,50647,0,0,0.7892478108406067,0.0036557242274284363,0.05132168531417847,0.0,0.0,32766,32766,32766,226,2129,3.161876916885376
2026-04-07T12:12:54.706,radio://0/80/2M,flow,1,2,Scan,3494,0,0,0,0.0,0,0,0.0,0.0,50897,-1,-5,0.7892478108406067,0.037433791905641556,-0.08236175030469894,0.0,0.0,32766,32766,32766,226,2129,3.161876916885376
2026-04-07T12:12:54.707,radio://0/80/2M,range,1,2,Scan,3494,0,0,0,0.0,0,0,0.0,0.0,50897,-1,-5,0.7892478108406067,0.037433791905641556,-0.08236175030469894,0.0,0.0,1354,771,32766,259,2136,3.1565983295440674
2026-04-07T12:12:54.955,radio://0/80/2M,mission,1,2,Scan,3494,0,0,0,0.0,0,0,0.0,0.0,50897,-1,-5,0.7956668734550476,0.037433791905641556,-0.08236175030469894,0.0,0.0,1354,771,32766,259,2136,3.1565983295440674
2026-04-07T12:12:54.956,radio://0/80/2M,flow,1,2,Scan,3494,0,0,0,0.0,0,0,0.0,0.0,51147,0,-3,0.7956668734550476,0.11516115814447403,0.06526710838079453,0.0,0.0,1354,771,32766,259,2136,3.1565983295440674
2026-04-07T12:12:54.958,radio://0/80/2M,range,1,2,Scan,3494,0,0,0,0.0,0,0,0.0,0.0,51147,0,-3,0.7956668734550476,0.11516115814447403,0.06526710838079453,0.0,0.0,1387,630,32766,306,2139,3.1671555042266846
2026-04-07T12:12:55.205,radio://0/80/2M,mission,1,2,Scan,3494,0,0,0,0.0,0,0,0.0,0.0,51147,0,-3,0.7908608317375183,0.11516115814447403,0.06526710838079453,0.0,0.0,1387,630,32766,306,2139,3.1671555042266846
2026-04-07T12:12:55.206,radio://0/80/2M,flow,1,2,Scan,3494,0,0,0,0.0,0,0,0.0,0.0,51397,-5,0,0.7908608317375183,0.1347639113664627,0.2666415274143219,0.0,0.0,1387,630,32766,306,2139,3.1671555042266846
2026-04-07T12:12:55.207,radio://0/80/2M,range,1,2,Scan,3494,0,0,0,0.0,0,0,0.0,0.0,51397,-5,0,0.7908608317375183,0.1347639113664627,0.2666415274143219,0.0,0.0,1502,397,32766,323,2142,3.135483980178833
2026-04-07T12:12:55.454,radio://0/80/2M,mission,1,2,Scan,3494,0,0,0,0.0,0,0,0.0,0.0,51397,-5,0,0.7912601828575134,0.1347639113664627,0.2666415274143219,0.0,0.0,1502,397,32766,323,2142,3.135483980178833
2026-04-07T12:12:55.456,radio://0/80/2M,flow,1,2,Scan,3494,0,0,0,0.0,0,0,0.0,0.0,51647,-1,2,0.7912601828575134,0.013593110255897045,0.3041614294052124,0.0,0.0,1502,397,32766,323,2142,3.135483980178833
2026-04-07T12:12:55.457,radio://0/80/2M,range,1,2,Scan,3494,0,0,0,0.0,0,0,0.0,0.0,51647,-1,2,0.7912601828575134,0.013593110255897045,0.3041614294052124,0.0,0.0,32766,267,32766,293,2139,3.1565983295440674
2026-04-07T12:12:55.704,radio://0/80/2M,mission,1,2,Scan,3494,0,0,0,0.0,0,0,0.0,0.0,51647,-1,2,0.8022450804710388,0.013593110255897045,0.3041614294052124,0.0,0.0,32766,267,32766,293,2139,3.1565983295440674
2026-04-07T12:12:55.706,radio://0/80/2M,flow,1,2,Scan,3494,0,0,0,0.0,0,0,0.0,0.0,51897,-4,-1,0.8022450804710388,-0.04637032374739647,0.17223967611789703,0.0,0.0,32766,267,32766,293,2139,3.1565983295440674
2026-04-07T12:12:55.707,radio://0/80/2M,range,1,2,Scan,3494,0,0,0,0.0,0,0,0.0,0.0,51897,-4,-1,0.8022450804710388,-0.04637032374739647,0.17223967611789703,0.0,0.0,32766,167,32766,274,2131,3.1671555042266846
2026-04-07T12:12:55.954,radio://0/80/2M,mission,1,2,Scan,3494,0,0,0,0.0,0,0,0.0,0.0,51897,-4,-1,0.8038056492805481,-0.04637032374739647,0.17223967611789703,0.0,0.0,32766,167,32766,274,2131,3.1671555042266846
2026-04-07T12:12:55.955,radio://0/80/2M,flow,1,2,Scan,3494,0,0,0,0.0,0,0,0.0,0.0,52147,0,0,0.8038056492805481,-0.10046465694904327,0.09422840923070908,0.0,0.0,32766,167,32766,274,2131,3.1671555042266846
2026-04-07T12:12:55.956,radio://0/80/2M,range,1,2,Scan,3494,0,0,0,0.0,0,0,0.0,0.0,52147,0,0,0.8038056492805481,-0.10046465694904327,0.09422840923070908,0.0,0.0,32766,144,32766,309,2118,3.14604115486145
2026-04-07T12:12:56.203,radio://0/80/2M,mission,1,2,Scan,3494,0,0,0,0.0,0,0,0.0,0.0,52147,0,0,0.7971829771995544,-0.10046465694904327,0.09422840923070908,0.0,0.0,32766,144,32766,309,2118,3.14604115486145
2026-04-07T12:12:56.204,radio://0/80/2M,flow,1,2,Scan,3494,0,0,0,0.0,0,0,0.0,0.0,52397,0,-1,0.7971829771995544,-0.012171096168458462,0.11121806502342224,0.0,0.0,32766,144,32766,309,2118,3.14604115486145
2026-04-07T12:12:56.206,radio://0/80/2M,range,1,2,Scan,3494,0,0,0,0.0,0,0,0.0,0.0,52397,0,-1,0.7971829771995544,-0.012171096168458462,0.11121806502342224,0.0,0.0,2430,137,32766,32766,2138,3.1302053928375244
2026-04-07T12:12:56.454,radio://0/80/2M,mission,1,2,Scan,3494,0,0,0,0.0,0,0,0.0,0.0,52397,0,-1,0.7988938689231873,-0.012171096168458462,0.11121806502342224,0.0,0.0,2430,137,32766,32766,2138,3.1302053928375244
2026-04-07T12:12:56.455,radio://0/80/2M,flow,1,2,Scan,3494,0,0,0,0.0,0,0,0.0,0.0,52647,0,0,0.7988938689231873,0.13272683322429657,0.18161603808403015,0.0,0.0,2430,137,32766,32766,2138,3.1302053928375244
2026-04-07T12:12:56.456,radio://0/80/2M,range,1,2,Scan,3494,0,0,0,0.0,0,0,0.0,0.0,52647,0,0,0.7988938689231873,0.13272683322429657,0.18161603808403015,0.0,0.0,2345,111,32766,32766,2127,3.151319742202759
2026-04-07T12:12:56.703,radio://0/80/2M,mission,1,2,Scan,3494,0,0,0,0.0,0,0,0.0,0.0,52647,0,0,0.7959619760513306,0.13272683322429657,0.18161603808403015,0.0,0.0,2345,111,32766,32766,2127,3.151319742202759
2026-04-07T12:12:56.704,radio://0/80/2M,flow,1,2,Scan,3712,0,0,0,0.0,0,0,0.0,0.0,52897,-2,0,0.7959619760513306,0.07187724113464355,0.17778876423835754,0.0,0.0,2345,111,32766,32766,2127,3.151319742202759
2026-04-07T12:12:56.707,radio://0/80/2M,range,1,2,Scan,3712,0,0,0,0.0,0,0,0.0,0.0,52897,-2,0,0.7959619760513306,0.07187724113464355,0.17778876423835754,0.0,0.0,2175,45,32766,695,2110,3.14604115486145
2026-04-07T12:12:56.955,radio://0/80/2M,mission,1,2,Scan,3712,0,0,0,0.0,0,0,0.0,0.0,52897,-2,0,0.758520781993866,0.07187724113464355,0.17778876423835754,0.0,0.0,2175,45,32766,695,2110,3.14604115486145
2026-04-07T12:12:56.983,radio://0/80/2M,flow,1,2,Scan,3944,0,0,0,0.0,0,0,0.0,0.0,53147,-2,0,0.758520781993866,-0.10977468639612198,-0.01937200501561165,0.0,0.0,2175,45,32766,695,2110,3.14604115486145
2026-04-07T12:12:56.984,radio://0/80/2M,range,1,2,Scan,3944,0,0,0,0.0,0,0,0.0,0.0,53147,-2,0,0.758520781993866,-0.10977468639612198,-0.01937200501561165,0.0,0.0,32766,30,32766,710,2119,3.0510263442993164
2026-04-07T12:12:57.203,radio://0/80/2M,mission,1,5,Transition,3944,0,0,0,0.0,0,0,0.0,0.0,53147,-2,0,0.8620303869247437,-0.10977468639612198,-0.01937200501561165,0.0,0.0,32766,30,32766,710,2119,3.0510263442993164
2026-04-07T12:12:57.205,radio://0/80/2M,flow,1,5,Transition,3944,0,0,0,0.0,0,0,0.0,0.0,53397,8,0,0.8620303869247437,-0.13472728431224823,-0.17219382524490356,-0.06854519993066788,0.0,32766,30,32766,710,2119,3.0510263442993164
2026-04-07T12:12:57.206,radio://0/80/2M,range,1,5,Transition,3944,0,0,0,0.0,0,0,0.0,0.0,53397,8,0,0.8620303869247437,-0.13472728431224823,-0.17219382524490356,-0.06854519993066788,0.0,261,82,1515,814,2059,3.314955949783325
2026-04-07T12:12:57.453,radio://0/80/2M,mission,1,5,Transition,3944,0,0,0,0.0,0,0,0.0,0.0,53397,8,0,0.8515543341636658,-0.13472728431224823,-0.17219382524490356,-0.06854519993066788,0.0,261,82,1515,814,2059,3.314955949783325
2026-04-07T12:12:57.454,radio://0/80/2M,flow,1,5,Transition,3698,0,0,0,0.0,0,0,0.0,0.0,53647,0,0,0.8515543341636658,-0.07648880779743195,-0.09799721837043762,-0.06458880007266998,0.0,261,82,1515,814,2059,3.314955949783325
2026-04-07T12:12:57.455,radio://0/80/2M,range,1,5,Transition,3698,0,0,0,0.0,0,0,0.0,0.0,53647,0,0,0.8515543341636658,-0.07648880779743195,-0.09799721837043762,-0.06458880007266998,0.0,268,136,1524,32766,2053,3.135483980178833
2026-04-07T12:12:57.702,radio://0/80/2M,mission,1,0,Reacquire Wall,3698,0,0,0,0.0,0,0,0.0,0.0,53647,0,0,0.7737656831741333,-0.07648880779743195,-0.09799721837043762,-0.06458880007266998,0.0,268,136,1524,32766,2053,3.135483980178833
2026-04-07T12:12:57.704,radio://0/80/2M,flow,1,0,Reacquire Wall,3698,0,0,0,0.0,0,0,0.0,0.0,53897,-4,3,0.7737656831741333,-0.07313790917396545,0.04173200577497482,-0.06347999721765518,0.0,268,136,1524,32766,2053,3.135483980178833
2026-04-07T12:12:57.705,radio://0/80/2M,range,1,0,Reacquire Wall,3698,0,0,0,0.0,0,0,0.0,0.0,53897,-4,3,0.7737656831741333,-0.07313790917396545,0.04173200577497482,-0.06347999721765518,0.0,270,152,1546,32766,2141,3.029911994934082
2026-04-07T12:12:57.963,radio://0/80/2M,mission,1,0,Reacquire Wall,3698,0,0,0,0.0,0,0,0.0,0.0,53897,-4,3,0.762633740901947,-0.07313790917396545,0.04173200577497482,-0.06347999721765518,0.0,270,152,1546,32766,2141,3.029911994934082
2026-04-07T12:12:57.966,radio://0/80/2M,flow,1,0,Reacquire Wall,3698,0,0,0,0.0,0,0,0.0,0.0,54147,-1,0,0.762633740901947,-0.08958743512630463,0.0627347081899643,-0.06969720125198364,0.0,270,152,1546,32766,2141,3.029911994934082
2026-04-07T12:12:57.969,radio://0/80/2M,range,1,0,Reacquire Wall,3698,0,0,0,0.0,0,0,0.0,0.0,54147,-1,0,0.762633740901947,-0.08958743512630463,0.0627347081899643,-0.06969720125198364,0.0,259,140,1560,32766,2165,3.124926805496216
2026-04-07T12:12:58.202,radio://0/80/2M,mission,1,0,Reacquire Wall,3698,0,0,0,0.0,0,0,0.0,0.0,54147,-1,0,0.7943117618560791,-0.08958743512630463,0.0627347081899643,-0.06969720125198364,0.0,259,140,1560,32766,2165,3.124926805496216
2026-04-07T12:12:58.203,radio://0/80/2M,flow,1,0,Reacquire Wall,3698,0,0,0,0.0,0,0,0.0,0.0,54397,-2,1,0.7943117618560791,-0.07876843214035034,-0.015948422253131866,-0.07987681031227112,0.0,259,140,1560,32766,2165,3.124926805496216
2026-04-07T12:12:58.205,radio://0/80/2M,range,1,0,Reacquire Wall,3698,0,0,0,0.0,0,0,0.0,0.0,54397,-2,1,0.7943117618560791,-0.07876843214035034,-0.015948422253131866,-0.07987681031227112,0.0,242,139,1574,32766,2132,3.1935484409332275
2026-04-07T12:12:58.452,radio://0/80/2M,mission,1,0,Reacquire Wall,3698,0,0,0,0.0,0,0,0.0,0.0,54397,-2,1,0.8071608543395996,-0.07876843214035034,-0.015948422253131866,-0.07987681031227112,0.0,242,139,1574,32766,2132,3.1935484409332275
2026-04-07T12:12:58.453,radio://0/80/2M,flow,1,0,Reacquire Wall,3698,0,0,0,0.0,0,0,0.0,0.0,54647,-1,7,0.8071608543395996,-0.060872092843055725,-0.061230484396219254,-0.06797280162572861,0.0,242,139,1574,32766,2132,3.1935484409332275
2026-04-07T12:12:58.455,radio://0/80/2M,range,1,0,Reacquire Wall,3698,0,0,0,0.0,0,0,0.0,0.0,54647,-1,7,0.8071608543395996,-0.060872092843055725,-0.061230484396219254,-0.06797280162572861,0.0,262,152,1564,32766,2115,3.1671555042266846
2026-04-07T12:12:58.701,radio://0/80/2M,mission,1,0,Reacquire Wall,3698,0,0,0,0.0,0,0,0.0,0.0,54647,-1,7,0.8023600578308105,-0.060872092843055725,-0.061230484396219254,-0.06797280162572861,0.0,262,152,1564,32766,2115,3.1671555042266846
2026-04-07T12:12:58.703,radio://0/80/2M,flow,1,0,Reacquire Wall,3698,0,0,0,0.0,0,0,0.0,0.0,54897,0,0,0.8023600578308105,-0.025301896035671234,-0.032969485968351364,-0.05702880397439003,0.0,262,152,1564,32766,2115,3.1671555042266846
2026-04-07T12:12:58.704,radio://0/80/2M,range,1,0,Reacquire Wall,3698,0,0,0,0.0,0,0,0.0,0.0,54897,0,0,0.8023600578308105,-0.025301896035671234,-0.032969485968351364,-0.05702880397439003,0.0,282,166,1562,32766,2120,3.1407625675201416
2026-04-07T12:12:58.951,radio://0/80/2M,mission,1,0,Reacquire Wall,3698,0,0,0,0.0,0,0,0.0,0.0,54897,0,0,0.7946966886520386,-0.025301896035671234,-0.032969485968351364,-0.05702880397439003,0.0,282,166,1562,32766,2120,3.1407625675201416
2026-04-07T12:12:58.953,radio://0/80/2M,flow,1,0,Reacquire Wall,3698,0,0,0,0.0,0,0,0.0,0.0,55147,0,0,0.7946966886520386,-0.06302201002836227,0.0102000767365098,-0.05141879618167877,0.0,282,166,1562,32766,2120,3.1407625675201416
2026-04-07T12:12:58.954,radio://0/80/2M,range,1,0,Reacquire Wall,3698,0,0,0,0.0,0,0,0.0,0.0,55147,0,0,0.7946966886520386,-0.06302201002836227,0.0102000767365098,-0.05141879618167877,0.0,293,162,1536,32766,2134,3.1407625675201416
2026-04-07T12:12:59.201,radio://0/80/2M,mission,1,0,Reacquire Wall,3698,0,0,0,0.0,0,0,0.0,0.0,55147,0,0,0.7957175970077515,-0.06302201002836227,0.0102000767365098,-0.05141879618167877,0.0,293,162,1536,32766,2134,3.1407625675201416
2026-04-07T12:12:59.202,radio://0/80/2M,flow,1,0,Reacquire Wall,3698,0,0,0,0.0,0,0,0.0,0.0,55397,0,-9,0.7957175970077515,-0.015738854184746742,0.011373485438525677,-0.015052798204123974,0.0,293,162,1536,32766,2134,3.1407625675201416
2026-04-07T12:12:59.204,radio://0/80/2M,range,1,0,Reacquire Wall,3698,0,0,0,0.0,0,0,0.0,0.0,55397,0,-9,0.7957175970077515,-0.015738854184746742,0.011373485438525677,-0.015052798204123974,0.0,388,146,1472,32766,2130,3.151319742202759
2026-04-07T12:12:59.450,radio://0/80/2M,mission,1,0,Reacquire Wall,3698,0,0,0,0.0,0,0,0.0,0.0,55397,0,-9,0.7990881204605103,-0.015738854184746742,0.011373485438525677,-0.015052798204123974,0.0,388,146,1472,32766,2130,3.151319742202759
2026-04-07T12:12:59.452,radio://0/80/2M,flow,1,0,Reacquire Wall,3698,0,0,0,0.0,0,0,0.0,0.0,55647,-2,0,0.7990881204605103,-0.03334006667137146,0.011623482219874859,0.0,0.0,388,146,1472,32766,2130,3.151319742202759
2026-04-07T12:12:59.454,radio://0/80/2M,range,1,0,Reacquire Wall,3698,0,0,0,0.0,0,0,0.0,0.0,55647,-2,0,0.7990881204605103,-0.03334006667137146,0.011623482219874859,0.0,0.0,732,145,32766,32766,2124,3.151319742202759
2026-04-07T12:12:59.700,radio://0/80/2M,mission,1,0,Reacquire Wall,3698,0,0,0,0.0,0,0,0.0,0.0,55647,-2,0,0.7980009913444519,-0.03334006667137146,0.011623482219874859,0.0,0.0,732,145,32766,32766,2124,3.151319742202759
2026-04-07T12:12:59.701,radio://0/80/2M,flow,1,0,Reacquire Wall,3698,0,0,0,0.0,0,0,0.0,0.0,55897,-2,2,0.7980009913444519,-0.0014442448737099767,-0.011265619657933712,0.0,0.0,732,145,32766,32766,2124,3.151319742202759
2026-04-07T12:12:59.705,radio://0/80/2M,range,1,0,Reacquire Wall,3698,0,0,0,0.0,0,0,0.0,0.0,55897,-2,2,0.7980009913444519,-0.0014442448737099767,-0.011265619657933712,0.0,0.0,32766,145,32766,654,2124,3.14604115486145
2026-04-07T12:12:59.951,radio://0/80/2M,mission,1,5,Transition,3698,0,0,0,0.0,0,0,0.0,0.0,55897,-2,2,0.7994738817214966,-0.0014442448737099767,-0.011265619657933712,0.0,0.0,32766,145,32766,654,2124,3.14604115486145
2026-04-07T12:12:59.952,radio://0/80/2M,flow,1,5,Transition,3698,0,0,0,0.0,0,0,0.0,0.0,56147,0,-3,0.7994738817214966,0.03423849493265152,0.02871505729854107,0.0,0.0,32766,145,32766,654,2124,3.14604115486145
2026-04-07T12:12:59.953,radio://0/80/2M,range,1,5,Transition,3698,0,0,0,0.0,0,0,0.0,0.0,56147,0,-3,0.7994738817214966,0.03423849493265152,0.02871505729854107,0.0,0.0,2383,146,32766,624,2126,3.1407625675201416
2026-04-07T12:13:00.200,radio://0/80/2M,mission,1,1,Wall Follow,3698,0,0,0,0.0,0,0,0.0,0.0,56147,0,-3,0.7958316206932068,0.03423849493265152,0.02871505729854107,0.0,0.0,2383,146,32766,624,2126,3.1407625675201416
2026-04-07T12:13:00.203,radio://0/80/2M,flow,1,1,Wall Follow,3467,0,0,0,0.0,0,0,0.0,0.0,56397,1,1,0.7958316206932068,-0.051671359688043594,-0.041544873267412186,0.20000000298023224,-0.10000000149011612,2383,146,32766,624,2126,3.1407625675201416
2026-04-07T12:13:00.205,radio://0/80/2M,range,1,1,Wall Follow,3467,0,0,0,0.0,0,0,0.0,0.0,56397,1,1,0.7958316206932068,-0.051671359688043594,-0.041544873267412186,0.20000000298023224,-0.10000000149011612,2397,171,32766,629,2124,3.1407625675201416
2026-04-07T12:13:00.450,radio://0/80/2M,mission,1,1,Wall Follow,3467,0,0,0,0.0,0,0,0.0,0.0,56397,1,1,0.7966141104698181,-0.051671359688043594,-0.041544873267412186,0.20000000298023224,-0.10000000149011612,2397,171,32766,629,2124,3.1407625675201416
2026-04-07T12:13:00.451,radio://0/80/2M,flow,1,1,Wall Follow,3467,0,0,0,0.0,0,0,0.0,0.0,56647,3,0,0.7966141104698181,0.030289338901638985,-0.16418229043483734,0.20000000298023224,-0.10000000149011612,2397,171,32766,629,2124,3.1407625675201416
2026-04-07T12:13:00.453,radio://0/80/2M,range,1,1,Wall Follow,3467,0,0,0,0.0,0,0,0.0,0.0,56647,3,0,0.7966141104698181,0.030289338901638985,-0.16418229043483734,0.20000000298023224,-0.10000000149011612,2429,204,32766,32766,2134,3.135483980178833
2026-04-07T12:13:00.699,radio://0/80/2M,mission,1,1,Wall Follow,3467,0,0,0,0.0,0,0,0.0,0.0,56647,3,0,0.7923786044120789,0.030289338901638985,-0.16418229043483734,0.20000000298023224,-0.10000000149011612,2429,204,32766,32766,2134,3.135483980178833
2026-04-07T12:13:00.701,radio://0/80/2M,flow,1,1,Wall Follow,3467,0,0,0,0.0,0,0,0.0,0.0,56897,0,0,0.7923786044120789,0.14081916213035583,-0.23212134838104248,0.20000000298023224,-0.10000000149011612,2429,204,32766,32766,2134,3.135483980178833
2026-04-07T12:13:00.702,radio://0/80/2M,range,1,1,Wall Follow,3467,0,0,0,0.0,0,0,0.0,0.0,56897,0,0,0.7923786044120789,0.14081916213035583,-0.23212134838104248,0.20000000298023224,-0.10000000149011612,2366,257,32766,693,2129,3.135483980178833
2026-04-07T12:13:00.950,radio://0/80/2M,mission,1,1,Wall Follow,3467,0,0,0,0.0,0,0,0.0,0.0,56897,0,0,0.7978081703186035,0.14081916213035583,-0.23212134838104248,0.20000000298023224,-0.10000000149011612,2366,257,32766,693,2129,3.135483980178833
2026-04-07T12:13:00.951,radio://0/80/2M,flow,1,1,Wall Follow,3467,0,0,0,0.0,0,0,0.0,0.0,57147,1,0,0.7978081703186035,0.14554665982723236,-0.2161921113729477,0.20000000298023224,-0.10000000149011612,2366,257,32766,693,2129,3.135483980178833
2026-04-07T12:13:00.953,radio://0/80/2M,range,1,1,Wall Follow,3467,0,0,0,0.0,0,0,0.0,0.0,57147,1,0,0.7978081703186035,0.14554665982723236,-0.2161921113729477,0.20000000298023224,-0.10000000149011612,2313,293,32766,759,2129,3.1407625675201416
2026-04-07T12:13:01.199,radio://0/80/2M,mission,1,1,Wall Follow,3467,0,0,0,0.0,0,0,0.0,0.0,57147,1,0,0.8034786581993103,0.14554665982723236,-0.2161921113729477,0.20000000298023224,-0.10000000149011612,2313,293,32766,759,2129,3.1407625675201416
2026-04-07T12:13:01.200,radio://0/80/2M,flow,1,1,Wall Follow,3467,0,0,0,0.0,0,0,0.0,0.0,57397,0,0,0.8034786581993103,0.14200836420059204,-0.20315146446228027,0.20000000298023224,-0.10000000149011612,2313,293,32766,759,2129,3.1407625675201416
2026-04-07T12:13:01.202,radio://0/80/2M,range,1,1,Wall Follow,3467,0,0,0,0.0,0,0,0.0,0.0,57397,0,0,0.8034786581993103,0.14200836420059204,-0.20315146446228027,0.20000000298023224,-0.10000000149011612,2254,340,32766,835,2123,3.14604115486145
2026-04-07T12:13:01.450,radio://0/80/2M,mission,1,1,Wall Follow,3467,0,0,0,0.0,0,0,0.0,0.0,57397,0,0,0.7939100861549377,0.14200836420059204,-0.20315146446228027,0.20000000298023224,-0.10000000149011612,2254,340,32766,835,2123,3.14604115486145
2026-04-07T12:13:01.451,radio://0/80/2M,flow,1,1,Wall Follow,3467,0,0,0,0.0,0,0,0.0,0.0,57647,-2,-3,0.7939100861549377,0.13555218279361725,-0.17727236449718475,0.20000000298023224,-0.10000000149011612,2254,340,32766,835,2123,3.14604115486145
2026-04-07T12:13:01.452,radio://0/80/2M,range,1,1,Wall Follow,3467,0,0,0,0.0,0,0,0.0,0.0,57647,-2,-3,0.7939100861549377,0.13555218279361725,-0.17727236449718475,0.20000000298023224,-0.10000000149011612,2229,360,32766,867,2128,3.124926805496216
2026-04-07T12:13:01.698,radio://0/80/2M,mission,1,1,Wall Follow,3467,0,0,0,0.0,0,0,0.0,0.0,57647,-2,-3,0.7938151955604553,0.13555218279361725,-0.17727236449718475,0.20000000298023224,-0.10000000149011612,2229,360,32766,867,2128,3.124926805496216
2026-04-07T12:13:01.700,radio://0/80/2M,flow,1,1,Wall Follow,3467,0,0,0,0.0,0,0,0.0,0.0,57897,-3,0,0.7938151955604553,0.11757049709558487,-0.17193688452243805,0.20000000298023224,-0.10000000149011612,2229,360,32766,867,2128,3.124926805496216
2026-04-07T12:13:01.703,radio://0/80/2M,range,1,1,Wall Follow,3467,0,0,0,0.0,0,0,0.0,0.0,57897,-3,0,0.7938151955604553,0.11757049709558487,-0.17193688452243805,0.20000000298023224,-0.10000000149011612,2191,385,32766,889,2133,3.135483980178833
2026-04-07T12:13:02.055,radio://0/80/2M,mission,1,1,Wall Follow,3467,0,0,0,0.0,0,0,0.0,0.0,57897,-3,0,0.7957871556282043,0.11757049709558487,-0.17193688452243805,0.20000000298023224,-0.10000000149011612,2191,385,32766,889,2133,3.135483980178833
2026-04-07T12:13:02.075,radio://0/80/2M,flow,1,1,Wall Follow,3467,0,0,0,0.0,0,0,0.0,0.0,58147,0,0,0.7957871556282043,0.11996037513017654,-0.18754787743091583,0.20000000298023224,0.0,2191,385,32766,889,2133,3.135483980178833
2026-04-07T12:13:02.077,radio://0/80/2M,range,1,1,Wall Follow,3467,0,0,0,0.0,0,0,0.0,0.0,58147,0,0,0.7957871556282043,0.11996037513017654,-0.18754787743091583,0.20000000298023224,0.0,2166,408,32766,32766,2132,3.124926805496216
2026-04-07T12:13:02.199,radio://0/80/2M,mission,1,1,Wall Follow,3467,0,0,0,0.0,0,0,0.0,0.0,58147,0,0,0.7964591979980469,0.11996037513017654,-0.18754787743091583,0.20000000298023224,0.0,2166,408,32766,32766,2132,3.124926805496216
2026-04-07T12:13:02.201,radio://0/80/2M,flow,1,1,Wall Follow,3683,0,0,0,0.0,0,0,0.0,0.0,58397,0,-4,0.7964591979980469,0.1272752285003662,-0.14960424602031708,0.20000000298023224,0.0,2166,408,32766,32766,2132,3.124926805496216
2026-04-07T12:13:02.203,radio://0/80/2M,range,1,1,Wall Follow,3683,0,0,0,0.0,0,0,0.0,0.0,58397,0,-4,0.7964591979980469,0.1272752285003662,-0.14960424602031708,0.20000000298023224,0.0,2136,449,32766,32766,2128,3.124926805496216
2026-04-07T12:13:02.448,radio://0/80/2M,mission,1,1,Wall Follow,3683,0,0,0,0.0,0,0,0.0,0.0,58397,0,-4,0.8004752993583679,0.1272752285003662,-0.14960424602031708,0.20000000298023224,0.0,2136,449,32766,32766,2128,3.124926805496216
2026-04-07T12:13:02.450,radio://0/80/2M,flow,1,1,Wall Follow,3683,0,0,0,0.0,0,0,0.0,0.0,58647,0,0,0.8004752993583679,0.16079676151275635,-0.08311109244823456,0.20000000298023224,0.0,2136,449,32766,32766,2128,3.124926805496216
2026-04-07T12:13:02.451,radio://0/80/2M,range,1,1,Wall Follow,3683,0,0,0,0.0,0,0,0.0,0.0,58647,0,0,0.8004752993583679,0.16079676151275635,-0.08311109244823456,0.20000000298023224,0.0,2116,465,32766,908,2129,3.1196482181549072
2026-04-07T12:13:02.698,radio://0/80/2M,mission,1,1,Wall Follow,3683,0,0,0,0.0,0,0,0.0,0.0,58647,0,0,0.8044420480728149,0.16079676151275635,-0.08311109244823456,0.20000000298023224,0.0,2116,465,32766,908,2129,3.1196482181549072
2026-04-07T12:13:02.700,radio://0/80/2M,flow,1,1,Wall Follow,3683,0,0,0,0.0,0,0,0.0,0.0,58897,-1,-1,0.8044420480728149,0.16329394280910492,-0.07931571453809738,0.20000000298023224,0.0,2116,465,32766,908,2129,3.1196482181549072
2026-04-07T12:13:02.701,radio://0/80/2M,range,1,1,Wall Follow,3683,0,0,0,0.0,0,0,0.0,0.0,58897,-1,-1,0.8044420480728149,0.16329394280910492,-0.07931571453809738,0.20000000298023224,0.0,2083,467,32766,32766,2120,3.1302053928375244
2026-04-07T12:13:02.947,radio://0/80/2M,mission,1,1,Wall Follow,3683,0,0,0,0.0,0,0,0.0,0.0,58897,-1,-1,0.8042575716972351,0.16329394280910492,-0.07931571453809738,0.20000000298023224,0.0,2083,467,32766,32766,2120,3.1302053928375244
2026-04-07T12:13:02.950,radio://0/80/2M,flow,1,1,Wall Follow,3683,0,0,0,0.0,0,0,0.0,0.0,59147,1,0,0.8042575716972351,0.16754820942878723,-0.09415112435817719,0.20000000298023224,0.0,2083,467,32766,32766,2120,3.1302053928375244
2026-04-07T12:13:02.951,radio://0/80/2M,range,1,1,Wall Follow,3683,0,0,0,0.0,0,0,0.0,0.0,59147,1,0,0.8042575716972351,0.16754820942878723,-0.09415112435817719,0.20000000298023224,0.0,2058,464,32766,32766,2117,3.124926805496216
2026-04-07T12:13:03.197,radio://0/80/2M,mission,1,1,Wall Follow,3683,0,0,0,0.0,0,0,0.0,0.0,59147,1,0,0.8062223792076111,0.16754820942878723,-0.09415112435817719,0.20000000298023224,0.0,2058,464,32766,32766,2117,3.124926805496216
2026-04-07T12:13:03.200,radio://0/80/2M,flow,1,1,Wall Follow,3913,0,0,0,0.0,0,0,0.0,0.0,59397,0,0,0.8062223792076111,0.17173069715499878,-0.11154058575630188,0.20000000298023224,0.0,2058,464,32766,32766,2117,3.124926805496216
2026-04-07T12:13:03.201,radio://0/80/2M,range,1,1,Wall Follow,3913,0,0,0,0.0,0,0,0.0,0.0,59397,0,0,0.8062223792076111,0.17173069715499878,-0.11154058575630188,0.20000000298023224,0.0,2019,470,32766,32766,2114,3.124926805496216
2026-04-07T12:13:03.447,radio://0/80/2M,mission,1,1,Wall Follow,3913,0,0,0,0.0,0,0,0.0,0.0,59397,0,0,0.803511917591095,0.17173069715499878,-0.11154058575630188,0.20000000298023224,0.0,2019,470,32766,32766,2114,3.124926805496216
2026-04-07T12:13:03.448,radio://0/80/2M,flow,1,1,Wall Follow,3913,0,0,0,0.0,0,0,0.0,0.0,59647,0,-1,0.803511917591095,0.16013513505458832,-0.08390869200229645,0.20000000298023224,0.0,2019,470,32766,32766,2114,3.124926805496216
2026-04-07T12:13:03.450,radio://0/80/2M,range,1,1,Wall Follow,3913,0,0,0,0.0,0,0,0.0,0.0,59647,0,-1,0.803511917591095,0.16013513505458832,-0.08390869200229645,0.20000000298023224,0.0,1996,476,32766,32766,2119,3.1143696308135986
2026-04-07T12:13:03.698,radio://0/80/2M,mission,1,1,Wall Follow,3913,0,0,0,0.0,0,0,0.0,0.0,59647,0,-1,0.8047838807106018,0.16013513505458832,-0.08390869200229645,0.20000000298023224,0.0,1996,476,32766,32766,2119,3.1143696308135986
2026-04-07T12:13:03.699,radio://0/80/2M,flow,1,1,Wall Follow,3913,0,0,0,0.0,0,0,0.0,0.0,59897,3,-2,0.8047838807106018,0.13037098944187164,-0.09566362202167511,0.20000000298023224,0.0,1996,476,32766,32766,2119,3.1143696308135986
2026-04-07T12:13:03.700,radio://0/80/2M,range,1,1,Wall Follow,3913,0,0,0,0.0,0,0,0.0,0.0,59897,3,-2,0.8047838807106018,0.13037098944187164,-0.09566362202167511,0.20000000298023224,0.0,1976,489,32766,856,2123,3.1196482181549072
2026-04-07T12:13:03.948,radio://0/80/2M,mission,1,1,Wall Follow,3913,0,0,0,0.0,0,0,0.0,0.0,59897,3,-2,0.7999939918518066,0.13037098944187164,-0.09566362202167511,0.20000000298023224,0.0,1976,489,32766,856,2123,3.1196482181549072
2026-04-07T12:13:03.950,radio://0/80/2M,flow,1,1,Wall Follow,3913,0,0,0,0.0,0,0,0.0,0.0,60147,0,0,0.7999939918518066,0.1413336843252182,-0.08795751631259918,0.20000000298023224,0.0,1976,489,32766,856,2123,3.1196482181549072
2026-04-07T12:13:03.952,radio://0/80/2M,range,1,1,Wall Follow,3913,0,0,0,0.0,0,0,0.0,0.0,60147,0,0,0.7999939918518066,0.1413336843252182,-0.08795751631259918,0.20000000298023224,0.0,1954,499,32766,863,2128,3.098533868789673
2026-04-07T12:13:04.197,radio://0/80/2M,mission,1,1,Wall Follow,3913,0,0,0,0.0,0,0,0.0,0.0,60147,0,0,0.7986732721328735,0.1413336843252182,-0.08795751631259918,0.20000000298023224,0.0,1954,499,32766,863,2128,3.098533868789673
2026-04-07T12:13:04.199,radio://0/80/2M,flow,1,1,Wall Follow,3913,0,0,0,0.0,0,0,0.0,0.0,60397,0,0,0.7986732721328735,0.15272940695285797,-0.10461711883544922,0.20000000298023224,0.0,1954,499,32766,863,2128,3.098533868789673
2026-04-07T12:13:04.200,radio://0/80/2M,range,1,1,Wall Follow,3913,0,0,0,0.0,0,0,0.0,0.0,60397,0,0,0.7986732721328735,0.15272940695285797,-0.10461711883544922,0.20000000298023224,0.0,1921,517,32766,936,2127,3.124926805496216
2026-04-07T12:13:04.448,radio://0/80/2M,mission,1,1,Wall Follow,3913,0,0,0,0.0,0,0,0.0,0.0,60397,0,0,0.8008821606636047,0.15272940695285797,-0.10461711883544922,0.20000000298023224,0.0,1921,517,32766,936,2127,3.124926805496216
2026-04-07T12:13:04.450,radio://0/80/2M,flow,1,1,Wall Follow,3913,0,0,0,0.0,0,0,0.0,0.0,60647,0,-3,0.8008821606636047,0.1648140847682953,-0.09594612568616867,0.20000000298023224,0.0,1921,517,32766,936,2127,3.124926805496216
2026-04-07T12:13:04.451,radio://0/80/2M,range,1,1,Wall Follow,3913,0,0,0,0.0,0,0,0.0,0.0,60647,0,-3,0.8008821606636047,0.1648140847682953,-0.09594612568616867,0.20000000298023224,0.0,1896,532,32766,1123,2121,3.10909104347229
2026-04-07T12:13:04.698,radio://0/80/2M,mission,1,1,Wall Follow,3913,0,0,0,0.0,0,0,0.0,0.0,60647,0,-3,0.8000433444976807,0.1648140847682953,-0.09594612568616867,0.20000000298023224,0.0,1896,532,32766,1123,2121,3.10909104347229
2026-04-07T12:13:04.699,radio://0/80/2M,flow,1,1,Wall Follow,3669,0,0,0,0.0,0,0,0.0,0.0,60897,0,0,0.8000433444976807,0.18540920317173004,-0.09006518870592117,0.20000000298023224,0.0,1896,532,32766,1123,2121,3.10909104347229
2026-04-07T12:13:04.700,radio://0/80/2M,range,1,1,Wall Follow,3669,0,0,0,0.0,0,0,0.0,0.0,60897,0,0,0.8000433444976807,0.18540920317173004,-0.09006518870592117,0.20000000298023224,0.0,1855,551,32766,2095,2128,3.1038124561309814
2026-04-07T12:13:04.946,radio://0/80/2M,mission,1,1,Wall Follow,3669,0,0,0,0.0,0,0,0.0,0.0,60897,0,0,0.7946583032608032,0.18540920317173004,-0.09006518870592117,0.20000000298023224,0.0,1855,551,32766,2095,2128,3.1038124561309814
2026-04-07T12:13:04.949,radio://0/80/2M,flow,1,1,Wall Follow,3669,0,0,0,0.0,0,0,0.0,0.0,61147,-3,0,0.7946583032608032,0.1663975566625595,-0.0671108290553093,0.20000000298023224,0.0,1855,551,32766,2095,2128,3.1038124561309814
2026-04-07T12:13:04.951,radio://0/80/2M,range,1,1,Wall Follow,3669,0,0,0,0.0,0,0,0.0,0.0,61147,-3,0,0.7946583032608032,0.1663975566625595,-0.0671108290553093,0.20000000298023224,0.0,1831,555,32766,32766,2134,3.0879766941070557
2026-04-07T12:13:05.197,radio://0/80/2M,mission,1,1,Wall Follow,3669,0,0,0,0.0,0,0,0.0,0.0,61147,-3,0,0.795699954032898,0.1663975566625595,-0.0671108290553093,0.20000000298023224,0.0,1831,555,32766,32766,2134,3.0879766941070557
2026-04-07T12:13:05.198,radio://0/80/2M,flow,1,1,Wall Follow,3669,0,0,0,0.0,0,0,0.0,0.0,61397,0,0,0.795699954032898,0.18249502778053284,-0.0617254264652729,0.20000000298023224,0.0,1831,555,32766,32766,2134,3.0879766941070557
2026-04-07T12:13:05.201,radio://0/80/2M,range,1,1,Wall Follow,3669,0,0,0,0.0,0,0,0.0,0.0,61397,0,0,0.795699954032898,0.18249502778053284,-0.0617254264652729,0.20000000298023224,0.0,1802,559,965,32766,2131,3.1038124561309814
2026-04-07T12:13:05.446,radio://0/80/2M,mission,1,1,Wall Follow,3669,0,0,0,0.0,0,0,0.0,0.0,61397,0,0,0.797260046005249,0.18249502778053284,-0.0617254264652729,0.20000000298023224,0.0,1802,559,965,32766,2131,3.1038124561309814
2026-04-07T12:13:05.447,radio://0/80/2M,flow,1,1,Wall Follow,3669,0,0,0,0.0,0,0,0.0,0.0,61647,0,0,0.797260046005249,0.179391011595726,-0.08293170481920242,0.20000000298023224,0.0,1802,559,965,32766,2131,3.1038124561309814
2026-04-07T12:13:05.449,radio://0/80/2M,range,1,1,Wall Follow,3669,0,0,0,0.0,0,0,0.0,0.0,61647,0,0,0.797260046005249,0.179391011595726,-0.08293170481920242,0.20000000298023224,0.0,1780,567,972,920,2131,3.1038124561309814
2026-04-07T12:13:05.698,radio://0/80/2M,mission,1,1,Wall Follow,3669,0,0,0,0.0,0,0,0.0,0.0,61647,0,0,0.7944497466087341,0.179391011595726,-0.08293170481920242,0.20000000298023224,0.0,1780,567,972,920,2131,3.1038124561309814
2026-04-07T12:13:05.699,radio://0/80/2M,flow,1,1,Wall Follow,3440,0,0,0,0.0,0,0,0.0,0.0,61897,0,-4,0.7944497466087341,0.17544302344322205,-0.12026339024305344,0.20000000298023224,0.0,1780,567,972,920,2131,3.1038124561309814
2026-04-07T12:13:05.700,radio://0/80/2M,range,1,1,Wall Follow,3440,0,0,0,0.0,0,0,0.0,0.0,61897,0,-4,0.7944497466087341,0.17544302344322205,-0.12026339024305344,0.20000000298023224,0.0,1752,572,966,32766,2128,3.0932552814483643
2026-04-07T12:13:05.946,radio://0/80/2M,mission,1,1,Wall Follow,3440,0,0,0,0.0,0,0,0.0,0.0,61897,0,-4,0.794903576374054,0.17544302344322205,-0.12026339024305344,0.20000000298023224,0.0,1752,572,966,32766,2128,3.0932552814483643
2026-04-07T12:13:05.947,radio://0/80/2M,flow,1,1,Wall Follow,3440,0,0,0,0.0,0,0,0.0,0.0,62147,-1,-1,0.794903576374054,0.16549371182918549,-0.1254623830318451,0.20000000298023224,0.0,1752,572,966,32766,2128,3.0932552814483643
2026-04-07T12:13:05.949,radio://0/80/2M,range,1,1,Wall Follow,3440,0,0,0,0.0,0,0,0.0,0.0,62147,-1,-1,0.794903576374054,0.16549371182918549,-0.1254623830318451,0.20000000298023224,0.0,1733,577,966,32766,2128,3.1038124561309814
2026-04-07T12:13:06.195,radio://0/80/2M,mission,1,1,Wall Follow,3440,0,0,0,0.0,0,0,0.0,0.0,62147,-1,-1,0.7951090335845947,0.16549371182918549,-0.1254623830318451,0.20000000298023224,0.0,1733,577,966,32766,2128,3.1038124561309814
2026-04-07T12:13:06.197,radio://0/80/2M,flow,1,1,Wall Follow,3440,0,0,0,0.0,0,0,0.0,0.0,62397,0,-2,0.7951090335845947,0.1595669984817505,-0.11054211109876633,0.20000000298023224,0.0,1733,577,966,32766,2128,3.1038124561309814
2026-04-07T12:13:06.198,radio://0/80/2M,range,1,1,Wall Follow,3440,0,0,0,0.0,0,0,0.0,0.0,62397,0,-2,0.7951090335845947,0.1595669984817505,-0.11054211109876633,0.20000000298023224,0.0,1703,578,957,32766,2120,3.082698106765747
2026-04-07T12:13:06.445,radio://0/80/2M,mission,1,1,Wall Follow,3440,0,0,0,0.0,0,0,0.0,0.0,62397,0,-2,0.7962892055511475,0.1595669984817505,-0.11054211109876633,0.20000000298023224,0.0,1703,578,957,32766,2120,3.082698106765747
2026-04-07T12:13:06.446,radio://0/80/2M,flow,1,1,Wall Follow,3440,0,0,0,0.0,0,0,0.0,0.0,62647,-3,0,0.7962892055511475,0.17639289796352386,-0.08063458651304245,0.20000000298023224,0.0,1703,578,957,32766,2120,3.082698106765747
2026-04-07T12:13:06.448,radio://0/80/2M,range,1,1,Wall Follow,3440,0,0,0,0.0,0,0,0.0,0.0,62647,-3,0,0.7962892055511475,0.17639289796352386,-0.08063458651304245,0.20000000298023224,0.0,1679,575,957,32766,2130,3.07214093208313
2026-04-07T12:13:06.695,radio://0/80/2M,mission,1,1,Wall Follow,3440,0,0,0,0.0,0,0,0.0,0.0,62647,-3,0,0.7988089919090271,0.17639289796352386,-0.08063458651304245,0.20000000298023224,0.0,1679,575,957,32766,2130,3.07214093208313
2026-04-07T12:13:06.696,radio://0/80/2M,flow,1,1,Wall Follow,3440,0,0,0,0.0,0,0,0.0,0.0,62897,0,0,0.7988089919090271,0.1886170208454132,-0.09341200441122055,0.20000000298023224,0.0,1679,575,957,32766,2130,3.07214093208313
2026-04-07T12:13:06.698,radio://0/80/2M,range,1,1,Wall Follow,3440,0,0,0,0.0,0,0,0.0,0.0,62897,0,0,0.7988089919090271,0.1886170208454132,-0.09341200441122055,0.20000000298023224,0.0,1642,570,958,32766,2126,3.082698106765747
2026-04-07T12:13:06.946,radio://0/80/2M,mission,1,1,Wall Follow,3440,0,0,0,0.0,0,0,0.0,0.0,62897,0,0,0.8005595207214355,0.1886170208454132,-0.09341200441122055,0.20000000298023224,0.0,1642,570,958,32766,2126,3.082698106765747
2026-04-07T12:13:06.947,radio://0/80/2M,flow,1,1,Wall Follow,3440,0,0,0,0.0,0,0,0.0,0.0,63147,-2,-2,0.8005595207214355,0.17082063853740692,-0.08653591573238373,0.20000000298023224,0.0,1642,570,958,32766,2126,3.082698106765747
2026-04-07T12:13:06.948,radio://0/80/2M,range,1,1,Wall Follow,3440,0,0,0,0.0,0,0,0.0,0.0,63147,-2,-2,0.8005595207214355,0.17082063853740692,-0.08653591573238373,0.20000000298023224,0.0,1616,567,953,32766,2119,3.066862106323242
2026-04-07T12:13:07.195,radio://0/80/2M,mission,1,1,Wall Follow,3440,0,0,0,0.0,0,0,0.0,0.0,63147,-2,-2,0.8010041117668152,0.17082063853740692,-0.08653591573238373,0.20000000298023224,0.0,1616,567,953,32766,2119,3.066862106323242
2026-04-07T12:13:07.196,radio://0/80/2M,flow,1,1,Wall Follow,3440,0,0,0,0.0,0,0,0.0,0.0,63397,1,0,0.8010041117668152,0.1476624608039856,-0.10204865038394928,0.20000000298023224,0.0,1616,567,953,32766,2119,3.066862106323242
2026-04-07T12:13:07.197,radio://0/80/2M,range,1,1,Wall Follow,3440,0,0,0,0.0,0,0,0.0,0.0,63397,1,0,0.8010041117668152,0.1476624608039856,-0.10204865038394928,0.20000000298023224,0.0,1591,570,951,32766,2126,3.0774195194244385
2026-04-07T12:13:07.445,radio://0/80/2M,mission,1,1,Wall Follow,3440,0,0,0,0.0,0,0,0.0,0.0,63397,1,0,0.7981206774711609,0.1476624608039856,-0.10204865038394928,0.20000000298023224,0.0,1591,570,951,32766,2126,3.0774195194244385
2026-04-07T12:13:07.446,radio://0/80/2M,flow,1,1,Wall Follow,3440,0,0,0,0.0,0,0,0.0,0.0,63647,0,-4,0.7981206774711609,0.1638142466545105,-0.13163863122463226,0.20000000298023224,0.0,1591,570,951,32766,2126,3.0774195194244385
2026-04-07T12:13:07.447,radio://0/80/2M,range,1,1,Wall Follow,3440,0,0,0,0.0,0,0,0.0,0.0,63647,0,-4,0.7981206774711609,0.1638142466545105,-0.13163863122463226,0.20000000298023224,0.0,1574,574,945,32766,2120,3.0615835189819336
2026-04-07T12:13:07.694,radio://0/80/2M,mission,1,1,Wall Follow,3440,0,0,0,0.0,0,0,0.0,0.0,63647,0,-4,0.7997442483901978,0.1638142466545105,-0.13163863122463226,0.20000000298023224,0.0,1574,574,945,32766,2120,3.0615835189819336
2026-04-07T12:13:07.695,radio://0/80/2M,flow,1,1,Wall Follow,3440,0,0,0,0.0,0,0,0.0,0.0,63897,1,0,0.7997442483901978,0.16687165200710297,-0.1339879035949707,0.20000000298023224,0.0,1574,574,945,32766,2120,3.0615835189819336
2026-04-07T12:13:07.698,radio://0/80/2M,range,1,1,Wall Follow,3440,0,0,0,0.0,0,0,0.0,0.0,63897,1,0,0.7997442483901978,0.16687165200710297,-0.1339879035949707,0.20000000298023224,0.0,1542,586,935,32766,2122,3.07214093208313
2026-04-07T12:13:07.944,radio://0/80/2M,mission,1,1,Wall Follow,3440,0,0,0,0.0,0,0,0.0,0.0,63897,1,0,0.8071687817573547,0.16687165200710297,-0.1339879035949707,0.20000000298023224,0.0,1542,586,935,32766,2122,3.07214093208313
2026-04-07T12:13:07.945,radio://0/80/2M,flow,1,1,Wall Follow,3440,0,0,0,0.0,0,0,0.0,0.0,64147,0,0,0.8071687817573547,0.13245759904384613,-0.08083221316337585,0.20000000298023224,0.0,1542,586,935,32766,2122,3.07214093208313
2026-04-07T12:13:07.947,radio://0/80/2M,range,1,1,Wall Follow,3440,0,0,0,0.0,0,0,0.0,0.0,64147,0,0,0.8071687817573547,0.13245759904384613,-0.08083221316337585,0.20000000298023224,0.0,1528,594,932,711,2118,3.0774195194244385
2026-04-07T12:13:08.194,radio://0/80/2M,mission,1,1,Wall Follow,3440,0,0,0,0.0,0,0,0.0,0.0,64147,0,0,0.8064509034156799,0.13245759904384613,-0.08083221316337585,0.20000000298023224,0.0,1528,594,932,711,2118,3.0774195194244385
2026-04-07T12:13:08.196,radio://0/80/2M,flow,1,1,Wall Follow,3440,0,0,0,0.0,0,0,0.0,0.0,64397,0,0,0.8064509034156799,0.14630477130413055,-0.07619999349117279,0.20000000298023224,0.0,1528,594,932,711,2118,3.0774195194244385
2026-04-07T12:13:08.197,radio://0/80/2M,range,1,1,Wall Follow,3440,0,0,0,0.0,0,0,0.0,0.0,64397,0,0,0.8064509034156799,0.14630477130413055,-0.07619999349117279,0.20000000298023224,0.0,1500,589,928,32766,2117,3.0774195194244385
2026-04-07T12:13:08.443,radio://0/80/2M,mission,1,1,Wall Follow,3440,0,0,0,0.0,0,0,0.0,0.0,64397,0,0,0.8036116361618042,0.14630477130413055,-0.07619999349117279,0.20000000298023224,0.0,1500,589,928,32766,2117,3.0774195194244385
2026-04-07T12:13:08.444,radio://0/80/2M,flow,1,1,Wall Follow,3440,0,0,0,0.0,0,0,0.0,0.0,64647,0,0,0.8036116361618042,0.17570827901363373,-0.11045392602682114,0.20000000298023224,0.0,1500,589,928,32766,2117,3.0774195194244385
2026-04-07T12:13:08.446,radio://0/80/2M,range,1,1,Wall Follow,3440,0,0,0,0.0,0,0,0.0,0.0,64647,0,0,0.8036116361618042,0.17570827901363373,-0.11045392602682114,0.20000000298023224,0.0,1480,592,923,705,2111,3.0615835189819336
2026-04-07T12:13:08.696,radio://0/80/2M,mission,1,1,Wall Follow,3440,0,0,0,0.0,0,0,0.0,0.0,64647,0,0,0.8022902607917786,0.17570827901363373,-0.11045392602682114,0.20000000298023224,0.0,1480,592,923,705,2111,3.0615835189819336
2026-04-07T12:13:08.698,radio://0/80/2M,flow,1,1,Wall Follow,3440,0,0,0,0.0,0,0,0.0,0.0,64897,0,1,0.8022902607917786,0.16564545035362244,-0.09217692166566849,0.20000000298023224,0.10000000149011612,1480,592,923,705,2111,3.0615835189819336
2026-04-07T12:13:08.699,radio://0/80/2M,range,1,1,Wall Follow,3440,0,0,0,0.0,0,0,0.0,0.0,64897,0,1,0.8022902607917786,0.16564545035362244,-0.09217692166566849,0.20000000298023224,0.10000000149011612,1444,605,918,32766,2123,3.0774195194244385
2026-04-07T12:13:08.944,radio://0/80/2M,mission,1,1,Wall Follow,3440,0,0,0,0.0,0,0,0.0,0.0,64897,0,1,0.801461398601532,0.16564545035362244,-0.09217692166566849,0.20000000298023224,0.10000000149011612,1444,605,918,32766,2123,3.0774195194244385
2026-04-07T12:13:08.947,radio://0/80/2M,flow,1,1,Wall Follow,3440,0,0,0,0.0,0,0,0.0,0.0,65147,-2,0,0.801461398601532,0.18818365037441254,-0.001912372070364654,0.20000000298023224,0.10000000149011612,1444,605,918,32766,2123,3.0774195194244385
2026-04-07T12:13:08.948,radio://0/80/2M,range,1,1,Wall Follow,3440,0,0,0,0.0,0,0,0.0,0.0,65147,-2,0,0.801461398601532,0.18818365037441254,-0.001912372070364654,0.20000000298023224,0.10000000149011612,1427,610,921,758,2129,3.082698106765747
2026-04-07T12:13:09.193,radio://0/80/2M,mission,1,1,Wall Follow,3440,0,0,0,0.0,0,0,0.0,0.0,65147,-2,0,0.7982089519500732,0.18818365037441254,-0.001912372070364654,0.20000000298023224,0.10000000149011612,1427,610,921,758,2129,3.082698106765747
2026-04-07T12:13:09.195,radio://0/80/2M,flow,1,1,Wall Follow,3440,0,0,0,0.0,0,0,0.0,0.0,65397,0,0,0.7982089519500732,0.23204678297042847,0.04240025207400322,0.20000000298023224,0.0,1427,610,921,758,2129,3.082698106765747
2026-04-07T12:13:09.196,radio://0/80/2M,range,1,1,Wall Follow,3440,0,0,0,0.0,0,0,0.0,0.0,65397,0,0,0.7982089519500732,0.23204678297042847,0.04240025207400322,0.20000000298023224,0.0,1394,594,944,32766,2122,3.07214093208313
2026-04-07T12:13:09.443,radio://0/80/2M,mission,1,1,Wall Follow,3440,0,0,0,0.0,0,0,0.0,0.0,65397,0,0,0.8031713366508484,0.23204678297042847,0.04240025207400322,0.20000000298023224,0.0,1394,594,944,32766,2122,3.07214093208313
2026-04-07T12:13:09.445,radio://0/80/2M,flow,1,1,Wall Follow,3440,0,0,0,0.0,0,0,0.0,0.0,65647,0,0,0.8031713366508484,0.20895741879940033,-0.009772668592631817,0.20000000298023224,0.0,1394,594,944,32766,2122,3.07214093208313
2026-04-07T12:13:09.446,radio://0/80/2M,range,1,1,Wall Follow,3440,0,0,0,0.0,0,0,0.0,0.0,65647,0,0,0.8031713366508484,0.20895741879940033,-0.009772668592631817,0.20000000298023224,0.0,1370,590,958,32766,2122,3.0932552814483643
2026-04-07T12:13:09.694,radio://0/80/2M,mission,1,1,Wall Follow,3440,0,0,0,0.0,0,0,0.0,0.0,65647,0,0,0.8033661246299744,0.20895741879940033,-0.009772668592631817,0.20000000298023224,0.0,1370,590,958,32766,2122,3.0932552814483643
2026-04-07T12:13:09.696,radio://0/80/2M,flow,1,1,Wall Follow,3440,0,0,0,0.0,0,0,0.0,0.0,65897,4,0,0.8033661246299744,0.1278986632823944,-0.13543902337551117,0.20000000298023224,0.0,1370,590,958,32766,2122,3.0932552814483643
2026-04-07T12:13:09.697,radio://0/80/2M,range,1,1,Wall Follow,3440,0,0,0,0.0,0,0,0.0,0.0,65897,4,0,0.8033661246299744,0.1278986632823944,-0.13543902337551117,0.20000000298023224,0.0,1324,598,940,32766,2113,3.082698106765747
2026-04-07T12:13:09.942,radio://0/80/2M,mission,1,1,Wall Follow,3440,0,0,0,0.0,0,0,0.0,0.0,65897,4,0,0.8014734983444214,0.1278986632823944,-0.13543902337551117,0.20000000298023224,0.0,1324,598,940,32766,2113,3.082698106765747
2026-04-07T12:13:09.944,radio://0/80/2M,flow,1,1,Wall Follow,3440,0,0,0,0.0,0,0,0.0,0.0,66147,3,0,0.8014734983444214,0.1253744661808014,-0.11735834926366806,0.20000000298023224,0.10000000149011612,1324,598,940,32766,2113,3.082698106765747
2026-04-07T12:13:09.946,radio://0/80/2M,range,1,1,Wall Follow,3440,0,0,0,0.0,0,0,0.0,0.0,66147,3,0,0.8014734983444214,0.1253744661808014,-0.11735834926366806,0.20000000298023224,0.10000000149011612,1304,613,918,32766,2117,3.066862106323242
2026-04-07T12:13:10.194,radio://0/80/2M,mission,1,1,Wall Follow,3440,0,0,0,0.0,0,0,0.0,0.0,66147,3,0,0.8064361214637756,0.1253744661808014,-0.11735834926366806,0.20000000298023224,0.10000000149011612,1304,613,918,32766,2117,3.066862106323242
2026-04-07T12:13:10.195,radio://0/80/2M,flow,1,1,Wall Follow,3440,0,0,0,0.0,0,0,0.0,0.0,66397,0,-4,0.8064361214637756,0.19967660307884216,-0.017671197652816772,0.20000000298023224,0.10000000149011612,1304,613,918,32766,2117,3.066862106323242
2026-04-07T12:13:10.196,radio://0/80/2M,range,1,1,Wall Follow,3440,0,0,0,0.0,0,0,0.0,0.0,66397,0,-4,0.8064361214637756,0.19967660307884216,-0.017671197652816772,0.20000000298023224,0.10000000149011612,1273,628,905,32766,2115,3.0932552814483643
2026-04-07T12:13:10.443,radio://0/80/2M,mission,1,5,Transition,3440,0,0,0,0.0,0,0,0.0,0.0,66397,0,-4,0.8074570894241333,0.19967660307884216,-0.017671197652816772,0.20000000298023224,0.10000000149011612,1273,628,905,32766,2115,3.0932552814483643
2026-04-07T12:13:10.444,radio://0/80/2M,flow,1,5,Transition,3883,0,0,0,0.0,0,0,0.0,0.0,66647,0,-2,0.8074570894241333,0.1805955469608307,0.03710785508155823,0.0,0.0,1273,628,905,32766,2115,3.0932552814483643
2026-04-07T12:13:10.445,radio://0/80/2M,range,1,5,Transition,3883,0,0,0,0.0,0,0,0.0,0.0,66647,0,-2,0.8074570894241333,0.1805955469608307,0.03710785508155823,0.0,0.0,1240,619,921,32766,2113,3.082698106765747
2026-04-07T12:13:10.692,radio://0/80/2M,mission,1,2,Scan,3883,0,0,0,0.0,0,0,0.0,0.0,66647,0,-2,0.8093951344490051,0.1805955469608307,0.03710785508155823,0.0,0.0,1240,619,921,32766,2113,3.082698106765747
2026-04-07T12:13:10.694,radio://0/80/2M,flow,1,2,Scan,4125,0,0,0,0.0,0,0,0.0,0.0,66897,0,2,0.8093951344490051,0.02020384930074215,0.025910500437021255,0.0,0.0,1240,619,921,32766,2113,3.082698106765747
2026-04-07T12:13:10.696,radio://0/80/2M,range,1,2,Scan,4125,0,0,0,0.0,0,0,0.0,0.0,66897,0,2,0.8093951344490051,0.02020384930074215,0.025910500437021255,0.0,0.0,1200,603,941,32766,2121,3.0510263442993164
2026-04-07T12:13:10.941,radio://0/80/2M,mission,1,2,Scan,4125,0,0,0,0.0,0,0,0.0,0.0,66897,0,2,0.8004478216171265,0.02020384930074215,0.025910500437021255,0.0,0.0,1200,603,941,32766,2121,3.0510263442993164
2026-04-07T12:13:10.943,radio://0/80/2M,flow,1,2,Scan,4125,0,0,0,0.0,0,0,0.0,0.0,67147,1,1,0.8004478216171265,-0.12265411764383316,-0.034371376037597656,0.0,0.0,1200,603,941,32766,2121,3.0510263442993164
2026-04-07T12:13:10.945,radio://0/80/2M,range,1,2,Scan,4125,0,0,0,0.0,0,0,0.0,0.0,67147,1,1,0.8004478216171265,-0.12265411764383316,-0.034371376037597656,0.0,0.0,1203,598,931,32766,2128,3.040469169616699
2026-04-07T12:13:11.192,radio://0/80/2M,mission,1,2,Scan,4125,0,0,0,0.0,0,0,0.0,0.0,67147,1,1,0.7979164123535156,-0.12265411764383316,-0.034371376037597656,0.0,0.0,1203,598,931,32766,2128,3.040469169616699
2026-04-07T12:13:11.193,radio://0/80/2M,flow,1,2,Scan,3868,0,0,0,0.0,0,0,0.0,0.0,67397,2,1,0.7979164123535156,-0.12634018063545227,-0.09973055869340897,0.0,0.0,1203,598,931,32766,2128,3.040469169616699
2026-04-07T12:13:11.195,radio://0/80/2M,range,1,2,Scan,3868,0,0,0,0.0,0,0,0.0,0.0,67397,2,1,0.7979164123535156,-0.12634018063545227,-0.09973055869340897,0.0,0.0,1215,612,912,32766,2117,3.0615835189819336
2026-04-07T12:13:11.441,radio://0/80/2M,mission,1,2,Scan,3868,0,0,0,0.0,0,0,0.0,0.0,67397,2,1,0.809001088142395,-0.12634018063545227,-0.09973055869340897,0.0,0.0,1215,612,912,32766,2117,3.0615835189819336
2026-04-07T12:13:11.442,radio://0/80/2M,flow,1,2,Scan,3868,0,0,0,0.0,0,0,0.0,0.0,67647,0,0,0.809001088142395,-0.06020961329340935,-0.03799454867839813,0.0,0.0,1215,612,912,32766,2117,3.0615835189819336
2026-04-07T12:13:11.444,radio://0/80/2M,range,1,2,Scan,3868,0,0,0,0.0,0,0,0.0,0.0,67647,0,0,0.809001088142395,-0.06020961329340935,-0.03799454867839813,0.0,0.0,1241,616,2093,748,2116,3.0879766941070557
2026-04-07T12:13:11.691,radio://0/80/2M,mission,1,2,Scan,3868,0,0,0,0.0,0,0,0.0,0.0,67647,0,0,0.8037980794906616,-0.06020961329340935,-0.03799454867839813,0.0,0.0,1241,616,2093,748,2116,3.0879766941070557
2026-04-07T12:13:11.692,radio://0/80/2M,flow,1,2,Scan,3868,0,0,0,0.0,0,0,0.0,0.0,67897,0,0,0.8037980794906616,-0.009936601854860783,0.12079473584890366,0.0,0.0,1241,616,2093,748,2116,3.0879766941070557
2026-04-07T12:13:11.694,radio://0/80/2M,range,1,2,Scan,3868,0,0,0,0.0,0,0,0.0,0.0,67897,0,0,0.8037980794906616,-0.009936601854860783,0.12079473584890366,0.0,0.0,1303,647,2228,799,2123,3.029911994934082
2026-04-07T12:13:11.941,radio://0/80/2M,mission,1,2,Scan,3868,0,0,0,0.0,0,0,0.0,0.0,67897,0,0,0.7947176098823547,-0.009936601854860783,0.12079473584890366,0.0,0.0,1303,647,2228,799,2123,3.029911994934082
2026-04-07T12:13:11.942,radio://0/80/2M,flow,1,2,Scan,3868,0,0,0,0.0,0,0,0.0,0.0,68147,-5,-3,0.7947176098823547,0.01841680333018303,0.10744082182645798,0.0,0.0,1303,647,2228,799,2123,3.029911994934082
2026-04-07T12:13:11.944,radio://0/80/2M,range,1,2,Scan,3868,0,0,0,0.0,0,0,0.0,0.0,68147,-5,-3,0.7947176098823547,0.01841680333018303,0.10744082182645798,0.0,0.0,1366,661,32766,32766,2126,3.0087976455688477
2026-04-07T12:13:12.192,radio://0/80/2M,mission,1,2,Scan,3868,0,0,0,0.0,0,0,0.0,0.0,68147,-5,-3,0.794430673122406,0.01841680333018303,0.10744082182645798,0.0,0.0,1366,661,32766,32766,2126,3.0087976455688477
2026-04-07T12:13:12.193,radio://0/80/2M,flow,1,2,Scan,3868,0,0,0,0.0,0,0,0.0,0.0,68397,10,0,0.794430673122406,-0.013988691382110119,-0.0806390568614006,0.0,0.0,1366,661,32766,32766,2126,3.0087976455688477
2026-04-07T12:13:12.194,radio://0/80/2M,range,1,2,Scan,3868,0,0,0,0.0,0,0,0.0,0.0,68397,10,0,0.794430673122406,-0.013988691382110119,-0.0806390568614006,0.0,0.0,1255,714,32766,32766,2127,3.019354820251465
2026-04-07T12:13:12.441,radio://0/80/2M,mission,1,2,Scan,3868,0,0,0,0.0,0,0,0.0,0.0,68397,10,0,0.7911717891693115,-0.013988691382110119,-0.0806390568614006,0.0,0.0,1255,714,32766,32766,2127,3.019354820251465
2026-04-07T12:13:12.443,radio://0/80/2M,flow,1,2,Scan,3868,0,0,0,0.0,0,0,0.0,0.0,68647,0,2,0.7911717891693115,-0.0598997063934803,-0.11655755341053009,0.0,0.0,1255,714,32766,32766,2127,3.019354820251465
2026-04-07T12:13:12.444,radio://0/80/2M,range,1,2,Scan,3868,0,0,0,0.0,0,0,0.0,0.0,68647,0,2,0.7911717891693115,-0.0598997063934803,-0.11655755341053009,0.0,0.0,1025,790,32766,32766,2124,3.0140762329101562
2026-04-07T12:13:12.691,radio://0/80/2M,mission,1,2,Scan,3868,0,0,0,0.0,0,0,0.0,0.0,68647,0,2,0.7969117760658264,-0.0598997063934803,-0.11655755341053009,0.0,0.0,1025,790,32766,32766,2124,3.0140762329101562
2026-04-07T12:13:12.693,radio://0/80/2M,flow,1,2,Scan,3868,0,0,0,0.0,0,0,0.0,0.0,68897,-1,0,0.7969117760658264,-0.09356103092432022,-0.02861134335398674,0.0,0.0,1025,790,32766,32766,2124,3.0140762329101562
2026-04-07T12:13:12.694,radio://0/80/2M,range,1,2,Scan,3868,0,0,0,0.0,0,0,0.0,0.0,68897,-1,0,0.7969117760658264,-0.09356103092432022,-0.02861134335398674,0.0,0.0,866,998,32766,1061,2126,3.0140762329101562
2026-04-07T12:13:12.941,radio://0/80/2M,mission,1,2,Scan,3868,0,0,0,0.0,0,0,0.0,0.0,68897,-1,0,0.8014840483665466,-0.09356103092432022,-0.02861134335398674,0.0,0.0,866,998,32766,1061,2126,3.0140762329101562
2026-04-07T12:13:12.942,radio://0/80/2M,flow,1,2,Scan,3868,0,0,0,0.0,0,0,0.0,0.0,69147,0,-1,0.8014840483665466,-0.061043042689561844,0.03680194541811943,0.0,0.0,866,998,32766,1061,2126,3.0140762329101562
2026-04-07T12:13:12.943,radio://0/80/2M,range,1,2,Scan,3868,0,0,0,0.0,0,0,0.0,0.0,69147,0,-1,0.8014840483665466,-0.061043042689561844,0.03680194541811943,0.0,0.0,749,1142,1379,1016,2123,3.056304931640625
2026-04-07T12:13:13.189,radio://0/80/2M,mission,1,2,Scan,3868,0,0,0,0.0,0,0,0.0,0.0,69147,0,-1,0.8105955123901367,-0.061043042689561844,0.03680194541811943,0.0,0.0,749,1142,1379,1016,2123,3.056304931640625
2026-04-07T12:13:13.191,radio://0/80/2M,flow,1,2,Scan,3868,0,0,0,0.0,0,0,0.0,0.0,69397,-1,0,0.8105955123901367,-0.013197721913456917,0.018719103187322617,0.0,0.0,749,1142,1379,1016,2123,3.056304931640625
2026-04-07T12:13:13.194,radio://0/80/2M,range,1,2,Scan,3868,0,0,0,0.0,0,0,0.0,0.0,69397,-1,0,0.8105955123901367,-0.013197721913456917,0.018719103187322617,0.0,0.0,622,32766,1285,984,2113,3.0879766941070557
2026-04-07T12:13:13.440,radio://0/80/2M,mission,1,2,Scan,3868,0,0,0,0.0,0,0,0.0,0.0,69397,-1,0,0.8042339086532593,-0.013197721913456917,0.018719103187322617,0.0,0.0,622,32766,1285,984,2113,3.0879766941070557
2026-04-07T12:13:13.441,radio://0/80/2M,flow,1,2,Scan,4109,0,0,0,0.0,0,0,0.0,0.0,69647,2,0,0.8042339086532593,0.03696907311677933,-0.11391719430685043,0.0,0.0,622,32766,1285,984,2113,3.0879766941070557
2026-04-07T12:13:13.443,radio://0/80/2M,range,1,2,Scan,4109,0,0,0,0.0,0,0,0.0,0.0,69647,2,0,0.8042339086532593,0.03696907311677933,-0.11391719430685043,0.0,0.0,561,32766,1230,977,2118,3.040469169616699
2026-04-07T12:13:13.690,radio://0/80/2M,mission,1,2,Scan,4109,0,0,0,0.0,0,0,0.0,0.0,69647,2,0,0.7939410209655762,0.03696907311677933,-0.11391719430685043,0.0,0.0,561,32766,1230,977,2118,3.040469169616699
2026-04-07T12:13:13.692,radio://0/80/2M,flow,1,2,Scan,4109,0,0,0,0.0,0,0,0.0,0.0,69897,2,3,0.7939410209655762,-0.057113680988550186,-0.14751942455768585,0.0,0.0,561,32766,1230,977,2118,3.040469169616699
2026-04-07T12:13:13.693,radio://0/80/2M,range,1,2,Scan,4109,0,0,0,0.0,0,0,0.0,0.0,69897,2,3,0.7939410209655762,-0.057113680988550186,-0.14751942455768585,0.0,0.0,546,32766,1192,1007,2131,3.040469169616699
2026-04-07T12:13:13.940,radio://0/80/2M,mission,1,2,Scan,4109,0,0,0,0.0,0,0,0.0,0.0,69897,2,3,0.7940742373466492,-0.057113680988550186,-0.14751942455768585,0.0,0.0,546,32766,1192,1007,2131,3.040469169616699
2026-04-07T12:13:13.941,radio://0/80/2M,flow,1,2,Scan,4109,0,0,0,0.0,0,0,0.0,0.0,70147,0,-1,0.7940742373466492,-0.08883719891309738,-0.09764095395803452,0.0,0.0,546,32766,1192,1007,2131,3.040469169616699
2026-04-07T12:13:13.944,radio://0/80/2M,range,1,2,Scan,4109,0,0,0,0.0,0,0,0.0,0.0,70147,0,-1,0.7940742373466492,-0.08883719891309738,-0.09764095395803452,0.0,0.0,542,860,1209,2273,2136,3.0510263442993164
2026-04-07T12:13:14.190,radio://0/80/2M,mission,1,2,Scan,4109,0,0,0,0.0,0,0,0.0,0.0,70147,0,-1,0.7989062666893005,-0.08883719891309738,-0.09764095395803452,0.0,0.0,542,860,1209,2273,2136,3.0510263442993164
2026-04-07T12:13:14.192,radio://0/80/2M,flow,1,2,Scan,3853,0,0,0,0.0,0,0,0.0,0.0,70397,-3,0,0.7989062666893005,-0.15383385121822357,-0.11637300997972488,0.0,0.0,542,860,1209,2273,2136,3.0510263442993164
2026-04-07T12:13:14.193,radio://0/80/2M,range,1,2,Scan,3853,0,0,0,0.0,0,0,0.0,0.0,70397,-3,0,0.7989062666893005,-0.15383385121822357,-0.11637300997972488,0.0,0.0,572,32766,1307,2316,2118,3.0510263442993164
2026-04-07T12:13:14.439,radio://0/80/2M,mission,1,2,Scan,3853,0,0,0,0.0,0,0,0.0,0.0,70397,-3,0,0.8042520880699158,-0.15383385121822357,-0.11637300997972488,0.0,0.0,572,32766,1307,2316,2118,3.0510263442993164
2026-04-07T12:13:14.440,radio://0/80/2M,flow,1,2,Scan,3853,0,0,0,0.0,0,0,0.0,0.0,70647,-1,9,0.8042520880699158,-0.024678818881511688,-0.1925119161605835,0.0,0.0,572,32766,1307,2316,2118,3.0510263442993164
2026-04-07T12:13:14.442,radio://0/80/2M,range,1,2,Scan,3853,0,0,0,0.0,0,0,0.0,0.0,70647,-1,9,0.8042520880699158,-0.024678818881511688,-0.1925119161605835,0.0,0.0,641,32766,1360,32766,2133,3.056304931640625
2026-04-07T12:13:14.688,radio://0/80/2M,mission,1,2,Scan,3853,0,0,0,0.0,0,0,0.0,0.0,70647,-1,9,0.8019013404846191,-0.024678818881511688,-0.1925119161605835,0.0,0.0,641,32766,1360,32766,2133,3.056304931640625
2026-04-07T12:13:14.690,radio://0/80/2M,flow,1,2,Scan,3853,0,0,0,0.0,0,0,0.0,0.0,70897,0,0,0.8019013404846191,0.08269688487052917,-0.17076623439788818,0.0,0.0,641,32766,1360,32766,2133,3.056304931640625
2026-04-07T12:13:14.692,radio://0/80/2M,range,1,2,Scan,3853,0,0,0,0.0,0,0,0.0,0.0,70897,0,0,0.8019013404846191,0.08269688487052917,-0.17076623439788818,0.0,0.0,761,32766,1107,32766,2119,3.0615835189819336
2026-04-07T12:13:14.939,radio://0/80/2M,mission,1,2,Scan,3853,0,0,0,0.0,0,0,0.0,0.0,70897,0,0,0.8041456937789917,0.08269688487052917,-0.17076623439788818,0.0,0.0,761,32766,1107,32766,2119,3.0615835189819336
2026-04-07T12:13:14.940,radio://0/80/2M,flow,1,2,Scan,3853,0,0,0,0.0,0,0,0.0,0.0,71147,0,2,0.8041456937789917,0.08146754652261734,-0.08279645442962646,0.0,0.0,761,32766,1107,32766,2119,3.0615835189819336
2026-04-07T12:13:14.942,radio://0/80/2M,range,1,2,Scan,3853,0,0,0,0.0,0,0,0.0,0.0,71147,0,2,0.8041456937789917,0.08146754652261734,-0.08279645442962646,0.0,0.0,862,32766,949,32766,2118,3.07214093208313
2026-04-07T12:13:15.188,radio://0/80/2M,mission,1,2,Scan,3853,0,0,0,0.0,0,0,0.0,0.0,71147,0,2,0.8026407361030579,0.08146754652261734,-0.08279645442962646,0.0,0.0,862,32766,949,32766,2118,3.07214093208313
2026-04-07T12:13:15.190,radio://0/80/2M,flow,1,2,Scan,4093,0,0,0,0.0,0,0,0.0,0.0,71397,0,0,0.8026407361030579,-0.06777293980121613,-0.00296512758359313,0.0,0.0,862,32766,949,32766,2118,3.07214093208313
2026-04-07T12:13:15.192,radio://0/80/2M,range,1,2,Scan,4093,0,0,0,0.0,0,0,0.0,0.0,71397,0,0,0.8026407361030579,-0.06777293980121613,-0.00296512758359313,0.0,0.0,1008,1058,816,32766,2128,3.07214093208313
2026-04-07T12:13:15.444,radio://0/80/2M,mission,1,2,Scan,4093,0,0,0,0.0,0,0,0.0,0.0,71397,0,0,0.7956233024597168,-0.06777293980121613,-0.00296512758359313,0.0,0.0,1008,1058,816,32766,2128,3.07214093208313
2026-04-07T12:13:15.447,radio://0/80/2M,flow,1,2,Scan,3838,0,0,0,0.0,0,0,0.0,0.0,71647,-2,-5,0.7956233024597168,-0.14773057401180267,-0.01989714801311493,0.0,0.0,1008,1058,816,32766,2128,3.07214093208313
2026-04-07T12:13:15.450,radio://0/80/2M,range,1,2,Scan,3838,0,0,0,0.0,0,0,0.0,0.0,71647,-2,-5,0.7956233024597168,-0.14773057401180267,-0.01989714801311493,0.0,0.0,1117,1020,727,1392,2127,3.066862106323242
2026-04-07T12:13:15.689,radio://0/80/2M,mission,1,2,Scan,3838,0,0,0,0.0,0,0,0.0,0.0,71647,-2,-5,0.7974803447723389,-0.14773057401180267,-0.01989714801311493,0.0,0.0,1117,1020,727,1392,2127,3.066862106323242
2026-04-07T12:13:15.691,radio://0/80/2M,flow,1,2,Scan,3599,0,0,0,0.0,0,0,0.0,0.0,71897,0,0,0.7974803447723389,-0.006479552946984768,-0.13415905833244324,0.0,0.0,1117,1020,727,1392,2127,3.066862106323242
2026-04-07T12:13:15.692,radio://0/80/2M,range,1,2,Scan,3599,0,0,0,0.0,0,0,0.0,0.0,71897,0,0,0.7974803447723389,-0.006479552946984768,-0.13415905833244324,0.0,0.0,32766,930,659,1356,2138,3.082698106765747
2026-04-07T12:13:15.938,radio://0/80/2M,mission,1,2,Scan,3599,0,0,0,0.0,0,0,0.0,0.0,71897,0,0,0.7944222688674927,-0.006479552946984768,-0.13415905833244324,0.0,0.0,32766,930,659,1356,2138,3.082698106765747
2026-04-07T12:13:15.940,radio://0/80/2M,flow,1,2,Scan,3599,0,0,0,0.0,0,0,0.0,0.0,72147,-1,0,0.7944222688674927,0.1531282216310501,-0.13947266340255737,0.0,0.0,32766,930,659,1356,2138,3.082698106765747
2026-04-07T12:13:15.941,radio://0/80/2M,range,1,2,Scan,3599,0,0,0,0.0,0,0,0.0,0.0,72147,-1,0,0.7944222688674927,0.1531282216310501,-0.13947266340255737,0.0,0.0,32766,884,649,1314,2134,3.07214093208313
2026-04-07T12:13:16.189,radio://0/80/2M,mission,1,2,Scan,3599,0,0,0,0.0,0,0,0.0,0.0,72147,-1,0,0.7922337651252747,0.1531282216310501,-0.13947266340255737,0.0,0.0,32766,884,649,1314,2134,3.07214093208313
2026-04-07T12:13:16.190,radio://0/80/2M,flow,1,2,Scan,3599,0,0,0,0.0,0,0,0.0,0.0,72397,0,3,0.7922337651252747,0.21836991608142853,-0.0635329931974411,0.0,0.0,32766,884,649,1314,2134,3.07214093208313
2026-04-07T12:13:16.191,radio://0/80/2M,range,1,2,Scan,3599,0,0,0,0.0,0,0,0.0,0.0,72397,0,3,0.7922337651252747,0.21836991608142853,-0.0635329931974411,0.0,0.0,32766,912,625,1230,2128,3.066862106323242
2026-04-07T12:13:16.437,radio://0/80/2M,mission,1,2,Scan,3599,0,0,0,0.0,0,0,0.0,0.0,72397,0,3,0.8066295981407166,0.21836991608142853,-0.0635329931974411,0.0,0.0,32766,912,625,1230,2128,3.066862106323242
2026-04-07T12:13:16.439,radio://0/80/2M,flow,1,2,Scan,3599,0,0,0,0.0,0,0,0.0,0.0,72647,0,0,0.8066295981407166,0.11668050289154053,0.0021173222921788692,0.0,0.0,32766,912,625,1230,2128,3.066862106323242
2026-04-07T12:13:16.441,radio://0/80/2M,range,1,2,Scan,3599,0,0,0,0.0,0,0,0.0,0.0,72647,0,0,0.8066295981407166,0.11668050289154053,0.0021173222921788692,0.0,0.0,32766,2231,616,1227,2117,3.0932552814483643
2026-04-07T12:13:16.688,radio://0/80/2M,mission,1,2,Scan,3599,0,0,0,0.0,0,0,0.0,0.0,72647,0,0,0.8115057349205017,0.11668050289154053,0.0021173222921788692,0.0,0.0,32766,2231,616,1227,2117,3.0932552814483643
2026-04-07T12:13:16.690,radio://0/80/2M,flow,1,2,Scan,3599,0,0,0,0.0,0,0,0.0,0.0,72897,0,-2,0.8115057349205017,0.0013465461088344455,0.0029955939389765263,0.0,0.0,32766,2231,616,1227,2117,3.0932552814483643
2026-04-07T12:13:16.692,radio://0/80/2M,range,1,2,Scan,3599,0,0,0,0.0,0,0,0.0,0.0,72897,0,-2,0.8115057349205017,0.0013465461088344455,0.0029955939389765263,0.0,0.0,32766,32766,662,1331,2111,3.0879766941070557
2026-04-07T12:13:16.937,radio://0/80/2M,mission,1,2,Scan,3599,0,0,0,0.0,0,0,0.0,0.0,72897,0,-2,0.7996573448181152,0.0013465461088344455,0.0029955939389765263,0.0,0.0,32766,32766,662,1331,2111,3.0879766941070557
2026-04-07T12:13:16.938,radio://0/80/2M,flow,1,2,Scan,3599,0,0,0,0.0,0,0,0.0,0.0,73147,-1,-1,0.7996573448181152,8.597087435191497e-05,-0.06886178255081177,0.0,0.0,32766,32766,662,1331,2111,3.0879766941070557
2026-04-07T12:13:16.940,radio://0/80/2M,range,1,2,Scan,3599,0,0,0,0.0,0,0,0.0,0.0,73147,-1,-1,0.7996573448181152,8.597087435191497e-05,-0.06886178255081177,0.0,0.0,32766,32766,729,1326,2122,3.07214093208313
2026-04-07T12:13:17.187,radio://0/80/2M,mission,1,2,Scan,3599,0,0,0,0.0,0,0,0.0,0.0,73147,-1,-1,0.793724536895752,8.597087435191497e-05,-0.06886178255081177,0.0,0.0,32766,32766,729,1326,2122,3.07214093208313
2026-04-07T12:13:17.188,radio://0/80/2M,flow,1,2,Scan,3599,0,0,0,0.0,0,0,0.0,0.0,73397,0,0,0.793724536895752,0.07452435791492462,-0.05036402493715286,0.0,0.0,32766,32766,729,1326,2122,3.07214093208313
2026-04-07T12:13:17.190,radio://0/80/2M,range,1,2,Scan,3599,0,0,0,0.0,0,0,0.0,0.0,73397,0,0,0.793724536895752,0.07452435791492462,-0.05036402493715286,0.0,0.0,32766,32766,877,1045,2131,3.0774195194244385
2026-04-07T12:13:17.437,radio://0/80/2M,mission,1,2,Scan,3599,0,0,0,0.0,0,0,0.0,0.0,73397,0,0,0.7996444702148438,0.07452435791492462,-0.05036402493715286,0.0,0.0,32766,32766,877,1045,2131,3.0774195194244385
2026-04-07T12:13:17.438,radio://0/80/2M,flow,1,2,Scan,3599,0,0,0,0.0,0,0,0.0,0.0,73647,-3,1,0.7996444702148438,0.1999431848526001,-0.017828743904829025,0.0,0.0,32766,32766,877,1045,2131,3.0774195194244385
2026-04-07T12:13:17.440,radio://0/80/2M,range,1,2,Scan,3599,0,0,0,0.0,0,0,0.0,0.0,73647,-3,1,0.7996444702148438,0.1999431848526001,-0.017828743904829025,0.0,0.0,32766,32766,1003,942,2128,3.0879766941070557
2026-04-07T12:13:17.688,radio://0/80/2M,mission,1,2,Scan,3599,0,0,0,0.0,0,0,0.0,0.0,73647,-3,1,0.8040977716445923,0.1999431848526001,-0.017828743904829025,0.0,0.0,32766,32766,1003,942,2128,3.0879766941070557
2026-04-07T12:13:17.690,radio://0/80/2M,flow,1,2,Scan,3823,0,0,0,0.0,0,0,0.0,0.0,73897,0,0,0.8040977716445923,0.14748486876487732,0.11193136125802994,0.0,0.0,32766,32766,1003,942,2128,3.0879766941070557
2026-04-07T12:13:17.691,radio://0/80/2M,range,1,2,Scan,3823,0,0,0,0.0,0,0,0.0,0.0,73897,0,0,0.8040977716445923,0.14748486876487732,0.11193136125802994,0.0,0.0,1002,32766,1150,797,2124,3.0932552814483643
2026-04-07T12:13:17.937,radio://0/80/2M,mission,1,2,Scan,3823,0,0,0,0.0,0,0,0.0,0.0,73897,0,0,0.7989511489868164,0.14748486876487732,0.11193136125802994,0.0,0.0,1002,32766,1150,797,2124,3.0932552814483643
2026-04-07T12:13:17.938,radio://0/80/2M,flow,1,2,Scan,3823,0,0,0,0.0,0,0,0.0,0.0,74147,4,1,0.7989511489868164,-0.005261460784822702,0.15767325460910797,0.0,0.0,1002,32766,1150,797,2124,3.0932552814483643
2026-04-07T12:13:17.939,radio://0/80/2M,range,1,2,Scan,3823,0,0,0,0.0,0,0,0.0,0.0,74147,4,1,0.7989511489868164,-0.005261460784822702,0.15767325460910797,0.0,0.0,985,1282,1262,717,2113,3.0774195194244385
2026-04-07T12:13:18.187,radio://0/80/2M,mission,1,2,Scan,3823,0,0,0,0.0,0,0,0.0,0.0,74147,4,1,0.7977893352508545,-0.005261460784822702,0.15767325460910797,0.0,0.0,985,1282,1262,717,2113,3.0774195194244385
2026-04-07T12:13:18.188,radio://0/80/2M,flow,1,2,Scan,3823,0,0,0,0.0,0,0,0.0,0.0,74397,0,-1,0.7977893352508545,-0.011812557466328144,0.01848171465098858,0.0,0.0,985,1282,1262,717,2113,3.0774195194244385
2026-04-07T12:13:18.190,radio://0/80/2M,range,1,2,Scan,3823,0,0,0,0.0,0,0,0.0,0.0,74397,0,-1,0.7977893352508545,-0.011812557466328144,0.01848171465098858,0.0,0.0,934,1255,32766,644,2124,3.0879766941070557
2026-04-07T12:13:18.436,radio://0/80/2M,mission,1,2,Scan,3823,0,0,0,0.0,0,0,0.0,0.0,74397,0,-1,0.8046776652336121,-0.011812557466328144,0.01848171465098858,0.0,0.0,934,1255,32766,644,2124,3.0879766941070557
2026-04-07T12:13:18.437,radio://0/80/2M,flow,1,2,Scan,3585,0,0,0,0.0,0,0,0.0,0.0,74647,-5,-3,0.8046776652336121,0.11795737594366074,-0.06623216718435287,0.0,0.0,934,1255,32766,644,2124,3.0879766941070557
2026-04-07T12:13:18.439,radio://0/80/2M,range,1,2,Scan,3585,0,0,0,0.0,0,0,0.0,0.0,74647,-5,-3,0.8046776652336121,0.11795737594366074,-0.06623216718435287,0.0,0.0,901,1218,32766,623,2123,3.098533868789673
2026-04-07T12:13:18.686,radio://0/80/2M,mission,1,2,Scan,3585,0,0,0,0.0,0,0,0.0,0.0,74647,-5,-3,0.8019587993621826,0.11795737594366074,-0.06623216718435287,0.0,0.0,901,1218,32766,623,2123,3.098533868789673
2026-04-07T12:13:18.688,radio://0/80/2M,flow,1,2,Scan,3809,0,0,0,0.0,0,0,0.0,0.0,74897,-1,5,0.8019587993621826,0.19676679372787476,0.07890699058771133,0.0,0.0,901,1218,32766,623,2123,3.098533868789673
2026-04-07T12:13:18.689,radio://0/80/2M,range,1,2,Scan,3809,0,0,0,0.0,0,0,0.0,0.0,74897,-1,5,0.8019587993621826,0.19676679372787476,0.07890699058771133,0.0,0.0,32766,1163,919,612,2126,3.082698106765747
2026-04-07T12:13:18.936,radio://0/80/2M,mission,1,2,Scan,3809,0,0,0,0.0,0,0,0.0,0.0,74897,-1,5,0.7968435287475586,0.19676679372787476,0.07890699058771133,0.0,0.0,32766,1163,919,612,2126,3.082698106765747
2026-04-07T12:13:18.937,radio://0/80/2M,flow,1,2,Scan,4047,0,0,0,0.0,0,0,0.0,0.0,75147,-3,7,0.7968435287475586,0.10267996042966843,0.19662824273109436,0.0,0.0,32766,1163,919,612,2126,3.082698106765747
2026-04-07T12:13:18.939,radio://0/80/2M,range,1,2,Scan,4047,0,0,0,0.0,0,0,0.0,0.0,75147,-3,7,0.7968435287475586,0.10267996042966843,0.19662824273109436,0.0,0.0,2257,1158,966,605,2127,3.0774195194244385
2026-04-07T12:13:19.285,radio://0/80/2M,mission,1,2,Scan,4047,0,0,0,0.0,0,0,0.0,0.0,75147,-3,7,0.7950002551078796,0.10267996042966843,0.19662824273109436,0.0,0.0,2257,1158,966,605,2127,3.0774195194244385
2026-04-07T12:13:19.288,radio://0/80/2M,flow,1,2,Scan,4299,0,0,0,0.0,0,0,0.0,0.0,75397,0,0,0.7950002551078796,-0.07487550377845764,0.12010946124792099,0.0,0.0,2257,1158,966,605,2127,3.0774195194244385
2026-04-07T12:13:19.298,radio://0/80/2M,range,1,2,Scan,4299,0,0,0,0.0,0,0,0.0,0.0,75397,0,0,0.7950002551078796,-0.07487550377845764,0.12010946124792099,0.0,0.0,32766,1241,32766,599,2127,3.0879766941070557
2026-04-07T12:13:19.436,radio://0/80/2M,mission,1,2,Scan,4299,0,0,0,0.0,0,0,0.0,0.0,75397,0,0,0.8010367155075073,-0.07487550377845764,0.12010946124792099,0.0,0.0,32766,1241,32766,599,2127,3.0879766941070557
2026-04-07T12:13:19.437,radio://0/80/2M,flow,1,2,Scan,3780,0,0,0,0.0,0,0,0.0,0.0,75647,1,-2,0.8010367155075073,-0.05977389216423035,0.00022706088202539831,0.0,0.0,32766,1241,32766,599,2127,3.0879766941070557
2026-04-07T12:13:19.438,radio://0/80/2M,range,1,2,Scan,3780,0,0,0,0.0,0,0,0.0,0.0,75647,1,-2,0.8010367155075073,-0.05977389216423035,0.00022706088202539831,0.0,0.0,32766,1282,32766,643,2116,3.0932552814483643
2026-04-07T12:13:19.685,radio://0/80/2M,mission,1,2,Scan,3780,0,0,0,0.0,0,0,0.0,0.0,75647,1,-2,0.8069687485694885,-0.05977389216423035,0.00022706088202539831,0.0,0.0,32766,1282,32766,643,2116,3.0932552814483643
2026-04-07T12:13:19.686,radio://0/80/2M,flow,1,2,Scan,3780,0,0,0,0.0,0,0,0.0,0.0,75897,0,0,0.8069687485694885,0.08349253982305527,0.04384390637278557,0.0,0.0,32766,1282,32766,643,2116,3.0932552814483643
2026-04-07T12:13:19.688,radio://0/80/2M,range,1,2,Scan,3780,0,0,0,0.0,0,0,0.0,0.0,75897,0,0,0.8069687485694885,0.08349253982305527,0.04384390637278557,0.0,0.0,32766,1034,32766,785,2126,3.098533868789673
2026-04-07T12:13:19.935,radio://0/80/2M,mission,1,2,Scan,3780,0,0,0,0.0,0,0,0.0,0.0,75897,0,0,0.7991949319839478,0.08349253982305527,0.04384390637278557,0.0,0.0,32766,1034,32766,785,2126,3.098533868789673
2026-04-07T12:13:19.936,radio://0/80/2M,flow,1,2,Scan,4267,0,0,0,0.0,0,0,0.0,0.0,76147,-1,-1,0.7991949319839478,0.15196597576141357,0.11057338863611221,0.0,0.0,32766,1034,32766,785,2126,3.098533868789673
2026-04-07T12:13:19.938,radio://0/80/2M,range,1,2,Scan,4267,0,0,0,0.0,0,0,0.0,0.0,76147,-1,-1,0.7991949319839478,0.15196597576141357,0.11057338863611221,0.0,0.0,32766,878,32766,918,2120,3.07214093208313
2026-04-07T12:13:20.185,radio://0/80/2M,mission,1,2,Scan,4267,0,0,0,0.0,0,0,0.0,0.0,76147,-1,-1,0.7992923855781555,0.15196597576141357,0.11057338863611221,0.0,0.0,32766,878,32766,918,2120,3.07214093208313
2026-04-07T12:13:20.186,radio://0/80/2M,flow,1,2,Scan,4533,0,0,0,0.0,0,0,0.0,0.0,76397,1,0,0.7992923855781555,0.04749368503689766,0.1319900006055832,0.0,0.0,32766,878,32766,918,2120,3.07214093208313
2026-04-07T12:13:20.188,radio://0/80/2M,range,1,2,Scan,4533,0,0,0,0.0,0,0,0.0,0.0,76397,1,0,0.7992923855781555,0.04749368503689766,0.1319900006055832,0.0,0.0,1227,732,1065,1113,2123,3.0879766941070557
2026-04-07T12:13:20.434,radio://0/80/2M,mission,1,2,Scan,4533,0,0,0,0.0,0,0,0.0,0.0,76397,1,0,0.8009700775146484,0.04749368503689766,0.1319900006055832,0.0,0.0,1227,732,1065,1113,2123,3.0879766941070557
2026-04-07T12:13:20.436,radio://0/80/2M,flow,1,2,Scan,4816,0,0,0,0.0,0,0,0.0,0.0,76647,-12,7,0.8009700775146484,-0.029588010162115097,0.16922111809253693,0.0,0.0,1227,732,1065,1113,2123,3.0879766941070557
2026-04-07T12:13:20.438,radio://0/80/2M,range,1,2,Scan,4816,0,0,0,0.0,0,0,0.0,0.0,76647,-12,7,0.8009700775146484,-0.029588010162115097,0.16922111809253693,0.0,0.0,1148,652,1013,1243,2124,3.098533868789673
2026-04-07T12:13:20.685,radio://0/80/2M,mission,1,2,Scan,4816,0,0,0,0.0,0,0,0.0,0.0,76647,-12,7,0.8018470406532288,-0.029588010162115097,0.16922111809253693,0.0,0.0,1148,652,1013,1243,2124,3.098533868789673
2026-04-07T12:13:20.686,radio://0/80/2M,flow,1,2,Scan,4816,0,0,0,0.0,0,0,0.0,0.0,76897,0,0,0.8018470406532288,-0.06436531990766525,0.13107746839523315,0.0,0.0,1148,652,1013,1243,2124,3.098533868789673
2026-04-07T12:13:20.687,radio://0/80/2M,range,1,2,Scan,4816,0,0,0,0.0,0,0,0.0,0.0,76897,0,0,0.8018470406532288,-0.06436531990766525,0.13107746839523315,0.0,0.0,1087,589,1003,32766,2124,3.098533868789673
2026-04-07T12:13:20.934,radio://0/80/2M,mission,1,5,Transition,4816,0,0,0,0.0,0,0,0.0,0.0,76897,0,0,0.8001852631568909,-0.06436531990766525,0.13107746839523315,0.0,0.0,1087,589,1003,32766,2124,3.098533868789673
2026-04-07T12:13:20.936,radio://0/80/2M,flow,1,5,Transition,4816,0,0,0,0.0,0,0,0.0,0.0,77147,-1,0,0.8001852631568909,-0.029206478968262672,0.044356007128953934,0.0,0.0,1087,589,1003,32766,2124,3.098533868789673
2026-04-07T12:13:20.938,radio://0/80/2M,range,1,5,Transition,4816,0,0,0,0.0,0,0,0.0,0.0,77147,-1,0,0.8001852631568909,-0.029206478968262672,0.044356007128953934,0.0,0.0,1064,583,1054,32766,2115,3.0879766941070557
2026-04-07T12:13:21.186,radio://0/80/2M,mission,1,0,Reacquire Wall,4816,0,0,0,0.0,0,0,0.0,0.0,77147,-1,0,0.7988604307174683,-0.029206478968262672,0.044356007128953934,0.0,0.0,1064,583,1054,32766,2115,3.0879766941070557
2026-04-07T12:13:21.189,radio://0/80/2M,flow,1,0,Reacquire Wall,4816,0,0,0,0.0,0,0,0.0,0.0,77397,-1,4,0.7988604307174683,0.03872716799378395,-0.00428328150883317,0.20000000298023224,0.0,1064,583,1054,32766,2115,3.0879766941070557
2026-04-07T12:13:21.189,radio://0/80/2M,range,1,0,Reacquire Wall,4816,0,0,0,0.0,0,0,0.0,0.0,77397,-1,4,0.7988604307174683,0.03872716799378395,-0.00428328150883317,0.20000000298023224,0.0,1045,587,2241,32766,2119,3.098533868789673
2026-04-07T12:13:21.433,radio://0/80/2M,mission,1,0,Reacquire Wall,4816,0,0,0,0.0,0,0,0.0,0.0,77397,-1,4,0.79344242811203,0.03872716799378395,-0.00428328150883317,0.20000000298023224,0.0,1045,587,2241,32766,2119,3.098533868789673
2026-04-07T12:13:21.435,radio://0/80/2M,flow,1,0,Reacquire Wall,4816,0,0,0,0.0,0,0,0.0,0.0,77647,2,-1,0.79344242811203,0.12249302864074707,-0.044667281210422516,0.20000000298023224,0.0,1045,587,2241,32766,2119,3.098533868789673
2026-04-07T12:13:21.436,radio://0/80/2M,range,1,0,Reacquire Wall,4816,0,0,0,0.0,0,0,0.0,0.0,77647,2,-1,0.79344242811203,0.12249302864074707,-0.044667281210422516,0.20000000298023224,0.0,1013,596,2286,32766,2118,3.0932552814483643
2026-04-07T12:13:21.684,radio://0/80/2M,mission,1,0,Reacquire Wall,4816,0,0,0,0.0,0,0,0.0,0.0,77647,2,-1,0.7974936962127686,0.12249302864074707,-0.044667281210422516,0.20000000298023224,0.0,1013,596,2286,32766,2118,3.0932552814483643
2026-04-07T12:13:21.685,radio://0/80/2M,flow,1,0,Reacquire Wall,6518,0,0,0,0.0,0,0,0.0,0.0,77897,0,-4,0.7974936962127686,0.2316586673259735,-0.16135884821414948,0.20000000298023224,0.0,1013,596,2286,32766,2118,3.0932552814483643
2026-04-07T12:13:21.686,radio://0/80/2M,range,1,0,Reacquire Wall,6518,0,0,0,0.0,0,0,0.0,0.0,77897,0,-4,0.7974936962127686,0.2316586673259735,-0.16135884821414948,0.20000000298023224,0.0,919,625,32766,32766,2127,3.098533868789673
2026-04-07T12:13:21.934,radio://0/80/2M,mission,1,0,Reacquire Wall,6518,0,0,0,0.0,0,0,0.0,0.0,77897,0,-4,0.8031947612762451,0.2316586673259735,-0.16135884821414948,0.20000000298023224,0.0,919,625,32766,32766,2127,3.098533868789673
2026-04-07T12:13:21.935,radio://0/80/2M,flow,1,0,Reacquire Wall,5372,0,0,0,0.0,0,0,0.0,0.0,78147,-2,0,0.8031947612762451,0.22977882623672485,-0.08723489940166473,0.20000000298023224,0.0,919,625,32766,32766,2127,3.098533868789673
2026-04-07T12:13:21.937,radio://0/80/2M,range,1,0,Reacquire Wall,5372,0,0,0,0.0,0,0,0.0,0.0,78147,-2,0,0.8031947612762451,0.22977882623672485,-0.08723489940166473,0.20000000298023224,0.0,843,631,32766,32766,2118,3.098533868789673
2026-04-07T12:13:22.184,radio://0/80/2M,mission,1,0,Reacquire Wall,5372,0,0,0,0.0,0,0,0.0,0.0,78147,-2,0,0.8046267032623291,0.22977882623672485,-0.08723489940166473,0.20000000298023224,0.0,843,631,32766,32766,2118,3.098533868789673
2026-04-07T12:13:22.186,radio://0/80/2M,flow,1,0,Reacquire Wall,5037,0,0,0,0.0,0,0,0.0,0.0,78397,1,0,0.8046267032623291,0.1906140148639679,-0.04844262823462486,0.20000000298023224,0.0,843,631,32766,32766,2118,3.098533868789673
2026-04-07T12:13:22.187,radio://0/80/2M,range,1,0,Reacquire Wall,5037,0,0,0,0.0,0,0,0.0,0.0,78397,1,0,0.8046267032623291,0.1906140148639679,-0.04844262823462486,0.20000000298023224,0.0,751,625,32766,1174,2114,3.0879766941070557
2026-04-07T12:13:22.433,radio://0/80/2M,mission,1,0,Reacquire Wall,5037,0,0,0,0.0,0,0,0.0,0.0,78397,1,0,0.8012876510620117,0.1906140148639679,-0.04844262823462486,0.20000000298023224,0.0,751,625,32766,1174,2114,3.0879766941070557
2026-04-07T12:13:22.434,radio://0/80/2M,flow,1,0,Reacquire Wall,4723,0,0,0,0.0,0,0,0.0,0.0,78647,0,0,0.8012876510620117,0.1784406155347824,-0.038702040910720825,0.20000000298023224,0.0,751,625,32766,1174,2114,3.0879766941070557
2026-04-07T12:13:22.436,radio://0/80/2M,range,1,0,Reacquire Wall,4723,0,0,0,0.0,0,0,0.0,0.0,78647,0,0,0.8012876510620117,0.1784406155347824,-0.038702040910720825,0.20000000298023224,0.0,709,617,32766,32766,2115,3.098533868789673
2026-04-07T12:13:22.683,radio://0/80/2M,mission,1,0,Reacquire Wall,4723,0,0,0,0.0,0,0,0.0,0.0,78647,0,0,0.8073747158050537,0.1784406155347824,-0.038702040910720825,0.20000000298023224,0.0,709,617,32766,32766,2115,3.098533868789673
2026-04-07T12:13:22.685,radio://0/80/2M,flow,1,0,Reacquire Wall,4428,0,0,0,0.0,0,0,0.0,0.0,78897,0,0,0.8073747158050537,0.1515793651342392,-0.012639131397008896,0.0,0.0,709,617,32766,32766,2115,3.098533868789673
2026-04-07T12:13:22.687,radio://0/80/2M,range,1,0,Reacquire Wall,4428,0,0,0,0.0,0,0,0.0,0.0,78897,0,0,0.8073747158050537,0.1515793651342392,-0.012639131397008896,0.0,0.0,658,613,32766,1114,2119,3.1038124561309814
2026-04-07T12:13:22.932,radio://0/80/2M,mission,1,0,Reacquire Wall,4428,0,0,0,0.0,0,0,0.0,0.0,78897,0,0,0.8070425391197205,0.1515793651342392,-0.012639131397008896,0.0,0.0,658,613,32766,1114,2119,3.1038124561309814
2026-04-07T12:13:22.935,radio://0/80/2M,flow,1,0,Reacquire Wall,4428,0,0,0,0.0,0,0,0.0,0.0,79147,0,0,0.8070425391197205,-0.012833512388169765,0.004694191738963127,0.0,0.0,658,613,32766,1114,2119,3.1038124561309814
2026-04-07T12:13:22.936,radio://0/80/2M,range,1,0,Reacquire Wall,4428,0,0,0,0.0,0,0,0.0,0.0,79147,0,0,0.8070425391197205,-0.012833512388169765,0.004694191738963127,0.0,0.0,638,610,32766,32766,2119,3.10909104347229
2026-04-07T12:13:23.182,radio://0/80/2M,mission,1,0,Reacquire Wall,4428,0,0,0,0.0,0,0,0.0,0.0,79147,0,0,0.796930193901062,-0.012833512388169765,0.004694191738963127,0.0,0.0,638,610,32766,32766,2119,3.10909104347229
2026-04-07T12:13:23.183,radio://0/80/2M,flow,1,0,Reacquire Wall,4428,0,0,0,0.0,0,0,0.0,0.0,79397,0,1,0.796930193901062,-0.07473833113908768,0.0024336164351552725,0.0,0.0,638,610,32766,32766,2119,3.10909104347229
2026-04-07T12:13:23.185,radio://0/80/2M,range,1,0,Reacquire Wall,4428,0,0,0,0.0,0,0,0.0,0.0,79397,0,1,0.796930193901062,-0.07473833113908768,0.0024336164351552725,0.0,0.0,662,614,32766,32766,2124,3.07214093208313
2026-04-07T12:13:23.432,radio://0/80/2M,mission,1,0,Reacquire Wall,4428,0,0,0,0.0,0,0,0.0,0.0,79397,0,1,0.794245719909668,-0.07473833113908768,0.0024336164351552725,0.0,0.0,662,614,32766,32766,2124,3.07214093208313
2026-04-07T12:13:23.434,radio://0/80/2M,flow,1,0,Reacquire Wall,4428,0,0,0,0.0,0,0,0.0,0.0,79647,0,-4,0.794245719909668,-0.03809483349323273,-0.008037944324314594,0.0,0.0,662,614,32766,32766,2124,3.07214093208313
2026-04-07T12:13:23.435,radio://0/80/2M,range,1,0,Reacquire Wall,4428,0,0,0,0.0,0,0,0.0,0.0,79647,0,-4,0.794245719909668,-0.03809483349323273,-0.008037944324314594,0.0,0.0,683,615,32766,32766,2125,3.0774195194244385
2026-04-07T12:13:23.682,radio://0/80/2M,mission,1,0,Reacquire Wall,4428,0,0,0,0.0,0,0,0.0,0.0,79647,0,-4,0.7972173094749451,-0.03809483349323273,-0.008037944324314594,0.0,0.0,683,615,32766,32766,2125,3.0774195194244385
2026-04-07T12:13:23.683,radio://0/80/2M,flow,1,0,Reacquire Wall,4428,0,0,0,0.0,0,0,0.0,0.0,79897,0,0,0.7972173094749451,-0.0074518038891255856,-0.005553986877202988,0.0,0.0,683,615,32766,32766,2125,3.0774195194244385
2026-04-07T12:13:23.685,radio://0/80/2M,range,1,0,Reacquire Wall,4428,0,0,0,0.0,0,0,0.0,0.0,79897,0,0,0.7972173094749451,-0.0074518038891255856,-0.005553986877202988,0.0,0.0,690,617,32766,32766,2126,3.0932552814483643
2026-04-07T12:13:23.932,radio://0/80/2M,mission,1,0,Reacquire Wall,4428,0,0,0,0.0,0,0,0.0,0.0,79897,0,0,0.7992457151412964,-0.0074518038891255856,-0.005553986877202988,0.0,0.0,690,617,32766,32766,2126,3.0932552814483643
2026-04-07T12:13:23.933,radio://0/80/2M,flow,1,0,Reacquire Wall,4428,0,0,0,0.0,0,0,0.0,0.0,80147,0,-2,0.7992457151412964,-0.007196022663265467,-0.005908990744501352,0.0,0.0,690,617,32766,32766,2126,3.0932552814483643
2026-04-07T12:13:23.935,radio://0/80/2M,range,1,0,Reacquire Wall,4428,0,0,0,0.0,0,0,0.0,0.0,80147,0,-2,0.7992457151412964,-0.007196022663265467,-0.005908990744501352,0.0,0.0,694,631,32766,32766,2125,3.0932552814483643
2026-04-07T12:13:24.181,radio://0/80/2M,mission,1,0,Reacquire Wall,4428,0,0,0,0.0,0,0,0.0,0.0,80147,0,-2,0.7979001402854919,-0.007196022663265467,-0.005908990744501352,0.0,0.0,694,631,32766,32766,2125,3.0932552814483643
2026-04-07T12:13:24.183,radio://0/80/2M,flow,1,0,Reacquire Wall,4428,0,0,0,0.0,0,0,0.0,0.0,80397,-3,2,0.7979001402854919,0.011492162011563778,0.006784464698284864,0.0,0.0,694,631,32766,32766,2125,3.0932552814483643
2026-04-07T12:13:24.185,radio://0/80/2M,range,1,0,Reacquire Wall,4428,0,0,0,0.0,0,0,0.0,0.0,80397,-3,2,0.7979001402854919,0.011492162011563778,0.006784464698284864,0.0,0.0,722,655,32766,32766,2124,3.082698106765747
2026-04-07T12:13:24.431,radio://0/80/2M,mission,1,0,Reacquire Wall,4428,0,0,0,0.0,0,0,0.0,0.0,80397,-3,2,0.7917761206626892,0.011492162011563778,0.006784464698284864,0.0,0.0,722,655,32766,32766,2124,3.082698106765747
2026-04-07T12:13:24.433,radio://0/80/2M,flow,1,0,Reacquire Wall,4428,0,0,0,0.0,0,0,0.0,0.0,80647,5,0,0.7917761206626892,-0.008203590288758278,0.004685655236244202,0.0,0.0,722,655,32766,32766,2124,3.082698106765747
2026-04-07T12:13:24.434,radio://0/80/2M,range,1,0,Reacquire Wall,4428,0,0,0,0.0,0,0,0.0,0.0,80647,5,0,0.7917761206626892,-0.008203590288758278,0.004685655236244202,0.0,0.0,757,692,1222,32766,2132,3.082698106765747
2026-04-07T12:13:24.681,radio://0/80/2M,mission,1,0,Reacquire Wall,4428,0,0,0,0.0,0,0,0.0,0.0,80647,5,0,0.7968584895133972,-0.008203590288758278,0.004685655236244202,0.0,0.0,757,692,1222,32766,2132,3.082698106765747
2026-04-07T12:13:24.683,radio://0/80/2M,flow,1,0,Reacquire Wall,4428,0,0,0,0.0,0,0,0.0,0.0,80897,3,0,0.7968584895133972,-0.017611773684620857,0.01098382007330656,0.0,0.0,757,692,1222,32766,2132,3.082698106765747
2026-04-07T12:13:24.684,radio://0/80/2M,range,1,0,Reacquire Wall,4428,0,0,0,0.0,0,0,0.0,0.0,80897,3,0,0.7968584895133972,-0.017611773684620857,0.01098382007330656,0.0,0.0,839,772,1125,1063,2122,3.0932552814483643
2026-04-07T12:13:24.931,radio://0/80/2M,mission,1,5,Transition,4428,0,0,0,0.0,0,0,0.0,0.0,80897,3,0,0.79707932472229,-0.017611773684620857,0.01098382007330656,0.0,0.0,839,772,1125,1063,2122,3.0932552814483643
2026-04-07T12:13:24.932,radio://0/80/2M,flow,1,5,Transition,4428,0,0,0,0.0,0,0,0.0,0.0,81147,-1,-1,0.79707932472229,0.010348735377192497,0.022163957357406616,0.0,0.0,839,772,1125,1063,2122,3.0932552814483643
2026-04-07T12:13:24.934,radio://0/80/2M,range,1,5,Transition,4428,0,0,0,0.0,0,0,0.0,0.0,81147,-1,-1,0.79707932472229,0.010348735377192497,0.022163957357406616,0.0,0.0,913,885,1175,933,2122,3.082698106765747
2026-04-07T12:13:25.181,radio://0/80/2M,mission,1,5,Transition,4428,0,0,0,0.0,0,0,0.0,0.0,81147,-1,-1,0.7931885719299316,0.010348735377192497,0.022163957357406616,0.0,0.0,913,885,1175,933,2122,3.082698106765747
2026-04-07T12:13:25.182,radio://0/80/2M,flow,1,5,Transition,4428,0,0,0,0.0,0,0,0.0,0.0,81397,0,-4,0.7931885719299316,0.0034794751554727554,0.009772922843694687,0.0,0.0,913,885,1175,933,2122,3.082698106765747
2026-04-07T12:13:25.184,radio://0/80/2M,range,1,5,Transition,4428,0,0,0,0.0,0,0,0.0,0.0,81397,0,-4,0.7931885719299316,0.0034794751554727554,0.009772922843694687,0.0,0.0,32766,966,1240,882,2137,3.0774195194244385
2026-04-07T12:13:25.430,radio://0/80/2M,mission,1,1,Wall Follow,4428,0,0,0,0.0,0,0,0.0,0.0,81397,0,-4,0.7937985062599182,0.0034794751554727554,0.009772922843694687,0.0,0.0,32766,966,1240,882,2137,3.0774195194244385
2026-04-07T12:13:25.432,radio://0/80/2M,flow,1,1,Wall Follow,4428,0,0,0,0.0,0,0,0.0,0.0,81647,-2,1,0.7937985062599182,-0.014503531157970428,0.012367074377834797,0.0,0.0,32766,966,1240,882,2137,3.0774195194244385
2026-04-07T12:13:25.434,radio://0/80/2M,range,1,1,Wall Follow,4428,0,0,0,0.0,0,0,0.0,0.0,81647,-2,1,0.7937985062599182,-0.014503531157970428,0.012367074377834797,0.0,0.0,32766,989,1213,901,2130,3.0932552814483643
2026-04-07T12:13:25.681,radio://0/80/2M,mission,1,1,Wall Follow,4428,0,0,0,0.0,0,0,0.0,0.0,81647,-2,1,0.7914233803749084,-0.014503531157970428,0.012367074377834797,0.0,0.0,32766,989,1213,901,2130,3.0932552814483643
2026-04-07T12:13:25.682,radio://0/80/2M,flow,1,1,Wall Follow,4704,0,0,0,0.0,0,0,0.0,0.0,81897,-2,0,0.7914233803749084,-0.006319244392216206,0.014333413913846016,0.0,0.0,32766,989,1213,901,2130,3.0932552814483643
2026-04-07T12:13:25.683,radio://0/80/2M,range,1,1,Wall Follow,4704,0,0,0,0.0,0,0,0.0,0.0,81897,-2,0,0.7914233803749084,-0.006319244392216206,0.014333413913846016,0.0,0.0,32766,1025,1066,1013,2127,3.0774195194244385
2026-04-07T12:13:25.930,radio://0/80/2M,mission,1,1,Wall Follow,4704,0,0,0,0.0,0,0,0.0,0.0,81897,-2,0,0.7968719601631165,-0.006319244392216206,0.014333413913846016,0.0,0.0,32766,1025,1066,1013,2127,3.0774195194244385
2026-04-07T12:13:25.931,radio://0/80/2M,flow,1,1,Wall Follow,4704,0,0,0,0.0,0,0,0.0,0.0,82147,1,9,0.7968719601631165,-0.017548974603414536,0.019727494567632675,0.0,0.0,32766,1025,1066,1013,2127,3.0774195194244385
2026-04-07T12:13:25.933,radio://0/80/2M,range,1,1,Wall Follow,4704,0,0,0,0.0,0,0,0.0,0.0,82147,1,9,0.7968719601631165,-0.017548974603414536,0.019727494567632675,0.0,0.0,988,971,950,1277,2131,3.0879766941070557
2026-04-07T12:13:26.180,radio://0/80/2M,mission,1,1,Wall Follow,4704,0,0,0,0.0,0,0,0.0,0.0,82147,1,9,0.800327718257904,-0.017548974603414536,0.019727494567632675,0.0,0.0,988,971,950,1277,2131,3.0879766941070557
2026-04-07T12:13:26.181,radio://0/80/2M,flow,1,1,Wall Follow,4704,0,0,0,0.0,0,0,0.0,0.0,82397,3,1,0.800327718257904,-0.07072384655475616,-0.037314582616090775,0.0,0.0,988,971,950,1277,2131,3.0879766941070557
2026-04-07T12:13:26.184,radio://0/80/2M,range,1,1,Wall Follow,4704,0,0,0,0.0,0,0,0.0,0.0,82397,3,1,0.800327718257904,-0.07072384655475616,-0.037314582616090775,0.0,0.0,896,911,966,32766,2130,3.0879766941070557
2026-04-07T12:13:26.429,radio://0/80/2M,mission,1,1,Wall Follow,4704,0,0,0,0.0,0,0,0.0,0.0,82397,3,1,0.8054340481758118,-0.07072384655475616,-0.037314582616090775,0.0,0.0,896,911,966,32766,2130,3.0879766941070557
2026-04-07T12:13:26.431,radio://0/80/2M,flow,1,1,Wall Follow,4704,0,0,0,0.0,0,0,0.0,0.0,82647,1,0,0.8054340481758118,-0.06243688240647316,-0.019075961783528328,0.0,0.0,896,911,966,32766,2130,3.0879766941070557
2026-04-07T12:13:26.433,radio://0/80/2M,range,1,1,Wall Follow,4704,0,0,0,0.0,0,0,0.0,0.0,82647,1,0,0.8054340481758118,-0.06243688240647316,-0.019075961783528328,0.0,0.0,898,914,1162,32766,2118,3.098533868789673
2026-04-07T12:13:26.680,radio://0/80/2M,mission,1,1,Wall Follow,4704,0,0,0,0.0,0,0,0.0,0.0,82647,1,0,0.8072046637535095,-0.06243688240647316,-0.019075961783528328,0.0,0.0,898,914,1162,32766,2118,3.098533868789673
2026-04-07T12:13:26.682,radio://0/80/2M,flow,1,1,Wall Follow,4410,0,0,0,0.0,0,0,0.0,0.0,82897,0,0,0.8072046637535095,-0.00937942136079073,0.002937957178801298,0.0,0.0,898,914,1162,32766,2118,3.098533868789673
2026-04-07T12:13:26.683,radio://0/80/2M,range,1,1,Wall Follow,4410,0,0,0,0.0,0,0,0.0,0.0,82897,0,0,0.8072046637535095,-0.00937942136079073,0.002937957178801298,0.0,0.0,904,906,1987,32766,2114,3.082698106765747
2026-04-07T12:13:26.929,radio://0/80/2M,mission,1,1,Wall Follow,4410,0,0,0,0.0,0,0,0.0,0.0,82897,0,0,0.7986787557601929,-0.00937942136079073,0.002937957178801298,0.0,0.0,904,906,1987,32766,2114,3.082698106765747
2026-04-07T12:13:26.931,radio://0/80/2M,flow,1,1,Wall Follow,4410,0,0,0,0.0,0,0,0.0,0.0,83147,0,3,0.7986787557601929,-0.0011545403394848108,0.00634346716105938,0.0,0.0,904,906,1987,32766,2114,3.082698106765747
2026-04-07T12:13:26.932,radio://0/80/2M,range,1,1,Wall Follow,4410,0,0,0,0.0,0,0,0.0,0.0,83147,0,3,0.7986787557601929,-0.0011545403394848108,0.00634346716105938,0.0,0.0,908,886,2059,769,2126,3.066862106323242
2026-04-07T12:13:27.178,radio://0/80/2M,mission,1,1,Wall Follow,4410,0,0,0,0.0,0,0,0.0,0.0,83147,0,3,0.8000698685646057,-0.0011545403394848108,0.00634346716105938,0.0,0.0,908,886,2059,769,2126,3.066862106323242
2026-04-07T12:13:27.181,radio://0/80/2M,flow,1,1,Wall Follow,4410,0,0,0,0.0,0,0,0.0,0.0,83397,0,1,0.8000698685646057,-0.0252981074154377,0.009451827965676785,0.0,0.0,908,886,2059,769,2126,3.066862106323242
2026-04-07T12:13:27.182,radio://0/80/2M,range,1,1,Wall Follow,4410,0,0,0,0.0,0,0,0.0,0.0,83397,0,1,0.8000698685646057,-0.0252981074154377,0.009451827965676785,0.0,0.0,925,875,32766,32766,2124,3.0932552814483643
2026-04-07T12:13:27.428,radio://0/80/2M,mission,1,1,Wall Follow,4410,0,0,0,0.0,0,0,0.0,0.0,83397,0,1,0.8059097528457642,-0.0252981074154377,0.009451827965676785,0.0,0.0,925,875,32766,32766,2124,3.0932552814483643
2026-04-07T12:13:27.431,radio://0/80/2M,flow,1,1,Wall Follow,4410,0,0,0,0.0,0,0,0.0,0.0,83647,-3,-3,0.8059097528457642,-0.01976674050092697,0.0027682792861014605,0.0,0.0,925,875,32766,32766,2124,3.0932552814483643
2026-04-07T12:13:27.432,radio://0/80/2M,range,1,1,Wall Follow,4410,0,0,0,0.0,0,0,0.0,0.0,83647,-3,-3,0.8059097528457642,-0.01976674050092697,0.0027682792861014605,0.0,0.0,949,880,32766,32766,2124,3.0932552814483643
2026-04-07T12:13:27.679,radio://0/80/2M,mission,1,1,Wall Follow,4410,0,0,0,0.0,0,0,0.0,0.0,83647,-3,-3,0.8117644190788269,-0.01976674050092697,0.0027682792861014605,0.0,0.0,949,880,32766,32766,2124,3.0932552814483643
2026-04-07T12:13:27.681,radio://0/80/2M,flow,1,1,Wall Follow,4410,0,0,0,0.0,0,0,0.0,0.0,83897,0,0,0.8117644190788269,0.01429696474224329,0.0818316638469696,0.0,0.0,949,880,32766,32766,2124,3.0932552814483643
2026-04-07T12:13:27.682,radio://0/80/2M,range,1,1,Wall Follow,4410,0,0,0,0.0,0,0,0.0,0.0,83897,0,0,0.8117644190788269,0.01429696474224329,0.0818316638469696,0.0,0.0,1016,909,32766,32766,2112,3.1038124561309814
2026-04-07T12:13:27.929,radio://0/80/2M,mission,1,1,Wall Follow,4410,0,0,0,0.0,0,0,0.0,0.0,83897,0,0,0.8050798773765564,0.01429696474224329,0.0818316638469696,0.0,0.0,1016,909,32766,32766,2112,3.1038124561309814
2026-04-07T12:13:27.930,radio://0/80/2M,flow,1,1,Wall Follow,4410,0,0,0,0.0,0,0,0.0,0.0,84147,0,0,0.8050798773765564,0.005314360838383436,0.040634799748659134,0.0,0.0,1016,909,32766,32766,2112,3.1038124561309814
2026-04-07T12:13:27.933,radio://0/80/2M,range,1,1,Wall Follow,4410,0,0,0,0.0,0,0,0.0,0.0,84147,0,0,0.8050798773765564,0.005314360838383436,0.040634799748659134,0.0,0.0,1065,920,32766,32766,2118,3.0879766941070557
2026-04-07T12:13:28.179,radio://0/80/2M,mission,1,1,Wall Follow,4410,0,0,0,0.0,0,0,0.0,0.0,84147,0,0,0.8003111481666565,0.005314360838383436,0.040634799748659134,0.0,0.0,1065,920,32766,32766,2118,3.0879766941070557
2026-04-07T12:13:28.181,radio://0/80/2M,flow,1,1,Wall Follow,4410,0,0,0,0.0,0,0,0.0,0.0,84397,-2,0,0.8003111481666565,0.0020821248181164265,-0.0004616111109498888,0.0,0.0,1065,920,32766,32766,2118,3.0879766941070557
2026-04-07T12:13:28.182,radio://0/80/2M,range,1,1,Wall Follow,4410,0,0,0,0.0,0,0,0.0,0.0,84397,-2,0,0.8003111481666565,0.0020821248181164265,-0.0004616111109498888,0.0,0.0,1141,951,32766,32766,2119,3.0879766941070557
2026-04-07T12:13:28.429,radio://0/80/2M,mission,1,1,Wall Follow,4410,0,0,0,0.0,0,0,0.0,0.0,84397,-2,0,0.8004632592201233,0.0020821248181164265,-0.0004616111109498888,0.0,0.0,1141,951,32766,32766,2119,3.0879766941070557
2026-04-07T12:13:28.431,radio://0/80/2M,flow,1,1,Wall Follow,4410,0,0,0,0.0,0,0,0.0,0.0,84647,0,0,0.8004632592201233,-0.06297215074300766,0.031890593469142914,0.0,0.0,1141,951,32766,32766,2119,3.0879766941070557
2026-04-07T12:13:28.432,radio://0/80/2M,range,1,1,Wall Follow,4410,0,0,0,0.0,0,0,0.0,0.0,84647,0,0,0.8004632592201233,-0.06297215074300766,0.031890593469142914,0.0,0.0,1226,1027,32766,1029,2123,3.0774195194244385
2026-04-07T12:13:28.679,radio://0/80/2M,mission,1,1,Wall Follow,4410,0,0,0,0.0,0,0,0.0,0.0,84647,0,0,0.8071171045303345,-0.06297215074300766,0.031890593469142914,0.0,0.0,1226,1027,32766,1029,2123,3.0774195194244385
2026-04-07T12:13:28.681,radio://0/80/2M,flow,1,1,Wall Follow,4410,0,0,0,0.0,0,0,0.0,0.0,84897,-27,8,0.8071171045303345,-0.09187115728855133,0.06803085654973984,0.0,0.0,1226,1027,32766,1029,2123,3.0774195194244385
2026-04-07T12:13:28.683,radio://0/80/2M,range,1,1,Wall Follow,4410,0,0,0,0.0,0,0,0.0,0.0,84897,-27,8,0.8071171045303345,-0.09187115728855133,0.06803085654973984,0.0,0.0,1170,1220,32766,923,2116,3.098533868789673
2026-04-07T12:13:28.928,radio://0/80/2M,mission,1,1,Wall Follow,4410,0,0,0,0.0,0,0,0.0,0.0,84897,-27,8,0.8040606379508972,-0.09187115728855133,0.06803085654973984,0.0,0.0,1170,1220,32766,923,2116,3.098533868789673
2026-04-07T12:13:28.929,radio://0/80/2M,flow,1,1,Wall Follow,4685,0,0,0,0.0,0,0,0.0,0.0,85147,6,-1,0.8040606379508972,-0.011092722415924072,-0.007231744471937418,0.0,0.0,1170,1220,32766,923,2116,3.098533868789673
2026-04-07T12:13:28.931,radio://0/80/2M,range,1,1,Wall Follow,4685,0,0,0,0.0,0,0,0.0,0.0,85147,6,-1,0.8040606379508972,-0.011092722415924072,-0.007231744471937418,0.0,0.0,1040,1321,32766,867,2113,3.0932552814483643
2026-04-07T12:13:29.178,radio://0/80/2M,mission,1,1,Wall Follow,4685,0,0,0,0.0,0,0,0.0,0.0,85147,6,-1,0.7983666062355042,-0.011092722415924072,-0.007231744471937418,0.0,0.0,1040,1321,32766,867,2113,3.0932552814483643
2026-04-07T12:13:29.179,radio://0/80/2M,flow,1,1,Wall Follow,4685,0,0,0,0.0,0,0,0.0,0.0,85397,0,0,0.7983666062355042,0.06361662596464157,0.045022446662187576,0.0,0.0,1040,1321,32766,867,2113,3.0932552814483643
2026-04-07T12:13:29.181,radio://0/80/2M,range,1,1,Wall Follow,4685,0,0,0,0.0,0,0,0.0,0.0,85397,0,0,0.7983666062355042,0.06361662596464157,0.045022446662187576,0.0,0.0,936,1435,1026,856,2120,3.0879766941070557
2026-04-07T12:13:29.428,radio://0/80/2M,mission,1,1,Wall Follow,4685,0,0,0,0.0,0,0,0.0,0.0,85397,0,0,0.7981659770011902,0.06361662596464157,0.045022446662187576,0.0,0.0,936,1435,1026,856,2120,3.0879766941070557
2026-04-07T12:13:29.429,radio://0/80/2M,flow,1,1,Wall Follow,5288,0,0,0,0.0,0,0,0.0,0.0,85647,0,0,0.7981659770011902,0.08993545919656754,-0.026591122150421143,0.0,0.0,936,1435,1026,856,2120,3.0879766941070557
2026-04-07T12:13:29.430,radio://0/80/2M,range,1,1,Wall Follow,5288,0,0,0,0.0,0,0,0.0,0.0,85647,0,0,0.7981659770011902,0.08993545919656754,-0.026591122150421143,0.0,0.0,880,32766,948,915,2118,3.082698106765747
2026-04-07T12:13:29.677,radio://0/80/2M,mission,1,1,Wall Follow,5288,0,0,0,0.0,0,0,0.0,0.0,85647,0,0,0.7999526858329773,0.08993545919656754,-0.026591122150421143,0.0,0.0,880,32766,948,915,2118,3.082698106765747
2026-04-07T12:13:29.678,radio://0/80/2M,flow,1,1,Wall Follow,5288,0,0,0,0.0,0,0,0.0,0.0,85897,0,0,0.7999526858329773,0.02429795265197754,-0.04098943993449211,0.0,0.0,880,32766,948,915,2118,3.082698106765747
2026-04-07T12:13:29.680,radio://0/80/2M,range,1,1,Wall Follow,5288,0,0,0,0.0,0,0,0.0,0.0,85897,0,0,0.7999526858329773,0.02429795265197754,-0.04098943993449211,0.0,0.0,805,32766,853,1505,2122,3.0879766941070557
2026-04-07T12:13:29.926,radio://0/80/2M,mission,1,1,Wall Follow,5288,0,0,0,0.0,0,0,0.0,0.0,85897,0,0,0.7977762818336487,0.02429795265197754,-0.04098943993449211,0.0,0.0,805,32766,853,1505,2122,3.0879766941070557
2026-04-07T12:13:29.928,radio://0/80/2M,flow,1,1,Wall Follow,5288,0,0,0,0.0,0,0,0.0,0.0,86147,-8,-3,0.7977762818336487,-0.01708797737956047,-0.005618075840175152,0.0,0.0,805,32766,853,1505,2122,3.0879766941070557
2026-04-07T12:13:29.929,radio://0/80/2M,range,1,1,Wall Follow,5288,0,0,0,0.0,0,0,0.0,0.0,86147,-8,-3,0.7977762818336487,-0.01708797737956047,-0.005618075840175152,0.0,0.0,761,32766,817,2197,2123,3.0774195194244385
2026-04-07T12:13:30.177,radio://0/80/2M,mission,1,1,Wall Follow,5288,0,0,0,0.0,0,0,0.0,0.0,86147,-8,-3,0.7982936501502991,-0.01708797737956047,-0.005618075840175152,0.0,0.0,761,32766,817,2197,2123,3.0774195194244385
2026-04-07T12:13:30.179,radio://0/80/2M,flow,1,1,Wall Follow,5288,0,0,0,0.0,0,0,0.0,0.0,86397,0,1,0.7982936501502991,0.008920370601117611,-0.013063252903521061,0.0,0.0,761,32766,817,2197,2123,3.0774195194244385
2026-04-07T12:13:30.182,radio://0/80/2M,range,1,1,Wall Follow,5288,0,0,0,0.0,0,0,0.0,0.0,86397,0,1,0.7982936501502991,0.008920370601117611,-0.013063252903521061,0.0,0.0,689,32766,812,32766,2120,3.0879766941070557
2026-04-07T12:13:30.426,radio://0/80/2M,mission,1,1,Wall Follow,5288,0,0,0,0.0,0,0,0.0,0.0,86397,0,1,0.7985888123512268,0.008920370601117611,-0.013063252903521061,0.0,0.0,689,32766,812,32766,2120,3.0879766941070557
2026-04-07T12:13:30.427,radio://0/80/2M,flow,1,1,Wall Follow,5288,0,0,0,0.0,0,0,0.0,0.0,86647,-10,-11,0.7985888123512268,-0.03316754847764969,0.041349586099386215,0.0,0.0,689,32766,812,32766,2120,3.0879766941070557
2026-04-07T12:13:30.429,radio://0/80/2M,range,1,1,Wall Follow,5288,0,0,0,0.0,0,0,0.0,0.0,86647,-10,-11,0.7985888123512268,-0.03316754847764969,0.041349586099386215,0.0,0.0,655,32766,811,32766,2122,3.0879766941070557
2026-04-07T12:13:30.677,radio://0/80/2M,mission,1,1,Wall Follow,5288,0,0,0,0.0,0,0,0.0,0.0,86647,-10,-11,0.7942377924919128,-0.03316754847764969,0.041349586099386215,0.0,0.0,655,32766,811,32766,2122,3.0879766941070557
2026-04-07T12:13:30.678,radio://0/80/2M,flow,1,1,Wall Follow,5618,0,0,0,0.0,0,0,0.0,0.0,86897,0,1,0.7942377924919128,-0.005744417198002338,0.05857505649328232,0.0,0.0,655,32766,811,32766,2122,3.0879766941070557
2026-04-07T12:13:30.680,radio://0/80/2M,range,1,1,Wall Follow,5618,0,0,0,0.0,0,0,0.0,0.0,86897,0,1,0.7942377924919128,-0.005744417198002338,0.05857505649328232,0.0,0.0,626,32766,832,32766,2122,3.07214093208313
2026-04-07T12:13:30.927,radio://0/80/2M,mission,1,1,Wall Follow,5618,0,0,0,0.0,0,0,0.0,0.0,86897,0,1,0.7921209931373596,-0.005744417198002338,0.05857505649328232,0.0,0.0,626,32766,832,32766,2122,3.07214093208313
2026-04-07T12:13:30.929,radio://0/80/2M,flow,1,1,Wall Follow,5618,0,0,0,0.0,0,0,0.0,0.0,87147,0,0,0.7921209931373596,0.020977571606636047,0.008624361827969551,0.0,0.0,626,32766,832,32766,2122,3.07214093208313
2026-04-07T12:13:30.930,radio://0/80/2M,range,1,1,Wall Follow,5618,0,0,0,0.0,0,0,0.0,0.0,87147,0,0,0.7921209931373596,0.020977571606636047,0.008624361827969551,0.0,0.0,611,32766,845,32766,2122,3.07214093208313
2026-04-07T12:13:31.176,radio://0/80/2M,mission,1,1,Wall Follow,5618,0,0,0,0.0,0,0,0.0,0.0,87147,0,0,0.7923951745033264,0.020977571606636047,0.008624361827969551,0.0,0.0,611,32766,845,32766,2122,3.07214093208313
2026-04-07T12:13:31.178,radio://0/80/2M,flow,1,1,Wall Follow,5618,0,0,0,0.0,0,0,0.0,0.0,87397,1,-1,0.7923951745033264,0.127999946475029,0.019963908940553665,0.0,0.0,611,32766,845,32766,2122,3.07214093208313
2026-04-07T12:13:31.179,radio://0/80/2M,range,1,1,Wall Follow,5618,0,0,0,0.0,0,0,0.0,0.0,87397,1,-1,0.7923951745033264,0.127999946475029,0.019963908940553665,0.0,0.0,598,32766,896,32766,2124,3.0774195194244385
2026-04-07T12:13:31.425,radio://0/80/2M,mission,1,1,Wall Follow,5618,0,0,0,0.0,0,0,0.0,0.0,87397,1,-1,0.8030261993408203,0.127999946475029,0.019963908940553665,0.0,0.0,598,32766,896,32766,2124,3.0774195194244385
2026-04-07T12:13:31.428,radio://0/80/2M,flow,1,1,Wall Follow,5267,0,0,0,0.0,0,0,0.0,0.0,87647,-1,0,0.8030261993408203,0.06711708754301071,0.022178910672664642,0.0,0.0,598,32766,896,32766,2124,3.0774195194244385
2026-04-07T12:13:31.429,radio://0/80/2M,range,1,1,Wall Follow,5267,0,0,0,0.0,0,0,0.0,0.0,87647,-1,0,0.8030261993408203,0.06711708754301071,0.022178910672664642,0.0,0.0,606,32766,900,32766,2119,3.098533868789673
2026-04-07T12:13:31.676,radio://0/80/2M,mission,1,1,Wall Follow,5267,0,0,0,0.0,0,0,0.0,0.0,87647,-1,0,0.802034318447113,0.06711708754301071,0.022178910672664642,0.0,0.0,606,32766,900,32766,2119,3.098533868789673
2026-04-07T12:13:31.677,radio://0/80/2M,flow,1,1,Wall Follow,5267,0,0,0,0.0,0,0,0.0,0.0,87897,-1,-1,0.802034318447113,-0.033583011478185654,0.017365213483572006,0.0,0.0,606,32766,900,32766,2119,3.098533868789673
2026-04-07T12:13:31.679,radio://0/80/2M,range,1,1,Wall Follow,5267,0,0,0,0.0,0,0,0.0,0.0,87897,-1,-1,0.802034318447113,-0.033583011478185654,0.017365213483572006,0.0,0.0,657,1385,765,32766,2120,3.082698106765747
2026-04-07T12:13:31.926,radio://0/80/2M,mission,1,1,Wall Follow,5267,0,0,0,0.0,0,0,0.0,0.0,87897,-1,-1,0.7940027117729187,-0.033583011478185654,0.017365213483572006,0.0,0.0,657,1385,765,32766,2120,3.082698106765747
2026-04-07T12:13:31.927,radio://0/80/2M,flow,1,1,Wall Follow,5267,0,0,0,0.0,0,0,0.0,0.0,88147,1,1,0.7940027117729187,-0.05432504415512085,0.009022392332553864,0.0,0.0,657,1385,765,32766,2120,3.082698106765747
2026-04-07T12:13:31.929,radio://0/80/2M,range,1,1,Wall Follow,5267,0,0,0,0.0,0,0,0.0,0.0,88147,1,1,0.7940027117729187,-0.05432504415512085,0.009022392332553864,0.0,0.0,706,1329,691,995,2117,3.0615835189819336
2026-04-07T12:13:32.175,radio://0/80/2M,mission,1,1,Wall Follow,5267,0,0,0,0.0,0,0,0.0,0.0,88147,1,1,0.7977418303489685,-0.05432504415512085,0.009022392332553864,0.0,0.0,706,1329,691,995,2117,3.0615835189819336
2026-04-07T12:13:32.177,radio://0/80/2M,flow,1,1,Wall Follow,5596,0,0,0,0.0,0,0,0.0,0.0,88397,0,0,0.7977418303489685,-0.011426286771893501,0.0017811403376981616,0.0,0.0,706,1329,691,995,2117,3.0615835189819336
2026-04-07T12:13:32.179,radio://0/80/2M,range,1,1,Wall Follow,5596,0,0,0,0.0,0,0,0.0,0.0,88397,0,0,0.7977418303489685,-0.011426286771893501,0.0017811403376981616,0.0,0.0,802,1229,623,937,2124,3.082698106765747
2026-04-07T12:13:32.425,radio://0/80/2M,mission,1,1,Wall Follow,5596,0,0,0,0.0,0,0,0.0,0.0,88397,0,0,0.801214873790741,-0.011426286771893501,0.0017811403376981616,0.0,0.0,802,1229,623,937,2124,3.082698106765747
2026-04-07T12:13:32.427,radio://0/80/2M,flow,1,1,Wall Follow,5596,0,0,0,0.0,0,0,0.0,0.0,88647,0,1,0.801214873790741,0.020653480663895607,0.014569297432899475,0.0,0.0,802,1229,623,937,2124,3.082698106765747
2026-04-07T12:13:32.428,radio://0/80/2M,range,1,1,Wall Follow,5596,0,0,0,0.0,0,0,0.0,0.0,88647,0,1,0.801214873790741,0.020653480663895607,0.014569297432899475,0.0,0.0,976,1185,600,885,2118,3.0774195194244385
2026-04-07T12:13:32.675,radio://0/80/2M,mission,1,1,Wall Follow,5596,0,0,0,0.0,0,0,0.0,0.0,88647,0,1,0.7953932285308838,0.020653480663895607,0.014569297432899475,0.0,0.0,976,1185,600,885,2118,3.0774195194244385
2026-04-07T12:13:32.676,radio://0/80/2M,flow,1,1,Wall Follow,5596,0,0,0,0.0,0,0,0.0,0.0,88897,-8,0,0.7953932285308838,-0.010696052573621273,-0.01039289403706789,0.0,0.0,976,1185,600,885,2118,3.0774195194244385
2026-04-07T12:13:32.678,radio://0/80/2M,range,1,1,Wall Follow,5596,0,0,0,0.0,0,0,0.0,0.0,88897,-8,0,0.7953932285308838,-0.010696052573621273,-0.01039289403706789,0.0,0.0,1305,1316,575,818,2116,3.066862106323242
2026-04-07T12:13:32.925,radio://0/80/2M,mission,1,1,Wall Follow,5596,0,0,0,0.0,0,0,0.0,0.0,88897,-8,0,0.7987863421440125,-0.010696052573621273,-0.01039289403706789,0.0,0.0,1305,1316,575,818,2116,3.066862106323242
2026-04-07T12:13:32.926,radio://0/80/2M,flow,1,1,Wall Follow,5596,0,0,0,0.0,0,0,0.0,0.0,89147,-3,-3,0.7987863421440125,0.0010419328464195132,-0.0912187322974205,0.0,0.0,1305,1316,575,818,2116,3.066862106323242
2026-04-07T12:13:32.928,radio://0/80/2M,range,1,1,Wall Follow,5596,0,0,0,0.0,0,0,0.0,0.0,89147,-3,-3,0.7987863421440125,0.0010419328464195132,-0.0912187322974205,0.0,0.0,32766,2219,576,802,2128,3.07214093208313
2026-04-07T12:13:33.175,radio://0/80/2M,mission,1,1,Wall Follow,5596,0,0,0,0.0,0,0,0.0,0.0,89147,-3,-3,0.8042694926261902,0.0010419328464195132,-0.0912187322974205,0.0,0.0,32766,2219,576,802,2128,3.07214093208313
2026-04-07T12:13:33.176,radio://0/80/2M,flow,1,1,Wall Follow,5596,0,0,0,0.0,0,0,0.0,0.0,89397,0,0,0.8042694926261902,0.008379926905035973,-0.020752692595124245,0.0,0.0,32766,2219,576,802,2128,3.07214093208313
2026-04-07T12:13:33.177,radio://0/80/2M,range,1,1,Wall Follow,5596,0,0,0,0.0,0,0,0.0,0.0,89397,0,0,0.8042694926261902,0.008379926905035973,-0.020752692595124245,0.0,0.0,32766,32766,574,810,2118,3.0879766941070557
2026-04-07T12:13:33.424,radio://0/80/2M,mission,1,1,Wall Follow,5596,0,0,0,0.0,0,0,0.0,0.0,89397,0,0,0.8046935200691223,0.008379926905035973,-0.020752692595124245,0.0,0.0,32766,32766,574,810,2118,3.0879766941070557
2026-04-07T12:13:33.426,radio://0/80/2M,flow,1,1,Wall Follow,5945,0,0,0,0.0,0,0,0.0,0.0,89647,-3,0,0.8046935200691223,0.019838394597172737,0.0009298282093368471,0.0,0.0,32766,32766,574,810,2118,3.0879766941070557
2026-04-07T12:13:33.427,radio://0/80/2M,range,1,1,Wall Follow,5945,0,0,0,0.0,0,0,0.0,0.0,89647,-3,0,0.8046935200691223,0.019838394597172737,0.0009298282093368471,0.0,0.0,32766,32766,573,839,2112,3.0774195194244385
2026-04-07T12:13:33.675,radio://0/80/2M,mission,1,1,Wall Follow,5945,0,0,0,0.0,0,0,0.0,0.0,89647,-3,0,0.8047573566436768,0.019838394597172737,0.0009298282093368471,0.0,0.0,32766,32766,573,839,2112,3.0774195194244385
2026-04-07T12:13:33.676,radio://0/80/2M,flow,1,1,Wall Follow,6316,0,0,0,0.0,0,0,0.0,0.0,89897,0,0,0.8047573566436768,0.011198176071047783,-0.020997215062379837,0.0,0.0,32766,32766,573,839,2112,3.0774195194244385
2026-04-07T12:13:33.677,radio://0/80/2M,range,1,1,Wall Follow,6316,0,0,0,0.0,0,0,0.0,0.0,89897,0,0,0.8047573566436768,0.011198176071047783,-0.020997215062379837,0.0,0.0,32766,32766,602,899,2111,3.0774195194244385
2026-04-07T12:13:33.924,radio://0/80/2M,mission,1,1,Wall Follow,6316,0,0,0,0.0,0,0,0.0,0.0,89897,0,0,0.8089376091957092,0.011198176071047783,-0.020997215062379837,0.0,0.0,32766,32766,602,899,2111,3.0774195194244385
2026-04-07T12:13:33.925,radio://0/80/2M,flow,1,1,Wall Follow,6710,0,0,0,0.0,0,0,0.0,0.0,90147,-7,-3,0.8089376091957092,0.015872176736593246,-0.026868345215916634,0.0,0.0,32766,32766,602,899,2111,3.0774195194244385
2026-04-07T12:13:33.927,radio://0/80/2M,range,1,1,Wall Follow,6710,0,0,0,0.0,0,0,0.0,0.0,90147,-7,-3,0.8089376091957092,0.015872176736593246,-0.026868345215916634,0.0,0.0,32766,32766,607,983,2113,3.082698106765747
2026-04-07T12:13:34.174,radio://0/80/2M,mission,1,1,Wall Follow,6710,0,0,0,0.0,0,0,0.0,0.0,90147,-7,-3,0.8043317794799805,0.015872176736593246,-0.026868345215916634,0.0,0.0,32766,32766,607,983,2113,3.082698106765747
2026-04-07T12:13:34.175,radio://0/80/2M,flow,1,1,Wall Follow,6291,0,0,0,0.0,0,0,0.0,0.0,90397,0,0,0.8043317794799805,0.02215450443327427,0.010999664664268494,0.0,0.0,32766,32766,607,983,2113,3.082698106765747
2026-04-07T12:13:34.177,radio://0/80/2M,range,1,1,Wall Follow,6291,0,0,0,0.0,0,0,0.0,0.0,90397,0,0,0.8043317794799805,0.02215450443327427,0.010999664664268494,0.0,0.0,32766,32766,635,1087,2110,3.0774195194244385
2026-04-07T12:13:34.424,radio://0/80/2M,mission,1,1,Wall Follow,6291,0,0,0,0.0,0,0,0.0,0.0,90397,0,0,0.8020120859146118,0.02215450443327427,0.010999664664268494,0.0,0.0,32766,32766,635,1087,2110,3.0774195194244385
2026-04-07T12:13:34.425,radio://0/80/2M,flow,1,1,Wall Follow,5898,0,0,0,0.0,0,0,0.0,0.0,90647,0,0,0.8020120859146118,-0.007784929592162371,0.04288838431239128,0.0,0.0,32766,32766,635,1087,2110,3.0774195194244385
2026-04-07T12:13:34.427,radio://0/80/2M,range,1,1,Wall Follow,5898,0,0,0,0.0,0,0,0.0,0.0,90647,0,0,0.8020120859146118,-0.007784929592162371,0.04288838431239128,0.0,0.0,32766,32766,642,1053,2116,3.07214093208313
2026-04-07T12:13:34.673,radio://0/80/2M,mission,1,1,Wall Follow,5898,0,0,0,0.0,0,0,0.0,0.0,90647,0,0,0.8044868111610413,-0.007784929592162371,0.04288838431239128,0.0,0.0,32766,32766,642,1053,2116,3.07214093208313
2026-04-07T12:13:34.675,radio://0/80/2M,flow,1,1,Wall Follow,4861,0,0,0,0.0,0,0,0.0,0.0,90897,2,-3,0.8044868111610413,-0.09708776324987411,0.011500109918415546,0.0,0.0,32766,32766,642,1053,2116,3.07214093208313
2026-04-07T12:13:34.676,radio://0/80/2M,range,1,1,Wall Follow,4861,0,0,0,0.0,0,0,0.0,0.0,90897,2,-3,0.8044868111610413,-0.09708776324987411,0.011500109918415546,0.0,0.0,32766,32766,750,886,2108,3.082698106765747
2026-04-07T12:13:34.923,radio://0/80/2M,mission,1,1,Wall Follow,4861,0,0,0,0.0,0,0,0.0,0.0,90897,2,-3,0.8021755814552307,-0.09708776324987411,0.011500109918415546,0.0,0.0,32766,32766,750,886,2108,3.082698106765747
2026-04-07T12:13:34.924,radio://0/80/2M,flow,1,1,Wall Follow,4007,0,0,0,0.0,0,0,0.0,0.0,91147,1,-1,0.8021755814552307,-0.08550451695919037,0.0033441875129938126,0.0,0.0,32766,32766,750,886,2108,3.082698106765747
2026-04-07T12:13:34.926,radio://0/80/2M,range,1,1,Wall Follow,4007,0,0,0,0.0,0,0,0.0,0.0,91147,1,-1,0.8021755814552307,-0.08550451695919037,0.0033441875129938126,0.0,0.0,32766,32766,865,821,2121,3.0774195194244385
2026-04-07T12:13:35.173,radio://0/80/2M,mission,1,1,Wall Follow,4007,0,0,0,0.0,0,0,0.0,0.0,91147,1,-1,0.8002803921699524,-0.08550451695919037,0.0033441875129938126,0.0,0.0,32766,32766,865,821,2121,3.0774195194244385
2026-04-07T12:13:35.175,radio://0/80/2M,flow,1,1,Wall Follow,4007,0,0,0,0.0,0,0,0.0,0.0,91397,0,0,0.8002803921699524,-0.030693737789988518,0.011635496281087399,0.0,0.0,32766,32766,865,821,2121,3.0774195194244385
2026-04-07T12:13:35.176,radio://0/80/2M,range,1,1,Wall Follow,4007,0,0,0,0.0,0,0,0.0,0.0,91397,0,0,0.8002803921699524,-0.030693737789988518,0.011635496281087399,0.0,0.0,1080,1422,1008,746,2126,3.07214093208313
2026-04-07T12:13:35.422,radio://0/80/2M,mission,1,5,Transition,4007,0,0,0,0.0,0,0,0.0,0.0,91397,0,0,0.7935357093811035,-0.030693737789988518,0.011635496281087399,0.0,0.0,1080,1422,1008,746,2126,3.07214093208313
2026-04-07T12:13:35.423,radio://0/80/2M,flow,1,5,Transition,3757,0,0,0,0.0,0,0,0.0,0.0,91647,0,1,0.7935357093811035,0.02413763478398323,0.028280992060899734,0.0,0.0,1080,1422,1008,746,2126,3.07214093208313
2026-04-07T12:13:35.425,radio://0/80/2M,range,1,5,Transition,3757,0,0,0,0.0,0,0,0.0,0.0,91647,0,1,0.7935357093811035,0.02413763478398323,0.028280992060899734,0.0,0.0,1049,1369,1103,688,2129,3.066862106323242
2026-04-07T12:13:35.672,radio://0/80/2M,mission,1,2,Scan,3757,0,0,0,0.0,0,0,0.0,0.0,91647,0,1,0.8002026677131653,0.02413763478398323,0.028280992060899734,0.0,0.0,1049,1369,1103,688,2129,3.066862106323242
2026-04-07T12:13:35.674,radio://0/80/2M,flow,1,2,Scan,3757,0,0,0,0.0,0,0,0.0,0.0,91897,0,0,0.8002026677131653,-0.023070964962244034,0.05804764851927757,0.0,0.0,1049,1369,1103,688,2129,3.066862106323242
2026-04-07T12:13:35.676,radio://0/80/2M,range,1,2,Scan,3757,0,0,0,0.0,0,0,0.0,0.0,91897,0,0,0.8002026677131653,-0.023070964962244034,0.05804764851927757,0.0,0.0,1002,1332,32766,646,2119,3.082698106765747
2026-04-07T12:13:35.924,radio://0/80/2M,mission,1,2,Scan,3757,0,0,0,0.0,0,0,0.0,0.0,91897,0,0,0.8135398030281067,-0.023070964962244034,0.05804764851927757,0.0,0.0,1002,1332,32766,646,2119,3.082698106765747
2026-04-07T12:13:35.927,radio://0/80/2M,flow,1,2,Scan,3523,0,0,0,0.0,0,0,0.0,0.0,92147,0,-1,0.8135398030281067,0.011005851440131664,-0.003062643576413393,0.0,0.0,1002,1332,32766,646,2119,3.082698106765747
2026-04-07T12:13:35.931,radio://0/80/2M,range,1,2,Scan,3523,0,0,0,0.0,0,0,0.0,0.0,92147,0,-1,0.8135398030281067,0.011005851440131664,-0.003062643576413393,0.0,0.0,987,1337,32766,640,2121,3.0932552814483643
2026-04-07T12:13:36.172,radio://0/80/2M,mission,1,2,Scan,3523,0,0,0,0.0,0,0,0.0,0.0,92147,0,-1,0.8074632883071899,0.011005851440131664,-0.003062643576413393,0.0,0.0,987,1337,32766,640,2121,3.0932552814483643
2026-04-07T12:13:36.173,radio://0/80/2M,flow,1,2,Scan,3523,0,0,0,0.0,0,0,0.0,0.0,92397,-5,-2,0.8074632883071899,0.1630144566297531,-0.10011177510023117,0.0,0.0,987,1337,32766,640,2121,3.0932552814483643
2026-04-07T12:13:36.175,radio://0/80/2M,range,1,2,Scan,3523,0,0,0,0.0,0,0,0.0,0.0,92397,-5,-2,0.8074632883071899,0.1630144566297531,-0.10011177510023117,0.0,0.0,929,1283,32766,618,2123,3.07214093208313
2026-04-07T12:13:36.421,radio://0/80/2M,mission,1,2,Scan,3523,0,0,0,0.0,0,0,0.0,0.0,92397,-5,-2,0.7986282110214233,0.1630144566297531,-0.10011177510023117,0.0,0.0,929,1283,32766,618,2123,3.07214093208313
2026-04-07T12:13:36.423,radio://0/80/2M,flow,1,2,Scan,3523,0,0,0,0.0,0,0,0.0,0.0,92647,-2,0,0.7986282110214233,0.19416317343711853,-0.03697999194264412,0.0,0.0,929,1283,32766,618,2123,3.07214093208313
2026-04-07T12:13:36.425,radio://0/80/2M,range,1,2,Scan,3523,0,0,0,0.0,0,0,0.0,0.0,92647,-2,0,0.7986282110214233,0.19416317343711853,-0.03697999194264412,0.0,0.0,907,1213,32766,620,2125,3.056304931640625
2026-04-07T12:13:36.672,radio://0/80/2M,mission,1,2,Scan,3523,0,0,0,0.0,0,0,0.0,0.0,92647,-2,0,0.8064749836921692,0.19416317343711853,-0.03697999194264412,0.0,0.0,907,1213,32766,620,2125,3.056304931640625
2026-04-07T12:13:36.673,radio://0/80/2M,flow,1,2,Scan,3976,0,0,0,0.0,0,0,0.0,0.0,92897,1,4,0.8064749836921692,0.057668596506118774,0.1384216547012329,0.0,0.0,907,1213,32766,620,2125,3.056304931640625
2026-04-07T12:13:36.675,radio://0/80/2M,range,1,2,Scan,3976,0,0,0,0.0,0,0,0.0,0.0,92897,1,4,0.8064749836921692,0.057668596506118774,0.1384216547012329,0.0,0.0,32766,1170,1060,596,2129,3.082698106765747
2026-04-07T12:13:36.922,radio://0/80/2M,mission,1,2,Scan,3976,0,0,0,0.0,0,0,0.0,0.0,92897,1,4,0.802072286605835,0.057668596506118774,0.1384216547012329,0.0,0.0,32766,1170,1060,596,2129,3.082698106765747
2026-04-07T12:13:36.923,radio://0/80/2M,flow,1,2,Scan,3976,0,0,0,0.0,0,0,0.0,0.0,93147,1,0,0.802072286605835,-0.09555071592330933,0.1183927059173584,0.0,0.0,32766,1170,1060,596,2129,3.082698106765747
2026-04-07T12:13:36.925,radio://0/80/2M,range,1,2,Scan,3976,0,0,0,0.0,0,0,0.0,0.0,93147,1,0,0.802072286605835,-0.09555071592330933,0.1183927059173584,0.0,0.0,2264,1203,32766,581,2121,3.07214093208313
2026-04-07T12:13:37.172,radio://0/80/2M,mission,1,2,Scan,3976,0,0,0,0.0,0,0,0.0,0.0,93147,1,0,0.8003882169723511,-0.09555071592330933,0.1183927059173584,0.0,0.0,2264,1203,32766,581,2121,3.07214093208313
2026-04-07T12:13:37.173,radio://0/80/2M,flow,1,2,Scan,3976,0,0,0,0.0,0,0,0.0,0.0,93397,0,0,0.8003882169723511,-0.07547697424888611,0.05569102615118027,0.0,0.0,2264,1203,32766,581,2121,3.07214093208313
2026-04-07T12:13:37.174,radio://0/80/2M,range,1,2,Scan,3976,0,0,0,0.0,0,0,0.0,0.0,93397,0,0,0.8003882169723511,-0.07547697424888611,0.05569102615118027,0.0,0.0,32766,1323,1073,594,2123,3.0774195194244385
2026-04-07T12:13:37.421,radio://0/80/2M,mission,1,2,Scan,3976,0,0,0,0.0,0,0,0.0,0.0,93397,0,0,0.8045815229415894,-0.07547697424888611,0.05569102615118027,0.0,0.0,32766,1323,1073,594,2123,3.0774195194244385
2026-04-07T12:13:37.423,radio://0/80/2M,flow,1,2,Scan,3728,0,0,0,0.0,0,0,0.0,0.0,93647,0,0,0.8045815229415894,0.071261465549469,0.08432524651288986,0.0,0.0,32766,1323,1073,594,2123,3.0774195194244385
2026-04-07T12:13:37.425,radio://0/80/2M,range,1,2,Scan,3728,0,0,0,0.0,0,0,0.0,0.0,93647,0,0,0.8045815229415894,0.071261465549469,0.08432524651288986,0.0,0.0,32766,1299,32766,634,2110,3.0774195194244385
2026-04-07T12:13:37.671,radio://0/80/2M,mission,1,2,Scan,3728,0,0,0,0.0,0,0,0.0,0.0,93647,0,0,0.7985876202583313,0.071261465549469,0.08432524651288986,0.0,0.0,32766,1299,32766,634,2110,3.0774195194244385
2026-04-07T12:13:37.672,radio://0/80/2M,flow,1,2,Scan,3961,0,0,0,0.0,0,0,0.0,0.0,93897,-7,-3,0.7985876202583313,0.13287770748138428,0.09326493740081787,0.0,0.0,32766,1299,32766,634,2110,3.0774195194244385
2026-04-07T12:13:37.674,radio://0/80/2M,range,1,2,Scan,3961,0,0,0,0.0,0,0,0.0,0.0,93897,-7,-3,0.7985876202583313,0.13287770748138428,0.09326493740081787,0.0,0.0,32766,904,32766,696,2125,3.082698106765747
2026-04-07T12:13:37.921,radio://0/80/2M,mission,1,2,Scan,3961,0,0,0,0.0,0,0,0.0,0.0,93897,-7,-3,0.8039218187332153,0.13287770748138428,0.09326493740081787,0.0,0.0,32766,904,32766,696,2125,3.082698106765747
2026-04-07T12:13:37.922,radio://0/80/2M,flow,1,2,Scan,4208,0,0,0,0.0,0,0,0.0,0.0,94147,0,-1,0.8039218187332153,-0.031275585293769836,0.052907977253198624,0.0,0.0,32766,904,32766,696,2125,3.082698106765747
2026-04-07T12:13:37.924,radio://0/80/2M,range,1,2,Scan,4208,0,0,0,0.0,0,0,0.0,0.0,94147,0,-1,0.8039218187332153,-0.031275585293769836,0.052907977253198624,0.0,0.0,32766,798,32766,758,2126,3.07214093208313
2026-04-07T12:13:38.171,radio://0/80/2M,mission,1,2,Scan,4208,0,0,0,0.0,0,0,0.0,0.0,94147,0,-1,0.8034091591835022,-0.031275585293769836,0.052907977253198624,0.0,0.0,32766,798,32766,758,2126,3.07214093208313
2026-04-07T12:13:38.172,radio://0/80/2M,flow,1,2,Scan,4208,0,0,0,0.0,0,0,0.0,0.0,94397,0,-1,0.8034091591835022,-0.12503986060619354,0.02678954228758812,0.0,0.0,32766,798,32766,758,2126,3.07214093208313
2026-04-07T12:13:38.173,radio://0/80/2M,range,1,2,Scan,4208,0,0,0,0.0,0,0,0.0,0.0,94397,0,-1,0.8034091591835022,-0.12503986060619354,0.02678954228758812,0.0,0.0,32766,678,1134,958,2113,3.066862106323242
2026-04-07T12:13:38.421,radio://0/80/2M,mission,1,2,Scan,4208,0,0,0,0.0,0,0,0.0,0.0,94397,0,-1,0.8054596185684204,-0.12503986060619354,0.02678954228758812,0.0,0.0,32766,678,1134,958,2113,3.066862106323242
2026-04-07T12:13:38.422,radio://0/80/2M,flow,1,2,Scan,3945,0,0,0,0.0,0,0,0.0,0.0,94647,0,0,0.8054596185684204,-0.0989985316991806,0.03888543322682381,0.0,0.0,32766,678,1134,958,2113,3.066862106323242
2026-04-07T12:13:38.423,radio://0/80/2M,range,1,2,Scan,3945,0,0,0,0.0,0,0,0.0,0.0,94647,0,0,0.8054596185684204,-0.0989985316991806,0.03888543322682381,0.0,0.0,1309,628,1085,1068,2120,3.0879766941070557
2026-04-07T12:13:38.670,radio://0/80/2M,mission,1,2,Scan,3945,0,0,0,0.0,0,0,0.0,0.0,94647,0,0,0.8042300343513489,-0.0989985316991806,0.03888543322682381,0.0,0.0,1309,628,1085,1068,2120,3.0879766941070557
2026-04-07T12:13:38.672,radio://0/80/2M,flow,1,2,Scan,3945,0,0,0,0.0,0,0,0.0,0.0,94897,-3,0,0.8042300343513489,0.03193240985274315,0.10061199218034744,0.0,0.0,1309,628,1085,1068,2120,3.0879766941070557
2026-04-07T12:13:38.674,radio://0/80/2M,range,1,2,Scan,3945,0,0,0,0.0,0,0,0.0,0.0,94897,-3,0,0.8042300343513489,0.03193240985274315,0.10061199218034744,0.0,0.0,1224,571,1036,1309,2122,3.0774195194244385
2026-04-07T12:13:38.920,radio://0/80/2M,mission,1,2,Scan,3945,0,0,0,0.0,0,0,0.0,0.0,94897,-3,0,0.7951163649559021,0.03193240985274315,0.10061199218034744,0.0,0.0,1224,571,1036,1309,2122,3.0774195194244385
2026-04-07T12:13:38.921,radio://0/80/2M,flow,1,2,Scan,4452,0,0,0,0.0,0,0,0.0,0.0,95147,0,0,0.7951163649559021,0.004143320024013519,0.08841898292303085,0.0,0.0,1224,571,1036,1309,2122,3.0774195194244385
2026-04-07T12:13:38.923,radio://0/80/2M,range,1,2,Scan,4452,0,0,0,0.0,0,0,0.0,0.0,95147,0,0,0.7951163649559021,0.004143320024013519,0.08841898292303085,0.0,0.0,1138,535,1036,32766,2126,3.0510263442993164
2026-04-07T12:13:39.171,radio://0/80/2M,mission,1,2,Scan,4452,0,0,0,0.0,0,0,0.0,0.0,95147,0,0,0.7905842065811157,0.004143320024013519,0.08841898292303085,0.0,0.0,1138,535,1036,32766,2126,3.0510263442993164
2026-04-07T12:13:39.173,radio://0/80/2M,flow,1,2,Scan,4452,0,0,0,0.0,0,0,0.0,0.0,95397,-6,-2,0.7905842065811157,-0.07595250010490417,0.049402229487895966,0.0,0.0,1138,535,1036,32766,2126,3.0510263442993164
2026-04-07T12:13:39.174,radio://0/80/2M,range,1,2,Scan,4452,0,0,0,0.0,0,0,0.0,0.0,95397,-6,-2,0.7905842065811157,-0.07595250010490417,0.049402229487895966,0.0,0.0,1084,491,2357,32766,2132,3.0615835189819336
2026-04-07T12:13:39.420,radio://0/80/2M,mission,1,2,Scan,4452,0,0,0,0.0,0,0,0.0,0.0,95397,-6,-2,0.7946228981018066,-0.07595250010490417,0.049402229487895966,0.0,0.0,1084,491,2357,32766,2132,3.0615835189819336
2026-04-07T12:13:39.421,radio://0/80/2M,flow,1,2,Scan,4730,0,0,0,0.0,0,0,0.0,0.0,95647,0,-1,0.7946228981018066,-0.10728160291910172,-0.02275126799941063,0.0,0.0,1084,491,2357,32766,2132,3.0615835189819336
2026-04-07T12:13:39.423,radio://0/80/2M,range,1,2,Scan,4730,0,0,0,0.0,0,0,0.0,0.0,95647,0,-1,0.7946228981018066,-0.10728160291910172,-0.02275126799941063,0.0,0.0,1096,523,32766,32766,2127,3.082698106765747
2026-04-07T12:13:39.669,radio://0/80/2M,mission,1,2,Scan,4730,0,0,0,0.0,0,0,0.0,0.0,95647,0,-1,0.8023846745491028,-0.10728160291910172,-0.02275126799941063,0.0,0.0,1096,523,32766,32766,2127,3.082698106765747
2026-04-07T12:13:39.671,radio://0/80/2M,flow,1,2,Scan,5025,0,0,0,0.0,0,0,0.0,0.0,95897,0,-4,0.8023846745491028,-0.08832553029060364,0.07675796002149582,0.0,0.0,1096,523,32766,32766,2127,3.082698106765747
2026-04-07T12:13:39.672,radio://0/80/2M,range,1,2,Scan,5025,0,0,0,0.0,0,0,0.0,0.0,95897,0,-4,0.8023846745491028,-0.08832553029060364,0.07675796002149582,0.0,0.0,1149,569,32766,32766,2123,3.0774195194244385
2026-04-07T12:13:39.919,radio://0/80/2M,mission,1,2,Scan,5025,0,0,0,0.0,0,0,0.0,0.0,95897,0,-4,0.799545407295227,-0.08832553029060364,0.07675796002149582,0.0,0.0,1149,569,32766,32766,2123,3.0774195194244385
2026-04-07T12:13:39.920,radio://0/80/2M,flow,1,2,Scan,5672,0,0,0,0.0,0,0,0.0,0.0,96147,0,0,0.799545407295227,-0.07155154645442963,0.08626197278499603,0.0,0.0,1149,569,32766,32766,2123,3.0774195194244385
2026-04-07T12:13:39.922,radio://0/80/2M,range,1,2,Scan,5672,0,0,0,0.0,0,0,0.0,0.0,96147,0,0,0.799545407295227,-0.07155154645442963,0.08626197278499603,0.0,0.0,1090,601,32766,32766,2124,3.0615835189819336
2026-04-07T12:13:40.169,radio://0/80/2M,mission,1,2,Scan,5672,0,0,0,0.0,0,0,0.0,0.0,96147,0,0,0.8029653429985046,-0.07155154645442963,0.08626197278499603,0.0,0.0,1090,601,32766,32766,2124,3.0615835189819336
2026-04-07T12:13:40.170,radio://0/80/2M,flow,1,2,Scan,6026,0,0,0,0.0,0,0,0.0,0.0,96397,0,0,0.8029653429985046,-0.08105884492397308,0.11436714977025986,0.0,0.0,1090,601,32766,32766,2124,3.0615835189819336
2026-04-07T12:13:40.172,radio://0/80/2M,range,1,2,Scan,6026,0,0,0,0.0,0,0,0.0,0.0,96397,0,0,0.8029653429985046,-0.08105884492397308,0.11436714977025986,0.0,0.0,774,662,32766,1306,2119,3.0774195194244385
2026-04-07T12:13:40.419,radio://0/80/2M,mission,1,2,Scan,6026,0,0,0,0.0,0,0,0.0,0.0,96397,0,0,0.8081060647964478,-0.08105884492397308,0.11436714977025986,0.0,0.0,774,662,32766,1306,2119,3.0774195194244385
2026-04-07T12:13:40.420,radio://0/80/2M,flow,1,2,Scan,6026,0,0,0,0.0,0,0,0.0,0.0,96647,3,3,0.8081060647964478,-0.08138085156679153,0.08299841731786728,0.0,0.0,774,662,32766,1306,2119,3.0774195194244385
2026-04-07T12:13:40.421,radio://0/80/2M,range,1,2,Scan,6026,0,0,0,0.0,0,0,0.0,0.0,96647,3,3,0.8081060647964478,-0.08138085156679153,0.08299841731786728,0.0,0.0,650,717,1173,1268,2113,3.0932552814483643
2026-04-07T12:13:40.669,radio://0/80/2M,mission,1,2,Scan,6026,0,0,0,0.0,0,0,0.0,0.0,96647,3,3,0.8051760792732239,-0.08138085156679153,0.08299841731786728,0.0,0.0,650,717,1173,1268,2113,3.0932552814483643
2026-04-07T12:13:40.670,radio://0/80/2M,flow,1,2,Scan,5650,0,0,0,0.0,0,0,0.0,0.0,96897,0,0,0.8051760792732239,-0.08903508633375168,0.07794446498155594,0.0,0.0,650,717,1173,1268,2113,3.0932552814483643
2026-04-07T12:13:40.672,radio://0/80/2M,range,1,2,Scan,5650,0,0,0,0.0,0,0,0.0,0.0,96897,0,0,0.8051760792732239,-0.08903508633375168,0.07794446498155594,0.0,0.0,527,835,1036,1249,2111,3.0774195194244385
2026-04-07T12:13:40.918,radio://0/80/2M,mission,1,2,Scan,5650,0,0,0,0.0,0,0,0.0,0.0,96897,0,0,0.7937420606613159,-0.08903508633375168,0.07794446498155594,0.0,0.0,527,835,1036,1249,2111,3.0774195194244385
2026-04-07T12:13:40.920,radio://0/80/2M,flow,1,2,Scan,5650,0,0,0,0.0,0,0,0.0,0.0,97147,-3,-1,0.7937420606613159,-0.08791110664606094,0.0886254534125328,0.0,0.0,527,835,1036,1249,2111,3.0774195194244385
2026-04-07T12:13:40.921,radio://0/80/2M,range,1,2,Scan,5650,0,0,0,0.0,0,0,0.0,0.0,97147,-3,-1,0.7937420606613159,-0.08791110664606094,0.0886254534125328,0.0,0.0,433,970,956,1266,2128,3.0615835189819336
2026-04-07T12:13:41.168,radio://0/80/2M,mission,1,2,Scan,5650,0,0,0,0.0,0,0,0.0,0.0,97147,-3,-1,0.7969099879264832,-0.08791110664606094,0.0886254534125328,0.0,0.0,433,970,956,1266,2128,3.0615835189819336
2026-04-07T12:13:41.169,radio://0/80/2M,flow,1,2,Scan,5297,0,0,0,0.0,0,0,0.0,0.0,97397,0,-1,0.7969099879264832,-0.05829296633601189,0.06495258957147598,0.0,0.0,433,970,956,1266,2128,3.0615835189819336
2026-04-07T12:13:41.171,radio://0/80/2M,range,1,2,Scan,5297,0,0,0,0.0,0,0,0.0,0.0,97397,0,-1,0.7969099879264832,-0.05829296633601189,0.06495258957147598,0.0,0.0,304,1047,911,1383,2131,3.082698106765747
2026-04-07T12:13:41.419,radio://0/80/2M,mission,1,2,Scan,5297,0,0,0,0.0,0,0,0.0,0.0,97397,0,-1,0.7990714311599731,-0.05829296633601189,0.06495258957147598,0.0,0.0,304,1047,911,1383,2131,3.082698106765747
2026-04-07T12:13:41.420,radio://0/80/2M,flow,1,2,Scan,5979,0,0,0,0.0,0,0,0.0,0.0,97647,-2,-5,0.7990714311599731,-0.059233564883470535,0.19256609678268433,0.0,0.0,304,1047,911,1383,2131,3.082698106765747
2026-04-07T12:13:41.422,radio://0/80/2M,range,1,2,Scan,5979,0,0,0,0.0,0,0,0.0,0.0,97647,-2,-5,0.7990714311599731,-0.059233564883470535,0.19256609678268433,0.0,0.0,200,32766,903,32766,2131,3.0774195194244385
2026-04-07T12:13:41.668,radio://0/80/2M,mission,1,2,Scan,5979,0,0,0,0.0,0,0,0.0,0.0,97647,-2,-5,0.6119050979614258,-0.059233564883470535,0.19256609678268433,0.0,0.0,200,32766,903,32766,2131,3.0774195194244385
2026-04-07T12:13:41.669,radio://0/80/2M,flow,1,2,Scan,5979,0,0,0,0.0,0,0,0.0,0.0,97897,0,-2,0.6119050979614258,-0.14579623937606812,0.0457143560051918,0.0,0.0,200,32766,903,32766,2131,3.0774195194244385
2026-04-07T12:13:41.671,radio://0/80/2M,range,1,2,Scan,5979,0,0,0,0.0,0,0,0.0,0.0,97897,0,-2,0.6119050979614258,-0.14579623937606812,0.0457143560051918,0.0,0.0,95,32766,920,32766,2160,2.7870967388153076
2026-04-07T12:13:41.922,radio://0/80/2M,mission,1,2,Scan,5979,0,0,0,0.0,0,0,0.0,0.0,97897,0,-2,0.3039249777793884,-0.14579623937606812,0.0457143560051918,0.0,0.0,95,32766,920,32766,2160,2.7870967388153076
2026-04-07T12:13:41.925,radio://0/80/2M,flow,1,2,Scan,5979,0,0,0,0.0,0,0,0.0,0.0,98147,5,3,0.3039249777793884,-0.21483542025089264,-0.6807830929756165,0.0,0.0,95,32766,920,32766,2160,2.7870967388153076
2026-04-07T12:13:41.926,radio://0/80/2M,range,1,2,Scan,5979,0,0,0,0.0,0,0,0.0,0.0,98147,5,3,0.3039249777793884,-0.21483542025089264,-0.6807830929756165,0.0,0.0,127,32766,929,32766,2163,2.7765395641326904
2026-04-07T12:13:42.169,radio://0/80/2M,mission,1,2,Scan,5979,0,0,0,0.0,0,0,0.0,0.0,98147,5,3,1.3950355052947998,-0.21483542025089264,-0.6807830929756165,0.0,0.0,127,32766,929,32766,2163,2.7765395641326904
2026-04-07T12:13:42.170,radio://0/80/2M,flow,1,2,Scan,4620,0,0,0,0.0,0,0,0.0,0.0,98397,-4,4,1.3950355052947998,0.08051226288080215,-1.2840815782546997,0.0,0.0,127,32766,929,32766,2163,2.7765395641326904
2026-04-07T12:13:42.171,radio://0/80/2M,range,1,2,Scan,4620,0,0,0,0.0,0,0,0.0,0.0,98397,-4,4,1.3950355052947998,0.08051226288080215,-1.2840815782546997,0.0,0.0,32766,32766,32766,32766,1654,3.3677420616149902
2026-04-07T12:13:42.421,radio://0/80/2M,mission,1,2,Scan,4620,0,0,0,0.0,0,0,0.0,0.0,98397,-4,4,1.7038644552230835,0.08051226288080215,-1.2840815782546997,0.0,0.0,32766,32766,32766,32766,1654,3.3677420616149902
2026-04-07T12:13:42.423,radio://0/80/2M,flow,1,2,Scan,4062,0,0,0,0.0,0,0,0.0,0.0,98647,15,5,1.7038644552230835,1.0283244848251343,-0.4416201114654541,0.0,0.0,32766,32766,32766,32766,1654,3.3677420616149902
2026-04-07T12:13:42.424,radio://0/80/2M,range,1,2,Scan,4062,0,0,0,0.0,0,0,0.0,0.0,98647,15,5,1.7038644552230835,1.0283244848251343,-0.4416201114654541,0.0,0.0,3107,32766,32766,32766,1442,3.394134998321533
2026-04-07T12:13:42.667,radio://0/80/2M,mission,1,2,Scan,4062,0,0,0,0.0,0,0,0.0,0.0,98647,15,5,1.7765854597091675,1.0283244848251343,-0.4416201114654541,0.0,0.0,3107,32766,32766,32766,1442,3.394134998321533
2026-04-07T12:13:42.669,radio://0/80/2M,flow,1,2,Scan,4046,0,0,0,0.0,0,0,0.0,0.0,98897,0,-1,1.7765854597091675,0.5317556262016296,-0.2305947095155716,0.0,0.0,3107,32766,32766,32766,1442,3.394134998321533
2026-04-07T12:13:42.670,radio://0/80/2M,range,1,2,Scan,4046,0,0,0,0.0,0,0,0.0,0.0,98897,0,-1,1.7765854597091675,0.5317556262016296,-0.2305947095155716,0.0,0.0,3305,32766,2929,32766,1464,3.3782992362976074
2026-04-07T12:13:42.916,radio://0/80/2M,mission,1,2,Scan,4046,0,0,0,0.0,0,0,0.0,0.0,98897,0,-1,1.450828194618225,0.5317556262016296,-0.2305947095155716,0.0,0.0,3305,32766,2929,32766,1464,3.3782992362976074
2026-04-07T12:13:42.919,radio://0/80/2M,flow,1,2,Scan,4282,0,0,0,0.0,0,0,0.0,0.0,99147,-5,-4,1.450828194618225,-0.21430598199367523,-0.3502984642982483,0.0,0.0,3305,32766,2929,32766,1464,3.3782992362976074
2026-04-07T12:13:42.920,radio://0/80/2M,range,1,2,Scan,4282,0,0,0,0.0,0,0,0.0,0.0,99147,-5,-4,1.450828194618225,-0.21430598199367523,-0.3502984642982483,0.0,0.0,32766,32766,32766,32766,1633,3.2463343143463135
2026-04-07T12:13:43.166,radio://0/80/2M,mission,1,2,Scan,4282,0,0,0,0.0,0,0,0.0,0.0,99147,-5,-4,0.8615689277648926,-0.21430598199367523,-0.3502984642982483,0.0,0.0,32766,32766,32766,32766,1633,3.2463343143463135
2026-04-07T12:13:43.167,radio://0/80/2M,flow,1,2,Scan,4000,0,0,0,0.0,0,0,0.0,0.0,99397,-14,-5,0.8615689277648926,-1.105097770690918,-0.14919112622737885,0.0,0.0,32766,32766,32766,32766,1633,3.2463343143463135
2026-04-07T12:13:43.169,radio://0/80/2M,range,1,2,Scan,4000,0,0,0,0.0,0,0,0.0,0.0,99397,-14,-5,0.8615689277648926,-1.105097770690918,-0.14919112622737885,0.0,0.0,1116,32766,1443,436,2053,2.8398828506469727
2026-04-07T12:13:43.417,radio://0/80/2M,mission,1,2,Scan,4000,0,0,0,0.0,0,0,0.0,0.0,99397,-14,-5,0.5335196852684021,-1.105097770690918,-0.14919112622737885,0.0,0.0,1116,32766,1443,436,2053,2.8398828506469727
2026-04-07T12:13:43.418,radio://0/80/2M,flow,1,2,Scan,2865,0,0,0,0.0,0,0,0.0,0.0,99647,-1,-10,0.5335196852684021,-0.8320712447166443,0.5306950211524963,0.0,0.0,1116,32766,1443,436,2053,2.8398828506469727
2026-04-07T12:13:43.420,radio://0/80/2M,range,1,2,Scan,2865,0,0,0,0.0,0,0,0.0,0.0,99647,-1,-10,0.5335196852684021,-0.8320712447166443,0.5306950211524963,0.0,0.0,32766,32766,1927,560,2328,2.8240468502044678
2026-04-07T12:13:43.666,radio://0/80/2M,mission,1,2,Scan,2865,0,0,0,0.0,0,0,0.0,0.0,99647,-1,-10,0.5054633021354675,-0.8320712447166443,0.5306950211524963,0.0,0.0,32766,32766,1927,560,2328,2.8240468502044678
2026-04-07T12:13:43.668,radio://0/80/2M,flow,1,2,Scan,4120,0,0,0,0.0,0,0,0.0,0.0,99897,-6,6,0.5054633021354675,-0.07996466755867004,0.8643486499786377,0.0,0.0,32766,32766,1927,560,2328,2.8240468502044678
2026-04-07T12:13:43.670,radio://0/80/2M,range,1,2,Scan,4120,0,0,0,0.0,0,0,0.0,0.0,99897,-6,6,0.5054633021354675,-0.07996466755867004,0.8643486499786377,0.0,0.0,389,32766,32766,909,2502,3.10909104347229
2026-04-07T12:13:43.916,radio://0/80/2M,mission,1,2,Scan,4120,0,0,0,0.0,0,0,0.0,0.0,99897,-6,6,0.5654926300048828,-0.07996466755867004,0.8643486499786377,0.0,0.0,389,32766,32766,909,2502,3.10909104347229
2026-04-07T12:13:43.918,radio://0/80/2M,flow,1,2,Scan,4104,0,0,0,0.0,0,0,0.0,0.0,100147,11,0,0.5654926300048828,0.17548158764839172,1.0374068021774292,0.0,0.0,389,32766,32766,909,2502,3.10909104347229
2026-04-07T12:13:43.920,radio://0/80/2M,range,1,2,Scan,4104,0,0,0,0.0,0,0,0.0,0.0,100147,11,0,0.5654926300048828,0.17548158764839172,1.0374068021774292,0.0,0.0,442,32766,771,32766,2401,3.1777126789093018
2026-04-07T12:13:44.165,radio://0/80/2M,mission,1,2,Scan,4104,0,0,0,0.0,0,0,0.0,0.0,100147,11,0,0.5891520380973816,0.17548158764839172,1.0374068021774292,0.0,0.0,442,32766,771,32766,2401,3.1777126789093018
2026-04-07T12:13:44.168,radio://0/80/2M,flow,1,2,Scan,4104,0,0,0,0.0,0,0,0.0,0.0,100397,4,0,0.5891520380973816,0.030996080487966537,0.9329578280448914,0.0,0.0,442,32766,771,32766,2401,3.1777126789093018
2026-04-07T12:13:44.169,radio://0/80/2M,range,1,2,Scan,4104,0,0,0,0.0,0,0,0.0,0.0,100397,4,0,0.5891520380973816,0.030996080487966537,0.9329578280448914,0.0,0.0,602,32766,467,32766,2337,3.14604115486145
2026-04-07T12:13:44.415,radio://0/80/2M,mission,1,2,Scan,4104,0,0,0,0.0,0,0,0.0,0.0,100397,4,0,0.608783483505249,0.030996080487966537,0.9329578280448914,0.0,0.0,602,32766,467,32766,2337,3.14604115486145
2026-04-07T12:13:44.417,radio://0/80/2M,flow,1,2,Scan,4104,0,0,0,0.0,0,0,0.0,0.0,100647,2,0,0.608783483505249,-0.11687981337308884,0.8326513171195984,0.0,0.0,602,32766,467,32766,2337,3.14604115486145
2026-04-07T12:13:44.419,radio://0/80/2M,range,1,2,Scan,4104,0,0,0,0.0,0,0,0.0,0.0,100647,2,0,0.608783483505249,-0.11687981337308884,0.8326513171195984,0.0,0.0,339,32766,268,32766,2323,3.1407625675201416
2026-04-07T12:13:44.666,radio://0/80/2M,mission,1,2,Scan,4104,0,0,0,0.0,0,0,0.0,0.0,100647,2,0,0.562628984451294,-0.11687981337308884,0.8326513171195984,0.0,0.0,339,32766,268,32766,2323,3.1407625675201416
2026-04-07T12:13:44.668,radio://0/80/2M,flow,1,2,Scan,4543,0,0,0,0.0,0,0,0.0,0.0,100897,-37,25,0.562628984451294,-0.7976983189582825,0.5512110590934753,0.0,0.0,339,32766,268,32766,2323,3.1407625675201416
2026-04-07T12:13:44.669,radio://0/80/2M,range,1,2,Scan,4543,0,0,0,0.0,0,0,0.0,0.0,100897,-37,25,0.562628984451294,-0.7976983189582825,0.5512110590934753,0.0,0.0,178,32766,33,32766,32766,2.85044002532959
2026-04-07T12:13:44.916,radio://0/80/2M,mission,1,2,Scan,4543,0,0,0,0.0,0,0,0.0,0.0,100897,-37,25,0.3517630398273468,-0.7976983189582825,0.5512110590934753,0.0,0.0,178,32766,33,32766,32766,2.85044002532959
2026-04-07T12:13:44.917,radio://0/80/2M,flow,1,2,Scan,3931,0,0,0,0.0,0,0,0.0,0.0,101147,9,21,0.3517630398273468,-0.4135819375514984,2.157456398010254,0.0,0.0,178,32766,33,32766,32766,2.85044002532959
2026-04-07T12:13:44.918,radio://0/80/2M,range,1,2,Scan,3931,0,0,0,0.0,0,0,0.0,0.0,101147,9,21,0.3517630398273468,-0.4135819375514984,2.157456398010254,0.0,0.0,32766,32766,53,32766,7,3.040469169616699
2026-04-07T12:13:45.164,radio://0/80/2M,mission,1,2,Scan,3931,0,0,0,0.0,0,0,0.0,0.0,101147,9,21,0.08612420409917831,-0.4135819375514984,2.157456398010254,0.0,0.0,32766,32766,53,32766,7,3.040469169616699
2026-04-07T12:13:45.167,radio://0/80/2M,flow,1,2,Scan,3175,0,0,0,0.0,0,0,0.0,0.0,101397,-84,8,0.08612420409917831,2.666766881942749,0.840857982635498,0.0,0.0,32766,32766,53,32766,7,3.040469169616699
2026-04-07T12:13:45.168,radio://0/80/2M,range,1,2,Scan,3175,0,0,0,0.0,0,0,0.0,0.0,101397,-84,8,0.08612420409917831,2.666766881942749,0.840857982635498,0.0,0.0,32766,32766,63,32766,86,2.8821115493774414
2026-04-07T12:13:45.415,radio://0/80/2M,mission,1,2,Scan,3175,0,0,0,0.0,0,0,0.0,0.0,101397,-84,8,1.5448338985443115,2.666766881942749,0.840857982635498,0.0,0.0,32766,32766,63,32766,86,2.8821115493774414
2026-04-07T12:13:45.416,radio://0/80/2M,flow,1,2,Scan,3777,0,0,0,0.0,0,0,0.0,0.0,101647,1,10,1.5448338985443115,-2.2447421550750732,3.375314950942993,0.0,0.0,32766,32766,63,32766,86,2.8821115493774414
2026-04-07T12:13:45.418,radio://0/80/2M,range,1,2,Scan,3777,0,0,0,0.0,0,0,0.0,0.0,101647,1,10,1.5448338985443115,-2.2447421550750732,3.375314950942993,0.0,0.0,28,32766,39,84,27,3.6791789531707764
2026-04-07T12:13:45.666,radio://0/80/2M,mission,1,2,Scan,3777,0,0,0,0.0,0,0,0.0,0.0,101647,1,10,1.3453927040100098,-2.2447421550750732,3.375314950942993,0.0,0.0,28,32766,39,84,27,3.6791789531707764
2026-04-07T12:13:45.667,radio://0/80/2M,flow,1,2,Scan,3997,0,0,0,0.0,0,0,0.0,0.0,101897,11,0,1.3453927040100098,0.8714693784713745,3.689081907272339,0.0,0.0,28,32766,39,84,27,3.6791789531707764
2026-04-07T12:13:45.669,radio://0/80/2M,range,1,2,Scan,3997,0,0,0,0.0,0,0,0.0,0.0,101897,11,0,1.3453927040100098,0.8714693784713745,3.689081907272339,0.0,0.0,70,32766,0,6,2,3.7055718898773193
2026-04-07T12:13:45.915,radio://0/80/2M,mission,1,5,Transition,3997,0,0,0,0.0,0,0,0.0,0.0,101897,11,0,1.10904061794281,0.8714693784713745,3.689081907272339,0.0,0.0,70,32766,0,6,2,3.7055718898773193
2026-04-07T12:13:45.916,radio://0/80/2M,flow,1,5,Transition,3997,0,0,0,0.0,0,0,0.0,0.0,102147,0,0,1.10904061794281,4.810417652130127,2.925365924835205,0.06179999187588692,0.29280000925064087,70,32766,0,6,2,3.7055718898773193
2026-04-07T12:13:45.918,radio://0/80/2M,range,1,5,Transition,3997,0,0,0,0.0,0,0,0.0,0.0,102147,0,0,1.10904061794281,4.810417652130127,2.925365924835205,0.06179999187588692,0.29280000925064087,103,25,12,0,0,3.710850477218628
2026-04-07T12:13:46.164,radio://0/80/2M,mission,1,0,Reacquire Wall,3997,0,0,0,0.0,0,0,0.0,0.0,102147,0,0,1.4752345085144043,4.810417652130127,2.925365924835205,0.06179999187588692,0.29280000925064087,103,25,12,0,0,3.710850477218628
2026-04-07T12:13:46.165,radio://0/80/2M,flow,1,0,Reacquire Wall,3997,0,0,0,0.0,0,0,0.0,0.0,102397,0,0,1.4752345085144043,7.299976825714111,-0.3882669508457184,0.06360000371932983,0.29340001940727234,103,25,12,0,0,3.710850477218628
2026-04-07T12:13:46.167,radio://0/80/2M,range,1,0,Reacquire Wall,3997,0,0,0,0.0,0,0,0.0,0.0,102397,0,0,1.4752345085144043,7.299976825714111,-0.3882669508457184,0.06360000371932983,0.29340001940727234,106,32,13,0,1,3.721407651901245
2026-04-07T12:13:46.414,radio://0/80/2M,mission,1,0,Reacquire Wall,3997,0,0,0,0.0,0,0,0.0,0.0,102397,0,0,1.4524106979370117,7.299976825714111,-0.3882669508457184,0.06360000371932983,0.29340001940727234,106,32,13,0,1,3.721407651901245
2026-04-07T12:13:46.415,radio://0/80/2M,flow,1,0,Reacquire Wall,3997,0,0,0,0.0,0,0,0.0,0.0,102647,0,0,1.4524106979370117,8.990179061889648,-2.03639817237854,0.06167641282081604,0.29041802883148193,106,32,13,0,1,3.721407651901245
2026-04-07T12:13:46.416,radio://0/80/2M,range,1,0,Reacquire Wall,3997,0,0,0,0.0,0,0,0.0,0.0,102647,0,0,1.4524106979370117,8.990179061889648,-2.03639817237854,0.06167641282081604,0.29041802883148193,104,33,15,1,0,3.721407651901245
2026-04-07T12:13:46.664,radio://0/80/2M,mission,1,0,Reacquire Wall,3997,0,0,0,0.0,0,0,0.0,0.0,102647,0,0,1.310483694076538,8.990179061889648,-2.03639817237854,0.06167641282081604,0.29041802883148193,104,33,15,1,0,3.721407651901245
2026-04-07T12:13:46.666,radio://0/80/2M,flow,1,0,Reacquire Wall,4246,0,0,0,0.0,0,0,0.0,0.0,102897,0,0,1.310483694076538,10.404274940490723,-3.4215831756591797,0.06299999356269836,0.2903999984264374,104,33,15,1,0,3.721407651901245
2026-04-07T12:13:46.667,radio://0/80/2M,range,1,0,Reacquire Wall,4246,0,0,0,0.0,0,0,0.0,0.0,102897,0,0,1.310483694076538,10.404274940490723,-3.4215831756591797,0.06299999356269836,0.2903999984264374,105,30,14,0,0,3.7319648265838623
2026-04-07T12:13:46.914,radio://0/80/2M,mission,1,0,Reacquire Wall,4246,0,0,0,0.0,0,0,0.0,0.0,102897,0,0,1.3021737337112427,10.404274940490723,-3.4215831756591797,0.06299999356269836,0.2903999984264374,105,30,14,0,0,3.7319648265838623
2026-04-07T12:13:46.915,radio://0/80/2M,flow,1,0,Reacquire Wall,4246,0,0,0,0.0,0,0,0.0,0.0,103147,0,0,1.3021737337112427,11.869410514831543,-4.673583030700684,0.06240000203251839,0.29280000925064087,105,30,14,0,0,3.7319648265838623
2026-04-07T12:13:46.916,radio://0/80/2M,range,1,0,Reacquire Wall,4246,0,0,0,0.0,0,0,0.0,0.0,103147,0,0,1.3021737337112427,11.869410514831543,-4.673583030700684,0.06240000203251839,0.29280000925064087,104,32,12,0,0,3.7319648265838623
2026-04-07T12:13:47.163,radio://0/80/2M,mission,1,0,Reacquire Wall,4246,0,0,0,0.0,0,0,0.0,0.0,103147,0,0,1.5262129306793213,11.869410514831543,-4.673583030700684,0.06240000203251839,0.29280000925064087,104,32,12,0,0,3.7319648265838623
2026-04-07T12:13:47.165,radio://0/80/2M,flow,1,0,Reacquire Wall,4511,0,0,0,0.0,0,0,0.0,0.0,103397,0,0,1.5262129306793213,1.2535964250564575,0.018098287284374237,0.061077602207660675,0.2910168170928955,104,32,12,0,0,3.7319648265838623
2026-04-07T12:13:47.166,radio://0/80/2M,range,1,0,Reacquire Wall,4511,0,0,0,0.0,0,0,0.0,0.0,103397,0,0,1.5262129306793213,1.2535964250564575,0.018098287284374237,0.061077602207660675,0.2910168170928955,103,30,14,1,0,3.737243413925171
2026-04-07T12:13:47.414,radio://0/80/2M,mission,1,0,Reacquire Wall,4511,0,0,0,0.0,0,0,0.0,0.0,103397,0,0,1.423697829246521,1.2535964250564575,0.018098287284374237,0.061077602207660675,0.2910168170928955,103,30,14,1,0,3.737243413925171
2026-04-07T12:13:47.415,radio://0/80/2M,flow,1,0,Reacquire Wall,4511,0,0,0,0.0,0,0,0.0,0.0,103647,0,0,1.423697829246521,3.090263605117798,0.044685013592243195,0.06240000203251839,0.2921999990940094,103,30,14,1,0,3.737243413925171
2026-04-07T12:13:47.416,radio://0/80/2M,range,1,0,Reacquire Wall,4511,0,0,0,0.0,0,0,0.0,0.0,103647,0,0,1.423697829246521,3.090263605117798,0.044685013592243195,0.06240000203251839,0.2921999990940094,104,35,13,0,0,3.7425220012664795
