Time,uri,source,outer,mission,mission_name,height_m,human,human_fresh,human_stable,human_hold_s,human_confidence_pct,human_direction,human_max_temp_c,human_thermistor_c,flow_timestamp_ms,delta_x,delta_y,shutter,vel_x_mps,vel_y_mps,cmd_x_mps,cmd_y_mps,front_mm,left_mm,right_mm,back_mm,up_mm,vbat_v
2026-04-07T10:57:08.975,radio://0/80/2M,mission,0,0,Reacquire Wall,0.0002860839886125177,0,0,0,0.0,0,0,0.0,0.0,0,0,0,0,0.0,0.0,0.0,0.0,32766,32766,32766,32766,32766,0.0
2026-04-07T10:57:08.976,radio://0/80/2M,flow,0,0,Reacquire Wall,0.0002860839886125177,0,0,0,0.0,0,0,0.0,0.0,8325,0,-4,8191,0.005918830633163452,-0.0032751942053437233,0.0,0.0,32766,32766,32766,32766,32766,0.0
2026-04-07T10:57:08.977,radio://0/80/2M,range,0,0,Reacquire Wall,0.0002860839886125177,0,0,0,0.0,0,0,0.0,0.0,8325,0,-4,8191,0.005918830633163452,-0.0032751942053437233,0.0,0.0,224,32766,220,542,2939,3.790029287338257
2026-04-07T10:57:09.224,radio://0/80/2M,mission,0,0,Reacquire Wall,0.001180805847980082,0,0,0,0.0,0,0,0.0,0.0,8325,0,-4,8191,0.005918830633163452,-0.0032751942053437233,0.0,0.0,224,32766,220,542,2939,3.790029287338257
2026-04-07T10:57:09.225,radio://0/80/2M,flow,0,0,Reacquire Wall,0.001180805847980082,0,0,0,0.0,0,0,0.0,0.0,8575,0,0,8191,0.005647408310323954,-0.0017328988760709763,0.0,0.0,224,32766,220,542,2939,3.790029287338257
2026-04-07T10:57:09.226,radio://0/80/2M,range,0,0,Reacquire Wall,0.001180805847980082,0,0,0,0.0,0,0,0.0,0.0,8575,0,0,8191,0.005647408310323954,-0.0017328988760709763,0.0,0.0,223,32766,221,549,2932,3.800586462020874
2026-04-07T10:57:09.474,radio://0/80/2M,mission,0,0,Reacquire Wall,2.8557573386933655e-05,0,0,0,0.0,0,0,0.0,0.0,8575,0,0,8191,0.005647408310323954,-0.0017328988760709763,0.0,0.0,223,32766,221,549,2932,3.800586462020874
2026-04-07T10:57:09.476,radio://0/80/2M,flow,0,0,Reacquire Wall,2.8557573386933655e-05,0,0,0,0.0,0,0,0.0,0.0,8825,-1,3,8191,0.0011683646589517593,-0.0022342787124216557,0.0,0.0,223,32766,221,549,2932,3.800586462020874
2026-04-07T10:57:09.477,radio://0/80/2M,range,0,0,Reacquire Wall,2.8557573386933655e-05,0,0,0,0.0,0,0,0.0,0.0,8825,-1,3,8191,0.0011683646589517593,-0.0022342787124216557,0.0,0.0,227,32766,219,549,2940,3.790029287338257
2026-04-07T10:57:09.724,radio://0/80/2M,mission,0,0,Reacquire Wall,0.00027827074518427253,0,0,0,0.0,0,0,0.0,0.0,8825,-1,3,8191,0.0011683646589517593,-0.0022342787124216557,0.0,0.0,227,32766,219,549,2940,3.790029287338257
2026-04-07T10:57:09.725,radio://0/80/2M,flow,0,0,Reacquire Wall,0.00027827074518427253,0,0,0,0.0,0,0,0.0,0.0,9075,-1,-3,8191,-9.82380242930958e-06,-0.0032288413494825363,0.0,0.0,227,32766,219,549,2940,3.790029287338257
2026-04-07T10:57:09.726,radio://0/80/2M,range,0,0,Reacquire Wall,0.00027827074518427253,0,0,0,0.0,0,0,0.0,0.0,9075,-1,-3,8191,-9.82380242930958e-06,-0.0032288413494825363,0.0,0.0,226,32766,225,554,2935,3.800586462020874
2026-04-07T10:57:09.974,radio://0/80/2M,mission,0,0,Reacquire Wall,0.00013971221051178873,0,0,0,0.0,0,0,0.0,0.0,9075,-1,-3,8191,-9.82380242930958e-06,-0.0032288413494825363,0.0,0.0,226,32766,225,554,2935,3.800586462020874
2026-04-07T10:57:09.975,radio://0/80/2M,flow,0,0,Reacquire Wall,0.00013971221051178873,0,0,0,0.0,0,0,0.0,0.0,9325,2,0,8191,0.004914532881230116,-0.0042036003433167934,0.0,0.0,226,32766,225,554,2935,3.800586462020874
2026-04-07T10:57:09.976,radio://0/80/2M,range,0,0,Reacquire Wall,0.00013971221051178873,0,0,0,0.0,0,0,0.0,0.0,9325,2,0,8191,0.004914532881230116,-0.0042036003433167934,0.0,0.0,222,512,220,538,32766,3.790029287338257
2026-04-07T10:57:10.224,radio://0/80/2M,mission,0,0,Reacquire Wall,0.00015254016034305096,0,0,0,0.0,0,0,0.0,0.0,9325,2,0,8191,0.004914532881230116,-0.0042036003433167934,0.0,0.0,222,512,220,538,32766,3.790029287338257
2026-04-07T10:57:10.225,radio://0/80/2M,flow,0,0,Reacquire Wall,0.00015254016034305096,0,0,0,0.0,0,0,0.0,0.0,9575,0,0,8191,0.005727430805563927,-0.000545909337233752,0.0,0.0,222,512,220,538,32766,3.790029287338257
2026-04-07T10:57:10.226,radio://0/80/2M,range,0,0,Reacquire Wall,0.00015254016034305096,0,0,0,0.0,0,0,0.0,0.0,9575,0,0,8191,0.005727430805563927,-0.000545909337233752,0.0,0.0,228,32766,219,542,2933,3.800586462020874
2026-04-07T10:57:10.473,radio://0/80/2M,mission,0,0,Reacquire Wall,0.00042380928061902523,0,0,0,0.0,0,0,0.0,0.0,9575,0,0,8191,0.005727430805563927,-0.000545909337233752,0.0,0.0,228,32766,219,542,2933,3.800586462020874
2026-04-07T10:57:10.475,radio://0/80/2M,flow,0,0,Reacquire Wall,0.00042380928061902523,0,0,0,0.0,0,0,0.0,0.0,9825,0,0,8191,0.00496396841481328,-0.0031610620208084583,0.0,0.0,228,32766,219,542,2933,3.800586462020874
2026-04-07T10:57:10.476,radio://0/80/2M,range,0,0,Reacquire Wall,0.00042380928061902523,0,0,0,0.0,0,0,0.0,0.0,9825,0,0,8191,0.00496396841481328,-0.0031610620208084583,0.0,0.0,226,32766,218,547,2926,3.790029287338257
2026-04-07T10:57:10.726,radio://0/80/2M,mission,0,0,Reacquire Wall,0.0002553618105594069,0,0,0,0.0,0,0,0.0,0.0,9825,0,0,8191,0.00496396841481328,-0.0031610620208084583,0.0,0.0,226,32766,218,547,2926,3.790029287338257
2026-04-07T10:57:10.727,radio://0/80/2M,flow,0,0,Reacquire Wall,0.0002553618105594069,0,0,0,0.0,0,0,0.0,0.0,10075,2,7,8191,-0.007648758124560118,-0.005784939508885145,0.0,0.0,226,32766,218,547,2926,3.790029287338257
2026-04-07T10:57:10.728,radio://0/80/2M,range,0,0,Reacquire Wall,0.0002553618105594069,0,0,0,0.0,0,0,0.0,0.0,10075,2,7,8191,-0.007648758124560118,-0.005784939508885145,0.0,0.0,227,32766,220,544,32766,3.8058650493621826
2026-04-07T10:57:10.973,radio://0/80/2M,mission,0,0,Reacquire Wall,0.0003551068075466901,0,0,0,0.0,0,0,0.0,0.0,10075,2,7,8191,-0.007648758124560118,-0.005784939508885145,0.0,0.0,227,32766,220,544,32766,3.8058650493621826
2026-04-07T10:57:10.974,radio://0/80/2M,flow,0,0,Reacquire Wall,0.0003551068075466901,0,0,0,0.0,0,0,0.0,0.0,10325,3,3,8191,0.0014117375249043107,-0.0026233515236526728,0.0,0.0,227,32766,220,544,32766,3.8058650493621826
2026-04-07T10:57:10.975,radio://0/80/2M,range,0,0,Reacquire Wall,0.0003551068075466901,0,0,0,0.0,0,0,0.0,0.0,10325,3,3,8191,0.0014117375249043107,-0.0026233515236526728,0.0,0.0,227,32766,224,546,32766,3.790029287338257
2026-04-07T10:57:11.223,radio://0/80/2M,mission,0,0,Reacquire Wall,0.00019254516519140452,0,0,0,0.0,0,0,0.0,0.0,10325,3,3,8191,0.0014117375249043107,-0.0026233515236526728,0.0,0.0,227,32766,224,546,32766,3.790029287338257
2026-04-07T10:57:11.225,radio://0/80/2M,flow,0,0,Reacquire Wall,0.00019254516519140452,0,0,0,0.0,0,0,0.0,0.0,10575,-5,0,8191,0.0055446201004087925,0.0014582440489903092,0.0,0.0,227,32766,224,546,32766,3.790029287338257
2026-04-07T10:57:11.227,radio://0/80/2M,range,0,0,Reacquire Wall,0.00019254516519140452,0,0,0,0.0,0,0,0.0,0.0,10575,-5,0,8191,0.0055446201004087925,0.0014582440489903092,0.0,0.0,226,32766,222,546,32766,3.800586462020874
2026-04-07T10:57:11.473,radio://0/80/2M,mission,0,0,Reacquire Wall,0.00023013674945104867,0,0,0,0.0,0,0,0.0,0.0,10575,-5,0,8191,0.0055446201004087925,0.0014582440489903092,0.0,0.0,226,32766,222,546,32766,3.800586462020874
2026-04-07T10:57:11.474,radio://0/80/2M,flow,0,0,Reacquire Wall,0.00023013674945104867,0,0,0,0.0,0,0,0.0,0.0,10825,-3,-4,8191,0.0046524605713784695,0.0023722141049802303,0.0,0.0,226,32766,222,546,32766,3.800586462020874
2026-04-07T10:57:11.475,radio://0/80/2M,range,0,0,Reacquire Wall,0.00023013674945104867,0,0,0,0.0,0,0,0.0,0.0,10825,-3,-4,8191,0.0046524605713784695,0.0023722141049802303,0.0,0.0,229,32766,218,546,32766,3.790029287338257
2026-04-07T10:57:11.722,radio://0/80/2M,mission,0,0,Reacquire Wall,0.00013960784417577088,0,0,0,0.0,0,0,0.0,0.0,10825,-3,-4,8191,0.0046524605713784695,0.0023722141049802303,0.0,0.0,229,32766,218,546,32766,3.790029287338257
2026-04-07T10:57:11.726,radio://0/80/2M,flow,0,0,Reacquire Wall,0.00013960784417577088,0,0,0,0.0,0,0,0.0,0.0,11075,1,0,8191,0.004910443909466267,-0.003374675754457712,0.0,0.0,229,32766,218,546,32766,3.790029287338257
2026-04-07T10:57:11.726,radio://0/80/2M,range,0,0,Reacquire Wall,0.00013960784417577088,0,0,0,0.0,0,0,0.0,0.0,11075,1,0,8191,0.004910443909466267,-0.003374675754457712,0.0,0.0,229,32766,221,557,2872,3.800586462020874
2026-04-07T10:57:11.972,radio://0/80/2M,mission,0,0,Reacquire Wall,0.00023524228890892118,0,0,0,0.0,0,0,0.0,0.0,11075,1,0,8191,0.004910443909466267,-0.003374675754457712,0.0,0.0,229,32766,221,557,2872,3.800586462020874
2026-04-07T10:57:11.974,radio://0/80/2M,flow,0,0,Reacquire Wall,0.00023524228890892118,0,0,0,0.0,0,0,0.0,0.0,11325,4,3,8191,0.0016639340901747346,-0.0028510894626379013,0.0,0.0,229,32766,221,557,2872,3.800586462020874
2026-04-07T10:57:11.976,radio://0/80/2M,range,0,0,Reacquire Wall,0.00023524228890892118,0,0,0,0.0,0,0,0.0,0.0,11325,4,3,8191,0.0016639340901747346,-0.0028510894626379013,0.0,0.0,225,32766,221,550,2856,3.790029287338257
2026-04-07T10:57:12.223,radio://0/80/2M,mission,0,0,Reacquire Wall,0.00011804423411376774,0,0,0,0.0,0,0,0.0,0.0,11325,4,3,8191,0.0016639340901747346,-0.0028510894626379013,0.0,0.0,225,32766,221,550,2856,3.790029287338257
2026-04-07T10:57:12.224,radio://0/80/2M,flow,0,0,Reacquire Wall,0.00011804423411376774,0,0,0,0.0,0,0,0.0,0.0,11575,0,1,8191,0.0014446539571508765,-0.0016241155099123716,0.0,0.0,225,32766,221,550,2856,3.790029287338257
2026-04-07T10:57:12.225,radio://0/80/2M,range,0,0,Reacquire Wall,0.00011804423411376774,0,0,0,0.0,0,0,0.0,0.0,11575,0,1,8191,0.0014446539571508765,-0.0016241155099123716,0.0,0.0,226,32766,218,546,32766,3.800586462020874
2026-04-07T10:57:12.472,radio://0/80/2M,mission,0,0,Reacquire Wall,0.0008005608106032014,0,0,0,0.0,0,0,0.0,0.0,11575,0,1,8191,0.0014446539571508765,-0.0016241155099123716,0.0,0.0,226,32766,218,546,32766,3.800586462020874
2026-04-07T10:57:12.473,radio://0/80/2M,flow,0,0,Reacquire Wall,0.0008005608106032014,0,0,0,0.0,0,0,0.0,0.0,11825,-18,-21,8191,0.14528560638427734,0.03257884457707405,0.0,0.0,226,32766,218,546,32766,3.800586462020874
2026-04-07T10:57:12.474,radio://0/80/2M,range,0,0,Reacquire Wall,0.0008005608106032014,0,0,0,0.0,0,0,0.0,0.0,11825,-18,-21,8191,0.14528560638427734,0.03257884457707405,0.0,0.0,228,0,1,548,61,3.790029287338257
2026-04-07T10:57:12.721,radio://0/80/2M,mission,0,0,Reacquire Wall,0.11381159722805023,0,0,0,0.0,0,0,0.0,0.0,11825,-18,-21,8191,0.14528560638427734,0.03257884457707405,0.0,0.0,228,0,1,548,61,3.790029287338257
2026-04-07T10:57:12.722,radio://0/80/2M,flow,0,0,Reacquire Wall,0.11381159722805023,0,0,0,0.0,0,0,0.0,0.0,12075,-15,-21,5371,0.9531550407409668,0.607133150100708,0.0,0.0,228,0,1,548,61,3.790029287338257
2026-04-07T10:57:12.723,radio://0/80/2M,range,0,0,Reacquire Wall,0.11381159722805023,0,0,0,0.0,0,0,0.0,0.0,12075,-15,-21,5371,0.9531550407409668,0.607133150100708,0.0,0.0,1220,5,13,752,65,3.800586462020874
2026-04-07T10:57:12.971,radio://0/80/2M,mission,0,0,Reacquire Wall,0.25525861978530884,0,0,0,0.0,0,0,0.0,0.0,12075,-15,-21,5371,0.9531550407409668,0.607133150100708,0.0,0.0,1220,5,13,752,65,3.800586462020874
2026-04-07T10:57:12.973,radio://0/80/2M,flow,0,0,Reacquire Wall,0.25525861978530884,0,0,0,0.0,0,0,0.0,0.0,12325,-11,-13,5945,1.3812614679336548,0.6852623820304871,0.0,0.0,1220,5,13,752,65,3.800586462020874
2026-04-07T10:57:12.974,radio://0/80/2M,range,0,0,Reacquire Wall,0.25525861978530884,0,0,0,0.0,0,0,0.0,0.0,12325,-11,-13,5945,1.3812614679336548,0.6852623820304871,0.0,0.0,32766,5,20,953,51,3.790029287338257
2026-04-07T10:57:13.222,radio://0/80/2M,mission,0,0,Reacquire Wall,0.3462720215320587,0,0,0,0.0,0,0,0.0,0.0,12325,-11,-13,5945,1.3812614679336548,0.6852623820304871,0.0,0.0,32766,5,20,953,51,3.790029287338257
2026-04-07T10:57:13.223,radio://0/80/2M,flow,0,0,Reacquire Wall,0.3462720215320587,0,0,0,0.0,0,0,0.0,0.0,12575,-7,-12,3550,1.3069781064987183,0.15488912165164948,0.0,0.0,32766,5,20,953,51,3.790029287338257
2026-04-07T10:57:13.224,radio://0/80/2M,range,0,0,Reacquire Wall,0.3462720215320587,0,0,0,0.0,0,0,0.0,0.0,12575,-7,-12,3550,1.3069781064987183,0.15488912165164948,0.0,0.0,2694,5,26,464,46,3.800586462020874
2026-04-07T10:57:13.471,radio://0/80/2M,mission,0,0,Reacquire Wall,0.34874698519706726,0,0,0,0.0,0,0,0.0,0.0,12575,-7,-12,3550,1.3069781064987183,0.15488912165164948,0.0,0.0,2694,5,26,464,46,3.800586462020874
2026-04-07T10:57:13.472,radio://0/80/2M,flow,0,0,Reacquire Wall,0.34874698519706726,0,0,0,0.0,0,0,0.0,0.0,12825,-4,-14,3121,0.8488749861717224,-0.202042818069458,0.0,0.0,2694,5,26,464,46,3.800586462020874
2026-04-07T10:57:13.473,radio://0/80/2M,range,0,0,Reacquire Wall,0.34874698519706726,0,0,0,0.0,0,0,0.0,0.0,12825,-4,-14,3121,0.8488749861717224,-0.202042818069458,0.0,0.0,2527,2,19,32766,59,3.790029287338257
2026-04-07T10:57:13.724,radio://0/80/2M,mission,0,0,Reacquire Wall,0.335441529750824,0,0,0,0.0,0,0,0.0,0.0,12825,-4,-14,3121,0.8488749861717224,-0.202042818069458,0.0,0.0,2527,2,19,32766,59,3.790029287338257
2026-04-07T10:57:13.725,radio://0/80/2M,flow,0,0,Reacquire Wall,0.335441529750824,0,0,0,0.0,0,0,0.0,0.0,13075,-2,-7,4224,0.7314753532409668,-0.18150432407855988,0.0,0.0,2527,2,19,32766,59,3.790029287338257
2026-04-07T10:57:13.726,radio://0/80/2M,range,0,0,Reacquire Wall,0.335441529750824,0,0,0,0.0,0,0,0.0,0.0,13075,-2,-7,4224,0.7314753532409668,-0.18150432407855988,0.0,0.0,2272,4,12,261,60,3.800586462020874
2026-04-07T10:57:13.972,radio://0/80/2M,mission,0,0,Reacquire Wall,0.1391386091709137,0,0,0,0.0,0,0,0.0,0.0,13075,-2,-7,4224,0.7314753532409668,-0.18150432407855988,0.0,0.0,2272,4,12,261,60,3.800586462020874
2026-04-07T10:57:13.973,radio://0/80/2M,flow,0,0,Reacquire Wall,0.1391386091709137,0,0,0,0.0,0,0,0.0,0.0,13325,-24,-16,4418,0.4864920377731323,0.1762091964483261,0.0,0.0,2272,4,12,261,60,3.800586462020874
2026-04-07T10:57:13.974,radio://0/80/2M,range,0,0,Reacquire Wall,0.1391386091709137,0,0,0,0.0,0,0,0.0,0.0,13325,-24,-16,4418,0.4864920377731323,0.1762091964483261,0.0,0.0,2127,4,17,32766,58,3.790029287338257
2026-04-07T10:57:14.220,radio://0/80/2M,mission,0,0,Reacquire Wall,0.016831979155540466,0,0,0,0.0,0,0,0.0,0.0,13325,-24,-16,4418,0.4864920377731323,0.1762091964483261,0.0,0.0,2127,4,17,32766,58,3.790029287338257
2026-04-07T10:57:14.222,radio://0/80/2M,flow,0,0,Reacquire Wall,0.016831979155540466,0,0,0,0.0,0,0,0.0,0.0,13575,0,0,4234,0.15670154988765717,0.2675934433937073,0.0,0.0,2127,4,17,32766,58,3.790029287338257
2026-04-07T10:57:14.223,radio://0/80/2M,range,0,0,Reacquire Wall,0.016831979155540466,0,0,0,0.0,0,0,0.0,0.0,13575,0,0,4234,0.15670154988765717,0.2675934433937073,0.0,0.0,32766,3,22,422,73,3.800586462020874
2026-04-07T10:57:14.470,radio://0/80/2M,mission,0,0,Reacquire Wall,-0.007350999396294355,0,0,0,0.0,0,0,0.0,0.0,13575,0,0,4234,0.15670154988765717,0.2675934433937073,0.0,0.0,32766,3,22,422,73,3.800586462020874
2026-04-07T10:57:14.472,radio://0/80/2M,flow,0,0,Reacquire Wall,-0.007350999396294355,0,0,0,0.0,0,0,0.0,0.0,13825,3,15,8191,0.09092271327972412,0.23882675170898438,0.0,0.0,32766,3,22,422,73,3.800586462020874
2026-04-07T10:57:14.473,radio://0/80/2M,range,0,0,Reacquire Wall,-0.007350999396294355,0,0,0,0.0,0,0,0.0,0.0,13825,3,15,8191,0.09092271327972412,0.23882675170898438,0.0,0.0,331,4,21,332,45,3.7953078746795654
2026-04-07T10:57:14.719,radio://0/80/2M,mission,0,0,Reacquire Wall,0.002980196848511696,0,0,0,0.0,0,0,0.0,0.0,13825,3,15,8191,0.09092271327972412,0.23882675170898438,0.0,0.0,331,4,21,332,45,3.7953078746795654
2026-04-07T10:57:14.721,radio://0/80/2M,flow,0,0,Reacquire Wall,0.002980196848511696,0,0,0,0.0,0,0,0.0,0.0,14075,0,0,8191,0.02556389383971691,0.19082722067832947,0.0,0.0,331,4,21,332,45,3.7953078746795654
2026-04-07T10:57:14.722,radio://0/80/2M,range,0,0,Reacquire Wall,0.002980196848511696,0,0,0,0.0,0,0,0.0,0.0,14075,0,0,8191,0.02556389383971691,0.19082722067832947,0.0,0.0,241,4,31,286,60,3.800586462020874
2026-04-07T10:57:14.970,radio://0/80/2M,mission,0,0,Reacquire Wall,0.0007595013594254851,0,0,0,0.0,0,0,0.0,0.0,14075,0,0,8191,0.02556389383971691,0.19082722067832947,0.0,0.0,241,4,31,286,60,3.800586462020874
2026-04-07T10:57:14.971,radio://0/80/2M,flow,0,0,Reacquire Wall,0.0007595013594254851,0,0,0,0.0,0,0,0.0,0.0,14325,0,0,8191,0.05772782489657402,0.20310112833976746,0.0,0.0,241,4,31,286,60,3.800586462020874
2026-04-07T10:57:14.972,radio://0/80/2M,range,0,0,Reacquire Wall,0.0007595013594254851,0,0,0,0.0,0,0,0.0,0.0,14325,0,0,8191,0.05772782489657402,0.20310112833976746,0.0,0.0,250,6,25,284,60,3.7953078746795654
2026-04-07T10:57:15.220,radio://0/80/2M,mission,0,0,Reacquire Wall,0.0014541966374963522,0,0,0,0.0,0,0,0.0,0.0,14325,0,0,8191,0.05772782489657402,0.20310112833976746,0.0,0.0,250,6,25,284,60,3.7953078746795654
2026-04-07T10:57:15.222,radio://0/80/2M,flow,0,0,Reacquire Wall,0.0014541966374963522,0,0,0,0.0,0,0,0.0,0.0,14575,0,0,8191,0.06173352897167206,0.22847385704517365,0.0,0.0,250,6,25,284,60,3.7953078746795654
2026-04-07T10:57:15.223,radio://0/80/2M,range,0,0,Reacquire Wall,0.0014541966374963522,0,0,0,0.0,0,0,0.0,0.0,14575,0,0,8191,0.06173352897167206,0.22847385704517365,0.0,0.0,242,4,33,285,58,3.800586462020874
2026-04-07T10:57:15.468,radio://0/80/2M,mission,0,0,Reacquire Wall,0.0034734399523586035,0,0,0,0.0,0,0,0.0,0.0,14575,0,0,8191,0.06173352897167206,0.22847385704517365,0.0,0.0,242,4,33,285,58,3.800586462020874
2026-04-07T10:57:15.470,radio://0/80/2M,flow,0,0,Reacquire Wall,0.0034734399523586035,0,0,0,0.0,0,0,0.0,0.0,14825,1,3,8191,0.002854875521734357,0.054874591529369354,0.0,0.0,242,4,33,285,58,3.800586462020874
2026-04-07T10:57:15.471,radio://0/80/2M,range,0,0,Reacquire Wall,0.0034734399523586035,0,0,0,0.0,0,0,0.0,0.0,14825,1,3,8191,0.002854875521734357,0.054874591529369354,0.0,0.0,243,32766,37,287,103,3.790029287338257
2026-04-07T10:57:15.719,radio://0/80/2M,mission,0,0,Reacquire Wall,0.003925594966858625,0,0,0,0.0,0,0,0.0,0.0,14825,1,3,8191,0.002854875521734357,0.054874591529369354,0.0,0.0,243,32766,37,287,103,3.790029287338257
2026-04-07T10:57:15.721,radio://0/80/2M,flow,0,0,Reacquire Wall,0.003925594966858625,0,0,0,0.0,0,0,0.0,0.0,15075,0,0,8191,0.006409103982150555,0.034076057374477386,0.0,0.0,243,32766,37,287,103,3.790029287338257
2026-04-07T10:57:15.722,radio://0/80/2M,range,0,0,Reacquire Wall,0.003925594966858625,0,0,0,0.0,0,0,0.0,0.0,15075,0,0,8191,0.006409103982150555,0.034076057374477386,0.0,0.0,242,414,240,297,2926,3.800586462020874
2026-04-07T10:57:15.969,radio://0/80/2M,mission,0,0,Reacquire Wall,0.001855126116424799,0,0,0,0.0,0,0,0.0,0.0,15075,0,0,8191,0.006409103982150555,0.034076057374477386,0.0,0.0,242,414,240,297,2926,3.800586462020874
2026-04-07T10:57:15.970,radio://0/80/2M,flow,0,0,Reacquire Wall,0.001855126116424799,0,0,0,0.0,0,0,0.0,0.0,15325,0,0,8191,0.011790246702730656,0.013095295056700706,0.0,0.0,242,414,240,297,2926,3.800586462020874
2026-04-07T10:57:15.971,radio://0/80/2M,range,0,0,Reacquire Wall,0.001855126116424799,0,0,0,0.0,0,0,0.0,0.0,15325,0,0,8191,0.011790246702730656,0.013095295056700706,0.0,0.0,243,414,238,288,2931,3.7953078746795654
2026-04-07T10:57:16.218,radio://0/80/2M,mission,0,0,Reacquire Wall,0.0015000153798609972,0,0,0,0.0,0,0,0.0,0.0,15325,0,0,8191,0.011790246702730656,0.013095295056700706,0.0,0.0,243,414,238,288,2931,3.7953078746795654
2026-04-07T10:57:16.219,radio://0/80/2M,flow,0,0,Reacquire Wall,0.0015000153798609972,0,0,0,0.0,0,0,0.0,0.0,15575,3,-3,8191,0.004733341280370951,-0.011357499286532402,0.0,0.0,243,414,238,288,2931,3.7953078746795654
2026-04-07T10:57:16.220,radio://0/80/2M,range,0,0,Reacquire Wall,0.0015000153798609972,0,0,0,0.0,0,0,0.0,0.0,15575,3,-3,8191,0.004733341280370951,-0.011357499286532402,0.0,0.0,243,411,240,284,2930,3.800586462020874
2026-04-07T10:57:16.469,radio://0/80/2M,mission,0,0,Reacquire Wall,0.0031117326579988003,0,0,0,0.0,0,0,0.0,0.0,15575,3,-3,8191,0.004733341280370951,-0.011357499286532402,0.0,0.0,243,411,240,284,2930,3.800586462020874
2026-04-07T10:57:16.470,radio://0/80/2M,flow,0,0,Reacquire Wall,0.0031117326579988003,0,0,0,0.0,0,0,0.0,0.0,15825,4,4,8191,0.0016106459079310298,-0.013155677355825901,0.0,0.0,243,411,240,284,2930,3.800586462020874
2026-04-07T10:57:16.471,radio://0/80/2M,range,0,0,Reacquire Wall,0.0031117326579988003,0,0,0,0.0,0,0,0.0,0.0,15825,4,4,8191,0.0016106459079310298,-0.013155677355825901,0.0,0.0,244,416,237,274,2939,3.790029287338257
2026-04-07T10:57:16.718,radio://0/80/2M,mission,0,0,Reacquire Wall,0.0031240684911608696,0,0,0,0.0,0,0,0.0,0.0,15825,4,4,8191,0.0016106459079310298,-0.013155677355825901,0.0,0.0,244,416,237,274,2939,3.790029287338257
2026-04-07T10:57:16.720,radio://0/80/2M,flow,0,0,Reacquire Wall,0.0031240684911608696,0,0,0,0.0,0,0,0.0,0.0,16075,1,0,8191,0.003417660715058446,-0.010640007443726063,0.0,0.0,244,416,237,274,2939,3.790029287338257
2026-04-07T10:57:16.721,radio://0/80/2M,range,0,0,Reacquire Wall,0.0031240684911608696,0,0,0,0.0,0,0,0.0,0.0,16075,1,0,8191,0.003417660715058446,-0.010640007443726063,0.0,0.0,245,415,239,245,2932,3.800586462020874
2026-04-07T10:57:16.969,radio://0/80/2M,mission,0,0,Reacquire Wall,0.003000567201524973,0,0,0,0.0,0,0,0.0,0.0,16075,1,0,8191,0.003417660715058446,-0.010640007443726063,0.0,0.0,245,415,239,245,2932,3.800586462020874
2026-04-07T10:57:16.970,radio://0/80/2M,flow,0,0,Reacquire Wall,0.003000567201524973,0,0,0,0.0,0,0,0.0,0.0,16325,4,0,8191,0.0032305801287293434,-0.007985238917171955,0.0,0.0,245,415,239,245,2932,3.800586462020874
2026-04-07T10:57:16.971,radio://0/80/2M,range,0,0,Reacquire Wall,0.003000567201524973,0,0,0,0.0,0,0,0.0,0.0,16325,4,0,8191,0.0032305801287293434,-0.007985238917171955,0.0,0.0,247,412,241,247,2932,3.790029287338257
2026-04-07T10:57:17.219,radio://0/80/2M,mission,0,0,Reacquire Wall,0.0013629791792482138,0,0,0,0.0,0,0,0.0,0.0,16325,4,0,8191,0.0032305801287293434,-0.007985238917171955,0.0,0.0,247,412,241,247,2932,3.790029287338257
2026-04-07T10:57:17.220,radio://0/80/2M,flow,0,0,Reacquire Wall,0.0013629791792482138,0,0,0,0.0,0,0,0.0,0.0,16575,0,0,8191,0.0038505324628204107,-0.00651210593059659,0.0,0.0,247,412,241,247,2932,3.790029287338257
2026-04-07T10:57:17.221,radio://0/80/2M,range,0,0,Reacquire Wall,0.0013629791792482138,0,0,0,0.0,0,0,0.0,0.0,16575,0,0,8191,0.0038505324628204107,-0.00651210593059659,0.0,0.0,240,418,239,246,2931,3.800586462020874
2026-04-07T10:57:17.467,radio://0/80/2M,mission,0,0,Reacquire Wall,0.0018401483539491892,0,0,0,0.0,0,0,0.0,0.0,16575,0,0,8191,0.0038505324628204107,-0.00651210593059659,0.0,0.0,240,418,239,246,2931,3.800586462020874
2026-04-07T10:57:17.468,radio://0/80/2M,flow,0,0,Reacquire Wall,0.0018401483539491892,0,0,0,0.0,0,0,0.0,0.0,16825,0,0,8191,0.0038381952326744795,-0.005393316503614187,0.0,0.0,240,418,239,246,2931,3.800586462020874
2026-04-07T10:57:17.469,radio://0/80/2M,range,0,0,Reacquire Wall,0.0018401483539491892,0,0,0,0.0,0,0,0.0,0.0,16825,0,0,8191,0.0038381952326744795,-0.005393316503614187,0.0,0.0,245,416,239,244,2940,3.7953078746795654
2026-04-07T10:57:17.717,radio://0/80/2M,mission,0,0,Reacquire Wall,0.0023885611444711685,0,0,0,0.0,0,0,0.0,0.0,16825,0,0,8191,0.0038381952326744795,-0.005393316503614187,0.0,0.0,245,416,239,244,2940,3.7953078746795654
2026-04-07T10:57:17.718,radio://0/80/2M,flow,0,0,Reacquire Wall,0.0023885611444711685,0,0,0,0.0,0,0,0.0,0.0,17075,0,0,8191,0.004572846926748753,-0.004411749076098204,0.0,0.0,245,416,239,244,2940,3.7953078746795654
2026-04-07T10:57:17.720,radio://0/80/2M,range,0,0,Reacquire Wall,0.0023885611444711685,0,0,0,0.0,0,0,0.0,0.0,17075,0,0,8191,0.004572846926748753,-0.004411749076098204,0.0,0.0,244,414,239,247,2926,3.8058650493621826
2026-04-07T10:57:17.968,radio://0/80/2M,mission,0,0,Reacquire Wall,0.001971934922039509,0,0,0,0.0,0,0,0.0,0.0,17075,0,0,8191,0.004572846926748753,-0.004411749076098204,0.0,0.0,244,414,239,247,2926,3.8058650493621826
2026-04-07T10:57:17.969,radio://0/80/2M,flow,0,0,Reacquire Wall,0.001971934922039509,0,0,0,0.0,0,0,0.0,0.0,17325,-3,1,8191,0.004655559081584215,0.0010675375815480947,0.0,0.0,244,414,239,247,2926,3.8058650493621826
2026-04-07T10:57:17.970,radio://0/80/2M,range,0,0,Reacquire Wall,0.001971934922039509,0,0,0,0.0,0,0,0.0,0.0,17325,-3,1,8191,0.004655559081584215,0.0010675375815480947,0.0,0.0,243,416,238,245,2933,3.790029287338257
2026-04-07T10:57:18.217,radio://0/80/2M,mission,0,0,Reacquire Wall,0.0024498249404132366,0,0,0,0.0,0,0,0.0,0.0,17325,-3,1,8191,0.004655559081584215,0.0010675375815480947,0.0,0.0,243,416,238,245,2933,3.790029287338257
2026-04-07T10:57:18.218,radio://0/80/2M,flow,0,0,Reacquire Wall,0.0024498249404132366,0,0,0,0.0,0,0,0.0,0.0,17575,4,0,8191,0.004746626131236553,-0.003011019667610526,0.0,0.0,243,416,238,245,2933,3.790029287338257
2026-04-07T10:57:18.219,radio://0/80/2M,range,0,0,Reacquire Wall,0.0024498249404132366,0,0,0,0.0,0,0,0.0,0.0,17575,4,0,8191,0.004746626131236553,-0.003011019667610526,0.0,0.0,245,412,241,245,2944,3.800586462020874
2026-04-07T10:57:18.466,radio://0/80/2M,mission,0,0,Reacquire Wall,0.0024991699028760195,0,0,0,0.0,0,0,0.0,0.0,17575,4,0,8191,0.004746626131236553,-0.003011019667610526,0.0,0.0,245,412,241,245,2944,3.800586462020874
2026-04-07T10:57:18.468,radio://0/80/2M,flow,0,0,Reacquire Wall,0.0024991699028760195,0,0,0,0.0,0,0,0.0,0.0,17825,3,-4,8191,0.004769273102283478,-0.0021131569519639015,0.0,0.0,245,412,241,245,2944,3.800586462020874
2026-04-07T10:57:18.469,radio://0/80/2M,range,0,0,Reacquire Wall,0.0024991699028760195,0,0,0,0.0,0,0,0.0,0.0,17825,3,-4,8191,0.004769273102283478,-0.0021131569519639015,0.0,0.0,242,416,241,245,2928,3.790029287338257
2026-04-07T10:57:18.718,radio://0/80/2M,mission,1,0,Reacquire Wall,0.013055207207798958,0,0,0,0.0,0,0,0.0,0.0,17825,3,-4,8191,0.004769273102283478,-0.0021131569519639015,0.0,0.0,242,416,241,245,2928,3.790029287338257
2026-04-07T10:57:18.720,radio://0/80/2M,flow,1,0,Reacquire Wall,0.013055207207798958,0,0,0,0.0,0,0,0.0,0.0,18075,-9,20,6750,-0.039224229753017426,0.005392022896558046,-0.0006264013354666531,0.0817452073097229,242,416,241,245,2928,3.790029287338257
2026-04-07T10:57:18.721,radio://0/80/2M,range,1,0,Reacquire Wall,0.013055207207798958,0,0,0,0.0,0,0,0.0,0.0,18075,-9,20,6750,-0.039224229753017426,0.005392022896558046,-0.0006264013354666531,0.0817452073097229,252,412,239,254,2932,3.10909104347229
2026-04-07T10:57:18.966,radio://0/80/2M,mission,1,0,Reacquire Wall,0.22118036448955536,0,0,0,0.0,0,0,0.0,0.0,18075,-9,20,6750,-0.039224229753017426,0.005392022896558046,-0.0006264013354666531,0.0817452073097229,252,412,239,254,2932,3.10909104347229
2026-04-07T10:57:18.968,radio://0/80/2M,flow,1,0,Reacquire Wall,0.22118036448955536,0,0,0,0.0,0,0,0.0,0.0,18325,0,-9,4704,-0.03169627860188484,0.0032961200922727585,0.0,0.0,252,412,239,254,2932,3.10909104347229
2026-04-07T10:57:18.969,radio://0/80/2M,range,1,0,Reacquire Wall,0.22118036448955536,0,0,0,0.0,0,0,0.0,0.0,18325,0,-9,4704,-0.03169627860188484,0.0032961200922727585,0.0,0.0,1919,420,32766,1858,2823,3.4310851097106934
2026-04-07T10:57:19.217,radio://0/80/2M,mission,1,0,Reacquire Wall,0.42807283997535706,0,0,0,0.0,0,0,0.0,0.0,18325,0,-9,4704,-0.03169627860188484,0.0032961200922727585,0.0,0.0,1919,420,32766,1858,2823,3.4310851097106934
2026-04-07T10:57:19.218,radio://0/80/2M,flow,1,0,Reacquire Wall,0.42807283997535706,0,0,0,0.0,0,0,0.0,0.0,18575,0,0,4704,0.008484901860356331,-0.006968305446207523,0.20000000298023224,0.0,1919,420,32766,1858,2823,3.4310851097106934
2026-04-07T10:57:19.220,radio://0/80/2M,range,1,0,Reacquire Wall,0.42807283997535706,0,0,0,0.0,0,0,0.0,0.0,18575,0,0,4704,0.008484901860356331,-0.006968305446207523,0.20000000298023224,0.0,1976,421,32766,2038,2530,3.4521994590759277
2026-04-07T10:57:19.467,radio://0/80/2M,mission,1,0,Reacquire Wall,0.5164651870727539,0,0,0,0.0,0,0,0.0,0.0,18575,0,0,4704,0.008484901860356331,-0.006968305446207523,0.20000000298023224,0.0,1976,421,32766,2038,2530,3.4521994590759277
2026-04-07T10:57:19.468,radio://0/80/2M,flow,1,0,Reacquire Wall,0.5164651870727539,0,0,0,0.0,0,0,0.0,0.0,18825,0,0,4704,0.12507739663124084,-0.023674609139561653,0.20000000298023224,0.0,1976,421,32766,2038,2530,3.4521994590759277
2026-04-07T10:57:19.469,radio://0/80/2M,range,1,0,Reacquire Wall,0.5164651870727539,0,0,0,0.0,0,0,0.0,0.0,18825,0,0,4704,0.12507739663124084,-0.023674609139561653,0.20000000298023224,0.0,1962,414,32766,2015,2450,3.3624634742736816
2026-04-07T10:57:19.716,radio://0/80/2M,mission,1,0,Reacquire Wall,0.5403063893318176,0,0,0,0.0,0,0,0.0,0.0,18825,0,0,4704,0.12507739663124084,-0.023674609139561653,0.20000000298023224,0.0,1962,414,32766,2015,2450,3.3624634742736816
2026-04-07T10:57:19.718,radio://0/80/2M,flow,1,0,Reacquire Wall,0.5403063893318176,0,0,0,0.0,0,0,0.0,0.0,19075,0,-10,3408,0.2502571642398834,-0.04300399124622345,0.20000000298023224,0.0,1962,414,32766,2015,2450,3.3624634742736816
2026-04-07T10:57:19.719,radio://0/80/2M,range,1,0,Reacquire Wall,0.5403063893318176,0,0,0,0.0,0,0,0.0,0.0,19075,0,-10,3408,0.2502571642398834,-0.04300399124622345,0.20000000298023224,0.0,1866,408,1003,32766,2395,3.2357771396636963
2026-04-07T10:57:19.969,radio://0/80/2M,mission,1,0,Reacquire Wall,0.5400604009628296,0,0,0,0.0,0,0,0.0,0.0,19075,0,-10,3408,0.2502571642398834,-0.04300399124622345,0.20000000298023224,0.0,1866,408,1003,32766,2395,3.2357771396636963
2026-04-07T10:57:19.970,radio://0/80/2M,flow,1,0,Reacquire Wall,0.5400604009628296,0,0,0,0.0,0,0,0.0,0.0,19325,-1,2,2996,0.25153523683547974,-0.025782929733395576,0.20000000298023224,0.0,1866,408,1003,32766,2395,3.2357771396636963
2026-04-07T10:57:19.972,radio://0/80/2M,range,1,0,Reacquire Wall,0.5400604009628296,0,0,0,0.0,0,0,0.0,0.0,19325,-1,2,2996,0.25153523683547974,-0.025782929733395576,0.20000000298023224,0.0,1787,409,1005,32766,2400,3.225219964981079
2026-04-07T10:57:20.216,radio://0/80/2M,mission,1,0,Reacquire Wall,0.5493844151496887,0,0,0,0.0,0,0,0.0,0.0,19325,-1,2,2996,0.25153523683547974,-0.025782929733395576,0.20000000298023224,0.0,1787,409,1005,32766,2400,3.225219964981079
2026-04-07T10:57:20.217,radio://0/80/2M,flow,1,0,Reacquire Wall,0.5493844151496887,0,0,0,0.0,0,0,0.0,0.0,19575,0,-6,2996,0.2609620988368988,-0.02293282374739647,0.20000000298023224,0.0,1787,409,1005,32766,2400,3.225219964981079
2026-04-07T10:57:20.218,radio://0/80/2M,range,1,0,Reacquire Wall,0.5493844151496887,0,0,0,0.0,0,0,0.0,0.0,19575,0,-6,2996,0.2609620988368988,-0.02293282374739647,0.20000000298023224,0.0,1689,408,1010,32766,2388,3.2463343143463135
2026-04-07T10:57:20.465,radio://0/80/2M,mission,1,0,Reacquire Wall,0.5608299374580383,0,0,0,0.0,0,0,0.0,0.0,19575,0,-6,2996,0.2609620988368988,-0.02293282374739647,0.20000000298023224,0.0,1689,408,1010,32766,2388,3.2463343143463135
2026-04-07T10:57:20.466,radio://0/80/2M,flow,1,0,Reacquire Wall,0.5608299374580383,0,0,0,0.0,0,0,0.0,0.0,19825,1,0,2996,0.2216040939092636,-0.051967039704322815,0.20000000298023224,0.0,1689,408,1010,32766,2388,3.2463343143463135
2026-04-07T10:57:20.468,radio://0/80/2M,range,1,0,Reacquire Wall,0.5608299374580383,0,0,0,0.0,0,0,0.0,0.0,19825,1,0,2996,0.2216040939092636,-0.051967039704322815,0.20000000298023224,0.0,1621,418,1008,1363,2387,3.241055727005005
2026-04-07T10:57:20.715,radio://0/80/2M,mission,1,0,Reacquire Wall,0.5607891082763672,0,0,0,0.0,0,0,0.0,0.0,19825,1,0,2996,0.2216040939092636,-0.051967039704322815,0.20000000298023224,0.0,1621,418,1008,1363,2387,3.241055727005005
2026-04-07T10:57:20.717,radio://0/80/2M,flow,1,0,Reacquire Wall,0.5607891082763672,0,0,0,0.0,0,0,0.0,0.0,20075,0,0,2996,0.2124047577381134,-0.05485590174794197,0.20000000298023224,0.0,1621,418,1008,1363,2387,3.241055727005005
2026-04-07T10:57:20.718,radio://0/80/2M,range,1,0,Reacquire Wall,0.5607891082763672,0,0,0,0.0,0,0,0.0,0.0,20075,0,0,2996,0.2124047577381134,-0.05485590174794197,0.20000000298023224,0.0,1556,425,1002,32766,2382,3.241055727005005
2026-04-07T10:57:20.965,radio://0/80/2M,mission,1,0,Reacquire Wall,0.5541157126426697,0,0,0,0.0,0,0,0.0,0.0,20075,0,0,2996,0.2124047577381134,-0.05485590174794197,0.20000000298023224,0.0,1556,425,1002,32766,2382,3.241055727005005
2026-04-07T10:57:20.966,radio://0/80/2M,flow,1,0,Reacquire Wall,0.5541157126426697,0,0,0,0.0,0,0,0.0,0.0,20325,-1,-1,2996,0.2391136735677719,-0.03022158518433571,0.20000000298023224,0.0,1556,425,1002,32766,2382,3.241055727005005
2026-04-07T10:57:20.967,radio://0/80/2M,range,1,0,Reacquire Wall,0.5541157126426697,0,0,0,0.0,0,0,0.0,0.0,20325,-1,-1,2996,0.2391136735677719,-0.03022158518433571,0.20000000298023224,0.0,1514,435,993,32766,2386,3.2199413776397705
2026-04-07T10:57:21.214,radio://0/80/2M,mission,1,0,Reacquire Wall,0.5481736063957214,0,0,0,0.0,0,0,0.0,0.0,20325,-1,-1,2996,0.2391136735677719,-0.03022158518433571,0.20000000298023224,0.0,1514,435,993,32766,2386,3.2199413776397705
2026-04-07T10:57:21.215,radio://0/80/2M,flow,1,0,Reacquire Wall,0.5481736063957214,0,0,0,0.0,0,0,0.0,0.0,20575,0,-1,2996,0.2180120199918747,-0.025628337636590004,0.20000000298023224,0.0,1514,435,993,32766,2386,3.2199413776397705
2026-04-07T10:57:21.216,radio://0/80/2M,range,1,0,Reacquire Wall,0.5481736063957214,0,0,0,0.0,0,0,0.0,0.0,20575,0,-1,2996,0.2180120199918747,-0.025628337636590004,0.20000000298023224,0.0,1463,436,995,32766,2388,3.2357771396636963
2026-04-07T10:57:21.464,radio://0/80/2M,mission,1,0,Reacquire Wall,0.5447253584861755,0,0,0,0.0,0,0,0.0,0.0,20575,0,-1,2996,0.2180120199918747,-0.025628337636590004,0.20000000298023224,0.0,1463,436,995,32766,2388,3.2357771396636963
2026-04-07T10:57:21.466,radio://0/80/2M,flow,1,0,Reacquire Wall,0.5447253584861755,0,0,0,0.0,0,0,0.0,0.0,20825,0,-1,2996,0.23236845433712006,-0.03632555529475212,0.20000000298023224,0.0,1463,436,995,32766,2388,3.2357771396636963
2026-04-07T10:57:21.467,radio://0/80/2M,range,1,0,Reacquire Wall,0.5447253584861755,0,0,0,0.0,0,0,0.0,0.0,20825,0,-1,2996,0.23236845433712006,-0.03632555529475212,0.20000000298023224,0.0,1428,438,992,32766,2392,3.225219964981079
2026-04-07T10:57:21.714,radio://0/80/2M,mission,1,0,Reacquire Wall,0.5421607494354248,0,0,0,0.0,0,0,0.0,0.0,20825,0,-1,2996,0.23236845433712006,-0.03632555529475212,0.20000000298023224,0.0,1428,438,992,32766,2392,3.225219964981079
2026-04-07T10:57:21.715,radio://0/80/2M,flow,1,0,Reacquire Wall,0.5421607494354248,0,0,0,0.0,0,0,0.0,0.0,21075,0,0,2996,0.19558842480182648,-0.0647907480597496,0.20000000298023224,0.0,1428,438,992,32766,2392,3.225219964981079
2026-04-07T10:57:21.717,radio://0/80/2M,range,1,0,Reacquire Wall,0.5421607494354248,0,0,0,0.0,0,0,0.0,0.0,21075,0,0,2996,0.19558842480182648,-0.0647907480597496,0.20000000298023224,0.0,1376,448,987,32766,2395,3.2304985523223877
2026-04-07T10:57:21.964,radio://0/80/2M,mission,1,0,Reacquire Wall,0.5386378765106201,0,0,0,0.0,0,0,0.0,0.0,21075,0,0,2996,0.19558842480182648,-0.0647907480597496,0.20000000298023224,0.0,1376,448,987,32766,2395,3.2304985523223877
2026-04-07T10:57:21.966,radio://0/80/2M,flow,1,0,Reacquire Wall,0.5386378765106201,0,0,0,0.0,0,0,0.0,0.0,21325,0,0,2996,0.18982213735580444,-0.06812906265258789,0.20000000298023224,0.0,1376,448,987,32766,2395,3.2304985523223877
2026-04-07T10:57:21.967,radio://0/80/2M,range,1,0,Reacquire Wall,0.5386378765106201,0,0,0,0.0,0,0,0.0,0.0,21325,0,0,2996,0.18982213735580444,-0.06812906265258789,0.20000000298023224,0.0,1357,457,974,32766,2398,3.2199413776397705
2026-04-07T10:57:22.214,radio://0/80/2M,mission,1,0,Reacquire Wall,0.5332165956497192,0,0,0,0.0,0,0,0.0,0.0,21325,0,0,2996,0.18982213735580444,-0.06812906265258789,0.20000000298023224,0.0,1357,457,974,32766,2398,3.2199413776397705
2026-04-07T10:57:22.215,radio://0/80/2M,flow,1,0,Reacquire Wall,0.5332165956497192,0,0,0,0.0,0,0,0.0,0.0,21575,-1,0,3183,0.1761551797389984,-0.049777306616306305,0.20000000298023224,0.0,1357,457,974,32766,2398,3.2199413776397705
2026-04-07T10:57:22.216,radio://0/80/2M,range,1,0,Reacquire Wall,0.5332165956497192,0,0,0,0.0,0,0,0.0,0.0,21575,-1,0,3183,0.1761551797389984,-0.049777306616306305,0.20000000298023224,0.0,1315,466,968,32766,2397,3.2357771396636963
2026-04-07T10:57:22.463,radio://0/80/2M,mission,1,0,Reacquire Wall,0.5377843976020813,0,0,0,0.0,0,0,0.0,0.0,21575,-1,0,3183,0.1761551797389984,-0.049777306616306305,0.20000000298023224,0.0,1315,466,968,32766,2397,3.2357771396636963
2026-04-07T10:57:22.465,radio://0/80/2M,flow,1,0,Reacquire Wall,0.5377843976020813,0,0,0,0.0,0,0,0.0,0.0,21825,-1,0,3183,0.19468165934085846,-0.02551102824509144,0.20000000298023224,0.0,1315,466,968,32766,2397,3.2357771396636963
2026-04-07T10:57:22.466,radio://0/80/2M,range,1,0,Reacquire Wall,0.5377843976020813,0,0,0,0.0,0,0,0.0,0.0,21825,-1,0,3183,0.19468165934085846,-0.02551102824509144,0.20000000298023224,0.0,1290,472,967,32766,2395,3.2304985523223877
2026-04-07T10:57:22.714,radio://0/80/2M,mission,1,0,Reacquire Wall,0.5331712961196899,0,0,0,0.0,0,0,0.0,0.0,21825,-1,0,3183,0.19468165934085846,-0.02551102824509144,0.20000000298023224,0.0,1290,472,967,32766,2395,3.2304985523223877
2026-04-07T10:57:22.715,radio://0/80/2M,flow,1,0,Reacquire Wall,0.5331712961196899,0,0,0,0.0,0,0,0.0,0.0,22075,0,0,3381,0.19109691679477692,-0.026823390275239944,0.20000000298023224,0.0,1290,472,967,32766,2395,3.2304985523223877
2026-04-07T10:57:22.716,radio://0/80/2M,range,1,0,Reacquire Wall,0.5331712961196899,0,0,0,0.0,0,0,0.0,0.0,22075,0,0,3381,0.19109691679477692,-0.026823390275239944,0.20000000298023224,0.0,1245,481,967,32766,2404,3.2304985523223877
2026-04-07T10:57:22.963,radio://0/80/2M,mission,1,0,Reacquire Wall,0.5304974913597107,0,0,0,0.0,0,0,0.0,0.0,22075,0,0,3381,0.19109691679477692,-0.026823390275239944,0.20000000298023224,0.0,1245,481,967,32766,2404,3.2304985523223877
2026-04-07T10:57:22.965,radio://0/80/2M,flow,1,0,Reacquire Wall,0.5304974913597107,0,0,0,0.0,0,0,0.0,0.0,22325,0,-2,3381,0.1731720268726349,-0.06346350163221359,0.20000000298023224,0.0,1245,481,967,32766,2404,3.2304985523223877
2026-04-07T10:57:22.966,radio://0/80/2M,range,1,0,Reacquire Wall,0.5304974913597107,0,0,0,0.0,0,0,0.0,0.0,22325,0,-2,3381,0.1731720268726349,-0.06346350163221359,0.20000000298023224,0.0,1209,488,965,32766,2397,3.214662790298462
2026-04-07T10:57:23.212,radio://0/80/2M,mission,1,0,Reacquire Wall,0.5270817875862122,0,0,0,0.0,0,0,0.0,0.0,22325,0,-2,3381,0.1731720268726349,-0.06346350163221359,0.20000000298023224,0.0,1209,488,965,32766,2397,3.214662790298462
2026-04-07T10:57:23.214,radio://0/80/2M,flow,1,0,Reacquire Wall,0.5270817875862122,0,0,0,0.0,0,0,0.0,0.0,22575,0,-2,3592,0.15655142068862915,-0.09238728880882263,0.20000000298023224,0.0,1209,488,965,32766,2397,3.214662790298462
2026-04-07T10:57:23.215,radio://0/80/2M,range,1,0,Reacquire Wall,0.5270817875862122,0,0,0,0.0,0,0,0.0,0.0,22575,0,-2,3592,0.15655142068862915,-0.09238728880882263,0.20000000298023224,0.0,1171,496,957,32766,2406,3.2199413776397705
2026-04-07T10:57:23.463,radio://0/80/2M,mission,1,0,Reacquire Wall,0.5242699980735779,0,0,0,0.0,0,0,0.0,0.0,22575,0,-2,3592,0.15655142068862915,-0.09238728880882263,0.20000000298023224,0.0,1171,496,957,32766,2406,3.2199413776397705
2026-04-07T10:57:23.464,radio://0/80/2M,flow,1,0,Reacquire Wall,0.5242699980735779,0,0,0,0.0,0,0,0.0,0.0,22825,0,-2,4054,0.1582125723361969,-0.08645956218242645,0.20000000298023224,0.0,1171,496,957,32766,2406,3.2199413776397705
2026-04-07T10:57:23.465,radio://0/80/2M,range,1,0,Reacquire Wall,0.5242699980735779,0,0,0,0.0,0,0,0.0,0.0,22825,0,-2,4054,0.1582125723361969,-0.08645956218242645,0.20000000298023224,0.0,1139,510,952,1155,2408,3.2093842029571533
2026-04-07T10:57:23.712,radio://0/80/2M,mission,1,0,Reacquire Wall,0.5233484506607056,0,0,0,0.0,0,0,0.0,0.0,22825,0,-2,4054,0.1582125723361969,-0.08645956218242645,0.20000000298023224,0.0,1139,510,952,1155,2408,3.2093842029571533
2026-04-07T10:57:23.713,radio://0/80/2M,flow,1,0,Reacquire Wall,0.5233484506607056,0,0,0,0.0,0,0,0.0,0.0,23075,0,-2,4307,0.19943208992481232,-0.049218256026506424,0.20000000298023224,0.0,1139,510,952,1155,2408,3.2093842029571533
2026-04-07T10:57:23.714,radio://0/80/2M,range,1,0,Reacquire Wall,0.5233484506607056,0,0,0,0.0,0,0,0.0,0.0,23075,0,-2,4307,0.19943208992481232,-0.049218256026506424,0.20000000298023224,0.0,1090,518,988,32766,2419,3.2199413776397705
2026-04-07T10:57:23.962,radio://0/80/2M,mission,1,0,Reacquire Wall,0.5196243524551392,0,0,0,0.0,0,0,0.0,0.0,23075,0,-2,4307,0.19943208992481232,-0.049218256026506424,0.20000000298023224,0.0,1090,518,988,32766,2419,3.2199413776397705
2026-04-07T10:57:23.964,radio://0/80/2M,flow,1,0,Reacquire Wall,0.5196243524551392,0,0,0,0.0,0,0,0.0,0.0,23325,0,0,5165,0.16078944504261017,-0.01655442640185356,0.20000000298023224,0.0,1090,518,988,32766,2419,3.2199413776397705
2026-04-07T10:57:23.965,radio://0/80/2M,range,1,0,Reacquire Wall,0.5196243524551392,0,0,0,0.0,0,0,0.0,0.0,23325,0,0,5165,0.16078944504261017,-0.01655442640185356,0.20000000298023224,0.0,1057,515,32766,32766,2411,3.198827028274536
2026-04-07T10:57:24.212,radio://0/80/2M,mission,1,0,Reacquire Wall,0.5208221673965454,0,0,0,0.0,0,0,0.0,0.0,23325,0,0,5165,0.16078944504261017,-0.01655442640185356,0.20000000298023224,0.0,1057,515,32766,32766,2411,3.198827028274536
2026-04-07T10:57:24.214,radio://0/80/2M,flow,1,0,Reacquire Wall,0.5208221673965454,0,0,0,0.0,0,0,0.0,0.0,23575,1,-1,6193,0.13900727033615112,-0.0401858389377594,0.20000000298023224,0.0,1057,515,32766,32766,2411,3.198827028274536
2026-04-07T10:57:24.215,radio://0/80/2M,range,1,0,Reacquire Wall,0.5208221673965454,0,0,0,0.0,0,0,0.0,0.0,23575,1,-1,6193,0.13900727033615112,-0.0401858389377594,0.20000000298023224,0.0,997,516,2181,32766,2416,3.2093842029571533
2026-04-07T10:57:24.462,radio://0/80/2M,mission,1,0,Reacquire Wall,0.516697347164154,0,0,0,0.0,0,0,0.0,0.0,23575,1,-1,6193,0.13900727033615112,-0.0401858389377594,0.20000000298023224,0.0,997,516,2181,32766,2416,3.2093842029571533
2026-04-07T10:57:24.464,radio://0/80/2M,flow,1,0,Reacquire Wall,0.516697347164154,0,0,0,0.0,0,0,0.0,0.0,23825,0,0,6580,0.13823167979717255,-0.0321914404630661,0.20000000298023224,0.0,997,516,2181,32766,2416,3.2093842029571533
2026-04-07T10:57:24.465,radio://0/80/2M,range,1,0,Reacquire Wall,0.516697347164154,0,0,0,0.0,0,0,0.0,0.0,23825,0,0,6580,0.13823167979717255,-0.0321914404630661,0.20000000298023224,0.0,940,520,2281,32766,2408,3.188269853591919
2026-04-07T10:57:24.712,radio://0/80/2M,mission,1,0,Reacquire Wall,0.5195379853248596,0,0,0,0.0,0,0,0.0,0.0,23825,0,0,6580,0.13823167979717255,-0.0321914404630661,0.20000000298023224,0.0,940,520,2281,32766,2408,3.188269853591919
2026-04-07T10:57:24.713,radio://0/80/2M,flow,1,0,Reacquire Wall,0.5195379853248596,0,0,0,0.0,0,0,0.0,0.0,24075,3,0,6580,0.13766290247440338,-0.02515873685479164,0.20000000298023224,0.0,940,520,2281,32766,2408,3.188269853591919
2026-04-07T10:57:24.715,radio://0/80/2M,range,1,0,Reacquire Wall,0.5195379853248596,0,0,0,0.0,0,0,0.0,0.0,24075,3,0,6580,0.13766290247440338,-0.02515873685479164,0.20000000298023224,0.0,842,528,32766,32766,2419,3.214662790298462
2026-04-07T10:57:24.961,radio://0/80/2M,mission,1,0,Reacquire Wall,0.5174775719642639,0,0,0,0.0,0,0,0.0,0.0,24075,3,0,6580,0.13766290247440338,-0.02515873685479164,0.20000000298023224,0.0,842,528,32766,32766,2419,3.214662790298462
2026-04-07T10:57:24.963,radio://0/80/2M,flow,1,0,Reacquire Wall,0.5174775719642639,0,0,0,0.0,0,0,0.0,0.0,24325,1,0,5784,0.20311056077480316,-0.0816604271531105,0.20000000298023224,0.0,842,528,32766,32766,2419,3.214662790298462
2026-04-07T10:57:24.964,radio://0/80/2M,range,1,0,Reacquire Wall,0.5174775719642639,0,0,0,0.0,0,0,0.0,0.0,24325,1,0,5784,0.20311056077480316,-0.0816604271531105,0.20000000298023224,0.0,754,530,32766,32766,2421,3.1935484409332275
2026-04-07T10:57:25.211,radio://0/80/2M,mission,1,0,Reacquire Wall,0.5180233120918274,0,0,0,0.0,0,0,0.0,0.0,24325,1,0,5784,0.20311056077480316,-0.0816604271531105,0.20000000298023224,0.0,754,530,32766,32766,2421,3.1935484409332275
2026-04-07T10:57:25.212,radio://0/80/2M,flow,1,0,Reacquire Wall,0.5180233120918274,0,0,0,0.0,0,0,0.0,0.0,24575,-2,-5,4191,0.28675171732902527,-0.031175104901194572,0.0,0.0,754,530,32766,32766,2421,3.1935484409332275
2026-04-07T10:57:25.213,radio://0/80/2M,range,1,0,Reacquire Wall,0.5180233120918274,0,0,0,0.0,0,0,0.0,0.0,24575,-2,-5,4191,0.28675171732902527,-0.031175104901194572,0.0,0.0,608,530,32766,32766,2416,3.2041056156158447
2026-04-07T10:57:25.461,radio://0/80/2M,mission,1,0,Reacquire Wall,0.5208566188812256,0,0,0,0.0,0,0,0.0,0.0,24575,-2,-5,4191,0.28675171732902527,-0.031175104901194572,0.0,0.0,608,530,32766,32766,2416,3.2041056156158447
2026-04-07T10:57:25.462,radio://0/80/2M,flow,1,0,Reacquire Wall,0.5208566188812256,0,0,0,0.0,0,0,0.0,0.0,24825,-1,0,4191,0.12307355552911758,0.022242389619350433,0.0,0.0,608,530,32766,32766,2416,3.2041056156158447
2026-04-07T10:57:25.463,radio://0/80/2M,range,1,0,Reacquire Wall,0.5208566188812256,0,0,0,0.0,0,0,0.0,0.0,24825,-1,0,4191,0.12307355552911758,0.022242389619350433,0.0,0.0,524,524,32766,32766,2438,3.2041056156158447
2026-04-07T10:57:25.711,radio://0/80/2M,mission,1,0,Reacquire Wall,0.5064643621444702,0,0,0,0.0,0,0,0.0,0.0,24825,-1,0,4191,0.12307355552911758,0.022242389619350433,0.0,0.0,524,524,32766,32766,2438,3.2041056156158447
2026-04-07T10:57:25.712,radio://0/80/2M,flow,1,0,Reacquire Wall,0.5064643621444702,0,0,0,0.0,0,0,0.0,0.0,25075,-9,0,4191,0.004304302390664816,0.03750740364193916,-0.001555201131850481,0.0,524,524,32766,32766,2438,3.2041056156158447
2026-04-07T10:57:25.714,radio://0/80/2M,range,1,0,Reacquire Wall,0.5064643621444702,0,0,0,0.0,0,0,0.0,0.0,25075,-9,0,4191,0.004304302390664816,0.03750740364193916,-0.001555201131850481,0.0,464,514,32766,32766,2440,3.188269853591919
2026-04-07T10:57:25.960,radio://0/80/2M,mission,1,0,Reacquire Wall,0.4970589578151703,0,0,0,0.0,0,0,0.0,0.0,25075,-9,0,4191,0.004304302390664816,0.03750740364193916,-0.001555201131850481,0.0,464,514,32766,32766,2440,3.188269853591919
2026-04-07T10:57:25.962,radio://0/80/2M,flow,1,0,Reacquire Wall,0.4970589578151703,0,0,0,0.0,0,0,0.0,0.0,25325,-2,0,4191,-0.0249671321362257,-0.01366231869906187,-0.0022188012953847647,0.0,464,514,32766,32766,2440,3.188269853591919
2026-04-07T10:57:25.963,radio://0/80/2M,range,1,0,Reacquire Wall,0.4970589578151703,0,0,0,0.0,0,0,0.0,0.0,25325,-2,0,4191,-0.0249671321362257,-0.01366231869906187,-0.0022188012953847647,0.0,457,516,32766,32766,2439,3.1829912662506104
2026-04-07T10:57:26.211,radio://0/80/2M,mission,1,0,Reacquire Wall,0.5034289956092834,0,0,0,0.0,0,0,0.0,0.0,25325,-2,0,4191,-0.0249671321362257,-0.01366231869906187,-0.0022188012953847647,0.0,457,516,32766,32766,2439,3.1829912662506104
2026-04-07T10:57:26.212,radio://0/80/2M,flow,1,0,Reacquire Wall,0.5034289956092834,0,0,0,0.0,0,0,0.0,0.0,25575,4,-1,4191,0.0010741716250777245,-0.05695607140660286,-0.0038988017477095127,0.0,457,516,32766,32766,2439,3.1829912662506104
2026-04-07T10:57:26.213,radio://0/80/2M,range,1,0,Reacquire Wall,0.5034289956092834,0,0,0,0.0,0,0,0.0,0.0,25575,4,-1,4191,0.0010741716250777245,-0.05695607140660286,-0.0038988017477095127,0.0,443,523,32766,32766,2442,3.2093842029571533
2026-04-07T10:57:26.461,radio://0/80/2M,mission,1,0,Reacquire Wall,0.5029504895210266,0,0,0,0.0,0,0,0.0,0.0,25575,4,-1,4191,0.0010741716250777245,-0.05695607140660286,-0.0038988017477095127,0.0,443,523,32766,32766,2442,3.2093842029571533
2026-04-07T10:57:26.462,radio://0/80/2M,flow,1,0,Reacquire Wall,0.5029504895210266,0,0,0,0.0,0,0,0.0,0.0,25825,3,0,4191,0.0237615667283535,-0.04811140149831772,-0.004762799479067326,0.0,443,523,32766,32766,2442,3.2093842029571533
2026-04-07T10:57:26.463,radio://0/80/2M,range,1,0,Reacquire Wall,0.5029504895210266,0,0,0,0.0,0,0,0.0,0.0,25825,3,0,4191,0.0237615667283535,-0.04811140149831772,-0.004762799479067326,0.0,437,548,32766,32766,2438,3.1829912662506104
2026-04-07T10:57:26.710,radio://0/80/2M,mission,1,0,Reacquire Wall,0.5046544075012207,0,0,0,0.0,0,0,0.0,0.0,25825,3,0,4191,0.0237615667283535,-0.04811140149831772,-0.004762799479067326,0.0,437,548,32766,32766,2438,3.1829912662506104
2026-04-07T10:57:26.712,radio://0/80/2M,flow,1,0,Reacquire Wall,0.5046544075012207,0,0,0,0.0,0,0,0.0,0.0,26075,0,-1,4191,-0.005818734411150217,-0.02382194995880127,-0.0038988017477095127,0.0,437,548,32766,32766,2438,3.1829912662506104
2026-04-07T10:57:26.713,radio://0/80/2M,range,1,0,Reacquire Wall,0.5046544075012207,0,0,0,0.0,0,0,0.0,0.0,26075,0,-1,4191,-0.005818734411150217,-0.02382194995880127,-0.0038988017477095127,0.0,443,571,32766,32766,2431,3.1935484409332275
2026-04-07T10:57:26.961,radio://0/80/2M,mission,1,0,Reacquire Wall,0.5025098919868469,0,0,0,0.0,0,0,0.0,0.0,26075,0,-1,4191,-0.005818734411150217,-0.02382194995880127,-0.0038988017477095127,0.0,443,571,32766,32766,2431,3.1935484409332275
2026-04-07T10:57:26.962,radio://0/80/2M,flow,1,0,Reacquire Wall,0.5025098919868469,0,0,0,0.0,0,0,0.0,0.0,26325,0,0,4191,0.02225182205438614,-0.005666240118443966,-0.0027648010291159153,0.0,443,571,32766,32766,2431,3.1935484409332275
2026-04-07T10:57:26.963,radio://0/80/2M,range,1,0,Reacquire Wall,0.5025098919868469,0,0,0,0.0,0,0,0.0,0.0,26325,0,0,4191,0.02225182205438614,-0.005666240118443966,-0.0027648010291159153,0.0,452,621,32766,32766,2438,3.1777126789093018
2026-04-07T10:57:27.209,radio://0/80/2M,mission,1,0,Reacquire Wall,0.4975828528404236,0,0,0,0.0,0,0,0.0,0.0,26325,0,0,4191,0.02225182205438614,-0.005666240118443966,-0.0027648010291159153,0.0,452,621,32766,32766,2438,3.1777126789093018
2026-04-07T10:57:27.210,radio://0/80/2M,flow,1,0,Reacquire Wall,0.4975828528404236,0,0,0,0.0,0,0,0.0,0.0,26575,-1,0,4191,-0.020006949082016945,-0.008367371745407581,-4.320017615100369e-05,0.0,452,621,32766,32766,2438,3.1777126789093018
2026-04-07T10:57:27.212,radio://0/80/2M,range,1,0,Reacquire Wall,0.4975828528404236,0,0,0,0.0,0,0,0.0,0.0,26575,-1,0,4191,-0.020006949082016945,-0.008367371745407581,-4.320017615100369e-05,0.0,494,667,1588,1220,2439,3.1777126789093018
2026-04-07T10:57:27.460,radio://0/80/2M,mission,1,0,Reacquire Wall,0.5009324550628662,0,0,0,0.0,0,0,0.0,0.0,26575,-1,0,4191,-0.020006949082016945,-0.008367371745407581,-4.320017615100369e-05,0.0,494,667,1588,1220,2439,3.1777126789093018
2026-04-07T10:57:27.462,radio://0/80/2M,flow,1,0,Reacquire Wall,0.5009324550628662,0,0,0,0.0,0,0,0.0,0.0,26825,0,0,4191,-0.04611307755112648,-0.018325254321098328,0.0,0.0,494,667,1588,1220,2439,3.1777126789093018
2026-04-07T10:57:27.463,radio://0/80/2M,range,1,0,Reacquire Wall,0.5009324550628662,0,0,0,0.0,0,0,0.0,0.0,26825,0,0,4191,-0.04611307755112648,-0.018325254321098328,0.0,0.0,529,774,1232,1039,2440,3.188269853591919
2026-04-07T10:57:27.709,radio://0/80/2M,mission,1,5,Transition,0.5066239237785339,0,0,0,0.0,0,0,0.0,0.0,26825,0,0,4191,-0.04611307755112648,-0.018325254321098328,0.0,0.0,529,774,1232,1039,2440,3.188269853591919
2026-04-07T10:57:27.711,radio://0/80/2M,flow,1,5,Transition,0.5066239237785339,0,0,0,0.0,0,0,0.0,0.0,27075,1,0,4191,-0.010924800299108028,-0.006467364728450775,0.0,0.0,529,774,1232,1039,2440,3.188269853591919
2026-04-07T10:57:27.712,radio://0/80/2M,range,1,5,Transition,0.5066239237785339,0,0,0,0.0,0,0,0.0,0.0,27075,1,0,4191,-0.010924800299108028,-0.006467364728450775,0.0,0.0,604,781,1178,921,2431,3.198827028274536
2026-04-07T10:57:27.959,radio://0/80/2M,mission,1,1,Wall Follow,0.5065941214561462,0,0,0,0.0,0,0,0.0,0.0,27075,1,0,4191,-0.010924800299108028,-0.006467364728450775,0.0,0.0,604,781,1178,921,2431,3.198827028274536
2026-04-07T10:57:27.960,radio://0/80/2M,flow,1,1,Wall Follow,0.5065941214561462,0,0,0,0.0,0,0,0.0,0.0,27325,1,0,4191,-0.008925284259021282,-0.016799042001366615,0.0,0.0,604,781,1178,921,2431,3.198827028274536
2026-04-07T10:57:27.961,radio://0/80/2M,range,1,1,Wall Follow,0.5065941214561462,0,0,0,0.0,0,0,0.0,0.0,27325,1,0,4191,-0.008925284259021282,-0.016799042001366615,0.0,0.0,615,788,1157,935,2430,3.1829912662506104
2026-04-07T10:57:28.209,radio://0/80/2M,mission,1,1,Wall Follow,0.5071079730987549,0,0,0,0.0,0,0,0.0,0.0,27325,1,0,4191,-0.008925284259021282,-0.016799042001366615,0.0,0.0,615,788,1157,935,2430,3.1829912662506104
2026-04-07T10:57:28.211,radio://0/80/2M,flow,1,1,Wall Follow,0.5071079730987549,0,0,0,0.0,0,0,0.0,0.0,27575,4,0,4191,-0.023088492453098297,-0.01568114571273327,0.0,0.0,615,788,1157,935,2430,3.1829912662506104
2026-04-07T10:57:28.212,radio://0/80/2M,range,1,1,Wall Follow,0.5071079730987549,0,0,0,0.0,0,0,0.0,0.0,27575,4,0,4191,-0.023088492453098297,-0.01568114571273327,0.0,0.0,634,808,1141,951,2430,3.188269853591919
2026-04-07T10:57:28.459,radio://0/80/2M,mission,1,1,Wall Follow,0.5129615068435669,0,0,0,0.0,0,0,0.0,0.0,27575,4,0,4191,-0.023088492453098297,-0.01568114571273327,0.0,0.0,634,808,1141,951,2430,3.188269853591919
2026-04-07T10:57:28.460,radio://0/80/2M,flow,1,1,Wall Follow,0.5129615068435669,0,0,0,0.0,0,0,0.0,0.0,27825,1,2,4191,-0.020328138023614883,0.034346483647823334,0.0,0.0,634,808,1141,951,2430,3.188269853591919
2026-04-07T10:57:28.462,radio://0/80/2M,range,1,1,Wall Follow,0.5129615068435669,0,0,0,0.0,0,0,0.0,0.0,27825,1,2,4191,-0.020328138023614883,0.034346483647823334,0.0,0.0,687,716,1173,884,2430,3.1829912662506104
2026-04-07T10:57:28.708,radio://0/80/2M,mission,1,1,Wall Follow,0.5112506747245789,0,0,0,0.0,0,0,0.0,0.0,27825,1,2,4191,-0.020328138023614883,0.034346483647823334,0.0,0.0,687,716,1173,884,2430,3.1829912662506104
2026-04-07T10:57:28.709,radio://0/80/2M,flow,1,1,Wall Follow,0.5112506747245789,0,0,0,0.0,0,0,0.0,0.0,28075,0,1,4191,-0.013737318105995655,0.041505154222249985,0.0,0.0,687,716,1173,884,2430,3.1829912662506104
2026-04-07T10:57:28.710,radio://0/80/2M,range,1,1,Wall Follow,0.5112506747245789,0,0,0,0.0,0,0,0.0,0.0,28075,0,1,4191,-0.013737318105995655,0.041505154222249985,0.0,0.0,32766,661,1259,784,2424,3.188269853591919
2026-04-07T10:57:28.959,radio://0/80/2M,mission,1,1,Wall Follow,0.5082799196243286,0,0,0,0.0,0,0,0.0,0.0,28075,0,1,4191,-0.013737318105995655,0.041505154222249985,0.0,0.0,32766,661,1259,784,2424,3.188269853591919
2026-04-07T10:57:28.960,radio://0/80/2M,flow,1,1,Wall Follow,0.5082799196243286,0,0,0,0.0,0,0,0.0,0.0,28325,0,0,4191,-0.02963235042989254,0.012001363560557365,0.0,0.0,32766,661,1259,784,2424,3.188269853591919
2026-04-07T10:57:28.961,radio://0/80/2M,range,1,1,Wall Follow,0.5082799196243286,0,0,0,0.0,0,0,0.0,0.0,28325,0,0,4191,-0.02963235042989254,0.012001363560557365,0.0,0.0,32766,607,32766,742,2431,3.1777126789093018
2026-04-07T10:57:29.209,radio://0/80/2M,mission,1,1,Wall Follow,0.5090117454528809,0,0,0,0.0,0,0,0.0,0.0,28325,0,0,4191,-0.02963235042989254,0.012001363560557365,0.0,0.0,32766,607,32766,742,2431,3.1777126789093018
2026-04-07T10:57:29.210,radio://0/80/2M,flow,1,1,Wall Follow,0.5090117454528809,0,0,0,0.0,0,0,0.0,0.0,28575,-5,0,4191,-0.004672916140407324,-0.017595060169696808,0.0,0.0,32766,607,32766,742,2431,3.1777126789093018
2026-04-07T10:57:29.212,radio://0/80/2M,range,1,1,Wall Follow,0.5090117454528809,0,0,0,0.0,0,0,0.0,0.0,28575,-5,0,4191,-0.004672916140407324,-0.017595060169696808,0.0,0.0,32766,593,32766,713,2434,3.1829912662506104
2026-04-07T10:57:29.458,radio://0/80/2M,mission,1,1,Wall Follow,0.5059674382209778,0,0,0,0.0,0,0,0.0,0.0,28575,-5,0,4191,-0.004672916140407324,-0.017595060169696808,0.0,0.0,32766,593,32766,713,2434,3.1829912662506104
2026-04-07T10:57:29.459,radio://0/80/2M,flow,1,1,Wall Follow,0.5059674382209778,0,0,0,0.0,0,0,0.0,0.0,28825,0,0,4191,-0.038365621119737625,-0.014482874423265457,0.0,0.0,32766,593,32766,713,2434,3.1829912662506104
2026-04-07T10:57:29.460,radio://0/80/2M,range,1,1,Wall Follow,0.5059674382209778,0,0,0,0.0,0,0,0.0,0.0,28825,0,0,4191,-0.038365621119737625,-0.014482874423265457,0.0,0.0,32766,570,32766,703,2428,3.161876916885376
2026-04-07T10:57:29.707,radio://0/80/2M,mission,1,1,Wall Follow,0.5029168128967285,0,0,0,0.0,0,0,0.0,0.0,28825,0,0,4191,-0.038365621119737625,-0.014482874423265457,0.0,0.0,32766,570,32766,703,2428,3.161876916885376
2026-04-07T10:57:29.708,radio://0/80/2M,flow,1,1,Wall Follow,0.5029168128967285,0,0,0,0.0,0,0,0.0,0.0,29075,2,0,4191,-0.04264148697257042,-0.006689250469207764,0.0,0.06666667014360428,32766,570,32766,703,2428,3.161876916885376
2026-04-07T10:57:29.710,radio://0/80/2M,range,1,1,Wall Follow,0.5029168128967285,0,0,0,0.0,0,0,0.0,0.0,29075,2,0,4191,-0.04264148697257042,-0.006689250469207764,0.0,0.06666667014360428,32766,561,32766,691,2429,3.1777126789093018
2026-04-07T10:57:29.957,radio://0/80/2M,mission,1,1,Wall Follow,0.5062008500099182,0,0,0,0.0,0,0,0.0,0.0,29075,2,0,4191,-0.04264148697257042,-0.006689250469207764,0.0,0.06666667014360428,32766,561,32766,691,2429,3.1777126789093018
2026-04-07T10:57:29.958,radio://0/80/2M,flow,1,1,Wall Follow,0.5062008500099182,0,0,0,0.0,0,0,0.0,0.0,29325,4,0,4191,-0.0027156067080795765,0.020124193280935287,0.0,0.06666667014360428,32766,561,32766,691,2429,3.1777126789093018
2026-04-07T10:57:29.959,radio://0/80/2M,range,1,1,Wall Follow,0.5062008500099182,0,0,0,0.0,0,0,0.0,0.0,29325,4,0,4191,-0.0027156067080795765,0.020124193280935287,0.0,0.06666667014360428,32766,571,32766,687,2439,3.1829912662506104
2026-04-07T10:57:30.208,radio://0/80/2M,mission,1,1,Wall Follow,0.5053004026412964,0,0,0,0.0,0,0,0.0,0.0,29325,4,0,4191,-0.0027156067080795765,0.020124193280935287,0.0,0.06666667014360428,32766,571,32766,687,2439,3.1829912662506104
2026-04-07T10:57:30.209,radio://0/80/2M,flow,1,1,Wall Follow,0.5053004026412964,0,0,0,0.0,0,0,0.0,0.0,29575,0,0,4191,0.05900716781616211,0.028651021420955658,0.0,0.06666667014360428,32766,571,32766,687,2439,3.1829912662506104
2026-04-07T10:57:30.210,radio://0/80/2M,range,1,1,Wall Follow,0.5053004026412964,0,0,0,0.0,0,0,0.0,0.0,29575,0,0,4191,0.05900716781616211,0.028651021420955658,0.0,0.06666667014360428,32766,579,32766,679,2437,3.1829912662506104
2026-04-07T10:57:30.457,radio://0/80/2M,mission,1,1,Wall Follow,0.5014939904212952,0,0,0,0.0,0,0,0.0,0.0,29575,0,0,4191,0.05900716781616211,0.028651021420955658,0.0,0.06666667014360428,32766,579,32766,679,2437,3.1829912662506104
2026-04-07T10:57:30.459,radio://0/80/2M,flow,1,1,Wall Follow,0.5014939904212952,0,0,0,0.0,0,0,0.0,0.0,29825,0,0,4191,0.09163101017475128,0.01172216422855854,0.0,0.06666667014360428,32766,579,32766,679,2437,3.1829912662506104
2026-04-07T10:57:30.460,radio://0/80/2M,range,1,1,Wall Follow,0.5014939904212952,0,0,0,0.0,0,0,0.0,0.0,29825,0,0,4191,0.09163101017475128,0.01172216422855854,0.0,0.06666667014360428,32766,576,32766,673,2432,3.172434091567993
2026-04-07T10:57:30.707,radio://0/80/2M,mission,1,1,Wall Follow,0.5043764114379883,0,0,0,0.0,0,0,0.0,0.0,29825,0,0,4191,0.09163101017475128,0.01172216422855854,0.0,0.06666667014360428,32766,576,32766,673,2432,3.172434091567993
2026-04-07T10:57:30.708,radio://0/80/2M,flow,1,1,Wall Follow,0.5043764114379883,0,0,0,0.0,0,0,0.0,0.0,30075,0,0,4191,0.07443319261074066,-0.01718226447701454,0.0,0.06666667014360428,32766,576,32766,673,2432,3.172434091567993
2026-04-07T10:57:30.709,radio://0/80/2M,range,1,1,Wall Follow,0.5043764114379883,0,0,0,0.0,0,0,0.0,0.0,30075,0,0,4191,0.07443319261074066,-0.01718226447701454,0.0,0.06666667014360428,32766,572,32766,663,2428,3.1829912662506104
2026-04-07T10:57:30.957,radio://0/80/2M,mission,1,1,Wall Follow,0.5045918226242065,0,0,0,0.0,0,0,0.0,0.0,30075,0,0,4191,0.07443319261074066,-0.01718226447701454,0.0,0.06666667014360428,32766,572,32766,663,2428,3.1829912662506104
2026-04-07T10:57:30.958,radio://0/80/2M,flow,1,1,Wall Follow,0.5045918226242065,0,0,0,0.0,0,0,0.0,0.0,30325,1,0,4191,0.05045332759618759,-0.018488464877009392,0.0,0.06666667014360428,32766,572,32766,663,2428,3.1829912662506104
2026-04-07T10:57:30.959,radio://0/80/2M,range,1,1,Wall Follow,0.5045918226242065,0,0,0,0.0,0,0,0.0,0.0,30325,1,0,4191,0.05045332759618759,-0.018488464877009392,0.0,0.06666667014360428,32766,580,32766,662,2438,3.1777126789093018
2026-04-07T10:57:31.207,radio://0/80/2M,mission,1,1,Wall Follow,0.5047826766967773,0,0,0,0.0,0,0,0.0,0.0,30325,1,0,4191,0.05045332759618759,-0.018488464877009392,0.0,0.06666667014360428,32766,580,32766,662,2438,3.1777126789093018
2026-04-07T10:57:31.209,radio://0/80/2M,flow,1,1,Wall Follow,0.5047826766967773,0,0,0,0.0,0,0,0.0,0.0,30575,0,0,4191,0.0410052128136158,0.001209806650876999,0.0,0.06666667014360428,32766,580,32766,662,2438,3.1777126789093018
2026-04-07T10:57:31.210,radio://0/80/2M,range,1,1,Wall Follow,0.5047826766967773,0,0,0,0.0,0,0,0.0,0.0,30575,0,0,4191,0.0410052128136158,0.001209806650876999,0.0,0.06666667014360428,32766,581,32766,655,2432,3.188269853591919
2026-04-07T10:57:31.457,radio://0/80/2M,mission,1,1,Wall Follow,0.5064226388931274,0,0,0,0.0,0,0,0.0,0.0,30575,0,0,4191,0.0410052128136158,0.001209806650876999,0.0,0.06666667014360428,32766,581,32766,655,2432,3.188269853591919
2026-04-07T10:57:31.458,radio://0/80/2M,flow,1,1,Wall Follow,0.5064226388931274,0,0,0,0.0,0,0,0.0,0.0,30825,0,0,4191,0.07008588314056396,-0.004679902922362089,0.0,0.06666667014360428,32766,581,32766,655,2432,3.188269853591919
2026-04-07T10:57:31.459,radio://0/80/2M,range,1,1,Wall Follow,0.5064226388931274,0,0,0,0.0,0,0,0.0,0.0,30825,0,0,4191,0.07008588314056396,-0.004679902922362089,0.0,0.06666667014360428,32766,580,32766,652,2433,3.1777126789093018
2026-04-07T10:57:31.707,radio://0/80/2M,mission,1,1,Wall Follow,0.504190981388092,0,0,0,0.0,0,0,0.0,0.0,30825,0,0,4191,0.07008588314056396,-0.004679902922362089,0.0,0.06666667014360428,32766,580,32766,652,2433,3.1777126789093018
2026-04-07T10:57:31.708,radio://0/80/2M,flow,1,1,Wall Follow,0.504190981388092,0,0,0,0.0,0,0,0.0,0.0,31075,0,0,4191,0.06657756119966507,-0.01637624017894268,0.0,0.06666667014360428,32766,580,32766,652,2433,3.1777126789093018
2026-04-07T10:57:31.709,radio://0/80/2M,range,1,1,Wall Follow,0.504190981388092,0,0,0,0.0,0,0,0.0,0.0,31075,0,0,4191,0.06657756119966507,-0.01637624017894268,0.0,0.06666667014360428,32766,579,32766,650,2427,3.1777126789093018
2026-04-07T10:57:31.956,radio://0/80/2M,mission,1,1,Wall Follow,0.5069507956504822,0,0,0,0.0,0,0,0.0,0.0,31075,0,0,4191,0.06657756119966507,-0.01637624017894268,0.0,0.06666667014360428,32766,579,32766,650,2427,3.1777126789093018
2026-04-07T10:57:31.957,radio://0/80/2M,flow,1,1,Wall Follow,0.5069507956504822,0,0,0,0.0,0,0,0.0,0.0,31325,0,0,4191,0.022728940472006798,-0.019824586808681488,0.0,0.06666667014360428,32766,579,32766,650,2427,3.1777126789093018
2026-04-07T10:57:31.958,radio://0/80/2M,range,1,1,Wall Follow,0.5069507956504822,0,0,0,0.0,0,0,0.0,0.0,31325,0,0,4191,0.022728940472006798,-0.019824586808681488,0.0,0.06666667014360428,32766,575,32766,651,2433,3.1829912662506104
2026-04-07T10:57:32.206,radio://0/80/2M,mission,1,1,Wall Follow,0.5095647573471069,0,0,0,0.0,0,0,0.0,0.0,31325,0,0,4191,0.022728940472006798,-0.019824586808681488,0.0,0.06666667014360428,32766,575,32766,651,2433,3.1829912662506104
2026-04-07T10:57:32.208,radio://0/80/2M,flow,1,1,Wall Follow,0.5095647573471069,0,0,0,0.0,0,0,0.0,0.0,31575,2,0,4191,-0.012112746946513653,0.0031588978599756956,0.0,0.06666667014360428,32766,575,32766,651,2433,3.1829912662506104
2026-04-07T10:57:32.209,radio://0/80/2M,range,1,1,Wall Follow,0.5095647573471069,0,0,0,0.0,0,0,0.0,0.0,31575,2,0,4191,-0.012112746946513653,0.0031588978599756956,0.0,0.06666667014360428,32766,584,32766,656,2431,3.188269853591919
2026-04-07T10:57:32.457,radio://0/80/2M,mission,1,1,Wall Follow,0.5055592656135559,0,0,0,0.0,0,0,0.0,0.0,31575,2,0,4191,-0.012112746946513653,0.0031588978599756956,0.0,0.06666667014360428,32766,584,32766,656,2431,3.188269853591919
2026-04-07T10:57:32.459,radio://0/80/2M,flow,1,1,Wall Follow,0.5055592656135559,0,0,0,0.0,0,0,0.0,0.0,31825,0,0,4191,0.03808743134140968,0.0041434005834162235,0.0,0.06666667014360428,32766,584,32766,656,2431,3.188269853591919
2026-04-07T10:57:32.460,radio://0/80/2M,range,1,1,Wall Follow,0.5055592656135559,0,0,0,0.0,0,0,0.0,0.0,31825,0,0,4191,0.03808743134140968,0.0041434005834162235,0.0,0.06666667014360428,32766,593,32766,654,2440,3.172434091567993
2026-04-07T10:57:32.706,radio://0/80/2M,mission,1,1,Wall Follow,0.49605879187583923,0,0,0,0.0,0,0,0.0,0.0,31825,0,0,4191,0.03808743134140968,0.0041434005834162235,0.0,0.06666667014360428,32766,593,32766,654,2440,3.172434091567993
2026-04-07T10:57:32.708,radio://0/80/2M,flow,1,1,Wall Follow,0.49605879187583923,0,0,0,0.0,0,0,0.0,0.0,32075,-2,0,4191,0.0741896703839302,-0.009375986643135548,0.0,0.06666667014360428,32766,593,32766,654,2440,3.172434091567993
2026-04-07T10:57:32.709,radio://0/80/2M,range,1,1,Wall Follow,0.49605879187583923,0,0,0,0.0,0,0,0.0,0.0,32075,-2,0,4191,0.0741896703839302,-0.009375986643135548,0.0,0.06666667014360428,32766,595,32766,656,2441,3.172434091567993
2026-04-07T10:57:32.956,radio://0/80/2M,mission,1,1,Wall Follow,0.4906204640865326,0,0,0,0.0,0,0,0.0,0.0,32075,-2,0,4191,0.0741896703839302,-0.009375986643135548,0.0,0.06666667014360428,32766,595,32766,656,2441,3.172434091567993
2026-04-07T10:57:32.957,radio://0/80/2M,flow,1,1,Wall Follow,0.4906204640865326,0,0,0,0.0,0,0,0.0,0.0,32325,-1,-1,4191,0.06896005570888519,-0.03657318279147148,0.0,0.06666667014360428,32766,595,32766,656,2441,3.172434091567993
2026-04-07T10:57:32.958,radio://0/80/2M,range,1,1,Wall Follow,0.4906204640865326,0,0,0,0.0,0,0,0.0,0.0,32325,-1,-1,4191,0.06896005570888519,-0.03657318279147148,0.0,0.06666667014360428,32766,589,32766,658,2444,3.161876916885376
2026-04-07T10:57:33.206,radio://0/80/2M,mission,1,1,Wall Follow,0.496675580739975,0,0,0,0.0,0,0,0.0,0.0,32325,-1,-1,4191,0.06896005570888519,-0.03657318279147148,0.0,0.06666667014360428,32766,589,32766,658,2444,3.161876916885376
2026-04-07T10:57:33.207,radio://0/80/2M,flow,1,1,Wall Follow,0.496675580739975,0,0,0,0.0,0,0,0.0,0.0,32575,5,0,4191,0.03497830405831337,-0.01800238899886608,0.0,0.06666667014360428,32766,589,32766,658,2444,3.161876916885376
2026-04-07T10:57:33.208,radio://0/80/2M,range,1,1,Wall Follow,0.496675580739975,0,0,0,0.0,0,0,0.0,0.0,32575,5,0,4191,0.03497830405831337,-0.01800238899886608,0.0,0.06666667014360428,32766,587,32766,666,2448,3.1777126789093018
2026-04-07T10:57:33.455,radio://0/80/2M,mission,1,1,Wall Follow,0.5010970234870911,0,0,0,0.0,0,0,0.0,0.0,32575,5,0,4191,0.03497830405831337,-0.01800238899886608,0.0,0.06666667014360428,32766,587,32766,666,2448,3.1777126789093018
2026-04-07T10:57:33.456,radio://0/80/2M,flow,1,1,Wall Follow,0.5010970234870911,0,0,0,0.0,0,0,0.0,0.0,32825,-1,-2,4191,0.049134429544210434,-0.00852922722697258,0.0,0.06666667014360428,32766,587,32766,666,2448,3.1777126789093018
2026-04-07T10:57:33.458,radio://0/80/2M,range,1,1,Wall Follow,0.5010970234870911,0,0,0,0.0,0,0,0.0,0.0,32825,-1,-2,4191,0.049134429544210434,-0.00852922722697258,0.0,0.06666667014360428,32766,587,3303,666,2431,3.1671555042266846
2026-04-07T10:57:33.705,radio://0/80/2M,mission,1,1,Wall Follow,0.5012941956520081,0,0,0,0.0,0,0,0.0,0.0,32825,-1,-2,4191,0.049134429544210434,-0.00852922722697258,0.0,0.06666667014360428,32766,587,3303,666,2431,3.1671555042266846
2026-04-07T10:57:33.706,radio://0/80/2M,flow,1,1,Wall Follow,0.5012941956520081,0,0,0,0.0,0,0,0.0,0.0,33075,0,0,4191,0.06360577791929245,-0.0026837068144232035,0.0,0.06666667014360428,32766,587,3303,666,2431,3.1671555042266846
2026-04-07T10:57:33.707,radio://0/80/2M,range,1,1,Wall Follow,0.5012941956520081,0,0,0,0.0,0,0,0.0,0.0,33075,0,0,4191,0.06360577791929245,-0.0026837068144232035,0.0,0.06666667014360428,32766,592,32766,657,2445,3.172434091567993
2026-04-07T10:57:33.955,radio://0/80/2M,mission,1,1,Wall Follow,0.5008935332298279,0,0,0,0.0,0,0,0.0,0.0,33075,0,0,4191,0.06360577791929245,-0.0026837068144232035,0.0,0.06666667014360428,32766,592,32766,657,2445,3.172434091567993
2026-04-07T10:57:33.956,radio://0/80/2M,flow,1,1,Wall Follow,0.5008935332298279,0,0,0,0.0,0,0,0.0,0.0,33325,0,0,4191,0.07631250470876694,-0.008917199447751045,0.0,0.06666667014360428,32766,592,32766,657,2445,3.172434091567993
2026-04-07T10:57:33.957,radio://0/80/2M,range,1,1,Wall Follow,0.5008935332298279,0,0,0,0.0,0,0,0.0,0.0,33325,0,0,4191,0.07631250470876694,-0.008917199447751045,0.0,0.06666667014360428,32766,587,32766,652,2442,3.172434091567993
2026-04-07T10:57:34.205,radio://0/80/2M,mission,1,1,Wall Follow,0.5016563534736633,0,0,0,0.0,0,0,0.0,0.0,33325,0,0,4191,0.07631250470876694,-0.008917199447751045,0.0,0.06666667014360428,32766,587,32766,652,2442,3.172434091567993
2026-04-07T10:57:34.206,radio://0/80/2M,flow,1,1,Wall Follow,0.5016563534736633,0,0,0,0.0,0,0,0.0,0.0,33575,0,0,4191,0.05822509899735451,-0.0054498170502483845,0.0,0.06666667014360428,32766,587,32766,652,2442,3.172434091567993
2026-04-07T10:57:34.207,radio://0/80/2M,range,1,1,Wall Follow,0.5016563534736633,0,0,0,0.0,0,0,0.0,0.0,33575,0,0,4191,0.05822509899735451,-0.0054498170502483845,0.0,0.06666667014360428,32766,584,32766,643,2436,3.1777126789093018
2026-04-07T10:57:34.454,radio://0/80/2M,mission,1,1,Wall Follow,0.4978795051574707,0,0,0,0.0,0,0,0.0,0.0,33575,0,0,4191,0.05822509899735451,-0.0054498170502483845,0.0,0.06666667014360428,32766,584,32766,643,2436,3.1777126789093018
2026-04-07T10:57:34.456,radio://0/80/2M,flow,1,1,Wall Follow,0.4978795051574707,0,0,0,0.0,0,0,0.0,0.0,33825,0,0,4191,0.07765637338161469,0.01576339267194271,0.0,0.06666667014360428,32766,584,32766,643,2436,3.1777126789093018
2026-04-07T10:57:34.457,radio://0/80/2M,range,1,1,Wall Follow,0.4978795051574707,0,0,0,0.0,0,0,0.0,0.0,33825,0,0,4191,0.07765637338161469,0.01576339267194271,0.0,0.06666667014360428,32766,575,32766,644,2441,3.161876916885376
2026-04-07T10:57:34.704,radio://0/80/2M,mission,1,1,Wall Follow,0.49802544713020325,0,0,0,0.0,0,0,0.0,0.0,33825,0,0,4191,0.07765637338161469,0.01576339267194271,0.0,0.06666667014360428,32766,575,32766,644,2441,3.161876916885376
2026-04-07T10:57:34.705,radio://0/80/2M,flow,1,1,Wall Follow,0.49802544713020325,0,0,0,0.0,0,0,0.0,0.0,34075,0,1,4191,0.08756889402866364,0.01412051822990179,0.0,0.06666667014360428,32766,575,32766,644,2441,3.161876916885376
2026-04-07T10:57:34.706,radio://0/80/2M,range,1,1,Wall Follow,0.49802544713020325,0,0,0,0.0,0,0,0.0,0.0,34075,0,1,4191,0.08756889402866364,0.01412051822990179,0.0,0.06666667014360428,32766,567,32766,638,2444,3.1777126789093018
2026-04-07T10:57:34.953,radio://0/80/2M,mission,1,1,Wall Follow,0.4991472065448761,0,0,0,0.0,0,0,0.0,0.0,34075,0,1,4191,0.08756889402866364,0.01412051822990179,0.0,0.06666667014360428,32766,567,32766,638,2444,3.1777126789093018
2026-04-07T10:57:34.954,radio://0/80/2M,flow,1,1,Wall Follow,0.4991472065448761,0,0,0,0.0,0,0,0.0,0.0,34325,2,1,4191,0.08708313852548599,-0.0010050893761217594,0.0,0.06666667014360428,32766,567,32766,638,2444,3.1777126789093018
2026-04-07T10:57:34.956,radio://0/80/2M,range,1,1,Wall Follow,0.4991472065448761,0,0,0,0.0,0,0,0.0,0.0,34325,2,1,4191,0.08708313852548599,-0.0010050893761217594,0.0,0.06666667014360428,32766,549,32766,634,2441,3.172434091567993
2026-04-07T10:57:35.203,radio://0/80/2M,mission,1,1,Wall Follow,0.5018323659896851,0,0,0,0.0,0,0,0.0,0.0,34325,2,1,4191,0.08708313852548599,-0.0010050893761217594,0.0,0.06666667014360428,32766,549,32766,634,2441,3.172434091567993
2026-04-07T10:57:35.205,radio://0/80/2M,flow,1,1,Wall Follow,0.5018323659896851,0,0,0,0.0,0,0,0.0,0.0,34575,1,0,4191,0.07886439561843872,-0.03218407928943634,0.0,0.06666667014360428,32766,549,32766,634,2441,3.172434091567993
2026-04-07T10:57:35.206,radio://0/80/2M,range,1,1,Wall Follow,0.5018323659896851,0,0,0,0.0,0,0,0.0,0.0,34575,1,0,4191,0.07886439561843872,-0.03218407928943634,0.0,0.06666667014360428,32766,538,32766,634,2431,3.172434091567993
2026-04-07T10:57:35.453,radio://0/80/2M,mission,1,1,Wall Follow,0.503304123878479,0,0,0,0.0,0,0,0.0,0.0,34575,1,0,4191,0.07886439561843872,-0.03218407928943634,0.0,0.06666667014360428,32766,538,32766,634,2431,3.172434091567993
2026-04-07T10:57:35.454,radio://0/80/2M,flow,1,1,Wall Follow,0.503304123878479,0,0,0,0.0,0,0,0.0,0.0,34825,0,-1,4191,0.06476932764053345,-0.029631096869707108,0.0,0.06666667014360428,32766,538,32766,634,2431,3.172434091567993
2026-04-07T10:57:35.456,radio://0/80/2M,range,1,1,Wall Follow,0.503304123878479,0,0,0,0.0,0,0,0.0,0.0,34825,0,-1,4191,0.06476932764053345,-0.029631096869707108,0.0,0.06666667014360428,32766,522,32766,632,2433,3.1671555042266846
2026-04-07T10:57:35.703,radio://0/80/2M,mission,1,1,Wall Follow,0.5041093230247498,0,0,0,0.0,0,0,0.0,0.0,34825,0,-1,4191,0.06476932764053345,-0.029631096869707108,0.0,0.06666667014360428,32766,522,32766,632,2433,3.1671555042266846
2026-04-07T10:57:35.705,radio://0/80/2M,flow,1,1,Wall Follow,0.5041093230247498,0,0,0,0.0,0,0,0.0,0.0,35075,-2,0,4191,0.07084320485591888,-0.023111343383789062,0.0,0.06666667014360428,32766,522,32766,632,2433,3.1671555042266846
2026-04-07T10:57:35.706,radio://0/80/2M,range,1,1,Wall Follow,0.5041093230247498,0,0,0,0.0,0,0,0.0,0.0,35075,-2,0,4191,0.07084320485591888,-0.023111343383789062,0.0,0.06666667014360428,32766,516,32766,634,2432,3.172434091567993
2026-04-07T10:57:35.953,radio://0/80/2M,mission,1,1,Wall Follow,0.5024889707565308,0,0,0,0.0,0,0,0.0,0.0,35075,-2,0,4191,0.07084320485591888,-0.023111343383789062,0.0,0.06666667014360428,32766,516,32766,634,2432,3.172434091567993
2026-04-07T10:57:35.954,radio://0/80/2M,flow,1,1,Wall Follow,0.5024889707565308,0,0,0,0.0,0,0,0.0,0.0,35325,-1,0,4191,0.08725263923406601,-0.034987375140190125,0.0,0.06666667014360428,32766,516,32766,634,2432,3.172434091567993
2026-04-07T10:57:35.955,radio://0/80/2M,range,1,1,Wall Follow,0.5024889707565308,0,0,0,0.0,0,0,0.0,0.0,35325,-1,0,4191,0.08725263923406601,-0.034987375140190125,0.0,0.06666667014360428,32766,501,32766,638,2436,3.1671555042266846
2026-04-07T10:57:36.202,radio://0/80/2M,mission,1,1,Wall Follow,0.5043104887008667,0,0,0,0.0,0,0,0.0,0.0,35325,-1,0,4191,0.08725263923406601,-0.034987375140190125,0.0,0.06666667014360428,32766,501,32766,638,2436,3.1671555042266846
2026-04-07T10:57:36.203,radio://0/80/2M,flow,1,1,Wall Follow,0.5043104887008667,0,0,0,0.0,0,0,0.0,0.0,35575,0,0,4191,0.039913807064294815,-0.0939679965376854,0.20000000298023224,0.0,32766,501,32766,638,2436,3.1671555042266846
2026-04-07T10:57:36.204,radio://0/80/2M,range,1,1,Wall Follow,0.5043104887008667,0,0,0,0.0,0,0,0.0,0.0,35575,0,0,4191,0.039913807064294815,-0.0939679965376854,0.20000000298023224,0.0,32766,485,32766,653,2435,3.1777126789093018
2026-04-07T10:57:36.452,radio://0/80/2M,mission,1,1,Wall Follow,0.5042811632156372,0,0,0,0.0,0,0,0.0,0.0,35575,0,0,4191,0.039913807064294815,-0.0939679965376854,0.20000000298023224,0.0,32766,485,32766,653,2435,3.1777126789093018
2026-04-07T10:57:36.454,radio://0/80/2M,flow,1,1,Wall Follow,0.5042811632156372,0,0,0,0.0,0,0,0.0,0.0,35825,3,-9,4191,-0.042120758444070816,-0.20180100202560425,0.20000000298023224,0.0,32766,485,32766,653,2435,3.1777126789093018
2026-04-07T10:57:36.455,radio://0/80/2M,range,1,1,Wall Follow,0.5042811632156372,0,0,0,0.0,0,0,0.0,0.0,35825,3,-9,4191,-0.042120758444070816,-0.20180100202560425,0.20000000298023224,0.0,32766,475,32766,675,2433,3.161876916885376
2026-04-07T10:57:36.702,radio://0/80/2M,mission,1,1,Wall Follow,0.501100480556488,0,0,0,0.0,0,0,0.0,0.0,35825,3,-9,4191,-0.042120758444070816,-0.20180100202560425,0.20000000298023224,0.0,32766,475,32766,675,2433,3.161876916885376
2026-04-07T10:57:36.703,radio://0/80/2M,flow,1,1,Wall Follow,0.501100480556488,0,0,0,0.0,0,0,0.0,0.0,36075,0,0,4191,-0.041438616812229156,-0.2219359278678894,0.20000000298023224,0.0,32766,475,32766,675,2433,3.161876916885376
2026-04-07T10:57:36.704,radio://0/80/2M,range,1,1,Wall Follow,0.501100480556488,0,0,0,0.0,0,0,0.0,0.0,36075,0,0,4191,-0.041438616812229156,-0.2219359278678894,0.20000000298023224,0.0,32766,475,32766,723,2441,3.161876916885376
2026-04-07T10:57:36.952,radio://0/80/2M,mission,1,1,Wall Follow,0.5067832469940186,0,0,0,0.0,0,0,0.0,0.0,36075,0,0,4191,-0.041438616812229156,-0.2219359278678894,0.20000000298023224,0.0,32766,475,32766,723,2441,3.161876916885376
2026-04-07T10:57:36.954,radio://0/80/2M,flow,1,1,Wall Follow,0.5067832469940186,0,0,0,0.0,0,0,0.0,0.0,36325,0,-2,4191,0.01748538576066494,-0.20898082852363586,0.20000000298023224,0.0,32766,475,32766,723,2441,3.161876916885376
2026-04-07T10:57:36.955,radio://0/80/2M,range,1,1,Wall Follow,0.5067832469940186,0,0,0,0.0,0,0,0.0,0.0,36325,0,-2,4191,0.01748538576066494,-0.20898082852363586,0.20000000298023224,0.0,2141,487,32766,769,2434,3.172434091567993
2026-04-07T10:57:37.202,radio://0/80/2M,mission,1,1,Wall Follow,0.5057422518730164,0,0,0,0.0,0,0,0.0,0.0,36325,0,-2,4191,0.01748538576066494,-0.20898082852363586,0.20000000298023224,0.0,2141,487,32766,769,2434,3.172434091567993
2026-04-07T10:57:37.203,radio://0/80/2M,flow,1,1,Wall Follow,0.5057422518730164,0,0,0,0.0,0,0,0.0,0.0,36575,-1,0,4191,0.07423385232686996,-0.18043358623981476,0.20000000298023224,0.0,2141,487,32766,769,2434,3.172434091567993
2026-04-07T10:57:37.204,radio://0/80/2M,range,1,1,Wall Follow,0.5057422518730164,0,0,0,0.0,0,0,0.0,0.0,36575,-1,0,4191,0.07423385232686996,-0.18043358623981476,0.20000000298023224,0.0,2104,482,32766,833,2433,3.1671555042266846
2026-04-07T10:57:37.452,radio://0/80/2M,mission,1,1,Wall Follow,0.5046170949935913,0,0,0,0.0,0,0,0.0,0.0,36575,-1,0,4191,0.07423385232686996,-0.18043358623981476,0.20000000298023224,0.0,2104,482,32766,833,2433,3.1671555042266846
2026-04-07T10:57:37.453,radio://0/80/2M,flow,1,1,Wall Follow,0.5046170949935913,0,0,0,0.0,0,0,0.0,0.0,36825,0,-2,4191,0.07324067503213882,-0.1729482114315033,0.20000000298023224,0.0,2104,482,32766,833,2433,3.1671555042266846
2026-04-07T10:57:37.454,radio://0/80/2M,range,1,1,Wall Follow,0.5046170949935913,0,0,0,0.0,0,0,0.0,0.0,36825,0,-2,4191,0.07324067503213882,-0.1729482114315033,0.20000000298023224,0.0,2030,467,1286,886,2427,3.151319742202759
2026-04-07T10:57:37.702,radio://0/80/2M,mission,1,1,Wall Follow,0.50094074010849,0,0,0,0.0,0,0,0.0,0.0,36825,0,-2,4191,0.07324067503213882,-0.1729482114315033,0.20000000298023224,0.0,2030,467,1286,886,2427,3.151319742202759
2026-04-07T10:57:37.703,radio://0/80/2M,flow,1,1,Wall Follow,0.50094074010849,0,0,0,0.0,0,0,0.0,0.0,37075,1,0,4452,0.07963898032903671,-0.1746150255203247,0.20000000298023224,0.0,2030,467,1286,886,2427,3.151319742202759
2026-04-07T10:57:37.705,radio://0/80/2M,range,1,1,Wall Follow,0.50094074010849,0,0,0,0.0,0,0,0.0,0.0,37075,1,0,4452,0.07963898032903671,-0.1746150255203247,0.20000000298023224,0.0,32766,475,1112,1013,2443,3.161876916885376
2026-04-07T10:57:37.951,radio://0/80/2M,mission,1,1,Wall Follow,0.5016642808914185,0,0,0,0.0,0,0,0.0,0.0,37075,1,0,4452,0.07963898032903671,-0.1746150255203247,0.20000000298023224,0.0,32766,475,1112,1013,2443,3.161876916885376
2026-04-07T10:57:37.952,radio://0/80/2M,flow,1,1,Wall Follow,0.5016642808914185,0,0,0,0.0,0,0,0.0,0.0,37325,-1,-8,4452,0.11923124641180038,-0.18553166091442108,0.0,0.0,32766,475,1112,1013,2443,3.161876916885376
2026-04-07T10:57:37.953,radio://0/80/2M,range,1,1,Wall Follow,0.5016642808914185,0,0,0,0.0,0,0,0.0,0.0,37325,-1,-8,4452,0.11923124641180038,-0.18553166091442108,0.0,0.0,512,469,1086,1133,2443,3.14604115486145
2026-04-07T10:57:38.201,radio://0/80/2M,mission,1,5,Transition,0.49937671422958374,0,0,0,0.0,0,0,0.0,0.0,37325,-1,-8,4452,0.11923124641180038,-0.18553166091442108,0.0,0.0,512,469,1086,1133,2443,3.14604115486145
2026-04-07T10:57:38.203,radio://0/80/2M,flow,1,5,Transition,0.49937671422958374,0,0,0,0.0,0,0,0.0,0.0,37575,0,0,5339,0.09623082727193832,-0.05732318386435509,-0.01786080375313759,0.0,512,469,1086,1133,2443,3.14604115486145
2026-04-07T10:57:38.204,radio://0/80/2M,range,1,5,Transition,0.49937671422958374,0,0,0,0.0,0,0,0.0,0.0,37575,0,0,5339,0.09623082727193832,-0.05732318386435509,-0.01786080375313759,0.0,378,447,1181,1261,2449,3.1565983295440674
2026-04-07T10:57:38.452,radio://0/80/2M,mission,1,2,Scan,0.4977615773677826,0,0,0,0.0,0,0,0.0,0.0,37575,0,0,5339,0.09623082727193832,-0.05732318386435509,-0.01786080375313759,0.0,378,447,1181,1261,2449,3.1565983295440674
2026-04-07T10:57:38.453,radio://0/80/2M,flow,1,2,Scan,0.4977615773677826,0,0,0,0.0,0,0,0.0,0.0,37825,-1,0,5339,0.03925205022096634,0.03633750602602959,-0.015599998645484447,-0.012500000186264515,378,447,1181,1261,2449,3.1565983295440674
2026-04-07T10:57:38.455,radio://0/80/2M,range,1,2,Scan,0.4977615773677826,0,0,0,0.0,0,0,0.0,0.0,37825,-1,0,5339,0.03925205022096634,0.03633750602602959,-0.015599998645484447,-0.012500000186264515,344,375,1253,1267,2447,3.151319742202759
2026-04-07T10:57:38.701,radio://0/80/2M,mission,1,2,Scan,0.5014665722846985,0,0,0,0.0,0,0,0.0,0.0,37825,-1,0,5339,0.03925205022096634,0.03633750602602959,-0.015599998645484447,-0.012500000186264515,344,375,1253,1267,2447,3.151319742202759
2026-04-07T10:57:38.702,radio://0/80/2M,flow,1,2,Scan,0.5014665722846985,0,0,0,0.0,0,0,0.0,0.0,38075,0,-1,5339,-0.0013823396293446422,0.008687945082783699,-0.020500002428889275,-0.015300000086426735,344,375,1253,1267,2447,3.151319742202759
2026-04-07T10:57:38.703,radio://0/80/2M,range,1,2,Scan,0.5014665722846985,0,0,0,0.0,0,0,0.0,0.0,38075,0,-1,5339,-0.0013823396293446422,0.008687945082783699,-0.020500002428889275,-0.015300000086426735,295,347,1304,1318,2437,3.1671555042266846
2026-04-07T10:57:38.951,radio://0/80/2M,mission,1,2,Scan,0.5089466571807861,0,0,0,0.0,0,0,0.0,0.0,38075,0,-1,5339,-0.0013823396293446422,0.008687945082783699,-0.020500002428889275,-0.015300000086426735,295,347,1304,1318,2437,3.1671555042266846
2026-04-07T10:57:38.952,radio://0/80/2M,flow,1,2,Scan,0.5089466571807861,0,0,0,0.0,0,0,0.0,0.0,38325,-2,0,5339,0.0131894052028656,-0.04200012981891632,-0.02500000037252903,-0.013299998827278614,295,347,1304,1318,2437,3.1671555042266846
2026-04-07T10:57:38.953,radio://0/80/2M,range,1,2,Scan,0.5089466571807861,0,0,0,0.0,0,0,0.0,0.0,38325,-2,0,5339,0.0131894052028656,-0.04200012981891632,-0.02500000037252903,-0.013299998827278614,250,367,1514,1479,2438,3.1671555042266846
2026-04-07T10:57:39.201,radio://0/80/2M,mission,1,2,Scan,0.5074470043182373,0,0,0,0.0,0,0,0.0,0.0,38325,-2,0,5339,0.0131894052028656,-0.04200012981891632,-0.02500000037252903,-0.013299998827278614,250,367,1514,1479,2438,3.1671555042266846
2026-04-07T10:57:39.202,radio://0/80/2M,flow,1,2,Scan,0.5074470043182373,0,0,0,0.0,0,0,0.0,0.0,38575,-1,-1,5672,0.037920739501714706,-0.03930281102657318,-0.03140000253915787,-0.011599999852478504,250,367,1514,1479,2438,3.1671555042266846
2026-04-07T10:57:39.204,radio://0/80/2M,range,1,2,Scan,0.5074470043182373,0,0,0,0.0,0,0,0.0,0.0,38575,-1,-1,5672,0.037920739501714706,-0.03930281102657318,-0.03140000253915787,-0.011599999852478504,186,384,32766,1695,2434,3.1671555042266846
2026-04-07T10:57:39.450,radio://0/80/2M,mission,1,2,Scan,0.5053128600120544,0,0,0,0.0,0,0,0.0,0.0,38575,-1,-1,5672,0.037920739501714706,-0.03930281102657318,-0.03140000253915787,-0.011599999852478504,186,384,32766,1695,2434,3.1671555042266846
2026-04-07T10:57:39.451,radio://0/80/2M,flow,1,2,Scan,0.5053128600120544,0,0,0,0.0,0,0,0.0,0.0,38825,0,-1,6026,0.03740689903497696,-0.011831380426883698,-0.03500000014901161,-0.009999999776482582,186,384,32766,1695,2434,3.1671555042266846
2026-04-07T10:57:39.453,radio://0/80/2M,range,1,2,Scan,0.5053128600120544,0,0,0,0.0,0,0,0.0,0.0,38825,0,-1,6026,0.03740689903497696,-0.011831380426883698,-0.03500000014901161,-0.009999999776482582,150,400,32766,1607,2437,3.1565983295440674
2026-04-07T10:57:39.700,radio://0/80/2M,mission,1,2,Scan,0.4987657964229584,0,0,0,0.0,0,0,0.0,0.0,38825,0,-1,6026,0.03740689903497696,-0.011831380426883698,-0.03500000014901161,-0.009999999776482582,150,400,32766,1607,2437,3.1565983295440674
2026-04-07T10:57:39.701,radio://0/80/2M,flow,1,2,Scan,0.4987657964229584,0,0,0,0.0,0,0,0.0,0.0,39075,-4,-1,5650,0.018584197387099266,0.018462495878338814,-0.03959999978542328,0.0,150,400,32766,1607,2437,3.1565983295440674
2026-04-07T10:57:39.703,radio://0/80/2M,range,1,2,Scan,0.4987657964229584,0,0,0,0.0,0,0,0.0,0.0,39075,-4,-1,5650,0.018584197387099266,0.018462495878338814,-0.03959999978542328,0.0,104,510,1817,1440,2446,3.161876916885376
2026-04-07T10:57:39.951,radio://0/80/2M,mission,1,2,Scan,0.49055030941963196,0,0,0,0.0,0,0,0.0,0.0,39075,-4,-1,5650,0.018584197387099266,0.018462495878338814,-0.03959999978542328,0.0,104,510,1817,1440,2446,3.161876916885376
2026-04-07T10:57:39.952,radio://0/80/2M,flow,1,2,Scan,0.49055030941963196,0,0,0,0.0,0,0,0.0,0.0,39325,-2,0,5297,-0.043200504034757614,0.017482396215200424,-0.04179999977350235,0.0,104,510,1817,1440,2446,3.161876916885376
2026-04-07T10:57:39.953,radio://0/80/2M,range,1,2,Scan,0.49055030941963196,0,0,0,0.0,0,0,0.0,0.0,39325,-2,0,5297,-0.043200504034757614,0.017482396215200424,-0.04179999977350235,0.0,82,964,1830,32766,2452,3.135483980178833
2026-04-07T10:57:40.199,radio://0/80/2M,mission,1,2,Scan,0.4841151833534241,0,0,0,0.0,0,0,0.0,0.0,39325,-2,0,5297,-0.043200504034757614,0.017482396215200424,-0.04179999977350235,0.0,82,964,1830,32766,2452,3.135483980178833
2026-04-07T10:57:40.201,radio://0/80/2M,flow,1,2,Scan,0.4841151833534241,0,0,0,0.0,0,0,0.0,0.0,39575,0,-1,4966,0.031708985567092896,0.02274242974817753,-0.04370000213384628,0.0,82,964,1830,32766,2452,3.135483980178833
2026-04-07T10:57:40.202,radio://0/80/2M,range,1,2,Scan,0.4841151833534241,0,0,0,0.0,0,0,0.0,0.0,39575,0,-1,4966,0.031708985567092896,0.02274242974817753,-0.04370000213384628,0.0,63,973,32766,32766,2406,3.14604115486145
2026-04-07T10:57:40.450,radio://0/80/2M,mission,1,2,Scan,0.4908391237258911,0,0,0,0.0,0,0,0.0,0.0,39575,0,-1,4966,0.031708985567092896,0.02274242974817753,-0.04370000213384628,0.0,63,973,32766,32766,2406,3.14604115486145
2026-04-07T10:57:40.451,radio://0/80/2M,flow,1,2,Scan,0.4908391237258911,0,0,0,0.0,0,0,0.0,0.0,39825,0,0,4966,-0.010877368040382862,-0.024579474702477455,-0.045899998396635056,0.0,63,973,32766,32766,2406,3.14604115486145
2026-04-07T10:57:40.452,radio://0/80/2M,range,1,2,Scan,0.4908391237258911,0,0,0,0.0,0,0,0.0,0.0,39825,0,0,4966,-0.010877368040382862,-0.024579474702477455,-0.045899998396635056,0.0,41,978,1805,32766,32766,3.14604115486145
2026-04-07T10:57:40.699,radio://0/80/2M,mission,1,2,Scan,0.5097708106040955,0,0,0,0.0,0,0,0.0,0.0,39825,0,0,4966,-0.010877368040382862,-0.024579474702477455,-0.045899998396635056,0.0,41,978,1805,32766,32766,3.14604115486145
2026-04-07T10:57:40.701,radio://0/80/2M,flow,1,2,Scan,0.5097708106040955,0,0,0,0.0,0,0,0.0,0.0,40075,0,0,4966,-0.03437526524066925,0.024943094700574875,-0.045099999755620956,0.03100000135600567,41,978,1805,32766,32766,3.14604115486145
2026-04-07T10:57:40.702,radio://0/80/2M,range,1,2,Scan,0.5097708106040955,0,0,0,0.0,0,0,0.0,0.0,40075,0,0,4966,-0.03437526524066925,0.024943094700574875,-0.045099999755620956,0.03100000135600567,49,982,190,32766,2330,3.1671555042266846
2026-04-07T10:57:40.949,radio://0/80/2M,mission,1,2,Scan,0.5107474327087402,0,0,0,0.0,0,0,0.0,0.0,40075,0,0,4966,-0.03437526524066925,0.024943094700574875,-0.045099999755620956,0.03100000135600567,49,982,190,32766,2330,3.1671555042266846
2026-04-07T10:57:40.951,radio://0/80/2M,flow,1,2,Scan,0.5107474327087402,0,0,0,0.0,0,0,0.0,0.0,40325,0,0,4966,-0.0614895336329937,0.07363069802522659,-0.04270000010728836,0.03869999945163727,49,982,190,32766,2330,3.1671555042266846
2026-04-07T10:57:40.952,radio://0/80/2M,range,1,2,Scan,0.5107474327087402,0,0,0,0.0,0,0,0.0,0.0,40325,0,0,4966,-0.0614895336329937,0.07363069802522659,-0.04270000010728836,0.03869999945163727,73,1066,113,1294,2369,3.14604115486145
2026-04-07T10:57:41.199,radio://0/80/2M,mission,1,2,Scan,0.5008733868598938,0,0,0,0.0,0,0,0.0,0.0,40325,0,0,4966,-0.0614895336329937,0.07363069802522659,-0.04270000010728836,0.03869999945163727,73,1066,113,1294,2369,3.14604115486145
2026-04-07T10:57:41.201,radio://0/80/2M,flow,1,2,Scan,0.5008733868598938,0,0,0,0.0,0,0,0.0,0.0,40575,-3,1,4966,-0.03537379950284958,0.03600849211215973,-0.04149999842047691,0.04110000282526016,73,1066,113,1294,2369,3.14604115486145
2026-04-07T10:57:41.202,radio://0/80/2M,range,1,2,Scan,0.5008733868598938,0,0,0,0.0,0,0,0.0,0.0,40575,-3,1,4966,-0.03537379950284958,0.03600849211215973,-0.04149999842047691,0.04110000282526016,85,1187,89,1513,2363,3.124926805496216
2026-04-07T10:57:41.449,radio://0/80/2M,mission,1,2,Scan,0.49005624651908875,0,0,0,0.0,0,0,0.0,0.0,40575,-3,1,4966,-0.03537379950284958,0.03600849211215973,-0.04149999842047691,0.04110000282526016,85,1187,89,1513,2363,3.124926805496216
2026-04-07T10:57:41.451,radio://0/80/2M,flow,1,2,Scan,0.49005624651908875,0,0,0,0.0,0,0,0.0,0.0,40825,0,0,4966,0.0029061390087008476,-0.0060315923765301704,-0.039400000125169754,0.04280000180006027,85,1187,89,1513,2363,3.124926805496216
2026-04-07T10:57:41.452,radio://0/80/2M,range,1,2,Scan,0.49005624651908875,0,0,0,0.0,0,0,0.0,0.0,40825,0,0,4966,0.0029061390087008476,-0.0060315923765301704,-0.039400000125169754,0.04280000180006027,106,1438,72,1707,2359,3.1196482181549072
2026-04-07T10:57:41.699,radio://0/80/2M,mission,1,2,Scan,0.48669716715812683,0,0,0,0.0,0,0,0.0,0.0,40825,0,0,4966,0.0029061390087008476,-0.0060315923765301704,-0.039400000125169754,0.04280000180006027,106,1438,72,1707,2359,3.1196482181549072
2026-04-07T10:57:41.700,radio://0/80/2M,flow,1,2,Scan,0.48669716715812683,0,0,0,0.0,0,0,0.0,0.0,41075,0,0,4656,-0.0096736466512084,-0.014012327417731285,-0.03529999777674675,0.04370000213384628,106,1438,72,1707,2359,3.1196482181549072
2026-04-07T10:57:41.702,radio://0/80/2M,range,1,2,Scan,0.48669716715812683,0,0,0,0.0,0,0,0.0,0.0,41075,0,0,4656,-0.0096736466512084,-0.014012327417731285,-0.03529999777674675,0.04370000213384628,147,1696,63,32766,2429,3.1407625675201416
2026-04-07T10:57:41.949,radio://0/80/2M,mission,1,2,Scan,0.49590256810188293,0,0,0,0.0,0,0,0.0,0.0,41075,0,0,4656,-0.0096736466512084,-0.014012327417731285,-0.03529999777674675,0.04370000213384628,147,1696,63,32766,2429,3.1407625675201416
2026-04-07T10:57:41.950,radio://0/80/2M,flow,1,2,Scan,0.49590256810188293,0,0,0,0.0,0,0,0.0,0.0,41325,-2,-3,4656,-0.04241001605987549,0.0042761750519275665,-0.029799997806549072,0.04530000314116478,147,1696,63,32766,2429,3.1407625675201416
2026-04-07T10:57:41.951,radio://0/80/2M,range,1,2,Scan,0.49590256810188293,0,0,0,0.0,0,0,0.0,0.0,41325,-2,-3,4656,-0.04241001605987549,0.0042761750519275665,-0.029799997806549072,0.04530000314116478,202,32766,47,1884,2418,3.14604115486145
2026-04-07T10:57:42.198,radio://0/80/2M,mission,1,2,Scan,0.5104897022247314,0,0,0,0.0,0,0,0.0,0.0,41325,-2,-3,4656,-0.04241001605987549,0.0042761750519275665,-0.029799997806549072,0.04530000314116478,202,32766,47,1884,2418,3.14604115486145
2026-04-07T10:57:42.200,radio://0/80/2M,flow,1,2,Scan,0.5104897022247314,0,0,0,0.0,0,0,0.0,0.0,41575,1,0,4656,-0.029976068064570427,0.004076511599123478,0.0,0.04620000347495079,202,32766,47,1884,2418,3.14604115486145
2026-04-07T10:57:42.201,radio://0/80/2M,range,1,2,Scan,0.5104897022247314,0,0,0,0.0,0,0,0.0,0.0,41575,1,0,4656,-0.029976068064570427,0.004076511599123478,0.0,0.04620000347495079,857,32766,38,1931,2337,3.172434091567993
2026-04-07T10:57:42.448,radio://0/80/2M,mission,1,2,Scan,0.510130763053894,0,0,0,0.0,0,0,0.0,0.0,41575,1,0,4656,-0.029976068064570427,0.004076511599123478,0.0,0.04620000347495079,857,32766,38,1931,2337,3.172434091567993
2026-04-07T10:57:42.449,radio://0/80/2M,flow,1,2,Scan,0.510130763053894,0,0,0,0.0,0,0,0.0,0.0,41825,0,0,4365,-0.03491149842739105,0.03129727393388748,0.0,0.04729999974370003,857,32766,38,1931,2337,3.172434091567993
2026-04-07T10:57:42.450,radio://0/80/2M,range,1,2,Scan,0.510130763053894,0,0,0,0.0,0,0,0.0,0.0,41825,0,0,4365,-0.03491149842739105,0.03129727393388748,0.0,0.04729999974370003,865,32766,27,32766,32766,3.1407625675201416
2026-04-07T10:57:42.698,radio://0/80/2M,mission,1,2,Scan,0.49959680438041687,0,0,0,0.0,0,0,0.0,0.0,41825,0,0,4365,-0.03491149842739105,0.03129727393388748,0.0,0.04729999974370003,865,32766,27,32766,32766,3.1407625675201416
2026-04-07T10:57:42.699,radio://0/80/2M,flow,1,2,Scan,0.49959680438041687,0,0,0,0.0,0,0,0.0,0.0,42075,-1,1,4365,-0.011166512966156006,0.04561353102326393,0.03200000151991844,0.04610000178217888,865,32766,27,32766,32766,3.1407625675201416
2026-04-07T10:57:42.700,radio://0/80/2M,range,1,2,Scan,0.49959680438041687,0,0,0,0.0,0,0,0.0,0.0,42075,-1,1,4365,-0.011166512966156006,0.04561353102326393,0.03200000151991844,0.04610000178217888,825,32766,39,180,2334,3.1302053928375244
2026-04-07T10:57:42.947,radio://0/80/2M,mission,1,2,Scan,0.49971330165863037,0,0,0,0.0,0,0,0.0,0.0,42075,-1,1,4365,-0.011166512966156006,0.04561353102326393,0.03200000151991844,0.04610000178217888,825,32766,39,180,2334,3.1302053928375244
2026-04-07T10:57:42.948,radio://0/80/2M,flow,1,2,Scan,0.49971330165863037,0,0,0,0.0,0,0,0.0,0.0,42325,0,0,4365,-0.055736102163791656,0.07245780527591705,0.038100000470876694,0.043800000101327896,825,32766,39,180,2334,3.1302053928375244
2026-04-07T10:57:42.949,radio://0/80/2M,range,1,2,Scan,0.49971330165863037,0,0,0,0.0,0,0,0.0,0.0,42325,0,0,4365,-0.055736102163791656,0.07245780527591705,0.038100000470876694,0.043800000101327896,829,32766,62,119,2410,3.1407625675201416
2026-04-07T10:57:43.198,radio://0/80/2M,mission,1,2,Scan,0.5085128545761108,0,0,0,0.0,0,0,0.0,0.0,42325,0,0,4365,-0.055736102163791656,0.07245780527591705,0.038100000470876694,0.043800000101327896,829,32766,62,119,2410,3.1407625675201416
2026-04-07T10:57:43.199,radio://0/80/2M,flow,1,2,Scan,0.5085128545761108,0,0,0,0.0,0,0,0.0,0.0,42575,0,-2,4365,-0.09857510775327682,0.11551717668771744,0.03840000182390213,0.04179999977350235,829,32766,62,119,2410,3.1407625675201416
2026-04-07T10:57:43.200,radio://0/80/2M,range,1,2,Scan,0.5085128545761108,0,0,0,0.0,0,0,0.0,0.0,42575,0,-2,4365,-0.09857510775327682,0.11551717668771744,0.03840000182390213,0.04179999977350235,851,1435,82,116,2430,3.1671555042266846
2026-04-07T10:57:43.447,radio://0/80/2M,mission,1,2,Scan,0.504463791847229,0,0,0,0.0,0,0,0.0,0.0,42575,0,-2,4365,-0.09857510775327682,0.11551717668771744,0.03840000182390213,0.04179999977350235,851,1435,82,116,2430,3.1671555042266846
2026-04-07T10:57:43.449,radio://0/80/2M,flow,1,2,Scan,0.504463791847229,0,0,0,0.0,0,0,0.0,0.0,42825,0,-4,4093,-0.08589771389961243,0.09323462098836899,0.03680000081658363,0.03629999980330467,851,1435,82,116,2430,3.1671555042266846
2026-04-07T10:57:43.450,radio://0/80/2M,range,1,2,Scan,0.504463791847229,0,0,0,0.0,0,0,0.0,0.0,42825,0,-4,4093,-0.08589771389961243,0.09323462098836899,0.03680000081658363,0.03629999980330467,859,1483,137,132,2434,3.14604115486145
2026-04-07T10:57:43.697,radio://0/80/2M,mission,1,2,Scan,0.5023024678230286,0,0,0,0.0,0,0,0.0,0.0,42825,0,-4,4093,-0.08589771389961243,0.09323462098836899,0.03680000081658363,0.03629999980330467,859,1483,137,132,2434,3.14604115486145
2026-04-07T10:57:43.698,radio://0/80/2M,flow,1,2,Scan,0.5023024678230286,0,0,0,0.0,0,0,0.0,0.0,43075,0,0,4093,-0.06542378664016724,0.061451446264982224,0.035600002855062485,0.03140000253915787,859,1483,137,132,2434,3.14604115486145
2026-04-07T10:57:43.699,radio://0/80/2M,range,1,2,Scan,0.5023024678230286,0,0,0,0.0,0,0,0.0,0.0,43075,0,0,4093,-0.06542378664016724,0.061451446264982224,0.035600002855062485,0.03140000253915787,980,1606,186,144,2447,3.1565983295440674
2026-04-07T10:57:43.947,radio://0/80/2M,mission,1,2,Scan,0.5019095540046692,0,0,0,0.0,0,0,0.0,0.0,43075,0,0,4093,-0.06542378664016724,0.061451446264982224,0.035600002855062485,0.03140000253915787,980,1606,186,144,2447,3.1565983295440674
2026-04-07T10:57:43.948,radio://0/80/2M,flow,1,2,Scan,0.5019095540046692,0,0,0,0.0,0,0,0.0,0.0,43325,0,0,4093,-0.0774938091635704,0.05934999883174896,0.034299999475479126,0.016999999061226845,980,1606,186,144,2447,3.1565983295440674
2026-04-07T10:57:43.949,radio://0/80/2M,range,1,2,Scan,0.5019095540046692,0,0,0,0.0,0,0,0.0,0.0,43325,0,0,4093,-0.0774938091635704,0.05934999883174896,0.034299999475479126,0.016999999061226845,1143,32766,330,157,2440,3.14604115486145
2026-04-07T10:57:44.197,radio://0/80/2M,mission,1,2,Scan,0.5061850547790527,0,0,0,0.0,0,0,0.0,0.0,43325,0,0,4093,-0.0774938091635704,0.05934999883174896,0.034299999475479126,0.016999999061226845,1143,32766,330,157,2440,3.14604115486145
2026-04-07T10:57:44.199,radio://0/80/2M,flow,1,2,Scan,0.5061850547790527,0,0,0,0.0,0,0,0.0,0.0,43575,-2,0,4093,-0.03811599686741829,0.022844893857836723,0.03150000050663948,0.0,1143,32766,330,157,2440,3.14604115486145
2026-04-07T10:57:44.200,radio://0/80/2M,range,1,2,Scan,0.5061850547790527,0,0,0,0.0,0,0,0.0,0.0,43575,-2,0,4093,-0.03811599686741829,0.022844893857836723,0.03150000050663948,0.0,32766,32766,590,185,2437,3.1565983295440674
2026-04-07T10:57:44.446,radio://0/80/2M,mission,1,2,Scan,0.5030547380447388,0,0,0,0.0,0,0,0.0,0.0,43575,-2,0,4093,-0.03811599686741829,0.022844893857836723,0.03150000050663948,0.0,32766,32766,590,185,2437,3.1565983295440674
2026-04-07T10:57:44.447,radio://0/80/2M,flow,1,2,Scan,0.5030547380447388,0,0,0,0.0,0,0,0.0,0.0,43825,-3,2,4093,-0.02490638755261898,-0.009800394997000694,0.02900000289082527,0.0,32766,32766,590,185,2437,3.1565983295440674
2026-04-07T10:57:44.448,radio://0/80/2M,range,1,2,Scan,0.5030547380447388,0,0,0,0.0,0,0,0.0,0.0,43825,-3,2,4093,-0.02490638755261898,-0.009800394997000694,0.02900000289082527,0.0,32766,32766,603,210,2430,3.1407625675201416
2026-04-07T10:57:44.697,radio://0/80/2M,mission,1,2,Scan,0.4981485605239868,0,0,0,0.0,0,0,0.0,0.0,43825,-3,2,4093,-0.02490638755261898,-0.009800394997000694,0.02900000289082527,0.0,32766,32766,603,210,2430,3.1407625675201416
2026-04-07T10:57:44.698,radio://0/80/2M,flow,1,2,Scan,0.4981485605239868,0,0,0,0.0,0,0,0.0,0.0,44075,0,-1,3823,-0.0031162495724856853,0.004242618568241596,0.02369999885559082,0.0,32766,32766,603,210,2430,3.1407625675201416
2026-04-07T10:57:44.699,radio://0/80/2M,range,1,2,Scan,0.4981485605239868,0,0,0,0.0,0,0,0.0,0.0,44075,0,-1,3823,-0.0031162495724856853,0.004242618568241596,0.02369999885559082,0.0,32766,32766,581,263,2443,3.14604115486145
2026-04-07T10:57:44.945,radio://0/80/2M,mission,1,2,Scan,0.4955057203769684,0,0,0,0.0,0,0,0.0,0.0,44075,0,-1,3823,-0.0031162495724856853,0.004242618568241596,0.02369999885559082,0.0,32766,32766,581,263,2443,3.14604115486145
2026-04-07T10:57:44.947,radio://0/80/2M,flow,1,2,Scan,0.4955057203769684,0,0,0,0.0,0,0,0.0,0.0,44325,9,0,3823,0.013939911499619484,0.012333329766988754,0.017100000753998756,0.0,32766,32766,581,263,2443,3.14604115486145
2026-04-07T10:57:44.948,radio://0/80/2M,range,1,2,Scan,0.4955057203769684,0,0,0,0.0,0,0,0.0,0.0,44325,9,0,3823,0.013939911499619484,0.012333329766988754,0.017100000753998756,0.0,32766,2287,557,329,2447,3.135483980178833
2026-04-07T10:57:45.195,radio://0/80/2M,mission,1,2,Scan,0.4951576888561249,0,0,0,0.0,0,0,0.0,0.0,44325,9,0,3823,0.013939911499619484,0.012333329766988754,0.017100000753998756,0.0,32766,2287,557,329,2447,3.135483980178833
2026-04-07T10:57:45.197,radio://0/80/2M,flow,1,2,Scan,0.4951576888561249,0,0,0,0.0,0,0,0.0,0.0,44575,0,-10,3823,-0.001184942782856524,-0.04492342472076416,0.003999999258667231,0.0,32766,2287,557,329,2447,3.135483980178833
2026-04-07T10:57:45.198,radio://0/80/2M,range,1,2,Scan,0.4951576888561249,0,0,0,0.0,0,0,0.0,0.0,44575,0,-10,3823,-0.001184942782856524,-0.04492342472076416,0.003999999258667231,0.0,32766,2290,556,460,2438,3.14604115486145
2026-04-07T10:57:45.446,radio://0/80/2M,mission,1,2,Scan,0.4935159385204315,0,0,0,0.0,0,0,0.0,0.0,44575,0,-10,3823,-0.001184942782856524,-0.04492342472076416,0.003999999258667231,0.0,32766,2290,556,460,2438,3.14604115486145
2026-04-07T10:57:45.448,radio://0/80/2M,flow,1,2,Scan,0.4935159385204315,0,0,0,0.0,0,0,0.0,0.0,44825,8,-2,3823,-0.09982798248529434,0.013718676753342152,0.0,0.0,32766,2290,556,460,2438,3.14604115486145
2026-04-07T10:57:45.449,radio://0/80/2M,range,1,2,Scan,0.4935159385204315,0,0,0,0.0,0,0,0.0,0.0,44825,8,-2,3823,-0.09982798248529434,0.013718676753342152,0.0,0.0,32766,32766,577,586,2439,3.135483980178833
2026-04-07T10:57:45.695,radio://0/80/2M,mission,1,2,Scan,0.499943345785141,0,0,0,0.0,0,0,0.0,0.0,44825,8,-2,3823,-0.09982798248529434,0.013718676753342152,0.0,0.0,32766,32766,577,586,2439,3.135483980178833
2026-04-07T10:57:45.696,radio://0/80/2M,flow,1,2,Scan,0.499943345785141,0,0,0,0.0,0,0,0.0,0.0,45075,8,0,4583,-0.13519281148910522,0.09332288801670074,0.0,0.0,32766,32766,577,586,2439,3.135483980178833
2026-04-07T10:57:45.698,radio://0/80/2M,range,1,2,Scan,0.499943345785141,0,0,0,0.0,0,0,0.0,0.0,45075,8,0,4583,-0.13519281148910522,0.09332288801670074,0.0,0.0,32766,32766,598,829,2440,3.1565983295440674
2026-04-07T10:57:45.945,radio://0/80/2M,mission,1,2,Scan,0.5014626383781433,0,0,0,0.0,0,0,0.0,0.0,45075,8,0,4583,-0.13519281148910522,0.09332288801670074,0.0,0.0,32766,32766,598,829,2440,3.1565983295440674
2026-04-07T10:57:45.946,radio://0/80/2M,flow,1,2,Scan,0.5014626383781433,0,0,0,0.0,0,0,0.0,0.0,45325,-8,1,5839,-0.00023481639800593257,0.016740215942263603,0.0,0.0,32766,32766,598,829,2440,3.1565983295440674
2026-04-07T10:57:45.948,radio://0/80/2M,range,1,2,Scan,0.5014626383781433,0,0,0,0.0,0,0,0.0,0.0,45325,-8,1,5839,-0.00023481639800593257,0.016740215942263603,0.0,0.0,1311,32766,689,801,2449,3.135483980178833
2026-04-07T10:57:46.195,radio://0/80/2M,mission,1,2,Scan,0.49788957834243774,0,0,0,0.0,0,0,0.0,0.0,45325,-8,1,5839,-0.00023481639800593257,0.016740215942263603,0.0,0.0,1311,32766,689,801,2449,3.135483980178833
2026-04-07T10:57:46.197,radio://0/80/2M,flow,1,2,Scan,0.49788957834243774,0,0,0,0.0,0,0,0.0,0.0,45575,1,2,6203,0.006287071388214827,0.011478409171104431,0.0,0.0,1311,32766,689,801,2449,3.135483980178833
2026-04-07T10:57:46.198,radio://0/80/2M,range,1,2,Scan,0.49788957834243774,0,0,0,0.0,0,0,0.0,0.0,45575,1,2,6203,0.006287071388214827,0.011478409171104431,0.0,0.0,1137,911,784,644,2436,3.1407625675201416
2026-04-07T10:57:46.445,radio://0/80/2M,mission,1,2,Scan,0.4974251985549927,0,0,0,0.0,0,0,0.0,0.0,45575,1,2,6203,0.006287071388214827,0.011478409171104431,0.0,0.0,1137,911,784,644,2436,3.1407625675201416
2026-04-07T10:57:46.446,radio://0/80/2M,flow,1,2,Scan,0.4974251985549927,0,0,0,0.0,0,0,0.0,0.0,45825,0,-1,6590,0.012293650768697262,0.002044256776571274,0.0,0.0,1137,911,784,644,2436,3.1407625675201416
2026-04-07T10:57:46.447,radio://0/80/2M,range,1,2,Scan,0.4974251985549927,0,0,0,0.0,0,0,0.0,0.0,45825,0,-1,6590,0.012293650768697262,0.002044256776571274,0.0,0.0,1045,871,1068,613,2441,3.1302053928375244
2026-04-07T10:57:46.694,radio://0/80/2M,mission,1,2,Scan,0.49850893020629883,0,0,0,0.0,0,0,0.0,0.0,45825,0,-1,6590,0.012293650768697262,0.002044256776571274,0.0,0.0,1045,871,1068,613,2441,3.1302053928375244
2026-04-07T10:57:46.695,radio://0/80/2M,flow,1,2,Scan,0.49850893020629883,0,0,0,0.0,0,0,0.0,0.0,46075,1,2,6590,0.009232389740645885,0.01137789711356163,0.0,0.0,1045,871,1068,613,2441,3.1302053928375244
2026-04-07T10:57:46.696,radio://0/80/2M,range,1,2,Scan,0.49850893020629883,0,0,0,0.0,0,0,0.0,0.0,46075,1,2,6590,0.009232389740645885,0.01137789711356163,0.0,0.0,1000,863,32766,608,2431,3.14604115486145
2026-04-07T10:57:46.945,radio://0/80/2M,mission,1,2,Scan,0.5001562237739563,0,0,0,0.0,0,0,0.0,0.0,46075,1,2,6590,0.009232389740645885,0.01137789711356163,0.0,0.0,1000,863,32766,608,2431,3.14604115486145
2026-04-07T10:57:46.946,radio://0/80/2M,flow,1,2,Scan,0.5001562237739563,0,0,0,0.0,0,0,0.0,0.0,46325,-3,1,6590,0.00974438339471817,0.003608123632147908,0.0,0.0,1000,863,32766,608,2431,3.14604115486145
2026-04-07T10:57:46.947,radio://0/80/2M,range,1,2,Scan,0.5001562237739563,0,0,0,0.0,0,0,0.0,0.0,46325,-3,1,6590,0.00974438339471817,0.003608123632147908,0.0,0.0,1498,886,885,643,2436,3.135483980178833
2026-04-07T10:57:47.194,radio://0/80/2M,mission,1,2,Scan,0.4989408254623413,0,0,0,0.0,0,0,0.0,0.0,46325,-3,1,6590,0.00974438339471817,0.003608123632147908,0.0,0.0,1498,886,885,643,2436,3.135483980178833
2026-04-07T10:57:47.195,radio://0/80/2M,flow,1,2,Scan,0.4989408254623413,0,0,0,0.0,0,0,0.0,0.0,46575,0,-2,5431,-0.0208762064576149,0.00046173034934327006,0.0,0.0,1498,886,885,643,2436,3.135483980178833
2026-04-07T10:57:47.197,radio://0/80/2M,range,1,2,Scan,0.4989408254623413,0,0,0,0.0,0,0,0.0,0.0,46575,0,-2,5431,-0.0208762064576149,0.00046173034934327006,0.0,0.0,32766,917,32766,713,2435,3.1407625675201416
2026-04-07T10:57:47.444,radio://0/80/2M,mission,1,2,Scan,0.4964066445827484,0,0,0,0.0,0,0,0.0,0.0,46575,0,-2,5431,-0.0208762064576149,0.00046173034934327006,0.0,0.0,32766,917,32766,713,2435,3.1407625675201416
2026-04-07T10:57:47.445,radio://0/80/2M,flow,1,2,Scan,0.4964066445827484,0,0,0,0.0,0,0,0.0,0.0,46825,-12,21,4197,0.03435346856713295,0.059209194034338,0.0,0.0,32766,917,32766,713,2435,3.1407625675201416
2026-04-07T10:57:47.447,radio://0/80/2M,range,1,2,Scan,0.4964066445827484,0,0,0,0.0,0,0,0.0,0.0,46825,-12,21,4197,0.03435346856713295,0.059209194034338,0.0,0.0,32766,989,32766,794,2444,3.124926805496216
2026-04-07T10:57:47.694,radio://0/80/2M,mission,1,2,Scan,0.4943511486053467,0,0,0,0.0,0,0,0.0,0.0,46825,-12,21,4197,0.03435346856713295,0.059209194034338,0.0,0.0,32766,989,32766,794,2444,3.124926805496216
2026-04-07T10:57:47.695,radio://0/80/2M,flow,1,2,Scan,0.4943511486053467,0,0,0,0.0,0,0,0.0,0.0,47075,7,-6,3935,-0.1017841324210167,-0.1551009863615036,0.0,0.0,32766,989,32766,794,2444,3.124926805496216
2026-04-07T10:57:47.696,radio://0/80/2M,range,1,2,Scan,0.4943511486053467,0,0,0,0.0,0,0,0.0,0.0,47075,7,-6,3935,-0.1017841324210167,-0.1551009863615036,0.0,0.0,32766,1056,32766,972,2453,3.135483980178833
2026-04-07T10:57:47.943,radio://0/80/2M,mission,1,2,Scan,0.5024665594100952,0,0,0,0.0,0,0,0.0,0.0,47075,7,-6,3935,-0.1017841324210167,-0.1551009863615036,0.0,0.0,32766,1056,32766,972,2453,3.135483980178833
2026-04-07T10:57:47.945,radio://0/80/2M,flow,1,2,Scan,0.5024665594100952,0,0,0,0.0,0,0,0.0,0.0,47325,0,-1,3935,-0.05034482106566429,-0.16216391324996948,0.0,0.0,32766,1056,32766,972,2453,3.135483980178833
2026-04-07T10:57:47.946,radio://0/80/2M,range,1,2,Scan,0.5024665594100952,0,0,0,0.0,0,0,0.0,0.0,47325,0,-1,3935,-0.05034482106566429,-0.16216391324996948,0.0,0.0,32766,1195,32766,1121,2448,3.135483980178833
2026-04-07T10:57:48.192,radio://0/80/2M,mission,1,2,Scan,0.5006312131881714,0,0,0,0.0,0,0,0.0,0.0,47325,0,-1,3935,-0.05034482106566429,-0.16216391324996948,0.0,0.0,32766,1195,32766,1121,2448,3.135483980178833
2026-04-07T10:57:48.194,radio://0/80/2M,flow,1,2,Scan,0.5006312131881714,0,0,0,0.0,0,0,0.0,0.0,47575,1,0,3935,0.007716210093349218,-0.10343167185783386,0.0,0.0,32766,1195,32766,1121,2448,3.135483980178833
2026-04-07T10:57:48.195,radio://0/80/2M,range,1,2,Scan,0.5006312131881714,0,0,0,0.0,0,0,0.0,0.0,47575,1,0,3935,0.007716210093349218,-0.10343167185783386,0.0,0.0,32766,1298,603,1350,2445,3.135483980178833
2026-04-07T10:57:48.443,radio://0/80/2M,mission,1,5,Transition,0.4973468482494354,0,0,0,0.0,0,0,0.0,0.0,47575,1,0,3935,0.007716210093349218,-0.10343167185783386,0.0,0.0,32766,1298,603,1350,2445,3.135483980178833
2026-04-07T10:57:48.445,radio://0/80/2M,flow,1,5,Transition,0.4973468482494354,0,0,0,0.0,0,0,0.0,0.0,47825,1,0,3935,0.012379176914691925,-0.04388921707868576,0.0,0.013738798908889294,32766,1298,603,1350,2445,3.135483980178833
2026-04-07T10:57:48.446,radio://0/80/2M,range,1,5,Transition,0.4973468482494354,0,0,0,0.0,0,0,0.0,0.0,47825,1,0,3935,0.012379176914691925,-0.04388921707868576,0.0,0.013738798908889294,32766,1522,393,32766,2452,3.124926805496216
2026-04-07T10:57:48.693,radio://0/80/2M,mission,1,5,Transition,0.5022345185279846,0,0,0,0.0,0,0,0.0,0.0,47825,1,0,3935,0.012379176914691925,-0.04388921707868576,0.0,0.013738798908889294,32766,1522,393,32766,2452,3.124926805496216
2026-04-07T10:57:48.694,radio://0/80/2M,flow,1,5,Transition,0.5022345185279846,0,0,0,0.0,0,0,0.0,0.0,48075,3,-2,3935,0.007287553045898676,-0.03109196573495865,0.0,0.03633119910955429,32766,1522,393,32766,2452,3.124926805496216
2026-04-07T10:57:48.695,radio://0/80/2M,range,1,5,Transition,0.5022345185279846,0,0,0,0.0,0,0,0.0,0.0,48075,3,-2,3935,0.007287553045898676,-0.03109196573495865,0.0,0.03633119910955429,32766,1564,326,791,2463,3.1407625675201416
2026-04-07T10:57:48.944,radio://0/80/2M,mission,1,0,Reacquire Wall,0.5027362108230591,0,0,0,0.0,0,0,0.0,0.0,48075,3,-2,3935,0.007287553045898676,-0.03109196573495865,0.0,0.03633119910955429,32766,1564,326,791,2463,3.1407625675201416
2026-04-07T10:57:48.945,radio://0/80/2M,flow,1,0,Reacquire Wall,0.5027362108230591,0,0,0,0.0,0,0,0.0,0.0,48325,-1,-1,3935,0.060271408408880234,0.00452192360535264,0.11640000343322754,0.052417200058698654,32766,1564,326,791,2463,3.1407625675201416
2026-04-07T10:57:48.946,radio://0/80/2M,range,1,0,Reacquire Wall,0.5027362108230591,0,0,0,0.0,0,0,0.0,0.0,48325,-1,-1,3935,0.060271408408880234,0.00452192360535264,0.11640000343322754,0.052417200058698654,32766,1549,291,750,2457,3.1302053928375244
2026-04-07T10:57:49.194,radio://0/80/2M,mission,1,0,Reacquire Wall,0.4996458888053894,0,0,0,0.0,0,0,0.0,0.0,48325,-1,-1,3935,0.060271408408880234,0.00452192360535264,0.11640000343322754,0.052417200058698654,32766,1549,291,750,2457,3.1302053928375244
2026-04-07T10:57:49.195,radio://0/80/2M,flow,1,0,Reacquire Wall,0.4996458888053894,0,0,0,0.0,0,0,0.0,0.0,48575,-4,0,3935,0.16312077641487122,0.0035493900068104267,0.12079999595880508,0.04704480990767479,32766,1549,291,750,2457,3.1302053928375244
2026-04-07T10:57:49.196,radio://0/80/2M,range,1,0,Reacquire Wall,0.4996458888053894,0,0,0,0.0,0,0,0.0,0.0,48575,-4,0,3935,0.16312077641487122,0.0035493900068104267,0.12079999595880508,0.04704480990767479,32766,1538,302,747,2455,3.135483980178833
2026-04-07T10:57:49.442,radio://0/80/2M,mission,1,0,Reacquire Wall,0.4967731237411499,0,0,0,0.0,0,0,0.0,0.0,48575,-4,0,3935,0.16312077641487122,0.0035493900068104267,0.12079999595880508,0.04704480990767479,32766,1538,302,747,2455,3.135483980178833
2026-04-07T10:57:49.444,radio://0/80/2M,flow,1,0,Reacquire Wall,0.4967731237411499,0,0,0,0.0,0,0,0.0,0.0,48825,-3,0,3935,0.14871983230113983,-0.06821990758180618,0.1388000100851059,0.02809080109000206,32766,1538,302,747,2455,3.135483980178833
2026-04-07T10:57:49.445,radio://0/80/2M,range,1,0,Reacquire Wall,0.4967731237411499,0,0,0,0.0,0,0,0.0,0.0,48825,-3,0,3935,0.14871983230113983,-0.06821990758180618,0.1388000100851059,0.02809080109000206,32766,1509,347,759,2468,3.124926805496216
2026-04-07T10:57:49.692,radio://0/80/2M,mission,1,0,Reacquire Wall,0.49216917157173157,0,0,0,0.0,0,0,0.0,0.0,48825,-3,0,3935,0.14871983230113983,-0.06821990758180618,0.1388000100851059,0.02809080109000206,32766,1509,347,759,2468,3.124926805496216
2026-04-07T10:57:49.693,radio://0/80/2M,flow,1,0,Reacquire Wall,0.49216917157173157,0,0,0,0.0,0,0,0.0,0.0,49075,0,0,3935,0.11071517318487167,-0.1112266257405281,0.1632000058889389,0.010156801901757717,32766,1509,347,759,2468,3.124926805496216
2026-04-07T10:57:49.694,radio://0/80/2M,range,1,0,Reacquire Wall,0.49216917157173157,0,0,0,0.0,0,0,0.0,0.0,49075,0,0,3935,0.11071517318487167,-0.1112266257405281,0.1632000058889389,0.010156801901757717,32766,1508,408,831,2455,3.124926805496216
2026-04-07T10:57:49.942,radio://0/80/2M,mission,1,0,Reacquire Wall,0.48955094814300537,0,0,0,0.0,0,0,0.0,0.0,49075,0,0,3935,0.11071517318487167,-0.1112266257405281,0.1632000058889389,0.010156801901757717,32766,1508,408,831,2455,3.124926805496216
2026-04-07T10:57:49.943,radio://0/80/2M,flow,1,0,Reacquire Wall,0.48955094814300537,0,0,0,0.0,0,0,0.0,0.0,49325,0,0,3935,0.10722169280052185,-0.12121901661157608,0.1979999989271164,2.9999942853464745e-05,32766,1508,408,831,2455,3.124926805496216
2026-04-07T10:57:49.944,radio://0/80/2M,range,1,0,Reacquire Wall,0.48955094814300537,0,0,0,0.0,0,0,0.0,0.0,49325,0,0,3935,0.10722169280052185,-0.12121901661157608,0.1979999989271164,2.9999942853464745e-05,32766,1483,495,894,2486,3.1196482181549072
2026-04-07T10:57:50.192,radio://0/80/2M,mission,1,0,Reacquire Wall,0.4938277304172516,0,0,0,0.0,0,0,0.0,0.0,49325,0,0,3935,0.10722169280052185,-0.12121901661157608,0.1979999989271164,2.9999942853464745e-05,32766,1483,495,894,2486,3.1196482181549072
2026-04-07T10:57:50.193,radio://0/80/2M,flow,1,0,Reacquire Wall,0.4938277304172516,0,0,0,0.0,0,0,0.0,0.0,49575,1,0,3935,0.10961369425058365,-0.15503546595573425,0.20000000298023224,0.0,32766,1483,495,894,2486,3.1196482181549072
2026-04-07T10:57:50.195,radio://0/80/2M,range,1,0,Reacquire Wall,0.4938277304172516,0,0,0,0.0,0,0,0.0,0.0,49575,1,0,3935,0.10961369425058365,-0.15503546595573425,0.20000000298023224,0.0,32766,1462,548,992,32766,3.135483980178833
2026-04-07T10:57:50.442,radio://0/80/2M,mission,1,0,Reacquire Wall,0.49505025148391724,0,0,0,0.0,0,0,0.0,0.0,49575,1,0,3935,0.10961369425058365,-0.15503546595573425,0.20000000298023224,0.0,32766,1462,548,992,32766,3.135483980178833
2026-04-07T10:57:50.443,radio://0/80/2M,flow,1,0,Reacquire Wall,0.49505025148391724,0,0,0,0.0,0,0,0.0,0.0,49825,-1,0,3935,0.1305188685655594,-0.16047705709934235,0.20000000298023224,0.0,32766,1462,548,992,32766,3.135483980178833
2026-04-07T10:57:50.444,radio://0/80/2M,range,1,0,Reacquire Wall,0.49505025148391724,0,0,0,0.0,0,0,0.0,0.0,49825,-1,0,3935,0.1305188685655594,-0.16047705709934235,0.20000000298023224,0.0,32766,1404,639,32766,2470,3.124926805496216
2026-04-07T10:57:50.692,radio://0/80/2M,mission,1,0,Reacquire Wall,0.4997193515300751,0,0,0,0.0,0,0,0.0,0.0,49825,-1,0,3935,0.1305188685655594,-0.16047705709934235,0.20000000298023224,0.0,32766,1404,639,32766,2470,3.124926805496216
2026-04-07T10:57:50.693,radio://0/80/2M,flow,1,0,Reacquire Wall,0.4997193515300751,0,0,0,0.0,0,0,0.0,0.0,50075,-11,-11,3935,0.17463286221027374,-0.12172358483076096,0.20000000298023224,0.0,32766,1404,639,32766,2470,3.124926805496216
2026-04-07T10:57:50.695,radio://0/80/2M,range,1,0,Reacquire Wall,0.4997193515300751,0,0,0,0.0,0,0,0.0,0.0,50075,-11,-11,3935,0.17463286221027374,-0.12172358483076096,0.20000000298023224,0.0,32766,1359,714,1068,32766,3.135483980178833
2026-04-07T10:57:50.941,radio://0/80/2M,mission,1,0,Reacquire Wall,0.4985884428024292,0,0,0,0.0,0,0,0.0,0.0,50075,-11,-11,3935,0.17463286221027374,-0.12172358483076096,0.20000000298023224,0.0,32766,1359,714,1068,32766,3.135483980178833
2026-04-07T10:57:50.943,radio://0/80/2M,flow,1,0,Reacquire Wall,0.4985884428024292,0,0,0,0.0,0,0,0.0,0.0,50325,0,0,3935,0.19439595937728882,-0.11932779103517532,0.20000000298023224,0.0,32766,1359,714,1068,32766,3.135483980178833
2026-04-07T10:57:50.944,radio://0/80/2M,range,1,0,Reacquire Wall,0.4985884428024292,0,0,0,0.0,0,0,0.0,0.0,50325,0,0,3935,0.19439595937728882,-0.11932779103517532,0.20000000298023224,0.0,32766,1302,807,32766,32766,3.1196482181549072
2026-04-07T10:57:51.191,radio://0/80/2M,mission,1,0,Reacquire Wall,0.5012971758842468,0,0,0,0.0,0,0,0.0,0.0,50325,0,0,3935,0.19439595937728882,-0.11932779103517532,0.20000000298023224,0.0,32766,1302,807,32766,32766,3.1196482181549072
2026-04-07T10:57:51.193,radio://0/80/2M,flow,1,0,Reacquire Wall,0.5012971758842468,0,0,0,0.0,0,0,0.0,0.0,50575,0,0,4180,0.14851832389831543,-0.1231321394443512,0.20000000298023224,0.0,32766,1302,807,32766,32766,3.1196482181549072
2026-04-07T10:57:51.194,radio://0/80/2M,range,1,0,Reacquire Wall,0.5012971758842468,0,0,0,0.0,0,0,0.0,0.0,50575,0,0,4180,0.14851832389831543,-0.1231321394443512,0.20000000298023224,0.0,32766,1211,840,32766,2398,3.135483980178833
2026-04-07T10:57:51.441,radio://0/80/2M,mission,1,0,Reacquire Wall,0.5056048035621643,0,0,0,0.0,0,0,0.0,0.0,50575,0,0,4180,0.14851832389831543,-0.1231321394443512,0.20000000298023224,0.0,32766,1211,840,32766,2398,3.135483980178833
2026-04-07T10:57:51.443,radio://0/80/2M,flow,1,0,Reacquire Wall,0.5056048035621643,0,0,0,0.0,0,0,0.0,0.0,50825,-1,0,4180,0.13520297408103943,-0.1436060070991516,0.20000000298023224,0.0,32766,1211,840,32766,2398,3.135483980178833
2026-04-07T10:57:51.444,radio://0/80/2M,range,1,0,Reacquire Wall,0.5056048035621643,0,0,0,0.0,0,0,0.0,0.0,50825,-1,0,4180,0.13520297408103943,-0.1436060070991516,0.20000000298023224,0.0,32766,1094,892,32766,2422,3.1302053928375244
2026-04-07T10:57:51.690,radio://0/80/2M,mission,1,0,Reacquire Wall,0.5100839734077454,0,0,0,0.0,0,0,0.0,0.0,50825,-1,0,4180,0.13520297408103943,-0.1436060070991516,0.20000000298023224,0.0,32766,1094,892,32766,2422,3.1302053928375244
2026-04-07T10:57:51.692,radio://0/80/2M,flow,1,0,Reacquire Wall,0.5100839734077454,0,0,0,0.0,0,0,0.0,0.0,51075,0,-3,4441,0.15315203368663788,-0.13406534492969513,0.20000000298023224,0.0,32766,1094,892,32766,2422,3.1302053928375244
2026-04-07T10:57:51.693,radio://0/80/2M,range,1,0,Reacquire Wall,0.5100839734077454,0,0,0,0.0,0,0,0.0,0.0,51075,0,-3,4441,0.15315203368663788,-0.13406534492969513,0.20000000298023224,0.0,32766,1046,940,32766,32766,3.1407625675201416
2026-04-07T10:57:51.940,radio://0/80/2M,mission,1,0,Reacquire Wall,0.5065110325813293,0,0,0,0.0,0,0,0.0,0.0,51075,0,-3,4441,0.15315203368663788,-0.13406534492969513,0.20000000298023224,0.0,32766,1046,940,32766,32766,3.1407625675201416
2026-04-07T10:57:51.942,radio://0/80/2M,flow,1,0,Reacquire Wall,0.5065110325813293,0,0,0,0.0,0,0,0.0,0.0,51325,1,0,4718,0.13035106658935547,-0.12648539245128632,0.20000000298023224,0.0,32766,1046,940,32766,32766,3.1407625675201416
2026-04-07T10:57:51.943,radio://0/80/2M,range,1,0,Reacquire Wall,0.5065110325813293,0,0,0,0.0,0,0,0.0,0.0,51325,1,0,4718,0.13035106658935547,-0.12648539245128632,0.20000000298023224,0.0,32766,931,955,32766,32766,3.124926805496216
2026-04-07T10:57:52.189,radio://0/80/2M,mission,1,0,Reacquire Wall,0.5032423734664917,0,0,0,0.0,0,0,0.0,0.0,51325,1,0,4718,0.13035106658935547,-0.12648539245128632,0.20000000298023224,0.0,32766,931,955,32766,32766,3.124926805496216
2026-04-07T10:57:52.191,radio://0/80/2M,flow,1,0,Reacquire Wall,0.5032423734664917,0,0,0,0.0,0,0,0.0,0.0,51575,0,1,5012,0.11595825105905533,-0.13245199620723724,0.20000000298023224,0.0,32766,931,955,32766,32766,3.124926805496216
2026-04-07T10:57:52.193,radio://0/80/2M,range,1,0,Reacquire Wall,0.5032423734664917,0,0,0,0.0,0,0,0.0,0.0,51575,0,1,5012,0.11595825105905533,-0.13245199620723724,0.20000000298023224,0.0,32766,893,991,32766,2454,3.1302053928375244
2026-04-07T10:57:52.440,radio://0/80/2M,mission,1,0,Reacquire Wall,0.5064058303833008,0,0,0,0.0,0,0,0.0,0.0,51575,0,1,5012,0.11595825105905533,-0.13245199620723724,0.20000000298023224,0.0,32766,893,991,32766,2454,3.1302053928375244
2026-04-07T10:57:52.442,radio://0/80/2M,flow,1,0,Reacquire Wall,0.5064058303833008,0,0,0,0.0,0,0,0.0,0.0,51825,0,0,5325,0.11275908350944519,-0.0972282886505127,0.20000000298023224,0.0,32766,893,991,32766,2454,3.1302053928375244
2026-04-07T10:57:52.443,radio://0/80/2M,range,1,0,Reacquire Wall,0.5064058303833008,0,0,0,0.0,0,0,0.0,0.0,51825,0,0,5325,0.11275908350944519,-0.0972282886505127,0.20000000298023224,0.0,32766,847,1055,32766,2437,3.1302053928375244
2026-04-07T10:57:52.690,radio://0/80/2M,mission,1,0,Reacquire Wall,0.5031527280807495,0,0,0,0.0,0,0,0.0,0.0,51825,0,0,5325,0.11275908350944519,-0.0972282886505127,0.20000000298023224,0.0,32766,847,1055,32766,2437,3.1302053928375244
2026-04-07T10:57:52.691,radio://0/80/2M,flow,1,0,Reacquire Wall,0.5031527280807495,0,0,0,0.0,0,0,0.0,0.0,52075,1,0,5657,0.14031361043453217,-0.07630956918001175,0.20000000298023224,0.0,32766,847,1055,32766,2437,3.1302053928375244
2026-04-07T10:57:52.692,radio://0/80/2M,range,1,0,Reacquire Wall,0.5031527280807495,0,0,0,0.0,0,0,0.0,0.0,52075,1,0,5657,0.14031361043453217,-0.07630956918001175,0.20000000298023224,0.0,32766,808,1100,1078,2449,3.1302053928375244
2026-04-07T10:57:52.939,radio://0/80/2M,mission,1,0,Reacquire Wall,0.5032593011856079,0,0,0,0.0,0,0,0.0,0.0,52075,1,0,5657,0.14031361043453217,-0.07630956918001175,0.20000000298023224,0.0,32766,808,1100,1078,2449,3.1302053928375244
2026-04-07T10:57:52.941,radio://0/80/2M,flow,1,0,Reacquire Wall,0.5032593011856079,0,0,0,0.0,0,0,0.0,0.0,52325,0,0,6010,0.1338847279548645,-0.08456961065530777,0.20000000298023224,0.0,32766,808,1100,1078,2449,3.1302053928375244
2026-04-07T10:57:52.942,radio://0/80/2M,range,1,0,Reacquire Wall,0.5032593011856079,0,0,0,0.0,0,0,0.0,0.0,52325,0,0,6010,0.1338847279548645,-0.08456961065530777,0.20000000298023224,0.0,32766,699,1072,32766,32766,3.1302053928375244
2026-04-07T10:57:53.189,radio://0/80/2M,mission,1,0,Reacquire Wall,0.5077212452888489,0,0,0,0.0,0,0,0.0,0.0,52325,0,0,6010,0.1338847279548645,-0.08456961065530777,0.20000000298023224,0.0,32766,699,1072,32766,32766,3.1302053928375244
2026-04-07T10:57:53.191,radio://0/80/2M,flow,1,0,Reacquire Wall,0.5077212452888489,0,0,0,0.0,0,0,0.0,0.0,52575,-1,0,6385,0.12225309014320374,-0.1262502819299698,0.20000000298023224,0.0,32766,699,1072,32766,32766,3.1302053928375244
2026-04-07T10:57:53.192,radio://0/80/2M,range,1,0,Reacquire Wall,0.5077212452888489,0,0,0,0.0,0,0,0.0,0.0,52575,-1,0,6385,0.12225309014320374,-0.1262502819299698,0.20000000298023224,0.0,32766,664,1126,32766,2433,3.14604115486145
2026-04-07T10:57:53.438,radio://0/80/2M,mission,1,0,Reacquire Wall,0.5023895502090454,0,0,0,0.0,0,0,0.0,0.0,52575,-1,0,6385,0.12225309014320374,-0.1262502819299698,0.20000000298023224,0.0,32766,664,1126,32766,2433,3.14604115486145
2026-04-07T10:57:53.440,radio://0/80/2M,flow,1,0,Reacquire Wall,0.5023895502090454,0,0,0,0.0,0,0,0.0,0.0,52825,-1,1,6385,0.13182780146598816,-0.14674483239650726,0.20000000298023224,0.0,32766,664,1126,32766,2433,3.14604115486145
2026-04-07T10:57:53.441,radio://0/80/2M,range,1,0,Reacquire Wall,0.5023895502090454,0,0,0,0.0,0,0,0.0,0.0,52825,-1,1,6385,0.13182780146598816,-0.14674483239650726,0.20000000298023224,0.0,32766,609,32766,32766,2447,3.1196482181549072
2026-04-07T10:57:53.689,radio://0/80/2M,mission,1,0,Reacquire Wall,0.5002009272575378,0,0,0,0.0,0,0,0.0,0.0,52825,-1,1,6385,0.13182780146598816,-0.14674483239650726,0.20000000298023224,0.0,32766,609,32766,32766,2447,3.1196482181549072
2026-04-07T10:57:53.691,radio://0/80/2M,flow,1,0,Reacquire Wall,0.5002009272575378,0,0,0,0.0,0,0,0.0,0.0,53075,-1,0,6385,0.1246466189622879,-0.11299938708543777,0.20000000298023224,0.0,32766,609,32766,32766,2447,3.1196482181549072
2026-04-07T10:57:53.692,radio://0/80/2M,range,1,0,Reacquire Wall,0.5002009272575378,0,0,0,0.0,0,0,0.0,0.0,53075,-1,0,6385,0.1246466189622879,-0.11299938708543777,0.20000000298023224,0.0,32766,589,1377,32766,2442,3.124926805496216
2026-04-07T10:57:53.939,radio://0/80/2M,mission,1,0,Reacquire Wall,0.49932989478111267,0,0,0,0.0,0,0,0.0,0.0,53075,-1,0,6385,0.1246466189622879,-0.11299938708543777,0.20000000298023224,0.0,32766,589,1377,32766,2442,3.124926805496216
2026-04-07T10:57:53.940,radio://0/80/2M,flow,1,0,Reacquire Wall,0.49932989478111267,0,0,0,0.0,0,0,0.0,0.0,53325,2,-1,6385,0.12724216282367706,-0.08092787116765976,0.20000000298023224,0.0,32766,589,1377,32766,2442,3.124926805496216
2026-04-07T10:57:53.941,radio://0/80/2M,range,1,0,Reacquire Wall,0.49932989478111267,0,0,0,0.0,0,0,0.0,0.0,53325,2,-1,6385,0.12724216282367706,-0.08092787116765976,0.20000000298023224,0.0,32766,554,1415,32766,2443,3.1196482181549072
2026-04-07T10:57:54.189,radio://0/80/2M,mission,1,0,Reacquire Wall,0.49324989318847656,0,0,0,0.0,0,0,0.0,0.0,53325,2,-1,6385,0.12724216282367706,-0.08092787116765976,0.20000000298023224,0.0,32766,554,1415,32766,2443,3.1196482181549072
2026-04-07T10:57:54.190,radio://0/80/2M,flow,1,0,Reacquire Wall,0.49324989318847656,0,0,0,0.0,0,0,0.0,0.0,53575,0,0,6385,0.06266400218009949,-0.13768939673900604,0.20000000298023224,0.0,32766,554,1415,32766,2443,3.1196482181549072
2026-04-07T10:57:54.191,radio://0/80/2M,range,1,0,Reacquire Wall,0.49324989318847656,0,0,0,0.0,0,0,0.0,0.0,53575,0,0,6385,0.06266400218009949,-0.13768939673900604,0.20000000298023224,0.0,32766,498,32766,32766,2444,3.1196482181549072
2026-04-07T10:57:54.438,radio://0/80/2M,mission,1,0,Reacquire Wall,0.4918944835662842,0,0,0,0.0,0,0,0.0,0.0,53575,0,0,6385,0.06266400218009949,-0.13768939673900604,0.20000000298023224,0.0,32766,498,32766,32766,2444,3.1196482181549072
2026-04-07T10:57:54.440,radio://0/80/2M,flow,1,0,Reacquire Wall,0.4918944835662842,0,0,0,0.0,0,0,0.0,0.0,53825,21,-20,6385,0.09541717171669006,-0.12419353425502777,0.20000000298023224,0.0,32766,498,32766,32766,2444,3.1196482181549072
2026-04-07T10:57:54.441,radio://0/80/2M,range,1,0,Reacquire Wall,0.4918944835662842,0,0,0,0.0,0,0,0.0,0.0,53825,21,-20,6385,0.09541717171669006,-0.12419353425502777,0.20000000298023224,0.0,32766,457,32766,2042,2436,3.1196482181549072
2026-04-07T10:57:54.688,radio://0/80/2M,mission,1,0,Reacquire Wall,0.4962339997291565,0,0,0,0.0,0,0,0.0,0.0,53825,21,-20,6385,0.09541717171669006,-0.12419353425502777,0.20000000298023224,0.0,32766,457,32766,2042,2436,3.1196482181549072
2026-04-07T10:57:54.690,radio://0/80/2M,flow,1,0,Reacquire Wall,0.4962339997291565,0,0,0,0.0,0,0,0.0,0.0,54075,-4,-1,6385,0.06481491774320602,-0.10589898377656937,0.20000000298023224,0.0,32766,457,32766,2042,2436,3.1196482181549072
2026-04-07T10:57:54.691,radio://0/80/2M,range,1,0,Reacquire Wall,0.4962339997291565,0,0,0,0.0,0,0,0.0,0.0,54075,-4,-1,6385,0.06481491774320602,-0.10589898377656937,0.20000000298023224,0.0,32766,454,32766,2127,2439,3.135483980178833
2026-04-07T10:57:54.937,radio://0/80/2M,mission,1,0,Reacquire Wall,0.4975442588329315,0,0,0,0.0,0,0,0.0,0.0,54075,-4,-1,6385,0.06481491774320602,-0.10589898377656937,0.20000000298023224,0.0,32766,454,32766,2127,2439,3.135483980178833
2026-04-07T10:57:54.939,radio://0/80/2M,flow,1,0,Reacquire Wall,0.4975442588329315,0,0,0,0.0,0,0,0.0,0.0,54325,0,0,5986,0.03449353948235512,-0.1140611320734024,0.20000000298023224,0.0,32766,454,32766,2127,2439,3.135483980178833
2026-04-07T10:57:54.940,radio://0/80/2M,range,1,0,Reacquire Wall,0.4975442588329315,0,0,0,0.0,0,0,0.0,0.0,54325,0,0,5986,0.03449353948235512,-0.1140611320734024,0.20000000298023224,0.0,32766,294,32766,2158,2429,3.124926805496216
2026-04-07T10:57:55.187,radio://0/80/2M,mission,1,0,Reacquire Wall,0.5022689700126648,0,0,0,0.0,0,0,0.0,0.0,54325,0,0,5986,0.03449353948235512,-0.1140611320734024,0.20000000298023224,0.0,32766,294,32766,2158,2429,3.124926805496216
2026-04-07T10:57:55.188,radio://0/80/2M,flow,1,0,Reacquire Wall,0.5022689700126648,0,0,0,0.0,0,0,0.0,0.0,54575,0,1,5986,0.030251620337367058,-0.11630146950483322,0.20000000298023224,0.0,32766,294,32766,2158,2429,3.124926805496216
2026-04-07T10:57:55.190,radio://0/80/2M,range,1,0,Reacquire Wall,0.5022689700126648,0,0,0,0.0,0,0,0.0,0.0,54575,0,1,5986,0.030251620337367058,-0.11630146950483322,0.20000000298023224,0.0,32766,243,1466,2365,2425,3.1302053928375244
2026-04-07T10:57:55.437,radio://0/80/2M,mission,1,0,Reacquire Wall,0.5043341517448425,0,0,0,0.0,0,0,0.0,0.0,54575,0,1,5986,0.030251620337367058,-0.11630146950483322,0.20000000298023224,0.0,32766,243,1466,2365,2425,3.1302053928375244
2026-04-07T10:57:55.438,radio://0/80/2M,flow,1,0,Reacquire Wall,0.5043341517448425,0,0,0,0.0,0,0,0.0,0.0,54825,2,10,5986,0.10226068645715714,-0.20527859032154083,0.20000000298023224,0.0,32766,243,1466,2365,2425,3.1302053928375244
2026-04-07T10:57:55.439,radio://0/80/2M,range,1,0,Reacquire Wall,0.5043341517448425,0,0,0,0.0,0,0,0.0,0.0,54825,2,10,5986,0.10226068645715714,-0.20527859032154083,0.20000000298023224,0.0,32766,179,32766,32766,2428,3.124926805496216
2026-04-07T10:57:55.687,radio://0/80/2M,mission,1,0,Reacquire Wall,0.5076926350593567,0,0,0,0.0,0,0,0.0,0.0,54825,2,10,5986,0.10226068645715714,-0.20527859032154083,0.20000000298023224,0.0,32766,179,32766,32766,2428,3.124926805496216
2026-04-07T10:57:55.689,radio://0/80/2M,flow,1,0,Reacquire Wall,0.5076926350593567,0,0,0,0.0,0,0,0.0,0.0,55075,4,-3,5262,0.18403707444667816,-0.2519638240337372,0.20000000298023224,0.0,32766,179,32766,32766,2428,3.124926805496216
2026-04-07T10:57:55.690,radio://0/80/2M,range,1,0,Reacquire Wall,0.5076926350593567,0,0,0,0.0,0,0,0.0,0.0,55075,4,-3,5262,0.18403707444667816,-0.2519638240337372,0.20000000298023224,0.0,32766,202,32766,32766,2430,3.1302053928375244
2026-04-07T10:57:55.937,radio://0/80/2M,mission,1,0,Reacquire Wall,0.5014262795448303,0,0,0,0.0,0,0,0.0,0.0,55075,4,-3,5262,0.18403707444667816,-0.2519638240337372,0.20000000298023224,0.0,32766,202,32766,32766,2430,3.1302053928375244
2026-04-07T10:57:55.938,radio://0/80/2M,flow,1,0,Reacquire Wall,0.5014262795448303,0,0,0,0.0,0,0,0.0,0.0,55325,0,-1,4934,0.18442010879516602,-0.19072742760181427,0.20000000298023224,0.0,32766,202,32766,32766,2430,3.1302053928375244
2026-04-07T10:57:55.939,radio://0/80/2M,range,1,0,Reacquire Wall,0.5014262795448303,0,0,0,0.0,0,0,0.0,0.0,55325,0,-1,4934,0.18442010879516602,-0.19072742760181427,0.20000000298023224,0.0,32766,32766,32766,32766,2432,3.1038124561309814
2026-04-07T10:57:56.186,radio://0/80/2M,mission,1,0,Reacquire Wall,0.4941141605377197,0,0,0,0.0,0,0,0.0,0.0,55325,0,-1,4934,0.18442010879516602,-0.19072742760181427,0.20000000298023224,0.0,32766,32766,32766,32766,2432,3.1038124561309814
2026-04-07T10:57:56.188,radio://0/80/2M,flow,1,0,Reacquire Wall,0.4941141605377197,0,0,0,0.0,0,0,0.0,0.0,55575,0,0,4934,0.16311778128147125,-0.15654227137565613,0.20000000298023224,0.0,32766,32766,32766,32766,2432,3.1038124561309814
2026-04-07T10:57:56.189,radio://0/80/2M,range,1,0,Reacquire Wall,0.4941141605377197,0,0,0,0.0,0,0,0.0,0.0,55575,0,0,4934,0.16311778128147125,-0.15654227137565613,0.20000000298023224,0.0,32766,32766,32766,32766,2442,3.10909104347229
2026-04-07T10:57:56.436,radio://0/80/2M,mission,1,0,Reacquire Wall,0.4942360818386078,0,0,0,0.0,0,0,0.0,0.0,55575,0,0,4934,0.16311778128147125,-0.15654227137565613,0.20000000298023224,0.0,32766,32766,32766,32766,2442,3.10909104347229
2026-04-07T10:57:56.437,radio://0/80/2M,flow,1,0,Reacquire Wall,0.4942360818386078,0,0,0,0.0,0,0,0.0,0.0,55825,-1,-3,4934,0.1549959033727646,-0.1604316383600235,0.20000000298023224,0.0,32766,32766,32766,32766,2442,3.10909104347229
2026-04-07T10:57:56.439,radio://0/80/2M,range,1,0,Reacquire Wall,0.4942360818386078,0,0,0,0.0,0,0,0.0,0.0,55825,-1,-3,4934,0.1549959033727646,-0.1604316383600235,0.20000000298023224,0.0,32766,32766,32766,32766,2437,3.10909104347229
2026-04-07T10:57:56.687,radio://0/80/2M,mission,1,0,Reacquire Wall,0.49626094102859497,0,0,0,0.0,0,0,0.0,0.0,55825,-1,-3,4934,0.1549959033727646,-0.1604316383600235,0.20000000298023224,0.0,32766,32766,32766,32766,2437,3.10909104347229
2026-04-07T10:57:56.689,radio://0/80/2M,flow,1,0,Reacquire Wall,0.49626094102859497,0,0,0,0.0,0,0,0.0,0.0,56075,-1,0,4934,0.15676718950271606,-0.13806413114070892,0.20000000298023224,0.0,32766,32766,32766,32766,2437,3.10909104347229
2026-04-07T10:57:56.690,radio://0/80/2M,range,1,0,Reacquire Wall,0.49626094102859497,0,0,0,0.0,0,0,0.0,0.0,56075,-1,0,4934,0.15676718950271606,-0.13806413114070892,0.20000000298023224,0.0,32766,32766,32766,32766,2429,3.1196482181549072
2026-04-07T10:57:56.936,radio://0/80/2M,mission,1,0,Reacquire Wall,0.5010412335395813,0,0,0,0.0,0,0,0.0,0.0,56075,-1,0,4934,0.15676718950271606,-0.13806413114070892,0.20000000298023224,0.0,32766,32766,32766,32766,2429,3.1196482181549072
2026-04-07T10:57:56.937,radio://0/80/2M,flow,1,0,Reacquire Wall,0.5010412335395813,0,0,0,0.0,0,0,0.0,0.0,56325,0,0,4934,0.007145795971155167,-0.14801537990570068,0.20000000298023224,0.0,32766,32766,32766,32766,2429,3.1196482181549072
2026-04-07T10:57:56.938,radio://0/80/2M,range,1,0,Reacquire Wall,0.5010412335395813,0,0,0,0.0,0,0,0.0,0.0,56325,0,0,4934,0.007145795971155167,-0.14801537990570068,0.20000000298023224,0.0,32766,32766,32766,32766,2423,3.1143696308135986
2026-04-07T10:57:57.186,radio://0/80/2M,mission,1,0,Reacquire Wall,0.496842622756958,0,0,0,0.0,0,0,0.0,0.0,56325,0,0,4934,0.007145795971155167,-0.14801537990570068,0.20000000298023224,0.0,32766,32766,32766,32766,2423,3.1143696308135986
2026-04-07T10:57:57.188,radio://0/80/2M,flow,1,0,Reacquire Wall,0.496842622756958,0,0,0,0.0,0,0,0.0,0.0,56575,0,0,4934,0.12586401402950287,-0.18437641859054565,0.20000000298023224,0.0,32766,32766,32766,32766,2423,3.1143696308135986
2026-04-07T10:57:57.189,radio://0/80/2M,range,1,0,Reacquire Wall,0.496842622756958,0,0,0,0.0,0,0,0.0,0.0,56575,0,0,4934,0.12586401402950287,-0.18437641859054565,0.20000000298023224,0.0,32766,32766,32766,32766,2430,3.1143696308135986
2026-04-07T10:57:57.436,radio://0/80/2M,mission,1,0,Reacquire Wall,0.5016220211982727,0,0,0,0.0,0,0,0.0,0.0,56575,0,0,4934,0.12586401402950287,-0.18437641859054565,0.20000000298023224,0.0,32766,32766,32766,32766,2430,3.1143696308135986
2026-04-07T10:57:57.438,radio://0/80/2M,flow,1,0,Reacquire Wall,0.5016220211982727,0,0,0,0.0,0,0,0.0,0.0,56825,0,0,4934,0.13252122700214386,-0.1842913031578064,0.20000000298023224,0.0,32766,32766,32766,32766,2430,3.1143696308135986
2026-04-07T10:57:57.439,radio://0/80/2M,range,1,0,Reacquire Wall,0.5016220211982727,0,0,0,0.0,0,0,0.0,0.0,56825,0,0,4934,0.13252122700214386,-0.1842913031578064,0.20000000298023224,0.0,2767,32766,32766,32766,2427,3.1196482181549072
2026-04-07T10:57:57.686,radio://0/80/2M,mission,1,0,Reacquire Wall,0.4976706802845001,0,0,0,0.0,0,0,0.0,0.0,56825,0,0,4934,0.13252122700214386,-0.1842913031578064,0.20000000298023224,0.0,2767,32766,32766,32766,2427,3.1196482181549072
2026-04-07T10:57:57.687,radio://0/80/2M,flow,1,0,Reacquire Wall,0.4976706802845001,0,0,0,0.0,0,0,0.0,0.0,57075,0,0,4934,0.09830839186906815,-0.10052080452442169,0.20000000298023224,0.0,2767,32766,32766,32766,2427,3.1196482181549072
2026-04-07T10:57:57.689,radio://0/80/2M,range,1,0,Reacquire Wall,0.4976706802845001,0,0,0,0.0,0,0,0.0,0.0,57075,0,0,4934,0.09830839186906815,-0.10052080452442169,0.20000000298023224,0.0,2731,32766,32766,32766,2431,3.10909104347229
2026-04-07T10:57:57.935,radio://0/80/2M,mission,1,0,Reacquire Wall,0.49409687519073486,0,0,0,0.0,0,0,0.0,0.0,57075,0,0,4934,0.09830839186906815,-0.10052080452442169,0.20000000298023224,0.0,2731,32766,32766,32766,2431,3.10909104347229
2026-04-07T10:57:57.937,radio://0/80/2M,flow,1,0,Reacquire Wall,0.49409687519073486,0,0,0,0.0,0,0,0.0,0.0,57325,0,2,4934,0.08264369517564774,-0.13287924230098724,0.20000000298023224,0.0,2731,32766,32766,32766,2431,3.10909104347229
2026-04-07T10:57:57.938,radio://0/80/2M,range,1,0,Reacquire Wall,0.49409687519073486,0,0,0,0.0,0,0,0.0,0.0,57325,0,2,4934,0.08264369517564774,-0.13287924230098724,0.20000000298023224,0.0,32766,32766,32766,32766,2439,3.1038124561309814
2026-04-07T10:57:58.185,radio://0/80/2M,mission,1,0,Reacquire Wall,0.49623969197273254,0,0,0,0.0,0,0,0.0,0.0,57325,0,2,4934,0.08264369517564774,-0.13287924230098724,0.20000000298023224,0.0,32766,32766,32766,32766,2439,3.1038124561309814
2026-04-07T10:57:58.186,radio://0/80/2M,flow,1,0,Reacquire Wall,0.49623969197273254,0,0,0,0.0,0,0,0.0,0.0,57575,0,-2,4934,0.10656917840242386,-0.20155730843544006,0.20000000298023224,0.0,32766,32766,32766,32766,2439,3.1038124561309814
2026-04-07T10:57:58.187,radio://0/80/2M,range,1,0,Reacquire Wall,0.49623969197273254,0,0,0,0.0,0,0,0.0,0.0,57575,0,-2,4934,0.10656917840242386,-0.20155730843544006,0.20000000298023224,0.0,32766,32766,32766,32766,2434,3.10909104347229
2026-04-07T10:57:58.435,radio://0/80/2M,mission,1,0,Reacquire Wall,0.5001735687255859,0,0,0,0.0,0,0,0.0,0.0,57575,0,-2,4934,0.10656917840242386,-0.20155730843544006,0.20000000298023224,0.0,32766,32766,32766,32766,2434,3.10909104347229
2026-04-07T10:57:58.437,radio://0/80/2M,flow,1,0,Reacquire Wall,0.5001735687255859,0,0,0,0.0,0,0,0.0,0.0,57825,-4,-4,4934,0.23958750069141388,-0.16572660207748413,0.20000000298023224,0.0,32766,32766,32766,32766,2434,3.10909104347229
2026-04-07T10:57:58.438,radio://0/80/2M,range,1,0,Reacquire Wall,0.5001735687255859,0,0,0,0.0,0,0,0.0,0.0,57825,-4,-4,4934,0.23958750069141388,-0.16572660207748413,0.20000000298023224,0.0,2474,32766,32766,32766,2434,3.1143696308135986
2026-04-07T10:57:58.685,radio://0/80/2M,mission,1,0,Reacquire Wall,0.5023042559623718,0,0,0,0.0,0,0,0.0,0.0,57825,-4,-4,4934,0.23958750069141388,-0.16572660207748413,0.20000000298023224,0.0,2474,32766,32766,32766,2434,3.1143696308135986
2026-04-07T10:57:58.686,radio://0/80/2M,flow,1,0,Reacquire Wall,0.5023042559623718,0,0,0,0.0,0,0,0.0,0.0,58075,0,-1,4934,0.19406332075595856,-0.11387085914611816,0.20000000298023224,0.0,2474,32766,32766,32766,2434,3.1143696308135986
2026-04-07T10:57:58.687,radio://0/80/2M,range,1,0,Reacquire Wall,0.5023042559623718,0,0,0,0.0,0,0,0.0,0.0,58075,0,-1,4934,0.19406332075595856,-0.11387085914611816,0.20000000298023224,0.0,2345,2513,32766,32766,2426,3.1143696308135986
2026-04-07T10:57:58.936,radio://0/80/2M,mission,1,5,Transition,0.5011616945266724,0,0,0,0.0,0,0,0.0,0.0,58075,0,-1,4934,0.19406332075595856,-0.11387085914611816,0.20000000298023224,0.0,2345,2513,32766,32766,2426,3.1143696308135986
2026-04-07T10:57:58.937,radio://0/80/2M,flow,1,5,Transition,0.5011616945266724,0,0,0,0.0,0,0,0.0,0.0,58325,0,0,4934,0.11931496113538742,-0.10208722203969955,0.0,0.0,2345,2513,32766,32766,2426,3.1143696308135986
2026-04-07T10:57:58.938,radio://0/80/2M,range,1,5,Transition,0.5011616945266724,0,0,0,0.0,0,0,0.0,0.0,58325,0,0,4934,0.11931496113538742,-0.10208722203969955,0.0,0.0,32766,2364,32766,32766,2427,3.1038124561309814
2026-04-07T10:57:59.188,radio://0/80/2M,mission,1,5,Transition,0.5053433179855347,0,0,0,0.0,0,0,0.0,0.0,58325,0,0,4934,0.11931496113538742,-0.10208722203969955,0.0,0.0,32766,2364,32766,32766,2427,3.1038124561309814
2026-04-07T10:57:59.190,radio://0/80/2M,flow,1,5,Transition,0.5053433179855347,0,0,0,0.0,0,0,0.0,0.0,58575,-1,0,4934,0.09604181349277496,-0.05048736557364464,0.0,0.0,32766,2364,32766,32766,2427,3.1038124561309814
2026-04-07T10:57:59.191,radio://0/80/2M,range,1,5,Transition,0.5053433179855347,0,0,0,0.0,0,0,0.0,0.0,58575,-1,0,4934,0.09604181349277496,-0.05048736557364464,0.0,0.0,32766,2315,32766,32766,2434,3.1196482181549072
2026-04-07T10:57:59.434,radio://0/80/2M,mission,1,2,Scan,0.501194417476654,0,0,0,0.0,0,0,0.0,0.0,58575,-1,0,4934,0.09604181349277496,-0.05048736557364464,0.0,0.0,32766,2315,32766,32766,2434,3.1196482181549072
2026-04-07T10:57:59.435,radio://0/80/2M,flow,1,2,Scan,0.501194417476654,0,0,0,0.0,0,0,0.0,0.0,58825,0,0,5242,-0.008674124255776405,0.034653276205062866,0.0,0.0,32766,2315,32766,32766,2434,3.1196482181549072
2026-04-07T10:57:59.436,radio://0/80/2M,range,1,2,Scan,0.501194417476654,0,0,0,0.0,0,0,0.0,0.0,58825,0,0,5242,-0.008674124255776405,0.034653276205062866,0.0,0.0,2228,2324,32766,32766,2428,3.098533868789673
2026-04-07T10:57:59.684,radio://0/80/2M,mission,1,2,Scan,0.4986691474914551,0,0,0,0.0,0,0,0.0,0.0,58825,0,0,5242,-0.008674124255776405,0.034653276205062866,0.0,0.0,2228,2324,32766,32766,2428,3.098533868789673
2026-04-07T10:57:59.685,radio://0/80/2M,flow,1,2,Scan,0.4986691474914551,0,0,0,0.0,0,0,0.0,0.0,59075,0,0,5242,-0.06242290884256363,0.05728258192539215,0.0,0.0,2228,2324,32766,32766,2428,3.098533868789673
2026-04-07T10:57:59.687,radio://0/80/2M,range,1,2,Scan,0.4986691474914551,0,0,0,0.0,0,0,0.0,0.0,59075,0,0,5242,-0.06242290884256363,0.05728258192539215,0.0,0.0,2054,32766,32766,32766,2426,3.10909104347229
2026-04-07T10:57:59.934,radio://0/80/2M,mission,1,2,Scan,0.500378429889679,0,0,0,0.0,0,0,0.0,0.0,59075,0,0,5242,-0.06242290884256363,0.05728258192539215,0.0,0.0,2054,32766,32766,32766,2426,3.10909104347229
2026-04-07T10:57:59.935,radio://0/80/2M,flow,1,2,Scan,0.500378429889679,0,0,0,0.0,0,0,0.0,0.0,59325,-1,-1,5569,-0.029014255851507187,0.04884667322039604,0.0,0.0,2054,32766,32766,32766,2426,3.10909104347229
2026-04-07T10:57:59.936,radio://0/80/2M,range,1,2,Scan,0.500378429889679,0,0,0,0.0,0,0,0.0,0.0,59325,-1,-1,5569,-0.029014255851507187,0.04884667322039604,0.0,0.0,1893,32766,32766,32766,2431,3.1038124561309814
2026-04-07T10:58:00.184,radio://0/80/2M,mission,1,2,Scan,0.5046245455741882,0,0,0,0.0,0,0,0.0,0.0,59325,-1,-1,5569,-0.029014255851507187,0.04884667322039604,0.0,0.0,1893,32766,32766,32766,2431,3.1038124561309814
2026-04-07T10:58:00.186,radio://0/80/2M,flow,1,2,Scan,0.5046245455741882,0,0,0,0.0,0,0,0.0,0.0,59575,0,-5,5569,-0.015977678820490837,0.024093350395560265,0.0,0.0,1893,32766,32766,32766,2431,3.1038124561309814
2026-04-07T10:58:00.187,radio://0/80/2M,range,1,2,Scan,0.5046245455741882,0,0,0,0.0,0,0,0.0,0.0,59575,0,-5,5569,-0.015977678820490837,0.024093350395560265,0.0,0.0,1709,32766,32766,785,2425,3.10909104347229
2026-04-07T10:58:00.433,radio://0/80/2M,mission,1,2,Scan,0.4999150335788727,0,0,0,0.0,0,0,0.0,0.0,59575,0,-5,5569,-0.015977678820490837,0.024093350395560265,0.0,0.0,1709,32766,32766,785,2425,3.10909104347229
2026-04-07T10:58:00.434,radio://0/80/2M,flow,1,2,Scan,0.4999150335788727,0,0,0,0.0,0,0,0.0,0.0,59825,-9,0,5569,0.012779799290001392,0.0363663025200367,0.0,0.0,1709,32766,32766,785,2425,3.10909104347229
2026-04-07T10:58:00.435,radio://0/80/2M,range,1,2,Scan,0.4999150335788727,0,0,0,0.0,0,0,0.0,0.0,59825,-9,0,5569,0.012779799290001392,0.0363663025200367,0.0,0.0,1586,32766,1881,932,2434,3.0932552814483643
2026-04-07T10:58:00.683,radio://0/80/2M,mission,1,2,Scan,0.5020101070404053,0,0,0,0.0,0,0,0.0,0.0,59825,-9,0,5569,0.012779799290001392,0.0363663025200367,0.0,0.0,1586,32766,1881,932,2434,3.0932552814483643
2026-04-07T10:58:00.684,radio://0/80/2M,flow,1,2,Scan,0.5020101070404053,0,0,0,0.0,0,0,0.0,0.0,60075,-3,0,5569,-0.0015184361254796386,0.016251930966973305,0.0,0.0,1586,32766,1881,932,2434,3.0932552814483643
2026-04-07T10:58:00.685,radio://0/80/2M,range,1,2,Scan,0.5020101070404053,0,0,0,0.0,0,0,0.0,0.0,60075,-3,0,5569,-0.0015184361254796386,0.016251930966973305,0.0,0.0,1508,32766,2042,1915,2430,3.10909104347229
2026-04-07T10:58:00.936,radio://0/80/2M,mission,1,2,Scan,0.5032362937927246,0,0,0,0.0,0,0,0.0,0.0,60075,-3,0,5569,-0.0015184361254796386,0.016251930966973305,0.0,0.0,1508,32766,2042,1915,2430,3.10909104347229
2026-04-07T10:58:00.938,radio://0/80/2M,flow,1,2,Scan,0.5032362937927246,0,0,0,0.0,0,0,0.0,0.0,60325,0,1,5569,-0.012125099077820778,0.016658013686537743,0.0,0.0,1508,32766,2042,1915,2430,3.10909104347229
2026-04-07T10:58:00.939,radio://0/80/2M,range,1,2,Scan,0.5032362937927246,0,0,0,0.0,0,0,0.0,0.0,60325,0,1,5569,-0.012125099077820778,0.016658013686537743,0.0,0.0,1491,32766,1851,1987,2427,3.1038124561309814
2026-04-07T10:58:01.183,radio://0/80/2M,mission,1,2,Scan,0.5028634071350098,0,0,0,0.0,0,0,0.0,0.0,60325,0,1,5569,-0.012125099077820778,0.016658013686537743,0.0,0.0,1491,32766,1851,1987,2427,3.1038124561309814
2026-04-07T10:58:01.185,radio://0/80/2M,flow,1,2,Scan,0.5028634071350098,0,0,0,0.0,0,0,0.0,0.0,60575,-2,0,5569,0.0031998706981539726,0.007995376363396645,0.0,0.0,1491,32766,1851,1987,2427,3.1038124561309814
2026-04-07T10:58:01.186,radio://0/80/2M,range,1,2,Scan,0.5028634071350098,0,0,0,0.0,0,0,0.0,0.0,60575,-2,0,5569,0.0031998706981539726,0.007995376363396645,0.0,0.0,1487,32766,2458,2057,2429,3.1038124561309814
2026-04-07T10:58:01.433,radio://0/80/2M,mission,1,2,Scan,0.4961569905281067,0,0,0,0.0,0,0,0.0,0.0,60575,-2,0,5569,0.0031998706981539726,0.007995376363396645,0.0,0.0,1487,32766,2458,2057,2429,3.1038124561309814
2026-04-07T10:58:01.434,radio://0/80/2M,flow,1,2,Scan,0.4961569905281067,0,0,0,0.0,0,0,0.0,0.0,60825,-2,0,5221,-0.013983109965920448,-0.027224598452448845,0.0,0.0,1487,32766,2458,2057,2429,3.1038124561309814
2026-04-07T10:58:01.435,radio://0/80/2M,range,1,2,Scan,0.4961569905281067,0,0,0,0.0,0,0,0.0,0.0,60825,-2,0,5221,-0.013983109965920448,-0.027224598452448845,0.0,0.0,1492,32766,2468,32766,2437,3.0932552814483643
2026-04-07T10:58:01.683,radio://0/80/2M,mission,1,2,Scan,0.4933178126811981,0,0,0,0.0,0,0,0.0,0.0,60825,-2,0,5221,-0.013983109965920448,-0.027224598452448845,0.0,0.0,1492,32766,2468,32766,2437,3.0932552814483643
2026-04-07T10:58:01.685,radio://0/80/2M,flow,1,2,Scan,0.4933178126811981,0,0,0,0.0,0,0,0.0,0.0,61075,0,-5,4895,0.10571368783712387,0.01797858066856861,0.0,0.0,1492,32766,2468,32766,2437,3.0932552814483643
2026-04-07T10:58:01.686,radio://0/80/2M,range,1,2,Scan,0.4933178126811981,0,0,0,0.0,0,0,0.0,0.0,61075,0,-5,4895,0.10571368783712387,0.01797858066856861,0.0,0.0,1560,1348,2504,32766,2434,3.0932552814483643
2026-04-07T10:58:01.933,radio://0/80/2M,mission,1,2,Scan,0.5130103826522827,0,0,0,0.0,0,0,0.0,0.0,61075,0,-5,4895,0.10571368783712387,0.01797858066856861,0.0,0.0,1560,1348,2504,32766,2434,3.0932552814483643
2026-04-07T10:58:01.934,radio://0/80/2M,flow,1,2,Scan,0.5130103826522827,0,0,0,0.0,0,0,0.0,0.0,61325,0,-11,4035,0.14958077669143677,0.1097535789012909,0.0,0.0,1560,1348,2504,32766,2434,3.0932552814483643
2026-04-07T10:58:01.935,radio://0/80/2M,range,1,2,Scan,0.5130103826522827,0,0,0,0.0,0,0,0.0,0.0,61325,0,-11,4035,0.14958077669143677,0.1097535789012909,0.0,0.0,1550,1385,32766,32766,2434,3.124926805496216
2026-04-07T10:58:02.181,radio://0/80/2M,mission,1,2,Scan,0.51146399974823,0,0,0,0.0,0,0,0.0,0.0,61325,0,-11,4035,0.14958077669143677,0.1097535789012909,0.0,0.0,1550,1385,32766,32766,2434,3.124926805496216
2026-04-07T10:58:02.183,radio://0/80/2M,flow,1,2,Scan,0.51146399974823,0,0,0,0.0,0,0,0.0,0.0,61575,0,-1,4035,0.10550499707460403,0.08472433686256409,0.0,0.0,1550,1385,32766,32766,2434,3.124926805496216
2026-04-07T10:58:02.184,radio://0/80/2M,range,1,2,Scan,0.51146399974823,0,0,0,0.0,0,0,0.0,0.0,61575,0,-1,4035,0.10550499707460403,0.08472433686256409,0.0,0.0,1934,1428,1373,32766,2451,3.098533868789673
2026-04-07T10:58:02.432,radio://0/80/2M,mission,1,2,Scan,0.48516952991485596,0,0,0,0.0,0,0,0.0,0.0,61575,0,-1,4035,0.10550499707460403,0.08472433686256409,0.0,0.0,1934,1428,1373,32766,2451,3.098533868789673
2026-04-07T10:58:02.433,radio://0/80/2M,flow,1,2,Scan,0.48516952991485596,0,0,0,0.0,0,0,0.0,0.0,61825,0,-3,3783,0.06540953367948532,0.04466287046670914,0.0,0.0,1934,1428,1373,32766,2451,3.098533868789673
2026-04-07T10:58:02.434,radio://0/80/2M,range,1,2,Scan,0.48516952991485596,0,0,0,0.0,0,0,0.0,0.0,61825,0,-3,3783,0.06540953367948532,0.04466287046670914,0.0,0.0,32766,1371,1077,32766,2473,3.0615835189819336
2026-04-07T10:58:02.682,radio://0/80/2M,mission,1,2,Scan,0.4846329987049103,0,0,0,0.0,0,0,0.0,0.0,61825,0,-3,3783,0.06540953367948532,0.04466287046670914,0.0,0.0,32766,1371,1077,32766,2473,3.0615835189819336
2026-04-07T10:58:02.683,radio://0/80/2M,flow,1,2,Scan,0.4846329987049103,0,0,0,0.0,0,0,0.0,0.0,62075,-1,-1,3783,0.031895868480205536,0.025507014244794846,0.0,0.0,32766,1371,1077,32766,2473,3.0615835189819336
2026-04-07T10:58:02.685,radio://0/80/2M,range,1,2,Scan,0.4846329987049103,0,0,0,0.0,0,0,0.0,0.0,62075,-1,-1,3783,0.031895868480205536,0.025507014244794846,0.0,0.0,32766,32766,1002,3135,2471,3.0932552814483643
2026-04-07T10:58:02.932,radio://0/80/2M,mission,1,2,Scan,0.49295786023139954,0,0,0,0.0,0,0,0.0,0.0,62075,-1,-1,3783,0.031895868480205536,0.025507014244794846,0.0,0.0,32766,32766,1002,3135,2471,3.0932552814483643
2026-04-07T10:58:02.933,radio://0/80/2M,flow,1,2,Scan,0.49295786023139954,0,0,0,0.0,0,0,0.0,0.0,62325,0,-2,3783,0.0273841992020607,0.03132586181163788,0.0,0.0,32766,32766,1002,3135,2471,3.0932552814483643
2026-04-07T10:58:02.934,radio://0/80/2M,range,1,2,Scan,0.49295786023139954,0,0,0,0.0,0,0,0.0,0.0,62325,0,-2,3783,0.0273841992020607,0.03132586181163788,0.0,0.0,32766,2505,952,3017,2464,3.098533868789673
2026-04-07T10:58:03.181,radio://0/80/2M,mission,1,2,Scan,0.5007259249687195,0,0,0,0.0,0,0,0.0,0.0,62325,0,-2,3783,0.0273841992020607,0.03132586181163788,0.0,0.0,32766,2505,952,3017,2464,3.098533868789673
2026-04-07T10:58:03.182,radio://0/80/2M,flow,1,2,Scan,0.5007259249687195,0,0,0,0.0,0,0,0.0,0.0,62575,0,0,3783,0.01990758441388607,0.035378508269786835,0.0,0.0,32766,2505,952,3017,2464,3.098533868789673
2026-04-07T10:58:03.183,radio://0/80/2M,range,1,2,Scan,0.5007259249687195,0,0,0,0.0,0,0,0.0,0.0,62575,0,0,3783,0.01990758441388607,0.035378508269786835,0.0,0.0,32766,2476,926,2660,2457,3.1038124561309814
2026-04-07T10:58:03.431,radio://0/80/2M,mission,1,2,Scan,0.5015515089035034,0,0,0,0.0,0,0,0.0,0.0,62575,0,0,3783,0.01990758441388607,0.035378508269786835,0.0,0.0,32766,2476,926,2660,2457,3.1038124561309814
2026-04-07T10:58:03.432,radio://0/80/2M,flow,1,2,Scan,0.5015515089035034,0,0,0,0.0,0,0,0.0,0.0,62825,1,-2,3783,0.004934022203087807,0.03469182178378105,0.0,0.0,32766,2476,926,2660,2457,3.1038124561309814
2026-04-07T10:58:03.433,radio://0/80/2M,range,1,2,Scan,0.5015515089035034,0,0,0,0.0,0,0,0.0,0.0,62825,1,-2,3783,0.004934022203087807,0.03469182178378105,0.0,0.0,32766,32766,926,2697,2453,3.0879766941070557
2026-04-07T10:58:03.681,radio://0/80/2M,mission,1,2,Scan,0.5022445917129517,0,0,0,0.0,0,0,0.0,0.0,62825,1,-2,3783,0.004934022203087807,0.03469182178378105,0.0,0.0,32766,32766,926,2697,2453,3.0879766941070557
2026-04-07T10:58:03.682,radio://0/80/2M,flow,1,2,Scan,0.5022445917129517,0,0,0,0.0,0,0,0.0,0.0,63075,-1,0,3783,-0.018893195316195488,0.02225736901164055,0.0,0.0,32766,32766,926,2697,2453,3.0879766941070557
2026-04-07T10:58:03.683,radio://0/80/2M,range,1,2,Scan,0.5022445917129517,0,0,0,0.0,0,0,0.0,0.0,63075,-1,0,3783,-0.018893195316195488,0.02225736901164055,0.0,0.0,32766,682,990,32766,2455,3.098533868789673
2026-04-07T10:58:03.931,radio://0/80/2M,mission,1,2,Scan,0.50357985496521,0,0,0,0.0,0,0,0.0,0.0,63075,-1,0,3783,-0.018893195316195488,0.02225736901164055,0.0,0.0,32766,682,990,32766,2455,3.098533868789673
2026-04-07T10:58:03.932,radio://0/80/2M,flow,1,2,Scan,0.50357985496521,0,0,0,0.0,0,0,0.0,0.0,63325,-1,0,3783,-0.028562990948557854,0.016251331195235252,0.0,0.0,32766,682,990,32766,2455,3.098533868789673
2026-04-07T10:58:03.933,radio://0/80/2M,range,1,2,Scan,0.50357985496521,0,0,0,0.0,0,0,0.0,0.0,63325,-1,0,3783,-0.028562990948557854,0.016251331195235252,0.0,0.0,32766,681,1074,2333,2446,3.0879766941070557
2026-04-07T10:58:04.181,radio://0/80/2M,mission,1,2,Scan,0.4989171624183655,0,0,0,0.0,0,0,0.0,0.0,63325,-1,0,3783,-0.028562990948557854,0.016251331195235252,0.0,0.0,32766,681,1074,2333,2446,3.0879766941070557
2026-04-07T10:58:04.183,radio://0/80/2M,flow,1,2,Scan,0.4989171624183655,0,0,0,0.0,0,0,0.0,0.0,63575,-1,-2,3783,-0.03773777559399605,0.012302595190703869,0.0,0.0,32766,681,1074,2333,2446,3.0879766941070557
2026-04-07T10:58:04.184,radio://0/80/2M,range,1,2,Scan,0.4989171624183655,0,0,0,0.0,0,0,0.0,0.0,63575,-1,-2,3783,-0.03773777559399605,0.012302595190703869,0.0,0.0,1982,664,1089,1495,2453,3.0932552814483643
2026-04-07T10:58:04.431,radio://0/80/2M,mission,1,2,Scan,0.49777916073799133,0,0,0,0.0,0,0,0.0,0.0,63575,-1,-2,3783,-0.03773777559399605,0.012302595190703869,0.0,0.0,1982,664,1089,1495,2453,3.0932552814483643
2026-04-07T10:58:04.432,radio://0/80/2M,flow,1,2,Scan,0.49777916073799133,0,0,0,0.0,0,0,0.0,0.0,63825,-3,5,3783,0.022985897958278656,-0.03512679040431976,0.0,0.0,1982,664,1089,1495,2453,3.0932552814483643
2026-04-07T10:58:04.433,radio://0/80/2M,range,1,2,Scan,0.49777916073799133,0,0,0,0.0,0,0,0.0,0.0,63825,-3,5,3783,0.022985897958278656,-0.03512679040431976,0.0,0.0,32766,675,1336,1311,2453,3.0879766941070557
2026-04-07T10:58:04.682,radio://0/80/2M,mission,1,2,Scan,0.49673745036125183,0,0,0,0.0,0,0,0.0,0.0,63825,-3,5,3783,0.022985897958278656,-0.03512679040431976,0.0,0.0,32766,675,1336,1311,2453,3.0879766941070557
2026-04-07T10:58:04.683,radio://0/80/2M,flow,1,2,Scan,0.49673745036125183,0,0,0,0.0,0,0,0.0,0.0,64075,-1,-3,3783,-0.0067192018032073975,0.031213445588946342,0.0,0.0,32766,675,1336,1311,2453,3.0879766941070557
2026-04-07T10:58:04.685,radio://0/80/2M,range,1,2,Scan,0.49673745036125183,0,0,0,0.0,0,0,0.0,0.0,64075,-1,-3,3783,-0.0067192018032073975,0.031213445588946342,0.0,0.0,1247,32766,1714,1163,2452,3.098533868789673
2026-04-07T10:58:04.930,radio://0/80/2M,mission,1,2,Scan,0.5000429153442383,0,0,0,0.0,0,0,0.0,0.0,64075,-1,-3,3783,-0.0067192018032073975,0.031213445588946342,0.0,0.0,1247,32766,1714,1163,2452,3.098533868789673
2026-04-07T10:58:04.932,radio://0/80/2M,flow,1,2,Scan,0.5000429153442383,0,0,0,0.0,0,0,0.0,0.0,64325,0,-1,3783,-0.05986959487199783,0.008826949633657932,0.0,0.0,1247,32766,1714,1163,2452,3.098533868789673
2026-04-07T10:58:04.933,radio://0/80/2M,range,1,2,Scan,0.5000429153442383,0,0,0,0.0,0,0,0.0,0.0,64325,0,-1,3783,-0.05986959487199783,0.008826949633657932,0.0,0.0,1260,32766,32766,1137,2451,3.0932552814483643
2026-04-07T10:58:05.180,radio://0/80/2M,mission,1,2,Scan,0.4931461215019226,0,0,0,0.0,0,0,0.0,0.0,64325,0,-1,3783,-0.05986959487199783,0.008826949633657932,0.0,0.0,1260,32766,32766,1137,2451,3.0932552814483643
2026-04-07T10:58:05.181,radio://0/80/2M,flow,1,2,Scan,0.4931461215019226,0,0,0,0.0,0,0,0.0,0.0,64575,0,-3,4019,-0.05721605569124222,0.0009297466604039073,0.0,0.0,1260,32766,32766,1137,2451,3.0932552814483643
2026-04-07T10:58:05.182,radio://0/80/2M,range,1,2,Scan,0.4931461215019226,0,0,0,0.0,0,0,0.0,0.0,64575,0,-3,4019,-0.05721605569124222,0.0009297466604039073,0.0,0.0,1190,32766,32766,1133,2452,3.082698106765747
2026-04-07T10:58:05.430,radio://0/80/2M,mission,1,2,Scan,0.4965973198413849,0,0,0,0.0,0,0,0.0,0.0,64575,0,-3,4019,-0.05721605569124222,0.0009297466604039073,0.0,0.0,1190,32766,32766,1133,2452,3.082698106765747
2026-04-07T10:58:05.431,radio://0/80/2M,flow,1,2,Scan,0.4965973198413849,0,0,0,0.0,0,0,0.0,0.0,64825,0,0,4019,-0.03926827013492584,0.005989200435578823,0.0,0.0,1190,32766,32766,1133,2452,3.082698106765747
2026-04-07T10:58:05.432,radio://0/80/2M,range,1,2,Scan,0.4965973198413849,0,0,0,0.0,0,0,0.0,0.0,64825,0,0,4019,-0.03926827013492584,0.005989200435578823,0.0,0.0,1153,2516,32766,1137,2449,3.082698106765747
2026-04-07T10:58:05.679,radio://0/80/2M,mission,1,2,Scan,0.5002707242965698,0,0,0,0.0,0,0,0.0,0.0,64825,0,0,4019,-0.03926827013492584,0.005989200435578823,0.0,0.0,1153,2516,32766,1137,2449,3.082698106765747
2026-04-07T10:58:05.680,radio://0/80/2M,flow,1,2,Scan,0.5002707242965698,0,0,0,0.0,0,0,0.0,0.0,65075,2,-1,4019,-0.017100002616643906,0.01734798587858677,0.0,0.0,1153,2516,32766,1137,2449,3.082698106765747
2026-04-07T10:58:05.682,radio://0/80/2M,range,1,2,Scan,0.5002707242965698,0,0,0,0.0,0,0,0.0,0.0,65075,2,-1,4019,-0.017100002616643906,0.01734798587858677,0.0,0.0,2224,32766,32766,1171,2432,3.0932552814483643
2026-04-07T10:58:05.933,radio://0/80/2M,mission,1,2,Scan,0.5011468529701233,0,0,0,0.0,0,0,0.0,0.0,65075,2,-1,4019,-0.017100002616643906,0.01734798587858677,0.0,0.0,2224,32766,32766,1171,2432,3.0932552814483643
2026-04-07T10:58:05.935,radio://0/80/2M,flow,1,2,Scan,0.5011468529701233,0,0,0,0.0,0,0,0.0,0.0,65325,-1,-5,4270,0.018381955102086067,0.00740501144900918,0.0,0.0,2224,32766,32766,1171,2432,3.0932552814483643
2026-04-07T10:58:05.936,radio://0/80/2M,range,1,2,Scan,0.5011468529701233,0,0,0,0.0,0,0,0.0,0.0,65325,-1,-5,4270,0.018381955102086067,0.00740501144900918,0.0,0.0,2295,2540,32766,1252,2429,3.082698106765747
2026-04-07T10:58:06.178,radio://0/80/2M,mission,1,2,Scan,0.505856454372406,0,0,0,0.0,0,0,0.0,0.0,65325,-1,-5,4270,0.018381955102086067,0.00740501144900918,0.0,0.0,2295,2540,32766,1252,2429,3.082698106765747
2026-04-07T10:58:06.179,radio://0/80/2M,flow,1,2,Scan,0.505856454372406,0,0,0,0.0,0,0,0.0,0.0,65575,1,0,4270,0.023804636672139168,-0.0015471515944227576,0.0,0.0,2295,2540,32766,1252,2429,3.082698106765747
2026-04-07T10:58:06.182,radio://0/80/2M,range,1,2,Scan,0.505856454372406,0,0,0,0.0,0,0,0.0,0.0,65575,1,0,4270,0.023804636672139168,-0.0015471515944227576,0.0,0.0,32766,32766,1926,1366,2431,3.098533868789673
2026-04-07T10:58:06.429,radio://0/80/2M,mission,1,5,Transition,0.5076150894165039,0,0,0,0.0,0,0,0.0,0.0,65575,1,0,4270,0.023804636672139168,-0.0015471515944227576,0.0,0.0,32766,32766,1926,1366,2431,3.098533868789673
2026-04-07T10:58:06.430,radio://0/80/2M,flow,1,5,Transition,0.5076150894165039,0,0,0,0.0,0,0,0.0,0.0,65825,-3,-2,4536,0.02235146053135395,-0.011112756095826626,0.0,0.0,32766,32766,1926,1366,2431,3.098533868789673
2026-04-07T10:58:06.431,radio://0/80/2M,range,1,5,Transition,0.5076150894165039,0,0,0,0.0,0,0,0.0,0.0,65825,-3,-2,4536,0.02235146053135395,-0.011112756095826626,0.0,0.0,32766,32766,1870,1415,2419,3.0932552814483643
2026-04-07T10:58:06.678,radio://0/80/2M,mission,1,5,Transition,0.5040135979652405,0,0,0,0.0,0,0,0.0,0.0,65825,-3,-2,4536,0.02235146053135395,-0.011112756095826626,0.0,0.0,32766,32766,1870,1415,2419,3.0932552814483643
2026-04-07T10:58:06.679,radio://0/80/2M,flow,1,5,Transition,0.5040135979652405,0,0,0,0.0,0,0,0.0,0.0,66075,0,1,4536,0.015792399644851685,-0.003153763245791197,0.0,0.0,32766,32766,1870,1415,2419,3.0932552814483643
2026-04-07T10:58:06.681,radio://0/80/2M,range,1,5,Transition,0.5040135979652405,0,0,0,0.0,0,0,0.0,0.0,66075,0,1,4536,0.015792399644851685,-0.003153763245791197,0.0,0.0,32766,32766,1070,1610,2432,3.0932552814483643
2026-04-07T10:58:06.928,radio://0/80/2M,mission,1,4,Land,0.4991428256034851,0,0,0,0.0,0,0,0.0,0.0,66075,0,1,4536,0.015792399644851685,-0.003153763245791197,0.0,0.0,32766,32766,1070,1610,2432,3.0932552814483643
2026-04-07T10:58:06.930,radio://0/80/2M,flow,1,4,Land,0.4991428256034851,0,0,0,0.0,0,0,0.0,0.0,66325,0,-2,4536,-0.06499897688627243,0.011077896691858768,0.0,0.0,32766,32766,1070,1610,2432,3.0932552814483643
2026-04-07T10:58:06.931,radio://0/80/2M,range,1,4,Land,0.4991428256034851,0,0,0,0.0,0,0,0.0,0.0,66325,0,-2,4536,-0.06499897688627243,0.011077896691858768,0.0,0.0,32766,32766,1021,1728,2433,3.1038124561309814
2026-04-07T10:58:07.178,radio://0/80/2M,mission,1,4,Land,0.4733489453792572,0,0,0,0.0,0,0,0.0,0.0,66325,0,-2,4536,-0.06499897688627243,0.011077896691858768,0.0,0.0,32766,32766,1021,1728,2433,3.1038124561309814
2026-04-07T10:58:07.179,radio://0/80/2M,flow,1,4,Land,0.4733489453792572,0,0,0,0.0,0,0,0.0,0.0,66575,0,-3,4536,-0.1325993537902832,-0.04122732952237129,0.0,0.0,32766,32766,1021,1728,2433,3.1038124561309814
2026-04-07T10:58:07.180,radio://0/80/2M,range,1,4,Land,0.4733489453792572,0,0,0,0.0,0,0,0.0,0.0,66575,0,-3,4536,-0.1325993537902832,-0.04122732952237129,0.0,0.0,32766,32766,314,1829,2453,3.10909104347229
2026-04-07T10:58:07.429,radio://0/80/2M,mission,1,4,Land,0.4351435601711273,0,0,0,0.0,0,0,0.0,0.0,66575,0,-3,4536,-0.1325993537902832,-0.04122732952237129,0.0,0.0,32766,32766,314,1829,2453,3.10909104347229
2026-04-07T10:58:07.430,radio://0/80/2M,flow,1,4,Land,0.4351435601711273,0,0,0,0.0,0,0,0.0,0.0,66825,0,-2,4536,-0.11091560870409012,-0.03354097157716751,0.0,0.0,32766,32766,314,1829,2453,3.10909104347229
2026-04-07T10:58:07.431,radio://0/80/2M,range,1,4,Land,0.4351435601711273,0,0,0,0.0,0,0,0.0,0.0,66825,0,-2,4536,-0.11091560870409012,-0.03354097157716751,0.0,0.0,32766,665,32766,1902,2481,3.098533868789673
2026-04-07T10:58:07.678,radio://0/80/2M,mission,1,4,Land,0.376209557056427,0,0,0,0.0,0,0,0.0,0.0,66825,0,-2,4536,-0.11091560870409012,-0.03354097157716751,0.0,0.0,32766,665,32766,1902,2481,3.098533868789673
2026-04-07T10:58:07.680,radio://0/80/2M,flow,1,4,Land,0.376209557056427,0,0,0,0.0,0,0,0.0,0.0,67075,1,-1,4536,-0.0632820725440979,-0.008881459943950176,0.0,0.0,32766,665,32766,1902,2481,3.098533868789673
2026-04-07T10:58:07.681,radio://0/80/2M,range,1,4,Land,0.376209557056427,0,0,0,0.0,0,0,0.0,0.0,67075,1,-1,4536,-0.0632820725440979,-0.008881459943950176,0.0,0.0,32766,639,32766,2000,2546,3.098533868789673
2026-04-07T10:58:07.928,radio://0/80/2M,mission,1,4,Land,0.3077971935272217,0,0,0,0.0,0,0,0.0,0.0,67075,1,-1,4536,-0.0632820725440979,-0.008881459943950176,0.0,0.0,32766,639,32766,2000,2546,3.098533868789673
2026-04-07T10:58:07.929,radio://0/80/2M,flow,1,4,Land,0.3077971935272217,0,0,0,0.0,0,0,0.0,0.0,67325,1,0,4536,-0.010191243141889572,0.022224312648177147,0.0,0.0,32766,639,32766,2000,2546,3.098533868789673
2026-04-07T10:58:07.930,radio://0/80/2M,range,1,4,Land,0.3077971935272217,0,0,0,0.0,0,0,0.0,0.0,67325,1,0,4536,-0.010191243141889572,0.022224312648177147,0.0,0.0,32766,607,32766,2000,2603,3.0774195194244385
2026-04-07T10:58:08.177,radio://0/80/2M,mission,1,4,Land,0.2369476854801178,0,0,0,0.0,0,0,0.0,0.0,67325,1,0,4536,-0.010191243141889572,0.022224312648177147,0.0,0.0,32766,607,32766,2000,2603,3.0774195194244385
2026-04-07T10:58:08.179,radio://0/80/2M,flow,1,4,Land,0.2369476854801178,0,0,0,0.0,0,0,0.0,0.0,67575,-1,0,4518,-0.025792911648750305,-0.02442901022732258,0.0,0.0,32766,607,32766,2000,2603,3.0774195194244385
2026-04-07T10:58:08.180,radio://0/80/2M,range,1,4,Land,0.2369476854801178,0,0,0,0.0,0,0,0.0,0.0,67575,-1,0,4518,-0.025792911648750305,-0.02442901022732258,0.0,0.0,32766,593,32766,2000,2684,3.082698106765747
2026-04-07T10:58:08.427,radio://0/80/2M,mission,1,4,Land,0.17650948464870453,0,0,0,0.0,0,0,0.0,0.0,67575,-1,0,4518,-0.025792911648750305,-0.02442901022732258,0.0,0.0,32766,593,32766,2000,2684,3.082698106765747
2026-04-07T10:58:08.428,radio://0/80/2M,flow,1,4,Land,0.17650948464870453,0,0,0,0.0,0,0,0.0,0.0,67825,-1,-1,4137,0.013755463995039463,0.01732981577515602,0.0,0.0,32766,593,32766,2000,2684,3.082698106765747
2026-04-07T10:58:08.429,radio://0/80/2M,range,1,4,Land,0.17650948464870453,0,0,0,0.0,0,0,0.0,0.0,67825,-1,-1,4137,0.013755463995039463,0.01732981577515602,0.0,0.0,32766,32766,32766,1925,2738,3.082698106765747
2026-04-07T10:58:08.677,radio://0/80/2M,mission,1,4,Land,0.10710152983665466,0,0,0,0.0,0,0,0.0,0.0,67825,-1,-1,4137,0.013755463995039463,0.01732981577515602,0.0,0.0,32766,32766,32766,1925,2738,3.082698106765747
2026-04-07T10:58:08.680,radio://0/80/2M,flow,1,4,Land,0.10710152983665466,0,0,0,0.0,0,0,0.0,0.0,68075,-14,0,3255,-0.01321361307054758,-0.035229939967393875,0.0,0.0,32766,32766,32766,1925,2738,3.082698106765747
2026-04-07T10:58:08.681,radio://0/80/2M,range,1,4,Land,0.10710152983665466,0,0,0,0.0,0,0,0.0,0.0,68075,-14,0,3255,-0.01321361307054758,-0.035229939967393875,0.0,0.0,32766,32766,32766,1848,2811,3.0879766941070557
2026-04-07T10:58:08.926,radio://0/80/2M,mission,0,0,Reacquire Wall,0.006666555069386959,0,0,0,0.0,0,0,0.0,0.0,68075,-14,0,3255,-0.01321361307054758,-0.035229939967393875,0.0,0.0,32766,32766,32766,1848,2811,3.0879766941070557
2026-04-07T10:58:08.928,radio://0/80/2M,flow,0,0,Reacquire Wall,0.006666555069386959,0,0,0,0.0,0,0,0.0,0.0,68325,-20,4,2901,-0.016486266627907753,-0.12888221442699432,0.0,0.0,32766,32766,32766,1848,2811,3.0879766941070557
2026-04-07T10:58:08.929,radio://0/80/2M,range,0,0,Reacquire Wall,0.006666555069386959,0,0,0,0.0,0,0,0.0,0.0,68325,-20,4,2901,-0.016486266627907753,-0.12888221442699432,0.0,0.0,32766,507,32766,32766,2857,3.621114492416382
2026-04-07T10:58:09.177,radio://0/80/2M,mission,0,0,Reacquire Wall,-0.07208570092916489,0,0,0,0.0,0,0,0.0,0.0,68325,-20,4,2901,-0.016486266627907753,-0.12888221442699432,0.0,0.0,32766,507,32766,32766,2857,3.621114492416382
2026-04-07T10:58:09.178,radio://0/80/2M,flow,0,0,Reacquire Wall,-0.07208570092916489,0,0,0,0.0,0,0,0.0,0.0,68575,0,0,8191,0.11202770471572876,-0.3157038688659668,0.0,0.0,32766,507,32766,32766,2857,3.621114492416382
2026-04-07T10:58:09.179,radio://0/80/2M,range,0,0,Reacquire Wall,-0.07208570092916489,0,0,0,0.0,0,0,0.0,0.0,68575,0,0,8191,0.11202770471572876,-0.3157038688659668,0.0,0.0,32766,507,32766,32766,2857,3.6527860164642334
2026-04-07T10:58:09.426,radio://0/80/2M,mission,0,0,Reacquire Wall,-0.14191515743732452,0,0,0,0.0,0,0,0.0,0.0,68575,0,0,8191,0.11202770471572876,-0.3157038688659668,0.0,0.0,32766,507,32766,32766,2857,3.6527860164642334
2026-04-07T10:58:09.428,radio://0/80/2M,flow,0,0,Reacquire Wall,-0.14191515743732452,0,0,0,0.0,0,0,0.0,0.0,68825,0,0,8191,0.15391357243061066,-0.41591817140579224,0.0,0.0,32766,507,32766,32766,2857,3.6527860164642334
2026-04-07T10:58:09.429,radio://0/80/2M,range,0,0,Reacquire Wall,-0.14191515743732452,0,0,0,0.0,0,0,0.0,0.0,68825,0,0,8191,0.15391357243061066,-0.41591817140579224,0.0,0.0,32766,507,32766,32766,2857,3.6633431911468506
2026-04-07T10:58:09.676,radio://0/80/2M,mission,0,0,Reacquire Wall,-0.21220828592777252,0,0,0,0.0,0,0,0.0,0.0,68825,0,0,8191,0.15391357243061066,-0.41591817140579224,0.0,0.0,32766,507,32766,32766,2857,3.6633431911468506
2026-04-07T10:58:09.677,radio://0/80/2M,flow,0,0,Reacquire Wall,-0.21220828592777252,0,0,0,0.0,0,0,0.0,0.0,69075,0,0,8191,0.20209528505802155,-0.5193049311637878,0.0,0.0,32766,507,32766,32766,2857,3.6633431911468506
2026-04-07T10:58:09.678,radio://0/80/2M,range,0,0,Reacquire Wall,-0.21220828592777252,0,0,0,0.0,0,0,0.0,0.0,69075,0,0,8191,0.20209528505802155,-0.5193049311637878,0.0,0.0,32766,507,32766,32766,2857,3.668621778488159
2026-04-07T10:58:09.926,radio://0/80/2M,mission,0,0,Reacquire Wall,-0.2835442125797272,0,0,0,0.0,0,0,0.0,0.0,69075,0,0,8191,0.20209528505802155,-0.5193049311637878,0.0,0.0,32766,507,32766,32766,2857,3.668621778488159
2026-04-07T10:58:09.927,radio://0/80/2M,flow,0,0,Reacquire Wall,-0.2835442125797272,0,0,0,0.0,0,0,0.0,0.0,69325,0,0,8191,0.2511948347091675,-0.6236607432365417,0.0,0.0,32766,507,32766,32766,2857,3.668621778488159
2026-04-07T10:58:09.929,radio://0/80/2M,range,0,0,Reacquire Wall,-0.2835442125797272,0,0,0,0.0,0,0,0.0,0.0,69325,0,0,8191,0.2511948347091675,-0.6236607432365417,0.0,0.0,32766,507,32766,32766,2857,3.6739003658294678
