Time,uri,source,outer,mission,mission_name,shutter,human,human_fresh,human_stable,human_hold_s,human_confidence_pct,human_direction,human_max_temp_c,human_thermistor_c,flow_timestamp_ms,delta_x,delta_y,height_m,vel_x_mps,vel_y_mps,cmd_x_mps,cmd_y_mps,front_mm,left_mm,right_mm,back_mm,up_mm,vbat_v
2026-04-07T11:43:20.777,radio://0/80/2M,mission,0,0,Reacquire Wall,0,1,1,1,12.400999069213867,100,0,28.5,24.38,0,0,0,0.00017431352171115577,0.0,0.0,0.0,0.0,32766,32766,32766,32766,32766,0.0
2026-04-07T11:43:20.780,radio://0/80/2M,flow,0,0,Reacquire Wall,8191,1,1,1,12.400999069213867,100,0,28.5,24.38,32409,2,-5,0.00017431352171115577,0.005229513626545668,0.0012574787251651287,0.0,0.0,32766,32766,32766,32766,32766,0.0
2026-04-07T11:43:20.781,radio://0/80/2M,range,0,0,Reacquire Wall,8191,1,1,1,12.400999069213867,100,0,28.5,24.38,32409,2,-5,0.00017431352171115577,0.005229513626545668,0.0012574787251651287,0.0,0.0,334,489,525,674,32766,3.7794721126556396
2026-04-07T11:43:21.028,radio://0/80/2M,mission,0,0,Reacquire Wall,8191,1,1,1,12.650999069213867,100,0,28.5,24.31,32409,2,-5,0.00015061660087667406,0.005229513626545668,0.0012574787251651287,0.0,0.0,334,489,525,674,32766,3.7794721126556396
2026-04-07T11:43:21.029,radio://0/80/2M,flow,0,0,Reacquire Wall,8191,1,1,1,12.650999069213867,100,0,28.5,24.31,32659,2,0,0.00015061660087667406,-0.0013046719832345843,-0.00015140895266085863,0.0,0.0,334,489,525,674,32766,3.7794721126556396
2026-04-07T11:43:21.030,radio://0/80/2M,range,0,0,Reacquire Wall,8191,1,1,1,12.650999069213867,100,0,28.5,24.31,32659,2,0,0.00015061660087667406,-0.0013046719832345843,-0.00015140895266085863,0.0,0.0,330,484,522,676,32766,3.7794721126556396
2026-04-07T11:43:21.277,radio://0/80/2M,mission,0,0,Reacquire Wall,8191,1,1,1,12.900999069213867,100,0,28.5,24.38,32659,2,0,0.0001706234470475465,-0.0013046719832345843,-0.00015140895266085863,0.0,0.0,330,484,522,676,32766,3.7794721126556396
2026-04-07T11:43:21.279,radio://0/80/2M,flow,0,0,Reacquire Wall,8191,1,1,1,12.900999069213867,100,0,28.5,24.38,32909,7,0,0.0001706234470475465,0.0029227090999484062,0.00011658999574137852,0.0,0.0,330,484,522,676,32766,3.7794721126556396
2026-04-07T11:43:21.280,radio://0/80/2M,range,0,0,Reacquire Wall,8191,1,1,1,12.900999069213867,100,0,28.5,24.38,32909,7,0,0.0001706234470475465,0.0029227090999484062,0.00011658999574137852,0.0,0.0,325,488,519,676,32766,3.774193525314331
2026-04-07T11:43:21.527,radio://0/80/2M,mission,0,0,Reacquire Wall,8191,1,1,1,13.150999069213867,100,1,28.5,24.38,32909,7,0,0.00013906772073823959,0.0029227090999484062,0.00011658999574137852,0.0,0.0,325,488,519,676,32766,3.774193525314331
2026-04-07T11:43:21.530,radio://0/80/2M,flow,0,0,Reacquire Wall,8191,1,1,1,13.150999069213867,100,1,28.5,24.38,33159,-3,-1,0.00013906772073823959,0.0019681730773299932,0.0032213954254984856,0.0,0.0,325,488,519,676,32766,3.774193525314331
2026-04-07T11:43:21.531,radio://0/80/2M,range,0,0,Reacquire Wall,8191,1,1,1,13.150999069213867,100,1,28.5,24.38,33159,-3,-1,0.00013906772073823959,0.0019681730773299932,0.0032213954254984856,0.0,0.0,97,492,517,676,32766,3.774193525314331
2026-04-07T11:43:21.777,radio://0/80/2M,mission,0,0,Reacquire Wall,8191,1,1,1,13.400999069213867,100,1,28.75,24.38,33159,-3,-1,0.00010370042582508177,0.0019681730773299932,0.0032213954254984856,0.0,0.0,97,492,517,676,32766,3.774193525314331
2026-04-07T11:43:21.779,radio://0/80/2M,flow,0,0,Reacquire Wall,8191,1,1,1,13.400999069213867,100,1,28.75,24.38,33409,0,-1,0.00010370042582508177,0.0034124325029551983,0.0037964489310979843,0.0,0.0,97,492,517,676,32766,3.774193525314331
2026-04-07T11:43:21.780,radio://0/80/2M,range,0,0,Reacquire Wall,8191,1,1,1,13.400999069213867,100,1,28.75,24.38,33409,0,-1,0.00010370042582508177,0.0034124325029551983,0.0037964489310979843,0.0,0.0,113,495,517,678,32766,3.7794721126556396
2026-04-07T11:43:22.027,radio://0/80/2M,mission,0,0,Reacquire Wall,8191,1,1,1,13.650999069213867,100,0,28.75,24.38,33409,0,-1,9.422191214980558e-05,0.0034124325029551983,0.0037964489310979843,0.0,0.0,113,495,517,678,32766,3.7794721126556396
2026-04-07T11:43:22.029,radio://0/80/2M,flow,0,0,Reacquire Wall,8191,1,1,1,13.650999069213867,100,0,28.75,24.38,33659,0,-6,9.422191214980558e-05,0.0022197009529918432,-0.002196806250140071,0.0,0.0,113,495,517,678,32766,3.7794721126556396
2026-04-07T11:43:22.030,radio://0/80/2M,range,0,0,Reacquire Wall,8191,1,1,1,13.650999069213867,100,0,28.75,24.38,33659,0,-6,9.422191214980558e-05,0.0022197009529918432,-0.002196806250140071,0.0,0.0,154,469,517,675,32766,3.7794721126556396
2026-04-07T11:43:22.277,radio://0/80/2M,mission,0,0,Reacquire Wall,8191,1,1,1,13.900999069213867,100,1,27.75,24.38,33659,0,-6,8.793378947302699e-05,0.0022197009529918432,-0.002196806250140071,0.0,0.0,154,469,517,675,32766,3.7794721126556396
2026-04-07T11:43:22.280,radio://0/80/2M,flow,0,0,Reacquire Wall,8191,1,1,1,13.900999069213867,100,1,27.75,24.38,33909,0,0,8.793378947302699e-05,0.0019196742214262486,0.0042832521721720695,0.0,0.0,154,469,517,675,32766,3.7794721126556396
2026-04-07T11:43:22.281,radio://0/80/2M,range,0,0,Reacquire Wall,8191,1,1,1,13.900999069213867,100,1,27.75,24.38,33909,0,0,8.793378947302699e-05,0.0019196742214262486,0.0042832521721720695,0.0,0.0,415,167,515,674,32766,3.7794721126556396
2026-04-07T11:43:22.527,radio://0/80/2M,mission,0,0,Reacquire Wall,8191,1,1,1,14.150999069213867,100,1,28.25,24.38,33909,0,0,0.00013225007569417357,0.0019196742214262486,0.0042832521721720695,0.0,0.0,415,167,515,674,32766,3.7794721126556396
2026-04-07T11:43:22.530,radio://0/80/2M,flow,0,0,Reacquire Wall,8191,1,1,1,14.150999069213867,100,1,28.25,24.38,34159,0,0,0.00013225007569417357,0.00015676746261306107,-0.0014908959856256843,0.0,0.0,415,167,515,674,32766,3.7794721126556396
2026-04-07T11:43:22.531,radio://0/80/2M,range,0,0,Reacquire Wall,8191,1,1,1,14.150999069213867,100,1,28.25,24.38,34159,0,0,0.00013225007569417357,0.00015676746261306107,-0.0014908959856256843,0.0,0.0,1850,229,518,674,32766,3.7794721126556396
2026-04-07T11:43:22.776,radio://0/80/2M,mission,0,0,Reacquire Wall,8191,0,1,0,0.0,100,0,28.5,24.44,34159,0,0,2.42348341998877e-05,0.00015676746261306107,-0.0014908959856256843,0.0,0.0,1850,229,518,674,32766,3.7794721126556396
2026-04-07T11:43:22.779,radio://0/80/2M,flow,0,0,Reacquire Wall,8191,0,1,0,0.0,100,0,28.5,24.44,34409,-3,-4,2.42348341998877e-05,0.03187095373868942,-0.018579615280032158,0.0,0.0,1850,229,518,674,32766,3.7794721126556396
2026-04-07T11:43:22.780,radio://0/80/2M,range,0,0,Reacquire Wall,8191,0,1,0,0.0,100,0,28.5,24.44,34409,-3,-4,2.42348341998877e-05,0.03187095373868942,-0.018579615280032158,0.0,0.0,32766,145,522,675,32766,3.7794721126556396
2026-04-07T11:43:23.027,radio://0/80/2M,mission,0,0,Reacquire Wall,8191,0,1,0,0.0,100,0,28.25,24.38,34409,-3,-4,0.00044910021824762225,0.03187095373868942,-0.018579615280032158,0.0,0.0,32766,145,522,675,32766,3.7794721126556396
2026-04-07T11:43:23.030,radio://0/80/2M,flow,0,0,Reacquire Wall,8191,0,1,0,0.0,100,0,28.25,24.38,34659,-2,4,0.00044910021824762225,0.010921905748546124,-0.001584812649525702,0.0,0.0,32766,145,522,675,32766,3.7794721126556396
2026-04-07T11:43:23.031,radio://0/80/2M,range,0,0,Reacquire Wall,8191,0,1,0,0.0,100,0,28.25,24.38,34659,-2,4,0.00044910021824762225,0.010921905748546124,-0.001584812649525702,0.0,0.0,1766,159,523,675,32766,3.774193525314331
2026-04-07T11:43:23.276,radio://0/80/2M,mission,0,0,Reacquire Wall,8191,0,1,0,0.0,100,0,28.75,24.44,34659,-2,4,0.0006344944704324007,0.010921905748546124,-0.001584812649525702,0.0,0.0,1766,159,523,675,32766,3.774193525314331
2026-04-07T11:43:23.279,radio://0/80/2M,flow,0,0,Reacquire Wall,8191,0,1,0,0.0,100,0,28.75,24.44,34909,0,-3,0.0006344944704324007,0.010213600471615791,-0.012503490783274174,0.0,0.0,1766,159,523,675,32766,3.774193525314331
2026-04-07T11:43:23.280,radio://0/80/2M,range,0,0,Reacquire Wall,8191,0,1,0,0.0,100,0,28.75,24.44,34909,0,-3,0.0006344944704324007,0.010213600471615791,-0.012503490783274174,0.0,0.0,1741,32766,528,675,32766,3.7794721126556396
2026-04-07T11:43:23.527,radio://0/80/2M,mission,0,0,Reacquire Wall,8191,0,1,0,0.0,100,0,28.25,24.38,34909,0,-3,0.0003383051953278482,0.010213600471615791,-0.012503490783274174,0.0,0.0,1741,32766,528,675,32766,3.7794721126556396
2026-04-07T11:43:23.528,radio://0/80/2M,flow,0,0,Reacquire Wall,8191,0,1,0,0.0,100,0,28.25,24.38,35159,0,5,0.0003383051953278482,-0.0021132021211087704,-0.002443630713969469,0.0,0.0,1741,32766,528,675,32766,3.7794721126556396
2026-04-07T11:43:23.529,radio://0/80/2M,range,0,0,Reacquire Wall,8191,0,1,0,0.0,100,0,28.25,24.38,35159,0,5,0.0003383051953278482,-0.0021132021211087704,-0.002443630713969469,0.0,0.0,32766,77,525,674,32766,3.7794721126556396
2026-04-07T11:43:23.776,radio://0/80/2M,mission,0,0,Reacquire Wall,8191,0,1,0,0.0,100,0,28.5,24.44,35159,0,5,0.00012950814561918378,-0.0021132021211087704,-0.002443630713969469,0.0,0.0,32766,77,525,674,32766,3.7794721126556396
2026-04-07T11:43:23.779,radio://0/80/2M,flow,0,0,Reacquire Wall,8191,0,1,0,0.0,100,0,28.5,24.44,35409,-1,-2,0.00012950814561918378,-0.009952442720532417,-0.025092391297221184,0.0,0.0,32766,77,525,674,32766,3.7794721126556396
2026-04-07T11:43:23.780,radio://0/80/2M,range,0,0,Reacquire Wall,8191,0,1,0,0.0,100,0,28.5,24.44,35409,-1,-2,0.00012950814561918378,-0.009952442720532417,-0.025092391297221184,0.0,0.0,32766,74,522,673,32766,3.774193525314331
2026-04-07T11:43:24.026,radio://0/80/2M,mission,0,0,Reacquire Wall,8191,0,1,0,0.0,100,0,28.5,24.38,35409,-1,-2,0.00030311147565953434,-0.009952442720532417,-0.025092391297221184,0.0,0.0,32766,74,522,673,32766,3.774193525314331
2026-04-07T11:43:24.028,radio://0/80/2M,flow,0,0,Reacquire Wall,8191,0,1,0,0.0,100,0,28.5,24.38,35659,3,-1,0.00030311147565953434,-0.0005364932585507631,-0.015634024515748024,0.0,0.0,32766,74,522,673,32766,3.774193525314331
2026-04-07T11:43:24.029,radio://0/80/2M,range,0,0,Reacquire Wall,8191,0,1,0,0.0,100,0,28.5,24.38,35659,3,-1,0.00030311147565953434,-0.0005364932585507631,-0.015634024515748024,0.0,0.0,32766,79,518,672,32766,3.7794721126556396
2026-04-07T11:43:24.276,radio://0/80/2M,mission,0,0,Reacquire Wall,8191,0,1,0,0.0,100,0,29.0,24.44,35659,3,-1,0.0004426965315360576,-0.0005364932585507631,-0.015634024515748024,0.0,0.0,32766,79,518,672,32766,3.7794721126556396
2026-04-07T11:43:24.279,radio://0/80/2M,flow,0,0,Reacquire Wall,8191,0,1,0,0.0,100,0,29.0,24.44,35909,4,0,0.0004426965315360576,0.019994305446743965,-0.007994530722498894,0.0,0.0,32766,79,518,672,32766,3.7794721126556396
2026-04-07T11:43:24.280,radio://0/80/2M,range,0,0,Reacquire Wall,8191,0,1,0,0.0,100,0,29.0,24.44,35909,4,0,0.0004426965315360576,0.019994305446743965,-0.007994530722498894,0.0,0.0,32766,82,517,674,32766,3.7794721126556396
2026-04-07T11:43:24.526,radio://0/80/2M,mission,0,0,Reacquire Wall,8191,0,1,0,0.0,100,0,28.5,24.38,35909,4,0,0.0020480311941355467,0.019994305446743965,-0.007994530722498894,0.0,0.0,32766,82,517,674,32766,3.7794721126556396
2026-04-07T11:43:24.529,radio://0/80/2M,flow,0,0,Reacquire Wall,5114,0,1,0,0.0,100,0,28.5,24.38,36159,-4,-4,0.0020480311941355467,0.04740690439939499,0.02477043867111206,0.0,0.0,32766,82,517,674,32766,3.7794721126556396
2026-04-07T11:43:24.530,radio://0/80/2M,range,0,0,Reacquire Wall,5114,0,1,0,0.0,100,0,28.5,24.38,36159,-4,-4,0.0020480311941355467,0.04740690439939499,0.02477043867111206,0.0,0.0,1787,118,32766,683,32766,3.774193525314331
2026-04-07T11:43:24.776,radio://0/80/2M,mission,0,0,Reacquire Wall,5114,0,1,0,0.0,100,0,28.25,24.44,36159,-4,-4,0.011836507357656956,0.04740690439939499,0.02477043867111206,0.0,0.0,1787,118,32766,683,32766,3.774193525314331
2026-04-07T11:43:24.780,radio://0/80/2M,flow,0,0,Reacquire Wall,2892,0,1,0,0.0,100,0,28.25,24.44,36409,1,2,0.011836507357656956,-0.025604985654354095,0.003254236886277795,0.0,0.0,1787,118,32766,683,32766,3.774193525314331
2026-04-07T11:43:24.781,radio://0/80/2M,range,0,0,Reacquire Wall,2892,0,1,0,0.0,100,0,28.25,24.44,36409,1,2,0.011836507357656956,-0.025604985654354095,0.003254236886277795,0.0,0.0,499,132,541,646,32766,3.774193525314331
2026-04-07T11:43:25.026,radio://0/80/2M,mission,0,0,Reacquire Wall,2892,1,1,0,0.1399993896484375,100,1,28.5,24.44,36409,1,2,0.04178883507847786,-0.025604985654354095,0.003254236886277795,0.0,0.0,499,132,541,646,32766,3.774193525314331
2026-04-07T11:43:25.029,radio://0/80/2M,flow,0,0,Reacquire Wall,2428,1,1,0,0.1399993896484375,100,1,28.5,24.44,36659,-1,-4,0.04178883507847786,-0.040544621646404266,-0.005419869441539049,0.0,0.0,499,132,541,646,32766,3.774193525314331
2026-04-07T11:43:25.030,radio://0/80/2M,range,0,0,Reacquire Wall,2428,1,1,0,0.1399993896484375,100,1,28.5,24.44,36659,-1,-4,0.04178883507847786,-0.040544621646404266,-0.005419869441539049,0.0,0.0,31,181,525,543,32766,3.774193525314331
2026-04-07T11:43:25.276,radio://0/80/2M,mission,0,0,Reacquire Wall,2428,1,1,0,0.3899993896484375,100,1,29.0,24.44,36659,-1,-4,0.05620860680937767,-0.040544621646404266,-0.005419869441539049,0.0,0.0,31,181,525,543,32766,3.774193525314331
2026-04-07T11:43:25.277,radio://0/80/2M,flow,0,0,Reacquire Wall,3198,1,1,0,0.3899993896484375,100,1,29.0,24.44,36909,-3,2,0.05620860680937767,-0.0676671490073204,0.005286987405270338,0.0,0.0,31,181,525,543,32766,3.774193525314331
2026-04-07T11:43:25.279,radio://0/80/2M,range,0,0,Reacquire Wall,3198,1,1,0,0.3899993896484375,100,1,29.0,24.44,36909,-3,2,0.05620860680937767,-0.0676671490073204,0.005286987405270338,0.0,0.0,74,220,513,560,32766,3.7689149379730225
2026-04-07T11:43:25.525,radio://0/80/2M,mission,0,0,Reacquire Wall,3198,1,1,0,0.6399993896484375,100,0,29.0,24.44,36909,-3,2,0.049961984157562256,-0.0676671490073204,0.005286987405270338,0.0,0.0,74,220,513,560,32766,3.7689149379730225
2026-04-07T11:43:25.528,radio://0/80/2M,flow,0,0,Reacquire Wall,2681,1,1,0,0.6399993896484375,100,0,29.0,24.44,37159,1,0,0.049961984157562256,-0.014875215478241444,0.0022817656863480806,0.0,0.0,74,220,513,560,32766,3.7689149379730225
2026-04-07T11:43:25.529,radio://0/80/2M,range,0,0,Reacquire Wall,2681,1,1,0,0.6399993896484375,100,0,29.0,24.44,37159,1,0,0.049961984157562256,-0.014875215478241444,0.0022817656863480806,0.0,0.0,71,237,532,607,32766,3.774193525314331
2026-04-07T11:43:25.775,radio://0/80/2M,mission,0,0,Reacquire Wall,2681,1,1,0,0.8899993896484375,100,1,29.0,24.38,37159,1,0,0.0487569123506546,-0.014875215478241444,0.0022817656863480806,0.0,0.0,71,237,532,607,32766,3.774193525314331
2026-04-07T11:43:25.778,radio://0/80/2M,flow,0,0,Reacquire Wall,2878,1,1,0,0.8899993896484375,100,1,29.0,24.38,37409,0,1,0.0487569123506546,-0.02571120485663414,-0.0005230085225775838,0.0,0.0,71,237,532,607,32766,3.774193525314331
2026-04-07T11:43:25.779,radio://0/80/2M,range,0,0,Reacquire Wall,2878,1,1,0,0.8899993896484375,100,1,29.0,24.38,37409,0,1,0.0487569123506546,-0.02571120485663414,-0.0005230085225775838,0.0,0.0,130,273,528,664,32766,3.7689149379730225
2026-04-07T11:43:26.025,radio://0/80/2M,mission,0,0,Reacquire Wall,2878,1,1,0,1.1399993896484375,100,0,28.25,24.44,37409,0,1,0.049229685217142105,-0.02571120485663414,-0.0005230085225775838,0.0,0.0,130,273,528,664,32766,3.7689149379730225
2026-04-07T11:43:26.028,radio://0/80/2M,flow,0,0,Reacquire Wall,2916,1,1,0,1.1399993896484375,100,0,28.25,24.44,37659,0,-1,0.049229685217142105,0.028903020545840263,0.0003342443087603897,0.0,0.0,130,273,528,664,32766,3.7689149379730225
2026-04-07T11:43:26.030,radio://0/80/2M,range,0,0,Reacquire Wall,2916,1,1,0,1.1399993896484375,100,0,28.25,24.44,37659,0,-1,0.049229685217142105,0.028903020545840263,0.0003342443087603897,0.0,0.0,162,288,523,663,32766,3.7689149379730225
2026-04-07T11:43:26.278,radio://0/80/2M,mission,0,0,Reacquire Wall,2916,1,1,0,1.3899993896484375,100,1,28.75,24.44,37659,0,-1,0.04416729509830475,0.028903020545840263,0.0003342443087603897,0.0,0.0,162,288,523,663,32766,3.7689149379730225
2026-04-07T11:43:26.280,radio://0/80/2M,flow,0,0,Reacquire Wall,3139,1,1,0,1.3899993896484375,100,1,28.75,24.44,37909,0,0,0.04416729509830475,0.009277411736547947,-0.00010240297706332058,0.0,0.0,162,288,523,663,32766,3.7689149379730225
2026-04-07T11:43:26.281,radio://0/80/2M,range,0,0,Reacquire Wall,3139,1,1,0,1.3899993896484375,100,1,28.75,24.44,37909,0,0,0.04416729509830475,0.009277411736547947,-0.00010240297706332058,0.0,0.0,96,296,529,674,32766,3.7689149379730225
2026-04-07T11:43:26.525,radio://0/80/2M,mission,0,0,Reacquire Wall,3139,1,1,0,1.6399993896484375,100,1,29.25,24.44,37909,0,0,0.047103967517614365,0.009277411736547947,-0.00010240297706332058,0.0,0.0,96,296,529,674,32766,3.7689149379730225
2026-04-07T11:43:26.528,radio://0/80/2M,flow,0,0,Reacquire Wall,2642,1,1,0,1.6399993896484375,100,1,29.25,24.44,38159,-1,0,0.047103967517614365,0.00416862266138196,0.0034094725269824266,0.0,0.0,96,296,529,674,32766,3.7689149379730225
2026-04-07T11:43:26.529,radio://0/80/2M,range,0,0,Reacquire Wall,2642,1,1,0,1.6399993896484375,100,1,29.25,24.44,38159,-1,0,0.047103967517614365,0.00416862266138196,0.0034094725269824266,0.0,0.0,77,302,523,672,32766,3.774193525314331
2026-04-07T11:43:26.775,radio://0/80/2M,mission,0,0,Reacquire Wall,2642,1,1,0,1.8899993896484375,100,0,29.5,24.44,38159,-1,0,0.04375739395618439,0.00416862266138196,0.0034094725269824266,0.0,0.0,77,302,523,672,32766,3.774193525314331
2026-04-07T11:43:26.776,radio://0/80/2M,flow,0,0,Reacquire Wall,3045,1,1,0,1.8899993896484375,100,0,29.5,24.44,38409,0,0,0.04375739395618439,-0.003310990519821644,-0.004575969651341438,0.0,0.0,77,302,523,672,32766,3.774193525314331
2026-04-07T11:43:26.778,radio://0/80/2M,range,0,0,Reacquire Wall,3045,1,1,0,1.8899993896484375,100,0,29.5,24.44,38409,0,0,0.04375739395618439,-0.003310990519821644,-0.004575969651341438,0.0,0.0,74,304,525,672,32766,3.7689149379730225
2026-04-07T11:43:27.025,radio://0/80/2M,mission,0,0,Reacquire Wall,3045,1,1,0,2.1399993896484375,100,1,29.25,24.44,38409,0,0,0.04573918879032135,-0.003310990519821644,-0.004575969651341438,0.0,0.0,74,304,525,672,32766,3.7689149379730225
2026-04-07T11:43:27.028,radio://0/80/2M,flow,0,0,Reacquire Wall,2395,1,1,0,2.1399993896484375,100,1,29.25,24.44,38659,0,0,0.04573918879032135,0.0009035971597768366,-0.0057534207589924335,0.0,0.0,74,304,525,672,32766,3.7689149379730225
2026-04-07T11:43:27.029,radio://0/80/2M,range,0,0,Reacquire Wall,2395,1,1,0,2.1399993896484375,100,1,29.25,24.44,38659,0,0,0.04573918879032135,0.0009035971597768366,-0.0057534207589924335,0.0,0.0,77,301,524,668,32766,3.774193525314331
2026-04-07T11:43:27.275,radio://0/80/2M,mission,0,0,Reacquire Wall,2395,1,1,0,2.3899993896484375,100,0,28.75,24.44,38659,0,0,0.042485907673835754,0.0009035971597768366,-0.0057534207589924335,0.0,0.0,77,301,524,668,32766,3.774193525314331
2026-04-07T11:43:27.276,radio://0/80/2M,flow,0,0,Reacquire Wall,2741,1,1,0,2.3899993896484375,100,0,28.75,24.44,38909,0,1,0.042485907673835754,0.0011227320646867156,-0.003565180115401745,0.0,0.0,77,301,524,668,32766,3.774193525314331
2026-04-07T11:43:27.277,radio://0/80/2M,range,0,0,Reacquire Wall,2741,1,1,0,2.3899993896484375,100,0,28.75,24.44,38909,0,1,0.042485907673835754,0.0011227320646867156,-0.003565180115401745,0.0,0.0,100,303,523,668,32766,3.774193525314331
2026-04-07T11:43:27.525,radio://0/80/2M,mission,0,0,Reacquire Wall,2741,1,1,0,2.6399993896484375,100,0,29.0,24.5,38909,0,1,0.04723341390490532,0.0011227320646867156,-0.003565180115401745,0.0,0.0,100,303,523,668,32766,3.774193525314331
2026-04-07T11:43:27.526,radio://0/80/2M,flow,0,0,Reacquire Wall,2307,1,1,0,2.6399993896484375,100,0,29.0,24.5,39159,1,-2,0.04723341390490532,0.0048910160548985004,-0.0005739927873946726,0.0,0.0,100,303,523,668,32766,3.774193525314331
2026-04-07T11:43:27.527,radio://0/80/2M,range,0,0,Reacquire Wall,2307,1,1,0,2.6399993896484375,100,0,29.0,24.5,39159,1,-2,0.04723341390490532,0.0048910160548985004,-0.0005739927873946726,0.0,0.0,145,298,524,670,32766,3.7689149379730225
2026-04-07T11:43:27.775,radio://0/80/2M,mission,0,0,Reacquire Wall,2307,1,1,0,2.8899993896484375,100,0,28.75,24.5,39159,1,-2,0.045777566730976105,0.0048910160548985004,-0.0005739927873946726,0.0,0.0,145,298,524,670,32766,3.7689149379730225
2026-04-07T11:43:27.778,radio://0/80/2M,flow,0,0,Reacquire Wall,2660,1,1,0,2.8899993896484375,100,0,28.75,24.5,39409,1,0,0.045777566730976105,0.005203975830227137,0.000645879830699414,0.0,0.0,145,298,524,670,32766,3.7689149379730225
2026-04-07T11:43:27.779,radio://0/80/2M,range,0,0,Reacquire Wall,2660,1,1,0,2.8899993896484375,100,0,28.75,24.5,39409,1,0,0.045777566730976105,0.005203975830227137,0.000645879830699414,0.0,0.0,187,299,520,670,32766,3.7689149379730225
2026-04-07T11:43:28.024,radio://0/80/2M,mission,0,0,Reacquire Wall,2660,1,1,1,3.1399993896484375,100,0,29.25,24.5,39409,1,0,0.048954930156469345,0.005203975830227137,0.000645879830699414,0.0,0.0,187,299,520,670,32766,3.7689149379730225
2026-04-07T11:43:28.027,radio://0/80/2M,flow,0,0,Reacquire Wall,2527,1,1,1,3.1399993896484375,100,0,29.25,24.5,39659,-3,0,0.048954930156469345,0.00015430885832756758,0.0016120134387165308,0.0,0.0,187,299,520,670,32766,3.7689149379730225
2026-04-07T11:43:28.028,radio://0/80/2M,range,0,0,Reacquire Wall,2527,1,1,1,3.1399993896484375,100,0,29.25,24.5,39659,-3,0,0.048954930156469345,0.00015430885832756758,0.0016120134387165308,0.0,0.0,196,299,524,663,32766,3.774193525314331
2026-04-07T11:43:28.274,radio://0/80/2M,mission,0,0,Reacquire Wall,2527,1,1,1,3.3899993896484375,100,0,29.0,24.5,39659,-3,0,0.0497150644659996,0.00015430885832756758,0.0016120134387165308,0.0,0.0,196,299,524,663,32766,3.774193525314331
2026-04-07T11:43:28.277,radio://0/80/2M,flow,0,0,Reacquire Wall,2732,1,1,1,3.3899993896484375,100,0,29.0,24.5,39909,1,0,0.0497150644659996,0.007445886265486479,-0.007063533645123243,0.0,0.0,196,299,524,663,32766,3.774193525314331
2026-04-07T11:43:28.278,radio://0/80/2M,range,0,0,Reacquire Wall,2732,1,1,1,3.3899993896484375,100,0,29.0,24.5,39909,1,0,0.0497150644659996,0.007445886265486479,-0.007063533645123243,0.0,0.0,125,294,509,663,32766,3.7689149379730225
2026-04-07T11:43:28.524,radio://0/80/2M,mission,0,0,Reacquire Wall,2732,1,1,1,3.6399993896484375,100,1,29.25,24.5,39909,1,0,0.047222841531038284,0.007445886265486479,-0.007063533645123243,0.0,0.0,125,294,509,663,32766,3.7689149379730225
2026-04-07T11:43:28.527,radio://0/80/2M,flow,0,0,Reacquire Wall,2285,1,1,1,3.6399993896484375,100,1,29.25,24.5,40159,-4,0,0.047222841531038284,0.008904698304831982,0.0011148616904392838,0.0,0.0,125,294,509,663,32766,3.7689149379730225
2026-04-07T11:43:28.528,radio://0/80/2M,range,0,0,Reacquire Wall,2285,1,1,1,3.6399993896484375,100,1,29.25,24.5,40159,-4,0,0.047222841531038284,0.008904698304831982,0.0011148616904392838,0.0,0.0,91,306,514,664,32766,3.774193525314331
2026-04-07T11:43:28.774,radio://0/80/2M,mission,0,0,Reacquire Wall,2285,1,1,1,3.8899993896484375,100,0,29.25,24.5,40159,-4,0,0.045776985585689545,0.008904698304831982,0.0011148616904392838,0.0,0.0,91,306,514,664,32766,3.774193525314331
2026-04-07T11:43:28.777,radio://0/80/2M,flow,0,0,Reacquire Wall,2802,1,1,1,3.8899993896484375,100,0,29.25,24.5,40409,0,1,0.045776985585689545,0.0026463763788342476,-0.010392948053777218,0.0,0.0,91,306,514,664,32766,3.774193525314331
2026-04-07T11:43:28.778,radio://0/80/2M,range,0,0,Reacquire Wall,2802,1,1,1,3.8899993896484375,100,0,29.25,24.5,40409,0,1,0.045776985585689545,0.0026463763788342476,-0.010392948053777218,0.0,0.0,74,306,515,669,32766,3.774193525314331
2026-04-07T11:43:29.024,radio://0/80/2M,mission,0,0,Reacquire Wall,2802,1,1,1,4.1399993896484375,100,1,29.0,24.5,40409,0,1,0.046628013253211975,0.0026463763788342476,-0.010392948053777218,0.0,0.0,74,306,515,669,32766,3.774193525314331
2026-04-07T11:43:29.027,radio://0/80/2M,flow,0,0,Reacquire Wall,2495,1,1,1,4.1399993896484375,100,1,29.0,24.5,40659,3,-2,0.046628013253211975,0.015012605115771294,-0.005868527106940746,0.0,0.0,74,306,515,669,32766,3.774193525314331
2026-04-07T11:43:29.028,radio://0/80/2M,range,0,0,Reacquire Wall,2495,1,1,1,4.1399993896484375,100,1,29.0,24.5,40659,3,-2,0.046628013253211975,0.015012605115771294,-0.005868527106940746,0.0,0.0,67,318,510,664,32766,3.7689149379730225
2026-04-07T11:43:29.274,radio://0/80/2M,mission,0,0,Reacquire Wall,2495,1,1,1,4.3899993896484375,100,1,29.25,24.5,40659,3,-2,0.047964055091142654,0.015012605115771294,-0.005868527106940746,0.0,0.0,67,318,510,664,32766,3.7689149379730225
2026-04-07T11:43:29.277,radio://0/80/2M,flow,0,0,Reacquire Wall,2666,1,1,1,4.3899993896484375,100,1,29.25,24.5,40909,1,1,0.047964055091142654,-0.020335784181952477,-0.0012847828911617398,0.0,0.0,67,318,510,664,32766,3.7689149379730225
2026-04-07T11:43:29.279,radio://0/80/2M,range,0,0,Reacquire Wall,2666,1,1,1,4.3899993896484375,100,1,29.25,24.5,40909,1,1,0.047964055091142654,-0.020335784181952477,-0.0012847828911617398,0.0,0.0,82,344,505,637,32766,3.7689149379730225
2026-04-07T11:43:29.524,radio://0/80/2M,mission,0,0,Reacquire Wall,2666,1,1,1,4.6399993896484375,100,0,29.25,24.5,40909,1,1,0.05466834083199501,-0.020335784181952477,-0.0012847828911617398,0.0,0.0,82,344,505,637,32766,3.7689149379730225
2026-04-07T11:43:29.526,radio://0/80/2M,flow,0,0,Reacquire Wall,2869,1,1,1,4.6399993896484375,100,0,29.25,24.5,41159,0,0,0.05466834083199501,-0.019421804696321487,0.010959355160593987,0.0,0.0,82,344,505,637,32766,3.7689149379730225
2026-04-07T11:43:29.527,radio://0/80/2M,range,0,0,Reacquire Wall,2869,1,1,1,4.6399993896484375,100,0,29.25,24.5,41159,0,0,0.05466834083199501,-0.019421804696321487,0.010959355160593987,0.0,0.0,125,354,499,610,32766,3.7689149379730225
2026-04-07T11:43:29.773,radio://0/80/2M,mission,0,0,Reacquire Wall,2869,1,1,1,4.8899993896484375,100,0,28.75,24.5,41159,0,0,0.057845015078783035,-0.019421804696321487,0.010959355160593987,0.0,0.0,125,354,499,610,32766,3.7689149379730225
2026-04-07T11:43:29.777,radio://0/80/2M,flow,0,0,Reacquire Wall,2569,1,1,1,4.8899993896484375,100,0,28.75,24.5,41409,0,2,0.057845015078783035,-0.013064911589026451,0.020775001496076584,0.0,0.0,125,354,499,610,32766,3.7689149379730225
2026-04-07T11:43:29.778,radio://0/80/2M,range,0,0,Reacquire Wall,2569,1,1,1,4.8899993896484375,100,0,28.75,24.5,41409,0,2,0.057845015078783035,-0.013064911589026451,0.020775001496076584,0.0,0.0,189,357,497,577,32766,3.763636350631714
2026-04-07T11:43:30.024,radio://0/80/2M,mission,0,0,Reacquire Wall,2569,1,1,1,5.1399993896484375,100,0,28.75,24.56,41409,0,2,0.05375979468226433,-0.013064911589026451,0.020775001496076584,0.0,0.0,189,357,497,577,32766,3.763636350631714
2026-04-07T11:43:30.027,radio://0/80/2M,flow,0,0,Reacquire Wall,2147,1,1,1,5.1399993896484375,100,0,28.75,24.56,41659,0,0,0.05375979468226433,-0.007095585577189922,0.008936882950365543,0.0,0.0,189,357,497,577,32766,3.763636350631714
2026-04-07T11:43:30.028,radio://0/80/2M,range,0,0,Reacquire Wall,2147,1,1,1,5.1399993896484375,100,0,28.75,24.56,41659,0,0,0.05375979468226433,-0.007095585577189922,0.008936882950365543,0.0,0.0,200,362,496,553,32766,3.7689149379730225
2026-04-07T11:43:30.274,radio://0/80/2M,mission,0,0,Reacquire Wall,2147,1,1,1,5.3899993896484375,100,0,29.0,24.56,41659,0,0,0.05397145077586174,-0.007095585577189922,0.008936882950365543,0.0,0.0,200,362,496,553,32766,3.7689149379730225
2026-04-07T11:43:30.276,radio://0/80/2M,flow,0,0,Reacquire Wall,2795,1,1,1,5.3899993896484375,100,0,29.0,24.56,41909,0,0,0.05397145077586174,0.01021832786500454,-0.010153514333069324,0.0,0.0,200,362,496,553,32766,3.7689149379730225
2026-04-07T11:43:30.277,radio://0/80/2M,range,0,0,Reacquire Wall,2795,1,1,1,5.3899993896484375,100,0,29.0,24.56,41909,0,0,0.05397145077586174,0.01021832786500454,-0.010153514333069324,0.0,0.0,129,360,501,572,32766,3.7689149379730225
2026-04-07T11:43:30.523,radio://0/80/2M,mission,0,0,Reacquire Wall,2795,1,1,1,5.6399993896484375,100,1,29.0,24.56,41909,0,0,0.05309194698929787,0.01021832786500454,-0.010153514333069324,0.0,0.0,129,360,501,572,32766,3.7689149379730225
2026-04-07T11:43:30.525,radio://0/80/2M,flow,0,0,Reacquire Wall,2200,1,1,1,5.6399993896484375,100,1,29.0,24.56,42159,0,0,0.05309194698929787,0.014209051616489887,-0.006266152020543814,0.0,0.0,129,360,501,572,32766,3.7689149379730225
2026-04-07T11:43:30.526,radio://0/80/2M,range,0,0,Reacquire Wall,2200,1,1,1,5.6399993896484375,100,1,29.0,24.56,42159,0,0,0.05309194698929787,0.014209051616489887,-0.006266152020543814,0.0,0.0,88,356,501,575,32766,3.7689149379730225
2026-04-07T11:43:30.774,radio://0/80/2M,mission,0,0,Reacquire Wall,2200,1,1,1,5.8899993896484375,100,1,29.25,24.56,42159,0,0,0.06215257942676544,0.014209051616489887,-0.006266152020543814,0.0,0.0,88,356,501,575,32766,3.7689149379730225
2026-04-07T11:43:30.775,radio://0/80/2M,flow,0,0,Reacquire Wall,2671,1,1,1,5.8899993896484375,100,1,29.25,24.56,42409,1,0,0.06215257942676544,-0.019835028797388077,-0.011004402302205563,0.0,0.0,88,356,501,575,32766,3.7689149379730225
2026-04-07T11:43:30.776,radio://0/80/2M,range,0,0,Reacquire Wall,2671,1,1,1,5.8899993896484375,100,1,29.25,24.56,42409,1,0,0.06215257942676544,-0.019835028797388077,-0.011004402302205563,0.0,0.0,83,362,501,576,32766,3.763636350631714
2026-04-07T11:43:31.024,radio://0/80/2M,mission,0,0,Reacquire Wall,2671,1,1,1,6.1399993896484375,100,-1,26.75,24.56,42409,1,0,0.08509485423564911,-0.019835028797388077,-0.011004402302205563,0.0,0.0,83,362,501,576,32766,3.763636350631714
2026-04-07T11:43:31.026,radio://0/80/2M,flow,0,0,Reacquire Wall,2530,1,1,1,6.1399993896484375,100,-1,26.75,24.56,42659,-31,12,0.08509485423564911,-0.017984503880143166,0.062147822231054306,0.0,0.0,83,362,501,576,32766,3.763636350631714
2026-04-07T11:43:31.027,radio://0/80/2M,range,0,0,Reacquire Wall,2530,1,1,1,6.1399993896484375,100,-1,26.75,24.56,42659,-31,12,0.08509485423564911,-0.017984503880143166,0.062147822231054306,0.0,0.0,32766,367,503,526,32766,3.7794721126556396
2026-04-07T11:43:31.273,radio://0/80/2M,mission,0,0,Reacquire Wall,2530,1,1,1,6.3899993896484375,100,-1,27.0,24.5,42659,-31,12,0.13954423367977142,-0.017984503880143166,0.062147822231054306,0.0,0.0,32766,367,503,526,32766,3.7794721126556396
2026-04-07T11:43:31.276,radio://0/80/2M,flow,0,0,Reacquire Wall,3512,1,1,1,6.3899993896484375,100,-1,27.0,24.5,42909,0,0,0.13954423367977142,-0.1034167930483818,0.028035465627908707,0.0,0.0,32766,367,503,526,32766,3.7794721126556396
2026-04-07T11:43:31.277,radio://0/80/2M,range,0,0,Reacquire Wall,3512,1,1,1,6.3899993896484375,100,-1,27.0,24.5,42909,0,0,0.13954423367977142,-0.1034167930483818,0.028035465627908707,0.0,0.0,2403,396,520,353,32766,3.774193525314331
2026-04-07T11:43:31.523,radio://0/80/2M,mission,0,0,Reacquire Wall,3512,0,1,0,0.0,92,0,26.25,24.56,42909,0,0,0.21201764047145844,-0.1034167930483818,0.028035465627908707,0.0,0.0,2403,396,520,353,32766,3.774193525314331
2026-04-07T11:43:31.525,radio://0/80/2M,flow,0,0,Reacquire Wall,3255,0,1,0,0.0,92,0,26.25,24.56,43159,1,-4,0.21201764047145844,-0.04004829749464989,0.108808733522892,0.0,0.0,2403,396,520,353,32766,3.774193525314331
2026-04-07T11:43:31.526,radio://0/80/2M,range,0,0,Reacquire Wall,3255,0,1,0,0.0,92,0,26.25,24.56,43159,1,-4,0.21201764047145844,-0.04004829749464989,0.108808733522892,0.0,0.0,32766,426,542,323,32766,3.7794721126556396
2026-04-07T11:43:31.773,radio://0/80/2M,mission,0,0,Reacquire Wall,3255,0,1,0,0.0,100,0,27.75,24.56,43159,1,-4,0.25943443179130554,-0.04004829749464989,0.108808733522892,0.0,0.0,32766,426,542,323,32766,3.7794721126556396
2026-04-07T11:43:31.775,radio://0/80/2M,flow,0,0,Reacquire Wall,3458,0,1,0,0.0,100,0,27.75,24.56,43409,0,0,0.25943443179130554,-0.03483239933848381,0.02315126173198223,0.0,0.0,32766,426,542,323,32766,3.7794721126556396
2026-04-07T11:43:31.776,radio://0/80/2M,range,0,0,Reacquire Wall,3458,0,1,0,0.0,100,0,27.75,24.56,43409,0,0,0.25943443179130554,-0.03483239933848381,0.02315126173198223,0.0,0.0,32766,443,583,361,32766,3.7794721126556396
2026-04-07T11:43:32.023,radio://0/80/2M,mission,0,0,Reacquire Wall,3458,1,1,0,0.039997100830078125,100,-1,27.5,24.56,43409,0,0,0.27472299337387085,-0.03483239933848381,0.02315126173198223,0.0,0.0,32766,443,583,361,32766,3.7794721126556396
2026-04-07T11:43:32.026,radio://0/80/2M,flow,0,0,Reacquire Wall,3458,1,1,0,0.039997100830078125,100,-1,27.5,24.56,43659,-3,-1,0.27472299337387085,0.021107343956828117,-0.08945827931165695,0.0,0.0,32766,443,583,361,32766,3.7794721126556396
2026-04-07T11:43:32.027,radio://0/80/2M,range,0,0,Reacquire Wall,3458,1,1,0,0.039997100830078125,100,-1,27.5,24.56,43659,-3,-1,0.27472299337387085,0.021107343956828117,-0.08945827931165695,0.0,0.0,32766,451,579,378,32766,3.7794721126556396
2026-04-07T11:43:32.273,radio://0/80/2M,mission,0,0,Reacquire Wall,3458,1,1,0,0.2899971008300781,100,0,27.5,24.56,43659,-3,-1,0.2643241882324219,0.021107343956828117,-0.08945827931165695,0.0,0.0,32766,451,579,378,32766,3.7794721126556396
2026-04-07T11:43:32.275,radio://0/80/2M,flow,0,0,Reacquire Wall,3458,1,1,0,0.2899971008300781,100,0,27.5,24.56,43909,0,1,0.2643241882324219,0.07205149531364441,-0.1474890112876892,0.0,0.0,32766,451,579,378,32766,3.7794721126556396
2026-04-07T11:43:32.276,radio://0/80/2M,range,0,0,Reacquire Wall,3458,1,1,0,0.2899971008300781,100,0,27.5,24.56,43909,0,1,0.2643241882324219,0.07205149531364441,-0.1474890112876892,0.0,0.0,679,459,564,32766,32766,3.7794721126556396
2026-04-07T11:43:32.522,radio://0/80/2M,mission,0,0,Reacquire Wall,3458,1,1,0,0.5399971008300781,98,0,26.5,24.56,43909,0,1,0.24750690162181854,0.07205149531364441,-0.1474890112876892,0.0,0.0,679,459,564,32766,32766,3.7794721126556396
2026-04-07T11:43:32.525,radio://0/80/2M,flow,0,0,Reacquire Wall,3458,1,1,0,0.5399971008300781,98,0,26.5,24.56,44159,-3,-3,0.24750690162181854,0.059686943888664246,-0.05490297079086304,0.0,0.0,679,459,564,32766,32766,3.7794721126556396
2026-04-07T11:43:32.526,radio://0/80/2M,range,0,0,Reacquire Wall,3458,1,1,0,0.5399971008300781,98,0,26.5,24.56,44159,-3,-3,0.24750690162181854,0.059686943888664246,-0.05490297079086304,0.0,0.0,32766,453,32766,32766,32766,3.7794721126556396
2026-04-07T11:43:32.772,radio://0/80/2M,mission,0,0,Reacquire Wall,3458,1,1,0,0.7899971008300781,100,-1,27.75,24.56,44159,-3,-3,0.2593250870704651,0.059686943888664246,-0.05490297079086304,0.0,0.0,32766,453,32766,32766,32766,3.7794721126556396
2026-04-07T11:43:32.775,radio://0/80/2M,flow,0,0,Reacquire Wall,3674,1,1,0,0.7899971008300781,100,-1,27.75,24.56,44409,2,0,0.2593250870704651,0.06586942821741104,0.020144928246736526,0.0,0.0,32766,453,32766,32766,32766,3.7794721126556396
2026-04-07T11:43:32.777,radio://0/80/2M,range,0,0,Reacquire Wall,3674,1,1,0,0.7899971008300781,100,-1,27.75,24.56,44409,2,0,0.2593250870704651,0.06586942821741104,0.020144928246736526,0.0,0.0,32766,612,565,364,32766,3.774193525314331
2026-04-07T11:43:33.022,radio://0/80/2M,mission,0,0,Reacquire Wall,3674,1,1,0,1.0399971008300781,100,-1,28.25,24.56,44409,2,0,0.27503228187561035,0.06586942821741104,0.020144928246736526,0.0,0.0,32766,612,565,364,32766,3.774193525314331
2026-04-07T11:43:33.024,radio://0/80/2M,flow,0,0,Reacquire Wall,3674,1,1,0,1.0399971008300781,100,-1,28.25,24.56,44659,1,2,0.27503228187561035,0.11173658072948456,-0.03911719471216202,0.0,0.0,32766,612,565,364,32766,3.774193525314331
2026-04-07T11:43:33.025,radio://0/80/2M,range,0,0,Reacquire Wall,3674,1,1,0,1.0399971008300781,100,-1,28.25,24.56,44659,1,2,0.27503228187561035,0.11173658072948456,-0.03911719471216202,0.0,0.0,32766,32766,567,350,32766,3.7794721126556396
2026-04-07T11:43:33.272,radio://0/80/2M,mission,0,0,Reacquire Wall,3674,1,1,0,1.2899971008300781,100,-1,27.5,24.56,44659,1,2,0.2877538502216339,0.11173658072948456,-0.03911719471216202,0.0,0.0,32766,32766,567,350,32766,3.7794721126556396
2026-04-07T11:43:33.274,radio://0/80/2M,flow,0,0,Reacquire Wall,3903,1,1,0,1.2899971008300781,100,-1,27.5,24.56,44909,-5,-2,0.2877538502216339,0.17528453469276428,0.07699369639158249,0.0,0.0,32766,32766,567,350,32766,3.7794721126556396
2026-04-07T11:43:33.275,radio://0/80/2M,range,0,0,Reacquire Wall,3903,1,1,0,1.2899971008300781,100,-1,27.5,24.56,44909,-5,-2,0.2877538502216339,0.17528453469276428,0.07699369639158249,0.0,0.0,2455,32766,568,450,32766,3.7794721126556396
2026-04-07T11:43:33.522,radio://0/80/2M,mission,0,0,Reacquire Wall,3903,1,1,0,1.5399971008300781,100,1,30.0,24.56,44909,-5,-2,0.8843560814857483,0.17528453469276428,0.07699369639158249,0.0,0.0,2455,32766,568,450,32766,3.7794721126556396
2026-04-07T11:43:33.525,radio://0/80/2M,flow,0,0,Reacquire Wall,4146,1,1,0,1.5399971008300781,100,1,30.0,24.56,45159,0,-5,0.8843560814857483,-0.4820770025253296,0.46214020252227783,0.0,0.0,2455,32766,568,450,32766,3.7794721126556396
2026-04-07T11:43:33.526,radio://0/80/2M,range,0,0,Reacquire Wall,4146,1,1,0,1.5399971008300781,100,1,30.0,24.56,45159,0,-5,0.8843560814857483,-0.4820770025253296,0.46214020252227783,0.0,0.0,2394,646,784,708,32766,3.7794721126556396
2026-04-07T11:43:33.772,radio://0/80/2M,mission,0,0,Reacquire Wall,4146,1,1,0,1.7899971008300781,100,1,31.0,24.56,45159,0,-5,1.0727099180221558,-0.4820770025253296,0.46214020252227783,0.0,0.0,2394,646,784,708,32766,3.7794721126556396
2026-04-07T11:43:33.775,radio://0/80/2M,flow,0,0,Reacquire Wall,4146,1,1,0,1.7899971008300781,100,1,31.0,24.56,45409,0,0,1.0727099180221558,-0.024438409134745598,0.15768328309059143,0.0,0.0,2394,646,784,708,32766,3.7794721126556396
2026-04-07T11:43:33.776,radio://0/80/2M,range,0,0,Reacquire Wall,4146,1,1,0,1.7899971008300781,100,1,31.0,24.56,45409,0,0,1.0727099180221558,-0.024438409134745598,0.15768328309059143,0.0,0.0,261,617,32766,747,32766,3.7794721126556396
2026-04-07T11:43:34.022,radio://0/80/2M,mission,0,0,Reacquire Wall,4146,1,1,0,2.039997100830078,100,1,31.25,24.56,45409,0,0,0.9780235290527344,-0.024438409134745598,0.15768328309059143,0.0,0.0,261,617,32766,747,32766,3.7794721126556396
2026-04-07T11:43:34.025,radio://0/80/2M,flow,0,0,Reacquire Wall,4146,1,1,0,2.039997100830078,100,1,31.25,24.56,45659,0,2,0.9780235290527344,0.61821448802948,-0.30586981773376465,0.0,0.0,261,617,32766,747,32766,3.7794721126556396
2026-04-07T11:43:34.026,radio://0/80/2M,range,0,0,Reacquire Wall,4146,1,1,0,2.039997100830078,100,1,31.25,24.56,45659,0,2,0.9780235290527344,0.61821448802948,-0.30586981773376465,0.0,0.0,229,614,32766,786,32766,3.7794721126556396
2026-04-07T11:43:34.272,radio://0/80/2M,mission,0,0,Reacquire Wall,4146,1,1,0,2.289997100830078,100,1,31.5,24.62,45659,0,2,0.8278861045837402,0.61821448802948,-0.30586981773376465,0.0,0.0,229,614,32766,786,32766,3.7794721126556396
2026-04-07T11:43:34.274,radio://0/80/2M,flow,0,0,Reacquire Wall,4146,1,1,0,2.289997100830078,100,1,31.5,24.62,45909,0,0,0.8278861045837402,0.9579931497573853,-0.602383017539978,0.0,0.0,229,614,32766,786,32766,3.7794721126556396
2026-04-07T11:43:34.275,radio://0/80/2M,range,0,0,Reacquire Wall,4146,1,1,0,2.289997100830078,100,1,31.5,24.62,45909,0,0,0.8278861045837402,0.9579931497573853,-0.602383017539978,0.0,0.0,204,625,32766,817,32766,3.774193525314331
2026-04-07T11:43:34.522,radio://0/80/2M,mission,0,0,Reacquire Wall,4146,1,1,0,2.539997100830078,100,1,31.5,24.56,45909,0,0,0.5197669863700867,0.9579931497573853,-0.602383017539978,0.0,0.0,204,625,32766,817,32766,3.774193525314331
2026-04-07T11:43:34.523,radio://0/80/2M,flow,0,0,Reacquire Wall,4146,1,1,0,2.539997100830078,100,1,31.5,24.56,46159,0,-1,0.5197669863700867,1.2573809623718262,-0.7858207821846008,0.0,0.0,204,625,32766,817,32766,3.774193525314331
2026-04-07T11:43:34.525,radio://0/80/2M,range,0,0,Reacquire Wall,4146,1,1,0,2.539997100830078,100,1,31.5,24.56,46159,0,-1,0.5197669863700867,1.2573809623718262,-0.7858207821846008,0.0,0.0,196,626,32766,830,32766,3.7794721126556396
2026-04-07T11:43:34.772,radio://0/80/2M,mission,0,0,Reacquire Wall,4146,1,1,0,2.789997100830078,100,1,31.5,24.56,46159,0,-1,0.38308751583099365,1.2573809623718262,-0.7858207821846008,0.0,0.0,196,626,32766,830,32766,3.7794721126556396
2026-04-07T11:43:34.775,radio://0/80/2M,flow,0,0,Reacquire Wall,4146,1,1,0,2.789997100830078,100,1,31.5,24.56,46409,-2,-4,0.38308751583099365,0.9480118751525879,-0.5868796110153198,0.0,0.0,196,626,32766,830,32766,3.7794721126556396
2026-04-07T11:43:34.776,radio://0/80/2M,range,0,0,Reacquire Wall,4146,1,1,0,2.789997100830078,100,1,31.5,24.56,46409,-2,-4,0.38308751583099365,0.9480118751525879,-0.5868796110153198,0.0,0.0,213,619,32766,790,32766,3.774193525314331
2026-04-07T11:43:35.022,radio://0/80/2M,mission,0,0,Reacquire Wall,4146,1,1,1,3.039997100830078,100,1,31.75,24.56,46409,-2,-4,0.33966973423957825,0.9480118751525879,-0.5868796110153198,0.0,0.0,213,619,32766,790,32766,3.774193525314331
2026-04-07T11:43:35.023,radio://0/80/2M,flow,0,0,Reacquire Wall,4146,1,1,1,3.039997100830078,100,1,31.75,24.56,46659,11,0,0.33966973423957825,0.6749997138977051,-0.558214545249939,0.0,0.0,213,619,32766,790,32766,3.774193525314331
2026-04-07T11:43:35.024,radio://0/80/2M,range,0,0,Reacquire Wall,4146,1,1,1,3.039997100830078,100,1,31.75,24.56,46659,11,0,0.33966973423957825,0.6749997138977051,-0.558214545249939,0.0,0.0,245,618,32766,32766,32766,3.7689149379730225
2026-04-07T11:43:35.271,radio://0/80/2M,mission,0,0,Reacquire Wall,4146,1,1,1,3.289997100830078,100,1,31.0,24.56,46659,11,0,0.7457665801048279,0.6749997138977051,-0.558214545249939,0.0,0.0,245,618,32766,32766,32766,3.7689149379730225
2026-04-07T11:43:35.274,radio://0/80/2M,flow,0,0,Reacquire Wall,5612,1,1,1,3.289997100830078,100,1,31.0,24.56,46909,5,2,0.7457665801048279,-0.18832075595855713,-0.40281328558921814,0.0,0.0,245,618,32766,32766,32766,3.7689149379730225
2026-04-07T11:43:35.275,radio://0/80/2M,range,0,0,Reacquire Wall,5612,1,1,1,3.289997100830078,100,1,31.0,24.56,46909,5,2,0.7457665801048279,-0.18832075595855713,-0.40281328558921814,0.0,0.0,2701,32766,681,408,32766,3.774193525314331
2026-04-07T11:43:35.521,radio://0/80/2M,mission,0,0,Reacquire Wall,5612,1,1,1,3.539997100830078,100,0,28.75,24.62,46909,5,2,0.41041481494903564,-0.18832075595855713,-0.40281328558921814,0.0,0.0,2701,32766,681,408,32766,3.774193525314331
2026-04-07T11:43:35.524,radio://0/80/2M,flow,0,0,Reacquire Wall,4626,1,1,1,3.539997100830078,100,0,28.75,24.62,47159,0,5,0.41041481494903564,-0.17318254709243774,-0.06959327310323715,0.0,0.0,2701,32766,681,408,32766,3.774193525314331
2026-04-07T11:43:35.525,radio://0/80/2M,range,0,0,Reacquire Wall,4626,1,1,1,3.539997100830078,100,0,28.75,24.62,47159,0,5,0.41041481494903564,-0.17318254709243774,-0.06959327310323715,0.0,0.0,32766,479,32766,385,32766,3.7794721126556396
2026-04-07T11:43:35.771,radio://0/80/2M,mission,0,0,Reacquire Wall,4626,1,1,1,3.789997100830078,100,1,27.75,24.62,47159,0,5,0.20970162749290466,-0.17318254709243774,-0.06959327310323715,0.0,0.0,32766,479,32766,385,32766,3.7794721126556396
2026-04-07T11:43:35.774,radio://0/80/2M,flow,0,0,Reacquire Wall,3351,1,1,1,3.789997100830078,100,1,27.75,24.62,47409,1,0,0.20970162749290466,0.09416811913251877,-0.12367063760757446,0.0,0.0,32766,479,32766,385,32766,3.7794721126556396
2026-04-07T11:43:35.776,radio://0/80/2M,range,0,0,Reacquire Wall,3351,1,1,1,3.789997100830078,100,1,27.75,24.62,47409,1,0,0.20970162749290466,0.09416811913251877,-0.12367063760757446,0.0,0.0,32766,377,32766,618,32766,3.774193525314331
2026-04-07T11:43:36.021,radio://0/80/2M,mission,0,0,Reacquire Wall,3351,1,1,1,4.039997100830078,100,1,26.75,24.62,47409,1,0,0.2083432674407959,0.09416811913251877,-0.12367063760757446,0.0,0.0,32766,377,32766,618,32766,3.774193525314331
2026-04-07T11:43:36.023,radio://0/80/2M,flow,0,0,Reacquire Wall,3351,1,1,1,4.039997100830078,100,1,26.75,24.62,47659,-1,1,0.2083432674407959,0.013690552674233913,0.035375673323869705,0.0,0.0,32766,377,32766,618,32766,3.774193525314331
2026-04-07T11:43:36.024,radio://0/80/2M,range,0,0,Reacquire Wall,3351,1,1,1,4.039997100830078,100,1,26.75,24.62,47659,-1,1,0.2083432674407959,0.013690552674233913,0.035375673323869705,0.0,0.0,32766,436,32766,685,32766,3.774193525314331
2026-04-07T11:43:36.271,radio://0/80/2M,mission,0,0,Reacquire Wall,3351,1,1,1,4.289997100830078,100,1,26.25,24.62,47659,-1,1,0.1928030252456665,0.013690552674233913,0.035375673323869705,0.0,0.0,32766,436,32766,685,32766,3.774193525314331
2026-04-07T11:43:36.273,radio://0/80/2M,flow,0,0,Reacquire Wall,3287,1,1,1,4.289997100830078,100,1,26.25,24.62,47909,0,-8,0.1928030252456665,0.03842964395880699,0.0095892995595932,0.0,0.0,32766,436,32766,685,32766,3.774193525314331
2026-04-07T11:43:36.274,radio://0/80/2M,range,0,0,Reacquire Wall,3287,1,1,1,4.289997100830078,100,1,26.25,24.62,47909,0,-8,0.1928030252456665,0.03842964395880699,0.0095892995595932,0.0,0.0,32766,436,32766,779,32766,3.774193525314331
2026-04-07T11:43:36.521,radio://0/80/2M,mission,0,0,Reacquire Wall,3287,1,1,1,4.539997100830078,100,1,26.5,24.62,47909,0,-8,0.19058549404144287,0.03842964395880699,0.0095892995595932,0.0,0.0,32766,436,32766,779,32766,3.774193525314331
2026-04-07T11:43:36.524,radio://0/80/2M,flow,0,0,Reacquire Wall,2974,1,1,1,4.539997100830078,100,1,26.5,24.62,48159,0,0,0.19058549404144287,-0.020001616328954697,0.1047353446483612,0.0,0.0,32766,436,32766,779,32766,3.774193525314331
2026-04-07T11:43:36.525,radio://0/80/2M,range,0,0,Reacquire Wall,2974,1,1,1,4.539997100830078,100,1,26.5,24.62,48159,0,0,0.19058549404144287,-0.020001616328954697,0.1047353446483612,0.0,0.0,32766,442,32766,786,32766,3.7689149379730225
2026-04-07T11:43:36.771,radio://0/80/2M,mission,0,0,Reacquire Wall,2974,1,1,1,4.789997100830078,97,1,26.0,24.62,48159,0,0,0.20638851821422577,-0.020001616328954697,0.1047353446483612,0.0,0.0,32766,442,32766,786,32766,3.7689149379730225
2026-04-07T11:43:36.774,radio://0/80/2M,flow,0,0,Reacquire Wall,3123,1,1,1,4.789997100830078,97,1,26.0,24.62,48409,1,6,0.20638851821422577,0.006433832924813032,0.12859034538269043,0.0,0.0,32766,442,32766,786,32766,3.7689149379730225
2026-04-07T11:43:36.775,radio://0/80/2M,range,0,0,Reacquire Wall,3123,1,1,1,4.789997100830078,97,1,26.0,24.62,48409,1,6,0.20638851821422577,0.006433832924813032,0.12859034538269043,0.0,0.0,32766,436,32766,762,32766,3.7794721126556396
2026-04-07T11:43:37.021,radio://0/80/2M,mission,0,0,Reacquire Wall,3123,1,1,1,5.039997100830078,100,1,27.0,24.62,48409,1,6,0.2207103669643402,0.006433832924813032,0.12859034538269043,0.0,0.0,32766,436,32766,762,32766,3.7794721126556396
2026-04-07T11:43:37.022,radio://0/80/2M,flow,0,0,Reacquire Wall,3111,1,1,1,5.039997100830078,100,1,27.0,24.62,48659,2,0,0.2207103669643402,0.04336591809988022,0.07451057434082031,0.0,0.0,32766,436,32766,762,32766,3.7794721126556396
2026-04-07T11:43:37.023,radio://0/80/2M,range,0,0,Reacquire Wall,3111,1,1,1,5.039997100830078,100,1,27.0,24.62,48659,2,0,0.2207103669643402,0.04336591809988022,0.07451057434082031,0.0,0.0,32766,422,32766,771,32766,3.7689149379730225
2026-04-07T11:43:37.271,radio://0/80/2M,mission,0,0,Reacquire Wall,3111,0,1,0,0.0,99,0,27.0,24.62,48659,2,0,0.2350795418024063,0.04336591809988022,0.07451057434082031,0.0,0.0,32766,422,32766,771,32766,3.7689149379730225
2026-04-07T11:43:37.274,radio://0/80/2M,flow,0,0,Reacquire Wall,3305,0,1,0,0.0,99,0,27.0,24.62,48909,1,0,0.2350795418024063,0.06961572915315628,0.08570460975170135,0.0,0.0,32766,422,32766,771,32766,3.7689149379730225
2026-04-07T11:43:37.275,radio://0/80/2M,range,0,0,Reacquire Wall,3305,0,1,0,0.0,99,0,27.0,24.62,48909,1,0,0.2350795418024063,0.06961572915315628,0.08570460975170135,0.0,0.0,32766,389,32766,797,32766,3.7794721126556396
2026-04-07T11:43:37.521,radio://0/80/2M,mission,0,0,Reacquire Wall,3305,0,1,0,0.0,100,0,28.0,24.62,48909,1,0,0.27313122153282166,0.06961572915315628,0.08570460975170135,0.0,0.0,32766,389,32766,797,32766,3.7794721126556396
2026-04-07T11:43:37.522,radio://0/80/2M,flow,0,0,Reacquire Wall,2725,0,1,0,0.0,100,0,28.0,24.62,49159,2,-1,0.27313122153282166,0.0797935500741005,0.11582197993993759,0.0,0.0,32766,389,32766,797,32766,3.7794721126556396
2026-04-07T11:43:37.523,radio://0/80/2M,range,0,0,Reacquire Wall,2725,0,1,0,0.0,100,0,28.0,24.62,49159,2,-1,0.27313122153282166,0.0797935500741005,0.11582197993993759,0.0,0.0,32766,370,32766,806,32766,3.7794721126556396
2026-04-07T11:43:37.770,radio://0/80/2M,mission,0,0,Reacquire Wall,2725,0,1,0,0.0,100,0,28.25,24.62,49159,2,-1,0.3070104420185089,0.0797935500741005,0.11582197993993759,0.0,0.0,32766,370,32766,806,32766,3.7794721126556396
2026-04-07T11:43:37.773,radio://0/80/2M,flow,0,0,Reacquire Wall,2725,0,1,0,0.0,100,0,28.25,24.62,49409,2,0,0.3070104420185089,0.10983800888061523,0.049497783184051514,0.0,0.0,32766,370,32766,806,32766,3.7794721126556396
2026-04-07T11:43:37.775,radio://0/80/2M,range,0,0,Reacquire Wall,2725,0,1,0,0.0,100,0,28.25,24.62,49409,2,0,0.3070104420185089,0.10983800888061523,0.049497783184051514,0.0,0.0,32766,353,32766,758,32766,3.774193525314331
2026-04-07T11:43:38.020,radio://0/80/2M,mission,0,0,Reacquire Wall,2725,0,1,0,0.0,100,0,27.5,24.62,49409,2,0,0.32529762387275696,0.10983800888061523,0.049497783184051514,0.0,0.0,32766,353,32766,758,32766,3.774193525314331
2026-04-07T11:43:38.023,radio://0/80/2M,flow,0,0,Reacquire Wall,2725,0,1,0,0.0,100,0,27.5,24.62,49659,4,3,0.32529762387275696,0.09730514883995056,-0.06317649781703949,0.0,0.0,32766,353,32766,758,32766,3.774193525314331
2026-04-07T11:43:38.024,radio://0/80/2M,range,0,0,Reacquire Wall,2725,0,1,0,0.0,100,0,27.5,24.62,49659,4,3,0.32529762387275696,0.09730514883995056,-0.06317649781703949,0.0,0.0,32766,87,32766,754,32766,3.7689149379730225
2026-04-07T11:43:38.270,radio://0/80/2M,mission,0,0,Reacquire Wall,2725,1,1,0,0.09000015258789062,100,-1,28.25,24.62,49659,4,3,0.3354901969432831,0.09730514883995056,-0.06317649781703949,0.0,0.0,32766,87,32766,754,32766,3.7689149379730225
2026-04-07T11:43:38.273,radio://0/80/2M,flow,0,0,Reacquire Wall,2725,1,1,0,0.09000015258789062,100,-1,28.25,24.62,49909,2,2,0.3354901969432831,0.04255641996860504,-0.14648815989494324,0.0,0.0,32766,87,32766,754,32766,3.7689149379730225
2026-04-07T11:43:38.274,radio://0/80/2M,range,0,0,Reacquire Wall,2725,1,1,0,0.09000015258789062,100,-1,28.25,24.62,49909,2,2,0.3354901969432831,0.04255641996860504,-0.14648815989494324,0.0,0.0,32766,71,2523,753,32766,3.7794721126556396
2026-04-07T11:43:38.520,radio://0/80/2M,mission,0,0,Reacquire Wall,2725,1,1,0,0.3400001525878906,100,-1,28.25,24.62,49909,2,2,0.3400706350803375,0.04255641996860504,-0.14648815989494324,0.0,0.0,32766,71,2523,753,32766,3.7794721126556396
2026-04-07T11:43:38.522,radio://0/80/2M,flow,0,0,Reacquire Wall,2725,1,1,0,0.3400001525878906,100,-1,28.25,24.62,50159,1,0,0.3400706350803375,0.020543213933706284,-0.2370920032262802,0.0,0.0,32766,71,2523,753,32766,3.7794721126556396
2026-04-07T11:43:38.523,radio://0/80/2M,range,0,0,Reacquire Wall,2725,1,1,0,0.3400001525878906,100,-1,28.25,24.62,50159,1,0,0.3400706350803375,0.020543213933706284,-0.2370920032262802,0.0,0.0,32766,76,2451,32766,32766,3.774193525314331
2026-04-07T11:43:38.770,radio://0/80/2M,mission,0,0,Reacquire Wall,2725,1,1,0,0.5900001525878906,100,-1,28.25,24.62,50159,1,0,0.3409840762615204,0.020543213933706284,-0.2370920032262802,0.0,0.0,32766,76,2451,32766,32766,3.774193525314331
2026-04-07T11:43:38.773,radio://0/80/2M,flow,0,0,Reacquire Wall,2725,1,1,0,0.5900001525878906,100,-1,28.25,24.62,50409,0,0,0.3409840762615204,-0.00526291411370039,-0.38516032695770264,0.0,0.0,32766,76,2451,32766,32766,3.774193525314331
2026-04-07T11:43:38.774,radio://0/80/2M,range,0,0,Reacquire Wall,2725,1,1,0,0.5900001525878906,100,-1,28.25,24.62,50409,0,0,0.3409840762615204,-0.00526291411370039,-0.38516032695770264,0.0,0.0,32766,68,2443,787,32766,3.774193525314331
2026-04-07T11:43:39.020,radio://0/80/2M,mission,0,0,Reacquire Wall,2725,1,1,0,0.8400001525878906,100,-1,28.25,24.69,50409,0,0,0.3422657251358032,-0.00526291411370039,-0.38516032695770264,0.0,0.0,32766,68,2443,787,32766,3.774193525314331
2026-04-07T11:43:39.021,radio://0/80/2M,flow,0,0,Reacquire Wall,2725,1,1,0,0.8400001525878906,100,-1,28.25,24.69,50659,0,-1,0.3422657251358032,-0.05025765672326088,-0.4485568404197693,0.0,0.0,32766,68,2443,787,32766,3.774193525314331
2026-04-07T11:43:39.023,radio://0/80/2M,range,0,0,Reacquire Wall,2725,1,1,0,0.8400001525878906,100,-1,28.25,24.69,50659,0,-1,0.3422657251358032,-0.05025765672326088,-0.4485568404197693,0.0,0.0,32766,78,2509,32766,32766,3.774193525314331
2026-04-07T11:43:39.270,radio://0/80/2M,mission,0,0,Reacquire Wall,2725,1,1,0,1.0900001525878906,100,-1,27.75,24.62,50659,0,-1,0.3344319462776184,-0.05025765672326088,-0.4485568404197693,0.0,0.0,32766,78,2509,32766,32766,3.774193525314331
2026-04-07T11:43:39.273,radio://0/80/2M,flow,0,0,Reacquire Wall,2725,1,1,0,1.0900001525878906,100,-1,27.75,24.62,50909,-2,0,0.3344319462776184,-0.11014869064092636,-0.45558294653892517,0.0,0.0,32766,78,2509,32766,32766,3.774193525314331
2026-04-07T11:43:39.274,radio://0/80/2M,range,0,0,Reacquire Wall,2725,1,1,0,1.0900001525878906,100,-1,27.75,24.62,50909,-2,0,0.3344319462776184,-0.11014869064092636,-0.45558294653892517,0.0,0.0,32766,79,2525,32766,32766,3.774193525314331
2026-04-07T11:43:39.520,radio://0/80/2M,mission,0,0,Reacquire Wall,2725,1,1,0,1.3400001525878906,100,-1,29.25,24.69,50909,-2,0,0.3237634599208832,-0.11014869064092636,-0.45558294653892517,0.0,0.0,32766,79,2525,32766,32766,3.774193525314331
2026-04-07T11:43:39.521,radio://0/80/2M,flow,0,0,Reacquire Wall,2725,1,1,0,1.3400001525878906,100,-1,29.25,24.69,51159,-1,0,0.3237634599208832,-0.1329125314950943,-0.42794349789619446,0.0,0.0,32766,79,2525,32766,32766,3.774193525314331
2026-04-07T11:43:39.522,radio://0/80/2M,range,0,0,Reacquire Wall,2725,1,1,0,1.3400001525878906,100,-1,29.25,24.69,51159,-1,0,0.3237634599208832,-0.1329125314950943,-0.42794349789619446,0.0,0.0,32766,102,32766,32766,32766,3.7689149379730225
2026-04-07T11:43:39.770,radio://0/80/2M,mission,0,0,Reacquire Wall,2725,1,1,0,1.5900001525878906,100,-1,27.75,24.69,51159,-1,0,0.31876611709594727,-0.1329125314950943,-0.42794349789619446,0.0,0.0,32766,102,32766,32766,32766,3.7689149379730225
2026-04-07T11:43:39.771,radio://0/80/2M,flow,0,0,Reacquire Wall,2725,1,1,0,1.5900001525878906,100,-1,27.75,24.69,51409,0,0,0.31876611709594727,-0.09281804412603378,-0.4307712912559509,0.0,0.0,32766,102,32766,32766,32766,3.7689149379730225
2026-04-07T11:43:39.772,radio://0/80/2M,range,0,0,Reacquire Wall,2725,1,1,0,1.5900001525878906,100,-1,27.75,24.69,51409,0,0,0.31876611709594727,-0.09281804412603378,-0.4307712912559509,0.0,0.0,32766,356,32766,32766,32766,3.7794721126556396
2026-04-07T11:43:40.020,radio://0/80/2M,mission,0,0,Reacquire Wall,2725,1,1,0,1.8400001525878906,100,-1,28.0,24.69,51409,0,0,0.3178936839103699,-0.09281804412603378,-0.4307712912559509,0.0,0.0,32766,356,32766,32766,32766,3.7794721126556396
2026-04-07T11:43:40.022,radio://0/80/2M,flow,0,0,Reacquire Wall,2555,1,1,0,1.8400001525878906,100,-1,28.0,24.69,51659,1,1,0.3178936839103699,-0.08816497027873993,-0.42724817991256714,0.0,0.0,32766,356,32766,32766,32766,3.7794721126556396
2026-04-07T11:43:40.024,radio://0/80/2M,range,0,0,Reacquire Wall,2555,1,1,0,1.8400001525878906,100,-1,28.0,24.69,51659,1,1,0.3178936839103699,-0.08816497027873993,-0.42724817991256714,0.0,0.0,32766,357,32766,32766,32766,3.774193525314331
2026-04-07T11:43:40.269,radio://0/80/2M,mission,0,0,Reacquire Wall,2555,1,1,0,2.0900001525878906,100,0,27.75,24.69,51659,1,1,0.31917813420295715,-0.08816497027873993,-0.42724817991256714,0.0,0.0,32766,357,32766,32766,32766,3.774193525314331
2026-04-07T11:43:40.273,radio://0/80/2M,flow,0,0,Reacquire Wall,2555,1,1,0,2.0900001525878906,100,0,27.75,24.69,51909,0,0,0.31917813420295715,-0.10017158836126328,-0.5462906956672668,0.0,0.0,32766,357,32766,32766,32766,3.774193525314331
2026-04-07T11:43:40.274,radio://0/80/2M,range,0,0,Reacquire Wall,2555,1,1,0,2.0900001525878906,100,0,27.75,24.69,51909,0,0,0.31917813420295715,-0.10017158836126328,-0.5462906956672668,0.0,0.0,826,365,32766,32766,32766,3.774193525314331
2026-04-07T11:43:40.519,radio://0/80/2M,mission,0,0,Reacquire Wall,2555,1,1,0,2.3400001525878906,100,0,28.0,24.69,51909,0,0,0.3204563558101654,-0.10017158836126328,-0.5462906956672668,0.0,0.0,826,365,32766,32766,32766,3.774193525314331
2026-04-07T11:43:40.521,radio://0/80/2M,flow,0,0,Reacquire Wall,2555,1,1,0,2.3400001525878906,100,0,28.0,24.69,52159,0,-1,0.3204563558101654,-0.10337263345718384,-0.5774142742156982,0.0,0.0,826,365,32766,32766,32766,3.774193525314331
2026-04-07T11:43:40.522,radio://0/80/2M,range,0,0,Reacquire Wall,2555,1,1,0,2.3400001525878906,100,0,28.0,24.69,52159,0,-1,0.3204563558101654,-0.10337263345718384,-0.5774142742156982,0.0,0.0,814,366,32766,32766,32766,3.774193525314331
2026-04-07T11:43:40.769,radio://0/80/2M,mission,0,0,Reacquire Wall,2555,1,1,0,2.5900001525878906,100,0,27.75,24.69,52159,0,-1,0.31922847032546997,-0.10337263345718384,-0.5774142742156982,0.0,0.0,814,366,32766,32766,32766,3.774193525314331
2026-04-07T11:43:40.771,radio://0/80/2M,flow,0,0,Reacquire Wall,2555,1,1,0,2.5900001525878906,100,0,27.75,24.69,52409,0,0,0.31922847032546997,-0.0868457779288292,-0.6116923093795776,0.0,0.0,814,366,32766,32766,32766,3.774193525314331
2026-04-07T11:43:40.772,radio://0/80/2M,range,0,0,Reacquire Wall,2555,1,1,0,2.5900001525878906,100,0,27.75,24.69,52409,0,0,0.31922847032546997,-0.0868457779288292,-0.6116923093795776,0.0,0.0,828,367,32766,32766,32766,3.774193525314331
2026-04-07T11:43:41.019,radio://0/80/2M,mission,0,0,Reacquire Wall,2555,1,1,0,2.8400001525878906,100,0,27.25,24.69,52409,0,0,0.2995336651802063,-0.0868457779288292,-0.6116923093795776,0.0,0.0,828,367,32766,32766,32766,3.774193525314331
2026-04-07T11:43:41.022,radio://0/80/2M,flow,0,0,Reacquire Wall,2555,1,1,0,2.8400001525878906,100,0,27.25,24.69,52659,-10,-2,0.2995336651802063,0.04541238024830818,-0.37413346767425537,0.0,0.0,828,367,32766,32766,32766,3.774193525314331
2026-04-07T11:43:41.023,radio://0/80/2M,range,0,0,Reacquire Wall,2555,1,1,0,2.8400001525878906,100,0,27.25,24.69,52659,-10,-2,0.2995336651802063,0.04541238024830818,-0.37413346767425537,0.0,0.0,826,363,32766,32766,32766,3.7689149379730225
2026-04-07T11:43:41.269,radio://0/80/2M,mission,0,0,Reacquire Wall,2555,1,1,1,3.0900001525878906,100,0,27.25,24.69,52659,-10,-2,0.2629486620426178,0.04541238024830818,-0.37413346767425537,0.0,0.0,826,363,32766,32766,32766,3.7689149379730225
2026-04-07T11:43:41.272,radio://0/80/2M,flow,0,0,Reacquire Wall,2883,1,1,1,3.0900001525878906,100,0,27.25,24.69,52909,-1,-2,0.2629486620426178,0.05196012929081917,-0.2310268133878708,0.0,0.0,826,363,32766,32766,32766,3.7689149379730225
2026-04-07T11:43:41.273,radio://0/80/2M,range,0,0,Reacquire Wall,2883,1,1,1,3.0900001525878906,100,0,27.25,24.69,52909,-1,-2,0.2629486620426178,0.05196012929081917,-0.2310268133878708,0.0,0.0,32766,345,32766,850,32766,3.774193525314331
2026-04-07T11:43:41.518,radio://0/80/2M,mission,0,0,Reacquire Wall,2883,1,1,1,3.3400001525878906,90,-1,26.75,24.69,52909,-1,-2,0.2322763353586197,0.05196012929081917,-0.2310268133878708,0.0,0.0,32766,345,32766,850,32766,3.774193525314331
2026-04-07T11:43:41.521,radio://0/80/2M,flow,0,0,Reacquire Wall,3063,1,1,1,3.3400001525878906,90,-1,26.75,24.69,53159,0,0,0.2322763353586197,0.020961424335837364,-0.2451854944229126,0.0,0.0,32766,345,32766,850,32766,3.774193525314331
2026-04-07T11:43:41.522,radio://0/80/2M,range,0,0,Reacquire Wall,3063,1,1,1,3.3400001525878906,90,-1,26.75,24.69,53159,0,0,0.2322763353586197,0.020961424335837364,-0.2451854944229126,0.0,0.0,32766,342,32766,870,32766,3.774193525314331
2026-04-07T11:43:41.769,radio://0/80/2M,mission,0,0,Reacquire Wall,3063,1,1,1,3.5900001525878906,86,1,26.5,24.69,53159,0,0,0.221303328871727,0.020961424335837364,-0.2451854944229126,0.0,0.0,32766,342,32766,870,32766,3.774193525314331
2026-04-07T11:43:41.771,radio://0/80/2M,flow,0,0,Reacquire Wall,3063,1,1,1,3.5900001525878906,86,1,26.5,24.69,53409,0,0,0.221303328871727,-0.05090485140681267,-0.1476334184408188,0.0,0.0,32766,342,32766,870,32766,3.774193525314331
2026-04-07T11:43:41.772,radio://0/80/2M,range,0,0,Reacquire Wall,3063,1,1,1,3.5900001525878906,86,1,26.5,24.69,53409,0,0,0.221303328871727,-0.05090485140681267,-0.1476334184408188,0.0,0.0,32766,353,32766,900,32766,3.774193525314331
2026-04-07T11:43:42.019,radio://0/80/2M,mission,0,0,Reacquire Wall,3063,0,1,0,0.0,90,0,27.25,24.69,53409,0,0,0.25516244769096375,-0.05090485140681267,-0.1476334184408188,0.0,0.0,32766,353,32766,900,32766,3.774193525314331
2026-04-07T11:43:42.020,radio://0/80/2M,flow,0,0,Reacquire Wall,3063,0,1,0,0.0,90,0,27.25,24.69,53659,3,-1,0.25516244769096375,-0.09245766699314117,-0.06769030541181564,0.0,0.0,32766,353,32766,900,32766,3.774193525314331
2026-04-07T11:43:42.021,radio://0/80/2M,range,0,0,Reacquire Wall,3063,0,1,0,0.0,90,0,27.25,24.69,53659,3,-1,0.25516244769096375,-0.09245766699314117,-0.06769030541181564,0.0,0.0,32766,357,32766,867,32766,3.7794721126556396
2026-04-07T11:43:42.268,radio://0/80/2M,mission,0,0,Reacquire Wall,3063,0,1,0,0.0,99,0,26.75,24.69,53659,3,-1,0.28679564595222473,-0.09245766699314117,-0.06769030541181564,0.0,0.0,32766,357,32766,867,32766,3.7794721126556396
2026-04-07T11:43:42.271,radio://0/80/2M,flow,0,0,Reacquire Wall,3063,0,1,0,0.0,99,0,26.75,24.69,53909,1,0,0.28679564595222473,-0.01253996416926384,-0.10606822371482849,0.0,0.0,32766,357,32766,867,32766,3.7794721126556396
2026-04-07T11:43:42.272,radio://0/80/2M,range,0,0,Reacquire Wall,3063,0,1,0,0.0,99,0,26.75,24.69,53909,1,0,0.28679564595222473,-0.01253996416926384,-0.10606822371482849,0.0,0.0,32766,361,32766,807,32766,3.774193525314331
2026-04-07T11:43:42.518,radio://0/80/2M,mission,0,0,Reacquire Wall,3063,0,1,0,0.0,100,0,26.75,24.69,53909,1,0,0.28502336144447327,-0.01253996416926384,-0.10606822371482849,0.0,0.0,32766,361,32766,807,32766,3.774193525314331
2026-04-07T11:43:42.521,radio://0/80/2M,flow,0,0,Reacquire Wall,3063,0,1,0,0.0,100,0,26.75,24.69,54159,0,3,0.28502336144447327,0.019181150943040848,-0.1353146880865097,0.0,0.0,32766,361,32766,807,32766,3.774193525314331
2026-04-07T11:43:42.522,radio://0/80/2M,range,0,0,Reacquire Wall,3063,0,1,0,0.0,100,0,26.75,24.69,54159,0,3,0.28502336144447327,0.019181150943040848,-0.1353146880865097,0.0,0.0,32766,364,32766,800,32766,3.7689149379730225
2026-04-07T11:43:42.768,radio://0/80/2M,mission,0,0,Reacquire Wall,3063,0,1,0,0.0,100,0,27.5,24.69,54159,0,3,0.2915949821472168,0.019181150943040848,-0.1353146880865097,0.0,0.0,32766,364,32766,800,32766,3.7689149379730225
2026-04-07T11:43:42.771,radio://0/80/2M,flow,0,0,Reacquire Wall,3063,0,1,0,0.0,100,0,27.5,24.69,54409,0,0,0.2915949821472168,0.030859677121043205,-0.15814338624477386,0.0,0.0,32766,364,32766,800,32766,3.7689149379730225
2026-04-07T11:43:42.773,radio://0/80/2M,range,0,0,Reacquire Wall,3063,0,1,0,0.0,100,0,27.5,24.69,54409,0,0,0.2915949821472168,0.030859677121043205,-0.15814338624477386,0.0,0.0,32766,361,32766,807,32766,3.774193525314331
2026-04-07T11:43:43.018,radio://0/80/2M,mission,0,0,Reacquire Wall,3063,1,1,0,0.23999786376953125,100,1,28.0,24.69,54409,0,0,0.2927864193916321,0.030859677121043205,-0.15814338624477386,0.0,0.0,32766,361,32766,807,32766,3.774193525314331
2026-04-07T11:43:43.021,radio://0/80/2M,flow,0,0,Reacquire Wall,3063,1,1,0,0.23999786376953125,100,1,28.0,24.69,54659,0,0,0.2927864193916321,0.04506273195147514,-0.12631435692310333,0.0,0.0,32766,361,32766,807,32766,3.774193525314331
2026-04-07T11:43:43.022,radio://0/80/2M,range,0,0,Reacquire Wall,3063,1,1,0,0.23999786376953125,100,1,28.0,24.69,54659,0,0,0.2927864193916321,0.04506273195147514,-0.12631435692310333,0.0,0.0,32766,362,32766,799,32766,3.774193525314331
2026-04-07T11:43:43.268,radio://0/80/2M,mission,0,0,Reacquire Wall,3063,1,1,0,0.48999786376953125,100,1,28.75,24.69,54659,0,0,0.2935192883014679,0.04506273195147514,-0.12631435692310333,0.0,0.0,32766,362,32766,799,32766,3.774193525314331
2026-04-07T11:43:43.271,radio://0/80/2M,flow,0,0,Reacquire Wall,3063,1,1,0,0.48999786376953125,100,1,28.75,24.69,54909,2,0,0.2935192883014679,0.05347037315368652,-0.11182735115289688,0.0,0.0,32766,362,32766,799,32766,3.774193525314331
2026-04-07T11:43:43.272,radio://0/80/2M,range,0,0,Reacquire Wall,3063,1,1,0,0.48999786376953125,100,1,28.75,24.69,54909,2,0,0.2935192883014679,0.05347037315368652,-0.11182735115289688,0.0,0.0,194,367,32766,799,32766,3.774193525314331
2026-04-07T11:43:43.518,radio://0/80/2M,mission,0,0,Reacquire Wall,3063,1,1,0,0.7399978637695312,100,1,28.0,24.69,54909,2,0,0.29611936211586,0.05347037315368652,-0.11182735115289688,0.0,0.0,194,367,32766,799,32766,3.774193525314331
2026-04-07T11:43:43.520,radio://0/80/2M,flow,0,0,Reacquire Wall,3063,1,1,0,0.7399978637695312,100,1,28.0,24.69,55159,0,0,0.29611936211586,0.09814643859863281,-0.12759749591350555,0.0,0.0,194,367,32766,799,32766,3.774193525314331
2026-04-07T11:43:43.521,radio://0/80/2M,range,0,0,Reacquire Wall,3063,1,1,0,0.7399978637695312,100,1,28.0,24.69,55159,0,0,0.29611936211586,0.09814643859863281,-0.12759749591350555,0.0,0.0,226,365,32766,802,32766,3.7794721126556396
2026-04-07T11:43:43.768,radio://0/80/2M,mission,0,0,Reacquire Wall,3063,1,1,0,0.9899978637695312,100,1,27.5,24.69,55159,0,0,0.2915458381175995,0.09814643859863281,-0.12759749591350555,0.0,0.0,226,365,32766,802,32766,3.7794721126556396
2026-04-07T11:43:43.771,radio://0/80/2M,flow,0,0,Reacquire Wall,3063,1,1,0,0.9899978637695312,100,1,27.5,24.69,55409,0,0,0.2915458381175995,0.03328671678900719,-0.2417917102575302,0.0,0.0,226,365,32766,802,32766,3.7794721126556396
2026-04-07T11:43:43.772,radio://0/80/2M,range,0,0,Reacquire Wall,3063,1,1,0,0.9899978637695312,100,1,27.5,24.69,55409,0,0,0.2915458381175995,0.03328671678900719,-0.2417917102575302,0.0,0.0,32766,362,32766,801,32766,3.774193525314331
2026-04-07T11:43:44.018,radio://0/80/2M,mission,0,0,Reacquire Wall,3063,1,1,0,1.2399978637695312,100,1,27.25,24.69,55409,0,0,0.267057865858078,0.03328671678900719,-0.2417917102575302,0.0,0.0,32766,362,32766,801,32766,3.774193525314331
2026-04-07T11:43:44.021,radio://0/80/2M,flow,0,0,Reacquire Wall,3063,1,1,0,1.2399978637695312,100,1,27.25,24.69,55659,-10,15,0.267057865858078,0.04712978005409241,-0.22901886701583862,0.0,0.0,32766,362,32766,801,32766,3.774193525314331
2026-04-07T11:43:44.022,radio://0/80/2M,range,0,0,Reacquire Wall,3063,1,1,0,1.2399978637695312,100,1,27.25,24.69,55659,-10,15,0.267057865858078,0.04712978005409241,-0.22901886701583862,0.0,0.0,32766,388,32766,764,32766,3.7689149379730225
2026-04-07T11:43:44.268,radio://0/80/2M,mission,0,0,Reacquire Wall,3063,1,1,0,1.4899978637695312,100,1,27.75,24.69,55659,-10,15,0.2267300933599472,0.04712978005409241,-0.22901886701583862,0.0,0.0,32766,388,32766,764,32766,3.7689149379730225
2026-04-07T11:43:44.269,radio://0/80/2M,flow,0,0,Reacquire Wall,3254,1,1,0,1.4899978637695312,100,1,27.75,24.69,55909,0,0,0.2267300933599472,0.10783912986516953,-0.11883259564638138,0.0,0.0,32766,388,32766,764,32766,3.7689149379730225
2026-04-07T11:43:44.271,radio://0/80/2M,range,0,0,Reacquire Wall,3254,1,1,0,1.4899978637695312,100,1,27.75,24.69,55909,0,0,0.2267300933599472,0.10783912986516953,-0.11883259564638138,0.0,0.0,32766,442,32766,688,32766,3.774193525314331
2026-04-07T11:43:44.517,radio://0/80/2M,mission,0,0,Reacquire Wall,3254,1,1,0,1.7399978637695312,100,1,27.75,24.69,55909,0,0,0.19948941469192505,0.10783912986516953,-0.11883259564638138,0.0,0.0,32766,442,32766,688,32766,3.774193525314331
2026-04-07T11:43:44.520,radio://0/80/2M,flow,0,0,Reacquire Wall,3254,1,1,0,1.7399978637695312,100,1,27.75,24.69,56159,2,-6,0.19948941469192505,0.04916096478700638,-0.06854276359081268,0.0,0.0,32766,442,32766,688,32766,3.774193525314331
2026-04-07T11:43:44.521,radio://0/80/2M,range,0,0,Reacquire Wall,3254,1,1,0,1.7399978637695312,100,1,27.75,24.69,56159,2,-6,0.19948941469192505,0.04916096478700638,-0.06854276359081268,0.0,0.0,32766,442,32766,623,32766,3.774193525314331
2026-04-07T11:43:44.768,radio://0/80/2M,mission,0,0,Reacquire Wall,3254,1,1,0,1.9899978637695312,100,1,28.25,24.75,56159,2,-6,0.2103368639945984,0.04916096478700638,-0.06854276359081268,0.0,0.0,32766,442,32766,623,32766,3.774193525314331
2026-04-07T11:43:44.769,radio://0/80/2M,flow,0,0,Reacquire Wall,3254,1,1,0,1.9899978637695312,100,1,28.25,24.75,56409,-5,0,0.2103368639945984,0.054959435015916824,-0.04575864225625992,0.0,0.0,32766,442,32766,623,32766,3.774193525314331
2026-04-07T11:43:44.770,radio://0/80/2M,range,0,0,Reacquire Wall,3254,1,1,0,1.9899978637695312,100,1,28.25,24.75,56409,-5,0,0.2103368639945984,0.054959435015916824,-0.04575864225625992,0.0,0.0,32766,428,32766,552,32766,3.774193525314331
2026-04-07T11:43:45.018,radio://0/80/2M,mission,0,0,Reacquire Wall,3254,1,1,0,2.2399978637695312,100,1,28.25,24.69,56409,-5,0,0.23437218368053436,0.054959435015916824,-0.04575864225625992,0.0,0.0,32766,428,32766,552,32766,3.774193525314331
2026-04-07T11:43:45.019,radio://0/80/2M,flow,0,0,Reacquire Wall,3457,1,1,0,2.2399978637695312,100,1,28.25,24.69,56659,-3,-6,0.23437218368053436,0.04961930215358734,0.021910304203629494,0.0,0.0,32766,428,32766,552,32766,3.774193525314331
2026-04-07T11:43:45.020,radio://0/80/2M,range,0,0,Reacquire Wall,3457,1,1,0,2.2399978637695312,100,1,28.25,24.69,56659,-3,-6,0.23437218368053436,0.04961930215358734,0.021910304203629494,0.0,0.0,32766,408,32766,32766,32766,3.7794721126556396
2026-04-07T11:43:45.267,radio://0/80/2M,mission,0,0,Reacquire Wall,3457,1,1,0,2.4899978637695312,100,0,29.0,24.75,56659,-3,-6,0.497248113155365,0.04961930215358734,0.021910304203629494,0.0,0.0,32766,408,32766,32766,32766,3.7794721126556396
2026-04-07T11:43:45.270,radio://0/80/2M,flow,0,0,Reacquire Wall,5281,1,1,0,2.4899978637695312,100,0,29.0,24.75,56909,2,0,0.497248113155365,-0.12297851592302322,0.029552271589636803,0.0,0.0,32766,408,32766,32766,32766,3.7794721126556396
2026-04-07T11:43:45.271,radio://0/80/2M,range,0,0,Reacquire Wall,5281,1,1,0,2.4899978637695312,100,0,29.0,24.75,56909,2,0,0.497248113155365,-0.12297851592302322,0.029552271589636803,0.0,0.0,32766,465,32766,271,32766,3.774193525314331
2026-04-07T11:43:45.517,radio://0/80/2M,mission,0,0,Reacquire Wall,5281,1,1,0,2.7399978637695312,100,0,28.75,24.75,56909,2,0,0.3694555461406708,-0.12297851592302322,0.029552271589636803,0.0,0.0,32766,465,32766,271,32766,3.774193525314331
2026-04-07T11:43:45.519,radio://0/80/2M,flow,0,0,Reacquire Wall,4352,1,1,0,2.7399978637695312,100,0,28.75,24.75,57159,21,8,0.3694555461406708,0.5644567012786865,-0.11338762938976288,0.0,0.0,32766,465,32766,271,32766,3.774193525314331
2026-04-07T11:43:45.520,radio://0/80/2M,range,0,0,Reacquire Wall,4352,1,1,0,2.7399978637695312,100,0,28.75,24.75,57159,21,8,0.3694555461406708,0.5644567012786865,-0.11338762938976288,0.0,0.0,32766,447,32766,302,32766,3.774193525314331
2026-04-07T11:43:45.767,radio://0/80/2M,mission,0,0,Reacquire Wall,4352,1,1,0,2.9899978637695312,100,-1,27.75,24.75,57159,21,8,0.2582206130027771,0.5644567012786865,-0.11338762938976288,0.0,0.0,32766,447,32766,302,32766,3.774193525314331
2026-04-07T11:43:45.769,radio://0/80/2M,flow,0,0,Reacquire Wall,3825,1,1,0,2.9899978637695312,100,-1,27.75,24.75,57409,1,0,0.2582206130027771,0.5116273164749146,-0.2262744903564453,0.0,0.0,32766,447,32766,302,32766,3.774193525314331
2026-04-07T11:43:45.770,radio://0/80/2M,range,0,0,Reacquire Wall,3825,1,1,0,2.9899978637695312,100,-1,27.75,24.75,57409,1,0,0.2582206130027771,0.5116273164749146,-0.2262744903564453,0.0,0.0,32766,2581,250,32766,32766,3.7689149379730225
2026-04-07T11:43:46.017,radio://0/80/2M,mission,0,0,Reacquire Wall,3825,1,1,1,3.2399978637695312,100,0,27.5,24.75,57409,1,0,0.41816282272338867,0.5116273164749146,-0.2262744903564453,0.0,0.0,32766,2581,250,32766,32766,3.7689149379730225
2026-04-07T11:43:46.020,radio://0/80/2M,flow,0,0,Reacquire Wall,4587,1,1,1,3.2399978637695312,100,0,27.5,24.75,57659,-7,-7,0.41816282272338867,0.14968614280223846,0.15642303228378296,0.0,0.0,32766,2581,250,32766,32766,3.7689149379730225
2026-04-07T11:43:46.021,radio://0/80/2M,range,0,0,Reacquire Wall,4587,1,1,1,3.2399978637695312,100,0,27.5,24.75,57659,-7,-7,0.41816282272338867,0.14968614280223846,0.15642303228378296,0.0,0.0,32766,32766,161,214,32766,3.7689149379730225
2026-04-07T11:43:46.267,radio://0/80/2M,mission,0,0,Reacquire Wall,4587,1,1,1,3.4899978637695312,100,0,27.0,24.75,57659,-7,-7,0.7705729603767395,0.14968614280223846,0.15642303228378296,0.0,0.0,32766,32766,161,214,32766,3.7689149379730225
2026-04-07T11:43:46.268,radio://0/80/2M,flow,0,0,Reacquire Wall,7008,1,1,1,3.4899978637695312,100,0,27.0,24.75,57909,-7,-4,0.7705729603767395,0.1889181286096573,0.06215166673064232,0.0,0.0,32766,32766,161,214,32766,3.7689149379730225
2026-04-07T11:43:46.269,radio://0/80/2M,range,0,0,Reacquire Wall,7008,1,1,1,3.4899978637695312,100,0,27.0,24.75,57909,-7,-4,0.7705729603767395,0.1889181286096573,0.06215166673064232,0.0,0.0,32766,441,32766,252,32766,3.774193525314331
2026-04-07T11:43:46.516,radio://0/80/2M,mission,0,0,Reacquire Wall,7008,1,1,1,3.7399978637695312,100,-1,26.75,24.75,57909,-7,-4,1.0819814205169678,0.1889181286096573,0.06215166673064232,0.0,0.0,32766,441,32766,252,32766,3.774193525314331
2026-04-07T11:43:46.519,radio://0/80/2M,flow,0,0,Reacquire Wall,7008,1,1,1,3.7399978637695312,100,-1,26.75,24.75,58159,0,1,1.0819814205169678,0.5453261733055115,-0.05238276720046997,0.0,0.0,32766,441,32766,252,32766,3.774193525314331
2026-04-07T11:43:46.520,radio://0/80/2M,range,0,0,Reacquire Wall,7008,1,1,1,3.7399978637695312,100,-1,26.75,24.75,58159,0,1,1.0819814205169678,0.5453261733055115,-0.05238276720046997,0.0,0.0,2090,466,356,262,32766,3.7689149379730225
2026-04-07T11:43:46.767,radio://0/80/2M,mission,0,0,Reacquire Wall,7008,0,1,0,0.0,100,0,27.5,24.75,58159,0,1,0.2218746542930603,0.5453261733055115,-0.05238276720046997,0.0,0.0,2090,466,356,262,32766,3.7689149379730225
2026-04-07T11:43:46.770,radio://0/80/2M,flow,0,0,Reacquire Wall,7008,0,1,0,0.0,100,0,27.5,24.75,58409,-1,0,0.2218746542930603,1.3496516942977905,0.04733881726861,0.0,0.0,2090,466,356,262,32766,3.7689149379730225
2026-04-07T11:43:46.771,radio://0/80/2M,range,0,0,Reacquire Wall,7008,0,1,0,0.0,100,0,27.5,24.75,58409,-1,0,0.2218746542930603,1.3496516942977905,0.04733881726861,0.0,0.0,2093,465,365,262,32766,3.763636350631714
2026-04-07T11:43:47.017,radio://0/80/2M,mission,0,0,Reacquire Wall,7008,0,1,0,0.0,100,0,27.5,24.75,58409,-1,0,0.002364953514188528,1.3496516942977905,0.04733881726861,0.0,0.0,2093,465,365,262,32766,3.763636350631714
2026-04-07T11:43:47.019,radio://0/80/2M,flow,0,0,Reacquire Wall,7008,0,1,0,0.0,100,0,27.5,24.75,58659,1,0,0.002364953514188528,1.633150577545166,0.16068685054779053,0.0,0.0,2093,465,365,262,32766,3.763636350631714
2026-04-07T11:43:47.021,radio://0/80/2M,range,0,0,Reacquire Wall,7008,0,1,0,0.0,100,0,27.5,24.75,58659,1,0,0.002364953514188528,1.633150577545166,0.16068685054779053,0.0,0.0,2058,32766,505,256,32766,3.763636350631714
2026-04-07T11:43:47.266,radio://0/80/2M,mission,0,0,Reacquire Wall,7008,0,1,0,0.0,100,0,26.75,24.75,58659,1,0,0.27818065881729126,1.633150577545166,0.16068685054779053,0.0,0.0,2058,32766,505,256,32766,3.763636350631714
2026-04-07T11:43:47.269,radio://0/80/2M,flow,0,0,Reacquire Wall,7008,0,1,0,0.0,100,0,26.75,24.75,58909,8,15,0.27818065881729126,0.49047237634658813,-1.0102264881134033,0.0,0.0,2058,32766,505,256,32766,3.763636350631714
2026-04-07T11:43:47.270,radio://0/80/2M,range,0,0,Reacquire Wall,7008,0,1,0,0.0,100,0,26.75,24.75,58909,8,15,0.27818065881729126,0.49047237634658813,-1.0102264881134033,0.0,0.0,2054,32766,516,248,32766,3.763636350631714
2026-04-07T11:43:47.517,radio://0/80/2M,mission,0,0,Reacquire Wall,7008,0,1,0,0.0,100,0,27.0,24.75,58909,8,15,0.42453330755233765,0.49047237634658813,-1.0102264881134033,0.0,0.0,2054,32766,516,248,32766,3.763636350631714
2026-04-07T11:43:47.518,radio://0/80/2M,flow,0,0,Reacquire Wall,5775,0,1,0,0.0,100,0,27.0,24.75,59159,-2,5,0.42453330755233765,-6.353722095489502,-3.1024796962738037,0.0,0.0,2054,32766,516,248,32766,3.763636350631714
2026-04-07T11:43:47.519,radio://0/80/2M,range,0,0,Reacquire Wall,5775,0,1,0,0.0,100,0,27.0,24.75,59159,-2,5,0.42453330755233765,-6.353722095489502,-3.1024796962738037,0.0,0.0,2134,408,622,299,32766,3.7689149379730225
2026-04-07T11:43:47.767,radio://0/80/2M,mission,0,0,Reacquire Wall,5775,1,1,0,0.07999801635742188,100,-1,27.75,24.75,59159,-2,5,0.30808940529823303,-6.353722095489502,-3.1024796962738037,0.0,0.0,2134,408,622,299,32766,3.7689149379730225
2026-04-07T11:43:47.768,radio://0/80/2M,flow,0,0,Reacquire Wall,3679,1,1,0,0.07999801635742188,100,-1,27.75,24.75,59409,-8,3,0.30808940529823303,-8.044634819030762,-0.3294324278831482,0.0,0.0,2134,408,622,299,32766,3.7689149379730225
2026-04-07T11:43:47.769,radio://0/80/2M,range,0,0,Reacquire Wall,3679,1,1,0,0.07999801635742188,100,-1,27.75,24.75,59409,-8,3,0.30808940529823303,-8.044634819030762,-0.3294324278831482,0.0,0.0,32766,425,851,477,32766,3.774193525314331
2026-04-07T11:43:48.016,radio://0/80/2M,mission,0,0,Reacquire Wall,3679,1,1,0,0.3299980163574219,100,1,27.5,24.75,59409,-8,3,0.3548702001571655,-8.044634819030762,-0.3294324278831482,0.0,0.0,32766,425,851,477,32766,3.774193525314331
2026-04-07T11:43:48.019,radio://0/80/2M,flow,0,0,Reacquire Wall,3235,1,1,0,0.3299980163574219,100,1,27.5,24.75,59659,-1,1,0.3548702001571655,-6.183375835418701,-1.41434907913208,0.0,0.0,32766,425,851,477,32766,3.774193525314331
2026-04-07T11:43:48.020,radio://0/80/2M,range,0,0,Reacquire Wall,3235,1,1,0,0.3299980163574219,100,1,27.5,24.75,59659,-1,1,0.3548702001571655,-6.183375835418701,-1.41434907913208,0.0,0.0,32766,376,32766,551,32766,3.7794721126556396
2026-04-07T11:43:48.266,radio://0/80/2M,mission,0,0,Reacquire Wall,3235,1,1,0,0.5799980163574219,100,0,27.25,24.75,59659,-1,1,0.29223868250846863,-6.183375835418701,-1.41434907913208,0.0,0.0,32766,376,32766,551,32766,3.7794721126556396
2026-04-07T11:43:48.269,radio://0/80/2M,flow,0,0,Reacquire Wall,3235,1,1,0,0.5799980163574219,100,0,27.25,24.75,59909,-3,-5,0.29223868250846863,-4.469670295715332,-1.2778130769729614,0.0,0.0,32766,376,32766,551,32766,3.7794721126556396
2026-04-07T11:43:48.270,radio://0/80/2M,range,0,0,Reacquire Wall,3235,1,1,0,0.5799980163574219,100,0,27.25,24.75,59909,-3,-5,0.29223868250846863,-4.469670295715332,-1.2778130769729614,0.0,0.0,32766,358,32766,580,32766,3.774193525314331
2026-04-07T11:43:48.516,radio://0/80/2M,mission,0,0,Reacquire Wall,3235,1,1,0,0.8299980163574219,100,0,27.75,24.75,59909,-3,-5,0.6352105736732483,-4.469670295715332,-1.2778130769729614,0.0,0.0,32766,358,32766,580,32766,3.774193525314331
2026-04-07T11:43:48.519,radio://0/80/2M,flow,0,0,Reacquire Wall,6688,1,1,0,0.8299980163574219,100,0,27.75,24.75,60159,-2,-16,0.6352105736732483,-4.028059959411621,-1.5729289054870605,0.0,0.0,32766,358,32766,580,32766,3.774193525314331
2026-04-07T11:43:48.520,radio://0/80/2M,range,0,0,Reacquire Wall,6688,1,1,0,0.8299980163574219,100,0,27.75,24.75,60159,-2,-16,0.6352105736732483,-4.028059959411621,-1.5729289054870605,0.0,0.0,32766,396,32766,32766,32766,3.774193525314331
2026-04-07T11:43:48.766,radio://0/80/2M,mission,0,0,Reacquire Wall,6688,1,1,0,1.0799980163574219,100,0,27.5,24.75,60159,-2,-16,0.28241831064224243,-4.028059959411621,-1.5729289054870605,0.0,0.0,32766,396,32766,32766,32766,3.774193525314331
2026-04-07T11:43:48.768,radio://0/80/2M,flow,0,0,Reacquire Wall,8191,1,1,0,1.0799980163574219,100,0,27.5,24.75,60409,4,-8,0.28241831064224243,-3.136565923690796,-0.6816332936286926,0.0,0.0,32766,396,32766,32766,32766,3.774193525314331
2026-04-07T11:43:48.769,radio://0/80/2M,range,0,0,Reacquire Wall,8191,1,1,0,1.0799980163574219,100,0,27.5,24.75,60409,4,-8,0.28241831064224243,-3.136565923690796,-0.6816332936286926,0.0,0.0,2073,32766,32766,255,32766,3.7689149379730225
2026-04-07T11:43:49.016,radio://0/80/2M,mission,0,0,Reacquire Wall,8191,1,1,0,1.3299980163574219,100,0,27.25,24.81,60409,4,-8,0.21281158924102783,-3.136565923690796,-0.6816332936286926,0.0,0.0,2073,32766,32766,255,32766,3.7689149379730225
2026-04-07T11:43:49.018,radio://0/80/2M,flow,0,0,Reacquire Wall,8191,1,1,0,1.3299980163574219,100,0,27.25,24.81,60659,0,-1,0.21281158924102783,-2.982961416244507,-1.2739917039871216,0.0,0.0,2073,32766,32766,255,32766,3.7689149379730225
2026-04-07T11:43:49.019,radio://0/80/2M,range,0,0,Reacquire Wall,8191,1,1,0,1.3299980163574219,100,0,27.25,24.81,60659,0,-1,0.21281158924102783,-2.982961416244507,-1.2739917039871216,0.0,0.0,1967,32766,32766,264,32766,3.774193525314331
2026-04-07T11:43:49.265,radio://0/80/2M,mission,0,0,Reacquire Wall,8191,1,1,0,1.5799980163574219,100,0,26.75,24.75,60659,0,-1,0.24661555886268616,-2.982961416244507,-1.2739917039871216,0.0,0.0,1967,32766,32766,264,32766,3.774193525314331
2026-04-07T11:43:49.268,radio://0/80/2M,flow,0,0,Reacquire Wall,8191,1,1,0,1.5799980163574219,100,0,26.75,24.75,60909,0,0,0.24661555886268616,-2.753675937652588,-1.5049313306808472,0.0,0.0,1967,32766,32766,264,32766,3.774193525314331
2026-04-07T11:43:49.269,radio://0/80/2M,range,0,0,Reacquire Wall,8191,1,1,0,1.5799980163574219,100,0,26.75,24.75,60909,0,0,0.24661555886268616,-2.753675937652588,-1.5049313306808472,0.0,0.0,1980,32766,32766,263,32766,3.7689149379730225
2026-04-07T11:43:49.515,radio://0/80/2M,mission,0,0,Reacquire Wall,8191,0,1,0,0.0,100,0,26.25,24.75,60909,0,0,0.26428478956222534,-2.753675937652588,-1.5049313306808472,0.0,0.0,1980,32766,32766,263,32766,3.7689149379730225
2026-04-07T11:43:49.517,radio://0/80/2M,flow,0,0,Reacquire Wall,8191,0,1,0,0.0,100,0,26.25,24.75,61159,0,0,0.26428478956222534,-2.2517261505126953,-1.7454394102096558,0.0,0.0,1980,32766,32766,263,32766,3.7689149379730225
2026-04-07T11:43:49.518,radio://0/80/2M,range,0,0,Reacquire Wall,8191,0,1,0,0.0,100,0,26.25,24.75,61159,0,0,0.26428478956222534,-2.2517261505126953,-1.7454394102096558,0.0,0.0,1968,32766,32766,265,32766,3.7794721126556396
2026-04-07T11:43:49.766,radio://0/80/2M,mission,0,0,Reacquire Wall,8191,0,1,0,0.0,100,0,26.25,24.81,61159,0,0,0.27756568789482117,-2.2517261505126953,-1.7454394102096558,0.0,0.0,1968,32766,32766,265,32766,3.7794721126556396
2026-04-07T11:43:49.768,radio://0/80/2M,flow,0,0,Reacquire Wall,8191,0,1,0,0.0,100,0,26.25,24.81,61409,0,0,0.27756568789482117,-1.5924960374832153,-2.0379445552825928,0.0,0.0,1968,32766,32766,265,32766,3.7794721126556396
2026-04-07T11:43:49.769,radio://0/80/2M,range,0,0,Reacquire Wall,8191,0,1,0,0.0,100,0,26.25,24.81,61409,0,0,0.27756568789482117,-1.5924960374832153,-2.0379445552825928,0.0,0.0,1971,32766,32766,258,32766,3.7689149379730225
2026-04-07T11:43:50.016,radio://0/80/2M,mission,0,0,Reacquire Wall,8191,0,1,0,0.0,100,0,26.75,24.75,61409,0,0,0.29573914408683777,-1.5924960374832153,-2.0379445552825928,0.0,0.0,1971,32766,32766,258,32766,3.7689149379730225
2026-04-07T11:43:50.017,radio://0/80/2M,flow,0,0,Reacquire Wall,8191,0,1,0,0.0,100,0,26.75,24.75,61659,0,0,0.29573914408683777,-0.9010687470436096,-1.9859098196029663,0.0,0.0,1971,32766,32766,258,32766,3.7689149379730225
2026-04-07T11:43:50.018,radio://0/80/2M,range,0,0,Reacquire Wall,8191,0,1,0,0.0,100,0,26.75,24.75,61659,0,0,0.29573914408683777,-0.9010687470436096,-1.9859098196029663,0.0,0.0,1973,32766,32766,258,32766,3.774193525314331
2026-04-07T11:43:50.265,radio://0/80/2M,mission,0,0,Reacquire Wall,8191,0,1,0,0.0,100,0,26.5,24.75,61659,0,0,0.3733247220516205,-0.9010687470436096,-1.9859098196029663,0.0,0.0,1973,32766,32766,258,32766,3.774193525314331
2026-04-07T11:43:50.268,radio://0/80/2M,flow,0,0,Reacquire Wall,8191,0,1,0,0.0,100,0,26.5,24.75,61909,6,13,0.3733247220516205,-0.6162216663360596,-1.6453351974487305,0.0,0.0,1973,32766,32766,258,32766,3.774193525314331
2026-04-07T11:43:50.269,radio://0/80/2M,range,0,0,Reacquire Wall,8191,0,1,0,0.0,100,0,26.5,24.75,61909,6,13,0.3733247220516205,-0.6162216663360596,-1.6453351974487305,0.0,0.0,1999,32766,32766,274,32766,3.774193525314331
2026-04-07T11:43:50.515,radio://0/80/2M,mission,0,0,Reacquire Wall,8191,0,1,0,0.0,100,0,28.75,24.81,61909,6,13,0.36323416233062744,-0.6162216663360596,-1.6453351974487305,0.0,0.0,1999,32766,32766,274,32766,3.774193525314331
2026-04-07T11:43:50.518,radio://0/80/2M,flow,0,0,Reacquire Wall,4300,0,1,0,0.0,100,0,28.75,24.81,62159,-2,1,0.36323416233062744,0.15570971369743347,-0.7112809419631958,0.0,0.0,1999,32766,32766,274,32766,3.774193525314331
2026-04-07T11:43:50.519,radio://0/80/2M,range,0,0,Reacquire Wall,4300,0,1,0,0.0,100,0,28.75,24.81,62159,-2,1,0.36323416233062744,0.15570971369743347,-0.7112809419631958,0.0,0.0,32766,433,32766,318,32766,3.774193525314331
2026-04-07T11:43:50.765,radio://0/80/2M,mission,0,0,Reacquire Wall,4300,1,1,0,0.18000030517578125,100,1,28.0,24.81,62159,-2,1,0.20861461758613586,0.15570971369743347,-0.7112809419631958,0.0,0.0,32766,433,32766,318,32766,3.774193525314331
2026-04-07T11:43:50.769,radio://0/80/2M,flow,0,0,Reacquire Wall,3323,1,1,0,0.18000030517578125,100,1,28.0,24.81,62409,0,7,0.20861461758613586,0.4308852255344391,-0.23704726994037628,0.0,0.0,32766,433,32766,318,32766,3.774193525314331
2026-04-07T11:43:50.770,radio://0/80/2M,range,0,0,Reacquire Wall,3323,1,1,0,0.18000030517578125,100,1,28.0,24.81,62409,0,7,0.20861461758613586,0.4308852255344391,-0.23704726994037628,0.0,0.0,32766,427,32766,32766,32766,3.774193525314331
2026-04-07T11:43:51.015,radio://0/80/2M,mission,0,0,Reacquire Wall,3323,1,1,0,0.43000030517578125,100,1,27.0,24.81,62409,0,7,0.17390508949756622,0.4308852255344391,-0.23704726994037628,0.0,0.0,32766,427,32766,32766,32766,3.774193525314331
2026-04-07T11:43:51.018,radio://0/80/2M,flow,0,0,Reacquire Wall,3323,1,1,0,0.43000030517578125,100,1,27.0,24.81,62659,-1,0,0.17390508949756622,0.4771631062030792,-0.08713524043560028,0.0,0.0,32766,427,32766,32766,32766,3.774193525314331
2026-04-07T11:43:51.019,radio://0/80/2M,range,0,0,Reacquire Wall,3323,1,1,0,0.43000030517578125,100,1,27.0,24.81,62659,-1,0,0.17390508949756622,0.4771631062030792,-0.08713524043560028,0.0,0.0,32766,421,32766,32766,32766,3.7794721126556396
2026-04-07T11:43:51.265,radio://0/80/2M,mission,0,0,Reacquire Wall,3323,1,1,0,0.6800003051757812,100,0,27.0,24.81,62659,-1,0,0.17746660113334656,0.4771631062030792,-0.08713524043560028,0.0,0.0,32766,421,32766,32766,32766,3.7794721126556396
2026-04-07T11:43:51.266,radio://0/80/2M,flow,0,0,Reacquire Wall,3323,1,1,0,0.6800003051757812,100,0,27.0,24.81,62909,0,0,0.17746660113334656,0.6751991510391235,-0.05713061988353729,0.0,0.0,32766,421,32766,32766,32766,3.7794721126556396
2026-04-07T11:43:51.268,radio://0/80/2M,range,0,0,Reacquire Wall,3323,1,1,0,0.6800003051757812,100,0,27.0,24.81,62909,0,0,0.17746660113334656,0.6751991510391235,-0.05713061988353729,0.0,0.0,32766,420,32766,32766,32766,3.774193525314331
2026-04-07T11:43:51.515,radio://0/80/2M,mission,0,0,Reacquire Wall,3323,1,1,0,0.9300003051757812,100,0,27.25,24.81,62909,0,0,0.17561383545398712,0.6751991510391235,-0.05713061988353729,0.0,0.0,32766,420,32766,32766,32766,3.774193525314331
2026-04-07T11:43:51.517,radio://0/80/2M,flow,0,0,Reacquire Wall,3310,1,1,0,0.9300003051757812,100,0,27.25,24.81,63159,0,0,0.17561383545398712,0.4906403720378876,-0.04656291753053665,0.0,0.0,32766,420,32766,32766,32766,3.774193525314331
2026-04-07T11:43:51.518,radio://0/80/2M,range,0,0,Reacquire Wall,3310,1,1,0,0.9300003051757812,100,0,27.25,24.81,63159,0,0,0.17561383545398712,0.4906403720378876,-0.04656291753053665,0.0,0.0,32766,423,32766,32766,32766,3.774193525314331
2026-04-07T11:43:51.765,radio://0/80/2M,mission,0,0,Reacquire Wall,3310,1,1,0,1.1800003051757812,100,0,27.5,24.81,63159,0,0,0.17741043865680695,0.4906403720378876,-0.04656291753053665,0.0,0.0,32766,423,32766,32766,32766,3.774193525314331
2026-04-07T11:43:51.766,radio://0/80/2M,flow,0,0,Reacquire Wall,3310,1,1,0,1.1800003051757812,100,0,27.5,24.81,63409,0,0,0.17741043865680695,0.4111553728580475,-0.02607429213821888,0.0,0.0,32766,423,32766,32766,32766,3.774193525314331
2026-04-07T11:43:51.767,radio://0/80/2M,range,0,0,Reacquire Wall,3310,1,1,0,1.1800003051757812,100,0,27.5,24.81,63409,0,0,0.17741043865680695,0.4111553728580475,-0.02607429213821888,0.0,0.0,360,422,32766,32766,32766,3.774193525314331
2026-04-07T11:43:52.015,radio://0/80/2M,mission,0,0,Reacquire Wall,3310,1,1,0,1.4300003051757812,100,1,27.75,24.81,63409,0,0,0.1757226288318634,0.4111553728580475,-0.02607429213821888,0.0,0.0,360,422,32766,32766,32766,3.774193525314331
2026-04-07T11:43:52.016,radio://0/80/2M,flow,0,0,Reacquire Wall,3310,1,1,0,1.4300003051757812,100,1,27.75,24.81,63659,0,0,0.1757226288318634,0.31730741262435913,-0.03899182379245758,0.0,0.0,360,422,32766,32766,32766,3.774193525314331
2026-04-07T11:43:52.017,radio://0/80/2M,range,0,0,Reacquire Wall,3310,1,1,0,1.4300003051757812,100,1,27.75,24.81,63659,0,0,0.1757226288318634,0.31730741262435913,-0.03899182379245758,0.0,0.0,353,420,32766,32766,32766,3.774193525314331
2026-04-07T11:43:52.265,radio://0/80/2M,mission,0,0,Reacquire Wall,3310,1,1,0,1.6800003051757812,99,1,27.0,24.81,63659,0,0,0.1750936359167099,0.31730741262435913,-0.03899182379245758,0.0,0.0,353,420,32766,32766,32766,3.774193525314331
2026-04-07T11:43:52.266,radio://0/80/2M,flow,0,0,Reacquire Wall,3285,1,1,0,1.6800003051757812,99,1,27.0,24.81,63909,2,-2,0.1750936359167099,0.20129546523094177,-0.006572728510946035,0.0,0.0,353,420,32766,32766,32766,3.774193525314331
2026-04-07T11:43:52.267,radio://0/80/2M,range,0,0,Reacquire Wall,3285,1,1,0,1.6800003051757812,99,1,27.0,24.81,63909,2,-2,0.1750936359167099,0.20129546523094177,-0.006572728510946035,0.0,0.0,390,419,32766,571,32766,3.774193525314331
2026-04-07T11:43:52.514,radio://0/80/2M,mission,0,0,Reacquire Wall,3285,1,1,0,1.9300003051757812,100,1,27.25,24.81,63909,2,-2,0.17564433813095093,0.20129546523094177,-0.006572728510946035,0.0,0.0,390,419,32766,571,32766,3.774193525314331
2026-04-07T11:43:52.517,radio://0/80/2M,flow,0,0,Reacquire Wall,3694,1,1,0,1.9300003051757812,100,1,27.25,24.81,64159,0,1,0.17564433813095093,0.16900373995304108,-0.005489494185894728,0.0,0.0,390,419,32766,571,32766,3.774193525314331
2026-04-07T11:43:52.519,radio://0/80/2M,range,0,0,Reacquire Wall,3694,1,1,0,1.9300003051757812,100,1,27.25,24.81,64159,0,1,0.17564433813095093,0.16900373995304108,-0.005489494185894728,0.0,0.0,362,419,32766,575,32766,3.7794721126556396
2026-04-07T11:43:52.764,radio://0/80/2M,mission,0,0,Reacquire Wall,3694,1,1,0,2.1800003051757812,100,1,27.5,24.81,64159,0,1,0.05816812440752983,0.16900373995304108,-0.005489494185894728,0.0,0.0,362,419,32766,575,32766,3.7794721126556396
2026-04-07T11:43:52.767,radio://0/80/2M,flow,0,0,Reacquire Wall,5190,1,1,0,2.1800003051757812,100,1,27.5,24.81,64409,-3,-8,0.05816812440752983,0.26490306854248047,0.14364127814769745,0.0,0.0,362,419,32766,575,32766,3.7794721126556396
2026-04-07T11:43:52.768,radio://0/80/2M,range,0,0,Reacquire Wall,5190,1,1,0,2.1800003051757812,100,1,27.5,24.81,64409,-3,-8,0.05816812440752983,0.26490306854248047,0.14364127814769745,0.0,0.0,373,417,32766,32766,32766,3.774193525314331
2026-04-07T11:43:53.014,radio://0/80/2M,mission,0,0,Reacquire Wall,5190,1,1,0,2.4300003051757812,100,1,27.25,24.81,64409,-3,-8,0.06887219846248627,0.26490306854248047,0.14364127814769745,0.0,0.0,373,417,32766,32766,32766,3.774193525314331
2026-04-07T11:43:53.017,radio://0/80/2M,flow,0,0,Reacquire Wall,5170,1,1,0,2.4300003051757812,100,1,27.25,24.81,64659,0,0,0.06887219846248627,0.08988380432128906,0.08028586208820343,0.0,0.0,373,417,32766,32766,32766,3.774193525314331
2026-04-07T11:43:53.018,radio://0/80/2M,range,0,0,Reacquire Wall,5170,1,1,0,2.4300003051757812,100,1,27.25,24.81,64659,0,0,0.06887219846248627,0.08988380432128906,0.08028586208820343,0.0,0.0,392,413,32766,32766,32766,3.774193525314331
2026-04-07T11:43:53.264,radio://0/80/2M,mission,0,0,Reacquire Wall,5170,1,1,0,2.6800003051757812,100,1,27.5,24.75,64659,0,0,0.07533679157495499,0.08988380432128906,0.08028586208820343,0.0,0.0,392,413,32766,32766,32766,3.774193525314331
2026-04-07T11:43:53.267,radio://0/80/2M,flow,0,0,Reacquire Wall,5170,1,1,0,2.6800003051757812,100,1,27.5,24.75,64909,0,0,0.07533679157495499,0.06359702348709106,0.010241972282528877,0.0,0.0,392,413,32766,32766,32766,3.774193525314331
2026-04-07T11:43:53.268,radio://0/80/2M,range,0,0,Reacquire Wall,5170,1,1,0,2.6800003051757812,100,1,27.5,24.75,64909,0,0,0.07533679157495499,0.06359702348709106,0.010241972282528877,0.0,0.0,350,415,32766,32766,32766,3.774193525314331
2026-04-07T11:43:53.513,radio://0/80/2M,mission,0,0,Reacquire Wall,5170,1,1,0,2.9300003051757812,100,0,28.0,24.88,64909,0,0,0.07634995877742767,0.06359702348709106,0.010241972282528877,0.0,0.0,350,415,32766,32766,32766,3.774193525314331
2026-04-07T11:43:53.516,radio://0/80/2M,flow,0,0,Reacquire Wall,5813,1,1,0,2.9300003051757812,100,0,28.0,24.88,65159,-15,-31,0.07634995877742767,-0.11003567278385162,0.03311949223279953,0.0,0.0,350,415,32766,32766,32766,3.774193525314331
2026-04-07T11:43:53.518,radio://0/80/2M,range,0,0,Reacquire Wall,5813,1,1,0,2.9300003051757812,100,0,28.0,24.88,65159,-15,-31,0.07634995877742767,-0.11003567278385162,0.03311949223279953,0.0,0.0,329,413,32766,564,32766,3.7794721126556396
2026-04-07T11:43:53.763,radio://0/80/2M,mission,0,0,Reacquire Wall,5813,1,1,1,3.1800003051757812,100,0,29.0,24.81,65159,-15,-31,0.29958418011665344,-0.11003567278385162,0.03311949223279953,0.0,0.0,329,413,32766,564,32766,3.7794721126556396
2026-04-07T11:43:53.766,radio://0/80/2M,flow,0,0,Reacquire Wall,7837,1,1,1,3.1800003051757812,100,0,29.0,24.81,65409,5,-13,0.29958418011665344,-0.6458820104598999,0.03558347001671791,0.0,0.0,329,413,32766,564,32766,3.7794721126556396
2026-04-07T11:43:53.767,radio://0/80/2M,range,0,0,Reacquire Wall,7837,1,1,1,3.1800003051757812,100,0,29.0,24.81,65409,5,-13,0.29958418011665344,-0.6458820104598999,0.03558347001671791,0.0,0.0,32766,32766,32766,238,32766,3.774193525314331
2026-04-07T11:43:54.013,radio://0/80/2M,mission,0,0,Reacquire Wall,7837,1,1,1,3.4300003051757812,100,-1,27.75,24.81,65409,5,-13,0.2190205603837967,-0.6458820104598999,0.03558347001671791,0.0,0.0,32766,32766,32766,238,32766,3.774193525314331
2026-04-07T11:43:54.016,radio://0/80/2M,flow,0,0,Reacquire Wall,8191,1,1,1,3.4300003051757812,100,-1,27.75,24.81,65659,2,-2,0.2190205603837967,-0.01823430135846138,-0.025106163695454597,0.0,0.0,32766,32766,32766,238,32766,3.774193525314331
2026-04-07T11:43:54.017,radio://0/80/2M,range,0,0,Reacquire Wall,8191,1,1,1,3.4300003051757812,100,-1,27.75,24.81,65659,2,-2,0.2190205603837967,-0.01823430135846138,-0.025106163695454597,0.0,0.0,2029,32766,32766,225,32766,3.774193525314331
2026-04-07T11:43:54.263,radio://0/80/2M,mission,0,0,Reacquire Wall,8191,1,1,1,3.6800003051757812,100,-1,27.5,24.81,65659,2,-2,0.2312147170305252,-0.01823430135846138,-0.025106163695454597,0.0,0.0,2029,32766,32766,225,32766,3.774193525314331
2026-04-07T11:43:54.266,radio://0/80/2M,flow,0,0,Reacquire Wall,8191,1,1,1,3.6800003051757812,100,-1,27.5,24.81,65909,0,0,0.2312147170305252,0.2220534384250641,-0.10435467213392258,0.0,0.0,2029,32766,32766,225,32766,3.774193525314331
2026-04-07T11:43:54.267,radio://0/80/2M,range,0,0,Reacquire Wall,8191,1,1,1,3.6800003051757812,100,-1,27.5,24.81,65909,0,0,0.2312147170305252,0.2220534384250641,-0.10435467213392258,0.0,0.0,1992,1798,32766,237,32766,3.7689149379730225
2026-04-07T11:43:54.513,radio://0/80/2M,mission,0,0,Reacquire Wall,8191,1,1,1,3.9300003051757812,100,-1,27.5,24.81,65909,0,0,0.24788235127925873,0.2220534384250641,-0.10435467213392258,0.0,0.0,1992,1798,32766,237,32766,3.7689149379730225
2026-04-07T11:43:54.515,radio://0/80/2M,flow,0,0,Reacquire Wall,8191,1,1,1,3.9300003051757812,100,-1,27.5,24.81,66159,-1,0,0.24788235127925873,0.43170619010925293,-0.13470616936683655,0.0,0.0,1992,1798,32766,237,32766,3.7689149379730225
2026-04-07T11:43:54.517,radio://0/80/2M,range,0,0,Reacquire Wall,8191,1,1,1,3.9300003051757812,100,-1,27.5,24.81,66159,-1,0,0.24788235127925873,0.43170619010925293,-0.13470616936683655,0.0,0.0,1987,1795,32766,238,32766,3.7689149379730225
2026-04-07T11:43:54.764,radio://0/80/2M,mission,0,0,Reacquire Wall,8191,0,1,0,0.0,100,0,27.5,24.81,66159,-1,0,0.17109553515911102,0.43170619010925293,-0.13470616936683655,0.0,0.0,1987,1795,32766,238,32766,3.7689149379730225
2026-04-07T11:43:54.765,radio://0/80/2M,flow,0,0,Reacquire Wall,8191,0,1,0,0.0,100,0,27.5,24.81,66409,0,0,0.17109553515911102,0.7078119516372681,-0.1990802139043808,0.0,0.0,1987,1795,32766,238,32766,3.7689149379730225
2026-04-07T11:43:54.766,radio://0/80/2M,range,0,0,Reacquire Wall,8191,0,1,0,0.0,100,0,27.5,24.81,66409,0,0,0.17109553515911102,0.7078119516372681,-0.1990802139043808,0.0,0.0,1990,1768,32766,237,32766,3.774193525314331
2026-04-07T11:43:55.013,radio://0/80/2M,mission,0,0,Reacquire Wall,8191,0,1,0,0.0,100,0,27.75,24.88,66409,0,0,0.18570129573345184,0.7078119516372681,-0.1990802139043808,0.0,0.0,1990,1768,32766,237,32766,3.774193525314331
2026-04-07T11:43:55.016,radio://0/80/2M,flow,0,0,Reacquire Wall,8191,0,1,0,0.0,100,0,27.75,24.88,66659,0,1,0.18570129573345184,0.9764691591262817,-0.22643928229808807,0.0,0.0,1990,1768,32766,237,32766,3.774193525314331
2026-04-07T11:43:55.017,radio://0/80/2M,range,0,0,Reacquire Wall,8191,0,1,0,0.0,100,0,27.75,24.88,66659,0,1,0.18570129573345184,0.9764691591262817,-0.22643928229808807,0.0,0.0,1986,1758,32766,243,32766,3.774193525314331
2026-04-07T11:43:55.263,radio://0/80/2M,mission,0,0,Reacquire Wall,8191,0,1,0,0.0,100,0,27.75,24.81,66659,0,1,0.34193316102027893,0.9764691591262817,-0.22643928229808807,0.0,0.0,1986,1758,32766,243,32766,3.774193525314331
2026-04-07T11:43:55.265,radio://0/80/2M,flow,0,0,Reacquire Wall,5564,0,1,0,0.0,100,0,27.75,24.81,66909,12,4,0.34193316102027893,0.3734566569328308,-0.3031960427761078,0.0,0.0,1986,1758,32766,243,32766,3.774193525314331
2026-04-07T11:43:55.266,radio://0/80/2M,range,0,0,Reacquire Wall,5564,0,1,0,0.0,100,0,27.75,24.81,66909,12,4,0.34193316102027893,0.3734566569328308,-0.3031960427761078,0.0,0.0,2058,32766,32766,278,32766,3.7689149379730225
2026-04-07T11:43:55.513,radio://0/80/2M,mission,0,0,Reacquire Wall,5564,1,1,0,0.029998779296875,100,1,28.5,24.88,66909,12,4,0.2910001873970032,0.3734566569328308,-0.3031960427761078,0.0,0.0,2058,32766,32766,278,32766,3.7689149379730225
2026-04-07T11:43:55.515,radio://0/80/2M,flow,0,0,Reacquire Wall,2740,1,1,0,0.029998779296875,100,1,28.5,24.88,67159,0,2,0.2910001873970032,0.31115108728408813,-0.2947499752044678,0.0,0.0,2058,32766,32766,278,32766,3.7689149379730225
2026-04-07T11:43:55.516,radio://0/80/2M,range,0,0,Reacquire Wall,2740,1,1,0,0.029998779296875,100,1,28.5,24.88,67159,0,2,0.2910001873970032,0.31115108728408813,-0.2947499752044678,0.0,0.0,32766,2634,728,113,32766,3.774193525314331
2026-04-07T11:43:55.763,radio://0/80/2M,mission,0,0,Reacquire Wall,2740,1,1,0,0.279998779296875,100,1,28.5,24.88,67159,0,2,0.26141199469566345,0.31115108728408813,-0.2947499752044678,0.0,0.0,32766,2634,728,113,32766,3.774193525314331
2026-04-07T11:43:55.764,radio://0/80/2M,flow,0,0,Reacquire Wall,2740,1,1,0,0.279998779296875,100,1,28.5,24.88,67409,-3,-4,0.26141199469566345,0.27424824237823486,-0.12400531768798828,0.0,0.0,32766,2634,728,113,32766,3.774193525314331
2026-04-07T11:43:55.765,radio://0/80/2M,range,0,0,Reacquire Wall,2740,1,1,0,0.279998779296875,100,1,28.5,24.88,67409,-3,-4,0.26141199469566345,0.27424824237823486,-0.12400531768798828,0.0,0.0,731,2216,32766,113,32766,3.7689149379730225
2026-04-07T11:43:56.012,radio://0/80/2M,mission,0,0,Reacquire Wall,2740,1,1,0,0.529998779296875,100,1,28.5,24.88,67409,-3,-4,0.2679537534713745,0.27424824237823486,-0.12400531768798828,0.0,0.0,731,2216,32766,113,32766,3.7689149379730225
2026-04-07T11:43:56.015,radio://0/80/2M,flow,0,0,Reacquire Wall,2729,1,1,0,0.529998779296875,100,1,28.5,24.88,67659,0,-1,0.2679537534713745,0.33501559495925903,-0.048658885061740875,0.0,0.0,731,2216,32766,113,32766,3.7689149379730225
2026-04-07T11:43:56.017,radio://0/80/2M,range,0,0,Reacquire Wall,2729,1,1,0,0.529998779296875,100,1,28.5,24.88,67659,0,-1,0.2679537534713745,0.33501559495925903,-0.048658885061740875,0.0,0.0,730,2427,32766,116,32766,3.774193525314331
2026-04-07T11:43:56.263,radio://0/80/2M,mission,0,0,Reacquire Wall,2729,1,1,0,0.779998779296875,100,1,29.25,24.88,67659,0,-1,0.2764558792114258,0.33501559495925903,-0.048658885061740875,0.0,0.0,730,2427,32766,116,32766,3.774193525314331
2026-04-07T11:43:56.264,radio://0/80/2M,flow,0,0,Reacquire Wall,2729,1,1,0,0.779998779296875,100,1,29.25,24.88,67909,0,-1,0.2764558792114258,0.3592270016670227,-0.08126049488782883,0.0,0.0,730,2427,32766,116,32766,3.774193525314331
2026-04-07T11:43:56.265,radio://0/80/2M,range,0,0,Reacquire Wall,2729,1,1,0,0.779998779296875,100,1,29.25,24.88,67909,0,-1,0.2764558792114258,0.3592270016670227,-0.08126049488782883,0.0,0.0,755,2480,806,136,32766,3.7689149379730225
2026-04-07T11:43:56.513,radio://0/80/2M,mission,0,0,Reacquire Wall,2729,1,1,0,1.029998779296875,100,1,29.25,24.88,67909,0,-1,0.27930688858032227,0.3592270016670227,-0.08126049488782883,0.0,0.0,755,2480,806,136,32766,3.7689149379730225
2026-04-07T11:43:56.514,radio://0/80/2M,flow,0,0,Reacquire Wall,2729,1,1,0,1.029998779296875,100,1,29.25,24.88,68159,0,0,0.27930688858032227,0.3613560199737549,-0.10151052474975586,0.0,0.0,755,2480,806,136,32766,3.7689149379730225
2026-04-07T11:43:56.515,radio://0/80/2M,range,0,0,Reacquire Wall,2729,1,1,0,1.029998779296875,100,1,29.25,24.88,68159,0,0,0.27930688858032227,0.3613560199737549,-0.10151052474975586,0.0,0.0,762,2482,764,154,32766,3.774193525314331
2026-04-07T11:43:56.763,radio://0/80/2M,mission,0,0,Reacquire Wall,2729,1,1,0,1.279998779296875,100,1,28.75,24.94,68159,0,0,0.27660876512527466,0.3613560199737549,-0.10151052474975586,0.0,0.0,762,2482,764,154,32766,3.774193525314331
2026-04-07T11:43:56.766,radio://0/80/2M,flow,0,0,Reacquire Wall,2729,1,1,0,1.279998779296875,100,1,28.75,24.94,68409,2,-1,0.27660876512527466,0.3056996464729309,-0.05545749515295029,0.0,0.0,762,2482,764,154,32766,3.774193525314331
2026-04-07T11:43:56.767,radio://0/80/2M,range,0,0,Reacquire Wall,2729,1,1,0,1.279998779296875,100,1,28.75,24.94,68409,2,-1,0.27660876512527466,0.3056996464729309,-0.05545749515295029,0.0,0.0,766,2460,785,201,32766,3.7689149379730225
2026-04-07T11:43:57.012,radio://0/80/2M,mission,0,0,Reacquire Wall,2729,1,1,0,1.529998779296875,100,1,28.75,24.88,68409,2,-1,0.26248154044151306,0.3056996464729309,-0.05545749515295029,0.0,0.0,766,2460,785,201,32766,3.7689149379730225
2026-04-07T11:43:57.015,radio://0/80/2M,flow,0,0,Reacquire Wall,3080,1,1,0,1.529998779296875,100,1,28.75,24.88,68659,-9,0,0.26248154044151306,0.2733849585056305,-0.0677826926112175,0.0,0.0,766,2460,785,201,32766,3.7689149379730225
2026-04-07T11:43:57.016,radio://0/80/2M,range,0,0,Reacquire Wall,3080,1,1,0,1.529998779296875,100,1,28.75,24.88,68659,-9,0,0.26248154044151306,0.2733849585056305,-0.0677826926112175,0.0,0.0,786,2519,756,167,32766,3.774193525314331
2026-04-07T11:43:57.262,radio://0/80/2M,mission,0,0,Reacquire Wall,3080,1,1,0,1.779998779296875,100,0,28.5,24.88,68659,-9,0,0.26404115557670593,0.2733849585056305,-0.0677826926112175,0.0,0.0,786,2519,756,167,32766,3.774193525314331
2026-04-07T11:43:57.265,radio://0/80/2M,flow,0,0,Reacquire Wall,3272,1,1,0,1.779998779296875,100,0,28.5,24.88,68909,2,-3,0.26404115557670593,0.1753140687942505,-0.05475442484021187,0.0,0.0,786,2519,756,167,32766,3.774193525314331
2026-04-07T11:43:57.266,radio://0/80/2M,range,0,0,Reacquire Wall,3272,1,1,0,1.779998779296875,100,0,28.5,24.88,68909,2,-3,0.26404115557670593,0.1753140687942505,-0.05475442484021187,0.0,0.0,32766,2577,743,455,32766,3.7689149379730225
2026-04-07T11:43:57.512,radio://0/80/2M,mission,0,0,Reacquire Wall,3272,1,1,0,2.029998779296875,100,0,28.5,24.88,68909,2,-3,0.46296003460884094,0.1753140687942505,-0.05475442484021187,0.0,0.0,32766,2577,743,455,32766,3.7689149379730225
2026-04-07T11:43:57.514,radio://0/80/2M,flow,0,0,Reacquire Wall,4428,1,1,0,2.029998779296875,100,0,28.5,24.88,69159,3,-10,0.46296003460884094,-0.14441607892513275,0.3709954619407654,0.0,0.0,32766,2577,743,455,32766,3.7689149379730225
2026-04-07T11:43:57.515,radio://0/80/2M,range,0,0,Reacquire Wall,4428,1,1,0,2.029998779296875,100,0,28.5,24.88,69159,3,-10,0.46296003460884094,-0.14441607892513275,0.3709954619407654,0.0,0.0,938,32766,748,454,32766,3.774193525314331
2026-04-07T11:43:57.762,radio://0/80/2M,mission,0,0,Reacquire Wall,4428,1,1,0,2.279998779296875,100,0,28.0,24.88,69159,3,-10,0.32386693358421326,-0.14441607892513275,0.3709954619407654,0.0,0.0,938,32766,748,454,32766,3.774193525314331
2026-04-07T11:43:57.763,radio://0/80/2M,flow,0,0,Reacquire Wall,8191,1,1,0,2.279998779296875,100,0,28.0,24.88,69409,1,-8,0.32386693358421326,0.6106356978416443,-0.21923618018627167,0.0,0.0,938,32766,748,454,32766,3.774193525314331
2026-04-07T11:43:57.765,radio://0/80/2M,range,0,0,Reacquire Wall,8191,1,1,0,2.279998779296875,100,0,28.0,24.88,69409,1,-8,0.32386693358421326,0.6106356978416443,-0.21923618018627167,0.0,0.0,2088,579,839,318,32766,3.7689149379730225
2026-04-07T11:43:58.012,radio://0/80/2M,mission,0,0,Reacquire Wall,8191,1,1,0,2.529998779296875,100,1,28.5,24.94,69409,1,-8,0.16964878141880035,0.6106356978416443,-0.21923618018627167,0.0,0.0,2088,579,839,318,32766,3.7689149379730225
2026-04-07T11:43:58.014,radio://0/80/2M,flow,0,0,Reacquire Wall,8191,1,1,0,2.529998779296875,100,1,28.5,24.94,69659,0,-3,0.16964878141880035,0.788905680179596,-0.2814645767211914,0.0,0.0,2088,579,839,318,32766,3.7689149379730225
2026-04-07T11:43:58.015,radio://0/80/2M,range,0,0,Reacquire Wall,8191,1,1,0,2.529998779296875,100,1,28.5,24.94,69659,0,-3,0.16964878141880035,0.788905680179596,-0.2814645767211914,0.0,0.0,1940,32766,840,322,32766,3.774193525314331
2026-04-07T11:43:58.262,radio://0/80/2M,mission,0,0,Reacquire Wall,8191,1,1,0,2.779998779296875,100,1,27.25,24.88,69659,0,-3,0.12722112238407135,0.788905680179596,-0.2814645767211914,0.0,0.0,1940,32766,840,322,32766,3.774193525314331
2026-04-07T11:43:58.263,radio://0/80/2M,flow,0,0,Reacquire Wall,8191,1,1,0,2.779998779296875,100,1,27.25,24.88,69909,0,0,0.12722112238407135,0.5950881838798523,-0.09960251301527023,0.0,0.0,1940,32766,840,322,32766,3.774193525314331
2026-04-07T11:43:58.265,radio://0/80/2M,range,0,0,Reacquire Wall,8191,1,1,0,2.779998779296875,100,1,27.25,24.88,69909,0,0,0.12722112238407135,0.5950881838798523,-0.09960251301527023,0.0,0.0,1909,2399,826,325,32766,3.7689149379730225
2026-04-07T11:43:58.512,radio://0/80/2M,mission,0,0,Reacquire Wall,8191,0,1,0,0.0,100,0,27.75,24.88,69909,0,0,0.21554426848888397,0.5950881838798523,-0.09960251301527023,0.0,0.0,1909,2399,826,325,32766,3.7689149379730225
2026-04-07T11:43:58.514,radio://0/80/2M,flow,0,0,Reacquire Wall,8191,0,1,0,0.0,100,0,27.75,24.88,70159,0,0,0.21554426848888397,0.8364967703819275,-0.10491719841957092,0.0,0.0,1909,2399,826,325,32766,3.7689149379730225
2026-04-07T11:43:58.515,radio://0/80/2M,range,0,0,Reacquire Wall,8191,0,1,0,0.0,100,0,27.75,24.88,70159,0,0,0.21554426848888397,0.8364967703819275,-0.10491719841957092,0.0,0.0,1912,2487,830,319,32766,3.774193525314331
2026-04-07T11:43:58.762,radio://0/80/2M,mission,0,0,Reacquire Wall,8191,0,1,0,0.0,100,0,27.75,24.88,70159,0,0,0.23624072968959808,0.8364967703819275,-0.10491719841957092,0.0,0.0,1912,2487,830,319,32766,3.774193525314331
2026-04-07T11:43:58.763,radio://0/80/2M,flow,0,0,Reacquire Wall,8191,0,1,0,0.0,100,0,27.75,24.88,70409,1,-1,0.23624072968959808,0.9892157912254333,-0.25476786494255066,0.0,0.0,1912,2487,830,319,32766,3.774193525314331
2026-04-07T11:43:58.765,radio://0/80/2M,range,0,0,Reacquire Wall,8191,0,1,0,0.0,100,0,27.75,24.88,70409,1,-1,0.23624072968959808,0.9892157912254333,-0.25476786494255066,0.0,0.0,1911,2359,818,325,32766,3.774193525314331
2026-04-07T11:43:59.012,radio://0/80/2M,mission,0,0,Reacquire Wall,8191,0,1,0,0.0,100,0,27.75,24.94,70409,1,-1,0.3336145281791687,0.9892157912254333,-0.25476786494255066,0.0,0.0,1911,2359,818,325,32766,3.774193525314331
2026-04-07T11:43:59.015,radio://0/80/2M,flow,0,0,Reacquire Wall,8191,0,1,0,0.0,100,0,27.75,24.94,70659,-1,9,0.3336145281791687,0.9360601902008057,-0.15135478973388672,0.0,0.0,1911,2359,818,325,32766,3.774193525314331
2026-04-07T11:43:59.016,radio://0/80/2M,range,0,0,Reacquire Wall,8191,0,1,0,0.0,100,0,27.75,24.94,70659,-1,9,0.3336145281791687,0.9360601902008057,-0.15135478973388672,0.0,0.0,1918,2227,824,328,32766,3.774193525314331
2026-04-07T11:43:59.261,radio://0/80/2M,mission,0,0,Reacquire Wall,8191,0,1,0,0.0,100,0,28.5,24.88,70659,-1,9,0.6309291124343872,0.9360601902008057,-0.15135478973388672,0.0,0.0,1918,2227,824,328,32766,3.774193525314331
2026-04-07T11:43:59.264,radio://0/80/2M,flow,0,0,Reacquire Wall,4891,0,1,0,0.0,100,0,28.5,24.88,70909,-2,5,0.6309291124343872,0.6108695864677429,0.26321348547935486,0.0,0.0,1918,2227,824,328,32766,3.774193525314331
2026-04-07T11:43:59.265,radio://0/80/2M,range,0,0,Reacquire Wall,4891,0,1,0,0.0,100,0,28.5,24.88,70909,-2,5,0.6309291124343872,0.6108695864677429,0.26321348547935486,0.0,0.0,32766,543,879,343,32766,3.7689149379730225
2026-04-07T11:43:59.511,radio://0/80/2M,mission,0,0,Reacquire Wall,4891,1,1,0,0.12999725341796875,100,-1,27.25,24.88,70909,-2,5,0.2667827606201172,0.6108695864677429,0.26321348547935486,0.0,0.0,32766,543,879,343,32766,3.7689149379730225
2026-04-07T11:43:59.514,radio://0/80/2M,flow,0,0,Reacquire Wall,3323,1,1,0,0.12999725341796875,100,-1,27.25,24.88,71159,1,-1,0.2667827606201172,0.05035979673266411,-0.033282965421676636,0.0,0.0,32766,543,879,343,32766,3.7689149379730225
2026-04-07T11:43:59.515,radio://0/80/2M,range,0,0,Reacquire Wall,3323,1,1,0,0.12999725341796875,100,-1,27.25,24.88,71159,1,-1,0.2667827606201172,0.05035979673266411,-0.033282965421676636,0.0,0.0,32766,552,847,501,32766,3.774193525314331
2026-04-07T11:43:59.761,radio://0/80/2M,mission,0,0,Reacquire Wall,3323,1,1,0,0.37999725341796875,100,0,27.25,24.88,71159,1,-1,0.22915419936180115,0.05035979673266411,-0.033282965421676636,0.0,0.0,32766,552,847,501,32766,3.774193525314331
2026-04-07T11:43:59.765,radio://0/80/2M,flow,0,0,Reacquire Wall,3323,1,1,0,0.37999725341796875,100,0,27.25,24.88,71409,-2,3,0.22915419936180115,0.13801701366901398,-0.018374774605035782,0.0,0.0,32766,552,847,501,32766,3.774193525314331
2026-04-07T11:43:59.767,radio://0/80/2M,range,0,0,Reacquire Wall,3323,1,1,0,0.37999725341796875,100,0,27.25,24.88,71409,-2,3,0.22915419936180115,0.13801701366901398,-0.018374774605035782,0.0,0.0,32766,548,32766,537,32766,3.7689149379730225
2026-04-07T11:44:00.011,radio://0/80/2M,mission,0,0,Reacquire Wall,3323,1,1,0,0.6299972534179688,100,1,27.5,24.94,71409,-2,3,0.2623203694820404,0.13801701366901398,-0.018374774605035782,0.0,0.0,32766,548,32766,537,32766,3.7689149379730225
2026-04-07T11:44:00.014,radio://0/80/2M,flow,0,0,Reacquire Wall,3323,1,1,0,0.6299972534179688,100,1,27.5,24.94,71659,0,-1,0.2623203694820404,0.13992759585380554,-0.010212427005171776,0.0,0.0,32766,548,32766,537,32766,3.7689149379730225
2026-04-07T11:44:00.015,radio://0/80/2M,range,0,0,Reacquire Wall,3323,1,1,0,0.6299972534179688,100,1,27.5,24.94,71659,0,-1,0.2623203694820404,0.13992759585380554,-0.010212427005171776,0.0,0.0,32766,514,766,560,32766,3.774193525314331
2026-04-07T11:44:00.261,radio://0/80/2M,mission,0,0,Reacquire Wall,3323,1,1,0,0.8799972534179688,100,1,27.75,24.94,71659,0,-1,0.27137142419815063,0.13992759585380554,-0.010212427005171776,0.0,0.0,32766,514,766,560,32766,3.774193525314331
2026-04-07T11:44:00.264,radio://0/80/2M,flow,0,0,Reacquire Wall,3323,1,1,0,0.8799972534179688,100,1,27.75,24.94,71909,0,-2,0.27137142419815063,0.2586938738822937,-0.012553130276501179,0.0,0.0,32766,514,766,560,32766,3.774193525314331
2026-04-07T11:44:00.265,radio://0/80/2M,range,0,0,Reacquire Wall,3323,1,1,0,0.8799972534179688,100,1,27.75,24.94,71909,0,-2,0.27137142419815063,0.2586938738822937,-0.012553130276501179,0.0,0.0,32766,490,32766,545,32766,3.774193525314331
2026-04-07T11:44:00.511,radio://0/80/2M,mission,0,0,Reacquire Wall,3323,1,1,0,1.1299972534179688,100,1,28.0,24.94,71909,0,-2,0.27539849281311035,0.2586938738822937,-0.012553130276501179,0.0,0.0,32766,490,32766,545,32766,3.774193525314331
2026-04-07T11:44:00.514,radio://0/80/2M,flow,0,0,Reacquire Wall,3323,1,1,0,1.1299972534179688,100,1,28.0,24.94,72159,0,-1,0.27539849281311035,0.3226984441280365,-0.06671859323978424,0.0,0.0,32766,490,32766,545,32766,3.774193525314331
2026-04-07T11:44:00.515,radio://0/80/2M,range,0,0,Reacquire Wall,3323,1,1,0,1.1299972534179688,100,1,28.0,24.94,72159,0,-1,0.27539849281311035,0.3226984441280365,-0.06671859323978424,0.0,0.0,32766,481,32766,537,32766,3.774193525314331
2026-04-07T11:44:00.761,radio://0/80/2M,mission,0,0,Reacquire Wall,3323,1,1,0,1.3799972534179688,100,1,27.75,24.94,72159,0,-1,0.28008532524108887,0.3226984441280365,-0.06671859323978424,0.0,0.0,32766,481,32766,537,32766,3.774193525314331
2026-04-07T11:44:00.764,radio://0/80/2M,flow,0,0,Reacquire Wall,3323,1,1,0,1.3799972534179688,100,1,27.75,24.94,72409,0,0,0.28008532524108887,0.3889137804508209,-0.09679928421974182,0.0,0.0,32766,481,32766,537,32766,3.774193525314331
2026-04-07T11:44:00.765,radio://0/80/2M,range,0,0,Reacquire Wall,3323,1,1,0,1.3799972534179688,100,1,27.75,24.94,72409,0,0,0.28008532524108887,0.3889137804508209,-0.09679928421974182,0.0,0.0,32766,466,32766,32766,32766,3.7689149379730225
2026-04-07T11:44:01.011,radio://0/80/2M,mission,0,0,Reacquire Wall,3323,1,1,0,1.6299972534179688,100,1,28.0,24.94,72409,0,0,0.284601092338562,0.3889137804508209,-0.09679928421974182,0.0,0.0,32766,466,32766,32766,32766,3.7689149379730225
2026-04-07T11:44:01.013,radio://0/80/2M,flow,0,0,Reacquire Wall,3323,1,1,0,1.6299972534179688,100,1,28.0,24.94,72659,0,-1,0.284601092338562,0.40798860788345337,-0.1297096163034439,0.0,0.0,32766,466,32766,32766,32766,3.7689149379730225
2026-04-07T11:44:01.015,radio://0/80/2M,range,0,0,Reacquire Wall,3323,1,1,0,1.6299972534179688,100,1,28.0,24.94,72659,0,-1,0.284601092338562,0.40798860788345337,-0.1297096163034439,0.0,0.0,32766,465,32766,32766,32766,3.7794721126556396
2026-04-07T11:44:01.261,radio://0/80/2M,mission,0,0,Reacquire Wall,3323,1,1,0,1.8799972534179688,100,1,27.75,24.94,72659,0,-1,0.27769574522972107,0.40798860788345337,-0.1297096163034439,0.0,0.0,32766,465,32766,32766,32766,3.7794721126556396
2026-04-07T11:44:01.262,radio://0/80/2M,flow,0,0,Reacquire Wall,3323,1,1,0,1.8799972534179688,100,1,27.75,24.94,72909,0,0,0.27769574522972107,0.4570351243019104,-0.14665591716766357,0.0,0.0,32766,465,32766,32766,32766,3.7794721126556396
2026-04-07T11:44:01.263,radio://0/80/2M,range,0,0,Reacquire Wall,3323,1,1,0,1.8799972534179688,100,1,27.75,24.94,72909,0,0,0.27769574522972107,0.4570351243019104,-0.14665591716766357,0.0,0.0,3338,463,32766,32766,32766,3.774193525314331
2026-04-07T11:44:01.511,radio://0/80/2M,mission,0,0,Reacquire Wall,3323,1,1,0,2.1299972534179688,100,0,27.5,24.94,72909,0,0,0.28027716279029846,0.4570351243019104,-0.14665591716766357,0.0,0.0,3338,463,32766,32766,32766,3.774193525314331
2026-04-07T11:44:01.512,radio://0/80/2M,flow,0,0,Reacquire Wall,3323,1,1,0,2.1299972534179688,100,0,27.5,24.94,73159,0,0,0.28027716279029846,0.42627131938934326,-0.18017783761024475,0.0,0.0,3338,463,32766,32766,32766,3.774193525314331
2026-04-07T11:44:01.513,radio://0/80/2M,range,0,0,Reacquire Wall,3323,1,1,0,2.1299972534179688,100,0,27.5,24.94,73159,0,0,0.28027716279029846,0.42627131938934326,-0.18017783761024475,0.0,0.0,3449,462,32766,32766,32766,3.774193525314331
2026-04-07T11:44:01.761,radio://0/80/2M,mission,0,0,Reacquire Wall,3323,1,1,0,2.3799972534179688,100,1,27.0,24.94,73159,0,0,0.28114309906959534,0.42627131938934326,-0.18017783761024475,0.0,0.0,3449,462,32766,32766,32766,3.774193525314331
2026-04-07T11:44:01.762,radio://0/80/2M,flow,0,0,Reacquire Wall,3323,1,1,0,2.3799972534179688,100,1,27.0,24.94,73409,0,-7,0.28114309906959534,0.42740127444267273,-0.15585196018218994,0.0,0.0,3449,462,32766,32766,32766,3.774193525314331
2026-04-07T11:44:01.763,radio://0/80/2M,range,0,0,Reacquire Wall,3323,1,1,0,2.3799972534179688,100,1,27.0,24.94,73409,0,-7,0.28114309906959534,0.42740127444267273,-0.15585196018218994,0.0,0.0,3397,465,32766,32766,32766,3.774193525314331
2026-04-07T11:44:02.010,radio://0/80/2M,mission,0,0,Reacquire Wall,3323,1,1,0,2.6299972534179688,100,1,27.25,24.94,73409,0,-7,0.2813492715358734,0.42740127444267273,-0.15585196018218994,0.0,0.0,3397,465,32766,32766,32766,3.774193525314331
2026-04-07T11:44:02.012,radio://0/80/2M,flow,0,0,Reacquire Wall,3323,1,1,0,2.6299972534179688,100,1,27.25,24.94,73659,-2,0,0.2813492715358734,0.4523518979549408,-0.15547707676887512,0.0,0.0,3397,465,32766,32766,32766,3.774193525314331
2026-04-07T11:44:02.013,radio://0/80/2M,range,0,0,Reacquire Wall,3323,1,1,0,2.6299972534179688,100,1,27.25,24.94,73659,-2,0,0.2813492715358734,0.4523518979549408,-0.15547707676887512,0.0,0.0,32766,464,32766,32766,32766,3.7689149379730225
2026-04-07T11:44:02.260,radio://0/80/2M,mission,0,0,Reacquire Wall,3323,1,1,0,2.8799972534179688,100,1,27.5,24.94,73659,-2,0,0.27871114015579224,0.4523518979549408,-0.15547707676887512,0.0,0.0,32766,464,32766,32766,32766,3.7689149379730225
2026-04-07T11:44:02.264,radio://0/80/2M,flow,0,0,Reacquire Wall,3323,1,1,0,2.8799972534179688,100,1,27.5,24.94,73909,-7,-2,0.27871114015579224,0.3934928774833679,-0.12035302817821503,0.0,0.0,32766,464,32766,32766,32766,3.7689149379730225
2026-04-07T11:44:02.265,radio://0/80/2M,range,0,0,Reacquire Wall,3323,1,1,0,2.8799972534179688,100,1,27.5,24.94,73909,-7,-2,0.27871114015579224,0.3934928774833679,-0.12035302817821503,0.0,0.0,32766,459,32766,32766,32766,3.774193525314331
2026-04-07T11:44:02.510,radio://0/80/2M,mission,0,0,Reacquire Wall,3323,1,1,1,3.1299972534179688,100,1,27.5,24.94,73909,-7,-2,0.2801368534564972,0.3934928774833679,-0.12035302817821503,0.0,0.0,32766,459,32766,32766,32766,3.774193525314331
2026-04-07T11:44:02.512,radio://0/80/2M,flow,0,0,Reacquire Wall,3323,1,1,1,3.1299972534179688,100,1,27.5,24.94,74159,0,-1,0.2801368534564972,0.3876062035560608,-0.08535242080688477,0.0,0.0,32766,459,32766,32766,32766,3.774193525314331
2026-04-07T11:44:02.514,radio://0/80/2M,range,0,0,Reacquire Wall,3323,1,1,1,3.1299972534179688,100,1,27.5,24.94,74159,0,-1,0.2801368534564972,0.3876062035560608,-0.08535242080688477,0.0,0.0,32766,454,32766,32766,32766,3.7689149379730225
2026-04-07T11:44:02.760,radio://0/80/2M,mission,0,0,Reacquire Wall,3323,1,1,1,3.3799972534179688,100,1,28.0,24.94,74159,0,-1,0.2847853899002075,0.3876062035560608,-0.08535242080688477,0.0,0.0,32766,454,32766,32766,32766,3.7689149379730225
2026-04-07T11:44:02.764,radio://0/80/2M,flow,0,0,Reacquire Wall,3323,1,1,1,3.3799972534179688,100,1,28.0,24.94,74409,0,0,0.2847853899002075,0.4480753540992737,-0.10142476111650467,0.0,0.0,32766,454,32766,32766,32766,3.7689149379730225
2026-04-07T11:44:02.765,radio://0/80/2M,range,0,0,Reacquire Wall,3323,1,1,1,3.3799972534179688,100,1,28.0,24.94,74409,0,0,0.2847853899002075,0.4480753540992737,-0.10142476111650467,0.0,0.0,32766,438,32766,32766,32766,3.774193525314331
2026-04-07T11:44:03.010,radio://0/80/2M,mission,0,0,Reacquire Wall,3323,1,1,1,3.6299972534179688,100,1,27.75,24.94,74409,0,0,0.28136974573135376,0.4480753540992737,-0.10142476111650467,0.0,0.0,32766,438,32766,32766,32766,3.774193525314331
2026-04-07T11:44:03.012,radio://0/80/2M,flow,0,0,Reacquire Wall,3323,1,1,1,3.6299972534179688,100,1,27.75,24.94,74659,-8,-4,0.28136974573135376,0.3837380111217499,-0.1019815057516098,0.0,0.0,32766,438,32766,32766,32766,3.774193525314331
2026-04-07T11:44:03.014,radio://0/80/2M,range,0,0,Reacquire Wall,3323,1,1,1,3.6299972534179688,100,1,27.75,24.94,74659,-8,-4,0.28136974573135376,0.3837380111217499,-0.1019815057516098,0.0,0.0,960,436,32766,32766,32766,3.774193525314331
2026-04-07T11:44:03.260,radio://0/80/2M,mission,0,0,Reacquire Wall,3323,1,1,1,3.8799972534179688,100,0,28.0,24.94,74659,-8,-4,0.2771081328392029,0.3837380111217499,-0.1019815057516098,0.0,0.0,960,436,32766,32766,32766,3.774193525314331
2026-04-07T11:44:03.261,radio://0/80/2M,flow,0,0,Reacquire Wall,3116,1,1,1,3.8799972534179688,100,0,28.0,24.94,74909,6,9,0.2771081328392029,0.3141951560974121,-0.13745678961277008,0.0,0.0,960,436,32766,32766,32766,3.774193525314331
2026-04-07T11:44:03.262,radio://0/80/2M,range,0,0,Reacquire Wall,3116,1,1,1,3.8799972534179688,100,0,28.0,24.94,74909,6,9,0.2771081328392029,0.3141951560974121,-0.13745678961277008,0.0,0.0,32766,440,32766,387,32766,3.774193525314331
2026-04-07T11:44:03.510,radio://0/80/2M,mission,0,0,Reacquire Wall,3116,1,1,1,4.129997253417969,100,1,26.5,24.94,74909,6,9,0.25286629796028137,0.3141951560974121,-0.13745678961277008,0.0,0.0,32766,440,32766,387,32766,3.774193525314331
2026-04-07T11:44:03.513,radio://0/80/2M,flow,0,0,Reacquire Wall,3116,1,1,1,4.129997253417969,100,1,26.5,24.94,75159,1,2,0.25286629796028137,0.2115810662508011,-0.1566341370344162,0.0,0.0,32766,440,32766,387,32766,3.774193525314331
2026-04-07T11:44:03.514,radio://0/80/2M,range,0,0,Reacquire Wall,3116,1,1,1,4.129997253417969,100,1,26.5,24.94,75159,1,2,0.25286629796028137,0.2115810662508011,-0.1566341370344162,0.0,0.0,32766,429,32766,32766,32766,3.763636350631714
2026-04-07T11:44:03.760,radio://0/80/2M,mission,0,0,Reacquire Wall,3116,1,1,1,4.379997253417969,100,1,26.75,25.0,75159,1,2,0.22307513654232025,0.2115810662508011,-0.1566341370344162,0.0,0.0,32766,429,32766,32766,32766,3.763636350631714
2026-04-07T11:44:03.761,radio://0/80/2M,flow,0,0,Reacquire Wall,2922,1,1,1,4.379997253417969,100,1,26.75,25.0,75409,-3,0,0.22307513654232025,0.17859087884426117,-0.15335674583911896,0.0,0.0,32766,429,32766,32766,32766,3.763636350631714
2026-04-07T11:44:03.762,radio://0/80/2M,range,0,0,Reacquire Wall,2922,1,1,1,4.379997253417969,100,1,26.75,25.0,75409,-3,0,0.22307513654232025,0.17859087884426117,-0.15335674583911896,0.0,0.0,624,464,32766,644,32766,3.774193525314331
2026-04-07T11:44:04.010,radio://0/80/2M,mission,0,0,Reacquire Wall,2922,1,1,1,4.629997253417969,100,1,26.5,25.0,75409,-3,0,0.20957471430301666,0.17859087884426117,-0.15335674583911896,0.0,0.0,624,464,32766,644,32766,3.774193525314331
2026-04-07T11:44:04.011,radio://0/80/2M,flow,0,0,Reacquire Wall,2740,1,1,1,4.629997253417969,100,1,26.5,25.0,75659,3,-4,0.20957471430301666,0.20353758335113525,-0.07252128422260284,0.0,0.0,624,464,32766,644,32766,3.774193525314331
2026-04-07T11:44:04.012,radio://0/80/2M,range,0,0,Reacquire Wall,2740,1,1,1,4.629997253417969,100,1,26.5,25.0,75659,3,-4,0.20957471430301666,0.20353758335113525,-0.07252128422260284,0.0,0.0,32766,500,32766,660,32766,3.7689149379730225
2026-04-07T11:44:04.260,radio://0/80/2M,mission,0,0,Reacquire Wall,2740,1,1,1,4.879997253417969,100,1,26.5,24.94,75659,3,-4,0.20741230249404907,0.20353758335113525,-0.07252128422260284,0.0,0.0,32766,500,32766,660,32766,3.7689149379730225
2026-04-07T11:44:04.261,radio://0/80/2M,flow,0,0,Reacquire Wall,2740,1,1,1,4.879997253417969,100,1,26.5,24.94,75909,5,-6,0.20741230249404907,0.09227465093135834,-0.08394874632358551,0.0,0.0,32766,500,32766,660,32766,3.7689149379730225
2026-04-07T11:44:04.262,radio://0/80/2M,range,0,0,Reacquire Wall,2740,1,1,1,4.879997253417969,100,1,26.5,24.94,75909,5,-6,0.20741230249404907,0.09227465093135834,-0.08394874632358551,0.0,0.0,2996,556,703,694,32766,3.7689149379730225
2026-04-07T11:44:04.509,radio://0/80/2M,mission,0,0,Reacquire Wall,2740,0,1,0,0.0,100,0,26.25,24.94,75909,5,-6,0.2116817682981491,0.09227465093135834,-0.08394874632358551,0.0,0.0,2996,556,703,694,32766,3.7689149379730225
2026-04-07T11:44:04.512,radio://0/80/2M,flow,0,0,Reacquire Wall,2740,0,1,0,0.0,100,0,26.25,24.94,76159,0,-1,0.2116817682981491,0.1357390135526657,-0.021066181361675262,0.0,0.0,2996,556,703,694,32766,3.7689149379730225
2026-04-07T11:44:04.513,radio://0/80/2M,range,0,0,Reacquire Wall,2740,0,1,0,0.0,100,0,26.25,24.94,76159,0,-1,0.2116817682981491,0.1357390135526657,-0.021066181361675262,0.0,0.0,2990,544,708,699,32766,3.7689149379730225
2026-04-07T11:44:04.759,radio://0/80/2M,mission,0,0,Reacquire Wall,2740,0,1,0,0.0,100,0,26.5,25.0,76159,0,-1,0.21523703634738922,0.1357390135526657,-0.021066181361675262,0.0,0.0,2990,544,708,699,32766,3.7689149379730225
2026-04-07T11:44:04.762,radio://0/80/2M,flow,0,0,Reacquire Wall,2911,0,1,0,0.0,100,0,26.5,25.0,76409,0,0,0.21523703634738922,0.19836480915546417,0.013540241867303848,0.0,0.0,2990,544,708,699,32766,3.7689149379730225
2026-04-07T11:44:04.763,radio://0/80/2M,range,0,0,Reacquire Wall,2911,0,1,0,0.0,100,0,26.5,25.0,76409,0,0,0.21523703634738922,0.19836480915546417,0.013540241867303848,0.0,0.0,32766,473,32766,711,32766,3.7689149379730225
2026-04-07T11:44:05.009,radio://0/80/2M,mission,0,0,Reacquire Wall,2911,1,1,0,0.2299957275390625,100,1,28.25,24.94,76409,0,0,0.20448189973831177,0.19836480915546417,0.013540241867303848,0.0,0.0,32766,473,32766,711,32766,3.7689149379730225
2026-04-07T11:44:05.012,radio://0/80/2M,flow,0,0,Reacquire Wall,2911,1,1,0,0.2299957275390625,100,1,28.25,24.94,76659,0,0,0.20448189973831177,0.11060505360364914,0.007147421594709158,0.0,0.0,32766,473,32766,711,32766,3.7689149379730225
2026-04-07T11:44:05.013,radio://0/80/2M,range,0,0,Reacquire Wall,2911,1,1,0,0.2299957275390625,100,1,28.25,24.94,76659,0,0,0.20448189973831177,0.11060505360364914,0.007147421594709158,0.0,0.0,57,446,32766,728,32766,3.763636350631714
2026-04-07T11:44:05.259,radio://0/80/2M,mission,0,0,Reacquire Wall,2911,1,1,0,0.4799957275390625,100,0,28.5,24.94,76659,0,0,0.2065475583076477,0.11060505360364914,0.007147421594709158,0.0,0.0,57,446,32766,728,32766,3.763636350631714
2026-04-07T11:44:05.261,radio://0/80/2M,flow,0,0,Reacquire Wall,2911,1,1,0,0.4799957275390625,100,0,28.5,24.94,76909,0,0,0.2065475583076477,0.09622050076723099,0.009949926286935806,0.0,0.0,57,446,32766,728,32766,3.763636350631714
2026-04-07T11:44:05.262,radio://0/80/2M,range,0,0,Reacquire Wall,2911,1,1,0,0.4799957275390625,100,0,28.5,24.94,76909,0,0,0.2065475583076477,0.09622050076723099,0.009949926286935806,0.0,0.0,82,444,32766,741,32766,3.7689149379730225
2026-04-07T11:44:05.510,radio://0/80/2M,mission,0,0,Reacquire Wall,2911,1,1,0,0.7299957275390625,92,0,28.25,24.94,76909,0,0,0.2209140956401825,0.09622050076723099,0.009949926286935806,0.0,0.0,82,444,32766,741,32766,3.7689149379730225
2026-04-07T11:44:05.511,radio://0/80/2M,flow,0,0,Reacquire Wall,2911,1,1,0,0.7299957275390625,92,0,28.25,24.94,77159,0,-2,0.2209140956401825,0.131559818983078,0.1456528753042221,0.0,0.0,82,444,32766,741,32766,3.7689149379730225
2026-04-07T11:44:05.512,radio://0/80/2M,range,0,0,Reacquire Wall,2911,1,1,0,0.7299957275390625,92,0,28.25,24.94,77159,0,-2,0.2209140956401825,0.131559818983078,0.1456528753042221,0.0,0.0,93,447,32766,734,32766,3.7689149379730225
2026-04-07T11:44:05.759,radio://0/80/2M,mission,0,0,Reacquire Wall,2911,1,1,0,0.9799957275390625,100,1,27.75,24.94,77159,0,-2,0.18312467634677887,0.131559818983078,0.1456528753042221,0.0,0.0,93,447,32766,734,32766,3.7689149379730225
2026-04-07T11:44:05.762,radio://0/80/2M,flow,0,0,Reacquire Wall,4723,1,1,0,0.9799957275390625,100,1,27.75,24.94,77409,-9,-1,0.18312467634677887,0.17933006584644318,0.06753312051296234,0.0,0.0,93,447,32766,734,32766,3.7689149379730225
2026-04-07T11:44:05.763,radio://0/80/2M,range,0,0,Reacquire Wall,4723,1,1,0,0.9799957275390625,100,1,27.75,24.94,77409,-9,-1,0.18312467634677887,0.17933006584644318,0.06753312051296234,0.0,0.0,32766,443,32766,32766,32766,3.7689149379730225
2026-04-07T11:44:06.009,radio://0/80/2M,mission,0,0,Reacquire Wall,4723,1,1,0,1.2299957275390625,100,1,27.0,25.0,77409,-9,-1,0.1035018265247345,0.17933006584644318,0.06753312051296234,0.0,0.0,32766,443,32766,32766,32766,3.7689149379730225
2026-04-07T11:44:06.010,radio://0/80/2M,flow,0,0,Reacquire Wall,4291,1,1,0,1.2299957275390625,100,1,27.0,25.0,77659,0,0,0.1035018265247345,0.18759676814079285,0.00334289507009089,0.0,0.0,32766,443,32766,32766,32766,3.7689149379730225
2026-04-07T11:44:06.012,radio://0/80/2M,range,0,0,Reacquire Wall,4291,1,1,0,1.2299957275390625,100,1,27.0,25.0,77659,0,0,0.1035018265247345,0.18759676814079285,0.00334289507009089,0.0,0.0,32766,434,140,32766,32766,3.7689149379730225
2026-04-07T11:44:06.258,radio://0/80/2M,mission,0,0,Reacquire Wall,4291,1,1,0,1.4799957275390625,100,1,27.0,25.0,77659,0,0,0.1130928173661232,0.18759676814079285,0.00334289507009089,0.0,0.0,32766,434,140,32766,32766,3.7689149379730225
2026-04-07T11:44:06.261,radio://0/80/2M,flow,0,0,Reacquire Wall,4732,1,1,0,1.4799957275390625,100,1,27.0,25.0,77909,0,0,0.1130928173661232,0.0943341851234436,-0.027328645810484886,0.0,0.0,32766,434,140,32766,32766,3.7689149379730225
2026-04-07T11:44:06.262,radio://0/80/2M,range,0,0,Reacquire Wall,4732,1,1,0,1.4799957275390625,100,1,27.0,25.0,77909,0,0,0.1130928173661232,0.0943341851234436,-0.027328645810484886,0.0,0.0,32766,433,136,595,32766,3.7689149379730225
2026-04-07T11:44:06.508,radio://0/80/2M,mission,0,0,Reacquire Wall,4732,1,1,0,1.7299957275390625,100,1,27.0,25.0,77909,0,0,0.11439324915409088,0.0943341851234436,-0.027328645810484886,0.0,0.0,32766,433,136,595,32766,3.7689149379730225
2026-04-07T11:44:06.511,radio://0/80/2M,flow,0,0,Reacquire Wall,4988,1,1,0,1.7299957275390625,100,1,27.0,25.0,78159,0,0,0.11439324915409088,0.10755177587270737,-0.027066918089985847,0.0,0.0,32766,433,136,595,32766,3.7689149379730225
2026-04-07T11:44:06.512,radio://0/80/2M,range,0,0,Reacquire Wall,4988,1,1,0,1.7299957275390625,100,1,27.0,25.0,78159,0,0,0.11439324915409088,0.10755177587270737,-0.027066918089985847,0.0,0.0,32766,429,134,32766,32766,3.763636350631714
2026-04-07T11:44:06.758,radio://0/80/2M,mission,0,0,Reacquire Wall,4988,1,1,0,1.9799957275390625,100,1,26.75,25.0,78159,0,0,0.1157628744840622,0.10755177587270737,-0.027066918089985847,0.0,0.0,32766,429,134,32766,32766,3.763636350631714
2026-04-07T11:44:06.761,radio://0/80/2M,flow,0,0,Reacquire Wall,4950,1,1,0,1.9799957275390625,100,1,26.75,25.0,78409,2,0,0.1157628744840622,0.044324006885290146,-0.03628910705447197,0.0,0.0,32766,429,134,32766,32766,3.763636350631714
2026-04-07T11:44:06.762,radio://0/80/2M,range,0,0,Reacquire Wall,4950,1,1,0,1.9799957275390625,100,1,26.75,25.0,78409,2,0,0.1157628744840622,0.044324006885290146,-0.03628910705447197,0.0,0.0,32766,426,137,32766,32766,3.7689149379730225
2026-04-07T11:44:07.009,radio://0/80/2M,mission,0,0,Reacquire Wall,4950,1,1,0,2.2299957275390625,100,1,27.25,25.0,78409,2,0,0.23778210580348969,0.044324006885290146,-0.03628910705447197,0.0,0.0,32766,426,137,32766,32766,3.7689149379730225
2026-04-07T11:44:07.010,radio://0/80/2M,flow,0,0,Reacquire Wall,3152,1,1,0,2.2299957275390625,100,1,27.25,25.0,78659,1,4,0.23778210580348969,-0.15592394769191742,-0.09054811298847198,0.0,0.0,32766,426,137,32766,32766,3.7689149379730225
2026-04-07T11:44:07.012,radio://0/80/2M,range,0,0,Reacquire Wall,3152,1,1,0,2.2299957275390625,100,1,27.25,25.0,78659,1,4,0.23778210580348969,-0.15592394769191742,-0.09054811298847198,0.0,0.0,32766,431,32766,32766,32766,3.7689149379730225
2026-04-07T11:44:07.259,radio://0/80/2M,mission,0,0,Reacquire Wall,3152,1,1,0,2.4799957275390625,100,1,28.0,25.0,78659,1,4,0.24905425310134888,-0.15592394769191742,-0.09054811298847198,0.0,0.0,32766,431,32766,32766,32766,3.7689149379730225
2026-04-07T11:44:07.260,radio://0/80/2M,flow,0,0,Reacquire Wall,2955,1,1,0,2.4799957275390625,100,1,28.0,25.0,78909,0,0,0.24905425310134888,-0.014094917103648186,-0.006133156828582287,0.0,0.0,32766,431,32766,32766,32766,3.7689149379730225
2026-04-07T11:44:07.261,radio://0/80/2M,range,0,0,Reacquire Wall,2955,1,1,0,2.4799957275390625,100,1,28.0,25.0,78909,0,0,0.24905425310134888,-0.014094917103648186,-0.006133156828582287,0.0,0.0,32766,468,32766,696,32766,3.7689149379730225
2026-04-07T11:44:07.508,radio://0/80/2M,mission,0,0,Reacquire Wall,2955,1,1,0,2.7299957275390625,100,1,27.25,25.06,78909,0,0,0.2334987372159958,-0.014094917103648186,-0.006133156828582287,0.0,0.0,32766,468,32766,696,32766,3.7689149379730225
2026-04-07T11:44:07.511,radio://0/80/2M,flow,0,0,Reacquire Wall,2955,1,1,0,2.7299957275390625,100,1,27.25,25.06,79159,2,2,0.2334987372159958,0.06300663948059082,-0.030977824702858925,0.0,0.0,32766,468,32766,696,32766,3.7689149379730225
2026-04-07T11:44:07.512,radio://0/80/2M,range,0,0,Reacquire Wall,2955,1,1,0,2.7299957275390625,100,1,27.25,25.06,79159,2,2,0.2334987372159958,0.06300663948059082,-0.030977824702858925,0.0,0.0,1439,79,32766,709,32766,3.774193525314331
2026-04-07T11:44:07.758,radio://0/80/2M,mission,0,0,Reacquire Wall,2955,1,1,0,2.9799957275390625,100,1,26.75,25.0,79159,2,2,0.22515134513378143,0.06300663948059082,-0.030977824702858925,0.0,0.0,1439,79,32766,709,32766,3.774193525314331
2026-04-07T11:44:07.759,radio://0/80/2M,flow,0,0,Reacquire Wall,2955,1,1,0,2.9799957275390625,100,1,26.75,25.0,79409,4,0,0.22515134513378143,0.08045531064271927,-0.008337665349245071,0.0,0.0,1439,79,32766,709,32766,3.774193525314331
2026-04-07T11:44:07.761,radio://0/80/2M,range,0,0,Reacquire Wall,2955,1,1,0,2.9799957275390625,100,1,26.75,25.0,79409,4,0,0.22515134513378143,0.08045531064271927,-0.008337665349245071,0.0,0.0,1454,74,32766,712,32766,3.7689149379730225
2026-04-07T11:44:08.008,radio://0/80/2M,mission,0,0,Reacquire Wall,2955,1,1,1,3.2299957275390625,100,1,27.25,25.06,79409,4,0,0.2062573879957199,0.08045531064271927,-0.008337665349245071,0.0,0.0,1454,74,32766,712,32766,3.7689149379730225
2026-04-07T11:44:08.010,radio://0/80/2M,flow,0,0,Reacquire Wall,2921,1,1,1,3.2299957275390625,100,1,27.25,25.06,79659,-1,0,0.2062573879957199,0.09257694333791733,-0.014775946736335754,0.0,0.0,1454,74,32766,712,32766,3.7689149379730225
2026-04-07T11:44:08.011,radio://0/80/2M,range,0,0,Reacquire Wall,2921,1,1,1,3.2299957275390625,100,1,27.25,25.06,79659,-1,0,0.2062573879957199,0.09257694333791733,-0.014775946736335754,0.0,0.0,1538,32766,32766,790,32766,3.763636350631714
2026-04-07T11:44:08.258,radio://0/80/2M,mission,0,0,Reacquire Wall,2921,1,1,1,3.4799957275390625,100,1,26.5,25.0,79659,-1,0,0.19767558574676514,0.09257694333791733,-0.014775946736335754,0.0,0.0,1538,32766,32766,790,32766,3.763636350631714
2026-04-07T11:44:08.259,radio://0/80/2M,flow,0,0,Reacquire Wall,3634,1,1,1,3.4799957275390625,100,1,26.5,25.0,79909,0,0,0.19767558574676514,0.06381925940513611,-0.004319843370467424,0.0,0.0,1538,32766,32766,790,32766,3.763636350631714
2026-04-07T11:44:08.261,radio://0/80/2M,range,0,0,Reacquire Wall,3634,1,1,1,3.4799957275390625,100,1,26.5,25.0,79909,0,0,0.19767558574676514,0.06381925940513611,-0.004319843370467424,0.0,0.0,32766,177,32766,142,32766,3.7689149379730225
2026-04-07T11:44:08.508,radio://0/80/2M,mission,0,0,Reacquire Wall,3634,1,1,1,3.7299957275390625,100,1,27.25,25.0,79909,0,0,0.20116887986660004,0.06381925940513611,-0.004319843370467424,0.0,0.0,32766,177,32766,142,32766,3.7689149379730225
2026-04-07T11:44:08.510,radio://0/80/2M,flow,0,0,Reacquire Wall,3742,1,1,1,3.7299957275390625,100,1,27.25,25.0,80159,-3,3,0.20116887986660004,0.08458206057548523,0.013281113468110561,0.0,0.0,32766,177,32766,142,32766,3.7689149379730225
2026-04-07T11:44:08.512,radio://0/80/2M,range,0,0,Reacquire Wall,3742,1,1,1,3.7299957275390625,100,1,27.25,25.0,80159,-3,3,0.20116887986660004,0.08458206057548523,0.013281113468110561,0.0,0.0,32766,177,448,133,32766,3.7689149379730225
2026-04-07T11:44:08.757,radio://0/80/2M,mission,0,0,Reacquire Wall,3742,1,1,1,3.9799957275390625,100,1,26.75,25.0,80159,-3,3,0.20387138426303864,0.08458206057548523,0.013281113468110561,0.0,0.0,32766,177,448,133,32766,3.7689149379730225
2026-04-07T11:44:08.760,radio://0/80/2M,flow,0,0,Reacquire Wall,4349,1,1,1,3.9799957275390625,100,1,26.75,25.0,80409,0,0,0.20387138426303864,0.06627125293016434,0.00047364243073388934,0.0,0.0,32766,177,448,133,32766,3.7689149379730225
2026-04-07T11:44:08.761,radio://0/80/2M,range,0,0,Reacquire Wall,4349,1,1,1,3.9799957275390625,100,1,26.75,25.0,80409,0,0,0.20387138426303864,0.06627125293016434,0.00047364243073388934,0.0,0.0,32766,176,483,124,32766,3.7689149379730225
2026-04-07T11:44:09.008,radio://0/80/2M,mission,0,0,Reacquire Wall,4349,1,1,1,4.2299957275390625,100,1,26.75,25.06,80409,0,0,0.20369842648506165,0.06627125293016434,0.00047364243073388934,0.0,0.0,32766,176,483,124,32766,3.7689149379730225
2026-04-07T11:44:09.011,radio://0/80/2M,flow,0,0,Reacquire Wall,4443,1,1,1,4.2299957275390625,100,1,26.75,25.06,80659,0,0,0.20369842648506165,0.0727437362074852,0.003962107468396425,0.0,0.0,32766,176,483,124,32766,3.7689149379730225
2026-04-07T11:44:09.012,radio://0/80/2M,range,0,0,Reacquire Wall,4443,1,1,1,4.2299957275390625,100,1,26.75,25.06,80659,0,0,0.20369842648506165,0.0727437362074852,0.003962107468396425,0.0,0.0,32766,173,488,125,32766,3.7689149379730225
2026-04-07T11:44:09.257,radio://0/80/2M,mission,0,0,Reacquire Wall,4443,1,1,1,4.4799957275390625,100,1,26.5,25.06,80659,0,0,0.21412059664726257,0.0727437362074852,0.003962107468396425,0.0,0.0,32766,173,488,125,32766,3.7689149379730225
2026-04-07T11:44:09.260,radio://0/80/2M,flow,0,0,Reacquire Wall,4256,1,1,1,4.4799957275390625,100,1,26.5,25.06,80909,-3,5,0.21412059664726257,-0.006999258883297443,-0.0010408133966848254,0.0,0.0,32766,173,488,125,32766,3.7689149379730225
2026-04-07T11:44:09.261,radio://0/80/2M,range,0,0,Reacquire Wall,4256,1,1,1,4.4799957275390625,100,1,26.5,25.06,80909,-3,5,0.21412059664726257,-0.006999258883297443,-0.0010408133966848254,0.0,0.0,32766,154,519,149,32766,3.7689149379730225
2026-04-07T11:44:09.507,radio://0/80/2M,mission,0,0,Reacquire Wall,4256,1,1,1,4.7299957275390625,100,1,27.25,25.06,80909,-3,5,0.20624412596225739,-0.006999258883297443,-0.0010408133966848254,0.0,0.0,32766,154,519,149,32766,3.7689149379730225
2026-04-07T11:44:09.510,radio://0/80/2M,flow,0,0,Reacquire Wall,3049,1,1,1,4.7299957275390625,100,1,27.25,25.06,81159,1,0,0.20624412596225739,0.017309239134192467,-0.007546876557171345,0.0,0.0,32766,154,519,149,32766,3.7689149379730225
2026-04-07T11:44:09.511,radio://0/80/2M,range,0,0,Reacquire Wall,3049,1,1,1,4.7299957275390625,100,1,27.25,25.06,81159,1,0,0.20624412596225739,0.017309239134192467,-0.007546876557171345,0.0,0.0,32766,336,32766,875,32766,3.763636350631714
2026-04-07T11:44:09.757,radio://0/80/2M,mission,0,0,Reacquire Wall,3049,1,1,1,4.9799957275390625,100,1,26.5,25.06,81159,1,0,0.22238093614578247,0.017309239134192467,-0.007546876557171345,0.0,0.0,32766,336,32766,875,32766,3.763636350631714
2026-04-07T11:44:09.760,radio://0/80/2M,flow,0,0,Reacquire Wall,2837,1,1,1,4.9799957275390625,100,1,26.5,25.06,81409,4,-1,0.22238093614578247,-0.001552279107272625,0.02400624193251133,0.0,0.0,32766,336,32766,875,32766,3.763636350631714
2026-04-07T11:44:09.761,radio://0/80/2M,range,0,0,Reacquire Wall,2837,1,1,1,4.9799957275390625,100,1,26.5,25.06,81409,4,-1,0.22238093614578247,-0.001552279107272625,0.02400624193251133,0.0,0.0,32766,441,32766,823,32766,3.7689149379730225
2026-04-07T11:44:10.007,radio://0/80/2M,mission,0,0,Reacquire Wall,2837,1,1,1,5.2299957275390625,100,1,27.0,25.06,81409,4,-1,0.24257579445838928,-0.001552279107272625,0.02400624193251133,0.0,0.0,32766,441,32766,823,32766,3.7689149379730225
2026-04-07T11:44:10.010,radio://0/80/2M,flow,0,0,Reacquire Wall,2837,1,1,1,5.2299957275390625,100,1,27.0,25.06,81659,0,4,0.24257579445838928,0.044158533215522766,0.06336834281682968,0.0,0.0,32766,441,32766,823,32766,3.7689149379730225
2026-04-07T11:44:10.011,radio://0/80/2M,range,0,0,Reacquire Wall,2837,1,1,1,5.2299957275390625,100,1,27.0,25.06,81659,0,4,0.24257579445838928,0.044158533215522766,0.06336834281682968,0.0,0.0,32766,454,32766,769,32766,3.7689149379730225
2026-04-07T11:44:10.257,radio://0/80/2M,mission,0,0,Reacquire Wall,2837,1,1,1,5.4799957275390625,100,1,27.75,25.06,81659,0,4,0.2566200792789459,0.044158533215522766,0.06336834281682968,0.0,0.0,32766,454,32766,769,32766,3.7689149379730225
2026-04-07T11:44:10.260,radio://0/80/2M,flow,0,0,Reacquire Wall,2837,1,1,1,5.4799957275390625,100,1,27.75,25.06,81909,0,-4,0.2566200792789459,0.11189566552639008,0.015659239143133163,0.0,0.0,32766,454,32766,769,32766,3.7689149379730225
2026-04-07T11:44:10.261,radio://0/80/2M,range,0,0,Reacquire Wall,2837,1,1,1,5.4799957275390625,100,1,27.75,25.06,81909,0,-4,0.2566200792789459,0.11189566552639008,0.015659239143133163,0.0,0.0,391,440,32766,736,32766,3.7689149379730225
2026-04-07T11:44:10.507,radio://0/80/2M,mission,0,0,Reacquire Wall,2837,1,1,1,5.7299957275390625,100,1,28.5,25.06,81909,0,-4,0.2595299184322357,0.11189566552639008,0.015659239143133163,0.0,0.0,391,440,32766,736,32766,3.7689149379730225
2026-04-07T11:44:10.509,radio://0/80/2M,flow,0,0,Reacquire Wall,2837,1,1,1,5.7299957275390625,100,1,28.5,25.06,82159,0,0,0.2595299184322357,0.10360463708639145,-0.03781967982649803,0.0,0.0,391,440,32766,736,32766,3.7689149379730225
2026-04-07T11:44:10.511,radio://0/80/2M,range,0,0,Reacquire Wall,2837,1,1,1,5.7299957275390625,100,1,28.5,25.06,82159,0,0,0.2595299184322357,0.10360463708639145,-0.03781967982649803,0.0,0.0,259,433,32766,742,32766,3.774193525314331
2026-04-07T11:44:10.756,radio://0/80/2M,mission,0,0,Reacquire Wall,2837,1,1,1,5.9799957275390625,100,1,28.5,25.06,82159,0,0,0.2527660131454468,0.10360463708639145,-0.03781967982649803,0.0,0.0,259,433,32766,742,32766,3.774193525314331
2026-04-07T11:44:10.759,radio://0/80/2M,flow,0,0,Reacquire Wall,3014,1,1,1,5.9799957275390625,100,1,28.5,25.06,82409,-2,0,0.2527660131454468,0.08221795409917831,-0.03272908180952072,0.0,0.0,259,433,32766,742,32766,3.774193525314331
2026-04-07T11:44:10.760,radio://0/80/2M,range,0,0,Reacquire Wall,3014,1,1,1,5.9799957275390625,100,1,28.5,25.06,82409,-2,0,0.2527660131454468,0.08221795409917831,-0.03272908180952072,0.0,0.0,142,437,32766,752,32766,3.7689149379730225
2026-04-07T11:44:11.006,radio://0/80/2M,mission,0,0,Reacquire Wall,3014,1,1,1,6.2299957275390625,100,1,29.25,25.06,82409,-2,0,0.2508639991283417,0.08221795409917831,-0.03272908180952072,0.0,0.0,142,437,32766,752,32766,3.7689149379730225
2026-04-07T11:44:11.010,radio://0/80/2M,flow,0,0,Reacquire Wall,3014,1,1,1,6.2299957275390625,100,1,29.25,25.06,82659,1,0,0.2508639991283417,0.1251802146434784,-0.05169186368584633,0.0,0.0,142,437,32766,752,32766,3.7689149379730225
2026-04-07T11:44:11.011,radio://0/80/2M,range,0,0,Reacquire Wall,3014,1,1,1,6.2299957275390625,100,1,29.25,25.06,82659,1,0,0.2508639991283417,0.1251802146434784,-0.05169186368584633,0.0,0.0,121,437,32766,738,32766,3.7689149379730225
2026-04-07T11:44:11.257,radio://0/80/2M,mission,0,0,Reacquire Wall,3014,1,1,1,6.4799957275390625,100,1,29.5,25.06,82659,1,0,0.24908046424388885,0.1251802146434784,-0.05169186368584633,0.0,0.0,121,437,32766,738,32766,3.7689149379730225
2026-04-07T11:44:11.259,radio://0/80/2M,flow,0,0,Reacquire Wall,3014,1,1,1,6.4799957275390625,100,1,29.5,25.06,82909,0,0,0.24908046424388885,0.12089325487613678,-0.07547280937433243,0.0,0.0,121,437,32766,738,32766,3.7689149379730225
2026-04-07T11:44:11.260,radio://0/80/2M,range,0,0,Reacquire Wall,3014,1,1,1,6.4799957275390625,100,1,29.5,25.06,82909,0,0,0.24908046424388885,0.12089325487613678,-0.07547280937433243,0.0,0.0,182,435,32766,742,32766,3.7689149379730225
2026-04-07T11:44:11.506,radio://0/80/2M,mission,0,0,Reacquire Wall,3014,1,1,1,6.7299957275390625,100,1,27.75,25.06,82909,0,0,0.2519098222255707,0.12089325487613678,-0.07547280937433243,0.0,0.0,182,435,32766,742,32766,3.7689149379730225
2026-04-07T11:44:11.509,radio://0/80/2M,flow,0,0,Reacquire Wall,3014,1,1,1,6.7299957275390625,100,1,27.75,25.06,83159,0,0,0.2519098222255707,0.1332869827747345,-0.09804224222898483,0.0,0.0,182,435,32766,742,32766,3.7689149379730225
2026-04-07T11:44:11.510,radio://0/80/2M,range,0,0,Reacquire Wall,3014,1,1,1,6.7299957275390625,100,1,27.75,25.06,83159,0,0,0.2519098222255707,0.1332869827747345,-0.09804224222898483,0.0,0.0,390,435,32766,747,32766,3.7689149379730225
2026-04-07T11:44:11.756,radio://0/80/2M,mission,0,0,Reacquire Wall,3014,1,1,1,6.9799957275390625,100,1,27.0,25.12,83159,0,0,0.25013813376426697,0.1332869827747345,-0.09804224222898483,0.0,0.0,390,435,32766,747,32766,3.7689149379730225
2026-04-07T11:44:11.759,radio://0/80/2M,flow,0,0,Reacquire Wall,3014,1,1,1,6.9799957275390625,100,1,27.0,25.12,83409,-1,0,0.25013813376426697,0.15302695333957672,-0.0941956415772438,0.0,0.0,390,435,32766,747,32766,3.7689149379730225
2026-04-07T11:44:11.760,radio://0/80/2M,range,0,0,Reacquire Wall,3014,1,1,1,6.9799957275390625,100,1,27.0,25.12,83409,-1,0,0.25013813376426697,0.15302695333957672,-0.0941956415772438,0.0,0.0,32766,434,32766,750,32766,3.7689149379730225
2026-04-07T11:44:12.006,radio://0/80/2M,mission,0,0,Reacquire Wall,3014,1,1,1,7.2299957275390625,100,1,27.5,25.12,83409,-1,0,0.24909134209156036,0.15302695333957672,-0.0941956415772438,0.0,0.0,32766,434,32766,750,32766,3.7689149379730225
2026-04-07T11:44:12.009,radio://0/80/2M,flow,0,0,Reacquire Wall,3014,1,1,1,7.2299957275390625,100,1,27.5,25.12,83659,0,0,0.24909134209156036,0.16596952080726624,-0.1100556030869484,0.0,0.0,32766,434,32766,750,32766,3.7689149379730225
2026-04-07T11:44:12.010,radio://0/80/2M,range,0,0,Reacquire Wall,3014,1,1,1,7.2299957275390625,100,1,27.5,25.12,83659,0,0,0.24909134209156036,0.16596952080726624,-0.1100556030869484,0.0,0.0,32766,437,32766,751,32766,3.774193525314331
2026-04-07T11:44:12.256,radio://0/80/2M,mission,0,0,Reacquire Wall,3014,1,1,1,7.4799957275390625,100,1,27.5,25.12,83659,0,0,0.25034308433532715,0.16596952080726624,-0.1100556030869484,0.0,0.0,32766,437,32766,751,32766,3.774193525314331
2026-04-07T11:44:12.259,radio://0/80/2M,flow,0,0,Reacquire Wall,3014,1,1,1,7.4799957275390625,100,1,27.5,25.12,83909,0,0,0.25034308433532715,0.1775292456150055,-0.10432051122188568,0.0,0.0,32766,437,32766,751,32766,3.774193525314331
2026-04-07T11:44:12.260,radio://0/80/2M,range,0,0,Reacquire Wall,3014,1,1,1,7.4799957275390625,100,1,27.5,25.12,83909,0,0,0.25034308433532715,0.1775292456150055,-0.10432051122188568,0.0,0.0,32766,434,32766,751,32766,3.7689149379730225
2026-04-07T11:44:12.506,radio://0/80/2M,mission,0,0,Reacquire Wall,3014,1,1,1,7.7299957275390625,100,1,27.5,25.12,83909,0,0,0.2451351284980774,0.1775292456150055,-0.10432051122188568,0.0,0.0,32766,434,32766,751,32766,3.7689149379730225
2026-04-07T11:44:12.508,radio://0/80/2M,flow,0,0,Reacquire Wall,3202,1,1,1,7.7299957275390625,100,1,27.5,25.12,84159,1,0,0.2451351284980774,0.17181836068630219,-0.11981580406427383,0.0,0.0,32766,434,32766,751,32766,3.7689149379730225
2026-04-07T11:44:12.509,radio://0/80/2M,range,0,0,Reacquire Wall,3202,1,1,1,7.7299957275390625,100,1,27.5,25.12,84159,1,0,0.2451351284980774,0.17181836068630219,-0.11981580406427383,0.0,0.0,32766,438,32766,751,32766,3.7689149379730225
2026-04-07T11:44:12.756,radio://0/80/2M,mission,0,0,Reacquire Wall,3202,1,1,1,7.9799957275390625,100,1,28.25,25.12,84159,1,0,0.24422867596149445,0.17181836068630219,-0.11981580406427383,0.0,0.0,32766,438,32766,751,32766,3.7689149379730225
2026-04-07T11:44:12.759,radio://0/80/2M,flow,0,0,Reacquire Wall,3202,1,1,1,7.9799957275390625,100,1,28.25,25.12,84409,0,0,0.24422867596149445,0.1524219810962677,-0.09014739096164703,0.0,0.0,32766,438,32766,751,32766,3.7689149379730225
2026-04-07T11:44:12.760,radio://0/80/2M,range,0,0,Reacquire Wall,3202,1,1,1,7.9799957275390625,100,1,28.25,25.12,84409,0,0,0.24422867596149445,0.1524219810962677,-0.09014739096164703,0.0,0.0,271,435,32766,751,32766,3.7689149379730225
2026-04-07T11:44:13.006,radio://0/80/2M,mission,0,0,Reacquire Wall,3202,1,1,1,8.229995727539062,100,1,29.5,25.12,84409,0,0,0.24328795075416565,0.1524219810962677,-0.09014739096164703,0.0,0.0,271,435,32766,751,32766,3.7689149379730225
2026-04-07T11:44:13.008,radio://0/80/2M,flow,0,0,Reacquire Wall,3202,1,1,1,8.229995727539062,100,1,29.5,25.12,84659,0,0,0.24328795075416565,0.1849922388792038,-0.11760356277227402,0.0,0.0,271,435,32766,751,32766,3.7689149379730225
2026-04-07T11:44:13.009,radio://0/80/2M,range,0,0,Reacquire Wall,3202,1,1,1,8.229995727539062,100,1,29.5,25.12,84659,0,0,0.24328795075416565,0.1849922388792038,-0.11760356277227402,0.0,0.0,162,434,32766,754,32766,3.7689149379730225
2026-04-07T11:44:13.256,radio://0/80/2M,mission,0,0,Reacquire Wall,3202,1,1,1,8.479995727539062,100,1,29.5,25.12,84659,0,0,0.2433788776397705,0.1849922388792038,-0.11760356277227402,0.0,0.0,162,434,32766,754,32766,3.7689149379730225
2026-04-07T11:44:13.258,radio://0/80/2M,flow,0,0,Reacquire Wall,3202,1,1,1,8.479995727539062,100,1,29.5,25.12,84909,0,0,0.2433788776397705,0.15525765717029572,-0.0973181426525116,0.0,0.0,162,434,32766,754,32766,3.7689149379730225
2026-04-07T11:44:13.259,radio://0/80/2M,range,0,0,Reacquire Wall,3202,1,1,1,8.479995727539062,100,1,29.5,25.12,84909,0,0,0.2433788776397705,0.15525765717029572,-0.0973181426525116,0.0,0.0,100,431,32766,752,32766,3.763636350631714
2026-04-07T11:44:13.506,radio://0/80/2M,mission,0,0,Reacquire Wall,3202,1,1,1,8.729995727539062,100,0,30.25,25.12,84909,0,0,0.24435612559318542,0.15525765717029572,-0.0973181426525116,0.0,0.0,100,431,32766,752,32766,3.763636350631714
2026-04-07T11:44:13.507,radio://0/80/2M,flow,0,0,Reacquire Wall,3202,1,1,1,8.729995727539062,100,0,30.25,25.12,85159,-1,3,0.24435612559318542,0.1139659583568573,-0.07726524770259857,0.0,0.0,100,431,32766,752,32766,3.763636350631714
2026-04-07T11:44:13.508,radio://0/80/2M,range,0,0,Reacquire Wall,3202,1,1,1,8.729995727539062,100,0,30.25,25.12,85159,-1,3,0.24435612559318542,0.1139659583568573,-0.07726524770259857,0.0,0.0,93,431,32766,756,32766,3.7689149379730225
2026-04-07T11:44:13.755,radio://0/80/2M,mission,0,0,Reacquire Wall,3202,1,1,1,8.979995727539062,100,1,29.25,25.12,85159,-1,3,0.2433099001646042,0.1139659583568573,-0.07726524770259857,0.0,0.0,93,431,32766,756,32766,3.7689149379730225
2026-04-07T11:44:13.758,radio://0/80/2M,flow,0,0,Reacquire Wall,3202,1,1,1,8.979995727539062,100,1,29.25,25.12,85409,0,0,0.2433099001646042,0.12638753652572632,-0.08312679827213287,0.0,0.0,93,431,32766,756,32766,3.7689149379730225
2026-04-07T11:44:13.759,radio://0/80/2M,range,0,0,Reacquire Wall,3202,1,1,1,8.979995727539062,100,1,29.25,25.12,85409,0,0,0.2433099001646042,0.12638753652572632,-0.08312679827213287,0.0,0.0,176,435,32766,751,32766,3.7689149379730225
2026-04-07T11:44:14.005,radio://0/80/2M,mission,0,0,Reacquire Wall,3202,1,1,1,9.229995727539062,100,1,27.75,25.12,85409,0,0,0.24469247460365295,0.12638753652572632,-0.08312679827213287,0.0,0.0,176,435,32766,751,32766,3.7689149379730225
2026-04-07T11:44:14.007,radio://0/80/2M,flow,0,0,Reacquire Wall,3202,1,1,1,9.229995727539062,100,1,27.75,25.12,85659,0,0,0.24469247460365295,0.13658908009529114,-0.08486589044332504,0.0,0.0,176,435,32766,751,32766,3.7689149379730225
2026-04-07T11:44:14.008,radio://0/80/2M,range,0,0,Reacquire Wall,3202,1,1,1,9.229995727539062,100,1,27.75,25.12,85659,0,0,0.24469247460365295,0.13658908009529114,-0.08486589044332504,0.0,0.0,32766,434,32766,752,32766,3.7689149379730225
2026-04-07T11:44:14.255,radio://0/80/2M,mission,0,0,Reacquire Wall,3202,1,1,1,9.479995727539062,100,1,28.0,25.12,85659,0,0,0.24556274712085724,0.13658908009529114,-0.08486589044332504,0.0,0.0,32766,434,32766,752,32766,3.7689149379730225
2026-04-07T11:44:14.257,radio://0/80/2M,flow,0,0,Reacquire Wall,3202,1,1,1,9.479995727539062,100,1,28.0,25.12,85909,0,0,0.24556274712085724,0.17413271963596344,-0.11590155959129333,0.0,0.0,32766,434,32766,752,32766,3.7689149379730225
2026-04-07T11:44:14.258,radio://0/80/2M,range,0,0,Reacquire Wall,3202,1,1,1,9.479995727539062,100,1,28.0,25.12,85909,0,0,0.24556274712085724,0.17413271963596344,-0.11590155959129333,0.0,0.0,32766,432,32766,754,32766,3.7689149379730225
2026-04-07T11:44:14.505,radio://0/80/2M,mission,0,0,Reacquire Wall,3202,1,1,1,9.729995727539062,100,1,27.5,25.12,85909,0,0,0.24251779913902283,0.17413271963596344,-0.11590155959129333,0.0,0.0,32766,432,32766,754,32766,3.7689149379730225
2026-04-07T11:44:14.508,radio://0/80/2M,flow,0,0,Reacquire Wall,3002,1,1,1,9.729995727539062,100,1,27.5,25.12,86159,0,0,0.24251779913902283,0.10504411906003952,-0.06441011279821396,0.0,0.0,32766,432,32766,754,32766,3.7689149379730225
2026-04-07T11:44:14.509,radio://0/80/2M,range,0,0,Reacquire Wall,3002,1,1,1,9.729995727539062,100,1,27.5,25.12,86159,0,0,0.24251779913902283,0.10504411906003952,-0.06441011279821396,0.0,0.0,32766,435,32766,757,32766,3.7689149379730225
2026-04-07T11:44:14.755,radio://0/80/2M,mission,0,0,Reacquire Wall,3002,1,1,1,9.979995727539062,100,1,27.5,25.12,86159,0,0,0.2420751452445984,0.10504411906003952,-0.06441011279821396,0.0,0.0,32766,435,32766,757,32766,3.7689149379730225
2026-04-07T11:44:14.758,radio://0/80/2M,flow,0,0,Reacquire Wall,3002,1,1,1,9.979995727539062,100,1,27.5,25.12,86409,0,0,0.2420751452445984,0.07323404401540756,-0.051492542028427124,0.0,0.0,32766,435,32766,757,32766,3.7689149379730225
2026-04-07T11:44:14.759,radio://0/80/2M,range,0,0,Reacquire Wall,3002,1,1,1,9.979995727539062,100,1,27.5,25.12,86409,0,0,0.2420751452445984,0.07323404401540756,-0.051492542028427124,0.0,0.0,32766,434,32766,760,32766,3.7689149379730225
2026-04-07T11:44:15.005,radio://0/80/2M,mission,0,0,Reacquire Wall,3002,1,1,1,10.229995727539062,100,1,27.75,25.12,86409,0,0,0.2437049001455307,0.07323404401540756,-0.051492542028427124,0.0,0.0,32766,434,32766,760,32766,3.7689149379730225
2026-04-07T11:44:15.008,radio://0/80/2M,flow,0,0,Reacquire Wall,3002,1,1,1,10.229995727539062,100,1,27.75,25.12,86659,0,0,0.2437049001455307,0.09161001443862915,-0.0708274319767952,0.0,0.0,32766,434,32766,760,32766,3.7689149379730225
2026-04-07T11:44:15.009,radio://0/80/2M,range,0,0,Reacquire Wall,3002,1,1,1,10.229995727539062,100,1,27.75,25.12,86659,0,0,0.2437049001455307,0.09161001443862915,-0.0708274319767952,0.0,0.0,32766,436,32766,753,32766,3.774193525314331
2026-04-07T11:44:15.255,radio://0/80/2M,mission,0,0,Reacquire Wall,3002,1,1,1,10.479995727539062,100,1,28.0,25.19,86659,0,0,0.24327188730239868,0.09161001443862915,-0.0708274319767952,0.0,0.0,32766,436,32766,753,32766,3.774193525314331
2026-04-07T11:44:15.258,radio://0/80/2M,flow,0,0,Reacquire Wall,3002,1,1,1,10.479995727539062,100,1,28.0,25.19,86909,0,0,0.24327188730239868,0.12726403772830963,-0.09894919395446777,0.0,0.0,32766,436,32766,753,32766,3.774193525314331
2026-04-07T11:44:15.259,radio://0/80/2M,range,0,0,Reacquire Wall,3002,1,1,1,10.479995727539062,100,1,28.0,25.19,86909,0,0,0.24327188730239868,0.12726403772830963,-0.09894919395446777,0.0,0.0,32766,434,32766,760,32766,3.7689149379730225
2026-04-07T11:44:15.505,radio://0/80/2M,mission,0,0,Reacquire Wall,3002,1,1,1,10.729995727539062,100,1,28.0,25.12,86909,0,0,0.24255487322807312,0.12726403772830963,-0.09894919395446777,0.0,0.0,32766,434,32766,760,32766,3.7689149379730225
2026-04-07T11:44:15.506,radio://0/80/2M,flow,0,0,Reacquire Wall,3002,1,1,1,10.729995727539062,100,1,28.0,25.12,87159,0,0,0.24255487322807312,0.10014268755912781,-0.08147437870502472,0.0,0.0,32766,434,32766,760,32766,3.7689149379730225
2026-04-07T11:44:15.507,radio://0/80/2M,range,0,0,Reacquire Wall,3002,1,1,1,10.729995727539062,100,1,28.0,25.12,87159,0,0,0.24255487322807312,0.10014268755912781,-0.08147437870502472,0.0,0.0,1391,434,32766,756,32766,3.763636350631714
2026-04-07T11:44:15.755,radio://0/80/2M,mission,0,0,Reacquire Wall,3002,1,1,1,10.979995727539062,100,1,28.5,25.12,87159,0,0,0.24632975459098816,0.10014268755912781,-0.08147437870502472,0.0,0.0,1391,434,32766,756,32766,3.763636350631714
2026-04-07T11:44:15.758,radio://0/80/2M,flow,0,0,Reacquire Wall,3002,1,1,1,10.979995727539062,100,1,28.5,25.12,87409,0,0,0.24632975459098816,0.09403006732463837,-0.07461493462324142,0.0,0.0,1391,434,32766,756,32766,3.763636350631714
2026-04-07T11:44:15.759,radio://0/80/2M,range,0,0,Reacquire Wall,3002,1,1,1,10.979995727539062,100,1,28.5,25.12,87409,0,0,0.24632975459098816,0.09403006732463837,-0.07461493462324142,0.0,0.0,1368,432,32766,763,32766,3.7689149379730225
2026-04-07T11:44:16.005,radio://0/80/2M,mission,0,0,Reacquire Wall,3002,1,1,1,11.229995727539062,100,1,26.75,25.12,87409,0,0,0.2432592809200287,0.09403006732463837,-0.07461493462324142,0.0,0.0,1368,432,32766,763,32766,3.7689149379730225
2026-04-07T11:44:16.006,radio://0/80/2M,flow,0,0,Reacquire Wall,3002,1,1,1,11.229995727539062,100,1,26.75,25.12,87659,0,0,0.2432592809200287,0.10168369114398956,-0.07947049289941788,0.0,0.0,1368,432,32766,763,32766,3.7689149379730225
2026-04-07T11:44:16.008,radio://0/80/2M,range,0,0,Reacquire Wall,3002,1,1,1,11.229995727539062,100,1,26.75,25.12,87659,0,0,0.2432592809200287,0.10168369114398956,-0.07947049289941788,0.0,0.0,32766,434,32766,765,32766,3.774193525314331
2026-04-07T11:44:16.254,radio://0/80/2M,mission,0,0,Reacquire Wall,3002,0,1,0,0.0,88,0,26.75,25.12,87659,0,0,0.24301521480083466,0.10168369114398956,-0.07947049289941788,0.0,0.0,32766,434,32766,765,32766,3.774193525314331
2026-04-07T11:44:16.257,radio://0/80/2M,flow,0,0,Reacquire Wall,3189,0,1,0,0.0,88,0,26.75,25.12,87909,0,0,0.24301521480083466,0.10490114986896515,-0.07195310294628143,0.0,0.0,32766,434,32766,765,32766,3.774193525314331
2026-04-07T11:44:16.258,radio://0/80/2M,range,0,0,Reacquire Wall,3189,0,1,0,0.0,88,0,26.75,25.12,87909,0,0,0.24301521480083466,0.10490114986896515,-0.07195310294628143,0.0,0.0,375,433,32766,772,32766,3.7689149379730225
2026-04-07T11:44:16.504,radio://0/80/2M,mission,0,0,Reacquire Wall,3189,0,1,0,0.0,76,0,26.25,25.12,87909,0,0,0.24320845305919647,0.10490114986896515,-0.07195310294628143,0.0,0.0,375,433,32766,772,32766,3.7689149379730225
2026-04-07T11:44:16.508,radio://0/80/2M,flow,0,0,Reacquire Wall,3189,0,1,0,0.0,76,0,26.25,25.12,88159,0,0,0.24320845305919647,0.10984756052494049,-0.07509274035692215,0.0,0.0,375,433,32766,772,32766,3.7689149379730225
2026-04-07T11:44:16.509,radio://0/80/2M,range,0,0,Reacquire Wall,3189,0,1,0,0.0,76,0,26.25,25.12,88159,0,0,0.24320845305919647,0.10984756052494049,-0.07509274035692215,0.0,0.0,202,435,32766,773,32766,3.774193525314331
2026-04-07T11:44:16.754,radio://0/80/2M,mission,0,0,Reacquire Wall,3189,0,1,0,0.0,88,0,26.25,25.12,88159,0,0,0.24294711649417877,0.10984756052494049,-0.07509274035692215,0.0,0.0,202,435,32766,773,32766,3.774193525314331
2026-04-07T11:44:16.756,radio://0/80/2M,flow,0,0,Reacquire Wall,3189,0,1,0,0.0,88,0,26.25,25.12,88409,0,0,0.24294711649417877,0.1644323319196701,-0.12079139053821564,0.0,0.0,202,435,32766,773,32766,3.774193525314331
2026-04-07T11:44:16.757,radio://0/80/2M,range,0,0,Reacquire Wall,3189,0,1,0,0.0,88,0,26.25,25.12,88409,0,0,0.24294711649417877,0.1644323319196701,-0.12079139053821564,0.0,0.0,101,434,32766,776,32766,3.7689149379730225
2026-04-07T11:44:17.004,radio://0/80/2M,mission,0,0,Reacquire Wall,3189,0,1,0,0.0,80,0,26.25,25.19,88409,0,0,0.24356214702129364,0.1644323319196701,-0.12079139053821564,0.0,0.0,101,434,32766,776,32766,3.7689149379730225
2026-04-07T11:44:17.007,radio://0/80/2M,flow,0,0,Reacquire Wall,3189,0,1,0,0.0,80,0,26.25,25.19,88659,-1,0,0.24356214702129364,0.14024947583675385,-0.10876225680112839,0.0,0.0,101,434,32766,776,32766,3.7689149379730225
2026-04-07T11:44:17.008,radio://0/80/2M,range,0,0,Reacquire Wall,3189,0,1,0,0.0,80,0,26.25,25.19,88659,-1,0,0.24356214702129364,0.14024947583675385,-0.10876225680112839,0.0,0.0,108,433,32766,777,32766,3.7689149379730225
2026-04-07T11:44:17.254,radio://0/80/2M,mission,0,0,Reacquire Wall,3189,0,1,0,0.0,95,0,27.0,25.19,88659,-1,0,0.2413192093372345,0.14024947583675385,-0.10876225680112839,0.0,0.0,108,433,32766,777,32766,3.7689149379730225
2026-04-07T11:44:17.257,radio://0/80/2M,flow,0,0,Reacquire Wall,3189,0,1,0,0.0,95,0,27.0,25.19,88909,0,0,0.2413192093372345,0.1503802090883255,-0.11114401370286942,0.0,0.0,108,433,32766,777,32766,3.7689149379730225
2026-04-07T11:44:17.258,radio://0/80/2M,range,0,0,Reacquire Wall,3189,0,1,0,0.0,95,0,27.0,25.19,88909,0,0,0.2413192093372345,0.1503802090883255,-0.11114401370286942,0.0,0.0,368,429,32766,782,32766,3.7689149379730225
2026-04-07T11:44:17.504,radio://0/80/2M,mission,0,0,Reacquire Wall,3189,0,1,0,0.0,100,0,27.0,25.12,88909,0,0,0.24220505356788635,0.1503802090883255,-0.11114401370286942,0.0,0.0,368,429,32766,782,32766,3.7689149379730225
2026-04-07T11:44:17.506,radio://0/80/2M,flow,0,0,Reacquire Wall,2990,0,1,0,0.0,100,0,27.0,25.12,89159,0,0,0.24220505356788635,0.17550967633724213,-0.13123072683811188,0.0,0.0,368,429,32766,782,32766,3.7689149379730225
2026-04-07T11:44:17.508,radio://0/80/2M,range,0,0,Reacquire Wall,2990,0,1,0,0.0,100,0,27.0,25.12,89159,0,0,0.24220505356788635,0.17550967633724213,-0.13123072683811188,0.0,0.0,622,432,32766,777,32766,3.7689149379730225
2026-04-07T11:44:17.754,radio://0/80/2M,mission,0,0,Reacquire Wall,2990,0,1,0,0.0,100,0,27.25,25.12,89159,0,0,0.24276384711265564,0.17550967633724213,-0.13123072683811188,0.0,0.0,622,432,32766,777,32766,3.7689149379730225
2026-04-07T11:44:17.758,radio://0/80/2M,flow,0,0,Reacquire Wall,2990,0,1,0,0.0,100,0,27.25,25.12,89409,0,0,0.24276384711265564,0.1503555327653885,-0.11167217791080475,0.0,0.0,622,432,32766,777,32766,3.7689149379730225
2026-04-07T11:44:17.759,radio://0/80/2M,range,0,0,Reacquire Wall,2990,0,1,0,0.0,100,0,27.25,25.12,89409,0,0,0.24276384711265564,0.1503555327653885,-0.11167217791080475,0.0,0.0,832,431,32766,778,32766,3.7689149379730225
2026-04-07T11:44:18.004,radio://0/80/2M,mission,0,0,Reacquire Wall,2990,0,1,0,0.0,97,0,27.25,25.19,89409,0,0,0.24234725534915924,0.1503555327653885,-0.11167217791080475,0.0,0.0,832,431,32766,778,32766,3.7689149379730225
2026-04-07T11:44:18.005,radio://0/80/2M,flow,0,0,Reacquire Wall,2990,0,1,0,0.0,97,0,27.25,25.19,89659,-1,0,0.24234725534915924,0.12181352823972702,-0.08715694397687912,0.0,0.0,832,431,32766,778,32766,3.7689149379730225
2026-04-07T11:44:18.007,radio://0/80/2M,range,0,0,Reacquire Wall,2990,0,1,0,0.0,97,0,27.25,25.19,89659,-1,0,0.24234725534915924,0.12181352823972702,-0.08715694397687912,0.0,0.0,745,431,32766,779,32766,3.774193525314331
2026-04-07T11:44:18.253,radio://0/80/2M,mission,0,0,Reacquire Wall,2990,0,1,0,0.0,99,0,27.0,25.19,89659,-1,0,0.24286453425884247,0.12181352823972702,-0.08715694397687912,0.0,0.0,745,431,32766,779,32766,3.774193525314331
2026-04-07T11:44:18.256,radio://0/80/2M,flow,0,0,Reacquire Wall,3176,0,1,0,0.0,99,0,27.0,25.19,89909,0,0,0.24286453425884247,0.13999082148075104,-0.10997232794761658,0.0,0.0,745,431,32766,779,32766,3.774193525314331
2026-04-07T11:44:18.257,radio://0/80/2M,range,0,0,Reacquire Wall,3176,0,1,0,0.0,99,0,27.0,25.19,89909,0,0,0.24286453425884247,0.13999082148075104,-0.10997232794761658,0.0,0.0,447,432,32766,778,32766,3.7689149379730225
2026-04-07T11:44:18.503,radio://0/80/2M,mission,0,0,Reacquire Wall,3176,0,1,0,0.0,90,0,26.5,25.19,89909,0,0,0.2433548867702484,0.13999082148075104,-0.10997232794761658,0.0,0.0,447,432,32766,778,32766,3.7689149379730225
2026-04-07T11:44:18.506,radio://0/80/2M,flow,0,0,Reacquire Wall,3176,0,1,0,0.0,90,0,26.5,25.19,90159,0,0,0.2433548867702484,0.1803043931722641,-0.13760598003864288,0.0,0.0,447,432,32766,778,32766,3.7689149379730225
2026-04-07T11:44:18.507,radio://0/80/2M,range,0,0,Reacquire Wall,3176,0,1,0,0.0,90,0,26.5,25.19,90159,0,0,0.2433548867702484,0.1803043931722641,-0.13760598003864288,0.0,0.0,244,429,32766,778,32766,3.7689149379730225
2026-04-07T11:44:18.753,radio://0/80/2M,mission,0,0,Reacquire Wall,3176,0,1,0,0.0,83,0,25.5,25.19,90159,0,0,0.24180419743061066,0.1803043931722641,-0.13760598003864288,0.0,0.0,244,429,32766,778,32766,3.7689149379730225
2026-04-07T11:44:18.756,radio://0/80/2M,flow,0,0,Reacquire Wall,3176,0,1,0,0.0,83,0,25.5,25.19,90409,0,0,0.24180419743061066,0.21059758961200714,-0.15324445068836212,0.0,0.0,244,429,32766,778,32766,3.7689149379730225
2026-04-07T11:44:18.757,radio://0/80/2M,range,0,0,Reacquire Wall,3176,0,1,0,0.0,83,0,25.5,25.19,90409,0,0,0.24180419743061066,0.21059758961200714,-0.15324445068836212,0.0,0.0,92,428,32766,776,32766,3.7689149379730225
2026-04-07T11:44:19.003,radio://0/80/2M,mission,0,0,Reacquire Wall,3176,0,1,0,0.0,0,0,24.0,25.19,90409,0,0,0.24228958785533905,0.21059758961200714,-0.15324445068836212,0.0,0.0,92,428,32766,776,32766,3.7689149379730225
2026-04-07T11:44:19.006,radio://0/80/2M,flow,0,0,Reacquire Wall,3176,0,1,0,0.0,0,0,24.0,25.19,90659,0,0,0.24228958785533905,0.2867148518562317,-0.21154533326625824,0.0,0.0,92,428,32766,776,32766,3.7689149379730225
2026-04-07T11:44:19.008,radio://0/80/2M,range,0,0,Reacquire Wall,3176,0,1,0,0.0,0,0,24.0,25.19,90659,0,0,0.24228958785533905,0.2867148518562317,-0.21154533326625824,0.0,0.0,87,427,32766,782,32766,3.7689149379730225
2026-04-07T11:44:19.253,radio://0/80/2M,mission,0,0,Reacquire Wall,3176,0,1,0,0.0,0,0,24.25,25.19,90659,0,0,0.2417263388633728,0.2867148518562317,-0.21154533326625824,0.0,0.0,87,427,32766,782,32766,3.7689149379730225
2026-04-07T11:44:19.256,radio://0/80/2M,flow,0,0,Reacquire Wall,3176,0,1,0,0.0,0,0,24.25,25.19,90909,0,0,0.2417263388633728,0.3749558925628662,-0.27291280031204224,0.0,0.0,87,427,32766,782,32766,3.7689149379730225
2026-04-07T11:44:19.257,radio://0/80/2M,range,0,0,Reacquire Wall,3176,0,1,0,0.0,0,0,24.25,25.19,90909,0,0,0.2417263388633728,0.3749558925628662,-0.27291280031204224,0.0,0.0,135,431,32766,779,32766,3.7689149379730225
2026-04-07T11:44:19.503,radio://0/80/2M,mission,0,0,Reacquire Wall,3176,0,1,0,0.0,88,0,26.75,25.19,90909,0,0,0.241025909781456,0.3749558925628662,-0.27291280031204224,0.0,0.0,135,431,32766,779,32766,3.7689149379730225
2026-04-07T11:44:19.506,radio://0/80/2M,flow,0,0,Reacquire Wall,3176,0,1,0,0.0,88,0,26.75,25.19,91159,0,-1,0.241025909781456,0.07862600684165955,-0.07840999960899353,0.0,0.0,135,431,32766,779,32766,3.7689149379730225
2026-04-07T11:44:19.507,radio://0/80/2M,range,0,0,Reacquire Wall,3176,0,1,0,0.0,88,0,26.75,25.19,91159,0,-1,0.241025909781456,0.07862600684165955,-0.07840999960899353,0.0,0.0,331,430,32766,783,32766,3.7689149379730225
2026-04-07T11:44:19.753,radio://0/80/2M,mission,0,0,Reacquire Wall,3176,1,1,0,0.06999969482421875,100,1,27.0,25.19,91159,0,-1,0.24390001595020294,0.07862600684165955,-0.07840999960899353,0.0,0.0,331,430,32766,783,32766,3.7689149379730225
2026-04-07T11:44:19.756,radio://0/80/2M,flow,0,0,Reacquire Wall,3176,1,1,0,0.06999969482421875,100,1,27.0,25.19,91409,0,0,0.24390001595020294,0.06611095368862152,-0.04358619078993797,0.0,0.0,331,430,32766,783,32766,3.7689149379730225
2026-04-07T11:44:19.757,radio://0/80/2M,range,0,0,Reacquire Wall,3176,1,1,0,0.06999969482421875,100,1,27.0,25.19,91409,0,0,0.24390001595020294,0.06611095368862152,-0.04358619078993797,0.0,0.0,602,430,32766,772,32766,3.7689149379730225
2026-04-07T11:44:20.003,radio://0/80/2M,mission,0,0,Reacquire Wall,3176,1,1,0,0.31999969482421875,100,1,26.25,25.12,91409,0,0,0.24617616832256317,0.06611095368862152,-0.04358619078993797,0.0,0.0,602,430,32766,772,32766,3.7689149379730225
2026-04-07T11:44:20.004,radio://0/80/2M,flow,0,0,Reacquire Wall,3176,1,1,0,0.31999969482421875,100,1,26.25,25.12,91659,0,0,0.24617616832256317,0.09688150137662888,-0.06514951586723328,0.0,0.0,602,430,32766,772,32766,3.7689149379730225
2026-04-07T11:44:20.005,radio://0/80/2M,range,0,0,Reacquire Wall,3176,1,1,0,0.31999969482421875,100,1,26.25,25.12,91659,0,0,0.24617616832256317,0.09688150137662888,-0.06514951586723328,0.0,0.0,697,380,32766,770,32766,3.7689149379730225
2026-04-07T11:44:20.253,radio://0/80/2M,mission,0,0,Reacquire Wall,3176,1,1,0,0.5699996948242188,100,1,26.5,25.19,91659,0,0,0.24497821927070618,0.09688150137662888,-0.06514951586723328,0.0,0.0,697,380,32766,770,32766,3.7689149379730225
2026-04-07T11:44:20.254,radio://0/80/2M,flow,0,0,Reacquire Wall,3176,1,1,0,0.5699996948242188,100,1,26.5,25.19,91909,0,0,0.24497821927070618,0.06469704955816269,-0.09233013540506363,0.0,0.0,697,380,32766,770,32766,3.7689149379730225
2026-04-07T11:44:20.256,radio://0/80/2M,range,0,0,Reacquire Wall,3176,1,1,0,0.5699996948242188,100,1,26.5,25.19,91909,0,0,0.24497821927070618,0.06469704955816269,-0.09233013540506363,0.0,0.0,698,391,32766,776,32766,3.7689149379730225
2026-04-07T11:44:20.502,radio://0/80/2M,mission,0,0,Reacquire Wall,3176,1,1,0,0.8199996948242188,100,1,26.5,25.19,91909,0,0,0.24452583491802216,0.06469704955816269,-0.09233013540506363,0.0,0.0,698,391,32766,776,32766,3.7689149379730225
2026-04-07T11:44:20.505,radio://0/80/2M,flow,0,0,Reacquire Wall,3176,1,1,0,0.8199996948242188,100,1,26.5,25.19,92159,0,-1,0.24452583491802216,0.09413965046405792,-0.08080510050058365,0.0,0.0,698,391,32766,776,32766,3.7689149379730225
2026-04-07T11:44:20.506,radio://0/80/2M,range,0,0,Reacquire Wall,3176,1,1,0,0.8199996948242188,100,1,26.5,25.19,92159,0,-1,0.24452583491802216,0.09413965046405792,-0.08080510050058365,0.0,0.0,537,408,32766,771,32766,3.7689149379730225
2026-04-07T11:44:20.753,radio://0/80/2M,mission,0,0,Reacquire Wall,3176,1,1,0,1.0699996948242188,100,1,26.75,25.19,92159,0,-1,0.2439909726381302,0.09413965046405792,-0.08080510050058365,0.0,0.0,537,408,32766,771,32766,3.7689149379730225
2026-04-07T11:44:20.754,radio://0/80/2M,flow,0,0,Reacquire Wall,3176,1,1,0,1.0699996948242188,100,1,26.75,25.19,92409,0,0,0.2439909726381302,0.1358359158039093,-0.10459411144256592,0.0,0.0,537,408,32766,771,32766,3.7689149379730225
2026-04-07T11:44:20.755,radio://0/80/2M,range,0,0,Reacquire Wall,3176,1,1,0,1.0699996948242188,100,1,26.75,25.19,92409,0,0,0.2439909726381302,0.1358359158039093,-0.10459411144256592,0.0,0.0,254,425,32766,769,32766,3.763636350631714
2026-04-07T11:44:21.002,radio://0/80/2M,mission,0,0,Reacquire Wall,3176,0,1,0,0.0,96,0,25.75,25.19,92409,0,0,0.24805305898189545,0.1358359158039093,-0.10459411144256592,0.0,0.0,254,425,32766,769,32766,3.763636350631714
2026-04-07T11:44:21.004,radio://0/80/2M,flow,0,0,Reacquire Wall,3176,0,1,0,0.0,96,0,25.75,25.19,92659,0,-2,0.24805305898189545,0.11744140088558197,-0.07678772509098053,0.0,0.0,254,425,32766,769,32766,3.763636350631714
2026-04-07T11:44:21.006,radio://0/80/2M,range,0,0,Reacquire Wall,3176,0,1,0,0.0,96,0,25.75,25.19,92659,0,-2,0.24805305898189545,0.11744140088558197,-0.07678772509098053,0.0,0.0,121,431,32766,762,32766,3.7689149379730225
2026-04-07T11:44:21.252,radio://0/80/2M,mission,0,0,Reacquire Wall,3176,0,1,0,0.0,0,0,23.75,25.19,92659,0,-2,0.26361408829689026,0.11744140088558197,-0.07678772509098053,0.0,0.0,121,431,32766,762,32766,3.7689149379730225
2026-04-07T11:44:21.254,radio://0/80/2M,flow,0,0,Reacquire Wall,3176,0,1,0,0.0,0,0,23.75,25.19,92909,-4,-7,0.26361408829689026,0.05833876505494118,0.03833556920289993,0.0,0.0,121,431,32766,762,32766,3.7689149379730225
2026-04-07T11:44:21.255,radio://0/80/2M,range,0,0,Reacquire Wall,3176,0,1,0,0.0,0,0,23.75,25.19,92909,-4,-7,0.26361408829689026,0.05833876505494118,0.03833556920289993,0.0,0.0,91,399,32766,32766,32766,3.763636350631714
2026-04-07T11:44:21.502,radio://0/80/2M,mission,0,0,Reacquire Wall,3176,0,1,0,0.0,100,0,28.5,25.19,92909,-4,-7,0.1097576767206192,0.05833876505494118,0.03833556920289993,0.0,0.0,91,399,32766,32766,32766,3.763636350631714
2026-04-07T11:44:21.505,radio://0/80/2M,flow,0,0,Reacquire Wall,3808,0,1,0,0.0,100,0,28.5,25.19,93159,0,0,0.1097576767206192,0.4126416742801666,0.04673388600349426,0.0,0.0,91,399,32766,32766,32766,3.763636350631714
2026-04-07T11:44:21.506,radio://0/80/2M,range,0,0,Reacquire Wall,3808,0,1,0,0.0,100,0,28.5,25.19,93159,0,0,0.1097576767206192,0.4126416742801666,0.04673388600349426,0.0,0.0,111,436,32766,408,32766,3.7689149379730225
2026-04-07T11:44:21.752,radio://0/80/2M,mission,0,0,Reacquire Wall,3808,1,1,0,0.1699981689453125,100,0,29.25,25.19,93159,0,0,0.11004459857940674,0.4126416742801666,0.04673388600349426,0.0,0.0,111,436,32766,408,32766,3.7689149379730225
2026-04-07T11:44:21.753,radio://0/80/2M,flow,0,0,Reacquire Wall,4046,1,1,0,0.1699981689453125,100,0,29.25,25.19,93409,1,10,0.11004459857940674,0.1337045282125473,-0.08671744912862778,0.0,0.0,111,436,32766,408,32766,3.7689149379730225
2026-04-07T11:44:21.755,radio://0/80/2M,range,0,0,Reacquire Wall,4046,1,1,0,0.1699981689453125,100,0,29.25,25.19,93409,1,10,0.11004459857940674,0.1337045282125473,-0.08671744912862778,0.0,0.0,2811,426,32766,422,32766,3.763636350631714
2026-04-07T11:44:22.003,radio://0/80/2M,mission,0,0,Reacquire Wall,4046,1,1,0,0.4199981689453125,100,0,28.0,25.19,93409,1,10,0.3378923535346985,0.1337045282125473,-0.08671744912862778,0.0,0.0,2811,426,32766,422,32766,3.763636350631714
2026-04-07T11:44:22.005,radio://0/80/2M,flow,0,0,Reacquire Wall,4046,1,1,0,0.4199981689453125,100,0,28.0,25.19,93659,1,4,0.3378923535346985,-0.3352683484554291,-0.234151229262352,0.0,0.0,2811,426,32766,422,32766,3.763636350631714
2026-04-07T11:44:22.006,radio://0/80/2M,range,0,0,Reacquire Wall,4046,1,1,0,0.4199981689453125,100,0,28.0,25.19,93659,1,4,0.3378923535346985,-0.3352683484554291,-0.234151229262352,0.0,0.0,281,436,32766,406,32766,3.7689149379730225
2026-04-07T11:44:22.251,radio://0/80/2M,mission,0,0,Reacquire Wall,4046,1,1,0,0.6699981689453125,100,1,27.75,25.19,93659,1,4,0.27294835448265076,-0.3352683484554291,-0.234151229262352,0.0,0.0,281,436,32766,406,32766,3.7689149379730225
2026-04-07T11:44:22.254,radio://0/80/2M,flow,0,0,Reacquire Wall,3335,1,1,0,0.6699981689453125,100,1,27.75,25.19,93909,4,-3,0.27294835448265076,0.0895291417837143,-0.06403778493404388,0.0,0.0,281,436,32766,406,32766,3.7689149379730225
2026-04-07T11:44:22.255,radio://0/80/2M,range,0,0,Reacquire Wall,3335,1,1,0,0.6699981689453125,100,1,27.75,25.19,93909,4,-3,0.27294835448265076,0.0895291417837143,-0.06403778493404388,0.0,0.0,558,406,32766,32766,32766,3.763636350631714
2026-04-07T11:44:22.501,radio://0/80/2M,mission,0,0,Reacquire Wall,3335,1,1,0,0.9199981689453125,100,1,27.5,25.19,93909,4,-3,0.25683340430259705,0.0895291417837143,-0.06403778493404388,0.0,0.0,558,406,32766,32766,32766,3.763636350631714
2026-04-07T11:44:22.504,radio://0/80/2M,flow,0,0,Reacquire Wall,3335,1,1,0,0.9199981689453125,100,1,27.5,25.19,94159,0,0,0.25683340430259705,0.15133336186408997,-0.053105540573596954,0.0,0.0,558,406,32766,32766,32766,3.763636350631714
2026-04-07T11:44:22.505,radio://0/80/2M,range,0,0,Reacquire Wall,3335,1,1,0,0.9199981689453125,100,1,27.5,25.19,94159,0,0,0.25683340430259705,0.15133336186408997,-0.053105540573596954,0.0,0.0,651,411,32766,32766,32766,3.7689149379730225
2026-04-07T11:44:22.751,radio://0/80/2M,mission,0,0,Reacquire Wall,3335,1,1,0,1.1699981689453125,100,0,28.0,25.19,94159,0,0,0.25687360763549805,0.15133336186408997,-0.053105540573596954,0.0,0.0,651,411,32766,32766,32766,3.7689149379730225
2026-04-07T11:44:22.754,radio://0/80/2M,flow,0,0,Reacquire Wall,3335,1,1,0,1.1699981689453125,100,0,28.0,25.19,94409,0,0,0.25687360763549805,0.2176918089389801,-0.045763809233903885,0.0,0.0,651,411,32766,32766,32766,3.7689149379730225
2026-04-07T11:44:22.755,radio://0/80/2M,range,0,0,Reacquire Wall,3335,1,1,0,1.1699981689453125,100,0,28.0,25.19,94409,0,0,0.25687360763549805,0.2176918089389801,-0.045763809233903885,0.0,0.0,636,422,32766,32766,32766,3.7689149379730225
2026-04-07T11:44:23.001,radio://0/80/2M,mission,0,0,Reacquire Wall,3335,1,1,0,1.4199981689453125,100,1,28.0,25.19,94409,0,0,0.25926855206489563,0.2176918089389801,-0.045763809233903885,0.0,0.0,636,422,32766,32766,32766,3.7689149379730225
2026-04-07T11:44:23.004,radio://0/80/2M,flow,0,0,Reacquire Wall,3335,1,1,0,1.4199981689453125,100,1,28.0,25.19,94659,0,0,0.25926855206489563,0.265954852104187,-0.0507504940032959,0.0,0.0,636,422,32766,32766,32766,3.7689149379730225
2026-04-07T11:44:23.005,radio://0/80/2M,range,0,0,Reacquire Wall,3335,1,1,0,1.4199981689453125,100,1,28.0,25.19,94659,0,0,0.25926855206489563,0.265954852104187,-0.0507504940032959,0.0,0.0,630,422,32766,32766,32766,3.7689149379730225
2026-04-07T11:44:23.252,radio://0/80/2M,mission,0,0,Reacquire Wall,3335,1,1,0,1.6699981689453125,100,0,27.5,25.25,94659,0,0,0.2607513964176178,0.265954852104187,-0.0507504940032959,0.0,0.0,630,422,32766,32766,32766,3.7689149379730225
2026-04-07T11:44:23.253,radio://0/80/2M,flow,0,0,Reacquire Wall,3335,1,1,0,1.6699981689453125,100,0,27.5,25.25,94909,0,0,0.2607513964176178,0.30692657828330994,-0.06203737109899521,0.0,0.0,630,422,32766,32766,32766,3.7689149379730225
2026-04-07T11:44:23.255,radio://0/80/2M,range,0,0,Reacquire Wall,3335,1,1,0,1.6699981689453125,100,0,27.5,25.25,94909,0,0,0.2607513964176178,0.30692657828330994,-0.06203737109899521,0.0,0.0,547,424,32766,400,32766,3.763636350631714
2026-04-07T11:44:23.501,radio://0/80/2M,mission,0,0,Reacquire Wall,3335,1,1,0,1.9199981689453125,100,1,27.5,25.25,94909,0,0,0.26171404123306274,0.30692657828330994,-0.06203737109899521,0.0,0.0,547,424,32766,400,32766,3.763636350631714
2026-04-07T11:44:23.504,radio://0/80/2M,flow,0,0,Reacquire Wall,3335,1,1,0,1.9199981689453125,100,1,27.5,25.25,95159,0,0,0.26171404123306274,0.33546650409698486,-0.09179573506116867,0.0,0.0,547,424,32766,400,32766,3.763636350631714
2026-04-07T11:44:23.505,radio://0/80/2M,range,0,0,Reacquire Wall,3335,1,1,0,1.9199981689453125,100,1,27.5,25.25,95159,0,0,0.26171404123306274,0.33546650409698486,-0.09179573506116867,0.0,0.0,32766,424,32766,398,32766,3.7689149379730225
2026-04-07T11:44:23.751,radio://0/80/2M,mission,0,0,Reacquire Wall,3335,1,1,0,2.1699981689453125,100,0,27.25,25.19,95159,0,0,0.2635341286659241,0.33546650409698486,-0.09179573506116867,0.0,0.0,32766,424,32766,398,32766,3.7689149379730225
2026-04-07T11:44:23.754,radio://0/80/2M,flow,0,0,Reacquire Wall,3335,1,1,0,2.1699981689453125,100,0,27.25,25.19,95409,-3,4,0.2635341286659241,0.297847181558609,-0.09766943007707596,0.0,0.0,32766,424,32766,398,32766,3.7689149379730225
2026-04-07T11:44:23.755,radio://0/80/2M,range,0,0,Reacquire Wall,3335,1,1,0,2.1699981689453125,100,0,27.25,25.19,95409,-3,4,0.2635341286659241,0.297847181558609,-0.09766943007707596,0.0,0.0,32766,427,32766,391,32766,3.763636350631714
2026-04-07T11:44:24.001,radio://0/80/2M,mission,0,0,Reacquire Wall,3335,1,1,0,2.4199981689453125,100,0,27.25,25.25,95409,-3,4,0.26780179142951965,0.297847181558609,-0.09766943007707596,0.0,0.0,32766,427,32766,391,32766,3.763636350631714
2026-04-07T11:44:24.004,radio://0/80/2M,flow,0,0,Reacquire Wall,3127,1,1,0,2.4199981689453125,100,0,27.25,25.25,95659,-1,-1,0.26780179142951965,0.21905940771102905,-0.04295571893453598,0.0,0.0,32766,427,32766,391,32766,3.763636350631714
2026-04-07T11:44:24.005,radio://0/80/2M,range,0,0,Reacquire Wall,3127,1,1,0,2.4199981689453125,100,0,27.25,25.25,95659,-1,-1,0.26780179142951965,0.21905940771102905,-0.04295571893453598,0.0,0.0,32766,437,32766,391,32766,3.7689149379730225
2026-04-07T11:44:24.251,radio://0/80/2M,mission,0,0,Reacquire Wall,3127,1,1,0,2.6699981689453125,100,0,27.0,25.19,95659,-1,-1,0.2776135504245758,0.21905940771102905,-0.04295571893453598,0.0,0.0,32766,437,32766,391,32766,3.7689149379730225
2026-04-07T11:44:24.253,radio://0/80/2M,flow,0,0,Reacquire Wall,3127,1,1,0,2.6699981689453125,100,0,27.0,25.19,95909,0,0,0.2776135504245758,0.24935537576675415,-0.06059228628873825,0.0,0.0,32766,437,32766,391,32766,3.7689149379730225
2026-04-07T11:44:24.254,radio://0/80/2M,range,0,0,Reacquire Wall,3127,1,1,0,2.6699981689453125,100,0,27.0,25.19,95909,0,0,0.2776135504245758,0.24935537576675415,-0.06059228628873825,0.0,0.0,32766,439,32766,386,32766,3.7689149379730225
2026-04-07T11:44:24.501,radio://0/80/2M,mission,0,0,Reacquire Wall,3127,1,1,0,2.9199981689453125,100,0,27.0,25.19,95909,0,0,0.2812053859233856,0.24935537576675415,-0.06059228628873825,0.0,0.0,32766,439,32766,386,32766,3.7689149379730225
2026-04-07T11:44:24.503,radio://0/80/2M,flow,0,0,Reacquire Wall,3127,1,1,0,2.9199981689453125,100,0,27.0,25.19,96159,0,0,0.2812053859233856,0.26321542263031006,-0.10339023172855377,0.0,0.0,32766,439,32766,386,32766,3.7689149379730225
2026-04-07T11:44:24.504,radio://0/80/2M,range,0,0,Reacquire Wall,3127,1,1,0,2.9199981689453125,100,0,27.0,25.19,96159,0,0,0.2812053859233856,0.26321542263031006,-0.10339023172855377,0.0,0.0,546,425,32766,389,32766,3.7689149379730225
2026-04-07T11:44:24.751,radio://0/80/2M,mission,0,0,Reacquire Wall,3127,1,1,1,3.1699981689453125,100,0,27.75,25.25,96159,0,0,0.2830057740211487,0.26321542263031006,-0.10339023172855377,0.0,0.0,546,425,32766,389,32766,3.7689149379730225
2026-04-07T11:44:24.754,radio://0/80/2M,flow,0,0,Reacquire Wall,3127,1,1,1,3.1699981689453125,100,0,27.75,25.25,96409,-1,-2,0.2830057740211487,0.2264828085899353,-0.15713167190551758,0.0,0.0,546,425,32766,389,32766,3.7689149379730225
2026-04-07T11:44:24.755,radio://0/80/2M,range,0,0,Reacquire Wall,3127,1,1,1,3.1699981689453125,100,0,27.75,25.25,96409,-1,-2,0.2830057740211487,0.2264828085899353,-0.15713167190551758,0.0,0.0,32766,411,32766,402,32766,3.763636350631714
2026-04-07T11:44:25.000,radio://0/80/2M,mission,0,0,Reacquire Wall,3127,1,1,1,3.4199981689453125,100,0,28.25,25.25,96409,-1,-2,0.28860482573509216,0.2264828085899353,-0.15713167190551758,0.0,0.0,32766,411,32766,402,32766,3.763636350631714
2026-04-07T11:44:25.003,radio://0/80/2M,flow,0,0,Reacquire Wall,3127,1,1,1,3.4199981689453125,100,0,28.25,25.25,96659,0,0,0.28860482573509216,0.3012579083442688,-0.1227017194032669,0.0,0.0,32766,411,32766,402,32766,3.763636350631714
2026-04-07T11:44:25.004,radio://0/80/2M,range,0,0,Reacquire Wall,3127,1,1,1,3.4199981689453125,100,0,28.25,25.25,96659,0,0,0.28860482573509216,0.3012579083442688,-0.1227017194032669,0.0,0.0,32766,427,32766,389,32766,3.7689149379730225
2026-04-07T11:44:25.250,radio://0/80/2M,mission,0,0,Reacquire Wall,3127,1,1,1,3.6699981689453125,100,0,28.25,25.25,96659,0,0,0.29248008131980896,0.3012579083442688,-0.1227017194032669,0.0,0.0,32766,427,32766,389,32766,3.7689149379730225
2026-04-07T11:44:25.253,radio://0/80/2M,flow,0,0,Reacquire Wall,3322,1,1,1,3.6699981689453125,100,0,28.25,25.25,96909,0,0,0.29248008131980896,0.35752785205841064,-0.1350429207086563,0.0,0.0,32766,427,32766,389,32766,3.7689149379730225
2026-04-07T11:44:25.255,radio://0/80/2M,range,0,0,Reacquire Wall,3322,1,1,1,3.6699981689453125,100,0,28.25,25.25,96909,0,0,0.29248008131980896,0.35752785205841064,-0.1350429207086563,0.0,0.0,32766,425,32766,393,32766,3.763636350631714
2026-04-07T11:44:25.501,radio://0/80/2M,mission,0,0,Reacquire Wall,3322,1,1,1,3.9199981689453125,100,0,28.5,25.25,96909,0,0,0.28466421365737915,0.35752785205841064,-0.1350429207086563,0.0,0.0,32766,425,32766,393,32766,3.763636350631714
2026-04-07T11:44:25.502,radio://0/80/2M,flow,0,0,Reacquire Wall,3322,1,1,1,3.9199981689453125,100,0,28.5,25.25,97159,0,0,0.28466421365737915,0.3577467203140259,-0.14676757156848907,0.0,0.0,32766,425,32766,393,32766,3.763636350631714
2026-04-07T11:44:25.503,radio://0/80/2M,range,0,0,Reacquire Wall,3322,1,1,1,3.9199981689453125,100,0,28.5,25.25,97159,0,0,0.28466421365737915,0.3577467203140259,-0.14676757156848907,0.0,0.0,32766,430,32766,395,32766,3.763636350631714
2026-04-07T11:44:25.750,radio://0/80/2M,mission,0,0,Reacquire Wall,3322,1,1,1,4.1699981689453125,100,0,27.5,25.25,97159,0,0,0.27237507700920105,0.3577467203140259,-0.14676757156848907,0.0,0.0,32766,430,32766,395,32766,3.763636350631714
2026-04-07T11:44:25.754,radio://0/80/2M,flow,0,0,Reacquire Wall,3322,1,1,1,4.1699981689453125,100,0,27.5,25.25,97409,0,0,0.27237507700920105,0.3900110125541687,-0.08180518448352814,0.0,0.0,32766,430,32766,395,32766,3.763636350631714
2026-04-07T11:44:25.755,radio://0/80/2M,range,0,0,Reacquire Wall,3322,1,1,1,4.1699981689453125,100,0,27.5,25.25,97409,0,0,0.27237507700920105,0.3900110125541687,-0.08180518448352814,0.0,0.0,32766,434,32766,393,32766,3.763636350631714
2026-04-07T11:44:26.000,radio://0/80/2M,mission,0,0,Reacquire Wall,3322,1,1,1,4.4199981689453125,100,0,28.25,25.25,97409,0,0,0.2926809787750244,0.3900110125541687,-0.08180518448352814,0.0,0.0,32766,434,32766,393,32766,3.763636350631714
2026-04-07T11:44:26.002,radio://0/80/2M,flow,0,0,Reacquire Wall,3749,1,1,1,4.4199981689453125,100,0,28.25,25.25,97659,-3,-11,0.2926809787750244,0.20155125856399536,-0.02249111235141754,0.0,0.0,32766,434,32766,393,32766,3.763636350631714
2026-04-07T11:44:26.003,radio://0/80/2M,range,0,0,Reacquire Wall,3749,1,1,1,4.4199981689453125,100,0,28.25,25.25,97659,-3,-11,0.2926809787750244,0.20155125856399536,-0.02249111235141754,0.0,0.0,32766,436,32766,386,32766,3.7583577632904053
2026-04-07T11:44:26.251,radio://0/80/2M,mission,0,0,Reacquire Wall,3749,1,1,1,4.6699981689453125,100,-1,27.75,25.25,97659,-3,-11,0.4368799328804016,0.20155125856399536,-0.02249111235141754,0.0,0.0,32766,436,32766,386,32766,3.7583577632904053
2026-04-07T11:44:26.252,radio://0/80/2M,flow,0,0,Reacquire Wall,8191,1,1,1,4.6699981689453125,100,-1,27.75,25.25,97909,-2,-14,0.4368799328804016,-0.06372570246458054,-0.152149498462677,0.0,0.0,32766,436,32766,386,32766,3.7583577632904053
2026-04-07T11:44:26.253,radio://0/80/2M,range,0,0,Reacquire Wall,8191,1,1,1,4.6699981689453125,100,-1,27.75,25.25,97909,-2,-14,0.4368799328804016,-0.06372570246458054,-0.152149498462677,0.0,0.0,2289,505,32766,312,32766,3.7689149379730225
2026-04-07T11:44:26.500,radio://0/80/2M,mission,0,0,Reacquire Wall,8191,1,1,1,4.9199981689453125,100,-1,26.0,25.25,97909,-2,-14,0.5084275603294373,-0.06372570246458054,-0.152149498462677,0.0,0.0,2289,505,32766,312,32766,3.7689149379730225
2026-04-07T11:44:26.503,radio://0/80/2M,flow,0,0,Reacquire Wall,8191,1,1,1,4.9199981689453125,100,-1,26.0,25.25,98159,1,0,0.5084275603294373,0.10889816284179688,-0.15089258551597595,0.0,0.0,2289,505,32766,312,32766,3.7689149379730225
2026-04-07T11:44:26.504,radio://0/80/2M,range,0,0,Reacquire Wall,8191,1,1,1,4.9199981689453125,100,-1,26.0,25.25,98159,1,0,0.5084275603294373,0.10889816284179688,-0.15089258551597595,0.0,0.0,2005,32766,32766,268,32766,3.7583577632904053
2026-04-07T11:44:26.750,radio://0/80/2M,mission,0,0,Reacquire Wall,8191,1,1,1,5.1699981689453125,95,-1,25.25,25.25,98159,1,0,0.5152649283409119,0.10889816284179688,-0.15089258551597595,0.0,0.0,2005,32766,32766,268,32766,3.7583577632904053
2026-04-07T11:44:26.753,radio://0/80/2M,flow,0,0,Reacquire Wall,8191,1,1,1,5.1699981689453125,95,-1,25.25,25.25,98409,0,0,0.5152649283409119,0.25751104950904846,-0.1510254591703415,0.0,0.0,2005,32766,32766,268,32766,3.7583577632904053
2026-04-07T11:44:26.755,radio://0/80/2M,range,0,0,Reacquire Wall,8191,1,1,1,5.1699981689453125,95,-1,25.25,25.25,98409,0,0,0.5152649283409119,0.25751104950904846,-0.1510254591703415,0.0,0.0,1997,571,32766,267,32766,3.763636350631714
2026-04-07T11:44:27.000,radio://0/80/2M,mission,0,0,Reacquire Wall,8191,0,1,0,0.0,100,0,26.75,25.25,98409,0,0,0.5277150273323059,0.25751104950904846,-0.1510254591703415,0.0,0.0,1997,571,32766,267,32766,3.763636350631714
2026-04-07T11:44:27.002,radio://0/80/2M,flow,0,0,Reacquire Wall,8191,0,1,0,0.0,100,0,26.75,25.25,98659,0,0,0.5277150273323059,0.48289138078689575,-0.1762111634016037,0.0,0.0,1997,571,32766,267,32766,3.763636350631714
2026-04-07T11:44:27.003,radio://0/80/2M,range,0,0,Reacquire Wall,8191,0,1,0,0.0,100,0,26.75,25.25,98659,0,0,0.5277150273323059,0.48289138078689575,-0.1762111634016037,0.0,0.0,2009,539,32766,266,32766,3.763636350631714
2026-04-07T11:44:27.250,radio://0/80/2M,mission,0,0,Reacquire Wall,8191,0,1,0,0.0,100,0,26.5,25.25,98659,0,0,0.21526558697223663,0.48289138078689575,-0.1762111634016037,0.0,0.0,2009,539,32766,266,32766,3.763636350631714
2026-04-07T11:44:27.253,radio://0/80/2M,flow,0,0,Reacquire Wall,8191,0,1,0,0.0,100,0,26.5,25.25,98909,0,0,0.21526558697223663,0.013185150921344757,0.22137451171875,0.0,0.0,2009,539,32766,266,32766,3.763636350631714
2026-04-07T11:44:27.255,radio://0/80/2M,range,0,0,Reacquire Wall,8191,0,1,0,0.0,100,0,26.5,25.25,98909,0,0,0.21526558697223663,0.013185150921344757,0.22137451171875,0.0,0.0,2007,522,32766,268,32766,3.763636350631714
2026-04-07T11:44:27.499,radio://0/80/2M,mission,0,0,Reacquire Wall,8191,0,1,0,0.0,100,0,26.5,25.25,98909,0,0,0.37407898902893066,0.013185150921344757,0.22137451171875,0.0,0.0,2007,522,32766,268,32766,3.763636350631714
2026-04-07T11:44:27.503,radio://0/80/2M,flow,0,0,Reacquire Wall,8191,0,1,0,0.0,100,0,26.5,25.25,99159,7,27,0.37407898902893066,0.06858701258897781,-0.12349040806293488,0.0,0.0,2007,522,32766,268,32766,3.763636350631714
2026-04-07T11:44:27.504,radio://0/80/2M,range,0,0,Reacquire Wall,8191,0,1,0,0.0,100,0,26.5,25.25,99159,7,27,0.37407898902893066,0.06858701258897781,-0.12349040806293488,0.0,0.0,2019,499,32766,272,32766,3.7583577632904053
2026-04-07T11:44:27.749,radio://0/80/2M,mission,0,0,Reacquire Wall,8191,0,1,0,0.0,100,0,27.5,25.25,99159,7,27,0.38960763812065125,0.06858701258897781,-0.12349040806293488,0.0,0.0,2019,499,32766,272,32766,3.7583577632904053
2026-04-07T11:44:27.752,radio://0/80/2M,flow,0,0,Reacquire Wall,3323,0,1,0,0.0,100,0,27.5,25.25,99409,-5,1,0.38960763812065125,0.45995813608169556,0.10051780194044113,0.0,0.0,2019,499,32766,272,32766,3.7583577632904053
2026-04-07T11:44:27.753,radio://0/80/2M,range,0,0,Reacquire Wall,3323,0,1,0,0.0,100,0,27.5,25.25,99409,-5,1,0.38960763812065125,0.45995813608169556,0.10051780194044113,0.0,0.0,32766,427,32766,392,32766,3.7689149379730225
2026-04-07T11:44:27.999,radio://0/80/2M,mission,0,0,Reacquire Wall,3323,1,1,0,0.220001220703125,100,0,26.25,25.25,99409,-5,1,0.23235666751861572,0.45995813608169556,0.10051780194044113,0.0,0.0,32766,427,32766,392,32766,3.7689149379730225
2026-04-07T11:44:28.001,radio://0/80/2M,flow,0,0,Reacquire Wall,3116,1,1,0,0.220001220703125,100,0,26.25,25.25,99659,-1,-1,0.23235666751861572,0.3744909465312958,-0.013450435362756252,0.0,0.0,32766,427,32766,392,32766,3.7689149379730225
2026-04-07T11:44:28.002,radio://0/80/2M,range,0,0,Reacquire Wall,3116,1,1,0,0.220001220703125,100,0,26.25,25.25,99659,-1,-1,0.23235666751861572,0.3744909465312958,-0.013450435362756252,0.0,0.0,32766,424,32766,411,32766,3.763636350631714
2026-04-07T11:44:28.249,radio://0/80/2M,mission,0,0,Reacquire Wall,3116,1,1,0,0.470001220703125,100,-1,25.75,25.25,99659,-1,-1,0.2480989247560501,0.3744909465312958,-0.013450435362756252,0.0,0.0,32766,424,32766,411,32766,3.763636350631714
2026-04-07T11:44:28.252,radio://0/80/2M,flow,0,0,Reacquire Wall,3116,1,1,0,0.470001220703125,100,-1,25.75,25.25,99909,0,0,0.2480989247560501,0.29426562786102295,-0.008190455846488476,0.0,0.0,32766,424,32766,411,32766,3.763636350631714
2026-04-07T11:44:28.253,radio://0/80/2M,range,0,0,Reacquire Wall,3116,1,1,0,0.470001220703125,100,-1,25.75,25.25,99909,0,0,0.2480989247560501,0.29426562786102295,-0.008190455846488476,0.0,0.0,477,428,32766,419,32766,3.7689149379730225
2026-04-07T11:44:28.499,radio://0/80/2M,mission,0,0,Reacquire Wall,3116,1,1,0,0.720001220703125,100,-1,26.25,25.25,99909,0,0,0.2598992884159088,0.29426562786102295,-0.008190455846488476,0.0,0.0,477,428,32766,419,32766,3.7689149379730225
2026-04-07T11:44:28.502,radio://0/80/2M,flow,0,0,Reacquire Wall,3116,1,1,0,0.720001220703125,100,-1,26.25,25.25,100159,0,0,0.2598992884159088,0.30903199315071106,-0.03433991223573685,0.0,0.0,477,428,32766,419,32766,3.7689149379730225
2026-04-07T11:44:28.503,radio://0/80/2M,range,0,0,Reacquire Wall,3116,1,1,0,0.720001220703125,100,-1,26.25,25.25,100159,0,0,0.2598992884159088,0.30903199315071106,-0.03433991223573685,0.0,0.0,491,430,32766,423,32766,3.7689149379730225
2026-04-07T11:44:28.749,radio://0/80/2M,mission,0,0,Reacquire Wall,3116,1,1,0,0.970001220703125,100,-1,27.25,25.25,100159,0,0,0.6259488463401794,0.30903199315071106,-0.03433991223573685,0.0,0.0,491,430,32766,423,32766,3.7689149379730225
2026-04-07T11:44:28.752,radio://0/80/2M,flow,0,0,Reacquire Wall,6439,1,1,0,0.970001220703125,100,-1,27.25,25.25,100409,0,-14,0.6259488463401794,-0.3464425802230835,-0.12015283852815628,0.0,0.0,491,430,32766,423,32766,3.7689149379730225
2026-04-07T11:44:28.753,radio://0/80/2M,range,0,0,Reacquire Wall,6439,1,1,0,0.970001220703125,100,-1,27.25,25.25,100409,0,-14,0.6259488463401794,-0.3464425802230835,-0.12015283852815628,0.0,0.0,32766,475,32766,32766,32766,3.7689149379730225
2026-04-07T11:44:28.999,radio://0/80/2M,mission,0,0,Reacquire Wall,6439,1,1,0,1.220001220703125,100,-1,26.25,25.25,100409,0,-14,0.47839003801345825,-0.3464425802230835,-0.12015283852815628,0.0,0.0,32766,475,32766,32766,32766,3.7689149379730225
2026-04-07T11:44:29.002,radio://0/80/2M,flow,0,0,Reacquire Wall,7268,1,1,0,1.220001220703125,100,-1,26.25,25.25,100659,1,-6,0.47839003801345825,0.2898958623409271,-0.06451434642076492,0.0,0.0,32766,475,32766,32766,32766,3.7689149379730225
2026-04-07T11:44:29.003,radio://0/80/2M,range,0,0,Reacquire Wall,7268,1,1,0,1.220001220703125,100,-1,26.25,25.25,100659,1,-6,0.47839003801345825,0.2898958623409271,-0.06451434642076492,0.0,0.0,2046,32766,32766,279,32766,3.7583577632904053
2026-04-07T11:44:29.249,radio://0/80/2M,mission,0,0,Reacquire Wall,7268,1,1,0,1.470001220703125,100,-1,25.75,25.25,100659,1,-6,0.49137893319129944,0.2898958623409271,-0.06451434642076492,0.0,0.0,2046,32766,32766,279,32766,3.7583577632904053
2026-04-07T11:44:29.251,radio://0/80/2M,flow,0,0,Reacquire Wall,7268,1,1,0,1.470001220703125,100,-1,25.75,25.25,100909,0,0,0.49137893319129944,0.5054916143417358,-0.10340260714292526,0.0,0.0,2046,32766,32766,279,32766,3.7583577632904053
2026-04-07T11:44:29.252,radio://0/80/2M,range,0,0,Reacquire Wall,7268,1,1,0,1.470001220703125,100,-1,25.75,25.25,100909,0,0,0.49137893319129944,0.5054916143417358,-0.10340260714292526,0.0,0.0,2025,587,3225,273,32766,3.7689149379730225
2026-04-07T11:44:29.499,radio://0/80/2M,mission,0,0,Reacquire Wall,7268,0,1,0,0.0,100,0,25.5,25.25,100909,0,0,0.5053603053092957,0.5054916143417358,-0.10340260714292526,0.0,0.0,2025,587,3225,273,32766,3.7689149379730225
2026-04-07T11:44:29.501,radio://0/80/2M,flow,0,0,Reacquire Wall,7268,0,1,0,0.0,100,0,25.5,25.25,101159,1,-3,0.5053603053092957,0.7548232674598694,-0.18166452646255493,0.0,0.0,2025,587,3225,273,32766,3.7689149379730225
2026-04-07T11:44:29.502,radio://0/80/2M,range,0,0,Reacquire Wall,7268,0,1,0,0.0,100,0,25.5,25.25,101159,1,-3,0.5053603053092957,0.7548232674598694,-0.18166452646255493,0.0,0.0,2032,32766,32766,274,32766,3.7689149379730225
2026-04-07T11:44:29.749,radio://0/80/2M,mission,0,0,Reacquire Wall,7268,0,1,0,0.0,100,0,25.25,25.31,101159,1,-3,0.516314685344696,0.7548232674598694,-0.18166452646255493,0.0,0.0,2032,32766,32766,274,32766,3.7689149379730225
2026-04-07T11:44:29.752,radio://0/80/2M,flow,0,0,Reacquire Wall,7268,0,1,0,0.0,100,0,25.25,25.31,101409,0,0,0.516314685344696,1.1305643320083618,-0.21105507016181946,0.0,0.0,2032,32766,32766,274,32766,3.7689149379730225
2026-04-07T11:44:29.753,radio://0/80/2M,range,0,0,Reacquire Wall,7268,0,1,0,0.0,100,0,25.25,25.31,101409,0,0,0.516314685344696,1.1305643320083618,-0.21105507016181946,0.0,0.0,2023,528,32766,273,32766,3.7689149379730225
2026-04-07T11:44:29.999,radio://0/80/2M,mission,0,0,Reacquire Wall,7268,0,1,0,0.0,100,0,25.75,25.25,101409,0,0,0.2514668107032776,1.1305643320083618,-0.21105507016181946,0.0,0.0,2023,528,32766,273,32766,3.7689149379730225
2026-04-07T11:44:30.001,radio://0/80/2M,flow,0,0,Reacquire Wall,8191,0,1,0,0.0,100,0,25.75,25.25,101659,1,15,0.2514668107032776,1.0040453672409058,-0.23323066532611847,0.0,0.0,2023,528,32766,273,32766,3.7689149379730225
2026-04-07T11:44:30.002,radio://0/80/2M,range,0,0,Reacquire Wall,8191,0,1,0,0.0,100,0,25.75,25.25,101659,1,15,0.2514668107032776,1.0040453672409058,-0.23323066532611847,0.0,0.0,2022,500,32766,274,32766,3.7689149379730225
2026-04-07T11:44:30.248,radio://0/80/2M,mission,0,0,Reacquire Wall,8191,0,1,0,0.0,100,0,26.75,25.25,101659,1,15,0.6751373410224915,1.0040453672409058,-0.23323066532611847,0.0,0.0,2022,500,32766,274,32766,3.7689149379730225
2026-04-07T11:44:30.251,radio://0/80/2M,flow,0,0,Reacquire Wall,4586,0,1,0,0.0,100,0,26.75,25.25,101909,0,3,0.6751373410224915,0.5197639465332031,-0.30680280923843384,0.0,0.0,2022,500,32766,274,32766,3.7689149379730225
2026-04-07T11:44:30.252,radio://0/80/2M,range,0,0,Reacquire Wall,4586,0,1,0,0.0,100,0,26.75,25.25,101909,0,3,0.6751373410224915,0.5197639465332031,-0.30680280923843384,0.0,0.0,32766,442,32766,384,32766,3.7689149379730225
2026-04-07T11:44:30.498,radio://0/80/2M,mission,0,0,Reacquire Wall,4586,1,1,0,0.220001220703125,100,-1,27.25,25.25,101909,0,3,0.2865643799304962,0.5197639465332031,-0.30680280923843384,0.0,0.0,32766,442,32766,384,32766,3.7689149379730225
2026-04-07T11:44:30.501,radio://0/80/2M,flow,0,0,Reacquire Wall,3780,1,1,0,0.220001220703125,100,-1,27.25,25.25,102159,-1,0,0.2865643799304962,-0.14732375741004944,-0.05643656104803085,0.0,0.0,32766,442,32766,384,32766,3.7689149379730225
2026-04-07T11:44:30.502,radio://0/80/2M,range,0,0,Reacquire Wall,3780,1,1,0,0.220001220703125,100,-1,27.25,25.25,102159,-1,0,0.2865643799304962,-0.14732375741004944,-0.05643656104803085,0.0,0.0,32766,436,32766,463,32766,3.763636350631714
2026-04-07T11:44:30.748,radio://0/80/2M,mission,0,0,Reacquire Wall,3780,1,1,0,0.470001220703125,100,-1,27.5,25.25,102159,-1,0,0.3597061038017273,-0.14732375741004944,-0.05643656104803085,0.0,0.0,32766,436,32766,463,32766,3.763636350631714
2026-04-07T11:44:30.751,radio://0/80/2M,flow,0,0,Reacquire Wall,3780,1,1,0,0.470001220703125,100,-1,27.5,25.25,102409,0,0,0.3597061038017273,-0.22677887976169586,-0.09843738377094269,0.0,0.0,32766,436,32766,463,32766,3.763636350631714
2026-04-07T11:44:30.752,radio://0/80/2M,range,0,0,Reacquire Wall,3780,1,1,0,0.470001220703125,100,-1,27.5,25.25,102409,0,0,0.3597061038017273,-0.22677887976169586,-0.09843738377094269,0.0,0.0,32766,441,32766,510,32766,3.7689149379730225
2026-04-07T11:44:30.998,radio://0/80/2M,mission,0,0,Reacquire Wall,3780,1,1,0,0.720001220703125,100,-1,27.25,25.31,102409,0,0,0.5969343185424805,-0.22677887976169586,-0.09843738377094269,0.0,0.0,32766,441,32766,510,32766,3.7689149379730225
2026-04-07T11:44:31.001,radio://0/80/2M,flow,0,0,Reacquire Wall,3780,1,1,0,0.720001220703125,100,-1,27.25,25.31,102659,0,0,0.5969343185424805,-0.32103249430656433,-0.24816341698169708,0.0,0.0,32766,441,32766,510,32766,3.7689149379730225
2026-04-07T11:44:31.002,radio://0/80/2M,range,0,0,Reacquire Wall,3780,1,1,0,0.720001220703125,100,-1,27.25,25.31,102659,0,0,0.5969343185424805,-0.32103249430656433,-0.24816341698169708,0.0,0.0,32766,441,32766,497,32766,3.763636350631714
2026-04-07T11:44:31.248,radio://0/80/2M,mission,0,0,Reacquire Wall,3780,1,1,0,0.970001220703125,100,-1,27.25,25.25,102659,0,0,0.8459017276763916,-0.32103249430656433,-0.24816341698169708,0.0,0.0,32766,441,32766,497,32766,3.763636350631714
2026-04-07T11:44:31.250,radio://0/80/2M,flow,0,0,Reacquire Wall,3780,1,1,0,0.970001220703125,100,-1,27.25,25.25,102909,0,-1,0.8459017276763916,-0.5249227285385132,-0.2931682765483856,0.0,0.0,32766,441,32766,497,32766,3.763636350631714
2026-04-07T11:44:31.251,radio://0/80/2M,range,0,0,Reacquire Wall,3780,1,1,0,0.970001220703125,100,-1,27.25,25.25,102909,0,-1,0.8459017276763916,-0.5249227285385132,-0.2931682765483856,0.0,0.0,32766,439,32766,498,32766,3.7689149379730225
2026-04-07T11:44:31.498,radio://0/80/2M,mission,0,0,Reacquire Wall,3780,1,1,0,1.220001220703125,100,-1,26.75,25.25,102909,0,-1,0.6704459190368652,-0.5249227285385132,-0.2931682765483856,0.0,0.0,32766,439,32766,498,32766,3.7689149379730225
2026-04-07T11:44:31.500,radio://0/80/2M,flow,0,0,Reacquire Wall,3780,1,1,0,1.220001220703125,100,-1,26.75,25.25,103159,5,-13,0.6704459190368652,0.2436007261276245,-0.33520564436912537,0.0,0.0,32766,439,32766,498,32766,3.7689149379730225
2026-04-07T11:44:31.502,radio://0/80/2M,range,0,0,Reacquire Wall,3780,1,1,0,1.220001220703125,100,-1,26.75,25.25,103159,5,-13,0.6704459190368652,0.2436007261276245,-0.33520564436912537,0.0,0.0,32766,463,3111,430,32766,3.7689149379730225
2026-04-07T11:44:31.748,radio://0/80/2M,mission,0,0,Reacquire Wall,3780,1,1,0,1.470001220703125,100,-1,27.5,25.25,103159,5,-13,-0.029691867530345917,0.2436007261276245,-0.33520564436912537,0.0,0.0,32766,463,3111,430,32766,3.7689149379730225
2026-04-07T11:44:31.751,radio://0/80/2M,flow,0,0,Reacquire Wall,6518,1,1,0,1.470001220703125,100,-1,27.5,25.25,103409,1,0,-0.029691867530345917,-0.014140556566417217,-0.48156607151031494,0.0,0.0,32766,463,3111,430,32766,3.7689149379730225
2026-04-07T11:44:31.752,radio://0/80/2M,range,0,0,Reacquire Wall,6518,1,1,0,1.470001220703125,100,-1,27.5,25.25,103409,1,0,-0.029691867530345917,-0.014140556566417217,-0.48156607151031494,0.0,0.0,2048,32766,3078,276,32766,3.7689149379730225
2026-04-07T11:44:31.998,radio://0/80/2M,mission,0,0,Reacquire Wall,6518,1,1,0,1.720001220703125,100,-1,26.25,25.25,103409,1,0,-0.5782782435417175,-0.014140556566417217,-0.48156607151031494,0.0,0.0,2048,32766,3078,276,32766,3.7689149379730225
2026-04-07T11:44:31.999,radio://0/80/2M,flow,0,0,Reacquire Wall,6925,1,1,0,1.720001220703125,100,-1,26.25,25.25,103659,0,-1,-0.5782782435417175,-0.04791455343365669,-0.6427287459373474,0.0,0.0,2048,32766,3078,276,32766,3.7689149379730225
2026-04-07T11:44:32.000,radio://0/80/2M,range,0,0,Reacquire Wall,6925,1,1,0,1.720001220703125,100,-1,26.25,25.25,103659,0,-1,-0.5782782435417175,-0.04791455343365669,-0.6427287459373474,0.0,0.0,2035,32766,32766,282,32766,3.763636350631714
2026-04-07T11:44:32.248,radio://0/80/2M,mission,0,0,Reacquire Wall,6925,0,1,0,0.0,100,0,26.0,25.25,103659,0,-1,-1.1045235395431519,-0.04791455343365669,-0.6427287459373474,0.0,0.0,2035,32766,32766,282,32766,3.763636350631714
2026-04-07T11:44:32.249,radio://0/80/2M,flow,0,0,Reacquire Wall,6925,0,1,0,0.0,100,0,26.0,25.25,103909,1,0,-1.1045235395431519,0.0091446777805686,-0.7610266208648682,0.0,0.0,2035,32766,32766,282,32766,3.763636350631714
2026-04-07T11:44:32.250,radio://0/80/2M,range,0,0,Reacquire Wall,6925,0,1,0,0.0,100,0,26.0,25.25,103909,1,0,-1.1045235395431519,0.0091446777805686,-0.7610266208648682,0.0,0.0,2038,752,32766,284,32766,3.7689149379730225
2026-04-07T11:44:32.498,radio://0/80/2M,mission,0,0,Reacquire Wall,6925,0,1,0,0.0,100,0,25.5,25.25,103909,1,0,-1.553760290145874,0.0091446777805686,-0.7610266208648682,0.0,0.0,2038,752,32766,284,32766,3.7689149379730225
2026-04-07T11:44:32.499,radio://0/80/2M,flow,0,0,Reacquire Wall,6925,0,1,0,0.0,100,0,25.5,25.25,104159,0,0,-1.553760290145874,0.17352373898029327,-0.8006564974784851,0.0,0.0,2038,752,32766,284,32766,3.7689149379730225
2026-04-07T11:44:32.500,radio://0/80/2M,range,0,0,Reacquire Wall,6925,0,1,0,0.0,100,0,25.5,25.25,104159,0,0,-1.553760290145874,0.17352373898029327,-0.8006564974784851,0.0,0.0,2038,719,32766,286,32766,3.763636350631714
2026-04-07T11:44:32.747,radio://0/80/2M,mission,0,0,Reacquire Wall,6925,0,1,0,0.0,100,0,25.5,25.25,104159,0,0,0.2637229859828949,0.17352373898029327,-0.8006564974784851,0.0,0.0,2038,719,32766,286,32766,3.763636350631714
2026-04-07T11:44:32.750,radio://0/80/2M,flow,0,0,Reacquire Wall,7357,0,1,0,0.0,100,0,25.5,25.25,104409,0,2,0.2637229859828949,2.073817253112793,-1.7491270303726196,0.0,0.0,2038,719,32766,286,32766,3.763636350631714
2026-04-07T11:44:32.751,radio://0/80/2M,range,0,0,Reacquire Wall,7357,0,1,0,0.0,100,0,25.5,25.25,104409,0,2,0.2637229859828949,2.073817253112793,-1.7491270303726196,0.0,0.0,2032,718,32766,287,32766,3.7689149379730225
2026-04-07T11:44:32.997,radio://0/80/2M,mission,0,0,Reacquire Wall,7357,0,1,0,0.0,100,0,26.25,25.31,104409,0,2,0.32614877820014954,2.073817253112793,-1.7491270303726196,0.0,0.0,2032,718,32766,287,32766,3.7689149379730225
2026-04-07T11:44:33.000,radio://0/80/2M,flow,0,0,Reacquire Wall,7357,0,1,0,0.0,100,0,26.25,25.31,104659,0,0,0.32614877820014954,2.8241701126098633,-1.1775249242782593,0.0,0.0,2032,718,32766,287,32766,3.7689149379730225
2026-04-07T11:44:33.001,radio://0/80/2M,range,0,0,Reacquire Wall,7357,0,1,0,0.0,100,0,26.25,25.31,104659,0,0,0.32614877820014954,2.8241701126098633,-1.1775249242782593,0.0,0.0,2036,691,32766,287,32766,3.7689149379730225
2026-04-07T11:44:33.248,radio://0/80/2M,mission,0,0,Reacquire Wall,7357,0,1,0,0.0,100,0,25.5,25.25,104659,0,0,0.35798361897468567,2.8241701126098633,-1.1775249242782593,0.0,0.0,2036,691,32766,287,32766,3.7689149379730225
2026-04-07T11:44:33.249,radio://0/80/2M,flow,0,0,Reacquire Wall,7357,0,1,0,0.0,100,0,25.5,25.25,104909,0,0,0.35798361897468567,3.300330400466919,-0.743736207485199,0.0,0.0,2036,691,32766,287,32766,3.7689149379730225
2026-04-07T11:44:33.251,radio://0/80/2M,range,0,0,Reacquire Wall,7357,0,1,0,0.0,100,0,25.5,25.25,104909,0,0,0.35798361897468567,3.300330400466919,-0.743736207485199,0.0,0.0,2037,668,32766,285,32766,3.7689149379730225
2026-04-07T11:44:33.497,radio://0/80/2M,mission,0,0,Reacquire Wall,7357,0,1,0,0.0,100,0,26.0,25.25,104909,0,0,0.37165218591690063,3.300330400466919,-0.743736207485199,0.0,0.0,2037,668,32766,285,32766,3.7689149379730225
2026-04-07T11:44:33.499,radio://0/80/2M,flow,0,0,Reacquire Wall,7357,0,1,0,0.0,100,0,26.0,25.25,105159,0,0,0.37165218591690063,3.816662549972534,-0.6040442585945129,0.0,0.0,2037,668,32766,285,32766,3.7689149379730225
2026-04-07T11:44:33.500,radio://0/80/2M,range,0,0,Reacquire Wall,7357,0,1,0,0.0,100,0,26.0,25.25,105159,0,0,0.37165218591690063,3.816662549972534,-0.6040442585945129,0.0,0.0,2040,654,32766,285,32766,3.763636350631714
2026-04-07T11:44:33.747,radio://0/80/2M,mission,0,0,Reacquire Wall,7357,0,1,0,0.0,100,0,25.75,25.31,105159,0,0,0.36939841508865356,3.816662549972534,-0.6040442585945129,0.0,0.0,2040,654,32766,285,32766,3.763636350631714
2026-04-07T11:44:33.750,radio://0/80/2M,flow,0,0,Reacquire Wall,7357,0,1,0,0.0,100,0,25.75,25.31,105409,0,0,0.36939841508865356,4.292308330535889,-0.4051887094974518,0.0,0.0,2040,654,32766,285,32766,3.763636350631714
2026-04-07T11:44:33.751,radio://0/80/2M,range,0,0,Reacquire Wall,7357,0,1,0,0.0,100,0,25.75,25.31,105409,0,0,0.36939841508865356,4.292308330535889,-0.4051887094974518,0.0,0.0,2043,644,3250,289,32766,3.7689149379730225
2026-04-07T11:44:33.997,radio://0/80/2M,mission,0,0,Reacquire Wall,7357,0,1,0,0.0,100,0,25.0,25.25,105409,0,0,0.36623871326446533,4.292308330535889,-0.4051887094974518,0.0,0.0,2043,644,3250,289,32766,3.7689149379730225
2026-04-07T11:44:34.000,radio://0/80/2M,flow,0,0,Reacquire Wall,7357,0,1,0,0.0,100,0,25.0,25.25,105659,0,0,0.36623871326446533,4.788464069366455,-0.372030645608902,0.0,0.0,2043,644,3250,289,32766,3.7689149379730225
2026-04-07T11:44:34.001,radio://0/80/2M,range,0,0,Reacquire Wall,7357,0,1,0,0.0,100,0,25.0,25.25,105659,0,0,0.36623871326446533,4.788464069366455,-0.372030645608902,0.0,0.0,2040,648,32766,288,32766,3.7689149379730225
2026-04-07T11:44:34.247,radio://0/80/2M,mission,0,0,Reacquire Wall,7357,0,1,0,0.0,100,0,25.25,25.25,105659,0,0,0.3669833242893219,4.788464069366455,-0.372030645608902,0.0,0.0,2040,648,32766,288,32766,3.7689149379730225
2026-04-07T11:44:34.249,radio://0/80/2M,flow,0,0,Reacquire Wall,7357,0,1,0,0.0,100,0,25.25,25.25,105909,0,0,0.3669833242893219,5.2053542137146,-0.11608078330755234,0.0,0.0,2040,648,32766,288,32766,3.7689149379730225
2026-04-07T11:44:34.251,radio://0/80/2M,range,0,0,Reacquire Wall,7357,0,1,0,0.0,100,0,25.25,25.25,105909,0,0,0.3669833242893219,5.2053542137146,-0.11608078330755234,0.0,0.0,2039,630,32766,288,32766,3.7689149379730225
2026-04-07T11:44:34.497,radio://0/80/2M,mission,0,0,Reacquire Wall,7357,0,1,0,0.0,100,0,25.75,25.25,105909,0,0,0.3742360770702362,5.2053542137146,-0.11608078330755234,0.0,0.0,2039,630,32766,288,32766,3.7689149379730225
2026-04-07T11:44:34.501,radio://0/80/2M,flow,0,0,Reacquire Wall,7357,0,1,0,0.0,100,0,25.75,25.25,106159,2,4,0.3742360770702362,5.269819259643555,0.42671751976013184,0.0,0.0,2039,630,32766,288,32766,3.7689149379730225
2026-04-07T11:44:34.502,radio://0/80/2M,range,0,0,Reacquire Wall,7357,0,1,0,0.0,100,0,25.75,25.25,106159,2,4,0.3742360770702362,5.269819259643555,0.42671751976013184,0.0,0.0,2046,606,32766,289,32766,3.7689149379730225
2026-04-07T11:44:34.747,radio://0/80/2M,mission,0,0,Reacquire Wall,7357,0,1,0,0.0,100,0,25.75,25.31,106159,2,4,0.4359925091266632,5.269819259643555,0.42671751976013184,0.0,0.0,2046,606,32766,289,32766,3.7689149379730225
2026-04-07T11:44:34.748,radio://0/80/2M,flow,0,0,Reacquire Wall,7357,0,1,0,0.0,100,0,25.75,25.31,106409,5,12,0.4359925091266632,5.064351558685303,0.3365931510925293,0.0,0.0,2046,606,32766,289,32766,3.7689149379730225
2026-04-07T11:44:34.750,radio://0/80/2M,range,0,0,Reacquire Wall,7357,0,1,0,0.0,100,0,25.75,25.31,106409,5,12,0.4359925091266632,5.064351558685303,0.3365931510925293,0.0,0.0,2118,484,32766,312,32766,3.7689149379730225
2026-04-07T11:44:34.997,radio://0/80/2M,mission,0,0,Reacquire Wall,7357,1,1,0,0.01999664306640625,100,-1,28.0,25.25,106409,5,12,0.4936620891094208,5.064351558685303,0.3365931510925293,0.0,0.0,2118,484,32766,312,32766,3.7689149379730225
2026-04-07T11:44:34.998,radio://0/80/2M,flow,0,0,Reacquire Wall,3621,1,1,0,0.01999664306640625,100,-1,28.0,25.25,106659,5,12,0.4936620891094208,3.090197801589966,0.054313480854034424,0.0,0.0,2118,484,32766,312,32766,3.7689149379730225
2026-04-07T11:44:34.999,radio://0/80/2M,range,0,0,Reacquire Wall,3621,1,1,0,0.01999664306640625,100,-1,28.0,25.25,106659,5,12,0.4936620891094208,3.090197801589966,0.054313480854034424,0.0,0.0,32766,433,32766,389,32766,3.763636350631714
2026-04-07T11:44:35.246,radio://0/80/2M,mission,0,0,Reacquire Wall,3621,1,1,0,0.26999664306640625,100,0,26.5,25.25,106659,5,12,0.250802218914032,3.090197801589966,0.054313480854034424,0.0,0.0,32766,433,32766,389,32766,3.763636350631714
2026-04-07T11:44:35.248,radio://0/80/2M,flow,0,0,Reacquire Wall,3183,1,1,0,0.26999664306640625,100,0,26.5,25.25,106909,-2,-1,0.250802218914032,1.1854914426803589,-0.3578067719936371,0.0,0.0,32766,433,32766,389,32766,3.763636350631714
2026-04-07T11:44:35.249,radio://0/80/2M,range,0,0,Reacquire Wall,3183,1,1,0,0.26999664306640625,100,0,26.5,25.25,106909,-2,-1,0.250802218914032,1.1854914426803589,-0.3578067719936371,0.0,0.0,32766,414,32766,417,32766,3.7583577632904053
2026-04-07T11:44:35.497,radio://0/80/2M,mission,0,0,Reacquire Wall,3183,1,1,0,0.5199966430664062,100,-1,26.5,25.31,106909,-2,-1,0.2764754295349121,1.1854914426803589,-0.3578067719936371,0.0,0.0,32766,414,32766,417,32766,3.7583577632904053
2026-04-07T11:44:35.498,radio://0/80/2M,flow,0,0,Reacquire Wall,3183,1,1,0,0.5199966430664062,100,-1,26.5,25.31,107159,0,-1,0.2764754295349121,0.9469099044799805,-0.21841961145401,0.0,0.0,32766,414,32766,417,32766,3.7583577632904053
2026-04-07T11:44:35.500,radio://0/80/2M,range,0,0,Reacquire Wall,3183,1,1,0,0.5199966430664062,100,-1,26.5,25.31,107159,0,-1,0.2764754295349121,0.9469099044799805,-0.21841961145401,0.0,0.0,32766,415,32766,408,32766,3.7583577632904053
2026-04-07T11:44:35.746,radio://0/80/2M,mission,0,0,Reacquire Wall,3183,1,1,0,0.7699966430664062,100,-1,26.5,25.25,107159,0,-1,0.29146015644073486,0.9469099044799805,-0.21841961145401,0.0,0.0,32766,415,32766,408,32766,3.7583577632904053
2026-04-07T11:44:35.749,radio://0/80/2M,flow,0,0,Reacquire Wall,3183,1,1,0,0.7699966430664062,100,-1,26.5,25.25,107409,2,1,0.29146015644073486,0.8932039141654968,-0.28217464685440063,0.0,0.0,32766,415,32766,408,32766,3.7583577632904053
2026-04-07T11:44:35.750,radio://0/80/2M,range,0,0,Reacquire Wall,3183,1,1,0,0.7699966430664062,100,-1,26.5,25.25,107409,2,1,0.29146015644073486,0.8932039141654968,-0.28217464685440063,0.0,0.0,32766,410,32766,405,32766,3.7583577632904053
2026-04-07T11:44:35.996,radio://0/80/2M,mission,0,0,Reacquire Wall,3183,1,1,0,1.0199966430664062,100,-1,26.5,25.31,107409,2,1,0.294452041387558,0.8932039141654968,-0.28217464685440063,0.0,0.0,32766,410,32766,405,32766,3.7583577632904053
2026-04-07T11:44:35.999,radio://0/80/2M,flow,0,0,Reacquire Wall,3183,1,1,0,1.0199966430664062,100,-1,26.5,25.31,107659,-1,-2,0.294452041387558,0.7545555830001831,-0.25566381216049194,0.0,0.0,32766,410,32766,405,32766,3.7583577632904053
2026-04-07T11:44:36.000,radio://0/80/2M,range,0,0,Reacquire Wall,3183,1,1,0,1.0199966430664062,100,-1,26.5,25.31,107659,-1,-2,0.294452041387558,0.7545555830001831,-0.25566381216049194,0.0,0.0,577,416,32766,397,32766,3.763636350631714
2026-04-07T11:44:36.246,radio://0/80/2M,mission,0,0,Reacquire Wall,3183,1,1,0,1.2699966430664062,100,-1,26.75,25.25,107659,-1,-2,0.32039400935173035,0.7545555830001831,-0.25566381216049194,0.0,0.0,577,416,32766,397,32766,3.763636350631714
2026-04-07T11:44:36.249,radio://0/80/2M,flow,0,0,Reacquire Wall,3592,1,1,0,1.2699966430664062,100,-1,26.75,25.25,107909,-2,-15,0.32039400935173035,0.4145377576351166,-0.2941109240055084,0.0,0.0,577,416,32766,397,32766,3.763636350631714
2026-04-07T11:44:36.250,radio://0/80/2M,range,0,0,Reacquire Wall,3592,1,1,0,1.2699966430664062,100,-1,26.75,25.25,107909,-2,-15,0.32039400935173035,0.4145377576351166,-0.2941109240055084,0.0,0.0,2470,422,32766,430,32766,3.7583577632904053
2026-04-07T11:44:36.496,radio://0/80/2M,mission,0,0,Reacquire Wall,3592,1,1,0,1.5199966430664062,100,-1,26.75,25.31,107909,-2,-15,0.28220874071121216,0.4145377576351166,-0.2941109240055084,0.0,0.0,2470,422,32766,430,32766,3.7583577632904053
2026-04-07T11:44:36.497,radio://0/80/2M,flow,0,0,Reacquire Wall,5829,1,1,0,1.5199966430664062,100,-1,26.75,25.31,108159,0,0,0.28220874071121216,1.3213521242141724,-0.4129802882671356,0.0,0.0,2470,422,32766,430,32766,3.7583577632904053
2026-04-07T11:44:36.498,radio://0/80/2M,range,0,0,Reacquire Wall,5829,1,1,0,1.5199966430664062,100,-1,26.75,25.31,108159,0,0,0.28220874071121216,1.3213521242141724,-0.4129802882671356,0.0,0.0,32766,448,32766,344,32766,3.7583577632904053
2026-04-07T11:44:36.746,radio://0/80/2M,mission,0,0,Reacquire Wall,5829,1,1,0,1.7699966430664062,100,-1,26.5,25.31,108159,0,0,0.24353300034999847,1.3213521242141724,-0.4129802882671356,0.0,0.0,32766,448,32766,344,32766,3.7583577632904053
2026-04-07T11:44:36.749,radio://0/80/2M,flow,0,0,Reacquire Wall,5829,1,1,0,1.7699966430664062,100,-1,26.5,25.31,108409,0,0,0.24353300034999847,1.0508912801742554,-0.3764333128929138,0.0,0.0,32766,448,32766,344,32766,3.7583577632904053
2026-04-07T11:44:36.750,radio://0/80/2M,range,0,0,Reacquire Wall,5829,1,1,0,1.7699966430664062,100,-1,26.5,25.31,108409,0,0,0.24353300034999847,1.0508912801742554,-0.3764333128929138,0.0,0.0,2083,461,32766,309,32766,3.763636350631714
2026-04-07T11:44:36.996,radio://0/80/2M,mission,0,0,Reacquire Wall,5829,1,1,0,2.0199966430664062,100,-1,26.5,25.31,108409,0,0,0.26498666405677795,1.0508912801742554,-0.3764333128929138,0.0,0.0,2083,461,32766,309,32766,3.763636350631714
2026-04-07T11:44:36.999,radio://0/80/2M,flow,0,0,Reacquire Wall,6193,1,1,0,2.0199966430664062,100,-1,26.5,25.31,108659,0,0,0.26498666405677795,1.130896806716919,-0.467068612575531,0.0,0.0,2083,461,32766,309,32766,3.763636350631714
2026-04-07T11:44:37.000,radio://0/80/2M,range,0,0,Reacquire Wall,6193,1,1,0,2.0199966430664062,100,-1,26.5,25.31,108659,0,0,0.26498666405677795,1.130896806716919,-0.467068612575531,0.0,0.0,2061,463,32766,306,32766,3.763636350631714
2026-04-07T11:44:37.246,radio://0/80/2M,mission,0,0,Reacquire Wall,6193,0,1,0,0.0,100,0,26.75,25.31,108659,0,0,0.27766087651252747,1.130896806716919,-0.467068612575531,0.0,0.0,2061,463,32766,306,32766,3.763636350631714
2026-04-07T11:44:37.247,radio://0/80/2M,flow,0,0,Reacquire Wall,7427,0,1,0,0.0,100,0,26.75,25.31,108909,-1,0,0.27766087651252747,1.3091576099395752,-0.48712730407714844,0.0,0.0,2061,463,32766,306,32766,3.763636350631714
2026-04-07T11:44:37.248,radio://0/80/2M,range,0,0,Reacquire Wall,7427,0,1,0,0.0,100,0,26.75,25.31,108909,-1,0,0.27766087651252747,1.3091576099395752,-0.48712730407714844,0.0,0.0,2065,466,32766,307,32766,3.763636350631714
2026-04-07T11:44:37.496,radio://0/80/2M,mission,0,0,Reacquire Wall,7427,0,1,0,0.0,100,0,26.5,25.31,108909,-1,0,0.29678598046302795,1.3091576099395752,-0.48712730407714844,0.0,0.0,2065,466,32766,307,32766,3.763636350631714
2026-04-07T11:44:37.497,radio://0/80/2M,flow,0,0,Reacquire Wall,7427,0,1,0,0.0,100,0,26.5,25.31,109159,0,1,0.29678598046302795,1.4758230447769165,-0.5274365544319153,0.0,0.0,2065,466,32766,307,32766,3.763636350631714
2026-04-07T11:44:37.498,radio://0/80/2M,range,0,0,Reacquire Wall,7427,0,1,0,0.0,100,0,26.5,25.31,109159,0,1,0.29678598046302795,1.4758230447769165,-0.5274365544319153,0.0,0.0,2059,463,32766,304,32766,3.763636350631714
2026-04-07T11:44:37.745,radio://0/80/2M,mission,0,0,Reacquire Wall,7427,0,1,0,0.0,100,0,26.25,25.31,109159,0,1,0.3221263289451599,1.4758230447769165,-0.5274365544319153,0.0,0.0,2059,463,32766,304,32766,3.763636350631714
2026-04-07T11:44:37.749,radio://0/80/2M,flow,0,0,Reacquire Wall,7427,0,1,0,0.0,100,0,26.25,25.31,109409,0,0,0.3221263289451599,1.6230518817901611,-0.520042359828949,0.0,0.0,2059,463,32766,304,32766,3.763636350631714
2026-04-07T11:44:37.750,radio://0/80/2M,range,0,0,Reacquire Wall,7427,0,1,0,0.0,100,0,26.25,25.31,109409,0,0,0.3221263289451599,1.6230518817901611,-0.520042359828949,0.0,0.0,2074,464,32766,307,32766,3.7689149379730225
2026-04-07T11:44:37.995,radio://0/80/2M,mission,0,0,Reacquire Wall,7427,0,1,0,0.0,100,0,26.25,25.31,109409,0,0,0.3486121892929077,1.6230518817901611,-0.520042359828949,0.0,0.0,2074,464,32766,307,32766,3.7689149379730225
2026-04-07T11:44:37.998,radio://0/80/2M,flow,0,0,Reacquire Wall,7427,0,1,0,0.0,100,0,26.25,25.31,109659,1,1,0.3486121892929077,1.813392996788025,-0.4903208315372467,0.0,0.0,2074,464,32766,307,32766,3.7689149379730225
2026-04-07T11:44:37.999,radio://0/80/2M,range,0,0,Reacquire Wall,7427,0,1,0,0.0,100,0,26.25,25.31,109659,1,1,0.3486121892929077,1.813392996788025,-0.4903208315372467,0.0,0.0,2073,463,32766,308,32766,3.763636350631714
2026-04-07T11:44:38.245,radio://0/80/2M,mission,0,0,Reacquire Wall,7427,0,1,0,0.0,100,0,27.0,25.31,109659,1,1,0.3784695565700531,1.813392996788025,-0.4903208315372467,0.0,0.0,2073,463,32766,308,32766,3.763636350631714
2026-04-07T11:44:38.248,radio://0/80/2M,flow,0,0,Reacquire Wall,7427,0,1,0,0.0,100,0,27.0,25.31,109909,2,0,0.3784695565700531,1.9430758953094482,-0.4643527865409851,0.0,0.0,2073,463,32766,308,32766,3.763636350631714
2026-04-07T11:44:38.249,radio://0/80/2M,range,0,0,Reacquire Wall,7427,0,1,0,0.0,100,0,27.0,25.31,109909,2,0,0.3784695565700531,1.9430758953094482,-0.4643527865409851,0.0,0.0,2089,462,32766,310,32766,3.763636350631714
2026-04-07T11:44:38.495,radio://0/80/2M,mission,0,0,Reacquire Wall,7427,0,1,0,0.0,100,0,26.5,25.31,109909,2,0,0.468845009803772,1.9430758953094482,-0.4643527865409851,0.0,0.0,2089,462,32766,310,32766,3.763636350631714
2026-04-07T11:44:38.498,radio://0/80/2M,flow,0,0,Reacquire Wall,8191,0,1,0,0.0,100,0,26.5,25.31,110159,2,15,0.468845009803772,1.7711806297302246,-0.4130617380142212,0.0,0.0,2089,462,32766,310,32766,3.763636350631714
2026-04-07T11:44:38.499,radio://0/80/2M,range,0,0,Reacquire Wall,8191,0,1,0,0.0,100,0,26.5,25.31,110159,2,15,0.468845009803772,1.7711806297302246,-0.4130617380142212,0.0,0.0,2123,455,32766,321,32766,3.7689149379730225
2026-04-07T11:44:38.745,radio://0/80/2M,mission,0,0,Reacquire Wall,8191,0,1,0,0.0,100,0,27.25,25.31,110159,2,15,0.5293131470680237,1.7711806297302246,-0.4130617380142212,0.0,0.0,2123,455,32766,321,32766,3.7689149379730225
2026-04-07T11:44:38.746,radio://0/80/2M,flow,0,0,Reacquire Wall,4300,0,1,0,0.0,100,0,27.25,25.31,110409,-9,0,0.5293131470680237,1.5275577306747437,-0.6200911998748779,0.0,0.0,2123,455,32766,321,32766,3.7689149379730225
2026-04-07T11:44:38.748,radio://0/80/2M,range,0,0,Reacquire Wall,4300,0,1,0,0.0,100,0,27.25,25.31,110409,-9,0,0.5293131470680237,1.5275577306747437,-0.6200911998748779,0.0,0.0,32766,425,32766,431,32766,3.7583577632904053
2026-04-07T11:44:38.995,radio://0/80/2M,mission,0,0,Reacquire Wall,4300,1,1,0,0.220001220703125,100,-1,26.25,25.31,110409,-9,0,0.26897940039634705,1.5275577306747437,-0.6200911998748779,0.0,0.0,32766,425,32766,431,32766,3.7583577632904053
2026-04-07T11:44:38.996,radio://0/80/2M,flow,0,0,Reacquire Wall,3780,1,1,0,0.220001220703125,100,-1,26.25,25.31,110659,-1,-1,0.26897940039634705,0.7810678482055664,-0.4312300980091095,0.0,0.0,32766,425,32766,431,32766,3.7583577632904053
2026-04-07T11:44:38.998,radio://0/80/2M,range,0,0,Reacquire Wall,3780,1,1,0,0.220001220703125,100,-1,26.25,25.31,110659,-1,-1,0.26897940039634705,0.7810678482055664,-0.4312300980091095,0.0,0.0,2414,404,32766,721,32766,3.763636350631714
2026-04-07T11:44:39.245,radio://0/80/2M,mission,0,0,Reacquire Wall,3780,1,1,0,0.470001220703125,100,-1,27.25,25.31,110659,-1,-1,0.29667678475379944,0.7810678482055664,-0.4312300980091095,0.0,0.0,2414,404,32766,721,32766,3.763636350631714
2026-04-07T11:44:39.246,radio://0/80/2M,flow,0,0,Reacquire Wall,3780,1,1,0,0.470001220703125,100,-1,27.25,25.31,110909,1,0,0.29667678475379944,0.6636247634887695,-0.4752497971057892,0.0,0.0,2414,404,32766,721,32766,3.763636350631714
2026-04-07T11:44:39.248,radio://0/80/2M,range,0,0,Reacquire Wall,3780,1,1,0,0.470001220703125,100,-1,27.25,25.31,110909,1,0,0.29667678475379944,0.6636247634887695,-0.4752497971057892,0.0,0.0,2404,408,32766,737,32766,3.763636350631714
2026-04-07T11:44:39.495,radio://0/80/2M,mission,0,0,Reacquire Wall,3780,0,1,0,0.0,100,0,27.5,25.31,110909,1,0,0.3031286597251892,0.6636247634887695,-0.4752497971057892,0.0,0.0,2404,408,32766,737,32766,3.763636350631714
2026-04-07T11:44:39.496,radio://0/80/2M,flow,0,0,Reacquire Wall,3780,0,1,0,0.0,100,0,27.5,25.31,111159,0,0,0.3031286597251892,0.8344032168388367,-0.5230314135551453,0.0,0.0,2404,408,32766,737,32766,3.763636350631714
2026-04-07T11:44:39.497,radio://0/80/2M,range,0,0,Reacquire Wall,3780,0,1,0,0.0,100,0,27.5,25.31,111159,0,0,0.3031286597251892,0.8344032168388367,-0.5230314135551453,0.0,0.0,2419,405,32766,728,32766,3.7583577632904053
2026-04-07T11:44:39.744,radio://0/80/2M,mission,0,0,Reacquire Wall,3780,0,1,0,0.0,100,0,27.25,25.31,111159,0,0,0.3030455410480499,0.8344032168388367,-0.5230314135551453,0.0,0.0,2419,405,32766,728,32766,3.7583577632904053
2026-04-07T11:44:39.747,radio://0/80/2M,flow,0,0,Reacquire Wall,3544,0,1,0,0.0,100,0,27.25,25.31,111409,0,0,0.3030455410480499,0.9090630412101746,-0.5395162105560303,0.0,0.0,2419,405,32766,728,32766,3.7583577632904053
2026-04-07T11:44:39.748,radio://0/80/2M,range,0,0,Reacquire Wall,3544,0,1,0,0.0,100,0,27.25,25.31,111409,0,0,0.3030455410480499,0.9090630412101746,-0.5395162105560303,0.0,0.0,2419,407,2975,724,32766,3.7583577632904053
2026-04-07T11:44:39.994,radio://0/80/2M,mission,0,0,Reacquire Wall,3544,0,1,0,0.0,100,0,27.25,25.31,111409,0,0,0.7094188928604126,0.9090630412101746,-0.5395162105560303,0.0,0.0,2419,407,2975,724,32766,3.7583577632904053
2026-04-07T11:44:39.997,radio://0/80/2M,flow,0,0,Reacquire Wall,4000,0,1,0,0.0,100,0,27.25,25.31,111659,3,-12,0.7094188928604126,0.23467503488063812,-0.5780568718910217,0.0,0.0,2419,407,2975,724,32766,3.7583577632904053
2026-04-07T11:44:39.998,radio://0/80/2M,range,0,0,Reacquire Wall,4000,0,1,0,0.0,100,0,27.25,25.31,111659,3,-12,0.7094188928604126,0.23467503488063812,-0.5780568718910217,0.0,0.0,2393,409,32766,703,32766,3.763636350631714
2026-04-07T11:44:40.245,radio://0/80/2M,mission,0,0,Reacquire Wall,4000,1,1,0,0.05999755859375,100,-1,27.0,25.31,111659,3,-12,0.4010854959487915,0.23467503488063812,-0.5780568718910217,0.0,0.0,2393,409,32766,703,32766,3.763636350631714
2026-04-07T11:44:40.246,radio://0/80/2M,flow,0,0,Reacquire Wall,5414,1,1,0,0.05999755859375,100,-1,27.0,25.31,111909,5,-15,0.4010854959487915,1.3914886713027954,-1.7541593313217163,0.0,0.0,2393,409,32766,703,32766,3.763636350631714
2026-04-07T11:44:40.247,radio://0/80/2M,range,0,0,Reacquire Wall,5414,1,1,0,0.05999755859375,100,-1,27.0,25.31,111909,5,-15,0.4010854959487915,1.3914886713027954,-1.7541593313217163,0.0,0.0,2454,423,32766,380,32766,3.7583577632904053
2026-04-07T11:44:40.494,radio://0/80/2M,mission,0,0,Reacquire Wall,5414,1,1,0,0.30999755859375,100,-1,26.0,25.31,111909,5,-15,0.2081695944070816,1.3914886713027954,-1.7541593313217163,0.0,0.0,2454,423,32766,380,32766,3.7583577632904053
2026-04-07T11:44:40.496,radio://0/80/2M,flow,0,0,Reacquire Wall,8191,1,1,0,0.30999755859375,100,-1,26.0,25.31,112159,0,0,0.2081695944070816,1.5372380018234253,-1.7435470819473267,0.0,0.0,2454,423,32766,380,32766,3.7583577632904053
2026-04-07T11:44:40.497,radio://0/80/2M,range,0,0,Reacquire Wall,8191,1,1,0,0.30999755859375,100,-1,26.0,25.31,112159,0,0,0.2081695944070816,1.5372380018234253,-1.7435470819473267,0.0,0.0,2143,437,32766,354,32766,3.763636350631714
2026-04-07T11:44:40.744,radio://0/80/2M,mission,0,0,Reacquire Wall,8191,1,1,0,0.55999755859375,100,-1,26.5,25.31,112159,0,0,0.21318168938159943,1.5372380018234253,-1.7435470819473267,0.0,0.0,2143,437,32766,354,32766,3.763636350631714
2026-04-07T11:44:40.746,radio://0/80/2M,flow,0,0,Reacquire Wall,8191,1,1,0,0.55999755859375,100,-1,26.5,25.31,112409,1,0,0.21318168938159943,1.770465612411499,-2.0592617988586426,0.0,0.0,2143,437,32766,354,32766,3.763636350631714
2026-04-07T11:44:40.747,radio://0/80/2M,range,0,0,Reacquire Wall,8191,1,1,0,0.55999755859375,100,-1,26.5,25.31,112409,1,0,0.21318168938159943,1.770465612411499,-2.0592617988586426,0.0,0.0,2107,440,32766,349,32766,3.763636350631714
2026-04-07T11:44:40.994,radio://0/80/2M,mission,0,0,Reacquire Wall,8191,0,1,0,0.0,100,0,26.25,25.31,112409,1,0,0.23599381744861603,1.770465612411499,-2.0592617988586426,0.0,0.0,2107,440,32766,349,32766,3.763636350631714
2026-04-07T11:44:40.995,radio://0/80/2M,flow,0,0,Reacquire Wall,8191,0,1,0,0.0,100,0,26.25,25.31,112659,0,0,0.23599381744861603,1.8775827884674072,-2.1624159812927246,0.0,0.0,2107,440,32766,349,32766,3.763636350631714
2026-04-07T11:44:40.997,radio://0/80/2M,range,0,0,Reacquire Wall,8191,0,1,0,0.0,100,0,26.25,25.31,112659,0,0,0.23599381744861603,1.8775827884674072,-2.1624159812927246,0.0,0.0,2118,437,32766,347,32766,3.763636350631714
2026-04-07T11:44:41.243,radio://0/80/2M,mission,0,0,Reacquire Wall,8191,0,1,0,0.0,100,0,27.0,25.38,112659,0,0,0.27480268478393555,1.8775827884674072,-2.1624159812927246,0.0,0.0,2118,437,32766,347,32766,3.763636350631714
2026-04-07T11:44:41.246,radio://0/80/2M,flow,0,0,Reacquire Wall,8191,0,1,0,0.0,100,0,27.0,25.38,112909,0,1,0.27480268478393555,1.9640123844146729,-2.1325502395629883,0.0,0.0,2118,437,32766,347,32766,3.763636350631714
2026-04-07T11:44:41.248,radio://0/80/2M,range,0,0,Reacquire Wall,8191,0,1,0,0.0,100,0,27.0,25.38,112909,0,1,0.27480268478393555,1.9640123844146729,-2.1325502395629883,0.0,0.0,2118,440,32766,346,32766,3.763636350631714
2026-04-07T11:44:41.494,radio://0/80/2M,mission,0,0,Reacquire Wall,8191,0,1,0,0.0,100,0,26.75,25.31,112909,0,1,0.47010788321495056,1.9640123844146729,-2.1325502395629883,0.0,0.0,2118,440,32766,346,32766,3.763636350631714
2026-04-07T11:44:41.496,radio://0/80/2M,flow,0,0,Reacquire Wall,8191,0,1,0,0.0,100,0,26.75,25.31,113159,-2,8,0.47010788321495056,1.5168951749801636,-2.242337226867676,0.0,0.0,2118,440,32766,346,32766,3.763636350631714
2026-04-07T11:44:41.497,radio://0/80/2M,range,0,0,Reacquire Wall,8191,0,1,0,0.0,100,0,26.75,25.31,113159,-2,8,0.47010788321495056,1.5168951749801636,-2.242337226867676,0.0,0.0,2193,437,32766,360,32766,3.7689149379730225
2026-04-07T11:44:41.743,radio://0/80/2M,mission,0,0,Reacquire Wall,8191,1,1,0,0.05999755859375,100,-1,27.5,25.38,113159,-2,8,0.6296678781509399,1.5168951749801636,-2.242337226867676,0.0,0.0,2193,437,32766,360,32766,3.7689149379730225
2026-04-07T11:44:41.746,radio://0/80/2M,flow,0,0,Reacquire Wall,4891,1,1,0,0.05999755859375,100,-1,27.5,25.38,113409,-4,2,0.6296678781509399,0.1516777127981186,-1.3481725454330444,0.0,0.0,2193,437,32766,360,32766,3.7689149379730225
2026-04-07T11:44:41.748,radio://0/80/2M,range,0,0,Reacquire Wall,4891,1,1,0,0.05999755859375,100,-1,27.5,25.38,113409,-4,2,0.6296678781509399,0.1516777127981186,-1.3481725454330444,0.0,0.0,3033,419,32766,440,32766,3.7583577632904053
2026-04-07T11:44:41.994,radio://0/80/2M,mission,0,0,Reacquire Wall,4891,1,1,0,0.30999755859375,100,-1,27.5,25.38,113409,-4,2,0.23204892873764038,0.1516777127981186,-1.3481725454330444,0.0,0.0,3033,419,32766,440,32766,3.7583577632904053
2026-04-07T11:44:41.995,radio://0/80/2M,flow,0,0,Reacquire Wall,3780,1,1,0,0.30999755859375,100,-1,27.5,25.38,113659,-3,2,0.23204892873764038,-0.20654572546482086,-0.669431746006012,0.0,0.0,3033,419,32766,440,32766,3.7583577632904053
2026-04-07T11:44:41.996,radio://0/80/2M,range,0,0,Reacquire Wall,3780,1,1,0,0.30999755859375,100,-1,27.5,25.38,113659,-3,2,0.23204892873764038,-0.20654572546482086,-0.669431746006012,0.0,0.0,32766,419,32766,529,32766,3.763636350631714
2026-04-07T11:44:42.244,radio://0/80/2M,mission,0,0,Reacquire Wall,3780,1,1,0,0.55999755859375,100,-1,27.0,25.31,113659,-3,2,0.27924323081970215,-0.20654572546482086,-0.669431746006012,0.0,0.0,32766,419,32766,529,32766,3.763636350631714
2026-04-07T11:44:42.245,radio://0/80/2M,flow,0,0,Reacquire Wall,3780,1,1,0,0.55999755859375,100,-1,27.0,25.31,113909,0,0,0.27924323081970215,-0.4315284490585327,-0.48342257738113403,0.0,0.0,32766,419,32766,529,32766,3.763636350631714
2026-04-07T11:44:42.246,radio://0/80/2M,range,0,0,Reacquire Wall,3780,1,1,0,0.55999755859375,100,-1,27.0,25.31,113909,0,0,0.27924323081970215,-0.4315284490585327,-0.48342257738113403,0.0,0.0,2421,420,32766,630,32766,3.7583577632904053
2026-04-07T11:44:42.493,radio://0/80/2M,mission,0,0,Reacquire Wall,3780,1,1,0,0.80999755859375,100,-1,27.0,25.31,113909,0,0,0.3217117488384247,-0.4315284490585327,-0.48342257738113403,0.0,0.0,2421,420,32766,630,32766,3.7583577632904053
2026-04-07T11:44:42.496,radio://0/80/2M,flow,0,0,Reacquire Wall,3780,1,1,0,0.80999755859375,100,-1,27.0,25.31,114159,0,0,0.3217117488384247,-0.4070603847503662,-0.4145365059375763,0.0,0.0,2421,420,32766,630,32766,3.7583577632904053
2026-04-07T11:44:42.497,radio://0/80/2M,range,0,0,Reacquire Wall,3780,1,1,0,0.80999755859375,100,-1,27.0,25.31,114159,0,0,0.3217117488384247,-0.4070603847503662,-0.4145365059375763,0.0,0.0,2429,418,32766,620,32766,3.7583577632904053
2026-04-07T11:44:42.744,radio://0/80/2M,mission,0,0,Reacquire Wall,3780,1,1,0,1.05999755859375,100,-1,27.25,25.38,114159,0,0,0.3421839475631714,-0.4070603847503662,-0.4145365059375763,0.0,0.0,2429,418,32766,620,32766,3.7583577632904053
2026-04-07T11:44:42.745,radio://0/80/2M,flow,0,0,Reacquire Wall,3780,1,1,0,1.05999755859375,100,-1,27.25,25.38,114409,2,0,0.3421839475631714,-0.20439806580543518,-0.32508668303489685,0.0,0.0,2429,418,32766,620,32766,3.7583577632904053
2026-04-07T11:44:42.746,radio://0/80/2M,range,0,0,Reacquire Wall,3780,1,1,0,1.05999755859375,100,-1,27.25,25.38,114409,2,0,0.3421839475631714,-0.20439806580543518,-0.32508668303489685,0.0,0.0,2419,418,32766,605,32766,3.7583577632904053
2026-04-07T11:44:42.993,radio://0/80/2M,mission,0,0,Reacquire Wall,3780,1,1,0,1.30999755859375,100,-1,27.5,25.38,114409,2,0,0.3302208185195923,-0.20439806580543518,-0.32508668303489685,0.0,0.0,2419,418,32766,605,32766,3.7583577632904053
2026-04-07T11:44:42.996,radio://0/80/2M,flow,0,0,Reacquire Wall,3780,1,1,0,1.30999755859375,100,-1,27.5,25.38,114659,0,0,0.3302208185195923,-0.008664881810545921,-0.2883921265602112,0.0,0.0,2419,418,32766,605,32766,3.7583577632904053
2026-04-07T11:44:42.997,radio://0/80/2M,range,0,0,Reacquire Wall,3780,1,1,0,1.30999755859375,100,-1,27.5,25.38,114659,0,0,0.3302208185195923,-0.008664881810545921,-0.2883921265602112,0.0,0.0,2432,419,32766,608,32766,3.763636350631714
2026-04-07T11:44:43.243,radio://0/80/2M,mission,0,0,Reacquire Wall,3780,1,1,0,1.55999755859375,100,-1,27.5,25.38,114659,0,0,0.33125579357147217,-0.008664881810545921,-0.2883921265602112,0.0,0.0,2432,419,32766,608,32766,3.763636350631714
2026-04-07T11:44:43.245,radio://0/80/2M,flow,0,0,Reacquire Wall,3780,1,1,0,1.55999755859375,100,-1,27.5,25.38,114909,0,0,0.33125579357147217,0.13302186131477356,-0.2664644122123718,0.0,0.0,2432,419,32766,608,32766,3.763636350631714
2026-04-07T11:44:43.246,radio://0/80/2M,range,0,0,Reacquire Wall,3780,1,1,0,1.55999755859375,100,-1,27.5,25.38,114909,0,0,0.33125579357147217,0.13302186131477356,-0.2664644122123718,0.0,0.0,2419,421,32766,618,32766,3.7583577632904053
2026-04-07T11:44:43.493,radio://0/80/2M,mission,0,0,Reacquire Wall,3780,1,1,0,1.80999755859375,100,-1,27.25,25.38,114909,0,0,0.32494860887527466,0.13302186131477356,-0.2664644122123718,0.0,0.0,2419,421,32766,618,32766,3.7583577632904053
2026-04-07T11:44:43.495,radio://0/80/2M,flow,0,0,Reacquire Wall,3780,1,1,0,1.80999755859375,100,-1,27.25,25.38,115159,0,1,0.32494860887527466,0.24648478627204895,-0.20861947536468506,0.0,0.0,2419,421,32766,618,32766,3.7583577632904053
2026-04-07T11:44:43.496,radio://0/80/2M,range,0,0,Reacquire Wall,3780,1,1,0,1.80999755859375,100,-1,27.25,25.38,115159,0,1,0.32494860887527466,0.24648478627204895,-0.20861947536468506,0.0,0.0,2420,421,32766,627,32766,3.7583577632904053
2026-04-07T11:44:43.743,radio://0/80/2M,mission,0,0,Reacquire Wall,3780,1,1,0,2.05999755859375,100,-1,27.25,25.44,115159,0,1,0.3153689205646515,0.24648478627204895,-0.20861947536468506,0.0,0.0,2420,421,32766,627,32766,3.7583577632904053
2026-04-07T11:44:43.744,radio://0/80/2M,flow,0,0,Reacquire Wall,3780,1,1,0,2.05999755859375,100,-1,27.25,25.44,115409,0,0,0.3153689205646515,0.2507290840148926,-0.13667307794094086,0.0,0.0,2420,421,32766,627,32766,3.7583577632904053
2026-04-07T11:44:43.745,radio://0/80/2M,range,0,0,Reacquire Wall,3780,1,1,0,2.05999755859375,100,-1,27.25,25.44,115409,0,0,0.3153689205646515,0.2507290840148926,-0.13667307794094086,0.0,0.0,2414,417,32766,643,32766,3.7583577632904053
2026-04-07T11:44:43.993,radio://0/80/2M,mission,0,0,Reacquire Wall,3780,1,1,0,2.30999755859375,100,-1,28.25,25.38,115409,0,0,0.3275964558124542,0.2507290840148926,-0.13667307794094086,0.0,0.0,2414,417,32766,643,32766,3.7583577632904053
2026-04-07T11:44:43.995,radio://0/80/2M,flow,0,0,Reacquire Wall,3780,1,1,0,2.30999755859375,100,-1,28.25,25.38,115659,0,0,0.3275964558124542,0.2285713404417038,-0.10269106179475784,0.0,0.0,2414,417,32766,643,32766,3.7583577632904053
2026-04-07T11:44:43.996,radio://0/80/2M,range,0,0,Reacquire Wall,3780,1,1,0,2.30999755859375,100,-1,28.25,25.38,115659,0,0,0.3275964558124542,0.2285713404417038,-0.10269106179475784,0.0,0.0,2398,414,32766,682,32766,3.7583577632904053
2026-04-07T11:44:44.242,radio://0/80/2M,mission,0,0,Reacquire Wall,3780,1,1,0,2.55999755859375,100,-1,28.0,25.38,115659,0,0,0.32932016253471375,0.2285713404417038,-0.10269106179475784,0.0,0.0,2398,414,32766,682,32766,3.7583577632904053
2026-04-07T11:44:44.245,radio://0/80/2M,flow,0,0,Reacquire Wall,3780,1,1,0,2.55999755859375,100,-1,28.0,25.38,115909,0,0,0.32932016253471375,0.2707007825374603,-0.08592458814382553,0.0,0.0,2398,414,32766,682,32766,3.7583577632904053
2026-04-07T11:44:44.246,radio://0/80/2M,range,0,0,Reacquire Wall,3780,1,1,0,2.55999755859375,100,-1,28.0,25.38,115909,0,0,0.32932016253471375,0.2707007825374603,-0.08592458814382553,0.0,0.0,2392,428,32766,724,32766,3.7583577632904053
2026-04-07T11:44:44.492,radio://0/80/2M,mission,0,0,Reacquire Wall,3780,1,1,0,2.80999755859375,100,-1,27.5,25.38,115909,0,0,0.3408083915710449,0.2707007825374603,-0.08592458814382553,0.0,0.0,2392,428,32766,724,32766,3.7583577632904053
2026-04-07T11:44:44.495,radio://0/80/2M,flow,0,0,Reacquire Wall,3780,1,1,0,2.80999755859375,100,-1,27.5,25.38,116159,0,0,0.3408083915710449,0.2806567847728729,-0.0861888900399208,0.0,0.0,2392,428,32766,724,32766,3.7583577632904053
2026-04-07T11:44:44.497,radio://0/80/2M,range,0,0,Reacquire Wall,3780,1,1,0,2.80999755859375,100,-1,27.5,25.38,116159,0,0,0.3408083915710449,0.2806567847728729,-0.0861888900399208,0.0,0.0,2383,431,1403,732,32766,3.7583577632904053
2026-04-07T11:44:44.742,radio://0/80/2M,mission,0,0,Reacquire Wall,3780,1,1,1,3.05999755859375,100,-1,27.25,25.38,116159,0,0,0.3673001825809479,0.2806567847728729,-0.0861888900399208,0.0,0.0,2383,431,1403,732,32766,3.7583577632904053
2026-04-07T11:44:44.744,radio://0/80/2M,flow,0,0,Reacquire Wall,3780,1,1,1,3.05999755859375,100,-1,27.25,25.38,116409,0,0,0.3673001825809479,0.39162197709083557,-0.1338052898645401,0.0,0.0,2383,431,1403,732,32766,3.7583577632904053
2026-04-07T11:44:44.745,radio://0/80/2M,range,0,0,Reacquire Wall,3780,1,1,1,3.05999755859375,100,-1,27.25,25.38,116409,0,0,0.3673001825809479,0.39162197709083557,-0.1338052898645401,0.0,0.0,2392,447,32766,730,32766,3.7583577632904053
2026-04-07T11:44:44.992,radio://0/80/2M,mission,0,0,Reacquire Wall,3780,1,1,1,3.30999755859375,100,-1,27.5,25.38,116409,0,0,0.36939871311187744,0.39162197709083557,-0.1338052898645401,0.0,0.0,2392,447,32766,730,32766,3.7583577632904053
2026-04-07T11:44:44.994,radio://0/80/2M,flow,0,0,Reacquire Wall,3780,1,1,1,3.30999755859375,100,-1,27.5,25.38,116659,0,0,0.36939871311187744,0.5441412329673767,-0.21418136358261108,0.0,0.0,2392,447,32766,730,32766,3.7583577632904053
2026-04-07T11:44:44.995,radio://0/80/2M,range,0,0,Reacquire Wall,3780,1,1,1,3.30999755859375,100,-1,27.5,25.38,116659,0,0,0.36939871311187744,0.5441412329673767,-0.21418136358261108,0.0,0.0,2390,447,1376,734,32766,3.7583577632904053
2026-04-07T11:44:45.242,radio://0/80/2M,mission,0,0,Reacquire Wall,3780,1,1,1,3.55999755859375,100,-1,27.5,25.44,116659,0,0,0.3833370804786682,0.5441412329673767,-0.21418136358261108,0.0,0.0,2390,447,1376,734,32766,3.7583577632904053
2026-04-07T11:44:45.245,radio://0/80/2M,flow,0,0,Reacquire Wall,3780,1,1,1,3.55999755859375,100,-1,27.5,25.44,116909,0,-4,0.3833370804786682,0.44271120429039,-0.1857532113790512,0.0,0.0,2390,447,1376,734,32766,3.7583577632904053
2026-04-07T11:44:45.246,radio://0/80/2M,range,0,0,Reacquire Wall,3780,1,1,1,3.55999755859375,100,-1,27.5,25.44,116909,0,-4,0.3833370804786682,0.44271120429039,-0.1857532113790512,0.0,0.0,2384,442,1405,720,32766,3.7530791759490967
2026-04-07T11:44:45.496,radio://0/80/2M,mission,0,0,Reacquire Wall,3780,1,1,1,3.80999755859375,100,-1,28.0,25.38,116909,0,-4,1.0599026679992676,0.44271120429039,-0.1857532113790512,0.0,0.0,2384,442,1405,720,32766,3.7530791759490967
2026-04-07T11:44:45.498,radio://0/80/2M,flow,0,0,Reacquire Wall,3780,1,1,1,3.80999755859375,100,-1,28.0,25.38,117159,8,-16,1.0599026679992676,-0.29591572284698486,-0.2308679223060608,0.0,0.0,2384,442,1405,720,32766,3.7530791759490967
2026-04-07T11:44:45.499,radio://0/80/2M,range,0,0,Reacquire Wall,3780,1,1,1,3.80999755859375,100,-1,28.0,25.38,117159,8,-16,1.0599026679992676,-0.29591572284698486,-0.2308679223060608,0.0,0.0,2362,444,1436,700,32766,3.7583577632904053
2026-04-07T11:44:45.742,radio://0/80/2M,mission,0,0,Reacquire Wall,3780,1,1,1,4.05999755859375,100,-1,27.25,25.44,117159,8,-16,0.004303957801312208,-0.29591572284698486,-0.2308679223060608,0.0,0.0,2362,444,1436,700,32766,3.7583577632904053
2026-04-07T11:44:45.744,radio://0/80/2M,flow,0,0,Reacquire Wall,5117,1,1,1,4.05999755859375,100,-1,27.25,25.44,117409,2,-7,0.004303957801312208,-2.5657312870025635,-1.2453333139419556,0.0,0.0,2362,444,1436,700,32766,3.7583577632904053
2026-04-07T11:44:45.745,radio://0/80/2M,range,0,0,Reacquire Wall,5117,1,1,1,4.05999755859375,100,-1,27.25,25.44,117409,2,-7,0.004303957801312208,-2.5657312870025635,-1.2453333139419556,0.0,0.0,2307,473,32766,349,32766,3.7583577632904053
2026-04-07T11:44:45.992,radio://0/80/2M,mission,0,0,Reacquire Wall,5117,0,1,0,0.0,100,0,26.25,25.44,117409,2,-7,-0.600323498249054,-2.5657312870025635,-1.2453333139419556,0.0,0.0,2307,473,32766,349,32766,3.7583577632904053
2026-04-07T11:44:45.993,radio://0/80/2M,flow,0,0,Reacquire Wall,6518,0,1,0,0.0,100,0,26.25,25.44,117659,0,1,-0.600323498249054,-1.9045679569244385,-1.1347378492355347,0.0,0.0,2307,473,32766,349,32766,3.7583577632904053
2026-04-07T11:44:45.995,radio://0/80/2M,range,0,0,Reacquire Wall,6518,0,1,0,0.0,100,0,26.25,25.44,117659,0,1,-0.600323498249054,-1.9045679569244385,-1.1347378492355347,0.0,0.0,2138,487,32766,329,32766,3.7689149379730225
2026-04-07T11:44:46.242,radio://0/80/2M,mission,0,0,Reacquire Wall,6518,0,1,0,0.0,100,0,25.75,25.38,117659,0,1,-1.176349401473999,-1.9045679569244385,-1.1347378492355347,0.0,0.0,2138,487,32766,329,32766,3.7689149379730225
2026-04-07T11:44:46.243,radio://0/80/2M,flow,0,0,Reacquire Wall,6925,0,1,0,0.0,100,0,25.75,25.38,117909,1,2,-1.176349401473999,-2.171149730682373,-1.4101179838180542,0.0,0.0,2138,487,32766,329,32766,3.7689149379730225
2026-04-07T11:44:46.245,radio://0/80/2M,range,0,0,Reacquire Wall,6925,0,1,0,0.0,100,0,25.75,25.38,117909,1,2,-1.176349401473999,-2.171149730682373,-1.4101179838180542,0.0,0.0,2106,467,32766,314,32766,3.763636350631714
2026-04-07T11:44:46.492,radio://0/80/2M,mission,0,0,Reacquire Wall,6925,0,1,0,0.0,94,0,25.25,25.38,117909,1,2,-1.705368995666504,-2.171149730682373,-1.4101179838180542,0.0,0.0,2106,467,32766,314,32766,3.763636350631714
2026-04-07T11:44:46.494,radio://0/80/2M,flow,0,0,Reacquire Wall,6925,0,1,0,0.0,94,0,25.25,25.38,118159,0,2,-1.705368995666504,-2.4320313930511475,-1.6650344133377075,0.0,0.0,2106,467,32766,314,32766,3.763636350631714
2026-04-07T11:44:46.495,radio://0/80/2M,range,0,0,Reacquire Wall,6925,0,1,0,0.0,94,0,25.25,25.38,118159,0,2,-1.705368995666504,-2.4320313930511475,-1.6650344133377075,0.0,0.0,2107,451,32766,317,32766,3.763636350631714
2026-04-07T11:44:46.742,radio://0/80/2M,mission,0,0,Reacquire Wall,6925,0,1,0,0.0,100,0,25.5,25.38,118159,0,2,0.1829812377691269,-2.4320313930511475,-1.6650344133377075,0.0,0.0,2107,451,32766,317,32766,3.763636350631714
2026-04-07T11:44:46.743,radio://0/80/2M,flow,0,0,Reacquire Wall,6925,0,1,0,0.0,100,0,25.5,25.38,118409,1,14,0.1829812377691269,-4.260372638702393,-6.014642238616943,0.0,0.0,2107,451,32766,317,32766,3.763636350631714
2026-04-07T11:44:46.744,radio://0/80/2M,range,0,0,Reacquire Wall,6925,0,1,0,0.0,100,0,25.5,25.38,118409,1,14,0.1829812377691269,-4.260372638702393,-6.014642238616943,0.0,0.0,2106,443,32766,319,32766,3.763636350631714
2026-04-07T11:44:46.991,radio://0/80/2M,mission,0,0,Reacquire Wall,6925,0,1,0,0.0,100,0,27.25,25.38,118409,1,14,0.8694792985916138,-4.260372638702393,-6.014642238616943,0.0,0.0,2106,443,32766,319,32766,3.763636350631714
2026-04-07T11:44:46.994,radio://0/80/2M,flow,0,0,Reacquire Wall,6925,0,1,0,0.0,100,0,27.25,25.38,118659,-1,5,0.8694792985916138,-2.731210947036743,-4.190349578857422,0.0,0.0,2106,443,32766,319,32766,3.763636350631714
2026-04-07T11:44:46.995,radio://0/80/2M,range,0,0,Reacquire Wall,6925,0,1,0,0.0,100,0,27.25,25.38,118659,-1,5,0.8694792985916138,-2.731210947036743,-4.190349578857422,0.0,0.0,2243,460,32766,334,32766,3.763636350631714
2026-04-07T11:44:47.241,radio://0/80/2M,mission,0,0,Reacquire Wall,6925,1,1,0,0.15999603271484375,100,0,27.75,25.38,118659,-1,5,0.3636283874511719,-2.731210947036743,-4.190349578857422,0.0,0.0,2243,460,32766,334,32766,3.763636350631714
2026-04-07T11:44:47.244,radio://0/80/2M,flow,0,0,Reacquire Wall,3636,1,1,0,0.15999603271484375,100,0,27.75,25.38,118909,2,13,0.3636283874511719,3.0990631580352783,-3.8016510009765625,0.0,0.0,2243,460,32766,334,32766,3.763636350631714
2026-04-07T11:44:47.245,radio://0/80/2M,range,0,0,Reacquire Wall,3636,1,1,0,0.15999603271484375,100,0,27.75,25.38,118909,2,13,0.3636283874511719,3.0990631580352783,-3.8016510009765625,0.0,0.0,32766,438,32766,420,32766,3.7583577632904053
2026-04-07T11:44:47.492,radio://0/80/2M,mission,0,0,Reacquire Wall,3636,1,1,0,0.40999603271484375,100,-1,27.5,25.44,118909,2,13,0.2591891288757324,3.0990631580352783,-3.8016510009765625,0.0,0.0,32766,438,32766,420,32766,3.7583577632904053
2026-04-07T11:44:47.494,radio://0/80/2M,flow,0,0,Reacquire Wall,3196,1,1,0,0.40999603271484375,100,-1,27.5,25.44,119159,-1,0,0.2591891288757324,2.605099678039551,-1.1578439474105835,0.0,0.0,32766,438,32766,420,32766,3.7583577632904053
2026-04-07T11:44:47.495,radio://0/80/2M,range,0,0,Reacquire Wall,3196,1,1,0,0.40999603271484375,100,-1,27.5,25.44,119159,-1,0,0.2591891288757324,2.605099678039551,-1.1578439474105835,0.0,0.0,32766,424,32766,419,32766,3.7583577632904053
2026-04-07T11:44:47.741,radio://0/80/2M,mission,0,0,Reacquire Wall,3196,1,1,0,0.6599960327148438,100,-1,27.0,25.38,119159,-1,0,0.28741297125816345,2.605099678039551,-1.1578439474105835,0.0,0.0,32766,424,32766,419,32766,3.7583577632904053
2026-04-07T11:44:47.744,radio://0/80/2M,flow,0,0,Reacquire Wall,3196,1,1,0,0.6599960327148438,100,-1,27.0,25.38,119409,0,0,0.28741297125816345,3.2415237426757812,-0.8055477738380432,0.0,0.0,32766,424,32766,419,32766,3.7583577632904053
2026-04-07T11:44:47.745,radio://0/80/2M,range,0,0,Reacquire Wall,3196,1,1,0,0.6599960327148438,100,-1,27.0,25.38,119409,0,0,0.28741297125816345,3.2415237426757812,-0.8055477738380432,0.0,0.0,32766,421,32766,426,32766,3.7583577632904053
2026-04-07T11:44:47.991,radio://0/80/2M,mission,0,0,Reacquire Wall,3196,1,1,0,0.9099960327148438,100,-1,26.5,25.44,119409,0,0,0.3008621335029602,3.2415237426757812,-0.8055477738380432,0.0,0.0,32766,421,32766,426,32766,3.7583577632904053
2026-04-07T11:44:47.994,radio://0/80/2M,flow,0,0,Reacquire Wall,3196,1,1,0,0.9099960327148438,100,-1,26.5,25.44,119659,0,0,0.3008621335029602,3.184129476547241,-0.515311062335968,0.0,0.0,32766,421,32766,426,32766,3.7583577632904053
2026-04-07T11:44:47.996,radio://0/80/2M,range,0,0,Reacquire Wall,3196,1,1,0,0.9099960327148438,100,-1,26.5,25.44,119659,0,0,0.3008621335029602,3.184129476547241,-0.515311062335968,0.0,0.0,32766,423,32766,420,32766,3.763636350631714
2026-04-07T11:44:48.241,radio://0/80/2M,mission,0,0,Reacquire Wall,3196,1,1,0,1.1599960327148438,100,-1,27.0,25.38,119659,0,0,0.27826040983200073,3.184129476547241,-0.515311062335968,0.0,0.0,32766,423,32766,420,32766,3.763636350631714
2026-04-07T11:44:48.242,radio://0/80/2M,flow,0,0,Reacquire Wall,3196,1,1,0,1.1599960327148438,100,-1,27.0,25.38,119909,0,0,0.27826040983200073,3.631290912628174,-0.5303686857223511,0.0,0.0,32766,423,32766,420,32766,3.763636350631714
2026-04-07T11:44:48.244,radio://0/80/2M,range,0,0,Reacquire Wall,3196,1,1,0,1.1599960327148438,100,-1,27.0,25.38,119909,0,0,0.27826040983200073,3.631290912628174,-0.5303686857223511,0.0,0.0,32766,422,32766,414,32766,3.7583577632904053
2026-04-07T11:44:48.490,radio://0/80/2M,mission,0,0,Reacquire Wall,3196,1,1,0,1.4099960327148438,100,-1,26.75,25.38,119909,0,0,0.2856252193450928,3.631290912628174,-0.5303686857223511,0.0,0.0,32766,422,32766,414,32766,3.7583577632904053
2026-04-07T11:44:48.494,radio://0/80/2M,flow,0,0,Reacquire Wall,3196,1,1,0,1.4099960327148438,100,-1,26.75,25.38,120159,0,0,0.2856252193450928,3.19171142578125,-0.38880836963653564,0.0,0.0,32766,422,32766,414,32766,3.7583577632904053
2026-04-07T11:44:48.495,radio://0/80/2M,range,0,0,Reacquire Wall,3196,1,1,0,1.4099960327148438,100,-1,26.75,25.38,120159,0,0,0.2856252193450928,3.19171142578125,-0.38880836963653564,0.0,0.0,32766,422,32766,420,32766,3.7530791759490967
2026-04-07T11:44:48.741,radio://0/80/2M,mission,0,0,Reacquire Wall,3196,1,1,0,1.6599960327148438,100,-1,27.75,25.38,120159,0,0,0.27975159883499146,3.19171142578125,-0.38880836963653564,0.0,0.0,32766,422,32766,420,32766,3.7530791759490967
2026-04-07T11:44:48.742,radio://0/80/2M,flow,0,0,Reacquire Wall,3196,1,1,0,1.6599960327148438,100,-1,27.75,25.38,120409,0,-2,0.27975159883499146,1.9134005308151245,-0.18998417258262634,0.0,0.0,32766,422,32766,420,32766,3.7530791759490967
2026-04-07T11:44:48.743,radio://0/80/2M,range,0,0,Reacquire Wall,3196,1,1,0,1.6599960327148438,100,-1,27.75,25.38,120409,0,-2,0.27975159883499146,1.9134005308151245,-0.18998417258262634,0.0,0.0,32766,426,32766,436,32766,3.763636350631714
2026-04-07T11:44:48.990,radio://0/80/2M,mission,0,0,Reacquire Wall,3196,1,1,0,1.9099960327148438,100,-1,27.75,25.44,120409,0,-2,0.2771027386188507,1.9134005308151245,-0.18998417258262634,0.0,0.0,32766,426,32766,436,32766,3.763636350631714
2026-04-07T11:44:48.994,radio://0/80/2M,flow,0,0,Reacquire Wall,3196,1,1,0,1.9099960327148438,100,-1,27.75,25.44,120659,-1,0,0.2771027386188507,1.228466510772705,-0.005770272575318813,0.0,0.0,32766,426,32766,436,32766,3.763636350631714
2026-04-07T11:44:48.995,radio://0/80/2M,range,0,0,Reacquire Wall,3196,1,1,0,1.9099960327148438,100,-1,27.75,25.44,120659,-1,0,0.2771027386188507,1.228466510772705,-0.005770272575318813,0.0,0.0,32766,430,32766,457,32766,3.7530791759490967
2026-04-07T11:44:49.241,radio://0/80/2M,mission,0,0,Reacquire Wall,3196,1,1,0,2.1599960327148438,100,-1,28.5,25.38,120659,-1,0,0.3818589448928833,1.228466510772705,-0.005770272575318813,0.0,0.0,32766,430,32766,457,32766,3.7530791759490967
2026-04-07T11:44:49.242,radio://0/80/2M,flow,0,0,Reacquire Wall,3395,1,1,0,2.1599960327148438,100,-1,28.5,25.38,120909,0,0,0.3818589448928833,0.8000449538230896,-0.039912670850753784,0.0,0.0,32766,430,32766,457,32766,3.7530791759490967
2026-04-07T11:44:49.243,radio://0/80/2M,range,0,0,Reacquire Wall,3395,1,1,0,2.1599960327148438,100,-1,28.5,25.38,120909,0,0,0.3818589448928833,0.8000449538230896,-0.039912670850753784,0.0,0.0,32766,423,32766,465,32766,3.7583577632904053
2026-04-07T11:44:49.490,radio://0/80/2M,mission,0,0,Reacquire Wall,3395,1,1,0,2.4099960327148438,100,0,28.5,25.38,120909,0,0,0.5302391052246094,0.8000449538230896,-0.039912670850753784,0.0,0.0,32766,423,32766,465,32766,3.7583577632904053
2026-04-07T11:44:49.493,radio://0/80/2M,flow,0,0,Reacquire Wall,3395,1,1,0,2.4099960327148438,100,0,28.5,25.38,121159,0,0,0.5302391052246094,0.7960385680198669,-0.011899164877831936,0.0,0.0,32766,423,32766,465,32766,3.7583577632904053
2026-04-07T11:44:49.494,radio://0/80/2M,range,0,0,Reacquire Wall,3395,1,1,0,2.4099960327148438,100,0,28.5,25.38,121159,0,0,0.5302391052246094,0.7960385680198669,-0.011899164877831936,0.0,0.0,2775,415,32766,443,32766,3.7583577632904053
2026-04-07T11:44:49.740,radio://0/80/2M,mission,0,0,Reacquire Wall,3395,1,1,0,2.6599960327148438,100,0,27.75,25.44,121159,0,0,0.31518465280532837,0.7960385680198669,-0.011899164877831936,0.0,0.0,2775,415,32766,443,32766,3.7583577632904053
2026-04-07T11:44:49.744,radio://0/80/2M,flow,0,0,Reacquire Wall,3395,1,1,0,2.6599960327148438,100,0,27.75,25.44,121409,0,2,0.31518465280532837,0.9880337119102478,0.11362636089324951,0.0,0.0,2775,415,32766,443,32766,3.7583577632904053
2026-04-07T11:44:49.745,radio://0/80/2M,range,0,0,Reacquire Wall,3395,1,1,0,2.6599960327148438,100,0,27.75,25.44,121409,0,2,0.31518465280532837,0.9880337119102478,0.11362636089324951,0.0,0.0,32766,408,32766,433,32766,3.7583577632904053
2026-04-07T11:44:49.990,radio://0/80/2M,mission,0,0,Reacquire Wall,3395,1,1,0,2.9099960327148438,100,0,27.5,25.44,121409,0,2,0.2962995767593384,0.9880337119102478,0.11362636089324951,0.0,0.0,32766,408,32766,433,32766,3.7583577632904053
2026-04-07T11:44:49.992,radio://0/80/2M,flow,0,0,Reacquire Wall,3395,1,1,0,2.9099960327148438,100,0,27.5,25.44,121659,0,0,0.2962995767593384,0.701535701751709,0.024967746809124947,0.0,0.0,32766,408,32766,433,32766,3.7583577632904053
2026-04-07T11:44:49.993,radio://0/80/2M,range,0,0,Reacquire Wall,3395,1,1,0,2.9099960327148438,100,0,27.5,25.44,121659,0,0,0.2962995767593384,0.701535701751709,0.024967746809124947,0.0,0.0,32766,403,32766,443,32766,3.7583577632904053
2026-04-07T11:44:50.240,radio://0/80/2M,mission,0,0,Reacquire Wall,3395,1,1,1,3.1599960327148438,100,0,27.75,25.44,121659,0,0,0.31258323788642883,0.701535701751709,0.024967746809124947,0.0,0.0,32766,403,32766,443,32766,3.7583577632904053
2026-04-07T11:44:50.243,radio://0/80/2M,flow,0,0,Reacquire Wall,3395,1,1,1,3.1599960327148438,100,0,27.75,25.44,121909,0,0,0.31258323788642883,0.49381014704704285,0.01951647736132145,0.0,0.0,32766,403,32766,443,32766,3.7583577632904053
2026-04-07T11:44:50.244,radio://0/80/2M,range,0,0,Reacquire Wall,3395,1,1,1,3.1599960327148438,100,0,27.75,25.44,121909,0,0,0.31258323788642883,0.49381014704704285,0.01951647736132145,0.0,0.0,32766,405,32766,445,32766,3.7583577632904053
2026-04-07T11:44:50.490,radio://0/80/2M,mission,0,0,Reacquire Wall,3395,1,1,1,3.4099960327148438,100,0,28.0,25.44,121909,0,0,0.3046491742134094,0.49381014704704285,0.01951647736132145,0.0,0.0,32766,405,32766,445,32766,3.7583577632904053
2026-04-07T11:44:50.491,radio://0/80/2M,flow,0,0,Reacquire Wall,3395,1,1,1,3.4099960327148438,100,0,28.0,25.44,122159,0,0,0.3046491742134094,0.3862527012825012,0.01034048292785883,0.0,0.0,32766,405,32766,445,32766,3.7583577632904053
2026-04-07T11:44:50.493,radio://0/80/2M,range,0,0,Reacquire Wall,3395,1,1,1,3.4099960327148438,100,0,28.0,25.44,122159,0,0,0.3046491742134094,0.3862527012825012,0.01034048292785883,0.0,0.0,32766,403,32766,443,32766,3.7530791759490967
2026-04-07T11:44:50.740,radio://0/80/2M,mission,0,0,Reacquire Wall,3395,1,1,1,3.6599960327148438,100,0,28.0,25.44,122159,0,0,0.30629807710647583,0.3862527012825012,0.01034048292785883,0.0,0.0,32766,403,32766,443,32766,3.7530791759490967
2026-04-07T11:44:50.743,radio://0/80/2M,flow,0,0,Reacquire Wall,3395,1,1,1,3.6599960327148438,100,0,28.0,25.44,122409,0,-1,0.30629807710647583,0.2966829240322113,-0.02038324624300003,0.0,0.0,32766,403,32766,443,32766,3.7530791759490967
2026-04-07T11:44:50.744,radio://0/80/2M,range,0,0,Reacquire Wall,3395,1,1,1,3.6599960327148438,100,0,28.0,25.44,122409,0,-1,0.30629807710647583,0.2966829240322113,-0.02038324624300003,0.0,0.0,32766,402,32766,439,32766,3.7583577632904053
2026-04-07T11:44:50.990,radio://0/80/2M,mission,0,0,Reacquire Wall,3395,1,1,1,3.9099960327148438,100,0,27.75,25.44,122409,0,-1,0.30210524797439575,0.2966829240322113,-0.02038324624300003,0.0,0.0,32766,402,32766,439,32766,3.7583577632904053
2026-04-07T11:44:50.991,radio://0/80/2M,flow,0,0,Reacquire Wall,3395,1,1,1,3.9099960327148438,100,0,27.75,25.44,122659,0,0,0.30210524797439575,0.20631441473960876,-0.04218888655304909,0.0,0.0,32766,402,32766,439,32766,3.7583577632904053
2026-04-07T11:44:50.993,radio://0/80/2M,range,0,0,Reacquire Wall,3395,1,1,1,3.9099960327148438,100,0,27.75,25.44,122659,0,0,0.30210524797439575,0.20631441473960876,-0.04218888655304909,0.0,0.0,32766,400,32766,436,32766,3.7583577632904053
2026-04-07T11:44:51.240,radio://0/80/2M,mission,0,0,Reacquire Wall,3395,1,1,1,4.159996032714844,100,0,27.5,25.44,122659,0,0,0.29862040281295776,0.20631441473960876,-0.04218888655304909,0.0,0.0,32766,400,32766,436,32766,3.7583577632904053
2026-04-07T11:44:51.241,radio://0/80/2M,flow,0,0,Reacquire Wall,3395,1,1,1,4.159996032714844,100,0,27.5,25.44,122909,0,0,0.29862040281295776,0.2441326379776001,-0.03915335610508919,0.0,0.0,32766,400,32766,436,32766,3.7583577632904053
2026-04-07T11:44:51.242,radio://0/80/2M,range,0,0,Reacquire Wall,3395,1,1,1,4.159996032714844,100,0,27.5,25.44,122909,0,0,0.29862040281295776,0.2441326379776001,-0.03915335610508919,0.0,0.0,264,398,32766,434,32766,3.7583577632904053
2026-04-07T11:44:51.489,radio://0/80/2M,mission,0,0,Reacquire Wall,3395,1,1,1,4.409996032714844,100,0,28.25,25.5,122909,0,0,0.2942166328430176,0.2441326379776001,-0.03915335610508919,0.0,0.0,264,398,32766,434,32766,3.7583577632904053
2026-04-07T11:44:51.492,radio://0/80/2M,flow,0,0,Reacquire Wall,3395,1,1,1,4.409996032714844,100,0,28.25,25.5,123159,1,-1,0.2942166328430176,0.23758971691131592,-0.06028380244970322,0.0,0.0,264,398,32766,434,32766,3.7583577632904053
2026-04-07T11:44:51.493,radio://0/80/2M,range,0,0,Reacquire Wall,3395,1,1,1,4.409996032714844,100,0,28.25,25.5,123159,1,-1,0.2942166328430176,0.23758971691131592,-0.06028380244970322,0.0,0.0,627,400,32766,437,32766,3.7530791759490967
2026-04-07T11:44:51.739,radio://0/80/2M,mission,0,0,Reacquire Wall,3395,1,1,1,4.659996032714844,100,0,28.0,25.44,123159,1,-1,0.29323047399520874,0.23758971691131592,-0.06028380244970322,0.0,0.0,627,400,32766,437,32766,3.7530791759490967
2026-04-07T11:44:51.743,radio://0/80/2M,flow,0,0,Reacquire Wall,3395,1,1,1,4.659996032714844,100,0,28.0,25.44,123409,0,1,0.29323047399520874,0.2473049908876419,-0.05627495422959328,0.0,0.0,627,400,32766,437,32766,3.7530791759490967
2026-04-07T11:44:51.744,radio://0/80/2M,range,0,0,Reacquire Wall,3395,1,1,1,4.659996032714844,100,0,28.0,25.44,123409,0,1,0.29323047399520874,0.2473049908876419,-0.05627495422959328,0.0,0.0,32766,406,32766,433,32766,3.7583577632904053
2026-04-07T11:44:51.989,radio://0/80/2M,mission,0,0,Reacquire Wall,3395,1,1,1,4.909996032714844,100,0,28.0,25.44,123409,0,1,0.2958504855632782,0.2473049908876419,-0.05627495422959328,0.0,0.0,32766,406,32766,433,32766,3.7583577632904053
2026-04-07T11:44:51.991,radio://0/80/2M,flow,0,0,Reacquire Wall,3395,1,1,1,4.909996032714844,100,0,28.0,25.44,123659,0,0,0.2958504855632782,0.21630756556987762,-0.09297509491443634,0.0,0.0,32766,406,32766,433,32766,3.7583577632904053
2026-04-07T11:44:51.992,radio://0/80/2M,range,0,0,Reacquire Wall,3395,1,1,1,4.909996032714844,100,0,28.0,25.44,123659,0,0,0.2958504855632782,0.21630756556987762,-0.09297509491443634,0.0,0.0,32766,404,32766,429,32766,3.7530791759490967
2026-04-07T11:44:52.239,radio://0/80/2M,mission,0,0,Reacquire Wall,3395,1,1,1,5.159996032714844,100,0,28.5,25.44,123659,0,0,0.2911377549171448,0.21630756556987762,-0.09297509491443634,0.0,0.0,32766,404,32766,429,32766,3.7530791759490967
2026-04-07T11:44:52.242,radio://0/80/2M,flow,0,0,Reacquire Wall,3395,1,1,1,5.159996032714844,100,0,28.5,25.44,123909,0,0,0.2911377549171448,0.1981944739818573,-0.0905303880572319,0.0,0.0,32766,404,32766,429,32766,3.7530791759490967
2026-04-07T11:44:52.243,radio://0/80/2M,range,0,0,Reacquire Wall,3395,1,1,1,5.159996032714844,100,0,28.5,25.44,123909,0,0,0.2911377549171448,0.1981944739818573,-0.0905303880572319,0.0,0.0,32766,405,32766,432,32766,3.7583577632904053
2026-04-07T11:44:52.489,radio://0/80/2M,mission,0,0,Reacquire Wall,3395,1,1,1,5.409996032714844,100,0,28.25,25.44,123909,0,0,0.29081907868385315,0.1981944739818573,-0.0905303880572319,0.0,0.0,32766,405,32766,432,32766,3.7583577632904053
2026-04-07T11:44:52.492,radio://0/80/2M,flow,0,0,Reacquire Wall,3395,1,1,1,5.409996032714844,100,0,28.25,25.44,124159,0,0,0.29081907868385315,0.2138969451189041,-0.0790247693657875,0.0,0.0,32766,405,32766,432,32766,3.7583577632904053
2026-04-07T11:44:52.493,radio://0/80/2M,range,0,0,Reacquire Wall,3395,1,1,1,5.409996032714844,100,0,28.25,25.44,124159,0,0,0.29081907868385315,0.2138969451189041,-0.0790247693657875,0.0,0.0,32766,406,32766,432,32766,3.7583577632904053
2026-04-07T11:44:52.739,radio://0/80/2M,mission,0,0,Reacquire Wall,3395,1,1,1,5.659996032714844,100,0,28.5,25.44,124159,0,0,0.29539385437965393,0.2138969451189041,-0.0790247693657875,0.0,0.0,32766,406,32766,432,32766,3.7583577632904053
2026-04-07T11:44:52.742,radio://0/80/2M,flow,0,0,Reacquire Wall,3395,1,1,1,5.659996032714844,100,0,28.5,25.44,124409,0,0,0.29539385437965393,0.2525307834148407,-0.07438765466213226,0.0,0.0,32766,406,32766,432,32766,3.7583577632904053
2026-04-07T11:44:52.743,radio://0/80/2M,range,0,0,Reacquire Wall,3395,1,1,1,5.659996032714844,100,0,28.5,25.44,124409,0,0,0.29539385437965393,0.2525307834148407,-0.07438765466213226,0.0,0.0,32766,408,32766,430,32766,3.7583577632904053
2026-04-07T11:44:52.989,radio://0/80/2M,mission,0,0,Reacquire Wall,3395,1,1,1,5.909996032714844,100,0,28.25,25.5,124409,0,0,0.6383028030395508,0.2525307834148407,-0.07438765466213226,0.0,0.0,32766,408,32766,430,32766,3.7583577632904053
2026-04-07T11:44:52.992,radio://0/80/2M,flow,0,0,Reacquire Wall,3607,1,1,1,5.909996032714844,100,0,28.25,25.5,124659,-4,-2,0.6383028030395508,-0.5147303342819214,-0.09605029225349426,0.0,0.0,32766,408,32766,430,32766,3.7583577632904053
2026-04-07T11:44:52.993,radio://0/80/2M,range,0,0,Reacquire Wall,3607,1,1,1,5.909996032714844,100,0,28.25,25.5,124659,-4,-2,0.6383028030395508,-0.5147303342819214,-0.09605029225349426,0.0,0.0,32766,409,32766,421,32766,3.7530791759490967
2026-04-07T11:44:53.239,radio://0/80/2M,mission,0,0,Reacquire Wall,3607,1,1,1,6.159996032714844,100,-1,28.75,25.44,124659,-4,-2,0.7917677760124207,-0.5147303342819214,-0.09605029225349426,0.0,0.0,32766,409,32766,421,32766,3.7530791759490967
2026-04-07T11:44:53.242,radio://0/80/2M,flow,0,0,Reacquire Wall,6220,1,1,1,6.159996032714844,100,-1,28.75,25.44,124909,2,-6,0.7917677760124207,-0.3361533582210541,-0.09754986315965652,0.0,0.0,32766,409,32766,421,32766,3.7530791759490967
2026-04-07T11:44:53.243,radio://0/80/2M,range,0,0,Reacquire Wall,6220,1,1,1,6.159996032714844,100,-1,28.75,25.44,124909,2,-6,0.7917677760124207,-0.3361533582210541,-0.09754986315965652,0.0,0.0,32766,462,32766,396,32766,3.7583577632904053
2026-04-07T11:44:53.489,radio://0/80/2M,mission,0,0,Reacquire Wall,6220,1,1,1,6.409996032714844,100,-1,29.25,25.44,124909,2,-6,0.30340564250946045,-0.3361533582210541,-0.09754986315965652,0.0,0.0,32766,462,32766,396,32766,3.7583577632904053
2026-04-07T11:44:53.492,radio://0/80/2M,flow,0,0,Reacquire Wall,6608,1,1,1,6.409996032714844,100,-1,29.25,25.44,125159,0,-6,0.30340564250946045,-0.7966388463973999,-0.20231004059314728,0.0,0.0,32766,462,32766,396,32766,3.7583577632904053
2026-04-07T11:44:53.493,radio://0/80/2M,range,0,0,Reacquire Wall,6608,1,1,1,6.409996032714844,100,-1,29.25,25.44,125159,0,-6,0.30340564250946045,-0.7966388463973999,-0.20231004059314728,0.0,0.0,2450,457,32766,367,32766,3.7530791759490967
2026-04-07T11:44:53.738,radio://0/80/2M,mission,0,0,Reacquire Wall,6608,1,1,1,6.659996032714844,100,-1,28.75,25.5,125159,0,-6,0.23695552349090576,-0.7966388463973999,-0.20231004059314728,0.0,0.0,2450,457,32766,367,32766,3.7530791759490967
2026-04-07T11:44:53.741,radio://0/80/2M,flow,0,0,Reacquire Wall,6608,1,1,1,6.659996032714844,100,-1,28.75,25.5,125409,0,0,0.23695552349090576,-1.0962767601013184,-0.33559632301330566,0.0,0.0,2450,457,32766,367,32766,3.7530791759490967
2026-04-07T11:44:53.742,radio://0/80/2M,range,0,0,Reacquire Wall,6608,1,1,1,6.659996032714844,100,-1,28.75,25.5,125409,0,0,0.23695552349090576,-1.0962767601013184,-0.33559632301330566,0.0,0.0,2185,456,32766,340,32766,3.7583577632904053
2026-04-07T11:44:53.988,radio://0/80/2M,mission,0,0,Reacquire Wall,6608,1,1,1,6.909996032714844,100,-1,28.5,25.5,125409,0,0,0.30069318413734436,-1.0962767601013184,-0.33559632301330566,0.0,0.0,2185,456,32766,340,32766,3.7583577632904053
2026-04-07T11:44:53.990,radio://0/80/2M,flow,0,0,Reacquire Wall,6608,1,1,1,6.909996032714844,100,-1,28.5,25.5,125659,2,2,0.30069318413734436,-1.5954539775848389,-0.5291709303855896,0.0,0.0,2185,456,32766,340,32766,3.7583577632904053
2026-04-07T11:44:53.991,radio://0/80/2M,range,0,0,Reacquire Wall,6608,1,1,1,6.909996032714844,100,-1,28.5,25.5,125659,2,2,0.30069318413734436,-1.5954539775848389,-0.5291709303855896,0.0,0.0,2170,460,32766,335,32766,3.7583577632904053
2026-04-07T11:44:54.239,radio://0/80/2M,mission,0,0,Reacquire Wall,6608,0,1,0,0.0,100,0,28.5,25.5,125659,2,2,0.34508946537971497,-1.5954539775848389,-0.5291709303855896,0.0,0.0,2170,460,32766,335,32766,3.7583577632904053
2026-04-07T11:44:54.240,radio://0/80/2M,flow,0,0,Reacquire Wall,6608,0,1,0,0.0,100,0,28.5,25.5,125909,0,-3,0.34508946537971497,-1.5782209634780884,-0.6001114249229431,0.0,0.0,2170,460,32766,335,32766,3.7583577632904053
2026-04-07T11:44:54.241,radio://0/80/2M,range,0,0,Reacquire Wall,6608,0,1,0,0.0,100,0,28.5,25.5,125909,0,-3,0.34508946537971497,-1.5782209634780884,-0.6001114249229431,0.0,0.0,2191,458,32766,338,32766,3.7583577632904053
2026-04-07T11:44:54.488,radio://0/80/2M,mission,0,0,Reacquire Wall,6608,0,1,0,0.0,100,0,28.75,25.44,125909,0,-3,0.3839072585105896,-1.5782209634780884,-0.6001114249229431,0.0,0.0,2191,458,32766,338,32766,3.7583577632904053
2026-04-07T11:44:54.490,radio://0/80/2M,flow,0,0,Reacquire Wall,8191,0,1,0,0.0,100,0,28.75,25.44,126159,0,0,0.3839072585105896,-1.2585362195968628,-0.6463953256607056,0.0,0.0,2191,458,32766,338,32766,3.7583577632904053
2026-04-07T11:44:54.491,radio://0/80/2M,range,0,0,Reacquire Wall,8191,0,1,0,0.0,100,0,28.75,25.44,126159,0,0,0.3839072585105896,-1.2585362195968628,-0.6463953256607056,0.0,0.0,2177,462,32766,338,32766,3.7530791759490967
2026-04-07T11:44:54.738,radio://0/80/2M,mission,0,0,Reacquire Wall,8191,0,1,0,0.0,100,0,29.0,25.44,126159,0,0,0.38473382592201233,-1.2585362195968628,-0.6463953256607056,0.0,0.0,2177,462,32766,338,32766,3.7530791759490967
2026-04-07T11:44:54.741,radio://0/80/2M,flow,0,0,Reacquire Wall,8191,0,1,0,0.0,100,0,29.0,25.44,126409,0,0,0.38473382592201233,-0.38616570830345154,-0.5804932117462158,0.0,0.0,2177,462,32766,338,32766,3.7530791759490967
2026-04-07T11:44:54.742,radio://0/80/2M,range,0,0,Reacquire Wall,8191,0,1,0,0.0,100,0,29.0,25.44,126409,0,0,0.38473382592201233,-0.38616570830345154,-0.5804932117462158,0.0,0.0,2192,461,32766,339,32766,3.7583577632904053
2026-04-07T11:44:54.988,radio://0/80/2M,mission,0,0,Reacquire Wall,8191,0,1,0,0.0,100,0,28.75,25.44,126409,0,0,0.4196189045906067,-0.38616570830345154,-0.5804932117462158,0.0,0.0,2192,461,32766,339,32766,3.7583577632904053
2026-04-07T11:44:54.990,radio://0/80/2M,flow,0,0,Reacquire Wall,8191,0,1,0,0.0,100,0,28.75,25.44,126659,0,1,0.4196189045906067,-0.5247395038604736,-0.5862358212471008,0.0,0.0,2192,461,32766,339,32766,3.7583577632904053
2026-04-07T11:44:54.991,radio://0/80/2M,range,0,0,Reacquire Wall,8191,0,1,0,0.0,100,0,28.75,25.44,126659,0,1,0.4196189045906067,-0.5247395038604736,-0.5862358212471008,0.0,0.0,2199,459,32766,342,32766,3.7530791759490967
2026-04-07T11:44:55.238,radio://0/80/2M,mission,0,0,Reacquire Wall,8191,1,1,0,0.05999755859375,100,-1,29.25,25.5,126659,0,1,0.48392730951309204,-0.5247395038604736,-0.5862358212471008,0.0,0.0,2199,459,32766,342,32766,3.7530791759490967
2026-04-07T11:44:55.241,radio://0/80/2M,flow,0,0,Reacquire Wall,8191,1,1,0,0.05999755859375,100,-1,29.25,25.5,126909,0,0,0.48392730951309204,-0.26670360565185547,-0.529731810092926,0.0,0.0,2199,459,32766,342,32766,3.7530791759490967
2026-04-07T11:44:55.242,radio://0/80/2M,range,0,0,Reacquire Wall,8191,1,1,0,0.05999755859375,100,-1,29.25,25.5,126909,0,0,0.48392730951309204,-0.26670360565185547,-0.529731810092926,0.0,0.0,2244,458,32766,342,32766,3.7583577632904053
2026-04-07T11:44:55.487,radio://0/80/2M,mission,0,0,Reacquire Wall,8191,1,1,0,0.30999755859375,100,0,28.25,25.44,126909,0,0,0.5269873738288879,-0.26670360565185547,-0.529731810092926,0.0,0.0,2244,458,32766,342,32766,3.7583577632904053
2026-04-07T11:44:55.490,radio://0/80/2M,flow,0,0,Reacquire Wall,8191,1,1,0,0.30999755859375,100,0,28.25,25.44,127159,1,0,0.5269873738288879,0.22373202443122864,-0.43051695823669434,0.0,0.0,2244,458,32766,342,32766,3.7583577632904053
2026-04-07T11:44:55.491,radio://0/80/2M,range,0,0,Reacquire Wall,8191,1,1,0,0.30999755859375,100,0,28.25,25.44,127159,1,0,0.5269873738288879,0.22373202443122864,-0.43051695823669434,0.0,0.0,2269,456,32766,342,32766,3.7583577632904053
2026-04-07T11:44:55.738,radio://0/80/2M,mission,0,0,Reacquire Wall,8191,1,1,0,0.55999755859375,100,-1,28.25,25.5,127159,1,0,0.5908422470092773,0.22373202443122864,-0.43051695823669434,0.0,0.0,2269,456,32766,342,32766,3.7583577632904053
2026-04-07T11:44:55.740,radio://0/80/2M,flow,0,0,Reacquire Wall,8191,1,1,0,0.55999755859375,100,-1,28.25,25.5,127409,0,3,0.5908422470092773,0.2881457507610321,-0.4099915027618408,0.0,0.0,2269,456,32766,342,32766,3.7583577632904053
2026-04-07T11:44:55.742,radio://0/80/2M,range,0,0,Reacquire Wall,8191,1,1,0,0.55999755859375,100,-1,28.25,25.5,127409,0,3,0.5908422470092773,0.2881457507610321,-0.4099915027618408,0.0,0.0,2324,458,32766,337,32766,3.7583577632904053
2026-04-07T11:44:55.987,radio://0/80/2M,mission,0,0,Reacquire Wall,8191,1,1,0,0.80999755859375,100,0,28.25,25.5,127409,0,3,0.48638397455215454,0.2881457507610321,-0.4099915027618408,0.0,0.0,2324,458,32766,337,32766,3.7583577632904053
2026-04-07T11:44:55.990,radio://0/80/2M,flow,0,0,Reacquire Wall,3780,1,1,0,0.80999755859375,100,0,28.25,25.5,127659,4,8,0.48638397455215454,0.4091155529022217,-0.541580855846405,0.0,0.0,2324,458,32766,337,32766,3.7583577632904053
2026-04-07T11:44:55.991,radio://0/80/2M,range,0,0,Reacquire Wall,3780,1,1,0,0.80999755859375,100,0,28.25,25.5,127659,4,8,0.48638397455215454,0.4091155529022217,-0.541580855846405,0.0,0.0,32766,456,32766,340,32766,3.7530791759490967
2026-04-07T11:44:56.238,radio://0/80/2M,mission,0,0,Reacquire Wall,3780,1,1,0,1.05999755859375,100,0,27.75,25.5,127659,4,8,0.12050466239452362,0.4091155529022217,-0.541580855846405,0.0,0.0,32766,456,32766,340,32766,3.7530791759490967
2026-04-07T11:44:56.241,radio://0/80/2M,flow,0,0,Reacquire Wall,2740,1,1,0,1.05999755859375,100,0,27.75,25.5,127909,4,1,0.12050466239452362,0.4768007695674896,-0.07990863174200058,0.0,0.0,32766,456,32766,340,32766,3.7530791759490967
2026-04-07T11:44:56.243,radio://0/80/2M,range,0,0,Reacquire Wall,2740,1,1,0,1.05999755859375,100,0,27.75,25.5,127909,4,1,0.12050466239452362,0.4768007695674896,-0.07990863174200058,0.0,0.0,32766,461,32766,347,32766,3.7583577632904053
2026-04-07T11:44:56.487,radio://0/80/2M,mission,0,0,Reacquire Wall,2740,1,1,0,1.30999755859375,100,1,26.5,25.5,127909,4,1,0.09135322272777557,0.4768007695674896,-0.07990863174200058,0.0,0.0,32766,461,32766,347,32766,3.7583577632904053
2026-04-07T11:44:56.489,radio://0/80/2M,flow,0,0,Reacquire Wall,2038,1,1,0,1.30999755859375,100,1,26.5,25.5,128159,0,0,0.09135322272777557,0.41463518142700195,-0.10126402974128723,0.0,0.0,32766,461,32766,347,32766,3.7583577632904053
2026-04-07T11:44:56.490,radio://0/80/2M,range,0,0,Reacquire Wall,2038,1,1,0,1.30999755859375,100,1,26.5,25.5,128159,0,0,0.09135322272777557,0.41463518142700195,-0.10126402974128723,0.0,0.0,32766,456,32766,32766,32766,3.7530791759490967
2026-04-07T11:44:56.737,radio://0/80/2M,mission,0,0,Reacquire Wall,2038,1,1,0,1.55999755859375,100,1,26.5,25.5,128159,0,0,0.13171927630901337,0.41463518142700195,-0.10126402974128723,0.0,0.0,32766,456,32766,32766,32766,3.7530791759490967
2026-04-07T11:44:56.740,radio://0/80/2M,flow,0,0,Reacquire Wall,2660,1,1,0,1.55999755859375,100,1,26.5,25.5,128409,-3,-2,0.13171927630901337,0.14927011728286743,-0.049894627183675766,0.0,0.0,32766,456,32766,32766,32766,3.7530791759490967
2026-04-07T11:44:56.741,radio://0/80/2M,range,0,0,Reacquire Wall,2660,1,1,0,1.55999755859375,100,1,26.5,25.5,128409,-3,-2,0.13171927630901337,0.14927011728286743,-0.049894627183675766,0.0,0.0,32766,453,32766,32766,32766,3.747800588607788
2026-04-07T11:44:56.987,radio://0/80/2M,mission,0,0,Reacquire Wall,2660,1,1,0,1.80999755859375,100,1,27.25,25.44,128409,-3,-2,0.20125848054885864,0.14927011728286743,-0.049894627183675766,0.0,0.0,32766,453,32766,32766,32766,3.747800588607788
2026-04-07T11:44:56.990,radio://0/80/2M,flow,0,0,Reacquire Wall,2814,1,1,0,1.80999755859375,100,1,27.25,25.44,128659,-2,-6,0.20125848054885864,0.1624397188425064,0.04701882600784302,0.0,0.0,32766,453,32766,32766,32766,3.747800588607788
2026-04-07T11:44:56.991,radio://0/80/2M,range,0,0,Reacquire Wall,2814,1,1,0,1.80999755859375,100,1,27.25,25.44,128659,-2,-6,0.20125848054885864,0.1624397188425064,0.04701882600784302,0.0,0.0,32766,473,32766,32766,32766,3.7530791759490967
2026-04-07T11:44:57.237,radio://0/80/2M,mission,0,0,Reacquire Wall,2814,1,1,0,2.05999755859375,100,0,27.5,25.5,128659,-2,-6,0.23459677398204803,0.1624397188425064,0.04701882600784302,0.0,0.0,32766,473,32766,32766,32766,3.7530791759490967
2026-04-07T11:44:57.238,radio://0/80/2M,flow,0,0,Reacquire Wall,3175,1,1,0,2.05999755859375,100,0,27.5,25.5,128909,0,0,0.23459677398204803,0.22074133157730103,0.05146505683660507,0.0,0.0,32766,473,32766,32766,32766,3.7530791759490967
2026-04-07T11:44:57.240,radio://0/80/2M,range,0,0,Reacquire Wall,3175,1,1,0,2.05999755859375,100,0,27.5,25.5,128909,0,0,0.23459677398204803,0.22074133157730103,0.05146505683660507,0.0,0.0,32766,459,32766,353,32766,3.747800588607788
2026-04-07T11:44:57.487,radio://0/80/2M,mission,0,0,Reacquire Wall,3175,1,1,0,2.30999755859375,100,0,28.25,25.5,128909,0,0,0.24661467969417572,0.22074133157730103,0.05146505683660507,0.0,0.0,32766,459,32766,353,32766,3.747800588607788
2026-04-07T11:44:57.490,radio://0/80/2M,flow,0,0,Reacquire Wall,3373,1,1,0,2.30999755859375,100,0,28.25,25.5,129159,-1,-1,0.24661467969417572,0.2378316968679428,0.03151323273777962,0.0,0.0,32766,459,32766,353,32766,3.747800588607788
2026-04-07T11:44:57.492,radio://0/80/2M,range,0,0,Reacquire Wall,3373,1,1,0,2.30999755859375,100,0,28.25,25.5,129159,-1,-1,0.24661467969417572,0.2378316968679428,0.03151323273777962,0.0,0.0,32766,449,32766,370,32766,3.7425220012664795
2026-04-07T11:44:57.737,radio://0/80/2M,mission,0,0,Reacquire Wall,3373,1,1,0,2.55999755859375,100,0,28.5,25.5,129159,-1,-1,0.28865328431129456,0.2378316968679428,0.03151323273777962,0.0,0.0,32766,449,32766,370,32766,3.7425220012664795
2026-04-07T11:44:57.738,radio://0/80/2M,flow,0,0,Reacquire Wall,3583,1,1,0,2.55999755859375,100,0,28.5,25.5,129409,1,0,0.28865328431129456,0.23606687784194946,0.08083082735538483,0.0,0.0,32766,449,32766,370,32766,3.7425220012664795
2026-04-07T11:44:57.740,radio://0/80/2M,range,0,0,Reacquire Wall,3583,1,1,0,2.55999755859375,100,0,28.5,25.5,129409,1,0,0.28865328431129456,0.23606687784194946,0.08083082735538483,0.0,0.0,32766,445,32766,360,32766,3.747800588607788
2026-04-07T11:44:57.986,radio://0/80/2M,mission,0,0,Reacquire Wall,3583,1,1,0,2.80999755859375,100,0,27.5,25.5,129409,1,0,0.3772273063659668,0.23606687784194946,0.08083082735538483,0.0,0.0,32766,445,32766,360,32766,3.747800588607788
2026-04-07T11:44:57.989,radio://0/80/2M,flow,0,0,Reacquire Wall,3806,1,1,0,2.80999755859375,100,0,27.5,25.5,129659,0,0,0.3772273063659668,0.23627345263957977,0.03255002200603485,0.0,0.0,32766,445,32766,360,32766,3.747800588607788
2026-04-07T11:44:57.991,radio://0/80/2M,range,0,0,Reacquire Wall,3806,1,1,0,2.80999755859375,100,0,27.5,25.5,129659,0,0,0.3772273063659668,0.23627345263957977,0.03255002200603485,0.0,0.0,407,441,32766,374,32766,3.747800588607788
2026-04-07T11:44:58.237,radio://0/80/2M,mission,0,0,Reacquire Wall,3806,1,1,1,3.05999755859375,100,0,27.75,25.5,129659,0,0,0.927564263343811,0.23627345263957977,0.03255002200603485,0.0,0.0,407,441,32766,374,32766,3.747800588607788
2026-04-07T11:44:58.238,radio://0/80/2M,flow,0,0,Reacquire Wall,4043,1,1,1,3.05999755859375,100,0,27.75,25.5,129909,0,-1,0.927564263343811,-0.4813407361507416,-0.025347016751766205,0.0,0.0,407,441,32766,374,32766,3.747800588607788
2026-04-07T11:44:58.239,radio://0/80/2M,range,0,0,Reacquire Wall,4043,1,1,1,3.05999755859375,100,0,27.75,25.5,129909,0,-1,0.927564263343811,-0.4813407361507416,-0.025347016751766205,0.0,0.0,360,448,32766,366,32766,3.747800588607788
2026-04-07T11:44:58.486,radio://0/80/2M,mission,0,0,Reacquire Wall,4043,1,1,1,3.30999755859375,100,0,28.75,25.5,129909,0,-1,0.9874123334884644,-0.4813407361507416,-0.025347016751766205,0.0,0.0,360,448,32766,366,32766,3.747800588607788
2026-04-07T11:44:58.489,radio://0/80/2M,flow,0,0,Reacquire Wall,4848,1,1,1,3.30999755859375,100,0,28.75,25.5,130159,0,0,0.9874123334884644,0.2090761810541153,0.1682703197002411,0.0,0.0,360,448,32766,366,32766,3.747800588607788
2026-04-07T11:44:58.490,radio://0/80/2M,range,0,0,Reacquire Wall,4848,1,1,1,3.30999755859375,100,0,28.75,25.5,130159,0,0,0.9874123334884644,0.2090761810541153,0.1682703197002411,0.0,0.0,32766,454,32766,363,32766,3.747800588607788
2026-04-07T11:44:58.736,radio://0/80/2M,mission,0,0,Reacquire Wall,4848,1,1,1,3.55999755859375,100,-1,27.75,25.5,130159,0,0,0.7775574922561646,0.2090761810541153,0.1682703197002411,0.0,0.0,32766,454,32766,363,32766,3.747800588607788
2026-04-07T11:44:58.739,radio://0/80/2M,flow,0,0,Reacquire Wall,5472,1,1,1,3.55999755859375,100,-1,27.75,25.5,130409,-1,-1,0.7775574922561646,1.1449888944625854,0.42187684774398804,0.0,0.0,32766,454,32766,363,32766,3.747800588607788
2026-04-07T11:44:58.740,radio://0/80/2M,range,0,0,Reacquire Wall,5472,1,1,1,3.55999755859375,100,-1,27.75,25.5,130409,-1,-1,0.7775574922561646,1.1449888944625854,0.42187684774398804,0.0,0.0,32766,466,32766,354,32766,3.747800588607788
2026-04-07T11:44:58.986,radio://0/80/2M,mission,0,0,Reacquire Wall,5472,1,1,1,3.80999755859375,100,-1,27.75,25.44,130409,-1,-1,0.7623608708381653,1.1449888944625854,0.42187684774398804,0.0,0.0,32766,466,32766,354,32766,3.747800588607788
2026-04-07T11:44:58.989,radio://0/80/2M,flow,0,0,Reacquire Wall,5472,1,1,1,3.80999755859375,100,-1,27.75,25.44,130659,0,-1,0.7623608708381653,0.8005348443984985,0.3709695339202881,0.0,0.0,32766,466,32766,354,32766,3.747800588607788
2026-04-07T11:44:58.990,radio://0/80/2M,range,0,0,Reacquire Wall,5472,1,1,1,3.80999755859375,100,-1,27.75,25.44,130659,0,-1,0.7623608708381653,0.8005348443984985,0.3709695339202881,0.0,0.0,32766,509,32766,345,32766,3.7425220012664795
2026-04-07T11:44:59.236,radio://0/80/2M,mission,0,0,Reacquire Wall,5472,1,1,1,4.05999755859375,100,-1,27.5,25.5,130659,0,-1,0.7906224727630615,0.8005348443984985,0.3709695339202881,0.0,0.0,32766,509,32766,345,32766,3.7425220012664795
2026-04-07T11:44:59.238,radio://0/80/2M,flow,0,0,Reacquire Wall,5472,1,1,1,4.05999755859375,100,-1,27.5,25.5,130909,-2,0,0.7906224727630615,0.846957802772522,0.3603418469429016,0.0,0.0,32766,509,32766,345,32766,3.7425220012664795
2026-04-07T11:44:59.239,radio://0/80/2M,range,0,0,Reacquire Wall,5472,1,1,1,4.05999755859375,100,-1,27.5,25.5,130909,-2,0,0.7906224727630615,0.846957802772522,0.3603418469429016,0.0,0.0,32766,513,32766,374,32766,3.747800588607788
2026-04-07T11:44:59.486,radio://0/80/2M,mission,0,0,Reacquire Wall,5472,1,1,1,4.30999755859375,100,-1,28.0,25.5,130909,-2,0,0.7638710141181946,0.846957802772522,0.3603418469429016,0.0,0.0,32766,513,32766,374,32766,3.747800588607788
2026-04-07T11:44:59.488,radio://0/80/2M,flow,0,0,Reacquire Wall,5472,1,1,1,4.30999755859375,100,-1,28.0,25.5,131159,0,0,0.7638710141181946,1.208598256111145,0.2660353481769562,0.0,0.0,32766,513,32766,374,32766,3.747800588607788
2026-04-07T11:44:59.489,radio://0/80/2M,range,0,0,Reacquire Wall,5472,1,1,1,4.30999755859375,100,-1,28.0,25.5,131159,0,0,0.7638710141181946,1.208598256111145,0.2660353481769562,0.0,0.0,32766,518,32766,388,32766,3.747800588607788
2026-04-07T11:44:59.736,radio://0/80/2M,mission,0,0,Reacquire Wall,5472,1,1,1,4.55999755859375,100,-1,27.5,25.5,131159,0,0,0.7269404530525208,1.208598256111145,0.2660353481769562,0.0,0.0,32766,518,32766,388,32766,3.747800588607788
2026-04-07T11:44:59.738,radio://0/80/2M,flow,0,0,Reacquire Wall,5472,1,1,1,4.55999755859375,100,-1,27.5,25.5,131409,0,1,0.7269404530525208,1.2187631130218506,0.22246883809566498,0.0,0.0,32766,518,32766,388,32766,3.747800588607788
2026-04-07T11:44:59.739,radio://0/80/2M,range,0,0,Reacquire Wall,5472,1,1,1,4.55999755859375,100,-1,27.5,25.5,131409,0,1,0.7269404530525208,1.2187631130218506,0.22246883809566498,0.0,0.0,32766,538,32766,388,32766,3.747800588607788
2026-04-07T11:44:59.986,radio://0/80/2M,mission,0,0,Reacquire Wall,5472,1,1,1,4.80999755859375,100,-1,27.75,25.5,131409,0,1,0.7524116635322571,1.2187631130218506,0.22246883809566498,0.0,0.0,32766,538,32766,388,32766,3.747800588607788
2026-04-07T11:44:59.989,radio://0/80/2M,flow,0,0,Reacquire Wall,5472,1,1,1,4.80999755859375,100,-1,27.75,25.5,131659,-1,-1,0.7524116635322571,1.1744953393936157,0.17586012184619904,0.0,0.0,32766,538,32766,388,32766,3.747800588607788
2026-04-07T11:44:59.990,radio://0/80/2M,range,0,0,Reacquire Wall,5472,1,1,1,4.80999755859375,100,-1,27.75,25.5,131659,-1,-1,0.7524116635322571,1.1744953393936157,0.17586012184619904,0.0,0.0,32766,542,32766,390,32766,3.747800588607788
2026-04-07T11:45:00.235,radio://0/80/2M,mission,0,0,Reacquire Wall,5472,1,1,1,5.05999755859375,100,-1,27.25,25.5,131659,-1,-1,0.8269012570381165,1.1744953393936157,0.17586012184619904,0.0,0.0,32766,542,32766,390,32766,3.747800588607788
2026-04-07T11:45:00.238,radio://0/80/2M,flow,0,0,Reacquire Wall,5472,1,1,1,5.05999755859375,100,-1,27.25,25.5,131909,-5,8,0.8269012570381165,1.197427749633789,0.09874983131885529,0.0,0.0,32766,542,32766,390,32766,3.747800588607788
2026-04-07T11:45:00.239,radio://0/80/2M,range,0,0,Reacquire Wall,5472,1,1,1,5.05999755859375,100,-1,27.25,25.5,131909,-5,8,0.8269012570381165,1.197427749633789,0.09874983131885529,0.0,0.0,32766,540,32766,407,32766,3.7425220012664795
2026-04-07T11:45:00.486,radio://0/80/2M,mission,0,0,Reacquire Wall,5472,1,1,1,5.30999755859375,100,-1,27.25,25.5,131909,-5,8,0.8694040179252625,1.197427749633789,0.09874983131885529,0.0,0.0,32766,540,32766,407,32766,3.7425220012664795
2026-04-07T11:45:00.487,radio://0/80/2M,flow,0,0,Reacquire Wall,5472,1,1,1,5.30999755859375,100,-1,27.25,25.5,132159,-2,1,0.8694040179252625,1.2208547592163086,0.07660424709320068,0.0,0.0,32766,540,32766,407,32766,3.7425220012664795
2026-04-07T11:45:00.488,radio://0/80/2M,range,0,0,Reacquire Wall,5472,1,1,1,5.30999755859375,100,-1,27.25,25.5,132159,-2,1,0.8694040179252625,1.2208547592163086,0.07660424709320068,0.0,0.0,32766,521,32766,408,32766,3.7425220012664795
2026-04-07T11:45:00.735,radio://0/80/2M,mission,0,0,Reacquire Wall,5472,1,1,1,5.55999755859375,100,-1,27.0,25.5,132159,-2,1,0.7740022540092468,1.2208547592163086,0.07660424709320068,0.0,0.0,32766,521,32766,408,32766,3.7425220012664795
2026-04-07T11:45:00.739,radio://0/80/2M,flow,0,0,Reacquire Wall,5472,1,1,1,5.55999755859375,100,-1,27.0,25.5,132409,0,0,0.7740022540092468,1.9144396781921387,0.15545754134655,0.0,0.0,32766,521,32766,408,32766,3.7425220012664795
2026-04-07T11:45:00.740,radio://0/80/2M,range,0,0,Reacquire Wall,5472,1,1,1,5.55999755859375,100,-1,27.0,25.5,132409,0,0,0.7740022540092468,1.9144396781921387,0.15545754134655,0.0,0.0,32766,507,32766,408,32766,3.747800588607788
2026-04-07T11:45:00.985,radio://0/80/2M,mission,0,0,Reacquire Wall,5472,1,1,1,5.80999755859375,100,-1,27.0,25.5,132409,0,0,0.6965804100036621,1.9144396781921387,0.15545754134655,0.0,0.0,32766,507,32766,408,32766,3.747800588607788
2026-04-07T11:45:00.988,radio://0/80/2M,flow,0,0,Reacquire Wall,6563,1,1,1,5.80999755859375,100,-1,27.0,25.5,132659,2,-1,0.6965804100036621,1.6098761558532715,-0.05520261824131012,0.0,0.0,32766,507,32766,408,32766,3.747800588607788
2026-04-07T11:45:00.989,radio://0/80/2M,range,0,0,Reacquire Wall,6563,1,1,1,5.80999755859375,100,-1,27.0,25.5,132659,2,-1,0.6965804100036621,1.6098761558532715,-0.05520261824131012,0.0,0.0,32766,518,32766,416,32766,3.747800588607788
2026-04-07T11:45:01.235,radio://0/80/2M,mission,0,0,Reacquire Wall,6563,1,1,1,6.05999755859375,100,-1,27.5,25.5,132659,2,-1,0.6481673121452332,1.6098761558532715,-0.05520261824131012,0.0,0.0,32766,518,32766,416,32766,3.747800588607788
2026-04-07T11:45:01.238,radio://0/80/2M,flow,0,0,Reacquire Wall,8191,1,1,1,6.05999755859375,100,-1,27.5,25.5,132909,0,-15,0.6481673121452332,1.0069297552108765,-0.017336571589112282,0.0,0.0,32766,518,32766,416,32766,3.747800588607788
2026-04-07T11:45:01.239,radio://0/80/2M,range,0,0,Reacquire Wall,8191,1,1,1,6.05999755859375,100,-1,27.5,25.5,132909,0,-15,0.6481673121452332,1.0069297552108765,-0.017336571589112282,0.0,0.0,2211,529,3154,347,32766,3.7583577632904053
2026-04-07T11:45:01.485,radio://0/80/2M,mission,0,0,Reacquire Wall,8191,1,1,1,6.30999755859375,98,-1,25.0,25.5,132909,0,-15,0.6150420904159546,1.0069297552108765,-0.017336571589112282,0.0,0.0,2211,529,3154,347,32766,3.7583577632904053
2026-04-07T11:45:01.488,radio://0/80/2M,flow,0,0,Reacquire Wall,8191,1,1,1,6.30999755859375,98,-1,25.0,25.5,133159,-1,0,0.6150420904159546,1.2416971921920776,0.18128086626529694,0.0,0.0,2211,529,3154,347,32766,3.7583577632904053
2026-04-07T11:45:01.489,radio://0/80/2M,range,0,0,Reacquire Wall,8191,1,1,1,6.30999755859375,98,-1,25.0,25.5,133159,-1,0,0.6150420904159546,1.2416971921920776,0.18128086626529694,0.0,0.0,1976,32766,3110,300,32766,3.763636350631714
2026-04-07T11:45:01.735,radio://0/80/2M,mission,0,0,Reacquire Wall,8191,1,1,1,6.55999755859375,100,-1,25.25,25.5,133159,-1,0,0.6269679665565491,1.2416971921920776,0.18128086626529694,0.0,0.0,1976,32766,3110,300,32766,3.763636350631714
2026-04-07T11:45:01.737,radio://0/80/2M,flow,0,0,Reacquire Wall,7680,1,1,1,6.55999755859375,100,-1,25.25,25.5,133409,1,2,0.6269679665565491,1.42674720287323,0.06294449418783188,0.0,0.0,1976,32766,3110,300,32766,3.763636350631714
2026-04-07T11:45:01.738,radio://0/80/2M,range,0,0,Reacquire Wall,7680,1,1,1,6.55999755859375,100,-1,25.25,25.5,133409,1,2,0.6269679665565491,1.42674720287323,0.06294449418783188,0.0,0.0,2022,582,32766,324,32766,3.7583577632904053
2026-04-07T11:45:01.985,radio://0/80/2M,mission,0,0,Reacquire Wall,7680,0,1,0,0.0,75,0,24.0,25.5,133409,1,2,0.6683027744293213,1.42674720287323,0.06294449418783188,0.0,0.0,2022,582,32766,324,32766,3.7583577632904053
2026-04-07T11:45:01.987,radio://0/80/2M,flow,0,0,Reacquire Wall,7680,0,1,0,0.0,75,0,24.0,25.5,133659,2,-1,0.6683027744293213,1.3714752197265625,0.036357197910547256,0.0,0.0,2022,582,32766,324,32766,3.7583577632904053
2026-04-07T11:45:01.989,radio://0/80/2M,range,0,0,Reacquire Wall,7680,0,1,0,0.0,75,0,24.0,25.5,133659,2,-1,0.6683027744293213,1.3714752197265625,0.036357197910547256,0.0,0.0,2017,578,32766,322,32766,3.7583577632904053
2026-04-07T11:45:02.235,radio://0/80/2M,mission,0,0,Reacquire Wall,7680,0,1,0,0.0,91,0,24.5,25.5,133659,2,-1,0.692139208316803,1.3714752197265625,0.036357197910547256,0.0,0.0,2017,578,32766,322,32766,3.7583577632904053
2026-04-07T11:45:02.238,radio://0/80/2M,flow,0,0,Reacquire Wall,7680,0,1,0,0.0,91,0,24.5,25.5,133909,0,0,0.692139208316803,1.5024430751800537,-0.022695697844028473,0.0,0.0,2017,578,32766,322,32766,3.7583577632904053
2026-04-07T11:45:02.240,radio://0/80/2M,range,0,0,Reacquire Wall,7680,0,1,0,0.0,91,0,24.5,25.5,133909,0,0,0.692139208316803,1.5024430751800537,-0.022695697844028473,0.0,0.0,2030,526,32766,326,32766,3.7583577632904053
2026-04-07T11:45:02.485,radio://0/80/2M,mission,0,0,Reacquire Wall,7680,0,1,0,0.0,95,0,25.0,25.5,133909,0,0,0.37299928069114685,1.5024430751800537,-0.022695697844028473,0.0,0.0,2030,526,32766,326,32766,3.7583577632904053
2026-04-07T11:45:02.487,radio://0/80/2M,flow,0,0,Reacquire Wall,7680,0,1,0,0.0,95,0,25.0,25.5,134159,4,10,0.37299928069114685,1.6829146146774292,0.06880521774291992,0.0,0.0,2030,526,32766,326,32766,3.7583577632904053
2026-04-07T11:45:02.488,radio://0/80/2M,range,0,0,Reacquire Wall,7680,0,1,0,0.0,95,0,25.0,25.5,134159,4,10,0.37299928069114685,1.6829146146774292,0.06880521774291992,0.0,0.0,2033,510,32766,320,32766,3.763636350631714
2026-04-07T11:45:02.735,radio://0/80/2M,mission,0,0,Reacquire Wall,7680,0,1,0,0.0,100,0,27.0,25.5,134159,4,10,0.5667235255241394,1.6829146146774292,0.06880521774291992,0.0,0.0,2033,510,32766,320,32766,3.763636350631714
2026-04-07T11:45:02.738,radio://0/80/2M,flow,0,0,Reacquire Wall,8160,0,1,0,0.0,100,0,27.0,25.5,134409,-2,9,0.5667235255241394,1.1651840209960938,-0.3249392509460449,0.0,0.0,2033,510,32766,320,32766,3.763636350631714
2026-04-07T11:45:02.739,radio://0/80/2M,range,0,0,Reacquire Wall,8160,0,1,0,0.0,100,0,27.0,25.5,134409,-2,9,0.5667235255241394,1.1651840209960938,-0.3249392509460449,0.0,0.0,32766,490,32766,394,32766,3.7583577632904053
2026-04-07T11:45:02.984,radio://0/80/2M,mission,0,0,Reacquire Wall,8160,1,1,0,0.1100006103515625,100,-1,28.25,25.5,134409,-2,9,1.0028650760650635,1.1651840209960938,-0.3249392509460449,0.0,0.0,32766,490,32766,394,32766,3.7583577632904053
2026-04-07T11:45:02.987,radio://0/80/2M,flow,0,0,Reacquire Wall,6304,1,1,0,0.1100006103515625,100,-1,28.25,25.5,134659,-3,-2,1.0028650760650635,0.8826083540916443,-0.22580306231975555,0.0,0.0,32766,490,32766,394,32766,3.7583577632904053
2026-04-07T11:45:02.988,radio://0/80/2M,range,0,0,Reacquire Wall,6304,1,1,0,0.1100006103515625,100,-1,28.25,25.5,134659,-3,-2,1.0028650760650635,0.8826083540916443,-0.22580306231975555,0.0,0.0,32766,488,32766,442,32766,3.7583577632904053
2026-04-07T11:45:03.235,radio://0/80/2M,mission,0,0,Reacquire Wall,6304,1,1,0,0.3600006103515625,100,-1,27.5,25.56,134659,-3,-2,1.0442397594451904,0.8826083540916443,-0.22580306231975555,0.0,0.0,32766,488,32766,442,32766,3.7583577632904053
2026-04-07T11:45:03.236,radio://0/80/2M,flow,0,0,Reacquire Wall,5910,1,1,0,0.3600006103515625,100,-1,27.5,25.56,134909,-2,-1,1.0442397594451904,0.9399323463439941,0.000388898333767429,0.0,0.0,32766,488,32766,442,32766,3.7583577632904053
2026-04-07T11:45:03.237,radio://0/80/2M,range,0,0,Reacquire Wall,5910,1,1,0,0.3600006103515625,100,-1,27.5,25.56,134909,-2,-1,1.0442397594451904,0.9399323463439941,0.000388898333767429,0.0,0.0,2949,482,32766,468,32766,3.7530791759490967
2026-04-07T11:45:03.484,radio://0/80/2M,mission,0,0,Reacquire Wall,5910,1,1,0,0.6100006103515625,100,-1,27.25,25.5,134909,-2,-1,0.8941149115562439,0.9399323463439941,0.000388898333767429,0.0,0.0,2949,482,32766,468,32766,3.7530791759490967
2026-04-07T11:45:03.487,radio://0/80/2M,flow,0,0,Reacquire Wall,5910,1,1,0,0.6100006103515625,100,-1,27.25,25.5,135159,3,5,0.8941149115562439,1.353450894355774,0.15990473330020905,0.0,0.0,2949,482,32766,468,32766,3.7530791759490967
2026-04-07T11:45:03.488,radio://0/80/2M,range,0,0,Reacquire Wall,5910,1,1,0,0.6100006103515625,100,-1,27.25,25.5,135159,3,5,0.8941149115562439,1.353450894355774,0.15990473330020905,0.0,0.0,32766,491,32766,429,32766,3.7530791759490967
2026-04-07T11:45:03.734,radio://0/80/2M,mission,0,0,Reacquire Wall,5910,1,1,0,0.8600006103515625,100,-1,27.25,25.5,135159,3,5,0.8260769844055176,1.353450894355774,0.15990473330020905,0.0,0.0,32766,491,32766,429,32766,3.7530791759490967
2026-04-07T11:45:03.739,radio://0/80/2M,flow,0,0,Reacquire Wall,5910,1,1,0,0.8600006103515625,100,-1,27.25,25.5,135409,0,2,0.8260769844055176,1.361200213432312,0.06827542185783386,0.0,0.0,32766,491,32766,429,32766,3.7530791759490967
2026-04-07T11:45:03.741,radio://0/80/2M,range,0,0,Reacquire Wall,5910,1,1,0,0.8600006103515625,100,-1,27.25,25.5,135409,0,2,0.8260769844055176,1.361200213432312,0.06827542185783386,0.0,0.0,32766,484,32766,405,32766,3.7583577632904053
2026-04-07T11:45:03.984,radio://0/80/2M,mission,0,0,Reacquire Wall,5910,1,1,0,1.1100006103515625,100,-1,28.25,25.56,135409,0,2,0.866301953792572,1.361200213432312,0.06827542185783386,0.0,0.0,32766,484,32766,405,32766,3.7583577632904053
2026-04-07T11:45:03.986,radio://0/80/2M,flow,0,0,Reacquire Wall,5910,1,1,0,1.1100006103515625,100,-1,28.25,25.56,135659,2,-2,0.866301953792572,1.1866397857666016,0.18051286041736603,0.0,0.0,32766,484,32766,405,32766,3.7583577632904053
2026-04-07T11:45:03.987,radio://0/80/2M,range,0,0,Reacquire Wall,5910,1,1,0,1.1100006103515625,100,-1,28.25,25.56,135659,2,-2,0.866301953792572,1.1866397857666016,0.18051286041736603,0.0,0.0,32766,482,32766,414,32766,3.7583577632904053
2026-04-07T11:45:04.234,radio://0/80/2M,mission,0,0,Reacquire Wall,5910,1,1,0,1.3600006103515625,100,-1,27.5,25.5,135659,2,-2,0.9616838097572327,1.1866397857666016,0.18051286041736603,0.0,0.0,32766,482,32766,414,32766,3.7583577632904053
2026-04-07T11:45:04.237,radio://0/80/2M,flow,0,0,Reacquire Wall,5910,1,1,0,1.3600006103515625,100,-1,27.5,25.5,135909,0,1,0.9616838097572327,1.2472383975982666,0.095868319272995,0.0,0.0,32766,482,32766,414,32766,3.7583577632904053
2026-04-07T11:45:04.238,radio://0/80/2M,range,0,0,Reacquire Wall,5910,1,1,0,1.3600006103515625,100,-1,27.5,25.5,135909,0,1,0.9616838097572327,1.2472383975982666,0.095868319272995,0.0,0.0,32766,469,32766,442,32766,3.7583577632904053
2026-04-07T11:45:04.484,radio://0/80/2M,mission,0,0,Reacquire Wall,5910,1,1,0,1.6100006103515625,100,0,27.75,25.5,135909,0,1,1.0282251834869385,1.2472383975982666,0.095868319272995,0.0,0.0,32766,469,32766,442,32766,3.7583577632904053
2026-04-07T11:45:04.486,radio://0/80/2M,flow,0,0,Reacquire Wall,5910,1,1,0,1.6100006103515625,100,0,27.75,25.5,136159,0,0,1.0282251834869385,1.4030141830444336,0.01794242486357689,0.0,0.0,32766,469,32766,442,32766,3.7583577632904053
2026-04-07T11:45:04.488,radio://0/80/2M,range,0,0,Reacquire Wall,5910,1,1,0,1.6100006103515625,100,0,27.75,25.5,136159,0,0,1.0282251834869385,1.4030141830444336,0.01794242486357689,0.0,0.0,32766,471,32766,32766,32766,3.763636350631714
2026-04-07T11:45:04.733,radio://0/80/2M,mission,0,0,Reacquire Wall,5910,1,1,0,1.8600006103515625,100,0,28.0,25.5,136159,0,0,1.0326746702194214,1.4030141830444336,0.01794242486357689,0.0,0.0,32766,471,32766,32766,32766,3.763636350631714
2026-04-07T11:45:04.736,radio://0/80/2M,flow,0,0,Reacquire Wall,5910,1,1,0,1.8600006103515625,100,0,28.0,25.5,136409,0,0,1.0326746702194214,1.8630037307739258,-0.15008912980556488,0.0,0.0,32766,471,32766,32766,32766,3.763636350631714
2026-04-07T11:45:04.737,radio://0/80/2M,range,0,0,Reacquire Wall,5910,1,1,0,1.8600006103515625,100,0,28.0,25.5,136409,0,0,1.0326746702194214,1.8630037307739258,-0.15008912980556488,0.0,0.0,32766,467,32766,447,32766,3.7530791759490967
2026-04-07T11:45:04.984,radio://0/80/2M,mission,0,0,Reacquire Wall,5910,1,1,0,2.1100006103515625,100,-1,28.25,25.5,136409,0,0,0.6655094623565674,1.8630037307739258,-0.15008912980556488,0.0,0.0,32766,467,32766,447,32766,3.7530791759490967
2026-04-07T11:45:04.987,radio://0/80/2M,flow,0,0,Reacquire Wall,7087,1,1,0,2.1100006103515625,100,-1,28.25,25.5,136659,-2,-9,0.6655094623565674,3.9311349391937256,-1.5629514455795288,0.0,0.0,32766,467,32766,447,32766,3.7530791759490967
2026-04-07T11:45:04.988,radio://0/80/2M,range,0,0,Reacquire Wall,7087,1,1,0,2.1100006103515625,100,-1,28.25,25.5,136659,-2,-9,0.6655094623565674,3.9311349391937256,-1.5629514455795288,0.0,0.0,32766,476,32766,415,32766,3.7583577632904053
2026-04-07T11:45:05.233,radio://0/80/2M,mission,0,0,Reacquire Wall,7087,1,1,0,2.3600006103515625,100,-1,27.0,25.56,136659,-2,-9,0.6220822334289551,3.9311349391937256,-1.5629514455795288,0.0,0.0,32766,476,32766,415,32766,3.7583577632904053
2026-04-07T11:45:05.236,radio://0/80/2M,flow,0,0,Reacquire Wall,7529,1,1,0,2.3600006103515625,100,-1,27.0,25.56,136909,3,-2,0.6220822334289551,1.520957350730896,-0.5131560564041138,0.0,0.0,32766,476,32766,415,32766,3.7583577632904053
2026-04-07T11:45:05.238,radio://0/80/2M,range,0,0,Reacquire Wall,7529,1,1,0,2.3600006103515625,100,-1,27.0,25.56,136909,3,-2,0.6220822334289551,1.520957350730896,-0.5131560564041138,0.0,0.0,1982,491,32766,345,32766,3.7583577632904053
2026-04-07T11:45:05.483,radio://0/80/2M,mission,0,0,Reacquire Wall,7529,1,1,0,2.6100006103515625,100,-1,25.75,25.5,136909,3,-2,0.08233653753995895,1.520957350730896,-0.5131560564041138,0.0,0.0,1982,491,32766,345,32766,3.7583577632904053
2026-04-07T11:45:05.486,radio://0/80/2M,flow,0,0,Reacquire Wall,7529,1,1,0,2.6100006103515625,100,-1,25.75,25.5,137159,1,6,0.08233653753995895,-0.06481357663869858,-0.9735187292098999,0.0,0.0,1982,491,32766,345,32766,3.7583577632904053
2026-04-07T11:45:05.487,radio://0/80/2M,range,0,0,Reacquire Wall,7529,1,1,0,2.6100006103515625,100,-1,25.75,25.5,137159,1,6,0.08233653753995895,-0.06481357663869858,-0.9735187292098999,0.0,0.0,1977,483,32766,364,32766,3.7583577632904053
2026-04-07T11:45:05.733,radio://0/80/2M,mission,0,0,Reacquire Wall,7529,0,1,0,0.0,100,0,27.0,25.56,137159,1,6,0.3644784688949585,-0.06481357663869858,-0.9735187292098999,0.0,0.0,1977,483,32766,364,32766,3.7583577632904053
2026-04-07T11:45:05.736,radio://0/80/2M,flow,0,0,Reacquire Wall,8191,0,1,0,0.0,100,0,27.0,25.56,137409,-5,11,0.3644784688949585,0.6993276476860046,-0.9315906763076782,0.0,0.0,1977,483,32766,364,32766,3.7583577632904053
2026-04-07T11:45:05.737,radio://0/80/2M,range,0,0,Reacquire Wall,8191,0,1,0,0.0,100,0,27.0,25.56,137409,-5,11,0.3644784688949585,0.6993276476860046,-0.9315906763076782,0.0,0.0,2122,484,32766,383,32766,3.7583577632904053
2026-04-07T11:45:05.983,radio://0/80/2M,mission,0,0,Reacquire Wall,8191,1,1,0,0.0099945068359375,100,0,28.25,25.56,137409,-5,11,0.5460348129272461,0.6993276476860046,-0.9315906763076782,0.0,0.0,2122,484,32766,383,32766,3.7583577632904053
2026-04-07T11:45:05.986,radio://0/80/2M,flow,0,0,Reacquire Wall,8191,1,1,0,0.0099945068359375,100,0,28.25,25.56,137659,-1,5,0.5460348129272461,0.3986992835998535,-0.6029155850410461,0.0,0.0,2122,484,32766,383,32766,3.7583577632904053
2026-04-07T11:45:05.987,radio://0/80/2M,range,0,0,Reacquire Wall,8191,1,1,0,0.0099945068359375,100,0,28.25,25.56,137659,-1,5,0.5460348129272461,0.3986992835998535,-0.6029155850410461,0.0,0.0,2297,521,32766,307,32766,3.7583577632904053
2026-04-07T11:45:06.233,radio://0/80/2M,mission,0,0,Reacquire Wall,8191,1,1,0,0.2599945068359375,100,0,27.5,25.56,137659,-1,5,0.3448242247104645,0.3986992835998535,-0.6029155850410461,0.0,0.0,2297,521,32766,307,32766,3.7583577632904053
2026-04-07T11:45:06.236,radio://0/80/2M,flow,0,0,Reacquire Wall,3544,1,1,0,0.2599945068359375,100,0,27.5,25.56,137909,3,7,0.3448242247104645,1.9807791709899902,-0.4865427613258362,0.0,0.0,2297,521,32766,307,32766,3.7583577632904053
2026-04-07T11:45:06.237,radio://0/80/2M,range,0,0,Reacquire Wall,3544,1,1,0,0.2599945068359375,100,0,27.5,25.56,137909,3,7,0.3448242247104645,1.9807791709899902,-0.4865427613258362,0.0,0.0,2419,571,32766,200,32766,3.7530791759490967
2026-04-07T11:45:06.483,radio://0/80/2M,mission,0,0,Reacquire Wall,3544,1,1,0,0.5099945068359375,100,1,27.0,25.56,137909,3,7,0.07118549942970276,1.9807791709899902,-0.4865427613258362,0.0,0.0,2419,571,32766,200,32766,3.7530791759490967
2026-04-07T11:45:06.486,radio://0/80/2M,flow,0,0,Reacquire Wall,2102,1,1,0,0.5099945068359375,100,1,27.0,25.56,138159,0,4,0.07118549942970276,1.1129348278045654,-0.24123556911945343,0.0,0.0,2419,571,32766,200,32766,3.7530791759490967
2026-04-07T11:45:06.487,radio://0/80/2M,range,0,0,Reacquire Wall,2102,1,1,0,0.5099945068359375,100,1,27.0,25.56,138159,0,4,0.07118549942970276,1.1129348278045654,-0.24123556911945343,0.0,0.0,32766,625,32766,185,32766,3.7530791759490967
2026-04-07T11:45:06.734,radio://0/80/2M,mission,0,0,Reacquire Wall,2102,1,1,0,0.7599945068359375,100,1,27.0,25.56,138159,0,4,0.06642211973667145,1.1129348278045654,-0.24123556911945343,0.0,0.0,32766,625,32766,185,32766,3.7530791759490967
2026-04-07T11:45:06.735,radio://0/80/2M,flow,0,0,Reacquire Wall,2605,1,1,0,0.7599945068359375,100,1,27.0,25.56,138409,-2,1,0.06642211973667145,0.4891416132450104,-0.07068778574466705,0.0,0.0,32766,625,32766,185,32766,3.7530791759490967
2026-04-07T11:45:06.737,radio://0/80/2M,range,0,0,Reacquire Wall,2605,1,1,0,0.7599945068359375,100,1,27.0,25.56,138409,-2,1,0.06642211973667145,0.4891416132450104,-0.07068778574466705,0.0,0.0,32766,582,32766,213,32766,3.7530791759490967
2026-04-07T11:45:06.983,radio://0/80/2M,mission,0,0,Reacquire Wall,2605,1,1,0,1.0099945068359375,100,1,26.5,25.56,138409,-2,1,0.046903643757104874,0.4891416132450104,-0.07068778574466705,0.0,0.0,32766,582,32766,213,32766,3.7530791759490967
2026-04-07T11:45:06.986,radio://0/80/2M,flow,0,0,Reacquire Wall,1689,1,1,0,1.0099945068359375,100,1,26.5,25.56,138659,8,9,0.046903643757104874,0.10993790626525879,-0.056855011731386185,0.0,0.0,32766,582,32766,213,32766,3.7530791759490967
2026-04-07T11:45:06.987,radio://0/80/2M,range,0,0,Reacquire Wall,1689,1,1,0,1.0099945068359375,100,1,26.5,25.56,138659,8,9,0.046903643757104874,0.10993790626525879,-0.056855011731386185,0.0,0.0,708,562,269,257,32766,3.763636350631714
2026-04-07T11:45:07.232,radio://0/80/2M,mission,0,0,Reacquire Wall,1689,1,1,0,1.2599945068359375,100,1,26.25,25.5,138659,8,9,0.02477758191525936,0.10993790626525879,-0.056855011731386185,0.0,0.0,708,562,269,257,32766,3.763636350631714
2026-04-07T11:45:07.235,radio://0/80/2M,flow,0,0,Reacquire Wall,1807,1,1,0,1.2599945068359375,100,1,26.25,25.5,138909,9,0,0.02477758191525936,-0.045784659683704376,-0.041358545422554016,0.0,0.0,708,562,269,257,32766,3.763636350631714
2026-04-07T11:45:07.236,radio://0/80/2M,range,0,0,Reacquire Wall,1807,1,1,0,1.2599945068359375,100,1,26.25,25.5,138909,9,0,0.02477758191525936,-0.045784659683704376,-0.041358545422554016,0.0,0.0,32766,549,197,264,32766,3.7583577632904053
2026-04-07T11:45:07.483,radio://0/80/2M,mission,0,0,Reacquire Wall,1807,1,1,0,1.5099945068359375,100,1,26.25,25.56,138909,9,0,0.009358569979667664,-0.045784659683704376,-0.041358545422554016,0.0,0.0,32766,549,197,264,32766,3.7583577632904053
2026-04-07T11:45:07.485,radio://0/80/2M,flow,0,0,Reacquire Wall,1329,1,1,0,1.5099945068359375,100,1,26.25,25.56,139159,15,5,0.009358569979667664,-0.07395505905151367,-0.02800452895462513,0.0,0.0,32766,549,197,264,32766,3.7583577632904053
2026-04-07T11:45:07.486,radio://0/80/2M,range,0,0,Reacquire Wall,1329,1,1,0,1.5099945068359375,100,1,26.25,25.56,139159,15,5,0.009358569979667664,-0.07395505905151367,-0.02800452895462513,0.0,0.0,32766,544,198,32766,32766,3.763636350631714
2026-04-07T11:45:07.733,radio://0/80/2M,mission,0,0,Reacquire Wall,1329,0,1,0,0.0,100,0,26.0,25.56,139159,15,5,0.003560885088518262,-0.07395505905151367,-0.02800452895462513,0.0,0.0,32766,544,198,32766,32766,3.763636350631714
2026-04-07T11:45:07.734,radio://0/80/2M,flow,0,0,Reacquire Wall,1343,0,1,0,0.0,100,0,26.0,25.56,139409,-1,-1,0.003560885088518262,0.022652119398117065,0.037087470293045044,0.0,0.0,32766,544,198,32766,32766,3.763636350631714
2026-04-07T11:45:07.735,radio://0/80/2M,range,0,0,Reacquire Wall,1343,0,1,0,0.0,100,0,26.0,25.56,139409,-1,-1,0.003560885088518262,0.022652119398117065,0.037087470293045044,0.0,0.0,32766,531,245,32766,32766,3.7583577632904053
2026-04-07T11:45:07.982,radio://0/80/2M,mission,0,0,Reacquire Wall,1343,0,1,0,0.0,100,0,26.0,25.56,139409,-1,-1,-0.0005579887656494975,0.022652119398117065,0.037087470293045044,0.0,0.0,32766,531,245,32766,32766,3.7583577632904053
2026-04-07T11:45:07.985,radio://0/80/2M,flow,0,0,Reacquire Wall,1646,0,1,0,0.0,100,0,26.0,25.56,139659,0,-2,-0.0005579887656494975,-0.022090233862400055,0.0036349655129015446,0.0,0.0,32766,531,245,32766,32766,3.7583577632904053
2026-04-07T11:45:07.986,radio://0/80/2M,range,0,0,Reacquire Wall,1646,0,1,0,0.0,100,0,26.0,25.56,139659,0,-2,-0.0005579887656494975,-0.022090233862400055,0.0036349655129015446,0.0,0.0,156,536,205,32766,32766,3.763636350631714
2026-04-07T11:45:08.233,radio://0/80/2M,mission,0,0,Reacquire Wall,1646,0,1,0,0.0,100,0,26.5,25.56,139659,0,-2,0.000487548706587404,-0.022090233862400055,0.0036349655129015446,0.0,0.0,156,536,205,32766,32766,3.763636350631714
2026-04-07T11:45:08.234,radio://0/80/2M,flow,0,0,Reacquire Wall,1897,0,1,0,0.0,100,0,26.5,25.56,139909,0,-1,0.000487548706587404,-0.018686063587665558,0.0448119081556797,0.0,0.0,156,536,205,32766,32766,3.763636350631714
2026-04-07T11:45:08.235,radio://0/80/2M,range,0,0,Reacquire Wall,1897,0,1,0,0.0,100,0,26.5,25.56,139909,0,-1,0.000487548706587404,-0.018686063587665558,0.0448119081556797,0.0,0.0,121,530,212,32766,32766,3.763636350631714
2026-04-07T11:45:08.482,radio://0/80/2M,mission,0,0,Reacquire Wall,1897,0,1,0,0.0,100,0,26.25,25.56,139909,0,-1,-0.0004988157306797802,-0.018686063587665558,0.0448119081556797,0.0,0.0,121,530,212,32766,32766,3.763636350631714
2026-04-07T11:45:08.484,radio://0/80/2M,flow,0,0,Reacquire Wall,2052,0,1,0,0.0,100,0,26.25,25.56,140159,-6,-3,-0.0004988157306797802,0.05219674110412598,0.027989808470010757,0.0,0.0,121,530,212,32766,32766,3.763636350631714
2026-04-07T11:45:08.485,radio://0/80/2M,range,0,0,Reacquire Wall,2052,0,1,0,0.0,100,0,26.25,25.56,140159,-6,-3,-0.0004988157306797802,0.05219674110412598,0.027989808470010757,0.0,0.0,116,518,32766,32766,32766,3.763636350631714
2026-04-07T11:45:08.732,radio://0/80/2M,mission,0,0,Reacquire Wall,2052,0,1,0,0.0,100,0,25.75,25.56,140159,-6,-3,-0.0007635954534634948,0.05219674110412598,0.027989808470010757,0.0,0.0,116,518,32766,32766,32766,3.763636350631714
2026-04-07T11:45:08.734,radio://0/80/2M,flow,0,0,Reacquire Wall,4505,0,1,0,0.0,100,0,25.75,25.56,140409,0,0,-0.0007635954534634948,0.0041228062473237514,0.07553283125162125,0.0,0.0,116,518,32766,32766,32766,3.763636350631714
2026-04-07T11:45:08.735,radio://0/80/2M,range,0,0,Reacquire Wall,4505,0,1,0,0.0,100,0,25.75,25.56,140409,0,0,-0.0007635954534634948,0.0041228062473237514,0.07553283125162125,0.0,0.0,187,510,32766,32766,32766,3.763636350631714
2026-04-07T11:45:08.982,radio://0/80/2M,mission,0,0,Reacquire Wall,4505,0,1,0,0.0,100,0,26.0,25.56,140409,0,0,0.0013016461161896586,0.0041228062473237514,0.07553283125162125,0.0,0.0,187,510,32766,32766,32766,3.763636350631714
2026-04-07T11:45:08.985,radio://0/80/2M,flow,0,0,Reacquire Wall,7739,0,1,0,0.0,100,0,26.0,25.56,140659,3,0,0.0013016461161896586,0.005079939030110836,0.017063872888684273,0.0,0.0,187,510,32766,32766,32766,3.763636350631714
2026-04-07T11:45:08.986,radio://0/80/2M,range,0,0,Reacquire Wall,7739,0,1,0,0.0,100,0,26.0,25.56,140659,3,0,0.0013016461161896586,0.005079939030110836,0.017063872888684273,0.0,0.0,32766,512,32766,32766,32766,3.763636350631714
2026-04-07T11:45:09.232,radio://0/80/2M,mission,0,0,Reacquire Wall,7739,0,1,0,0.0,100,0,25.75,25.56,140659,3,0,0.0003566947125364095,0.005079939030110836,0.017063872888684273,0.0,0.0,32766,512,32766,32766,32766,3.763636350631714
2026-04-07T11:45:09.233,radio://0/80/2M,flow,0,0,Reacquire Wall,8191,0,1,0,0.0,100,0,25.75,25.56,140909,3,0,0.0003566947125364095,-0.0031179662328213453,0.003832085058093071,0.0,0.0,32766,512,32766,32766,32766,3.763636350631714
2026-04-07T11:45:09.235,radio://0/80/2M,range,0,0,Reacquire Wall,8191,0,1,0,0.0,100,0,25.75,25.56,140909,3,0,0.0003566947125364095,-0.0031179662328213453,0.003832085058093071,0.0,0.0,32766,508,32766,32766,32766,3.763636350631714
2026-04-07T11:45:09.481,radio://0/80/2M,mission,0,0,Reacquire Wall,8191,0,1,0,0.0,100,0,26.0,25.56,140909,3,0,0.0001351251994492486,-0.0031179662328213453,0.003832085058093071,0.0,0.0,32766,508,32766,32766,32766,3.763636350631714
2026-04-07T11:45:09.484,radio://0/80/2M,flow,0,0,Reacquire Wall,8160,0,1,0,0.0,100,0,26.0,25.56,141159,3,1,0.0001351251994492486,0.0018471701769158244,-0.0027824819553643465,0.0,0.0,32766,508,32766,32766,32766,3.763636350631714
2026-04-07T11:45:09.485,radio://0/80/2M,range,0,0,Reacquire Wall,8160,0,1,0,0.0,100,0,26.0,25.56,141159,3,1,0.0001351251994492486,0.0018471701769158244,-0.0027824819553643465,0.0,0.0,389,508,32766,32766,32766,3.763636350631714
2026-04-07T11:45:09.731,radio://0/80/2M,mission,0,0,Reacquire Wall,8160,0,1,0,0.0,100,0,26.0,25.56,141159,3,1,0.00016447035886812955,0.0018471701769158244,-0.0027824819553643465,0.0,0.0,389,508,32766,32766,32766,3.763636350631714
2026-04-07T11:45:09.734,radio://0/80/2M,flow,0,0,Reacquire Wall,8191,0,1,0,0.0,100,0,26.0,25.56,141409,0,3,0.00016447035886812955,-0.02023431472480297,0.003977974411100149,0.0,0.0,389,508,32766,32766,32766,3.763636350631714
2026-04-07T11:45:09.735,radio://0/80/2M,range,0,0,Reacquire Wall,8191,0,1,0,0.0,100,0,26.0,25.56,141409,0,3,0.00016447035886812955,-0.02023431472480297,0.003977974411100149,0.0,0.0,410,508,32766,32766,32766,3.763636350631714
2026-04-07T11:45:09.982,radio://0/80/2M,mission,0,0,Reacquire Wall,8191,0,1,0,0.0,99,0,25.75,25.62,141409,0,3,0.00016533228335902095,-0.02023431472480297,0.003977974411100149,0.0,0.0,410,508,32766,32766,32766,3.763636350631714
2026-04-07T11:45:09.983,radio://0/80/2M,flow,0,0,Reacquire Wall,8160,0,1,0,0.0,99,0,25.75,25.62,141659,0,1,0.00016533228335902095,-0.005751717835664749,0.006555878557264805,0.0,0.0,410,508,32766,32766,32766,3.763636350631714
2026-04-07T11:45:09.984,radio://0/80/2M,range,0,0,Reacquire Wall,8160,0,1,0,0.0,99,0,25.75,25.62,141659,0,1,0.00016533228335902095,-0.005751717835664749,0.006555878557264805,0.0,0.0,418,500,32766,32766,32766,3.763636350631714
2026-04-07T11:45:10.232,radio://0/80/2M,mission,0,0,Reacquire Wall,8160,0,1,0,0.0,100,0,25.75,25.56,141659,0,1,0.0002767339174170047,-0.005751717835664749,0.006555878557264805,0.0,0.0,418,500,32766,32766,32766,3.763636350631714
2026-04-07T11:45:10.233,radio://0/80/2M,flow,0,0,Reacquire Wall,8191,0,1,0,0.0,100,0,25.75,25.56,141909,0,0,0.0002767339174170047,-0.006997653748840094,-0.00047060183715075254,0.0,0.0,418,500,32766,32766,32766,3.763636350631714
2026-04-07T11:45:10.235,radio://0/80/2M,range,0,0,Reacquire Wall,8191,0,1,0,0.0,100,0,25.75,25.56,141909,0,0,0.0002767339174170047,-0.006997653748840094,-0.00047060183715075254,0.0,0.0,377,478,32766,32766,32766,3.763636350631714
2026-04-07T11:45:10.481,radio://0/80/2M,mission,0,0,Reacquire Wall,8191,0,1,0,0.0,100,0,26.0,25.62,141909,0,0,0.00020719246822409332,-0.006997653748840094,-0.00047060183715075254,0.0,0.0,377,478,32766,32766,32766,3.763636350631714
2026-04-07T11:45:10.484,radio://0/80/2M,flow,0,0,Reacquire Wall,8160,0,1,0,0.0,100,0,26.0,25.62,142159,-7,0,0.00020719246822409332,0.003437264123931527,0.0013067660620436072,0.0,0.0,377,478,32766,32766,32766,3.763636350631714
2026-04-07T11:45:10.485,radio://0/80/2M,range,0,0,Reacquire Wall,8160,0,1,0,0.0,100,0,26.0,25.62,142159,-7,0,0.00020719246822409332,0.003437264123931527,0.0013067660620436072,0.0,0.0,379,446,32766,32766,32766,3.763636350631714
2026-04-07T11:45:10.731,radio://0/80/2M,mission,0,0,Reacquire Wall,8160,0,1,0,0.0,100,0,25.75,25.56,142159,-7,0,0.0002570074575487524,0.003437264123931527,0.0013067660620436072,0.0,0.0,379,446,32766,32766,32766,3.763636350631714
2026-04-07T11:45:10.734,radio://0/80/2M,flow,0,0,Reacquire Wall,8191,0,1,0,0.0,100,0,25.75,25.56,142409,-5,0,0.0002570074575487524,-0.0008272640989162028,0.005305500701069832,0.0,0.0,379,446,32766,32766,32766,3.763636350631714
2026-04-07T11:45:10.735,radio://0/80/2M,range,0,0,Reacquire Wall,8191,0,1,0,0.0,100,0,25.75,25.56,142409,-5,0,0.0002570074575487524,-0.0008272640989162028,0.005305500701069832,0.0,0.0,407,489,32766,32766,32766,3.763636350631714
2026-04-07T11:45:10.981,radio://0/80/2M,mission,0,0,Reacquire Wall,8191,0,1,0,0.0,100,0,28.75,25.56,142409,-5,0,0.0002902404230553657,-0.0008272640989162028,0.005305500701069832,0.0,0.0,407,489,32766,32766,32766,3.763636350631714
2026-04-07T11:45:10.984,radio://0/80/2M,flow,0,0,Reacquire Wall,8160,0,1,0,0.0,100,0,28.75,25.56,142659,-4,-4,0.0002902404230553657,0.003014735644683242,-2.4551722162868828e-05,0.0,0.0,407,489,32766,32766,32766,3.763636350631714
2026-04-07T11:45:10.985,radio://0/80/2M,range,0,0,Reacquire Wall,8160,0,1,0,0.0,100,0,28.75,25.56,142659,-4,-4,0.0002902404230553657,0.003014735644683242,-2.4551722162868828e-05,0.0,0.0,433,471,32766,32766,32766,3.763636350631714
2026-04-07T11:45:11.231,radio://0/80/2M,mission,0,0,Reacquire Wall,8160,1,1,0,0.149993896484375,100,0,29.0,25.62,142659,-4,-4,0.00027814944041892886,0.003014735644683242,-2.4551722162868828e-05,0.0,0.0,433,471,32766,32766,32766,3.763636350631714
2026-04-07T11:45:11.233,radio://0/80/2M,flow,0,0,Reacquire Wall,8191,1,1,0,0.149993896484375,100,0,29.0,25.62,142909,-4,2,0.00027814944041892886,-0.0014247484505176544,0.002330190734937787,0.0,0.0,433,471,32766,32766,32766,3.763636350631714
2026-04-07T11:45:11.234,radio://0/80/2M,range,0,0,Reacquire Wall,8191,1,1,0,0.149993896484375,100,0,29.0,25.62,142909,-4,2,0.00027814944041892886,-0.0014247484505176544,0.002330190734937787,0.0,0.0,152,462,32766,32766,32766,3.763636350631714
2026-04-07T11:45:11.481,radio://0/80/2M,mission,0,0,Reacquire Wall,8191,1,1,0,0.399993896484375,100,0,29.0,25.56,142909,-4,2,0.0003746583533938974,-0.0014247484505176544,0.002330190734937787,0.0,0.0,152,462,32766,32766,32766,3.763636350631714
2026-04-07T11:45:11.483,radio://0/80/2M,flow,0,0,Reacquire Wall,8191,1,1,0,0.399993896484375,100,0,29.0,25.56,143159,0,-1,0.0003746583533938974,0.001205445732921362,-0.002990142907947302,0.0,0.0,152,462,32766,32766,32766,3.763636350631714
2026-04-07T11:45:11.485,radio://0/80/2M,range,0,0,Reacquire Wall,8191,1,1,0,0.399993896484375,100,0,29.0,25.56,143159,0,-1,0.0003746583533938974,0.001205445732921362,-0.002990142907947302,0.0,0.0,95,470,32766,32766,32766,3.763636350631714
2026-04-07T11:45:11.730,radio://0/80/2M,mission,0,0,Reacquire Wall,8191,1,1,0,0.649993896484375,100,0,28.75,25.56,143159,0,-1,0.00035229584318585694,0.001205445732921362,-0.002990142907947302,0.0,0.0,95,470,32766,32766,32766,3.763636350631714
2026-04-07T11:45:11.733,radio://0/80/2M,flow,0,0,Reacquire Wall,8191,1,1,0,0.649993896484375,100,0,28.75,25.56,143409,-1,0,0.00035229584318585694,-0.011816074140369892,0.01300032902508974,0.0,0.0,95,470,32766,32766,32766,3.763636350631714
2026-04-07T11:45:11.735,radio://0/80/2M,range,0,0,Reacquire Wall,8191,1,1,0,0.649993896484375,100,0,28.75,25.56,143409,-1,0,0.00035229584318585694,-0.011816074140369892,0.01300032902508974,0.0,0.0,102,469,32766,32766,32766,3.7583577632904053
2026-04-07T11:45:11.981,radio://0/80/2M,mission,0,0,Reacquire Wall,8191,1,1,0,0.899993896484375,100,0,28.75,25.62,143409,-1,0,0.00024184877111110836,-0.011816074140369892,0.01300032902508974,0.0,0.0,102,469,32766,32766,32766,3.7583577632904053
2026-04-07T11:45:11.984,radio://0/80/2M,flow,0,0,Reacquire Wall,8160,1,1,0,0.899993896484375,100,0,28.75,25.62,143659,-4,0,0.00024184877111110836,-0.00038229546044021845,0.002611192874610424,0.0,0.0,102,469,32766,32766,32766,3.7583577632904053
2026-04-07T11:45:11.985,radio://0/80/2M,range,0,0,Reacquire Wall,8160,1,1,0,0.899993896484375,100,0,28.75,25.62,143659,-4,0,0.00024184877111110836,-0.00038229546044021845,0.002611192874610424,0.0,0.0,114,475,32766,32766,32766,3.763636350631714
2026-04-07T11:45:12.231,radio://0/80/2M,mission,0,0,Reacquire Wall,8160,1,1,0,1.149993896484375,100,0,28.75,25.56,143659,-4,0,0.00021168965031392872,-0.00038229546044021845,0.002611192874610424,0.0,0.0,114,475,32766,32766,32766,3.763636350631714
2026-04-07T11:45:12.232,radio://0/80/2M,flow,0,0,Reacquire Wall,8191,1,1,0,1.149993896484375,100,0,28.75,25.56,143909,-6,1,0.00021168965031392872,0.0028111778665333986,0.0064184959046542645,0.0,0.0,114,475,32766,32766,32766,3.763636350631714
2026-04-07T11:45:12.234,radio://0/80/2M,range,0,0,Reacquire Wall,8191,1,1,0,1.149993896484375,100,0,28.75,25.56,143909,-6,1,0.00021168965031392872,0.0028111778665333986,0.0064184959046542645,0.0,0.0,111,475,32766,32766,32766,3.763636350631714
2026-04-07T11:45:12.481,radio://0/80/2M,mission,0,0,Reacquire Wall,8191,1,1,0,1.399993896484375,100,0,28.5,25.56,143909,-6,1,0.000266813236521557,0.0028111778665333986,0.0064184959046542645,0.0,0.0,111,475,32766,32766,32766,3.763636350631714
2026-04-07T11:45:12.482,radio://0/80/2M,flow,0,0,Reacquire Wall,8160,1,1,0,1.399993896484375,100,0,28.5,25.56,144159,5,-4,0.000266813236521557,-0.011737280525267124,0.0247208122164011,0.0,0.0,111,475,32766,32766,32766,3.763636350631714
2026-04-07T11:45:12.483,radio://0/80/2M,range,0,0,Reacquire Wall,8160,1,1,0,1.399993896484375,100,0,28.5,25.56,144159,5,-4,0.000266813236521557,-0.011737280525267124,0.0247208122164011,0.0,0.0,104,473,32766,32766,32766,3.7583577632904053
2026-04-07T11:45:12.730,radio://0/80/2M,mission,0,0,Reacquire Wall,8160,1,1,0,1.649993896484375,100,0,28.5,25.56,144159,5,-4,0.00017249393567908555,-0.011737280525267124,0.0247208122164011,0.0,0.0,104,473,32766,32766,32766,3.7583577632904053
2026-04-07T11:45:12.733,radio://0/80/2M,flow,0,0,Reacquire Wall,8191,1,1,0,1.649993896484375,100,0,28.5,25.56,144409,1,0,0.00017249393567908555,-0.0045651523396372795,0.012317901477217674,0.0,0.0,104,473,32766,32766,32766,3.7583577632904053
2026-04-07T11:45:12.735,radio://0/80/2M,range,0,0,Reacquire Wall,8191,1,1,0,1.649993896484375,100,0,28.5,25.56,144409,1,0,0.00017249393567908555,-0.0045651523396372795,0.012317901477217674,0.0,0.0,106,472,32766,32766,32766,3.763636350631714
2026-04-07T11:45:12.980,radio://0/80/2M,mission,0,0,Reacquire Wall,8191,1,1,0,1.899993896484375,100,0,28.5,25.56,144409,1,0,0.0002007777220569551,-0.0045651523396372795,0.012317901477217674,0.0,0.0,106,472,32766,32766,32766,3.763636350631714
2026-04-07T11:45:12.984,radio://0/80/2M,flow,0,0,Reacquire Wall,8160,1,1,0,1.899993896484375,100,0,28.5,25.56,144659,-3,-2,0.0002007777220569551,-0.0035302855540066957,0.008310024626553059,0.0,0.0,106,472,32766,32766,32766,3.763636350631714
2026-04-07T11:45:12.985,radio://0/80/2M,range,0,0,Reacquire Wall,8160,1,1,0,1.899993896484375,100,0,28.5,25.56,144659,-3,-2,0.0002007777220569551,-0.0035302855540066957,0.008310024626553059,0.0,0.0,109,472,32766,32766,32766,3.7583577632904053
2026-04-07T11:45:13.230,radio://0/80/2M,mission,0,0,Reacquire Wall,8160,1,1,0,2.149993896484375,100,0,28.5,25.56,144659,-3,-2,0.00019929130212403834,-0.0035302855540066957,0.008310024626553059,0.0,0.0,109,472,32766,32766,32766,3.7583577632904053
2026-04-07T11:45:13.234,radio://0/80/2M,flow,0,0,Reacquire Wall,8191,1,1,0,2.149993896484375,100,0,28.5,25.56,144909,1,-4,0.00019929130212403834,0.0033089304342865944,-0.000805113697424531,0.0,0.0,109,472,32766,32766,32766,3.7583577632904053
2026-04-07T11:45:13.235,radio://0/80/2M,range,0,0,Reacquire Wall,8191,1,1,0,2.149993896484375,100,0,28.5,25.56,144909,1,-4,0.00019929130212403834,0.0033089304342865944,-0.000805113697424531,0.0,0.0,110,471,32766,32766,32766,3.763636350631714
2026-04-07T11:45:13.480,radio://0/80/2M,mission,0,0,Reacquire Wall,8191,1,1,0,2.399993896484375,100,0,28.5,25.62,144909,1,-4,0.00018572290719021112,0.0033089304342865944,-0.000805113697424531,0.0,0.0,110,471,32766,32766,32766,3.763636350631714
2026-04-07T11:45:13.483,radio://0/80/2M,flow,0,0,Reacquire Wall,8191,1,1,0,2.399993896484375,100,0,28.5,25.62,145159,-9,4,0.00018572290719021112,-0.003789334325119853,0.00877433829009533,0.0,0.0,110,471,32766,32766,32766,3.763636350631714
2026-04-07T11:45:13.485,radio://0/80/2M,range,0,0,Reacquire Wall,8191,1,1,0,2.399993896484375,100,0,28.5,25.62,145159,-9,4,0.00018572290719021112,-0.003789334325119853,0.00877433829009533,0.0,0.0,115,470,32766,32766,32766,3.763636350631714
2026-04-07T11:45:13.730,radio://0/80/2M,mission,0,0,Reacquire Wall,8191,1,1,0,2.649993896484375,100,1,29.0,25.62,145159,-9,4,0.00021651617134921253,-0.003789334325119853,0.00877433829009533,0.0,0.0,115,470,32766,32766,32766,3.763636350631714
2026-04-07T11:45:13.731,radio://0/80/2M,flow,0,0,Reacquire Wall,8191,1,1,0,2.649993896484375,100,1,29.0,25.62,145409,-5,3,0.00021651617134921253,0.0013885449152439833,0.0029373494908213615,0.0,0.0,115,470,32766,32766,32766,3.763636350631714
2026-04-07T11:45:13.733,radio://0/80/2M,range,0,0,Reacquire Wall,8191,1,1,0,2.649993896484375,100,1,29.0,25.62,145409,-5,3,0.00021651617134921253,0.0013885449152439833,0.0029373494908213615,0.0,0.0,119,471,32766,32766,32766,3.763636350631714
2026-04-07T11:45:13.980,radio://0/80/2M,mission,0,0,Reacquire Wall,8191,1,1,0,2.899993896484375,100,1,26.25,25.62,145409,-5,3,0.00018654415907803923,0.0013885449152439833,0.0029373494908213615,0.0,0.0,119,471,32766,32766,32766,3.763636350631714
2026-04-07T11:45:13.984,radio://0/80/2M,flow,0,0,Reacquire Wall,8160,1,1,0,2.899993896484375,100,1,26.25,25.62,145659,0,0,0.00018654415907803923,-0.0003102774207945913,-0.0005663048941642046,0.0,0.0,119,471,32766,32766,32766,3.763636350631714
2026-04-07T11:45:13.985,radio://0/80/2M,range,0,0,Reacquire Wall,8160,1,1,0,2.899993896484375,100,1,26.25,25.62,145659,0,0,0.00018654415907803923,-0.0003102774207945913,-0.0005663048941642046,0.0,0.0,32766,32766,32766,32766,32766,3.7583577632904053
2026-04-07T11:45:14.230,radio://0/80/2M,mission,0,0,Reacquire Wall,8160,1,1,1,3.149993896484375,100,1,26.25,25.56,145659,0,0,0.00020848475105594844,-0.0003102774207945913,-0.0005663048941642046,0.0,0.0,32766,32766,32766,32766,32766,3.7583577632904053
2026-04-07T11:45:14.232,radio://0/80/2M,flow,0,0,Reacquire Wall,8191,1,1,1,3.149993896484375,100,1,26.25,25.56,145909,-4,-2,0.00020848475105594844,0.001190736424177885,0.0019068350084125996,0.0,0.0,32766,32766,32766,32766,32766,3.7583577632904053
2026-04-07T11:45:14.234,radio://0/80/2M,range,0,0,Reacquire Wall,8191,1,1,1,3.149993896484375,100,1,26.25,25.56,145909,-4,-2,0.00020848475105594844,0.001190736424177885,0.0019068350084125996,0.0,0.0,301,381,32766,32766,32766,3.763636350631714
2026-04-07T11:45:14.479,radio://0/80/2M,mission,0,0,Reacquire Wall,8191,1,1,1,3.399993896484375,100,1,26.75,25.56,145909,-4,-2,0.00031311766360886395,0.001190736424177885,0.0019068350084125996,0.0,0.0,301,381,32766,32766,32766,3.763636350631714
2026-04-07T11:45:14.482,radio://0/80/2M,flow,0,0,Reacquire Wall,8160,1,1,1,3.399993896484375,100,1,26.75,25.56,146159,0,0,0.00031311766360886395,0.00510241836309433,-0.0002234868152299896,0.0,0.0,301,381,32766,32766,32766,3.763636350631714
2026-04-07T11:45:14.483,radio://0/80/2M,range,0,0,Reacquire Wall,8160,1,1,1,3.399993896484375,100,1,26.75,25.56,146159,0,0,0.00031311766360886395,0.00510241836309433,-0.0002234868152299896,0.0,0.0,299,212,32766,32766,32766,3.7583577632904053
2026-04-07T11:45:14.730,radio://0/80/2M,mission,0,0,Reacquire Wall,8160,1,1,1,3.649993896484375,100,1,26.5,25.62,146159,0,0,0.00027199494070373476,0.00510241836309433,-0.0002234868152299896,0.0,0.0,299,212,32766,32766,32766,3.7583577632904053
2026-04-07T11:45:14.731,radio://0/80/2M,flow,0,0,Reacquire Wall,8191,1,1,1,3.649993896484375,100,1,26.5,25.62,146409,-5,4,0.00027199494070373476,0.005089976824820042,-0.007273450493812561,0.0,0.0,299,212,32766,32766,32766,3.7583577632904053
2026-04-07T11:45:14.732,radio://0/80/2M,range,0,0,Reacquire Wall,8191,1,1,1,3.649993896484375,100,1,26.5,25.62,146409,-5,4,0.00027199494070373476,0.005089976824820042,-0.007273450493812561,0.0,0.0,300,484,32766,32766,32766,3.763636350631714
2026-04-07T11:45:14.979,radio://0/80/2M,mission,0,0,Reacquire Wall,8191,1,1,1,3.899993896484375,100,1,26.5,25.62,146409,-5,4,0.0001423119829269126,0.005089976824820042,-0.007273450493812561,0.0,0.0,300,484,32766,32766,32766,3.763636350631714
2026-04-07T11:45:14.982,radio://0/80/2M,flow,0,0,Reacquire Wall,8191,1,1,1,3.899993896484375,100,1,26.5,25.62,146659,-1,4,0.0001423119829269126,-0.010410290211439133,-0.015738684684038162,0.0,0.0,300,484,32766,32766,32766,3.763636350631714
2026-04-07T11:45:14.983,radio://0/80/2M,range,0,0,Reacquire Wall,8191,1,1,1,3.899993896484375,100,1,26.5,25.62,146659,-1,4,0.0001423119829269126,-0.010410290211439133,-0.015738684684038162,0.0,0.0,304,477,32766,32766,32766,3.763636350631714
2026-04-07T11:45:15.229,radio://0/80/2M,mission,0,0,Reacquire Wall,8191,1,1,1,4.149993896484375,100,1,26.75,25.62,146659,-1,4,0.04804196208715439,-0.010410290211439133,-0.015738684684038162,0.0,0.0,304,477,32766,32766,32766,3.763636350631714
2026-04-07T11:45:15.232,radio://0/80/2M,flow,0,0,Reacquire Wall,2864,1,1,1,4.149993896484375,100,1,26.75,25.62,146909,-3,-3,0.04804196208715439,-0.18452952802181244,0.2571278512477875,0.0,0.0,304,477,32766,32766,32766,3.763636350631714
2026-04-07T11:45:15.233,radio://0/80/2M,range,0,0,Reacquire Wall,2864,1,1,1,4.149993896484375,100,1,26.75,25.62,146909,-3,-3,0.04804196208715439,-0.18452952802181244,0.2571278512477875,0.0,0.0,350,473,32766,32766,32766,3.763636350631714
2026-04-07T11:45:15.479,radio://0/80/2M,mission,0,0,Reacquire Wall,2864,1,1,1,4.399993896484375,100,0,28.25,25.56,146909,-3,-3,0.2270815372467041,-0.18452952802181244,0.2571278512477875,0.0,0.0,350,473,32766,32766,32766,3.763636350631714
2026-04-07T11:45:15.481,radio://0/80/2M,flow,0,0,Reacquire Wall,3604,1,1,1,4.399993896484375,100,0,28.25,25.56,147159,0,-10,0.2270815372467041,-0.4554727077484131,0.45153477787971497,0.0,0.0,350,473,32766,32766,32766,3.763636350631714
2026-04-07T11:45:15.483,radio://0/80/2M,range,0,0,Reacquire Wall,3604,1,1,1,4.399993896484375,100,0,28.25,25.56,147159,0,-10,0.2270815372467041,-0.4554727077484131,0.45153477787971497,0.0,0.0,32766,452,32766,32766,32766,3.7425220012664795
2026-04-07T11:45:15.729,radio://0/80/2M,mission,0,0,Reacquire Wall,3604,1,1,1,4.649993896484375,100,0,28.5,25.62,147159,0,-10,0.3678020238876343,-0.4554727077484131,0.45153477787971497,0.0,0.0,32766,452,32766,32766,32766,3.7425220012664795
2026-04-07T11:45:15.732,radio://0/80/2M,flow,0,0,Reacquire Wall,4068,1,1,1,4.649993896484375,100,0,28.5,25.62,147409,15,2,0.3678020238876343,-0.4324987232685089,0.39121684432029724,0.0,0.0,32766,452,32766,32766,32766,3.7425220012664795
2026-04-07T11:45:15.733,radio://0/80/2M,range,0,0,Reacquire Wall,4068,1,1,1,4.649993896484375,100,0,28.5,25.62,147409,15,2,0.3678020238876343,-0.4324987232685089,0.39121684432029724,0.0,0.0,2163,428,32766,299,32766,3.7583577632904053
2026-04-07T11:45:15.979,radio://0/80/2M,mission,0,0,Reacquire Wall,4068,1,1,1,4.899993896484375,100,1,26.25,25.62,147409,15,2,0.3216570019721985,-0.4324987232685089,0.39121684432029724,0.0,0.0,2163,428,32766,299,32766,3.7583577632904053
2026-04-07T11:45:15.981,radio://0/80/2M,flow,0,0,Reacquire Wall,4068,1,1,1,4.899993896484375,100,1,26.25,25.62,147659,9,1,0.3216570019721985,-0.24987824261188507,0.09952373057603836,0.0,0.0,2163,428,32766,299,32766,3.7583577632904053
2026-04-07T11:45:15.982,radio://0/80/2M,range,0,0,Reacquire Wall,4068,1,1,1,4.899993896484375,100,1,26.25,25.62,147659,9,1,0.3216570019721985,-0.24987824261188507,0.09952373057603836,0.0,0.0,2342,425,32766,322,32766,3.747800588607788
2026-04-07T11:45:16.230,radio://0/80/2M,mission,0,0,Reacquire Wall,4068,1,1,1,5.149993896484375,100,0,26.0,25.62,147659,9,1,0.17110249400138855,-0.24987824261188507,0.09952373057603836,0.0,0.0,2342,425,32766,322,32766,3.747800588607788
2026-04-07T11:45:16.231,radio://0/80/2M,flow,0,0,Reacquire Wall,4322,1,1,1,5.149993896484375,100,0,26.0,25.62,147909,1,1,0.17110249400138855,-0.11008138209581375,-0.7214306592941284,0.0,0.0,2342,425,32766,322,32766,3.747800588607788
2026-04-07T11:45:16.232,radio://0/80/2M,range,0,0,Reacquire Wall,4322,1,1,1,5.149993896484375,100,0,26.0,25.62,147909,1,1,0.17110249400138855,-0.11008138209581375,-0.7214306592941284,0.0,0.0,32766,32766,32766,317,32766,3.7425220012664795
2026-04-07T11:45:16.479,radio://0/80/2M,mission,0,0,Reacquire Wall,4322,0,1,0,0.0,100,0,25.25,25.62,147909,1,1,0.2404709756374359,-0.11008138209581375,-0.7214306592941284,0.0,0.0,32766,32766,32766,317,32766,3.7425220012664795
2026-04-07T11:45:16.481,radio://0/80/2M,flow,0,0,Reacquire Wall,4322,0,1,0,0.0,100,0,25.25,25.62,148159,8,0,0.2404709756374359,0.20225924253463745,-0.2698349952697754,0.0,0.0,32766,32766,32766,317,32766,3.7425220012664795
2026-04-07T11:45:16.483,radio://0/80/2M,range,0,0,Reacquire Wall,4322,0,1,0,0.0,100,0,25.25,25.62,148159,8,0,0.2404709756374359,0.20225924253463745,-0.2698349952697754,0.0,0.0,32766,32766,32766,310,32766,3.747800588607788
2026-04-07T11:45:16.729,radio://0/80/2M,mission,0,0,Reacquire Wall,4322,0,1,0,0.0,87,0,24.75,25.62,148159,8,0,0.24686159193515778,0.20225924253463745,-0.2698349952697754,0.0,0.0,32766,32766,32766,310,32766,3.747800588607788
2026-04-07T11:45:16.731,radio://0/80/2M,flow,0,0,Reacquire Wall,4322,0,1,0,0.0,87,0,24.75,25.62,148409,-4,0,0.24686159193515778,0.12772591412067413,-0.4680407643318176,0.0,0.0,32766,32766,32766,310,32766,3.747800588607788
2026-04-07T11:45:16.733,radio://0/80/2M,range,0,0,Reacquire Wall,4322,0,1,0,0.0,87,0,24.75,25.62,148409,-4,0,0.24686159193515778,0.12772591412067413,-0.4680407643318176,0.0,0.0,32766,584,32766,308,32766,3.747800588607788
2026-04-07T11:45:16.979,radio://0/80/2M,mission,0,0,Reacquire Wall,4322,0,1,0,0.0,100,0,26.5,25.62,148409,-4,0,0.24784724414348602,0.12772591412067413,-0.4680407643318176,0.0,0.0,32766,584,32766,308,32766,3.747800588607788
2026-04-07T11:45:16.980,radio://0/80/2M,flow,0,0,Reacquire Wall,4322,0,1,0,0.0,100,0,26.5,25.62,148659,-1,4,0.24784724414348602,0.09041893482208252,-0.6137556433677673,0.0,0.0,32766,584,32766,308,32766,3.747800588607788
2026-04-07T11:45:16.982,radio://0/80/2M,range,0,0,Reacquire Wall,4322,0,1,0,0.0,100,0,26.5,25.62,148659,-1,4,0.24784724414348602,0.09041893482208252,-0.6137556433677673,0.0,0.0,32766,620,32766,306,32766,3.747800588607788
2026-04-07T11:45:17.229,radio://0/80/2M,mission,0,0,Reacquire Wall,4322,0,1,0,0.0,73,0,24.5,25.69,148659,-1,4,0.2432011365890503,0.09041893482208252,-0.6137556433677673,0.0,0.0,32766,620,32766,306,32766,3.747800588607788
2026-04-07T11:45:17.230,radio://0/80/2M,flow,0,0,Reacquire Wall,5506,0,1,0,0.0,73,0,24.5,25.69,148909,1,1,0.2432011365890503,0.09724000096321106,-0.32231125235557556,0.0,0.0,32766,620,32766,306,32766,3.747800588607788
2026-04-07T11:45:17.231,radio://0/80/2M,range,0,0,Reacquire Wall,5506,0,1,0,0.0,73,0,24.5,25.69,148909,1,1,0.2432011365890503,0.09724000096321106,-0.32231125235557556,0.0,0.0,32766,32766,32766,300,32766,3.747800588607788
2026-04-07T11:45:17.478,radio://0/80/2M,mission,0,0,Reacquire Wall,5506,0,1,0,0.0,100,0,26.5,25.69,148909,1,1,0.20150771737098694,0.09724000096321106,-0.32231125235557556,0.0,0.0,32766,32766,32766,300,32766,3.747800588607788
2026-04-07T11:45:17.481,radio://0/80/2M,flow,0,0,Reacquire Wall,3741,0,1,0,0.0,100,0,26.5,25.69,149159,-1,0,0.20150771737098694,-0.029688851907849312,-0.24022822082042694,0.0,0.0,32766,32766,32766,300,32766,3.747800588607788
2026-04-07T11:45:17.483,radio://0/80/2M,range,0,0,Reacquire Wall,3741,0,1,0,0.0,100,0,26.5,25.69,149159,-1,0,0.20150771737098694,-0.029688851907849312,-0.24022822082042694,0.0,0.0,32766,478,32766,292,32766,3.7425220012664795
2026-04-07T11:45:17.728,radio://0/80/2M,mission,0,0,Reacquire Wall,3741,1,1,0,0.149993896484375,100,1,27.5,25.62,149159,-1,0,0.17373676598072052,-0.029688851907849312,-0.24022822082042694,0.0,0.0,32766,478,32766,292,32766,3.7425220012664795
2026-04-07T11:45:17.731,radio://0/80/2M,flow,0,0,Reacquire Wall,2712,1,1,0,0.149993896484375,100,1,27.5,25.62,149409,0,2,0.17373676598072052,0.010802319273352623,-0.19800160825252533,0.0,0.0,32766,478,32766,292,32766,3.7425220012664795
2026-04-07T11:45:17.732,radio://0/80/2M,range,0,0,Reacquire Wall,2712,1,1,0,0.149993896484375,100,1,27.5,25.62,149409,0,2,0.17373676598072052,0.010802319273352623,-0.19800160825252533,0.0,0.0,32766,32766,32766,276,32766,3.7425220012664795
2026-04-07T11:45:17.978,radio://0/80/2M,mission,0,0,Reacquire Wall,2712,1,1,0,0.399993896484375,100,0,29.75,25.62,149409,0,2,0.16363869607448578,0.010802319273352623,-0.19800160825252533,0.0,0.0,32766,32766,32766,276,32766,3.7425220012664795
2026-04-07T11:45:17.981,radio://0/80/2M,flow,0,0,Reacquire Wall,2543,1,1,0,0.399993896484375,100,0,29.75,25.62,149659,-1,0,0.16363869607448578,0.012522541917860508,-0.19437846541404724,0.0,0.0,32766,32766,32766,276,32766,3.7425220012664795
2026-04-07T11:45:17.982,radio://0/80/2M,range,0,0,Reacquire Wall,2543,1,1,0,0.399993896484375,100,0,29.75,25.62,149659,-1,0,0.16363869607448578,0.012522541917860508,-0.19437846541404724,0.0,0.0,32766,32766,32766,285,32766,3.747800588607788
2026-04-07T11:45:18.228,radio://0/80/2M,mission,0,0,Reacquire Wall,2543,1,1,0,0.649993896484375,100,0,29.0,25.69,149659,-1,0,0.15704956650733948,0.012522541917860508,-0.19437846541404724,0.0,0.0,32766,32766,32766,285,32766,3.747800588607788
2026-04-07T11:45:18.231,radio://0/80/2M,flow,0,0,Reacquire Wall,2385,1,1,0,0.649993896484375,100,0,29.0,25.69,149909,1,0,0.15704956650733948,0.022269628942012787,-0.18420764803886414,0.0,0.0,32766,32766,32766,285,32766,3.747800588607788
2026-04-07T11:45:18.232,radio://0/80/2M,range,0,0,Reacquire Wall,2385,1,1,0,0.649993896484375,100,0,29.0,25.69,149909,1,0,0.15704956650733948,0.022269628942012787,-0.18420764803886414,0.0,0.0,32766,460,32766,299,32766,3.737243413925171
2026-04-07T11:45:18.478,radio://0/80/2M,mission,0,0,Reacquire Wall,2385,1,1,0,0.899993896484375,100,0,29.25,25.62,149909,1,0,0.15488699078559875,0.022269628942012787,-0.18420764803886414,0.0,0.0,32766,460,32766,299,32766,3.737243413925171
2026-04-07T11:45:18.479,radio://0/80/2M,flow,0,0,Reacquire Wall,2385,1,1,0,0.899993896484375,100,0,29.25,25.62,150159,0,0,0.15488699078559875,0.002121336990967393,-0.21763309836387634,0.0,0.0,32766,460,32766,299,32766,3.737243413925171
2026-04-07T11:45:18.481,radio://0/80/2M,range,0,0,Reacquire Wall,2385,1,1,0,0.899993896484375,100,0,29.25,25.62,150159,0,0,0.15488699078559875,0.002121336990967393,-0.21763309836387634,0.0,0.0,32766,440,32766,304,32766,3.737243413925171
2026-04-07T11:45:18.728,radio://0/80/2M,mission,0,0,Reacquire Wall,2385,1,1,0,1.149993896484375,100,0,29.0,25.69,150159,0,0,0.18218708038330078,0.002121336990967393,-0.21763309836387634,0.0,0.0,32766,440,32766,304,32766,3.737243413925171
2026-04-07T11:45:18.730,radio://0/80/2M,flow,0,0,Reacquire Wall,2534,1,1,0,1.149993896484375,100,0,29.0,25.69,150409,-1,-6,0.18218708038330078,0.07575775682926178,-0.0999564677476883,0.0,0.0,32766,440,32766,304,32766,3.737243413925171
2026-04-07T11:45:18.732,radio://0/80/2M,range,0,0,Reacquire Wall,2534,1,1,0,1.149993896484375,100,0,29.0,25.69,150409,-1,-6,0.18218708038330078,0.07575775682926178,-0.0999564677476883,0.0,0.0,32766,561,32766,285,32766,3.7425220012664795
2026-04-07T11:45:18.978,radio://0/80/2M,mission,0,0,Reacquire Wall,2534,1,1,0,1.399993896484375,100,0,26.25,25.69,150409,-1,-6,0.22924117743968964,0.07575775682926178,-0.0999564677476883,0.0,0.0,32766,561,32766,285,32766,3.7425220012664795
2026-04-07T11:45:18.979,radio://0/80/2M,flow,0,0,Reacquire Wall,3428,1,1,0,1.399993896484375,100,0,26.25,25.69,150659,3,-9,0.22924117743968964,-0.008007163181900978,-0.013967817649245262,0.0,0.0,32766,561,32766,285,32766,3.7425220012664795
2026-04-07T11:45:18.980,radio://0/80/2M,range,0,0,Reacquire Wall,3428,1,1,0,1.399993896484375,100,0,26.25,25.69,150659,3,-9,0.22924117743968964,-0.008007163181900978,-0.013967817649245262,0.0,0.0,32766,534,32766,229,32766,3.7425220012664795
2026-04-07T11:45:19.228,radio://0/80/2M,mission,0,0,Reacquire Wall,3428,1,1,0,1.649993896484375,100,-1,25.75,25.69,150659,3,-9,0.21126414835453033,-0.008007163181900978,-0.013967817649245262,0.0,0.0,32766,534,32766,229,32766,3.7425220012664795
2026-04-07T11:45:19.230,radio://0/80/2M,flow,0,0,Reacquire Wall,4366,1,1,0,1.649993896484375,100,-1,25.75,25.69,150909,5,-2,0.21126414835453033,-0.019716696813702583,-0.3099093735218048,0.0,0.0,32766,534,32766,229,32766,3.7425220012664795
2026-04-07T11:45:19.232,radio://0/80/2M,range,0,0,Reacquire Wall,4366,1,1,0,1.649993896484375,100,-1,25.75,25.69,150909,5,-2,0.21126414835453033,-0.019716696813702583,-0.3099093735218048,0.0,0.0,32766,569,32766,222,32766,3.747800588607788
2026-04-07T11:45:19.478,radio://0/80/2M,mission,0,0,Reacquire Wall,4366,0,1,0,0.0,100,0,26.75,25.69,150909,5,-2,0.23923589289188385,-0.019716696813702583,-0.3099093735218048,0.0,0.0,32766,569,32766,222,32766,3.747800588607788
2026-04-07T11:45:19.481,radio://0/80/2M,flow,0,0,Reacquire Wall,4638,0,1,0,0.0,100,0,26.75,25.69,151159,0,-1,0.23923589289188385,0.03675238415598869,-0.3149915337562561,0.0,0.0,32766,569,32766,222,32766,3.747800588607788
2026-04-07T11:45:19.482,radio://0/80/2M,range,0,0,Reacquire Wall,4638,0,1,0,0.0,100,0,26.75,25.69,151159,0,-1,0.23923589289188385,0.03675238415598869,-0.3149915337562561,0.0,0.0,32766,609,32766,217,32766,3.7530791759490967
2026-04-07T11:45:19.727,radio://0/80/2M,mission,0,0,Reacquire Wall,4638,0,1,0,0.0,100,0,25.75,25.69,151159,0,-1,0.29708996415138245,0.03675238415598869,-0.3149915337562561,0.0,0.0,32766,609,32766,217,32766,3.7530791759490967
2026-04-07T11:45:19.730,radio://0/80/2M,flow,0,0,Reacquire Wall,4638,0,1,0,0.0,100,0,25.75,25.69,151409,0,0,0.29708996415138245,0.14480802416801453,-0.4794807434082031,0.0,0.0,32766,609,32766,217,32766,3.7530791759490967
2026-04-07T11:45:19.731,radio://0/80/2M,range,0,0,Reacquire Wall,4638,0,1,0,0.0,100,0,25.75,25.69,151409,0,0,0.29708996415138245,0.14480802416801453,-0.4794807434082031,0.0,0.0,2170,745,32766,216,32766,3.747800588607788
2026-04-07T11:45:19.977,radio://0/80/2M,mission,0,0,Reacquire Wall,4638,0,1,0,0.0,100,0,26.5,25.69,151409,0,0,0.31331536173820496,0.14480802416801453,-0.4794807434082031,0.0,0.0,2170,745,32766,216,32766,3.747800588607788
2026-04-07T11:45:19.980,radio://0/80/2M,flow,0,0,Reacquire Wall,4638,0,1,0,0.0,100,0,26.5,25.69,151659,2,2,0.31331536173820496,0.30953243374824524,-0.8498368263244629,0.0,0.0,2170,745,32766,216,32766,3.747800588607788
2026-04-07T11:45:19.981,radio://0/80/2M,range,0,0,Reacquire Wall,4638,0,1,0,0.0,100,0,26.5,25.69,151659,2,2,0.31331536173820496,0.30953243374824524,-0.8498368263244629,0.0,0.0,2170,32766,32766,210,32766,3.747800588607788
2026-04-07T11:45:20.227,radio://0/80/2M,mission,0,0,Reacquire Wall,4638,0,1,0,0.0,100,0,26.25,25.69,151659,2,2,0.2942023277282715,0.30953243374824524,-0.8498368263244629,0.0,0.0,2170,32766,32766,210,32766,3.747800588607788
2026-04-07T11:45:20.230,radio://0/80/2M,flow,0,0,Reacquire Wall,4638,0,1,0,0.0,100,0,26.25,25.69,151909,-1,0,0.2942023277282715,0.36834684014320374,-1.2108567953109741,0.0,0.0,2170,32766,32766,210,32766,3.747800588607788
2026-04-07T11:45:20.231,radio://0/80/2M,range,0,0,Reacquire Wall,4638,0,1,0,0.0,100,0,26.25,25.69,151909,-1,0,0.2942023277282715,0.36834684014320374,-1.2108567953109741,0.0,0.0,2237,589,32766,214,32766,3.7530791759490967
2026-04-07T11:45:20.477,radio://0/80/2M,mission,0,0,Reacquire Wall,4638,0,1,0,0.0,100,0,26.0,25.69,151909,-1,0,0.2883952856063843,0.36834684014320374,-1.2108567953109741,0.0,0.0,2237,589,32766,214,32766,3.7530791759490967
2026-04-07T11:45:20.479,radio://0/80/2M,flow,0,0,Reacquire Wall,4638,0,1,0,0.0,100,0,26.0,25.69,152159,1,3,0.2883952856063843,0.3154800832271576,-1.139040470123291,0.0,0.0,2237,589,32766,214,32766,3.7530791759490967
2026-04-07T11:45:20.480,radio://0/80/2M,range,0,0,Reacquire Wall,4638,0,1,0,0.0,100,0,26.0,25.69,152159,1,3,0.2883952856063843,0.3154800832271576,-1.139040470123291,0.0,0.0,2340,478,32766,218,32766,3.7530791759490967
2026-04-07T11:45:20.727,radio://0/80/2M,mission,0,0,Reacquire Wall,4638,0,1,0,0.0,100,0,26.0,25.69,152159,1,3,0.2926311492919922,0.3154800832271576,-1.139040470123291,0.0,0.0,2340,478,32766,218,32766,3.7530791759490967
2026-04-07T11:45:20.730,radio://0/80/2M,flow,0,0,Reacquire Wall,4638,0,1,0,0.0,100,0,26.0,25.69,152409,-2,0,0.2926311492919922,0.29212671518325806,-1.0438047647476196,0.0,0.0,2340,478,32766,218,32766,3.7530791759490967
2026-04-07T11:45:20.731,radio://0/80/2M,range,0,0,Reacquire Wall,4638,0,1,0,0.0,100,0,26.0,25.69,152409,-2,0,0.2926311492919922,0.29212671518325806,-1.0438047647476196,0.0,0.0,32766,447,32766,220,32766,3.7530791759490967
2026-04-07T11:45:20.976,radio://0/80/2M,mission,0,0,Reacquire Wall,4638,0,1,0,0.0,100,0,26.75,25.69,152409,-2,0,0.2855837941169739,0.29212671518325806,-1.0438047647476196,0.0,0.0,32766,447,32766,220,32766,3.7530791759490967
2026-04-07T11:45:20.979,radio://0/80/2M,flow,0,0,Reacquire Wall,4638,0,1,0,0.0,100,0,26.75,25.69,152659,0,1,0.2855837941169739,0.2571680247783661,-0.9501621127128601,0.0,0.0,32766,447,32766,220,32766,3.7530791759490967
2026-04-07T11:45:20.981,radio://0/80/2M,range,0,0,Reacquire Wall,4638,0,1,0,0.0,100,0,26.75,25.69,152659,0,1,0.2855837941169739,0.2571680247783661,-0.9501621127128601,0.0,0.0,32766,450,32766,222,32766,3.7530791759490967
2026-04-07T11:45:21.227,radio://0/80/2M,mission,0,0,Reacquire Wall,4638,0,1,0,0.0,73,0,25.75,25.69,152659,0,1,0.2594375014305115,0.2571680247783661,-0.9501621127128601,0.0,0.0,32766,450,32766,222,32766,3.7530791759490967
2026-04-07T11:45:21.230,radio://0/80/2M,flow,0,0,Reacquire Wall,5234,0,1,0,0.0,73,0,25.75,25.69,152909,4,8,0.2594375014305115,0.05859651044011116,-0.6157594323158264,0.0,0.0,32766,450,32766,222,32766,3.7530791759490967
2026-04-07T11:45:21.231,radio://0/80/2M,range,0,0,Reacquire Wall,5234,0,1,0,0.0,73,0,25.75,25.69,152909,4,8,0.2594375014305115,0.05859651044011116,-0.6157594323158264,0.0,0.0,32766,453,32766,233,32766,3.747800588607788
2026-04-07T11:45:21.476,radio://0/80/2M,mission,0,0,Reacquire Wall,5234,0,1,0,0.0,100,0,25.5,25.62,152909,4,8,0.22864341735839844,0.05859651044011116,-0.6157594323158264,0.0,0.0,32766,453,32766,233,32766,3.747800588607788
2026-04-07T11:45:21.479,radio://0/80/2M,flow,0,0,Reacquire Wall,5234,0,1,0,0.0,100,0,25.5,25.62,153159,0,4,0.22864341735839844,0.14515362679958344,-0.4261256456375122,0.0,0.0,32766,453,32766,233,32766,3.747800588607788
2026-04-07T11:45:21.480,radio://0/80/2M,range,0,0,Reacquire Wall,5234,0,1,0,0.0,100,0,25.5,25.62,153159,0,4,0.22864341735839844,0.14515362679958344,-0.4261256456375122,0.0,0.0,32766,516,32766,244,32766,3.737243413925171
2026-04-07T11:45:21.727,radio://0/80/2M,mission,0,0,Reacquire Wall,5234,0,1,0,0.0,100,0,25.5,25.69,153159,0,4,0.20900164544582367,0.14515362679958344,-0.4261256456375122,0.0,0.0,32766,516,32766,244,32766,3.737243413925171
2026-04-07T11:45:21.729,radio://0/80/2M,flow,0,0,Reacquire Wall,4907,0,1,0,0.0,100,0,25.5,25.69,153409,0,0,0.20900164544582367,0.483421266078949,-0.4221818745136261,0.0,0.0,32766,516,32766,244,32766,3.737243413925171
2026-04-07T11:45:21.730,radio://0/80/2M,range,0,0,Reacquire Wall,4907,0,1,0,0.0,100,0,25.5,25.69,153409,0,0,0.20900164544582367,0.483421266078949,-0.4221818745136261,0.0,0.0,32766,32766,32766,221,32766,3.7425220012664795
2026-04-07T11:45:21.976,radio://0/80/2M,mission,0,0,Reacquire Wall,4907,0,1,0,0.0,100,0,27.75,25.62,153409,0,0,0.1781708300113678,0.483421266078949,-0.4221818745136261,0.0,0.0,32766,32766,32766,221,32766,3.7425220012664795
2026-04-07T11:45:21.979,radio://0/80/2M,flow,0,0,Reacquire Wall,3126,0,1,0,0.0,100,0,27.75,25.62,153659,-8,-5,0.1781708300113678,0.5528285503387451,-0.5154209733009338,0.0,0.0,32766,32766,32766,221,32766,3.7425220012664795
2026-04-07T11:45:21.980,radio://0/80/2M,range,0,0,Reacquire Wall,3126,0,1,0,0.0,100,0,27.75,25.62,153659,-8,-5,0.1781708300113678,0.5528285503387451,-0.5154209733009338,0.0,0.0,32766,32766,32766,123,32766,3.7425220012664795
2026-04-07T11:45:22.226,radio://0/80/2M,mission,0,0,Reacquire Wall,3126,0,1,0,0.0,100,0,30.25,25.69,153659,-8,-5,0.12751956284046173,0.5528285503387451,-0.5154209733009338,0.0,0.0,32766,32766,32766,123,32766,3.7425220012664795
2026-04-07T11:45:22.229,radio://0/80/2M,flow,0,0,Reacquire Wall,3126,0,1,0,0.0,100,0,30.25,25.69,153909,-1,-1,0.12751956284046173,0.022840598598122597,-0.17397543787956238,0.0,0.0,32766,32766,32766,123,32766,3.7425220012664795
2026-04-07T11:45:22.230,radio://0/80/2M,range,0,0,Reacquire Wall,3126,0,1,0,0.0,100,0,30.25,25.69,153909,-1,-1,0.12751956284046173,0.022840598598122597,-0.17397543787956238,0.0,0.0,150,304,32766,97,32766,3.7266862392425537
2026-04-07T11:45:22.476,radio://0/80/2M,mission,0,0,Reacquire Wall,3126,0,1,0,0.0,98,0,30.0,25.62,153909,-1,-1,0.1265447586774826,0.022840598598122597,-0.17397543787956238,0.0,0.0,150,304,32766,97,32766,3.7266862392425537
2026-04-07T11:45:22.479,radio://0/80/2M,flow,0,0,Reacquire Wall,3126,0,1,0,0.0,98,0,30.0,25.62,154159,0,1,0.1265447586774826,0.03697456046938896,-0.11648272722959518,0.0,0.0,150,304,32766,97,32766,3.7266862392425537
2026-04-07T11:45:22.480,radio://0/80/2M,range,0,0,Reacquire Wall,3126,0,1,0,0.0,98,0,30.0,25.62,154159,0,1,0.1265447586774826,0.03697456046938896,-0.11648272722959518,0.0,0.0,128,289,32766,94,32766,3.747800588607788
2026-04-07T11:45:22.726,radio://0/80/2M,mission,0,0,Reacquire Wall,3126,0,1,0,0.0,92,0,29.75,25.69,154159,0,1,0.13170011341571808,0.03697456046938896,-0.11648272722959518,0.0,0.0,128,289,32766,94,32766,3.747800588607788
2026-04-07T11:45:22.728,radio://0/80/2M,flow,0,0,Reacquire Wall,3126,0,1,0,0.0,92,0,29.75,25.69,154409,3,6,0.13170011341571808,-0.028964480385184288,-0.12656478583812714,0.0,0.0,128,289,32766,94,32766,3.747800588607788
2026-04-07T11:45:22.729,radio://0/80/2M,range,0,0,Reacquire Wall,3126,0,1,0,0.0,92,0,29.75,25.69,154409,3,6,0.13170011341571808,-0.028964480385184288,-0.12656478583812714,0.0,0.0,137,277,32766,97,32766,3.7266862392425537
2026-04-07T11:45:22.976,radio://0/80/2M,mission,0,0,Reacquire Wall,3126,0,1,0,0.0,99,0,30.0,25.69,154409,3,6,0.12074752151966095,-0.028964480385184288,-0.12656478583812714,0.0,0.0,137,277,32766,97,32766,3.7266862392425537
2026-04-07T11:45:22.978,radio://0/80/2M,flow,0,0,Reacquire Wall,3126,0,1,0,0.0,99,0,30.0,25.69,154659,0,0,0.12074752151966095,-0.0458994023501873,-0.11449620872735977,0.0,0.0,137,277,32766,97,32766,3.7266862392425537
2026-04-07T11:45:22.979,radio://0/80/2M,range,0,0,Reacquire Wall,3126,0,1,0,0.0,99,0,30.0,25.69,154659,0,0,0.12074752151966095,-0.0458994023501873,-0.11449620872735977,0.0,0.0,122,267,32766,32766,32766,3.7266862392425537
2026-04-07T11:45:23.226,radio://0/80/2M,mission,0,0,Reacquire Wall,3126,0,1,0,0.0,100,0,30.0,25.69,154659,0,0,0.1256294697523117,-0.0458994023501873,-0.11449620872735977,0.0,0.0,122,267,32766,32766,32766,3.7266862392425537
2026-04-07T11:45:23.227,radio://0/80/2M,flow,0,0,Reacquire Wall,3126,0,1,0,0.0,100,0,30.0,25.69,154909,5,3,0.1256294697523117,-0.24181421101093292,-0.07903572916984558,0.0,0.0,122,267,32766,32766,32766,3.7266862392425537
2026-04-07T11:45:23.229,radio://0/80/2M,range,0,0,Reacquire Wall,3126,0,1,0,0.0,100,0,30.0,25.69,154909,5,3,0.1256294697523117,-0.24181421101093292,-0.07903572916984558,0.0,0.0,122,262,32766,32766,32766,3.7319648265838623
2026-04-07T11:45:23.476,radio://0/80/2M,mission,0,0,Reacquire Wall,3126,0,1,0,0.0,100,0,28.75,25.69,154909,5,3,0.14284665882587433,-0.24181421101093292,-0.07903572916984558,0.0,0.0,122,262,32766,32766,32766,3.7319648265838623
2026-04-07T11:45:23.479,radio://0/80/2M,flow,0,0,Reacquire Wall,2897,0,1,0,0.0,100,0,28.75,25.69,155159,8,3,0.14284665882587433,-0.37654200196266174,-0.09132556617259979,0.0,0.0,122,262,32766,32766,32766,3.7319648265838623
2026-04-07T11:45:23.480,radio://0/80/2M,range,0,0,Reacquire Wall,2897,0,1,0,0.0,100,0,28.75,25.69,155159,8,3,0.14284665882587433,-0.37654200196266174,-0.09132556617259979,0.0,0.0,121,296,32766,32766,32766,3.737243413925171
2026-04-07T11:45:23.726,radio://0/80/2M,mission,0,0,Reacquire Wall,2897,1,1,0,0.149993896484375,100,1,27.5,25.69,155159,8,3,0.14918844401836395,-0.37654200196266174,-0.09132556617259979,0.0,0.0,121,296,32766,32766,32766,3.737243413925171
2026-04-07T11:45:23.728,radio://0/80/2M,flow,0,0,Reacquire Wall,2897,1,1,0,0.149993896484375,100,1,27.5,25.69,155409,0,0,0.14918844401836395,-0.12721507251262665,-0.10688912868499756,0.0,0.0,121,296,32766,32766,32766,3.737243413925171
2026-04-07T11:45:23.730,radio://0/80/2M,range,0,0,Reacquire Wall,2897,1,1,0,0.149993896484375,100,1,27.5,25.69,155409,0,0,0.14918844401836395,-0.12721507251262665,-0.10688912868499756,0.0,0.0,122,366,32766,32766,32766,3.7266862392425537
2026-04-07T11:45:23.975,radio://0/80/2M,mission,0,0,Reacquire Wall,2897,1,1,0,0.399993896484375,100,1,26.75,25.69,155409,0,0,0.1464657485485077,-0.12721507251262665,-0.10688912868499756,0.0,0.0,122,366,32766,32766,32766,3.7266862392425537
2026-04-07T11:45:23.978,radio://0/80/2M,flow,0,0,Reacquire Wall,2897,1,1,0,0.399993896484375,100,1,26.75,25.69,155659,0,2,0.1464657485485077,-0.17688289284706116,-0.10792087018489838,0.0,0.0,122,366,32766,32766,32766,3.7266862392425537
2026-04-07T11:45:23.979,radio://0/80/2M,range,0,0,Reacquire Wall,2897,1,1,0,0.399993896484375,100,1,26.75,25.69,155659,0,2,0.1464657485485077,-0.17688289284706116,-0.10792087018489838,0.0,0.0,122,367,32766,32766,32766,3.7266862392425537
2026-04-07T11:45:24.226,radio://0/80/2M,mission,0,0,Reacquire Wall,2897,1,1,0,0.649993896484375,100,1,27.0,25.69,155659,0,2,0.14525215327739716,-0.17688289284706116,-0.10792087018489838,0.0,0.0,122,367,32766,32766,32766,3.7266862392425537
2026-04-07T11:45:24.227,radio://0/80/2M,flow,0,0,Reacquire Wall,2897,1,1,0,0.649993896484375,100,1,27.0,25.69,155909,0,0,0.14525215327739716,-0.12941648066043854,-0.09897978603839874,0.0,0.0,122,367,32766,32766,32766,3.7266862392425537
2026-04-07T11:45:24.228,radio://0/80/2M,range,0,0,Reacquire Wall,2897,1,1,0,0.649993896484375,100,1,27.0,25.69,155909,0,0,0.14525215327739716,-0.12941648066043854,-0.09897978603839874,0.0,0.0,116,374,32766,32766,32766,3.737243413925171
2026-04-07T11:45:24.475,radio://0/80/2M,mission,0,0,Reacquire Wall,2897,1,1,0,0.899993896484375,100,1,26.75,25.69,155909,0,0,0.19227705895900726,-0.12941648066043854,-0.09897978603839874,0.0,0.0,116,374,32766,32766,32766,3.737243413925171
2026-04-07T11:45:24.478,radio://0/80/2M,flow,0,0,Reacquire Wall,2897,1,1,0,0.899993896484375,100,1,26.75,25.69,156159,-8,-6,0.19227705895900726,0.37583765387535095,0.1519767940044403,0.0,0.0,116,374,32766,32766,32766,3.737243413925171
2026-04-07T11:45:24.479,radio://0/80/2M,range,0,0,Reacquire Wall,2897,1,1,0,0.899993896484375,100,1,26.75,25.69,156159,-8,-6,0.19227705895900726,0.37583765387535095,0.1519767940044403,0.0,0.0,121,376,32766,32766,32766,3.7319648265838623
2026-04-07T11:45:24.726,radio://0/80/2M,mission,0,0,Reacquire Wall,2897,1,1,0,1.149993896484375,100,0,27.75,25.69,156159,-8,-6,0.2819530963897705,0.37583765387535095,0.1519767940044403,0.0,0.0,121,376,32766,32766,32766,3.7319648265838623
2026-04-07T11:45:24.727,radio://0/80/2M,flow,0,0,Reacquire Wall,3270,1,1,0,1.149993896484375,100,0,27.75,25.69,156409,-17,-32,0.2819530963897705,0.5619531273841858,0.4023577570915222,0.0,0.0,121,376,32766,32766,32766,3.7319648265838623
2026-04-07T11:45:24.728,radio://0/80/2M,range,0,0,Reacquire Wall,3270,1,1,0,1.149993896484375,100,0,27.75,25.69,156409,-17,-32,0.2819530963897705,0.5619531273841858,0.4023577570915222,0.0,0.0,32766,567,32766,386,32766,3.7425220012664795
2026-04-07T11:45:24.975,radio://0/80/2M,mission,0,0,Reacquire Wall,3270,1,1,0,1.399993896484375,100,1,27.25,25.69,156409,-17,-32,0.3073387145996094,0.5619531273841858,0.4023577570915222,0.0,0.0,32766,567,32766,386,32766,3.7425220012664795
2026-04-07T11:45:24.978,radio://0/80/2M,flow,0,0,Reacquire Wall,3233,1,1,0,1.399993896484375,100,1,27.25,25.69,156659,1,10,0.3073387145996094,0.5552376508712769,0.15248793363571167,0.0,0.0,32766,567,32766,386,32766,3.7425220012664795
2026-04-07T11:45:24.979,radio://0/80/2M,range,0,0,Reacquire Wall,3233,1,1,0,1.399993896484375,100,1,27.25,25.69,156659,1,10,0.3073387145996094,0.5552376508712769,0.15248793363571167,0.0,0.0,32766,443,32766,521,32766,3.7425220012664795
2026-04-07T11:45:25.225,radio://0/80/2M,mission,0,0,Reacquire Wall,3233,1,1,0,1.649993896484375,100,0,26.75,25.69,156659,1,10,0.2208966612815857,0.5552376508712769,0.15248793363571167,0.0,0.0,32766,443,32766,521,32766,3.7425220012664795
2026-04-07T11:45:25.228,radio://0/80/2M,flow,0,0,Reacquire Wall,3233,1,1,0,1.649993896484375,100,0,26.75,25.69,156909,3,9,0.2208966612815857,0.2282865047454834,-0.07533981651067734,0.0,0.0,32766,443,32766,521,32766,3.7425220012664795
2026-04-07T11:45:25.229,radio://0/80/2M,range,0,0,Reacquire Wall,3233,1,1,0,1.649993896484375,100,0,26.75,25.69,156909,3,9,0.2208966612815857,0.2282865047454834,-0.07533981651067734,0.0,0.0,32766,479,32766,32766,32766,3.747800588607788
2026-04-07T11:45:25.475,radio://0/80/2M,mission,0,0,Reacquire Wall,3233,1,1,0,1.899993896484375,100,0,26.75,25.69,156909,3,9,0.10864080488681793,0.2282865047454834,-0.07533981651067734,0.0,0.0,32766,479,32766,32766,32766,3.747800588607788
2026-04-07T11:45:25.477,radio://0/80/2M,flow,0,0,Reacquire Wall,2030,1,1,0,1.899993896484375,100,0,26.75,25.69,157159,-3,0,0.10864080488681793,0.23258447647094727,0.0006903008325025439,0.0,0.0,32766,479,32766,32766,32766,3.747800588607788
2026-04-07T11:45:25.478,radio://0/80/2M,range,0,0,Reacquire Wall,2030,1,1,0,1.899993896484375,100,0,26.75,25.69,157159,-3,0,0.10864080488681793,0.23258447647094727,0.0006903008325025439,0.0,0.0,32766,483,32766,32766,32766,3.7530791759490967
2026-04-07T11:45:25.724,radio://0/80/2M,mission,0,0,Reacquire Wall,2030,1,1,0,2.149993896484375,100,1,25.75,25.69,157159,-3,0,0.022896574810147285,0.23258447647094727,0.0006903008325025439,0.0,0.0,32766,483,32766,32766,32766,3.7530791759490967
2026-04-07T11:45:25.727,radio://0/80/2M,flow,0,0,Reacquire Wall,1912,1,1,0,2.149993896484375,100,1,25.75,25.69,157409,-9,-16,0.022896574810147285,0.09420715272426605,0.2992168664932251,0.0,0.0,32766,483,32766,32766,32766,3.7530791759490967
2026-04-07T11:45:25.728,radio://0/80/2M,range,0,0,Reacquire Wall,1912,1,1,0,2.149993896484375,100,1,25.75,25.69,157409,-9,-16,0.022896574810147285,0.09420715272426605,0.2992168664932251,0.0,0.0,562,526,32766,32766,32766,3.7530791759490967
2026-04-07T11:45:25.974,radio://0/80/2M,mission,0,0,Reacquire Wall,1912,1,1,0,2.399993896484375,78,-1,24.0,25.69,157409,-9,-16,-0.00815526396036148,0.09420715272426605,0.2992168664932251,0.0,0.0,562,526,32766,32766,32766,3.7530791759490967
2026-04-07T11:45:25.977,radio://0/80/2M,flow,0,0,Reacquire Wall,2863,1,1,0,2.399993896484375,78,-1,24.0,25.69,157659,13,-9,-0.00815526396036148,-0.04668387025594711,-0.11942862719297409,0.0,0.0,562,526,32766,32766,32766,3.7530791759490967
2026-04-07T11:45:25.978,radio://0/80/2M,range,0,0,Reacquire Wall,2863,1,1,0,2.399993896484375,78,-1,24.0,25.69,157659,13,-9,-0.00815526396036148,-0.04668387025594711,-0.11942862719297409,0.0,0.0,125,522,32766,32766,32766,3.7583577632904053
2026-04-07T11:45:26.225,radio://0/80/2M,mission,0,0,Reacquire Wall,2863,1,1,0,2.649993896484375,100,-1,25.5,25.69,157659,13,-9,0.0011051305336877704,-0.04668387025594711,-0.11942862719297409,0.0,0.0,125,522,32766,32766,32766,3.7583577632904053
2026-04-07T11:45:26.227,radio://0/80/2M,flow,0,0,Reacquire Wall,7096,1,1,0,2.649993896484375,100,-1,25.5,25.69,157909,9,-1,0.0011051305336877704,0.008858676068484783,-0.07833055406808853,0.0,0.0,125,522,32766,32766,32766,3.7583577632904053
2026-04-07T11:45:26.229,radio://0/80/2M,range,0,0,Reacquire Wall,7096,1,1,0,2.649993896484375,100,-1,25.5,25.69,157909,9,-1,0.0011051305336877704,0.008858676068484783,-0.07833055406808853,0.0,0.0,32766,509,32766,32766,32766,3.7583577632904053
2026-04-07T11:45:26.474,radio://0/80/2M,mission,0,0,Reacquire Wall,7096,0,1,0,0.0,0,0,22.75,25.69,157909,9,-1,0.000868793751578778,0.008858676068484783,-0.07833055406808853,0.0,0.0,32766,509,32766,32766,32766,3.7583577632904053
2026-04-07T11:45:26.477,radio://0/80/2M,flow,0,0,Reacquire Wall,7650,0,1,0,0.0,0,0,22.75,25.69,158159,4,-2,0.000868793751578778,0.0147809823974967,-0.027842262759804726,0.0,0.0,32766,509,32766,32766,32766,3.7583577632904053
2026-04-07T11:45:26.478,radio://0/80/2M,range,0,0,Reacquire Wall,7650,0,1,0,0.0,0,0,22.75,25.69,158159,4,-2,0.000868793751578778,0.0147809823974967,-0.027842262759804726,0.0,0.0,32766,482,32766,32766,32766,3.7583577632904053
