Time,uri,source,outer,mission,mission_name,shutter,human,human_fresh,human_stable,human_hold_s,human_confidence_pct,human_direction,human_max_temp_c,human_thermistor_c,flow_timestamp_ms,delta_x,delta_y,height_m,vel_x_mps,vel_y_mps,cmd_x_mps,cmd_y_mps,front_mm,left_mm,right_mm,back_mm,up_mm,vbat_v
2026-04-07T12:22:38.996,radio://0/80/2M,mission,0,0,Reacquire Wall,0,0,0,0,0.0,0,0,0.0,0.0,0,0,0,6.101330654928461e-05,0.0,0.0,0.0,0.0,32766,32766,32766,32766,32766,0.0
2026-04-07T12:22:38.999,radio://0/80/2M,flow,0,0,Reacquire Wall,8191,0,0,0,0.0,0,0,0.0,0.0,56197,0,0,6.101330654928461e-05,0.017413977533578873,-0.024870513007044792,0.0,0.0,32766,32766,32766,32766,32766,0.0
2026-04-07T12:22:39.001,radio://0/80/2M,range,0,0,Reacquire Wall,8191,0,0,0,0.0,0,0,0.0,0.0,56197,0,0,6.101330654928461e-05,0.017413977533578873,-0.024870513007044792,0.0,0.0,277,32766,268,401,2916,3.890322685241699
2026-04-07T12:22:39.246,radio://0/80/2M,mission,0,0,Reacquire Wall,8191,0,0,0,0.0,0,0,0.0,0.0,56197,0,0,0.00010094339086208493,0.017413977533578873,-0.024870513007044792,0.0,0.0,277,32766,268,401,2916,3.890322685241699
2026-04-07T12:22:39.249,radio://0/80/2M,flow,0,0,Reacquire Wall,8191,0,0,0,0.0,0,0,0.0,0.0,56447,0,0,0.00010094339086208493,0.022963766008615494,-0.03009677119553089,0.0,0.0,277,32766,268,401,2916,3.890322685241699
2026-04-07T12:22:39.250,radio://0/80/2M,range,0,0,Reacquire Wall,8191,0,0,0,0.0,0,0,0.0,0.0,56447,0,0,0.00010094339086208493,0.022963766008615494,-0.03009677119553089,0.0,0.0,280,295,270,402,2906,3.8850440979003906
2026-04-07T12:22:39.496,radio://0/80/2M,mission,0,0,Reacquire Wall,8191,0,0,0,0.0,0,0,0.0,0.0,56447,0,0,0.00013152623432688415,0.022963766008615494,-0.03009677119553089,0.0,0.0,280,295,270,402,2906,3.8850440979003906
2026-04-07T12:22:39.499,radio://0/80/2M,flow,0,0,Reacquire Wall,8191,0,0,0,0.0,0,0,0.0,0.0,56697,0,0,0.00013152623432688415,0.02847820147871971,-0.03633202984929085,0.0,0.0,280,295,270,402,2906,3.8850440979003906
2026-04-07T12:22:39.500,radio://0/80/2M,range,0,0,Reacquire Wall,8191,0,0,0,0.0,0,0,0.0,0.0,56697,0,0,0.00013152623432688415,0.02847820147871971,-0.03633202984929085,0.0,0.0,280,299,269,32766,2914,3.890322685241699
2026-04-07T12:22:39.746,radio://0/80/2M,mission,0,0,Reacquire Wall,8191,0,0,0,0.0,0,0,0.0,0.0,56697,0,0,1.2139822501922026e-05,0.02847820147871971,-0.03633202984929085,0.0,0.0,280,299,269,32766,2914,3.890322685241699
2026-04-07T12:22:39.749,radio://0/80/2M,flow,0,0,Reacquire Wall,8191,0,0,0,0.0,0,0,0.0,0.0,56947,0,0,1.2139822501922026e-05,0.03518322482705116,-0.04068204015493393,0.0,0.0,280,299,269,32766,2914,3.890322685241699
2026-04-07T12:22:39.750,radio://0/80/2M,range,0,0,Reacquire Wall,8191,0,0,0,0.0,0,0,0.0,0.0,56947,0,0,1.2139822501922026e-05,0.03518322482705116,-0.04068204015493393,0.0,0.0,281,32766,270,32766,2918,3.8850440979003906
2026-04-07T12:22:39.996,radio://0/80/2M,mission,0,0,Reacquire Wall,8191,0,0,0,0.0,0,0,0.0,0.0,56947,0,0,6.209551065694541e-05,0.03518322482705116,-0.04068204015493393,0.0,0.0,281,32766,270,32766,2918,3.8850440979003906
2026-04-07T12:22:39.999,radio://0/80/2M,flow,0,0,Reacquire Wall,8191,0,0,0,0.0,0,0,0.0,0.0,57197,0,0,6.209551065694541e-05,0.04225952923297882,-0.045961540192365646,0.0,0.0,281,32766,270,32766,2918,3.8850440979003906
2026-04-07T12:22:40.000,radio://0/80/2M,range,0,0,Reacquire Wall,8191,0,0,0,0.0,0,0,0.0,0.0,57197,0,0,6.209551065694541e-05,0.04225952923297882,-0.045961540192365646,0.0,0.0,282,299,273,32766,2918,3.890322685241699
2026-04-07T12:22:40.246,radio://0/80/2M,mission,0,0,Reacquire Wall,8191,0,0,0,0.0,0,0,0.0,0.0,57197,0,0,5.5309024901362136e-05,0.04225952923297882,-0.045961540192365646,0.0,0.0,282,299,273,32766,2918,3.890322685241699
2026-04-07T12:22:40.248,radio://0/80/2M,flow,0,0,Reacquire Wall,8191,0,0,0,0.0,0,0,0.0,0.0,57447,0,0,5.5309024901362136e-05,0.04897235706448555,-0.04980790242552757,0.0,0.0,282,299,273,32766,2918,3.890322685241699
2026-04-07T12:22:40.250,radio://0/80/2M,range,0,0,Reacquire Wall,8191,0,0,0,0.0,0,0,0.0,0.0,57447,0,0,5.5309024901362136e-05,0.04897235706448555,-0.04980790242552757,0.0,0.0,281,293,267,32766,2916,3.879765510559082
2026-04-07T12:22:40.497,radio://0/80/2M,mission,0,0,Reacquire Wall,8191,0,0,0,0.0,0,0,0.0,0.0,57447,0,0,0.0001320306328125298,0.04897235706448555,-0.04980790242552757,0.0,0.0,281,293,267,32766,2916,3.879765510559082
2026-04-07T12:22:40.499,radio://0/80/2M,flow,0,0,Reacquire Wall,8191,0,0,0,0.0,0,0,0.0,0.0,57697,0,0,0.0001320306328125298,0.057025812566280365,-0.053654007613658905,0.0,0.0,281,293,267,32766,2916,3.879765510559082
2026-04-07T12:22:40.500,radio://0/80/2M,range,0,0,Reacquire Wall,8191,0,0,0,0.0,0,0,0.0,0.0,57697,0,0,0.0001320306328125298,0.057025812566280365,-0.053654007613658905,0.0,0.0,279,297,269,404,2902,3.890322685241699
2026-04-07T12:22:40.745,radio://0/80/2M,mission,0,0,Reacquire Wall,8191,0,0,0,0.0,0,0,0.0,0.0,57697,0,0,6.201807264005765e-05,0.057025812566280365,-0.053654007613658905,0.0,0.0,279,297,269,404,2902,3.890322685241699
2026-04-07T12:22:40.747,radio://0/80/2M,flow,0,0,Reacquire Wall,8191,0,0,0,0.0,0,0,0.0,0.0,57947,0,0,6.201807264005765e-05,0.06549199670553207,-0.05839481204748154,0.0,0.0,279,297,269,404,2902,3.890322685241699
2026-04-07T12:22:40.749,radio://0/80/2M,range,0,0,Reacquire Wall,8191,0,0,0,0.0,0,0,0.0,0.0,57947,0,0,6.201807264005765e-05,0.06549199670553207,-0.05839481204748154,0.0,0.0,280,293,270,404,2922,3.8850440979003906
2026-04-07T12:22:40.995,radio://0/80/2M,mission,0,0,Reacquire Wall,8191,0,0,0,0.0,0,0,0.0,0.0,57947,0,0,0.00018404841830488294,0.06549199670553207,-0.05839481204748154,0.0,0.0,280,293,270,404,2922,3.8850440979003906
2026-04-07T12:22:40.998,radio://0/80/2M,flow,0,0,Reacquire Wall,8191,0,0,0,0.0,0,0,0.0,0.0,58197,0,0,0.00018404841830488294,0.07535732537508011,-0.06287308782339096,0.0,0.0,280,293,270,404,2922,3.8850440979003906
2026-04-07T12:22:41.000,radio://0/80/2M,range,0,0,Reacquire Wall,8191,0,0,0,0.0,0,0,0.0,0.0,58197,0,0,0.00018404841830488294,0.07535732537508011,-0.06287308782339096,0.0,0.0,276,32766,268,32766,2908,3.8850440979003906
2026-04-07T12:22:41.245,radio://0/80/2M,mission,0,0,Reacquire Wall,8191,0,0,0,0.0,0,0,0.0,0.0,58197,0,0,0.00025868238299153745,0.07535732537508011,-0.06287308782339096,0.0,0.0,276,32766,268,32766,2908,3.8850440979003906
2026-04-07T12:22:41.260,radio://0/80/2M,flow,0,0,Reacquire Wall,8191,0,0,0,0.0,0,0,0.0,0.0,58447,5,1,0.00025868238299153745,0.0011931918561458588,-0.0054190633818507195,0.0,0.0,276,32766,268,32766,2908,3.8850440979003906
2026-04-07T12:22:41.260,radio://0/80/2M,range,0,0,Reacquire Wall,8191,0,0,0,0.0,0,0,0.0,0.0,58447,5,1,0.00025868238299153745,0.0011931918561458588,-0.0054190633818507195,0.0,0.0,281,297,271,404,2914,3.8850440979003906
2026-04-07T12:22:41.495,radio://0/80/2M,mission,0,0,Reacquire Wall,8191,0,0,0,0.0,0,0,0.0,0.0,58447,5,1,0.00014700586325488985,0.0011931918561458588,-0.0054190633818507195,0.0,0.0,281,297,271,404,2914,3.8850440979003906
2026-04-07T12:22:41.498,radio://0/80/2M,flow,0,0,Reacquire Wall,8191,0,0,0,0.0,0,0,0.0,0.0,58697,0,0,0.00014700586325488985,-0.004660941660404205,0.005477531813085079,0.0,0.0,281,297,271,404,2914,3.8850440979003906
2026-04-07T12:22:41.499,radio://0/80/2M,range,0,0,Reacquire Wall,8191,0,0,0,0.0,0,0,0.0,0.0,58697,0,0,0.00014700586325488985,-0.004660941660404205,0.005477531813085079,0.0,0.0,279,32766,274,32766,2911,3.8850440979003906
2026-04-07T12:22:41.745,radio://0/80/2M,mission,0,0,Reacquire Wall,8191,0,0,0,0.0,0,0,0.0,0.0,58697,0,0,1.7186244804179296e-05,-0.004660941660404205,0.005477531813085079,0.0,0.0,279,32766,274,32766,2911,3.8850440979003906
2026-04-07T12:22:41.747,radio://0/80/2M,flow,0,0,Reacquire Wall,8191,0,0,0,0.0,0,0,0.0,0.0,58947,0,0,1.7186244804179296e-05,-0.0008558936533518136,0.0075863986276090145,0.0,0.0,279,32766,274,32766,2911,3.8850440979003906
2026-04-07T12:22:41.748,radio://0/80/2M,range,0,0,Reacquire Wall,8191,0,0,0,0.0,0,0,0.0,0.0,58947,0,0,1.7186244804179296e-05,-0.0008558936533518136,0.0075863986276090145,0.0,0.0,278,32766,269,32766,2907,3.879765510559082
2026-04-07T12:22:41.995,radio://0/80/2M,mission,0,0,Reacquire Wall,8191,0,0,0,0.0,0,0,0.0,0.0,58947,0,0,2.130566463165451e-05,-0.0008558936533518136,0.0075863986276090145,0.0,0.0,278,32766,269,32766,2907,3.879765510559082
2026-04-07T12:22:41.997,radio://0/80/2M,flow,0,0,Reacquire Wall,8191,0,0,0,0.0,0,0,0.0,0.0,59197,0,0,2.130566463165451e-05,0.0030572242103517056,0.009819245897233486,0.0,0.0,278,32766,269,32766,2907,3.879765510559082
2026-04-07T12:22:41.998,radio://0/80/2M,range,0,0,Reacquire Wall,8191,0,0,0,0.0,0,0,0.0,0.0,59197,0,0,2.130566463165451e-05,0.0030572242103517056,0.009819245897233486,0.0,0.0,279,295,269,402,2918,3.890322685241699
2026-04-07T12:22:42.244,radio://0/80/2M,mission,0,0,Reacquire Wall,8191,0,0,0,0.0,0,0,0.0,0.0,59197,0,0,0.00015137028822209686,0.0030572242103517056,0.009819245897233486,0.0,0.0,279,295,269,402,2918,3.890322685241699
2026-04-07T12:22:42.247,radio://0/80/2M,flow,0,0,Reacquire Wall,8191,0,0,0,0.0,0,0,0.0,0.0,59447,0,0,0.00015137028822209686,0.011538373306393623,-0.0019370876252651215,0.0,0.0,279,295,269,402,2918,3.890322685241699
2026-04-07T12:22:42.248,radio://0/80/2M,range,0,0,Reacquire Wall,8191,0,0,0,0.0,0,0,0.0,0.0,59447,0,0,0.00015137028822209686,0.011538373306393623,-0.0019370876252651215,0.0,0.0,278,32766,271,32766,2904,3.8850440979003906
2026-04-07T12:22:42.494,radio://0/80/2M,mission,0,0,Reacquire Wall,8191,0,0,0,0.0,0,0,0.0,0.0,59447,0,0,0.0001520685327704996,0.011538373306393623,-0.0019370876252651215,0.0,0.0,278,32766,271,32766,2904,3.8850440979003906
2026-04-07T12:22:42.496,radio://0/80/2M,flow,0,0,Reacquire Wall,8191,0,0,0,0.0,0,0,0.0,0.0,59697,2,5,0.0001520685327704996,-0.0005082923453301191,0.0010704059386625886,0.0,0.0,278,32766,271,32766,2904,3.8850440979003906
2026-04-07T12:22:42.498,radio://0/80/2M,range,0,0,Reacquire Wall,8191,0,0,0,0.0,0,0,0.0,0.0,59697,2,5,0.0001520685327704996,-0.0005082923453301191,0.0010704059386625886,0.0,0.0,281,297,269,32766,2915,3.890322685241699
2026-04-07T12:22:42.744,radio://0/80/2M,mission,0,0,Reacquire Wall,8191,0,0,0,0.0,0,0,0.0,0.0,59697,2,5,5.0367965741315857e-05,-0.0005082923453301191,0.0010704059386625886,0.0,0.0,281,297,269,32766,2915,3.890322685241699
2026-04-07T12:22:42.747,radio://0/80/2M,flow,0,0,Reacquire Wall,8191,0,0,0,0.0,0,0,0.0,0.0,59947,0,0,5.0367965741315857e-05,0.0064713554456830025,-0.0017825710820034146,0.0,0.0,281,297,269,32766,2915,3.890322685241699
2026-04-07T12:22:42.748,radio://0/80/2M,range,0,0,Reacquire Wall,8191,0,0,0,0.0,0,0,0.0,0.0,59947,0,0,5.0367965741315857e-05,0.0064713554456830025,-0.0017825710820034146,0.0,0.0,279,297,271,401,2921,3.8850440979003906
2026-04-07T12:22:42.993,radio://0/80/2M,mission,0,0,Reacquire Wall,8191,0,0,0,0.0,0,0,0.0,0.0,59947,0,0,-2.9373350116657093e-05,0.0064713554456830025,-0.0017825710820034146,0.0,0.0,279,297,271,401,2921,3.8850440979003906
2026-04-07T12:22:42.996,radio://0/80/2M,flow,0,0,Reacquire Wall,8191,0,0,0,0.0,0,0,0.0,0.0,60197,0,0,-2.9373350116657093e-05,0.01116375532001257,-0.0034092168789356947,0.0,0.0,279,297,271,401,2921,3.8850440979003906
2026-04-07T12:22:42.997,radio://0/80/2M,range,0,0,Reacquire Wall,8191,0,0,0,0.0,0,0,0.0,0.0,60197,0,0,-2.9373350116657093e-05,0.01116375532001257,-0.0034092168789356947,0.0,0.0,282,32766,269,408,2908,3.8850440979003906
2026-04-07T12:22:43.244,radio://0/80/2M,mission,0,0,Reacquire Wall,8191,0,0,0,0.0,0,0,0.0,0.0,60197,0,0,3.398388344066916e-06,0.01116375532001257,-0.0034092168789356947,0.0,0.0,282,32766,269,408,2908,3.8850440979003906
2026-04-07T12:22:43.246,radio://0/80/2M,flow,0,0,Reacquire Wall,8191,0,0,0,0.0,0,0,0.0,0.0,60447,0,0,3.398388344066916e-06,0.01740521378815174,-0.004620714578777552,0.0,0.0,282,32766,269,408,2908,3.8850440979003906
2026-04-07T12:22:43.247,radio://0/80/2M,range,0,0,Reacquire Wall,8191,0,0,0,0.0,0,0,0.0,0.0,60447,0,0,3.398388344066916e-06,0.01740521378815174,-0.004620714578777552,0.0,0.0,280,32766,271,32766,2906,3.879765510559082
2026-04-07T12:22:43.494,radio://0/80/2M,mission,1,0,Reacquire Wall,8191,0,0,0,0.0,0,0,0.0,0.0,60447,0,0,0.00017222667520400137,0.01740521378815174,-0.004620714578777552,0.0,0.0,280,32766,271,32766,2906,3.879765510559082
2026-04-07T12:22:43.495,radio://0/80/2M,flow,1,0,Reacquire Wall,8191,0,0,0,0.0,0,0,0.0,0.0,60697,0,0,0.00017222667520400137,0.01619243621826172,-0.004818616900593042,-0.030095994472503662,0.06238079071044922,280,32766,271,32766,2906,3.879765510559082
2026-04-07T12:22:43.496,radio://0/80/2M,range,1,0,Reacquire Wall,8191,0,0,0,0.0,0,0,0.0,0.0,60697,0,0,0.00017222667520400137,0.01619243621826172,-0.004818616900593042,-0.030095994472503662,0.06238079071044922,277,300,270,387,2921,3.1407625675201416
2026-04-07T12:22:43.744,radio://0/80/2M,mission,1,0,Reacquire Wall,8191,0,0,0,0.0,0,0,0.0,0.0,60697,0,0,0.11729436367750168,0.01619243621826172,-0.004818616900593042,-0.030095994472503662,0.06238079071044922,277,300,270,387,2921,3.1407625675201416
2026-04-07T12:22:43.745,radio://0/80/2M,flow,1,0,Reacquire Wall,3937,0,0,0,0.0,0,0,0.0,0.0,60947,4,-2,0.11729436367750168,-0.1695842146873474,0.10263735800981522,0.0,0.0,277,300,270,387,2921,3.1407625675201416
2026-04-07T12:22:43.747,radio://0/80/2M,range,1,0,Reacquire Wall,3937,0,0,0,0.0,0,0,0.0,0.0,60947,4,-2,0.11729436367750168,-0.1695842146873474,0.10263735800981522,0.0,0.0,32766,32766,32766,32766,32766,3.3519062995910645
2026-04-07T12:22:43.993,radio://0/80/2M,mission,1,0,Reacquire Wall,3937,0,0,0,0.0,0,0,0.0,0.0,60947,4,-2,0.4065485894680023,-0.1695842146873474,0.10263735800981522,0.0,0.0,32766,32766,32766,32766,32766,3.3519062995910645
2026-04-07T12:22:43.996,radio://0/80/2M,flow,1,0,Reacquire Wall,5308,0,0,0,0.0,0,0,0.0,0.0,61197,2,4,0.4065485894680023,-0.06452982127666473,0.007586610969156027,0.0,0.0,32766,32766,32766,32766,32766,3.3519062995910645
2026-04-07T12:22:43.997,radio://0/80/2M,range,1,0,Reacquire Wall,5308,0,0,0,0.0,0,0,0.0,0.0,61197,2,4,0.4065485894680023,-0.06452982127666473,0.007586610969156027,0.0,0.0,32766,32766,32766,32766,2606,3.4680352210998535
2026-04-07T12:22:44.243,radio://0/80/2M,mission,1,0,Reacquire Wall,5308,0,0,0,0.0,0,0,0.0,0.0,61197,2,4,0.6705240607261658,-0.06452982127666473,0.007586610969156027,0.0,0.0,32766,32766,32766,32766,2606,3.4680352210998535
2026-04-07T12:22:44.245,radio://0/80/2M,flow,1,0,Reacquire Wall,5308,0,0,0,0.0,0,0,0.0,0.0,61447,0,9,0.6705240607261658,0.04413164407014847,-0.0030593546107411385,0.0,0.0,32766,32766,32766,32766,2606,3.4680352210998535
2026-04-07T12:22:44.247,radio://0/80/2M,range,1,0,Reacquire Wall,5308,0,0,0,0.0,0,0,0.0,0.0,61447,0,9,0.6705240607261658,0.04413164407014847,-0.0030593546107411385,0.0,0.0,32766,32766,32766,1098,2366,3.5313782691955566
2026-04-07T12:22:44.492,radio://0/80/2M,mission,1,0,Reacquire Wall,5308,0,0,0,0.0,0,0,0.0,0.0,61447,0,9,0.8385659456253052,0.04413164407014847,-0.0030593546107411385,0.0,0.0,32766,32766,32766,1098,2366,3.5313782691955566
2026-04-07T12:22:44.495,radio://0/80/2M,flow,1,0,Reacquire Wall,5308,0,0,0,0.0,0,0,0.0,0.0,61697,-2,4,0.8385659456253052,0.12205803394317627,-0.0036475523374974728,0.20000000298023224,0.0,32766,32766,32766,1098,2366,3.5313782691955566
2026-04-07T12:22:44.496,radio://0/80/2M,range,1,0,Reacquire Wall,5308,0,0,0,0.0,0,0,0.0,0.0,61697,-2,4,0.8385659456253052,0.12205803394317627,-0.0036475523374974728,0.20000000298023224,0.0,3294,32766,32766,32766,2110,3.515542507171631
2026-04-07T12:22:44.743,radio://0/80/2M,mission,1,0,Reacquire Wall,5308,0,0,0,0.0,0,0,0.0,0.0,61697,-2,4,0.8977530002593994,0.12205803394317627,-0.0036475523374974728,0.20000000298023224,0.0,3294,32766,32766,32766,2110,3.515542507171631
2026-04-07T12:22:44.744,radio://0/80/2M,flow,1,0,Reacquire Wall,5308,0,0,0,0.0,0,0,0.0,0.0,61947,0,0,0.8977530002593994,0.181034654378891,-0.00878295861184597,0.20000000298023224,0.0,3294,32766,32766,32766,2110,3.515542507171631
2026-04-07T12:22:44.745,radio://0/80/2M,range,1,0,Reacquire Wall,5308,0,0,0,0.0,0,0,0.0,0.0,61947,0,0,0.8977530002593994,0.181034654378891,-0.00878295861184597,0.20000000298023224,0.0,3262,32766,32766,32766,2045,3.446920871734619
2026-04-07T12:22:44.992,radio://0/80/2M,mission,1,0,Reacquire Wall,5308,0,0,0,0.0,0,0,0.0,0.0,61947,0,0,0.9052918553352356,0.181034654378891,-0.00878295861184597,0.20000000298023224,0.0,3262,32766,32766,32766,2045,3.446920871734619
2026-04-07T12:22:44.995,radio://0/80/2M,flow,1,0,Reacquire Wall,5308,0,0,0,0.0,0,0,0.0,0.0,62197,0,0,0.9052918553352356,0.17802195250988007,-0.005238265730440617,0.20000000298023224,0.0,3262,32766,32766,32766,2045,3.446920871734619
2026-04-07T12:22:44.996,radio://0/80/2M,range,1,0,Reacquire Wall,5308,0,0,0,0.0,0,0,0.0,0.0,62197,0,0,0.9052918553352356,0.17802195250988007,-0.005238265730440617,0.20000000298023224,0.0,32766,32766,32766,32766,2019,3.409970760345459
2026-04-07T12:22:45.242,radio://0/80/2M,mission,1,0,Reacquire Wall,5308,0,0,0,0.0,0,0,0.0,0.0,62197,0,0,0.9006602168083191,0.17802195250988007,-0.005238265730440617,0.20000000298023224,0.0,32766,32766,32766,32766,2019,3.409970760345459
2026-04-07T12:22:45.244,radio://0/80/2M,flow,1,0,Reacquire Wall,5308,0,0,0,0.0,0,0,0.0,0.0,62447,0,0,0.9006602168083191,0.16759061813354492,-0.003007197054103017,0.20000000298023224,0.0,32766,32766,32766,32766,2019,3.409970760345459
2026-04-07T12:22:45.245,radio://0/80/2M,range,1,0,Reacquire Wall,5308,0,0,0,0.0,0,0,0.0,0.0,62447,0,0,0.9006602168083191,0.16759061813354492,-0.003007197054103017,0.20000000298023224,0.0,32766,32766,32766,32766,2022,3.3888564109802246
2026-04-07T12:22:45.491,radio://0/80/2M,mission,1,0,Reacquire Wall,5308,0,0,0,0.0,0,0,0.0,0.0,62447,0,0,0.9024510383605957,0.16759061813354492,-0.003007197054103017,0.20000000298023224,0.0,32766,32766,32766,32766,2022,3.3888564109802246
2026-04-07T12:22:45.494,radio://0/80/2M,flow,1,0,Reacquire Wall,4977,0,0,0,0.0,0,0,0.0,0.0,62697,2,3,0.9024510383605957,0.16187110543251038,-0.007988759316504002,0.20000000298023224,0.0,32766,32766,32766,32766,2022,3.3888564109802246
2026-04-07T12:22:45.495,radio://0/80/2M,range,1,0,Reacquire Wall,4977,0,0,0,0.0,0,0,0.0,0.0,62697,2,3,0.9024510383605957,0.16187110543251038,-0.007988759316504002,0.20000000298023224,0.0,32766,32766,32766,32766,2029,3.3888564109802246
2026-04-07T12:22:45.741,radio://0/80/2M,mission,1,0,Reacquire Wall,4977,0,0,0,0.0,0,0,0.0,0.0,62697,2,3,0.9015305638313293,0.16187110543251038,-0.007988759316504002,0.20000000298023224,0.0,32766,32766,32766,32766,2029,3.3888564109802246
2026-04-07T12:22:45.744,radio://0/80/2M,flow,1,0,Reacquire Wall,4666,0,0,0,0.0,0,0,0.0,0.0,62947,-1,2,0.9015305638313293,0.17351876199245453,0.007194266654551029,0.20000000298023224,0.0,32766,32766,32766,32766,2029,3.3888564109802246
2026-04-07T12:22:45.745,radio://0/80/2M,range,1,0,Reacquire Wall,4666,0,0,0,0.0,0,0,0.0,0.0,62947,-1,2,0.9015305638313293,0.17351876199245453,0.007194266654551029,0.20000000298023224,0.0,3092,32766,32766,32766,2023,3.3677420616149902
2026-04-07T12:22:45.991,radio://0/80/2M,mission,1,0,Reacquire Wall,4666,0,0,0,0.0,0,0,0.0,0.0,62947,-1,2,0.8971637487411499,0.17351876199245453,0.007194266654551029,0.20000000298023224,0.0,3092,32766,32766,32766,2023,3.3677420616149902
2026-04-07T12:22:45.993,radio://0/80/2M,flow,1,0,Reacquire Wall,4375,0,0,0,0.0,0,0,0.0,0.0,63197,-3,-3,0.8971637487411499,0.1668122559785843,0.0049277665093541145,0.20000000298023224,0.0,3092,32766,32766,32766,2023,3.3677420616149902
2026-04-07T12:22:45.995,radio://0/80/2M,range,1,0,Reacquire Wall,4375,0,0,0,0.0,0,0,0.0,0.0,63197,-3,-3,0.8971637487411499,0.1668122559785843,0.0049277665093541145,0.20000000298023224,0.0,3045,32766,32766,32766,2030,3.3519062995910645
2026-04-07T12:22:46.241,radio://0/80/2M,mission,1,0,Reacquire Wall,4375,0,0,0,0.0,0,0,0.0,0.0,63197,-3,-3,0.8912548422813416,0.1668122559785843,0.0049277665093541145,0.20000000298023224,0.0,3045,32766,32766,32766,2030,3.3519062995910645
2026-04-07T12:22:46.243,radio://0/80/2M,flow,1,0,Reacquire Wall,3846,0,0,0,0.0,0,0,0.0,0.0,63447,-1,0,0.8912548422813416,0.18216922879219055,0.015036205761134624,0.20000000298023224,0.0,3045,32766,32766,32766,2030,3.3519062995910645
2026-04-07T12:22:46.245,radio://0/80/2M,range,1,0,Reacquire Wall,3846,0,0,0,0.0,0,0,0.0,0.0,63447,-1,0,0.8912548422813416,0.18216922879219055,0.015036205761134624,0.20000000298023224,0.0,2978,32766,32766,32766,2033,3.3413491249084473
2026-04-07T12:22:46.491,radio://0/80/2M,mission,1,0,Reacquire Wall,3846,0,0,0,0.0,0,0,0.0,0.0,63447,-1,0,0.8873814940452576,0.18216922879219055,0.015036205761134624,0.20000000298023224,0.0,2978,32766,32766,32766,2033,3.3413491249084473
2026-04-07T12:22:46.493,radio://0/80/2M,flow,1,0,Reacquire Wall,3846,0,0,0,0.0,0,0,0.0,0.0,63697,5,-1,0.8873814940452576,0.14543035626411438,-0.0025952630676329136,0.20000000298023224,0.0,2978,32766,32766,32766,2033,3.3413491249084473
2026-04-07T12:22:46.494,radio://0/80/2M,range,1,0,Reacquire Wall,3846,0,0,0,0.0,0,0,0.0,0.0,63697,5,-1,0.8873814940452576,0.14543035626411438,-0.0025952630676329136,0.20000000298023224,0.0,2880,32766,32766,32766,2039,3.3413491249084473
2026-04-07T12:22:46.742,radio://0/80/2M,mission,1,0,Reacquire Wall,3846,0,0,0,0.0,0,0,0.0,0.0,63697,5,-1,0.875749945640564,0.14543035626411438,-0.0025952630676329136,0.20000000298023224,0.0,2880,32766,32766,32766,2039,3.3413491249084473
2026-04-07T12:22:46.743,radio://0/80/2M,flow,1,0,Reacquire Wall,3381,0,0,0,0.0,0,0,0.0,0.0,63947,1,0,0.875749945640564,0.14871951937675476,6.292196485446766e-05,0.20000000298023224,0.0,2880,32766,32766,32766,2039,3.3413491249084473
2026-04-07T12:22:46.744,radio://0/80/2M,range,1,0,Reacquire Wall,3381,0,0,0,0.0,0,0,0.0,0.0,63947,1,0,0.875749945640564,0.14871951937675476,6.292196485446766e-05,0.20000000298023224,0.0,2797,32766,32766,32766,2046,3.320234775543213
2026-04-07T12:22:46.990,radio://0/80/2M,mission,1,0,Reacquire Wall,3381,0,0,0,0.0,0,0,0.0,0.0,63947,1,0,0.8749295473098755,0.14871951937675476,6.292196485446766e-05,0.20000000298023224,0.0,2797,32766,32766,32766,2046,3.320234775543213
2026-04-07T12:22:46.993,radio://0/80/2M,flow,1,0,Reacquire Wall,2787,0,0,0,0.0,0,0,0.0,0.0,64197,2,6,0.8749295473098755,0.15770304203033447,0.007854283787310123,0.20000000298023224,0.0,2797,32766,32766,32766,2046,3.320234775543213
2026-04-07T12:22:46.995,radio://0/80/2M,range,1,0,Reacquire Wall,2787,0,0,0,0.0,0,0,0.0,0.0,64197,2,6,0.8749295473098755,0.15770304203033447,0.007854283787310123,0.20000000298023224,0.0,2605,32766,32766,32766,2060,3.33079195022583
2026-04-07T12:22:47.241,radio://0/80/2M,mission,1,0,Reacquire Wall,2787,0,0,0,0.0,0,0,0.0,0.0,64197,2,6,0.860408365726471,0.15770304203033447,0.007854283787310123,0.20000000298023224,0.0,2605,32766,32766,32766,2060,3.33079195022583
2026-04-07T12:22:47.243,radio://0/80/2M,flow,1,0,Reacquire Wall,2787,0,0,0,0.0,0,0,0.0,0.0,64447,0,2,0.860408365726471,0.14181548357009888,0.008471694774925709,0.20000000298023224,0.0,2605,32766,32766,32766,2060,3.33079195022583
2026-04-07T12:22:47.244,radio://0/80/2M,range,1,0,Reacquire Wall,2787,0,0,0,0.0,0,0,0.0,0.0,64447,0,2,0.860408365726471,0.14181548357009888,0.008471694774925709,0.20000000298023224,0.0,2464,32766,32766,32766,2055,3.314955949783325
2026-04-07T12:22:47.490,radio://0/80/2M,mission,1,0,Reacquire Wall,2787,0,0,0,0.0,0,0,0.0,0.0,64447,0,2,0.8651406764984131,0.14181548357009888,0.008471694774925709,0.20000000298023224,0.0,2464,32766,32766,32766,2055,3.314955949783325
2026-04-07T12:22:47.492,radio://0/80/2M,flow,1,0,Reacquire Wall,2787,0,0,0,0.0,0,0,0.0,0.0,64697,2,2,0.8651406764984131,0.1786818951368332,-0.002777974819764495,0.20000000298023224,0.0,2464,32766,32766,32766,2055,3.314955949783325
2026-04-07T12:22:47.493,radio://0/80/2M,range,1,0,Reacquire Wall,2787,0,0,0,0.0,0,0,0.0,0.0,64697,2,2,0.8651406764984131,0.1786818951368332,-0.002777974819764495,0.20000000298023224,0.0,2238,1300,337,32766,2071,3.3360705375671387
2026-04-07T12:22:47.740,radio://0/80/2M,mission,1,0,Reacquire Wall,2787,0,0,0,0.0,0,0,0.0,0.0,64697,2,2,0.861560046672821,0.1786818951368332,-0.002777974819764495,0.20000000298023224,0.0,2238,1300,337,32766,2071,3.3360705375671387
2026-04-07T12:22:47.742,radio://0/80/2M,flow,1,0,Reacquire Wall,3146,0,0,0,0.0,0,0,0.0,0.0,64947,0,0,0.861560046672821,0.2768498957157135,-0.06934987008571625,0.1404000073671341,0.02664119563996792,2238,1300,337,32766,2071,3.3360705375671387
2026-04-07T12:22:47.743,radio://0/80/2M,range,1,0,Reacquire Wall,3146,0,0,0,0.0,0,0,0.0,0.0,64947,0,0,0.861560046672821,0.2768498957157135,-0.06934987008571625,0.1404000073671341,0.02664119563996792,2046,1286,351,32766,2059,3.320234775543213
2026-04-07T12:22:47.990,radio://0/80/2M,mission,1,0,Reacquire Wall,3146,0,0,0,0.0,0,0,0.0,0.0,64947,0,0,0.8596424460411072,0.2768498957157135,-0.06934987008571625,0.1404000073671341,0.02664119563996792,2046,1286,351,32766,2059,3.320234775543213
2026-04-07T12:22:47.993,radio://0/80/2M,flow,1,0,Reacquire Wall,4522,0,0,0,0.0,0,0,0.0,0.0,65197,1,-4,0.8596424460411072,0.3073338568210602,-0.030206022784113884,0.14600001275539398,0.021869998425245285,2046,1286,351,32766,2059,3.320234775543213
2026-04-07T12:22:47.994,radio://0/80/2M,range,1,0,Reacquire Wall,4522,0,0,0,0.0,0,0,0.0,0.0,65197,1,-4,0.8596424460411072,0.3073338568210602,-0.030206022784113884,0.14600001275539398,0.021869998425245285,1790,1246,378,32766,2076,3.3255133628845215
2026-04-07T12:22:48.239,radio://0/80/2M,mission,1,0,Reacquire Wall,4522,0,0,0,0.0,0,0,0.0,0.0,65197,1,-4,0.8512576222419739,0.3073338568210602,-0.030206022784113884,0.14600001275539398,0.021869998425245285,1790,1246,378,32766,2076,3.3255133628845215
2026-04-07T12:22:48.242,radio://0/80/2M,flow,1,0,Reacquire Wall,4522,0,0,0,0.0,0,0,0.0,0.0,65447,0,-5,0.8512576222419739,0.2704177796840668,0.017993098124861717,0.1632000058889389,0.010156801901757717,1790,1246,378,32766,2076,3.3255133628845215
2026-04-07T12:22:48.243,radio://0/80/2M,range,1,0,Reacquire Wall,4522,0,0,0,0.0,0,0,0.0,0.0,65447,0,-5,0.8512576222419739,0.2704177796840668,0.017993098124861717,0.1632000058889389,0.010156801901757717,32766,1215,408,32766,2071,3.304398775100708
2026-04-07T12:22:48.490,radio://0/80/2M,mission,1,0,Reacquire Wall,4522,0,0,0,0.0,0,0,0.0,0.0,65447,0,-5,0.8477872610092163,0.2704177796840668,0.017993098124861717,0.1632000058889389,0.010156801901757717,32766,1215,408,32766,2071,3.304398775100708
2026-04-07T12:22:48.492,radio://0/80/2M,flow,1,0,Reacquire Wall,4240,0,0,0,0.0,0,0,0.0,0.0,65697,0,0,0.8477872610092163,0.2424769550561905,0.02138677053153515,0.17599999904632568,0.004320000298321247,32766,1215,408,32766,2071,3.304398775100708
2026-04-07T12:22:48.493,radio://0/80/2M,range,1,0,Reacquire Wall,4240,0,0,0,0.0,0,0,0.0,0.0,65697,0,0,0.8477872610092163,0.2424769550561905,0.02138677053153515,0.17599999904632568,0.004320000298321247,1494,1168,496,32766,2070,3.3096773624420166
2026-04-07T12:22:48.739,radio://0/80/2M,mission,1,0,Reacquire Wall,4240,0,0,0,0.0,0,0,0.0,0.0,65697,0,0,0.8439134955406189,0.2424769550561905,0.02138677053153515,0.17599999904632568,0.004320000298321247,1494,1168,496,32766,2070,3.3096773624420166
2026-04-07T12:22:48.743,radio://0/80/2M,flow,1,0,Reacquire Wall,3975,0,0,0,0.0,0,0,0.0,0.0,65947,0,0,0.8439134955406189,0.27364814281463623,0.007622566539794207,0.20000000298023224,0.0,1494,1168,496,32766,2070,3.3096773624420166
2026-04-07T12:22:48.744,radio://0/80/2M,range,1,0,Reacquire Wall,3975,0,0,0,0.0,0,0,0.0,0.0,65947,0,0,0.8439134955406189,0.27364814281463623,0.007622566539794207,0.20000000298023224,0.0,1409,1135,1861,32766,2075,3.2991201877593994
2026-04-07T12:22:48.989,radio://0/80/2M,mission,1,0,Reacquire Wall,3975,0,0,0,0.0,0,0,0.0,0.0,65947,0,0,0.8324745893478394,0.27364814281463623,0.007622566539794207,0.20000000298023224,0.0,1409,1135,1861,32766,2075,3.2991201877593994
2026-04-07T12:22:48.992,radio://0/80/2M,flow,1,0,Reacquire Wall,3975,0,0,0,0.0,0,0,0.0,0.0,66197,0,-3,0.8324745893478394,0.24884895980358124,-0.022779295220971107,0.20000000298023224,0.0,1409,1135,1861,32766,2075,3.2991201877593994
2026-04-07T12:22:48.993,radio://0/80/2M,range,1,0,Reacquire Wall,3975,0,0,0,0.0,0,0,0.0,0.0,66197,0,-3,0.8324745893478394,0.24884895980358124,-0.022779295220971107,0.20000000298023224,0.0,1311,1113,1884,32766,2086,3.2885630130767822
2026-04-07T12:22:49.239,radio://0/80/2M,mission,1,0,Reacquire Wall,3975,0,0,0,0.0,0,0,0.0,0.0,66197,0,-3,0.8352535963058472,0.24884895980358124,-0.022779295220971107,0.20000000298023224,0.0,1311,1113,1884,32766,2086,3.2885630130767822
2026-04-07T12:22:49.241,radio://0/80/2M,flow,1,0,Reacquire Wall,3975,0,0,0,0.0,0,0,0.0,0.0,66447,0,0,0.8352535963058472,0.2223767340183258,-0.007954346016049385,0.20000000298023224,0.0,1311,1113,1884,32766,2086,3.2885630130767822
2026-04-07T12:22:49.243,radio://0/80/2M,range,1,0,Reacquire Wall,3975,0,0,0,0.0,0,0,0.0,0.0,66447,0,0,0.8352535963058472,0.2223767340183258,-0.007954346016049385,0.20000000298023224,0.0,1265,1100,32766,32766,2087,3.304398775100708
2026-04-07T12:22:49.489,radio://0/80/2M,mission,1,0,Reacquire Wall,3975,0,0,0,0.0,0,0,0.0,0.0,66447,0,0,0.8412821888923645,0.2223767340183258,-0.007954346016049385,0.20000000298023224,0.0,1265,1100,32766,32766,2087,3.304398775100708
2026-04-07T12:22:49.490,radio://0/80/2M,flow,1,0,Reacquire Wall,3975,0,0,0,0.0,0,0,0.0,0.0,66697,0,0,0.8412821888923645,0.249785915017128,0.01470897439867258,0.20000000298023224,0.0,1265,1100,32766,32766,2087,3.304398775100708
2026-04-07T12:22:49.492,radio://0/80/2M,range,1,0,Reacquire Wall,3975,0,0,0,0.0,0,0,0.0,0.0,66697,0,0,0.8412821888923645,0.249785915017128,0.01470897439867258,0.20000000298023224,0.0,1201,1078,32766,32766,2083,3.3096773624420166
2026-04-07T12:22:49.738,radio://0/80/2M,mission,1,0,Reacquire Wall,3975,0,0,0,0.0,0,0,0.0,0.0,66697,0,0,0.8365182280540466,0.249785915017128,0.01470897439867258,0.20000000298023224,0.0,1201,1078,32766,32766,2083,3.3096773624420166
2026-04-07T12:22:49.741,radio://0/80/2M,flow,1,0,Reacquire Wall,3975,0,0,0,0.0,0,0,0.0,0.0,66947,0,-1,0.8365182280540466,0.23550423979759216,0.026615578681230545,0.20000000298023224,0.0,1201,1078,32766,32766,2083,3.3096773624420166
2026-04-07T12:22:49.742,radio://0/80/2M,range,1,0,Reacquire Wall,3975,0,0,0,0.0,0,0,0.0,0.0,66947,0,-1,0.8365182280540466,0.23550423979759216,0.026615578681230545,0.20000000298023224,0.0,1167,1060,32766,32766,2079,3.293841600418091
2026-04-07T12:22:49.988,radio://0/80/2M,mission,1,0,Reacquire Wall,3975,0,0,0,0.0,0,0,0.0,0.0,66947,0,-1,0.8264258503913879,0.23550423979759216,0.026615578681230545,0.20000000298023224,0.0,1167,1060,32766,32766,2079,3.293841600418091
2026-04-07T12:22:49.990,radio://0/80/2M,flow,1,0,Reacquire Wall,3975,0,0,0,0.0,0,0,0.0,0.0,67197,0,0,0.8264258503913879,0.17536525428295135,-0.0076302168890833855,0.20000000298023224,0.0,1167,1060,32766,32766,2079,3.293841600418091
2026-04-07T12:22:49.991,radio://0/80/2M,range,1,0,Reacquire Wall,3975,0,0,0,0.0,0,0,0.0,0.0,67197,0,0,0.8264258503913879,0.17536525428295135,-0.0076302168890833855,0.20000000298023224,0.0,1113,1044,32766,32766,2090,3.2832844257354736
2026-04-07T12:22:50.238,radio://0/80/2M,mission,1,0,Reacquire Wall,3975,0,0,0,0.0,0,0,0.0,0.0,67197,0,0,0.825663149356842,0.17536525428295135,-0.0076302168890833855,0.20000000298023224,0.0,1113,1044,32766,32766,2090,3.2832844257354736
2026-04-07T12:22:50.240,radio://0/80/2M,flow,1,0,Reacquire Wall,3975,0,0,0,0.0,0,0,0.0,0.0,67447,0,0,0.825663149356842,0.1541181057691574,-0.046340230852365494,0.20000000298023224,0.0,1113,1044,32766,32766,2090,3.2832844257354736
2026-04-07T12:22:50.241,radio://0/80/2M,range,1,0,Reacquire Wall,3975,0,0,0,0.0,0,0,0.0,0.0,67447,0,0,0.825663149356842,0.1541181057691574,-0.046340230852365494,0.20000000298023224,0.0,1091,1041,32766,32766,2095,3.2885630130767822
2026-04-07T12:22:50.488,radio://0/80/2M,mission,1,0,Reacquire Wall,3975,0,0,0,0.0,0,0,0.0,0.0,67447,0,0,0.8244136571884155,0.1541181057691574,-0.046340230852365494,0.20000000298023224,0.0,1091,1041,32766,32766,2095,3.2885630130767822
2026-04-07T12:22:50.490,radio://0/80/2M,flow,1,0,Reacquire Wall,3975,0,0,0,0.0,0,0,0.0,0.0,67697,0,0,0.8244136571884155,0.16852322220802307,-0.040524087846279144,0.20000000298023224,0.0,1091,1041,32766,32766,2095,3.2885630130767822
2026-04-07T12:22:50.492,radio://0/80/2M,range,1,0,Reacquire Wall,3975,0,0,0,0.0,0,0,0.0,0.0,67697,0,0,0.8244136571884155,0.16852322220802307,-0.040524087846279144,0.20000000298023224,0.0,1060,1047,32766,32766,2094,3.2832844257354736
2026-04-07T12:22:50.738,radio://0/80/2M,mission,1,0,Reacquire Wall,3975,0,0,0,0.0,0,0,0.0,0.0,67697,0,0,0.823322057723999,0.16852322220802307,-0.040524087846279144,0.20000000298023224,0.0,1060,1047,32766,32766,2094,3.2832844257354736
2026-04-07T12:22:50.739,radio://0/80/2M,flow,1,0,Reacquire Wall,3975,0,0,0,0.0,0,0,0.0,0.0,67947,0,0,0.823322057723999,0.23159855604171753,0.0005096812383271754,0.20000000298023224,0.0,1060,1047,32766,32766,2094,3.2832844257354736
2026-04-07T12:22:50.740,radio://0/80/2M,range,1,0,Reacquire Wall,3975,0,0,0,0.0,0,0,0.0,0.0,67947,0,0,0.823322057723999,0.23159855604171753,0.0005096812383271754,0.20000000298023224,0.0,1035,1040,32766,32766,2098,3.2832844257354736
2026-04-07T12:22:50.988,radio://0/80/2M,mission,1,0,Reacquire Wall,3975,0,0,0,0.0,0,0,0.0,0.0,67947,0,0,0.823569655418396,0.23159855604171753,0.0005096812383271754,0.20000000298023224,0.0,1035,1040,32766,32766,2098,3.2832844257354736
2026-04-07T12:22:50.989,radio://0/80/2M,flow,1,0,Reacquire Wall,3975,0,0,0,0.0,0,0,0.0,0.0,68197,0,-8,0.823569655418396,0.23123864829540253,0.02283148281276226,0.20000000298023224,0.0,1035,1040,32766,32766,2098,3.2832844257354736
2026-04-07T12:22:50.990,radio://0/80/2M,range,1,0,Reacquire Wall,3975,0,0,0,0.0,0,0,0.0,0.0,68197,0,-8,0.823569655418396,0.23123864829540253,0.02283148281276226,0.20000000298023224,0.0,1002,1027,32766,32766,2098,3.2885630130767822
2026-04-07T12:22:51.237,radio://0/80/2M,mission,1,0,Reacquire Wall,3975,0,0,0,0.0,0,0,0.0,0.0,68197,0,-8,0.8237798810005188,0.23123864829540253,0.02283148281276226,0.20000000298023224,0.0,1002,1027,32766,32766,2098,3.2885630130767822
2026-04-07T12:22:51.239,radio://0/80/2M,flow,1,0,Reacquire Wall,3975,0,0,0,0.0,0,0,0.0,0.0,68447,0,0,0.8237798810005188,0.1602766215801239,0.0017944823484867811,0.0,0.0,1002,1027,32766,32766,2098,3.2885630130767822
2026-04-07T12:22:51.240,radio://0/80/2M,range,1,0,Reacquire Wall,3975,0,0,0,0.0,0,0,0.0,0.0,68447,0,0,0.8237798810005188,0.1602766215801239,0.0017944823484867811,0.0,0.0,978,1006,32766,32766,2100,3.278005838394165
2026-04-07T12:22:51.530,radio://0/80/2M,mission,1,0,Reacquire Wall,3975,0,0,0,0.0,0,0,0.0,0.0,68447,0,0,0.8191813826560974,0.1602766215801239,0.0017944823484867811,0.0,0.0,978,1006,32766,32766,2100,3.278005838394165
2026-04-07T12:22:51.531,radio://0/80/2M,flow,1,0,Reacquire Wall,3975,0,0,0,0.0,0,0,0.0,0.0,68697,0,2,0.8191813826560974,-0.008370569907128811,-0.008825232274830341,0.0,0.0,978,1006,32766,32766,2100,3.278005838394165
2026-04-07T12:22:51.534,radio://0/80/2M,range,1,0,Reacquire Wall,3975,0,0,0,0.0,0,0,0.0,0.0,68697,0,2,0.8191813826560974,-0.008370569907128811,-0.008825232274830341,0.0,0.0,963,1008,32766,32766,2107,3.2727272510528564
2026-04-07T12:22:51.737,radio://0/80/2M,mission,1,0,Reacquire Wall,3975,0,0,0,0.0,0,0,0.0,0.0,68697,0,2,0.8077252507209778,-0.008370569907128811,-0.008825232274830341,0.0,0.0,963,1008,32766,32766,2107,3.2727272510528564
2026-04-07T12:22:51.739,radio://0/80/2M,flow,1,0,Reacquire Wall,3975,0,0,0,0.0,0,0,0.0,0.0,68947,0,10,0.8077252507209778,-0.10152256488800049,-0.02223479375243187,0.0,0.0,963,1008,32766,32766,2107,3.2727272510528564
2026-04-07T12:22:51.740,radio://0/80/2M,range,1,0,Reacquire Wall,3975,0,0,0,0.0,0,0,0.0,0.0,68947,0,10,0.8077252507209778,-0.10152256488800049,-0.02223479375243187,0.0,0.0,979,1014,32766,32766,2109,3.2727272510528564
2026-04-07T12:22:51.986,radio://0/80/2M,mission,1,0,Reacquire Wall,3975,0,0,0,0.0,0,0,0.0,0.0,68947,0,10,0.8123027682304382,-0.10152256488800049,-0.02223479375243187,0.0,0.0,979,1014,32766,32766,2109,3.2727272510528564
2026-04-07T12:22:51.989,radio://0/80/2M,flow,1,0,Reacquire Wall,3975,0,0,0,0.0,0,0,0.0,0.0,69197,-1,0,0.8123027682304382,-0.023466002196073532,0.0040221987292170525,0.0,0.0,979,1014,32766,32766,2109,3.2727272510528564
2026-04-07T12:22:51.990,radio://0/80/2M,range,1,0,Reacquire Wall,3975,0,0,0,0.0,0,0,0.0,0.0,69197,-1,0,0.8123027682304382,-0.023466002196073532,0.0040221987292170525,0.0,0.0,1000,1015,32766,32766,2107,3.2885630130767822
2026-04-07T12:22:52.236,radio://0/80/2M,mission,1,0,Reacquire Wall,3975,0,0,0,0.0,0,0,0.0,0.0,69197,-1,0,0.8169335722923279,-0.023466002196073532,0.0040221987292170525,0.0,0.0,1000,1015,32766,32766,2107,3.2885630130767822
2026-04-07T12:22:52.239,radio://0/80/2M,flow,1,0,Reacquire Wall,3975,0,0,0,0.0,0,0,0.0,0.0,69447,0,0,0.8169335722923279,0.026039443910121918,0.013718565925955772,0.0,0.0,1000,1015,32766,32766,2107,3.2885630130767822
2026-04-07T12:22:52.241,radio://0/80/2M,range,1,0,Reacquire Wall,3975,0,0,0,0.0,0,0,0.0,0.0,69447,0,0,0.8169335722923279,0.026039443910121918,0.013718565925955772,0.0,0.0,992,1011,32766,32766,2104,3.2832844257354736
2026-04-07T12:22:52.486,radio://0/80/2M,mission,1,0,Reacquire Wall,3975,0,0,0,0.0,0,0,0.0,0.0,69447,0,0,0.8165329098701477,0.026039443910121918,0.013718565925955772,0.0,0.0,992,1011,32766,32766,2104,3.2832844257354736
2026-04-07T12:22:52.489,radio://0/80/2M,flow,1,0,Reacquire Wall,3975,0,0,0,0.0,0,0,0.0,0.0,69697,1,0,0.8165329098701477,0.025260187685489655,0.0017869044095277786,0.0,0.0,992,1011,32766,32766,2104,3.2832844257354736
2026-04-07T12:22:52.490,radio://0/80/2M,range,1,0,Reacquire Wall,3975,0,0,0,0.0,0,0,0.0,0.0,69697,1,0,0.8165329098701477,0.025260187685489655,0.0017869044095277786,0.0,0.0,954,978,32766,32766,2104,3.278005838394165
2026-04-07T12:22:52.736,radio://0/80/2M,mission,1,0,Reacquire Wall,3975,0,0,0,0.0,0,0,0.0,0.0,69697,1,0,0.8122169971466064,0.025260187685489655,0.0017869044095277786,0.0,0.0,954,978,32766,32766,2104,3.278005838394165
2026-04-07T12:22:52.739,radio://0/80/2M,flow,1,0,Reacquire Wall,3975,0,0,0,0.0,0,0,0.0,0.0,69947,0,0,0.8122169971466064,0.012803909368813038,0.028666071593761444,0.0,0.0,954,978,32766,32766,2104,3.278005838394165
2026-04-07T12:22:52.740,radio://0/80/2M,range,1,0,Reacquire Wall,3975,0,0,0,0.0,0,0,0.0,0.0,69947,0,0,0.8122169971466064,0.012803909368813038,0.028666071593761444,0.0,0.0,935,953,32766,32766,2111,3.267448663711548
2026-04-07T12:22:52.985,radio://0/80/2M,mission,1,0,Reacquire Wall,3975,0,0,0,0.0,0,0,0.0,0.0,69947,0,0,0.8101871609687805,0.012803909368813038,0.028666071593761444,0.0,0.0,935,953,32766,32766,2111,3.267448663711548
2026-04-07T12:22:52.988,radio://0/80/2M,flow,1,0,Reacquire Wall,3975,0,0,0,0.0,0,0,0.0,0.0,70197,0,0,0.8101871609687805,0.0016398674342781305,0.006881417240947485,0.0,0.0,935,953,32766,32766,2111,3.267448663711548
2026-04-07T12:22:52.989,radio://0/80/2M,range,1,0,Reacquire Wall,3975,0,0,0,0.0,0,0,0.0,0.0,70197,0,0,0.8101871609687805,0.0016398674342781305,0.006881417240947485,0.0,0.0,909,935,1935,3126,2118,3.2727272510528564
2026-04-07T12:22:53.266,radio://0/80/2M,mission,1,0,Reacquire Wall,3975,0,0,0,0.0,0,0,0.0,0.0,70197,0,0,0.8127121329307556,0.0016398674342781305,0.006881417240947485,0.0,0.0,909,935,1935,3126,2118,3.2727272510528564
2026-04-07T12:22:53.273,radio://0/80/2M,flow,1,0,Reacquire Wall,3975,0,0,0,0.0,0,0,0.0,0.0,70447,4,0,0.8127121329307556,-0.013819142244756222,0.007371095009148121,0.0,0.0,909,935,1935,3126,2118,3.2727272510528564
2026-04-07T12:22:53.276,radio://0/80/2M,range,1,0,Reacquire Wall,3975,0,0,0,0.0,0,0,0.0,0.0,70447,4,0,0.8127121329307556,-0.013819142244756222,0.007371095009148121,0.0,0.0,909,951,1984,3074,2105,3.267448663711548
2026-04-07T12:22:53.485,radio://0/80/2M,mission,1,0,Reacquire Wall,3975,0,0,0,0.0,0,0,0.0,0.0,70447,4,0,0.8098430633544922,-0.013819142244756222,0.007371095009148121,0.0,0.0,909,951,1984,3074,2105,3.267448663711548
2026-04-07T12:22:53.488,radio://0/80/2M,flow,1,0,Reacquire Wall,3975,0,0,0,0.0,0,0,0.0,0.0,70697,0,-1,0.8098430633544922,-0.024759212508797646,0.02918531931936741,0.0,0.0,909,951,1984,3074,2105,3.267448663711548
2026-04-07T12:22:53.489,radio://0/80/2M,range,1,0,Reacquire Wall,3975,0,0,0,0.0,0,0,0.0,0.0,70697,0,-1,0.8098430633544922,-0.024759212508797646,0.02918531931936741,0.0,0.0,927,997,32766,32766,2111,3.2621700763702393
2026-04-07T12:22:53.735,radio://0/80/2M,mission,1,5,Transition,3975,0,0,0,0.0,0,0,0.0,0.0,70697,0,-1,0.8091760873794556,-0.024759212508797646,0.02918531931936741,0.0,0.0,927,997,32766,32766,2111,3.2621700763702393
2026-04-07T12:22:53.738,radio://0/80/2M,flow,1,5,Transition,3975,0,0,0,0.0,0,0,0.0,0.0,70947,0,-1,0.8091760873794556,0.031100573018193245,-0.020915457978844643,0.0,0.0,927,997,32766,32766,2111,3.2621700763702393
2026-04-07T12:22:53.739,radio://0/80/2M,range,1,5,Transition,3975,0,0,0,0.0,0,0,0.0,0.0,70947,0,-1,0.8091760873794556,0.031100573018193245,-0.020915457978844643,0.0,0.0,940,1040,32766,32766,2118,3.2568914890289307
2026-04-07T12:22:53.985,radio://0/80/2M,mission,1,2,Scan,3975,0,0,0,0.0,0,0,0.0,0.0,70947,0,-1,0.8101742267608643,0.031100573018193245,-0.020915457978844643,0.0,0.0,940,1040,32766,32766,2118,3.2568914890289307
2026-04-07T12:22:53.988,radio://0/80/2M,flow,1,2,Scan,3975,0,0,0,0.0,0,0,0.0,0.0,71197,-1,-2,0.8101742267608643,0.01601094752550125,-0.03465992584824562,0.0,0.0,940,1040,32766,32766,2118,3.2568914890289307
2026-04-07T12:22:53.989,radio://0/80/2M,range,1,2,Scan,3975,0,0,0,0.0,0,0,0.0,0.0,71197,-1,-2,0.8101742267608643,0.01601094752550125,-0.03465992584824562,0.0,0.0,978,1087,904,32766,2116,3.2621700763702393
2026-04-07T12:22:54.234,radio://0/80/2M,mission,1,2,Scan,3975,0,0,0,0.0,0,0,0.0,0.0,71197,-1,-2,0.8082414865493774,0.01601094752550125,-0.03465992584824562,0.0,0.0,978,1087,904,32766,2116,3.2621700763702393
2026-04-07T12:22:54.236,radio://0/80/2M,flow,1,2,Scan,3975,0,0,0,0.0,0,0,0.0,0.0,71447,0,0,0.8082414865493774,-0.033922817558050156,0.031157193705439568,0.0,0.0,978,1087,904,32766,2116,3.2621700763702393
2026-04-07T12:22:54.238,radio://0/80/2M,range,1,2,Scan,3975,0,0,0,0.0,0,0,0.0,0.0,71447,0,0,0.8082414865493774,-0.033922817558050156,0.031157193705439568,0.0,0.0,971,1098,993,32766,2121,3.251612901687622
2026-04-07T12:22:54.484,radio://0/80/2M,mission,1,2,Scan,3975,0,0,0,0.0,0,0,0.0,0.0,71447,0,0,0.7984657287597656,-0.033922817558050156,0.031157193705439568,0.0,0.0,971,1098,993,32766,2121,3.251612901687622
2026-04-07T12:22:54.487,radio://0/80/2M,flow,1,2,Scan,3975,0,0,0,0.0,0,0,0.0,0.0,71697,0,3,0.7984657287597656,-0.08424653857946396,0.11883752793073654,0.0,0.0,971,1098,993,32766,2121,3.251612901687622
2026-04-07T12:22:54.488,radio://0/80/2M,range,1,2,Scan,3975,0,0,0,0.0,0,0,0.0,0.0,71697,0,3,0.7984657287597656,-0.08424653857946396,0.11883752793073654,0.0,0.0,923,1065,32766,32766,2121,3.251612901687622
2026-04-07T12:22:54.734,radio://0/80/2M,mission,1,2,Scan,3975,0,0,0,0.0,0,0,0.0,0.0,71697,0,3,0.7925511002540588,-0.08424653857946396,0.11883752793073654,0.0,0.0,923,1065,32766,32766,2121,3.251612901687622
2026-04-07T12:22:54.737,radio://0/80/2M,flow,1,2,Scan,3975,0,0,0,0.0,0,0,0.0,0.0,71947,0,0,0.7925511002540588,-0.03418363630771637,0.130030557513237,0.0,0.0,923,1065,32766,32766,2121,3.251612901687622
2026-04-07T12:22:54.738,radio://0/80/2M,range,1,2,Scan,3975,0,0,0,0.0,0,0,0.0,0.0,71947,0,0,0.7925511002540588,-0.03418363630771637,0.130030557513237,0.0,0.0,937,1019,1940,3072,2133,3.2463343143463135
2026-04-07T12:22:54.983,radio://0/80/2M,mission,1,2,Scan,3975,0,0,0,0.0,0,0,0.0,0.0,71947,0,0,0.7920490503311157,-0.03418363630771637,0.130030557513237,0.0,0.0,937,1019,1940,3072,2133,3.2463343143463135
2026-04-07T12:22:54.986,radio://0/80/2M,flow,1,2,Scan,3975,0,0,0,0.0,0,0,0.0,0.0,72197,-4,-3,0.7920490503311157,0.044030625373125076,0.07641114294528961,0.0,0.0,937,1019,1940,3072,2133,3.2463343143463135
2026-04-07T12:22:54.987,radio://0/80/2M,range,1,2,Scan,3975,0,0,0,0.0,0,0,0.0,0.0,72197,-4,-3,0.7920490503311157,0.044030625373125076,0.07641114294528961,0.0,0.0,968,968,1886,3100,2114,3.251612901687622
2026-04-07T12:22:55.234,radio://0/80/2M,mission,1,2,Scan,3975,0,0,0,0.0,0,0,0.0,0.0,72197,-4,-3,0.7947023510932922,0.044030625373125076,0.07641114294528961,0.0,0.0,968,968,1886,3100,2114,3.251612901687622
2026-04-07T12:22:55.236,radio://0/80/2M,flow,1,2,Scan,3975,0,0,0,0.0,0,0,0.0,0.0,72447,-10,0,0.7947023510932922,-0.012782770209014416,0.07969050109386444,0.0,0.0,968,968,1886,3100,2114,3.251612901687622
2026-04-07T12:22:55.238,radio://0/80/2M,range,1,2,Scan,3975,0,0,0,0.0,0,0,0.0,0.0,72447,-10,0,0.7947023510932922,-0.012782770209014416,0.07969050109386444,0.0,0.0,998,973,32766,32766,2121,3.251612901687622
2026-04-07T12:22:55.484,radio://0/80/2M,mission,1,2,Scan,3975,0,0,0,0.0,0,0,0.0,0.0,72447,-10,0,0.8011869788169861,-0.012782770209014416,0.07969050109386444,0.0,0.0,998,973,32766,32766,2121,3.251612901687622
2026-04-07T12:22:55.486,radio://0/80/2M,flow,1,2,Scan,3975,0,0,0,0.0,0,0,0.0,0.0,72697,0,0,0.8011869788169861,-0.00701114721596241,0.07619772851467133,0.0,0.0,998,973,32766,32766,2121,3.251612901687622
2026-04-07T12:22:55.488,radio://0/80/2M,range,1,2,Scan,3975,0,0,0,0.0,0,0,0.0,0.0,72697,0,0,0.8011869788169861,-0.00701114721596241,0.07619772851467133,0.0,0.0,1100,1006,32766,32766,2126,3.251612901687622
2026-04-07T12:22:55.734,radio://0/80/2M,mission,1,2,Scan,3975,0,0,0,0.0,0,0,0.0,0.0,72697,0,0,0.8023070096969604,-0.00701114721596241,0.07619772851467133,0.0,0.0,1100,1006,32766,32766,2126,3.251612901687622
2026-04-07T12:22:55.736,radio://0/80/2M,flow,1,2,Scan,3975,0,0,0,0.0,0,0,0.0,0.0,72947,1,1,0.8023070096969604,0.0005999895511195064,0.06135992705821991,0.0,0.0,1100,1006,32766,32766,2126,3.251612901687622
2026-04-07T12:22:55.737,radio://0/80/2M,range,1,2,Scan,3975,0,0,0,0.0,0,0,0.0,0.0,72947,1,1,0.8023070096969604,0.0005999895511195064,0.06135992705821991,0.0,0.0,1217,1071,32766,988,2113,3.241055727005005
2026-04-07T12:22:55.983,radio://0/80/2M,mission,1,2,Scan,3975,0,0,0,0.0,0,0,0.0,0.0,72947,1,1,0.8028367161750793,0.0005999895511195064,0.06135992705821991,0.0,0.0,1217,1071,32766,988,2113,3.241055727005005
2026-04-07T12:22:55.986,radio://0/80/2M,flow,1,2,Scan,3975,0,0,0,0.0,0,0,0.0,0.0,73197,-1,0,0.8028367161750793,-0.01737165078520775,-0.024804068729281425,0.0,0.0,1217,1071,32766,988,2113,3.241055727005005
2026-04-07T12:22:55.987,radio://0/80/2M,range,1,2,Scan,3975,0,0,0,0.0,0,0,0.0,0.0,73197,-1,0,0.8028367161750793,-0.01737165078520775,-0.024804068729281425,0.0,0.0,1303,1254,32766,857,2124,3.2463343143463135
2026-04-07T12:22:56.233,radio://0/80/2M,mission,1,2,Scan,3975,0,0,0,0.0,0,0,0.0,0.0,73197,-1,0,0.8017092943191528,-0.01737165078520775,-0.024804068729281425,0.0,0.0,1303,1254,32766,857,2124,3.2463343143463135
2026-04-07T12:22:56.235,radio://0/80/2M,flow,1,2,Scan,3975,0,0,0,0.0,0,0,0.0,0.0,73447,-7,9,0.8017092943191528,0.015177975408732891,-0.08550440520048141,0.0,0.0,1303,1254,32766,857,2124,3.2463343143463135
2026-04-07T12:22:56.236,radio://0/80/2M,range,1,2,Scan,3975,0,0,0,0.0,0,0,0.0,0.0,73447,-7,9,0.8017092943191528,0.015177975408732891,-0.08550440520048141,0.0,0.0,1177,1410,32766,766,2120,3.2304985523223877
2026-04-07T12:22:56.483,radio://0/80/2M,mission,1,2,Scan,3975,0,0,0,0.0,0,0,0.0,0.0,73447,-7,9,0.8015226721763611,0.015177975408732891,-0.08550440520048141,0.0,0.0,1177,1410,32766,766,2120,3.2304985523223877
2026-04-07T12:22:56.485,radio://0/80/2M,flow,1,2,Scan,3975,0,0,0,0.0,0,0,0.0,0.0,73697,-1,0,0.8015226721763611,0.0666094571352005,-0.10802710056304932,0.0,0.0,1177,1410,32766,766,2120,3.2304985523223877
2026-04-07T12:22:56.486,radio://0/80/2M,range,1,2,Scan,3975,0,0,0,0.0,0,0,0.0,0.0,73697,-1,0,0.8015226721763611,0.0666094571352005,-0.10802710056304932,0.0,0.0,1032,32766,1035,763,2117,3.241055727005005
2026-04-07T12:22:56.733,radio://0/80/2M,mission,1,2,Scan,3975,0,0,0,0.0,0,0,0.0,0.0,73697,-1,0,0.8043667674064636,0.0666094571352005,-0.10802710056304932,0.0,0.0,1032,32766,1035,763,2117,3.241055727005005
2026-04-07T12:22:56.736,radio://0/80/2M,flow,1,2,Scan,3975,0,0,0,0.0,0,0,0.0,0.0,73947,6,-9,0.8043667674064636,0.08184535801410675,-0.12504859268665314,0.0,0.0,1032,32766,1035,763,2117,3.241055727005005
2026-04-07T12:22:56.737,radio://0/80/2M,range,1,2,Scan,3975,0,0,0,0.0,0,0,0.0,0.0,73947,6,-9,0.8043667674064636,0.08184535801410675,-0.12504859268665314,0.0,0.0,987,32766,913,1171,2111,3.2357771396636963
2026-04-07T12:22:56.982,radio://0/80/2M,mission,1,2,Scan,3975,0,0,0,0.0,0,0,0.0,0.0,73947,6,-9,0.808483362197876,0.08184535801410675,-0.12504859268665314,0.0,0.0,987,32766,913,1171,2111,3.2357771396636963
2026-04-07T12:22:56.984,radio://0/80/2M,flow,1,2,Scan,3975,0,0,0,0.0,0,0,0.0,0.0,74197,2,-2,0.808483362197876,0.07572891563177109,-0.12046574801206589,0.0,0.0,987,32766,913,1171,2111,3.2357771396636963
2026-04-07T12:22:56.986,radio://0/80/2M,range,1,2,Scan,3975,0,0,0,0.0,0,0,0.0,0.0,74197,2,-2,0.808483362197876,0.07572891563177109,-0.12046574801206589,0.0,0.0,947,3205,789,32766,2106,3.2304985523223877
2026-04-07T12:22:57.232,radio://0/80/2M,mission,1,2,Scan,3975,0,0,0,0.0,0,0,0.0,0.0,74197,2,-2,0.8051758408546448,0.07572891563177109,-0.12046574801206589,0.0,0.0,947,3205,789,32766,2106,3.2304985523223877
2026-04-07T12:22:57.234,radio://0/80/2M,flow,1,2,Scan,4223,0,0,0,0.0,0,0,0.0,0.0,74447,2,-3,0.8051758408546448,0.09276221692562103,-0.12371352314949036,0.0,0.0,947,3205,789,32766,2106,3.2304985523223877
2026-04-07T12:22:57.235,radio://0/80/2M,range,1,2,Scan,4223,0,0,0,0.0,0,0,0.0,0.0,74447,2,-3,0.8051758408546448,0.09276221692562103,-0.12371352314949036,0.0,0.0,925,3273,724,32766,2112,3.2199413776397705
2026-04-07T12:22:57.481,radio://0/80/2M,mission,1,2,Scan,4223,0,0,0,0.0,0,0,0.0,0.0,74447,2,-3,0.8099932670593262,0.09276221692562103,-0.12371352314949036,0.0,0.0,925,3273,724,32766,2112,3.2199413776397705
2026-04-07T12:22:57.485,radio://0/80/2M,flow,1,2,Scan,4223,0,0,0,0.0,0,0,0.0,0.0,74697,1,0,0.8099932670593262,0.16709287464618683,-0.13241153955459595,0.0,0.0,925,3273,724,32766,2112,3.2199413776397705
2026-04-07T12:22:57.486,radio://0/80/2M,range,1,2,Scan,4223,0,0,0,0.0,0,0,0.0,0.0,74697,1,0,0.8099932670593262,0.16709287464618683,-0.13241153955459595,0.0,0.0,925,32766,639,2141,2111,3.2304985523223877
2026-04-07T12:22:57.734,radio://0/80/2M,mission,1,2,Scan,4223,0,0,0,0.0,0,0,0.0,0.0,74697,1,0,0.8133934736251831,0.16709287464618683,-0.13241153955459595,0.0,0.0,925,32766,639,2141,2111,3.2304985523223877
2026-04-07T12:22:57.735,radio://0/80/2M,flow,1,2,Scan,4223,0,0,0,0.0,0,0,0.0,0.0,74947,0,0,0.8133934736251831,-0.001258581643924117,-0.12699154019355774,0.0,0.0,925,32766,639,2141,2111,3.2304985523223877
2026-04-07T12:22:57.736,radio://0/80/2M,range,1,2,Scan,4223,0,0,0,0.0,0,0,0.0,0.0,74947,0,0,0.8133934736251831,-0.001258581643924117,-0.12699154019355774,0.0,0.0,951,32766,597,2111,2114,3.225219964981079
2026-04-07T12:22:58.003,radio://0/80/2M,mission,1,2,Scan,4223,0,0,0,0.0,0,0,0.0,0.0,74947,0,0,0.8072435259819031,-0.001258581643924117,-0.12699154019355774,0.0,0.0,951,32766,597,2111,2114,3.225219964981079
2026-04-07T12:22:58.007,radio://0/80/2M,flow,1,2,Scan,4223,0,0,0,0.0,0,0,0.0,0.0,75197,0,-1,0.8072435259819031,-0.19315756857395172,-0.07569200545549393,0.0,0.0,951,32766,597,2111,2114,3.225219964981079
2026-04-07T12:22:58.009,radio://0/80/2M,range,1,2,Scan,4223,0,0,0,0.0,0,0,0.0,0.0,75197,0,-1,0.8072435259819031,-0.19315756857395172,-0.07569200545549393,0.0,0.0,1015,1203,640,32766,2116,3.225219964981079
2026-04-07T12:22:58.233,radio://0/80/2M,mission,1,2,Scan,4223,0,0,0,0.0,0,0,0.0,0.0,75197,0,-1,0.8045704364776611,-0.19315756857395172,-0.07569200545549393,0.0,0.0,1015,1203,640,32766,2116,3.225219964981079
2026-04-07T12:22:58.234,radio://0/80/2M,flow,1,2,Scan,4223,0,0,0,0.0,0,0,0.0,0.0,75447,-1,1,0.8045704364776611,-0.25657930970191956,-0.07470521330833435,0.0,0.0,1015,1203,640,32766,2116,3.225219964981079
2026-04-07T12:22:58.235,radio://0/80/2M,range,1,2,Scan,4223,0,0,0,0.0,0,0,0.0,0.0,75447,-1,1,0.8045704364776611,-0.25657930970191956,-0.07470521330833435,0.0,0.0,1084,1040,734,32766,2120,3.225219964981079
2026-04-07T12:22:58.481,radio://0/80/2M,mission,1,2,Scan,4223,0,0,0,0.0,0,0,0.0,0.0,75447,-1,1,0.8133412599563599,-0.25657930970191956,-0.07470521330833435,0.0,0.0,1084,1040,734,32766,2120,3.225219964981079
2026-04-07T12:22:58.484,radio://0/80/2M,flow,1,2,Scan,4223,0,0,0,0.0,0,0,0.0,0.0,75697,0,0,0.8133412599563599,-0.15819644927978516,-0.10326944291591644,0.0,0.0,1084,1040,734,32766,2120,3.225219964981079
2026-04-07T12:22:58.485,radio://0/80/2M,range,1,2,Scan,4223,0,0,0,0.0,0,0,0.0,0.0,75697,0,0,0.8133412599563599,-0.15819644927978516,-0.10326944291591644,0.0,0.0,1282,909,1002,32766,2114,3.2304985523223877
2026-04-07T12:22:58.730,radio://0/80/2M,mission,1,2,Scan,4223,0,0,0,0.0,0,0,0.0,0.0,75697,0,0,0.8115913271903992,-0.15819644927978516,-0.10326944291591644,0.0,0.0,1282,909,1002,32766,2114,3.2304985523223877
2026-04-07T12:22:58.733,radio://0/80/2M,flow,1,2,Scan,4223,0,0,0,0.0,0,0,0.0,0.0,75947,0,-2,0.8115913271903992,-0.004578535910695791,-0.10454623401165009,0.0,0.0,1282,909,1002,32766,2114,3.2304985523223877
2026-04-07T12:22:58.734,radio://0/80/2M,range,1,2,Scan,4223,0,0,0,0.0,0,0,0.0,0.0,75947,0,-2,0.8115913271903992,-0.004578535910695791,-0.10454623401165009,0.0,0.0,1580,1000,1123,32766,2112,3.214662790298462
2026-04-07T12:22:58.981,radio://0/80/2M,mission,1,2,Scan,4223,0,0,0,0.0,0,0,0.0,0.0,75947,0,-2,0.8056270480155945,-0.004578535910695791,-0.10454623401165009,0.0,0.0,1580,1000,1123,32766,2112,3.214662790298462
2026-04-07T12:22:58.982,radio://0/80/2M,flow,1,2,Scan,4223,0,0,0,0.0,0,0,0.0,0.0,76197,0,-1,0.8056270480155945,0.07875644415616989,-0.10387016832828522,0.0,0.0,1580,1000,1123,32766,2112,3.214662790298462
2026-04-07T12:22:58.984,radio://0/80/2M,range,1,2,Scan,4223,0,0,0,0.0,0,0,0.0,0.0,76197,0,-1,0.8056270480155945,0.07875644415616989,-0.10387016832828522,0.0,0.0,32766,32766,1011,689,2108,3.2093842029571533
2026-04-07T12:22:59.231,radio://0/80/2M,mission,1,2,Scan,4223,0,0,0,0.0,0,0,0.0,0.0,76197,0,-1,0.8071182370185852,0.07875644415616989,-0.10387016832828522,0.0,0.0,32766,32766,1011,689,2108,3.2093842029571533
2026-04-07T12:22:59.234,radio://0/80/2M,flow,1,2,Scan,4223,0,0,0,0.0,0,0,0.0,0.0,76447,0,0,0.8071182370185852,0.11999079585075378,-0.07663754373788834,0.0,0.0,32766,32766,1011,689,2108,3.2093842029571533
2026-04-07T12:22:59.235,radio://0/80/2M,range,1,2,Scan,4223,0,0,0,0.0,0,0,0.0,0.0,76447,0,0,0.8071182370185852,0.11999079585075378,-0.07663754373788834,0.0,0.0,32766,32766,966,641,2112,3.2199413776397705
2026-04-07T12:22:59.481,radio://0/80/2M,mission,1,2,Scan,4223,0,0,0,0.0,0,0,0.0,0.0,76447,0,0,0.8065277934074402,0.11999079585075378,-0.07663754373788834,0.0,0.0,32766,32766,966,641,2112,3.2199413776397705
2026-04-07T12:22:59.484,radio://0/80/2M,flow,1,2,Scan,4223,0,0,0,0.0,0,0,0.0,0.0,76697,1,0,0.8065277934074402,0.16111017763614655,-0.025719698518514633,0.0,0.0,32766,32766,966,641,2112,3.2199413776397705
2026-04-07T12:22:59.485,radio://0/80/2M,range,1,2,Scan,4223,0,0,0,0.0,0,0,0.0,0.0,76697,1,0,0.8065277934074402,0.16111017763614655,-0.025719698518514633,0.0,0.0,32766,32766,922,572,2107,3.2093842029571533
2026-04-07T12:22:59.731,radio://0/80/2M,mission,1,2,Scan,4223,0,0,0,0.0,0,0,0.0,0.0,76697,1,0,0.8107794523239136,0.16111017763614655,-0.025719698518514633,0.0,0.0,32766,32766,922,572,2107,3.2093842029571533
2026-04-07T12:22:59.732,radio://0/80/2M,flow,1,2,Scan,4223,0,0,0,0.0,0,0,0.0,0.0,76947,0,0,0.8107794523239136,0.06817429512739182,-0.10004889965057373,0.0,0.0,32766,32766,922,572,2107,3.2093842029571533
2026-04-07T12:22:59.733,radio://0/80/2M,range,1,2,Scan,4223,0,0,0,0.0,0,0,0.0,0.0,76947,0,0,0.8107794523239136,0.06817429512739182,-0.10004889965057373,0.0,0.0,32766,32766,904,539,2119,3.2093842029571533
2026-04-07T12:22:59.980,radio://0/80/2M,mission,1,2,Scan,4223,0,0,0,0.0,0,0,0.0,0.0,76947,0,0,0.804698646068573,0.06817429512739182,-0.10004889965057373,0.0,0.0,32766,32766,904,539,2119,3.2093842029571533
2026-04-07T12:22:59.983,radio://0/80/2M,flow,1,2,Scan,4223,0,0,0,0.0,0,0,0.0,0.0,77197,0,-1,0.804698646068573,0.041376497596502304,-0.13395467400550842,0.0,0.0,32766,32766,904,539,2119,3.2093842029571533
2026-04-07T12:22:59.984,radio://0/80/2M,range,1,2,Scan,4223,0,0,0,0.0,0,0,0.0,0.0,77197,0,-1,0.804698646068573,0.041376497596502304,-0.13395467400550842,0.0,0.0,32766,2102,928,530,2121,3.198827028274536
2026-04-07T12:23:00.230,radio://0/80/2M,mission,1,2,Scan,4223,0,0,0,0.0,0,0,0.0,0.0,77197,0,-1,0.8029711246490479,0.041376497596502304,-0.13395467400550842,0.0,0.0,32766,2102,928,530,2121,3.198827028274536
2026-04-07T12:23:00.231,radio://0/80/2M,flow,1,2,Scan,4223,0,0,0,0.0,0,0,0.0,0.0,77447,1,1,0.8029711246490479,0.017199987545609474,-0.17082804441452026,0.0,0.0,32766,2102,928,530,2121,3.198827028274536
2026-04-07T12:23:00.233,radio://0/80/2M,range,1,2,Scan,4223,0,0,0,0.0,0,0,0.0,0.0,77447,1,1,0.8029711246490479,0.017199987545609474,-0.17082804441452026,0.0,0.0,32766,2097,985,542,2119,3.188269853591919
2026-04-07T12:23:00.479,radio://0/80/2M,mission,1,2,Scan,4223,0,0,0,0.0,0,0,0.0,0.0,77447,1,1,0.802912175655365,0.017199987545609474,-0.17082804441452026,0.0,0.0,32766,2097,985,542,2119,3.188269853591919
2026-04-07T12:23:00.482,radio://0/80/2M,flow,1,2,Scan,4223,0,0,0,0.0,0,0,0.0,0.0,77697,1,0,0.802912175655365,0.021102843806147575,-0.20706336200237274,0.0,0.0,32766,2097,985,542,2119,3.188269853591919
2026-04-07T12:23:00.483,radio://0/80/2M,range,1,2,Scan,4223,0,0,0,0.0,0,0,0.0,0.0,77697,1,0,0.802912175655365,0.021102843806147575,-0.20706336200237274,0.0,0.0,1032,32766,1165,588,2122,3.198827028274536
2026-04-07T12:23:00.729,radio://0/80/2M,mission,1,2,Scan,4223,0,0,0,0.0,0,0,0.0,0.0,77697,1,0,0.8038122653961182,0.021102843806147575,-0.20706336200237274,0.0,0.0,1032,32766,1165,588,2122,3.198827028274536
2026-04-07T12:23:00.732,radio://0/80/2M,flow,1,2,Scan,4486,0,0,0,0.0,0,0,0.0,0.0,77947,-1,-2,0.8038122653961182,-0.01570241153240204,-0.300089955329895,0.0,0.0,1032,32766,1165,588,2122,3.198827028274536
2026-04-07T12:23:00.733,radio://0/80/2M,range,1,2,Scan,4486,0,0,0,0.0,0,0,0.0,0.0,77947,-1,-2,0.8038122653961182,-0.01570241153240204,-0.300089955329895,0.0,0.0,1027,32766,1349,633,2120,3.198827028274536
2026-04-07T12:23:00.979,radio://0/80/2M,mission,1,2,Scan,4486,0,0,0,0.0,0,0,0.0,0.0,77947,-1,-2,0.7999212145805359,-0.01570241153240204,-0.300089955329895,0.0,0.0,1027,32766,1349,633,2120,3.198827028274536
2026-04-07T12:23:00.982,radio://0/80/2M,flow,1,2,Scan,5379,0,0,0,0.0,0,0,0.0,0.0,78197,0,-1,0.7999212145805359,0.0754956379532814,-0.192414790391922,0.0,0.0,1027,32766,1349,633,2120,3.198827028274536
2026-04-07T12:23:00.983,radio://0/80/2M,range,1,2,Scan,5379,0,0,0,0.0,0,0,0.0,0.0,78197,0,-1,0.7999212145805359,0.0754956379532814,-0.192414790391922,0.0,0.0,1223,32766,1687,693,2128,3.188269853591919
2026-04-07T12:23:01.229,radio://0/80/2M,mission,1,2,Scan,5379,0,0,0,0.0,0,0,0.0,0.0,78197,0,-1,0.7901526093482971,0.0754956379532814,-0.192414790391922,0.0,0.0,1223,32766,1687,693,2128,3.188269853591919
2026-04-07T12:23:01.232,radio://0/80/2M,flow,1,2,Scan,6072,0,0,0,0.0,0,0,0.0,0.0,78447,0,0,0.7901526093482971,0.06471037119626999,0.029131202027201653,0.0,0.0,1223,32766,1687,693,2128,3.188269853591919
2026-04-07T12:23:01.233,radio://0/80/2M,range,1,2,Scan,6072,0,0,0,0.0,0,0,0.0,0.0,78447,0,0,0.7901526093482971,0.06471037119626999,0.029131202027201653,0.0,0.0,1366,32766,1942,748,2138,3.1777126789093018
2026-04-07T12:23:01.478,radio://0/80/2M,mission,1,2,Scan,6072,0,0,0,0.0,0,0,0.0,0.0,78447,0,0,0.790493905544281,0.06471037119626999,0.029131202027201653,0.0,0.0,1366,32766,1942,748,2138,3.1777126789093018
2026-04-07T12:23:01.481,radio://0/80/2M,flow,1,2,Scan,6072,0,0,0,0.0,0,0,0.0,0.0,78697,0,0,0.790493905544281,0.04941048100590706,0.1398562490940094,0.0,0.0,1366,32766,1942,748,2138,3.1777126789093018
2026-04-07T12:23:01.482,radio://0/80/2M,range,1,2,Scan,6072,0,0,0,0.0,0,0,0.0,0.0,78697,0,0,0.790493905544281,0.04941048100590706,0.1398562490940094,0.0,0.0,32766,518,32766,1135,2133,3.2041056156158447
2026-04-07T12:23:01.728,radio://0/80/2M,mission,1,2,Scan,6072,0,0,0,0.0,0,0,0.0,0.0,78697,0,0,0.7968716025352478,0.04941048100590706,0.1398562490940094,0.0,0.0,32766,518,32766,1135,2133,3.2041056156158447
2026-04-07T12:23:01.731,radio://0/80/2M,flow,1,2,Scan,5693,0,0,0,0.0,0,0,0.0,0.0,78947,0,1,0.7968716025352478,0.04886814206838608,0.16475361585617065,0.0,0.0,32766,518,32766,1135,2133,3.2041056156158447
2026-04-07T12:23:01.732,radio://0/80/2M,range,1,2,Scan,5693,0,0,0,0.0,0,0,0.0,0.0,78947,0,1,0.7968716025352478,0.04886814206838608,0.16475361585617065,0.0,0.0,32766,429,32766,1185,2128,3.198827028274536
2026-04-07T12:23:01.978,radio://0/80/2M,mission,1,2,Scan,5693,0,0,0,0.0,0,0,0.0,0.0,78947,0,1,0.8033193945884705,0.04886814206838608,0.16475361585617065,0.0,0.0,32766,429,32766,1185,2128,3.198827028274536
2026-04-07T12:23:01.982,radio://0/80/2M,flow,1,2,Scan,5338,0,0,0,0.0,0,0,0.0,0.0,79197,0,-1,0.8033193945884705,-0.016199538484215736,0.15626172721385956,0.0,0.0,32766,429,32766,1185,2128,3.198827028274536
2026-04-07T12:23:01.983,radio://0/80/2M,range,1,2,Scan,5338,0,0,0,0.0,0,0,0.0,0.0,79197,0,-1,0.8033193945884705,-0.016199538484215736,0.15626172721385956,0.0,0.0,1770,434,32766,1146,2121,3.188269853591919
2026-04-07T12:23:02.228,radio://0/80/2M,mission,1,2,Scan,5338,0,0,0,0.0,0,0,0.0,0.0,79197,0,-1,0.8059467673301697,-0.016199538484215736,0.15626172721385956,0.0,0.0,1770,434,32766,1146,2121,3.188269853591919
2026-04-07T12:23:02.230,radio://0/80/2M,flow,1,2,Scan,5338,0,0,0,0.0,0,0,0.0,0.0,79447,0,0,0.8059467673301697,0.056497860699892044,0.11104515194892883,0.0,0.0,1770,434,32766,1146,2121,3.188269853591919
2026-04-07T12:23:02.231,radio://0/80/2M,range,1,2,Scan,5338,0,0,0,0.0,0,0,0.0,0.0,79447,0,0,0.8059467673301697,0.056497860699892044,0.11104515194892883,0.0,0.0,1838,434,32766,1132,2125,3.188269853591919
2026-04-07T12:23:02.478,radio://0/80/2M,mission,1,2,Scan,5338,0,0,0,0.0,0,0,0.0,0.0,79447,0,0,0.8034903407096863,0.056497860699892044,0.11104515194892883,0.0,0.0,1838,434,32766,1132,2125,3.188269853591919
2026-04-07T12:23:02.480,radio://0/80/2M,flow,1,2,Scan,5338,0,0,0,0.0,0,0,0.0,0.0,79697,-9,3,0.8034903407096863,0.1514570564031601,0.09254483133554459,0.0,0.0,1838,434,32766,1132,2125,3.188269853591919
2026-04-07T12:23:02.481,radio://0/80/2M,range,1,2,Scan,5338,0,0,0,0.0,0,0,0.0,0.0,79697,-9,3,0.8034903407096863,0.1514570564031601,0.09254483133554459,0.0,0.0,1877,435,32766,1158,2116,3.188269853591919
2026-04-07T12:23:02.728,radio://0/80/2M,mission,1,2,Scan,5338,0,0,0,0.0,0,0,0.0,0.0,79697,-9,3,0.8012688159942627,0.1514570564031601,0.09254483133554459,0.0,0.0,1877,435,32766,1158,2116,3.188269853591919
2026-04-07T12:23:02.731,radio://0/80/2M,flow,1,2,Scan,5338,0,0,0,0.0,0,0,0.0,0.0,79947,0,0,0.8012688159942627,0.20522716641426086,0.08607930690050125,0.0,0.0,1877,435,32766,1158,2116,3.188269853591919
2026-04-07T12:23:02.732,radio://0/80/2M,range,1,2,Scan,5338,0,0,0,0.0,0,0,0.0,0.0,79947,0,0,0.8012688159942627,0.20522716641426086,0.08607930690050125,0.0,0.0,1896,412,1050,1206,2118,3.1829912662506104
2026-04-07T12:23:02.978,radio://0/80/2M,mission,1,2,Scan,5338,0,0,0,0.0,0,0,0.0,0.0,79947,0,0,0.8013361692428589,0.20522716641426086,0.08607930690050125,0.0,0.0,1896,412,1050,1206,2118,3.1829912662506104
2026-04-07T12:23:02.979,radio://0/80/2M,flow,1,2,Scan,5338,0,0,0,0.0,0,0,0.0,0.0,80197,0,0,0.8013361692428589,0.12214621901512146,0.07724937051534653,0.0,0.0,1896,412,1050,1206,2118,3.1829912662506104
2026-04-07T12:23:02.981,radio://0/80/2M,range,1,2,Scan,5338,0,0,0,0.0,0,0,0.0,0.0,80197,0,0,0.8013361692428589,0.12214621901512146,0.07724937051534653,0.0,0.0,32766,416,1118,1355,2127,3.1829912662506104
2026-04-07T12:23:03.227,radio://0/80/2M,mission,1,2,Scan,5338,0,0,0,0.0,0,0,0.0,0.0,80197,0,0,0.8019871711730957,0.12214621901512146,0.07724937051534653,0.0,0.0,32766,416,1118,1355,2127,3.1829912662506104
2026-04-07T12:23:03.230,radio://0/80/2M,flow,1,2,Scan,5338,0,0,0,0.0,0,0,0.0,0.0,80447,-3,0,0.8019871711730957,-0.04516686126589775,0.09976968169212341,0.0,0.0,32766,416,1118,1355,2127,3.1829912662506104
2026-04-07T12:23:03.231,radio://0/80/2M,range,1,2,Scan,5338,0,0,0,0.0,0,0,0.0,0.0,80447,-3,0,0.8019871711730957,-0.04516686126589775,0.09976968169212341,0.0,0.0,32766,452,1259,1488,2130,3.1671555042266846
2026-04-07T12:23:03.477,radio://0/80/2M,mission,1,2,Scan,5338,0,0,0,0.0,0,0,0.0,0.0,80447,-3,0,0.7921377420425415,-0.04516686126589775,0.09976968169212341,0.0,0.0,32766,452,1259,1488,2130,3.1671555042266846
2026-04-07T12:23:03.481,radio://0/80/2M,flow,1,2,Scan,6025,0,0,0,0.0,0,0,0.0,0.0,80697,1,1,0.7921377420425415,-0.1632419377565384,0.04174249246716499,0.0,0.0,32766,452,1259,1488,2130,3.1671555042266846
2026-04-07T12:23:03.482,radio://0/80/2M,range,1,2,Scan,6025,0,0,0,0.0,0,0,0.0,0.0,80697,1,1,0.7921377420425415,-0.1632419377565384,0.04174249246716499,0.0,0.0,558,580,1408,1847,2123,3.161876916885376
2026-04-07T12:23:03.756,radio://0/80/2M,mission,1,2,Scan,6025,0,0,0,0.0,0,0,0.0,0.0,80697,1,1,0.7946351766586304,-0.1632419377565384,0.04174249246716499,0.0,0.0,558,580,1408,1847,2123,3.161876916885376
2026-04-07T12:23:03.757,radio://0/80/2M,flow,1,2,Scan,6401,0,0,0,0.0,0,0,0.0,0.0,80947,0,0,0.7946351766586304,-0.11459279805421829,0.1535683274269104,0.0,0.0,558,580,1408,1847,2123,3.161876916885376
2026-04-07T12:23:03.760,radio://0/80/2M,range,1,2,Scan,6401,0,0,0,0.0,0,0,0.0,0.0,80947,0,0,0.7946351766586304,-0.11459279805421829,0.1535683274269104,0.0,0.0,551,713,32766,2007,2143,3.172434091567993
2026-04-07T12:23:03.978,radio://0/80/2M,mission,1,2,Scan,6401,0,0,0,0.0,0,0,0.0,0.0,80947,0,0,0.7916146516799927,-0.11459279805421829,0.1535683274269104,0.0,0.0,551,713,32766,2007,2143,3.172434091567993
2026-04-07T12:23:03.979,radio://0/80/2M,flow,1,2,Scan,6401,0,0,0,0.0,0,0,0.0,0.0,81197,0,-1,0.7916146516799927,0.01512338500469923,0.28176364302635193,0.0,0.0,551,713,32766,2007,2143,3.172434091567993
2026-04-07T12:23:03.980,radio://0/80/2M,range,1,2,Scan,6401,0,0,0,0.0,0,0,0.0,0.0,81197,0,-1,0.7916146516799927,0.01512338500469923,0.28176364302635193,0.0,0.0,475,1130,32766,32766,2148,3.1565983295440674
2026-04-07T12:23:04.295,radio://0/80/2M,mission,1,5,Transition,6401,0,0,0,0.0,0,0,0.0,0.0,81197,0,-1,0.7898114919662476,0.01512338500469923,0.28176364302635193,0.0,0.0,475,1130,32766,32766,2148,3.1565983295440674
2026-04-07T12:23:04.300,radio://0/80/2M,flow,1,5,Transition,4637,0,0,0,0.0,0,0,0.0,0.0,81447,-2,0,0.7898114919662476,0.09516765177249908,0.1866505742073059,-0.01037879940122366,0.0,475,1130,32766,32766,2148,3.1565983295440674
2026-04-07T12:23:04.302,radio://0/80/2M,range,1,5,Transition,4637,0,0,0,0.0,0,0,0.0,0.0,81447,-2,0,0.7898114919662476,0.09516765177249908,0.1866505742073059,-0.01037879940122366,0.0,407,1108,32766,32766,2137,3.1671555042266846
2026-04-07T12:23:04.477,radio://0/80/2M,mission,1,0,Reacquire Wall,4637,0,0,0,0.0,0,0,0.0,0.0,81447,-2,0,0.7960943579673767,0.09516765177249908,0.1866505742073059,-0.01037879940122366,0.0,407,1108,32766,32766,2137,3.1671555042266846
2026-04-07T12:23:04.479,radio://0/80/2M,flow,1,0,Reacquire Wall,4348,0,0,0,0.0,0,0,0.0,0.0,81697,1,0,0.7960943579673767,0.022909898310899734,0.032028116285800934,-0.018451204523444176,0.0,407,1108,32766,32766,2137,3.1671555042266846
2026-04-07T12:23:04.480,radio://0/80/2M,range,1,0,Reacquire Wall,4348,0,0,0,0.0,0,0,0.0,0.0,81697,1,0,0.7960943579673767,0.022909898310899734,0.032028116285800934,-0.018451204523444176,0.0,376,1033,32766,32766,2137,3.14604115486145
2026-04-07T12:23:04.726,radio://0/80/2M,mission,1,0,Reacquire Wall,4348,0,0,0,0.0,0,0,0.0,0.0,81697,1,0,0.7942971587181091,0.022909898310899734,0.032028116285800934,-0.018451204523444176,0.0,376,1033,32766,32766,2137,3.14604115486145
2026-04-07T12:23:04.729,radio://0/80/2M,flow,1,0,Reacquire Wall,4348,0,0,0,0.0,0,0,0.0,0.0,81947,0,0,0.7942971587181091,-0.017353499308228493,-0.03506140410900116,-0.02351999469101429,0.0,376,1033,32766,32766,2137,3.14604115486145
2026-04-07T12:23:04.730,radio://0/80/2M,range,1,0,Reacquire Wall,4348,0,0,0,0.0,0,0,0.0,0.0,81947,0,0,0.7942971587181091,-0.017353499308228493,-0.03506140410900116,-0.02351999469101429,0.0,360,1006,32766,32766,2130,3.135483980178833
2026-04-07T12:23:04.976,radio://0/80/2M,mission,1,0,Reacquire Wall,4348,0,0,0,0.0,0,0,0.0,0.0,81947,0,0,0.7983483672142029,-0.017353499308228493,-0.03506140410900116,-0.02351999469101429,0.0,360,1006,32766,32766,2130,3.135483980178833
2026-04-07T12:23:04.979,radio://0/80/2M,flow,1,0,Reacquire Wall,4348,0,0,0,0.0,0,0,0.0,0.0,82197,0,0,0.7983483672142029,-0.03229650482535362,-0.0089037474244833,-0.03149280324578285,0.0,360,1006,32766,32766,2130,3.135483980178833
2026-04-07T12:23:04.980,radio://0/80/2M,range,1,0,Reacquire Wall,4348,0,0,0,0.0,0,0,0.0,0.0,82197,0,0,0.7983483672142029,-0.03229650482535362,-0.0089037474244833,-0.03149280324578285,0.0,338,1003,1923,32766,2123,3.1407625675201416
2026-04-07T12:23:05.226,radio://0/80/2M,mission,1,0,Reacquire Wall,4348,0,0,0,0.0,0,0,0.0,0.0,82197,0,0,0.8023134469985962,-0.03229650482535362,-0.0089037474244833,-0.03149280324578285,0.0,338,1003,1923,32766,2123,3.1407625675201416
2026-04-07T12:23:05.227,radio://0/80/2M,flow,1,0,Reacquire Wall,4348,0,0,0,0.0,0,0,0.0,0.0,82447,0,0,0.8023134469985962,-0.026550710201263428,0.03625309839844704,-0.03591480478644371,0.0,338,1003,1923,32766,2123,3.1407625675201416
2026-04-07T12:23:05.229,radio://0/80/2M,range,1,0,Reacquire Wall,4348,0,0,0,0.0,0,0,0.0,0.0,82447,0,0,0.8023134469985962,-0.026550710201263428,0.03625309839844704,-0.03591480478644371,0.0,327,990,1915,32766,2114,3.14604115486145
2026-04-07T12:23:05.477,radio://0/80/2M,mission,1,0,Reacquire Wall,4348,0,0,0,0.0,0,0,0.0,0.0,82447,0,0,0.7966769337654114,-0.026550710201263428,0.03625309839844704,-0.03591480478644371,0.0,327,990,1915,32766,2114,3.14604115486145
2026-04-07T12:23:05.478,radio://0/80/2M,flow,1,0,Reacquire Wall,4348,0,0,0,0.0,0,0,0.0,0.0,82697,0,0,0.7966769337654114,-0.024066418409347534,0.04911588132381439,-0.03844919800758362,0.0,327,990,1915,32766,2114,3.14604115486145
2026-04-07T12:23:05.479,radio://0/80/2M,range,1,0,Reacquire Wall,4348,0,0,0,0.0,0,0,0.0,0.0,82697,0,0,0.7966769337654114,-0.024066418409347534,0.04911588132381439,-0.03844919800758362,0.0,321,984,1926,32766,2125,3.135483980178833
2026-04-07T12:23:05.726,radio://0/80/2M,mission,1,0,Reacquire Wall,4348,0,0,0,0.0,0,0,0.0,0.0,82697,0,0,0.7906093001365662,-0.024066418409347534,0.04911588132381439,-0.03844919800758362,0.0,321,984,1926,32766,2125,3.135483980178833
2026-04-07T12:23:05.728,radio://0/80/2M,flow,1,0,Reacquire Wall,4348,0,0,0,0.0,0,0,0.0,0.0,82947,0,0,0.7906093001365662,-0.03897419571876526,0.03096212074160576,-0.03508920222520828,0.0,321,984,1926,32766,2125,3.135483980178833
2026-04-07T12:23:05.730,radio://0/80/2M,range,1,0,Reacquire Wall,4348,0,0,0,0.0,0,0,0.0,0.0,82947,0,0,0.7906093001365662,-0.03897419571876526,0.03096212074160576,-0.03508920222520828,0.0,329,984,1945,32766,2133,3.135483980178833
2026-04-07T12:23:05.975,radio://0/80/2M,mission,1,0,Reacquire Wall,4348,0,0,0,0.0,0,0,0.0,0.0,82947,0,0,0.7932131290435791,-0.03897419571876526,0.03096212074160576,-0.03508920222520828,0.0,329,984,1945,32766,2133,3.135483980178833
2026-04-07T12:23:05.979,radio://0/80/2M,flow,1,0,Reacquire Wall,4348,0,0,0,0.0,0,0,0.0,0.0,83197,-2,0,0.7932131290435791,-0.0693604126572609,0.02181643433868885,-0.031105205416679382,0.0,329,984,1945,32766,2133,3.135483980178833
2026-04-07T12:23:05.980,radio://0/80/2M,range,1,0,Reacquire Wall,4348,0,0,0,0.0,0,0,0.0,0.0,83197,-2,0,0.7932131290435791,-0.0693604126572609,0.02181643433868885,-0.031105205416679382,0.0,339,904,32766,32766,2127,3.151319742202759
2026-04-07T12:23:06.225,radio://0/80/2M,mission,1,0,Reacquire Wall,4348,0,0,0,0.0,0,0,0.0,0.0,83197,-2,0,0.7962434887886047,-0.0693604126572609,0.02181643433868885,-0.031105205416679382,0.0,339,904,32766,32766,2127,3.151319742202759
2026-04-07T12:23:06.228,radio://0/80/2M,flow,1,0,Reacquire Wall,4348,0,0,0,0.0,0,0,0.0,0.0,83447,-3,1,0.7962434887886047,-0.024288510903716087,0.04548746347427368,-0.027361199259757996,0.0,339,904,32766,32766,2127,3.151319742202759
2026-04-07T12:23:06.229,radio://0/80/2M,range,1,0,Reacquire Wall,4348,0,0,0,0.0,0,0,0.0,0.0,83447,-3,1,0.7962434887886047,-0.024288510903716087,0.04548746347427368,-0.027361199259757996,0.0,349,664,32766,32766,2132,3.1777126789093018
2026-04-07T12:23:06.476,radio://0/80/2M,mission,1,0,Reacquire Wall,4348,0,0,0,0.0,0,0,0.0,0.0,83447,-3,1,0.7941396236419678,-0.024288510903716087,0.04548746347427368,-0.027361199259757996,0.0,349,664,32766,32766,2132,3.1777126789093018
2026-04-07T12:23:06.477,radio://0/80/2M,flow,1,0,Reacquire Wall,4348,0,0,0,0.0,0,0,0.0,0.0,83697,4,0,0.7941396236419678,-0.0007506445399485528,-0.0023906154092401266,-0.016708802431821823,0.0,349,664,32766,32766,2132,3.1777126789093018
2026-04-07T12:23:06.478,radio://0/80/2M,range,1,0,Reacquire Wall,4348,0,0,0,0.0,0,0,0.0,0.0,83697,4,0,0.7941396236419678,-0.0007506445399485528,-0.0023906154092401266,-0.016708802431821823,0.0,382,496,1490,1608,2128,3.1565983295440674
2026-04-07T12:23:06.730,radio://0/80/2M,mission,1,0,Reacquire Wall,4348,0,0,0,0.0,0,0,0.0,0.0,83697,4,0,0.7968631386756897,-0.0007506445399485528,-0.0023906154092401266,-0.016708802431821823,0.0,382,496,1490,1608,2128,3.1565983295440674
2026-04-07T12:23:06.731,radio://0/80/2M,flow,1,0,Reacquire Wall,4348,0,0,0,0.0,0,0,0.0,0.0,83947,-1,-4,0.7968631386756897,-0.021632704883813858,0.006926761474460363,-0.008670002222061157,0.0,382,496,1490,1608,2128,3.1565983295440674
2026-04-07T12:23:06.732,radio://0/80/2M,range,1,0,Reacquire Wall,4348,0,0,0,0.0,0,0,0.0,0.0,83947,-1,-4,0.7968631386756897,-0.021632704883813858,0.006926761474460363,-0.008670002222061157,0.0,415,404,1346,1386,2129,3.151319742202759
2026-04-07T12:23:06.974,radio://0/80/2M,mission,1,0,Reacquire Wall,4348,0,0,0,0.0,0,0,0.0,0.0,83947,-1,-4,0.8025591373443604,-0.021632704883813858,0.006926761474460363,-0.008670002222061157,0.0,415,404,1346,1386,2129,3.151319742202759
2026-04-07T12:23:06.977,radio://0/80/2M,flow,1,0,Reacquire Wall,4348,0,0,0,0.0,0,0,0.0,0.0,84197,-2,0,0.8025591373443604,-0.017153240740299225,0.018111199140548706,0.0,0.0,415,404,1346,1386,2129,3.151319742202759
2026-04-07T12:23:06.978,radio://0/80/2M,range,1,0,Reacquire Wall,4348,0,0,0,0.0,0,0,0.0,0.0,84197,-2,0,0.8025591373443604,-0.017153240740299225,0.018111199140548706,0.0,0.0,32766,338,1193,1234,2118,3.161876916885376
2026-04-07T12:23:07.227,radio://0/80/2M,mission,1,0,Reacquire Wall,4348,0,0,0,0.0,0,0,0.0,0.0,84197,-2,0,0.8030701875686646,-0.017153240740299225,0.018111199140548706,0.0,0.0,32766,338,1193,1234,2118,3.161876916885376
2026-04-07T12:23:07.228,radio://0/80/2M,flow,1,0,Reacquire Wall,4348,0,0,0,0.0,0,0,0.0,0.0,84447,0,-1,0.8030701875686646,-0.022172439843416214,0.024765871465206146,0.0,0.0,32766,338,1193,1234,2118,3.161876916885376
2026-04-07T12:23:07.229,radio://0/80/2M,range,1,0,Reacquire Wall,4348,0,0,0,0.0,0,0,0.0,0.0,84447,0,-1,0.8030701875686646,-0.022172439843416214,0.024765871465206146,0.0,0.0,32766,310,1177,1171,2125,3.151319742202759
2026-04-07T12:23:07.475,radio://0/80/2M,mission,1,0,Reacquire Wall,4348,0,0,0,0.0,0,0,0.0,0.0,84447,0,-1,0.7901418209075928,-0.022172439843416214,0.024765871465206146,0.0,0.0,32766,310,1177,1171,2125,3.151319742202759
2026-04-07T12:23:07.476,radio://0/80/2M,flow,1,0,Reacquire Wall,4348,0,0,0,0.0,0,0,0.0,0.0,84697,0,0,0.7901418209075928,-0.07393323630094528,0.009035521186888218,0.0,0.0,32766,310,1177,1171,2125,3.151319742202759
2026-04-07T12:23:07.478,radio://0/80/2M,range,1,0,Reacquire Wall,4348,0,0,0,0.0,0,0,0.0,0.0,84697,0,0,0.7901418209075928,-0.07393323630094528,0.009035521186888218,0.0,0.0,1946,314,1251,1116,2134,3.0879766941070557
2026-04-07T12:23:07.724,radio://0/80/2M,mission,1,0,Reacquire Wall,4348,0,0,0,0.0,0,0,0.0,0.0,84697,0,0,0.78240966796875,-0.07393323630094528,0.009035521186888218,0.0,0.0,1946,314,1251,1116,2134,3.0879766941070557
2026-04-07T12:23:07.726,radio://0/80/2M,flow,1,0,Reacquire Wall,4348,0,0,0,0.0,0,0,0.0,0.0,84947,5,0,0.78240966796875,0.009990787133574486,0.019598202779889107,0.0,0.0,1946,314,1251,1116,2134,3.0879766941070557
2026-04-07T12:23:07.727,radio://0/80/2M,range,1,0,Reacquire Wall,4348,0,0,0,0.0,0,0,0.0,0.0,84947,5,0,0.78240966796875,0.009990787133574486,0.019598202779889107,0.0,0.0,1926,322,32766,1089,2141,3.124926805496216
2026-04-07T12:23:07.974,radio://0/80/2M,mission,1,0,Reacquire Wall,4348,0,0,0,0.0,0,0,0.0,0.0,84947,5,0,0.7881656885147095,0.009990787133574486,0.019598202779889107,0.0,0.0,1926,322,32766,1089,2141,3.124926805496216
2026-04-07T12:23:07.975,radio://0/80/2M,flow,1,0,Reacquire Wall,4348,0,0,0,0.0,0,0,0.0,0.0,85197,4,0,0.7881656885147095,0.01664842665195465,0.0028474382124841213,0.0,0.0,1926,322,32766,1089,2141,3.124926805496216
2026-04-07T12:23:07.977,radio://0/80/2M,range,1,0,Reacquire Wall,4348,0,0,0,0.0,0,0,0.0,0.0,85197,4,0,0.7881656885147095,0.01664842665195465,0.0028474382124841213,0.0,0.0,1930,317,32766,1052,2134,3.151319742202759
2026-04-07T12:23:08.223,radio://0/80/2M,mission,1,5,Transition,4348,0,0,0,0.0,0,0,0.0,0.0,85197,4,0,0.7841366529464722,0.01664842665195465,0.0028474382124841213,0.0,0.0,1930,317,32766,1052,2134,3.151319742202759
2026-04-07T12:23:08.226,radio://0/80/2M,flow,1,5,Transition,4348,0,0,0,0.0,0,0,0.0,0.0,85447,0,1,0.7841366529464722,0.010414556600153446,-0.005163147114217281,0.0,0.0,1930,317,32766,1052,2134,3.151319742202759
2026-04-07T12:23:08.227,radio://0/80/2M,range,1,5,Transition,4348,0,0,0,0.0,0,0,0.0,0.0,85447,0,1,0.7841366529464722,0.010414556600153446,-0.005163147114217281,0.0,0.0,1938,323,32766,1034,2140,3.124926805496216
2026-04-07T12:23:08.473,radio://0/80/2M,mission,1,1,Wall Follow,4348,0,0,0,0.0,0,0,0.0,0.0,85447,0,1,0.7894273400306702,0.010414556600153446,-0.005163147114217281,0.0,0.0,1938,323,32766,1034,2140,3.124926805496216
2026-04-07T12:23:08.476,radio://0/80/2M,flow,1,1,Wall Follow,4348,0,0,0,0.0,0,0,0.0,0.0,85697,-1,0,0.7894273400306702,-0.026807351037859917,-0.04841046780347824,0.20000000298023224,-0.10000000149011612,1938,323,32766,1034,2140,3.124926805496216
2026-04-07T12:23:08.477,radio://0/80/2M,range,1,1,Wall Follow,4348,0,0,0,0.0,0,0,0.0,0.0,85697,-1,0,0.7894273400306702,-0.026807351037859917,-0.04841046780347824,0.20000000298023224,-0.10000000149011612,1967,337,32766,1019,2129,3.14604115486145
2026-04-07T12:23:08.723,radio://0/80/2M,mission,1,1,Wall Follow,4348,0,0,0,0.0,0,0,0.0,0.0,85697,-1,0,0.8001716136932373,-0.026807351037859917,-0.04841046780347824,0.20000000298023224,-0.10000000149011612,1967,337,32766,1019,2129,3.14604115486145
2026-04-07T12:23:08.725,radio://0/80/2M,flow,1,1,Wall Follow,4348,0,0,0,0.0,0,0,0.0,0.0,85947,0,0,0.8001716136932373,-0.10933239758014679,-0.10894224047660828,0.20000000298023224,-0.10000000149011612,1967,337,32766,1019,2129,3.14604115486145
2026-04-07T12:23:08.727,radio://0/80/2M,range,1,1,Wall Follow,4348,0,0,0,0.0,0,0,0.0,0.0,85947,0,0,0.8001716136932373,-0.10933239758014679,-0.10894224047660828,0.20000000298023224,-0.10000000149011612,1970,348,32766,1027,2127,3.1777126789093018
2026-04-07T12:23:08.973,radio://0/80/2M,mission,1,1,Wall Follow,4348,0,0,0,0.0,0,0,0.0,0.0,85947,0,0,0.8137446045875549,-0.10933239758014679,-0.10894224047660828,0.20000000298023224,-0.10000000149011612,1970,348,32766,1027,2127,3.1777126789093018
2026-04-07T12:23:08.975,radio://0/80/2M,flow,1,1,Wall Follow,4348,0,0,0,0.0,0,0,0.0,0.0,86197,0,0,0.8137446045875549,-0.19016751646995544,-0.10610535740852356,0.20000000298023224,-0.10000000149011612,1970,348,32766,1027,2127,3.1777126789093018
2026-04-07T12:23:08.976,radio://0/80/2M,range,1,1,Wall Follow,4348,0,0,0,0.0,0,0,0.0,0.0,86197,0,0,0.8137446045875549,-0.19016751646995544,-0.10610535740852356,0.20000000298023224,-0.10000000149011612,1953,378,32766,1049,2119,3.1829912662506104
2026-04-07T12:23:09.223,radio://0/80/2M,mission,1,1,Wall Follow,4348,0,0,0,0.0,0,0,0.0,0.0,86197,0,0,0.8189578652381897,-0.19016751646995544,-0.10610535740852356,0.20000000298023224,-0.10000000149011612,1953,378,32766,1049,2119,3.1829912662506104
2026-04-07T12:23:09.225,radio://0/80/2M,flow,1,1,Wall Follow,4619,0,0,0,0.0,0,0,0.0,0.0,86447,2,-2,0.8189578652381897,-0.20158816874027252,-0.1052626371383667,0.20000000298023224,-0.10000000149011612,1953,378,32766,1049,2119,3.1829912662506104
2026-04-07T12:23:09.226,radio://0/80/2M,range,1,1,Wall Follow,4619,0,0,0,0.0,0,0,0.0,0.0,86447,2,-2,0.8189578652381897,-0.20158816874027252,-0.1052626371383667,0.20000000298023224,-0.10000000149011612,1925,410,32766,1071,2103,3.151319742202759
2026-04-07T12:23:09.473,radio://0/80/2M,mission,1,1,Wall Follow,4619,0,0,0,0.0,0,0,0.0,0.0,86447,2,-2,0.8176637887954712,-0.20158816874027252,-0.1052626371383667,0.20000000298023224,-0.10000000149011612,1925,410,32766,1071,2103,3.151319742202759
2026-04-07T12:23:09.476,radio://0/80/2M,flow,1,1,Wall Follow,4619,0,0,0,0.0,0,0,0.0,0.0,86697,0,0,0.8176637887954712,-0.16140811145305634,-0.10688722133636475,0.20000000298023224,-0.10000000149011612,1925,410,32766,1071,2103,3.151319742202759
2026-04-07T12:23:09.477,radio://0/80/2M,range,1,1,Wall Follow,4619,0,0,0,0.0,0,0,0.0,0.0,86697,0,0,0.8176637887954712,-0.16140811145305634,-0.10688722133636475,0.20000000298023224,-0.10000000149011612,1922,460,32766,1103,2110,3.151319742202759
2026-04-07T12:23:09.721,radio://0/80/2M,mission,1,1,Wall Follow,4619,0,0,0,0.0,0,0,0.0,0.0,86697,0,0,0.8162656426429749,-0.16140811145305634,-0.10688722133636475,0.20000000298023224,-0.10000000149011612,1922,460,32766,1103,2110,3.151319742202759
2026-04-07T12:23:09.724,radio://0/80/2M,flow,1,1,Wall Follow,4619,0,0,0,0.0,0,0,0.0,0.0,86947,-1,-1,0.8162656426429749,-0.12389955669641495,-0.14608024060726166,0.20000000298023224,-0.10000000149011612,1922,460,32766,1103,2110,3.151319742202759
2026-04-07T12:23:09.725,radio://0/80/2M,range,1,1,Wall Follow,4619,0,0,0,0.0,0,0,0.0,0.0,86947,-1,-1,0.8162656426429749,-0.12389955669641495,-0.14608024060726166,0.20000000298023224,-0.10000000149011612,1912,479,3546,1117,2109,3.1407625675201416
2026-04-07T12:23:09.972,radio://0/80/2M,mission,1,1,Wall Follow,4619,0,0,0,0.0,0,0,0.0,0.0,86947,-1,-1,0.8153181076049805,-0.12389955669641495,-0.14608024060726166,0.20000000298023224,-0.10000000149011612,1912,479,3546,1117,2109,3.1407625675201416
2026-04-07T12:23:09.975,radio://0/80/2M,flow,1,1,Wall Follow,4907,0,0,0,0.0,0,0,0.0,0.0,87197,3,0,0.8153181076049805,-0.13557833433151245,-0.15927278995513916,0.20000000298023224,-0.10000000149011612,1912,479,3546,1117,2109,3.1407625675201416
2026-04-07T12:23:09.976,radio://0/80/2M,range,1,1,Wall Follow,4907,0,0,0,0.0,0,0,0.0,0.0,87197,3,0,0.8153181076049805,-0.13557833433151245,-0.15927278995513916,0.20000000298023224,-0.10000000149011612,1900,494,32766,1139,2108,3.1565983295440674
2026-04-07T12:23:10.222,radio://0/80/2M,mission,1,1,Wall Follow,4907,0,0,0,0.0,0,0,0.0,0.0,87197,3,0,0.8114252686500549,-0.13557833433151245,-0.15927278995513916,0.20000000298023224,-0.10000000149011612,1900,494,32766,1139,2108,3.1565983295440674
2026-04-07T12:23:10.225,radio://0/80/2M,flow,1,1,Wall Follow,4907,0,0,0,0.0,0,0,0.0,0.0,87447,0,0,0.8114252686500549,-0.17018917202949524,-0.13604694604873657,0.20000000298023224,-0.10000000149011612,1900,494,32766,1139,2108,3.1565983295440674
2026-04-07T12:23:10.226,radio://0/80/2M,range,1,1,Wall Follow,4907,0,0,0,0.0,0,0,0.0,0.0,87447,0,0,0.8114252686500549,-0.17018917202949524,-0.13604694604873657,0.20000000298023224,-0.10000000149011612,1859,504,32766,1152,2111,3.14604115486145
2026-04-07T12:23:10.472,radio://0/80/2M,mission,1,1,Wall Follow,4907,0,0,0,0.0,0,0,0.0,0.0,87447,0,0,0.8023529052734375,-0.17018917202949524,-0.13604694604873657,0.20000000298023224,-0.10000000149011612,1859,504,32766,1152,2111,3.14604115486145
2026-04-07T12:23:10.474,radio://0/80/2M,flow,1,1,Wall Follow,4907,0,0,0,0.0,0,0,0.0,0.0,87697,0,0,0.8023529052734375,-0.1782999038696289,-0.11749833822250366,0.20000000298023224,-0.10000000149011612,1859,504,32766,1152,2111,3.14604115486145
2026-04-07T12:23:10.475,radio://0/80/2M,range,1,1,Wall Follow,4907,0,0,0,0.0,0,0,0.0,0.0,87697,0,0,0.8023529052734375,-0.1782999038696289,-0.11749833822250366,0.20000000298023224,-0.10000000149011612,32766,535,3469,1172,2106,3.124926805496216
2026-04-07T12:23:10.722,radio://0/80/2M,mission,1,1,Wall Follow,4907,0,0,0,0.0,0,0,0.0,0.0,87697,0,0,0.7977871894836426,-0.1782999038696289,-0.11749833822250366,0.20000000298023224,-0.10000000149011612,32766,535,3469,1172,2106,3.124926805496216
2026-04-07T12:23:10.724,radio://0/80/2M,flow,1,1,Wall Follow,4601,0,0,0,0.0,0,0,0.0,0.0,87947,0,-1,0.7977871894836426,-0.16481460630893707,-0.13043300807476044,0.20000000298023224,-0.10000000149011612,32766,535,3469,1172,2106,3.124926805496216
2026-04-07T12:23:10.726,radio://0/80/2M,range,1,1,Wall Follow,4601,0,0,0,0.0,0,0,0.0,0.0,87947,0,-1,0.7977871894836426,-0.16481460630893707,-0.13043300807476044,0.20000000298023224,-0.10000000149011612,32766,553,32766,1188,2129,3.1143696308135986
2026-04-07T12:23:10.972,radio://0/80/2M,mission,1,1,Wall Follow,4601,0,0,0,0.0,0,0,0.0,0.0,87947,0,-1,0.8008043169975281,-0.16481460630893707,-0.13043300807476044,0.20000000298023224,-0.10000000149011612,32766,553,32766,1188,2129,3.1143696308135986
2026-04-07T12:23:10.973,radio://0/80/2M,flow,1,1,Wall Follow,4601,0,0,0,0.0,0,0,0.0,0.0,88197,0,0,0.8008043169975281,-0.14995113015174866,-0.17195671796798706,0.20000000298023224,-0.10000000149011612,32766,553,32766,1188,2129,3.1143696308135986
2026-04-07T12:23:10.974,radio://0/80/2M,range,1,1,Wall Follow,4601,0,0,0,0.0,0,0,0.0,0.0,88197,0,0,0.8008043169975281,-0.14995113015174866,-0.17195671796798706,0.20000000298023224,-0.10000000149011612,32766,571,32766,1220,2123,3.151319742202759
2026-04-07T12:23:11.221,radio://0/80/2M,mission,1,1,Wall Follow,4601,0,0,0,0.0,0,0,0.0,0.0,88197,0,0,0.8039922118186951,-0.14995113015174866,-0.17195671796798706,0.20000000298023224,-0.10000000149011612,32766,571,32766,1220,2123,3.151319742202759
2026-04-07T12:23:11.224,radio://0/80/2M,flow,1,1,Wall Follow,4601,0,0,0,0.0,0,0,0.0,0.0,88447,-2,0,0.8039922118186951,-0.12677650153636932,-0.16655896604061127,0.20000000298023224,-0.10000000149011612,32766,571,32766,1220,2123,3.151319742202759
2026-04-07T12:23:11.225,radio://0/80/2M,range,1,1,Wall Follow,4601,0,0,0,0.0,0,0,0.0,0.0,88447,-2,0,0.8039922118186951,-0.12677650153636932,-0.16655896604061127,0.20000000298023224,-0.10000000149011612,1744,575,32766,1238,2128,3.151319742202759
2026-04-07T12:23:11.472,radio://0/80/2M,mission,1,1,Wall Follow,4601,0,0,0,0.0,0,0,0.0,0.0,88447,-2,0,0.8023754358291626,-0.12677650153636932,-0.16655896604061127,0.20000000298023224,-0.10000000149011612,1744,575,32766,1238,2128,3.151319742202759
2026-04-07T12:23:11.473,radio://0/80/2M,flow,1,1,Wall Follow,4601,0,0,0,0.0,0,0,0.0,0.0,88697,0,0,0.8023754358291626,-0.13666975498199463,-0.1489507257938385,0.20000000298023224,-0.10000000149011612,1744,575,32766,1238,2128,3.151319742202759
2026-04-07T12:23:11.474,radio://0/80/2M,range,1,1,Wall Follow,4601,0,0,0,0.0,0,0,0.0,0.0,88697,0,0,0.8023754358291626,-0.13666975498199463,-0.1489507257938385,0.20000000298023224,-0.10000000149011612,32766,594,32766,1267,2130,3.14604115486145
2026-04-07T12:23:11.721,radio://0/80/2M,mission,1,1,Wall Follow,4601,0,0,0,0.0,0,0,0.0,0.0,88697,0,0,0.8005849719047546,-0.13666975498199463,-0.1489507257938385,0.20000000298023224,-0.10000000149011612,32766,594,32766,1267,2130,3.14604115486145
2026-04-07T12:23:11.723,radio://0/80/2M,flow,1,1,Wall Follow,4601,0,0,0,0.0,0,0,0.0,0.0,88947,0,0,0.8005849719047546,-0.14544907212257385,-0.13952432572841644,0.20000000298023224,-0.10000000149011612,32766,594,32766,1267,2130,3.14604115486145
2026-04-07T12:23:11.724,radio://0/80/2M,range,1,1,Wall Follow,4601,0,0,0,0.0,0,0,0.0,0.0,88947,0,0,0.8005849719047546,-0.14544907212257385,-0.13952432572841644,0.20000000298023224,-0.10000000149011612,32766,610,32766,1287,2131,3.124926805496216
2026-04-07T12:23:11.970,radio://0/80/2M,mission,1,1,Wall Follow,4601,0,0,0,0.0,0,0,0.0,0.0,88947,0,0,0.8078166246414185,-0.14544907212257385,-0.13952432572841644,0.20000000298023224,-0.10000000149011612,32766,610,32766,1287,2131,3.124926805496216
2026-04-07T12:23:11.973,radio://0/80/2M,flow,1,1,Wall Follow,4601,0,0,0,0.0,0,0,0.0,0.0,89197,0,0,0.8078166246414185,-0.16773264110088348,-0.14212848246097565,0.20000000298023224,-0.10000000149011612,32766,610,32766,1287,2131,3.124926805496216
2026-04-07T12:23:11.974,radio://0/80/2M,range,1,1,Wall Follow,4601,0,0,0,0.0,0,0,0.0,0.0,89197,0,0,0.8078166246414185,-0.16773264110088348,-0.14212848246097565,0.20000000298023224,-0.10000000149011612,32766,644,32766,1313,2132,3.1302053928375244
2026-04-07T12:23:12.224,radio://0/80/2M,mission,1,1,Wall Follow,4601,0,0,0,0.0,0,0,0.0,0.0,89197,0,0,0.8049318194389343,-0.16773264110088348,-0.14212848246097565,0.20000000298023224,-0.10000000149011612,32766,644,32766,1313,2132,3.1302053928375244
2026-04-07T12:23:12.226,radio://0/80/2M,flow,1,1,Wall Follow,4314,0,0,0,0.0,0,0,0.0,0.0,89447,0,0,0.8049318194389343,-0.1740824431180954,-0.13182498514652252,0.20000000298023224,-0.10000000149011612,32766,644,32766,1313,2132,3.1302053928375244
2026-04-07T12:23:12.227,radio://0/80/2M,range,1,1,Wall Follow,4314,0,0,0,0.0,0,0,0.0,0.0,89447,0,0,0.8049318194389343,-0.1740824431180954,-0.13182498514652252,0.20000000298023224,-0.10000000149011612,32766,672,32766,1333,2154,3.1196482181549072
2026-04-07T12:23:12.470,radio://0/80/2M,mission,1,1,Wall Follow,4314,0,0,0,0.0,0,0,0.0,0.0,89447,0,0,0.8037004470825195,-0.1740824431180954,-0.13182498514652252,0.20000000298023224,-0.10000000149011612,32766,672,32766,1333,2154,3.1196482181549072
2026-04-07T12:23:12.472,radio://0/80/2M,flow,1,1,Wall Follow,4314,0,0,0,0.0,0,0,0.0,0.0,89697,2,0,0.8037004470825195,-0.17013148963451385,-0.13921725749969482,0.20000000298023224,0.0,32766,672,32766,1333,2154,3.1196482181549072
2026-04-07T12:23:12.473,radio://0/80/2M,range,1,1,Wall Follow,4314,0,0,0,0.0,0,0,0.0,0.0,89697,2,0,0.8037004470825195,-0.17013148963451385,-0.13921725749969482,0.20000000298023224,0.0,32766,721,32766,1376,2137,3.1143696308135986
2026-04-07T12:23:12.719,radio://0/80/2M,mission,1,1,Wall Follow,4314,0,0,0,0.0,0,0,0.0,0.0,89697,2,0,0.8046464920043945,-0.17013148963451385,-0.13921725749969482,0.20000000298023224,0.0,32766,721,32766,1376,2137,3.1143696308135986
2026-04-07T12:23:12.722,radio://0/80/2M,flow,1,1,Wall Follow,4314,0,0,0,0.0,0,0,0.0,0.0,89947,0,-1,0.8046464920043945,-0.09195855259895325,-0.18513654172420502,0.20000000298023224,0.0,32766,721,32766,1376,2137,3.1143696308135986
2026-04-07T12:23:12.723,radio://0/80/2M,range,1,1,Wall Follow,4314,0,0,0,0.0,0,0,0.0,0.0,89947,0,-1,0.8046464920043945,-0.09195855259895325,-0.18513654172420502,0.20000000298023224,0.0,1536,741,32766,1402,2129,3.1407625675201416
2026-04-07T12:23:12.970,radio://0/80/2M,mission,1,1,Wall Follow,4314,0,0,0,0.0,0,0,0.0,0.0,89947,0,-1,0.8059864044189453,-0.09195855259895325,-0.18513654172420502,0.20000000298023224,0.0,1536,741,32766,1402,2129,3.1407625675201416
2026-04-07T12:23:12.971,radio://0/80/2M,flow,1,1,Wall Follow,4314,0,0,0,0.0,0,0,0.0,0.0,90197,0,0,0.8059864044189453,-0.03801901265978813,-0.17869733273983002,0.20000000298023224,0.0,1536,741,32766,1402,2129,3.1407625675201416
2026-04-07T12:23:12.973,radio://0/80/2M,range,1,1,Wall Follow,4314,0,0,0,0.0,0,0,0.0,0.0,90197,0,0,0.8059864044189453,-0.03801901265978813,-0.17869733273983002,0.20000000298023224,0.0,1496,739,32766,1438,2124,3.135483980178833
2026-04-07T12:23:13.219,radio://0/80/2M,mission,1,1,Wall Follow,4314,0,0,0,0.0,0,0,0.0,0.0,90197,0,0,0.8017839789390564,-0.03801901265978813,-0.17869733273983002,0.20000000298023224,0.0,1496,739,32766,1438,2124,3.135483980178833
2026-04-07T12:23:13.222,radio://0/80/2M,flow,1,1,Wall Follow,4314,0,0,0,0.0,0,0,0.0,0.0,90447,-1,0,0.8017839789390564,-0.04754485562443733,-0.17684713006019592,0.20000000298023224,0.0,1496,739,32766,1438,2124,3.135483980178833
2026-04-07T12:23:13.223,radio://0/80/2M,range,1,1,Wall Follow,4314,0,0,0,0.0,0,0,0.0,0.0,90447,-1,0,0.8017839789390564,-0.04754485562443733,-0.17684713006019592,0.20000000298023224,0.0,32766,731,32766,1465,2135,3.1302053928375244
2026-04-07T12:23:13.469,radio://0/80/2M,mission,1,1,Wall Follow,4314,0,0,0,0.0,0,0,0.0,0.0,90447,-1,0,0.7997630834579468,-0.04754485562443733,-0.17684713006019592,0.20000000298023224,0.0,32766,731,32766,1465,2135,3.1302053928375244
2026-04-07T12:23:13.472,radio://0/80/2M,flow,1,1,Wall Follow,4314,0,0,0,0.0,0,0,0.0,0.0,90697,0,0,0.7997630834579468,-0.07909169793128967,-0.20417094230651855,0.20000000298023224,0.0,32766,731,32766,1465,2135,3.1302053928375244
2026-04-07T12:23:13.473,radio://0/80/2M,range,1,1,Wall Follow,4314,0,0,0,0.0,0,0,0.0,0.0,90697,0,0,0.7997630834579468,-0.07909169793128967,-0.20417094230651855,0.20000000298023224,0.0,1424,735,594,1501,2150,3.1407625675201416
2026-04-07T12:23:13.719,radio://0/80/2M,mission,1,1,Wall Follow,4314,0,0,0,0.0,0,0,0.0,0.0,90697,0,0,0.80069899559021,-0.07909169793128967,-0.20417094230651855,0.20000000298023224,0.0,1424,735,594,1501,2150,3.1407625675201416
2026-04-07T12:23:13.721,radio://0/80/2M,flow,1,1,Wall Follow,4314,0,0,0,0.0,0,0,0.0,0.0,90947,0,-1,0.80069899559021,-0.09636583179235458,-0.2096198946237564,0.20000000298023224,0.0,1424,735,594,1501,2150,3.1407625675201416
2026-04-07T12:23:13.723,radio://0/80/2M,range,1,1,Wall Follow,4314,0,0,0,0.0,0,0,0.0,0.0,90947,0,-1,0.80069899559021,-0.09636583179235458,-0.2096198946237564,0.20000000298023224,0.0,32766,747,569,1524,2140,3.1196482181549072
2026-04-07T12:23:14.046,radio://0/80/2M,mission,1,1,Wall Follow,4314,0,0,0,0.0,0,0,0.0,0.0,90947,0,-1,0.8011929392814636,-0.09636583179235458,-0.2096198946237564,0.20000000298023224,0.0,32766,747,569,1524,2140,3.1196482181549072
2026-04-07T12:23:14.066,radio://0/80/2M,flow,1,1,Wall Follow,4314,0,0,0,0.0,0,0,0.0,0.0,91197,0,1,0.8011929392814636,-0.05719026178121567,-0.14982730150222778,0.20000000298023224,0.0,32766,747,569,1524,2140,3.1196482181549072
2026-04-07T12:23:14.162,radio://0/80/2M,range,1,1,Wall Follow,4314,0,0,0,0.0,0,0,0.0,0.0,91197,0,1,0.8011929392814636,-0.05719026178121567,-0.14982730150222778,0.20000000298023224,0.0,32766,756,560,1551,32766,3.1196482181549072
2026-04-07T12:23:14.219,radio://0/80/2M,mission,1,1,Wall Follow,4314,0,0,0,0.0,0,0,0.0,0.0,91197,0,1,0.8035956025123596,-0.05719026178121567,-0.14982730150222778,0.20000000298023224,0.0,32766,756,560,1551,32766,3.1196482181549072
2026-04-07T12:23:14.222,radio://0/80/2M,flow,1,1,Wall Follow,4314,0,0,0,0.0,0,0,0.0,0.0,91447,0,0,0.8035956025123596,-0.041758108884096146,-0.15255169570446014,0.20000000298023224,0.0,32766,756,560,1551,32766,3.1196482181549072
2026-04-07T12:23:14.223,radio://0/80/2M,range,1,1,Wall Follow,4314,0,0,0,0.0,0,0,0.0,0.0,91447,0,0,0.8035956025123596,-0.041758108884096146,-0.15255169570446014,0.20000000298023224,0.0,1346,763,555,1575,32766,3.135483980178833
2026-04-07T12:23:14.468,radio://0/80/2M,mission,1,1,Wall Follow,4314,0,0,0,0.0,0,0,0.0,0.0,91447,0,0,0.8021436929702759,-0.041758108884096146,-0.15255169570446014,0.20000000298023224,0.0,1346,763,555,1575,32766,3.135483980178833
2026-04-07T12:23:14.471,radio://0/80/2M,flow,1,1,Wall Follow,4314,0,0,0,0.0,0,0,0.0,0.0,91697,-1,0,0.8021436929702759,-0.07671130448579788,-0.2130981981754303,0.20000000298023224,0.0,1346,763,555,1575,32766,3.135483980178833
2026-04-07T12:23:14.472,radio://0/80/2M,range,1,1,Wall Follow,4314,0,0,0,0.0,0,0,0.0,0.0,91697,-1,0,0.8021436929702759,-0.07671130448579788,-0.2130981981754303,0.20000000298023224,0.0,32766,773,547,1605,2149,3.1407625675201416
2026-04-07T12:23:14.718,radio://0/80/2M,mission,1,1,Wall Follow,4314,0,0,0,0.0,0,0,0.0,0.0,91697,-1,0,0.8003015518188477,-0.07671130448579788,-0.2130981981754303,0.20000000298023224,0.0,32766,773,547,1605,2149,3.1407625675201416
2026-04-07T12:23:14.721,radio://0/80/2M,flow,1,1,Wall Follow,4583,0,0,0,0.0,0,0,0.0,0.0,91947,3,0,0.8003015518188477,-0.0990401953458786,-0.18098601698875427,0.20000000298023224,0.0,32766,773,547,1605,2149,3.1407625675201416
2026-04-07T12:23:14.722,radio://0/80/2M,range,1,1,Wall Follow,4583,0,0,0,0.0,0,0,0.0,0.0,91947,3,0,0.8003015518188477,-0.0990401953458786,-0.18098601698875427,0.20000000298023224,0.0,32766,779,548,1622,2127,3.1407625675201416
2026-04-07T12:23:14.968,radio://0/80/2M,mission,1,1,Wall Follow,4583,0,0,0,0.0,0,0,0.0,0.0,91947,3,0,0.7963439226150513,-0.0990401953458786,-0.18098601698875427,0.20000000298023224,0.0,32766,779,548,1622,2127,3.1407625675201416
2026-04-07T12:23:14.970,radio://0/80/2M,flow,1,1,Wall Follow,4869,0,0,0,0.0,0,0,0.0,0.0,92197,0,0,0.7963439226150513,-0.059807684272527695,-0.15418167412281036,0.20000000298023224,0.0,32766,779,548,1622,2127,3.1407625675201416
2026-04-07T12:23:14.971,radio://0/80/2M,range,1,1,Wall Follow,4869,0,0,0,0.0,0,0,0.0,0.0,92197,0,0,0.7963439226150513,-0.059807684272527695,-0.15418167412281036,0.20000000298023224,0.0,32766,790,546,1662,32766,3.124926805496216
2026-04-07T12:23:15.218,radio://0/80/2M,mission,1,1,Wall Follow,4869,0,0,0,0.0,0,0,0.0,0.0,92197,0,0,0.793354332447052,-0.059807684272527695,-0.15418167412281036,0.20000000298023224,0.0,32766,790,546,1662,32766,3.124926805496216
2026-04-07T12:23:15.220,radio://0/80/2M,flow,1,1,Wall Follow,5173,0,0,0,0.0,0,0,0.0,0.0,92447,0,0,0.793354332447052,-0.060726553201675415,-0.19247570633888245,0.20000000298023224,0.0,32766,790,546,1662,32766,3.124926805496216
2026-04-07T12:23:15.221,radio://0/80/2M,range,1,1,Wall Follow,5173,0,0,0,0.0,0,0,0.0,0.0,92447,0,0,0.793354332447052,-0.060726553201675415,-0.19247570633888245,0.20000000298023224,0.0,32766,800,548,1689,32766,3.1143696308135986
2026-04-07T12:23:15.467,radio://0/80/2M,mission,1,1,Wall Follow,5173,0,0,0,0.0,0,0,0.0,0.0,92447,0,0,0.7961476445198059,-0.060726553201675415,-0.19247570633888245,0.20000000298023224,0.0,32766,800,548,1689,32766,3.1143696308135986
2026-04-07T12:23:15.470,radio://0/80/2M,flow,1,1,Wall Follow,5173,0,0,0,0.0,0,0,0.0,0.0,92697,0,-1,0.7961476445198059,-0.04392923042178154,-0.13292409479618073,0.20000000298023224,0.0,32766,800,548,1689,32766,3.1143696308135986
2026-04-07T12:23:15.471,radio://0/80/2M,range,1,1,Wall Follow,5173,0,0,0,0.0,0,0,0.0,0.0,92697,0,-1,0.7961476445198059,-0.04392923042178154,-0.13292409479618073,0.20000000298023224,0.0,32766,802,555,1724,32766,3.135483980178833
2026-04-07T12:23:15.717,radio://0/80/2M,mission,1,1,Wall Follow,5173,0,0,0,0.0,0,0,0.0,0.0,92697,0,-1,0.7992080450057983,-0.04392923042178154,-0.13292409479618073,0.20000000298023224,0.0,32766,802,555,1724,32766,3.135483980178833
2026-04-07T12:23:15.720,radio://0/80/2M,flow,1,1,Wall Follow,5839,0,0,0,0.0,0,0,0.0,0.0,92947,0,0,0.7992080450057983,-0.05109080672264099,-0.13044138252735138,0.20000000298023224,0.0,32766,802,555,1724,32766,3.135483980178833
2026-04-07T12:23:15.721,radio://0/80/2M,range,1,1,Wall Follow,5839,0,0,0,0.0,0,0,0.0,0.0,92947,0,0,0.7992080450057983,-0.05109080672264099,-0.13044138252735138,0.20000000298023224,0.0,32766,821,557,1764,2137,3.124926805496216
2026-04-07T12:23:15.968,radio://0/80/2M,mission,1,1,Wall Follow,5839,0,0,0,0.0,0,0,0.0,0.0,92947,0,0,0.7955660820007324,-0.05109080672264099,-0.13044138252735138,0.20000000298023224,0.0,32766,821,557,1764,2137,3.124926805496216
2026-04-07T12:23:15.969,radio://0/80/2M,flow,1,1,Wall Follow,6203,0,0,0,0.0,0,0,0.0,0.0,93197,0,0,0.7955660820007324,-0.06399215012788773,-0.1228129044175148,0.20000000298023224,0.0,32766,821,557,1764,2137,3.124926805496216
2026-04-07T12:23:15.971,radio://0/80/2M,range,1,1,Wall Follow,6203,0,0,0,0.0,0,0,0.0,0.0,93197,0,0,0.7955660820007324,-0.06399215012788773,-0.1228129044175148,0.20000000298023224,0.0,32766,894,564,1831,2129,3.1143696308135986
2026-04-07T12:23:16.216,radio://0/80/2M,mission,1,1,Wall Follow,6203,0,0,0,0.0,0,0,0.0,0.0,93197,0,0,0.7917377352714539,-0.06399215012788773,-0.1228129044175148,0.20000000298023224,0.0,32766,894,564,1831,2129,3.1143696308135986
2026-04-07T12:23:16.219,radio://0/80/2M,flow,1,1,Wall Follow,6203,0,0,0,0.0,0,0,0.0,0.0,93447,0,1,0.7917377352714539,-0.028405936434864998,-0.05968175828456879,0.0,0.0,32766,894,564,1831,2129,3.1143696308135986
2026-04-07T12:23:16.220,radio://0/80/2M,range,1,1,Wall Follow,6203,0,0,0,0.0,0,0,0.0,0.0,93447,0,1,0.7917377352714539,-0.028405936434864998,-0.05968175828456879,0.0,0.0,1014,2901,564,1885,2142,3.1143696308135986
2026-04-07T12:23:16.467,radio://0/80/2M,mission,1,1,Wall Follow,6203,0,0,0,0.0,0,0,0.0,0.0,93447,0,1,0.7935581207275391,-0.028405936434864998,-0.05968175828456879,0.0,0.0,1014,2901,564,1885,2142,3.1143696308135986
2026-04-07T12:23:16.469,radio://0/80/2M,flow,1,1,Wall Follow,6203,0,0,0,0.0,0,0,0.0,0.0,93697,0,0,0.7935581207275391,-0.0018786790315061808,-0.0014127902686595917,0.0,0.0,1014,2901,564,1885,2142,3.1143696308135986
2026-04-07T12:23:16.470,radio://0/80/2M,range,1,1,Wall Follow,6203,0,0,0,0.0,0,0,0.0,0.0,93697,0,0,0.7935581207275391,-0.0018786790315061808,-0.0014127902686595917,0.0,0.0,913,32766,575,1964,2136,3.10909104347229
2026-04-07T12:23:16.717,radio://0/80/2M,mission,1,1,Wall Follow,6203,0,0,0,0.0,0,0,0.0,0.0,93697,0,0,0.7993126511573792,-0.0018786790315061808,-0.0014127902686595917,0.0,0.0,913,32766,575,1964,2136,3.10909104347229
2026-04-07T12:23:16.718,radio://0/80/2M,flow,1,1,Wall Follow,4794,0,0,0,0.0,0,0,0.0,0.0,93947,0,-4,0.7993126511573792,-0.0076284343376755714,-0.0025197123177349567,0.0,0.0,913,32766,575,1964,2136,3.10909104347229
2026-04-07T12:23:16.720,radio://0/80/2M,range,1,1,Wall Follow,4794,0,0,0,0.0,0,0,0.0,0.0,93947,0,-4,0.7993126511573792,-0.0076284343376755714,-0.0025197123177349567,0.0,0.0,874,2867,587,2027,2142,3.1196482181549072
2026-04-07T12:23:16.967,radio://0/80/2M,mission,1,1,Wall Follow,4794,0,0,0,0.0,0,0,0.0,0.0,93947,0,-4,0.7984632849693298,-0.0076284343376755714,-0.0025197123177349567,0.0,0.0,874,2867,587,2027,2142,3.1196482181549072
2026-04-07T12:23:16.968,radio://0/80/2M,flow,1,1,Wall Follow,4775,0,0,0,0.0,0,0,0.0,0.0,94197,3,2,0.7984632849693298,-0.0029885864350944757,0.011340436525642872,0.0,0.0,874,2867,587,2027,2142,3.1196482181549072
2026-04-07T12:23:16.969,radio://0/80/2M,range,1,1,Wall Follow,4775,0,0,0,0.0,0,0,0.0,0.0,94197,3,2,0.7984632849693298,-0.0029885864350944757,0.011340436525642872,0.0,0.0,32766,32766,604,2154,32766,3.1143696308135986
2026-04-07T12:23:17.216,radio://0/80/2M,mission,1,1,Wall Follow,4775,0,0,0,0.0,0,0,0.0,0.0,94197,3,2,0.7895748615264893,-0.0029885864350944757,0.011340436525642872,0.0,0.0,32766,32766,604,2154,32766,3.1143696308135986
2026-04-07T12:23:17.219,radio://0/80/2M,flow,1,1,Wall Follow,4995,0,0,0,0.0,0,0,0.0,0.0,94447,0,8,0.7895748615264893,-0.014800974167883396,0.029407046735286713,0.0,0.0,32766,32766,604,2154,32766,3.1143696308135986
2026-04-07T12:23:17.220,radio://0/80/2M,range,1,1,Wall Follow,4995,0,0,0,0.0,0,0,0.0,0.0,94447,0,8,0.7895748615264893,-0.014800974167883396,0.029407046735286713,0.0,0.0,32766,32766,649,2272,32766,3.1143696308135986
2026-04-07T12:23:17.466,radio://0/80/2M,mission,1,1,Wall Follow,4995,0,0,0,0.0,0,0,0.0,0.0,94447,0,8,0.7942975163459778,-0.014800974167883396,0.029407046735286713,0.0,0.0,32766,32766,649,2272,32766,3.1143696308135986
2026-04-07T12:23:17.469,radio://0/80/2M,flow,1,1,Wall Follow,6683,0,0,0,0.0,0,0,0.0,0.0,94697,-4,0,0.7942975163459778,-0.0020085282158106565,0.01844611205160618,0.0,0.0,32766,32766,649,2272,32766,3.1143696308135986
2026-04-07T12:23:17.470,radio://0/80/2M,range,1,1,Wall Follow,6683,0,0,0,0.0,0,0,0.0,0.0,94697,-4,0,0.7942975163459778,-0.0020085282158106565,0.01844611205160618,0.0,0.0,32766,32766,722,32766,2119,3.135483980178833
2026-04-07T12:23:17.716,radio://0/80/2M,mission,1,1,Wall Follow,6683,0,0,0,0.0,0,0,0.0,0.0,94697,-4,0,0.8081313371658325,-0.0020085282158106565,0.01844611205160618,0.0,0.0,32766,32766,722,32766,2119,3.135483980178833
2026-04-07T12:23:17.719,radio://0/80/2M,flow,1,1,Wall Follow,6683,0,0,0,0.0,0,0,0.0,0.0,94947,0,-1,0.8081313371658325,-2.539022170822136e-05,0.012185991741716862,0.0,0.0,32766,32766,722,32766,2119,3.135483980178833
2026-04-07T12:23:17.720,radio://0/80/2M,range,1,1,Wall Follow,6683,0,0,0,0.0,0,0,0.0,0.0,94947,0,-1,0.8081313371658325,-2.539022170822136e-05,0.012185991741716862,0.0,0.0,32766,32766,32766,894,2140,3.1407625675201416
2026-04-07T12:23:17.965,radio://0/80/2M,mission,1,1,Wall Follow,6683,0,0,0,0.0,0,0,0.0,0.0,94947,0,-1,0.8124240636825562,-2.539022170822136e-05,0.012185991741716862,0.0,0.0,32766,32766,32766,894,2140,3.1407625675201416
2026-04-07T12:23:17.967,radio://0/80/2M,flow,1,1,Wall Follow,6683,0,0,0,0.0,0,0,0.0,0.0,95197,-4,0,0.8124240636825562,0.001502406783401966,0.017347123473882675,0.0,0.0,32766,32766,32766,894,2140,3.1407625675201416
2026-04-07T12:23:17.969,radio://0/80/2M,range,1,1,Wall Follow,6683,0,0,0,0.0,0,0,0.0,0.0,95197,-4,0,0.8124240636825562,0.001502406783401966,0.017347123473882675,0.0,0.0,32766,32766,787,860,2098,3.124926805496216
2026-04-07T12:23:18.216,radio://0/80/2M,mission,1,1,Wall Follow,6683,0,0,0,0.0,0,0,0.0,0.0,95197,-4,0,0.8067627549171448,0.001502406783401966,0.017347123473882675,0.0,0.0,32766,32766,787,860,2098,3.124926805496216
2026-04-07T12:23:18.219,radio://0/80/2M,flow,1,1,Wall Follow,6683,0,0,0,0.0,0,0,0.0,0.0,95447,0,0,0.8067627549171448,-0.001673697610385716,0.014068600721657276,0.0,0.0,32766,32766,787,860,2098,3.124926805496216
2026-04-07T12:23:18.220,radio://0/80/2M,range,1,1,Wall Follow,6683,0,0,0,0.0,0,0,0.0,0.0,95447,0,0,0.8067627549171448,-0.001673697610385716,0.014068600721657276,0.0,0.0,32766,32766,32766,812,2096,3.10909104347229
2026-04-07T12:23:18.465,radio://0/80/2M,mission,1,1,Wall Follow,6683,0,0,0,0.0,0,0,0.0,0.0,95447,0,0,0.8025844693183899,-0.001673697610385716,0.014068600721657276,0.0,0.0,32766,32766,32766,812,2096,3.10909104347229
2026-04-07T12:23:18.468,radio://0/80/2M,flow,1,1,Wall Follow,6683,0,0,0,0.0,0,0,0.0,0.0,95697,0,1,0.8025844693183899,0.013077430427074432,0.0037620074581354856,0.0,0.0,32766,32766,32766,812,2096,3.10909104347229
2026-04-07T12:23:18.469,radio://0/80/2M,range,1,1,Wall Follow,6683,0,0,0,0.0,0,0,0.0,0.0,95697,0,1,0.8025844693183899,0.013077430427074432,0.0037620074581354856,0.0,0.0,32766,32766,226,761,2098,3.124926805496216
2026-04-07T12:23:18.717,radio://0/80/2M,mission,1,5,Transition,6683,0,0,0,0.0,0,0,0.0,0.0,95697,0,1,0.7924349308013916,0.013077430427074432,0.0037620074581354856,0.0,0.0,32766,32766,226,761,2098,3.124926805496216
2026-04-07T12:23:18.719,radio://0/80/2M,flow,1,5,Transition,6266,0,0,0,0.0,0,0,0.0,0.0,95947,1,0,0.7924349308013916,0.051681358367204666,0.054130639880895615,0.0,0.12675000727176666,32766,32766,226,761,2098,3.124926805496216
2026-04-07T12:23:18.720,radio://0/80/2M,range,1,5,Transition,6266,0,0,0,0.0,0,0,0.0,0.0,95947,1,0,0.7924349308013916,0.051681358367204666,0.054130639880895615,0.0,0.12675000727176666,32766,32766,175,800,2102,3.1196482181549072
2026-04-07T12:23:18.965,radio://0/80/2M,mission,1,2,Scan,6266,0,0,0,0.0,0,0,0.0,0.0,95947,1,0,0.7904998660087585,0.051681358367204666,0.054130639880895615,0.0,0.12675000727176666,32766,32766,175,800,2102,3.1196482181549072
2026-04-07T12:23:18.968,radio://0/80/2M,flow,1,2,Scan,5875,0,0,0,0.0,0,0,0.0,0.0,96197,0,-7,0.7904998660087585,0.05792422220110893,0.056849535554647446,0.0,0.0,32766,32766,175,800,2102,3.1196482181549072
2026-04-07T12:23:18.969,radio://0/80/2M,range,1,2,Scan,5875,0,0,0,0.0,0,0,0.0,0.0,96197,0,-7,0.7904998660087585,0.05792422220110893,0.056849535554647446,0.0,0.0,32766,32766,82,865,2108,3.1302053928375244
2026-04-07T12:23:19.215,radio://0/80/2M,mission,1,2,Scan,5875,0,0,0,0.0,0,0,0.0,0.0,96197,0,-7,0.771308422088623,0.05792422220110893,0.056849535554647446,0.0,0.0,32766,32766,82,865,2108,3.1302053928375244
2026-04-07T12:23:19.217,radio://0/80/2M,flow,1,2,Scan,6192,0,0,0,0.0,0,0,0.0,0.0,96447,-8,-6,0.771308422088623,-0.15842613577842712,-0.05256342887878418,0.0,0.0,32766,32766,82,865,2108,3.1302053928375244
2026-04-07T12:23:19.219,radio://0/80/2M,range,1,2,Scan,6192,0,0,0,0.0,0,0,0.0,0.0,96447,-8,-6,0.771308422088623,-0.15842613577842712,-0.05256342887878418,0.0,0.0,495,32766,47,843,2108,3.040469169616699
2026-04-07T12:23:19.465,radio://0/80/2M,mission,1,2,Scan,6192,0,0,0,0.0,0,0,0.0,0.0,96447,-8,-6,0.8350955247879028,-0.15842613577842712,-0.05256342887878418,0.0,0.0,495,32766,47,843,2108,3.040469169616699
2026-04-07T12:23:19.466,radio://0/80/2M,flow,1,2,Scan,5805,0,0,0,0.0,0,0,0.0,0.0,96697,2,1,0.8350955247879028,-0.019961906597018242,-0.029483089223504066,0.0,0.0,495,32766,47,843,2108,3.040469169616699
2026-04-07T12:23:19.467,radio://0/80/2M,range,1,2,Scan,5805,0,0,0,0.0,0,0,0.0,0.0,96697,2,1,0.8350955247879028,-0.019961906597018242,-0.029483089223504066,0.0,0.0,408,32766,52,925,1951,3.2304985523223877
2026-04-07T12:23:19.715,radio://0/80/2M,mission,1,2,Scan,5805,0,0,0,0.0,0,0,0.0,0.0,96697,2,1,0.8034015893936157,-0.019961906597018242,-0.029483089223504066,0.0,0.0,408,32766,52,925,1951,3.2304985523223877
2026-04-07T12:23:19.718,radio://0/80/2M,flow,1,2,Scan,5805,0,0,0,0.0,0,0,0.0,0.0,96947,0,0,0.8034015893936157,-0.0325203575193882,-0.07537128776311874,0.0,0.0,408,32766,52,925,1951,3.2304985523223877
2026-04-07T12:23:19.719,radio://0/80/2M,range,1,2,Scan,5805,0,0,0,0.0,0,0,0.0,0.0,96947,0,0,0.8034015893936157,-0.0325203575193882,-0.07537128776311874,0.0,0.0,32766,32766,44,963,2038,3.10909104347229
2026-04-07T12:23:19.965,radio://0/80/2M,mission,1,2,Scan,5805,0,0,0,0.0,0,0,0.0,0.0,96947,0,0,0.7679243087768555,-0.0325203575193882,-0.07537128776311874,0.0,0.0,32766,32766,44,963,2038,3.10909104347229
2026-04-07T12:23:19.966,radio://0/80/2M,flow,1,2,Scan,5443,0,0,0,0.0,0,0,0.0,0.0,97197,-1,-1,0.7679243087768555,-0.03027813322842121,-0.0532320961356163,0.0,0.0,32766,32766,44,963,2038,3.10909104347229
2026-04-07T12:23:19.967,radio://0/80/2M,range,1,2,Scan,5443,0,0,0,0.0,0,0,0.0,0.0,97197,-1,-1,0.7679243087768555,-0.03027813322842121,-0.0532320961356163,0.0,0.0,32766,2874,32,32766,2105,3.0932552814483643
2026-04-07T12:23:20.214,radio://0/80/2M,mission,1,2,Scan,5443,0,0,0,0.0,0,0,0.0,0.0,97197,-1,-1,0.773449182510376,-0.03027813322842121,-0.0532320961356163,0.0,0.0,32766,2874,32,32766,2105,3.0932552814483643
2026-04-07T12:23:20.216,radio://0/80/2M,flow,1,2,Scan,5443,0,0,0,0.0,0,0,0.0,0.0,97447,0,-3,0.773449182510376,-0.11041431128978729,-0.010853680782020092,0.0,0.0,32766,2874,32,32766,2105,3.0932552814483643
2026-04-07T12:23:20.218,radio://0/80/2M,range,1,2,Scan,5443,0,0,0,0.0,0,0,0.0,0.0,97447,0,-3,0.773449182510376,-0.11041431128978729,-0.010853680782020092,0.0,0.0,32766,2950,38,169,2067,3.066862106323242
2026-04-07T12:23:20.464,radio://0/80/2M,mission,1,2,Scan,5443,0,0,0,0.0,0,0,0.0,0.0,97447,0,-3,0.7853026390075684,-0.11041431128978729,-0.010853680782020092,0.0,0.0,32766,2950,38,169,2067,3.066862106323242
2026-04-07T12:23:20.466,radio://0/80/2M,flow,1,2,Scan,5443,0,0,0,0.0,0,0,0.0,0.0,97697,0,4,0.7853026390075684,-0.012466817162930965,-0.030042653903365135,0.0,0.0,32766,2950,38,169,2067,3.066862106323242
2026-04-07T12:23:20.468,radio://0/80/2M,range,1,2,Scan,5443,0,0,0,0.0,0,0,0.0,0.0,97697,0,4,0.7853026390075684,-0.012466817162930965,-0.030042653903365135,0.0,0.0,2288,2991,25,234,2002,3.124926805496216
2026-04-07T12:23:20.713,radio://0/80/2M,mission,1,2,Scan,5443,0,0,0,0.0,0,0,0.0,0.0,97697,0,4,0.7940375208854675,-0.012466817162930965,-0.030042653903365135,0.0,0.0,2288,2991,25,234,2002,3.124926805496216
2026-04-07T12:23:20.716,radio://0/80/2M,flow,1,2,Scan,5103,0,0,0,0.0,0,0,0.0,0.0,97947,1,2,0.7940375208854675,-0.020480714738368988,-0.04652014002203941,0.0,0.0,2288,2991,25,234,2002,3.124926805496216
2026-04-07T12:23:20.717,radio://0/80/2M,range,1,2,Scan,5103,0,0,0,0.0,0,0,0.0,0.0,97947,1,2,0.7940375208854675,-0.020480714738368988,-0.04652014002203941,0.0,0.0,2368,3135,55,237,1993,3.098533868789673
2026-04-07T12:23:20.964,radio://0/80/2M,mission,1,2,Scan,5103,0,0,0,0.0,0,0,0.0,0.0,97947,1,2,0.7993700504302979,-0.020480714738368988,-0.04652014002203941,0.0,0.0,2368,3135,55,237,1993,3.098533868789673
2026-04-07T12:23:20.966,radio://0/80/2M,flow,1,2,Scan,4785,0,0,0,0.0,0,0,0.0,0.0,98197,0,-2,0.7993700504302979,0.0037850996013730764,0.004659824538975954,0.0,0.0,2368,3135,55,237,1993,3.098533868789673
2026-04-07T12:23:20.967,radio://0/80/2M,range,1,2,Scan,4785,0,0,0,0.0,0,0,0.0,0.0,98197,0,-2,0.7993700504302979,0.0037850996013730764,0.004659824538975954,0.0,0.0,32766,1943,75,117,2068,3.124926805496216
2026-04-07T12:23:21.213,radio://0/80/2M,mission,1,2,Scan,4785,0,0,0,0.0,0,0,0.0,0.0,98197,0,-2,0.8139243721961975,0.0037850996013730764,0.004659824538975954,0.0,0.0,32766,1943,75,117,2068,3.124926805496216
2026-04-07T12:23:21.216,radio://0/80/2M,flow,1,2,Scan,4785,0,0,0,0.0,0,0,0.0,0.0,98447,0,1,0.8139243721961975,-0.025278588756918907,0.0380002036690712,0.0,0.0,32766,1943,75,117,2068,3.124926805496216
2026-04-07T12:23:21.217,radio://0/80/2M,range,1,2,Scan,4785,0,0,0,0.0,0,0,0.0,0.0,98447,0,1,0.8139243721961975,-0.025278588756918907,0.0380002036690712,0.0,0.0,32766,1894,32766,90,2077,3.1565983295440674
2026-04-07T12:23:21.464,radio://0/80/2M,mission,1,2,Scan,4785,0,0,0,0.0,0,0,0.0,0.0,98447,0,1,0.8186571002006531,-0.025278588756918907,0.0380002036690712,0.0,0.0,32766,1894,32766,90,2077,3.1565983295440674
2026-04-07T12:23:21.467,radio://0/80/2M,flow,1,2,Scan,4785,0,0,0,0.0,0,0,0.0,0.0,98697,0,-3,0.8186571002006531,-0.017598232254385948,0.023947544395923615,0.0,0.0,32766,1894,32766,90,2077,3.1565983295440674
2026-04-07T12:23:21.470,radio://0/80/2M,range,1,2,Scan,4785,0,0,0,0.0,0,0,0.0,0.0,98697,0,-3,0.8186571002006531,-0.017598232254385948,0.023947544395923615,0.0,0.0,32766,1982,1711,2535,2091,3.1407625675201416
2026-04-07T12:23:21.713,radio://0/80/2M,mission,1,2,Scan,4785,0,0,0,0.0,0,0,0.0,0.0,98697,0,-3,0.8128882646560669,-0.017598232254385948,0.023947544395923615,0.0,0.0,32766,1982,1711,2535,2091,3.1407625675201416
2026-04-07T12:23:21.714,radio://0/80/2M,flow,1,2,Scan,4785,0,0,0,0.0,0,0,0.0,0.0,98947,3,0,0.8128882646560669,-0.009199321269989014,-0.014316094107925892,0.0,0.0,32766,1982,1711,2535,2091,3.1407625675201416
2026-04-07T12:23:21.716,radio://0/80/2M,range,1,2,Scan,4785,0,0,0,0.0,0,0,0.0,0.0,98947,3,0,0.8128882646560669,-0.009199321269989014,-0.014316094107925892,0.0,0.0,32766,2049,1573,2587,2094,3.135483980178833
2026-04-07T12:23:21.962,radio://0/80/2M,mission,1,2,Scan,4785,0,0,0,0.0,0,0,0.0,0.0,98947,3,0,0.8108417391777039,-0.009199321269989014,-0.014316094107925892,0.0,0.0,32766,2049,1573,2587,2094,3.135483980178833
2026-04-07T12:23:21.965,radio://0/80/2M,flow,1,2,Scan,4486,0,0,0,0.0,0,0,0.0,0.0,99197,0,9,0.8108417391777039,-0.022006403654813766,-0.035149503499269485,0.0,0.0,32766,2049,1573,2587,2094,3.135483980178833
2026-04-07T12:23:21.966,radio://0/80/2M,range,1,2,Scan,4486,0,0,0,0.0,0,0,0.0,0.0,99197,0,9,0.8108417391777039,-0.022006403654813766,-0.035149503499269485,0.0,0.0,32766,2141,1345,1769,2095,3.1302053928375244
2026-04-07T12:23:22.215,radio://0/80/2M,mission,1,2,Scan,4486,0,0,0,0.0,0,0,0.0,0.0,99197,0,9,0.8243462443351746,-0.022006403654813766,-0.035149503499269485,0.0,0.0,32766,2141,1345,1769,2095,3.1302053928375244
2026-04-07T12:23:22.216,radio://0/80/2M,flow,1,2,Scan,3698,0,0,0,0.0,0,0,0.0,0.0,99447,2,-1,0.8243462443351746,0.12379387766122818,-0.05936581268906593,0.0,0.0,32766,2141,1345,1769,2095,3.1302053928375244
2026-04-07T12:23:22.220,radio://0/80/2M,range,1,2,Scan,3698,0,0,0,0.0,0,0,0.0,0.0,99447,2,-1,0.8243462443351746,0.12379387766122818,-0.05936581268906593,0.0,0.0,32766,2242,1255,1811,2100,3.14604115486145
2026-04-07T12:23:22.462,radio://0/80/2M,mission,1,2,Scan,3698,0,0,0,0.0,0,0,0.0,0.0,99447,2,-1,0.8407009243965149,0.12379387766122818,-0.05936581268906593,0.0,0.0,32766,2242,1255,1811,2100,3.14604115486145
2026-04-07T12:23:22.465,radio://0/80/2M,flow,1,2,Scan,3251,0,0,0,0.0,0,0,0.0,0.0,99697,3,-2,0.8407009243965149,-0.09929787367582321,-0.008565608412027359,0.0,0.0,32766,2242,1255,1811,2100,3.14604115486145
2026-04-07T12:23:22.466,radio://0/80/2M,range,1,2,Scan,3251,0,0,0,0.0,0,0,0.0,0.0,99697,3,-2,0.8407009243965149,-0.09929787367582321,-0.008565608412027359,0.0,0.0,32766,32766,1248,2390,2136,3.1565983295440674
2026-04-07T12:23:22.786,radio://0/80/2M,mission,1,2,Scan,3251,0,0,0,0.0,0,0,0.0,0.0,99697,3,-2,0.7937013506889343,-0.09929787367582321,-0.008565608412027359,0.0,0.0,32766,32766,1248,2390,2136,3.1565983295440674
2026-04-07T12:23:22.787,radio://0/80/2M,flow,1,2,Scan,3251,0,0,0,0.0,0,0,0.0,0.0,99947,-3,-1,0.7937013506889343,-0.42142677307128906,-0.061893656849861145,0.0,0.0,32766,32766,1248,2390,2136,3.1565983295440674
2026-04-07T12:23:22.789,radio://0/80/2M,range,1,2,Scan,3251,0,0,0,0.0,0,0,0.0,0.0,99947,-3,-1,0.7937013506889343,-0.42142677307128906,-0.061893656849861145,0.0,0.0,32766,32766,1288,2497,2173,3.07214093208313
2026-04-07T12:23:22.962,radio://0/80/2M,mission,1,2,Scan,3251,0,0,0,0.0,0,0,0.0,0.0,99947,-3,-1,0.7546355724334717,-0.42142677307128906,-0.061893656849861145,0.0,0.0,32766,32766,1288,2497,2173,3.07214093208313
2026-04-07T12:23:22.965,radio://0/80/2M,flow,1,2,Scan,3898,0,0,0,0.0,0,0,0.0,0.0,100197,-5,-1,0.7546355724334717,-0.47650977969169617,-0.1746281534433365,0.0,0.0,32766,32766,1288,2497,2173,3.07214093208313
2026-04-07T12:23:22.966,radio://0/80/2M,range,1,2,Scan,3898,0,0,0,0.0,0,0,0.0,0.0,100197,-5,-1,0.7546355724334717,-0.47650977969169617,-0.1746281534433365,0.0,0.0,32766,32766,32766,2384,2180,3.0615835189819336
2026-04-07T12:23:23.211,radio://0/80/2M,mission,1,2,Scan,3898,0,0,0,0.0,0,0,0.0,0.0,100197,-5,-1,0.7962834239006042,-0.47650977969169617,-0.1746281534433365,0.0,0.0,32766,32766,32766,2384,2180,3.0615835189819336
2026-04-07T12:23:23.215,radio://0/80/2M,flow,1,2,Scan,4399,0,0,0,0.0,0,0,0.0,0.0,100447,0,1,0.7962834239006042,-0.2964830696582794,-0.23394395411014557,0.0,0.0,32766,32766,32766,2384,2180,3.0615835189819336
2026-04-07T12:23:23.216,radio://0/80/2M,range,1,2,Scan,4399,0,0,0,0.0,0,0,0.0,0.0,100447,0,1,0.7962834239006042,-0.2964830696582794,-0.23394395411014557,0.0,0.0,32766,32766,2407,1995,2145,3.1777126789093018
2026-04-07T12:23:23.462,radio://0/80/2M,mission,1,2,Scan,4399,0,0,0,0.0,0,0,0.0,0.0,100447,0,1,0.8329113125801086,-0.2964830696582794,-0.23394395411014557,0.0,0.0,32766,32766,2407,1995,2145,3.1777126789093018
2026-04-07T12:23:23.463,radio://0/80/2M,flow,1,2,Scan,4399,0,0,0,0.0,0,0,0.0,0.0,100697,0,9,0.8329113125801086,-0.11190025508403778,-0.23276014626026154,0.0,0.0,32766,32766,2407,1995,2145,3.1777126789093018
2026-04-07T12:23:23.464,radio://0/80/2M,range,1,2,Scan,4399,0,0,0,0.0,0,0,0.0,0.0,100697,0,9,0.8329113125801086,-0.11190025508403778,-0.23276014626026154,0.0,0.0,32766,32766,32766,1644,2086,3.1777126789093018
2026-04-07T12:23:23.711,radio://0/80/2M,mission,1,2,Scan,4399,0,0,0,0.0,0,0,0.0,0.0,100697,0,9,0.8189473152160645,-0.11190025508403778,-0.23276014626026154,0.0,0.0,32766,32766,32766,1644,2086,3.1777126789093018
2026-04-07T12:23:23.714,radio://0/80/2M,flow,1,2,Scan,4399,0,0,0,0.0,0,0,0.0,0.0,100947,0,0,0.8189473152160645,-0.037824615836143494,-0.12146221846342087,0.0,0.0,32766,32766,32766,1644,2086,3.1777126789093018
2026-04-07T12:23:23.715,radio://0/80/2M,range,1,2,Scan,4399,0,0,0,0.0,0,0,0.0,0.0,100947,0,0,0.8189473152160645,-0.037824615836143494,-0.12146221846342087,0.0,0.0,32766,2678,32766,1569,2095,3.0932552814483643
2026-04-07T12:23:23.960,radio://0/80/2M,mission,1,2,Scan,4399,0,0,0,0.0,0,0,0.0,0.0,100947,0,0,0.8031401634216309,-0.037824615836143494,-0.12146221846342087,0.0,0.0,32766,2678,32766,1569,2095,3.0932552814483643
2026-04-07T12:23:23.963,radio://0/80/2M,flow,1,2,Scan,4125,0,0,0,0.0,0,0,0.0,0.0,101197,-1,-5,0.8031401634216309,-0.0901673287153244,0.04552242532372475,0.0,0.0,32766,2678,32766,1569,2095,3.0932552814483643
2026-04-07T12:23:23.964,radio://0/80/2M,range,1,2,Scan,4125,0,0,0,0.0,0,0,0.0,0.0,101197,-1,-5,0.8031401634216309,-0.0901673287153244,0.04552242532372475,0.0,0.0,2361,2696,32766,1430,2113,3.1143696308135986
2026-04-07T12:23:24.211,radio://0/80/2M,mission,1,2,Scan,4125,0,0,0,0.0,0,0,0.0,0.0,101197,-1,-5,0.7949143052101135,-0.0901673287153244,0.04552242532372475,0.0,0.0,2361,2696,32766,1430,2113,3.1143696308135986
2026-04-07T12:23:24.214,radio://0/80/2M,flow,1,2,Scan,4125,0,0,0,0.0,0,0,0.0,0.0,101447,2,-26,0.7949143052101135,-0.16524074971675873,0.1561099886894226,0.0,0.0,2361,2696,32766,1430,2113,3.1143696308135986
2026-04-07T12:23:24.215,radio://0/80/2M,range,1,2,Scan,4125,0,0,0,0.0,0,0,0.0,0.0,101447,2,-26,0.7949143052101135,-0.16524074971675873,0.1561099886894226,0.0,0.0,2287,2633,32766,1433,2122,3.135483980178833
2026-04-07T12:23:24.460,radio://0/80/2M,mission,1,2,Scan,4125,0,0,0,0.0,0,0,0.0,0.0,101447,2,-26,0.8077141642570496,-0.16524074971675873,0.1561099886894226,0.0,0.0,2287,2633,32766,1433,2122,3.135483980178833
2026-04-07T12:23:24.463,radio://0/80/2M,flow,1,2,Scan,4382,0,0,0,0.0,0,0,0.0,0.0,101697,0,-1,0.8077141642570496,0.035401418805122375,0.16722498834133148,0.0,0.0,2287,2633,32766,1433,2122,3.135483980178833
2026-04-07T12:23:24.464,radio://0/80/2M,range,1,2,Scan,4382,0,0,0,0.0,0,0,0.0,0.0,101697,0,-1,0.8077141642570496,0.035401418805122375,0.16722498834133148,0.0,0.0,2119,1702,32766,1386,2118,3.1565983295440674
2026-04-07T12:23:24.710,radio://0/80/2M,mission,1,2,Scan,4382,0,0,0,0.0,0,0,0.0,0.0,101697,0,-1,0.8034787774085999,0.035401418805122375,0.16722498834133148,0.0,0.0,2119,1702,32766,1386,2118,3.1565983295440674
2026-04-07T12:23:24.712,radio://0/80/2M,flow,1,2,Scan,4382,0,0,0,0.0,0,0,0.0,0.0,101947,-8,-3,0.8034787774085999,0.06685923039913177,0.03059302270412445,0.0,0.0,2119,1702,32766,1386,2118,3.1565983295440674
2026-04-07T12:23:24.714,radio://0/80/2M,range,1,2,Scan,4382,0,0,0,0.0,0,0,0.0,0.0,101947,-8,-3,0.8034787774085999,0.06685923039913177,0.03059302270412445,0.0,0.0,2087,1744,32766,1428,2107,3.1302053928375244
2026-04-07T12:23:24.960,radio://0/80/2M,mission,1,2,Scan,4382,0,0,0,0.0,0,0,0.0,0.0,101947,-8,-3,0.7983348965644836,0.06685923039913177,0.03059302270412445,0.0,0.0,2087,1744,32766,1428,2107,3.1302053928375244
2026-04-07T12:23:24.963,radio://0/80/2M,flow,1,2,Scan,4382,0,0,0,0.0,0,0,0.0,0.0,102197,0,2,0.7983348965644836,0.09049684554338455,0.02026769146323204,0.0,0.0,2087,1744,32766,1428,2107,3.1302053928375244
2026-04-07T12:23:24.964,radio://0/80/2M,range,1,2,Scan,4382,0,0,0,0.0,0,0,0.0,0.0,102197,0,2,0.7983348965644836,0.09049684554338455,0.02026769146323204,0.0,0.0,32766,2183,32766,1521,2116,3.14604115486145
2026-04-07T12:23:25.210,radio://0/80/2M,mission,1,2,Scan,4382,0,0,0,0.0,0,0,0.0,0.0,102197,0,2,0.7941679954528809,0.09049684554338455,0.02026769146323204,0.0,0.0,32766,2183,32766,1521,2116,3.14604115486145
2026-04-07T12:23:25.213,radio://0/80/2M,flow,1,2,Scan,4382,0,0,0,0.0,0,0,0.0,0.0,102447,0,-2,0.7941679954528809,0.10142967849969864,0.0014285165816545486,0.0,0.0,32766,2183,32766,1521,2116,3.14604115486145
2026-04-07T12:23:25.214,radio://0/80/2M,range,1,2,Scan,4382,0,0,0,0.0,0,0,0.0,0.0,102447,0,-2,0.7941679954528809,0.10142967849969864,0.0014285165816545486,0.0,0.0,32766,2308,32766,1607,2113,3.1302053928375244
2026-04-07T12:23:25.460,radio://0/80/2M,mission,1,2,Scan,4382,0,0,0,0.0,0,0,0.0,0.0,102447,0,-2,0.7982590794563293,0.10142967849969864,0.0014285165816545486,0.0,0.0,32766,2308,32766,1607,2113,3.1302053928375244
2026-04-07T12:23:25.463,radio://0/80/2M,flow,1,2,Scan,4382,0,0,0,0.0,0,0,0.0,0.0,102697,0,-5,0.7982590794563293,0.11162106692790985,0.0201279167085886,0.0,0.0,32766,2308,32766,1607,2113,3.1302053928375244
2026-04-07T12:23:25.464,radio://0/80/2M,range,1,2,Scan,4382,0,0,0,0.0,0,0,0.0,0.0,102697,0,-5,0.7982590794563293,0.11162106692790985,0.0201279167085886,0.0,0.0,32766,32766,32766,1841,2114,3.1407625675201416
2026-04-07T12:23:25.709,radio://0/80/2M,mission,1,2,Scan,4382,0,0,0,0.0,0,0,0.0,0.0,102697,0,-5,0.8028578758239746,0.11162106692790985,0.0201279167085886,0.0,0.0,32766,32766,32766,1841,2114,3.1407625675201416
2026-04-07T12:23:25.712,radio://0/80/2M,flow,1,2,Scan,4382,0,0,0,0.0,0,0,0.0,0.0,102947,0,-2,0.8028578758239746,0.12224607169628143,-0.008374659344553947,0.0,0.0,32766,32766,32766,1841,2114,3.1407625675201416
2026-04-07T12:23:25.714,radio://0/80/2M,range,1,2,Scan,4382,0,0,0,0.0,0,0,0.0,0.0,102947,0,-2,0.8028578758239746,0.12224607169628143,-0.008374659344553947,0.0,0.0,32766,2452,32766,2701,2114,3.151319742202759
2026-04-07T12:23:25.959,radio://0/80/2M,mission,1,2,Scan,4382,0,0,0,0.0,0,0,0.0,0.0,102947,0,-2,0.8036506772041321,0.12224607169628143,-0.008374659344553947,0.0,0.0,32766,2452,32766,2701,2114,3.151319742202759
2026-04-07T12:23:25.962,radio://0/80/2M,flow,1,2,Scan,4382,0,0,0,0.0,0,0,0.0,0.0,103197,-2,0,0.8036506772041321,0.1660606861114502,-0.0552091971039772,0.0,0.0,32766,2452,32766,2701,2114,3.151319742202759
2026-04-07T12:23:25.963,radio://0/80/2M,range,1,2,Scan,4382,0,0,0,0.0,0,0,0.0,0.0,103197,-2,0,0.8036506772041321,0.1660606861114502,-0.0552091971039772,0.0,0.0,32766,1987,1701,32766,2109,3.135483980178833
2026-04-07T12:23:26.209,radio://0/80/2M,mission,1,2,Scan,4382,0,0,0,0.0,0,0,0.0,0.0,103197,-2,0,0.800406277179718,0.1660606861114502,-0.0552091971039772,0.0,0.0,32766,1987,1701,32766,2109,3.135483980178833
2026-04-07T12:23:26.212,radio://0/80/2M,flow,1,2,Scan,4382,0,0,0,0.0,0,0,0.0,0.0,103447,0,1,0.800406277179718,0.1766834557056427,-0.11380361020565033,0.0,0.0,32766,1987,1701,32766,2109,3.135483980178833
2026-04-07T12:23:26.213,radio://0/80/2M,range,1,2,Scan,4382,0,0,0,0.0,0,0,0.0,0.0,103447,0,1,0.800406277179718,0.1766834557056427,-0.11380361020565033,0.0,0.0,2443,1712,2200,32766,2110,3.1302053928375244
2026-04-07T12:23:26.459,radio://0/80/2M,mission,1,2,Scan,4382,0,0,0,0.0,0,0,0.0,0.0,103447,0,1,0.7998505234718323,0.1766834557056427,-0.11380361020565033,0.0,0.0,2443,1712,2200,32766,2110,3.1302053928375244
2026-04-07T12:23:26.461,radio://0/80/2M,flow,1,2,Scan,4382,0,0,0,0.0,0,0,0.0,0.0,103697,-1,-1,0.7998505234718323,0.20097766816616058,-0.02367987297475338,0.0,0.0,2443,1712,2200,32766,2110,3.1302053928375244
2026-04-07T12:23:26.462,radio://0/80/2M,range,1,2,Scan,4382,0,0,0,0.0,0,0,0.0,0.0,103697,-1,-1,0.7998505234718323,0.20097766816616058,-0.02367987297475338,0.0,0.0,2487,1519,2191,32766,2110,3.135483980178833
2026-04-07T12:23:26.709,radio://0/80/2M,mission,1,2,Scan,4382,0,0,0,0.0,0,0,0.0,0.0,103697,-1,-1,0.8003131747245789,0.20097766816616058,-0.02367987297475338,0.0,0.0,2487,1519,2191,32766,2110,3.135483980178833
2026-04-07T12:23:26.712,radio://0/80/2M,flow,1,2,Scan,4382,0,0,0,0.0,0,0,0.0,0.0,103947,-2,0,0.8003131747245789,0.14775805175304413,0.07620153576135635,0.0,0.0,2487,1519,2191,32766,2110,3.135483980178833
2026-04-07T12:23:26.713,radio://0/80/2M,range,1,2,Scan,4382,0,0,0,0.0,0,0,0.0,0.0,103947,-2,0,0.8003131747245789,0.14775805175304413,0.07620153576135635,0.0,0.0,2355,1467,2055,32766,2115,3.1302053928375244
2026-04-07T12:23:26.958,radio://0/80/2M,mission,1,2,Scan,4382,0,0,0,0.0,0,0,0.0,0.0,103947,-2,0,0.7957012057304382,0.14775805175304413,0.07620153576135635,0.0,0.0,2355,1467,2055,32766,2115,3.1302053928375244
2026-04-07T12:23:26.961,radio://0/80/2M,flow,1,2,Scan,4382,0,0,0,0.0,0,0,0.0,0.0,104197,2,-3,0.7957012057304382,0.11243996024131775,0.13523487746715546,0.0,0.0,2355,1467,2055,32766,2115,3.1302053928375244
2026-04-07T12:23:26.962,radio://0/80/2M,range,1,2,Scan,4382,0,0,0,0.0,0,0,0.0,0.0,104197,2,-3,0.7957012057304382,0.11243996024131775,0.13523487746715546,0.0,0.0,1492,1434,32766,32766,2112,3.124926805496216
2026-04-07T12:23:27.209,radio://0/80/2M,mission,1,2,Scan,4382,0,0,0,0.0,0,0,0.0,0.0,104197,2,-3,0.7985267639160156,0.11243996024131775,0.13523487746715546,0.0,0.0,1492,1434,32766,32766,2112,3.124926805496216
2026-04-07T12:23:27.210,radio://0/80/2M,flow,1,2,Scan,4382,0,0,0,0.0,0,0,0.0,0.0,104447,0,0,0.7985267639160156,0.11195019632577896,0.14536204934120178,0.0,0.0,1492,1434,32766,32766,2112,3.124926805496216
2026-04-07T12:23:27.211,radio://0/80/2M,range,1,2,Scan,4382,0,0,0,0.0,0,0,0.0,0.0,104447,0,0,0.7985267639160156,0.11195019632577896,0.14536204934120178,0.0,0.0,1495,1416,32766,32766,2115,3.1407625675201416
2026-04-07T12:23:27.457,radio://0/80/2M,mission,1,2,Scan,4382,0,0,0,0.0,0,0,0.0,0.0,104447,0,0,0.7991344332695007,0.11195019632577896,0.14536204934120178,0.0,0.0,1495,1416,32766,32766,2115,3.1407625675201416
2026-04-07T12:23:27.460,radio://0/80/2M,flow,1,2,Scan,4382,0,0,0,0.0,0,0,0.0,0.0,104697,3,0,0.7991344332695007,0.055526282638311386,0.1740635484457016,0.0,0.0,1495,1416,32766,32766,2115,3.1407625675201416
2026-04-07T12:23:27.462,radio://0/80/2M,range,1,2,Scan,4382,0,0,0,0.0,0,0,0.0,0.0,104697,3,0,0.7991344332695007,0.055526282638311386,0.1740635484457016,0.0,0.0,1986,1453,32766,32766,2113,3.135483980178833
2026-04-07T12:23:27.707,radio://0/80/2M,mission,1,2,Scan,4382,0,0,0,0.0,0,0,0.0,0.0,104697,3,0,0.7973308563232422,0.055526282638311386,0.1740635484457016,0.0,0.0,1986,1453,32766,32766,2113,3.135483980178833
2026-04-07T12:23:27.710,radio://0/80/2M,flow,1,2,Scan,4382,0,0,0,0.0,0,0,0.0,0.0,104947,0,0,0.7973308563232422,0.15336737036705017,0.13419193029403687,0.0,0.0,1986,1453,32766,32766,2113,3.135483980178833
2026-04-07T12:23:27.711,radio://0/80/2M,range,1,2,Scan,4382,0,0,0,0.0,0,0,0.0,0.0,104947,0,0,0.7973308563232422,0.15336737036705017,0.13419193029403687,0.0,0.0,2029,1514,32766,32766,2115,3.1302053928375244
2026-04-07T12:23:27.958,radio://0/80/2M,mission,1,2,Scan,4382,0,0,0,0.0,0,0,0.0,0.0,104947,0,0,0.7970637083053589,0.15336737036705017,0.13419193029403687,0.0,0.0,2029,1514,32766,32766,2115,3.1302053928375244
2026-04-07T12:23:27.960,radio://0/80/2M,flow,1,2,Scan,4382,0,0,0,0.0,0,0,0.0,0.0,105197,0,0,0.7970637083053589,0.18247947096824646,0.08850099891424179,0.0,0.0,2029,1514,32766,32766,2115,3.1302053928375244
2026-04-07T12:23:27.961,radio://0/80/2M,range,1,2,Scan,4382,0,0,0,0.0,0,0,0.0,0.0,105197,0,0,0.7970637083053589,0.18247947096824646,0.08850099891424179,0.0,0.0,2348,1651,32766,32766,2106,3.135483980178833
2026-04-07T12:23:28.207,radio://0/80/2M,mission,1,2,Scan,4382,0,0,0,0.0,0,0,0.0,0.0,105197,0,0,0.7999812960624695,0.18247947096824646,0.08850099891424179,0.0,0.0,2348,1651,32766,32766,2106,3.135483980178833
2026-04-07T12:23:28.210,radio://0/80/2M,flow,1,2,Scan,4109,0,0,0,0.0,0,0,0.0,0.0,105447,1,0,0.7999812960624695,0.0027042406145483255,0.11942269653081894,0.0,0.0,2348,1651,32766,32766,2106,3.135483980178833
2026-04-07T12:23:28.211,radio://0/80/2M,range,1,2,Scan,4109,0,0,0,0.0,0,0,0.0,0.0,105447,1,0,0.7999812960624695,0.0027042406145483255,0.11942269653081894,0.0,0.0,2633,32766,32766,32766,2114,3.1302053928375244
2026-04-07T12:23:28.457,radio://0/80/2M,mission,1,2,Scan,4109,0,0,0,0.0,0,0,0.0,0.0,105447,1,0,0.7908133864402771,0.0027042406145483255,0.11942269653081894,0.0,0.0,2633,32766,32766,32766,2114,3.1302053928375244
2026-04-07T12:23:28.460,radio://0/80/2M,flow,1,2,Scan,4365,0,0,0,0.0,0,0,0.0,0.0,105697,2,3,0.7908133864402771,-0.15466170012950897,0.09153875708580017,0.0,0.0,2633,32766,32766,32766,2114,3.1302053928375244
2026-04-07T12:23:28.461,radio://0/80/2M,range,1,2,Scan,4365,0,0,0,0.0,0,0,0.0,0.0,105697,2,3,0.7908133864402771,-0.15466170012950897,0.09153875708580017,0.0,0.0,32766,32766,32766,1183,2122,3.1196482181549072
2026-04-07T12:23:28.707,radio://0/80/2M,mission,1,2,Scan,4365,0,0,0,0.0,0,0,0.0,0.0,105697,2,3,0.7916947603225708,-0.15466170012950897,0.09153875708580017,0.0,0.0,32766,32766,32766,1183,2122,3.1196482181549072
2026-04-07T12:23:28.710,radio://0/80/2M,flow,1,2,Scan,4365,0,0,0,0.0,0,0,0.0,0.0,105947,0,0,0.7916947603225708,-0.09441614151000977,0.11479829996824265,0.0,0.0,32766,32766,32766,1183,2122,3.1196482181549072
2026-04-07T12:23:28.711,radio://0/80/2M,range,1,2,Scan,4365,0,0,0,0.0,0,0,0.0,0.0,105947,0,0,0.7916947603225708,-0.09441614151000977,0.11479829996824265,0.0,0.0,32766,32766,2535,32766,2118,3.1302053928375244
2026-04-07T12:23:28.957,radio://0/80/2M,mission,1,2,Scan,4365,0,0,0,0.0,0,0,0.0,0.0,105947,0,0,0.8006525039672852,-0.09441614151000977,0.11479829996824265,0.0,0.0,32766,32766,2535,32766,2118,3.1302053928375244
2026-04-07T12:23:28.961,radio://0/80/2M,flow,1,2,Scan,4365,0,0,0,0.0,0,0,0.0,0.0,106197,-1,0,0.8006525039672852,0.015343151986598969,0.12993520498275757,0.0,0.0,32766,32766,2535,32766,2118,3.1302053928375244
2026-04-07T12:23:28.962,radio://0/80/2M,range,1,2,Scan,4365,0,0,0,0.0,0,0,0.0,0.0,106197,-1,0,0.8006525039672852,0.015343151986598969,0.12993520498275757,0.0,0.0,1546,32766,2549,2179,2110,3.1407625675201416
2026-04-07T12:23:29.206,radio://0/80/2M,mission,1,5,Transition,4365,0,0,0,0.0,0,0,0.0,0.0,106197,-1,0,0.7980123162269592,0.015343151986598969,0.12993520498275757,0.0,0.0,1546,32766,2549,2179,2110,3.1407625675201416
2026-04-07T12:23:29.209,radio://0/80/2M,flow,1,5,Transition,4365,0,0,0,0.0,0,0,0.0,0.0,106447,0,0,0.7980123162269592,0.0057685235515236855,0.022467389702796936,0.0,0.0,1546,32766,2549,2179,2110,3.1407625675201416
2026-04-07T12:23:29.211,radio://0/80/2M,range,1,5,Transition,4365,0,0,0,0.0,0,0,0.0,0.0,106447,0,0,0.7980123162269592,0.0057685235515236855,0.022467389702796936,0.0,0.0,1510,32766,2597,2144,2117,3.1302053928375244
2026-04-07T12:23:29.457,radio://0/80/2M,mission,1,0,Reacquire Wall,4365,0,0,0,0.0,0,0,0.0,0.0,106447,0,0,0.7978418469429016,0.0057685235515236855,0.022467389702796936,0.0,0.0,1510,32766,2597,2144,2117,3.1302053928375244
2026-04-07T12:23:29.460,radio://0/80/2M,flow,1,0,Reacquire Wall,4365,0,0,0,0.0,0,0,0.0,0.0,106697,5,4,0.7978418469429016,0.0161468293517828,-0.03952665627002716,0.20000000298023224,0.0,1510,32766,2597,2144,2117,3.1302053928375244
2026-04-07T12:23:29.461,radio://0/80/2M,range,1,0,Reacquire Wall,4365,0,0,0,0.0,0,0,0.0,0.0,106697,5,4,0.7978418469429016,0.0161468293517828,-0.03952665627002716,0.20000000298023224,0.0,1446,32766,2604,2153,2107,3.135483980178833
2026-04-07T12:23:29.706,radio://0/80/2M,mission,1,0,Reacquire Wall,4365,0,0,0,0.0,0,0,0.0,0.0,106697,5,4,0.7996281385421753,0.0161468293517828,-0.03952665627002716,0.20000000298023224,0.0,1446,32766,2604,2153,2107,3.135483980178833
2026-04-07T12:23:29.709,radio://0/80/2M,flow,1,0,Reacquire Wall,4365,0,0,0,0.0,0,0,0.0,0.0,106947,3,-4,0.7996281385421753,0.10550455003976822,-0.07689367979764938,0.20000000298023224,0.0,1446,32766,2604,2153,2107,3.135483980178833
2026-04-07T12:23:29.710,radio://0/80/2M,range,1,0,Reacquire Wall,4365,0,0,0,0.0,0,0,0.0,0.0,106947,3,-4,0.7996281385421753,0.10550455003976822,-0.07689367979764938,0.20000000298023224,0.0,1402,32766,2655,2179,2111,3.135483980178833
2026-04-07T12:23:29.956,radio://0/80/2M,mission,1,0,Reacquire Wall,4365,0,0,0,0.0,0,0,0.0,0.0,106947,3,-4,0.7992362976074219,0.10550455003976822,-0.07689367979764938,0.20000000298023224,0.0,1402,32766,2655,2179,2111,3.135483980178833
2026-04-07T12:23:29.959,radio://0/80/2M,flow,1,0,Reacquire Wall,4637,0,0,0,0.0,0,0,0.0,0.0,107197,-4,-5,0.7992362976074219,0.2544751763343811,-0.07694316655397415,0.20000000298023224,0.0,1402,32766,2655,2179,2111,3.135483980178833
2026-04-07T12:23:29.960,radio://0/80/2M,range,1,0,Reacquire Wall,4637,0,0,0,0.0,0,0,0.0,0.0,107197,-4,-5,0.7992362976074219,0.2544751763343811,-0.07694316655397415,0.20000000298023224,0.0,1300,32766,2740,2216,2113,3.1407625675201416
2026-04-07T12:23:30.207,radio://0/80/2M,mission,1,0,Reacquire Wall,4637,0,0,0,0.0,0,0,0.0,0.0,107197,-4,-5,0.812640905380249,0.2544751763343811,-0.07694316655397415,0.20000000298023224,0.0,1300,32766,2740,2216,2113,3.1407625675201416
2026-04-07T12:23:30.208,radio://0/80/2M,flow,1,0,Reacquire Wall,4348,0,0,0,0.0,0,0,0.0,0.0,107447,-3,-7,0.812640905380249,0.23773294687271118,-0.09189148247241974,0.20000000298023224,0.0,1300,32766,2740,2216,2113,3.1407625675201416
2026-04-07T12:23:30.209,radio://0/80/2M,range,1,0,Reacquire Wall,4348,0,0,0,0.0,0,0,0.0,0.0,107447,-3,-7,0.812640905380249,0.23773294687271118,-0.09189148247241974,0.20000000298023224,0.0,1238,32766,2774,2210,2111,3.14604115486145
2026-04-07T12:23:30.456,radio://0/80/2M,mission,1,0,Reacquire Wall,4348,0,0,0,0.0,0,0,0.0,0.0,107447,-3,-7,0.7980585098266602,0.23773294687271118,-0.09189148247241974,0.20000000298023224,0.0,1238,32766,2774,2210,2111,3.14604115486145
2026-04-07T12:23:30.459,radio://0/80/2M,flow,1,0,Reacquire Wall,4077,0,0,0,0.0,0,0,0.0,0.0,107697,0,0,0.7980585098266602,0.1874745488166809,-0.10765983909368515,0.20000000298023224,0.0,1238,32766,2774,2210,2111,3.14604115486145
2026-04-07T12:23:30.460,radio://0/80/2M,range,1,0,Reacquire Wall,4077,0,0,0,0.0,0,0,0.0,0.0,107697,0,0,0.7980585098266602,0.1874745488166809,-0.10765983909368515,0.20000000298023224,0.0,1143,32766,2814,32766,2135,3.1143696308135986
2026-04-07T12:23:30.705,radio://0/80/2M,mission,1,0,Reacquire Wall,4077,0,0,0,0.0,0,0,0.0,0.0,107697,0,0,0.7839183807373047,0.1874745488166809,-0.10765983909368515,0.20000000298023224,0.0,1143,32766,2814,32766,2135,3.1143696308135986
2026-04-07T12:23:30.708,radio://0/80/2M,flow,1,0,Reacquire Wall,4077,0,0,0,0.0,0,0,0.0,0.0,107947,0,0,0.7839183807373047,0.1734595149755478,-0.11443351954221725,0.20000000298023224,0.0,1143,32766,2814,32766,2135,3.1143696308135986
2026-04-07T12:23:30.709,radio://0/80/2M,range,1,0,Reacquire Wall,4077,0,0,0,0.0,0,0,0.0,0.0,107947,0,0,0.7839183807373047,0.1734595149755478,-0.11443351954221725,0.20000000298023224,0.0,1091,32766,2851,1151,2147,3.0932552814483643
2026-04-07T12:23:30.956,radio://0/80/2M,mission,1,0,Reacquire Wall,4077,0,0,0,0.0,0,0,0.0,0.0,107947,0,0,0.7886402010917664,0.1734595149755478,-0.11443351954221725,0.20000000298023224,0.0,1091,32766,2851,1151,2147,3.0932552814483643
2026-04-07T12:23:30.957,radio://0/80/2M,flow,1,0,Reacquire Wall,4077,0,0,0,0.0,0,0,0.0,0.0,108197,-1,-1,0.7886402010917664,0.16689690947532654,-0.11448955535888672,0.20000000298023224,0.0,1091,32766,2851,1151,2147,3.0932552814483643
2026-04-07T12:23:30.958,radio://0/80/2M,range,1,0,Reacquire Wall,4077,0,0,0,0.0,0,0,0.0,0.0,108197,-1,-1,0.7886402010917664,0.16689690947532654,-0.11448955535888672,0.20000000298023224,0.0,1027,32766,2862,32766,2140,3.1143696308135986
2026-04-07T12:23:31.205,radio://0/80/2M,mission,1,0,Reacquire Wall,4077,0,0,0,0.0,0,0,0.0,0.0,108197,-1,-1,0.7914729714393616,0.16689690947532654,-0.11448955535888672,0.20000000298023224,0.0,1027,32766,2862,32766,2140,3.1143696308135986
2026-04-07T12:23:31.208,radio://0/80/2M,flow,1,0,Reacquire Wall,4077,0,0,0,0.0,0,0,0.0,0.0,108447,0,-1,0.7914729714393616,0.155935600399971,-0.11705461144447327,0.0,0.0,1027,32766,2862,32766,2140,3.1143696308135986
2026-04-07T12:23:31.209,radio://0/80/2M,range,1,0,Reacquire Wall,4077,0,0,0,0.0,0,0,0.0,0.0,108447,0,-1,0.7914729714393616,0.155935600399971,-0.11705461144447327,0.0,0.0,988,32766,32766,32766,2144,3.0879766941070557
2026-04-07T12:23:31.455,radio://0/80/2M,mission,1,0,Reacquire Wall,4077,0,0,0,0.0,0,0,0.0,0.0,108447,0,-1,0.7966398596763611,0.155935600399971,-0.11705461144447327,0.0,0.0,988,32766,32766,32766,2144,3.0879766941070557
2026-04-07T12:23:31.459,radio://0/80/2M,flow,1,0,Reacquire Wall,3823,0,0,0,0.0,0,0,0.0,0.0,108697,0,0,0.7966398596763611,0.04889964684844017,-0.033702552318573,0.0,0.0,988,32766,32766,32766,2144,3.0879766941070557
2026-04-07T12:23:31.460,radio://0/80/2M,range,1,0,Reacquire Wall,3823,0,0,0,0.0,0,0,0.0,0.0,108697,0,0,0.7966398596763611,0.04889964684844017,-0.033702552318573,0.0,0.0,959,32766,2860,32766,2146,3.0932552814483643
2026-04-07T12:23:31.705,radio://0/80/2M,mission,1,0,Reacquire Wall,3823,0,0,0,0.0,0,0,0.0,0.0,108697,0,0,0.7960704565048218,0.04889964684844017,-0.033702552318573,0.0,0.0,959,32766,2860,32766,2146,3.0932552814483643
2026-04-07T12:23:31.708,radio://0/80/2M,flow,1,0,Reacquire Wall,3823,0,0,0,0.0,0,0,0.0,0.0,108947,0,0,0.7960704565048218,-0.055984657257795334,0.05075565725564957,0.0,0.0,959,32766,2860,32766,2146,3.0932552814483643
2026-04-07T12:23:31.709,radio://0/80/2M,range,1,0,Reacquire Wall,3823,0,0,0,0.0,0,0,0.0,0.0,108947,0,0,0.7960704565048218,-0.055984657257795334,0.05075565725564957,0.0,0.0,966,32766,32766,32766,2134,3.082698106765747
2026-04-07T12:23:31.956,radio://0/80/2M,mission,1,0,Reacquire Wall,3823,0,0,0,0.0,0,0,0.0,0.0,108947,0,0,0.799325704574585,-0.055984657257795334,0.05075565725564957,0.0,0.0,966,32766,32766,32766,2134,3.082698106765747
2026-04-07T12:23:31.958,radio://0/80/2M,flow,1,0,Reacquire Wall,3823,0,0,0,0.0,0,0,0.0,0.0,109197,0,0,0.799325704574585,-0.053242333233356476,0.059761643409729004,0.0,0.0,966,32766,32766,32766,2134,3.082698106765747
2026-04-07T12:23:31.959,radio://0/80/2M,range,1,0,Reacquire Wall,3823,0,0,0,0.0,0,0,0.0,0.0,109197,0,0,0.799325704574585,-0.053242333233356476,0.059761643409729004,0.0,0.0,1074,32766,32766,32766,2135,3.0932552814483643
2026-04-07T12:23:32.205,radio://0/80/2M,mission,1,0,Reacquire Wall,3823,0,0,0,0.0,0,0,0.0,0.0,109197,0,0,0.8043184280395508,-0.053242333233356476,0.059761643409729004,0.0,0.0,1074,32766,32766,32766,2135,3.0932552814483643
2026-04-07T12:23:32.206,radio://0/80/2M,flow,1,0,Reacquire Wall,3823,0,0,0,0.0,0,0,0.0,0.0,109447,0,0,0.8043184280395508,-0.022230105474591255,-0.0009005676256492734,0.0,0.0,1074,32766,32766,32766,2135,3.0932552814483643
2026-04-07T12:23:32.208,radio://0/80/2M,range,1,0,Reacquire Wall,3823,0,0,0,0.0,0,0,0.0,0.0,109447,0,0,0.8043184280395508,-0.022230105474591255,-0.0009005676256492734,0.0,0.0,1126,2251,32766,32766,2128,3.10909104347229
2026-04-07T12:23:32.455,radio://0/80/2M,mission,1,0,Reacquire Wall,3823,0,0,0,0.0,0,0,0.0,0.0,109447,0,0,0.8066743016242981,-0.022230105474591255,-0.0009005676256492734,0.0,0.0,1126,2251,32766,32766,2128,3.10909104347229
2026-04-07T12:23:32.458,radio://0/80/2M,flow,1,0,Reacquire Wall,3823,0,0,0,0.0,0,0,0.0,0.0,109697,0,0,0.8066743016242981,0.00827735010534525,-0.027269192039966583,0.0,0.0,1126,2251,32766,32766,2128,3.10909104347229
2026-04-07T12:23:32.459,radio://0/80/2M,range,1,0,Reacquire Wall,3823,0,0,0,0.0,0,0,0.0,0.0,109697,0,0,0.8066743016242981,0.00827735010534525,-0.027269192039966583,0.0,0.0,1195,32766,32766,32766,2129,3.1143696308135986
2026-04-07T12:23:32.704,radio://0/80/2M,mission,1,0,Reacquire Wall,3823,0,0,0,0.0,0,0,0.0,0.0,109697,0,0,0.8028708100318909,0.00827735010534525,-0.027269192039966583,0.0,0.0,1195,32766,32766,32766,2129,3.1143696308135986
2026-04-07T12:23:32.706,radio://0/80/2M,flow,1,0,Reacquire Wall,3823,0,0,0,0.0,0,0,0.0,0.0,109947,-1,0,0.8028708100318909,0.044568613171577454,0.0401139073073864,0.0,0.0,1195,32766,32766,32766,2129,3.1143696308135986
2026-04-07T12:23:32.709,radio://0/80/2M,range,1,0,Reacquire Wall,3823,0,0,0,0.0,0,0,0.0,0.0,109947,-1,0,0.8028708100318909,0.044568613171577454,0.0401139073073864,0.0,0.0,1293,1168,32766,32766,2127,3.0932552814483643
2026-04-07T12:23:32.953,radio://0/80/2M,mission,1,0,Reacquire Wall,3823,0,0,0,0.0,0,0,0.0,0.0,109947,-1,0,0.7954676747322083,0.044568613171577454,0.0401139073073864,0.0,0.0,1293,1168,32766,32766,2127,3.0932552814483643
2026-04-07T12:23:32.956,radio://0/80/2M,flow,1,0,Reacquire Wall,3823,0,0,0,0.0,0,0,0.0,0.0,110197,0,0,0.7954676747322083,0.013257461600005627,0.056047745048999786,0.0,0.0,1293,1168,32766,32766,2127,3.0932552814483643
2026-04-07T12:23:32.957,radio://0/80/2M,range,1,0,Reacquire Wall,3823,0,0,0,0.0,0,0,0.0,0.0,110197,0,0,0.7954676747322083,0.013257461600005627,0.056047745048999786,0.0,0.0,1517,1057,32766,32766,2139,3.1038124561309814
2026-04-07T12:23:33.203,radio://0/80/2M,mission,1,0,Reacquire Wall,3823,0,0,0,0.0,0,0,0.0,0.0,110197,0,0,0.7987446188926697,0.013257461600005627,0.056047745048999786,0.0,0.0,1517,1057,32766,32766,2139,3.1038124561309814
2026-04-07T12:23:33.206,radio://0/80/2M,flow,1,0,Reacquire Wall,3823,0,0,0,0.0,0,0,0.0,0.0,110447,0,-1,0.7987446188926697,-0.03846185654401779,0.012044603005051613,0.0,0.0,1517,1057,32766,32766,2139,3.1038124561309814
2026-04-07T12:23:33.207,radio://0/80/2M,range,1,0,Reacquire Wall,3823,0,0,0,0.0,0,0,0.0,0.0,110447,0,-1,0.7987446188926697,-0.03846185654401779,0.012044603005051613,0.0,0.0,32766,1049,32766,32766,2135,3.124926805496216
2026-04-07T12:23:33.455,radio://0/80/2M,mission,1,0,Reacquire Wall,3823,0,0,0,0.0,0,0,0.0,0.0,110447,0,-1,0.8027982115745544,-0.03846185654401779,0.012044603005051613,0.0,0.0,32766,1049,32766,32766,2135,3.124926805496216
2026-04-07T12:23:33.457,radio://0/80/2M,flow,1,0,Reacquire Wall,3823,0,0,0,0.0,0,0,0.0,0.0,110697,0,-1,0.8027982115745544,-0.0379723459482193,-0.008955717086791992,0.0,0.0,32766,1049,32766,32766,2135,3.124926805496216
2026-04-07T12:23:33.458,radio://0/80/2M,range,1,0,Reacquire Wall,3823,0,0,0,0.0,0,0,0.0,0.0,110697,0,-1,0.8027982115745544,-0.0379723459482193,-0.008955717086791992,0.0,0.0,32766,1056,32766,32766,2126,3.1407625675201416
2026-04-07T12:23:33.705,radio://0/80/2M,mission,1,0,Reacquire Wall,3823,0,0,0,0.0,0,0,0.0,0.0,110697,0,-1,0.8011560440063477,-0.0379723459482193,-0.008955717086791992,0.0,0.0,32766,1056,32766,32766,2126,3.1407625675201416
2026-04-07T12:23:33.706,radio://0/80/2M,flow,1,0,Reacquire Wall,4061,0,0,0,0.0,0,0,0.0,0.0,110947,0,0,0.8011560440063477,-0.03647323697805405,-0.002800303278490901,0.0,0.0,32766,1056,32766,32766,2126,3.1407625675201416
2026-04-07T12:23:33.707,radio://0/80/2M,range,1,0,Reacquire Wall,4061,0,0,0,0.0,0,0,0.0,0.0,110947,0,0,0.8011560440063477,-0.03647323697805405,-0.002800303278490901,0.0,0.0,32766,1056,32766,32766,2128,3.1143696308135986
2026-04-07T12:23:33.954,radio://0/80/2M,mission,1,0,Reacquire Wall,4061,0,0,0,0.0,0,0,0.0,0.0,110947,0,0,0.7946165204048157,-0.03647323697805405,-0.002800303278490901,0.0,0.0,32766,1056,32766,32766,2128,3.1143696308135986
2026-04-07T12:23:33.955,radio://0/80/2M,flow,1,0,Reacquire Wall,4061,0,0,0,0.0,0,0,0.0,0.0,111197,0,1,0.7946165204048157,0.0062334490939974785,0.03190097585320473,0.0,0.0,32766,1056,32766,32766,2128,3.1143696308135986
2026-04-07T12:23:33.957,radio://0/80/2M,range,1,0,Reacquire Wall,4061,0,0,0,0.0,0,0,0.0,0.0,111197,0,1,0.7946165204048157,0.0062334490939974785,0.03190097585320473,0.0,0.0,2162,1050,32766,32766,2135,3.098533868789673
2026-04-07T12:23:34.202,radio://0/80/2M,mission,1,0,Reacquire Wall,4061,0,0,0,0.0,0,0,0.0,0.0,111197,0,1,0.7967889308929443,0.0062334490939974785,0.03190097585320473,0.0,0.0,2162,1050,32766,32766,2135,3.098533868789673
2026-04-07T12:23:34.205,radio://0/80/2M,flow,1,0,Reacquire Wall,4061,0,0,0,0.0,0,0,0.0,0.0,111447,-2,0,0.7967889308929443,0.0011467239819467068,0.017652546986937523,0.0,0.0,2162,1050,32766,32766,2135,3.098533868789673
2026-04-07T12:23:34.206,radio://0/80/2M,range,1,0,Reacquire Wall,4061,0,0,0,0.0,0,0,0.0,0.0,111447,-2,0,0.7967889308929443,0.0011467239819467068,0.017652546986937523,0.0,0.0,2364,1019,32766,32766,2144,3.0879766941070557
2026-04-07T12:23:34.453,radio://0/80/2M,mission,1,0,Reacquire Wall,4061,0,0,0,0.0,0,0,0.0,0.0,111447,-2,0,0.8028993010520935,0.0011467239819467068,0.017652546986937523,0.0,0.0,2364,1019,32766,32766,2144,3.0879766941070557
2026-04-07T12:23:34.456,radio://0/80/2M,flow,1,0,Reacquire Wall,4061,0,0,0,0.0,0,0,0.0,0.0,111697,0,1,0.8028993010520935,0.035129789263010025,0.035826295614242554,0.0,0.0,2364,1019,32766,32766,2144,3.0879766941070557
2026-04-07T12:23:34.457,radio://0/80/2M,range,1,0,Reacquire Wall,4061,0,0,0,0.0,0,0,0.0,0.0,111697,0,1,0.8028993010520935,0.035129789263010025,0.035826295614242554,0.0,0.0,2354,969,32766,32766,2128,3.0879766941070557
2026-04-07T12:23:34.703,radio://0/80/2M,mission,1,0,Reacquire Wall,4061,0,0,0,0.0,0,0,0.0,0.0,111697,0,1,0.8031817674636841,0.035129789263010025,0.035826295614242554,0.0,0.0,2354,969,32766,32766,2128,3.0879766941070557
2026-04-07T12:23:34.704,radio://0/80/2M,flow,1,0,Reacquire Wall,4061,0,0,0,0.0,0,0,0.0,0.0,111947,0,0,0.8031817674636841,0.011773833073675632,-0.0054628620855510235,0.0,0.0,2354,969,32766,32766,2128,3.0879766941070557
2026-04-07T12:23:34.705,radio://0/80/2M,range,1,0,Reacquire Wall,4061,0,0,0,0.0,0,0,0.0,0.0,111947,0,0,0.8031817674636841,0.011773833073675632,-0.0054628620855510235,0.0,0.0,2282,960,2534,32766,2123,3.082698106765747
2026-04-07T12:23:34.953,radio://0/80/2M,mission,1,0,Reacquire Wall,4061,0,0,0,0.0,0,0,0.0,0.0,111947,0,0,0.8032131791114807,0.011773833073675632,-0.0054628620855510235,0.0,0.0,2282,960,2534,32766,2123,3.082698106765747
2026-04-07T12:23:34.954,radio://0/80/2M,flow,1,0,Reacquire Wall,4314,0,0,0,0.0,0,0,0.0,0.0,112197,2,0,0.8032131791114807,-0.045494258403778076,0.04280687868595123,0.0,0.0,2282,960,2534,32766,2123,3.082698106765747
2026-04-07T12:23:34.955,radio://0/80/2M,range,1,0,Reacquire Wall,4314,0,0,0,0.0,0,0,0.0,0.0,112197,2,0,0.8032131791114807,-0.045494258403778076,0.04280687868595123,0.0,0.0,2124,985,2443,32766,2127,3.0774195194244385
2026-04-07T12:23:35.201,radio://0/80/2M,mission,1,5,Transition,4314,0,0,0,0.0,0,0,0.0,0.0,112197,2,0,0.8020416498184204,-0.045494258403778076,0.04280687868595123,0.0,0.0,2124,985,2443,32766,2127,3.0774195194244385
2026-04-07T12:23:35.204,radio://0/80/2M,flow,1,5,Transition,4314,0,0,0,0.0,0,0,0.0,0.0,112447,2,0,0.8020416498184204,-0.05903070420026779,0.002940851030871272,0.0,0.0,2124,985,2443,32766,2127,3.0774195194244385
2026-04-07T12:23:35.205,radio://0/80/2M,range,1,5,Transition,4314,0,0,0,0.0,0,0,0.0,0.0,112447,2,0,0.8020416498184204,-0.05903070420026779,0.002940851030871272,0.0,0.0,2101,1014,2281,32766,2129,3.0932552814483643
2026-04-07T12:23:35.452,radio://0/80/2M,mission,1,1,Wall Follow,4314,0,0,0,0.0,0,0,0.0,0.0,112447,2,0,0.8016526103019714,-0.05903070420026779,0.002940851030871272,0.0,0.0,2101,1014,2281,32766,2129,3.0932552814483643
2026-04-07T12:23:35.455,radio://0/80/2M,flow,1,1,Wall Follow,4583,0,0,0,0.0,0,0,0.0,0.0,112697,0,0,0.8016526103019714,-0.03649584576487541,-0.02528049610555172,0.0,0.0,2101,1014,2281,32766,2129,3.0932552814483643
2026-04-07T12:23:35.456,radio://0/80/2M,range,1,1,Wall Follow,4583,0,0,0,0.0,0,0,0.0,0.0,112697,0,0,0.8016526103019714,-0.03649584576487541,-0.02528049610555172,0.0,0.0,1765,1068,32766,32766,2127,3.1143696308135986
2026-04-07T12:23:35.702,radio://0/80/2M,mission,1,1,Wall Follow,4583,0,0,0,0.0,0,0,0.0,0.0,112697,0,0,0.8036244511604309,-0.03649584576487541,-0.02528049610555172,0.0,0.0,1765,1068,32766,32766,2127,3.1143696308135986
2026-04-07T12:23:35.704,radio://0/80/2M,flow,1,1,Wall Follow,4583,0,0,0,0.0,0,0,0.0,0.0,112947,0,0,0.8036244511604309,-0.01859194040298462,-0.08774325251579285,0.20000000298023224,0.10000000149011612,1765,1068,32766,32766,2127,3.1143696308135986
2026-04-07T12:23:35.705,radio://0/80/2M,range,1,1,Wall Follow,4583,0,0,0,0.0,0,0,0.0,0.0,112947,0,0,0.8036244511604309,-0.01859194040298462,-0.08774325251579285,0.20000000298023224,0.10000000149011612,1744,1083,2215,32766,2125,3.10909104347229
2026-04-07T12:23:35.953,radio://0/80/2M,mission,1,1,Wall Follow,4583,0,0,0,0.0,0,0,0.0,0.0,112947,0,0,0.8019765615463257,-0.01859194040298462,-0.08774325251579285,0.20000000298023224,0.10000000149011612,1744,1083,2215,32766,2125,3.10909104347229
2026-04-07T12:23:35.954,radio://0/80/2M,flow,1,1,Wall Follow,4583,0,0,0,0.0,0,0,0.0,0.0,113197,-1,-2,0.8019765615463257,-0.014861148782074451,-0.2165757268667221,0.20000000298023224,0.10000000149011612,1744,1083,2215,32766,2125,3.10909104347229
2026-04-07T12:23:35.955,radio://0/80/2M,range,1,1,Wall Follow,4583,0,0,0,0.0,0,0,0.0,0.0,113197,-1,-2,0.8019765615463257,-0.014861148782074451,-0.2165757268667221,0.20000000298023224,0.10000000149011612,1700,1091,2268,32766,2122,3.082698106765747
2026-04-07T12:23:36.201,radio://0/80/2M,mission,1,1,Wall Follow,4583,0,0,0,0.0,0,0,0.0,0.0,113197,-1,-2,0.8019337058067322,-0.014861148782074451,-0.2165757268667221,0.20000000298023224,0.10000000149011612,1700,1091,2268,32766,2122,3.082698106765747
2026-04-07T12:23:36.204,radio://0/80/2M,flow,1,1,Wall Follow,4583,0,0,0,0.0,0,0,0.0,0.0,113447,0,-1,0.8019337058067322,-0.029851846396923065,-0.24556711316108704,0.20000000298023224,0.10000000149011612,1700,1091,2268,32766,2122,3.082698106765747
2026-04-07T12:23:36.205,radio://0/80/2M,range,1,1,Wall Follow,4583,0,0,0,0.0,0,0,0.0,0.0,113447,0,-1,0.8019337058067322,-0.029851846396923065,-0.24556711316108704,0.20000000298023224,0.10000000149011612,1684,1100,2302,32766,2126,3.07214093208313
2026-04-07T12:23:36.451,radio://0/80/2M,mission,1,1,Wall Follow,4583,0,0,0,0.0,0,0,0.0,0.0,113447,0,-1,0.8025522828102112,-0.029851846396923065,-0.24556711316108704,0.20000000298023224,0.10000000149011612,1684,1100,2302,32766,2126,3.07214093208313
2026-04-07T12:23:36.454,radio://0/80/2M,flow,1,1,Wall Follow,4583,0,0,0,0.0,0,0,0.0,0.0,113697,-1,-1,0.8025522828102112,-0.016647202894091606,-0.1608411967754364,0.0,0.0,1684,1100,2302,32766,2126,3.07214093208313
2026-04-07T12:23:36.455,radio://0/80/2M,range,1,1,Wall Follow,4583,0,0,0,0.0,0,0,0.0,0.0,113697,-1,-1,0.8025522828102112,-0.016647202894091606,-0.1608411967754364,0.0,0.0,1610,1116,2352,32766,2136,3.082698106765747
2026-04-07T12:23:36.700,radio://0/80/2M,mission,1,1,Wall Follow,4583,0,0,0,0.0,0,0,0.0,0.0,113697,-1,-1,0.7945318818092346,-0.016647202894091606,-0.1608411967754364,0.0,0.0,1610,1116,2352,32766,2136,3.082698106765747
2026-04-07T12:23:36.703,radio://0/80/2M,flow,1,1,Wall Follow,4583,0,0,0,0.0,0,0,0.0,0.0,113947,8,0,0.7945318818092346,-0.017297759652137756,0.014204212464392185,0.0,0.0,1610,1116,2352,32766,2136,3.082698106765747
2026-04-07T12:23:36.704,radio://0/80/2M,range,1,1,Wall Follow,4583,0,0,0,0.0,0,0,0.0,0.0,113947,8,0,0.7945318818092346,-0.017297759652137756,0.014204212464392185,0.0,0.0,1564,1102,2401,32766,2139,3.056304931640625
2026-04-07T12:23:36.951,radio://0/80/2M,mission,1,1,Wall Follow,4583,0,0,0,0.0,0,0,0.0,0.0,113947,8,0,0.7879597544670105,-0.017297759652137756,0.014204212464392185,0.0,0.0,1564,1102,2401,32766,2139,3.056304931640625
2026-04-07T12:23:36.953,radio://0/80/2M,flow,1,1,Wall Follow,4583,0,0,0,0.0,0,0,0.0,0.0,114197,1,2,0.7879597544670105,0.019162865355610847,0.07243334501981735,0.0,0.06666667014360428,1564,1102,2401,32766,2139,3.056304931640625
2026-04-07T12:23:36.955,radio://0/80/2M,range,1,1,Wall Follow,4583,0,0,0,0.0,0,0,0.0,0.0,114197,1,2,0.7879597544670105,0.019162865355610847,0.07243334501981735,0.0,0.06666667014360428,1596,1080,2389,32766,2140,3.056304931640625
2026-04-07T12:23:37.201,radio://0/80/2M,mission,1,1,Wall Follow,4583,0,0,0,0.0,0,0,0.0,0.0,114197,1,2,0.7977524995803833,0.019162865355610847,0.07243334501981735,0.0,0.06666667014360428,1596,1080,2389,32766,2140,3.056304931640625
2026-04-07T12:23:37.202,radio://0/80/2M,flow,1,1,Wall Follow,4583,0,0,0,0.0,0,0,0.0,0.0,114447,-2,0,0.7977524995803833,0.07866962999105453,0.017785873264074326,0.0,0.06666667014360428,1596,1080,2389,32766,2140,3.056304931640625
2026-04-07T12:23:37.204,radio://0/80/2M,range,1,1,Wall Follow,4583,0,0,0,0.0,0,0,0.0,0.0,114447,-2,0,0.7977524995803833,0.07866962999105453,0.017785873264074326,0.0,0.06666667014360428,1618,1081,2382,32766,2139,3.0774195194244385
2026-04-07T12:23:37.450,radio://0/80/2M,mission,1,5,Transition,4583,0,0,0,0.0,0,0,0.0,0.0,114447,-2,0,0.8117170333862305,0.07866962999105453,0.017785873264074326,0.0,0.06666667014360428,1618,1081,2382,32766,2139,3.0774195194244385
2026-04-07T12:23:37.452,radio://0/80/2M,flow,1,5,Transition,4583,0,0,0,0.0,0,0,0.0,0.0,114697,-2,0,0.8117170333862305,0.06446850299835205,-0.0288260355591774,0.0,0.0,1618,1081,2382,32766,2139,3.0774195194244385
2026-04-07T12:23:37.454,radio://0/80/2M,range,1,5,Transition,4583,0,0,0,0.0,0,0,0.0,0.0,114697,-2,0,0.8117170333862305,0.06446850299835205,-0.0288260355591774,0.0,0.0,1625,1075,2414,32766,2107,3.0879766941070557
2026-04-07T12:23:37.699,radio://0/80/2M,mission,1,4,Land,4583,0,0,0,0.0,0,0,0.0,0.0,114697,-2,0,0.801500678062439,0.06446850299835205,-0.0288260355591774,0.0,0.0,1625,1075,2414,32766,2107,3.0879766941070557
2026-04-07T12:23:37.702,radio://0/80/2M,flow,1,4,Land,4583,0,0,0,0.0,0,0,0.0,0.0,114947,2,0,0.801500678062439,-0.009838094934821129,-0.034963611513376236,0.0,0.0,1625,1075,2414,32766,2107,3.0879766941070557
2026-04-07T12:23:37.704,radio://0/80/2M,range,1,4,Land,4583,0,0,0,0.0,0,0,0.0,0.0,114947,2,0,0.801500678062439,-0.009838094934821129,-0.034963611513376236,0.0,0.0,1644,1071,2419,32766,2123,3.07214093208313
2026-04-07T12:23:37.951,radio://0/80/2M,mission,1,4,Land,4583,0,0,0,0.0,0,0,0.0,0.0,114947,2,0,0.7871413826942444,-0.009838094934821129,-0.034963611513376236,0.0,0.0,1644,1071,2419,32766,2123,3.07214093208313
2026-04-07T12:23:37.952,radio://0/80/2M,flow,1,4,Land,4583,0,0,0,0.0,0,0,0.0,0.0,115197,0,1,0.7871413826942444,-0.04428824782371521,0.014332883059978485,0.0,0.0,1644,1071,2419,32766,2123,3.07214093208313
2026-04-07T12:23:37.953,radio://0/80/2M,range,1,4,Land,4583,0,0,0,0.0,0,0,0.0,0.0,115197,0,1,0.7871413826942444,-0.04428824782371521,0.014332883059978485,0.0,0.0,1592,1068,2398,32766,2136,3.1196482181549072
2026-04-07T12:23:38.200,radio://0/80/2M,mission,1,4,Land,4583,0,0,0,0.0,0,0,0.0,0.0,115197,0,1,0.7528382539749146,-0.04428824782371521,0.014332883059978485,0.0,0.0,1592,1068,2398,32766,2136,3.1196482181549072
2026-04-07T12:23:38.202,radio://0/80/2M,flow,1,4,Land,4583,0,0,0,0.0,0,0,0.0,0.0,115447,0,0,0.7528382539749146,-0.023941505700349808,0.03532363846898079,0.0,0.0,1592,1068,2398,32766,2136,3.1196482181549072
2026-04-07T12:23:38.203,radio://0/80/2M,range,1,4,Land,4583,0,0,0,0.0,0,0,0.0,0.0,115447,0,0,0.7528382539749146,-0.023941505700349808,0.03532363846898079,0.0,0.0,1612,1070,2381,32766,2155,3.1038124561309814
2026-04-07T12:23:38.449,radio://0/80/2M,mission,1,4,Land,4583,0,0,0,0.0,0,0,0.0,0.0,115447,0,0,0.6964792013168335,-0.023941505700349808,0.03532363846898079,0.0,0.0,1612,1070,2381,32766,2155,3.1038124561309814
2026-04-07T12:23:38.452,radio://0/80/2M,flow,1,4,Land,4583,0,0,0,0.0,0,0,0.0,0.0,115697,0,-3,0.6964792013168335,0.001288767671212554,-0.005042138509452343,0.0,0.0,1612,1070,2381,32766,2155,3.1038124561309814
2026-04-07T12:23:38.453,radio://0/80/2M,range,1,4,Land,4583,0,0,0,0.0,0,0,0.0,0.0,115697,0,-3,0.6964792013168335,0.001288767671212554,-0.005042138509452343,0.0,0.0,1622,1066,2379,32766,2213,3.0879766941070557
2026-04-07T12:23:38.699,radio://0/80/2M,mission,1,4,Land,4583,0,0,0,0.0,0,0,0.0,0.0,115697,0,-3,0.6336458325386047,0.001288767671212554,-0.005042138509452343,0.0,0.0,1622,1066,2379,32766,2213,3.0879766941070557
2026-04-07T12:23:38.701,radio://0/80/2M,flow,1,4,Land,4583,0,0,0,0.0,0,0,0.0,0.0,115947,-3,0,0.6336458325386047,0.006772623863071203,0.0035462004598230124,0.0,0.0,1622,1066,2379,32766,2213,3.0879766941070557
2026-04-07T12:23:38.702,radio://0/80/2M,range,1,4,Land,4583,0,0,0,0.0,0,0,0.0,0.0,115947,-3,0,0.6336458325386047,0.006772623863071203,0.0035462004598230124,0.0,0.0,1613,1061,2366,32766,2262,3.0774195194244385
2026-04-07T12:23:38.953,radio://0/80/2M,mission,1,4,Land,4583,0,0,0,0.0,0,0,0.0,0.0,115947,-3,0,0.565742015838623,0.006772623863071203,0.0035462004598230124,0.0,0.0,1613,1061,2366,32766,2262,3.0774195194244385
2026-04-07T12:23:38.954,radio://0/80/2M,flow,1,4,Land,4583,0,0,0,0.0,0,0,0.0,0.0,116197,0,0,0.565742015838623,0.031186679378151894,-0.027272172272205353,0.0,0.0,1613,1061,2366,32766,2262,3.0774195194244385
2026-04-07T12:23:38.955,radio://0/80/2M,range,1,4,Land,4583,0,0,0,0.0,0,0,0.0,0.0,116197,0,0,0.565742015838623,0.031186679378151894,-0.027272172272205353,0.0,0.0,1663,1048,2365,32766,2339,3.0774195194244385
2026-04-07T12:23:39.199,radio://0/80/2M,mission,1,4,Land,4583,0,0,0,0.0,0,0,0.0,0.0,116197,0,0,0.5004199743270874,0.031186679378151894,-0.027272172272205353,0.0,0.0,1663,1048,2365,32766,2339,3.0774195194244385
2026-04-07T12:23:39.202,radio://0/80/2M,flow,1,4,Land,4583,0,0,0,0.0,0,0,0.0,0.0,116447,0,2,0.5004199743270874,0.01668250933289528,0.024252068251371384,0.0,0.0,1663,1048,2365,32766,2339,3.0774195194244385
2026-04-07T12:23:39.203,radio://0/80/2M,range,1,4,Land,4583,0,0,0,0.0,0,0,0.0,0.0,116447,0,2,0.5004199743270874,0.01668250933289528,0.024252068251371384,0.0,0.0,1709,1051,2341,32766,2403,3.0774195194244385
2026-04-07T12:23:39.448,radio://0/80/2M,mission,1,4,Land,4583,0,0,0,0.0,0,0,0.0,0.0,116447,0,2,0.429064005613327,0.01668250933289528,0.024252068251371384,0.0,0.0,1709,1051,2341,32766,2403,3.0774195194244385
2026-04-07T12:23:39.451,radio://0/80/2M,flow,1,4,Land,4583,0,0,0,0.0,0,0,0.0,0.0,116697,0,0,0.429064005613327,-0.007705391384661198,0.00956675224006176,0.0,0.0,1709,1051,2341,32766,2403,3.0774195194244385
2026-04-07T12:23:39.452,radio://0/80/2M,range,1,4,Land,4583,0,0,0,0.0,0,0,0.0,0.0,116697,0,0,0.429064005613327,-0.007705391384661198,0.00956675224006176,0.0,0.0,1823,1046,32766,32766,2470,3.082698106765747
2026-04-07T12:23:39.698,radio://0/80/2M,mission,1,4,Land,4583,0,0,0,0.0,0,0,0.0,0.0,116697,0,0,0.36854249238967896,-0.007705391384661198,0.00956675224006176,0.0,0.0,1823,1046,32766,32766,2470,3.082698106765747
2026-04-07T12:23:39.700,radio://0/80/2M,flow,1,4,Land,4583,0,0,0,0.0,0,0,0.0,0.0,116947,0,-1,0.36854249238967896,-0.011570721864700317,0.009637399576604366,0.0,0.0,1823,1046,32766,32766,2470,3.082698106765747
2026-04-07T12:23:39.702,radio://0/80/2M,range,1,4,Land,4583,0,0,0,0.0,0,0,0.0,0.0,116947,0,-1,0.36854249238967896,-0.011570721864700317,0.009637399576604366,0.0,0.0,1745,1044,32766,32766,2528,3.1196482181549072
2026-04-07T12:23:39.948,radio://0/80/2M,mission,1,4,Land,4583,0,0,0,0.0,0,0,0.0,0.0,116947,0,-1,0.3079712390899658,-0.011570721864700317,0.009637399576604366,0.0,0.0,1745,1044,32766,32766,2528,3.1196482181549072
2026-04-07T12:23:39.951,radio://0/80/2M,flow,1,4,Land,4583,0,0,0,0.0,0,0,0.0,0.0,117197,0,-1,0.3079712390899658,0.03958818316459656,0.016185954213142395,0.0,0.0,1745,1044,32766,32766,2528,3.1196482181549072
2026-04-07T12:23:39.952,radio://0/80/2M,range,1,4,Land,4583,0,0,0,0.0,0,0,0.0,0.0,117197,0,-1,0.3079712390899658,0.03958818316459656,0.016185954213142395,0.0,0.0,32766,1025,32766,32766,2596,3.1143696308135986
2026-04-07T12:23:40.198,radio://0/80/2M,mission,1,4,Land,4583,0,0,0,0.0,0,0,0.0,0.0,117197,0,-1,0.24103963375091553,0.03958818316459656,0.016185954213142395,0.0,0.0,32766,1025,32766,32766,2596,3.1143696308135986
2026-04-07T12:23:40.201,radio://0/80/2M,flow,1,4,Land,4547,0,0,0,0.0,0,0,0.0,0.0,117447,-1,-2,0.24103963375091553,0.05486427620053291,0.007643665187060833,0.0,0.0,32766,1025,32766,32766,2596,3.1143696308135986
2026-04-07T12:23:40.202,radio://0/80/2M,range,1,4,Land,4547,0,0,0,0.0,0,0,0.0,0.0,117447,-1,-2,0.24103963375091553,0.05486427620053291,0.007643665187060833,0.0,0.0,1596,1014,32766,32766,2650,3.0932552814483643
2026-04-07T12:23:40.448,radio://0/80/2M,mission,1,4,Land,4547,0,0,0,0.0,0,0,0.0,0.0,117447,-1,-2,0.16405387222766876,0.05486427620053291,0.007643665187060833,0.0,0.0,1596,1014,32766,32766,2650,3.0932552814483643
2026-04-07T12:23:40.449,radio://0/80/2M,flow,1,4,Land,4116,0,0,0,0.0,0,0,0.0,0.0,117697,16,-1,0.16405387222766876,0.002423338359221816,0.007539188023656607,0.0,0.0,1596,1014,32766,32766,2650,3.0932552814483643
2026-04-07T12:23:40.451,radio://0/80/2M,range,1,4,Land,4116,0,0,0,0.0,0,0,0.0,0.0,117697,16,-1,0.16405387222766876,0.002423338359221816,0.007539188023656607,0.0,0.0,1596,991,32766,32766,2741,3.0774195194244385
2026-04-07T12:23:40.698,radio://0/80/2M,mission,1,4,Land,4116,0,0,0,0.0,0,0,0.0,0.0,117697,16,-1,0.09240559488534927,0.002423338359221816,0.007539188023656607,0.0,0.0,1596,991,32766,32766,2741,3.0774195194244385
2026-04-07T12:23:40.701,radio://0/80/2M,flow,1,4,Land,3928,0,0,0,0.0,0,0,0.0,0.0,117947,-14,-18,0.09240559488534927,0.015195605345070362,-0.07273244857788086,0.0,0.0,1596,991,32766,32766,2741,3.0774195194244385
2026-04-07T12:23:40.702,radio://0/80/2M,range,1,4,Land,3928,0,0,0,0.0,0,0,0.0,0.0,117947,-14,-18,0.09240559488534927,0.015195605345070362,-0.07273244857788086,0.0,0.0,1512,982,32766,32766,2805,3.07214093208313
2026-04-07T12:23:40.947,radio://0/80/2M,mission,0,0,Reacquire Wall,3928,0,0,0,0.0,0,0,0.0,0.0,117947,-14,-18,0.011430077254772186,0.015195605345070362,-0.07273244857788086,0.0,0.0,1512,982,32766,32766,2805,3.07214093208313
2026-04-07T12:23:40.950,radio://0/80/2M,flow,0,0,Reacquire Wall,2749,0,0,0,0.0,0,0,0.0,0.0,118197,20,-4,0.011430077254772186,0.1672465056180954,-0.07429494708776474,0.0,0.0,1512,982,32766,32766,2805,3.07214093208313
2026-04-07T12:23:40.951,radio://0/80/2M,range,0,0,Reacquire Wall,2749,0,0,0,0.0,0,0,0.0,0.0,118197,20,-4,0.011430077254772186,0.1672465056180954,-0.07429494708776474,0.0,0.0,1413,653,32766,32766,2897,3.642228841781616
2026-04-07T12:23:41.198,radio://0/80/2M,mission,0,0,Reacquire Wall,2749,0,0,0,0.0,0,0,0.0,0.0,118197,20,-4,0.000557917810510844,0.1672465056180954,-0.07429494708776474,0.0,0.0,1413,653,32766,32766,2897,3.642228841781616
2026-04-07T12:23:41.199,radio://0/80/2M,flow,0,0,Reacquire Wall,6762,0,0,0,0.0,0,0,0.0,0.0,118447,0,0,0.000557917810510844,0.1581631749868393,-0.011974778026342392,0.0,0.0,1413,653,32766,32766,2897,3.642228841781616
2026-04-07T12:23:41.200,radio://0/80/2M,range,0,0,Reacquire Wall,6762,0,0,0,0.0,0,0,0.0,0.0,118447,0,0,0.000557917810510844,0.1581631749868393,-0.011974778026342392,0.0,0.0,32766,933,37,193,2917,3.6633431911468506
2026-04-07T12:23:41.447,radio://0/80/2M,mission,0,0,Reacquire Wall,6762,0,0,0,0.0,0,0,0.0,0.0,118447,0,0,-0.000770015933085233,0.1581631749868393,-0.011974778026342392,0.0,0.0,32766,933,37,193,2917,3.6633431911468506
2026-04-07T12:23:41.450,radio://0/80/2M,flow,0,0,Reacquire Wall,8191,0,0,0,0.0,0,0,0.0,0.0,118697,2,0,-0.000770015933085233,-0.0064697265625,0.005729919299483299,0.0,0.0,32766,933,37,193,2917,3.6633431911468506
2026-04-07T12:23:41.451,radio://0/80/2M,range,0,0,Reacquire Wall,8191,0,0,0,0.0,0,0,0.0,0.0,118697,2,0,-0.000770015933085233,-0.0064697265625,0.005729919299483299,0.0,0.0,32766,705,82,202,2938,3.6739003658294678
2026-04-07T12:23:41.697,radio://0/80/2M,mission,0,0,Reacquire Wall,8191,0,0,0,0.0,0,0,0.0,0.0,118697,2,0,0.0002907845191657543,-0.0064697265625,0.005729919299483299,0.0,0.0,32766,705,82,202,2938,3.6739003658294678
2026-04-07T12:23:41.701,radio://0/80/2M,flow,0,0,Reacquire Wall,8191,0,0,0,0.0,0,0,0.0,0.0,118947,-1,0,0.0002907845191657543,-0.04727621749043465,0.002752158557996154,0.0,0.0,32766,705,82,202,2938,3.6739003658294678
2026-04-07T12:23:41.702,radio://0/80/2M,range,0,0,Reacquire Wall,8191,0,0,0,0.0,0,0,0.0,0.0,118947,-1,0,0.0002907845191657543,-0.04727621749043465,0.002752158557996154,0.0,0.0,32766,730,82,205,2933,3.6739003658294678
2026-04-07T12:23:41.947,radio://0/80/2M,mission,0,0,Reacquire Wall,8191,0,0,0,0.0,0,0,0.0,0.0,118947,-1,0,0.0008496063528582454,-0.04727621749043465,0.002752158557996154,0.0,0.0,32766,730,82,205,2933,3.6739003658294678
2026-04-07T12:23:41.949,radio://0/80/2M,flow,0,0,Reacquire Wall,8191,0,0,0,0.0,0,0,0.0,0.0,119197,2,7,0.0008496063528582454,-0.05213470384478569,0.010422559455037117,0.0,0.0,32766,730,82,205,2933,3.6739003658294678
2026-04-07T12:23:41.950,radio://0/80/2M,range,0,0,Reacquire Wall,8191,0,0,0,0.0,0,0,0.0,0.0,119197,2,7,0.0008496063528582454,-0.05213470384478569,0.010422559455037117,0.0,0.0,32766,648,82,207,2925,3.684457540512085
2026-04-07T12:23:42.198,radio://0/80/2M,mission,0,0,Reacquire Wall,8191,0,0,0,0.0,0,0,0.0,0.0,119197,2,7,0.0003857275005429983,-0.05213470384478569,0.010422559455037117,0.0,0.0,32766,648,82,207,2925,3.684457540512085
2026-04-07T12:23:42.199,radio://0/80/2M,flow,0,0,Reacquire Wall,8191,0,0,0,0.0,0,0,0.0,0.0,119447,-1,0,0.0003857275005429983,-0.04027621075510979,0.0037729868199676275,0.0,0.0,32766,648,82,207,2925,3.684457540512085
2026-04-07T12:23:42.200,radio://0/80/2M,range,0,0,Reacquire Wall,8191,0,0,0,0.0,0,0,0.0,0.0,119447,-1,0,0.0003857275005429983,-0.04027621075510979,0.0037729868199676275,0.0,0.0,32766,637,82,203,2923,3.6897361278533936
2026-04-07T12:23:42.446,radio://0/80/2M,mission,0,0,Reacquire Wall,8191,0,0,0,0.0,0,0,0.0,0.0,119447,-1,0,-0.0009902070742100477,-0.04027621075510979,0.0037729868199676275,0.0,0.0,32766,637,82,203,2923,3.6897361278533936
2026-04-07T12:23:42.449,radio://0/80/2M,flow,0,0,Reacquire Wall,8191,0,0,0,0.0,0,0,0.0,0.0,119697,-5,5,-0.0009902070742100477,-0.20691317319869995,0.15208587050437927,0.0,0.0,32766,637,82,203,2923,3.6897361278533936
2026-04-07T12:23:42.450,radio://0/80/2M,range,0,0,Reacquire Wall,8191,0,0,0,0.0,0,0,0.0,0.0,119697,-5,5,-0.0009902070742100477,-0.20691317319869995,0.15208587050437927,0.0,0.0,384,637,81,211,2927,3.6897361278533936
2026-04-07T12:23:42.696,radio://0/80/2M,mission,0,0,Reacquire Wall,8191,0,0,0,0.0,0,0,0.0,0.0,119697,-5,5,0.18220004439353943,-0.20691317319869995,0.15208587050437927,0.0,0.0,384,637,81,211,2927,3.6897361278533936
2026-04-07T12:23:42.701,radio://0/80/2M,flow,0,0,Reacquire Wall,5095,0,0,0,0.0,0,0,0.0,0.0,119947,-14,-6,0.18220004439353943,-1.0361971855163574,0.5639118552207947,0.0,0.0,384,637,81,211,2927,3.6897361278533936
2026-04-07T12:23:42.702,radio://0/80/2M,range,0,0,Reacquire Wall,5095,0,0,0,0.0,0,0,0.0,0.0,119947,-14,-6,0.18220004439353943,-1.0361971855163574,0.5639118552207947,0.0,0.0,1975,766,99,205,32766,3.6897361278533936
2026-04-07T12:23:42.946,radio://0/80/2M,mission,0,0,Reacquire Wall,5095,0,0,0,0.0,0,0,0.0,0.0,119947,-14,-6,0.26493334770202637,-1.0361971855163574,0.5639118552207947,0.0,0.0,1975,766,99,205,32766,3.6897361278533936
2026-04-07T12:23:42.949,radio://0/80/2M,flow,0,0,Reacquire Wall,6491,0,0,0,0.0,0,0,0.0,0.0,120197,0,-4,0.26493334770202637,-1.7668160200119019,1.3364500999450684,0.0,0.0,1975,766,99,205,32766,3.6897361278533936
2026-04-07T12:23:42.950,radio://0/80/2M,range,0,0,Reacquire Wall,6491,0,0,0,0.0,0,0,0.0,0.0,120197,0,-4,0.26493334770202637,-1.7668160200119019,1.3364500999450684,0.0,0.0,32766,559,560,948,32766,3.7002933025360107
2026-04-07T12:23:43.198,radio://0/80/2M,mission,0,0,Reacquire Wall,6491,0,0,0,0.0,0,0,0.0,0.0,120197,0,-4,0.24099159240722656,-1.7668160200119019,1.3364500999450684,0.0,0.0,32766,559,560,948,32766,3.7002933025360107
2026-04-07T12:23:43.199,radio://0/80/2M,flow,0,0,Reacquire Wall,6491,0,0,0,0.0,0,0,0.0,0.0,120447,-2,-3,0.24099159240722656,-1.7403841018676758,2.1604607105255127,0.0,0.0,32766,559,560,948,32766,3.7002933025360107
2026-04-07T12:23:43.202,radio://0/80/2M,range,0,0,Reacquire Wall,6491,0,0,0,0.0,0,0,0.0,0.0,120447,-2,-3,0.24099159240722656,-1.7403841018676758,2.1604607105255127,0.0,0.0,32766,382,820,1506,32766,3.7002933025360107
