Time,uri,source,outer,mission,mission_name,shutter,human,human_fresh,human_stable,human_hold_s,human_confidence_pct,human_direction,human_max_temp_c,human_thermistor_c,flow_timestamp_ms,delta_x,delta_y,height_m,vel_x_mps,vel_y_mps,cmd_x_mps,cmd_y_mps,front_mm,left_mm,right_mm,back_mm,up_mm,vbat_v
2026-04-07T11:17:07.970,radio://0/80/2M,mission,0,0,Reacquire Wall,0,0,0,0,0.0,0,0,0.0,0.0,0,0,0,0.0056066252291202545,0.0,0.0,0.0,0.0,32766,32766,32766,32766,32766,0.0
2026-04-07T11:17:07.972,radio://0/80/2M,flow,0,0,Reacquire Wall,8191,0,0,0,0.0,0,0,0.0,0.0,7053,0,0,0.0056066252291202545,0.0689634457230568,-0.14354686439037323,0.0,0.0,32766,32766,32766,32766,32766,0.0
2026-04-07T11:17:07.974,radio://0/80/2M,range,0,0,Reacquire Wall,8191,0,0,0,0.0,0,0,0.0,0.0,7053,0,0,0.0056066252291202545,0.0689634457230568,-0.14354686439037323,0.0,0.0,202,32766,218,335,2928,4.101466178894043
2026-04-07T11:17:08.221,radio://0/80/2M,mission,0,0,Reacquire Wall,8191,0,0,0,0.0,0,0,0.0,0.0,7053,0,0,0.003960184752941132,0.0689634457230568,-0.14354686439037323,0.0,0.0,202,32766,218,335,2928,4.101466178894043
2026-04-07T11:17:08.222,radio://0/80/2M,flow,0,0,Reacquire Wall,8191,0,0,0,0.0,0,0,0.0,0.0,7303,0,0,0.003960184752941132,0.07560823857784271,-0.15505562722682953,0.0,0.0,202,32766,218,335,2928,4.101466178894043
2026-04-07T11:17:08.225,radio://0/80/2M,range,0,0,Reacquire Wall,8191,0,0,0,0.0,0,0,0.0,0.0,7303,0,0,0.003960184752941132,0.07560823857784271,-0.15505562722682953,0.0,0.0,205,32766,220,336,2922,4.106744766235352
2026-04-07T11:17:08.470,radio://0/80/2M,mission,0,0,Reacquire Wall,8191,0,0,0,0.0,0,0,0.0,0.0,7303,0,0,0.003543407190591097,0.07560823857784271,-0.15505562722682953,0.0,0.0,205,32766,220,336,2922,4.106744766235352
2026-04-07T11:17:08.473,radio://0/80/2M,flow,0,0,Reacquire Wall,8191,0,0,0,0.0,0,0,0.0,0.0,7553,0,0,0.003543407190591097,0.08137314766645432,-0.16626082360744476,0.0,0.0,205,32766,220,336,2922,4.106744766235352
2026-04-07T11:17:08.474,radio://0/80/2M,range,0,0,Reacquire Wall,8191,0,0,0,0.0,0,0,0.0,0.0,7553,0,0,0.003543407190591097,0.08137314766645432,-0.16626082360744476,0.0,0.0,201,32766,218,332,2938,4.106744766235352
2026-04-07T11:17:08.720,radio://0/80/2M,mission,0,0,Reacquire Wall,8191,0,0,0,0.0,0,0,0.0,0.0,7553,0,0,0.0036693918518722057,0.08137314766645432,-0.16626082360744476,0.0,0.0,201,32766,218,332,2938,4.106744766235352
2026-04-07T11:17:08.722,radio://0/80/2M,flow,0,0,Reacquire Wall,8191,0,0,0,0.0,0,0,0.0,0.0,7803,0,0,0.0036693918518722057,0.08797922730445862,-0.17618004977703094,0.0,0.0,201,32766,218,332,2938,4.106744766235352
2026-04-07T11:17:08.724,radio://0/80/2M,range,0,0,Reacquire Wall,8191,0,0,0,0.0,0,0,0.0,0.0,7803,0,0,0.0036693918518722057,0.08797922730445862,-0.17618004977703094,0.0,0.0,204,32766,219,333,2933,4.101466178894043
2026-04-07T11:17:08.970,radio://0/80/2M,mission,0,0,Reacquire Wall,8191,0,0,0,0.0,0,0,0.0,0.0,7803,0,0,0.0033232641872018576,0.08797922730445862,-0.17618004977703094,0.0,0.0,204,32766,219,333,2933,4.101466178894043
2026-04-07T11:17:08.971,radio://0/80/2M,flow,0,0,Reacquire Wall,8191,0,0,0,0.0,0,0,0.0,0.0,8053,0,0,0.0033232641872018576,0.09292576462030411,-0.18664582073688507,0.0,0.0,204,32766,219,333,2933,4.101466178894043
2026-04-07T11:17:08.973,radio://0/80/2M,range,0,0,Reacquire Wall,8191,0,0,0,0.0,0,0,0.0,0.0,8053,0,0,0.0033232641872018576,0.09292576462030411,-0.18664582073688507,0.0,0.0,207,32766,222,330,2930,4.106744766235352
2026-04-07T11:17:09.219,radio://0/80/2M,mission,0,0,Reacquire Wall,8191,0,0,0,0.0,0,0,0.0,0.0,8053,0,0,0.005679415538907051,0.09292576462030411,-0.18664582073688507,0.0,0.0,207,32766,222,330,2930,4.106744766235352
2026-04-07T11:17:09.222,radio://0/80/2M,flow,0,0,Reacquire Wall,8191,0,0,0,0.0,0,0,0.0,0.0,8303,0,0,0.005679415538907051,0.0960523784160614,-0.19479484856128693,0.0,0.0,207,32766,222,330,2930,4.106744766235352
2026-04-07T11:17:09.223,radio://0/80/2M,range,0,0,Reacquire Wall,8191,0,0,0,0.0,0,0,0.0,0.0,8303,0,0,0.005679415538907051,0.0960523784160614,-0.19479484856128693,0.0,0.0,204,32766,217,334,2927,4.106744766235352
2026-04-07T11:17:09.469,radio://0/80/2M,mission,0,0,Reacquire Wall,8191,0,0,0,0.0,0,0,0.0,0.0,8303,0,0,0.0038896468468010426,0.0960523784160614,-0.19479484856128693,0.0,0.0,204,32766,217,334,2927,4.106744766235352
2026-04-07T11:17:09.472,radio://0/80/2M,flow,0,0,Reacquire Wall,8191,0,0,0,0.0,0,0,0.0,0.0,8553,0,0,0.0038896468468010426,0.10109063237905502,-0.20859985053539276,0.0,0.0,204,32766,217,334,2927,4.106744766235352
2026-04-07T11:17:09.474,radio://0/80/2M,range,0,0,Reacquire Wall,8191,0,0,0,0.0,0,0,0.0,0.0,8553,0,0,0.0038896468468010426,0.10109063237905502,-0.20859985053539276,0.0,0.0,208,32766,219,335,2934,4.106744766235352
2026-04-07T11:17:09.719,radio://0/80/2M,mission,0,0,Reacquire Wall,8191,0,0,0,0.0,0,0,0.0,0.0,8553,0,0,0.0052964212372899055,0.10109063237905502,-0.20859985053539276,0.0,0.0,208,32766,219,335,2934,4.106744766235352
2026-04-07T11:17:09.722,radio://0/80/2M,flow,0,0,Reacquire Wall,8191,0,0,0,0.0,0,0,0.0,0.0,8803,0,0,0.0052964212372899055,0.10484102368354797,-0.21776078641414642,0.0,0.0,208,32766,219,335,2934,4.106744766235352
2026-04-07T11:17:09.723,radio://0/80/2M,range,0,0,Reacquire Wall,8191,0,0,0,0.0,0,0,0.0,0.0,8803,0,0,0.0052964212372899055,0.10484102368354797,-0.21776078641414642,0.0,0.0,202,32766,222,336,2924,4.106744766235352
2026-04-07T11:17:09.969,radio://0/80/2M,mission,0,0,Reacquire Wall,8191,0,0,0,0.0,0,0,0.0,0.0,8803,0,0,0.004408502951264381,0.10484102368354797,-0.21776078641414642,0.0,0.0,202,32766,222,336,2924,4.106744766235352
2026-04-07T11:17:09.972,radio://0/80/2M,flow,0,0,Reacquire Wall,8191,0,0,0,0.0,0,0,0.0,0.0,9053,0,0,0.004408502951264381,0.10861923545598984,-0.22976738214492798,0.0,0.0,202,32766,222,336,2924,4.106744766235352
2026-04-07T11:17:09.973,radio://0/80/2M,range,0,0,Reacquire Wall,8191,0,0,0,0.0,0,0,0.0,0.0,9053,0,0,0.004408502951264381,0.10861923545598984,-0.22976738214492798,0.0,0.0,206,32766,222,334,2930,4.106744766235352
2026-04-07T11:17:10.219,radio://0/80/2M,mission,0,0,Reacquire Wall,8191,0,0,0,0.0,0,0,0.0,0.0,9053,0,0,0.0057416511699557304,0.10861923545598984,-0.22976738214492798,0.0,0.0,206,32766,222,334,2930,4.106744766235352
2026-04-07T11:17:10.220,radio://0/80/2M,flow,0,0,Reacquire Wall,8191,0,0,0,0.0,0,0,0.0,0.0,9303,0,0,0.0057416511699557304,0.11352301388978958,-0.23929372429847717,0.0,0.0,206,32766,222,334,2930,4.106744766235352
2026-04-07T11:17:10.222,radio://0/80/2M,range,0,0,Reacquire Wall,8191,0,0,0,0.0,0,0,0.0,0.0,9303,0,0,0.0057416511699557304,0.11352301388978958,-0.23929372429847717,0.0,0.0,202,32766,218,334,2925,4.101466178894043
2026-04-07T11:17:10.468,radio://0/80/2M,mission,0,0,Reacquire Wall,8191,0,0,0,0.0,0,0,0.0,0.0,9303,0,0,0.0054894401691854,0.11352301388978958,-0.23929372429847717,0.0,0.0,202,32766,218,334,2925,4.101466178894043
2026-04-07T11:17:10.470,radio://0/80/2M,flow,0,0,Reacquire Wall,8191,0,0,0,0.0,0,0,0.0,0.0,9553,0,0,0.0054894401691854,0.11866366118192673,-0.2519873380661011,0.0,0.0,202,32766,218,334,2925,4.101466178894043
2026-04-07T11:17:10.472,radio://0/80/2M,range,0,0,Reacquire Wall,8191,0,0,0,0.0,0,0,0.0,0.0,9553,0,0,0.0054894401691854,0.11866366118192673,-0.2519873380661011,0.0,0.0,202,32766,221,336,2925,4.106744766235352
2026-04-07T11:17:10.719,radio://0/80/2M,mission,1,0,Reacquire Wall,8191,0,0,0,0.0,0,0,0.0,0.0,9553,0,0,0.020398659631609917,0.11866366118192673,-0.2519873380661011,0.0,0.0,202,32766,221,336,2925,4.106744766235352
2026-04-07T11:17:10.720,radio://0/80/2M,flow,1,0,Reacquire Wall,5863,0,0,0,0.0,0,0,0.0,0.0,9803,2,32,0.020398659631609917,-0.2236308604478836,0.02834470197558403,-0.027233997359871864,0.0,202,32766,221,336,2925,4.106744766235352
2026-04-07T11:17:10.722,radio://0/80/2M,range,1,0,Reacquire Wall,5863,0,0,0,0.0,0,0,0.0,0.0,9803,2,32,0.020398659631609917,-0.2236308604478836,0.02834470197558403,-0.027233997359871864,0.0,245,32766,32766,334,2946,3.188269853591919
2026-04-07T11:17:10.968,radio://0/80/2M,mission,1,0,Reacquire Wall,5863,0,0,0,0.0,0,0,0.0,0.0,9803,2,32,0.23916098475456238,-0.2236308604478836,0.02834470197558403,-0.027233997359871864,0.0,245,32766,32766,334,2946,3.188269853591919
2026-04-07T11:17:10.971,radio://0/80/2M,flow,1,0,Reacquire Wall,4993,0,0,0,0.0,0,0,0.0,0.0,10053,-7,0,0.23916098475456238,-0.0710434764623642,0.23562510311603546,0.0,0.0,245,32766,32766,334,2946,3.188269853591919
2026-04-07T11:17:10.972,radio://0/80/2M,range,1,0,Reacquire Wall,4993,0,0,0,0.0,0,0,0.0,0.0,10053,-7,0,0.23916098475456238,-0.0710434764623642,0.23562510311603546,0.0,0.0,32766,32766,32766,997,2818,3.5472140312194824
2026-04-07T11:17:11.217,radio://0/80/2M,mission,1,0,Reacquire Wall,4993,0,0,0,0.0,0,0,0.0,0.0,10053,-7,0,0.44160231947898865,-0.0710434764623642,0.23562510311603546,0.0,0.0,32766,32766,32766,997,2818,3.5472140312194824
2026-04-07T11:17:11.220,radio://0/80/2M,flow,1,0,Reacquire Wall,5305,0,0,0,0.0,0,0,0.0,0.0,10303,-3,6,0.44160231947898865,-0.011774337850511074,0.06352542340755463,0.20000000298023224,0.0,32766,32766,32766,997,2818,3.5472140312194824
2026-04-07T11:17:11.222,radio://0/80/2M,range,1,0,Reacquire Wall,5305,0,0,0,0.0,0,0,0.0,0.0,10303,-3,6,0.44160231947898865,-0.011774337850511074,0.06352542340755463,0.20000000298023224,0.0,32766,32766,32766,997,2537,3.594721555709839
2026-04-07T11:17:11.467,radio://0/80/2M,mission,1,0,Reacquire Wall,5305,0,0,0,0.0,0,0,0.0,0.0,10303,-3,6,0.5337522029876709,-0.011774337850511074,0.06352542340755463,0.20000000298023224,0.0,32766,32766,32766,997,2537,3.594721555709839
2026-04-07T11:17:11.470,radio://0/80/2M,flow,1,0,Reacquire Wall,4664,0,0,0,0.0,0,0,0.0,0.0,10553,1,3,0.5337522029876709,0.09925302863121033,0.0020804370287805796,0.20000000298023224,0.0,32766,32766,32766,997,2537,3.594721555709839
2026-04-07T11:17:11.471,radio://0/80/2M,range,1,0,Reacquire Wall,4664,0,0,0,0.0,0,0,0.0,0.0,10553,1,3,0.5337522029876709,0.09925302863121033,0.0020804370287805796,0.20000000298023224,0.0,3062,32766,32766,1024,2435,3.4258065223693848
2026-04-07T11:17:11.717,radio://0/80/2M,mission,1,0,Reacquire Wall,4664,0,0,0,0.0,0,0,0.0,0.0,10553,1,3,0.5480214953422546,0.09925302863121033,0.0020804370287805796,0.20000000298023224,0.0,3062,32766,32766,1024,2435,3.4258065223693848
2026-04-07T11:17:11.720,radio://0/80/2M,flow,1,0,Reacquire Wall,3844,0,0,0,0.0,0,0,0.0,0.0,10803,2,-3,0.5480214953422546,0.1495336890220642,-0.006392613984644413,0.20000000298023224,0.0,3062,32766,32766,1024,2435,3.4258065223693848
2026-04-07T11:17:11.721,radio://0/80/2M,range,1,0,Reacquire Wall,3844,0,0,0,0.0,0,0,0.0,0.0,10803,2,-3,0.5480214953422546,0.1495336890220642,-0.006392613984644413,0.20000000298023224,0.0,3054,32766,32766,1077,2393,3.3677420616149902
2026-04-07T11:17:11.967,radio://0/80/2M,mission,1,0,Reacquire Wall,3844,0,0,0,0.0,0,0,0.0,0.0,10803,2,-3,0.5541411638259888,0.1495336890220642,-0.006392613984644413,0.20000000298023224,0.0,3054,32766,32766,1077,2393,3.3677420616149902
2026-04-07T11:17:11.970,radio://0/80/2M,flow,1,0,Reacquire Wall,3168,0,0,0,0.0,0,0,0.0,0.0,11053,-1,-6,0.5541411638259888,0.13756540417671204,0.012132367119193077,0.20000000298023224,0.0,3054,32766,32766,1077,2393,3.3677420616149902
2026-04-07T11:17:11.971,radio://0/80/2M,range,1,0,Reacquire Wall,3168,0,0,0,0.0,0,0,0.0,0.0,11053,-1,-6,0.5541411638259888,0.13756540417671204,0.012132367119193077,0.20000000298023224,0.0,3012,32766,32766,1137,2392,3.394134998321533
2026-04-07T11:17:12.217,radio://0/80/2M,mission,1,0,Reacquire Wall,3168,0,0,0,0.0,0,0,0.0,0.0,11053,-1,-6,0.5544917583465576,0.13756540417671204,0.012132367119193077,0.20000000298023224,0.0,3012,32766,32766,1137,2392,3.394134998321533
2026-04-07T11:17:12.219,radio://0/80/2M,flow,1,0,Reacquire Wall,2970,0,0,0,0.0,0,0,0.0,0.0,11303,-3,2,0.5544917583465576,0.14207983016967773,0.02131146378815174,0.20000000298023224,0.0,3012,32766,32766,1137,2392,3.394134998321533
2026-04-07T11:17:12.221,radio://0/80/2M,range,1,0,Reacquire Wall,2970,0,0,0,0.0,0,0,0.0,0.0,11303,-3,2,0.5544917583465576,0.14207983016967773,0.02131146378815174,0.20000000298023224,0.0,2897,2923,32766,1249,2383,3.3782992362976074
2026-04-07T11:17:12.467,radio://0/80/2M,mission,1,0,Reacquire Wall,2970,0,0,0,0.0,0,0,0.0,0.0,11303,-3,2,0.5562764406204224,0.14207983016967773,0.02131146378815174,0.20000000298023224,0.0,2897,2923,32766,1249,2383,3.3782992362976074
2026-04-07T11:17:12.470,radio://0/80/2M,flow,1,0,Reacquire Wall,2785,0,0,0,0.0,0,0,0.0,0.0,11553,1,-7,0.5562764406204224,0.2369512915611267,-0.028471114113926888,0.20000000298023224,0.0,2897,2923,32766,1249,2383,3.3782992362976074
2026-04-07T11:17:12.471,radio://0/80/2M,range,1,0,Reacquire Wall,2785,0,0,0,0.0,0,0,0.0,0.0,11553,1,-7,0.5562764406204224,0.2369512915611267,-0.028471114113926888,0.20000000298023224,0.0,2822,3016,32766,1329,2380,3.373020648956299
2026-04-07T11:17:12.716,radio://0/80/2M,mission,1,0,Reacquire Wall,2785,0,0,0,0.0,0,0,0.0,0.0,11553,1,-7,0.5523288249969482,0.2369512915611267,-0.028471114113926888,0.20000000298023224,0.0,2822,3016,32766,1329,2380,3.373020648956299
2026-04-07T11:17:12.719,radio://0/80/2M,flow,1,0,Reacquire Wall,2785,0,0,0,0.0,0,0,0.0,0.0,11803,6,-20,0.5523288249969482,0.33519938588142395,-0.035603299736976624,0.20000000298023224,0.0,2822,3016,32766,1329,2380,3.373020648956299
2026-04-07T11:17:12.720,radio://0/80/2M,range,1,0,Reacquire Wall,2785,0,0,0,0.0,0,0,0.0,0.0,11803,6,-20,0.5523288249969482,0.33519938588142395,-0.035603299736976624,0.20000000298023224,0.0,2670,3004,32766,1485,2384,3.3413491249084473
2026-04-07T11:17:12.966,radio://0/80/2M,mission,1,0,Reacquire Wall,2785,0,0,0,0.0,0,0,0.0,0.0,11803,6,-20,0.5515075922012329,0.33519938588142395,-0.035603299736976624,0.20000000298023224,0.0,2670,3004,32766,1485,2384,3.3413491249084473
2026-04-07T11:17:12.968,radio://0/80/2M,flow,1,0,Reacquire Wall,2785,0,0,0,0.0,0,0,0.0,0.0,12053,0,-6,0.5515075922012329,0.36204075813293457,-0.013156183063983917,0.20000000298023224,0.0,2670,3004,32766,1485,2384,3.3413491249084473
2026-04-07T11:17:12.971,radio://0/80/2M,range,1,0,Reacquire Wall,2785,0,0,0,0.0,0,0,0.0,0.0,12053,0,-6,0.5515075922012329,0.36204075813293457,-0.013156183063983917,0.20000000298023224,0.0,2534,3000,32766,1564,2387,3.357184886932373
2026-04-07T11:17:13.216,radio://0/80/2M,mission,1,0,Reacquire Wall,2785,0,0,0,0.0,0,0,0.0,0.0,12053,0,-6,0.5535731911659241,0.36204075813293457,-0.013156183063983917,0.20000000298023224,0.0,2534,3000,32766,1564,2387,3.357184886932373
2026-04-07T11:17:13.219,radio://0/80/2M,flow,1,0,Reacquire Wall,2785,0,0,0,0.0,0,0,0.0,0.0,12303,0,0,0.5535731911659241,0.29036206007003784,-0.012247010134160519,0.20000000298023224,0.0,2534,3000,32766,1564,2387,3.357184886932373
2026-04-07T11:17:13.220,radio://0/80/2M,range,1,0,Reacquire Wall,2785,0,0,0,0.0,0,0,0.0,0.0,12303,0,0,0.5535731911659241,0.29036206007003784,-0.012247010134160519,0.20000000298023224,0.0,2388,2953,32766,1731,2386,3.357184886932373
2026-04-07T11:17:13.466,radio://0/80/2M,mission,1,0,Reacquire Wall,2785,0,0,0,0.0,0,0,0.0,0.0,12303,0,0,0.5458504557609558,0.29036206007003784,-0.012247010134160519,0.20000000298023224,0.0,2388,2953,32766,1731,2386,3.357184886932373
2026-04-07T11:17:13.469,radio://0/80/2M,flow,1,0,Reacquire Wall,3143,0,0,0,0.0,0,0,0.0,0.0,12553,0,-2,0.5458504557609558,0.23509475588798523,-0.005413079634308815,0.20000000298023224,0.0,2388,2953,32766,1731,2386,3.357184886932373
2026-04-07T11:17:13.470,radio://0/80/2M,range,1,0,Reacquire Wall,3143,0,0,0,0.0,0,0,0.0,0.0,12553,0,-2,0.5458504557609558,0.23509475588798523,-0.005413079634308815,0.20000000298023224,0.0,2335,555,32766,1836,2388,3.3360705375671387
2026-04-07T11:17:13.724,radio://0/80/2M,mission,1,0,Reacquire Wall,3143,0,0,0,0.0,0,0,0.0,0.0,12553,0,-2,0.542756199836731,0.23509475588798523,-0.005413079634308815,0.20000000298023224,0.0,2335,555,32766,1836,2388,3.3360705375671387
2026-04-07T11:17:13.726,radio://0/80/2M,flow,1,0,Reacquire Wall,3547,0,0,0,0.0,0,0,0.0,0.0,12803,0,0,0.542756199836731,0.21116486191749573,-0.0002464488206896931,0.20000000298023224,0.0,2335,555,32766,1836,2388,3.3360705375671387
2026-04-07T11:17:13.727,radio://0/80/2M,range,1,0,Reacquire Wall,3547,0,0,0,0.0,0,0,0.0,0.0,12803,0,0,0.542756199836731,0.21116486191749573,-0.0002464488206896931,0.20000000298023224,0.0,2270,519,32766,1904,2402,3.3360705375671387
2026-04-07T11:17:13.965,radio://0/80/2M,mission,1,0,Reacquire Wall,3547,0,0,0,0.0,0,0,0.0,0.0,12803,0,0,0.5409776568412781,0.21116486191749573,-0.0002464488206896931,0.20000000298023224,0.0,2270,519,32766,1904,2402,3.3360705375671387
2026-04-07T11:17:13.973,radio://0/80/2M,flow,1,0,Reacquire Wall,4003,0,0,0,0.0,0,0,0.0,0.0,13053,-2,-2,0.5409776568412781,0.14906425774097443,-0.007785992696881294,0.20000000298023224,0.0,2270,519,32766,1904,2402,3.3360705375671387
2026-04-07T11:17:13.974,radio://0/80/2M,range,1,0,Reacquire Wall,4003,0,0,0,0.0,0,0,0.0,0.0,13053,-2,-2,0.5409776568412781,0.14906425774097443,-0.007785992696881294,0.20000000298023224,0.0,2229,518,32766,1915,2394,3.3360705375671387
2026-04-07T11:17:14.216,radio://0/80/2M,mission,1,0,Reacquire Wall,4003,0,0,0,0.0,0,0,0.0,0.0,13053,-2,-2,0.5435980558395386,0.14906425774097443,-0.007785992696881294,0.20000000298023224,0.0,2229,518,32766,1915,2394,3.3360705375671387
2026-04-07T11:17:14.217,radio://0/80/2M,flow,1,0,Reacquire Wall,4253,0,0,0,0.0,0,0,0.0,0.0,13303,9,2,0.5435980558395386,0.16787369549274445,-0.012070739641785622,0.20000000298023224,0.0,2229,518,32766,1915,2394,3.3360705375671387
2026-04-07T11:17:14.220,radio://0/80/2M,range,1,0,Reacquire Wall,4253,0,0,0,0.0,0,0,0.0,0.0,13303,9,2,0.5435980558395386,0.16787369549274445,-0.012070739641785622,0.20000000298023224,0.0,2174,507,32766,1961,2396,3.33079195022583
2026-04-07T11:17:14.465,radio://0/80/2M,mission,1,0,Reacquire Wall,4253,0,0,0,0.0,0,0,0.0,0.0,13303,9,2,0.5396247506141663,0.16787369549274445,-0.012070739641785622,0.20000000298023224,0.0,2174,507,32766,1961,2396,3.33079195022583
2026-04-07T11:17:14.467,radio://0/80/2M,flow,1,0,Reacquire Wall,4253,0,0,0,0.0,0,0,0.0,0.0,13553,1,0,0.5396247506141663,0.1642666459083557,0.013956919312477112,0.20000000298023224,0.0,2174,507,32766,1961,2396,3.33079195022583
2026-04-07T11:17:14.469,radio://0/80/2M,range,1,0,Reacquire Wall,4253,0,0,0,0.0,0,0,0.0,0.0,13553,1,0,0.5396247506141663,0.1642666459083557,0.013956919312477112,0.20000000298023224,0.0,2124,505,32766,2000,2400,3.3255133628845215
2026-04-07T11:17:14.716,radio://0/80/2M,mission,1,0,Reacquire Wall,4253,0,0,0,0.0,0,0,0.0,0.0,13553,1,0,0.5354271531105042,0.1642666459083557,0.013956919312477112,0.20000000298023224,0.0,2124,505,32766,2000,2400,3.3255133628845215
2026-04-07T11:17:14.717,radio://0/80/2M,flow,1,0,Reacquire Wall,4518,0,0,0,0.0,0,0,0.0,0.0,13803,0,-1,0.5354271531105042,0.15846960246562958,0.03185431286692619,0.20000000298023224,0.0,2124,505,32766,2000,2400,3.3255133628845215
2026-04-07T11:17:14.720,radio://0/80/2M,range,1,0,Reacquire Wall,4518,0,0,0,0.0,0,0,0.0,0.0,13803,0,-1,0.5354271531105042,0.15846960246562958,0.03185431286692619,0.20000000298023224,0.0,2060,488,942,2085,2403,3.3255133628845215
2026-04-07T11:17:14.965,radio://0/80/2M,mission,1,0,Reacquire Wall,4518,0,0,0,0.0,0,0,0.0,0.0,13803,0,-1,0.5307284593582153,0.15846960246562958,0.03185431286692619,0.20000000298023224,0.0,2060,488,942,2085,2403,3.3255133628845215
2026-04-07T11:17:14.968,radio://0/80/2M,flow,1,0,Reacquire Wall,4500,0,0,0,0.0,0,0,0.0,0.0,14053,0,-4,0.5307284593582153,0.1937161237001419,0.008479351177811623,0.20000000298023224,0.0,2060,488,942,2085,2403,3.3255133628845215
2026-04-07T11:17:14.969,radio://0/80/2M,range,1,0,Reacquire Wall,4500,0,0,0,0.0,0,0,0.0,0.0,14053,0,-4,0.5307284593582153,0.1937161237001419,0.008479351177811623,0.20000000298023224,0.0,1991,486,943,2139,2402,3.314955949783325
2026-04-07T11:17:15.214,radio://0/80/2M,mission,1,0,Reacquire Wall,4500,0,0,0,0.0,0,0,0.0,0.0,14053,0,-4,0.530430018901825,0.1937161237001419,0.008479351177811623,0.20000000298023224,0.0,1991,486,943,2139,2402,3.314955949783325
2026-04-07T11:17:15.217,radio://0/80/2M,flow,1,0,Reacquire Wall,3478,0,0,0,0.0,0,0,0.0,0.0,14303,0,-3,0.530430018901825,0.2253757119178772,-0.010066620074212551,0.20000000298023224,0.0,1991,486,943,2139,2402,3.314955949783325
2026-04-07T11:17:15.218,radio://0/80/2M,range,1,0,Reacquire Wall,3478,0,0,0,0.0,0,0,0.0,0.0,14303,0,-3,0.530430018901825,0.2253757119178772,-0.010066620074212551,0.20000000298023224,0.0,1878,472,934,2244,2412,3.314955949783325
2026-04-07T11:17:15.464,radio://0/80/2M,mission,1,0,Reacquire Wall,3478,0,0,0,0.0,0,0,0.0,0.0,14303,0,-3,0.5267221331596375,0.2253757119178772,-0.010066620074212551,0.20000000298023224,0.0,1878,472,934,2244,2412,3.314955949783325
2026-04-07T11:17:15.467,radio://0/80/2M,flow,1,0,Reacquire Wall,3261,0,0,0,0.0,0,0,0.0,0.0,14553,1,0,0.5267221331596375,0.25774937868118286,-0.022197414189577103,0.20000000298023224,0.0,1878,472,934,2244,2412,3.314955949783325
2026-04-07T11:17:15.469,radio://0/80/2M,range,1,0,Reacquire Wall,3261,0,0,0,0.0,0,0,0.0,0.0,14553,1,0,0.5267221331596375,0.25774937868118286,-0.022197414189577103,0.20000000298023224,0.0,1801,480,934,2293,2404,3.3096773624420166
2026-04-07T11:17:15.714,radio://0/80/2M,mission,1,0,Reacquire Wall,3261,0,0,0,0.0,0,0,0.0,0.0,14553,1,0,0.5250207781791687,0.25774937868118286,-0.022197414189577103,0.20000000298023224,0.0,1801,480,934,2293,2404,3.3096773624420166
2026-04-07T11:17:15.717,radio://0/80/2M,flow,1,0,Reacquire Wall,3261,0,0,0,0.0,0,0,0.0,0.0,14803,0,0,0.5250207781791687,0.2623650133609772,-0.04356691986322403,0.20000000298023224,0.0,1801,480,934,2293,2404,3.3096773624420166
2026-04-07T11:17:15.718,radio://0/80/2M,range,1,0,Reacquire Wall,3261,0,0,0,0.0,0,0,0.0,0.0,14803,0,0,0.5250207781791687,0.2623650133609772,-0.04356691986322403,0.20000000298023224,0.0,1680,478,935,2416,2418,3.304398775100708
2026-04-07T11:17:15.964,radio://0/80/2M,mission,1,0,Reacquire Wall,3261,0,0,0,0.0,0,0,0.0,0.0,14803,0,0,0.5229688286781311,0.2623650133609772,-0.04356691986322403,0.20000000298023224,0.0,1680,478,935,2416,2418,3.304398775100708
2026-04-07T11:17:15.967,radio://0/80/2M,flow,1,0,Reacquire Wall,3261,0,0,0,0.0,0,0,0.0,0.0,15053,1,-2,0.5229688286781311,0.2301533818244934,-0.04431212693452835,0.20000000298023224,0.0,1680,478,935,2416,2418,3.304398775100708
2026-04-07T11:17:15.968,radio://0/80/2M,range,1,0,Reacquire Wall,3261,0,0,0,0.0,0,0,0.0,0.0,15053,1,-2,0.5229688286781311,0.2301533818244934,-0.04431212693452835,0.20000000298023224,0.0,1622,481,927,2456,2411,3.2885630130767822
2026-04-07T11:17:16.214,radio://0/80/2M,mission,1,0,Reacquire Wall,3261,0,0,0,0.0,0,0,0.0,0.0,15053,1,-2,0.5202956795692444,0.2301533818244934,-0.04431212693452835,0.20000000298023224,0.0,1622,481,927,2456,2411,3.2885630130767822
2026-04-07T11:17:16.217,radio://0/80/2M,flow,1,0,Reacquire Wall,3261,0,0,0,0.0,0,0,0.0,0.0,15303,1,0,0.5202956795692444,0.21806029975414276,-0.020204655826091766,0.20000000298023224,0.0,1622,481,927,2456,2411,3.2885630130767822
2026-04-07T11:17:16.218,radio://0/80/2M,range,1,0,Reacquire Wall,3261,0,0,0,0.0,0,0,0.0,0.0,15303,1,0,0.5202956795692444,0.21806029975414276,-0.020204655826091766,0.20000000298023224,0.0,1546,494,924,2549,2420,3.267448663711548
2026-04-07T11:17:16.463,radio://0/80/2M,mission,1,0,Reacquire Wall,3261,0,0,0,0.0,0,0,0.0,0.0,15303,1,0,0.5195938944816589,0.21806029975414276,-0.020204655826091766,0.20000000298023224,0.0,1546,494,924,2549,2420,3.267448663711548
2026-04-07T11:17:16.466,radio://0/80/2M,flow,1,0,Reacquire Wall,3261,0,0,0,0.0,0,0,0.0,0.0,15553,0,0,0.5195938944816589,0.21520081162452698,-0.005378272384405136,0.20000000298023224,0.0,1546,494,924,2549,2420,3.267448663711548
2026-04-07T11:17:16.468,radio://0/80/2M,range,1,0,Reacquire Wall,3261,0,0,0,0.0,0,0,0.0,0.0,15553,0,0,0.5195938944816589,0.21520081162452698,-0.005378272384405136,0.20000000298023224,0.0,1509,496,921,2593,2415,3.320234775543213
2026-04-07T11:17:16.713,radio://0/80/2M,mission,1,0,Reacquire Wall,3261,0,0,0,0.0,0,0,0.0,0.0,15553,0,0,0.5212367177009583,0.21520081162452698,-0.005378272384405136,0.20000000298023224,0.0,1509,496,921,2593,2415,3.320234775543213
2026-04-07T11:17:16.716,radio://0/80/2M,flow,1,0,Reacquire Wall,3261,0,0,0,0.0,0,0,0.0,0.0,15803,0,-2,0.5212367177009583,0.21219804883003235,0.010782867670059204,0.20000000298023224,0.0,1509,496,921,2593,2415,3.320234775543213
2026-04-07T11:17:16.717,radio://0/80/2M,range,1,0,Reacquire Wall,3261,0,0,0,0.0,0,0,0.0,0.0,15803,0,-2,0.5212367177009583,0.21219804883003235,0.010782867670059204,0.20000000298023224,0.0,1457,492,923,2634,2410,3.3255133628845215
2026-04-07T11:17:16.964,radio://0/80/2M,mission,1,0,Reacquire Wall,3261,0,0,0,0.0,0,0,0.0,0.0,15803,0,-2,0.5164197087287903,0.21219804883003235,0.010782867670059204,0.20000000298023224,0.0,1457,492,923,2634,2410,3.3255133628845215
2026-04-07T11:17:16.965,radio://0/80/2M,flow,1,0,Reacquire Wall,3261,0,0,0,0.0,0,0,0.0,0.0,16053,0,-1,0.5164197087287903,0.18480464816093445,-0.01715085096657276,0.20000000298023224,0.0,1457,492,923,2634,2410,3.3255133628845215
2026-04-07T11:17:16.967,radio://0/80/2M,range,1,0,Reacquire Wall,3261,0,0,0,0.0,0,0,0.0,0.0,16053,0,-1,0.5164197087287903,0.18480464816093445,-0.01715085096657276,0.20000000298023224,0.0,1425,494,920,2642,2413,3.314955949783325
2026-04-07T11:17:17.213,radio://0/80/2M,mission,1,0,Reacquire Wall,3261,0,0,0,0.0,0,0,0.0,0.0,16053,0,-1,0.5136118531227112,0.18480464816093445,-0.01715085096657276,0.20000000298023224,0.0,1425,494,920,2642,2413,3.314955949783325
2026-04-07T11:17:17.216,radio://0/80/2M,flow,1,0,Reacquire Wall,3261,0,0,0,0.0,0,0,0.0,0.0,16303,0,0,0.5136118531227112,0.19335722923278809,-0.026521192863583565,0.20000000298023224,0.0,1425,494,920,2642,2413,3.314955949783325
2026-04-07T11:17:17.217,radio://0/80/2M,range,1,0,Reacquire Wall,3261,0,0,0,0.0,0,0,0.0,0.0,16303,0,0,0.5136118531227112,0.19335722923278809,-0.026521192863583565,0.20000000298023224,0.0,1372,505,922,2690,2419,3.320234775543213
2026-04-07T11:17:17.463,radio://0/80/2M,mission,1,0,Reacquire Wall,3261,0,0,0,0.0,0,0,0.0,0.0,16303,0,0,0.5125072002410889,0.19335722923278809,-0.026521192863583565,0.20000000298023224,0.0,1372,505,922,2690,2419,3.320234775543213
2026-04-07T11:17:17.466,radio://0/80/2M,flow,1,0,Reacquire Wall,3261,0,0,0,0.0,0,0,0.0,0.0,16553,2,-1,0.5125072002410889,0.2017481029033661,-0.02976326458156109,0.20000000298023224,0.0,1372,505,922,2690,2419,3.320234775543213
2026-04-07T11:17:17.467,radio://0/80/2M,range,1,0,Reacquire Wall,3261,0,0,0,0.0,0,0,0.0,0.0,16553,2,-1,0.5125072002410889,0.2017481029033661,-0.02976326458156109,0.20000000298023224,0.0,1341,515,926,2722,2421,3.3255133628845215
2026-04-07T11:17:17.713,radio://0/80/2M,mission,1,0,Reacquire Wall,3261,0,0,0,0.0,0,0,0.0,0.0,16553,2,-1,0.5100811123847961,0.2017481029033661,-0.02976326458156109,0.20000000298023224,0.0,1341,515,926,2722,2421,3.3255133628845215
2026-04-07T11:17:17.715,radio://0/80/2M,flow,1,0,Reacquire Wall,3261,0,0,0,0.0,0,0,0.0,0.0,16803,0,0,0.5100811123847961,0.18360686302185059,-0.016672976315021515,0.20000000298023224,0.0,1341,515,926,2722,2421,3.3255133628845215
2026-04-07T11:17:17.717,radio://0/80/2M,range,1,0,Reacquire Wall,3261,0,0,0,0.0,0,0,0.0,0.0,16803,0,0,0.5100811123847961,0.18360686302185059,-0.016672976315021515,0.20000000298023224,0.0,1296,517,937,2772,2429,3.304398775100708
2026-04-07T11:17:17.963,radio://0/80/2M,mission,1,0,Reacquire Wall,3261,0,0,0,0.0,0,0,0.0,0.0,16803,0,0,0.511332094669342,0.18360686302185059,-0.016672976315021515,0.20000000298023224,0.0,1296,517,937,2772,2429,3.304398775100708
2026-04-07T11:17:17.964,radio://0/80/2M,flow,1,0,Reacquire Wall,3261,0,0,0,0.0,0,0,0.0,0.0,17053,-1,0,0.511332094669342,0.18356172740459442,0.0034225580748170614,0.20000000298023224,0.0,1296,517,937,2772,2429,3.304398775100708
2026-04-07T11:17:17.966,radio://0/80/2M,range,1,0,Reacquire Wall,3261,0,0,0,0.0,0,0,0.0,0.0,17053,-1,0,0.511332094669342,0.18356172740459442,0.0034225580748170614,0.20000000298023224,0.0,1271,519,964,2806,2426,3.3096773624420166
2026-04-07T11:17:18.212,radio://0/80/2M,mission,1,0,Reacquire Wall,3261,0,0,0,0.0,0,0,0.0,0.0,17053,-1,0,0.5143493413925171,0.18356172740459442,0.0034225580748170614,0.20000000298023224,0.0,1271,519,964,2806,2426,3.3096773624420166
2026-04-07T11:17:18.216,radio://0/80/2M,flow,1,0,Reacquire Wall,3464,0,0,0,0.0,0,0,0.0,0.0,17303,1,0,0.5143493413925171,0.18938221037387848,0.0027178581804037094,0.20000000298023224,0.0,1271,519,964,2806,2426,3.3096773624420166
2026-04-07T11:17:18.217,radio://0/80/2M,range,1,0,Reacquire Wall,3464,0,0,0,0.0,0,0,0.0,0.0,17303,1,0,0.5143493413925171,0.18938221037387848,0.0027178581804037094,0.20000000298023224,0.0,1227,524,32766,2853,2415,3.3096773624420166
2026-04-07T11:17:18.462,radio://0/80/2M,mission,1,0,Reacquire Wall,3464,0,0,0,0.0,0,0,0.0,0.0,17303,1,0,0.5150488615036011,0.18938221037387848,0.0027178581804037094,0.20000000298023224,0.0,1227,524,32766,2853,2415,3.3096773624420166
2026-04-07T11:17:18.465,radio://0/80/2M,flow,1,0,Reacquire Wall,3680,0,0,0,0.0,0,0,0.0,0.0,17553,0,-3,0.5150488615036011,0.19145171344280243,0.0010284966556355357,0.20000000298023224,0.0,1227,524,32766,2853,2415,3.3096773624420166
2026-04-07T11:17:18.466,radio://0/80/2M,range,1,0,Reacquire Wall,3680,0,0,0,0.0,0,0,0.0,0.0,17553,0,-3,0.5150488615036011,0.19145171344280243,0.0010284966556355357,0.20000000298023224,0.0,1198,517,32766,2880,2417,3.304398775100708
2026-04-07T11:17:18.712,radio://0/80/2M,mission,1,0,Reacquire Wall,3680,0,0,0,0.0,0,0,0.0,0.0,17553,0,-3,0.510762631893158,0.19145171344280243,0.0010284966556355357,0.20000000298023224,0.0,1198,517,32766,2880,2417,3.304398775100708
2026-04-07T11:17:18.714,radio://0/80/2M,flow,1,0,Reacquire Wall,4154,0,0,0,0.0,0,0,0.0,0.0,17803,-1,0,0.510762631893158,0.19716565310955048,0.0008841505623422563,0.20000000298023224,0.0,1198,517,32766,2880,2417,3.304398775100708
2026-04-07T11:17:18.716,radio://0/80/2M,range,1,0,Reacquire Wall,4154,0,0,0,0.0,0,0,0.0,0.0,17803,-1,0,0.510762631893158,0.19716565310955048,0.0008841505623422563,0.20000000298023224,0.0,1147,510,2257,2926,2423,3.2991201877593994
2026-04-07T11:17:18.962,radio://0/80/2M,mission,1,0,Reacquire Wall,4154,0,0,0,0.0,0,0,0.0,0.0,17803,-1,0,0.5063759088516235,0.19716565310955048,0.0008841505623422563,0.20000000298023224,0.0,1147,510,2257,2926,2423,3.2991201877593994
2026-04-07T11:17:18.965,radio://0/80/2M,flow,1,0,Reacquire Wall,4688,0,0,0,0.0,0,0,0.0,0.0,18053,-1,0,0.5063759088516235,0.20432162284851074,0.01052211131900549,0.20000000298023224,0.0,1147,510,2257,2926,2423,3.2991201877593994
2026-04-07T11:17:18.966,radio://0/80/2M,range,1,0,Reacquire Wall,4688,0,0,0,0.0,0,0,0.0,0.0,18053,-1,0,0.5063759088516235,0.20432162284851074,0.01052211131900549,0.20000000298023224,0.0,1113,498,2295,2956,2420,3.304398775100708
2026-04-07T11:17:19.211,radio://0/80/2M,mission,1,0,Reacquire Wall,4688,0,0,0,0.0,0,0,0.0,0.0,18053,-1,0,0.506401538848877,0.20432162284851074,0.01052211131900549,0.20000000298023224,0.0,1113,498,2295,2956,2420,3.304398775100708
2026-04-07T11:17:19.214,radio://0/80/2M,flow,1,0,Reacquire Wall,5622,0,0,0,0.0,0,0,0.0,0.0,18303,-2,-3,0.506401538848877,0.2170649617910385,0.01771647296845913,0.20000000298023224,0.0,1113,498,2295,2956,2420,3.304398775100708
2026-04-07T11:17:19.215,radio://0/80/2M,range,1,0,Reacquire Wall,5622,0,0,0,0.0,0,0,0.0,0.0,18303,-2,-3,0.506401538848877,0.2170649617910385,0.01771647296845913,0.20000000298023224,0.0,1054,483,2320,32766,2422,3.293841600418091
2026-04-07T11:17:19.462,radio://0/80/2M,mission,1,0,Reacquire Wall,5622,0,0,0,0.0,0,0,0.0,0.0,18303,-2,-3,0.5078526735305786,0.2170649617910385,0.01771647296845913,0.20000000298023224,0.0,1054,483,2320,32766,2422,3.293841600418091
2026-04-07T11:17:19.464,radio://0/80/2M,flow,1,0,Reacquire Wall,6346,0,0,0,0.0,0,0,0.0,0.0,18553,-2,0,0.5078526735305786,0.15625007450580597,-0.013725296594202518,0.20000000298023224,0.0,1054,483,2320,32766,2422,3.293841600418091
2026-04-07T11:17:19.466,radio://0/80/2M,range,1,0,Reacquire Wall,6346,0,0,0,0.0,0,0,0.0,0.0,18553,-2,0,0.5078526735305786,0.15625007450580597,-0.013725296594202518,0.20000000298023224,0.0,1018,473,32766,32766,2426,3.293841600418091
2026-04-07T11:17:19.711,radio://0/80/2M,mission,1,0,Reacquire Wall,6346,0,0,0,0.0,0,0,0.0,0.0,18553,-2,0,0.5045445561408997,0.15625007450580597,-0.013725296594202518,0.20000000298023224,0.0,1018,473,32766,32766,2426,3.293841600418091
2026-04-07T11:17:19.714,radio://0/80/2M,flow,1,0,Reacquire Wall,6346,0,0,0,0.0,0,0,0.0,0.0,18803,-6,-9,0.5045445561408997,0.1558474898338318,-0.0050977254286408424,0.20000000298023224,0.0,1018,473,32766,32766,2426,3.293841600418091
2026-04-07T11:17:19.717,radio://0/80/2M,range,1,0,Reacquire Wall,6346,0,0,0,0.0,0,0,0.0,0.0,18803,-6,-9,0.5045445561408997,0.1558474898338318,-0.0050977254286408424,0.20000000298023224,0.0,960,480,32766,32766,2428,3.278005838394165
2026-04-07T11:17:19.960,radio://0/80/2M,mission,1,0,Reacquire Wall,6346,0,0,0,0.0,0,0,0.0,0.0,18803,-6,-9,0.4982958734035492,0.1558474898338318,-0.0050977254286408424,0.20000000298023224,0.0,960,480,32766,32766,2428,3.278005838394165
2026-04-07T11:17:19.963,radio://0/80/2M,flow,1,0,Reacquire Wall,6346,0,0,0,0.0,0,0,0.0,0.0,19053,8,6,0.4982958734035492,0.11891596764326096,-0.014753791503608227,0.20000000298023224,0.0,960,480,32766,32766,2428,3.278005838394165
2026-04-07T11:17:19.965,radio://0/80/2M,range,1,0,Reacquire Wall,6346,0,0,0,0.0,0,0,0.0,0.0,19053,8,6,0.4982958734035492,0.11891596764326096,-0.014753791503608227,0.20000000298023224,0.0,911,488,32766,32766,2427,3.2568914890289307
2026-04-07T11:17:20.210,radio://0/80/2M,mission,1,0,Reacquire Wall,6346,0,0,0,0.0,0,0,0.0,0.0,19053,8,6,0.5032510161399841,0.11891596764326096,-0.014753791503608227,0.20000000298023224,0.0,911,488,32766,32766,2427,3.2568914890289307
2026-04-07T11:17:20.213,radio://0/80/2M,flow,1,0,Reacquire Wall,6346,0,0,0,0.0,0,0,0.0,0.0,19303,7,3,0.5032510161399841,0.13089795410633087,0.009256227873265743,0.20000000298023224,0.0,911,488,32766,32766,2427,3.2568914890289307
2026-04-07T11:17:20.215,radio://0/80/2M,range,1,0,Reacquire Wall,6346,0,0,0,0.0,0,0,0.0,0.0,19303,7,3,0.5032510161399841,0.13089795410633087,0.009256227873265743,0.20000000298023224,0.0,839,509,32766,32766,2440,3.278005838394165
2026-04-07T11:17:20.461,radio://0/80/2M,mission,1,0,Reacquire Wall,6346,0,0,0,0.0,0,0,0.0,0.0,19303,7,3,0.5082459449768066,0.13089795410633087,0.009256227873265743,0.20000000298023224,0.0,839,509,32766,32766,2440,3.278005838394165
2026-04-07T11:17:20.464,radio://0/80/2M,flow,1,0,Reacquire Wall,5231,0,0,0,0.0,0,0,0.0,0.0,19553,-1,-3,0.5082459449768066,0.12781591713428497,0.01552900206297636,0.20000000298023224,0.0,839,509,32766,32766,2440,3.278005838394165
2026-04-07T11:17:20.465,radio://0/80/2M,range,1,0,Reacquire Wall,5231,0,0,0,0.0,0,0,0.0,0.0,19553,-1,-3,0.5082459449768066,0.12781591713428497,0.01552900206297636,0.20000000298023224,0.0,756,518,32766,32766,2431,3.278005838394165
2026-04-07T11:17:20.711,radio://0/80/2M,mission,1,5,Transition,5231,0,0,0,0.0,0,0,0.0,0.0,19553,-1,-3,0.5052998661994934,0.12781591713428497,0.01552900206297636,0.20000000298023224,0.0,756,518,32766,32766,2431,3.278005838394165
2026-04-07T11:17:20.712,radio://0/80/2M,flow,1,5,Transition,4043,0,0,0,0.0,0,0,0.0,0.0,19803,-5,-9,0.5052998661994934,0.07630741596221924,0.008674455806612968,0.0,0.0,756,518,32766,32766,2431,3.278005838394165
2026-04-07T11:17:20.714,radio://0/80/2M,range,1,5,Transition,4043,0,0,0,0.0,0,0,0.0,0.0,19803,-5,-9,0.5052998661994934,0.07630741596221924,0.008674455806612968,0.0,0.0,610,513,32766,32766,2431,3.251612901687622
2026-04-07T11:17:20.960,radio://0/80/2M,mission,1,2,Scan,4043,0,0,0,0.0,0,0,0.0,0.0,19803,-5,-9,0.5023155808448792,0.07630741596221924,0.008674455806612968,0.0,0.0,610,513,32766,32766,2431,3.251612901687622
2026-04-07T11:17:20.963,radio://0/80/2M,flow,1,2,Scan,4043,0,0,0,0.0,0,0,0.0,0.0,20053,1,-9,0.5023155808448792,0.015049451030790806,-0.021397389471530914,0.0,0.0,610,513,32766,32766,2431,3.251612901687622
2026-04-07T11:17:20.964,radio://0/80/2M,range,1,2,Scan,4043,0,0,0,0.0,0,0,0.0,0.0,20053,1,-9,0.5023155808448792,0.015049451030790806,-0.021397389471530914,0.0,0.0,501,522,32766,32766,2438,3.2621700763702393
2026-04-07T11:17:21.210,radio://0/80/2M,mission,1,2,Scan,4043,0,0,0,0.0,0,0,0.0,0.0,20053,1,-9,0.5102300643920898,0.015049451030790806,-0.021397389471530914,0.0,0.0,501,522,32766,32766,2438,3.2621700763702393
2026-04-07T11:17:21.213,radio://0/80/2M,flow,1,2,Scan,4043,0,0,0,0.0,0,0,0.0,0.0,20303,9,-2,0.5102300643920898,-0.030014054849743843,-0.005839199293404818,-0.08700001239776611,0.0,501,522,32766,32766,2438,3.2621700763702393
2026-04-07T11:17:21.215,radio://0/80/2M,range,1,2,Scan,4043,0,0,0,0.0,0,0,0.0,0.0,20303,9,-2,0.5102300643920898,-0.030014054849743843,-0.005839199293404818,-0.08700001239776611,0.0,355,540,2304,32766,2432,3.2885630130767822
2026-04-07T11:17:21.460,radio://0/80/2M,mission,1,2,Scan,4043,0,0,0,0.0,0,0,0.0,0.0,20303,9,-2,0.5172987580299377,-0.030014054849743843,-0.005839199293404818,-0.08700001239776611,0.0,355,540,2304,32766,2432,3.2885630130767822
2026-04-07T11:17:21.463,radio://0/80/2M,flow,1,2,Scan,4043,0,0,0,0.0,0,0,0.0,0.0,20553,0,3,0.5172987580299377,-0.053641606122255325,-0.01111028715968132,-0.14880000054836273,0.0,355,540,2304,32766,2432,3.2885630130767822
2026-04-07T11:17:21.464,radio://0/80/2M,range,1,2,Scan,4043,0,0,0,0.0,0,0,0.0,0.0,20553,0,3,0.5172987580299377,-0.053641606122255325,-0.01111028715968132,-0.14880000054836273,0.0,252,561,32766,32766,2425,3.2727272510528564
2026-04-07T11:17:21.710,radio://0/80/2M,mission,1,2,Scan,4043,0,0,0,0.0,0,0,0.0,0.0,20553,0,3,0.507978618144989,-0.053641606122255325,-0.01111028715968132,-0.14880000054836273,0.0,252,561,32766,32766,2425,3.2727272510528564
2026-04-07T11:17:21.713,radio://0/80/2M,flow,1,2,Scan,4563,0,0,0,0.0,0,0,0.0,0.0,20803,-1,-3,0.507978618144989,-0.255133718252182,0.02949676476418972,-0.2393999993801117,0.2136000096797943,252,561,32766,32766,2425,3.2727272510528564
2026-04-07T11:17:21.714,radio://0/80/2M,range,1,2,Scan,4563,0,0,0,0.0,0,0,0.0,0.0,20803,-1,-3,0.507978618144989,-0.255133718252182,0.02949676476418972,-0.2393999993801117,0.2136000096797943,101,613,144,32766,2413,3.1196482181549072
2026-04-07T11:17:21.963,radio://0/80/2M,mission,1,2,Scan,4563,0,0,0,0.0,0,0,0.0,0.0,20803,-1,-3,0.48705774545669556,-0.255133718252182,0.02949676476418972,-0.2393999993801117,0.2136000096797943,101,613,144,32766,2413,3.1196482181549072
2026-04-07T11:17:21.964,radio://0/80/2M,flow,1,2,Scan,4011,0,0,0,0.0,0,0,0.0,0.0,21053,-3,11,0.48705774545669556,-0.18342989683151245,0.030289947986602783,-0.2808000147342682,0.19140000641345978,101,613,144,32766,2413,3.1196482181549072
2026-04-07T11:17:21.966,radio://0/80/2M,range,1,2,Scan,4011,0,0,0,0.0,0,0,0.0,0.0,21053,-3,11,0.48705774545669556,-0.18342989683151245,0.030289947986602783,-0.2808000147342682,0.19140000641345978,32,569,181,32766,32766,3.0615835189819336
2026-04-07T11:17:22.209,radio://0/80/2M,mission,1,2,Scan,4011,0,0,0,0.0,0,0,0.0,0.0,21053,-3,11,0.5183865427970886,-0.18342989683151245,0.030289947986602783,-0.2808000147342682,0.19140000641345978,32,569,181,32766,32766,3.0615835189819336
2026-04-07T11:17:22.212,radio://0/80/2M,flow,1,2,Scan,4011,0,0,0,0.0,0,0,0.0,0.0,21303,-5,15,0.5183865427970886,-0.07545532286167145,-0.06073513999581337,-0.28380000591278076,0.0,32,569,181,32766,32766,3.0615835189819336
2026-04-07T11:17:22.213,radio://0/80/2M,range,1,2,Scan,4011,0,0,0,0.0,0,0,0.0,0.0,21303,-5,15,0.5183865427970886,-0.07545532286167145,-0.06073513999581337,-0.28380000591278076,0.0,27,573,32766,32766,2360,3.135483980178833
2026-04-07T11:17:22.459,radio://0/80/2M,mission,1,2,Scan,4011,0,0,0,0.0,0,0,0.0,0.0,21303,-5,15,0.4976375102996826,-0.07545532286167145,-0.06073513999581337,-0.28380000591278076,0.0,27,573,32766,32766,2360,3.135483980178833
2026-04-07T11:17:22.462,radio://0/80/2M,flow,1,2,Scan,4011,0,0,0,0.0,0,0,0.0,0.0,21553,0,0,0.4976375102996826,-0.2082095444202423,-0.040314748883247375,-0.262800008058548,0.22920000553131104,27,573,32766,32766,2360,3.135483980178833
2026-04-07T11:17:22.463,radio://0/80/2M,range,1,2,Scan,4011,0,0,0,0.0,0,0,0.0,0.0,21553,0,0,0.4976375102996826,-0.2082095444202423,-0.040314748883247375,-0.262800008058548,0.22920000553131104,62,640,118,32766,2429,3.267448663711548
2026-04-07T11:17:22.709,radio://0/80/2M,mission,1,2,Scan,4011,0,0,0,0.0,0,0,0.0,0.0,21553,0,0,0.5465269088745117,-0.2082095444202423,-0.040314748883247375,-0.262800008058548,0.22920000553131104,62,640,118,32766,2429,3.267448663711548
2026-04-07T11:17:22.712,radio://0/80/2M,flow,1,2,Scan,4261,0,0,0,0.0,0,0,0.0,0.0,21803,-6,4,0.5465269088745117,-0.4599055349826813,0.048007864505052567,-0.17520000040531158,0.23160001635551453,62,640,118,32766,2429,3.267448663711548
2026-04-07T11:17:22.713,radio://0/80/2M,range,1,2,Scan,4261,0,0,0,0.0,0,0,0.0,0.0,21803,-6,4,0.5465269088745117,-0.4599055349826813,0.048007864505052567,-0.17520000040531158,0.23160001635551453,208,1074,114,32766,2416,3.399413585662842
2026-04-07T11:17:22.960,radio://0/80/2M,mission,1,2,Scan,4261,0,0,0,0.0,0,0,0.0,0.0,21803,-6,4,0.5451751351356506,-0.4599055349826813,0.048007864505052567,-0.17520000040531158,0.23160001635551453,208,1074,114,32766,2416,3.399413585662842
2026-04-07T11:17:22.961,radio://0/80/2M,flow,1,2,Scan,3995,0,0,0,0.0,0,0,0.0,0.0,22053,1,5,0.5451751351356506,-0.40017223358154297,0.07077794522047043,0.0,0.19620002806186676,208,1074,114,32766,2416,3.399413585662842
2026-04-07T11:17:22.962,radio://0/80/2M,range,1,2,Scan,3995,0,0,0,0.0,0,0,0.0,0.0,22053,1,5,0.5451751351356506,-0.40017223358154297,0.07077794522047043,0.0,0.19620002806186676,580,1414,173,32766,2377,3.3255133628845215
2026-04-07T11:17:23.208,radio://0/80/2M,mission,1,2,Scan,3995,0,0,0,0.0,0,0,0.0,0.0,22053,1,5,0.49810320138931274,-0.40017223358154297,0.07077794522047043,0.0,0.19620002806186676,580,1414,173,32766,2377,3.3255133628845215
2026-04-07T11:17:23.211,radio://0/80/2M,flow,1,2,Scan,3746,0,0,0,0.0,0,0,0.0,0.0,22303,0,-2,0.49810320138931274,-0.24189713597297668,0.05458467826247215,0.0,0.16020001471042633,580,1414,173,32766,2377,3.3255133628845215
2026-04-07T11:17:23.213,radio://0/80/2M,range,1,2,Scan,3746,0,0,0,0.0,0,0,0.0,0.0,22303,0,-2,0.49810320138931274,-0.24189713597297668,0.05458467826247215,0.0,0.16020001471042633,587,1464,233,2206,2428,3.251612901687622
2026-04-07T11:17:23.479,radio://0/80/2M,mission,1,2,Scan,3746,0,0,0,0.0,0,0,0.0,0.0,22303,0,-2,0.48719322681427,-0.24189713597297668,0.05458467826247215,0.0,0.16020001471042633,587,1464,233,2206,2428,3.251612901687622
2026-04-07T11:17:23.481,radio://0/80/2M,flow,1,2,Scan,3746,0,0,0,0.0,0,0,0.0,0.0,22553,0,0,0.48719322681427,-0.10989510267972946,0.010288093239068985,0.0,0.14520001411437988,587,1464,233,2206,2428,3.251612901687622
2026-04-07T11:17:23.482,radio://0/80/2M,range,1,2,Scan,3746,0,0,0,0.0,0,0,0.0,0.0,22553,0,0,0.48719322681427,-0.10989510267972946,0.010288093239068985,0.0,0.14520001411437988,570,32766,258,2276,2447,3.2991201877593994
2026-04-07T11:17:23.708,radio://0/80/2M,mission,1,2,Scan,3746,0,0,0,0.0,0,0,0.0,0.0,22553,0,0,0.4921610653400421,-0.10989510267972946,0.010288093239068985,0.0,0.14520001411437988,570,32766,258,2276,2447,3.2991201877593994
2026-04-07T11:17:23.711,radio://0/80/2M,flow,1,2,Scan,3746,0,0,0,0.0,0,0,0.0,0.0,22803,-4,4,0.4921610653400421,-0.09553922712802887,-0.008349713869392872,0.0,0.1265999972820282,570,32766,258,2276,2447,3.2991201877593994
2026-04-07T11:17:23.712,radio://0/80/2M,range,1,2,Scan,3746,0,0,0,0.0,0,0,0.0,0.0,22803,-4,4,0.4921610653400421,-0.09553922712802887,-0.008349713869392872,0.0,0.1265999972820282,539,32766,289,2290,2449,3.314955949783325
2026-04-07T11:17:23.958,radio://0/80/2M,mission,1,2,Scan,3746,0,0,0,0.0,0,0,0.0,0.0,22803,-4,4,0.4986344575881958,-0.09553922712802887,-0.008349713869392872,0.0,0.1265999972820282,539,32766,289,2290,2449,3.314955949783325
2026-04-07T11:17:23.960,radio://0/80/2M,flow,1,2,Scan,3746,0,0,0,0.0,0,0,0.0,0.0,23053,-1,2,0.4986344575881958,-0.07536879926919937,-0.03559113293886185,0.0,0.10980000346899033,539,32766,289,2290,2449,3.314955949783325
2026-04-07T11:17:23.961,radio://0/80/2M,range,1,2,Scan,3746,0,0,0,0.0,0,0,0.0,0.0,23053,-1,2,0.4986344575881958,-0.07536879926919937,-0.03559113293886185,0.0,0.10980000346899033,527,32766,317,32766,2432,3.320234775543213
2026-04-07T11:17:24.208,radio://0/80/2M,mission,1,2,Scan,3746,0,0,0,0.0,0,0,0.0,0.0,23053,-1,2,0.4969960153102875,-0.07536879926919937,-0.03559113293886185,0.0,0.10980000346899033,527,32766,317,32766,2432,3.320234775543213
2026-04-07T11:17:24.209,radio://0/80/2M,flow,1,2,Scan,3746,0,0,0,0.0,0,0,0.0,0.0,23303,9,-4,0.4969960153102875,-0.06239207088947296,-0.006473483517765999,0.0,0.066600002348423,527,32766,317,32766,2432,3.320234775543213
2026-04-07T11:17:24.211,radio://0/80/2M,range,1,2,Scan,3746,0,0,0,0.0,0,0,0.0,0.0,23303,9,-4,0.4969960153102875,-0.06239207088947296,-0.006473483517765999,0.0,0.066600002348423,505,32766,389,641,2441,3.2832844257354736
2026-04-07T11:17:24.458,radio://0/80/2M,mission,1,2,Scan,3746,0,0,0,0.0,0,0,0.0,0.0,23303,9,-4,0.4939523935317993,-0.06239207088947296,-0.006473483517765999,0.0,0.066600002348423,505,32766,389,641,2441,3.2832844257354736
2026-04-07T11:17:24.460,radio://0/80/2M,flow,1,2,Scan,3746,0,0,0,0.0,0,0,0.0,0.0,23553,-5,0,0.4939523935317993,-0.036480650305747986,0.029794516041874886,-0.0029999972321093082,0.015000004321336746,505,32766,389,641,2441,3.2832844257354736
2026-04-07T11:17:24.462,radio://0/80/2M,range,1,2,Scan,3746,0,0,0,0.0,0,0,0.0,0.0,23553,-5,0,0.4939523935317993,-0.036480650305747986,0.029794516041874886,-0.0029999972321093082,0.015000004321336746,495,1634,475,616,2439,3.2885630130767822
2026-04-07T11:17:24.707,radio://0/80/2M,mission,1,2,Scan,3746,0,0,0,0.0,0,0,0.0,0.0,23553,-5,0,0.4947957694530487,-0.036480650305747986,0.029794516041874886,-0.0029999972321093082,0.015000004321336746,495,1634,475,616,2439,3.2885630130767822
2026-04-07T11:17:24.710,radio://0/80/2M,flow,1,2,Scan,3746,0,0,0,0.0,0,0,0.0,0.0,23803,8,-8,0.4947957694530487,-0.04576841741800308,0.09437812119722366,-0.014399994164705276,0.0,495,1634,475,616,2439,3.2885630130767822
2026-04-07T11:17:24.711,radio://0/80/2M,range,1,2,Scan,3746,0,0,0,0.0,0,0,0.0,0.0,23803,8,-8,0.4947957694530487,-0.04576841741800308,0.09437812119722366,-0.014399994164705276,0.0,476,1512,570,602,2442,3.2832844257354736
2026-04-07T11:17:24.957,radio://0/80/2M,mission,1,2,Scan,3746,0,0,0,0.0,0,0,0.0,0.0,23803,8,-8,0.4962529242038727,-0.04576841741800308,0.09437812119722366,-0.014399994164705276,0.0,476,1512,570,602,2442,3.2832844257354736
2026-04-07T11:17:24.959,radio://0/80/2M,flow,1,2,Scan,3980,0,0,0,0.0,0,0,0.0,0.0,24053,0,0,0.4962529242038727,0.003655775683000684,0.0476587675511837,-0.01200000662356615,0.036000002175569534,476,1512,570,602,2442,3.2832844257354736
2026-04-07T11:17:24.961,radio://0/80/2M,range,1,2,Scan,3980,0,0,0,0.0,0,0,0.0,0.0,24053,0,0,0.4962529242038727,0.003655775683000684,0.0476587675511837,-0.01200000662356615,0.036000002175569534,480,1451,440,579,2438,3.278005838394165
2026-04-07T11:17:25.207,radio://0/80/2M,mission,1,2,Scan,3980,0,0,0,0.0,0,0,0.0,0.0,24053,0,0,0.4992249608039856,0.003655775683000684,0.0476587675511837,-0.01200000662356615,0.036000002175569534,480,1451,440,579,2438,3.278005838394165
2026-04-07T11:17:25.210,radio://0/80/2M,flow,1,2,Scan,4228,0,0,0,0.0,0,0,0.0,0.0,24303,0,0,0.4992249608039856,-0.0011855398770421743,-0.005175882950425148,0.0,0.1080000102519989,480,1451,440,579,2438,3.278005838394165
2026-04-07T11:17:25.211,radio://0/80/2M,range,1,2,Scan,4228,0,0,0,0.0,0,0,0.0,0.0,24303,0,0,0.4992249608039856,-0.0011855398770421743,-0.005175882950425148,0.0,0.1080000102519989,556,1467,320,537,2434,3.278005838394165
2026-04-07T11:17:25.458,radio://0/80/2M,mission,1,2,Scan,4228,0,0,0,0.0,0,0,0.0,0.0,24303,0,0,0.5024955868721008,-0.0011855398770421743,-0.005175882950425148,0.0,0.1080000102519989,556,1467,320,537,2434,3.278005838394165
2026-04-07T11:17:25.459,radio://0/80/2M,flow,1,2,Scan,4228,0,0,0,0.0,0,0,0.0,0.0,24553,0,-2,0.5024955868721008,-0.0505802258849144,-0.07308739423751831,0.0,0.13020001351833344,556,1467,320,537,2434,3.278005838394165
2026-04-07T11:17:25.461,radio://0/80/2M,range,1,2,Scan,4228,0,0,0,0.0,0,0,0.0,0.0,24553,0,-2,0.5024955868721008,-0.0505802258849144,-0.07308739423751831,0.0,0.13020001351833344,674,1821,283,524,2440,3.2832844257354736
2026-04-07T11:17:25.707,radio://0/80/2M,mission,1,2,Scan,4228,0,0,0,0.0,0,0,0.0,0.0,24553,0,-2,0.499176561832428,-0.0505802258849144,-0.07308739423751831,0.0,0.13020001351833344,674,1821,283,524,2440,3.2832844257354736
2026-04-07T11:17:25.710,radio://0/80/2M,flow,1,2,Scan,4228,0,0,0,0.0,0,0,0.0,0.0,24803,1,2,0.499176561832428,-0.0645313709974289,-0.10093338042497635,0.0,0.14160001277923584,674,1821,283,524,2440,3.2832844257354736
2026-04-07T11:17:25.711,radio://0/80/2M,range,1,2,Scan,4228,0,0,0,0.0,0,0,0.0,0.0,24803,1,2,0.499176561832428,-0.0645313709974289,-0.10093338042497635,0.0,0.14160001277923584,32766,32766,264,530,2433,3.2621700763702393
2026-04-07T11:17:25.956,radio://0/80/2M,mission,1,2,Scan,4228,0,0,0,0.0,0,0,0.0,0.0,24803,1,2,0.4970580041408539,-0.0645313709974289,-0.10093338042497635,0.0,0.14160001277923584,32766,32766,264,530,2433,3.2621700763702393
2026-04-07T11:17:25.959,radio://0/80/2M,flow,1,2,Scan,4228,0,0,0,0.0,0,0,0.0,0.0,25053,0,0,0.4970580041408539,-0.01928034797310829,-0.10396026074886322,0.0,0.15000000596046448,32766,32766,264,530,2433,3.2621700763702393
2026-04-07T11:17:25.960,radio://0/80/2M,range,1,2,Scan,4228,0,0,0,0.0,0,0,0.0,0.0,25053,0,0,0.4970580041408539,-0.01928034797310829,-0.10396026074886322,0.0,0.15000000596046448,32766,32766,250,552,2437,3.2727272510528564
2026-04-07T11:17:26.256,radio://0/80/2M,mission,1,2,Scan,4228,0,0,0,0.0,0,0,0.0,0.0,25053,0,0,0.4951762855052948,-0.01928034797310829,-0.10396026074886322,0.0,0.15000000596046448,32766,32766,250,552,2437,3.2727272510528564
2026-04-07T11:17:26.259,radio://0/80/2M,flow,1,2,Scan,4228,0,0,0,0.0,0,0,0.0,0.0,25303,0,-2,0.4951762855052948,-0.05808926001191139,-0.11423264443874359,0.0,0.14580000936985016,32766,32766,250,552,2437,3.2727272510528564
2026-04-07T11:17:26.261,radio://0/80/2M,range,1,2,Scan,4228,0,0,0,0.0,0,0,0.0,0.0,25303,0,-2,0.4951762855052948,-0.05808926001191139,-0.11423264443874359,0.0,0.14580000936985016,32766,2638,257,600,2443,3.267448663711548
2026-04-07T11:17:26.456,radio://0/80/2M,mission,1,2,Scan,4228,0,0,0,0.0,0,0,0.0,0.0,25303,0,-2,0.5021875500679016,-0.05808926001191139,-0.11423264443874359,0.0,0.14580000936985016,32766,2638,257,600,2443,3.267448663711548
2026-04-07T11:17:26.459,radio://0/80/2M,flow,1,2,Scan,4228,0,0,0,0.0,0,0,0.0,0.0,25553,0,-1,0.5021875500679016,-0.0021519639994949102,-0.12267352640628815,0.0,0.13500000536441803,32766,2638,257,600,2443,3.267448663711548
2026-04-07T11:17:26.460,radio://0/80/2M,range,1,2,Scan,4228,0,0,0,0.0,0,0,0.0,0.0,25553,0,-1,0.5021875500679016,-0.0021519639994949102,-0.12267352640628815,0.0,0.13500000536441803,32766,32766,275,654,2441,3.267448663711548
2026-04-07T11:17:26.708,radio://0/80/2M,mission,1,2,Scan,4228,0,0,0,0.0,0,0,0.0,0.0,25553,0,-1,0.5009196996688843,-0.0021519639994949102,-0.12267352640628815,0.0,0.13500000536441803,32766,32766,275,654,2441,3.267448663711548
2026-04-07T11:17:26.712,radio://0/80/2M,flow,1,2,Scan,4228,0,0,0,0.0,0,0,0.0,0.0,25803,-1,0,0.5009196996688843,0.06314665079116821,-0.12407888472080231,0.0,0.0966000109910965,32766,32766,275,654,2441,3.267448663711548
2026-04-07T11:17:26.717,radio://0/80/2M,range,1,2,Scan,4228,0,0,0,0.0,0,0,0.0,0.0,25803,-1,0,0.5009196996688843,0.06314665079116821,-0.12407888472080231,0.0,0.0966000109910965,32766,32766,339,591,2436,3.2621700763702393
2026-04-07T11:17:26.956,radio://0/80/2M,mission,1,2,Scan,4228,0,0,0,0.0,0,0,0.0,0.0,25803,-1,0,0.4899079501628876,0.06314665079116821,-0.12407888472080231,0.0,0.0966000109910965,32766,32766,339,591,2436,3.2621700763702393
2026-04-07T11:17:26.959,radio://0/80/2M,flow,1,2,Scan,4228,0,0,0,0.0,0,0,0.0,0.0,26053,0,0,0.4899079501628876,0.013348102569580078,-0.09764544665813446,0.007199997082352638,0.07259999960660934,32766,32766,339,591,2436,3.2621700763702393
2026-04-07T11:17:26.961,radio://0/80/2M,range,1,2,Scan,4228,0,0,0,0.0,0,0,0.0,0.0,26053,0,0,0.4899079501628876,0.013348102569580078,-0.09764544665813446,0.007199997082352638,0.07259999960660934,32766,877,379,488,2445,3.241055727005005
2026-04-07T11:17:27.205,radio://0/80/2M,mission,1,2,Scan,4228,0,0,0,0.0,0,0,0.0,0.0,26053,0,0,0.49304303526878357,0.013348102569580078,-0.09764544665813446,0.007199997082352638,0.07259999960660934,32766,877,379,488,2445,3.241055727005005
2026-04-07T11:17:27.208,radio://0/80/2M,flow,1,2,Scan,4228,0,0,0,0.0,0,0,0.0,0.0,26303,1,0,0.49304303526878357,-0.016998736187815666,-0.03493928164243698,0.04740000143647194,0.023999996483325958,32766,877,379,488,2445,3.241055727005005
2026-04-07T11:17:27.209,radio://0/80/2M,range,1,2,Scan,4228,0,0,0,0.0,0,0,0.0,0.0,26303,1,0,0.49304303526878357,-0.016998736187815666,-0.03493928164243698,0.04740000143647194,0.023999996483325958,1435,783,460,421,2438,3.2621700763702393
2026-04-07T11:17:27.455,radio://0/80/2M,mission,1,2,Scan,4228,0,0,0,0.0,0,0,0.0,0.0,26303,1,0,0.49776342511177063,-0.016998736187815666,-0.03493928164243698,0.04740000143647194,0.023999996483325958,1435,783,460,421,2438,3.2621700763702393
2026-04-07T11:17:27.458,radio://0/80/2M,flow,1,2,Scan,4228,0,0,0,0.0,0,0,0.0,0.0,26553,0,-5,0.49776342511177063,-0.07753592729568481,-0.035897333174943924,0.06240000203251839,0.0,1435,783,460,421,2438,3.2621700763702393
2026-04-07T11:17:27.459,radio://0/80/2M,range,1,2,Scan,4228,0,0,0,0.0,0,0,0.0,0.0,26553,0,-5,0.49776342511177063,-0.07753592729568481,-0.035897333174943924,0.06240000203251839,0.0,1370,755,539,396,2446,3.267448663711548
2026-04-07T11:17:27.706,radio://0/80/2M,mission,1,2,Scan,4228,0,0,0,0.0,0,0,0.0,0.0,26553,0,-5,0.5067166090011597,-0.07753592729568481,-0.035897333174943924,0.06240000203251839,0.0,1370,755,539,396,2446,3.267448663711548
2026-04-07T11:17:27.707,radio://0/80/2M,flow,1,2,Scan,4772,0,0,0,0.0,0,0,0.0,0.0,26803,2,-8,0.5067166090011597,-0.08742055296897888,-0.06848233193159103,0.06960000097751617,0.0,1370,755,539,396,2446,3.267448663711548
2026-04-07T11:17:27.710,radio://0/80/2M,range,1,2,Scan,4772,0,0,0,0.0,0,0,0.0,0.0,26803,2,-8,0.5067166090011597,-0.08742055296897888,-0.06848233193159103,0.06960000097751617,0.0,1286,732,735,384,2440,3.2727272510528564
2026-04-07T11:17:27.955,radio://0/80/2M,mission,1,2,Scan,4772,0,0,0,0.0,0,0,0.0,0.0,26803,2,-8,0.4987124502658844,-0.08742055296897888,-0.06848233193159103,0.06960000097751617,0.0,1286,732,735,384,2440,3.2727272510528564
2026-04-07T11:17:27.957,radio://0/80/2M,flow,1,2,Scan,5386,0,0,0,0.0,0,0,0.0,0.0,27053,1,0,0.4987124502658844,-0.05110322684049606,-0.10331721603870392,0.06600001454353333,0.0,1286,732,735,384,2440,3.2727272510528564
2026-04-07T11:17:27.960,radio://0/80/2M,range,1,2,Scan,5386,0,0,0,0.0,0,0,0.0,0.0,27053,1,0,0.4987124502658844,-0.05110322684049606,-0.10331721603870392,0.06600001454353333,0.0,1358,716,1064,390,2439,3.2463343143463135
2026-04-07T11:17:28.204,radio://0/80/2M,mission,1,2,Scan,5386,0,0,0,0.0,0,0,0.0,0.0,27053,1,0,0.4955820143222809,-0.05110322684049606,-0.10331721603870392,0.06600001454353333,0.0,1358,716,1064,390,2439,3.2463343143463135
2026-04-07T11:17:28.207,radio://0/80/2M,flow,1,2,Scan,5386,0,0,0,0.0,0,0,0.0,0.0,27303,5,3,0.4955820143222809,0.0015200345078483224,-0.045048363506793976,0.04020000249147415,0.0,1358,716,1064,390,2439,3.2463343143463135
2026-04-07T11:17:28.208,radio://0/80/2M,range,1,2,Scan,5386,0,0,0,0.0,0,0,0.0,0.0,27303,5,3,0.4955820143222809,0.0015200345078483224,-0.045048363506793976,0.04020000249147415,0.0,32766,706,32766,433,2441,3.2568914890289307
2026-04-07T11:17:28.454,radio://0/80/2M,mission,1,2,Scan,5386,0,0,0,0.0,0,0,0.0,0.0,27303,5,3,0.49615374207496643,0.0015200345078483224,-0.045048363506793976,0.04020000249147415,0.0,32766,706,32766,433,2441,3.2568914890289307
2026-04-07T11:17:28.457,radio://0/80/2M,flow,1,2,Scan,5386,0,0,0,0.0,0,0,0.0,0.0,27553,-1,0,0.49615374207496643,0.03498066961765289,-0.09279529005289078,0.01740000955760479,0.0,32766,706,32766,433,2441,3.2568914890289307
2026-04-07T11:17:28.458,radio://0/80/2M,range,1,2,Scan,5386,0,0,0,0.0,0,0,0.0,0.0,27553,-1,0,0.49615374207496643,0.03498066961765289,-0.09279529005289078,0.01740000955760479,0.0,32766,697,1057,471,2438,3.2463343143463135
2026-04-07T11:17:28.705,radio://0/80/2M,mission,1,2,Scan,5386,0,0,0,0.0,0,0,0.0,0.0,27553,-1,0,0.49730807542800903,0.03498066961765289,-0.09279529005289078,0.01740000955760479,0.0,32766,697,1057,471,2438,3.2463343143463135
2026-04-07T11:17:28.707,radio://0/80/2M,flow,1,2,Scan,5050,0,0,0,0.0,0,0,0.0,0.0,27803,1,-9,0.49730807542800903,0.0036688370164483786,-0.060975752770900726,0.0,0.0,32766,697,1057,471,2438,3.2463343143463135
2026-04-07T11:17:28.708,radio://0/80/2M,range,1,2,Scan,5050,0,0,0,0.0,0,0,0.0,0.0,27803,1,-9,0.49730807542800903,0.0036688370164483786,-0.060975752770900726,0.0,0.0,32766,700,32766,540,2442,3.2463343143463135
2026-04-07T11:17:28.966,radio://0/80/2M,mission,1,2,Scan,5050,0,0,0,0.0,0,0,0.0,0.0,27803,1,-9,0.4988965690135956,0.0036688370164483786,-0.060975752770900726,0.0,0.0,32766,700,32766,540,2442,3.2463343143463135
2026-04-07T11:17:28.967,radio://0/80/2M,flow,1,2,Scan,4735,0,0,0,0.0,0,0,0.0,0.0,28053,-1,0,0.4988965690135956,-0.005623363424092531,-0.02754344418644905,0.0,0.0,32766,700,32766,540,2442,3.2463343143463135
2026-04-07T11:17:28.969,radio://0/80/2M,range,1,2,Scan,4735,0,0,0,0.0,0,0,0.0,0.0,28053,-1,0,0.4988965690135956,-0.005623363424092531,-0.02754344418644905,0.0,0.0,32766,728,32766,604,2442,3.251612901687622
2026-04-07T11:17:29.204,radio://0/80/2M,mission,1,2,Scan,4735,0,0,0,0.0,0,0,0.0,0.0,28053,-1,0,0.49903765320777893,-0.005623363424092531,-0.02754344418644905,0.0,0.0,32766,728,32766,604,2442,3.251612901687622
2026-04-07T11:17:29.206,radio://0/80/2M,flow,1,2,Scan,4735,0,0,0,0.0,0,0,0.0,0.0,28303,-1,-5,0.49903765320777893,0.010976975783705711,-0.06000088155269623,0.0,0.0,32766,728,32766,604,2442,3.251612901687622
2026-04-07T11:17:29.207,radio://0/80/2M,range,1,2,Scan,4735,0,0,0,0.0,0,0,0.0,0.0,28303,-1,-5,0.49903765320777893,0.010976975783705711,-0.06000088155269623,0.0,0.0,32766,786,32766,707,2438,3.2463343143463135
2026-04-07T11:17:29.454,radio://0/80/2M,mission,1,2,Scan,4735,0,0,0,0.0,0,0,0.0,0.0,28303,-1,-5,0.4986361265182495,0.010976975783705711,-0.06000088155269623,0.0,0.0,32766,786,32766,707,2438,3.2463343143463135
2026-04-07T11:17:29.455,radio://0/80/2M,flow,1,2,Scan,4440,0,0,0,0.0,0,0,0.0,0.0,28553,1,-1,0.4986361265182495,0.03281246870756149,-0.0958433672785759,0.0,0.0,32766,786,32766,707,2438,3.2463343143463135
2026-04-07T11:17:29.457,radio://0/80/2M,range,1,2,Scan,4440,0,0,0,0.0,0,0,0.0,0.0,28553,1,-1,0.4986361265182495,0.03281246870756149,-0.0958433672785759,0.0,0.0,32766,869,32766,823,2435,3.241055727005005
2026-04-07T11:17:29.703,radio://0/80/2M,mission,1,2,Scan,4440,0,0,0,0.0,0,0,0.0,0.0,28553,1,-1,0.5019857287406921,0.03281246870756149,-0.0958433672785759,0.0,0.0,32766,869,32766,823,2435,3.241055727005005
2026-04-07T11:17:29.706,radio://0/80/2M,flow,1,2,Scan,4163,0,0,0,0.0,0,0,0.0,0.0,28803,0,-9,0.5019857287406921,0.03313687816262245,-0.030968807637691498,0.0,0.0,32766,869,32766,823,2435,3.241055727005005
2026-04-07T11:17:29.707,radio://0/80/2M,range,1,2,Scan,4163,0,0,0,0.0,0,0,0.0,0.0,28803,0,-9,0.5019857287406921,0.03313687816262245,-0.030968807637691498,0.0,0.0,739,927,999,1093,2441,3.241055727005005
2026-04-07T11:17:29.953,radio://0/80/2M,mission,1,2,Scan,4163,0,0,0,0.0,0,0,0.0,0.0,28803,0,-9,0.50075364112854,0.03313687816262245,-0.030968807637691498,0.0,0.0,739,927,999,1093,2441,3.241055727005005
2026-04-07T11:17:29.956,radio://0/80/2M,flow,1,2,Scan,4163,0,0,0,0.0,0,0,0.0,0.0,29053,-1,0,0.50075364112854,-0.00018406104936730117,0.0017885459819808602,0.0,0.0,739,927,999,1093,2441,3.241055727005005
2026-04-07T11:17:29.957,radio://0/80/2M,range,1,2,Scan,4163,0,0,0,0.0,0,0,0.0,0.0,29053,-1,0,0.50075364112854,-0.00018406104936730117,0.0017885459819808602,0.0,0.0,681,859,1083,1328,2436,3.2304985523223877
2026-04-07T11:17:30.202,radio://0/80/2M,mission,1,2,Scan,4163,0,0,0,0.0,0,0,0.0,0.0,29053,-1,0,0.49686503410339355,-0.00018406104936730117,0.0017885459819808602,0.0,0.0,681,859,1083,1328,2436,3.2304985523223877
2026-04-07T11:17:30.205,radio://0/80/2M,flow,1,2,Scan,4163,0,0,0,0.0,0,0,0.0,0.0,29303,3,2,0.49686503410339355,-0.059062786400318146,-0.02252504602074623,0.0,0.0,681,859,1083,1328,2436,3.2304985523223877
2026-04-07T11:17:30.207,radio://0/80/2M,range,1,2,Scan,4163,0,0,0,0.0,0,0,0.0,0.0,29303,3,2,0.49686503410339355,-0.059062786400318146,-0.02252504602074623,0.0,0.0,625,802,1415,32766,2444,3.2304985523223877
2026-04-07T11:17:30.452,radio://0/80/2M,mission,1,2,Scan,4163,0,0,0,0.0,0,0,0.0,0.0,29303,3,2,0.5001305341720581,-0.059062786400318146,-0.02252504602074623,0.0,0.0,625,802,1415,32766,2444,3.2304985523223877
2026-04-07T11:17:30.455,radio://0/80/2M,flow,1,2,Scan,4163,0,0,0,0.0,0,0,0.0,0.0,29553,0,0,0.5001305341720581,0.014219982549548149,-0.017409557476639748,0.0,0.0,625,802,1415,32766,2444,3.2304985523223877
2026-04-07T11:17:30.457,radio://0/80/2M,range,1,2,Scan,4163,0,0,0,0.0,0,0,0.0,0.0,29553,0,0,0.5001305341720581,0.014219982549548149,-0.017409557476639748,0.0,0.0,600,786,32766,32766,2442,3.241055727005005
2026-04-07T11:17:30.703,radio://0/80/2M,mission,1,2,Scan,4163,0,0,0,0.0,0,0,0.0,0.0,29553,0,0,0.5084111094474792,0.014219982549548149,-0.017409557476639748,0.0,0.0,600,786,32766,32766,2442,3.241055727005005
2026-04-07T11:17:30.705,radio://0/80/2M,flow,1,2,Scan,4163,0,0,0,0.0,0,0,0.0,0.0,29803,0,-3,0.5084111094474792,0.05951317027211189,0.00022186663409229368,0.0,0.0,600,786,32766,32766,2442,3.241055727005005
2026-04-07T11:17:30.706,radio://0/80/2M,range,1,2,Scan,4163,0,0,0,0.0,0,0,0.0,0.0,29803,0,-3,0.5084111094474792,0.05951317027211189,0.00022186663409229368,0.0,0.0,558,764,32766,3415,2428,3.251612901687622
2026-04-07T11:17:30.953,radio://0/80/2M,mission,1,2,Scan,4163,0,0,0,0.0,0,0,0.0,0.0,29803,0,-3,0.5103684067726135,0.05951317027211189,0.00022186663409229368,0.0,0.0,558,764,32766,3415,2428,3.251612901687622
2026-04-07T11:17:30.955,radio://0/80/2M,flow,1,2,Scan,4163,0,0,0,0.0,0,0,0.0,0.0,30053,0,0,0.5103684067726135,0.027725059539079666,-0.007821445353329182,0.0,0.0,558,764,32766,3415,2428,3.251612901687622
2026-04-07T11:17:30.956,radio://0/80/2M,range,1,2,Scan,4163,0,0,0,0.0,0,0,0.0,0.0,30053,0,0,0.5103684067726135,0.027725059539079666,-0.007821445353329182,0.0,0.0,541,767,32766,3457,2433,3.2463343143463135
2026-04-07T11:17:31.203,radio://0/80/2M,mission,1,5,Transition,4163,0,0,0,0.0,0,0,0.0,0.0,30053,0,0,0.503956139087677,0.027725059539079666,-0.007821445353329182,0.0,0.0,541,767,32766,3457,2433,3.2463343143463135
2026-04-07T11:17:31.206,radio://0/80/2M,flow,1,5,Transition,4163,0,0,0,0.0,0,0,0.0,0.0,30303,1,-6,0.503956139087677,0.0472237728536129,0.002030391478911042,0.0,0.0,541,767,32766,3457,2433,3.2463343143463135
2026-04-07T11:17:31.207,radio://0/80/2M,range,1,5,Transition,4163,0,0,0,0.0,0,0,0.0,0.0,30303,1,-6,0.503956139087677,0.0472237728536129,0.002030391478911042,0.0,0.0,532,786,32766,32766,2427,3.2199413776397705
2026-04-07T11:17:31.454,radio://0/80/2M,mission,1,0,Reacquire Wall,4163,0,0,0,0.0,0,0,0.0,0.0,30303,1,-6,0.4974078834056854,0.0472237728536129,0.002030391478911042,0.0,0.0,532,786,32766,32766,2427,3.2199413776397705
2026-04-07T11:17:31.456,radio://0/80/2M,flow,1,0,Reacquire Wall,4163,0,0,0,0.0,0,0,0.0,0.0,30553,-1,0,0.4974078834056854,0.01565597392618656,0.041320763528347015,0.0,0.0,532,786,32766,32766,2427,3.2199413776397705
2026-04-07T11:17:31.457,radio://0/80/2M,range,1,0,Reacquire Wall,4163,0,0,0,0.0,0,0,0.0,0.0,30553,-1,0,0.4974078834056854,0.01565597392618656,0.041320763528347015,0.0,0.0,539,799,32766,32766,2440,3.225219964981079
2026-04-07T11:17:31.702,radio://0/80/2M,mission,1,0,Reacquire Wall,4163,0,0,0,0.0,0,0,0.0,0.0,30553,-1,0,0.4995396137237549,0.01565597392618656,0.041320763528347015,0.0,0.0,539,799,32766,32766,2440,3.225219964981079
2026-04-07T11:17:31.704,radio://0/80/2M,flow,1,0,Reacquire Wall,4163,0,0,0,0.0,0,0,0.0,0.0,30803,0,0,0.4995396137237549,-0.03164180368185043,0.08114519715309143,0.0,0.0,539,799,32766,32766,2440,3.225219964981079
2026-04-07T11:17:31.706,radio://0/80/2M,range,1,0,Reacquire Wall,4163,0,0,0,0.0,0,0,0.0,0.0,30803,0,0,0.4995396137237549,-0.03164180368185043,0.08114519715309143,0.0,0.0,526,772,32766,32766,2438,3.2304985523223877
2026-04-07T11:17:31.953,radio://0/80/2M,mission,1,0,Reacquire Wall,4163,0,0,0,0.0,0,0,0.0,0.0,30803,0,0,0.5000202059745789,-0.03164180368185043,0.08114519715309143,0.0,0.0,526,772,32766,32766,2438,3.2304985523223877
2026-04-07T11:17:31.954,radio://0/80/2M,flow,1,0,Reacquire Wall,4163,0,0,0,0.0,0,0,0.0,0.0,31053,-3,0,0.5000202059745789,-0.026316465809941292,0.05003199726343155,0.0,0.0,526,772,32766,32766,2438,3.2304985523223877
2026-04-07T11:17:31.955,radio://0/80/2M,range,1,0,Reacquire Wall,4163,0,0,0,0.0,0,0,0.0,0.0,31053,-3,0,0.5000202059745789,-0.026316465809941292,0.05003199726343155,0.0,0.0,519,747,32766,32766,2433,3.241055727005005
2026-04-07T11:17:32.202,radio://0/80/2M,mission,1,0,Reacquire Wall,4163,0,0,0,0.0,0,0,0.0,0.0,31053,-3,0,0.4961637556552887,-0.026316465809941292,0.05003199726343155,0.0,0.0,519,747,32766,32766,2433,3.241055727005005
2026-04-07T11:17:32.204,radio://0/80/2M,flow,1,0,Reacquire Wall,4163,0,0,0,0.0,0,0,0.0,0.0,31303,0,0,0.4961637556552887,0.0026513508055359125,0.012523065321147442,0.0,0.0,519,747,32766,32766,2433,3.241055727005005
2026-04-07T11:17:32.206,radio://0/80/2M,range,1,0,Reacquire Wall,4163,0,0,0,0.0,0,0,0.0,0.0,31303,0,0,0.4961637556552887,0.0026513508055359125,0.012523065321147442,0.0,0.0,503,720,32766,32766,2430,3.241055727005005
2026-04-07T11:17:32.452,radio://0/80/2M,mission,1,0,Reacquire Wall,4163,0,0,0,0.0,0,0,0.0,0.0,31303,0,0,0.501282274723053,0.0026513508055359125,0.012523065321147442,0.0,0.0,503,720,32766,32766,2430,3.241055727005005
2026-04-07T11:17:32.453,radio://0/80/2M,flow,1,0,Reacquire Wall,4163,0,0,0,0.0,0,0,0.0,0.0,31553,0,-2,0.501282274723053,0.03930313140153885,-0.00820600613951683,-9.720007074065506e-05,0.0,503,720,32766,32766,2430,3.241055727005005
2026-04-07T11:17:32.455,radio://0/80/2M,range,1,0,Reacquire Wall,4163,0,0,0,0.0,0,0,0.0,0.0,31553,0,-2,0.501282274723053,0.03930313140153885,-0.00820600613951683,-9.720007074065506e-05,0.0,491,717,2179,32766,2441,3.241055727005005
2026-04-07T11:17:32.701,radio://0/80/2M,mission,1,0,Reacquire Wall,4163,0,0,0,0.0,0,0,0.0,0.0,31553,0,-2,0.4995144307613373,0.03930313140153885,-0.00820600613951683,-9.720007074065506e-05,0.0,491,717,2179,32766,2441,3.241055727005005
2026-04-07T11:17:32.709,radio://0/80/2M,flow,1,0,Reacquire Wall,4163,0,0,0,0.0,0,0,0.0,0.0,31803,0,-1,0.4995144307613373,0.013218381442129612,-0.018059758469462395,-0.0008111995994113386,0.0,491,717,2179,32766,2441,3.241055727005005
2026-04-07T11:17:32.717,radio://0/80/2M,range,1,0,Reacquire Wall,4163,0,0,0,0.0,0,0,0.0,0.0,31803,0,-1,0.4995144307613373,0.013218381442129612,-0.018059758469462395,-0.0008111995994113386,0.0,474,711,2204,32766,2434,3.225219964981079
2026-04-07T11:17:32.951,radio://0/80/2M,mission,1,0,Reacquire Wall,4163,0,0,0,0.0,0,0,0.0,0.0,31803,0,-1,0.5001267194747925,0.013218381442129612,-0.018059758469462395,-0.0008111995994113386,0.0,474,711,2204,32766,2434,3.225219964981079
2026-04-07T11:17:32.953,radio://0/80/2M,flow,1,0,Reacquire Wall,4163,0,0,0,0.0,0,0,0.0,0.0,32053,0,0,0.5001267194747925,-0.04668651148676872,-0.006285378709435463,-0.0021167995873838663,0.0,474,711,2204,32766,2434,3.225219964981079
2026-04-07T11:17:32.955,radio://0/80/2M,range,1,0,Reacquire Wall,4163,0,0,0,0.0,0,0,0.0,0.0,32053,0,0,0.5001267194747925,-0.04668651148676872,-0.006285378709435463,-0.0021167995873838663,0.0,458,705,2156,32766,2440,3.2357771396636963
2026-04-07T11:17:33.201,radio://0/80/2M,mission,1,0,Reacquire Wall,4163,0,0,0,0.0,0,0,0.0,0.0,32053,0,0,0.49882015585899353,-0.04668651148676872,-0.006285378709435463,-0.0021167995873838663,0.0,458,705,2156,32766,2440,3.2357771396636963
2026-04-07T11:17:33.203,radio://0/80/2M,flow,1,0,Reacquire Wall,4163,0,0,0,0.0,0,0,0.0,0.0,32303,-7,1,0.49882015585899353,-0.037842486053705215,0.025735709816217422,-0.0037631995510309935,0.0,458,705,2156,32766,2440,3.2357771396636963
2026-04-07T11:17:33.204,radio://0/80/2M,range,1,0,Reacquire Wall,4163,0,0,0,0.0,0,0,0.0,0.0,32303,-7,1,0.49882015585899353,-0.037842486053705215,0.025735709816217422,-0.0037631995510309935,0.0,444,702,32766,32766,2440,3.225219964981079
2026-04-07T11:17:33.450,radio://0/80/2M,mission,1,0,Reacquire Wall,4163,0,0,0,0.0,0,0,0.0,0.0,32303,-7,1,0.5014027953147888,-0.037842486053705215,0.025735709816217422,-0.0037631995510309935,0.0,444,702,32766,32766,2440,3.225219964981079
2026-04-07T11:17:33.453,radio://0/80/2M,flow,1,0,Reacquire Wall,4163,0,0,0,0.0,0,0,0.0,0.0,32553,0,1,0.5014027953147888,-0.04085167497396469,-0.04334552586078644,-0.004036800004541874,0.0,444,702,32766,32766,2440,3.225219964981079
2026-04-07T11:17:33.456,radio://0/80/2M,range,1,0,Reacquire Wall,4163,0,0,0,0.0,0,0,0.0,0.0,32553,0,1,0.5014027953147888,-0.04085167497396469,-0.04334552586078644,-0.004036800004541874,0.0,442,710,32766,32766,2439,3.2357771396636963
2026-04-07T11:17:33.701,radio://0/80/2M,mission,1,0,Reacquire Wall,4163,0,0,0,0.0,0,0,0.0,0.0,32553,0,1,0.5072845816612244,-0.04085167497396469,-0.04334552586078644,-0.004036800004541874,0.0,442,710,32766,32766,2439,3.2357771396636963
2026-04-07T11:17:33.703,radio://0/80/2M,flow,1,0,Reacquire Wall,4163,0,0,0,0.0,0,0,0.0,0.0,32803,0,0,0.5072845816612244,-0.026912441477179527,0.0053512826561927795,-0.004612801130861044,0.0,442,710,32766,32766,2439,3.2357771396636963
2026-04-07T11:17:33.705,radio://0/80/2M,range,1,0,Reacquire Wall,4163,0,0,0,0.0,0,0,0.0,0.0,32803,0,0,0.5072845816612244,-0.026912441477179527,0.0053512826561927795,-0.004612801130861044,0.0,438,727,32766,1093,2435,3.2357771396636963
2026-04-07T11:17:33.950,radio://0/80/2M,mission,1,0,Reacquire Wall,4163,0,0,0,0.0,0,0,0.0,0.0,32803,0,0,0.5074384808540344,-0.026912441477179527,0.0053512826561927795,-0.004612801130861044,0.0,438,727,32766,1093,2435,3.2357771396636963
2026-04-07T11:17:33.953,radio://0/80/2M,flow,1,0,Reacquire Wall,4163,0,0,0,0.0,0,0,0.0,0.0,33053,0,0,0.5074384808540344,-0.041687846183776855,-0.028211699798703194,-0.00506999995559454,0.0,438,727,32766,1093,2435,3.2357771396636963
2026-04-07T11:17:33.954,radio://0/80/2M,range,1,0,Reacquire Wall,4163,0,0,0,0.0,0,0,0.0,0.0,33053,0,0,0.5074384808540344,-0.041687846183776855,-0.028211699798703194,-0.00506999995559454,0.0,435,743,32766,32766,2431,3.225219964981079
2026-04-07T11:17:34.200,radio://0/80/2M,mission,1,0,Reacquire Wall,4163,0,0,0,0.0,0,0,0.0,0.0,33053,0,0,0.49925240874290466,-0.041687846183776855,-0.028211699798703194,-0.00506999995559454,0.0,435,743,32766,32766,2431,3.225219964981079
2026-04-07T11:17:34.203,radio://0/80/2M,flow,1,0,Reacquire Wall,4163,0,0,0,0.0,0,0,0.0,0.0,33303,-2,0,0.49925240874290466,-0.029004666954278946,-0.02318771742284298,-0.001732798875309527,0.0,435,743,32766,32766,2431,3.225219964981079
2026-04-07T11:17:34.205,radio://0/80/2M,range,1,0,Reacquire Wall,4163,0,0,0,0.0,0,0,0.0,0.0,33303,-2,0,0.49925240874290466,-0.029004666954278946,-0.02318771742284298,-0.001732798875309527,0.0,462,813,32766,1475,2439,3.2093842029571533
2026-04-07T11:17:34.450,radio://0/80/2M,mission,1,0,Reacquire Wall,4163,0,0,0,0.0,0,0,0.0,0.0,33303,-2,0,0.5008585453033447,-0.029004666954278946,-0.02318771742284298,-0.001732798875309527,0.0,462,813,32766,1475,2439,3.2093842029571533
2026-04-07T11:17:34.453,radio://0/80/2M,flow,1,0,Reacquire Wall,4163,0,0,0,0.0,0,0,0.0,0.0,33553,0,0,0.5008585453033447,-0.02568701282143593,-0.03697996214032173,0.1883251965045929,0.09459999948740005,462,813,32766,1475,2439,3.2093842029571533
2026-04-07T11:17:34.454,radio://0/80/2M,range,1,0,Reacquire Wall,4163,0,0,0,0.0,0,0,0.0,0.0,33553,0,0,0.5008585453033447,-0.02568701282143593,-0.03697996214032173,0.1883251965045929,0.09459999948740005,473,832,1327,1266,2436,3.225219964981079
2026-04-07T11:17:34.700,radio://0/80/2M,mission,1,5,Transition,4163,0,0,0,0.0,0,0,0.0,0.0,33553,0,0,0.50638747215271,-0.02568701282143593,-0.03697996214032173,0.1883251965045929,0.09459999948740005,473,832,1327,1266,2436,3.225219964981079
2026-04-07T11:17:34.702,radio://0/80/2M,flow,1,5,Transition,4163,0,0,0,0.0,0,0,0.0,0.0,33803,-3,-2,0.50638747215271,0.02549516037106514,-0.002501886570826173,0.0,0.0,473,832,1327,1266,2436,3.225219964981079
2026-04-07T11:17:34.703,radio://0/80/2M,range,1,5,Transition,4163,0,0,0,0.0,0,0,0.0,0.0,33803,-3,-2,0.50638747215271,0.02549516037106514,-0.002501886570826173,0.0,0.0,518,648,1165,1050,2431,3.225219964981079
2026-04-07T11:17:34.950,radio://0/80/2M,mission,1,1,Wall Follow,4163,0,0,0,0.0,0,0,0.0,0.0,33803,-3,-2,0.504694938659668,0.02549516037106514,-0.002501886570826173,0.0,0.0,518,648,1165,1050,2431,3.225219964981079
2026-04-07T11:17:34.952,radio://0/80/2M,flow,1,1,Wall Follow,4163,0,0,0,0.0,0,0,0.0,0.0,34053,8,-3,0.504694938659668,0.0044832960702478886,-0.007098735775798559,0.0,0.0,518,648,1165,1050,2431,3.225219964981079
2026-04-07T11:17:34.953,radio://0/80/2M,range,1,1,Wall Follow,4163,0,0,0,0.0,0,0,0.0,0.0,34053,8,-3,0.504694938659668,0.0044832960702478886,-0.007098735775798559,0.0,0.0,524,587,1147,1005,2422,3.2199413776397705
2026-04-07T11:17:35.200,radio://0/80/2M,mission,1,1,Wall Follow,4163,0,0,0,0.0,0,0,0.0,0.0,34053,8,-3,0.49846601486206055,0.0044832960702478886,-0.007098735775798559,0.0,0.0,524,587,1147,1005,2422,3.2199413776397705
2026-04-07T11:17:35.201,radio://0/80/2M,flow,1,1,Wall Follow,4163,0,0,0,0.0,0,0,0.0,0.0,34303,3,-1,0.49846601486206055,0.01397333387285471,-0.03794965147972107,0.0,0.0,524,587,1147,1005,2422,3.2199413776397705
2026-04-07T11:17:35.203,radio://0/80/2M,range,1,1,Wall Follow,4163,0,0,0,0.0,0,0,0.0,0.0,34303,3,-1,0.49846601486206055,0.01397333387285471,-0.03794965147972107,0.0,0.0,539,516,1156,953,2432,3.2093842029571533
2026-04-07T11:17:35.448,radio://0/80/2M,mission,1,1,Wall Follow,4163,0,0,0,0.0,0,0,0.0,0.0,34303,3,-1,0.49929535388946533,0.01397333387285471,-0.03794965147972107,0.0,0.0,539,516,1156,953,2432,3.2093842029571533
2026-04-07T11:17:35.451,radio://0/80/2M,flow,1,1,Wall Follow,4163,0,0,0,0.0,0,0,0.0,0.0,34553,0,0,0.49929535388946533,-0.018117064610123634,0.005178265273571014,0.0,0.0,539,516,1156,953,2432,3.2093842029571533
2026-04-07T11:17:35.453,radio://0/80/2M,range,1,1,Wall Follow,4163,0,0,0,0.0,0,0,0.0,0.0,34553,0,0,0.49929535388946533,-0.018117064610123634,0.005178265273571014,0.0,0.0,582,479,1201,883,2440,3.225219964981079
2026-04-07T11:17:35.699,radio://0/80/2M,mission,1,1,Wall Follow,4163,0,0,0,0.0,0,0,0.0,0.0,34553,0,0,0.5002997517585754,-0.018117064610123634,0.005178265273571014,0.0,0.0,582,479,1201,883,2440,3.225219964981079
2026-04-07T11:17:35.701,radio://0/80/2M,flow,1,1,Wall Follow,4163,0,0,0,0.0,0,0,0.0,0.0,34803,1,3,0.5002997517585754,-0.03342968225479126,0.04795674607157707,0.0,0.0,582,479,1201,883,2440,3.225219964981079
2026-04-07T11:17:35.703,radio://0/80/2M,range,1,1,Wall Follow,4163,0,0,0,0.0,0,0,0.0,0.0,34803,1,3,0.5002997517585754,-0.03342968225479126,0.04795674607157707,0.0,0.0,32766,447,1393,806,2429,3.2199413776397705
2026-04-07T11:17:35.948,radio://0/80/2M,mission,1,1,Wall Follow,4163,0,0,0,0.0,0,0,0.0,0.0,34803,1,3,0.5018129944801331,-0.03342968225479126,0.04795674607157707,0.0,0.0,32766,447,1393,806,2429,3.2199413776397705
2026-04-07T11:17:35.951,radio://0/80/2M,flow,1,1,Wall Follow,4163,0,0,0,0.0,0,0,0.0,0.0,35053,0,0,0.5018129944801331,-0.04358544573187828,0.020175129175186157,0.0,0.0,32766,447,1393,806,2429,3.2199413776397705
2026-04-07T11:17:35.953,radio://0/80/2M,range,1,1,Wall Follow,4163,0,0,0,0.0,0,0,0.0,0.0,35053,0,0,0.5018129944801331,-0.04358544573187828,0.020175129175186157,0.0,0.0,2116,429,32766,762,2431,3.225219964981079
2026-04-07T11:17:36.198,radio://0/80/2M,mission,1,1,Wall Follow,4163,0,0,0,0.0,0,0,0.0,0.0,35053,0,0,0.49996277689933777,-0.04358544573187828,0.020175129175186157,0.0,0.0,2116,429,32766,762,2431,3.225219964981079
2026-04-07T11:17:36.201,radio://0/80/2M,flow,1,1,Wall Follow,4163,0,0,0,0.0,0,0,0.0,0.0,35303,1,0,0.49996277689933777,-0.04563319683074951,0.021733839064836502,0.0,0.0,2116,429,32766,762,2431,3.225219964981079
2026-04-07T11:17:36.202,radio://0/80/2M,range,1,1,Wall Follow,4163,0,0,0,0.0,0,0,0.0,0.0,35303,1,0,0.49996277689933777,-0.04563319683074951,0.021733839064836502,0.0,0.0,2132,412,32766,730,2439,3.2093842029571533
2026-04-07T11:17:36.449,radio://0/80/2M,mission,1,1,Wall Follow,4163,0,0,0,0.0,0,0,0.0,0.0,35303,1,0,0.4982048273086548,-0.04563319683074951,0.021733839064836502,0.0,0.0,2132,412,32766,730,2439,3.2093842029571533
2026-04-07T11:17:36.451,radio://0/80/2M,flow,1,1,Wall Follow,4163,0,0,0,0.0,0,0,0.0,0.0,35553,0,-6,0.4982048273086548,0.0020256543066352606,-0.06466860324144363,0.20000000298023224,0.0,2132,412,32766,730,2439,3.2093842029571533
2026-04-07T11:17:36.453,radio://0/80/2M,range,1,1,Wall Follow,4163,0,0,0,0.0,0,0,0.0,0.0,35553,0,-6,0.4982048273086548,0.0020256543066352606,-0.06466860324144363,0.20000000298023224,0.0,32766,408,32766,726,2439,3.2093842029571533
2026-04-07T11:17:36.698,radio://0/80/2M,mission,1,1,Wall Follow,4163,0,0,0,0.0,0,0,0.0,0.0,35553,0,-6,0.49494683742523193,0.0020256543066352606,-0.06466860324144363,0.20000000298023224,0.0,32766,408,32766,726,2439,3.2093842029571533
2026-04-07T11:17:36.701,radio://0/80/2M,flow,1,1,Wall Follow,4163,0,0,0,0.0,0,0,0.0,0.0,35803,-1,-3,0.49494683742523193,0.05056225508451462,-0.15249860286712646,0.20000000298023224,0.0,32766,408,32766,726,2439,3.2093842029571533
2026-04-07T11:17:36.702,radio://0/80/2M,range,1,1,Wall Follow,4163,0,0,0,0.0,0,0,0.0,0.0,35803,-1,-3,0.49494683742523193,0.05056225508451462,-0.15249860286712646,0.20000000298023224,0.0,32766,402,32766,743,2445,3.198827028274536
2026-04-07T11:17:36.948,radio://0/80/2M,mission,1,1,Wall Follow,4163,0,0,0,0.0,0,0,0.0,0.0,35803,-1,-3,0.49484941363334656,0.05056225508451462,-0.15249860286712646,0.20000000298023224,0.0,32766,402,32766,743,2445,3.198827028274536
2026-04-07T11:17:36.951,radio://0/80/2M,flow,1,1,Wall Follow,4163,0,0,0,0.0,0,0,0.0,0.0,36053,3,-4,0.49484941363334656,-0.013758336193859577,-0.21763743460178375,0.20000000298023224,0.0,32766,402,32766,743,2445,3.198827028274536
2026-04-07T11:17:36.952,radio://0/80/2M,range,1,1,Wall Follow,4163,0,0,0,0.0,0,0,0.0,0.0,36053,3,-4,0.49484941363334656,-0.013758336193859577,-0.21763743460178375,0.20000000298023224,0.0,32766,406,32766,771,2445,3.1935484409332275
2026-04-07T11:17:37.198,radio://0/80/2M,mission,1,1,Wall Follow,4163,0,0,0,0.0,0,0,0.0,0.0,36053,3,-4,0.4979519546031952,-0.013758336193859577,-0.21763743460178375,0.20000000298023224,0.0,32766,406,32766,771,2445,3.1935484409332275
2026-04-07T11:17:37.201,radio://0/80/2M,flow,1,1,Wall Follow,4163,0,0,0,0.0,0,0,0.0,0.0,36303,2,0,0.4979519546031952,-0.035613689571619034,-0.17907792329788208,0.20000000298023224,0.0,32766,406,32766,771,2445,3.1935484409332275
2026-04-07T11:17:37.202,radio://0/80/2M,range,1,1,Wall Follow,4163,0,0,0,0.0,0,0,0.0,0.0,36303,2,0,0.4979519546031952,-0.035613689571619034,-0.17907792329788208,0.20000000298023224,0.0,32766,430,32766,833,2443,3.188269853591919
2026-04-07T11:17:37.447,radio://0/80/2M,mission,1,1,Wall Follow,4163,0,0,0,0.0,0,0,0.0,0.0,36303,2,0,0.49671080708503723,-0.035613689571619034,-0.17907792329788208,0.20000000298023224,0.0,32766,430,32766,833,2443,3.188269853591919
2026-04-07T11:17:37.451,radio://0/80/2M,flow,1,1,Wall Follow,4163,0,0,0,0.0,0,0,0.0,0.0,36553,0,-1,0.49671080708503723,-0.0027505389880388975,-0.15768606960773468,0.20000000298023224,0.0,32766,430,32766,833,2443,3.188269853591919
2026-04-07T11:17:37.452,radio://0/80/2M,range,1,1,Wall Follow,4163,0,0,0,0.0,0,0,0.0,0.0,36553,0,-1,0.49671080708503723,-0.0027505389880388975,-0.15768606960773468,0.20000000298023224,0.0,2043,462,32766,882,2447,3.1777126789093018
2026-04-07T11:17:37.697,radio://0/80/2M,mission,1,1,Wall Follow,4163,0,0,0,0.0,0,0,0.0,0.0,36553,0,-1,0.49057820439338684,-0.0027505389880388975,-0.15768606960773468,0.20000000298023224,0.0,2043,462,32766,882,2447,3.1777126789093018
2026-04-07T11:17:37.700,radio://0/80/2M,flow,1,1,Wall Follow,4423,0,0,0,0.0,0,0,0.0,0.0,36803,-1,-5,0.49057820439338684,0.07077614963054657,-0.16186337172985077,0.20000000298023224,0.0,2043,462,32766,882,2447,3.1777126789093018
2026-04-07T11:17:37.702,radio://0/80/2M,range,1,1,Wall Follow,4423,0,0,0,0.0,0,0,0.0,0.0,36803,-1,-5,0.49057820439338684,0.07077614963054657,-0.16186337172985077,0.20000000298023224,0.0,32766,485,32766,950,2447,3.1196482181549072
2026-04-07T11:17:37.947,radio://0/80/2M,mission,1,1,Wall Follow,4423,0,0,0,0.0,0,0,0.0,0.0,36803,-1,-5,0.4919798672199249,0.07077614963054657,-0.16186337172985077,0.20000000298023224,0.0,32766,485,32766,950,2447,3.1196482181549072
2026-04-07T11:17:37.950,radio://0/80/2M,flow,1,1,Wall Follow,4992,0,0,0,0.0,0,0,0.0,0.0,37053,0,-2,0.4919798672199249,0.0984264388680458,-0.1569075733423233,0.20000000298023224,0.0,32766,485,32766,950,2447,3.1196482181549072
2026-04-07T11:17:37.951,radio://0/80/2M,range,1,1,Wall Follow,4992,0,0,0,0.0,0,0,0.0,0.0,37053,0,-2,0.4919798672199249,0.0984264388680458,-0.1569075733423233,0.20000000298023224,0.0,32766,489,1058,1005,2453,3.2093842029571533
2026-04-07T11:17:38.197,radio://0/80/2M,mission,1,1,Wall Follow,4992,0,0,0,0.0,0,0,0.0,0.0,37053,0,-2,0.497432142496109,0.0984264388680458,-0.1569075733423233,0.20000000298023224,0.0,32766,489,1058,1005,2453,3.2093842029571533
2026-04-07T11:17:38.199,radio://0/80/2M,flow,1,1,Wall Follow,5304,0,0,0,0.0,0,0,0.0,0.0,37303,2,-1,0.497432142496109,0.09327670186758041,-0.15652528405189514,0.20000000298023224,0.0,32766,489,1058,1005,2453,3.2093842029571533
2026-04-07T11:17:38.201,radio://0/80/2M,range,1,1,Wall Follow,5304,0,0,0,0.0,0,0,0.0,0.0,37303,2,-1,0.497432142496109,0.09327670186758041,-0.15652528405189514,0.20000000298023224,0.0,32766,504,988,1137,2445,3.198827028274536
2026-04-07T11:17:38.452,radio://0/80/2M,mission,1,1,Wall Follow,5304,0,0,0,0.0,0,0,0.0,0.0,37303,2,-1,0.4972694218158722,0.09327670186758041,-0.15652528405189514,0.20000000298023224,0.0,32766,504,988,1137,2445,3.198827028274536
2026-04-07T11:17:38.457,radio://0/80/2M,flow,1,1,Wall Follow,5635,0,0,0,0.0,0,0,0.0,0.0,37553,0,-2,0.4972694218158722,0.12184449285268784,-0.15152740478515625,0.20000000298023224,0.0,32766,504,988,1137,2445,3.198827028274536
2026-04-07T11:17:38.461,radio://0/80/2M,range,1,1,Wall Follow,5635,0,0,0,0.0,0,0,0.0,0.0,37553,0,-2,0.4972694218158722,0.12184449285268784,-0.15152740478515625,0.20000000298023224,0.0,32766,509,1018,1213,2438,3.188269853591919
2026-04-07T11:17:38.696,radio://0/80/2M,mission,1,1,Wall Follow,5635,0,0,0,0.0,0,0,0.0,0.0,37553,0,-2,0.4974634647369385,0.12184449285268784,-0.15152740478515625,0.20000000298023224,0.0,32766,509,1018,1213,2438,3.188269853591919
2026-04-07T11:17:38.699,radio://0/80/2M,flow,1,1,Wall Follow,5987,0,0,0,0.0,0,0,0.0,0.0,37803,-2,-3,0.4974634647369385,0.1477992832660675,-0.13070765137672424,-0.001555201131850481,0.0,32766,509,1018,1213,2438,3.188269853591919
2026-04-07T11:17:38.701,radio://0/80/2M,range,1,1,Wall Follow,5987,0,0,0,0.0,0,0,0.0,0.0,37803,-2,-3,0.4974634647369385,0.1477992832660675,-0.13070765137672424,-0.001555201131850481,0.0,464,510,1172,1357,2444,3.172434091567993
2026-04-07T11:17:38.947,radio://0/80/2M,mission,1,1,Wall Follow,5987,0,0,0,0.0,0,0,0.0,0.0,37803,-2,-3,0.4986099302768707,0.1477992832660675,-0.13070765137672424,-0.001555201131850481,0.0,464,510,1172,1357,2444,3.172434091567993
2026-04-07T11:17:38.949,radio://0/80/2M,flow,1,1,Wall Follow,6758,0,0,0,0.0,0,0,0.0,0.0,38053,0,0,0.4986099302768707,0.06610259413719177,-0.03624702990055084,-0.020908799022436142,0.0,464,510,1172,1357,2444,3.172434091567993
2026-04-07T11:17:38.951,radio://0/80/2M,range,1,1,Wall Follow,6758,0,0,0,0.0,0,0,0.0,0.0,38053,0,0,0.4986099302768707,0.06610259413719177,-0.03624702990055084,-0.020908799022436142,0.0,368,508,1287,1470,2443,3.188269853591919
2026-04-07T11:17:39.197,radio://0/80/2M,mission,1,1,Wall Follow,6758,0,0,0,0.0,0,0,0.0,0.0,38053,0,0,0.49456945061683655,0.06610259413719177,-0.03624702990055084,-0.020908799022436142,0.0,368,508,1287,1470,2443,3.188269853591919
2026-04-07T11:17:39.199,radio://0/80/2M,flow,1,1,Wall Follow,6758,0,0,0,0.0,0,0,0.0,0.0,38303,8,-5,0.49456945061683655,-0.016489926725625992,0.018817270174622536,-0.03427319973707199,0.0,368,508,1287,1470,2443,3.188269853591919
2026-04-07T11:17:39.201,radio://0/80/2M,range,1,1,Wall Follow,6758,0,0,0,0.0,0,0,0.0,0.0,38303,8,-5,0.49456945061683655,-0.016489926725625992,0.018817270174622536,-0.03427319973707199,0.0,331,495,1371,1561,2437,3.172434091567993
2026-04-07T11:17:39.446,radio://0/80/2M,mission,1,1,Wall Follow,6758,0,0,0,0.0,0,0,0.0,0.0,38303,8,-5,0.494941771030426,-0.016489926725625992,0.018817270174622536,-0.03427319973707199,0.0,331,495,1371,1561,2437,3.172434091567993
2026-04-07T11:17:39.449,radio://0/80/2M,flow,1,1,Wall Follow,6336,0,0,0,0.0,0,0,0.0,0.0,38553,4,-2,0.494941771030426,-0.03937565162777901,0.006058068014681339,-0.03633119910955429,0.0,331,495,1371,1561,2437,3.172434091567993
2026-04-07T11:17:39.450,radio://0/80/2M,range,1,1,Wall Follow,6336,0,0,0,0.0,0,0,0.0,0.0,38553,4,-2,0.494941771030426,-0.03937565162777901,0.006058068014681339,-0.03633119910955429,0.0,326,479,1377,1537,2445,3.1777126789093018
2026-04-07T11:17:39.697,radio://0/80/2M,mission,1,1,Wall Follow,6336,0,0,0,0.0,0,0,0.0,0.0,38553,4,-2,0.49491578340530396,-0.03937565162777901,0.006058068014681339,-0.03633119910955429,0.0,326,479,1377,1537,2445,3.1777126789093018
2026-04-07T11:17:39.698,radio://0/80/2M,flow,1,1,Wall Follow,5940,0,0,0,0.0,0,0,0.0,0.0,38803,-1,0,0.49491578340530396,0.009109518490731716,0.05696552246809006,-0.03888000547885895,0.0,326,479,1377,1537,2445,3.1777126789093018
2026-04-07T11:17:39.701,radio://0/80/2M,range,1,1,Wall Follow,5940,0,0,0,0.0,0,0,0.0,0.0,38803,-1,0,0.49491578340530396,0.009109518490731716,0.05696552246809006,-0.03888000547885895,0.0,320,442,1374,1458,2448,3.172434091567993
2026-04-07T11:17:39.946,radio://0/80/2M,mission,1,1,Wall Follow,5940,0,0,0,0.0,0,0,0.0,0.0,38803,-1,0,0.49330607056617737,0.009109518490731716,0.05696552246809006,-0.03888000547885895,0.0,320,442,1374,1458,2448,3.172434091567993
2026-04-07T11:17:39.949,radio://0/80/2M,flow,1,1,Wall Follow,5569,0,0,0,0.0,0,0,0.0,0.0,39053,0,0,0.49330607056617737,0.009469880722463131,0.05683892220258713,-0.04196280241012573,0.0,320,442,1374,1458,2448,3.172434091567993
2026-04-07T11:17:39.950,radio://0/80/2M,range,1,1,Wall Follow,5569,0,0,0,0.0,0,0,0.0,0.0,39053,0,0,0.49330607056617737,0.009469880722463131,0.05683892220258713,-0.04196280241012573,0.0,313,412,1361,1413,2447,3.161876916885376
2026-04-07T11:17:40.195,radio://0/80/2M,mission,1,1,Wall Follow,5569,0,0,0,0.0,0,0,0.0,0.0,39053,0,0,0.49312520027160645,0.009469880722463131,0.05683892220258713,-0.04196280241012573,0.0,313,412,1361,1413,2447,3.161876916885376
2026-04-07T11:17:40.198,radio://0/80/2M,flow,1,1,Wall Follow,5221,0,0,0,0.0,0,0,0.0,0.0,39303,0,0,0.49312520027160645,-0.01722465641796589,0.029343510046601295,-0.04241279885172844,0.0,313,412,1361,1413,2447,3.161876916885376
2026-04-07T11:17:40.199,radio://0/80/2M,range,1,1,Wall Follow,5221,0,0,0,0.0,0,0,0.0,0.0,39303,0,0,0.49312520027160645,-0.01722465641796589,0.029343510046601295,-0.04241279885172844,0.0,312,352,1290,1303,2446,3.1671555042266846
2026-04-07T11:17:40.445,radio://0/80/2M,mission,1,1,Wall Follow,5221,0,0,0,0.0,0,0,0.0,0.0,39303,0,0,0.496905654668808,-0.01722465641796589,0.029343510046601295,-0.04241279885172844,0.0,312,352,1290,1303,2446,3.1671555042266846
2026-04-07T11:17:40.448,radio://0/80/2M,flow,1,1,Wall Follow,5221,0,0,0,0.0,0,0,0.0,0.0,39553,0,-3,0.496905654668808,-0.03521373122930527,0.024112513288855553,-0.03717120364308357,0.0,312,352,1290,1303,2446,3.1671555042266846
2026-04-07T11:17:40.449,radio://0/80/2M,range,1,1,Wall Follow,5221,0,0,0,0.0,0,0,0.0,0.0,39553,0,-3,0.496905654668808,-0.03521373122930527,0.024112513288855553,-0.03717120364308357,0.0,324,318,1214,1220,2441,3.161876916885376
2026-04-07T11:17:40.695,radio://0/80/2M,mission,1,1,Wall Follow,5221,0,0,0,0.0,0,0,0.0,0.0,39553,0,-3,0.500126302242279,-0.03521373122930527,0.024112513288855553,-0.03717120364308357,0.0,324,318,1214,1220,2441,3.161876916885376
2026-04-07T11:17:40.698,radio://0/80/2M,flow,1,1,Wall Follow,5221,0,0,0,0.0,0,0,0.0,0.0,39803,1,0,0.500126302242279,-0.008596671745181084,0.03125222399830818,-0.019660796970129013,0.0,324,318,1214,1220,2441,3.161876916885376
2026-04-07T11:17:40.700,radio://0/80/2M,range,1,1,Wall Follow,5221,0,0,0,0.0,0,0,0.0,0.0,39803,1,0,0.500126302242279,-0.008596671745181084,0.03125222399830818,-0.019660796970129013,0.0,372,275,1139,1100,2446,3.1671555042266846
2026-04-07T11:17:40.945,radio://0/80/2M,mission,1,1,Wall Follow,5221,0,0,0,0.0,0,0,0.0,0.0,39803,1,0,0.5073117613792419,-0.008596671745181084,0.03125222399830818,-0.019660796970129013,0.0,372,275,1139,1100,2446,3.1671555042266846
2026-04-07T11:17:40.948,radio://0/80/2M,flow,1,1,Wall Follow,5221,0,0,0,0.0,0,0,0.0,0.0,40053,0,0,0.5073117613792419,0.018432017415761948,0.03138872608542442,0.0,0.0,372,275,1139,1100,2446,3.1671555042266846
2026-04-07T11:17:40.950,radio://0/80/2M,range,1,1,Wall Follow,5221,0,0,0,0.0,0,0,0.0,0.0,40053,0,0,0.5073117613792419,0.018432017415761948,0.03138872608542442,0.0,0.0,543,240,1151,1041,2439,3.1935484409332275
2026-04-07T11:17:41.195,radio://0/80/2M,mission,1,1,Wall Follow,5221,0,0,0,0.0,0,0,0.0,0.0,40053,0,0,0.5074313282966614,0.018432017415761948,0.03138872608542442,0.0,0.0,543,240,1151,1041,2439,3.1935484409332275
2026-04-07T11:17:41.196,radio://0/80/2M,flow,1,1,Wall Follow,5221,0,0,0,0.0,0,0,0.0,0.0,40303,-1,0,0.5074313282966614,-0.007901046425104141,0.0025869482196867466,0.0,0.0,543,240,1151,1041,2439,3.1935484409332275
2026-04-07T11:17:41.198,radio://0/80/2M,range,1,1,Wall Follow,5221,0,0,0,0.0,0,0,0.0,0.0,40303,-1,0,0.5074313282966614,-0.007901046425104141,0.0025869482196867466,0.0,0.0,1834,211,32766,995,2424,3.188269853591919
2026-04-07T11:17:41.444,radio://0/80/2M,mission,1,1,Wall Follow,5221,0,0,0,0.0,0,0,0.0,0.0,40303,-1,0,0.5037670135498047,-0.007901046425104141,0.0025869482196867466,0.0,0.0,1834,211,32766,995,2424,3.188269853591919
2026-04-07T11:17:41.447,radio://0/80/2M,flow,1,1,Wall Follow,5547,0,0,0,0.0,0,0,0.0,0.0,40553,0,-1,0.5037670135498047,0.02521289326250553,-0.06514492630958557,0.0,0.0,1834,211,32766,995,2424,3.188269853591919
2026-04-07T11:17:41.448,radio://0/80/2M,range,1,1,Wall Follow,5547,0,0,0,0.0,0,0,0.0,0.0,40553,0,-1,0.5037670135498047,0.02521289326250553,-0.06514492630958557,0.0,0.0,1866,195,32766,981,2434,3.1777126789093018
2026-04-07T11:17:41.701,radio://0/80/2M,mission,1,1,Wall Follow,5547,0,0,0,0.0,0,0,0.0,0.0,40553,0,-1,0.5022140145301819,0.02521289326250553,-0.06514492630958557,0.0,0.0,1866,195,32766,981,2434,3.1777126789093018
2026-04-07T11:17:41.709,radio://0/80/2M,flow,1,1,Wall Follow,5893,0,0,0,0.0,0,0,0.0,0.0,40803,1,0,0.5022140145301819,0.011031165719032288,0.003961340989917517,0.20000000298023224,-0.10000000149011612,1866,195,32766,981,2434,3.1777126789093018
2026-04-07T11:17:41.710,radio://0/80/2M,range,1,1,Wall Follow,5893,0,0,0,0.0,0,0,0.0,0.0,40803,1,0,0.5022140145301819,0.011031165719032288,0.003961340989917517,0.20000000298023224,-0.10000000149011612,1850,190,32766,979,2433,3.172434091567993
2026-04-07T11:17:41.943,radio://0/80/2M,mission,1,1,Wall Follow,5893,0,0,0,0.0,0,0,0.0,0.0,40803,1,0,0.5020037293434143,0.011031165719032288,0.003961340989917517,0.20000000298023224,-0.10000000149011612,1850,190,32766,979,2433,3.172434091567993
2026-04-07T11:17:41.946,radio://0/80/2M,flow,1,1,Wall Follow,5893,0,0,0,0.0,0,0,0.0,0.0,41053,0,-4,0.5020037293434143,-0.06297207623720169,-0.10042742639780045,0.20000000298023224,-0.10000000149011612,1850,190,32766,979,2433,3.172434091567993
2026-04-07T11:17:41.948,radio://0/80/2M,range,1,1,Wall Follow,5893,0,0,0,0.0,0,0,0.0,0.0,41053,0,-4,0.5020037293434143,-0.06297207623720169,-0.10042742639780045,0.20000000298023224,-0.10000000149011612,1816,192,32766,995,2442,3.188269853591919
2026-04-07T11:17:42.195,radio://0/80/2M,mission,1,1,Wall Follow,5893,0,0,0,0.0,0,0,0.0,0.0,41053,0,-4,0.5050190091133118,-0.06297207623720169,-0.10042742639780045,0.20000000298023224,-0.10000000149011612,1816,192,32766,995,2442,3.188269853591919
2026-04-07T11:17:42.196,radio://0/80/2M,flow,1,1,Wall Follow,6261,0,0,0,0.0,0,0,0.0,0.0,41303,4,-1,0.5050190091133118,-0.15075650811195374,-0.13849952816963196,0.20000000298023224,-0.10000000149011612,1816,192,32766,995,2442,3.188269853591919
2026-04-07T11:17:42.198,radio://0/80/2M,range,1,1,Wall Follow,6261,0,0,0,0.0,0,0,0.0,0.0,41303,4,-1,0.5050190091133118,-0.15075650811195374,-0.13849952816963196,0.20000000298023224,-0.10000000149011612,1793,227,32766,1024,2433,3.1935484409332275
2026-04-07T11:17:42.444,radio://0/80/2M,mission,1,1,Wall Follow,6261,0,0,0,0.0,0,0,0.0,0.0,41303,4,-1,0.501916766166687,-0.15075650811195374,-0.13849952816963196,0.20000000298023224,-0.10000000149011612,1793,227,32766,1024,2433,3.1935484409332275
2026-04-07T11:17:42.447,radio://0/80/2M,flow,1,1,Wall Follow,7067,0,0,0,0.0,0,0,0.0,0.0,41553,1,0,0.501916766166687,-0.14176416397094727,-0.1335376799106598,0.20000000298023224,-0.10000000149011612,1793,227,32766,1024,2433,3.1935484409332275
2026-04-07T11:17:42.448,radio://0/80/2M,range,1,1,Wall Follow,7067,0,0,0,0.0,0,0,0.0,0.0,41553,1,0,0.501916766166687,-0.14176416397094727,-0.1335376799106598,0.20000000298023224,-0.10000000149011612,32766,266,32766,1038,2433,3.1935484409332275
2026-04-07T11:17:42.693,radio://0/80/2M,mission,1,1,Wall Follow,7067,0,0,0,0.0,0,0,0.0,0.0,41553,1,0,0.5008336305618286,-0.14176416397094727,-0.1335376799106598,0.20000000298023224,-0.10000000149011612,32766,266,32766,1038,2433,3.1935484409332275
2026-04-07T11:17:42.696,radio://0/80/2M,flow,1,1,Wall Follow,7067,0,0,0,0.0,0,0,0.0,0.0,41803,2,-2,0.5008336305618286,-0.11980961263179779,-0.14216996729373932,0.20000000298023224,-0.10000000149011612,32766,266,32766,1038,2433,3.1935484409332275
2026-04-07T11:17:42.698,radio://0/80/2M,range,1,1,Wall Follow,7067,0,0,0,0.0,0,0,0.0,0.0,41803,2,-2,0.5008336305618286,-0.11980961263179779,-0.14216996729373932,0.20000000298023224,-0.10000000149011612,1719,310,32766,1070,2432,3.1935484409332275
2026-04-07T11:17:42.943,radio://0/80/2M,mission,1,1,Wall Follow,7067,0,0,0,0.0,0,0,0.0,0.0,41803,2,-2,0.5003172755241394,-0.11980961263179779,-0.14216996729373932,0.20000000298023224,-0.10000000149011612,1719,310,32766,1070,2432,3.1935484409332275
2026-04-07T11:17:42.946,radio://0/80/2M,flow,1,1,Wall Follow,7067,0,0,0,0.0,0,0,0.0,0.0,42053,1,0,0.5003172755241394,-0.11861210316419601,-0.1492861807346344,0.20000000298023224,-0.10000000149011612,1719,310,32766,1070,2432,3.1935484409332275
2026-04-07T11:17:42.947,radio://0/80/2M,range,1,1,Wall Follow,7067,0,0,0,0.0,0,0,0.0,0.0,42053,1,0,0.5003172755241394,-0.11861210316419601,-0.1492861807346344,0.20000000298023224,-0.10000000149011612,32766,332,32766,1088,2440,3.1935484409332275
2026-04-07T11:17:43.193,radio://0/80/2M,mission,1,1,Wall Follow,7067,0,0,0,0.0,0,0,0.0,0.0,42053,1,0,0.5012611150741577,-0.11861210316419601,-0.1492861807346344,0.20000000298023224,-0.10000000149011612,32766,332,32766,1088,2440,3.1935484409332275
2026-04-07T11:17:43.196,radio://0/80/2M,flow,1,1,Wall Follow,7067,0,0,0,0.0,0,0,0.0,0.0,42303,2,-1,0.5012611150741577,-0.12559153139591217,-0.15485239028930664,0.20000000298023224,-0.10000000149011612,32766,332,32766,1088,2440,3.1935484409332275
2026-04-07T11:17:43.197,radio://0/80/2M,range,1,1,Wall Follow,7067,0,0,0,0.0,0,0,0.0,0.0,42303,2,-1,0.5012611150741577,-0.12559153139591217,-0.15485239028930664,0.20000000298023224,-0.10000000149011612,32766,368,32766,1119,2444,3.198827028274536
2026-04-07T11:17:43.444,radio://0/80/2M,mission,1,1,Wall Follow,7067,0,0,0,0.0,0,0,0.0,0.0,42303,2,-1,0.5028800368309021,-0.12559153139591217,-0.15485239028930664,0.20000000298023224,-0.10000000149011612,32766,368,32766,1119,2444,3.198827028274536
2026-04-07T11:17:43.445,radio://0/80/2M,flow,1,1,Wall Follow,7067,0,0,0,0.0,0,0,0.0,0.0,42553,1,-1,0.5028800368309021,-0.1320122480392456,-0.17445270717144012,0.20000000298023224,-0.10000000149011612,32766,368,32766,1119,2444,3.198827028274536
2026-04-07T11:17:43.447,radio://0/80/2M,range,1,1,Wall Follow,7067,0,0,0,0.0,0,0,0.0,0.0,42553,1,-1,0.5028800368309021,-0.1320122480392456,-0.17445270717144012,0.20000000298023224,-0.10000000149011612,32766,392,32766,1146,2420,3.198827028274536
2026-04-07T11:17:43.692,radio://0/80/2M,mission,1,1,Wall Follow,7067,0,0,0,0.0,0,0,0.0,0.0,42553,1,-1,0.49639251828193665,-0.1320122480392456,-0.17445270717144012,0.20000000298023224,-0.10000000149011612,32766,392,32766,1146,2420,3.198827028274536
2026-04-07T11:17:43.695,radio://0/80/2M,flow,1,1,Wall Follow,5824,0,0,0,0.0,0,0,0.0,0.0,42803,2,0,0.49639251828193665,-0.11106245219707489,-0.15637095272541046,0.20000000298023224,0.0,32766,392,32766,1146,2420,3.198827028274536
2026-04-07T11:17:43.696,radio://0/80/2M,range,1,1,Wall Follow,5824,0,0,0,0.0,0,0,0.0,0.0,42803,2,0,0.49639251828193665,-0.11106245219707489,-0.15637095272541046,0.20000000298023224,0.0,32766,431,32766,1186,2440,3.1935484409332275
2026-04-07T11:17:43.943,radio://0/80/2M,mission,1,1,Wall Follow,5824,0,0,0,0.0,0,0,0.0,0.0,42803,2,0,0.493393212556839,-0.11106245219707489,-0.15637095272541046,0.20000000298023224,0.0,32766,431,32766,1186,2440,3.1935484409332275
2026-04-07T11:17:43.944,radio://0/80/2M,flow,1,1,Wall Follow,5460,0,0,0,0.0,0,0,0.0,0.0,43053,0,-1,0.493393212556839,-0.0533270426094532,-0.17551594972610474,0.20000000298023224,0.0,32766,431,32766,1186,2440,3.1935484409332275
2026-04-07T11:17:43.946,radio://0/80/2M,range,1,1,Wall Follow,5460,0,0,0,0.0,0,0,0.0,0.0,43053,0,-1,0.493393212556839,-0.0533270426094532,-0.17551594972610474,0.20000000298023224,0.0,32766,468,32766,1217,2442,3.198827028274536
2026-04-07T11:17:44.192,radio://0/80/2M,mission,1,1,Wall Follow,5460,0,0,0,0.0,0,0,0.0,0.0,43053,0,-1,0.49817410111427307,-0.0533270426094532,-0.17551594972610474,0.20000000298023224,0.0,32766,468,32766,1217,2442,3.198827028274536
2026-04-07T11:17:44.195,radio://0/80/2M,flow,1,1,Wall Follow,5460,0,0,0,0.0,0,0,0.0,0.0,43303,0,-3,0.49817410111427307,-0.033547088503837585,-0.19635894894599915,0.20000000298023224,0.0,32766,468,32766,1217,2442,3.198827028274536
2026-04-07T11:17:44.196,radio://0/80/2M,range,1,1,Wall Follow,5460,0,0,0,0.0,0,0,0.0,0.0,43303,0,-3,0.49817410111427307,-0.033547088503837585,-0.19635894894599915,0.20000000298023224,0.0,32766,508,32766,1250,2470,3.214662790298462
2026-04-07T11:17:44.444,radio://0/80/2M,mission,1,1,Wall Follow,5460,0,0,0,0.0,0,0,0.0,0.0,43303,0,-3,0.49815070629119873,-0.033547088503837585,-0.19635894894599915,0.20000000298023224,0.0,32766,508,32766,1250,2470,3.214662790298462
2026-04-07T11:17:44.446,radio://0/80/2M,flow,1,1,Wall Follow,5460,0,0,0,0.0,0,0,0.0,0.0,43553,0,-2,0.49815070629119873,-0.031885530799627304,-0.188290536403656,0.20000000298023224,0.0,32766,508,32766,1250,2470,3.214662790298462
2026-04-07T11:17:44.447,radio://0/80/2M,range,1,1,Wall Follow,5460,0,0,0,0.0,0,0,0.0,0.0,43553,0,-2,0.49815070629119873,-0.031885530799627304,-0.188290536403656,0.20000000298023224,0.0,32766,514,32766,1276,2447,3.198827028274536
2026-04-07T11:17:44.692,radio://0/80/2M,mission,1,1,Wall Follow,5460,0,0,0,0.0,0,0,0.0,0.0,43553,0,-2,0.4954513609409332,-0.031885530799627304,-0.188290536403656,0.20000000298023224,0.0,32766,514,32766,1276,2447,3.198827028274536
2026-04-07T11:17:44.694,radio://0/80/2M,flow,1,1,Wall Follow,5460,0,0,0,0.0,0,0,0.0,0.0,43803,0,-1,0.4954513609409332,-0.04080618545413017,-0.1734115034341812,0.20000000298023224,0.0,32766,514,32766,1276,2447,3.198827028274536
2026-04-07T11:17:44.696,radio://0/80/2M,range,1,1,Wall Follow,5460,0,0,0,0.0,0,0,0.0,0.0,43803,0,-1,0.4954513609409332,-0.04080618545413017,-0.1734115034341812,0.20000000298023224,0.0,32766,521,32766,1306,32766,3.1935484409332275
2026-04-07T11:17:44.943,radio://0/80/2M,mission,1,5,Transition,5460,0,0,0,0.0,0,0,0.0,0.0,43803,0,-1,0.5011534094810486,-0.04080618545413017,-0.1734115034341812,0.20000000298023224,0.0,32766,521,32766,1306,32766,3.1935484409332275
2026-04-07T11:17:44.944,radio://0/80/2M,flow,1,5,Transition,5119,0,0,0,0.0,0,0,0.0,0.0,44053,0,0,0.5011534094810486,-0.0251450352370739,-0.1691502034664154,0.0,0.0,32766,521,32766,1306,32766,3.1935484409332275
2026-04-07T11:17:44.945,radio://0/80/2M,range,1,5,Transition,5119,0,0,0,0.0,0,0,0.0,0.0,44053,0,0,0.5011534094810486,-0.0251450352370739,-0.1691502034664154,0.0,0.0,32766,526,32766,1322,32766,3.214662790298462
2026-04-07T11:17:45.191,radio://0/80/2M,mission,1,5,Transition,5119,0,0,0,0.0,0,0,0.0,0.0,44053,0,0,0.5008556842803955,-0.0251450352370739,-0.1691502034664154,0.0,0.0,32766,526,32766,1322,32766,3.214662790298462
2026-04-07T11:17:45.194,radio://0/80/2M,flow,1,5,Transition,5119,0,0,0,0.0,0,0,0.0,0.0,44303,0,0,0.5008556842803955,0.0014069125754758716,-0.07621482759714127,0.0,0.0,32766,526,32766,1322,32766,3.214662790298462
2026-04-07T11:17:45.195,radio://0/80/2M,range,1,5,Transition,5119,0,0,0,0.0,0,0,0.0,0.0,44303,0,0,0.5008556842803955,0.0014069125754758716,-0.07621482759714127,0.0,0.0,32766,523,32766,1343,2458,3.1777126789093018
2026-04-07T11:17:45.442,radio://0/80/2M,mission,1,2,Scan,5119,0,0,0,0.0,0,0,0.0,0.0,44303,0,0,0.49483394622802734,0.0014069125754758716,-0.07621482759714127,0.0,0.0,32766,523,32766,1343,2458,3.1777126789093018
2026-04-07T11:17:45.443,radio://0/80/2M,flow,1,2,Scan,5119,0,0,0,0.0,0,0,0.0,0.0,44553,0,0,0.49483394622802734,0.024873945862054825,0.055071353912353516,0.0,0.0,32766,523,32766,1343,2458,3.1777126789093018
2026-04-07T11:17:45.445,radio://0/80/2M,range,1,2,Scan,5119,0,0,0,0.0,0,0,0.0,0.0,44553,0,0,0.49483394622802734,0.024873945862054825,0.055071353912353516,0.0,0.0,32766,527,32766,1344,2436,3.1829912662506104
2026-04-07T11:17:45.692,radio://0/80/2M,mission,1,2,Scan,5119,0,0,0,0.0,0,0,0.0,0.0,44553,0,0,0.4931386411190033,0.024873945862054825,0.055071353912353516,0.0,0.0,32766,527,32766,1344,2436,3.1829912662506104
2026-04-07T11:17:45.693,radio://0/80/2M,flow,1,2,Scan,5119,0,0,0,0.0,0,0,0.0,0.0,44803,0,0,0.4931386411190033,0.01639753393828869,0.05344962701201439,0.0,0.0,32766,527,32766,1344,2436,3.1829912662506104
2026-04-07T11:17:45.695,radio://0/80/2M,range,1,2,Scan,5119,0,0,0,0.0,0,0,0.0,0.0,44803,0,0,0.4931386411190033,0.01639753393828869,0.05344962701201439,0.0,0.0,32766,518,32766,1319,32766,3.1829912662506104
2026-04-07T11:17:45.940,radio://0/80/2M,mission,1,2,Scan,5119,0,0,0,0.0,0,0,0.0,0.0,44803,0,0,0.4968858063220978,0.01639753393828869,0.05344962701201439,0.0,0.0,32766,518,32766,1319,32766,3.1829912662506104
2026-04-07T11:17:45.944,radio://0/80/2M,flow,1,2,Scan,5119,0,0,0,0.0,0,0,0.0,0.0,45053,0,0,0.4968858063220978,0.03418433293700218,-0.023743992671370506,0.0,0.0,32766,518,32766,1319,32766,3.1829912662506104
2026-04-07T11:17:45.946,radio://0/80/2M,range,1,2,Scan,5119,0,0,0,0.0,0,0,0.0,0.0,45053,0,0,0.4968858063220978,0.03418433293700218,-0.023743992671370506,0.0,0.0,32766,512,32766,1311,32766,3.188269853591919
2026-04-07T11:17:46.191,radio://0/80/2M,mission,1,2,Scan,5119,0,0,0,0.0,0,0,0.0,0.0,45053,0,0,0.5025321841239929,0.03418433293700218,-0.023743992671370506,0.0,0.0,32766,512,32766,1311,32766,3.188269853591919
2026-04-07T11:17:46.193,radio://0/80/2M,flow,1,2,Scan,5119,0,0,0,0.0,0,0,0.0,0.0,45303,0,-1,0.5025321841239929,0.04705648124217987,-0.030880874022841454,0.0,-0.009600002318620682,32766,512,32766,1311,32766,3.188269853591919
2026-04-07T11:17:46.195,radio://0/80/2M,range,1,2,Scan,5119,0,0,0,0.0,0,0,0.0,0.0,45303,0,-1,0.5025321841239929,0.04705648124217987,-0.030880874022841454,0.0,-0.009600002318620682,32766,484,707,1358,2467,3.1829912662506104
2026-04-07T11:17:46.440,radio://0/80/2M,mission,1,2,Scan,5119,0,0,0,0.0,0,0,0.0,0.0,45303,0,-1,0.500538170337677,0.04705648124217987,-0.030880874022841454,0.0,-0.009600002318620682,32766,484,707,1358,2467,3.1829912662506104
2026-04-07T11:17:46.443,radio://0/80/2M,flow,1,2,Scan,5119,0,0,0,0.0,0,0,0.0,0.0,45553,0,0,0.500538170337677,0.009195217862725258,0.002197336871176958,0.0,0.0,32766,484,707,1358,2467,3.1829912662506104
2026-04-07T11:17:46.445,radio://0/80/2M,range,1,2,Scan,5119,0,0,0,0.0,0,0,0.0,0.0,45553,0,0,0.500538170337677,0.009195217862725258,0.002197336871176958,0.0,0.0,32766,516,743,1452,2469,3.1777126789093018
2026-04-07T11:17:46.691,radio://0/80/2M,mission,1,2,Scan,5119,0,0,0,0.0,0,0,0.0,0.0,45553,0,0,0.5005770921707153,0.009195217862725258,0.002197336871176958,0.0,0.0,32766,516,743,1452,2469,3.1777126789093018
2026-04-07T11:17:46.693,radio://0/80/2M,flow,1,2,Scan,5119,0,0,0,0.0,0,0,0.0,0.0,45803,0,1,0.5005770921707153,-0.052145663648843765,0.010076821781694889,0.0,0.0,32766,516,743,1452,2469,3.1777126789093018
2026-04-07T11:17:46.694,radio://0/80/2M,range,1,2,Scan,5119,0,0,0,0.0,0,0,0.0,0.0,45803,0,1,0.5005770921707153,-0.052145663648843765,0.010076821781694889,0.0,0.0,32766,604,807,1599,2447,3.198827028274536
2026-04-07T11:17:46.941,radio://0/80/2M,mission,1,2,Scan,5119,0,0,0,0.0,0,0,0.0,0.0,45803,0,1,0.5046464800834656,-0.052145663648843765,0.010076821781694889,0.0,0.0,32766,604,807,1599,2447,3.198827028274536
2026-04-07T11:17:46.943,radio://0/80/2M,flow,1,2,Scan,4800,0,0,0,0.0,0,0,0.0,0.0,46053,0,-1,0.5046464800834656,-0.012120521627366543,-0.014436271972954273,0.0,0.0,32766,604,807,1599,2447,3.198827028274536
2026-04-07T11:17:46.944,radio://0/80/2M,range,1,2,Scan,4800,0,0,0,0.0,0,0,0.0,0.0,46053,0,-1,0.5046464800834656,-0.012120521627366543,-0.014436271972954273,0.0,0.0,32766,679,888,1700,2436,3.2041056156158447
2026-04-07T11:17:47.190,radio://0/80/2M,mission,1,2,Scan,4800,0,0,0,0.0,0,0,0.0,0.0,46053,0,-1,0.5044968724250793,-0.012120521627366543,-0.014436271972954273,0.0,0.0,32766,679,888,1700,2436,3.2041056156158447
2026-04-07T11:17:47.193,radio://0/80/2M,flow,1,2,Scan,4800,0,0,0,0.0,0,0,0.0,0.0,46303,2,0,0.5044968724250793,0.0376286618411541,-0.04542580246925354,0.0,0.0,32766,679,888,1700,2436,3.2041056156158447
2026-04-07T11:17:47.194,radio://0/80/2M,range,1,2,Scan,4800,0,0,0,0.0,0,0,0.0,0.0,46303,2,0,0.5044968724250793,0.0376286618411541,-0.04542580246925354,0.0,0.0,32766,853,1031,32766,2450,3.1935484409332275
2026-04-07T11:17:47.439,radio://0/80/2M,mission,1,2,Scan,4800,0,0,0,0.0,0,0,0.0,0.0,46303,2,0,0.5038180947303772,0.0376286618411541,-0.04542580246925354,0.0,0.0,32766,853,1031,32766,2450,3.1935484409332275
2026-04-07T11:17:47.442,radio://0/80/2M,flow,1,2,Scan,4800,0,0,0,0.0,0,0,0.0,0.0,46553,3,-2,0.5038180947303772,-0.0013547405833378434,-0.022420907393097878,0.0,0.0,32766,853,1031,32766,2450,3.1935484409332275
2026-04-07T11:17:47.444,radio://0/80/2M,range,1,2,Scan,4800,0,0,0,0.0,0,0,0.0,0.0,46553,3,-2,0.5038180947303772,-0.0013547405833378434,-0.022420907393097878,0.0,0.0,32766,1157,1528,32766,2458,3.188269853591919
2026-04-07T11:17:47.689,radio://0/80/2M,mission,1,2,Scan,4800,0,0,0,0.0,0,0,0.0,0.0,46553,3,-2,0.5001237392425537,-0.0013547405833378434,-0.022420907393097878,0.0,0.0,32766,1157,1528,32766,2458,3.188269853591919
2026-04-07T11:17:47.692,radio://0/80/2M,flow,1,2,Scan,5100,0,0,0,0.0,0,0,0.0,0.0,46803,3,3,0.5001237392425537,-0.001751302625052631,0.017607571557164192,0.0,0.0,32766,1157,1528,32766,2458,3.188269853591919
2026-04-07T11:17:47.693,radio://0/80/2M,range,1,2,Scan,5100,0,0,0,0.0,0,0,0.0,0.0,46803,3,3,0.5001237392425537,-0.001751302625052631,0.017607571557164192,0.0,0.0,539,1424,32766,32766,2448,3.1829912662506104
2026-04-07T11:17:47.940,radio://0/80/2M,mission,1,2,Scan,5100,0,0,0,0.0,0,0,0.0,0.0,46803,3,3,0.49936163425445557,-0.001751302625052631,0.017607571557164192,0.0,0.0,539,1424,32766,32766,2448,3.1829912662506104
2026-04-07T11:17:47.942,radio://0/80/2M,flow,1,2,Scan,5756,0,0,0,0.0,0,0,0.0,0.0,47053,21,0,0.49936163425445557,-0.017256522551178932,-0.04564440995454788,-0.0054000020027160645,0.0,539,1424,32766,32766,2448,3.1829912662506104
2026-04-07T11:17:47.943,radio://0/80/2M,range,1,2,Scan,5756,0,0,0,0.0,0,0,0.0,0.0,47053,21,0,0.49936163425445557,-0.017256522551178932,-0.04564440995454788,-0.0054000020027160645,0.0,491,1382,32766,32766,2458,3.188269853591919
2026-04-07T11:17:48.189,radio://0/80/2M,mission,1,2,Scan,5756,0,0,0,0.0,0,0,0.0,0.0,47053,21,0,0.5036789774894714,-0.017256522551178932,-0.04564440995454788,-0.0054000020027160645,0.0,491,1382,32766,32766,2458,3.188269853591919
2026-04-07T11:17:48.192,radio://0/80/2M,flow,1,2,Scan,6497,0,0,0,0.0,0,0,0.0,0.0,47303,-4,-4,0.5036789774894714,0.04902632534503937,0.017358366400003433,-0.03359999880194664,0.0,491,1382,32766,32766,2458,3.188269853591919
2026-04-07T11:17:48.193,radio://0/80/2M,range,1,2,Scan,6497,0,0,0,0.0,0,0,0.0,0.0,47303,-4,-4,0.5036789774894714,0.04902632534503937,0.017358366400003433,-0.03359999880194664,0.0,444,1309,1460,32766,32766,3.1935484409332275
2026-04-07T11:17:48.439,radio://0/80/2M,mission,1,2,Scan,6497,0,0,0,0.0,0,0,0.0,0.0,47303,-4,-4,0.5079910755157471,0.04902632534503937,0.017358366400003433,-0.03359999880194664,0.0,444,1309,1460,32766,32766,3.1935484409332275
2026-04-07T11:17:48.442,radio://0/80/2M,flow,1,2,Scan,6497,0,0,0,0.0,0,0,0.0,0.0,47553,0,-1,0.5079910755157471,0.046550530940294266,0.0070410543121397495,-0.07080000638961792,0.0,444,1309,1460,32766,32766,3.1935484409332275
2026-04-07T11:17:48.443,radio://0/80/2M,range,1,2,Scan,6497,0,0,0,0.0,0,0,0.0,0.0,47553,0,-1,0.5079910755157471,0.046550530940294266,0.0070410543121397495,-0.07080000638961792,0.0,382,1291,32766,32766,2449,3.1935484409332275
2026-04-07T11:17:48.688,radio://0/80/2M,mission,1,2,Scan,6497,0,0,0,0.0,0,0,0.0,0.0,47553,0,-1,0.5030744671821594,0.046550530940294266,0.0070410543121397495,-0.07080000638961792,0.0,382,1291,32766,32766,2449,3.1935484409332275
2026-04-07T11:17:48.691,radio://0/80/2M,flow,1,2,Scan,6497,0,0,0,0.0,0,0,0.0,0.0,47803,0,-1,0.5030744671821594,-0.012915205210447311,-0.019408004358410835,-0.1128000020980835,0.0,382,1291,32766,32766,2449,3.1935484409332275
2026-04-07T11:17:48.693,radio://0/80/2M,range,1,2,Scan,6497,0,0,0,0.0,0,0,0.0,0.0,47803,0,-1,0.5030744671821594,-0.012915205210447311,-0.019408004358410835,-0.1128000020980835,0.0,312,1323,1626,897,2447,3.1777126789093018
2026-04-07T11:17:48.939,radio://0/80/2M,mission,1,2,Scan,6497,0,0,0,0.0,0,0,0.0,0.0,47803,0,-1,0.4973181486129761,-0.012915205210447311,-0.019408004358410835,-0.1128000020980835,0.0,312,1323,1626,897,2447,3.1777126789093018
2026-04-07T11:17:48.942,radio://0/80/2M,flow,1,2,Scan,6497,0,0,0,0.0,0,0,0.0,0.0,48053,-4,-3,0.4973181486129761,-0.07512373477220535,-0.01918170601129532,-0.10920000821352005,0.0,312,1323,1626,897,2447,3.1777126789093018
2026-04-07T11:17:48.943,radio://0/80/2M,range,1,2,Scan,6497,0,0,0,0.0,0,0,0.0,0.0,48053,-4,-3,0.4973181486129761,-0.07512373477220535,-0.01918170601129532,-0.10920000821352005,0.0,318,1431,32766,1001,2447,3.1777126789093018
2026-04-07T11:17:49.188,radio://0/80/2M,mission,1,2,Scan,6497,0,0,0,0.0,0,0,0.0,0.0,48053,-4,-3,0.49897053837776184,-0.07512373477220535,-0.01918170601129532,-0.10920000821352005,0.0,318,1431,32766,1001,2447,3.1777126789093018
2026-04-07T11:17:49.191,radio://0/80/2M,flow,1,2,Scan,6497,0,0,0,0.0,0,0,0.0,0.0,48303,6,-4,0.49897053837776184,-0.06606438755989075,-0.045866742730140686,-0.09540001302957535,0.0,318,1431,32766,1001,2447,3.1777126789093018
2026-04-07T11:17:49.193,radio://0/80/2M,range,1,2,Scan,6497,0,0,0,0.0,0,0,0.0,0.0,48303,6,-4,0.49897053837776184,-0.06606438755989075,-0.045866742730140686,-0.09540001302957535,0.0,341,1662,32766,1191,2442,3.1935484409332275
2026-04-07T11:17:49.438,radio://0/80/2M,mission,1,2,Scan,6497,0,0,0,0.0,0,0,0.0,0.0,48303,6,-4,0.49686869978904724,-0.06606438755989075,-0.045866742730140686,-0.09540001302957535,0.0,341,1662,32766,1191,2442,3.1935484409332275
2026-04-07T11:17:49.441,radio://0/80/2M,flow,1,2,Scan,6497,0,0,0,0.0,0,0,0.0,0.0,48553,0,1,0.49686869978904724,-0.024943850934505463,-0.09999903291463852,-0.08100000023841858,0.06600001454353333,341,1662,32766,1191,2442,3.1935484409332275
2026-04-07T11:17:49.442,radio://0/80/2M,range,1,2,Scan,6497,0,0,0,0.0,0,0,0.0,0.0,48553,0,1,0.49686869978904724,-0.024943850934505463,-0.09999903291463852,-0.08100000023841858,0.06600001454353333,365,1835,390,1317,2456,3.188269853591919
2026-04-07T11:17:49.688,radio://0/80/2M,mission,1,2,Scan,6497,0,0,0,0.0,0,0,0.0,0.0,48553,0,1,0.49781280755996704,-0.024943850934505463,-0.09999903291463852,-0.08100000023841858,0.06600001454353333,365,1835,390,1317,2456,3.188269853591919
2026-04-07T11:17:49.691,radio://0/80/2M,flow,1,2,Scan,6497,0,0,0,0.0,0,0,0.0,0.0,48803,-3,-5,0.49781280755996704,-0.08311326056718826,-0.0011052259942516685,-0.046199996024370193,0.10560000687837601,365,1835,390,1317,2456,3.188269853591919
2026-04-07T11:17:49.693,radio://0/80/2M,range,1,2,Scan,6497,0,0,0,0.0,0,0,0.0,0.0,48803,-3,-5,0.49781280755996704,-0.08311326056718826,-0.0011052259942516685,-0.046199996024370193,0.10560000687837601,423,32766,324,1724,2459,3.198827028274536
2026-04-07T11:17:49.938,radio://0/80/2M,mission,1,2,Scan,6497,0,0,0,0.0,0,0,0.0,0.0,48803,-3,-5,0.5019749999046326,-0.08311326056718826,-0.0011052259942516685,-0.046199996024370193,0.10560000687837601,423,32766,324,1724,2459,3.198827028274536
2026-04-07T11:17:49.941,radio://0/80/2M,flow,1,2,Scan,6497,0,0,0,0.0,0,0,0.0,0.0,49053,0,1,0.5019749999046326,-0.06443782895803452,-0.018661806359887123,-0.015000004321336746,0.11580000072717667,423,32766,324,1724,2459,3.198827028274536
2026-04-07T11:17:49.943,radio://0/80/2M,range,1,2,Scan,6497,0,0,0,0.0,0,0,0.0,0.0,49053,0,1,0.5019749999046326,-0.06443782895803452,-0.018661806359887123,-0.015000004321336746,0.11580000072717667,475,1466,307,32766,2450,3.2041056156158447
2026-04-07T11:17:50.188,radio://0/80/2M,mission,1,2,Scan,6497,0,0,0,0.0,0,0,0.0,0.0,49053,0,1,0.49872395396232605,-0.06443782895803452,-0.018661806359887123,-0.015000004321336746,0.11580000072717667,475,1466,307,32766,2450,3.2041056156158447
2026-04-07T11:17:50.190,radio://0/80/2M,flow,1,2,Scan,6497,0,0,0,0.0,0,0,0.0,0.0,49303,-1,-5,0.49872395396232605,-0.10090872645378113,0.09214410185813904,0.0,0.12060000747442245,475,1466,307,32766,2450,3.2041056156158447
2026-04-07T11:17:50.191,radio://0/80/2M,range,1,2,Scan,6497,0,0,0,0.0,0,0,0.0,0.0,49303,-1,-5,0.49872395396232605,-0.10090872645378113,0.09214410185813904,0.0,0.12060000747442245,721,32766,299,32766,2463,3.188269853591919
2026-04-07T11:17:50.438,radio://0/80/2M,mission,1,2,Scan,6497,0,0,0,0.0,0,0,0.0,0.0,49303,-1,-5,0.498811811208725,-0.10090872645378113,0.09214410185813904,0.0,0.12060000747442245,721,32766,299,32766,2463,3.188269853591919
2026-04-07T11:17:50.441,radio://0/80/2M,flow,1,2,Scan,6497,0,0,0,0.0,0,0,0.0,0.0,49553,2,0,0.498811811208725,-0.09258338809013367,0.03363238275051117,0.0,0.12360000610351562,721,32766,299,32766,2463,3.188269853591919
2026-04-07T11:17:50.442,radio://0/80/2M,range,1,2,Scan,6497,0,0,0,0.0,0,0,0.0,0.0,49553,2,0,0.498811811208725,-0.09258338809013367,0.03363238275051117,0.0,0.12360000610351562,1287,32766,294,1488,32766,3.1935484409332275
2026-04-07T11:17:50.687,radio://0/80/2M,mission,1,2,Scan,6497,0,0,0,0.0,0,0,0.0,0.0,49553,2,0,0.5010295510292053,-0.09258338809013367,0.03363238275051117,0.0,0.12360000610351562,1287,32766,294,1488,32766,3.1935484409332275
2026-04-07T11:17:50.689,radio://0/80/2M,flow,1,2,Scan,6497,0,0,0,0.0,0,0,0.0,0.0,49803,-1,-2,0.5010295510292053,-0.13555625081062317,-0.008891775272786617,0.0,0.12960000336170197,1287,32766,294,1488,32766,3.1935484409332275
2026-04-07T11:17:50.691,radio://0/80/2M,range,1,2,Scan,6497,0,0,0,0.0,0,0,0.0,0.0,49803,-1,-2,0.5010295510292053,-0.13555625081062317,-0.008891775272786617,0.0,0.12960000336170197,1263,32766,284,1606,2446,3.198827028274536
2026-04-07T11:17:50.937,radio://0/80/2M,mission,1,2,Scan,6497,0,0,0,0.0,0,0,0.0,0.0,49803,-1,-2,0.5046833753585815,-0.13555625081062317,-0.008891775272786617,0.0,0.12960000336170197,1263,32766,284,1606,2446,3.198827028274536
2026-04-07T11:17:50.940,radio://0/80/2M,flow,1,2,Scan,6497,0,0,0,0.0,0,0,0.0,0.0,50053,-1,0,0.5046833753585815,-0.1495615392923355,-0.005505486857146025,0.0,0.13679999113082886,1263,32766,284,1606,2446,3.198827028274536
2026-04-07T11:17:50.941,radio://0/80/2M,range,1,2,Scan,6497,0,0,0,0.0,0,0,0.0,0.0,50053,-1,0,0.5046833753585815,-0.1495615392923355,-0.005505486857146025,0.0,0.13679999113082886,1252,32766,272,1626,2446,3.198827028274536
2026-04-07T11:17:51.186,radio://0/80/2M,mission,1,2,Scan,6497,0,0,0,0.0,0,0,0.0,0.0,50053,-1,0,0.5035190582275391,-0.1495615392923355,-0.005505486857146025,0.0,0.13679999113082886,1252,32766,272,1626,2446,3.198827028274536
2026-04-07T11:17:51.189,radio://0/80/2M,flow,1,2,Scan,6497,0,0,0,0.0,0,0,0.0,0.0,50303,0,3,0.5035190582275391,-0.12326711416244507,-0.03639347106218338,0.0,0.0942000076174736,1252,32766,272,1626,2446,3.198827028274536
2026-04-07T11:17:51.191,radio://0/80/2M,range,1,2,Scan,6497,0,0,0,0.0,0,0,0.0,0.0,50303,0,3,0.5035190582275391,-0.12326711416244507,-0.03639347106218338,0.0,0.0942000076174736,1288,912,343,1695,2460,3.188269853591919
2026-04-07T11:17:51.436,radio://0/80/2M,mission,1,2,Scan,6497,0,0,0,0.0,0,0,0.0,0.0,50303,0,3,0.5019249320030212,-0.12326711416244507,-0.03639347106218338,0.0,0.0942000076174736,1288,912,343,1695,2460,3.188269853591919
2026-04-07T11:17:51.439,radio://0/80/2M,flow,1,2,Scan,6497,0,0,0,0.0,0,0,0.0,0.0,50553,8,7,0.5019249320030212,-0.03721668943762779,-0.03689171373844147,0.0,0.05339999496936798,1288,912,343,1695,2460,3.188269853591919
2026-04-07T11:17:51.440,radio://0/80/2M,range,1,2,Scan,6497,0,0,0,0.0,0,0,0.0,0.0,50553,8,7,0.5019249320030212,-0.03721668943762779,-0.03689171373844147,0.0,0.05339999496936798,1355,938,411,32766,2451,3.1935484409332275
2026-04-07T11:17:51.687,radio://0/80/2M,mission,1,2,Scan,6497,0,0,0,0.0,0,0,0.0,0.0,50553,8,7,0.4982766807079315,-0.03721668943762779,-0.03689171373844147,0.0,0.05339999496936798,1355,938,411,32766,2451,3.1935484409332275
2026-04-07T11:17:51.689,radio://0/80/2M,flow,1,2,Scan,6903,0,0,0,0.0,0,0,0.0,0.0,50803,7,1,0.4982766807079315,-0.015479948371648788,-0.02946857176721096,0.0,0.0,1355,938,411,32766,2451,3.1935484409332275
2026-04-07T11:17:51.691,radio://0/80/2M,range,1,2,Scan,6903,0,0,0,0.0,0,0,0.0,0.0,50803,7,1,0.4982766807079315,-0.015479948371648788,-0.02946857176721096,0.0,0.0,1461,999,559,32766,2449,3.188269853591919
2026-04-07T11:17:51.937,radio://0/80/2M,mission,1,2,Scan,6903,0,0,0,0.0,0,0,0.0,0.0,50803,7,1,0.4994855225086212,-0.015479948371648788,-0.02946857176721096,0.0,0.0,1461,999,559,32766,2449,3.188269853591919
2026-04-07T11:17:51.938,radio://0/80/2M,flow,1,2,Scan,5334,0,0,0,0.0,0,0,0.0,0.0,51053,-1,-3,0.4994855225086212,-0.05255701020359993,-0.028741441667079926,0.0,0.0,1461,999,559,32766,2449,3.188269853591919
2026-04-07T11:17:51.940,radio://0/80/2M,range,1,2,Scan,5334,0,0,0,0.0,0,0,0.0,0.0,51053,-1,-3,0.4994855225086212,-0.05255701020359993,-0.028741441667079926,0.0,0.0,1578,1021,711,32766,2453,3.198827028274536
2026-04-07T11:17:52.186,radio://0/80/2M,mission,1,2,Scan,5334,0,0,0,0.0,0,0,0.0,0.0,51053,-1,-3,0.49853670597076416,-0.05255701020359993,-0.028741441667079926,0.0,0.0,1578,1021,711,32766,2453,3.198827028274536
2026-04-07T11:17:52.189,radio://0/80/2M,flow,1,2,Scan,4396,0,0,0,0.0,0,0,0.0,0.0,51303,-1,-6,0.49853670597076416,-0.1278144121170044,0.04885921627283096,0.0,0.0,1578,1021,711,32766,2453,3.198827028274536
2026-04-07T11:17:52.190,radio://0/80/2M,range,1,2,Scan,4396,0,0,0,0.0,0,0,0.0,0.0,51303,-1,-6,0.49853670597076416,-0.1278144121170044,0.04885921627283096,0.0,0.0,32766,1068,1186,735,2440,3.198827028274536
2026-04-07T11:17:52.436,radio://0/80/2M,mission,1,2,Scan,4396,0,0,0,0.0,0,0,0.0,0.0,51303,-1,-6,0.5001916885375977,-0.1278144121170044,0.04885921627283096,0.0,0.0,32766,1068,1186,735,2440,3.198827028274536
2026-04-07T11:17:52.438,radio://0/80/2M,flow,1,2,Scan,4122,0,0,0,0.0,0,0,0.0,0.0,51553,0,-2,0.5001916885375977,-0.09520575404167175,0.05984484404325485,0.0,0.0,32766,1068,1186,735,2440,3.198827028274536
2026-04-07T11:17:52.439,radio://0/80/2M,range,1,2,Scan,4122,0,0,0,0.0,0,0,0.0,0.0,51553,0,-2,0.5001916885375977,-0.09520575404167175,0.05984484404325485,0.0,0.0,32766,1121,1191,32766,32766,3.198827028274536
2026-04-07T11:17:52.686,radio://0/80/2M,mission,1,2,Scan,4122,0,0,0,0.0,0,0,0.0,0.0,51553,0,-2,0.5035004019737244,-0.09520575404167175,0.05984484404325485,0.0,0.0,32766,1121,1191,32766,32766,3.198827028274536
2026-04-07T11:17:52.688,radio://0/80/2M,flow,1,2,Scan,4122,0,0,0,0.0,0,0,0.0,0.0,51803,0,-3,0.5035004019737244,-0.05750663951039314,0.016572780907154083,0.0,0.0,32766,1121,1191,32766,32766,3.198827028274536
2026-04-07T11:17:52.690,radio://0/80/2M,range,1,2,Scan,4122,0,0,0,0.0,0,0,0.0,0.0,51803,0,-3,0.5035004019737244,-0.05750663951039314,0.016572780907154083,0.0,0.0,32766,1494,1081,721,2450,3.198827028274536
2026-04-07T11:17:52.936,radio://0/80/2M,mission,1,2,Scan,4122,0,0,0,0.0,0,0,0.0,0.0,51803,0,-3,0.5044887065887451,-0.05750663951039314,0.016572780907154083,0.0,0.0,32766,1494,1081,721,2450,3.198827028274536
2026-04-07T11:17:52.938,radio://0/80/2M,flow,1,2,Scan,4122,0,0,0,0.0,0,0,0.0,0.0,52053,0,0,0.5044887065887451,-0.012576508335769176,-0.044857513159513474,0.0,0.0,32766,1494,1081,721,2450,3.198827028274536
2026-04-07T11:17:52.940,radio://0/80/2M,range,1,2,Scan,4122,0,0,0,0.0,0,0,0.0,0.0,52053,0,0,0.5044887065887451,-0.012576508335769176,-0.044857513159513474,0.0,0.0,32766,32766,1041,745,2459,3.198827028274536
2026-04-07T11:17:53.185,radio://0/80/2M,mission,1,2,Scan,4122,0,0,0,0.0,0,0,0.0,0.0,52053,0,0,0.5014206767082214,-0.012576508335769176,-0.044857513159513474,0.0,0.0,32766,32766,1041,745,2459,3.198827028274536
2026-04-07T11:17:53.188,radio://0/80/2M,flow,1,2,Scan,4122,0,0,0,0.0,0,0,0.0,0.0,52303,5,-1,0.5014206767082214,-0.0029744941275566816,-0.006490606814622879,0.0,0.0,32766,32766,1041,745,2459,3.198827028274536
2026-04-07T11:17:53.190,radio://0/80/2M,range,1,2,Scan,4122,0,0,0,0.0,0,0,0.0,0.0,52303,5,-1,0.5014206767082214,-0.0029744941275566816,-0.006490606814622879,0.0,0.0,3197,32766,1028,802,2429,3.188269853591919
2026-04-07T11:17:53.434,radio://0/80/2M,mission,1,2,Scan,4122,0,0,0,0.0,0,0,0.0,0.0,52303,5,-1,0.5013816952705383,-0.0029744941275566816,-0.006490606814622879,0.0,0.0,3197,32766,1028,802,2429,3.188269853591919
2026-04-07T11:17:53.437,radio://0/80/2M,flow,1,2,Scan,4122,0,0,0,0.0,0,0,0.0,0.0,52553,0,0,0.5013816952705383,0.0029238094575703144,0.02215280570089817,0.0,0.0,3197,32766,1028,802,2429,3.188269853591919
2026-04-07T11:17:53.439,radio://0/80/2M,range,1,2,Scan,4122,0,0,0,0.0,0,0,0.0,0.0,52553,0,0,0.5013816952705383,0.0029238094575703144,0.02215280570089817,0.0,0.0,3146,32766,1049,850,2437,3.198827028274536
2026-04-07T11:17:53.685,radio://0/80/2M,mission,1,2,Scan,4122,0,0,0,0.0,0,0,0.0,0.0,52553,0,0,0.5028032660484314,0.0029238094575703144,0.02215280570089817,0.0,0.0,3146,32766,1049,850,2437,3.198827028274536
2026-04-07T11:17:53.688,radio://0/80/2M,flow,1,2,Scan,4122,0,0,0,0.0,0,0,0.0,0.0,52803,1,1,0.5028032660484314,0.030374053865671158,0.020681677386164665,0.0,0.0,3146,32766,1049,850,2437,3.198827028274536
2026-04-07T11:17:53.689,radio://0/80/2M,range,1,2,Scan,4122,0,0,0,0.0,0,0,0.0,0.0,52803,1,1,0.5028032660484314,0.030374053865671158,0.020681677386164665,0.0,0.0,32766,32766,1116,986,2450,3.2041056156158447
2026-04-07T11:17:53.935,radio://0/80/2M,mission,1,2,Scan,4122,0,0,0,0.0,0,0,0.0,0.0,52803,1,1,0.5045008659362793,0.030374053865671158,0.020681677386164665,0.0,0.0,32766,32766,1116,986,2450,3.2041056156158447
2026-04-07T11:17:53.937,radio://0/80/2M,flow,1,2,Scan,4122,0,0,0,0.0,0,0,0.0,0.0,53053,2,0,0.5045008659362793,0.006841093301773071,-0.009981360286474228,0.0,0.0,32766,32766,1116,986,2450,3.2041056156158447
2026-04-07T11:17:53.939,radio://0/80/2M,range,1,2,Scan,4122,0,0,0,0.0,0,0,0.0,0.0,53053,2,0,0.5045008659362793,0.006841093301773071,-0.009981360286474228,0.0,0.0,737,32766,1201,1125,2454,3.198827028274536
2026-04-07T11:17:54.185,radio://0/80/2M,mission,1,2,Scan,4122,0,0,0,0.0,0,0,0.0,0.0,53053,2,0,0.5051539540290833,0.006841093301773071,-0.009981360286474228,0.0,0.0,737,32766,1201,1125,2454,3.198827028274536
2026-04-07T11:17:54.187,radio://0/80/2M,flow,1,2,Scan,3865,0,0,0,0.0,0,0,0.0,0.0,53303,0,-2,0.5051539540290833,-0.06096234917640686,0.017886575311422348,0.0,0.0,737,32766,1201,1125,2454,3.198827028274536
2026-04-07T11:17:54.188,radio://0/80/2M,range,1,2,Scan,3865,0,0,0,0.0,0,0,0.0,0.0,53303,0,-2,0.5051539540290833,-0.06096234917640686,0.017886575311422348,0.0,0.0,560,32766,32766,1452,2439,3.2093842029571533
2026-04-07T11:17:54.435,radio://0/80/2M,mission,1,2,Scan,3865,0,0,0,0.0,0,0,0.0,0.0,53303,0,-2,0.5069354772567749,-0.06096234917640686,0.017886575311422348,0.0,0.0,560,32766,32766,1452,2439,3.2093842029571533
2026-04-07T11:17:54.436,radio://0/80/2M,flow,1,2,Scan,3624,0,0,0,0.0,0,0,0.0,0.0,53553,0,-4,0.5069354772567749,-0.08554763346910477,-0.03717746585607529,-0.01740000955760479,0.0,560,32766,32766,1452,2439,3.2093842029571533
2026-04-07T11:17:54.439,radio://0/80/2M,range,1,2,Scan,3624,0,0,0,0.0,0,0,0.0,0.0,53553,0,-4,0.5069354772567749,-0.08554763346910477,-0.03717746585607529,-0.01740000955760479,0.0,471,32766,32766,1432,2436,3.198827028274536
2026-04-07T11:17:54.684,radio://0/80/2M,mission,1,2,Scan,3624,0,0,0,0.0,0,0,0.0,0.0,53553,0,-4,0.5070213675498962,-0.08554763346910477,-0.03717746585607529,-0.01740000955760479,0.0,471,32766,32766,1432,2436,3.198827028274536
2026-04-07T11:17:54.688,radio://0/80/2M,flow,1,2,Scan,3624,0,0,0,0.0,0,0,0.0,0.0,53803,0,0,0.5070213675498962,-0.03182811662554741,-0.008772582747042179,-0.0737999975681305,0.0,471,32766,32766,1432,2436,3.198827028274536
2026-04-07T11:17:54.689,radio://0/80/2M,range,1,2,Scan,3624,0,0,0,0.0,0,0,0.0,0.0,53803,0,0,0.5070213675498962,-0.03182811662554741,-0.008772582747042179,-0.0737999975681305,0.0,377,32766,968,1231,2432,3.198827028274536
2026-04-07T11:17:54.934,radio://0/80/2M,mission,1,2,Scan,3624,0,0,0,0.0,0,0,0.0,0.0,53803,0,0,0.5026688575744629,-0.03182811662554741,-0.008772582747042179,-0.0737999975681305,0.0,377,32766,968,1231,2432,3.198827028274536
2026-04-07T11:17:54.937,radio://0/80/2M,flow,1,2,Scan,3624,0,0,0,0.0,0,0,0.0,0.0,54053,0,2,0.5026688575744629,0.041126735508441925,0.05585944280028343,-0.09300000220537186,0.0,377,32766,968,1231,2432,3.198827028274536
2026-04-07T11:17:54.938,radio://0/80/2M,range,1,2,Scan,3624,0,0,0,0.0,0,0,0.0,0.0,54053,0,2,0.5026688575744629,0.041126735508441925,0.05585944280028343,-0.09300000220537186,0.0,345,32766,32766,1165,2450,3.198827028274536
2026-04-07T11:17:55.184,radio://0/80/2M,mission,1,2,Scan,3624,0,0,0,0.0,0,0,0.0,0.0,54053,0,2,0.49999064207077026,0.041126735508441925,0.05585944280028343,-0.09300000220537186,0.0,345,32766,32766,1165,2450,3.198827028274536
2026-04-07T11:17:55.185,radio://0/80/2M,flow,1,2,Scan,3624,0,0,0,0.0,0,0,0.0,0.0,54303,4,3,0.49999064207077026,0.029618725180625916,0.07721195369958878,-0.1128000020980835,0.0,345,32766,32766,1165,2450,3.198827028274536
2026-04-07T11:17:55.187,radio://0/80/2M,range,1,2,Scan,3624,0,0,0,0.0,0,0,0.0,0.0,54303,4,3,0.49999064207077026,0.029618725180625916,0.07721195369958878,-0.1128000020980835,0.0,312,1215,32766,1124,2433,3.198827028274536
2026-04-07T11:17:55.433,radio://0/80/2M,mission,1,5,Transition,3624,0,0,0,0.0,0,0,0.0,0.0,54303,4,3,0.4974852204322815,0.029618725180625916,0.07721195369958878,-0.1128000020980835,0.0,312,1215,32766,1124,2433,3.198827028274536
2026-04-07T11:17:55.436,radio://0/80/2M,flow,1,5,Transition,3850,0,0,0,0.0,0,0,0.0,0.0,54553,-7,-5,0.4974852204322815,0.02674609050154686,0.07677729427814484,-0.04562999680638313,0.0,312,1215,32766,1124,2433,3.198827028274536
2026-04-07T11:17:55.438,radio://0/80/2M,range,1,5,Transition,3850,0,0,0,0.0,0,0,0.0,0.0,54553,-7,-5,0.4974852204322815,0.02674609050154686,0.07677729427814484,-0.04562999680638313,0.0,305,1206,2785,1121,2443,3.188269853591919
2026-04-07T11:17:55.684,radio://0/80/2M,mission,1,5,Transition,3850,0,0,0,0.0,0,0,0.0,0.0,54553,-7,-5,0.4999070167541504,0.02674609050154686,0.07677729427814484,-0.04562999680638313,0.0,305,1206,2785,1121,2443,3.188269853591919
2026-04-07T11:17:55.685,radio://0/80/2M,flow,1,5,Transition,3850,0,0,0,0.0,0,0,0.0,0.0,54803,1,0,0.4999070167541504,0.01044477242976427,0.018028613179922104,-0.04562999680638313,0.0,305,1206,2785,1121,2443,3.188269853591919
2026-04-07T11:17:55.688,radio://0/80/2M,range,1,5,Transition,3850,0,0,0,0.0,0,0,0.0,0.0,54803,1,0,0.4999070167541504,0.01044477242976427,0.018028613179922104,-0.04562999680638313,0.0,305,1218,2761,1138,2449,3.2093842029571533
2026-04-07T11:17:55.933,radio://0/80/2M,mission,1,0,Reacquire Wall,3850,0,0,0,0.0,0,0,0.0,0.0,54803,1,0,0.49921268224716187,0.01044477242976427,0.018028613179922104,-0.04562999680638313,0.0,305,1218,2761,1138,2449,3.2093842029571533
2026-04-07T11:17:55.937,radio://0/80/2M,flow,1,0,Reacquire Wall,3850,0,0,0,0.0,0,0,0.0,0.0,55053,2,0,0.49921268224716187,-0.024007102474570274,0.007305915001779795,-0.053932804614305496,0.0,305,1218,2761,1138,2449,3.2093842029571533
2026-04-07T11:17:55.938,radio://0/80/2M,range,1,0,Reacquire Wall,3850,0,0,0,0.0,0,0,0.0,0.0,55053,2,0,0.49921268224716187,-0.024007102474570274,0.007305915001779795,-0.053932804614305496,0.0,288,1235,2770,1151,2427,3.198827028274536
2026-04-07T11:17:56.184,radio://0/80/2M,mission,1,0,Reacquire Wall,3850,0,0,0,0.0,0,0,0.0,0.0,55053,2,0,0.4959825575351715,-0.024007102474570274,0.007305915001779795,-0.053932804614305496,0.0,288,1235,2770,1151,2427,3.198827028274536
2026-04-07T11:17:56.186,radio://0/80/2M,flow,1,0,Reacquire Wall,3850,0,0,0,0.0,0,0,0.0,0.0,55303,0,0,0.4959825575351715,-0.02042338252067566,0.035097282379865646,-0.06797280162572861,0.0,288,1235,2770,1151,2427,3.198827028274536
2026-04-07T11:17:56.187,radio://0/80/2M,range,1,0,Reacquire Wall,3850,0,0,0,0.0,0,0,0.0,0.0,55303,0,0,0.4959825575351715,-0.02042338252067566,0.035097282379865646,-0.06797280162572861,0.0,262,1233,2759,1159,2438,3.188269853591919
2026-04-07T11:17:56.433,radio://0/80/2M,mission,1,0,Reacquire Wall,3850,0,0,0,0.0,0,0,0.0,0.0,55303,0,0,0.4975041449069977,-0.02042338252067566,0.035097282379865646,-0.06797280162572861,0.0,262,1233,2759,1159,2438,3.188269853591919
2026-04-07T11:17:56.437,radio://0/80/2M,flow,1,0,Reacquire Wall,3850,0,0,0,0.0,0,0,0.0,0.0,55553,1,1,0.4975041449069977,-0.04089413583278656,0.025268539786338806,-0.06912000477313995,0.0,262,1233,2759,1159,2438,3.188269853591919
2026-04-07T11:17:56.439,radio://0/80/2M,range,1,0,Reacquire Wall,3850,0,0,0,0.0,0,0,0.0,0.0,55553,1,1,0.4975041449069977,-0.04089413583278656,0.025268539786338806,-0.06912000477313995,0.0,260,1239,2765,1167,2443,3.1935484409332275
2026-04-07T11:17:56.683,radio://0/80/2M,mission,1,0,Reacquire Wall,3850,0,0,0,0.0,0,0,0.0,0.0,55553,1,1,0.4973815083503723,-0.04089413583278656,0.025268539786338806,-0.06912000477313995,0.0,260,1239,2765,1167,2443,3.1935484409332275
2026-04-07T11:17:56.686,radio://0/80/2M,flow,1,0,Reacquire Wall,3850,0,0,0,0.0,0,0,0.0,0.0,55803,2,0,0.4973815083503723,0.009819758124649525,0.040048420429229736,-0.06570719927549362,0.0,260,1239,2765,1167,2443,3.1935484409332275
2026-04-07T11:17:56.687,radio://0/80/2M,range,1,0,Reacquire Wall,3850,0,0,0,0.0,0,0,0.0,0.0,55803,2,0,0.4973815083503723,0.009819758124649525,0.040048420429229736,-0.06570719927549362,0.0,266,1276,32766,1178,2441,3.1829912662506104
2026-04-07T11:17:56.933,radio://0/80/2M,mission,1,0,Reacquire Wall,3850,0,0,0,0.0,0,0,0.0,0.0,55803,2,0,0.49822714924812317,0.009819758124649525,0.040048420429229736,-0.06570719927549362,0.0,266,1276,32766,1178,2441,3.1829912662506104
2026-04-07T11:17:56.936,radio://0/80/2M,flow,1,0,Reacquire Wall,3850,0,0,0,0.0,0,0,0.0,0.0,56053,-1,1,0.49822714924812317,0.07629399001598358,0.05740854889154434,-0.05650680884718895,0.0,266,1276,32766,1178,2441,3.1829912662506104
2026-04-07T11:17:56.937,radio://0/80/2M,range,1,0,Reacquire Wall,3850,0,0,0,0.0,0,0,0.0,0.0,56053,-1,1,0.49822714924812317,0.07629399001598358,0.05740854889154434,-0.05650680884718895,0.0,283,1329,32766,1193,2438,3.1829912662506104
2026-04-07T11:17:57.183,radio://0/80/2M,mission,1,0,Reacquire Wall,3850,0,0,0,0.0,0,0,0.0,0.0,56053,-1,1,0.49778157472610474,0.07629399001598358,0.05740854889154434,-0.05650680884718895,0.0,283,1329,32766,1193,2438,3.1829912662506104
2026-04-07T11:17:57.184,radio://0/80/2M,flow,1,0,Reacquire Wall,3850,0,0,0,0.0,0,0,0.0,0.0,56303,0,1,0.49778157472610474,0.052754390984773636,0.08165577054023743,-0.034679997712373734,0.0,283,1329,32766,1193,2438,3.1829912662506104
2026-04-07T11:17:57.186,radio://0/80/2M,range,1,0,Reacquire Wall,3850,0,0,0,0.0,0,0,0.0,0.0,56303,0,1,0.49778157472610474,0.052754390984773636,0.08165577054023743,-0.034679997712373734,0.0,330,32766,32766,1238,2440,3.1777126789093018
2026-04-07T11:17:57.437,radio://0/80/2M,mission,1,0,Reacquire Wall,3850,0,0,0,0.0,0,0,0.0,0.0,56303,0,1,0.4958057105541229,0.052754390984773636,0.08165577054023743,-0.034679997712373734,0.0,330,32766,32766,1238,2440,3.1777126789093018
2026-04-07T11:17:57.439,radio://0/80/2M,flow,1,0,Reacquire Wall,3850,0,0,0,0.0,0,0,0.0,0.0,56553,2,0,0.4958057105541229,0.02807445637881756,0.06528282910585403,-0.017569199204444885,0.0,330,32766,32766,1238,2440,3.1777126789093018
2026-04-07T11:17:57.440,radio://0/80/2M,range,1,0,Reacquire Wall,3850,0,0,0,0.0,0,0,0.0,0.0,56553,2,0,0.4958057105541229,0.02807445637881756,0.06528282910585403,-0.017569199204444885,0.0,379,32766,958,1304,2446,3.188269853591919
2026-04-07T11:17:57.681,radio://0/80/2M,mission,1,0,Reacquire Wall,3850,0,0,0,0.0,0,0,0.0,0.0,56553,2,0,0.5000123977661133,0.02807445637881756,0.06528282910585403,-0.017569199204444885,0.0,379,32766,958,1304,2446,3.188269853591919
2026-04-07T11:17:57.684,radio://0/80/2M,flow,1,0,Reacquire Wall,3850,0,0,0,0.0,0,0,0.0,0.0,56803,0,0,0.5000123977661133,-0.004021092783659697,0.03964957222342491,-0.001009201048873365,0.0,379,32766,958,1304,2446,3.188269853591919
2026-04-07T11:17:57.686,radio://0/80/2M,range,1,0,Reacquire Wall,3850,0,0,0,0.0,0,0,0.0,0.0,56803,0,0,0.5000123977661133,-0.004021092783659697,0.03964957222342491,-0.001009201048873365,0.0,471,32766,1259,1545,2436,3.1935484409332275
2026-04-07T11:17:57.931,radio://0/80/2M,mission,1,0,Reacquire Wall,3850,0,0,0,0.0,0,0,0.0,0.0,56803,0,0,0.5000282526016235,-0.004021092783659697,0.03964957222342491,-0.001009201048873365,0.0,471,32766,1259,1545,2436,3.1935484409332275
2026-04-07T11:17:57.934,radio://0/80/2M,flow,1,0,Reacquire Wall,3850,0,0,0,0.0,0,0,0.0,0.0,57053,-1,0,0.5000282526016235,0.00431512575596571,0.006684166844934225,0.0,0.0,471,32766,1259,1545,2436,3.1935484409332275
2026-04-07T11:17:57.937,radio://0/80/2M,range,1,0,Reacquire Wall,3850,0,0,0,0.0,0,0,0.0,0.0,57053,-1,0,0.5000282526016235,0.00431512575596571,0.006684166844934225,0.0,0.0,533,32766,1328,1603,2433,3.188269853591919
2026-04-07T11:17:58.181,radio://0/80/2M,mission,1,0,Reacquire Wall,3850,0,0,0,0.0,0,0,0.0,0.0,57053,-1,0,0.4952384829521179,0.00431512575596571,0.006684166844934225,0.0,0.0,533,32766,1328,1603,2433,3.188269853591919
2026-04-07T11:17:58.185,radio://0/80/2M,flow,1,0,Reacquire Wall,3850,0,0,0,0.0,0,0,0.0,0.0,57303,0,0,0.4952384829521179,0.005685593467205763,-0.013510248623788357,0.0,0.0,533,32766,1328,1603,2433,3.188269853591919
2026-04-07T11:17:58.186,radio://0/80/2M,range,1,0,Reacquire Wall,3850,0,0,0,0.0,0,0,0.0,0.0,57303,0,0,0.4952384829521179,0.005685593467205763,-0.013510248623788357,0.0,0.0,658,32766,1178,1436,2449,3.172434091567993
2026-04-07T11:17:58.432,radio://0/80/2M,mission,1,0,Reacquire Wall,3850,0,0,0,0.0,0,0,0.0,0.0,57303,0,0,0.4999118149280548,0.005685593467205763,-0.013510248623788357,0.0,0.0,658,32766,1178,1436,2449,3.172434091567993
2026-04-07T11:17:58.435,radio://0/80/2M,flow,1,0,Reacquire Wall,3850,0,0,0,0.0,0,0,0.0,0.0,57553,0,0,0.4999118149280548,0.02104354277253151,0.010067293420433998,0.0,0.0,658,32766,1178,1436,2449,3.172434091567993
2026-04-07T11:17:58.436,radio://0/80/2M,range,1,0,Reacquire Wall,3850,0,0,0,0.0,0,0,0.0,0.0,57553,0,0,0.4999118149280548,0.02104354277253151,0.010067293420433998,0.0,0.0,32766,1754,1118,1346,2442,3.1829912662506104
2026-04-07T11:17:58.681,radio://0/80/2M,mission,1,0,Reacquire Wall,3850,0,0,0,0.0,0,0,0.0,0.0,57553,0,0,0.4987594485282898,0.02104354277253151,0.010067293420433998,0.0,0.0,32766,1754,1118,1346,2442,3.1829912662506104
2026-04-07T11:17:58.683,radio://0/80/2M,flow,1,0,Reacquire Wall,4090,0,0,0,0.0,0,0,0.0,0.0,57803,8,0,0.4987594485282898,0.010640949942171574,-5.278444950818084e-05,0.0,0.0,32766,1754,1118,1346,2442,3.1829912662506104
2026-04-07T11:17:58.685,radio://0/80/2M,range,1,0,Reacquire Wall,4090,0,0,0,0.0,0,0,0.0,0.0,57803,8,0,0.4987594485282898,0.010640949942171574,-5.278444950818084e-05,0.0,0.0,32766,32766,1053,1266,2434,3.1777126789093018
2026-04-07T11:17:58.931,radio://0/80/2M,mission,1,0,Reacquire Wall,4090,0,0,0,0.0,0,0,0.0,0.0,57803,8,0,0.49759742617607117,0.010640949942171574,-5.278444950818084e-05,0.0,0.0,32766,32766,1053,1266,2434,3.1777126789093018
2026-04-07T11:17:58.934,radio://0/80/2M,flow,1,0,Reacquire Wall,4090,0,0,0,0.0,0,0,0.0,0.0,58053,1,1,0.49759742617607117,-0.020027363672852516,0.037569448351860046,0.20000000298023224,0.0,32766,32766,1053,1266,2434,3.1777126789093018
2026-04-07T11:17:58.935,radio://0/80/2M,range,1,0,Reacquire Wall,4090,0,0,0,0.0,0,0,0.0,0.0,58053,1,1,0.49759742617607117,-0.020027363672852516,0.037569448351860046,0.20000000298023224,0.0,2796,425,1014,1235,2433,3.172434091567993
2026-04-07T11:17:59.180,radio://0/80/2M,mission,1,0,Reacquire Wall,4090,0,0,0,0.0,0,0,0.0,0.0,58053,1,1,0.4948336184024811,-0.020027363672852516,0.037569448351860046,0.20000000298023224,0.0,2796,425,1014,1235,2433,3.172434091567993
2026-04-07T11:17:59.183,radio://0/80/2M,flow,1,0,Reacquire Wall,4345,0,0,0,0.0,0,0,0.0,0.0,58303,1,-3,0.4948336184024811,-0.14871066808700562,-0.012059517204761505,0.20000000298023224,0.0,2796,425,1014,1235,2433,3.172434091567993
2026-04-07T11:17:59.185,radio://0/80/2M,range,1,0,Reacquire Wall,4345,0,0,0,0.0,0,0,0.0,0.0,58303,1,-3,0.4948336184024811,-0.14871066808700562,-0.012059517204761505,0.20000000298023224,0.0,2789,442,993,1243,2438,3.172434091567993
2026-04-07T11:17:59.430,radio://0/80/2M,mission,1,0,Reacquire Wall,4345,0,0,0,0.0,0,0,0.0,0.0,58303,1,-3,0.49221691489219666,-0.14871066808700562,-0.012059517204761505,0.20000000298023224,0.0,2789,442,993,1243,2438,3.172434091567993
2026-04-07T11:17:59.433,radio://0/80/2M,flow,1,0,Reacquire Wall,5210,0,0,0,0.0,0,0,0.0,0.0,58553,0,-2,0.49221691489219666,-0.1926957070827484,-0.014728742651641369,0.20000000298023224,0.0,2789,442,993,1243,2438,3.172434091567993
2026-04-07T11:17:59.434,radio://0/80/2M,range,1,0,Reacquire Wall,5210,0,0,0,0.0,0,0,0.0,0.0,58553,0,-2,0.49221691489219666,-0.1926957070827484,-0.014728742651641369,0.20000000298023224,0.0,2747,437,998,1281,2437,3.172434091567993
2026-04-07T11:17:59.680,radio://0/80/2M,mission,1,0,Reacquire Wall,5210,0,0,0,0.0,0,0,0.0,0.0,58553,0,-2,0.4971334934234619,-0.1926957070827484,-0.014728742651641369,0.20000000298023224,0.0,2747,437,998,1281,2437,3.172434091567993
2026-04-07T11:17:59.682,radio://0/80/2M,flow,1,0,Reacquire Wall,5535,0,0,0,0.0,0,0,0.0,0.0,58803,0,0,0.4971334934234619,-0.19264976680278778,-0.011214671656489372,0.20000000298023224,0.0,2747,437,998,1281,2437,3.172434091567993
2026-04-07T11:17:59.684,radio://0/80/2M,range,1,0,Reacquire Wall,5535,0,0,0,0.0,0,0,0.0,0.0,58803,0,0,0.4971334934234619,-0.19264976680278778,-0.011214671656489372,0.20000000298023224,0.0,32766,433,1011,1370,2431,3.1829912662506104
2026-04-07T11:17:59.931,radio://0/80/2M,mission,1,0,Reacquire Wall,5535,0,0,0,0.0,0,0,0.0,0.0,58803,0,0,0.4993530213832855,-0.19264976680278778,-0.011214671656489372,0.20000000298023224,0.0,32766,433,1011,1370,2431,3.1829912662506104
2026-04-07T11:17:59.932,radio://0/80/2M,flow,1,0,Reacquire Wall,5535,0,0,0,0.0,0,0,0.0,0.0,59053,3,-1,0.4993530213832855,-0.13520057499408722,-0.031265661120414734,0.20000000298023224,0.0,32766,433,1011,1370,2431,3.1829912662506104
2026-04-07T11:17:59.935,radio://0/80/2M,range,1,0,Reacquire Wall,5535,0,0,0,0.0,0,0,0.0,0.0,59053,3,-1,0.4993530213832855,-0.13520057499408722,-0.031265661120414734,0.20000000298023224,0.0,32766,442,1039,1461,2433,3.1777126789093018
2026-04-07T11:18:00.180,radio://0/80/2M,mission,1,0,Reacquire Wall,5535,0,0,0,0.0,0,0,0.0,0.0,59053,3,-1,0.4998220205307007,-0.13520057499408722,-0.031265661120414734,0.20000000298023224,0.0,32766,442,1039,1461,2433,3.1777126789093018
2026-04-07T11:18:00.183,radio://0/80/2M,flow,1,0,Reacquire Wall,5535,0,0,0,0.0,0,0,0.0,0.0,59303,0,1,0.4998220205307007,-0.17285844683647156,-0.07947162538766861,0.20000000298023224,0.0,32766,442,1039,1461,2433,3.1777126789093018
2026-04-07T11:18:00.189,radio://0/80/2M,range,1,0,Reacquire Wall,5535,0,0,0,0.0,0,0,0.0,0.0,59303,0,1,0.4998220205307007,-0.17285844683647156,-0.07947162538766861,0.20000000298023224,0.0,32766,461,1097,1636,2434,3.1777126789093018
2026-04-07T11:18:00.429,radio://0/80/2M,mission,1,0,Reacquire Wall,5535,0,0,0,0.0,0,0,0.0,0.0,59303,0,1,0.5006536245346069,-0.17285844683647156,-0.07947162538766861,0.20000000298023224,0.0,32766,461,1097,1636,2434,3.1777126789093018
2026-04-07T11:18:00.432,radio://0/80/2M,flow,1,0,Reacquire Wall,5535,0,0,0,0.0,0,0,0.0,0.0,59553,-4,6,0.5006536245346069,-0.13374532759189606,-0.058625586330890656,0.20000000298023224,0.0,32766,461,1097,1636,2434,3.1777126789093018
2026-04-07T11:18:00.434,radio://0/80/2M,range,1,0,Reacquire Wall,5535,0,0,0,0.0,0,0,0.0,0.0,59553,-4,6,0.5006536245346069,-0.13374532759189606,-0.058625586330890656,0.20000000298023224,0.0,32766,460,1130,1739,2437,3.1829912662506104
2026-04-07T11:18:00.680,radio://0/80/2M,mission,1,0,Reacquire Wall,5535,0,0,0,0.0,0,0,0.0,0.0,59553,-4,6,0.500333309173584,-0.13374532759189606,-0.058625586330890656,0.20000000298023224,0.0,32766,460,1130,1739,2437,3.1829912662506104
2026-04-07T11:18:00.682,radio://0/80/2M,flow,1,0,Reacquire Wall,5880,0,0,0,0.0,0,0,0.0,0.0,59803,-1,0,0.500333309173584,-0.1002763956785202,-0.05327397584915161,0.20000000298023224,0.0,32766,460,1130,1739,2437,3.1829912662506104
2026-04-07T11:18:00.684,radio://0/80/2M,range,1,0,Reacquire Wall,5880,0,0,0,0.0,0,0,0.0,0.0,59803,-1,0,0.500333309173584,-0.1002763956785202,-0.05327397584915161,0.20000000298023224,0.0,32766,469,778,1697,2435,3.1777126789093018
2026-04-07T11:18:00.929,radio://0/80/2M,mission,1,0,Reacquire Wall,5880,0,0,0,0.0,0,0,0.0,0.0,59803,-1,0,0.49914002418518066,-0.1002763956785202,-0.05327397584915161,0.20000000298023224,0.0,32766,469,778,1697,2435,3.1777126789093018
2026-04-07T11:18:00.932,radio://0/80/2M,flow,1,0,Reacquire Wall,5880,0,0,0,0.0,0,0,0.0,0.0,60053,1,1,0.49914002418518066,-0.09068961441516876,-0.06983770430088043,0.20000000298023224,0.0,32766,469,778,1697,2435,3.1777126789093018
2026-04-07T11:18:00.933,radio://0/80/2M,range,1,0,Reacquire Wall,5880,0,0,0,0.0,0,0,0.0,0.0,60053,1,1,0.49914002418518066,-0.09068961441516876,-0.06983770430088043,0.20000000298023224,0.0,32766,473,685,1520,2436,3.1777126789093018
2026-04-07T11:18:01.179,radio://0/80/2M,mission,1,0,Reacquire Wall,5880,0,0,0,0.0,0,0,0.0,0.0,60053,1,1,0.5018312931060791,-0.09068961441516876,-0.06983770430088043,0.20000000298023224,0.0,32766,473,685,1520,2436,3.1777126789093018
2026-04-07T11:18:01.182,radio://0/80/2M,flow,1,0,Reacquire Wall,4260,0,0,0,0.0,0,0,0.0,0.0,60303,-1,-1,0.5018312931060791,-0.08512052148580551,-0.14321251213550568,0.20000000298023224,0.0,32766,473,685,1520,2436,3.1777126789093018
2026-04-07T11:18:01.184,radio://0/80/2M,range,1,0,Reacquire Wall,4260,0,0,0,0.0,0,0,0.0,0.0,60303,-1,-1,0.5018312931060791,-0.08512052148580551,-0.14321251213550568,0.20000000298023224,0.0,32766,466,32766,1411,2433,3.172434091567993
2026-04-07T11:18:01.429,radio://0/80/2M,mission,1,0,Reacquire Wall,4260,0,0,0,0.0,0,0,0.0,0.0,60303,-1,-1,0.49879392981529236,-0.08512052148580551,-0.14321251213550568,0.20000000298023224,0.0,32766,466,32766,1411,2433,3.172434091567993
2026-04-07T11:18:01.432,radio://0/80/2M,flow,1,0,Reacquire Wall,3087,0,0,0,0.0,0,0,0.0,0.0,60553,0,4,0.49879392981529236,-0.19534975290298462,-0.17539110779762268,0.20000000298023224,0.0,32766,466,32766,1411,2433,3.172434091567993
2026-04-07T11:18:01.433,radio://0/80/2M,range,1,0,Reacquire Wall,3087,0,0,0,0.0,0,0,0.0,0.0,60553,0,4,0.49879392981529236,-0.19534975290298462,-0.17539110779762268,0.20000000298023224,0.0,32766,476,32766,1355,2424,3.1671555042266846
2026-04-07T11:18:01.678,radio://0/80/2M,mission,1,0,Reacquire Wall,3087,0,0,0,0.0,0,0,0.0,0.0,60553,0,4,0.49635887145996094,-0.19534975290298462,-0.17539110779762268,0.20000000298023224,0.0,32766,476,32766,1355,2424,3.1671555042266846
2026-04-07T11:18:01.681,radio://0/80/2M,flow,1,0,Reacquire Wall,3087,0,0,0,0.0,0,0,0.0,0.0,60803,20,-1,0.49635887145996094,-0.20699442923069,-0.10055223107337952,0.20000000298023224,0.0,32766,476,32766,1355,2424,3.1671555042266846
2026-04-07T11:18:01.683,radio://0/80/2M,range,1,0,Reacquire Wall,3087,0,0,0,0.0,0,0,0.0,0.0,60803,20,-1,0.49635887145996094,-0.20699442923069,-0.10055223107337952,0.20000000298023224,0.0,32766,427,32766,1369,2444,3.1777126789093018
2026-04-07T11:18:01.929,radio://0/80/2M,mission,1,0,Reacquire Wall,3087,0,0,0,0.0,0,0,0.0,0.0,60803,20,-1,0.50391685962677,-0.20699442923069,-0.10055223107337952,0.20000000298023224,0.0,32766,427,32766,1369,2444,3.1777126789093018
2026-04-07T11:18:01.931,radio://0/80/2M,flow,1,0,Reacquire Wall,2895,0,0,0,0.0,0,0,0.0,0.0,61053,0,-1,0.50391685962677,-0.12921512126922607,-0.14413295686244965,0.20000000298023224,-0.06666667014360428,32766,427,32766,1369,2444,3.1777126789093018
2026-04-07T11:18:01.933,radio://0/80/2M,range,1,0,Reacquire Wall,2895,0,0,0,0.0,0,0,0.0,0.0,61053,0,-1,0.50391685962677,-0.12921512126922607,-0.14413295686244965,0.20000000298023224,-0.06666667014360428,32766,358,32766,1420,2442,3.198827028274536
2026-04-07T11:18:02.179,radio://0/80/2M,mission,1,0,Reacquire Wall,2895,0,0,0,0.0,0,0,0.0,0.0,61053,0,-1,0.5046676397323608,-0.12921512126922607,-0.14413295686244965,0.20000000298023224,-0.06666667014360428,32766,358,32766,1420,2442,3.198827028274536
2026-04-07T11:18:02.181,radio://0/80/2M,flow,1,0,Reacquire Wall,2715,0,0,0,0.0,0,0,0.0,0.0,61303,0,0,0.5046676397323608,-0.13211342692375183,-0.18694719672203064,0.20000000298023224,-0.06666667014360428,32766,358,32766,1420,2442,3.198827028274536
2026-04-07T11:18:02.182,radio://0/80/2M,range,1,0,Reacquire Wall,2715,0,0,0,0.0,0,0,0.0,0.0,61303,0,0,0.5046676397323608,-0.13211342692375183,-0.18694719672203064,0.20000000298023224,-0.06666667014360428,32766,257,32766,1414,2427,3.172434091567993
2026-04-07T11:18:02.428,radio://0/80/2M,mission,1,0,Reacquire Wall,2715,0,0,0,0.0,0,0,0.0,0.0,61303,0,0,0.5107580423355103,-0.13211342692375183,-0.18694719672203064,0.20000000298023224,-0.06666667014360428,32766,257,32766,1414,2427,3.172434091567993
2026-04-07T11:18:02.431,radio://0/80/2M,flow,1,0,Reacquire Wall,2715,0,0,0,0.0,0,0,0.0,0.0,61553,1,0,0.5107580423355103,-0.16272535920143127,-0.16657313704490662,0.20000000298023224,-0.06666667014360428,32766,257,32766,1414,2427,3.172434091567993
2026-04-07T11:18:02.432,radio://0/80/2M,range,1,0,Reacquire Wall,2715,0,0,0,0.0,0,0,0.0,0.0,61553,1,0,0.5107580423355103,-0.16272535920143127,-0.16657313704490662,0.20000000298023224,-0.06666667014360428,32766,171,32766,1426,2424,3.1935484409332275
2026-04-07T11:18:02.678,radio://0/80/2M,mission,1,0,Reacquire Wall,2715,0,0,0,0.0,0,0,0.0,0.0,61553,1,0,0.5100535154342651,-0.16272535920143127,-0.16657313704490662,0.20000000298023224,-0.06666667014360428,32766,171,32766,1426,2424,3.1935484409332275
2026-04-07T11:18:02.681,radio://0/80/2M,flow,1,0,Reacquire Wall,3064,0,0,0,0.0,0,0,0.0,0.0,61803,4,-10,0.5100535154342651,-0.14374111592769623,-0.1689196079969406,0.20000000298023224,0.06666667014360428,32766,171,32766,1426,2424,3.1935484409332275
2026-04-07T11:18:02.682,radio://0/80/2M,range,1,0,Reacquire Wall,3064,0,0,0,0.0,0,0,0.0,0.0,61803,4,-10,0.5100535154342651,-0.14374111592769623,-0.1689196079969406,0.20000000298023224,0.06666667014360428,32766,707,2143,1440,2427,3.172434091567993
2026-04-07T11:18:02.929,radio://0/80/2M,mission,1,0,Reacquire Wall,3064,0,0,0,0.0,0,0,0.0,0.0,61803,4,-10,0.5008256435394287,-0.14374111592769623,-0.1689196079969406,0.20000000298023224,0.06666667014360428,32766,707,2143,1440,2427,3.172434091567993
2026-04-07T11:18:02.930,radio://0/80/2M,flow,1,0,Reacquire Wall,3458,0,0,0,0.0,0,0,0.0,0.0,62053,0,1,0.5008256435394287,0.019761953502893448,-0.1340561807155609,0.20000000298023224,0.06666667014360428,32766,707,2143,1440,2427,3.172434091567993
2026-04-07T11:18:02.932,radio://0/80/2M,range,1,0,Reacquire Wall,3458,0,0,0,0.0,0,0,0.0,0.0,62053,0,1,0.5008256435394287,0.019761953502893448,-0.1340561807155609,0.20000000298023224,0.06666667014360428,32766,785,2119,1481,2443,3.161876916885376
2026-04-07T11:18:03.177,radio://0/80/2M,mission,1,0,Reacquire Wall,3458,0,0,0,0.0,0,0,0.0,0.0,62053,0,1,0.4912819266319275,0.019761953502893448,-0.1340561807155609,0.20000000298023224,0.06666667014360428,32766,785,2119,1481,2443,3.161876916885376
2026-04-07T11:18:03.180,radio://0/80/2M,flow,1,0,Reacquire Wall,4405,0,0,0,0.0,0,0,0.0,0.0,62303,-3,0,0.4912819266319275,0.1396019160747528,-0.22288058698177338,0.20000000298023224,0.06666667014360428,32766,785,2119,1481,2443,3.161876916885376
2026-04-07T11:18:03.181,radio://0/80/2M,range,1,0,Reacquire Wall,4405,0,0,0,0.0,0,0,0.0,0.0,62303,-3,0,0.4912819266319275,0.1396019160747528,-0.22288058698177338,0.20000000298023224,0.06666667014360428,32766,767,2172,1561,2442,3.14604115486145
2026-04-07T11:18:03.437,radio://0/80/2M,mission,1,0,Reacquire Wall,4405,0,0,0,0.0,0,0,0.0,0.0,62303,-3,0,0.49223631620407104,0.1396019160747528,-0.22288058698177338,0.20000000298023224,0.06666667014360428,32766,767,2172,1561,2442,3.14604115486145
2026-04-07T11:18:03.439,radio://0/80/2M,flow,1,0,Reacquire Wall,4680,0,0,0,0.0,0,0,0.0,0.0,62553,-4,0,0.49223631620407104,0.1700451821088791,-0.2495896816253662,0.20000000298023224,0.06666667014360428,32766,767,2172,1561,2442,3.14604115486145
2026-04-07T11:18:03.440,radio://0/80/2M,range,1,0,Reacquire Wall,4680,0,0,0,0.0,0,0,0.0,0.0,62553,-4,0,0.49223631620407104,0.1700451821088791,-0.2495896816253662,0.20000000298023224,0.06666667014360428,32766,739,32766,1628,2446,3.1829912662506104
2026-04-07T11:18:03.677,radio://0/80/2M,mission,1,0,Reacquire Wall,4680,0,0,0,0.0,0,0,0.0,0.0,62553,-4,0,0.5000539422035217,0.1700451821088791,-0.2495896816253662,0.20000000298023224,0.06666667014360428,32766,739,32766,1628,2446,3.1829912662506104
2026-04-07T11:18:03.680,radio://0/80/2M,flow,1,0,Reacquire Wall,4972,0,0,0,0.0,0,0,0.0,0.0,62803,-1,-1,0.5000539422035217,0.12451653927564621,-0.21334612369537354,0.20000000298023224,0.06666667014360428,32766,739,32766,1628,2446,3.1829912662506104
2026-04-07T11:18:03.681,radio://0/80/2M,range,1,0,Reacquire Wall,4972,0,0,0,0.0,0,0,0.0,0.0,62803,-1,-1,0.5000539422035217,0.12451653927564621,-0.21334612369537354,0.20000000298023224,0.06666667014360428,32766,712,32766,32766,2428,3.1777126789093018
2026-04-07T11:18:03.927,radio://0/80/2M,mission,1,0,Reacquire Wall,4972,0,0,0,0.0,0,0,0.0,0.0,62803,-1,-1,0.5014826655387878,0.12451653927564621,-0.21334612369537354,0.20000000298023224,0.06666667014360428,32766,712,32766,32766,2428,3.1777126789093018
2026-04-07T11:18:03.930,radio://0/80/2M,flow,1,0,Reacquire Wall,5282,0,0,0,0.0,0,0,0.0,0.0,63053,-1,0,0.5014826655387878,0.13609136641025543,-0.18191424012184143,0.20000000298023224,0.06666667014360428,32766,712,32766,32766,2428,3.1777126789093018
2026-04-07T11:18:03.932,radio://0/80/2M,range,1,0,Reacquire Wall,5282,0,0,0,0.0,0,0,0.0,0.0,63053,-1,0,0.5014826655387878,0.13609136641025543,-0.18191424012184143,0.20000000298023224,0.06666667014360428,32766,700,32766,32766,2432,3.1777126789093018
2026-04-07T11:18:04.177,radio://0/80/2M,mission,1,0,Reacquire Wall,5282,0,0,0,0.0,0,0,0.0,0.0,63053,-1,0,0.4989328980445862,0.13609136641025543,-0.18191424012184143,0.20000000298023224,0.06666667014360428,32766,700,32766,32766,2432,3.1777126789093018
2026-04-07T11:18:04.179,radio://0/80/2M,flow,1,0,Reacquire Wall,5282,0,0,0,0.0,0,0,0.0,0.0,63303,-1,-16,0.4989328980445862,0.16162237524986267,-0.16399572789669037,0.20000000298023224,0.06666667014360428,32766,700,32766,32766,2432,3.1777126789093018
2026-04-07T11:18:04.181,radio://0/80/2M,range,1,0,Reacquire Wall,5282,0,0,0,0.0,0,0,0.0,0.0,63303,-1,-16,0.4989328980445862,0.16162237524986267,-0.16399572789669037,0.20000000298023224,0.06666667014360428,32766,684,32766,32766,2430,3.1671555042266846
2026-04-07T11:18:04.427,radio://0/80/2M,mission,1,0,Reacquire Wall,5282,0,0,0,0.0,0,0,0.0,0.0,63303,-1,-16,0.5003674030303955,0.16162237524986267,-0.16399572789669037,0.20000000298023224,0.06666667014360428,32766,684,32766,32766,2430,3.1671555042266846
2026-04-07T11:18:04.429,radio://0/80/2M,flow,1,0,Reacquire Wall,5282,0,0,0,0.0,0,0,0.0,0.0,63553,-3,-9,0.5003674030303955,0.2072187215089798,-0.16106179356575012,0.20000000298023224,0.06666667014360428,32766,684,32766,32766,2430,3.1671555042266846
2026-04-07T11:18:04.431,radio://0/80/2M,range,1,0,Reacquire Wall,5282,0,0,0,0.0,0,0,0.0,0.0,63553,-3,-9,0.5003674030303955,0.2072187215089798,-0.16106179356575012,0.20000000298023224,0.06666667014360428,32766,663,32766,1024,2431,3.1829912662506104
2026-04-07T11:18:04.676,radio://0/80/2M,mission,1,0,Reacquire Wall,5282,0,0,0,0.0,0,0,0.0,0.0,63553,-3,-9,0.4981078803539276,0.2072187215089798,-0.16106179356575012,0.20000000298023224,0.06666667014360428,32766,663,32766,1024,2431,3.1829912662506104
2026-04-07T11:18:04.679,radio://0/80/2M,flow,1,0,Reacquire Wall,5612,0,0,0,0.0,0,0,0.0,0.0,63803,-5,-10,0.4981078803539276,0.1928204745054245,-0.09469711035490036,-0.030337205156683922,0.0,32766,663,32766,1024,2431,3.1829912662506104
2026-04-07T11:18:04.681,radio://0/80/2M,range,1,0,Reacquire Wall,5612,0,0,0,0.0,0,0,0.0,0.0,63803,-5,-10,0.4981078803539276,0.1928204745054245,-0.09469711035490036,-0.030337205156683922,0.0,341,629,32766,32766,2428,3.1671555042266846
2026-04-07T11:18:04.926,radio://0/80/2M,mission,1,0,Reacquire Wall,5612,0,0,0,0.0,0,0,0.0,0.0,63803,-5,-10,0.5002255439758301,0.1928204745054245,-0.09469711035490036,-0.030337205156683922,0.0,341,629,32766,32766,2428,3.1671555042266846
2026-04-07T11:18:04.929,radio://0/80/2M,flow,1,0,Reacquire Wall,5962,0,0,0,0.0,0,0,0.0,0.0,64053,0,1,0.5002255439758301,0.01984003186225891,0.019504401832818985,-0.04562999680638313,0.0,341,629,32766,32766,2428,3.1671555042266846
2026-04-07T11:18:04.930,radio://0/80/2M,range,1,0,Reacquire Wall,5962,0,0,0,0.0,0,0,0.0,0.0,64053,0,1,0.5002255439758301,0.01984003186225891,0.019504401832818985,-0.04562999680638313,0.0,305,625,32766,32766,2430,3.1829912662506104
2026-04-07T11:18:05.176,radio://0/80/2M,mission,1,0,Reacquire Wall,5962,0,0,0,0.0,0,0,0.0,0.0,64053,0,1,0.49811872839927673,0.01984003186225891,0.019504401832818985,-0.04562999680638313,0.0,305,625,32766,32766,2430,3.1829912662506104
2026-04-07T11:18:05.180,radio://0/80/2M,flow,1,0,Reacquire Wall,5962,0,0,0,0.0,0,0,0.0,0.0,64303,0,1,0.49811872839927673,-0.07844925671815872,0.07073313742876053,-0.0465708002448082,0.0,305,625,32766,32766,2430,3.1829912662506104
2026-04-07T11:18:05.181,radio://0/80/2M,range,1,0,Reacquire Wall,5962,0,0,0,0.0,0,0,0.0,0.0,64303,0,1,0.49811872839927673,-0.07844925671815872,0.07073313742876053,-0.0465708002448082,0.0,303,620,32766,32766,2431,3.1671555042266846
2026-04-07T11:18:05.427,radio://0/80/2M,mission,1,0,Reacquire Wall,5962,0,0,0,0.0,0,0,0.0,0.0,64303,0,1,0.4964335262775421,-0.07844925671815872,0.07073313742876053,-0.0465708002448082,0.0,303,620,32766,32766,2431,3.1671555042266846
2026-04-07T11:18:05.428,radio://0/80/2M,flow,1,0,Reacquire Wall,5962,0,0,0,0.0,0,0,0.0,0.0,64553,0,1,0.4964335262775421,-0.048740942031145096,0.05589891970157623,-0.0401868000626564,0.0,303,620,32766,32766,2431,3.1671555042266846
2026-04-07T11:18:05.430,radio://0/80/2M,range,1,0,Reacquire Wall,5962,0,0,0,0.0,0,0,0.0,0.0,64553,0,1,0.4964335262775421,-0.048740942031145096,0.05589891970157623,-0.0401868000626564,0.0,317,629,32766,32766,2432,3.172434091567993
2026-04-07T11:18:05.677,radio://0/80/2M,mission,1,0,Reacquire Wall,5962,0,0,0,0.0,0,0,0.0,0.0,64553,0,1,0.4946402311325073,-0.048740942031145096,0.05589891970157623,-0.0401868000626564,0.0,317,629,32766,32766,2432,3.172434091567993
2026-04-07T11:18:05.678,radio://0/80/2M,flow,1,0,Reacquire Wall,5962,0,0,0,0.0,0,0,0.0,0.0,64803,-1,-3,0.4946402311325073,0.01657087355852127,-0.007356449030339718,-0.044698797166347504,0.0,317,629,32766,32766,2432,3.172434091567993
2026-04-07T11:18:05.679,radio://0/80/2M,range,1,0,Reacquire Wall,5962,0,0,0,0.0,0,0,0.0,0.0,64803,-1,-3,0.4946402311325073,0.01657087355852127,-0.007356449030339718,-0.044698797166347504,0.0,307,623,32766,32766,2423,3.1671555042266846
2026-04-07T11:18:05.925,radio://0/80/2M,mission,1,5,Transition,5962,0,0,0,0.0,0,0,0.0,0.0,64803,-1,-3,0.5038256645202637,0.01657087355852127,-0.007356449030339718,-0.044698797166347504,0.0,307,623,32766,32766,2423,3.1671555042266846
2026-04-07T11:18:05.928,radio://0/80/2M,flow,1,5,Transition,5962,0,0,0,0.0,0,0,0.0,0.0,65053,1,-1,0.5038256645202637,0.004949227906763554,-0.013604695908725262,-0.05650680884718895,0.0,307,623,32766,32766,2423,3.1671555042266846
2026-04-07T11:18:05.929,radio://0/80/2M,range,1,5,Transition,5962,0,0,0,0.0,0,0,0.0,0.0,65053,1,-1,0.5038256645202637,0.004949227906763554,-0.013604695908725262,-0.05650680884718895,0.0,283,592,32766,32766,2423,3.188269853591919
2026-04-07T11:18:06.176,radio://0/80/2M,mission,1,5,Transition,5962,0,0,0,0.0,0,0,0.0,0.0,65053,1,-1,0.5005481839179993,0.004949227906763554,-0.013604695908725262,-0.05650680884718895,0.0,283,592,32766,32766,2423,3.188269853591919
2026-04-07T11:18:06.178,radio://0/80/2M,flow,1,5,Transition,5962,0,0,0,0.0,0,0,0.0,0.0,65303,0,1,0.5005481839179993,-0.02713751792907715,0.05175646021962166,-0.0629291981458664,0.0,283,592,32766,32766,2423,3.188269853591919
2026-04-07T11:18:06.179,radio://0/80/2M,range,1,5,Transition,5962,0,0,0,0.0,0,0,0.0,0.0,65303,0,1,0.5005481839179993,-0.02713751792907715,0.05175646021962166,-0.0629291981458664,0.0,271,580,32766,32766,2423,3.172434091567993
2026-04-07T11:18:06.425,radio://0/80/2M,mission,1,2,Scan,5962,0,0,0,0.0,0,0,0.0,0.0,65303,0,1,0.4947341978549957,-0.02713751792907715,0.05175646021962166,-0.0629291981458664,0.0,271,580,32766,32766,2423,3.172434091567993
2026-04-07T11:18:06.427,radio://0/80/2M,flow,1,2,Scan,5962,0,0,0,0.0,0,0,0.0,0.0,65553,0,0,0.4947341978549957,-0.034054987132549286,0.09807689487934113,-0.13740000128746033,0.0,271,580,32766,32766,2423,3.172434091567993
2026-04-07T11:18:06.429,radio://0/80/2M,range,1,2,Scan,5962,0,0,0,0.0,0,0,0.0,0.0,65553,0,0,0.4947341978549957,-0.034054987132549286,0.09807689487934113,-0.13740000128746033,0.0,271,561,32766,32766,2425,3.161876916885376
2026-04-07T11:18:06.677,radio://0/80/2M,mission,1,2,Scan,5962,0,0,0,0.0,0,0,0.0,0.0,65553,0,0,0.49749839305877686,-0.034054987132549286,0.09807689487934113,-0.13740000128746033,0.0,271,561,32766,32766,2425,3.161876916885376
2026-04-07T11:18:06.678,radio://0/80/2M,flow,1,2,Scan,5962,0,0,0,0.0,0,0,0.0,0.0,65803,-1,1,0.49749839305877686,-0.02651154436171055,0.12472819536924362,-0.13199999928474426,0.0,271,561,32766,32766,2425,3.161876916885376
2026-04-07T11:18:06.679,radio://0/80/2M,range,1,2,Scan,5962,0,0,0,0.0,0,0,0.0,0.0,65803,-1,1,0.49749839305877686,-0.02651154436171055,0.12472819536924362,-0.13199999928474426,0.0,280,577,32766,32766,2429,3.172434091567993
2026-04-07T11:18:06.924,radio://0/80/2M,mission,1,2,Scan,5962,0,0,0,0.0,0,0,0.0,0.0,65803,-1,1,0.4979599416255951,-0.02651154436171055,0.12472819536924362,-0.13199999928474426,0.0,280,577,32766,32766,2429,3.172434091567993
2026-04-07T11:18:06.927,radio://0/80/2M,flow,1,2,Scan,5962,0,0,0,0.0,0,0,0.0,0.0,66053,0,0,0.4979599416255951,-0.0504036583006382,0.09031039476394653,-0.13740000128746033,0.0,280,577,32766,32766,2429,3.172434091567993
2026-04-07T11:18:06.929,radio://0/80/2M,range,1,2,Scan,5962,0,0,0,0.0,0,0,0.0,0.0,66053,0,0,0.4979599416255951,-0.0504036583006382,0.09031039476394653,-0.13740000128746033,0.0,271,595,32766,32766,2423,3.1671555042266846
2026-04-07T11:18:07.174,radio://0/80/2M,mission,1,2,Scan,5962,0,0,0,0.0,0,0,0.0,0.0,66053,0,0,0.5023850798606873,-0.0504036583006382,0.09031039476394653,-0.13740000128746033,0.0,271,595,32766,32766,2423,3.1671555042266846
2026-04-07T11:18:07.177,radio://0/80/2M,flow,1,2,Scan,5962,0,0,0,0.0,0,0,0.0,0.0,66303,-3,4,0.5023850798606873,-0.08213423937559128,0.09004626423120499,-0.12540000677108765,-0.003142801346257329,271,595,32766,32766,2423,3.1671555042266846
2026-04-07T11:18:07.179,radio://0/80/2M,range,1,2,Scan,5962,0,0,0,0.0,0,0,0.0,0.0,66303,-3,4,0.5023850798606873,-0.08213423937559128,0.09004626423120499,-0.12540000677108765,-0.003142801346257329,291,491,32766,952,2425,3.172434091567993
2026-04-07T11:18:07.424,radio://0/80/2M,mission,1,2,Scan,5962,0,0,0,0.0,0,0,0.0,0.0,66303,-3,4,0.5084550380706787,-0.08213423937559128,0.09004626423120499,-0.12540000677108765,-0.003142801346257329,291,491,32766,952,2425,3.172434091567993
2026-04-07T11:18:07.427,radio://0/80/2M,flow,1,2,Scan,5962,0,0,0,0.0,0,0,0.0,0.0,66553,0,0,0.5084550380706787,-0.053776051849126816,0.1033383309841156,-0.08399999141693115,-0.034992001950740814,291,491,32766,952,2425,3.172434091567993
2026-04-07T11:18:07.428,radio://0/80/2M,range,1,2,Scan,5962,0,0,0,0.0,0,0,0.0,0.0,66553,0,0,0.5084550380706787,-0.053776051849126816,0.1033383309841156,-0.08399999141693115,-0.034992001950740814,360,419,32766,32766,2416,3.1777126789093018
2026-04-07T11:18:07.674,radio://0/80/2M,mission,1,2,Scan,5962,0,0,0,0.0,0,0,0.0,0.0,66553,0,0,0.5029309391975403,-0.053776051849126816,0.1033383309841156,-0.08399999141693115,-0.034992001950740814,360,419,32766,32766,2416,3.1777126789093018
2026-04-07T11:18:07.677,radio://0/80/2M,flow,1,2,Scan,5962,0,0,0,0.0,0,0,0.0,0.0,66803,0,0,0.5029309391975403,-0.04241121560335159,0.01007726788520813,-0.003600007388740778,-0.07824959605932236,360,419,32766,32766,2416,3.1777126789093018
2026-04-07T11:18:07.678,radio://0/80/2M,range,1,2,Scan,5962,0,0,0,0.0,0,0,0.0,0.0,66803,0,0,0.5029309391975403,-0.04241121560335159,0.01007726788520813,-0.003600007388740778,-0.07824959605932236,494,368,32766,32766,2419,3.161876916885376
2026-04-07T11:18:07.925,radio://0/80/2M,mission,1,2,Scan,5962,0,0,0,0.0,0,0,0.0,0.0,66803,0,0,0.5021500587463379,-0.04241121560335159,0.01007726788520813,-0.003600007388740778,-0.07824959605932236,494,368,32766,32766,2419,3.161876916885376
2026-04-07T11:18:07.926,radio://0/80/2M,flow,1,2,Scan,5962,0,0,0,0.0,0,0,0.0,0.0,67053,1,0,0.5021500587463379,-0.01484205573797226,-0.08423703908920288,0.0,-0.08820001035928726,494,368,32766,32766,2419,3.161876916885376
2026-04-07T11:18:07.928,radio://0/80/2M,range,1,2,Scan,5962,0,0,0,0.0,0,0,0.0,0.0,67053,1,0,0.5021500587463379,-0.01484205573797226,-0.08423703908920288,0.0,-0.08820001035928726,505,353,32766,32766,2428,3.172434091567993
2026-04-07T11:18:08.173,radio://0/80/2M,mission,1,2,Scan,5962,0,0,0,0.0,0,0,0.0,0.0,67053,1,0,0.5038553476333618,-0.01484205573797226,-0.08423703908920288,0.0,-0.08820001035928726,505,353,32766,32766,2428,3.172434091567993
2026-04-07T11:18:08.176,radio://0/80/2M,flow,1,2,Scan,5962,0,0,0,0.0,0,0,0.0,0.0,67303,0,1,0.5038553476333618,-0.02269509993493557,-0.05449347570538521,0.0,-0.09059999883174896,505,353,32766,32766,2428,3.172434091567993
2026-04-07T11:18:08.177,radio://0/80/2M,range,1,2,Scan,5962,0,0,0,0.0,0,0,0.0,0.0,67303,0,1,0.5038553476333618,-0.02269509993493557,-0.05449347570538521,0.0,-0.09059999883174896,507,349,32766,2418,2421,3.1671555042266846
2026-04-07T11:18:08.424,radio://0/80/2M,mission,1,2,Scan,5962,0,0,0,0.0,0,0,0.0,0.0,67303,0,1,0.502129852771759,-0.02269509993493557,-0.05449347570538521,0.0,-0.09059999883174896,507,349,32766,2418,2421,3.1671555042266846
2026-04-07T11:18:08.426,radio://0/80/2M,flow,1,2,Scan,5962,0,0,0,0.0,0,0,0.0,0.0,67553,0,0,0.502129852771759,-0.02342464029788971,-0.09605666995048523,0.0,-0.07860001176595688,507,349,32766,2418,2421,3.1671555042266846
2026-04-07T11:18:08.427,radio://0/80/2M,range,1,2,Scan,5962,0,0,0,0.0,0,0,0.0,0.0,67553,0,0,0.502129852771759,-0.02342464029788971,-0.09605666995048523,0.0,-0.07860001176595688,520,369,32766,32766,2421,3.172434091567993
2026-04-07T11:18:08.676,radio://0/80/2M,mission,1,2,Scan,5962,0,0,0,0.0,0,0,0.0,0.0,67553,0,0,0.49611786007881165,-0.02342464029788971,-0.09605666995048523,0.0,-0.07860001176595688,520,369,32766,32766,2421,3.172434091567993
2026-04-07T11:18:08.677,radio://0/80/2M,flow,1,2,Scan,5590,0,0,0,0.0,0,0,0.0,0.0,67803,-2,0,0.49611786007881165,0.02622281387448311,-0.05317552760243416,0.0,-0.02340000309050083,520,369,32766,32766,2421,3.172434091567993
2026-04-07T11:18:08.679,radio://0/80/2M,range,1,2,Scan,5590,0,0,0,0.0,0,0,0.0,0.0,67803,-2,0,0.49611786007881165,0.02622281387448311,-0.05317552760243416,0.0,-0.02340000309050083,537,461,32766,32766,2429,3.161876916885376
2026-04-07T11:18:08.923,radio://0/80/2M,mission,1,2,Scan,5590,0,0,0,0.0,0,0,0.0,0.0,67803,-2,0,0.5023856163024902,0.02622281387448311,-0.05317552760243416,0.0,-0.02340000309050083,537,461,32766,32766,2429,3.161876916885376
2026-04-07T11:18:08.926,radio://0/80/2M,flow,1,2,Scan,5590,0,0,0,0.0,0,0,0.0,0.0,68053,-1,0,0.5023856163024902,0.009097028523683548,0.008822033181786537,0.0,0.06419999897480011,537,461,32766,32766,2429,3.161876916885376
2026-04-07T11:18:08.927,radio://0/80/2M,range,1,2,Scan,5590,0,0,0,0.0,0,0,0.0,0.0,68053,-1,0,0.5023856163024902,0.009097028523683548,0.008822033181786537,0.0,0.06419999897480011,568,32766,393,1127,2428,3.172434091567993
2026-04-07T11:18:09.181,radio://0/80/2M,mission,1,2,Scan,5590,0,0,0,0.0,0,0,0.0,0.0,68053,-1,0,0.504815936088562,0.009097028523683548,0.008822033181786537,0.0,0.06419999897480011,568,32766,393,1127,2428,3.172434091567993
2026-04-07T11:18:09.183,radio://0/80/2M,flow,1,2,Scan,5939,0,0,0,0.0,0,0,0.0,0.0,68303,-5,-1,0.504815936088562,-0.06154131144285202,0.020965609699487686,-0.021600008010864258,0.07080000638961792,568,32766,393,1127,2428,3.172434091567993
2026-04-07T11:18:09.184,radio://0/80/2M,range,1,2,Scan,5939,0,0,0,0.0,0,0,0.0,0.0,68303,-5,-1,0.504815936088562,-0.06154131144285202,0.020965609699487686,-0.021600008010864258,0.07080000638961792,464,32766,382,1316,2433,3.172434091567993
2026-04-07T11:18:09.423,radio://0/80/2M,mission,1,2,Scan,5939,0,0,0,0.0,0,0,0.0,0.0,68303,-5,-1,0.5044304728507996,-0.06154131144285202,0.020965609699487686,-0.021600008010864258,0.07080000638961792,464,32766,382,1316,2433,3.172434091567993
2026-04-07T11:18:09.426,radio://0/80/2M,flow,1,2,Scan,6310,0,0,0,0.0,0,0,0.0,0.0,68553,0,-1,0.5044304728507996,-0.06511596590280533,-0.012778924778103828,-0.09779999405145645,0.02699999324977398,464,32766,382,1316,2433,3.172434091567993
2026-04-07T11:18:09.427,radio://0/80/2M,range,1,2,Scan,6310,0,0,0,0.0,0,0,0.0,0.0,68553,0,-1,0.5044304728507996,-0.06511596590280533,-0.012778924778103828,-0.09779999405145645,0.02699999324977398,337,32766,455,1407,2431,3.161876916885376
2026-04-07T11:18:09.673,radio://0/80/2M,mission,1,2,Scan,6310,0,0,0,0.0,0,0,0.0,0.0,68553,0,-1,0.5015866160392761,-0.06511596590280533,-0.012778924778103828,-0.09779999405145645,0.02699999324977398,337,32766,455,1407,2431,3.161876916885376
2026-04-07T11:18:09.675,radio://0/80/2M,flow,1,2,Scan,6310,0,0,0,0.0,0,0,0.0,0.0,68803,0,-4,0.5015866160392761,-0.03714619576931,-0.09822146594524384,-0.17100000381469727,0.0,337,32766,455,1407,2431,3.161876916885376
2026-04-07T11:18:09.676,radio://0/80/2M,range,1,2,Scan,6310,0,0,0,0.0,0,0,0.0,0.0,68803,0,-4,0.5015866160392761,-0.03714619576931,-0.09822146594524384,-0.17100000381469727,0.0,215,32766,510,32766,2429,3.161876916885376
2026-04-07T11:18:09.933,radio://0/80/2M,mission,1,2,Scan,6310,0,0,0,0.0,0,0,0.0,0.0,68803,0,-4,0.5011448264122009,-0.03714619576931,-0.09822146594524384,-0.17100000381469727,0.0,215,32766,510,32766,2429,3.161876916885376
2026-04-07T11:18:09.934,radio://0/80/2M,flow,1,2,Scan,6704,0,0,0,0.0,0,0,0.0,0.0,69053,0,0,0.5011448264122009,-0.05581161752343178,-0.06659630686044693,-0.2070000022649765,0.01979999616742134,215,32766,510,32766,2429,3.161876916885376
2026-04-07T11:18:09.935,radio://0/80/2M,range,1,2,Scan,6704,0,0,0,0.0,0,0,0.0,0.0,69053,0,0,0.5011448264122009,-0.05581161752343178,-0.06659630686044693,-0.2070000022649765,0.01979999616742134,155,32766,467,32766,2420,3.172434091567993
2026-04-07T11:18:10.172,radio://0/80/2M,mission,1,2,Scan,6704,0,0,0,0.0,0,0,0.0,0.0,69053,0,0,0.5020449161529541,-0.05581161752343178,-0.06659630686044693,-0.2070000022649765,0.01979999616742134,155,32766,467,32766,2420,3.172434091567993
2026-04-07T11:18:10.175,radio://0/80/2M,flow,1,2,Scan,6704,0,0,0,0.0,0,0,0.0,0.0,69303,1,0,0.5020449161529541,-0.07778822630643845,-0.0953163206577301,-0.23580001294612885,0.025199998170137405,155,32766,467,32766,2420,3.172434091567993
2026-04-07T11:18:10.176,radio://0/80/2M,range,1,2,Scan,6704,0,0,0,0.0,0,0,0.0,0.0,69303,1,0,0.5020449161529541,-0.07778822630643845,-0.0953163206577301,-0.23580001294612885,0.025199998170137405,107,32766,458,32766,2433,3.1671555042266846
2026-04-07T11:18:10.422,radio://0/80/2M,mission,1,2,Scan,6704,0,0,0,0.0,0,0,0.0,0.0,69303,1,0,0.49680855870246887,-0.07778822630643845,-0.0953163206577301,-0.23580001294612885,0.025199998170137405,107,32766,458,32766,2433,3.1671555042266846
2026-04-07T11:18:10.425,radio://0/80/2M,flow,1,2,Scan,6704,0,0,0,0.0,0,0,0.0,0.0,69553,-1,1,0.49680855870246887,-0.09278277307748795,-0.19653408229351044,-0.24420000612735748,0.031199993565678596,107,32766,458,32766,2433,3.1671555042266846
2026-04-07T11:18:10.426,radio://0/80/2M,range,1,2,Scan,6704,0,0,0,0.0,0,0,0.0,0.0,69553,-1,1,0.49680855870246887,-0.09278277307748795,-0.19653408229351044,-0.24420000612735748,0.031199993565678596,93,32766,448,32766,2442,3.151319742202759
2026-04-07T11:18:10.672,radio://0/80/2M,mission,1,2,Scan,6704,0,0,0,0.0,0,0,0.0,0.0,69553,-1,1,0.49329984188079834,-0.09278277307748795,-0.19653408229351044,-0.24420000612735748,0.031199993565678596,93,32766,448,32766,2442,3.151319742202759
2026-04-07T11:18:10.674,radio://0/80/2M,flow,1,2,Scan,6704,0,0,0,0.0,0,0,0.0,0.0,69803,-1,7,0.49329984188079834,0.005931688006967306,-0.1661936342716217,-0.23399999737739563,0.01679999940097332,93,32766,448,32766,2442,3.151319742202759
2026-04-07T11:18:10.676,radio://0/80/2M,range,1,2,Scan,6704,0,0,0,0.0,0,0,0.0,0.0,69803,-1,7,0.49329984188079834,0.005931688006967306,-0.1661936342716217,-0.23399999737739563,0.01679999940097332,110,32766,472,32766,2433,3.1565983295440674
2026-04-07T11:18:10.921,radio://0/80/2M,mission,1,2,Scan,6704,0,0,0,0.0,0,0,0.0,0.0,69803,-1,7,0.48752596974372864,0.005931688006967306,-0.1661936342716217,-0.23399999737739563,0.01679999940097332,110,32766,472,32766,2433,3.1565983295440674
2026-04-07T11:18:10.924,radio://0/80/2M,flow,1,2,Scan,6704,0,0,0,0.0,0,0,0.0,0.0,70053,-1,1,0.48752596974372864,0.10648953914642334,-0.13682928681373596,-0.22020001709461212,0.029399998486042023,110,32766,472,32766,2433,3.1565983295440674
2026-04-07T11:18:10.925,radio://0/80/2M,range,1,2,Scan,6704,0,0,0,0.0,0,0,0.0,0.0,70053,-1,1,0.48752596974372864,0.10648953914642334,-0.13682928681373596,-0.22020001709461212,0.029399998486042023,130,32766,451,497,2440,3.151319742202759
2026-04-07T11:18:11.171,radio://0/80/2M,mission,1,2,Scan,6704,0,0,0,0.0,0,0,0.0,0.0,70053,-1,1,0.47984033823013306,0.10648953914642334,-0.13682928681373596,-0.22020001709461212,0.029399998486042023,130,32766,451,497,2440,3.151319742202759
2026-04-07T11:18:11.174,radio://0/80/2M,flow,1,2,Scan,7568,0,0,0,0.0,0,0,0.0,0.0,70303,0,3,0.47984033823013306,0.09809084236621857,-0.14303185045719147,-0.18360000848770142,0.1080000102519989,130,32766,451,497,2440,3.151319742202759
2026-04-07T11:18:11.176,radio://0/80/2M,range,1,2,Scan,7568,0,0,0,0.0,0,0,0.0,0.0,70303,0,3,0.47984033823013306,0.09809084236621857,-0.14303185045719147,-0.18360000848770142,0.1080000102519989,151,32766,320,457,2457,3.1407625675201416
2026-04-07T11:18:11.423,radio://0/80/2M,mission,1,2,Scan,7568,0,0,0,0.0,0,0,0.0,0.0,70303,0,3,0.48476099967956543,0.09809084236621857,-0.14303185045719147,-0.18360000848770142,0.1080000102519989,151,32766,320,457,2457,3.1407625675201416
2026-04-07T11:18:11.429,radio://0/80/2M,flow,1,2,Scan,8041,0,0,0,0.0,0,0,0.0,0.0,70553,0,-1,0.48476099967956543,0.04740125685930252,-0.20439289510250092,-0.17879998683929443,0.13620001077651978,151,32766,320,457,2457,3.1407625675201416
2026-04-07T11:18:11.430,radio://0/80/2M,range,1,2,Scan,8041,0,0,0,0.0,0,0,0.0,0.0,70553,0,-1,0.48476099967956543,0.04740125685930252,-0.20439289510250092,-0.17879998683929443,0.13620001077651978,184,32766,273,482,2458,3.151319742202759
2026-04-07T11:18:11.670,radio://0/80/2M,mission,1,2,Scan,8041,0,0,0,0.0,0,0,0.0,0.0,70553,0,-1,0.4937959313392639,0.04740125685930252,-0.20439289510250092,-0.17879998683929443,0.13620001077651978,184,32766,273,482,2458,3.151319742202759
2026-04-07T11:18:11.673,radio://0/80/2M,flow,1,2,Scan,8041,0,0,0,0.0,0,0,0.0,0.0,70803,-1,1,0.4937959313392639,-0.021660299971699715,-0.2945932447910309,-0.16740000247955322,0.14520001411437988,184,32766,273,482,2458,3.151319742202759
2026-04-07T11:18:11.675,radio://0/80/2M,range,1,2,Scan,8041,0,0,0,0.0,0,0,0.0,0.0,70803,-1,1,0.4937959313392639,-0.021660299971699715,-0.2945932447910309,-0.16740000247955322,0.14520001411437988,217,1608,258,496,2442,3.1671555042266846
2026-04-07T11:18:11.921,radio://0/80/2M,mission,1,2,Scan,8041,0,0,0,0.0,0,0,0.0,0.0,70803,-1,1,0.5042876601219177,-0.021660299971699715,-0.2945932447910309,-0.16740000247955322,0.14520001411437988,217,1608,258,496,2442,3.1671555042266846
2026-04-07T11:18:11.924,radio://0/80/2M,flow,1,2,Scan,7539,0,0,0,0.0,0,0,0.0,0.0,71053,0,0,0.5042876601219177,-0.04476707801222801,-0.27478909492492676,-0.12540000677108765,0.133200004696846,217,1608,258,496,2442,3.1671555042266846
2026-04-07T11:18:11.925,radio://0/80/2M,range,1,2,Scan,7539,0,0,0,0.0,0,0,0.0,0.0,71053,0,0,0.5042876601219177,-0.04476707801222801,-0.27478909492492676,-0.12540000677108765,0.133200004696846,268,1570,278,477,2426,3.1777126789093018
2026-04-07T11:18:12.171,radio://0/80/2M,mission,1,2,Scan,7539,0,0,0,0.0,0,0,0.0,0.0,71053,0,0,0.5061703324317932,-0.04476707801222801,-0.27478909492492676,-0.12540000677108765,0.133200004696846,268,1570,278,477,2426,3.1777126789093018
2026-04-07T11:18:12.173,radio://0/80/2M,flow,1,2,Scan,7068,0,0,0,0.0,0,0,0.0,0.0,71303,-4,0,0.5061703324317932,-0.03785127401351929,-0.2344614565372467,0.02760000340640545,0.12120000272989273,268,1570,278,477,2426,3.1777126789093018
2026-04-07T11:18:12.175,radio://0/80/2M,range,1,2,Scan,7068,0,0,0,0.0,0,0,0.0,0.0,71303,-4,0,0.5061703324317932,-0.03785127401351929,-0.2344614565372467,0.02760000340640545,0.12120000272989273,32766,32766,298,454,2419,3.161876916885376
2026-04-07T11:18:12.429,radio://0/80/2M,mission,1,2,Scan,7068,0,0,0,0.0,0,0,0.0,0.0,71303,-4,0,0.5038498640060425,-0.03785127401351929,-0.2344614565372467,0.02760000340640545,0.12120000272989273,32766,32766,298,454,2419,3.161876916885376
2026-04-07T11:18:12.430,radio://0/80/2M,flow,1,2,Scan,7068,0,0,0,0.0,0,0,0.0,0.0,71553,0,0,0.5038498640060425,-0.06473585218191147,-0.1270769089460373,0.03840000927448273,0.11999999731779099,32766,32766,298,454,2419,3.161876916885376
2026-04-07T11:18:12.431,radio://0/80/2M,range,1,2,Scan,7068,0,0,0,0.0,0,0,0.0,0.0,71553,0,0,0.5038498640060425,-0.06473585218191147,-0.1270769089460373,0.03840000927448273,0.11999999731779099,32766,32766,300,436,2426,3.161876916885376
2026-04-07T11:18:12.672,radio://0/80/2M,mission,1,2,Scan,7068,0,0,0,0.0,0,0,0.0,0.0,71553,0,0,0.49842602014541626,-0.06473585218191147,-0.1270769089460373,0.03840000927448273,0.11999999731779099,32766,32766,300,436,2426,3.161876916885376
2026-04-07T11:18:12.673,radio://0/80/2M,flow,1,2,Scan,6627,0,0,0,0.0,0,0,0.0,0.0,71803,0,-4,0.49842602014541626,-0.1294505000114441,-0.03076564148068428,0.042600005865097046,0.12720000743865967,32766,32766,300,436,2426,3.161876916885376
2026-04-07T11:18:12.674,radio://0/80/2M,range,1,2,Scan,6627,0,0,0,0.0,0,0,0.0,0.0,71803,0,-4,0.49842602014541626,-0.1294505000114441,-0.03076564148068428,0.042600005865097046,0.12720000743865967,32766,32766,288,429,2424,3.1407625675201416
2026-04-07T11:18:12.919,radio://0/80/2M,mission,1,2,Scan,6627,0,0,0,0.0,0,0,0.0,0.0,71803,0,-4,0.5064010620117188,-0.1294505000114441,-0.03076564148068428,0.042600005865097046,0.12720000743865967,32766,32766,288,429,2424,3.1407625675201416
2026-04-07T11:18:12.922,radio://0/80/2M,flow,1,2,Scan,6627,0,0,0,0.0,0,0,0.0,0.0,72053,3,0,0.5064010620117188,-0.05881228670477867,-0.08897118270397186,0.039000000804662704,0.133200004696846,32766,32766,288,429,2424,3.1407625675201416
2026-04-07T11:18:12.924,radio://0/80/2M,range,1,2,Scan,6627,0,0,0,0.0,0,0,0.0,0.0,72053,3,0,0.5064010620117188,-0.05881228670477867,-0.08897118270397186,0.039000000804662704,0.133200004696846,32766,32766,278,435,2433,3.172434091567993
2026-04-07T11:18:13.169,radio://0/80/2M,mission,1,2,Scan,6627,0,0,0,0.0,0,0,0.0,0.0,72053,3,0,0.5112855434417725,-0.05881228670477867,-0.08897118270397186,0.039000000804662704,0.133200004696846,32766,32766,278,435,2433,3.172434091567993
2026-04-07T11:18:13.172,radio://0/80/2M,flow,1,2,Scan,6213,0,0,0,0.0,0,0,0.0,0.0,72303,-6,-1,0.5112855434417725,-0.00853860192000866,-0.2205292284488678,0.025199998170137405,0.11159999668598175,32766,32766,278,435,2433,3.172434091567993
2026-04-07T11:18:13.174,radio://0/80/2M,range,1,2,Scan,6213,0,0,0,0.0,0,0,0.0,0.0,72303,-6,-1,0.5112855434417725,-0.00853860192000866,-0.2205292284488678,0.025199998170137405,0.11159999668598175,32766,32766,314,458,2417,3.1671555042266846
2026-04-07T11:18:13.420,radio://0/80/2M,mission,1,2,Scan,6213,0,0,0,0.0,0,0,0.0,0.0,72303,-6,-1,0.5065706372261047,-0.00853860192000866,-0.2205292284488678,0.025199998170137405,0.11159999668598175,32766,32766,314,458,2417,3.1671555042266846
2026-04-07T11:18:13.422,radio://0/80/2M,flow,1,2,Scan,6213,0,0,0,0.0,0,0,0.0,0.0,72553,0,0,0.5065706372261047,-0.0208368469029665,-0.17491310834884644,0.01019999384880066,0.08580000698566437,32766,32766,314,458,2417,3.1671555042266846
2026-04-07T11:18:13.424,radio://0/80/2M,range,1,2,Scan,6213,0,0,0,0.0,0,0,0.0,0.0,72553,0,0,0.5065706372261047,-0.0208368469029665,-0.17491310834884644,0.01019999384880066,0.08580000698566437,32766,3066,357,483,2420,3.161876916885376
2026-04-07T11:18:13.670,radio://0/80/2M,mission,1,2,Scan,6213,0,0,0,0.0,0,0,0.0,0.0,72553,0,0,0.5109338760375977,-0.0208368469029665,-0.17491310834884644,0.01019999384880066,0.08580000698566437,32766,3066,357,483,2420,3.161876916885376
2026-04-07T11:18:13.672,radio://0/80/2M,flow,1,2,Scan,6213,0,0,0,0.0,0,0,0.0,0.0,72803,-1,0,0.5109338760375977,-0.038540929555892944,-0.10923631489276886,0.0,0.0,32766,3066,357,483,2420,3.161876916885376
2026-04-07T11:18:13.674,radio://0/80/2M,range,1,2,Scan,6213,0,0,0,0.0,0,0,0.0,0.0,72803,-1,0,0.5109338760375977,-0.038540929555892944,-0.10923631489276886,0.0,0.0,32766,32766,1974,556,2421,3.161876916885376
2026-04-07T11:18:13.920,radio://0/80/2M,mission,1,2,Scan,6213,0,0,0,0.0,0,0,0.0,0.0,72803,-1,0,0.5052353143692017,-0.038540929555892944,-0.10923631489276886,0.0,0.0,32766,32766,1974,556,2421,3.161876916885376
2026-04-07T11:18:13.922,radio://0/80/2M,flow,1,2,Scan,5461,0,0,0,0.0,0,0,0.0,0.0,73053,0,-4,0.5052353143692017,-0.045021187514066696,-0.047501951456069946,0.0,0.0,32766,32766,1974,556,2421,3.161876916885376
2026-04-07T11:18:13.923,radio://0/80/2M,range,1,2,Scan,5461,0,0,0,0.0,0,0,0.0,0.0,73053,0,-4,0.5052353143692017,-0.045021187514066696,-0.047501951456069946,0.0,0.0,32766,32766,32766,629,2415,3.1407625675201416
2026-04-07T11:18:14.169,radio://0/80/2M,mission,1,2,Scan,5461,0,0,0,0.0,0,0,0.0,0.0,73053,0,-4,0.4981258809566498,-0.045021187514066696,-0.047501951456069946,0.0,0.0,32766,32766,32766,629,2415,3.1407625675201416
2026-04-07T11:18:14.172,radio://0/80/2M,flow,1,2,Scan,5461,0,0,0,0.0,0,0,0.0,0.0,73303,-1,0,0.4981258809566498,-0.03764908388257027,0.0005171968368813396,0.0,0.0,32766,32766,32766,629,2415,3.1407625675201416
2026-04-07T11:18:14.173,radio://0/80/2M,range,1,2,Scan,5461,0,0,0,0.0,0,0,0.0,0.0,73303,-1,0,0.4981258809566498,-0.03764908388257027,0.0005171968368813396,0.0,0.0,1219,32766,32766,753,2428,3.135483980178833
2026-04-07T11:18:14.419,radio://0/80/2M,mission,1,2,Scan,5461,0,0,0,0.0,0,0,0.0,0.0,73303,-1,0,0.5038028359413147,-0.03764908388257027,0.0005171968368813396,0.0,0.0,1219,32766,32766,753,2428,3.135483980178833
2026-04-07T11:18:14.422,radio://0/80/2M,flow,1,2,Scan,5461,0,0,0,0.0,0,0,0.0,0.0,73553,0,-6,0.5038028359413147,-0.04914791136980057,0.022550513967871666,0.0,0.0,1219,32766,32766,753,2428,3.135483980178833
2026-04-07T11:18:14.423,radio://0/80/2M,range,1,2,Scan,5461,0,0,0,0.0,0,0,0.0,0.0,73553,0,-6,0.5038028359413147,-0.04914791136980057,0.022550513967871666,0.0,0.0,1187,32766,32766,735,2423,3.1565983295440674
2026-04-07T11:18:14.668,radio://0/80/2M,mission,1,2,Scan,5461,0,0,0,0.0,0,0,0.0,0.0,73553,0,-6,0.5029146075248718,-0.04914791136980057,0.022550513967871666,0.0,0.0,1187,32766,32766,735,2423,3.1565983295440674
2026-04-07T11:18:14.671,radio://0/80/2M,flow,1,2,Scan,5461,0,0,0,0.0,0,0,0.0,0.0,73803,0,0,0.5029146075248718,-0.015368800610303879,-0.049278341233730316,0.0,0.0,1187,32766,32766,735,2423,3.1565983295440674
2026-04-07T11:18:14.672,radio://0/80/2M,range,1,2,Scan,5461,0,0,0,0.0,0,0,0.0,0.0,73803,0,0,0.5029146075248718,-0.015368800610303879,-0.049278341233730316,0.0,0.0,32766,507,32766,671,2421,3.14604115486145
2026-04-07T11:18:14.919,radio://0/80/2M,mission,1,2,Scan,5461,0,0,0,0.0,0,0,0.0,0.0,73803,0,0,0.5027652978897095,-0.015368800610303879,-0.049278341233730316,0.0,0.0,32766,507,32766,671,2421,3.14604115486145
2026-04-07T11:18:14.922,radio://0/80/2M,flow,1,2,Scan,5461,0,0,0,0.0,0,0,0.0,0.0,74053,0,-9,0.5027652978897095,-0.04581276699900627,-0.06460581719875336,0.0,-0.042600005865097046,32766,507,32766,671,2421,3.14604115486145
2026-04-07T11:18:14.923,radio://0/80/2M,range,1,2,Scan,5461,0,0,0,0.0,0,0,0.0,0.0,74053,0,-9,0.5027652978897095,-0.04581276699900627,-0.06460581719875336,0.0,-0.042600005865097046,32766,429,32766,657,2420,3.14604115486145
2026-04-07T11:18:15.169,radio://0/80/2M,mission,1,2,Scan,5461,0,0,0,0.0,0,0,0.0,0.0,74053,0,-9,0.50264573097229,-0.04581276699900627,-0.06460581719875336,0.0,-0.042600005865097046,32766,429,32766,657,2420,3.14604115486145
2026-04-07T11:18:15.171,radio://0/80/2M,flow,1,2,Scan,5461,0,0,0,0.0,0,0,0.0,0.0,74303,2,0,0.50264573097229,-0.03788365051150322,-0.004602556582540274,0.0,-0.05820000544190407,32766,429,32766,657,2420,3.14604115486145
2026-04-07T11:18:15.173,radio://0/80/2M,range,1,2,Scan,5461,0,0,0,0.0,0,0,0.0,0.0,74303,2,0,0.50264573097229,-0.03788365051150322,-0.004602556582540274,0.0,-0.05820000544190407,32766,403,32766,662,2420,3.1565983295440674
2026-04-07T11:18:15.419,radio://0/80/2M,mission,1,2,Scan,5461,0,0,0,0.0,0,0,0.0,0.0,74303,2,0,0.49880126118659973,-0.03788365051150322,-0.004602556582540274,0.0,-0.05820000544190407,32766,403,32766,662,2420,3.1565983295440674
2026-04-07T11:18:15.420,radio://0/80/2M,flow,1,2,Scan,5461,0,0,0,0.0,0,0,0.0,0.0,74553,0,0,0.49880126118659973,-0.027986695989966393,0.023833347484469414,0.0,-0.05459999665617943,32766,403,32766,662,2420,3.1565983295440674
2026-04-07T11:18:15.422,radio://0/80/2M,range,1,2,Scan,5461,0,0,0,0.0,0,0,0.0,0.0,74553,0,0,0.49880126118659973,-0.027986695989966393,0.023833347484469414,0.0,-0.05459999665617943,3003,409,32766,741,2419,3.1565983295440674
2026-04-07T11:18:15.668,radio://0/80/2M,mission,1,2,Scan,5461,0,0,0,0.0,0,0,0.0,0.0,74553,0,0,0.4956369400024414,-0.027986695989966393,0.023833347484469414,0.0,-0.05459999665617943,3003,409,32766,741,2419,3.1565983295440674
2026-04-07T11:18:15.671,radio://0/80/2M,flow,1,2,Scan,5461,0,0,0,0.0,0,0,0.0,0.0,74803,0,-9,0.4956369400024414,-0.025515377521514893,-0.0011800259817391634,0.0,-0.031199993565678596,3003,409,32766,741,2419,3.1565983295440674
2026-04-07T11:18:15.672,radio://0/80/2M,range,1,2,Scan,5461,0,0,0,0.0,0,0,0.0,0.0,74803,0,-9,0.4956369400024414,-0.025515377521514893,-0.0011800259817391634,0.0,-0.031199993565678596,2953,448,32766,2147,2421,3.14604115486145
2026-04-07T11:18:15.918,radio://0/80/2M,mission,1,2,Scan,5461,0,0,0,0.0,0,0,0.0,0.0,74803,0,-9,0.49752530455589294,-0.025515377521514893,-0.0011800259817391634,0.0,-0.031199993565678596,2953,448,32766,2147,2421,3.14604115486145
2026-04-07T11:18:15.920,radio://0/80/2M,flow,1,2,Scan,5461,0,0,0,0.0,0,0,0.0,0.0,75053,-9,-2,0.49752530455589294,-0.011520703323185444,0.019984988495707512,0.0,-0.0012000025017187,2953,448,32766,2147,2421,3.14604115486145
2026-04-07T11:18:15.921,radio://0/80/2M,range,1,2,Scan,5461,0,0,0,0.0,0,0,0.0,0.0,75053,-9,-2,0.49752530455589294,-0.011520703323185444,0.019984988495707512,0.0,-0.0012000025017187,32766,498,32766,2231,2421,3.1565983295440674
2026-04-07T11:18:16.168,radio://0/80/2M,mission,1,2,Scan,5461,0,0,0,0.0,0,0,0.0,0.0,75053,-9,-2,0.5012678503990173,-0.011520703323185444,0.019984988495707512,0.0,-0.0012000025017187,32766,498,32766,2231,2421,3.1565983295440674
2026-04-07T11:18:16.171,radio://0/80/2M,flow,1,2,Scan,5461,0,0,0,0.0,0,0,0.0,0.0,75303,-3,1,0.5012678503990173,-0.04450373724102974,-0.030946306884288788,0.0,0.0,32766,498,32766,2231,2421,3.1565983295440674
2026-04-07T11:18:16.172,radio://0/80/2M,range,1,2,Scan,5461,0,0,0,0.0,0,0,0.0,0.0,75303,-3,1,0.5012678503990173,-0.04450373724102974,-0.030946306884288788,0.0,0.0,32766,697,32766,32766,2419,3.1565983295440674
2026-04-07T11:18:16.418,radio://0/80/2M,mission,1,5,Transition,5461,0,0,0,0.0,0,0,0.0,0.0,75303,-3,1,0.5028676986694336,-0.04450373724102974,-0.030946306884288788,0.0,0.0,32766,697,32766,32766,2419,3.1565983295440674
2026-04-07T11:18:16.419,radio://0/80/2M,flow,1,5,Transition,5461,0,0,0,0.0,0,0,0.0,0.0,75553,14,-2,0.5028676986694336,-0.2935354709625244,-0.15103751420974731,0.0,0.0,32766,697,32766,32766,2419,3.1565983295440674
2026-04-07T11:18:16.421,radio://0/80/2M,range,1,5,Transition,5461,0,0,0,0.0,0,0,0.0,0.0,75553,14,-2,0.5028676986694336,-0.2935354709625244,-0.15103751420974731,0.0,0.0,2626,929,844,32766,2427,3.1565983295440674
2026-04-07T11:18:16.668,radio://0/80/2M,mission,1,5,Transition,5461,0,0,0,0.0,0,0,0.0,0.0,75553,14,-2,0.5043614506721497,-0.2935354709625244,-0.15103751420974731,0.0,0.0,2626,929,844,32766,2427,3.1565983295440674
2026-04-07T11:18:16.670,radio://0/80/2M,flow,1,5,Transition,5461,0,0,0,0.0,0,0,0.0,0.0,75803,4,0,0.5043614506721497,-0.07042734324932098,-0.040156859904527664,0.0,0.0,2626,929,844,32766,2427,3.1565983295440674
2026-04-07T11:18:16.671,radio://0/80/2M,range,1,5,Transition,5461,0,0,0,0.0,0,0,0.0,0.0,75803,4,0,0.5043614506721497,-0.07042734324932098,-0.040156859904527664,0.0,0.0,32766,1086,728,32766,2450,3.161876916885376
2026-04-07T11:18:16.917,radio://0/80/2M,mission,1,0,Reacquire Wall,5461,0,0,0,0.0,0,0,0.0,0.0,75803,4,0,0.49335265159606934,-0.07042734324932098,-0.040156859904527664,0.0,0.0,32766,1086,728,32766,2450,3.161876916885376
2026-04-07T11:18:16.920,radio://0/80/2M,flow,1,0,Reacquire Wall,5461,0,0,0,0.0,0,0,0.0,0.0,76053,-5,-3,0.49335265159606934,0.046846043318510056,-0.06562873721122742,0.20000000298023224,0.0,32766,1086,728,32766,2450,3.161876916885376
2026-04-07T11:18:16.921,radio://0/80/2M,range,1,0,Reacquire Wall,5461,0,0,0,0.0,0,0,0.0,0.0,76053,-5,-3,0.49335265159606934,0.046846043318510056,-0.06562873721122742,0.20000000298023224,0.0,32766,1074,753,32766,2438,3.1407625675201416
2026-04-07T11:18:17.167,radio://0/80/2M,mission,1,0,Reacquire Wall,5461,0,0,0,0.0,0,0,0.0,0.0,76053,-5,-3,0.4924059212207794,0.046846043318510056,-0.06562873721122742,0.20000000298023224,0.0,32766,1074,753,32766,2438,3.1407625675201416
2026-04-07T11:18:17.169,radio://0/80/2M,flow,1,0,Reacquire Wall,5461,0,0,0,0.0,0,0,0.0,0.0,76303,0,-5,0.4924059212207794,0.08146755397319794,-0.08357749134302139,0.20000000298023224,0.0,32766,1074,753,32766,2438,3.1407625675201416
2026-04-07T11:18:17.171,radio://0/80/2M,range,1,0,Reacquire Wall,5461,0,0,0,0.0,0,0,0.0,0.0,76303,0,-5,0.4924059212207794,0.08146755397319794,-0.08357749134302139,0.20000000298023224,0.0,32766,936,833,1213,2439,3.151319742202759
2026-04-07T11:18:17.417,radio://0/80/2M,mission,1,5,Transition,5461,0,0,0,0.0,0,0,0.0,0.0,76303,0,-5,0.4940318763256073,0.08146755397319794,-0.08357749134302139,0.20000000298023224,0.0,32766,936,833,1213,2439,3.151319742202759
2026-04-07T11:18:17.420,radio://0/80/2M,flow,1,5,Transition,5461,0,0,0,0.0,0,0,0.0,0.0,76553,0,0,0.4940318763256073,0.07836759835481644,0.051454097032547,0.0,0.0,32766,936,833,1213,2439,3.151319742202759
2026-04-07T11:18:17.421,radio://0/80/2M,range,1,5,Transition,5461,0,0,0,0.0,0,0,0.0,0.0,76553,0,0,0.4940318763256073,0.07836759835481644,0.051454097032547,0.0,0.0,32766,32766,958,32766,2428,3.161876916885376
2026-04-07T11:18:17.666,radio://0/80/2M,mission,1,4,Land,5461,0,0,0,0.0,0,0,0.0,0.0,76553,0,0,0.5001537203788757,0.07836759835481644,0.051454097032547,0.0,0.0,32766,32766,958,32766,2428,3.161876916885376
2026-04-07T11:18:17.668,radio://0/80/2M,flow,1,4,Land,6164,0,0,0,0.0,0,0,0.0,0.0,76803,0,-4,0.5001537203788757,0.09805804491043091,-0.043101076036691666,0.0,0.0,32766,32766,958,32766,2428,3.161876916885376
2026-04-07T11:18:17.670,radio://0/80/2M,range,1,4,Land,6164,0,0,0,0.0,0,0,0.0,0.0,76803,0,-4,0.5001537203788757,0.09805804491043091,-0.043101076036691666,0.0,0.0,32766,262,32766,1362,2426,3.1565983295440674
2026-04-07T11:18:17.917,radio://0/80/2M,mission,1,4,Land,6164,0,0,0,0.0,0,0,0.0,0.0,76803,0,-4,0.49613434076309204,0.09805804491043091,-0.043101076036691666,0.0,0.0,32766,262,32766,1362,2426,3.1565983295440674
2026-04-07T11:18:17.919,radio://0/80/2M,flow,1,4,Land,5418,0,0,0,0.0,0,0,0.0,0.0,77053,7,2,0.49613434076309204,0.1274917721748352,-0.05727119743824005,0.0,0.0,32766,262,32766,1362,2426,3.1565983295440674
2026-04-07T11:18:17.920,radio://0/80/2M,range,1,4,Land,5418,0,0,0,0.0,0,0,0.0,0.0,77053,7,2,0.49613434076309204,0.1274917721748352,-0.05727119743824005,0.0,0.0,32766,186,32766,32766,2420,3.1935484409332275
2026-04-07T11:18:18.166,radio://0/80/2M,mission,1,4,Land,5418,0,0,0,0.0,0,0,0.0,0.0,77053,7,2,0.4658866226673126,0.1274917721748352,-0.05727119743824005,0.0,0.0,32766,186,32766,32766,2420,3.1935484409332275
2026-04-07T11:18:18.169,radio://0/80/2M,flow,1,4,Land,6903,0,0,0,0.0,0,0,0.0,0.0,77303,0,0,0.4658866226673126,0.06687454134225845,-0.03851704299449921,0.0,0.0,32766,186,32766,32766,2420,3.1935484409332275
2026-04-07T11:18:18.170,radio://0/80/2M,range,1,4,Land,6903,0,0,0,0.0,0,0,0.0,0.0,77303,0,0,0.4658866226673126,0.06687454134225845,-0.03851704299449921,0.0,0.0,331,178,32766,32766,2447,3.1777126789093018
2026-04-07T11:18:18.416,radio://0/80/2M,mission,1,4,Land,6903,0,0,0,0.0,0,0,0.0,0.0,77303,0,0,0.4028828740119934,0.06687454134225845,-0.03851704299449921,0.0,0.0,331,178,32766,32766,2447,3.1777126789093018
2026-04-07T11:18:18.419,radio://0/80/2M,flow,1,4,Land,7334,0,0,0,0.0,0,0,0.0,0.0,77553,-4,0,0.4028828740119934,0.13602197170257568,-0.017447832971811295,0.0,0.0,331,178,32766,32766,2447,3.1777126789093018
2026-04-07T11:18:18.420,radio://0/80/2M,range,1,4,Land,7334,0,0,0,0.0,0,0,0.0,0.0,77553,-4,0,0.4028828740119934,0.13602197170257568,-0.017447832971811295,0.0,0.0,248,252,32766,32766,2486,3.135483980178833
2026-04-07T11:18:18.665,radio://0/80/2M,mission,1,4,Land,7334,0,0,0,0.0,0,0,0.0,0.0,77553,-4,0,0.33427292108535767,0.13602197170257568,-0.017447832971811295,0.0,0.0,248,252,32766,32766,2486,3.135483980178833
2026-04-07T11:18:18.668,radio://0/80/2M,flow,1,4,Land,7792,0,0,0,0.0,0,0,0.0,0.0,77803,-2,-3,0.33427292108535767,0.09524219483137131,-0.042716674506664276,0.0,0.0,248,252,32766,32766,2486,3.135483980178833
2026-04-07T11:18:18.669,radio://0/80/2M,range,1,4,Land,7792,0,0,0,0.0,0,0,0.0,0.0,77803,-2,-3,0.33427292108535767,0.09524219483137131,-0.042716674506664276,0.0,0.0,179,115,32766,224,2563,3.1407625675201416
2026-04-07T11:18:18.915,radio://0/80/2M,mission,1,4,Land,7792,0,0,0,0.0,0,0,0.0,0.0,77803,-2,-3,0.2800518274307251,0.09524219483137131,-0.042716674506664276,0.0,0.0,179,115,32766,224,2563,3.1407625675201416
2026-04-07T11:18:18.918,radio://0/80/2M,flow,1,4,Land,7731,0,0,0,0.0,0,0,0.0,0.0,78053,-6,-2,0.2800518274307251,-0.011560056358575821,-0.031778063625097275,0.0,0.0,179,115,32766,224,2563,3.1407625675201416
2026-04-07T11:18:18.919,radio://0/80/2M,range,1,4,Land,7731,0,0,0,0.0,0,0,0.0,0.0,78053,-6,-2,0.2800518274307251,-0.011560056358575821,-0.031778063625097275,0.0,0.0,92,68,32766,245,32766,3.1143696308135986
2026-04-07T11:18:19.165,radio://0/80/2M,mission,1,4,Land,7731,0,0,0,0.0,0,0,0.0,0.0,78053,-6,-2,0.208071768283844,-0.011560056358575821,-0.031778063625097275,0.0,0.0,92,68,32766,245,32766,3.1143696308135986
2026-04-07T11:18:19.168,radio://0/80/2M,flow,1,4,Land,8191,0,0,0,0.0,0,0,0.0,0.0,78303,0,2,0.208071768283844,-0.041882243007421494,0.05337844789028168,0.0,0.0,92,68,32766,245,32766,3.1143696308135986
2026-04-07T11:18:19.169,radio://0/80/2M,range,1,4,Land,8191,0,0,0,0.0,0,0,0.0,0.0,78303,0,2,0.208071768283844,-0.041882243007421494,0.05337844789028168,0.0,0.0,116,123,32766,32766,32766,3.1407625675201416
2026-04-07T11:18:19.415,radio://0/80/2M,mission,1,4,Land,8191,0,0,0,0.0,0,0,0.0,0.0,78303,0,2,0.14349974691867828,-0.041882243007421494,0.05337844789028168,0.0,0.0,116,123,32766,32766,32766,3.1407625675201416
2026-04-07T11:18:19.418,radio://0/80/2M,flow,1,4,Land,7171,0,0,0,0.0,0,0,0.0,0.0,78553,2,3,0.14349974691867828,-0.0042596799321472645,0.058522891253232956,0.0,0.0,116,123,32766,32766,32766,3.1407625675201416
2026-04-07T11:18:19.419,radio://0/80/2M,range,1,4,Land,7171,0,0,0,0.0,0,0,0.0,0.0,78553,2,3,0.14349974691867828,-0.0042596799321472645,0.058522891253232956,0.0,0.0,139,124,32766,32766,32766,3.161876916885376
2026-04-07T11:18:19.665,radio://0/80/2M,mission,0,0,Reacquire Wall,7171,0,0,0,0.0,0,0,0.0,0.0,78553,2,3,0.07729030400514603,-0.0042596799321472645,0.058522891253232956,0.0,0.0,139,124,32766,32766,32766,3.161876916885376
2026-04-07T11:18:19.668,radio://0/80/2M,flow,0,0,Reacquire Wall,5638,0,0,0,0.0,0,0,0.0,0.0,78803,-4,0,0.07729030400514603,0.022161658853292465,0.013484422117471695,0.0,0.0,139,124,32766,32766,32766,3.161876916885376
2026-04-07T11:18:19.669,radio://0/80/2M,range,0,0,Reacquire Wall,5638,0,0,0,0.0,0,0,0.0,0.0,78803,-4,0,0.07729030400514603,0.022161658853292465,0.013484422117471695,0.0,0.0,154,112,32766,255,2183,3.631671667098999
2026-04-07T11:18:19.914,radio://0/80/2M,mission,0,0,Reacquire Wall,5638,0,0,0,0.0,0,0,0.0,0.0,78803,-4,0,-0.02803073823451996,0.022161658853292465,0.013484422117471695,0.0,0.0,154,112,32766,255,2183,3.631671667098999
2026-04-07T11:18:19.917,radio://0/80/2M,flow,0,0,Reacquire Wall,5735,0,0,0,0.0,0,0,0.0,0.0,79053,8,53,-0.02803073823451996,-0.21819470822811127,0.24638471007347107,0.0,0.0,154,112,32766,255,2183,3.631671667098999
2026-04-07T11:18:19.919,radio://0/80/2M,range,0,0,Reacquire Wall,5735,0,0,0,0.0,0,0,0.0,0.0,79053,8,53,-0.02803073823451996,-0.21819470822811127,0.24638471007347107,0.0,0.0,133,121,32766,208,32766,3.7425220012664795
2026-04-07T11:18:20.164,radio://0/80/2M,mission,0,0,Reacquire Wall,5735,0,0,0,0.0,0,0,0.0,0.0,79053,8,53,-0.006243088282644749,-0.21819470822811127,0.24638471007347107,0.0,0.0,133,121,32766,208,32766,3.7425220012664795
2026-04-07T11:18:20.167,radio://0/80/2M,flow,0,0,Reacquire Wall,8191,0,0,0,0.0,0,0,0.0,0.0,79303,0,0,-0.006243088282644749,-0.2969686686992645,0.3202700614929199,0.0,0.0,133,121,32766,208,32766,3.7425220012664795
2026-04-07T11:18:20.169,radio://0/80/2M,range,0,0,Reacquire Wall,8191,0,0,0,0.0,0,0,0.0,0.0,79303,0,0,-0.006243088282644749,-0.2969686686992645,0.3202700614929199,0.0,0.0,140,104,237,193,32766,3.7583577632904053
2026-04-07T11:18:20.414,radio://0/80/2M,mission,0,0,Reacquire Wall,8191,0,0,0,0.0,0,0,0.0,0.0,79303,0,0,0.0035060038790106773,-0.2969686686992645,0.3202700614929199,0.0,0.0,140,104,237,193,32766,3.7583577632904053
2026-04-07T11:18:20.417,radio://0/80/2M,flow,0,0,Reacquire Wall,8191,0,0,0,0.0,0,0,0.0,0.0,79553,0,0,0.0035060038790106773,-0.34379255771636963,0.34518569707870483,0.0,0.0,140,104,237,193,32766,3.7583577632904053
2026-04-07T11:18:20.419,radio://0/80/2M,range,0,0,Reacquire Wall,8191,0,0,0,0.0,0,0,0.0,0.0,79553,0,0,0.0035060038790106773,-0.34379255771636963,0.34518569707870483,0.0,0.0,142,102,265,193,32766,3.763636350631714
2026-04-07T11:18:20.664,radio://0/80/2M,mission,0,0,Reacquire Wall,8191,0,0,0,0.0,0,0,0.0,0.0,79553,0,0,0.0028558848425745964,-0.34379255771636963,0.34518569707870483,0.0,0.0,142,102,265,193,32766,3.763636350631714
2026-04-07T11:18:20.667,radio://0/80/2M,flow,0,0,Reacquire Wall,8191,0,0,0,0.0,0,0,0.0,0.0,79803,0,0,0.0028558848425745964,-0.39146408438682556,0.37108442187309265,0.0,0.0,142,102,265,193,32766,3.763636350631714
2026-04-07T11:18:20.668,radio://0/80/2M,range,0,0,Reacquire Wall,8191,0,0,0,0.0,0,0,0.0,0.0,79803,0,0,0.0028558848425745964,-0.39146408438682556,0.37108442187309265,0.0,0.0,140,105,295,195,32766,3.7689149379730225
2026-04-07T11:18:20.914,radio://0/80/2M,mission,0,0,Reacquire Wall,8191,0,0,0,0.0,0,0,0.0,0.0,79803,0,0,0.0033902113791555166,-0.39146408438682556,0.37108442187309265,0.0,0.0,140,105,295,195,32766,3.7689149379730225
2026-04-07T11:18:20.916,radio://0/80/2M,flow,0,0,Reacquire Wall,8191,0,0,0,0.0,0,0,0.0,0.0,80053,0,0,0.0033902113791555166,-0.43912720680236816,0.39700940251350403,0.0,0.0,140,105,295,195,32766,3.7689149379730225
2026-04-07T11:18:20.917,radio://0/80/2M,range,0,0,Reacquire Wall,8191,0,0,0,0.0,0,0,0.0,0.0,80053,0,0,0.0033902113791555166,-0.43912720680236816,0.39700940251350403,0.0,0.0,142,104,294,192,32766,3.774193525314331
2026-04-07T11:18:21.164,radio://0/80/2M,mission,0,0,Reacquire Wall,8191,0,0,0,0.0,0,0,0.0,0.0,80053,0,0,0.004019587766379118,-0.43912720680236816,0.39700940251350403,0.0,0.0,142,104,294,192,32766,3.774193525314331
2026-04-07T11:18:21.167,radio://0/80/2M,flow,0,0,Reacquire Wall,8191,0,0,0,0.0,0,0,0.0,0.0,80303,0,0,0.004019587766379118,-0.4870326519012451,0.4231093227863312,0.0,0.0,142,104,294,192,32766,3.774193525314331
2026-04-07T11:18:21.168,radio://0/80/2M,range,0,0,Reacquire Wall,8191,0,0,0,0.0,0,0,0.0,0.0,80303,0,0,0.004019587766379118,-0.4870326519012451,0.4231093227863312,0.0,0.0,140,104,300,193,32766,3.7794721126556396
2026-04-07T11:18:21.413,radio://0/80/2M,mission,0,0,Reacquire Wall,8191,0,0,0,0.0,0,0,0.0,0.0,80303,0,0,0.003040616400539875,-0.4870326519012451,0.4231093227863312,0.0,0.0,140,104,300,193,32766,3.7794721126556396
2026-04-07T11:18:21.416,radio://0/80/2M,flow,0,0,Reacquire Wall,8191,0,0,0,0.0,0,0,0.0,0.0,80553,0,0,0.003040616400539875,-0.5356392860412598,0.44913384318351746,0.0,0.0,140,104,300,193,32766,3.7794721126556396
2026-04-07T11:18:21.418,radio://0/80/2M,range,0,0,Reacquire Wall,8191,0,0,0,0.0,0,0,0.0,0.0,80553,0,0,0.003040616400539875,-0.5356392860412598,0.44913384318351746,0.0,0.0,138,101,32766,191,32766,3.774193525314331
2026-04-07T11:18:21.663,radio://0/80/2M,mission,0,0,Reacquire Wall,8191,0,0,0,0.0,0,0,0.0,0.0,80553,0,0,0.07666423916816711,-0.5356392860412598,0.44913384318351746,0.0,0.0,138,101,32766,191,32766,3.774193525314331
2026-04-07T11:18:21.666,radio://0/80/2M,flow,0,0,Reacquire Wall,7906,0,0,0,0.0,0,0,0.0,0.0,80803,22,14,0.07666423916816711,0.557205319404602,0.16084271669387817,0.0,0.0,138,101,32766,191,32766,3.774193525314331
2026-04-07T11:18:21.668,radio://0/80/2M,range,0,0,Reacquire Wall,7906,0,0,0,0.0,0,0,0.0,0.0,80803,22,14,0.07666423916816711,0.557205319404602,0.16084271669387817,0.0,0.0,307,123,32766,159,223,3.7847506999969482
