Time,uri,source,outer,mission,mission_name,height_m,human,human_fresh,human_stable,human_hold_s,human_confidence_pct,human_direction,human_max_temp_c,human_thermistor_c,flow_timestamp_ms,delta_x,delta_y,shutter,vel_x_mps,vel_y_mps,cmd_x_mps,cmd_y_mps,front_mm,left_mm,right_mm,back_mm,up_mm,vbat_v
2026-04-07T10:37:21.995,radio://0/80/2M,mission,0,0,Reacquire Wall,0.0020025111734867096,0,0,0,0.0,0,0,0.0,0.0,0,0,0,0,0.0,0.0,0.0,0.0,32766,32766,32766,32766,32766,0.0
2026-04-07T10:37:21.998,radio://0/80/2M,flow,0,0,Reacquire Wall,0.0020025111734867096,0,0,0,0.0,0,0,0.0,0.0,8830,0,2,6554,0.0020220554433763027,0.002646166831254959,0.0,0.0,32766,32766,32766,32766,32766,0.0
2026-04-07T10:37:22.000,radio://0/80/2M,range,0,0,Reacquire Wall,0.0020025111734867096,0,0,0,0.0,0,0,0.0,0.0,8830,0,2,6554,0.0020220554433763027,0.002646166831254959,0.0,0.0,249,588,513,274,2931,4.069794654846191
2026-04-07T10:37:22.245,radio://0/80/2M,mission,0,0,Reacquire Wall,0.001960799563676119,0,0,0,0.0,0,0,0.0,0.0,8830,0,2,6554,0.0020220554433763027,0.002646166831254959,0.0,0.0,249,588,513,274,2931,4.069794654846191
2026-04-07T10:37:22.248,radio://0/80/2M,flow,0,0,Reacquire Wall,0.001960799563676119,0,0,0,0.0,0,0,0.0,0.0,9080,0,0,6378,0.0058282543905079365,0.001787299755960703,0.0,0.0,249,588,513,274,2931,4.069794654846191
2026-04-07T10:37:22.249,radio://0/80/2M,range,0,0,Reacquire Wall,0.001960799563676119,0,0,0,0.0,0,0,0.0,0.0,9080,0,0,6378,0.0058282543905079365,0.001787299755960703,0.0,0.0,250,586,515,274,2921,4.0750732421875
2026-04-07T10:37:22.495,radio://0/80/2M,mission,0,0,Reacquire Wall,0.0019611744210124016,0,0,0,0.0,0,0,0.0,0.0,9080,0,0,6378,0.0058282543905079365,0.001787299755960703,0.0,0.0,250,586,515,274,2921,4.0750732421875
2026-04-07T10:37:22.498,radio://0/80/2M,flow,0,0,Reacquire Wall,0.0019611744210124016,0,0,0,0.0,0,0,0.0,0.0,9330,0,3,6513,0.0008764537051320076,0.0013606402790173888,0.0,0.0,250,586,515,274,2921,4.0750732421875
2026-04-07T10:37:22.499,radio://0/80/2M,range,0,0,Reacquire Wall,0.0019611744210124016,0,0,0,0.0,0,0,0.0,0.0,9330,0,3,6513,0.0008764537051320076,0.0013606402790173888,0.0,0.0,248,588,514,274,2929,4.069794654846191
2026-04-07T10:37:22.745,radio://0/80/2M,mission,0,0,Reacquire Wall,0.0020783368963748217,0,0,0,0.0,0,0,0.0,0.0,9330,0,3,6513,0.0008764537051320076,0.0013606402790173888,0.0,0.0,248,588,514,274,2929,4.069794654846191
2026-04-07T10:37:22.747,radio://0/80/2M,flow,0,0,Reacquire Wall,0.0020783368963748217,0,0,0,0.0,0,0,0.0,0.0,9580,0,0,6313,0.0061350236646831036,0.0017012900207191706,0.0,0.0,248,588,514,274,2929,4.069794654846191
2026-04-07T10:37:22.748,radio://0/80/2M,range,0,0,Reacquire Wall,0.0020783368963748217,0,0,0,0.0,0,0,0.0,0.0,9580,0,0,6313,0.0061350236646831036,0.0017012900207191706,0.0,0.0,247,587,515,275,2932,4.080351829528809
2026-04-07T10:37:22.996,radio://0/80/2M,mission,0,0,Reacquire Wall,0.0019881234038621187,0,0,0,0.0,0,0,0.0,0.0,9580,0,0,6313,0.0061350236646831036,0.0017012900207191706,0.0,0.0,247,587,515,275,2932,4.080351829528809
2026-04-07T10:37:22.998,radio://0/80/2M,flow,0,0,Reacquire Wall,0.0019881234038621187,0,0,0,0.0,0,0,0.0,0.0,9830,0,4,6451,0.006893326062709093,0.0026784564834088087,0.0,0.0,247,587,515,275,2932,4.080351829528809
2026-04-07T10:37:23.000,radio://0/80/2M,range,0,0,Reacquire Wall,0.0019881234038621187,0,0,0,0.0,0,0,0.0,0.0,9830,0,4,6451,0.006893326062709093,0.0026784564834088087,0.0,0.0,249,589,516,273,2930,4.069794654846191
2026-04-07T10:37:23.243,radio://0/80/2M,mission,0,0,Reacquire Wall,0.0020129878539592028,0,0,0,0.0,0,0,0.0,0.0,9830,0,4,6451,0.006893326062709093,0.0026784564834088087,0.0,0.0,249,589,516,273,2930,4.069794654846191
2026-04-07T10:37:23.247,radio://0/80/2M,flow,0,0,Reacquire Wall,0.0020129878539592028,0,0,0,0.0,0,0,0.0,0.0,10080,0,0,6301,0.005236811935901642,0.0024164156056940556,0.0,0.0,249,589,516,273,2930,4.069794654846191
2026-04-07T10:37:23.248,radio://0/80/2M,range,0,0,Reacquire Wall,0.0020129878539592028,0,0,0,0.0,0,0,0.0,0.0,10080,0,0,6301,0.005236811935901642,0.0024164156056940556,0.0,0.0,252,589,510,273,2929,4.0750732421875
2026-04-07T10:37:23.493,radio://0/80/2M,mission,0,0,Reacquire Wall,0.0021273032762110233,0,0,0,0.0,0,0,0.0,0.0,10080,0,0,6301,0.005236811935901642,0.0024164156056940556,0.0,0.0,252,589,510,273,2929,4.0750732421875
2026-04-07T10:37:23.497,radio://0/80/2M,flow,0,0,Reacquire Wall,0.0021273032762110233,0,0,0,0.0,0,0,0.0,0.0,10330,0,4,6866,0.0011013917392119765,0.0018976444844156504,0.0,0.0,252,589,510,273,2929,4.0750732421875
2026-04-07T10:37:23.498,radio://0/80/2M,range,0,0,Reacquire Wall,0.0021273032762110233,0,0,0,0.0,0,0,0.0,0.0,10330,0,4,6866,0.0011013917392119765,0.0018976444844156504,0.0,0.0,246,590,510,274,2910,4.069794654846191
2026-04-07T10:37:23.744,radio://0/80/2M,mission,0,0,Reacquire Wall,0.0019638645462691784,0,0,0,0.0,0,0,0.0,0.0,10330,0,4,6866,0.0011013917392119765,0.0018976444844156504,0.0,0.0,246,590,510,274,2910,4.069794654846191
2026-04-07T10:37:23.747,radio://0/80/2M,flow,0,0,Reacquire Wall,0.0019638645462691784,0,0,0,0.0,0,0,0.0,0.0,10580,0,0,6240,0.005102490074932575,0.0027434038929641247,0.0,0.0,246,590,510,274,2910,4.069794654846191
2026-04-07T10:37:23.748,radio://0/80/2M,range,0,0,Reacquire Wall,0.0019638645462691784,0,0,0,0.0,0,0,0.0,0.0,10580,0,0,6240,0.005102490074932575,0.0027434038929641247,0.0,0.0,246,588,510,277,2916,4.0750732421875
2026-04-07T10:37:23.993,radio://0/80/2M,mission,0,0,Reacquire Wall,0.002018911764025688,0,0,0,0.0,0,0,0.0,0.0,10580,0,0,6240,0.005102490074932575,0.0027434038929641247,0.0,0.0,246,588,510,277,2916,4.0750732421875
2026-04-07T10:37:23.997,radio://0/80/2M,flow,0,0,Reacquire Wall,0.002018911764025688,0,0,0,0.0,0,0,0.0,0.0,10830,0,2,6801,0.0023327497765421867,0.0023035251069813967,0.0,0.0,246,588,510,277,2916,4.0750732421875
2026-04-07T10:37:23.998,radio://0/80/2M,range,0,0,Reacquire Wall,0.002018911764025688,0,0,0,0.0,0,0,0.0,0.0,10830,0,2,6801,0.0023327497765421867,0.0023035251069813967,0.0,0.0,248,585,510,274,2930,4.069794654846191
2026-04-07T10:37:24.243,radio://0/80/2M,mission,0,0,Reacquire Wall,0.002112443558871746,0,0,0,0.0,0,0,0.0,0.0,10830,0,2,6801,0.0023327497765421867,0.0023035251069813967,0.0,0.0,248,585,510,274,2930,4.069794654846191
2026-04-07T10:37:24.248,radio://0/80/2M,flow,0,0,Reacquire Wall,0.002112443558871746,0,0,0,0.0,0,0,0.0,0.0,11080,0,2,6179,0.003278089454397559,0.0019516284810379148,0.0,0.0,248,585,510,274,2930,4.069794654846191
2026-04-07T10:37:24.250,radio://0/80/2M,range,0,0,Reacquire Wall,0.002112443558871746,0,0,0,0.0,0,0,0.0,0.0,11080,0,2,6179,0.003278089454397559,0.0019516284810379148,0.0,0.0,248,584,508,278,2919,4.0750732421875
2026-04-07T10:37:24.493,radio://0/80/2M,mission,0,0,Reacquire Wall,0.0019988734275102615,0,0,0,0.0,0,0,0.0,0.0,11080,0,2,6179,0.003278089454397559,0.0019516284810379148,0.0,0.0,248,584,508,278,2919,4.0750732421875
2026-04-07T10:37:24.496,radio://0/80/2M,flow,0,0,Reacquire Wall,0.0019988734275102615,0,0,0,0.0,0,0,0.0,0.0,11330,0,2,6735,0.00030639496981166303,0.0017674146220088005,0.0,0.0,248,584,508,278,2919,4.0750732421875
2026-04-07T10:37:24.497,radio://0/80/2M,range,0,0,Reacquire Wall,0.0019988734275102615,0,0,0,0.0,0,0,0.0,0.0,11330,0,2,6735,0.00030639496981166303,0.0017674146220088005,0.0,0.0,252,588,505,268,2915,4.069794654846191
2026-04-07T10:37:24.743,radio://0/80/2M,mission,0,0,Reacquire Wall,0.0019701437558978796,0,0,0,0.0,0,0,0.0,0.0,11330,0,2,6735,0.00030639496981166303,0.0017674146220088005,0.0,0.0,252,588,505,268,2915,4.069794654846191
2026-04-07T10:37:24.746,radio://0/80/2M,flow,0,0,Reacquire Wall,0.0019701437558978796,0,0,0,0.0,0,0,0.0,0.0,11580,0,0,6121,0.0063188569620251656,0.002477767178788781,0.0,0.0,252,588,505,268,2915,4.069794654846191
2026-04-07T10:37:24.747,radio://0/80/2M,range,0,0,Reacquire Wall,0.0019701437558978796,0,0,0,0.0,0,0,0.0,0.0,11580,0,0,6121,0.0063188569620251656,0.002477767178788781,0.0,0.0,247,587,510,275,2922,4.0750732421875
2026-04-07T10:37:24.992,radio://0/80/2M,mission,0,0,Reacquire Wall,0.00194610096514225,0,0,0,0.0,0,0,0.0,0.0,11580,0,0,6121,0.0063188569620251656,0.002477767178788781,0.0,0.0,247,587,510,275,2922,4.0750732421875
2026-04-07T10:37:24.995,radio://0/80/2M,flow,0,0,Reacquire Wall,0.00194610096514225,0,0,0,0.0,0,0,0.0,0.0,11830,0,3,6696,0.003347930731251836,0.0023494951892644167,0.0,0.0,247,587,510,275,2922,4.0750732421875
2026-04-07T10:37:24.997,radio://0/80/2M,range,0,0,Reacquire Wall,0.00194610096514225,0,0,0,0.0,0,0,0.0,0.0,11830,0,3,6696,0.003347930731251836,0.0023494951892644167,0.0,0.0,248,591,514,273,2918,4.069794654846191
2026-04-07T10:37:25.242,radio://0/80/2M,mission,0,0,Reacquire Wall,0.0020810593850910664,0,0,0,0.0,0,0,0.0,0.0,11830,0,3,6696,0.003347930731251836,0.0023494951892644167,0.0,0.0,248,591,514,273,2918,4.069794654846191
2026-04-07T10:37:25.246,radio://0/80/2M,flow,0,0,Reacquire Wall,0.0020810593850910664,0,0,0,0.0,0,0,0.0,0.0,12080,0,2,6085,0.004200590308755636,0.0014843681128695607,0.0,0.0,248,591,514,273,2918,4.069794654846191
2026-04-07T10:37:25.247,radio://0/80/2M,range,0,0,Reacquire Wall,0.0020810593850910664,0,0,0,0.0,0,0,0.0,0.0,12080,0,2,6085,0.004200590308755636,0.0014843681128695607,0.0,0.0,249,586,519,271,2925,4.0750732421875
2026-04-07T10:37:25.491,radio://0/80/2M,mission,0,0,Reacquire Wall,0.0019757584668695927,0,0,0,0.0,0,0,0.0,0.0,12080,0,2,6085,0.004200590308755636,0.0014843681128695607,0.0,0.0,249,586,519,271,2925,4.0750732421875
2026-04-07T10:37:25.495,radio://0/80/2M,flow,0,0,Reacquire Wall,0.0019757584668695927,0,0,0,0.0,0,0,0.0,0.0,12330,0,2,6630,0.0026603254955261946,0.001329940278083086,0.0,0.0,249,586,519,271,2925,4.0750732421875
2026-04-07T10:37:25.496,radio://0/80/2M,range,0,0,Reacquire Wall,0.0019757584668695927,0,0,0,0.0,0,0,0.0,0.0,12330,0,2,6630,0.0026603254955261946,0.001329940278083086,0.0,0.0,248,589,504,275,2920,4.069794654846191
2026-04-07T10:37:25.742,radio://0/80/2M,mission,0,0,Reacquire Wall,0.0021239907946437597,0,0,0,0.0,0,0,0.0,0.0,12330,0,2,6630,0.0026603254955261946,0.001329940278083086,0.0,0.0,248,589,504,275,2920,4.069794654846191
2026-04-07T10:37:25.745,radio://0/80/2M,flow,0,0,Reacquire Wall,0.0021239907946437597,0,0,0,0.0,0,0,0.0,0.0,12580,0,0,6426,0.005818134639412165,0.0029520513489842415,0.0,0.0,248,589,504,275,2920,4.069794654846191
2026-04-07T10:37:25.746,radio://0/80/2M,range,0,0,Reacquire Wall,0.0021239907946437597,0,0,0,0.0,0,0,0.0,0.0,12580,0,0,6426,0.005818134639412165,0.0029520513489842415,0.0,0.0,248,588,532,273,2926,4.0750732421875
2026-04-07T10:37:25.992,radio://0/80/2M,mission,0,0,Reacquire Wall,0.002082960680127144,0,0,0,0.0,0,0,0.0,0.0,12580,0,0,6426,0.005818134639412165,0.0029520513489842415,0.0,0.0,248,588,532,273,2926,4.0750732421875
2026-04-07T10:37:25.995,radio://0/80/2M,flow,0,0,Reacquire Wall,0.002082960680127144,0,0,0,0.0,0,0,0.0,0.0,12830,0,1,6590,0.0033046200405806303,0.0023644764441996813,0.0,0.0,248,588,532,273,2926,4.0750732421875
2026-04-07T10:37:25.996,radio://0/80/2M,range,0,0,Reacquire Wall,0.002082960680127144,0,0,0,0.0,0,0,0.0,0.0,12830,0,1,6590,0.0033046200405806303,0.0023644764441996813,0.0,0.0,247,591,501,274,2928,4.069794654846191
2026-04-07T10:37:26.242,radio://0/80/2M,mission,0,0,Reacquire Wall,0.002038853242993355,0,0,0,0.0,0,0,0.0,0.0,12830,0,1,6590,0.0033046200405806303,0.0023644764441996813,0.0,0.0,247,591,501,274,2928,4.069794654846191
2026-04-07T10:37:26.245,radio://0/80/2M,flow,0,0,Reacquire Wall,0.002038853242993355,0,0,0,0.0,0,0,0.0,0.0,13080,0,-3,6388,0.007830559276044369,0.0017401674995198846,0.0,0.0,247,591,501,274,2928,4.069794654846191
2026-04-07T10:37:26.246,radio://0/80/2M,range,0,0,Reacquire Wall,0.002038853242993355,0,0,0,0.0,0,0,0.0,0.0,13080,0,-3,6388,0.007830559276044369,0.0017401674995198846,0.0,0.0,245,587,516,276,2920,4.0750732421875
2026-04-07T10:37:26.491,radio://0/80/2M,mission,0,0,Reacquire Wall,0.002011920791119337,0,0,0,0.0,0,0,0.0,0.0,13080,0,-3,6388,0.007830559276044369,0.0017401674995198846,0.0,0.0,245,587,516,276,2920,4.0750732421875
2026-04-07T10:37:26.495,radio://0/80/2M,flow,0,0,Reacquire Wall,0.002011920791119337,0,0,0,0.0,0,0,0.0,0.0,13330,0,3,6554,0.001104131224565208,0.001810353365726769,0.0,0.0,245,587,516,276,2920,4.0750732421875
2026-04-07T10:37:26.496,radio://0/80/2M,range,0,0,Reacquire Wall,0.002011920791119337,0,0,0,0.0,0,0,0.0,0.0,13330,0,3,6554,0.001104131224565208,0.001810353365726769,0.0,0.0,250,592,517,272,2926,4.069794654846191
2026-04-07T10:37:26.741,radio://0/80/2M,mission,1,0,Reacquire Wall,0.002094879513606429,0,0,0,0.0,0,0,0.0,0.0,13330,0,3,6554,0.001104131224565208,0.001810353365726769,0.0,0.0,250,592,517,272,2926,4.069794654846191
2026-04-07T10:37:26.744,radio://0/80/2M,flow,1,0,Reacquire Wall,0.002094879513606429,0,0,0,0.0,0,0,0.0,0.0,13580,0,-2,6351,0.0020862806122750044,0.0010542381787672639,-0.002075510798022151,0.015524816699326038,250,592,517,272,2926,4.069794654846191
2026-04-07T10:37:26.745,radio://0/80/2M,range,1,0,Reacquire Wall,0.002094879513606429,0,0,0,0.0,0,0,0.0,0.0,13580,0,-2,6351,0.0020862806122750044,0.0010542381787672639,-0.002075510798022151,0.015524816699326038,248,587,513,273,2938,3.2885630130767822
2026-04-07T10:37:26.990,radio://0/80/2M,mission,1,0,Reacquire Wall,0.05362915247678757,0,0,0,0.0,0,0,0.0,0.0,13580,0,-2,6351,0.0020862806122750044,0.0010542381787672639,-0.002075510798022151,0.015524816699326038,248,587,513,273,2938,3.2885630130767822
2026-04-07T10:37:26.994,radio://0/80/2M,flow,1,0,Reacquire Wall,0.05362915247678757,0,0,0,0.0,0,0,0.0,0.0,13830,10,-3,3030,-0.03255326673388481,-0.036304980516433716,0.09798713028430939,0.00868054199963808,248,587,513,273,2938,3.2885630130767822
2026-04-07T10:37:26.995,radio://0/80/2M,range,1,0,Reacquire Wall,0.05362915247678757,0,0,0,0.0,0,0,0.0,0.0,13830,10,-3,3030,-0.03255326673388481,-0.036304980516433716,0.09798713028430939,0.00868054199963808,32766,577,755,282,2919,3.515542507171631
2026-04-07T10:37:27.241,radio://0/80/2M,mission,1,0,Reacquire Wall,0.28037282824516296,0,0,0,0.0,0,0,0.0,0.0,13830,10,-3,3030,-0.03255326673388481,-0.036304980516433716,0.09798713028430939,0.00868054199963808,32766,577,755,282,2919,3.515542507171631
2026-04-07T10:37:27.244,radio://0/80/2M,flow,1,0,Reacquire Wall,0.28037282824516296,0,0,0,0.0,0,0,0.0,0.0,14080,-4,32,2785,-0.06937289237976074,-0.00607870239764452,6.553019193233922e-05,1.1641199080258957e-06,32766,577,755,282,2919,3.515542507171631
2026-04-07T10:37:27.245,radio://0/80/2M,range,1,0,Reacquire Wall,0.28037282824516296,0,0,0,0.0,0,0,0.0,0.0,14080,-4,32,2785,-0.06937289237976074,-0.00607870239764452,6.553019193233922e-05,1.1641199080258957e-06,1803,588,798,2310,2689,3.6739003658294678
2026-04-07T10:37:27.491,radio://0/80/2M,mission,1,0,Reacquire Wall,0.4475615322589874,0,0,0,0.0,0,0,0.0,0.0,14080,-4,32,2785,-0.06937289237976074,-0.00607870239764452,6.553019193233922e-05,1.1641199080258957e-06,1803,588,798,2310,2689,3.6739003658294678
2026-04-07T10:37:27.494,radio://0/80/2M,flow,1,0,Reacquire Wall,0.4475615322589874,0,0,0,0.0,0,0,0.0,0.0,14330,-1,1,2959,-0.020285317674279213,0.032182611525058746,0.18847040832042694,2.2302341917690427e-10,1803,588,798,2310,2689,3.6739003658294678
2026-04-07T10:37:27.495,radio://0/80/2M,range,1,0,Reacquire Wall,0.4475615322589874,0,0,0,0.0,0,0,0.0,0.0,14330,-1,1,2959,-0.020285317674279213,0.032182611525058746,0.18847040832042694,2.2302341917690427e-10,1848,570,835,2321,2542,3.594721555709839
2026-04-07T10:37:27.741,radio://0/80/2M,mission,1,0,Reacquire Wall,0.5190207958221436,0,0,0,0.0,0,0,0.0,0.0,14330,-1,1,2959,-0.020285317674279213,0.032182611525058746,0.18847040832042694,2.2302341917690427e-10,1848,570,835,2321,2542,3.594721555709839
2026-04-07T10:37:27.744,radio://0/80/2M,flow,1,0,Reacquire Wall,0.5190207958221436,0,0,0,0.0,0,0,0.0,0.0,14580,-1,-1,3143,0.12716376781463623,0.028157485648989677,0.1999989151954651,2.093627429354452e-14,1848,570,835,2321,2542,3.594721555709839
2026-04-07T10:37:27.745,radio://0/80/2M,range,1,0,Reacquire Wall,0.5190207958221436,0,0,0,0.0,0,0,0.0,0.0,14580,-1,-1,3143,0.12716376781463623,0.028157485648989677,0.1999989151954651,2.093627429354452e-14,1856,549,862,2332,2430,3.541935443878174
2026-04-07T10:37:27.990,radio://0/80/2M,mission,1,0,Reacquire Wall,0.5317951440811157,0,0,0,0.0,0,0,0.0,0.0,14580,-1,-1,3143,0.12716376781463623,0.028157485648989677,0.1999989151954651,2.093627429354452e-14,1856,549,862,2332,2430,3.541935443878174
2026-04-07T10:37:27.994,radio://0/80/2M,flow,1,0,Reacquire Wall,0.5317951440811157,0,0,0,0.0,0,0,0.0,0.0,14830,0,-16,3143,0.24995292723178864,0.01366765983402729,0.19999998807907104,2.8076968784420573e-18,1856,549,862,2332,2430,3.541935443878174
2026-04-07T10:37:27.995,radio://0/80/2M,range,1,0,Reacquire Wall,0.5317951440811157,0,0,0,0.0,0,0,0.0,0.0,14830,0,-16,3143,0.24995292723178864,0.01366765983402729,0.19999998807907104,2.8076968784420573e-18,1833,524,892,2353,2401,3.5102639198303223
2026-04-07T10:37:28.240,radio://0/80/2M,mission,1,0,Reacquire Wall,0.5465524792671204,0,0,0,0.0,0,0,0.0,0.0,14830,0,-16,3143,0.24995292723178864,0.01366765983402729,0.19999998807907104,2.8076968784420573e-18,1833,524,892,2353,2401,3.5102639198303223
2026-04-07T10:37:28.243,radio://0/80/2M,flow,1,0,Reacquire Wall,0.5465524792671204,0,0,0,0.0,0,0,0.0,0.0,15080,8,-9,3143,0.23431602120399475,0.01144266314804554,0.19999998807907104,3.7653126177991356e-22,1833,524,892,2353,2401,3.5102639198303223
2026-04-07T10:37:28.244,radio://0/80/2M,range,1,0,Reacquire Wall,0.5465524792671204,0,0,0,0.0,0,0,0.0,0.0,15080,8,-9,3143,0.23431602120399475,0.01144266314804554,0.19999998807907104,3.7653126177991356e-22,1770,517,901,2419,2385,3.5630500316619873
2026-04-07T10:37:28.489,radio://0/80/2M,mission,1,0,Reacquire Wall,0.5519152283668518,0,0,0,0.0,0,0,0.0,0.0,15080,8,-9,3143,0.23431602120399475,0.01144266314804554,0.19999998807907104,3.7653126177991356e-22,1770,517,901,2419,2385,3.5630500316619873
2026-04-07T10:37:28.493,radio://0/80/2M,flow,1,0,Reacquire Wall,0.5519152283668518,0,0,0,0.0,0,0,0.0,0.0,15330,1,-9,3143,0.2566004991531372,-0.017696842551231384,0.19999998807907104,5.0495402544064953e-26,1770,517,901,2419,2385,3.5630500316619873
2026-04-07T10:37:28.494,radio://0/80/2M,range,1,0,Reacquire Wall,0.5519152283668518,0,0,0,0.0,0,0,0.0,0.0,15330,1,-9,3143,0.2566004991531372,-0.017696842551231384,0.19999998807907104,5.0495402544064953e-26,1731,516,897,2490,2387,3.541935443878174
2026-04-07T10:37:28.740,radio://0/80/2M,mission,1,0,Reacquire Wall,0.5520334243774414,0,0,0,0.0,0,0,0.0,0.0,15330,1,-9,3143,0.2566004991531372,-0.017696842551231384,0.19999998807907104,5.0495402544064953e-26,1731,516,897,2490,2387,3.541935443878174
2026-04-07T10:37:28.743,radio://0/80/2M,flow,1,0,Reacquire Wall,0.5520334243774414,0,0,0,0.0,0,0,0.0,0.0,15580,-1,-4,3143,0.21299593150615692,0.018390584737062454,0.19999998807907104,6.771778076104035e-30,1731,516,897,2490,2387,3.541935443878174
2026-04-07T10:37:28.744,radio://0/80/2M,range,1,0,Reacquire Wall,0.5520334243774414,0,0,0,0.0,0,0,0.0,0.0,15580,-1,-4,3143,0.21299593150615692,0.018390584737062454,0.19999998807907104,6.771778076104035e-30,1663,519,898,2537,2383,3.541935443878174
2026-04-07T10:37:28.989,radio://0/80/2M,mission,1,0,Reacquire Wall,0.546625018119812,0,0,0,0.0,0,0,0.0,0.0,15580,-1,-4,3143,0.21299593150615692,0.018390584737062454,0.19999998807907104,6.771778076104035e-30,1663,519,898,2537,2383,3.541935443878174
2026-04-07T10:37:28.992,radio://0/80/2M,flow,1,0,Reacquire Wall,0.546625018119812,0,0,0,0.0,0,0,0.0,0.0,15830,0,-7,3143,0.23719820380210876,0.02198399230837822,0.19999998807907104,9.081415687101973e-34,1663,519,898,2537,2383,3.541935443878174
2026-04-07T10:37:28.995,radio://0/80/2M,range,1,0,Reacquire Wall,0.546625018119812,0,0,0,0.0,0,0,0.0,0.0,15830,0,-7,3143,0.23719820380210876,0.02198399230837822,0.19999998807907104,9.081415687101973e-34,1626,524,899,2576,2379,3.499706745147705
2026-04-07T10:37:29.239,radio://0/80/2M,mission,1,0,Reacquire Wall,0.5424798130989075,0,0,0,0.0,0,0,0.0,0.0,15830,0,-7,3143,0.23719820380210876,0.02198399230837822,0.19999998807907104,9.081415687101973e-34,1626,524,899,2576,2379,3.499706745147705
2026-04-07T10:37:29.242,radio://0/80/2M,flow,1,0,Reacquire Wall,0.5424798130989075,0,0,0,0.0,0,0,0.0,0.0,16080,0,-1,3143,0.20087671279907227,-0.022487996146082878,0.19999998807907104,1.2178799299401674e-37,1626,524,899,2576,2379,3.499706745147705
2026-04-07T10:37:29.244,radio://0/80/2M,range,1,0,Reacquire Wall,0.5424798130989075,0,0,0,0.0,0,0,0.0,0.0,16080,0,-1,3143,0.20087671279907227,-0.022487996146082878,0.19999998807907104,1.2178799299401674e-37,1577,532,897,32766,2382,3.515542507171631
2026-04-07T10:37:29.488,radio://0/80/2M,mission,1,0,Reacquire Wall,0.543056309223175,0,0,0,0.0,0,0,0.0,0.0,16080,0,-1,3143,0.20087671279907227,-0.022487996146082878,0.19999998807907104,1.2178799299401674e-37,1577,532,897,32766,2382,3.515542507171631
2026-04-07T10:37:29.493,radio://0/80/2M,flow,1,0,Reacquire Wall,0.543056309223175,0,0,0,0.0,0,0,0.0,0.0,16330,2,-5,3339,0.19689993560314178,-0.03246883302927017,0.19999998807907104,1.6333534900170068e-41,1577,532,897,32766,2382,3.515542507171631
2026-04-07T10:37:29.494,radio://0/80/2M,range,1,0,Reacquire Wall,0.543056309223175,0,0,0,0.0,0,0,0.0,0.0,16330,2,-5,3339,0.19689993560314178,-0.03246883302927017,0.19999998807907104,1.6333534900170068e-41,1544,545,884,2624,2391,3.5208210945129395
2026-04-07T10:37:29.739,radio://0/80/2M,mission,1,0,Reacquire Wall,0.5392463803291321,0,0,0,0.0,0,0,0.0,0.0,16330,2,-5,3339,0.19689993560314178,-0.03246883302927017,0.19999998807907104,1.6333534900170068e-41,1544,545,884,2624,2391,3.5208210945129395
2026-04-07T10:37:29.742,radio://0/80/2M,flow,1,0,Reacquire Wall,0.5392463803291321,0,0,0,0.0,0,0,0.0,0.0,16580,0,0,3339,0.2501782476902008,-0.03855527564883232,0.19999998807907104,1.401298464324817e-45,1544,545,884,2624,2391,3.5208210945129395
2026-04-07T10:37:29.743,radio://0/80/2M,range,1,0,Reacquire Wall,0.5392463803291321,0,0,0,0.0,0,0,0.0,0.0,16580,0,0,3339,0.2501782476902008,-0.03855527564883232,0.19999998807907104,1.401298464324817e-45,1501,560,877,2687,2388,3.499706745147705
2026-04-07T10:37:29.989,radio://0/80/2M,mission,1,0,Reacquire Wall,0.5369985103607178,0,0,0,0.0,0,0,0.0,0.0,16580,0,0,3339,0.2501782476902008,-0.03855527564883232,0.19999998807907104,1.401298464324817e-45,1501,560,877,2687,2388,3.499706745147705
2026-04-07T10:37:29.992,radio://0/80/2M,flow,1,0,Reacquire Wall,0.5369985103607178,0,0,0,0.0,0,0,0.0,0.0,16830,0,0,3339,0.21700958907604218,-0.023335784673690796,0.19999998807907104,1.401298464324817e-45,1501,560,877,2687,2388,3.499706745147705
2026-04-07T10:37:29.993,radio://0/80/2M,range,1,0,Reacquire Wall,0.5369985103607178,0,0,0,0.0,0,0,0.0,0.0,16830,0,0,3339,0.21700958907604218,-0.023335784673690796,0.19999998807907104,1.401298464324817e-45,1476,566,864,2727,2391,3.515542507171631
2026-04-07T10:37:30.244,radio://0/80/2M,mission,1,0,Reacquire Wall,0.5396109819412231,0,0,0,0.0,0,0,0.0,0.0,16830,0,0,3339,0.21700958907604218,-0.023335784673690796,0.19999998807907104,1.401298464324817e-45,1476,566,864,2727,2391,3.515542507171631
2026-04-07T10:37:30.255,radio://0/80/2M,flow,1,0,Reacquire Wall,0.5396109819412231,0,0,0,0.0,0,0,0.0,0.0,17080,-1,-2,3339,0.19588075578212738,0.0041373297572135925,0.19999998807907104,1.401298464324817e-45,1476,566,864,2727,2391,3.515542507171631
2026-04-07T10:37:30.257,radio://0/80/2M,range,1,0,Reacquire Wall,0.5396109819412231,0,0,0,0.0,0,0,0.0,0.0,17080,-1,-2,3339,0.19588075578212738,0.0041373297572135925,0.19999998807907104,1.401298464324817e-45,1434,566,866,2741,2389,3.5208210945129395
2026-04-07T10:37:30.488,radio://0/80/2M,mission,1,0,Reacquire Wall,0.5352137088775635,0,0,0,0.0,0,0,0.0,0.0,17080,-1,-2,3339,0.19588075578212738,0.0041373297572135925,0.19999998807907104,1.401298464324817e-45,1434,566,866,2741,2389,3.5208210945129395
2026-04-07T10:37:30.491,radio://0/80/2M,flow,1,0,Reacquire Wall,0.5352137088775635,0,0,0,0.0,0,0,0.0,0.0,17330,1,-3,3339,0.19072499871253967,-0.01269116997718811,0.19999998807907104,1.401298464324817e-45,1434,566,866,2741,2389,3.5208210945129395
2026-04-07T10:37:30.492,radio://0/80/2M,range,1,0,Reacquire Wall,0.5352137088775635,0,0,0,0.0,0,0,0.0,0.0,17330,1,-3,3339,0.19072499871253967,-0.01269116997718811,0.19999998807907104,1.401298464324817e-45,1417,572,869,2742,2389,3.489149570465088
2026-04-07T10:37:30.739,radio://0/80/2M,mission,1,0,Reacquire Wall,0.530466616153717,0,0,0,0.0,0,0,0.0,0.0,17330,1,-3,3339,0.19072499871253967,-0.01269116997718811,0.19999998807907104,1.401298464324817e-45,1417,572,869,2742,2389,3.489149570465088
2026-04-07T10:37:30.741,radio://0/80/2M,flow,1,0,Reacquire Wall,0.530466616153717,0,0,0,0.0,0,0,0.0,0.0,17580,0,0,3339,0.20478984713554382,-0.01764095015823841,0.19999998807907104,1.401298464324817e-45,1417,572,869,2742,2389,3.489149570465088
2026-04-07T10:37:30.743,radio://0/80/2M,range,1,0,Reacquire Wall,0.530466616153717,0,0,0,0.0,0,0,0.0,0.0,17580,0,0,3339,0.20478984713554382,-0.01764095015823841,0.19999998807907104,1.401298464324817e-45,1383,575,868,2724,2400,3.5049853324890137
2026-04-07T10:37:30.987,radio://0/80/2M,mission,1,0,Reacquire Wall,0.5283932089805603,0,0,0,0.0,0,0,0.0,0.0,17580,0,0,3339,0.20478984713554382,-0.01764095015823841,0.19999998807907104,1.401298464324817e-45,1383,575,868,2724,2400,3.5049853324890137
2026-04-07T10:37:30.990,radio://0/80/2M,flow,1,0,Reacquire Wall,0.5283932089805603,0,0,0,0.0,0,0,0.0,0.0,17830,0,-10,3339,0.20359313488006592,-0.007380754686892033,0.19999998807907104,1.401298464324817e-45,1383,575,868,2724,2400,3.5049853324890137
2026-04-07T10:37:30.991,radio://0/80/2M,range,1,0,Reacquire Wall,0.5283932089805603,0,0,0,0.0,0,0,0.0,0.0,17830,0,-10,3339,0.20359313488006592,-0.007380754686892033,0.19999998807907104,1.401298464324817e-45,1361,585,867,2762,2404,3.4944281578063965
2026-04-07T10:37:31.238,radio://0/80/2M,mission,1,0,Reacquire Wall,0.5252822041511536,0,0,0,0.0,0,0,0.0,0.0,17830,0,-10,3339,0.20359313488006592,-0.007380754686892033,0.19999998807907104,1.401298464324817e-45,1361,585,867,2762,2404,3.4944281578063965
2026-04-07T10:37:31.241,radio://0/80/2M,flow,1,0,Reacquire Wall,0.5252822041511536,0,0,0,0.0,0,0,0.0,0.0,18080,0,-1,3547,0.20773079991340637,0.004147164523601532,0.19999998807907104,1.401298464324817e-45,1361,585,867,2762,2404,3.4944281578063965
2026-04-07T10:37:31.242,radio://0/80/2M,range,1,0,Reacquire Wall,0.5252822041511536,0,0,0,0.0,0,0,0.0,0.0,18080,0,-1,3547,0.20773079991340637,0.004147164523601532,0.19999998807907104,1.401298464324817e-45,1317,599,880,2790,2405,3.489149570465088
2026-04-07T10:37:31.488,radio://0/80/2M,mission,1,0,Reacquire Wall,0.5243338346481323,0,0,0,0.0,0,0,0.0,0.0,18080,0,-1,3547,0.20773079991340637,0.004147164523601532,0.19999998807907104,1.401298464324817e-45,1317,599,880,2790,2405,3.489149570465088
2026-04-07T10:37:31.491,radio://0/80/2M,flow,1,0,Reacquire Wall,0.5243338346481323,0,0,0,0.0,0,0,0.0,0.0,18330,1,-4,3547,0.21586020290851593,-0.01630660705268383,0.19999998807907104,1.401298464324817e-45,1317,599,880,2790,2405,3.489149570465088
2026-04-07T10:37:31.492,radio://0/80/2M,range,1,0,Reacquire Wall,0.5243338346481323,0,0,0,0.0,0,0,0.0,0.0,18330,1,-4,3547,0.21586020290851593,-0.01630660705268383,0.19999998807907104,1.401298464324817e-45,1293,601,892,2776,2409,3.4785923957824707
2026-04-07T10:37:31.737,radio://0/80/2M,mission,1,0,Reacquire Wall,0.5214628577232361,0,0,0,0.0,0,0,0.0,0.0,18330,1,-4,3547,0.21586020290851593,-0.01630660705268383,0.19999998807907104,1.401298464324817e-45,1293,601,892,2776,2409,3.4785923957824707
2026-04-07T10:37:31.741,radio://0/80/2M,flow,1,0,Reacquire Wall,0.5214628577232361,0,0,0,0.0,0,0,0.0,0.0,18580,-1,4,3768,0.18232527375221252,-0.00707546342164278,0.19999998807907104,1.401298464324817e-45,1293,601,892,2776,2409,3.4785923957824707
2026-04-07T10:37:31.743,radio://0/80/2M,range,1,0,Reacquire Wall,0.5214628577232361,0,0,0,0.0,0,0,0.0,0.0,18580,-1,4,3768,0.18232527375221252,-0.00707546342164278,0.19999998807907104,1.401298464324817e-45,1257,606,32766,2786,2406,3.489149570465088
2026-04-07T10:37:31.987,radio://0/80/2M,mission,1,0,Reacquire Wall,0.5220940113067627,0,0,0,0.0,0,0,0.0,0.0,18580,-1,4,3768,0.18232527375221252,-0.00707546342164278,0.19999998807907104,1.401298464324817e-45,1257,606,32766,2786,2406,3.489149570465088
2026-04-07T10:37:31.990,radio://0/80/2M,flow,1,0,Reacquire Wall,0.5220940113067627,0,0,0,0.0,0,0,0.0,0.0,18830,0,0,4003,0.16760490834712982,3.149144322378561e-05,0.19999998807907104,1.401298464324817e-45,1257,606,32766,2786,2406,3.489149570465088
2026-04-07T10:37:31.991,radio://0/80/2M,range,1,0,Reacquire Wall,0.5220940113067627,0,0,0,0.0,0,0,0.0,0.0,18830,0,0,4003,0.16760490834712982,3.149144322378561e-05,0.19999998807907104,1.401298464324817e-45,1223,611,2054,2816,2412,3.4838709831237793
2026-04-07T10:37:32.237,radio://0/80/2M,mission,1,0,Reacquire Wall,0.5214672088623047,0,0,0,0.0,0,0,0.0,0.0,18830,0,0,4003,0.16760490834712982,3.149144322378561e-05,0.19999998807907104,1.401298464324817e-45,1223,611,2054,2816,2412,3.4838709831237793
2026-04-07T10:37:32.240,radio://0/80/2M,flow,1,0,Reacquire Wall,0.5214672088623047,0,0,0,0.0,0,0,0.0,0.0,19080,-3,0,4518,0.18490052223205566,0.011191662400960922,0.19999998807907104,1.401298464324817e-45,1223,611,2054,2816,2412,3.4838709831237793
2026-04-07T10:37:32.241,radio://0/80/2M,range,1,0,Reacquire Wall,0.5214672088623047,0,0,0,0.0,0,0,0.0,0.0,19080,-3,0,4518,0.18490052223205566,0.011191662400960922,0.19999998807907104,1.401298464324817e-45,1181,609,2162,2914,2408,3.4838709831237793
2026-04-07T10:37:32.487,radio://0/80/2M,mission,1,0,Reacquire Wall,0.522537112236023,0,0,0,0.0,0,0,0.0,0.0,19080,-3,0,4518,0.18490052223205566,0.011191662400960922,0.19999998807907104,1.401298464324817e-45,1181,609,2162,2914,2408,3.4838709831237793
2026-04-07T10:37:32.490,radio://0/80/2M,flow,1,0,Reacquire Wall,0.522537112236023,0,0,0,0.0,0,0,0.0,0.0,19330,-4,0,5418,0.20615868270397186,0.03126302361488342,0.19999998807907104,1.401298464324817e-45,1181,609,2162,2914,2408,3.4838709831237793
2026-04-07T10:37:32.492,radio://0/80/2M,range,1,0,Reacquire Wall,0.522537112236023,0,0,0,0.0,0,0,0.0,0.0,19330,-4,0,5418,0.20615868270397186,0.03126302361488342,0.19999998807907104,1.401298464324817e-45,1152,606,2190,2947,2408,3.473313808441162
2026-04-07T10:37:32.736,radio://0/80/2M,mission,1,0,Reacquire Wall,0.5181398391723633,0,0,0,0.0,0,0,0.0,0.0,19330,-4,0,5418,0.20615868270397186,0.03126302361488342,0.19999998807907104,1.401298464324817e-45,1152,606,2190,2947,2408,3.473313808441162
2026-04-07T10:37:32.740,radio://0/80/2M,flow,1,0,Reacquire Wall,0.5181398391723633,0,0,0,0.0,0,0,0.0,0.0,19580,0,0,5756,0.15457724034786224,0.006885920185595751,0.19999998807907104,1.401298464324817e-45,1152,606,2190,2947,2408,3.473313808441162
2026-04-07T10:37:32.741,radio://0/80/2M,range,1,0,Reacquire Wall,0.5181398391723633,0,0,0,0.0,0,0,0.0,0.0,19580,0,0,5756,0.15457724034786224,0.006885920185595751,0.19999998807907104,1.401298464324817e-45,1101,598,32766,2995,2407,3.4785923957824707
2026-04-07T10:37:32.986,radio://0/80/2M,mission,1,0,Reacquire Wall,0.5140541791915894,0,0,0,0.0,0,0,0.0,0.0,19580,0,0,5756,0.15457724034786224,0.006885920185595751,0.19999998807907104,1.401298464324817e-45,1101,598,32766,2995,2407,3.4785923957824707
2026-04-07T10:37:32.989,radio://0/80/2M,flow,1,0,Reacquire Wall,0.5140541791915894,0,0,0,0.0,0,0,0.0,0.0,19830,9,0,6115,0.14531251788139343,-0.007922794669866562,0.19999998807907104,1.401298464324817e-45,1101,598,32766,2995,2407,3.4785923957824707
2026-04-07T10:37:32.990,radio://0/80/2M,range,1,0,Reacquire Wall,0.5140541791915894,0,0,0,0.0,0,0,0.0,0.0,19830,9,0,6115,0.14531251788139343,-0.007922794669866562,0.19999998807907104,1.401298464324817e-45,1060,599,32766,2999,2413,3.4574780464172363
2026-04-07T10:37:33.236,radio://0/80/2M,mission,1,0,Reacquire Wall,0.5173494219779968,0,0,0,0.0,0,0,0.0,0.0,19830,9,0,6115,0.14531251788139343,-0.007922794669866562,0.19999998807907104,1.401298464324817e-45,1060,599,32766,2999,2413,3.4574780464172363
2026-04-07T10:37:33.239,radio://0/80/2M,flow,1,0,Reacquire Wall,0.5173494219779968,0,0,0,0.0,0,0,0.0,0.0,20080,-2,0,6115,0.14510171115398407,0.021354014053940773,0.19999998807907104,1.401298464324817e-45,1060,599,32766,2999,2413,3.4574780464172363
2026-04-07T10:37:33.240,radio://0/80/2M,range,1,0,Reacquire Wall,0.5173494219779968,0,0,0,0.0,0,0,0.0,0.0,20080,-2,0,6115,0.14510171115398407,0.021354014053940773,0.19999998807907104,1.401298464324817e-45,995,601,32766,32766,2413,3.462756633758545
2026-04-07T10:37:33.486,radio://0/80/2M,mission,1,0,Reacquire Wall,0.5132532715797424,0,0,0,0.0,0,0,0.0,0.0,20080,-2,0,6115,0.14510171115398407,0.021354014053940773,0.19999998807907104,1.401298464324817e-45,995,601,32766,32766,2413,3.462756633758545
2026-04-07T10:37:33.489,radio://0/80/2M,flow,1,0,Reacquire Wall,0.5132532715797424,0,0,0,0.0,0,0,0.0,0.0,20330,0,0,6115,0.13517102599143982,0.01631743274629116,0.19999998807907104,1.401298464324817e-45,995,601,32766,32766,2413,3.462756633758545
2026-04-07T10:37:33.490,radio://0/80/2M,range,1,0,Reacquire Wall,0.5132532715797424,0,0,0,0.0,0,0,0.0,0.0,20330,0,0,6115,0.13517102599143982,0.01631743274629116,0.19999998807907104,1.401298464324817e-45,925,599,32766,32766,2418,3.4521994590759277
2026-04-07T10:37:33.735,radio://0/80/2M,mission,1,0,Reacquire Wall,0.5122399926185608,0,0,0,0.0,0,0,0.0,0.0,20330,0,0,6115,0.13517102599143982,0.01631743274629116,0.19999998807907104,1.401298464324817e-45,925,599,32766,32766,2418,3.4521994590759277
2026-04-07T10:37:33.739,radio://0/80/2M,flow,1,0,Reacquire Wall,0.5122399926185608,0,0,0,0.0,0,0,0.0,0.0,20580,0,-1,4430,0.05794968828558922,0.0025989327114075422,7.819638267392293e-05,1.401298464324817e-45,925,599,32766,32766,2418,3.4521994590759277
2026-04-07T10:37:33.740,radio://0/80/2M,range,1,0,Reacquire Wall,0.5122399926185608,0,0,0,0.0,0,0,0.0,0.0,20580,0,-1,4430,0.05794968828558922,0.0025989327114075422,7.819638267392293e-05,1.401298464324817e-45,810,594,32766,32766,2419,3.4574780464172363
2026-04-07T10:37:33.986,radio://0/80/2M,mission,1,0,Reacquire Wall,0.50920569896698,0,0,0,0.0,0,0,0.0,0.0,20580,0,-1,4430,0.05794968828558922,0.0025989327114075422,7.819638267392293e-05,1.401298464324817e-45,810,594,32766,32766,2419,3.4574780464172363
2026-04-07T10:37:33.989,radio://0/80/2M,flow,1,0,Reacquire Wall,0.50920569896698,0,0,0,0.0,0,0,0.0,0.0,20830,3,0,3895,0.05399841442704201,0.04606134817004204,1.4980956919430355e-08,1.401298464324817e-45,810,594,32766,32766,2419,3.4574780464172363
2026-04-07T10:37:33.990,radio://0/80/2M,range,1,0,Reacquire Wall,0.50920569896698,0,0,0,0.0,0,0,0.0,0.0,20830,3,0,3895,0.05399841442704201,0.04606134817004204,1.4980956919430355e-08,1.401298464324817e-45,722,584,32766,1281,2417,3.436363697052002
2026-04-07T10:37:34.235,radio://0/80/2M,mission,1,0,Reacquire Wall,0.5082890391349792,0,0,0,0.0,0,0,0.0,0.0,20830,3,0,3895,0.05399841442704201,0.04606134817004204,1.4980956919430355e-08,1.401298464324817e-45,722,584,32766,1281,2417,3.436363697052002
2026-04-07T10:37:34.238,radio://0/80/2M,flow,1,0,Reacquire Wall,0.5082890391349792,0,0,0,0.0,0,0,0.0,0.0,21080,2,-6,3895,0.14385312795639038,-0.03263912722468376,-0.0018001830903813243,0.0,722,584,32766,1281,2417,3.436363697052002
2026-04-07T10:37:34.240,radio://0/80/2M,range,1,0,Reacquire Wall,0.5082890391349792,0,0,0,0.0,0,0,0.0,0.0,21080,2,-6,3895,0.14385312795639038,-0.03263912722468376,-0.0018001830903813243,0.0,601,578,32766,32766,2423,3.4574780464172363
2026-04-07T10:37:34.485,radio://0/80/2M,mission,1,0,Reacquire Wall,0.5116380453109741,0,0,0,0.0,0,0,0.0,0.0,21080,2,-6,3895,0.14385312795639038,-0.03263912722468376,-0.0018001830903813243,0.0,601,578,32766,32766,2423,3.4574780464172363
2026-04-07T10:37:34.488,radio://0/80/2M,flow,1,0,Reacquire Wall,0.5116380453109741,0,0,0,0.0,0,0,0.0,0.0,21330,0,0,3895,0.016660034656524658,0.001474152784794569,-0.005245896987617016,0.0,601,578,32766,32766,2423,3.4574780464172363
2026-04-07T10:37:34.489,radio://0/80/2M,range,1,0,Reacquire Wall,0.5116380453109741,0,0,0,0.0,0,0,0.0,0.0,21330,0,0,3895,0.016660034656524658,0.001474152784794569,-0.005245896987617016,0.0,531,600,2255,32766,2433,3.4416422843933105
2026-04-07T10:37:34.735,radio://0/80/2M,mission,1,0,Reacquire Wall,0.5016468167304993,0,0,0,0.0,0,0,0.0,0.0,21330,0,0,3895,0.016660034656524658,0.001474152784794569,-0.005245896987617016,0.0,531,600,2255,32766,2433,3.4416422843933105
2026-04-07T10:37:34.738,radio://0/80/2M,flow,1,0,Reacquire Wall,0.5016468167304993,0,0,0,0.0,0,0,0.0,0.0,21580,1,0,3652,-0.008820461109280586,-0.008946926333010197,-0.012416326440870762,0.0,531,600,2255,32766,2433,3.4416422843933105
2026-04-07T10:37:34.739,radio://0/80/2M,range,1,0,Reacquire Wall,0.5016468167304993,0,0,0,0.0,0,0,0.0,0.0,21580,1,0,3652,-0.008820461109280586,-0.008946926333010197,-0.012416326440870762,0.0,440,611,2256,32766,2425,3.420527935028076
2026-04-07T10:37:34.985,radio://0/80/2M,mission,1,0,Reacquire Wall,0.5049028396606445,0,0,0,0.0,0,0,0.0,0.0,21580,1,0,3652,-0.008820461109280586,-0.008946926333010197,-0.012416326440870762,0.0,440,611,2256,32766,2425,3.420527935028076
2026-04-07T10:37:34.987,radio://0/80/2M,flow,1,0,Reacquire Wall,0.5049028396606445,0,0,0,0.0,0,0,0.0,0.0,21830,-8,0,3624,-0.011945663951337337,0.014360573142766953,-0.017994306981563568,0.0,440,611,2256,32766,2425,3.420527935028076
2026-04-07T10:37:34.989,radio://0/80/2M,range,1,0,Reacquire Wall,0.5049028396606445,0,0,0,0.0,0,0,0.0,0.0,21830,-8,0,3624,-0.011945663951337337,0.014360573142766953,-0.017994306981563568,0.0,387,624,2195,32766,2428,3.446920871734619
2026-04-07T10:37:35.234,radio://0/80/2M,mission,1,0,Reacquire Wall,0.5110775232315063,0,0,0,0.0,0,0,0.0,0.0,21830,-8,0,3624,-0.011945663951337337,0.014360573142766953,-0.017994306981563568,0.0,387,624,2195,32766,2428,3.446920871734619
2026-04-07T10:37:35.237,radio://0/80/2M,flow,1,0,Reacquire Wall,0.5110775232315063,0,0,0,0.0,0,0,0.0,0.0,22080,0,0,3624,-0.02241227589547634,-0.02616204135119915,-0.02569151297211647,0.0,387,624,2195,32766,2428,3.446920871734619
2026-04-07T10:37:35.238,radio://0/80/2M,range,1,0,Reacquire Wall,0.5110775232315063,0,0,0,0.0,0,0,0.0,0.0,22080,0,0,3624,-0.02241227589547634,-0.02616204135119915,-0.02569151297211647,0.0,326,637,2172,32766,2422,3.4574780464172363
2026-04-07T10:37:35.483,radio://0/80/2M,mission,1,0,Reacquire Wall,0.5089452862739563,0,0,0,0.0,0,0,0.0,0.0,22080,0,0,3624,-0.02241227589547634,-0.02616204135119915,-0.02569151297211647,0.0,326,637,2172,32766,2422,3.4574780464172363
2026-04-07T10:37:35.488,radio://0/80/2M,flow,1,0,Reacquire Wall,0.5089452862739563,0,0,0,0.0,0,0,0.0,0.0,22330,-1,-9,3624,0.0016027074307203293,-0.005304515361785889,-0.03193880245089531,0.0,326,637,2172,32766,2422,3.4574780464172363
2026-04-07T10:37:35.490,radio://0/80/2M,range,1,0,Reacquire Wall,0.5089452862739563,0,0,0,0.0,0,0,0.0,0.0,22330,-1,-9,3624,0.0016027074307203293,-0.005304515361785889,-0.03193880245089531,0.0,283,682,2159,32766,2423,3.436363697052002
2026-04-07T10:37:35.733,radio://0/80/2M,mission,1,0,Reacquire Wall,0.5041890740394592,0,0,0,0.0,0,0,0.0,0.0,22330,-1,-9,3624,0.0016027074307203293,-0.005304515361785889,-0.03193880245089531,0.0,283,682,2159,32766,2423,3.436363697052002
2026-04-07T10:37:35.737,radio://0/80/2M,flow,1,0,Reacquire Wall,0.5041890740394592,0,0,0,0.0,0,0,0.0,0.0,22580,-4,1,3850,-0.03341930732131004,0.01081984955817461,-0.04302661120891571,0.0,283,682,2159,32766,2423,3.436363697052002
2026-04-07T10:37:35.739,radio://0/80/2M,range,1,0,Reacquire Wall,0.5041890740394592,0,0,0,0.0,0,0,0.0,0.0,22580,-4,1,3850,-0.03341930732131004,0.01081984955817461,-0.04302661120891571,0.0,216,32766,32766,32766,2425,3.420527935028076
2026-04-07T10:37:35.984,radio://0/80/2M,mission,1,0,Reacquire Wall,0.4901007413864136,0,0,0,0.0,0,0,0.0,0.0,22580,-4,1,3850,-0.03341930732131004,0.01081984955817461,-0.04302661120891571,0.0,216,32766,32766,32766,2425,3.420527935028076
2026-04-07T10:37:35.986,radio://0/80/2M,flow,1,0,Reacquire Wall,0.4901007413864136,0,0,0,0.0,0,0,0.0,0.0,22830,1,-4,4090,0.0440811850130558,-0.0640660747885704,-0.03702244907617569,-0.00728571554645896,216,32766,32766,32766,2425,3.420527935028076
2026-04-07T10:37:35.988,radio://0/80/2M,range,1,0,Reacquire Wall,0.4901007413864136,0,0,0,0.0,0,0,0.0,0.0,22830,1,-4,4090,0.0440811850130558,-0.0640660747885704,-0.03702244907617569,-0.00728571554645896,170,364,32766,1411,2431,3.3782992362976074
2026-04-07T10:37:36.233,radio://0/80/2M,mission,1,5,Transition,0.3658067584037781,0,0,0,0.0,0,0,0.0,0.0,22830,1,-4,4090,0.0440811850130558,-0.0640660747885704,-0.03702244907617569,-0.00728571554645896,170,364,32766,1411,2431,3.3782992362976074
2026-04-07T10:37:36.237,radio://0/80/2M,flow,1,5,Transition,0.3658067584037781,0,0,0,0.0,0,0,0.0,0.0,23080,1,-3,4616,0.05708863586187363,-0.05611035227775574,-0.059675514698028564,0.0,170,364,32766,1411,2431,3.3782992362976074
2026-04-07T10:37:36.238,radio://0/80/2M,range,1,5,Transition,0.3658067584037781,0,0,0,0.0,0,0,0.0,0.0,23080,1,-3,4616,0.05708863586187363,-0.05611035227775574,-0.059675514698028564,0.0,130,233,32766,1287,2419,3.267448663711548
2026-04-07T10:37:36.484,radio://0/80/2M,mission,1,5,Transition,0.38289934396743774,0,0,0,0.0,0,0,0.0,0.0,23080,1,-3,4616,0.05708863586187363,-0.05611035227775574,-0.059675514698028564,0.0,130,233,32766,1287,2419,3.267448663711548
2026-04-07T10:37:36.486,radio://0/80/2M,flow,1,5,Transition,0.38289934396743774,0,0,0,0.0,0,0,0.0,0.0,23330,0,32,4616,-0.10269476473331451,0.08196434378623962,-0.05718930810689926,0.0,130,233,32766,1287,2419,3.267448663711548
2026-04-07T10:37:36.488,radio://0/80/2M,range,1,5,Transition,0.38289934396743774,0,0,0,0.0,0,0,0.0,0.0,23330,0,32,4616,-0.10269476473331451,0.08196434378623962,-0.05718930810689926,0.0,142,196,1843,1278,2340,3.4680352210998535
2026-04-07T10:37:36.733,radio://0/80/2M,mission,1,1,Wall Follow,0.8225071430206299,0,0,0,0.0,0,0,0.0,0.0,23330,0,32,4616,-0.10269476473331451,0.08196434378623962,-0.05718930810689926,0.0,142,196,1843,1278,2340,3.4680352210998535
2026-04-07T10:37:36.737,radio://0/80/2M,flow,1,1,Wall Follow,0.8225071430206299,0,0,0,0.0,0,0,0.0,0.0,23580,1,1,4328,-0.08747436106204987,0.03401830792427063,-0.03869651257991791,0.0,142,196,1843,1278,2340,3.4680352210998535
2026-04-07T10:37:36.738,radio://0/80/2M,range,1,1,Wall Follow,0.8225071430206299,0,0,0,0.0,0,0,0.0,0.0,23580,1,1,4328,-0.08747436106204987,0.03401830792427063,-0.03869651257991791,0.0,241,299,1748,1252,2051,3.695014715194702
2026-04-07T10:37:37.021,radio://0/80/2M,mission,1,1,Wall Follow,0.9143093824386597,0,0,0,0.0,0,0,0.0,0.0,23580,1,1,4328,-0.08747436106204987,0.03401830792427063,-0.03869651257991791,0.0,241,299,1748,1252,2051,3.695014715194702
2026-04-07T10:37:37.023,radio://0/80/2M,flow,1,1,Wall Follow,0.9143093824386597,0,0,0,0.0,0,0,0.0,0.0,23830,0,0,4328,-0.054803621023893356,0.009592882357537746,-0.026105327531695366,0.0,241,299,1748,1252,2051,3.695014715194702
2026-04-07T10:37:37.024,radio://0/80/2M,range,1,1,Wall Follow,0.9143093824386597,0,0,0,0.0,0,0,0.0,0.0,23830,0,0,4328,-0.054803621023893356,0.009592882357537746,-0.026105327531695366,0.0,323,373,1544,32766,1994,3.695014715194702
2026-04-07T10:37:37.233,radio://0/80/2M,mission,1,1,Wall Follow,0.674402117729187,0,0,0,0.0,0,0,0.0,0.0,23830,0,0,4328,-0.054803621023893356,0.009592882357537746,-0.026105327531695366,0.0,323,373,1544,32766,1994,3.695014715194702
2026-04-07T10:37:37.236,radio://0/80/2M,flow,1,1,Wall Follow,0.674402117729187,0,0,0,0.0,0,0,0.0,0.0,24080,1,1,4328,-0.02374783530831337,0.004028385039418936,-0.021609002724289894,0.0,323,373,1544,32766,1994,3.695014715194702
2026-04-07T10:37:37.237,radio://0/80/2M,range,1,1,Wall Follow,0.674402117729187,0,0,0,0.0,0,0,0.0,0.0,24080,1,1,4328,-0.02374783530831337,0.004028385039418936,-0.021609002724289894,0.0,357,318,1412,1028,2217,3.346627712249756
2026-04-07T10:37:37.483,radio://0/80/2M,mission,1,1,Wall Follow,0.44336962699890137,0,0,0,0.0,0,0,0.0,0.0,24080,1,1,4328,-0.02374783530831337,0.004028385039418936,-0.021609002724289894,0.0,357,318,1412,1028,2217,3.346627712249756
2026-04-07T10:37:37.486,radio://0/80/2M,flow,1,1,Wall Follow,0.44336962699890137,0,0,0,0.0,0,0,0.0,0.0,24330,1,0,4328,-0.0727495476603508,-0.009588921442627907,-0.017311042174696922,0.0,357,318,1412,1028,2217,3.346627712249756
2026-04-07T10:37:37.488,radio://0/80/2M,range,1,1,Wall Follow,0.44336962699890137,0,0,0,0.0,0,0,0.0,0.0,24330,1,0,4328,-0.0727495476603508,-0.009588921442627907,-0.017311042174696922,0.0,393,257,1330,935,2435,3.2991201877593994
2026-04-07T10:37:37.733,radio://0/80/2M,mission,1,1,Wall Follow,0.3711530566215515,0,0,0,0.0,0,0,0.0,0.0,24330,1,0,4328,-0.0727495476603508,-0.009588921442627907,-0.017311042174696922,0.0,393,257,1330,935,2435,3.2991201877593994
2026-04-07T10:37:37.736,radio://0/80/2M,flow,1,1,Wall Follow,0.3711530566215515,0,0,0,0.0,0,0,0.0,0.0,24580,1,6,4058,-0.07876523584127426,0.07570307701826096,0.0,0.0,393,257,1330,935,2435,3.2991201877593994
2026-04-07T10:37:37.737,radio://0/80/2M,range,1,1,Wall Follow,0.3711530566215515,0,0,0,0.0,0,0,0.0,0.0,24580,1,6,4058,-0.07876523584127426,0.07570307701826096,0.0,0.0,1667,240,32766,859,2557,3.420527935028076
2026-04-07T10:37:37.983,radio://0/80/2M,mission,1,1,Wall Follow,0.4030763804912567,0,0,0,0.0,0,0,0.0,0.0,24580,1,6,4058,-0.07876523584127426,0.07570307701826096,0.0,0.0,1667,240,32766,859,2557,3.420527935028076
2026-04-07T10:37:37.985,radio://0/80/2M,flow,1,1,Wall Follow,0.4030763804912567,0,0,0,0.0,0,0,0.0,0.0,24830,2,2,4058,-0.07559449970722198,0.033955853432416916,0.0,0.0,1667,240,32766,859,2557,3.420527935028076
2026-04-07T10:37:37.986,radio://0/80/2M,range,1,1,Wall Follow,0.4030763804912567,0,0,0,0.0,0,0,0.0,0.0,24830,2,2,4058,-0.07559449970722198,0.033955853432416916,0.0,0.0,1922,281,32766,841,2541,3.4680352210998535
2026-04-07T10:37:38.232,radio://0/80/2M,mission,1,1,Wall Follow,0.4301760494709015,0,0,0,0.0,0,0,0.0,0.0,24830,2,2,4058,-0.07559449970722198,0.033955853432416916,0.0,0.0,1922,281,32766,841,2541,3.4680352210998535
2026-04-07T10:37:38.235,radio://0/80/2M,flow,1,1,Wall Follow,0.4301760494709015,0,0,0,0.0,0,0,0.0,0.0,25080,2,0,4058,-0.04107101261615753,-0.0002581116568762809,0.0,0.0,1922,281,32766,841,2541,3.4680352210998535
2026-04-07T10:37:38.236,radio://0/80/2M,range,1,1,Wall Follow,0.4301760494709015,0,0,0,0.0,0,0,0.0,0.0,25080,2,0,4058,-0.04107101261615753,-0.0002581116568762809,0.0,0.0,1975,321,32766,836,2503,3.4521994590759277
2026-04-07T10:37:38.482,radio://0/80/2M,mission,1,1,Wall Follow,0.4429328441619873,0,0,0,0.0,0,0,0.0,0.0,25080,2,0,4058,-0.04107101261615753,-0.0002581116568762809,0.0,0.0,1975,321,32766,836,2503,3.4521994590759277
2026-04-07T10:37:38.485,radio://0/80/2M,flow,1,1,Wall Follow,0.4429328441619873,0,0,0,0.0,0,0,0.0,0.0,25330,1,0,4058,-0.00626528961583972,0.010367664508521557,0.0,0.0,1975,321,32766,836,2503,3.4521994590759277
2026-04-07T10:37:38.488,radio://0/80/2M,range,1,1,Wall Follow,0.4429328441619873,0,0,0,0.0,0,0,0.0,0.0,25330,1,0,4058,-0.00626528961583972,0.010367664508521557,0.0,0.0,1998,360,32766,825,2498,3.4152493476867676
2026-04-07T10:37:38.732,radio://0/80/2M,mission,1,1,Wall Follow,0.4389995336532593,0,0,0,0.0,0,0,0.0,0.0,25330,1,0,4058,-0.00626528961583972,0.010367664508521557,0.0,0.0,1998,360,32766,825,2498,3.4152493476867676
2026-04-07T10:37:38.735,radio://0/80/2M,flow,1,1,Wall Follow,0.4389995336532593,0,0,0,0.0,0,0,0.0,0.0,25580,1,0,4058,-0.04296189174056053,0.024135248735547066,0.10200000554323196,-0.043800003826618195,1998,360,32766,825,2498,3.4152493476867676
2026-04-07T10:37:38.736,radio://0/80/2M,range,1,1,Wall Follow,0.4389995336532593,0,0,0,0.0,0,0,0.0,0.0,25580,1,0,4058,-0.04296189174056053,0.024135248735547066,0.10200000554323196,-0.043800003826618195,2028,385,32766,805,2494,3.357184886932373
2026-04-07T10:37:38.982,radio://0/80/2M,mission,1,1,Wall Follow,0.44456395506858826,0,0,0,0.0,0,0,0.0,0.0,25580,1,0,4058,-0.04296189174056053,0.024135248735547066,0.10200000554323196,-0.043800003826618195,2028,385,32766,805,2494,3.357184886932373
2026-04-07T10:37:38.985,radio://0/80/2M,flow,1,1,Wall Follow,0.44456395506858826,0,0,0,0.0,0,0,0.0,0.0,25830,1,1,4058,-0.06776922941207886,-0.059483349323272705,0.199981227517128,-0.06666228920221329,2028,385,32766,805,2494,3.357184886932373
2026-04-07T10:37:38.986,radio://0/80/2M,range,1,1,Wall Follow,0.44456395506858826,0,0,0,0.0,0,0,0.0,0.0,25830,1,1,4058,-0.06776922941207886,-0.059483349323272705,0.199981227517128,-0.06666228920221329,2051,413,32766,791,2495,3.3782992362976074
2026-04-07T10:37:39.231,radio://0/80/2M,mission,1,1,Wall Follow,0.4624682366847992,0,0,0,0.0,0,0,0.0,0.0,25830,1,1,4058,-0.06776922941207886,-0.059483349323272705,0.199981227517128,-0.06666228920221329,2051,413,32766,791,2495,3.3782992362976074
2026-04-07T10:37:39.234,radio://0/80/2M,flow,1,1,Wall Follow,0.4624682366847992,0,0,0,0.0,0,0,0.0,0.0,26080,2,-3,4058,-0.08179806917905807,-0.17953082919120789,0.19999998807907104,-0.06666666269302368,2051,413,32766,791,2495,3.3782992362976074
2026-04-07T10:37:39.235,radio://0/80/2M,range,1,1,Wall Follow,0.4624682366847992,0,0,0,0.0,0,0,0.0,0.0,26080,2,-3,4058,-0.08179806917905807,-0.17953082919120789,0.19999998807907104,-0.06666666269302368,2057,436,32766,804,2477,3.409970760345459
2026-04-07T10:37:39.480,radio://0/80/2M,mission,1,1,Wall Follow,0.4717055559158325,0,0,0,0.0,0,0,0.0,0.0,26080,2,-3,4058,-0.08179806917905807,-0.17953082919120789,0.19999998807907104,-0.06666666269302368,2057,436,32766,804,2477,3.409970760345459
2026-04-07T10:37:39.485,radio://0/80/2M,flow,1,1,Wall Follow,0.4717055559158325,0,0,0,0.0,0,0,0.0,0.0,26330,1,0,4058,-0.06050601974129677,-0.22614407539367676,0.19999998807907104,-0.06666666269302368,2057,436,32766,804,2477,3.409970760345459
2026-04-07T10:37:39.486,radio://0/80/2M,range,1,1,Wall Follow,0.4717055559158325,0,0,0,0.0,0,0,0.0,0.0,26330,1,0,4058,-0.06050601974129677,-0.22614407539367676,0.19999998807907104,-0.06666666269302368,2038,481,32766,833,2464,3.373020648956299
2026-04-07T10:37:39.731,radio://0/80/2M,mission,1,1,Wall Follow,0.4766891598701477,0,0,0,0.0,0,0,0.0,0.0,26330,1,0,4058,-0.06050601974129677,-0.22614407539367676,0.19999998807907104,-0.06666666269302368,2038,481,32766,833,2464,3.373020648956299
2026-04-07T10:37:39.735,radio://0/80/2M,flow,1,1,Wall Follow,0.4766891598701477,0,0,0,0.0,0,0,0.0,0.0,26580,2,-1,4311,-0.043192021548748016,-0.20872709155082703,0.19999998807907104,-0.06666666269302368,2038,481,32766,833,2464,3.373020648956299
2026-04-07T10:37:39.736,radio://0/80/2M,range,1,1,Wall Follow,0.4766891598701477,0,0,0,0.0,0,0,0.0,0.0,26580,2,-1,4311,-0.043192021548748016,-0.20872709155082703,0.19999998807907104,-0.06666666269302368,1993,504,32766,888,2462,3.3782992362976074
2026-04-07T10:37:39.982,radio://0/80/2M,mission,1,1,Wall Follow,0.47716057300567627,0,0,0,0.0,0,0,0.0,0.0,26580,2,-1,4311,-0.043192021548748016,-0.20872709155082703,0.19999998807907104,-0.06666666269302368,1993,504,32766,888,2462,3.3782992362976074
2026-04-07T10:37:39.984,radio://0/80/2M,flow,1,1,Wall Follow,0.47716057300567627,0,0,0,0.0,0,0,0.0,0.0,26830,0,0,4866,-0.01883852854371071,-0.2022404670715332,0.19999998807907104,-0.06666666269302368,1993,504,32766,888,2462,3.3782992362976074
2026-04-07T10:37:39.986,radio://0/80/2M,range,1,1,Wall Follow,0.47716057300567627,0,0,0,0.0,0,0,0.0,0.0,26830,0,0,4866,-0.01883852854371071,-0.2022404670715332,0.19999998807907104,-0.06666666269302368,1974,533,32766,918,2466,3.346627712249756
2026-04-07T10:37:40.231,radio://0/80/2M,mission,1,1,Wall Follow,0.4850958585739136,0,0,0,0.0,0,0,0.0,0.0,26830,0,0,4866,-0.01883852854371071,-0.2022404670715332,0.19999998807907104,-0.06666666269302368,1974,533,32766,918,2466,3.346627712249756
2026-04-07T10:37:40.233,radio://0/80/2M,flow,1,1,Wall Follow,0.4850958585739136,0,0,0,0.0,0,0,0.0,0.0,27080,0,-1,5493,-0.021164990961551666,-0.21068935096263885,0.19999998807907104,-0.06666666269302368,1974,533,32766,918,2466,3.346627712249756
2026-04-07T10:37:40.235,radio://0/80/2M,range,1,1,Wall Follow,0.4850958585739136,0,0,0,0.0,0,0,0.0,0.0,27080,0,-1,5493,-0.021164990961551666,-0.21068935096263885,0.19999998807907104,-0.06666666269302368,32766,545,32766,979,2452,3.3782992362976074
2026-04-07T10:37:40.480,radio://0/80/2M,mission,1,1,Wall Follow,0.4930040240287781,0,0,0,0.0,0,0,0.0,0.0,27080,0,-1,5493,-0.021164990961551666,-0.21068935096263885,0.19999998807907104,-0.06666666269302368,32766,545,32766,979,2452,3.3782992362976074
2026-04-07T10:37:40.483,radio://0/80/2M,flow,1,1,Wall Follow,0.4930040240287781,0,0,0,0.0,0,0,0.0,0.0,27330,1,0,6200,-0.018561869859695435,-0.200367271900177,0.19999998807907104,-0.06666666269302368,32766,545,32766,979,2452,3.3782992362976074
2026-04-07T10:37:40.484,radio://0/80/2M,range,1,1,Wall Follow,0.4930040240287781,0,0,0,0.0,0,0,0.0,0.0,27330,1,0,6200,-0.018561869859695435,-0.200367271900177,0.19999998807907104,-0.06666666269302368,32766,580,1100,1035,2443,3.3888564109802246
2026-04-07T10:37:40.730,radio://0/80/2M,mission,1,1,Wall Follow,0.49830490350723267,0,0,0,0.0,0,0,0.0,0.0,27330,1,0,6200,-0.018561869859695435,-0.200367271900177,0.19999998807907104,-0.06666666269302368,32766,580,1100,1035,2443,3.3888564109802246
2026-04-07T10:37:40.733,radio://0/80/2M,flow,1,1,Wall Follow,0.49830490350723267,0,0,0,0.0,0,0,0.0,0.0,27580,1,0,6200,0.02919604629278183,-0.20374901592731476,0.19999998807907104,-0.0026902398094534874,32766,580,1100,1035,2443,3.3888564109802246
2026-04-07T10:37:40.734,radio://0/80/2M,range,1,1,Wall Follow,0.49830490350723267,0,0,0,0.0,0,0,0.0,0.0,27580,1,0,6200,0.02919604629278183,-0.20374901592731476,0.19999998807907104,-0.0026902398094534874,32766,612,959,1131,2434,3.373020648956299
2026-04-07T10:37:40.979,radio://0/80/2M,mission,1,1,Wall Follow,0.4970189034938812,0,0,0,0.0,0,0,0.0,0.0,27580,1,0,6200,0.02919604629278183,-0.20374901592731476,0.19999998807907104,-0.0026902398094534874,32766,612,959,1131,2434,3.373020648956299
2026-04-07T10:37:40.983,radio://0/80/2M,flow,1,1,Wall Follow,0.4970189034938812,0,0,0,0.0,0,0,0.0,0.0,27830,0,-1,6200,0.0930936336517334,-0.17072094976902008,0.19999998807907104,-2.5254564661736367e-07,32766,612,959,1131,2434,3.373020648956299
2026-04-07T10:37:40.984,radio://0/80/2M,range,1,1,Wall Follow,0.4970189034938812,0,0,0,0.0,0,0,0.0,0.0,27830,0,-1,6200,0.0930936336517334,-0.17072094976902008,0.19999998807907104,-2.5254564661736367e-07,32766,625,913,1199,2440,3.3519062995910645
2026-04-07T10:37:41.229,radio://0/80/2M,mission,1,1,Wall Follow,0.49659547209739685,0,0,0,0.0,0,0,0.0,0.0,27830,0,-1,6200,0.0930936336517334,-0.17072094976902008,0.19999998807907104,-2.5254564661736367e-07,32766,625,913,1199,2440,3.3519062995910645
2026-04-07T10:37:41.233,radio://0/80/2M,flow,1,1,Wall Follow,0.49659547209739685,0,0,0,0.0,0,0,0.0,0.0,28080,0,-1,6587,0.11809904873371124,-0.13108178973197937,0.19999998807907104,-3.3868088888944214e-11,32766,625,913,1199,2440,3.3519062995910645
2026-04-07T10:37:41.235,radio://0/80/2M,range,1,1,Wall Follow,0.49659547209739685,0,0,0,0.0,0,0,0.0,0.0,28080,0,-1,6587,0.11809904873371124,-0.13108178973197937,0.19999998807907104,-3.3868088888944214e-11,32766,621,926,1296,2443,3.3782992362976074
2026-04-07T10:37:41.480,radio://0/80/2M,mission,1,1,Wall Follow,0.4989420771598816,0,0,0,0.0,0,0,0.0,0.0,28080,0,-1,6587,0.11809904873371124,-0.13108178973197937,0.19999998807907104,-3.3868088888944214e-11,32766,621,926,1296,2443,3.3782992362976074
2026-04-07T10:37:41.483,radio://0/80/2M,flow,1,1,Wall Follow,0.4989420771598816,0,0,0,0.0,0,0,0.0,0.0,28330,0,0,6587,0.1381940096616745,-0.14715878665447235,0.19999998807907104,-4.541941011525696e-15,32766,621,926,1296,2443,3.3782992362976074
2026-04-07T10:37:41.484,radio://0/80/2M,range,1,1,Wall Follow,0.4989420771598816,0,0,0,0.0,0,0,0.0,0.0,28330,0,0,6587,0.1381940096616745,-0.14715878665447235,0.19999998807907104,-4.541941011525696e-15,32766,614,1025,1355,2439,3.357184886932373
2026-04-07T10:37:41.729,radio://0/80/2M,mission,1,1,Wall Follow,0.49768662452697754,0,0,0,0.0,0,0,0.0,0.0,28330,0,0,6587,0.1381940096616745,-0.14715878665447235,0.19999998807907104,-4.541941011525696e-15,32766,614,1025,1355,2439,3.357184886932373
2026-04-07T10:37:41.732,radio://0/80/2M,flow,1,1,Wall Follow,0.49768662452697754,0,0,0,0.0,0,0,0.0,0.0,28580,0,-1,6587,0.13912324607372284,-0.15375179052352905,0.19999998807907104,-6.0910509400380855e-19,32766,614,1025,1355,2439,3.357184886932373
2026-04-07T10:37:41.734,radio://0/80/2M,range,1,1,Wall Follow,0.49768662452697754,0,0,0,0.0,0,0,0.0,0.0,28580,0,-1,6587,0.13912324607372284,-0.15375179052352905,0.19999998807907104,-6.0910509400380855e-19,32766,609,1109,1481,2441,3.3624634742736816
2026-04-07T10:37:41.979,radio://0/80/2M,mission,1,1,Wall Follow,0.49803486466407776,0,0,0,0.0,0,0,0.0,0.0,28580,0,-1,6587,0.13912324607372284,-0.15375179052352905,0.19999998807907104,-6.0910509400380855e-19,32766,609,1109,1481,2441,3.3624634742736816
2026-04-07T10:37:41.983,radio://0/80/2M,flow,1,1,Wall Follow,0.49803486466407776,0,0,0,0.0,0,0,0.0,0.0,28830,0,-4,6587,0.15822383761405945,-0.163924902677536,0.19999998807907104,-1.1669306350927236e-22,32766,609,1109,1481,2441,3.3624634742736816
2026-04-07T10:37:41.984,radio://0/80/2M,range,1,1,Wall Follow,0.49803486466407776,0,0,0,0.0,0,0,0.0,0.0,28830,0,-4,6587,0.15822383761405945,-0.163924902677536,0.19999998807907104,-1.1669306350927236e-22,32766,606,1250,1588,2448,3.3624634742736816
2026-04-07T10:37:42.229,radio://0/80/2M,mission,1,1,Wall Follow,0.4959752559661865,0,0,0,0.0,0,0,0.0,0.0,28830,0,-4,6587,0.15822383761405945,-0.163924902677536,0.19999998807907104,-1.1669306350927236e-22,32766,606,1250,1588,2448,3.3624634742736816
2026-04-07T10:37:42.232,radio://0/80/2M,flow,1,1,Wall Follow,0.4959752559661865,0,0,0,0.0,0,0,0.0,0.0,29080,1,-4,6587,0.16025203466415405,-0.13173766434192657,-0.005183999892324209,0.0,32766,606,1250,1588,2448,3.3624634742736816
2026-04-07T10:37:42.234,radio://0/80/2M,range,1,1,Wall Follow,0.4959752559661865,0,0,0,0.0,0,0,0.0,0.0,29080,1,-4,6587,0.16025203466415405,-0.13173766434192657,-0.005183999892324209,0.0,32766,594,1359,1657,2449,3.357184886932373
2026-04-07T10:37:42.478,radio://0/80/2M,mission,1,1,Wall Follow,0.4955161511898041,0,0,0,0.0,0,0,0.0,0.0,29080,1,-4,6587,0.16025203466415405,-0.13173766434192657,-0.005183999892324209,0.0,32766,594,1359,1657,2449,3.357184886932373
2026-04-07T10:37:42.483,radio://0/80/2M,flow,1,1,Wall Follow,0.4955161511898041,0,0,0,0.0,0,0,0.0,0.0,29330,0,0,5429,0.04624330997467041,-0.015477278269827366,-0.02085961401462555,0.0,32766,594,1359,1657,2449,3.357184886932373
2026-04-07T10:37:42.484,radio://0/80/2M,range,1,1,Wall Follow,0.4955161511898041,0,0,0,0.0,0,0,0.0,0.0,29330,0,0,5429,0.04624330997467041,-0.015477278269827366,-0.02085961401462555,0.0,363,571,32766,1658,2449,3.3519062995910645
2026-04-07T10:37:42.728,radio://0/80/2M,mission,1,1,Wall Follow,0.49472659826278687,0,0,0,0.0,0,0,0.0,0.0,29330,0,0,5429,0.04624330997467041,-0.015477278269827366,-0.02085961401462555,0.0,363,571,32766,1658,2449,3.3519062995910645
2026-04-07T10:37:42.732,radio://0/80/2M,flow,1,1,Wall Follow,0.49472659826278687,0,0,0,0.0,0,0,0.0,0.0,29580,0,0,5429,-0.019512716680765152,0.056863896548748016,-0.023278038948774338,0.0,363,571,32766,1658,2449,3.3519062995910645
2026-04-07T10:37:42.733,radio://0/80/2M,range,1,1,Wall Follow,0.49472659826278687,0,0,0,0.0,0,0,0.0,0.0,29580,0,0,5429,-0.019512716680765152,0.056863896548748016,-0.023278038948774338,0.0,344,561,32766,1406,2448,3.3624634742736816
2026-04-07T10:37:42.978,radio://0/80/2M,mission,1,1,Wall Follow,0.5023870468139648,0,0,0,0.0,0,0,0.0,0.0,29580,0,0,5429,-0.019512716680765152,0.056863896548748016,-0.023278038948774338,0.0,344,561,32766,1406,2448,3.3624634742736816
2026-04-07T10:37:42.982,radio://0/80/2M,flow,1,1,Wall Follow,0.5023870468139648,0,0,0,0.0,0,0,0.0,0.0,29830,-8,4,5429,-0.0021827034652233124,0.05782317742705345,-0.023278038948774338,0.0,344,561,32766,1406,2448,3.3624634742736816
2026-04-07T10:37:42.984,radio://0/80/2M,range,1,1,Wall Follow,0.5023870468139648,0,0,0,0.0,0,0,0.0,0.0,29830,-8,4,5429,-0.0021827034652233124,0.05782317742705345,-0.023278038948774338,0.0,344,522,32766,1427,2430,3.373020648956299
2026-04-07T10:37:43.228,radio://0/80/2M,mission,1,1,Wall Follow,0.5058735609054565,0,0,0,0.0,0,0,0.0,0.0,29830,-8,4,5429,-0.0021827034652233124,0.05782317742705345,-0.023278038948774338,0.0,344,522,32766,1427,2430,3.373020648956299
2026-04-07T10:37:43.231,radio://0/80/2M,flow,1,1,Wall Follow,0.5058735609054565,0,0,0,0.0,0,0,0.0,0.0,30080,0,0,5429,0.018956203013658524,-0.003445925423875451,-0.024469897150993347,0.0,344,522,32766,1427,2430,3.373020648956299
2026-04-07T10:37:43.232,radio://0/80/2M,range,1,1,Wall Follow,0.5058735609054565,0,0,0,0.0,0,0,0.0,0.0,30080,0,0,5429,0.018956203013658524,-0.003445925423875451,-0.024469897150993347,0.0,335,480,32766,1567,2437,3.383577823638916
2026-04-07T10:37:43.478,radio://0/80/2M,mission,1,1,Wall Follow,0.5013701915740967,0,0,0,0.0,0,0,0.0,0.0,30080,0,0,5429,0.018956203013658524,-0.003445925423875451,-0.024469897150993347,0.0,335,480,32766,1567,2437,3.383577823638916
2026-04-07T10:37:43.481,radio://0/80/2M,flow,1,1,Wall Follow,0.5013701915740967,0,0,0,0.0,0,0,0.0,0.0,30330,0,0,5090,0.01815108396112919,-0.006011635065078735,-0.027083756402134895,0.0,335,480,32766,1567,2437,3.383577823638916
2026-04-07T10:37:43.483,radio://0/80/2M,range,1,1,Wall Follow,0.5013701915740967,0,0,0,0.0,0,0,0.0,0.0,30330,0,0,5090,0.01815108396112919,-0.006011635065078735,-0.027083756402134895,0.0,316,432,32766,1573,2431,3.346627712249756
2026-04-07T10:37:43.728,radio://0/80/2M,mission,1,1,Wall Follow,0.5021174550056458,0,0,0,0.0,0,0,0.0,0.0,30330,0,0,5090,0.01815108396112919,-0.006011635065078735,-0.027083756402134895,0.0,316,432,32766,1573,2431,3.346627712249756
2026-04-07T10:37:43.731,radio://0/80/2M,flow,1,1,Wall Follow,0.5021174550056458,0,0,0,0.0,0,0,0.0,0.0,30580,-1,0,4772,-0.022015247493982315,0.007670343387871981,-0.0227578803896904,0.0,316,432,32766,1573,2431,3.346627712249756
2026-04-07T10:37:43.732,radio://0/80/2M,range,1,1,Wall Follow,0.5021174550056458,0,0,0,0.0,0,0,0.0,0.0,30580,-1,0,4772,-0.022015247493982315,0.007670343387871981,-0.0227578803896904,0.0,348,364,1342,1611,2440,3.3519062995910645
2026-04-07T10:37:43.978,radio://0/80/2M,mission,1,1,Wall Follow,0.5003645420074463,0,0,0,0.0,0,0,0.0,0.0,30580,-1,0,4772,-0.022015247493982315,0.007670343387871981,-0.0227578803896904,0.0,348,364,1342,1611,2440,3.3519062995910645
2026-04-07T10:37:43.981,radio://0/80/2M,flow,1,1,Wall Follow,0.5003645420074463,0,0,0,0.0,0,0,0.0,0.0,30830,0,-3,4772,-0.01978098228573799,-0.005026506260037422,-0.01916246861219406,0.0,348,364,1342,1611,2440,3.3519062995910645
2026-04-07T10:37:43.982,radio://0/80/2M,range,1,1,Wall Follow,0.5003645420074463,0,0,0,0.0,0,0,0.0,0.0,30830,0,-3,4772,-0.01978098228573799,-0.005026506260037422,-0.01916246861219406,0.0,377,327,1256,1538,2436,3.3360705375671387
2026-04-07T10:37:44.228,radio://0/80/2M,mission,1,1,Wall Follow,0.5018327236175537,0,0,0,0.0,0,0,0.0,0.0,30830,0,-3,4772,-0.01978098228573799,-0.005026506260037422,-0.01916246861219406,0.0,377,327,1256,1538,2436,3.3360705375671387
2026-04-07T10:37:44.230,radio://0/80/2M,flow,1,1,Wall Follow,0.5018327236175537,0,0,0,0.0,0,0,0.0,0.0,31080,9,-6,4772,-0.02164907194674015,-0.003228094894438982,-0.008333082310855389,0.0,377,327,1256,1538,2436,3.3360705375671387
2026-04-07T10:37:44.232,radio://0/80/2M,range,1,1,Wall Follow,0.5018327236175537,0,0,0,0.0,0,0,0.0,0.0,31080,9,-6,4772,-0.02164907194674015,-0.003228094894438982,-0.008333082310855389,0.0,487,297,1189,1386,2440,3.33079195022583
2026-04-07T10:37:44.477,radio://0/80/2M,mission,1,1,Wall Follow,0.5019043684005737,0,0,0,0.0,0,0,0.0,0.0,31080,9,-6,4772,-0.02164907194674015,-0.003228094894438982,-0.008333082310855389,0.0,487,297,1189,1386,2440,3.33079195022583
2026-04-07T10:37:44.481,radio://0/80/2M,flow,1,1,Wall Follow,0.5019043684005737,0,0,0,0.0,0,0,0.0,0.0,31330,-1,0,4772,0.028122959658503532,0.003909663297235966,-2.17817409975396e-06,0.0,487,297,1189,1386,2440,3.33079195022583
2026-04-07T10:37:44.482,radio://0/80/2M,range,1,1,Wall Follow,0.5019043684005737,0,0,0,0.0,0,0,0.0,0.0,31330,-1,0,4772,0.028122959658503532,0.003909663297235966,-2.17817409975396e-06,0.0,1393,252,1119,1336,2432,3.3360705375671387
2026-04-07T10:37:44.727,radio://0/80/2M,mission,1,1,Wall Follow,0.508857786655426,0,0,0,0.0,0,0,0.0,0.0,31330,-1,0,4772,0.028122959658503532,0.003909663297235966,-2.17817409975396e-06,0.0,1393,252,1119,1336,2432,3.3360705375671387
2026-04-07T10:37:44.730,radio://0/80/2M,flow,1,1,Wall Follow,0.508857786655426,0,0,0,0.0,0,0,0.0,0.0,31580,-1,0,4195,0.05352603271603584,0.007401939947158098,-2.921080044515634e-10,0.0,1393,252,1119,1336,2432,3.3360705375671387
2026-04-07T10:37:44.731,radio://0/80/2M,range,1,1,Wall Follow,0.508857786655426,0,0,0,0.0,0,0,0.0,0.0,31580,-1,0,4195,0.05352603271603584,0.007401939947158098,-2.921080044515634e-10,0.0,1525,233,1113,1290,2424,3.320234775543213
2026-04-07T10:37:44.976,radio://0/80/2M,mission,1,1,Wall Follow,0.5071452260017395,0,0,0,0.0,0,0,0.0,0.0,31580,-1,0,4195,0.05352603271603584,0.007401939947158098,-2.921080044515634e-10,0.0,1525,233,1113,1290,2424,3.320234775543213
2026-04-07T10:37:44.980,radio://0/80/2M,flow,1,1,Wall Follow,0.5071452260017395,0,0,0,0.0,0,0,0.0,0.0,31830,2,-1,4195,-0.04769602790474892,-0.017088208347558975,-3.9173667836043397e-14,0.0,1525,233,1113,1290,2424,3.320234775543213
2026-04-07T10:37:44.981,radio://0/80/2M,range,1,1,Wall Follow,0.5071452260017395,0,0,0,0.0,0,0,0.0,0.0,31830,2,-1,4195,-0.04769602790474892,-0.017088208347558975,-3.9173667836043397e-14,0.0,1572,211,32766,1270,2430,3.3096773624420166
2026-04-07T10:37:45.226,radio://0/80/2M,mission,1,1,Wall Follow,0.5054492950439453,0,0,0,0.0,0,0,0.0,0.0,31830,2,-1,4195,-0.04769602790474892,-0.017088208347558975,-3.9173667836043397e-14,0.0,1572,211,32766,1270,2430,3.3096773624420166
2026-04-07T10:37:45.230,radio://0/80/2M,flow,1,1,Wall Follow,0.5054492950439453,0,0,0,0.0,0,0,0.0,0.0,32080,0,0,4195,-0.03512117639183998,-0.04357275739312172,-5.2534550895972495e-18,0.0,1572,211,32766,1270,2430,3.3096773624420166
2026-04-07T10:37:45.231,radio://0/80/2M,range,1,1,Wall Follow,0.5054492950439453,0,0,0,0.0,0,0,0.0,0.0,32080,0,0,4195,-0.03512117639183998,-0.04357275739312172,-5.2534550895972495e-18,0.0,1575,211,32766,1257,2441,3.278005838394165
2026-04-07T10:37:45.476,radio://0/80/2M,mission,1,1,Wall Follow,0.5085219740867615,0,0,0,0.0,0,0,0.0,0.0,32080,0,0,4195,-0.03512117639183998,-0.04357275739312172,-5.2534550895972495e-18,0.0,1575,211,32766,1257,2441,3.278005838394165
2026-04-07T10:37:45.479,radio://0/80/2M,flow,1,1,Wall Follow,0.5085219740867615,0,0,0,0.0,0,0,0.0,0.0,32330,0,0,4195,-0.04443229362368584,-0.08635929226875305,0.1999731808900833,-0.09998659044504166,1575,211,32766,1257,2441,3.278005838394165
2026-04-07T10:37:45.480,radio://0/80/2M,range,1,1,Wall Follow,0.5085219740867615,0,0,0,0.0,0,0,0.0,0.0,32330,0,0,4195,-0.04443229362368584,-0.08635929226875305,0.1999731808900833,-0.09998659044504166,1548,239,32766,1269,2430,3.3096773624420166
2026-04-07T10:37:45.726,radio://0/80/2M,mission,1,1,Wall Follow,0.5122331380844116,0,0,0,0.0,0,0,0.0,0.0,32330,0,0,4195,-0.04443229362368584,-0.08635929226875305,0.1999731808900833,-0.09998659044504166,1548,239,32766,1269,2430,3.3096773624420166
2026-04-07T10:37:45.730,radio://0/80/2M,flow,1,1,Wall Follow,0.5122331380844116,0,0,0,0.0,0,0,0.0,0.0,32580,5,-2,5030,-0.14812006056308746,-0.16622719168663025,0.19999998807907104,-0.09999999403953552,1548,239,32766,1269,2430,3.3096773624420166
2026-04-07T10:37:45.731,radio://0/80/2M,range,1,1,Wall Follow,0.5122331380844116,0,0,0,0.0,0,0,0.0,0.0,32580,5,-2,5030,-0.14812006056308746,-0.16622719168663025,0.19999998807907104,-0.09999999403953552,1510,258,32766,1296,2424,3.346627712249756
2026-04-07T10:37:45.976,radio://0/80/2M,mission,1,1,Wall Follow,0.5067440867424011,0,0,0,0.0,0,0,0.0,0.0,32580,5,-2,5030,-0.14812006056308746,-0.16622719168663025,0.19999998807907104,-0.09999999403953552,1510,258,32766,1296,2424,3.346627712249756
2026-04-07T10:37:45.979,radio://0/80/2M,flow,1,1,Wall Follow,0.5067440867424011,0,0,0,0.0,0,0,0.0,0.0,32830,1,-3,6032,-0.1482541263103485,-0.1702110320329666,0.19999998807907104,-0.09999999403953552,1510,258,32766,1296,2424,3.346627712249756
2026-04-07T10:37:45.980,radio://0/80/2M,range,1,1,Wall Follow,0.5067440867424011,0,0,0,0.0,0,0,0.0,0.0,32830,1,-3,6032,-0.1482541263103485,-0.1702110320329666,0.19999998807907104,-0.09999999403953552,1486,304,32766,1322,2421,3.320234775543213
2026-04-07T10:37:46.226,radio://0/80/2M,mission,1,1,Wall Follow,0.5055385231971741,0,0,0,0.0,0,0,0.0,0.0,32830,1,-3,6032,-0.1482541263103485,-0.1702110320329666,0.19999998807907104,-0.09999999403953552,1486,304,32766,1322,2421,3.320234775543213
2026-04-07T10:37:46.229,radio://0/80/2M,flow,1,1,Wall Follow,0.5055385231971741,0,0,0,0.0,0,0,0.0,0.0,33080,2,-1,6032,-0.1411232054233551,-0.14401797950267792,0.19999998807907104,-0.09999999403953552,1486,304,32766,1322,2421,3.320234775543213
2026-04-07T10:37:46.230,radio://0/80/2M,range,1,1,Wall Follow,0.5055385231971741,0,0,0,0.0,0,0,0.0,0.0,33080,2,-1,6032,-0.1411232054233551,-0.14401797950267792,0.19999998807907104,-0.09999999403953552,1442,336,32766,1364,2437,3.3255133628845215
2026-04-07T10:37:46.476,radio://0/80/2M,mission,1,1,Wall Follow,0.5036801099777222,0,0,0,0.0,0,0,0.0,0.0,33080,2,-1,6032,-0.1411232054233551,-0.14401797950267792,0.19999998807907104,-0.09999999403953552,1442,336,32766,1364,2437,3.3255133628845215
2026-04-07T10:37:46.479,radio://0/80/2M,flow,1,1,Wall Follow,0.5036801099777222,0,0,0,0.0,0,0,0.0,0.0,33330,3,-3,6032,-0.1326223909854889,-0.1532798558473587,0.19999998807907104,-0.09999999403953552,1442,336,32766,1364,2437,3.3255133628845215
2026-04-07T10:37:46.480,radio://0/80/2M,range,1,1,Wall Follow,0.5036801099777222,0,0,0,0.0,0,0,0.0,0.0,33330,3,-3,6032,-0.1326223909854889,-0.1532798558473587,0.19999998807907104,-0.09999999403953552,1422,378,32766,1374,2437,3.3255133628845215
2026-04-07T10:37:46.725,radio://0/80/2M,mission,1,5,Transition,0.5060873627662659,0,0,0,0.0,0,0,0.0,0.0,33330,3,-3,6032,-0.1326223909854889,-0.1532798558473587,0.19999998807907104,-0.09999999403953552,1422,378,32766,1374,2437,3.3255133628845215
2026-04-07T10:37:46.728,radio://0/80/2M,flow,1,5,Transition,0.5060873627662659,0,0,0,0.0,0,0,0.0,0.0,33580,1,-1,6032,-0.1302201747894287,-0.1771768480539322,0.003954652231186628,-0.001977326115593314,1422,378,32766,1374,2437,3.3255133628845215
2026-04-07T10:37:46.730,radio://0/80/2M,range,1,5,Transition,0.5060873627662659,0,0,0,0.0,0,0,0.0,0.0,33580,1,-1,6032,-0.1302201747894287,-0.1771768480539322,0.003954652231186628,-0.001977326115593314,32766,404,32766,1397,2426,3.3413491249084473
2026-04-07T10:37:46.975,radio://0/80/2M,mission,1,5,Transition,0.5033637285232544,0,0,0,0.0,0,0,0.0,0.0,33580,1,-1,6032,-0.1302201747894287,-0.1771768480539322,0.003954652231186628,-0.001977326115593314,32766,404,32766,1397,2426,3.3413491249084473
2026-04-07T10:37:46.978,radio://0/80/2M,flow,1,5,Transition,0.5033637285232544,0,0,0,0.0,0,0,0.0,0.0,33830,0,0,6409,-0.034866973757743835,-0.0692959800362587,5.303458578964637e-07,-2.6517292894823186e-07,32766,404,32766,1397,2426,3.3413491249084473
2026-04-07T10:37:46.979,radio://0/80/2M,range,1,5,Transition,0.5033637285232544,0,0,0,0.0,0,0,0.0,0.0,33830,0,0,6409,-0.034866973757743835,-0.0692959800362587,5.303458578964637e-07,-2.6517292894823186e-07,1367,426,32766,1418,2433,3.3255133628845215
2026-04-07T10:37:47.224,radio://0/80/2M,mission,1,2,Scan,0.49843326210975647,0,0,0,0.0,0,0,0.0,0.0,33830,0,0,6409,-0.034866973757743835,-0.0692959800362587,5.303458578964637e-07,-2.6517292894823186e-07,1367,426,32766,1418,2433,3.3255133628845215
2026-04-07T10:37:47.228,radio://0/80/2M,flow,1,2,Scan,0.49843326210975647,0,0,0,0.0,0,0,0.0,0.0,34080,0,1,6409,0.01979774981737137,0.016619646921753883,7.112300332012822e-11,-0.02630269154906273,1367,426,32766,1418,2433,3.3255133628845215
2026-04-07T10:37:47.229,radio://0/80/2M,range,1,2,Scan,0.49843326210975647,0,0,0,0.0,0,0,0.0,0.0,34080,0,1,6409,0.01979774981737137,0.016619646921753883,7.112300332012822e-11,-0.02630269154906273,32766,437,32766,1426,2442,3.3413491249084473
2026-04-07T10:37:47.474,radio://0/80/2M,mission,1,2,Scan,0.5016657710075378,0,0,0,0.0,0,0,0.0,0.0,34080,0,1,6409,0.01979774981737137,0.016619646921753883,7.112300332012822e-11,-0.02630269154906273,32766,437,32766,1426,2442,3.3413491249084473
2026-04-07T10:37:47.478,radio://0/80/2M,flow,1,2,Scan,0.5016657710075378,0,0,0,0.0,0,0,0.0,0.0,34330,0,0,6409,0.005217448342591524,0.010471801273524761,9.53807887706104e-15,-0.02470513992011547,32766,437,32766,1426,2442,3.3413491249084473
2026-04-07T10:37:47.479,radio://0/80/2M,range,1,2,Scan,0.5016657710075378,0,0,0,0.0,0,0,0.0,0.0,34330,0,0,6409,0.005217448342591524,0.010471801273524761,9.53807887706104e-15,-0.02470513992011547,32766,454,824,1405,32766,3.3413491249084473
2026-04-07T10:37:47.724,radio://0/80/2M,mission,1,2,Scan,0.5071718692779541,0,0,0,0.0,0,0,0.0,0.0,34330,0,0,6409,0.005217448342591524,0.010471801273524761,9.53807887706104e-15,-0.02470513992011547,32766,454,824,1405,32766,3.3413491249084473
2026-04-07T10:37:47.728,radio://0/80/2M,flow,1,2,Scan,0.5071718692779541,0,0,0,0.0,0,0,0.0,0.0,34580,-2,-2,6409,0.0009415801614522934,-0.013780850917100906,1.2791214935693375e-18,-0.021163195371627808,32766,454,824,1405,32766,3.3413491249084473
2026-04-07T10:37:47.729,radio://0/80/2M,range,1,2,Scan,0.5071718692779541,0,0,0,0.0,0,0,0.0,0.0,34580,-2,-2,6409,0.0009415801614522934,-0.013780850917100906,1.2791214935693375e-18,-0.021163195371627808,32766,489,816,1433,32766,3.3519062995910645
2026-04-07T10:37:47.974,radio://0/80/2M,mission,1,2,Scan,0.5041312575340271,0,0,0,0.0,0,0,0.0,0.0,34580,-2,-2,6409,0.0009415801614522934,-0.013780850917100906,1.2791214935693375e-18,-0.021163195371627808,32766,489,816,1433,32766,3.3519062995910645
2026-04-07T10:37:47.977,radio://0/80/2M,flow,1,2,Scan,0.5041312575340271,0,0,0,0.0,0,0,0.0,0.0,34830,0,-2,6409,-0.016708428040146828,-0.011736464686691761,1.7153891455646357e-22,-0.01809023879468441,32766,489,816,1433,32766,3.3519062995910645
2026-04-07T10:37:47.979,radio://0/80/2M,range,1,2,Scan,0.5041312575340271,0,0,0,0.0,0,0,0.0,0.0,34830,0,-2,6409,-0.016708428040146828,-0.011736464686691761,1.7153891455646357e-22,-0.01809023879468441,32766,521,864,1507,2437,3.3255133628845215
2026-04-07T10:37:48.224,radio://0/80/2M,mission,1,2,Scan,0.49462494254112244,0,0,0,0.0,0,0,0.0,0.0,34830,0,-2,6409,-0.016708428040146828,-0.011736464686691761,1.7153891455646357e-22,-0.01809023879468441,32766,521,864,1507,2437,3.3255133628845215
2026-04-07T10:37:48.227,radio://0/80/2M,flow,1,2,Scan,0.49462494254112244,0,0,0,0.0,0,0,0.0,0.0,35080,1,0,6409,-0.018863430246710777,-0.01166038028895855,2.3004535228693686e-26,-0.013375066220760345,32766,521,864,1507,2437,3.3255133628845215
2026-04-07T10:37:48.228,radio://0/80/2M,range,1,2,Scan,0.49462494254112244,0,0,0,0.0,0,0,0.0,0.0,35080,1,0,6409,-0.018863430246710777,-0.01166038028895855,2.3004535228693686e-26,-0.013375066220760345,32766,567,916,1554,2446,3.3255133628845215
2026-04-07T10:37:48.475,radio://0/80/2M,mission,1,2,Scan,0.4962931275367737,0,0,0,0.0,0,0,0.0,0.0,35080,1,0,6409,-0.018863430246710777,-0.01166038028895855,2.3004535228693686e-26,-0.013375066220760345,32766,567,916,1554,2446,3.3255133628845215
2026-04-07T10:37:48.477,radio://0/80/2M,flow,1,2,Scan,0.4962931275367737,0,0,0,0.0,0,0,0.0,0.0,35330,1,0,6409,-0.006344542372971773,0.012446735054254532,3.0850649873489036e-30,-0.005334205459803343,32766,567,916,1554,2446,3.3255133628845215
2026-04-07T10:37:48.478,radio://0/80/2M,range,1,2,Scan,0.4962931275367737,0,0,0,0.0,0,0,0.0,0.0,35330,1,0,6409,-0.006344542372971773,0.012446735054254532,3.0850649873489036e-30,-0.005334205459803343,32766,652,981,32766,2448,3.3413491249084473
2026-04-07T10:37:48.724,radio://0/80/2M,mission,1,2,Scan,0.4965820014476776,0,0,0,0.0,0,0,0.0,0.0,35330,1,0,6409,-0.006344542372971773,0.012446735054254532,3.0850649873489036e-30,-0.005334205459803343,32766,652,981,32766,2448,3.3413491249084473
2026-04-07T10:37:48.727,radio://0/80/2M,flow,1,2,Scan,0.4965820014476776,0,0,0,0.0,0,0,0.0,0.0,35580,1,0,6409,-0.014657835476100445,-0.025198746472597122,4.137281396591143e-34,-5.605588376056403e-05,32766,652,981,32766,2448,3.3413491249084473
2026-04-07T10:37:48.728,radio://0/80/2M,range,1,2,Scan,0.4965820014476776,0,0,0,0.0,0,0,0.0,0.0,35580,1,0,6409,-0.014657835476100445,-0.025198746472597122,4.137281396591143e-34,-5.605588376056403e-05,32766,712,1037,1035,2441,3.3360705375671387
2026-04-07T10:37:48.973,radio://0/80/2M,mission,1,2,Scan,0.4978351593017578,0,0,0,0.0,0,0,0.0,0.0,35580,1,0,6409,-0.014657835476100445,-0.025198746472597122,4.137281396591143e-34,-5.605588376056403e-05,32766,712,1037,1035,2441,3.3360705375671387
2026-04-07T10:37:48.977,radio://0/80/2M,flow,1,2,Scan,0.4978351593017578,0,0,0,0.0,0,0,0.0,0.0,35830,0,3,6409,-0.006710864137858152,-0.006079357583075762,5.548376809764754e-38,-7.517477307317222e-09,32766,712,1037,1035,2441,3.3360705375671387
2026-04-07T10:37:48.978,radio://0/80/2M,range,1,2,Scan,0.4978351593017578,0,0,0,0.0,0,0,0.0,0.0,35830,0,3,6409,-0.006710864137858152,-0.006079357583075762,5.548376809764754e-38,-7.517477307317222e-09,32766,826,1354,1055,2442,3.33079195022583
2026-04-07T10:37:49.223,radio://0/80/2M,mission,1,2,Scan,0.4975779950618744,0,0,0,0.0,0,0,0.0,0.0,35830,0,3,6409,-0.006710864137858152,-0.006079357583075762,5.548376809764754e-38,-7.517477307317222e-09,32766,826,1354,1055,2442,3.33079195022583
2026-04-07T10:37:49.226,radio://0/80/2M,flow,1,2,Scan,0.4975779950618744,0,0,0,0.0,0,0,0.0,0.0,36080,-6,3,6409,-0.0022417930886149406,0.027930067852139473,1.0628848851903737e-41,-1.4402076536565445e-12,32766,826,1354,1055,2442,3.33079195022583
2026-04-07T10:37:49.227,radio://0/80/2M,range,1,2,Scan,0.4975779950618744,0,0,0,0.0,0,0,0.0,0.0,36080,-6,3,6409,-0.0022417930886149406,0.027930067852139473,1.0628848851903737e-41,-1.4402076536565445e-12,32766,918,1532,32766,2446,3.3360705375671387
2026-04-07T10:37:49.473,radio://0/80/2M,mission,1,2,Scan,0.4950923025608063,0,0,0,0.0,0,0,0.0,0.0,36080,-6,3,6409,-0.0022417930886149406,0.027930067852139473,1.0628848851903737e-41,-1.4402076536565445e-12,32766,918,1532,32766,2446,3.3360705375671387
2026-04-07T10:37:49.477,radio://0/80/2M,flow,1,2,Scan,0.4950923025608063,0,0,0,0.0,0,0,0.0,0.0,36330,1,1,6409,-0.008368559181690216,0.013677716255187988,-0.008550000376999378,0.0,32766,918,1532,32766,2446,3.3360705375671387
2026-04-07T10:37:49.478,radio://0/80/2M,range,1,2,Scan,0.4950923025608063,0,0,0,0.0,0,0,0.0,0.0,36330,1,1,6409,-0.008368559181690216,0.013677716255187988,-0.008550000376999378,0.0,415,1379,32766,32766,2442,3.320234775543213
2026-04-07T10:37:49.723,radio://0/80/2M,mission,1,2,Scan,0.5020096898078918,0,0,0,0.0,0,0,0.0,0.0,36330,1,1,6409,-0.008368559181690216,0.013677716255187988,-0.008550000376999378,0.0,415,1379,32766,32766,2442,3.320234775543213
2026-04-07T10:37:49.727,radio://0/80/2M,flow,1,2,Scan,0.5020096898078918,0,0,0,0.0,0,0,0.0,0.0,36580,-5,0,6409,0.00066610291833058,0.013153239153325558,-0.010500000789761543,0.0,415,1379,32766,32766,2442,3.320234775543213
2026-04-07T10:37:49.728,radio://0/80/2M,range,1,2,Scan,0.5020096898078918,0,0,0,0.0,0,0,0.0,0.0,36580,-5,0,6409,0.00066610291833058,0.013153239153325558,-0.010500000789761543,0.0,350,1494,1311,32766,2433,3.3413491249084473
2026-04-07T10:37:49.972,radio://0/80/2M,mission,1,2,Scan,0.5027040243148804,0,0,0,0.0,0,0,0.0,0.0,36580,-5,0,6409,0.00066610291833058,0.013153239153325558,-0.010500000789761543,0.0,350,1494,1311,32766,2433,3.3413491249084473
2026-04-07T10:37:49.976,radio://0/80/2M,flow,1,2,Scan,0.5027040243148804,0,0,0,0.0,0,0,0.0,0.0,36830,0,-1,6409,-0.0037341571878641844,0.007150541990995407,-0.011430000886321068,0.0,350,1494,1311,32766,2433,3.3413491249084473
2026-04-07T10:37:49.977,radio://0/80/2M,range,1,2,Scan,0.5027040243148804,0,0,0,0.0,0,0,0.0,0.0,36830,0,-1,6409,-0.0037341571878641844,0.007150541990995407,-0.011430000886321068,0.0,319,1443,1381,943,2433,3.3255133628845215
2026-04-07T10:37:50.223,radio://0/80/2M,mission,1,2,Scan,0.5057461857795715,0,0,0,0.0,0,0,0.0,0.0,36830,0,-1,6409,-0.0037341571878641844,0.007150541990995407,-0.011430000886321068,0.0,319,1443,1381,943,2433,3.3255133628845215
2026-04-07T10:37:50.226,radio://0/80/2M,flow,1,2,Scan,0.5057461857795715,0,0,0,0.0,0,0,0.0,0.0,37080,0,-3,4643,0.0917167216539383,-0.0017218810971826315,-0.013439999893307686,0.0,319,1443,1381,943,2433,3.3255133628845215
2026-04-07T10:37:50.227,radio://0/80/2M,range,1,2,Scan,0.5057461857795715,0,0,0,0.0,0,0,0.0,0.0,37080,0,-3,4643,0.0917167216539383,-0.0017218810971826315,-0.013439999893307686,0.0,252,1426,1432,1038,2425,3.3413491249084473
2026-04-07T10:37:50.473,radio://0/80/2M,mission,1,2,Scan,0.5035273432731628,0,0,0,0.0,0,0,0.0,0.0,37080,0,-3,4643,0.0917167216539383,-0.0017218810971826315,-0.013439999893307686,0.0,252,1426,1432,1038,2425,3.3413491249084473
2026-04-07T10:37:50.476,radio://0/80/2M,flow,1,2,Scan,0.5035273432731628,0,0,0,0.0,0,0,0.0,0.0,37330,0,-1,3363,0.11952555179595947,0.021107036620378494,-0.015360000543296337,0.0,252,1426,1432,1038,2425,3.3413491249084473
2026-04-07T10:37:50.477,radio://0/80/2M,range,1,2,Scan,0.5035273432731628,0,0,0,0.0,0,0,0.0,0.0,37330,0,-1,3363,0.11952555179595947,0.021107036620378494,-0.015360000543296337,0.0,188,1420,1427,1131,2438,3.320234775543213
2026-04-07T10:37:50.722,radio://0/80/2M,mission,1,2,Scan,0.47776275873184204,0,0,0,0.0,0,0,0.0,0.0,37330,0,-1,3363,0.11952555179595947,0.021107036620378494,-0.015360000543296337,0.0,188,1420,1427,1131,2438,3.320234775543213
2026-04-07T10:37:50.725,radio://0/80/2M,flow,1,2,Scan,0.47776275873184204,0,0,0,0.0,0,0,0.0,0.0,37580,1,-1,3363,0.06267168372869492,0.011456616222858429,-0.01761000230908394,0.014820000156760216,188,1420,1427,1131,2438,3.320234775543213
2026-04-07T10:37:50.727,radio://0/80/2M,range,1,2,Scan,0.47776275873184204,0,0,0,0.0,0,0,0.0,0.0,37580,1,-1,3363,0.06267168372869492,0.011456616222858429,-0.01761000230908394,0.014820000156760216,113,1469,206,1344,2442,3.2885630130767822
2026-04-07T10:37:50.971,radio://0/80/2M,mission,1,2,Scan,0.2525654435157776,0,0,0,0.0,0,0,0.0,0.0,37580,1,-1,3363,0.06267168372869492,0.011456616222858429,-0.01761000230908394,0.014820000156760216,113,1469,206,1344,2442,3.2885630130767822
2026-04-07T10:37:50.975,radio://0/80/2M,flow,1,2,Scan,0.2525654435157776,0,0,0,0.0,0,0,0.0,0.0,37830,-3,1,3350,0.04891443997621536,0.022681184113025665,0.0,0.0,113,1469,206,1344,2442,3.2885630130767822
2026-04-07T10:37:50.977,radio://0/80/2M,range,1,2,Scan,0.2525654435157776,0,0,0,0.0,0,0,0.0,0.0,37830,-3,1,3350,0.04891443997621536,0.022681184113025665,0.0,0.0,56,1587,74,1449,2421,3.0087976455688477
2026-04-07T10:37:51.222,radio://0/80/2M,mission,1,2,Scan,0.6116878986358643,0,0,0,0.0,0,0,0.0,0.0,37830,-3,1,3350,0.04891443997621536,0.022681184113025665,0.0,0.0,56,1587,74,1449,2421,3.0087976455688477
2026-04-07T10:37:51.225,radio://0/80/2M,flow,1,2,Scan,0.6116878986358643,0,0,0,0.0,0,0,0.0,0.0,38080,1,1,3350,-0.009566581808030605,-0.012147224508225918,-0.017250001430511475,0.01809000037610531,56,1587,74,1449,2421,3.0087976455688477
2026-04-07T10:37:51.226,radio://0/80/2M,range,1,2,Scan,0.6116878986358643,0,0,0,0.0,0,0,0.0,0.0,38080,1,1,3350,-0.009566581808030605,-0.012147224508225918,-0.017250001430511475,0.01809000037610531,125,1605,97,1538,2258,3.6105573177337646
2026-04-07T10:37:51.471,radio://0/80/2M,mission,1,2,Scan,0.6084229350090027,0,0,0,0.0,0,0,0.0,0.0,38080,1,1,3350,-0.009566581808030605,-0.012147224508225918,-0.017250001430511475,0.01809000037610531,125,1605,97,1538,2258,3.6105573177337646
2026-04-07T10:37:51.475,radio://0/80/2M,flow,1,2,Scan,0.6084229350090027,0,0,0,0.0,0,0,0.0,0.0,38330,0,0,3350,0.013091189786791801,-0.022095752879977226,-0.016680000349879265,0.018540000542998314,125,1605,97,1538,2258,3.6105573177337646
2026-04-07T10:37:51.476,radio://0/80/2M,range,1,2,Scan,0.6084229350090027,0,0,0,0.0,0,0,0.0,0.0,38330,0,0,3350,0.013091189786791801,-0.022095752879977226,-0.016680000349879265,0.018540000542998314,144,1804,82,32766,2186,3.399413585662842
2026-04-07T10:37:51.721,radio://0/80/2M,mission,1,2,Scan,0.4367423355579376,0,0,0,0.0,0,0,0.0,0.0,38330,0,0,3350,0.013091189786791801,-0.022095752879977226,-0.016680000349879265,0.018540000542998314,144,1804,82,32766,2186,3.399413585662842
2026-04-07T10:37:51.725,radio://0/80/2M,flow,1,2,Scan,0.4367423355579376,0,0,0,0.0,0,0,0.0,0.0,38580,-4,1,3350,-0.08877717703580856,-0.023586371913552284,-0.015780001878738403,0.018720000982284546,144,1804,82,32766,2186,3.399413585662842
2026-04-07T10:37:51.726,radio://0/80/2M,range,1,2,Scan,0.4367423355579376,0,0,0,0.0,0,0,0.0,0.0,38580,-4,1,3350,-0.08877717703580856,-0.023586371913552284,-0.015780001878738403,0.018720000982284546,174,32766,76,32766,2251,3.225219964981079
2026-04-07T10:37:51.971,radio://0/80/2M,mission,1,2,Scan,0.6426844596862793,0,0,0,0.0,0,0,0.0,0.0,38580,-4,1,3350,-0.08877717703580856,-0.023586371913552284,-0.015780001878738403,0.018720000982284546,174,32766,76,32766,2251,3.225219964981079
2026-04-07T10:37:51.975,radio://0/80/2M,flow,1,2,Scan,0.6426844596862793,0,0,0,0.0,0,0,0.0,0.0,38830,0,0,3350,-0.09697268903255463,-0.005592418368905783,-0.013439999893307686,0.018570000305771828,174,32766,76,32766,2251,3.225219964981079
2026-04-07T10:37:51.976,radio://0/80/2M,range,1,2,Scan,0.6426844596862793,0,0,0,0.0,0,0,0.0,0.0,38830,0,0,3350,-0.09697268903255463,-0.005592418368905783,-0.013439999893307686,0.018570000305771828,252,32766,81,1538,2218,3.499706745147705
2026-04-07T10:37:52.221,radio://0/80/2M,mission,1,2,Scan,0.4407787621021271,0,0,0,0.0,0,0,0.0,0.0,38830,0,0,3350,-0.09697268903255463,-0.005592418368905783,-0.013439999893307686,0.018570000305771828,252,32766,81,1538,2218,3.499706745147705
2026-04-07T10:37:52.224,radio://0/80/2M,flow,1,2,Scan,0.4407787621021271,0,0,0,0.0,0,0,0.0,0.0,39080,0,-5,3559,-0.029940571635961533,0.07810917496681213,-0.004821599926799536,0.04060260206460953,252,32766,81,1538,2218,3.499706745147705
2026-04-07T10:37:52.225,radio://0/80/2M,range,1,2,Scan,0.4407787621021271,0,0,0,0.0,0,0,0.0,0.0,39080,0,-5,3559,-0.029940571635961533,0.07810917496681213,-0.004821599926799536,0.04060260206460953,32766,32766,82,1550,2255,3.1302053928375244
2026-04-07T10:37:52.470,radio://0/80/2M,mission,1,2,Scan,0.17815004289150238,0,0,0,0.0,0,0,0.0,0.0,39080,0,-5,3559,-0.029940571635961533,0.07810917496681213,-0.004821599926799536,0.04060260206460953,32766,32766,82,1550,2255,3.1302053928375244
2026-04-07T10:37:52.474,radio://0/80/2M,flow,1,2,Scan,0.17815004289150238,0,0,0,0.0,0,0,0.0,0.0,39330,-2,7,3909,-0.1428956389427185,-0.16351234912872314,-6.46609464638459e-07,8.99700080481125e-06,32766,32766,82,1550,2255,3.1302053928375244
2026-04-07T10:37:52.475,radio://0/80/2M,range,1,2,Scan,0.17815004289150238,0,0,0,0.0,0,0,0.0,0.0,39330,-2,7,3909,-0.1428956389427185,-0.16351234912872314,-6.46609464638459e-07,8.99700080481125e-06,32766,32766,47,1577,32766,3.14604115486145
2026-04-07T10:37:52.721,radio://0/80/2M,mission,1,2,Scan,0.8034145832061768,0,0,0,0.0,0,0,0.0,0.0,39330,-2,7,3909,-0.1428956389427185,-0.16351234912872314,-6.46609464638459e-07,8.99700080481125e-06,32766,32766,47,1577,32766,3.14604115486145
2026-04-07T10:37:52.724,radio://0/80/2M,flow,1,2,Scan,0.8034145832061768,0,0,0,0.0,0,0,0.0,0.0,39580,0,0,3436,-0.0008465960272587836,-0.1838919073343277,-0.006989999674260616,0.018180001527071,32766,32766,47,1577,32766,3.14604115486145
2026-04-07T10:37:52.725,radio://0/80/2M,range,1,2,Scan,0.8034145832061768,0,0,0,0.0,0,0,0.0,0.0,39580,0,0,3436,-0.0008465960272587836,-0.1838919073343277,-0.006989999674260616,0.018180001527071,467,32766,94,1542,2205,3.6263930797576904
2026-04-07T10:37:52.971,radio://0/80/2M,mission,1,2,Scan,0.4470275938510895,0,0,0,0.0,0,0,0.0,0.0,39580,0,0,3436,-0.0008465960272587836,-0.1838919073343277,-0.006989999674260616,0.018180001527071,467,32766,94,1542,2205,3.6263930797576904
2026-04-07T10:37:52.974,radio://0/80/2M,flow,1,2,Scan,0.4470275938510895,0,0,0,0.0,0,0,0.0,0.0,39830,1,-4,3436,-0.05116146802902222,-0.11312028020620346,0.04660014435648918,0.06146140769124031,467,32766,94,1542,2205,3.6263930797576904
2026-04-07T10:37:52.975,radio://0/80/2M,range,1,2,Scan,0.4470275938510895,0,0,0,0.0,0,0,0.0,0.0,39830,1,-4,3436,-0.05116146802902222,-0.11312028020620346,0.04660014435648918,0.06146140769124031,1342,1297,82,192,2186,3.1302053928375244
2026-04-07T10:37:53.220,radio://0/80/2M,mission,1,2,Scan,0.35700419545173645,0,0,0,0.0,0,0,0.0,0.0,39830,1,-4,3436,-0.05116146802902222,-0.11312028020620346,0.04660014435648918,0.06146140769124031,1342,1297,82,192,2186,3.1302053928375244
2026-04-07T10:37:53.223,radio://0/80/2M,flow,1,2,Scan,0.35700419545173645,0,0,0,0.0,0,0,0.0,0.0,40080,10,21,4377,0.10497871041297913,-0.2789174020290375,9.16909357329132e-06,1.1794308193202596e-05,1342,1297,82,192,2186,3.1302053928375244
2026-04-07T10:37:53.224,radio://0/80/2M,range,1,2,Scan,0.35700419545173645,0,0,0,0.0,0,0,0.0,0.0,40080,10,21,4377,0.10497871041297913,-0.2789174020290375,9.16909357329132e-06,1.1794308193202596e-05,1392,1369,41,170,2254,3.383577823638916
2026-04-07T10:37:53.470,radio://0/80/2M,mission,1,2,Scan,0.22159884870052338,0,0,0,0.0,0,0,0.0,0.0,40080,10,21,4377,0.10497871041297913,-0.2789174020290375,9.16909357329132e-06,1.1794308193202596e-05,1392,1369,41,170,2254,3.383577823638916
2026-04-07T10:37:53.473,radio://0/80/2M,flow,1,2,Scan,0.22159884870052338,0,0,0,0.0,0,0,0.0,0.0,40330,3,-3,4104,0.03544480726122856,-0.032101381570100784,0.00022963440278545022,0.00027621700428426266,1392,1369,41,170,2254,3.383577823638916
2026-04-07T10:37:53.475,radio://0/80/2M,range,1,2,Scan,0.22159884870052338,0,0,0,0.0,0,0,0.0,0.0,40330,3,-3,4104,0.03544480726122856,-0.032101381570100784,0.00022963440278545022,0.00027621700428426266,1328,1371,67,147,2211,3.0879766941070557
2026-04-07T10:37:53.719,radio://0/80/2M,mission,1,2,Scan,0.5380873680114746,0,0,0,0.0,0,0,0.0,0.0,40330,3,-3,4104,0.03544480726122856,-0.032101381570100784,0.00022963440278545022,0.00027621700428426266,1328,1371,67,147,2211,3.0879766941070557
2026-04-07T10:37:53.723,radio://0/80/2M,flow,1,2,Scan,0.5380873680114746,0,0,0,0.0,0,0,0.0,0.0,40580,-2,-10,4104,-0.18824221193790436,0.26184138655662537,0.03430313244462013,0.04278239235281944,1328,1371,67,147,2211,3.0879766941070557
2026-04-07T10:37:53.724,radio://0/80/2M,range,1,2,Scan,0.5380873680114746,0,0,0,0.0,0,0,0.0,0.0,40580,-2,-10,4104,-0.18824221193790436,0.26184138655662537,0.03430313244462013,0.04278239235281944,1475,1427,137,267,1958,3.6000001430511475
2026-04-07T10:37:53.970,radio://0/80/2M,mission,1,2,Scan,1.3074572086334229,0,0,0,0.0,0,0,0.0,0.0,40580,-2,-10,4104,-0.18824221193790436,0.26184138655662537,0.03430313244462013,0.04278239235281944,1475,1427,137,267,1958,3.6000001430511475
2026-04-07T10:37:53.973,radio://0/80/2M,flow,1,2,Scan,1.3074572086334229,0,0,0,0.0,0,0,0.0,0.0,40830,-1,-1,4360,-0.17940066754817963,0.22589446604251862,0.0028764933813363314,5.737410447181901e-06,1475,1427,137,267,1958,3.6000001430511475
2026-04-07T10:37:53.974,radio://0/80/2M,range,1,2,Scan,1.3074572086334229,0,0,0,0.0,0,0,0.0,0.0,40830,-1,-1,4360,-0.17940066754817963,0.22589446604251862,0.0028764933813363314,5.737410447181901e-06,32766,1321,32766,32766,1729,3.6105573177337646
2026-04-07T10:37:54.221,radio://0/80/2M,mission,1,2,Scan,1.3072923421859741,0,0,0,0.0,0,0,0.0,0.0,40830,-1,-1,4360,-0.17940066754817963,0.22589446604251862,0.0028764933813363314,5.737410447181901e-06,32766,1321,32766,32766,1729,3.6105573177337646
2026-04-07T10:37:54.223,radio://0/80/2M,flow,1,2,Scan,1.3072923421859741,0,0,0,0.0,0,0,0.0,0.0,41080,-5,-1,4360,-0.16232772171497345,0.18842631578445435,5.510819960363733e-07,1.0991797472215126e-09,32766,1321,32766,32766,1729,3.6105573177337646
2026-04-07T10:37:54.226,radio://0/80/2M,range,1,2,Scan,1.3072923421859741,0,0,0,0.0,0,0,0.0,0.0,41080,-5,-1,4360,-0.16232772171497345,0.18842631578445435,5.510819960363733e-07,1.0991797472215126e-09,32766,32766,32766,32766,1687,3.6263930797576904
2026-04-07T10:37:54.469,radio://0/80/2M,mission,1,2,Scan,0.9672883152961731,0,0,0,0.0,0,0,0.0,0.0,41080,-5,-1,4360,-0.16232772171497345,0.18842631578445435,5.510819960363733e-07,1.0991797472215126e-09,32766,32766,32766,32766,1687,3.6263930797576904
2026-04-07T10:37:54.474,radio://0/80/2M,flow,1,2,Scan,0.9672883152961731,0,0,0,0.0,0,0,0.0,0.0,41330,4,0,4360,-0.12780071794986725,0.12275363504886627,0.0,0.0,32766,32766,32766,32766,1687,3.6263930797576904
2026-04-07T10:37:54.481,radio://0/80/2M,range,1,2,Scan,0.9672883152961731,0,0,0,0.0,0,0,0.0,0.0,41330,4,0,4360,-0.12780071794986725,0.12275363504886627,0.0,0.0,32766,1293,32766,32766,1863,3.473313808441162
2026-04-07T10:37:54.718,radio://0/80/2M,mission,1,2,Scan,0.5371960401535034,0,0,0,0.0,0,0,0.0,0.0,41330,4,0,4360,-0.12780071794986725,0.12275363504886627,0.0,0.0,32766,1293,32766,32766,1863,3.473313808441162
2026-04-07T10:37:54.722,radio://0/80/2M,flow,1,2,Scan,0.5371960401535034,0,0,0,0.0,0,0,0.0,0.0,41580,-8,-2,4088,-0.017831044271588326,-0.013024798594415188,0.014091677963733673,1.3837840774492433e-17,32766,1293,32766,32766,1863,3.473313808441162
2026-04-07T10:37:54.723,radio://0/80/2M,range,1,2,Scan,0.5371960401535034,0,0,0,0.0,0,0,0.0,0.0,41580,-8,-2,4088,-0.017831044271588326,-0.013024798594415188,0.014091677963733673,1.3837840774492433e-17,1468,1363,862,546,2332,3.161876916885376
2026-04-07T10:37:54.969,radio://0/80/2M,mission,1,2,Scan,0.3248431980609894,0,0,0,0.0,0,0,0.0,0.0,41580,-8,-2,4088,-0.017831044271588326,-0.013024798594415188,0.014091677963733673,1.3837840774492433e-17,1468,1363,862,546,2332,3.161876916885376
2026-04-07T10:37:54.973,radio://0/80/2M,flow,1,2,Scan,0.3248431980609894,0,0,0,0.0,0,0,0.0,0.0,41830,-3,-2,4088,-0.15258358418941498,-0.051861170679330826,0.00021921585721429437,2.6510702423798386e-21,1468,1363,862,546,2332,3.161876916885376
2026-04-07T10:37:54.974,radio://0/80/2M,range,1,2,Scan,0.3248431980609894,0,0,0,0.0,0,0,0.0,0.0,41830,-3,-2,4088,-0.15258358418941498,-0.051861170679330826,0.00021921585721429437,2.6510702423798386e-21,32766,1482,973,549,2572,3.2357771396636963
2026-04-07T10:37:55.219,radio://0/80/2M,mission,1,2,Scan,0.2733849883079529,0,0,0,0.0,0,0,0.0,0.0,41830,-3,-2,4088,-0.15258358418941498,-0.051861170679330826,0.00021921585721429437,2.6510702423798386e-21,32766,1482,973,549,2572,3.2357771396636963
2026-04-07T10:37:55.222,radio://0/80/2M,flow,1,2,Scan,0.2733849883079529,0,0,0,0.0,0,0,0.0,0.0,42080,0,-2,4088,-0.12670886516571045,0.03451335057616234,2.0578839965423867e-08,2.488686057839604e-25,32766,1482,973,549,2572,3.2357771396636963
2026-04-07T10:37:55.223,radio://0/80/2M,range,1,2,Scan,0.2733849883079529,0,0,0,0.0,0,0,0.0,0.0,42080,0,-2,4088,-0.12670886516571045,0.03451335057616234,2.0578839965423867e-08,2.488686057839604e-25,32766,1578,938,587,2661,3.3360705375671387
2026-04-07T10:37:55.468,radio://0/80/2M,mission,1,2,Scan,0.28240254521369934,0,0,0,0.0,0,0,0.0,0.0,42080,0,-2,4088,-0.12670886516571045,0.03451335057616234,2.0578839965423867e-08,2.488686057839604e-25,32766,1578,938,587,2661,3.3360705375671387
2026-04-07T10:37:55.472,radio://0/80/2M,flow,1,2,Scan,0.28240254521369934,0,0,0,0.0,0,0,0.0,0.0,42330,2,-3,3833,-0.08086146414279938,0.08071921020746231,2.7597633379949915e-12,3.3374969637021117e-29,32766,1578,938,587,2661,3.3360705375671387
2026-04-07T10:37:55.473,radio://0/80/2M,range,1,2,Scan,0.28240254521369934,0,0,0,0.0,0,0,0.0,0.0,42330,2,-3,3833,-0.08086146414279938,0.08071921020746231,2.7597633379949915e-12,3.3374969637021117e-29,32766,32766,896,621,2658,3.346627712249756
2026-04-07T10:37:55.718,radio://0/80/2M,mission,1,2,Scan,0.30266204476356506,0,0,0,0.0,0,0,0.0,0.0,42330,2,-3,3833,-0.08086146414279938,0.08071921020746231,2.7597633379949915e-12,3.3374969637021117e-29,32766,32766,896,621,2658,3.346627712249756
2026-04-07T10:37:55.722,radio://0/80/2M,flow,1,2,Scan,0.30266204476356506,0,0,0,0.0,0,0,0.0,0.0,42580,2,-1,3833,-0.07225564867258072,0.06099576875567436,3.701030788991064e-16,4.475810453481019e-33,32766,32766,896,621,2658,3.346627712249756
2026-04-07T10:37:55.723,radio://0/80/2M,range,1,2,Scan,0.30266204476356506,0,0,0,0.0,0,0,0.0,0.0,42580,2,-1,3833,-0.07225564867258072,0.06099576875567436,3.701030788991064e-16,4.475810453481019e-33,32766,32766,871,675,2643,3.3519062995910645
2026-04-07T10:37:55.969,radio://0/80/2M,mission,1,2,Scan,0.32393497228622437,0,0,0,0.0,0,0,0.0,0.0,42580,2,-1,3833,-0.07225564867258072,0.06099576875567436,3.701030788991064e-16,4.475810453481019e-33,32766,32766,871,675,2643,3.3519062995910645
2026-04-07T10:37:55.972,radio://0/80/2M,flow,1,2,Scan,0.32393497228622437,0,0,0,0.0,0,0,0.0,0.0,42830,0,-3,4072,-0.05734417960047722,0.04353400319814682,4.963334737558773e-20,6.0023671320552884e-37,32766,32766,871,675,2643,3.3519062995910645
2026-04-07T10:37:55.973,radio://0/80/2M,range,1,2,Scan,0.32393497228622437,0,0,0,0.0,0,0,0.0,0.0,42830,0,-3,4072,-0.05734417960047722,0.04353400319814682,4.963334737558773e-20,6.0023671320552884e-37,32766,32766,836,706,2618,3.3413491249084473
2026-04-07T10:37:56.218,radio://0/80/2M,mission,1,2,Scan,0.34677252173423767,0,0,0,0.0,0,0,0.0,0.0,42830,0,-3,4072,-0.05734417960047722,0.04353400319814682,4.963334737558773e-20,6.0023671320552884e-37,32766,32766,836,706,2618,3.3413491249084473
2026-04-07T10:37:56.222,radio://0/80/2M,flow,1,2,Scan,0.34677252173423767,0,0,0,0.0,0,0,0.0,0.0,43080,0,-1,4326,-0.037279482930898666,0.028065022081136703,6.656171659983331e-24,8.049478768621047e-41,32766,32766,836,706,2618,3.3413491249084473
2026-04-07T10:37:56.223,radio://0/80/2M,range,1,2,Scan,0.34677252173423767,0,0,0,0.0,0,0,0.0,0.0,43080,0,-1,4326,-0.037279482930898666,0.028065022081136703,6.656171659983331e-24,8.049478768621047e-41,32766,32766,818,752,2605,3.3519062995910645
2026-04-07T10:37:56.468,radio://0/80/2M,mission,1,2,Scan,0.36508268117904663,0,0,0,0.0,0,0,0.0,0.0,43080,0,-1,4326,-0.037279482930898666,0.028065022081136703,6.656171659983331e-24,8.049478768621047e-41,32766,32766,818,752,2605,3.3519062995910645
2026-04-07T10:37:56.471,radio://0/80/2M,flow,1,2,Scan,0.36508268117904663,0,0,0,0.0,0,0,0.0,0.0,43330,0,-2,4326,-0.023281291127204895,0.014972256496548653,8.926378106408708e-28,9.80908925027372e-45,32766,32766,818,752,2605,3.3519062995910645
2026-04-07T10:37:56.472,radio://0/80/2M,range,1,2,Scan,0.36508268117904663,0,0,0,0.0,0,0,0.0,0.0,43330,0,-2,4326,-0.023281291127204895,0.014972256496548653,8.926378106408708e-28,9.80908925027372e-45,32766,32766,792,777,2577,3.346627712249756
2026-04-07T10:37:56.717,radio://0/80/2M,mission,1,2,Scan,0.3942066729068756,0,0,0,0.0,0,0,0.0,0.0,43330,0,-2,4326,-0.023281291127204895,0.014972256496548653,8.926378106408708e-28,9.80908925027372e-45,32766,32766,792,777,2577,3.346627712249756
2026-04-07T10:37:56.720,radio://0/80/2M,flow,1,2,Scan,0.3942066729068756,0,0,0,0.0,0,0,0.0,0.0,43580,0,0,4596,-0.016048898920416832,0.0019368327921256423,1.1970880644974578e-31,1.401298464324817e-45,32766,32766,792,777,2577,3.346627712249756
2026-04-07T10:37:56.721,radio://0/80/2M,range,1,2,Scan,0.3942066729068756,0,0,0,0.0,0,0,0.0,0.0,43580,0,0,4596,-0.016048898920416832,0.0019368327921256423,1.1970880644974578e-31,1.401298464324817e-45,32766,1314,781,807,2543,3.373020648956299
2026-04-07T10:37:56.968,radio://0/80/2M,mission,1,2,Scan,0.41824641823768616,0,0,0,0.0,0,0,0.0,0.0,43580,0,0,4596,-0.016048898920416832,0.0019368327921256423,1.1970880644974578e-31,1.401298464324817e-45,32766,1314,781,807,2543,3.373020648956299
2026-04-07T10:37:56.971,radio://0/80/2M,flow,1,2,Scan,0.41824641823768616,0,0,0,0.0,0,0,0.0,0.0,43830,0,-2,4883,-0.026801882311701775,0.008716846816241741,1.6053765953237699e-35,1.401298464324817e-45,32766,1314,781,807,2543,3.373020648956299
2026-04-07T10:37:56.973,radio://0/80/2M,range,1,2,Scan,0.41824641823768616,0,0,0,0.0,0,0,0.0,0.0,43830,0,-2,4883,-0.026801882311701775,0.008716846816241741,1.6053765953237699e-35,1.401298464324817e-45,1208,32766,769,826,2519,3.3624634742736816
2026-04-07T10:37:57.217,radio://0/80/2M,mission,1,5,Transition,0.4258544147014618,0,0,0,0.0,0,0,0.0,0.0,43830,0,-2,4883,-0.026801882311701775,0.008716846816241741,1.6053765953237699e-35,1.401298464324817e-45,1208,32766,769,826,2519,3.3624634742736816
2026-04-07T10:37:57.220,radio://0/80/2M,flow,1,5,Transition,0.4258544147014618,0,0,0,0.0,0,0,0.0,0.0,44080,0,0,4883,-0.007866393774747849,0.007862397469580173,2.1529199281270408e-39,1.401298464324817e-45,1208,32766,769,826,2519,3.3624634742736816
2026-04-07T10:37:57.221,radio://0/80/2M,range,1,5,Transition,0.4258544147014618,0,0,0,0.0,0,0,0.0,0.0,44080,0,0,4883,-0.007866393774747849,0.007862397469580173,2.1529199281270408e-39,1.401298464324817e-45,32766,1382,751,826,2504,3.3519062995910645
2026-04-07T10:37:57.467,radio://0/80/2M,mission,1,0,Reacquire Wall,0.44108426570892334,0,0,0,0.0,0,0,0.0,0.0,44080,0,0,4883,-0.007866393774747849,0.007862397469580173,2.1529199281270408e-39,1.401298464324817e-45,32766,1382,751,826,2504,3.3519062995910645
2026-04-07T10:37:57.470,radio://0/80/2M,flow,1,0,Reacquire Wall,0.44108426570892334,0,0,0,0.0,0,0,0.0,0.0,44330,0,0,5188,0.03095681592822075,0.0037014316767454147,0.10200000554323196,1.401298464324817e-45,32766,1382,751,826,2504,3.3519062995910645
2026-04-07T10:37:57.471,radio://0/80/2M,range,1,0,Reacquire Wall,0.44108426570892334,0,0,0,0.0,0,0,0.0,0.0,44330,0,0,5188,0.03095681592822075,0.0037014316767454147,0.10200000554323196,1.401298464324817e-45,32766,32766,723,823,2497,3.3519062995910645
2026-04-07T10:37:57.717,radio://0/80/2M,mission,1,0,Reacquire Wall,0.4545406997203827,0,0,0,0.0,0,0,0.0,0.0,44330,0,0,5188,0.03095681592822075,0.0037014316767454147,0.10200000554323196,1.401298464324817e-45,32766,32766,723,823,2497,3.3519062995910645
2026-04-07T10:37:57.720,radio://0/80/2M,flow,1,0,Reacquire Wall,0.4545406997203827,0,0,0,0.0,0,0,0.0,0.0,44580,-1,0,5188,-0.05699540674686432,-0.003936511464416981,0.19998686015605927,1.401298464324817e-45,32766,32766,723,823,2497,3.3519062995910645
2026-04-07T10:37:57.721,radio://0/80/2M,range,1,0,Reacquire Wall,0.4545406997203827,0,0,0,0.0,0,0,0.0,0.0,44580,-1,0,5188,-0.05699540674686432,-0.003936511464416981,0.19998686015605927,1.401298464324817e-45,32766,32766,724,844,2482,3.357184886932373
2026-04-07T10:37:57.967,radio://0/80/2M,mission,1,0,Reacquire Wall,0.461407870054245,0,0,0,0.0,0,0,0.0,0.0,44580,-1,0,5188,-0.05699540674686432,-0.003936511464416981,0.19998686015605927,1.401298464324817e-45,32766,32766,724,844,2482,3.357184886932373
2026-04-07T10:37:57.970,radio://0/80/2M,flow,1,0,Reacquire Wall,0.461407870054245,0,0,0,0.0,0,0,0.0,0.0,44830,0,-4,5188,-0.19559966027736664,0.030731700360774994,0.19999998807907104,1.401298464324817e-45,32766,32766,724,844,2482,3.357184886932373
2026-04-07T10:37:57.971,radio://0/80/2M,range,1,0,Reacquire Wall,0.461407870054245,0,0,0,0.0,0,0,0.0,0.0,44830,0,-4,5188,-0.19559966027736664,0.030731700360774994,0.19999998807907104,1.401298464324817e-45,32766,32766,731,869,2476,3.3360705375671387
2026-04-07T10:37:58.216,radio://0/80/2M,mission,1,0,Reacquire Wall,0.4684060513973236,0,0,0,0.0,0,0,0.0,0.0,44830,0,-4,5188,-0.19559966027736664,0.030731700360774994,0.19999998807907104,1.401298464324817e-45,32766,32766,731,869,2476,3.3360705375671387
2026-04-07T10:37:58.220,radio://0/80/2M,flow,1,0,Reacquire Wall,0.4684060513973236,0,0,0,0.0,0,0,0.0,0.0,45080,0,0,5512,-0.21583344042301178,0.04980991408228874,0.19999998807907104,1.401298464324817e-45,32766,32766,731,869,2476,3.3360705375671387
2026-04-07T10:37:58.222,radio://0/80/2M,range,1,0,Reacquire Wall,0.4684060513973236,0,0,0,0.0,0,0,0.0,0.0,45080,0,0,5512,-0.21583344042301178,0.04980991408228874,0.19999998807907104,1.401298464324817e-45,32766,32766,730,929,2463,3.3360705375671387
2026-04-07T10:37:58.466,radio://0/80/2M,mission,1,0,Reacquire Wall,0.4701937735080719,0,0,0,0.0,0,0,0.0,0.0,45080,0,0,5512,-0.21583344042301178,0.04980991408228874,0.19999998807907104,1.401298464324817e-45,32766,32766,730,929,2463,3.3360705375671387
2026-04-07T10:37:58.469,radio://0/80/2M,flow,1,0,Reacquire Wall,0.4701937735080719,0,0,0,0.0,0,0,0.0,0.0,45330,0,-1,5512,-0.2130786031484604,0.038770925253629684,0.19999998807907104,1.401298464324817e-45,32766,32766,730,929,2463,3.3360705375671387
2026-04-07T10:37:58.470,radio://0/80/2M,range,1,0,Reacquire Wall,0.4701937735080719,0,0,0,0.0,0,0,0.0,0.0,45330,0,-1,5512,-0.2130786031484604,0.038770925253629684,0.19999998807907104,1.401298464324817e-45,32766,1403,721,976,2459,3.3255133628845215
2026-04-07T10:37:58.716,radio://0/80/2M,mission,1,0,Reacquire Wall,0.4795636534690857,0,0,0,0.0,0,0,0.0,0.0,45330,0,-1,5512,-0.2130786031484604,0.038770925253629684,0.19999998807907104,1.401298464324817e-45,32766,1403,721,976,2459,3.3255133628845215
2026-04-07T10:37:58.720,radio://0/80/2M,flow,1,0,Reacquire Wall,0.4795636534690857,0,0,0,0.0,0,0,0.0,0.0,45580,0,0,5856,-0.18037571012973785,0.03360765799880028,0.19999998807907104,1.401298464324817e-45,32766,1403,721,976,2459,3.3255133628845215
2026-04-07T10:37:58.721,radio://0/80/2M,range,1,0,Reacquire Wall,0.4795636534690857,0,0,0,0.0,0,0,0.0,0.0,45580,0,0,5856,-0.18037571012973785,0.03360765799880028,0.19999998807907104,1.401298464324817e-45,32766,32766,718,1037,2457,3.33079195022583
2026-04-07T10:37:58.966,radio://0/80/2M,mission,1,0,Reacquire Wall,0.48288416862487793,0,0,0,0.0,0,0,0.0,0.0,45580,0,0,5856,-0.18037571012973785,0.03360765799880028,0.19999998807907104,1.401298464324817e-45,32766,32766,718,1037,2457,3.33079195022583
2026-04-07T10:37:58.969,radio://0/80/2M,flow,1,0,Reacquire Wall,0.48288416862487793,0,0,0,0.0,0,0,0.0,0.0,45830,-1,0,5856,-0.19097383320331573,0.029956435784697533,0.19999998807907104,1.401298464324817e-45,32766,32766,718,1037,2457,3.33079195022583
2026-04-07T10:37:58.970,radio://0/80/2M,range,1,0,Reacquire Wall,0.48288416862487793,0,0,0,0.0,0,0,0.0,0.0,45830,-1,0,5856,-0.19097383320331573,0.029956435784697533,0.19999998807907104,1.401298464324817e-45,32766,825,718,1080,2448,3.3255133628845215
2026-04-07T10:37:59.215,radio://0/80/2M,mission,1,0,Reacquire Wall,0.4933902323246002,0,0,0,0.0,0,0,0.0,0.0,45830,-1,0,5856,-0.19097383320331573,0.029956435784697533,0.19999998807907104,1.401298464324817e-45,32766,825,718,1080,2448,3.3255133628845215
2026-04-07T10:37:59.219,radio://0/80/2M,flow,1,0,Reacquire Wall,0.4933902323246002,0,0,0,0.0,0,0,0.0,0.0,46080,0,0,5856,-0.1688101887702942,0.03955388069152832,0.19999998807907104,1.401298464324817e-45,32766,825,718,1080,2448,3.3255133628845215
2026-04-07T10:37:59.220,radio://0/80/2M,range,1,0,Reacquire Wall,0.4933902323246002,0,0,0,0.0,0,0,0.0,0.0,46080,0,0,5856,-0.1688101887702942,0.03955388069152832,0.19999998807907104,1.401298464324817e-45,32766,797,716,1117,2440,3.3360705375671387
2026-04-07T10:37:59.466,radio://0/80/2M,mission,1,0,Reacquire Wall,0.49207860231399536,0,0,0,0.0,0,0,0.0,0.0,46080,0,0,5856,-0.1688101887702942,0.03955388069152832,0.19999998807907104,1.401298464324817e-45,32766,797,716,1117,2440,3.3360705375671387
2026-04-07T10:37:59.468,radio://0/80/2M,flow,1,0,Reacquire Wall,0.49207860231399536,0,0,0,0.0,0,0,0.0,0.0,46330,1,0,5856,-0.19502010941505432,0.038301751017570496,0.19999998807907104,1.401298464324817e-45,32766,797,716,1117,2440,3.3360705375671387
2026-04-07T10:37:59.470,radio://0/80/2M,range,1,0,Reacquire Wall,0.49207860231399536,0,0,0,0.0,0,0,0.0,0.0,46330,1,0,5856,-0.19502010941505432,0.038301751017570496,0.19999998807907104,1.401298464324817e-45,32766,785,713,1142,2422,3.3096773624420166
2026-04-07T10:37:59.716,radio://0/80/2M,mission,1,0,Reacquire Wall,0.49305111169815063,0,0,0,0.0,0,0,0.0,0.0,46330,1,0,5856,-0.19502010941505432,0.038301751017570496,0.19999998807907104,1.401298464324817e-45,32766,785,713,1142,2422,3.3096773624420166
2026-04-07T10:37:59.719,radio://0/80/2M,flow,1,0,Reacquire Wall,0.49305111169815063,0,0,0,0.0,0,0,0.0,0.0,46580,0,0,5147,-0.16958028078079224,0.050510890781879425,0.19999998807907104,1.401298464324817e-45,32766,785,713,1142,2422,3.3096773624420166
2026-04-07T10:37:59.720,radio://0/80/2M,range,1,0,Reacquire Wall,0.49305111169815063,0,0,0,0.0,0,0,0.0,0.0,46580,0,0,5147,-0.16958028078079224,0.050510890781879425,0.19999998807907104,1.401298464324817e-45,32766,777,709,1178,2433,3.320234775543213
2026-04-07T10:37:59.965,radio://0/80/2M,mission,1,0,Reacquire Wall,0.49531716108322144,0,0,0,0.0,0,0,0.0,0.0,46580,0,0,5147,-0.16958028078079224,0.050510890781879425,0.19999998807907104,1.401298464324817e-45,32766,777,709,1178,2433,3.320234775543213
2026-04-07T10:37:59.967,radio://0/80/2M,flow,1,0,Reacquire Wall,0.49531716108322144,0,0,0,0.0,0,0,0.0,0.0,46830,0,-3,4826,-0.16357293725013733,0.0683603435754776,0.19999998807907104,1.401298464324817e-45,32766,777,709,1178,2433,3.320234775543213
2026-04-07T10:37:59.969,radio://0/80/2M,range,1,0,Reacquire Wall,0.49531716108322144,0,0,0,0.0,0,0,0.0,0.0,46830,0,-3,4826,-0.16357293725013733,0.0683603435754776,0.19999998807907104,1.401298464324817e-45,32766,775,700,1197,2431,3.304398775100708
2026-04-07T10:38:00.214,radio://0/80/2M,mission,1,0,Reacquire Wall,0.4962421655654907,0,0,0,0.0,0,0,0.0,0.0,46830,0,-3,4826,-0.16357293725013733,0.0683603435754776,0.19999998807907104,1.401298464324817e-45,32766,775,700,1197,2431,3.304398775100708
2026-04-07T10:38:00.218,radio://0/80/2M,flow,1,0,Reacquire Wall,0.4962421655654907,0,0,0,0.0,0,0,0.0,0.0,47080,1,0,4525,-0.12929792702198029,0.060262344777584076,0.19805651903152466,2.9152324714232236e-05,32766,775,700,1197,2431,3.304398775100708
2026-04-07T10:38:00.220,radio://0/80/2M,range,1,0,Reacquire Wall,0.4962421655654907,0,0,0,0.0,0,0,0.0,0.0,47080,1,0,4525,-0.12929792702198029,0.060262344777584076,0.19805651903152466,2.9152324714232236e-05,32766,783,693,1222,2425,3.304398775100708
2026-04-07T10:38:00.464,radio://0/80/2M,mission,1,0,Reacquire Wall,0.49748605489730835,0,0,0,0.0,0,0,0.0,0.0,47080,1,0,4525,-0.12929792702198029,0.060262344777584076,0.19805651903152466,2.9152324714232236e-05,32766,783,693,1222,2425,3.304398775100708
2026-04-07T10:38:00.467,radio://0/80/2M,flow,1,0,Reacquire Wall,0.49748605489730835,0,0,0,0.0,0,0,0.0,0.0,47330,0,-2,4243,-0.18345703184604645,0.058587368577718735,0.19542409479618073,0.0001589916500961408,32766,783,693,1222,2425,3.304398775100708
2026-04-07T10:38:00.469,radio://0/80/2M,range,1,0,Reacquire Wall,0.49748605489730835,0,0,0,0.0,0,0,0.0,0.0,47330,0,-2,4243,-0.18345703184604645,0.058587368577718735,0.19542409479618073,0.0001589916500961408,32766,791,683,1239,2435,3.2885630130767822
2026-04-07T10:38:00.714,radio://0/80/2M,mission,1,0,Reacquire Wall,0.5020949840545654,0,0,0,0.0,0,0,0.0,0.0,47330,0,-2,4243,-0.18345703184604645,0.058587368577718735,0.19542409479618073,0.0001589916500961408,32766,791,683,1239,2435,3.2885630130767822
2026-04-07T10:38:00.718,radio://0/80/2M,flow,1,0,Reacquire Wall,0.5020949840545654,0,0,0,0.0,0,0,0.0,0.0,47580,1,0,3978,-0.20866133272647858,0.04433106258511543,0.19344566762447357,0.0003222790255676955,32766,791,683,1239,2435,3.2885630130767822
2026-04-07T10:38:00.719,radio://0/80/2M,range,1,0,Reacquire Wall,0.5020949840545654,0,0,0,0.0,0,0,0.0,0.0,47580,1,0,3978,-0.20866133272647858,0.04433106258511543,0.19344566762447357,0.0003222790255676955,32766,799,677,1272,2433,3.304398775100708
2026-04-07T10:38:00.965,radio://0/80/2M,mission,1,0,Reacquire Wall,0.49842602014541626,0,0,0,0.0,0,0,0.0,0.0,47580,1,0,3978,-0.20866133272647858,0.04433106258511543,0.19344566762447357,0.0003222790255676955,32766,799,677,1272,2433,3.304398775100708
2026-04-07T10:38:00.968,radio://0/80/2M,flow,1,0,Reacquire Wall,0.49842602014541626,0,0,0,0.0,0,0,0.0,0.0,47830,-1,0,3730,-0.16187021136283875,0.028133058920502663,0.19138704240322113,0.0005586118786595762,32766,799,677,1272,2433,3.304398775100708
2026-04-07T10:38:00.969,radio://0/80/2M,range,1,0,Reacquire Wall,0.49842602014541626,0,0,0,0.0,0,0,0.0,0.0,47830,-1,0,3730,-0.16187021136283875,0.028133058920502663,0.19138704240322113,0.0005586118786595762,1133,805,669,1288,2433,3.278005838394165
2026-04-07T10:38:01.214,radio://0/80/2M,mission,1,0,Reacquire Wall,0.5029829144477844,0,0,0,0.0,0,0,0.0,0.0,47830,-1,0,3730,-0.16187021136283875,0.028133058920502663,0.19138704240322113,0.0005586118786595762,1133,805,669,1288,2433,3.278005838394165
2026-04-07T10:38:01.217,radio://0/80/2M,flow,1,0,Reacquire Wall,0.5029829144477844,0,0,0,0.0,0,0,0.0,0.0,48080,0,3,3730,-0.118073008954525,0.05226054787635803,0.18974684178829193,0.0007887311512604356,1133,805,669,1288,2433,3.278005838394165
2026-04-07T10:38:01.219,radio://0/80/2M,range,1,0,Reacquire Wall,0.5029829144477844,0,0,0,0.0,0,0,0.0,0.0,48080,0,3,3730,-0.118073008954525,0.05226054787635803,0.18974684178829193,0.0007887311512604356,32766,811,664,1314,2431,3.3096773624420166
2026-04-07T10:38:01.463,radio://0/80/2M,mission,1,0,Reacquire Wall,0.5035147666931152,0,0,0,0.0,0,0,0.0,0.0,48080,0,3,3730,-0.118073008954525,0.05226054787635803,0.18974684178829193,0.0007887311512604356,32766,811,664,1314,2431,3.3096773624420166
2026-04-07T10:38:01.467,radio://0/80/2M,flow,1,0,Reacquire Wall,0.5035147666931152,0,0,0,0.0,0,0,0.0,0.0,48330,0,-1,3730,-0.1504967361688614,0.06983469426631927,0.18667836487293243,0.0013316018739715219,32766,811,664,1314,2431,3.3096773624420166
2026-04-07T10:38:01.468,radio://0/80/2M,range,1,0,Reacquire Wall,0.5035147666931152,0,0,0,0.0,0,0,0.0,0.0,48330,0,-1,3730,-0.1504967361688614,0.06983469426631927,0.18667836487293243,0.0013316018739715219,32766,829,653,1330,2424,3.320234775543213
2026-04-07T10:38:01.713,radio://0/80/2M,mission,1,0,Reacquire Wall,0.5076883435249329,0,0,0,0.0,0,0,0.0,0.0,48330,0,-1,3730,-0.1504967361688614,0.06983469426631927,0.18667836487293243,0.0013316018739715219,32766,829,653,1330,2424,3.320234775543213
2026-04-07T10:38:01.717,radio://0/80/2M,flow,1,0,Reacquire Wall,0.5076883435249329,0,0,0,0.0,0,0,0.0,0.0,48580,0,-1,3497,-0.17974889278411865,0.05431791767477989,0.18431109189987183,0.0018462453735992312,32766,829,653,1330,2424,3.320234775543213
2026-04-07T10:38:01.718,radio://0/80/2M,range,1,0,Reacquire Wall,0.5076883435249329,0,0,0,0.0,0,0,0.0,0.0,48580,0,-1,3497,-0.17974889278411865,0.05431791767477989,0.18431109189987183,0.0018462453735992312,32766,835,645,1357,2430,3.3360705375671387
2026-04-07T10:38:01.963,radio://0/80/2M,mission,1,0,Reacquire Wall,0.5053612589836121,0,0,0,0.0,0,0,0.0,0.0,48580,0,-1,3497,-0.17974889278411865,0.05431791767477989,0.18431109189987183,0.0018462453735992312,32766,835,645,1357,2430,3.3360705375671387
2026-04-07T10:38:01.967,radio://0/80/2M,flow,1,0,Reacquire Wall,0.5053612589836121,0,0,0,0.0,0,0,0.0,0.0,48830,0,-8,3497,-0.15806540846824646,0.024424225091934204,0.18257255852222443,0.0022809242364019156,32766,835,645,1357,2430,3.3360705375671387
2026-04-07T10:38:01.968,radio://0/80/2M,range,1,0,Reacquire Wall,0.5053612589836121,0,0,0,0.0,0,0,0.0,0.0,48830,0,-8,3497,-0.15806540846824646,0.024424225091934204,0.18257255852222443,0.0022809242364019156,32766,843,638,1383,2421,3.3096773624420166
2026-04-07T10:38:02.213,radio://0/80/2M,mission,1,0,Reacquire Wall,0.5045719742774963,0,0,0,0.0,0,0,0.0,0.0,48830,0,-8,3497,-0.15806540846824646,0.024424225091934204,0.18257255852222443,0.0022809242364019156,32766,843,638,1383,2421,3.3096773624420166
2026-04-07T10:38:02.216,radio://0/80/2M,flow,1,0,Reacquire Wall,0.5045719742774963,0,0,0,0.0,0,0,0.0,0.0,49080,0,-1,3497,-0.16427619755268097,0.037500668317079544,0.18429985642433167,0.001848801621235907,32766,843,638,1383,2421,3.3096773624420166
2026-04-07T10:38:02.217,radio://0/80/2M,range,1,0,Reacquire Wall,0.5045719742774963,0,0,0,0.0,0,0,0.0,0.0,49080,0,-1,3497,-0.16427619755268097,0.037500668317079544,0.18429985642433167,0.001848801621235907,32766,849,645,1428,2428,3.3096773624420166
2026-04-07T10:38:02.462,radio://0/80/2M,mission,1,0,Reacquire Wall,0.5045794248580933,0,0,0,0.0,0,0,0.0,0.0,49080,0,-1,3497,-0.16427619755268097,0.037500668317079544,0.18429985642433167,0.001848801621235907,32766,849,645,1428,2428,3.3096773624420166
2026-04-07T10:38:02.467,radio://0/80/2M,flow,1,0,Reacquire Wall,0.5045794248580933,0,0,0,0.0,0,0,0.0,0.0,49330,3,0,3497,-0.18277302384376526,0.0496208630502224,0.18371525406837463,0.0019919986370950937,32766,849,645,1428,2428,3.3096773624420166
2026-04-07T10:38:02.468,radio://0/80/2M,range,1,0,Reacquire Wall,0.5045794248580933,0,0,0,0.0,0,0,0.0,0.0,49330,3,0,3497,-0.18277302384376526,0.0496208630502224,0.18371525406837463,0.0019919986370950937,32766,858,642,1455,2423,3.293841600418091
2026-04-07T10:38:02.713,radio://0/80/2M,mission,1,0,Reacquire Wall,0.5055371522903442,0,0,0,0.0,0,0,0.0,0.0,49330,3,0,3497,-0.18277302384376526,0.0496208630502224,0.18371525406837463,0.0019919986370950937,32766,858,642,1455,2423,3.293841600418091
2026-04-07T10:38:02.716,radio://0/80/2M,flow,1,0,Reacquire Wall,0.5055371522903442,0,0,0,0.0,0,0,0.0,0.0,49580,-2,-4,3497,-0.20050431787967682,0.04098711907863617,0.18258367478847504,0.0022749954368919134,32766,858,642,1455,2423,3.293841600418091
2026-04-07T10:38:02.717,radio://0/80/2M,range,1,0,Reacquire Wall,0.5055371522903442,0,0,0,0.0,0,0,0.0,0.0,49580,-2,-4,3497,-0.20050431787967682,0.04098711907863617,0.18258367478847504,0.0022749954368919134,32766,854,639,1492,2433,3.2991201877593994
2026-04-07T10:38:02.963,radio://0/80/2M,mission,1,0,Reacquire Wall,0.5072828531265259,0,0,0,0.0,0,0,0.0,0.0,49580,-2,-4,3497,-0.20050431787967682,0.04098711907863617,0.18258367478847504,0.0022749954368919134,32766,854,639,1492,2433,3.2991201877593994
2026-04-07T10:38:02.966,radio://0/80/2M,flow,1,0,Reacquire Wall,0.5072828531265259,0,0,0,0.0,0,0,0.0,0.0,49830,0,0,3497,-0.18067893385887146,0.07308314740657806,0.1802913099527359,0.002913299249485135,32766,854,639,1492,2433,3.2991201877593994
2026-04-07T10:38:02.967,radio://0/80/2M,range,1,0,Reacquire Wall,0.5072828531265259,0,0,0,0.0,0,0,0.0,0.0,49830,0,0,3497,-0.18067893385887146,0.07308314740657806,0.1802913099527359,0.002913299249485135,32766,873,631,1525,2426,3.293841600418091
2026-04-07T10:38:03.212,radio://0/80/2M,mission,1,0,Reacquire Wall,0.506518542766571,0,0,0,0.0,0,0,0.0,0.0,49830,0,0,3497,-0.18067893385887146,0.07308314740657806,0.1802913099527359,0.002913299249485135,32766,873,631,1525,2426,3.293841600418091
2026-04-07T10:38:03.216,radio://0/80/2M,flow,1,0,Reacquire Wall,0.506518542766571,0,0,0,0.0,0,0,0.0,0.0,50080,-1,-1,3497,-0.16417314112186432,0.07288378477096558,0.17606617510318756,0.004297366365790367,32766,873,631,1525,2426,3.293841600418091
2026-04-07T10:38:03.217,radio://0/80/2M,range,1,0,Reacquire Wall,0.506518542766571,0,0,0,0.0,0,0,0.0,0.0,50080,-1,-1,3497,-0.16417314112186432,0.07288378477096558,0.17606617510318756,0.004297366365790367,32766,885,616,1564,2432,3.2885630130767822
2026-04-07T10:38:03.462,radio://0/80/2M,mission,1,0,Reacquire Wall,0.5060753226280212,0,0,0,0.0,0,0,0.0,0.0,50080,-1,-1,3497,-0.16417314112186432,0.07288378477096558,0.17606617510318756,0.004297366365790367,32766,885,616,1564,2432,3.2885630130767822
2026-04-07T10:38:03.465,radio://0/80/2M,flow,1,0,Reacquire Wall,0.5060753226280212,0,0,0,0.0,0,0,0.0,0.0,50330,0,-1,3497,-0.17115359008312225,0.0570480115711689,0.1711575984954834,0.006242719013243914,32766,885,616,1564,2432,3.2885630130767822
2026-04-07T10:38:03.466,radio://0/80/2M,range,1,0,Reacquire Wall,0.5060753226280212,0,0,0,0.0,0,0,0.0,0.0,50330,0,-1,3497,-0.17115359008312225,0.0570480115711689,0.1711575984954834,0.006242719013243914,1015,895,598,1587,2433,3.2727272510528564
2026-04-07T10:38:03.713,radio://0/80/2M,mission,1,0,Reacquire Wall,0.5043108463287354,0,0,0,0.0,0,0,0.0,0.0,50330,0,-1,3497,-0.17115359008312225,0.0570480115711689,0.1711575984954834,0.006242719013243914,1015,895,598,1587,2433,3.2727272510528564
2026-04-07T10:38:03.715,radio://0/80/2M,flow,1,0,Reacquire Wall,0.5043108463287354,0,0,0,0.0,0,0,0.0,0.0,50580,-3,-7,3497,-0.14916034042835236,0.047754235565662384,0.16860465705394745,0.007392799481749535,1015,895,598,1587,2433,3.2727272510528564
2026-04-07T10:38:03.717,radio://0/80/2M,range,1,0,Reacquire Wall,0.5043108463287354,0,0,0,0.0,0,0,0.0,0.0,50580,-3,-7,3497,-0.14916034042835236,0.047754235565662384,0.16860465705394745,0.007392799481749535,32766,897,590,1611,2428,3.2832844257354736
2026-04-07T10:38:03.961,radio://0/80/2M,mission,1,0,Reacquire Wall,0.5057836771011353,0,0,0,0.0,0,0,0.0,0.0,50580,-3,-7,3497,-0.14916034042835236,0.047754235565662384,0.16860465705394745,0.007392799481749535,32766,897,590,1611,2428,3.2832844257354736
2026-04-07T10:38:03.965,radio://0/80/2M,flow,1,0,Reacquire Wall,0.5057836771011353,0,0,0,0.0,0,0,0.0,0.0,50830,0,-2,3497,-0.16175082325935364,0.020175637677311897,0.16477181017398834,0.009309292770922184,32766,897,590,1611,2428,3.2832844257354736
2026-04-07T10:38:03.966,radio://0/80/2M,range,1,0,Reacquire Wall,0.5057836771011353,0,0,0,0.0,0,0,0.0,0.0,50830,0,-2,3497,-0.16175082325935364,0.020175637677311897,0.16477181017398834,0.009309292770922184,32766,900,576,1638,2435,3.2727272510528564
2026-04-07T10:38:04.212,radio://0/80/2M,mission,1,0,Reacquire Wall,0.5034984946250916,0,0,0,0.0,0,0,0.0,0.0,50830,0,-2,3497,-0.16175082325935364,0.020175637677311897,0.16477181017398834,0.009309292770922184,32766,900,576,1638,2435,3.2727272510528564
2026-04-07T10:38:04.215,radio://0/80/2M,flow,1,0,Reacquire Wall,0.5034984946250916,0,0,0,0.0,0,0,0.0,0.0,51080,0,-1,3497,-0.19770941138267517,0.016267092898488045,0.1628977656364441,0.010324751958251,32766,900,576,1638,2435,3.2727272510528564
2026-04-07T10:38:04.216,radio://0/80/2M,range,1,0,Reacquire Wall,0.5034984946250916,0,0,0,0.0,0,0,0.0,0.0,51080,0,-1,3497,-0.19770941138267517,0.016267092898488045,0.1628977656364441,0.010324751958251,32766,902,570,1674,2433,3.2727272510528564
2026-04-07T10:38:04.461,radio://0/80/2M,mission,1,0,Reacquire Wall,0.5032098293304443,0,0,0,0.0,0,0,0.0,0.0,51080,0,-1,3497,-0.19770941138267517,0.016267092898488045,0.1628977656364441,0.010324751958251,32766,902,570,1674,2433,3.2727272510528564
2026-04-07T10:38:04.465,radio://0/80/2M,flow,1,0,Reacquire Wall,0.5032098293304443,0,0,0,0.0,0,0,0.0,0.0,51330,0,0,3279,-0.14758427441120148,0.028132358565926552,0.1587744951248169,0.012748288922011852,32766,902,570,1674,2433,3.2727272510528564
2026-04-07T10:38:04.466,radio://0/80/2M,range,1,0,Reacquire Wall,0.5032098293304443,0,0,0,0.0,0,0,0.0,0.0,51330,0,0,3279,-0.14758427441120148,0.028132358565926552,0.1587744951248169,0.012748288922011852,32766,903,555,1686,2426,3.2568914890289307
2026-04-07T10:38:04.711,radio://0/80/2M,mission,1,0,Reacquire Wall,0.5005772709846497,0,0,0,0.0,0,0,0.0,0.0,51330,0,0,3279,-0.14758427441120148,0.028132358565926552,0.1587744951248169,0.012748288922011852,32766,903,555,1686,2426,3.2568914890289307
2026-04-07T10:38:04.715,radio://0/80/2M,flow,1,0,Reacquire Wall,0.5005772709846497,0,0,0,0.0,0,0,0.0,0.0,51580,1,-1,3279,-0.12022992223501205,0.03177485242486,0.15547816455364227,0.014867095276713371,32766,903,555,1686,2426,3.2568914890289307
2026-04-07T10:38:04.716,radio://0/80/2M,range,1,0,Reacquire Wall,0.5005772709846497,0,0,0,0.0,0,0,0.0,0.0,51580,1,-1,3279,-0.12022992223501205,0.03177485242486,0.15547816455364227,0.014867095276713371,32766,913,544,1713,2434,3.2621700763702393
2026-04-07T10:38:04.960,radio://0/80/2M,mission,1,0,Reacquire Wall,0.5032882690429688,0,0,0,0.0,0,0,0.0,0.0,51580,1,-1,3279,-0.12022992223501205,0.03177485242486,0.15547816455364227,0.014867095276713371,32766,913,544,1713,2434,3.2621700763702393
2026-04-07T10:38:04.965,radio://0/80/2M,flow,1,0,Reacquire Wall,0.5032882690429688,0,0,0,0.0,0,0,0.0,0.0,51830,0,0,3075,-0.15424206852912903,0.03142739087343216,0.15452885627746582,0.015507306903600693,32766,913,544,1713,2434,3.2621700763702393
2026-04-07T10:38:04.966,radio://0/80/2M,range,1,0,Reacquire Wall,0.5032882690429688,0,0,0,0.0,0,0,0.0,0.0,51830,0,0,3075,-0.15424206852912903,0.03142739087343216,0.15452885627746582,0.015507306903600693,32766,919,541,1729,2430,3.2621700763702393
2026-04-07T10:38:05.213,radio://0/80/2M,mission,1,0,Reacquire Wall,0.5036810636520386,0,0,0,0.0,0,0,0.0,0.0,51830,0,0,3075,-0.15424206852912903,0.03142739087343216,0.15452885627746582,0.015507306903600693,32766,919,541,1729,2430,3.2621700763702393
2026-04-07T10:38:05.214,radio://0/80/2M,flow,1,0,Reacquire Wall,0.5036810636520386,0,0,0,0.0,0,0,0.0,0.0,52080,0,0,3075,-0.1592111438512802,0.023496873676776886,0.1531439870595932,0.01646615006029606,32766,919,541,1729,2430,3.2621700763702393
2026-04-07T10:38:05.215,radio://0/80/2M,range,1,0,Reacquire Wall,0.5036810636520386,0,0,0,0.0,0,0,0.0,0.0,52080,0,0,3075,-0.1592111438512802,0.023496873676776886,0.1531439870595932,0.01646615006029606,32766,922,536,1755,2434,3.267448663711548
2026-04-07T10:38:05.461,radio://0/80/2M,mission,1,0,Reacquire Wall,0.5034071803092957,0,0,0,0.0,0,0,0.0,0.0,52080,0,0,3075,-0.1592111438512802,0.023496873676776886,0.1531439870595932,0.01646615006029606,32766,922,536,1755,2434,3.267448663711548
2026-04-07T10:38:05.464,radio://0/80/2M,flow,1,0,Reacquire Wall,0.5034071803092957,0,0,0,0.0,0,0,0.0,0.0,52330,0,-1,3075,-0.10368802398443222,0.004132483620196581,-0.0010957957711070776,0.0045273685827851295,32766,922,536,1755,2434,3.267448663711548
2026-04-07T10:38:05.466,radio://0/80/2M,range,1,0,Reacquire Wall,0.5034071803092957,0,0,0,0.0,0,0,0.0,0.0,52330,0,-1,3075,-0.10368802398443222,0.004132483620196581,-0.0010957957711070776,0.0045273685827851295,662,927,543,1757,2434,3.267448663711548
2026-04-07T10:38:05.710,radio://0/80/2M,mission,1,0,Reacquire Wall,0.501380205154419,0,0,0,0.0,0,0,0.0,0.0,52330,0,-1,3075,-0.10368802398443222,0.004132483620196581,-0.0010957957711070776,0.0045273685827851295,662,927,543,1757,2434,3.267448663711548
2026-04-07T10:38:05.714,radio://0/80/2M,flow,1,0,Reacquire Wall,0.501380205154419,0,0,0,0.0,0,0,0.0,0.0,52580,1,4,3075,-0.0015083723701536655,0.0007903321529738605,-0.0037937758024781942,0.00429961271584034,662,927,543,1757,2434,3.267448663711548
2026-04-07T10:38:05.715,radio://0/80/2M,range,1,0,Reacquire Wall,0.501380205154419,0,0,0,0.0,0,0,0.0,0.0,52580,1,4,3075,-0.0015083723701536655,0.0007903321529738605,-0.0037937758024781942,0.00429961271584034,565,32766,547,1760,2438,3.2621700763702393
2026-04-07T10:38:05.961,radio://0/80/2M,mission,1,0,Reacquire Wall,0.500177264213562,0,0,0,0.0,0,0,0.0,0.0,52580,1,4,3075,-0.0015083723701536655,0.0007903321529738605,-0.0037937758024781942,0.00429961271584034,565,32766,547,1760,2438,3.2621700763702393
2026-04-07T10:38:05.964,radio://0/80/2M,flow,1,0,Reacquire Wall,0.500177264213562,0,0,0,0.0,0,0,0.0,0.0,52830,0,0,3075,0.04247066006064415,0.0014982058200985193,-0.004820327274501324,0.004314489662647247,565,32766,547,1760,2438,3.2621700763702393
2026-04-07T10:38:05.965,radio://0/80/2M,range,1,0,Reacquire Wall,0.500177264213562,0,0,0,0.0,0,0,0.0,0.0,52830,0,0,3075,0.04247066006064415,0.0014982058200985193,-0.004820327274501324,0.004314489662647247,538,32766,555,1764,2432,3.2621700763702393
2026-04-07T10:38:06.210,radio://0/80/2M,mission,1,0,Reacquire Wall,0.5026323795318604,0,0,0,0.0,0,0,0.0,0.0,52830,0,0,3075,0.04247066006064415,0.0014982058200985193,-0.004820327274501324,0.004314489662647247,538,32766,555,1764,2432,3.2621700763702393
2026-04-07T10:38:06.213,radio://0/80/2M,flow,1,0,Reacquire Wall,0.5026323795318604,0,0,0,0.0,0,0,0.0,0.0,53080,0,0,3075,0.05609077215194702,-0.017027702182531357,-0.003969001118093729,0.00364500074647367,538,32766,555,1764,2432,3.2621700763702393
2026-04-07T10:38:06.214,radio://0/80/2M,range,1,0,Reacquire Wall,0.5026323795318604,0,0,0,0.0,0,0,0.0,0.0,53080,0,0,3075,0.05609077215194702,-0.017027702182531357,-0.003969001118093729,0.00364500074647367,553,32766,565,1766,2438,3.2832844257354736
2026-04-07T10:38:06.459,radio://0/80/2M,mission,1,0,Reacquire Wall,0.5026761293411255,0,0,0,0.0,0,0,0.0,0.0,53080,0,0,3075,0.05609077215194702,-0.017027702182531357,-0.003969001118093729,0.00364500074647367,553,32766,565,1766,2438,3.2832844257354736
2026-04-07T10:38:06.463,radio://0/80/2M,flow,1,0,Reacquire Wall,0.5026761293411255,0,0,0,0.0,0,0,0.0,0.0,53330,0,-4,3075,-0.03487534821033478,-0.0186165664345026,-0.0032003256492316723,0.0027881632559001446,553,32766,565,1766,2438,3.2832844257354736
2026-04-07T10:38:06.464,radio://0/80/2M,range,1,0,Reacquire Wall,0.5026761293411255,0,0,0,0.0,0,0,0.0,0.0,53330,0,-4,3075,-0.03487534821033478,-0.0186165664345026,-0.0032003256492316723,0.0027881632559001446,568,32766,585,1770,2428,3.2621700763702393
2026-04-07T10:38:06.709,radio://0/80/2M,mission,1,0,Reacquire Wall,0.4997861683368683,0,0,0,0.0,0,0,0.0,0.0,53330,0,-4,3075,-0.03487534821033478,-0.0186165664345026,-0.0032003256492316723,0.0027881632559001446,568,32766,585,1770,2428,3.2621700763702393
2026-04-07T10:38:06.713,radio://0/80/2M,flow,1,0,Reacquire Wall,0.4997861683368683,0,0,0,0.0,0,0,0.0,0.0,53580,0,0,3075,-0.025361167266964912,-0.03936303034424782,-0.003755939658731222,0.0030993057880550623,568,32766,585,1770,2428,3.2621700763702393
2026-04-07T10:38:06.714,radio://0/80/2M,range,1,0,Reacquire Wall,0.4997861683368683,0,0,0,0.0,0,0,0.0,0.0,53580,0,0,3075,-0.025361167266964912,-0.03936303034424782,-0.003755939658731222,0.0030993057880550623,557,32766,582,1772,2433,3.267448663711548
2026-04-07T10:38:06.960,radio://0/80/2M,mission,1,0,Reacquire Wall,0.4969426393508911,0,0,0,0.0,0,0,0.0,0.0,53580,0,0,3075,-0.025361167266964912,-0.03936303034424782,-0.003755939658731222,0.0030993057880550623,557,32766,582,1772,2433,3.267448663711548
2026-04-07T10:38:06.963,radio://0/80/2M,flow,1,0,Reacquire Wall,0.4969426393508911,0,0,0,0.0,0,0,0.0,0.0,53830,0,0,3075,0.043412405997514725,-0.0013161998940631747,-0.004880020394921303,0.002754367422312498,557,32766,582,1772,2433,3.267448663711548
2026-04-07T10:38:06.964,radio://0/80/2M,range,1,0,Reacquire Wall,0.4969426393508911,0,0,0,0.0,0,0,0.0,0.0,53830,0,0,3075,0.043412405997514725,-0.0013161998940631747,-0.004880020394921303,0.002754367422312498,537,32766,608,1798,2439,3.251612901687622
2026-04-07T10:38:07.209,radio://0/80/2M,mission,1,0,Reacquire Wall,0.5007541179656982,0,0,0,0.0,0,0,0.0,0.0,53830,0,0,3075,0.043412405997514725,-0.0013161998940631747,-0.004880020394921303,0.002754367422312498,537,32766,608,1798,2439,3.251612901687622
2026-04-07T10:38:07.213,radio://0/80/2M,flow,1,0,Reacquire Wall,0.5007541179656982,0,0,0,0.0,0,0,0.0,0.0,54080,2,1,3075,0.016695601865649223,-0.02185049280524254,-0.0004466938553377986,0.0007523269159719348,537,32766,608,1798,2439,3.251612901687622
2026-04-07T10:38:07.214,radio://0/80/2M,range,1,0,Reacquire Wall,0.5007541179656982,0,0,0,0.0,0,0,0.0,0.0,54080,2,1,3075,0.016695601865649223,-0.02185049280524254,-0.0004466938553377986,0.0007523269159719348,662,32766,636,32766,2433,3.2727272510528564
2026-04-07T10:38:07.459,radio://0/80/2M,mission,1,0,Reacquire Wall,0.5011394023895264,0,0,0,0.0,0,0,0.0,0.0,54080,2,1,3075,0.016695601865649223,-0.02185049280524254,-0.0004466938553377986,0.0007523269159719348,662,32766,636,32766,2433,3.2727272510528564
2026-04-07T10:38:07.462,radio://0/80/2M,flow,1,0,Reacquire Wall,0.5011394023895264,0,0,0,0.0,0,0,0.0,0.0,54330,0,0,3075,0.027893265709280968,0.03385186940431595,-7.793587997184659e-07,0.0003515119315125048,662,32766,636,32766,2433,3.2727272510528564
2026-04-07T10:38:07.464,radio://0/80/2M,range,1,0,Reacquire Wall,0.5011394023895264,0,0,0,0.0,0,0,0.0,0.0,54330,0,0,3075,0.027893265709280968,0.03385186940431595,-7.793587997184659e-07,0.0003515119315125048,763,32766,679,32766,2433,3.267448663711548
2026-04-07T10:38:07.708,radio://0/80/2M,mission,1,5,Transition,0.5021169185638428,0,0,0,0.0,0,0,0.0,0.0,54330,0,0,3075,0.027893265709280968,0.03385186940431595,-7.793587997184659e-07,0.0003515119315125048,763,32766,679,32766,2433,3.267448663711548
2026-04-07T10:38:07.712,radio://0/80/2M,flow,1,5,Transition,0.5021169185638428,0,0,0,0.0,0,0,0.0,0.0,54580,0,0,3075,0.002038471633568406,0.015639469027519226,-0.0002380410151090473,0.0,763,32766,679,32766,2433,3.267448663711548
2026-04-07T10:38:07.714,radio://0/80/2M,range,1,5,Transition,0.5021169185638428,0,0,0,0.0,0,0,0.0,0.0,54580,0,0,3075,0.002038471633568406,0.015639469027519226,-0.0002380410151090473,0.0,664,32766,708,32766,2439,3.267448663711548
2026-04-07T10:38:07.959,radio://0/80/2M,mission,1,2,Scan,0.5002800822257996,0,0,0,0.0,0,0,0.0,0.0,54580,0,0,3075,0.002038471633568406,0.015639469027519226,-0.0002380410151090473,0.0,664,32766,708,32766,2439,3.267448663711548
2026-04-07T10:38:07.962,radio://0/80/2M,flow,1,2,Scan,0.5002800822257996,0,0,0,0.0,0,0,0.0,0.0,54830,0,0,3075,-0.014798006974160671,-0.013662491925060749,-0.0026999993715435266,0.0,664,32766,708,32766,2439,3.267448663711548
2026-04-07T10:38:07.963,radio://0/80/2M,range,1,2,Scan,0.5002800822257996,0,0,0,0.0,0,0,0.0,0.0,54830,0,0,3075,-0.014798006974160671,-0.013662491925060749,-0.0026999993715435266,0.0,610,32766,741,32766,2435,3.2621700763702393
2026-04-07T10:38:08.208,radio://0/80/2M,mission,1,2,Scan,0.5027028322219849,0,0,0,0.0,0,0,0.0,0.0,54830,0,0,3075,-0.014798006974160671,-0.013662491925060749,-0.0026999993715435266,0.0,610,32766,741,32766,2435,3.2621700763702393
2026-04-07T10:38:08.211,radio://0/80/2M,flow,1,2,Scan,0.5027028322219849,0,0,0,0.0,0,0,0.0,0.0,55080,1,0,3075,-0.012202771380543709,0.018301058560609818,-0.0023099989630281925,0.0,610,32766,741,32766,2435,3.2621700763702393
2026-04-07T10:38:08.213,radio://0/80/2M,range,1,2,Scan,0.5027028322219849,0,0,0,0.0,0,0,0.0,0.0,55080,1,0,3075,-0.012202771380543709,0.018301058560609818,-0.0023099989630281925,0.0,623,32766,726,32766,2440,3.2727272510528564
2026-04-07T10:38:08.459,radio://0/80/2M,mission,1,2,Scan,0.5056644082069397,0,0,0,0.0,0,0,0.0,0.0,55080,1,0,3075,-0.012202771380543709,0.018301058560609818,-0.0023099989630281925,0.0,623,32766,726,32766,2440,3.2727272510528564
2026-04-07T10:38:08.463,radio://0/80/2M,flow,1,2,Scan,0.5056644082069397,0,0,0,0.0,0,0,0.0,0.0,55330,-4,5,3075,0.02967817708849907,0.0325600728392601,-0.0005400002119131386,0.0020099992398172617,623,32766,726,32766,2440,3.2727272510528564
2026-04-07T10:38:08.465,radio://0/80/2M,range,1,2,Scan,0.5056644082069397,0,0,0,0.0,0,0,0.0,0.0,55330,-4,5,3075,0.02967817708849907,0.0325600728392601,-0.0005400002119131386,0.0020099992398172617,682,32766,633,32766,2429,3.267448663711548
2026-04-07T10:38:08.708,radio://0/80/2M,mission,1,2,Scan,0.5038155913352966,0,0,0,0.0,0,0,0.0,0.0,55330,-4,5,3075,0.02967817708849907,0.0325600728392601,-0.0005400002119131386,0.0020099992398172617,682,32766,633,32766,2429,3.267448663711548
2026-04-07T10:38:08.712,radio://0/80/2M,flow,1,2,Scan,0.5038155913352966,0,0,0,0.0,0,0,0.0,0.0,55580,4,3,3075,0.025463076308369637,0.04609538987278938,-2.11130327443243e-07,0.011919824406504631,682,32766,633,32766,2429,3.267448663711548
2026-04-07T10:38:08.713,radio://0/80/2M,range,1,2,Scan,0.5038155913352966,0,0,0,0.0,0,0,0.0,0.0,55580,4,3,3075,0.025463076308369637,0.04609538987278938,-2.11130327443243e-07,0.011919824406504631,748,32766,580,32766,2434,3.267448663711548
2026-04-07T10:38:08.957,radio://0/80/2M,mission,1,2,Scan,0.5047265291213989,0,0,0,0.0,0,0,0.0,0.0,55580,4,3,3075,0.025463076308369637,0.04609538987278938,-2.11130327443243e-07,0.011919824406504631,748,32766,580,32766,2434,3.267448663711548
2026-04-07T10:38:08.961,radio://0/80/2M,flow,1,2,Scan,0.5047265291213989,0,0,0,0.0,0,0,0.0,0.0,55830,0,7,3075,0.021573510020971298,-0.0015307072317227721,-2.8314014327568415e-11,0.018169429153203964,748,32766,580,32766,2434,3.267448663711548
2026-04-07T10:38:08.962,radio://0/80/2M,range,1,2,Scan,0.5047265291213989,0,0,0,0.0,0,0,0.0,0.0,55830,0,7,3075,0.021573510020971298,-0.0015307072317227721,-2.8314014327568415e-11,0.018169429153203964,32766,32766,515,1803,2438,3.2568914890289307
2026-04-07T10:38:09.208,radio://0/80/2M,mission,1,2,Scan,0.5021945238113403,0,0,0,0.0,0,0,0.0,0.0,55830,0,7,3075,0.021573510020971298,-0.0015307072317227721,-2.8314014327568415e-11,0.018169429153203964,32766,32766,515,1803,2438,3.2568914890289307
2026-04-07T10:38:09.211,radio://0/80/2M,flow,1,2,Scan,0.5021945238113403,0,0,0,0.0,0,0,0.0,0.0,56080,0,0,3075,0.0073949727229774,-0.021671846508979797,-0.005609999410808086,0.00597000028938055,32766,32766,515,1803,2438,3.2568914890289307
2026-04-07T10:38:09.212,radio://0/80/2M,range,1,2,Scan,0.5021945238113403,0,0,0,0.0,0,0,0.0,0.0,56080,0,0,3075,0.0073949727229774,-0.021671846508979797,-0.005609999410808086,0.00597000028938055,513,966,501,1752,2438,3.2621700763702393
2026-04-07T10:38:09.457,radio://0/80/2M,mission,1,2,Scan,0.5030102133750916,0,0,0,0.0,0,0,0.0,0.0,56080,0,0,3075,0.0073949727229774,-0.021671846508979797,-0.005609999410808086,0.00597000028938055,513,966,501,1752,2438,3.2621700763702393
2026-04-07T10:38:09.460,radio://0/80/2M,flow,1,2,Scan,0.5030102133750916,0,0,0,0.0,0,0,0.0,0.0,56330,0,0,3075,0.021395722404122353,-0.009059790521860123,-0.005100001115351915,0.00575999915599823,513,966,501,1752,2438,3.2621700763702393
2026-04-07T10:38:09.461,radio://0/80/2M,range,1,2,Scan,0.5030102133750916,0,0,0,0.0,0,0,0.0,0.0,56330,0,0,3075,0.021395722404122353,-0.009059790521860123,-0.005100001115351915,0.00575999915599823,530,923,508,1752,2440,3.278005838394165
2026-04-07T10:38:09.707,radio://0/80/2M,mission,1,2,Scan,0.5038456320762634,0,0,0,0.0,0,0,0.0,0.0,56330,0,0,3075,0.021395722404122353,-0.009059790521860123,-0.005100001115351915,0.00575999915599823,530,923,508,1752,2440,3.278005838394165
2026-04-07T10:38:09.710,radio://0/80/2M,flow,1,2,Scan,0.5038456320762634,0,0,0,0.0,0,0,0.0,0.0,56580,0,0,3075,-0.02958914078772068,-0.07405756413936615,-0.006569999735802412,0.005879999604076147,530,923,508,1752,2440,3.278005838394165
2026-04-07T10:38:09.712,radio://0/80/2M,range,1,2,Scan,0.5038456320762634,0,0,0,0.0,0,0,0.0,0.0,56580,0,0,3075,-0.02958914078772068,-0.07405756413936615,-0.006569999735802412,0.005879999604076147,481,902,504,1802,2433,3.278005838394165
2026-04-07T10:38:09.957,radio://0/80/2M,mission,1,2,Scan,0.5034662485122681,0,0,0,0.0,0,0,0.0,0.0,56580,0,0,3075,-0.02958914078772068,-0.07405756413936615,-0.006569999735802412,0.005879999604076147,481,902,504,1802,2433,3.278005838394165
2026-04-07T10:38:09.961,radio://0/80/2M,flow,1,2,Scan,0.5034662485122681,0,0,0,0.0,0,0,0.0,0.0,56830,0,0,3075,0.009514393284916878,-0.08052163571119308,-1.5283820175682195e-05,0.015034578740596771,481,902,504,1802,2433,3.278005838394165
2026-04-07T10:38:09.962,radio://0/80/2M,range,1,2,Scan,0.5034662485122681,0,0,0,0.0,0,0,0.0,0.0,56830,0,0,3075,0.009514393284916878,-0.08052163571119308,-1.5283820175682195e-05,0.015034578740596771,32766,904,551,1868,2427,3.2463343143463135
2026-04-07T10:38:10.208,radio://0/80/2M,mission,1,2,Scan,0.5053312182426453,0,0,0,0.0,0,0,0.0,0.0,56830,0,0,3075,0.009514393284916878,-0.08052163571119308,-1.5283820175682195e-05,0.015034578740596771,32766,904,551,1868,2427,3.2463343143463135
2026-04-07T10:38:10.211,radio://0/80/2M,flow,1,2,Scan,0.5053312182426453,0,0,0,0.0,0,0,0.0,0.0,57080,1,0,3075,0.01709190383553505,-0.03745137155056,-2.9280917690499564e-09,0.011478518135845661,32766,904,551,1868,2427,3.2463343143463135
2026-04-07T10:38:10.212,radio://0/80/2M,range,1,2,Scan,0.5053312182426453,0,0,0,0.0,0,0,0.0,0.0,57080,1,0,3075,0.01709190383553505,-0.03745137155056,-2.9280917690499564e-09,0.011478518135845661,32766,917,586,1287,2432,3.2621700763702393
2026-04-07T10:38:10.457,radio://0/80/2M,mission,1,2,Scan,0.5077515244483948,0,0,0,0.0,0,0,0.0,0.0,57080,1,0,3075,0.01709190383553505,-0.03745137155056,-2.9280917690499564e-09,0.011478518135845661,32766,917,586,1287,2432,3.2621700763702393
2026-04-07T10:38:10.460,radio://0/80/2M,flow,1,2,Scan,0.5077515244483948,0,0,0,0.0,0,0,0.0,0.0,57330,0,0,3267,0.01875455677509308,-0.04489617049694061,-2.748739278725376e-13,0.003284613136202097,32766,917,586,1287,2432,3.2621700763702393
2026-04-07T10:38:10.462,radio://0/80/2M,range,1,2,Scan,0.5077515244483948,0,0,0,0.0,0,0,0.0,0.0,57330,0,0,3267,0.01875455677509308,-0.04489617049694061,-2.748739278725376e-13,0.003284613136202097,32766,945,673,1048,2428,3.2568914890289307
2026-04-07T10:38:10.707,radio://0/80/2M,mission,1,2,Scan,0.498923659324646,0,0,0,0.0,0,0,0.0,0.0,57330,0,0,3267,0.01875455677509308,-0.04489617049694061,-2.748739278725376e-13,0.003284613136202097,32766,945,673,1048,2428,3.2568914890289307
2026-04-07T10:38:10.710,radio://0/80/2M,flow,1,2,Scan,0.498923659324646,0,0,0,0.0,0,0,0.0,0.0,57580,0,5,3471,-0.017303913831710815,-0.02117133140563965,-3.6862470200368225e-17,0.00039093458326533437,32766,945,673,1048,2428,3.2568914890289307
2026-04-07T10:38:10.711,radio://0/80/2M,range,1,2,Scan,0.498923659324646,0,0,0,0.0,0,0,0.0,0.0,57580,0,5,3471,-0.017303913831710815,-0.02117133140563965,-3.6862470200368225e-17,0.00039093458326533437,32766,986,696,879,2429,3.2463343143463135
2026-04-07T10:38:10.955,radio://0/80/2M,mission,1,2,Scan,0.4931630790233612,0,0,0,0.0,0,0,0.0,0.0,57580,0,5,3471,-0.017303913831710815,-0.02117133140563965,-3.6862470200368225e-17,0.00039093458326533437,32766,986,696,879,2429,3.2463343143463135
2026-04-07T10:38:10.960,radio://0/80/2M,flow,1,2,Scan,0.4931630790233612,0,0,0,0.0,0,0,0.0,0.0,57830,2,-14,3687,-0.01656436361372471,-0.028466954827308655,-4.943509221603923e-21,0.03170429542660713,32766,986,696,879,2429,3.2463343143463135
2026-04-07T10:38:10.961,radio://0/80/2M,range,1,2,Scan,0.4931630790233612,0,0,0,0.0,0,0,0.0,0.0,57830,2,-14,3687,-0.01656436361372471,-0.028466954827308655,-4.943509221603923e-21,0.03170429542660713,32766,32766,363,837,2444,3.2463343143463135
2026-04-07T10:38:11.205,radio://0/80/2M,mission,1,2,Scan,0.4923197627067566,0,0,0,0.0,0,0,0.0,0.0,57830,2,-14,3687,-0.01656436361372471,-0.028466954827308655,-4.943509221603923e-21,0.03170429542660713,32766,32766,363,837,2444,3.2463343143463135
2026-04-07T10:38:11.209,radio://0/80/2M,flow,1,2,Scan,0.4923197627067566,0,0,0,0.0,0,0,0.0,0.0,58080,0,0,3917,-0.0005878343363292515,-0.03527950122952461,-6.62958162405866e-25,0.03373110294342041,32766,32766,363,837,2444,3.2463343143463135
2026-04-07T10:38:11.210,radio://0/80/2M,range,1,2,Scan,0.4923197627067566,0,0,0,0.0,0,0,0.0,0.0,58080,0,0,3917,-0.0005878343363292515,-0.03527950122952461,-6.62958162405866e-25,0.03373110294342041,32766,32766,363,765,2448,3.2568914890289307
2026-04-07T10:38:11.455,radio://0/80/2M,mission,1,2,Scan,0.4963669180870056,0,0,0,0.0,0,0,0.0,0.0,58080,0,0,3917,-0.0005878343363292515,-0.03527950122952461,-6.62958162405866e-25,0.03373110294342041,32766,32766,363,765,2448,3.2568914890289307
2026-04-07T10:38:11.459,radio://0/80/2M,flow,1,2,Scan,0.4963669180870056,0,0,0,0.0,0,0,0.0,0.0,58330,0,0,3917,0.0085979625582695,-0.06816934794187546,0.0,0.0,32766,32766,363,765,2448,3.2568914890289307
2026-04-07T10:38:11.461,radio://0/80/2M,range,1,2,Scan,0.4963669180870056,0,0,0,0.0,0,0,0.0,0.0,58330,0,0,3917,0.0085979625582695,-0.06816934794187546,0.0,0.0,32766,32766,412,734,2445,3.251612901687622
2026-04-07T10:38:11.705,radio://0/80/2M,mission,1,2,Scan,0.502231776714325,0,0,0,0.0,0,0,0.0,0.0,58330,0,0,3917,0.0085979625582695,-0.06816934794187546,0.0,0.0,32766,32766,412,734,2445,3.251612901687622
2026-04-07T10:38:11.709,radio://0/80/2M,flow,1,2,Scan,0.502231776714325,0,0,0,0.0,0,0,0.0,0.0,58580,-1,-1,3917,0.01059118751436472,-0.053960755467414856,-1.192306197559351e-32,0.02831965498626232,32766,32766,412,734,2445,3.251612901687622
2026-04-07T10:38:11.710,radio://0/80/2M,range,1,2,Scan,0.502231776714325,0,0,0,0.0,0,0,0.0,0.0,58580,-1,-1,3917,0.01059118751436472,-0.053960755467414856,-1.192306197559351e-32,0.02831965498626232,32766,1999,417,725,2436,3.2885630130767822
2026-04-07T10:38:11.955,radio://0/80/2M,mission,1,2,Scan,0.508801281452179,0,0,0,0.0,0,0,0.0,0.0,58580,-1,-1,3917,0.01059118751436472,-0.053960755467414856,-1.192306197559351e-32,0.02831965498626232,32766,1999,417,725,2436,3.2885630130767822
2026-04-07T10:38:11.959,radio://0/80/2M,flow,1,2,Scan,0.508801281452179,0,0,0,0.0,0,0,0.0,0.0,58830,0,0,3917,0.024392975494265556,-0.024269429966807365,-2.2842339817127008e-36,0.029249195009469986,32766,1999,417,725,2436,3.2885630130767822
2026-04-07T10:38:11.960,radio://0/80/2M,range,1,2,Scan,0.508801281452179,0,0,0,0.0,0,0,0.0,0.0,58830,0,0,3917,0.024392975494265556,-0.024269429966807365,-2.2842339817127008e-36,0.029249195009469986,32766,1955,407,723,2426,3.278005838394165
2026-04-07T10:38:12.205,radio://0/80/2M,mission,1,2,Scan,0.5073214769363403,0,0,0,0.0,0,0,0.0,0.0,58830,0,0,3917,0.024392975494265556,-0.024269429966807365,-2.2842339817127008e-36,0.029249195009469986,32766,1955,407,723,2426,3.278005838394165
2026-04-07T10:38:12.209,radio://0/80/2M,flow,1,2,Scan,0.5073214769363403,0,0,0,0.0,0,0,0.0,0.0,59080,0,0,3673,0.038412075489759445,-0.01935143582522869,-0.0012899995781481266,0.009000000543892384,32766,1955,407,723,2426,3.278005838394165
2026-04-07T10:38:12.210,radio://0/80/2M,range,1,2,Scan,0.5073214769363403,0,0,0,0.0,0,0,0.0,0.0,59080,0,0,3673,0.038412075489759445,-0.01935143582522869,-0.0012899995781481266,0.009000000543892384,657,1962,400,742,2435,3.2727272510528564
2026-04-07T10:38:12.455,radio://0/80/2M,mission,1,2,Scan,0.497942179441452,0,0,0,0.0,0,0,0.0,0.0,59080,0,0,3673,0.038412075489759445,-0.01935143582522869,-0.0012899995781481266,0.009000000543892384,657,1962,400,742,2435,3.2727272510528564
2026-04-07T10:38:12.458,radio://0/80/2M,flow,1,2,Scan,0.497942179441452,0,0,0,0.0,0,0,0.0,0.0,59330,0,-20,3444,0.0006524370401166379,-0.011319897137582302,-0.001469999086111784,0.0,657,1962,400,742,2435,3.2727272510528564
2026-04-07T10:38:12.459,radio://0/80/2M,range,1,2,Scan,0.497942179441452,0,0,0,0.0,0,0,0.0,0.0,59330,0,-20,3444,0.0006524370401166379,-0.011319897137582302,-0.001469999086111784,0.0,651,2053,32766,793,2439,3.241055727005005
2026-04-07T10:38:12.704,radio://0/80/2M,mission,1,2,Scan,0.49240878224372864,0,0,0,0.0,0,0,0.0,0.0,59330,0,-20,3444,0.0006524370401166379,-0.011319897137582302,-0.001469999086111784,0.0,651,2053,32766,793,2439,3.241055727005005
2026-04-07T10:38:12.708,radio://0/80/2M,flow,1,2,Scan,0.49240878224372864,0,0,0,0.0,0,0,0.0,0.0,59580,0,0,3229,-0.030021287500858307,-0.05061902105808258,-0.00138000026345253,0.0,651,2053,32766,793,2439,3.241055727005005
2026-04-07T10:38:12.709,radio://0/80/2M,range,1,2,Scan,0.49240878224372864,0,0,0,0.0,0,0,0.0,0.0,59580,0,0,3229,-0.030021287500858307,-0.05061902105808258,-0.00138000026345253,0.0,654,2086,32766,871,2442,3.225219964981079
2026-04-07T10:38:12.955,radio://0/80/2M,mission,1,2,Scan,0.4940728545188904,0,0,0,0.0,0,0,0.0,0.0,59580,0,0,3229,-0.030021287500858307,-0.05061902105808258,-0.00138000026345253,0.0,654,2086,32766,871,2442,3.225219964981079
2026-04-07T10:38:12.958,radio://0/80/2M,flow,1,2,Scan,0.4940728545188904,0,0,0,0.0,0,0,0.0,0.0,59830,0,0,3229,-0.02639874257147312,-0.024738363921642303,-0.0008699995814822614,0.0,654,2086,32766,871,2442,3.225219964981079
2026-04-07T10:38:12.959,radio://0/80/2M,range,1,2,Scan,0.4940728545188904,0,0,0,0.0,0,0,0.0,0.0,59830,0,0,3229,-0.02639874257147312,-0.024738363921642303,-0.0008699995814822614,0.0,671,32766,32766,923,2441,3.2199413776397705
2026-04-07T10:38:13.205,radio://0/80/2M,mission,1,2,Scan,0.49781301617622375,0,0,0,0.0,0,0,0.0,0.0,59830,0,0,3229,-0.02639874257147312,-0.024738363921642303,-0.0008699995814822614,0.0,671,32766,32766,923,2441,3.2199413776397705
2026-04-07T10:38:13.208,radio://0/80/2M,flow,1,2,Scan,0.49781301617622375,0,0,0,0.0,0,0,0.0,0.0,60080,1,0,3229,0.02885453961789608,-0.013251855969429016,-6.228573056432651e-06,0.0,671,32766,32766,923,2441,3.2199413776397705
2026-04-07T10:38:13.209,radio://0/80/2M,range,1,2,Scan,0.49781301617622375,0,0,0,0.0,0,0,0.0,0.0,60080,1,0,3229,0.02885453961789608,-0.013251855969429016,-6.228573056432651e-06,0.0,712,1344,32766,32766,2436,3.2357771396636963
2026-04-07T10:38:13.456,radio://0/80/2M,mission,1,2,Scan,0.499838650226593,0,0,0,0.0,0,0,0.0,0.0,60080,1,0,3229,0.02885453961789608,-0.013251855969429016,-6.228573056432651e-06,0.0,712,1344,32766,32766,2436,3.2357771396636963
2026-04-07T10:38:13.458,radio://0/80/2M,flow,1,2,Scan,0.499838650226593,0,0,0,0.0,0,0,0.0,0.0,60330,3,0,3430,0.04468446969985962,-0.02899061143398285,-8.352940561451305e-10,0.0,712,1344,32766,32766,2436,3.2357771396636963
2026-04-07T10:38:13.459,radio://0/80/2M,range,1,2,Scan,0.499838650226593,0,0,0,0.0,0,0,0.0,0.0,60330,3,0,3430,0.04468446969985962,-0.02899061143398285,-8.352940561451305e-10,0.0,738,1149,32766,32766,2436,3.241055727005005
2026-04-07T10:38:13.705,radio://0/80/2M,mission,1,2,Scan,0.4995216131210327,0,0,0,0.0,0,0,0.0,0.0,60330,3,0,3430,0.04468446969985962,-0.02899061143398285,-8.352940561451305e-10,0.0,738,1149,32766,32766,2436,3.241055727005005
2026-04-07T10:38:13.708,radio://0/80/2M,flow,1,2,Scan,0.4995216131210327,0,0,0,0.0,0,0,0.0,0.0,60580,0,0,3430,-0.004980696830898523,-0.06356574594974518,-1.1201860972013047e-13,0.0,738,1149,32766,32766,2436,3.241055727005005
2026-04-07T10:38:13.709,radio://0/80/2M,range,1,2,Scan,0.4995216131210327,0,0,0,0.0,0,0,0.0,0.0,60580,0,0,3430,-0.004980696830898523,-0.06356574594974518,-1.1201860972013047e-13,0.0,32766,1084,32766,32766,2438,3.2357771396636963
2026-04-07T10:38:13.954,radio://0/80/2M,mission,1,2,Scan,0.5014730095863342,0,0,0,0.0,0,0,0.0,0.0,60580,0,0,3430,-0.004980696830898523,-0.06356574594974518,-1.1201860972013047e-13,0.0,32766,1084,32766,32766,2438,3.2357771396636963
2026-04-07T10:38:13.958,radio://0/80/2M,flow,1,2,Scan,0.5014730095863342,0,0,0,0.0,0,0,0.0,0.0,60830,1,0,3430,-0.01742849126458168,-0.04206850007176399,-1.5022458537438813e-17,0.0,32766,1084,32766,32766,2438,3.2357771396636963
2026-04-07T10:38:13.959,radio://0/80/2M,range,1,2,Scan,0.5014730095863342,0,0,0,0.0,0,0,0.0,0.0,60830,1,0,3430,-0.01742849126458168,-0.04206850007176399,-1.5022458537438813e-17,0.0,1874,1006,32766,32766,2442,3.241055727005005
2026-04-07T10:38:14.203,radio://0/80/2M,mission,1,2,Scan,0.5010702013969421,0,0,0,0.0,0,0,0.0,0.0,60830,1,0,3430,-0.01742849126458168,-0.04206850007176399,-1.5022458537438813e-17,0.0,1874,1006,32766,32766,2442,3.241055727005005
2026-04-07T10:38:14.207,radio://0/80/2M,flow,1,2,Scan,0.5010702013969421,0,0,0,0.0,0,0,0.0,0.0,61080,0,0,3644,-0.0018552656983956695,0.013214643113315105,0.025850895792245865,0.022546282038092613,1874,1006,32766,32766,2442,3.241055727005005
2026-04-07T10:38:14.208,radio://0/80/2M,range,1,2,Scan,0.5010702013969421,0,0,0,0.0,0,0,0.0,0.0,61080,0,0,3644,-0.0018552656983956695,0.013214643113315105,0.025850895792245865,0.022546282038092613,1786,963,474,434,2437,3.267448663711548
2026-04-07T10:38:14.453,radio://0/80/2M,mission,1,2,Scan,0.4973140060901642,0,0,0,0.0,0,0,0.0,0.0,61080,0,0,3644,-0.0018552656983956695,0.013214643113315105,0.025850895792245865,0.022546282038092613,1786,963,474,434,2437,3.267448663711548
2026-04-07T10:38:14.459,radio://0/80/2M,flow,1,2,Scan,0.4973140060901642,0,0,0,0.0,0,0,0.0,0.0,61330,0,0,4369,0.0657055452466011,0.022338395938277245,0.024034226313233376,0.022100521251559258,1786,963,474,434,2437,3.267448663711548
2026-04-07T10:38:14.460,radio://0/80/2M,range,1,2,Scan,0.4973140060901642,0,0,0,0.0,0,0,0.0,0.0,61330,0,0,4369,0.0657055452466011,0.022338395938277245,0.024034226313233376,0.022100521251559258,1753,930,479,461,2432,3.2568914890289307
2026-04-07T10:38:14.703,radio://0/80/2M,mission,1,2,Scan,0.501725435256958,0,0,0,0.0,0,0,0.0,0.0,61330,0,0,4369,0.0657055452466011,0.022338395938277245,0.024034226313233376,0.022100521251559258,1753,930,479,461,2432,3.2568914890289307
2026-04-07T10:38:14.706,radio://0/80/2M,flow,1,2,Scan,0.501725435256958,0,0,0,0.0,0,0,0.0,0.0,61580,1,0,4369,0.05629519745707512,0.014623161405324936,0.014683899469673634,0.020631391555070877,1753,930,479,461,2432,3.2568914890289307
2026-04-07T10:38:14.707,radio://0/80/2M,range,1,2,Scan,0.501725435256958,0,0,0,0.0,0,0,0.0,0.0,61580,1,0,4369,0.05629519745707512,0.014623161405324936,0.014683899469673634,0.020631391555070877,1766,926,494,569,2437,3.267448663711548
2026-04-07T10:38:14.953,radio://0/80/2M,mission,1,2,Scan,0.5013033151626587,0,0,0,0.0,0,0,0.0,0.0,61580,1,0,4369,0.05629519745707512,0.014623161405324936,0.014683899469673634,0.020631391555070877,1766,926,494,569,2437,3.267448663711548
2026-04-07T10:38:14.956,radio://0/80/2M,flow,1,2,Scan,0.5013033151626587,0,0,0,0.0,0,0,0.0,0.0,61830,-19,-15,4096,0.07168329507112503,0.11331930011510849,0.011962758377194405,0.016910206526517868,1766,926,494,569,2437,3.267448663711548
2026-04-07T10:38:14.957,radio://0/80/2M,range,1,2,Scan,0.5013033151626587,0,0,0,0.0,0,0,0.0,0.0,61830,-19,-15,4096,0.07168329507112503,0.11331930011510849,0.011962758377194405,0.016910206526517868,1791,948,534,580,2439,3.2093842029571533
2026-04-07T10:38:15.203,radio://0/80/2M,mission,1,2,Scan,0.4995687007904053,0,0,0,0.0,0,0,0.0,0.0,61830,-19,-15,4096,0.07168329507112503,0.11331930011510849,0.011962758377194405,0.016910206526517868,1791,948,534,580,2439,3.2093842029571533
2026-04-07T10:38:15.207,radio://0/80/2M,flow,1,2,Scan,0.4995687007904053,0,0,0,0.0,0,0,0.0,0.0,62080,0,0,4096,0.01901230216026306,0.046925026923418045,0.00022382168390322477,0.013078668154776096,1791,948,534,580,2439,3.2093842029571533
2026-04-07T10:38:15.208,radio://0/80/2M,range,1,2,Scan,0.4995687007904053,0,0,0,0.0,0,0,0.0,0.0,62080,0,0,4096,0.01901230216026306,0.046925026923418045,0.00022382168390322477,0.013078668154776096,1842,969,570,32766,2440,3.2621700763702393
2026-04-07T10:38:15.453,radio://0/80/2M,mission,1,2,Scan,0.49986833333969116,0,0,0,0.0,0,0,0.0,0.0,62080,0,0,4096,0.01901230216026306,0.046925026923418045,0.00022382168390322477,0.013078668154776096,1842,969,570,32766,2440,3.2621700763702393
2026-04-07T10:38:15.456,radio://0/80/2M,flow,1,2,Scan,0.49986833333969116,0,0,0,0.0,0,0,0.0,0.0,62330,0,0,4096,0.018386363983154297,0.02798791602253914,2.1011206996490728e-08,0.007744326256215572,1842,969,570,32766,2440,3.2621700763702393
2026-04-07T10:38:15.457,radio://0/80/2M,range,1,2,Scan,0.49986833333969116,0,0,0,0.0,0,0,0.0,0.0,62330,0,0,4096,0.018386363983154297,0.02798791602253914,2.1011206996490728e-08,0.007744326256215572,1658,1036,627,32766,2442,3.251612901687622
2026-04-07T10:38:15.702,radio://0/80/2M,mission,1,2,Scan,0.4999128580093384,0,0,0,0.0,0,0,0.0,0.0,62330,0,0,4096,0.018386363983154297,0.02798791602253914,2.1011206996490728e-08,0.007744326256215572,1658,1036,627,32766,2442,3.251612901687622
2026-04-07T10:38:15.706,radio://0/80/2M,flow,1,2,Scan,0.4999128580093384,0,0,0,0.0,0,0,0.0,0.0,62580,1,-1,4096,0.02008780650794506,0.006721336394548416,2.817745819658213e-12,5.884422080271179e-06,1658,1036,627,32766,2442,3.251612901687622
2026-04-07T10:38:15.707,radio://0/80/2M,range,1,2,Scan,0.4999128580093384,0,0,0,0.0,0,0,0.0,0.0,62580,1,-1,4096,0.02008780650794506,0.006721336394548416,2.817745819658213e-12,5.884422080271179e-06,1256,1077,32766,32766,2443,3.241055727005005
2026-04-07T10:38:15.952,radio://0/80/2M,mission,1,2,Scan,0.497975617647171,0,0,0,0.0,0,0,0.0,0.0,62580,1,-1,4096,0.02008780650794506,0.006721336394548416,2.817745819658213e-12,5.884422080271179e-06,1256,1077,32766,32766,2443,3.241055727005005
2026-04-07T10:38:15.956,radio://0/80/2M,flow,1,2,Scan,0.497975617647171,0,0,0,0.0,0,0,0.0,0.0,62830,0,0,4096,0.00599938677623868,0.01444444339722395,3.778790266433581e-16,7.891410302995894e-10,1256,1077,32766,32766,2443,3.241055727005005
2026-04-07T10:38:15.957,radio://0/80/2M,range,1,2,Scan,0.497975617647171,0,0,0,0.0,0,0,0.0,0.0,62830,0,0,4096,0.00599938677623868,0.01444444339722395,3.778790266433581e-16,7.891410302995894e-10,1106,1158,32766,32766,2438,3.2199413776397705
2026-04-07T10:38:16.202,radio://0/80/2M,mission,1,2,Scan,0.49592146277427673,0,0,0,0.0,0,0,0.0,0.0,62830,0,0,4096,0.00599938677623868,0.01444444339722395,3.778790266433581e-16,7.891410302995894e-10,1106,1158,32766,32766,2438,3.2199413776397705
2026-04-07T10:38:16.205,radio://0/80/2M,flow,1,2,Scan,0.49592146277427673,0,0,0,0.0,0,0,0.0,0.0,63080,0,0,3840,0.055530447512865067,0.002719802549108863,0.0037643227260559797,1.0582918412048101e-13,1106,1158,32766,32766,2438,3.2199413776397705
2026-04-07T10:38:16.206,radio://0/80/2M,range,1,2,Scan,0.49592146277427673,0,0,0,0.0,0,0,0.0,0.0,63080,0,0,3840,0.055530447512865067,0.002719802549108863,0.0037643227260559797,1.0582918412048101e-13,942,32766,32766,657,2442,3.2199413776397705
2026-04-07T10:38:16.452,radio://0/80/2M,mission,1,2,Scan,0.49380356073379517,0,0,0,0.0,0,0,0.0,0.0,63080,0,0,3840,0.055530447512865067,0.002719802549108863,0.0037643227260559797,1.0582918412048101e-13,942,32766,32766,657,2442,3.2199413776397705
2026-04-07T10:38:16.455,radio://0/80/2M,flow,1,2,Scan,0.49380356073379517,0,0,0,0.0,0,0,0.0,0.0,63330,0,0,3840,0.025519801303744316,0.004776389803737402,0.005106070078909397,1.4192414225605126e-17,942,32766,32766,657,2442,3.2199413776397705
2026-04-07T10:38:16.457,radio://0/80/2M,range,1,2,Scan,0.49380356073379517,0,0,0,0.0,0,0,0.0,0.0,63330,0,0,3840,0.025519801303744316,0.004776389803737402,0.005106070078909397,1.4192414225605126e-17,884,32766,1602,649,2448,3.2093842029571533
2026-04-07T10:38:16.702,radio://0/80/2M,mission,1,2,Scan,0.4993152618408203,0,0,0,0.0,0,0,0.0,0.0,63330,0,0,3840,0.025519801303744316,0.004776389803737402,0.005106070078909397,1.4192414225605126e-17,884,32766,1602,649,2448,3.2093842029571533
2026-04-07T10:38:16.705,radio://0/80/2M,flow,1,2,Scan,0.4993152618408203,0,0,0,0.0,0,0,0.0,0.0,63580,-1,0,3840,0.01618933491408825,0.020684631541371346,0.005938537884503603,1.9032997764254685e-21,884,32766,1602,649,2448,3.2093842029571533
2026-04-07T10:38:16.706,radio://0/80/2M,range,1,2,Scan,0.4993152618408203,0,0,0,0.0,0,0,0.0,0.0,63580,-1,0,3840,0.01618933491408825,0.020684631541371346,0.005938537884503603,1.9032997764254685e-21,805,32766,1553,642,2429,3.2621700763702393
2026-04-07T10:38:16.952,radio://0/80/2M,mission,1,2,Scan,0.5019373893737793,0,0,0,0.0,0,0,0.0,0.0,63580,-1,0,3840,0.01618933491408825,0.020684631541371346,0.005938537884503603,1.9032997764254685e-21,805,32766,1553,642,2429,3.2621700763702393
2026-04-07T10:38:16.956,radio://0/80/2M,flow,1,2,Scan,0.5019373893737793,0,0,0,0.0,0,0,0.0,0.0,63830,-1,-4,3840,-0.0006069274386391044,0.0682024210691452,0.004974134266376495,2.552454615189276e-25,805,32766,1553,642,2429,3.2621700763702393
2026-04-07T10:38:16.957,radio://0/80/2M,range,1,2,Scan,0.5019373893737793,0,0,0,0.0,0,0,0.0,0.0,63830,-1,-4,3840,-0.0006069274386391044,0.0682024210691452,0.004974134266376495,2.552454615189276e-25,759,32766,1550,651,2428,3.2304985523223877
2026-04-07T10:38:17.202,radio://0/80/2M,mission,1,2,Scan,0.4993590712547302,0,0,0,0.0,0,0,0.0,0.0,63830,-1,-4,3840,-0.0006069274386391044,0.0682024210691452,0.004974134266376495,2.552454615189276e-25,759,32766,1550,651,2428,3.2304985523223877
2026-04-07T10:38:17.205,radio://0/80/2M,flow,1,2,Scan,0.4993590712547302,0,0,0,0.0,0,0,0.0,0.0,64080,0,-4,3840,-0.012366236187517643,0.0773736834526062,0.0017527377931401134,-0.012254497967660427,759,32766,1550,651,2428,3.2304985523223877
2026-04-07T10:38:17.207,radio://0/80/2M,range,1,2,Scan,0.4993590712547302,0,0,0,0.0,0,0,0.0,0.0,64080,0,-4,3840,-0.012366236187517643,0.0773736834526062,0.0017527377931401134,-0.012254497967660427,747,577,1585,691,2438,3.2041056156158447
2026-04-07T10:38:17.451,radio://0/80/2M,mission,1,2,Scan,0.49927160143852234,0,0,0,0.0,0,0,0.0,0.0,64080,0,-4,3840,-0.012366236187517643,0.0773736834526062,0.0017527377931401134,-0.012254497967660427,747,577,1585,691,2438,3.2041056156158447
2026-04-07T10:38:17.455,radio://0/80/2M,flow,1,2,Scan,0.49927160143852234,0,0,0,0.0,0,0,0.0,0.0,64330,1,3,3600,0.005751572083681822,0.04802963510155678,2.2080328108131653e-06,-0.0061153327114880085,747,577,1585,691,2438,3.2041056156158447
2026-04-07T10:38:17.456,radio://0/80/2M,range,1,2,Scan,0.49927160143852234,0,0,0,0.0,0,0,0.0,0.0,64330,1,3,3600,0.005751572083681822,0.04802963510155678,2.2080328108131653e-06,-0.0061153327114880085,752,627,1694,725,2433,3.214662790298462
2026-04-07T10:38:17.702,radio://0/80/2M,mission,1,2,Scan,0.500070333480835,0,0,0,0.0,0,0,0.0,0.0,64330,1,3,3600,0.005751572083681822,0.04802963510155678,2.2080328108131653e-06,-0.0061153327114880085,752,627,1694,725,2433,3.214662790298462
2026-04-07T10:38:17.704,radio://0/80/2M,flow,1,2,Scan,0.500070333480835,0,0,0,0.0,0,0,0.0,0.0,64580,0,0,3375,0.07212696224451065,0.02624663896858692,2.9611224583447893e-10,-0.012848710641264915,752,627,1694,725,2433,3.214662790298462
2026-04-07T10:38:17.706,radio://0/80/2M,range,1,2,Scan,0.500070333480835,0,0,0,0.0,0,0,0.0,0.0,64580,0,0,3375,0.07212696224451065,0.02624663896858692,2.9611224583447893e-10,-0.012848710641264915,783,571,1652,32766,2438,3.2199413776397705
2026-04-07T10:38:17.950,radio://0/80/2M,mission,1,2,Scan,0.5035237669944763,0,0,0,0.0,0,0,0.0,0.0,64580,0,0,3375,0.07212696224451065,0.02624663896858692,2.9611224583447893e-10,-0.012848710641264915,783,571,1652,32766,2438,3.2199413776397705
2026-04-07T10:38:17.954,radio://0/80/2M,flow,1,2,Scan,0.5035237669944763,0,0,0,0.0,0,0,0.0,0.0,64830,0,0,3375,0.021914953365921974,0.0059678503312170506,3.97106630076801e-14,-1.7230996718353708e-06,783,571,1652,32766,2438,3.2199413776397705
2026-04-07T10:38:17.956,radio://0/80/2M,range,1,2,Scan,0.5035237669944763,0,0,0,0.0,0,0,0.0,0.0,64830,0,0,3375,0.021914953365921974,0.0059678503312170506,3.97106630076801e-14,-1.7230996718353708e-06,842,32766,1096,32766,2439,3.251612901687622
2026-04-07T10:38:18.201,radio://0/80/2M,mission,1,5,Transition,0.5060750842094421,0,0,0,0.0,0,0,0.0,0.0,64830,0,0,3375,0.021914953365921974,0.0059678503312170506,3.97106630076801e-14,-1.7230996718353708e-06,842,32766,1096,32766,2439,3.251612901687622
2026-04-07T10:38:18.203,radio://0/80/2M,flow,1,5,Transition,0.5060750842094421,0,0,0,0.0,0,0,0.0,0.0,65080,3,0,3375,0.018228432163596153,-0.0276613961905241,5.325469847316422e-18,-2.3107941948818933e-10,842,32766,1096,32766,2439,3.251612901687622
2026-04-07T10:38:18.205,radio://0/80/2M,range,1,5,Transition,0.5060750842094421,0,0,0,0.0,0,0,0.0,0.0,65080,3,0,3375,0.018228432163596153,-0.0276613961905241,5.325469847316422e-18,-2.3107941948818933e-10,939,32766,934,32766,2432,3.2463343143463135
2026-04-07T10:38:18.453,radio://0/80/2M,mission,1,0,Reacquire Wall,0.4988788366317749,0,0,0,0.0,0,0,0.0,0.0,65080,3,0,3375,0.018228432163596153,-0.0276613961905241,5.325469847316422e-18,-2.3107941948818933e-10,939,32766,934,32766,2432,3.2463343143463135
2026-04-07T10:38:18.454,radio://0/80/2M,flow,1,0,Reacquire Wall,0.4988788366317749,0,0,0,0.0,0,0,0.0,0.0,65330,0,0,3375,0.01987278088927269,-0.012593353167176247,0.17647019028663635,-3.098932379154776e-14,939,32766,934,32766,2432,3.2463343143463135
2026-04-07T10:38:18.456,radio://0/80/2M,range,1,0,Reacquire Wall,0.4988788366317749,0,0,0,0.0,0,0,0.0,0.0,65330,0,0,3375,0.01987278088927269,-0.012593353167176247,0.17647019028663635,-3.098932379154776e-14,32766,32766,838,32766,2422,3.1935484409332275
2026-04-07T10:38:18.700,radio://0/80/2M,mission,1,0,Reacquire Wall,0.4997280240058899,0,0,0,0.0,0,0,0.0,0.0,65330,0,0,3375,0.01987278088927269,-0.012593353167176247,0.17647019028663635,-3.098932379154776e-14,32766,32766,838,32766,2422,3.1935484409332275
2026-04-07T10:38:18.704,radio://0/80/2M,flow,1,0,Reacquire Wall,0.4997280240058899,0,0,0,0.0,0,0,0.0,0.0,65580,3,-3,3375,-0.15723690390586853,0.04146070405840874,0.19999685883522034,-4.155879474558294e-18,32766,32766,838,32766,2422,3.1935484409332275
2026-04-07T10:38:18.705,radio://0/80/2M,range,1,0,Reacquire Wall,0.4997280240058899,0,0,0,0.0,0,0,0.0,0.0,65580,3,-3,3375,-0.15723690390586853,0.04146070405840874,0.19999685883522034,-4.155879474558294e-18,32766,32766,829,32766,32766,3.225219964981079
2026-04-07T10:38:18.950,radio://0/80/2M,mission,1,0,Reacquire Wall,0.5006097555160522,0,0,0,0.0,0,0,0.0,0.0,65580,3,-3,3375,-0.15723690390586853,0.04146070405840874,0.19999685883522034,-4.155879474558294e-18,32766,32766,829,32766,32766,3.225219964981079
2026-04-07T10:38:18.954,radio://0/80/2M,flow,1,0,Reacquire Wall,0.5006097555160522,0,0,0,0.0,0,0,0.0,0.0,65830,-4,-10,3375,-0.27610719203948975,0.12606951594352722,0.19999998807907104,-5.573318198822298e-22,32766,32766,829,32766,32766,3.225219964981079
2026-04-07T10:38:18.956,radio://0/80/2M,range,1,0,Reacquire Wall,0.5006097555160522,0,0,0,0.0,0,0,0.0,0.0,65830,-4,-10,3375,-0.27610719203948975,0.12606951594352722,0.19999998807907104,-5.573318198822298e-22,32766,32766,832,32766,832,3.2199413776397705
2026-04-07T10:38:19.200,radio://0/80/2M,mission,1,0,Reacquire Wall,0.504976749420166,0,0,0,0.0,0,0,0.0,0.0,65830,-4,-10,3375,-0.27610719203948975,0.12606951594352722,0.19999998807907104,-5.573318198822298e-22,32766,32766,832,32766,832,3.2199413776397705
2026-04-07T10:38:19.203,radio://0/80/2M,flow,1,0,Reacquire Wall,0.504976749420166,0,0,0,0.0,0,0,0.0,0.0,66080,0,-2,4047,-0.20441679656505585,0.1514565497636795,0.19999998807907104,-7.474199464579726e-26,32766,32766,832,32766,832,3.2199413776397705
2026-04-07T10:38:19.205,radio://0/80/2M,range,1,0,Reacquire Wall,0.504976749420166,0,0,0,0.0,0,0,0.0,0.0,66080,0,-2,4047,-0.20441679656505585,0.1514565497636795,0.19999998807907104,-7.474199464579726e-26,32766,237,817,32766,768,3.2357771396636963
2026-04-07T10:38:19.449,radio://0/80/2M,mission,1,0,Reacquire Wall,0.496918261051178,0,0,0,0.0,0,0,0.0,0.0,66080,0,-2,4047,-0.20441679656505585,0.1514565497636795,0.19999998807907104,-7.474199464579726e-26,32766,237,817,32766,768,3.2357771396636963
2026-04-07T10:38:19.453,radio://0/80/2M,flow,1,0,Reacquire Wall,0.496918261051178,0,0,0,0.0,0,0,0.0,0.0,66330,-1,0,4852,-0.16982223093509674,0.15137942135334015,0.19999998807907104,-1.0023411365280841e-29,32766,237,817,32766,768,3.2357771396636963
2026-04-07T10:38:19.455,radio://0/80/2M,range,1,0,Reacquire Wall,0.496918261051178,0,0,0,0.0,0,0,0.0,0.0,66330,-1,0,4852,-0.16982223093509674,0.15137942135334015,0.19999998807907104,-1.0023411365280841e-29,32766,216,732,32766,779,3.198827028274536
2026-04-07T10:38:19.701,radio://0/80/2M,mission,1,0,Reacquire Wall,0.49381396174430847,0,0,0,0.0,0,0,0.0,0.0,66330,-1,0,4852,-0.16982223093509674,0.15137942135334015,0.19999998807907104,-1.0023411365280841e-29,32766,216,732,32766,779,3.198827028274536
2026-04-07T10:38:19.703,radio://0/80/2M,flow,1,0,Reacquire Wall,0.49381396174430847,0,0,0,0.0,0,0,0.0,0.0,66580,1,-5,5477,-0.03823588415980339,0.13534854352474213,0.1889542043209076,0.0009412365034222603,32766,216,732,32766,779,3.198827028274536
2026-04-07T10:38:19.705,radio://0/80/2M,range,1,0,Reacquire Wall,0.49381396174430847,0,0,0,0.0,0,0,0.0,0.0,66580,1,-5,5477,-0.03823588415980339,0.13534854352474213,0.1889542043209076,0.0009412365034222603,32766,198,660,32766,32766,3.2199413776397705
2026-04-07T10:38:19.948,radio://0/80/2M,mission,1,0,Reacquire Wall,0.4965263605117798,0,0,0,0.0,0,0,0.0,0.0,66580,1,-5,5477,-0.03823588415980339,0.13534854352474213,0.1889542043209076,0.0009412365034222603,32766,198,660,32766,32766,3.2199413776397705
2026-04-07T10:38:19.953,radio://0/80/2M,flow,1,0,Reacquire Wall,0.4965263605117798,0,0,0,0.0,0,0,0.0,0.0,66830,1,-1,5819,0.019976699724793434,0.1400230973958969,0.16937872767448425,0.00707894004881382,32766,198,660,32766,32766,3.2199413776397705
2026-04-07T10:38:19.954,radio://0/80/2M,range,1,0,Reacquire Wall,0.4965263605117798,0,0,0,0.0,0,0,0.0,0.0,66830,1,-1,5819,0.019976699724793434,0.1400230973958969,0.16937872767448425,0.00707894004881382,32766,276,589,32766,32766,3.225219964981079
2026-04-07T10:38:20.198,radio://0/80/2M,mission,1,0,Reacquire Wall,0.49908360838890076,0,0,0,0.0,0,0,0.0,0.0,66830,1,-1,5819,0.019976699724793434,0.1400230973958969,0.16937872767448425,0.00707894004881382,32766,276,589,32766,32766,3.225219964981079
2026-04-07T10:38:20.203,radio://0/80/2M,flow,1,0,Reacquire Wall,0.49908360838890076,0,0,0,0.0,0,0,0.0,0.0,67080,0,-4,5819,-0.12196721136569977,0.08316399157047272,0.1615283042192459,0.011103184893727303,32766,276,589,32766,32766,3.225219964981079
2026-04-07T10:38:20.204,radio://0/80/2M,range,1,0,Reacquire Wall,0.49908360838890076,0,0,0,0.0,0,0,0.0,0.0,67080,0,-4,5819,-0.12196721136569977,0.08316399157047272,0.1615283042192459,0.011103184893727303,32766,32766,565,32766,32766,3.2199413776397705
2026-04-07T10:38:20.449,radio://0/80/2M,mission,1,0,Reacquire Wall,0.49681928753852844,0,0,0,0.0,0,0,0.0,0.0,67080,0,-4,5819,-0.12196721136569977,0.08316399157047272,0.1615283042192459,0.011103184893727303,32766,32766,565,32766,32766,3.2199413776397705
2026-04-07T10:38:20.452,radio://0/80/2M,flow,1,0,Reacquire Wall,0.49681928753852844,0,0,0,0.0,0,0,0.0,0.0,67330,-3,-9,3953,-0.27123621106147766,0.05243559926748276,-0.054555609822273254,0.018719080835580826,32766,32766,565,32766,32766,3.2199413776397705
2026-04-07T10:38:20.453,radio://0/80/2M,range,1,0,Reacquire Wall,0.49681928753852844,0,0,0,0.0,0,0,0.0,0.0,67330,-3,-9,3953,-0.27123621106147766,0.05243559926748276,-0.054555609822273254,0.018719080835580826,155,32766,513,32766,784,3.214662790298462
2026-04-07T10:38:20.699,radio://0/80/2M,mission,1,0,Reacquire Wall,0.4985601603984833,0,0,0,0.0,0,0,0.0,0.0,67330,-3,-9,3953,-0.27123621106147766,0.05243559926748276,-0.054555609822273254,0.018719080835580826,155,32766,513,32766,784,3.214662790298462
2026-04-07T10:38:20.702,radio://0/80/2M,flow,1,0,Reacquire Wall,0.4985601603984833,0,0,0,0.0,0,0,0.0,0.0,67580,-3,0,3706,-0.1619916558265686,-0.02408944070339203,-0.045212019234895706,0.020680291578173637,155,32766,513,32766,784,3.214662790298462
2026-04-07T10:38:20.703,radio://0/80/2M,range,1,0,Reacquire Wall,0.4985601603984833,0,0,0,0.0,0,0,0.0,0.0,67580,-3,0,3706,-0.1619916558265686,-0.02408944070339203,-0.045212019234895706,0.020680291578173637,32766,144,513,1417,32766,3.2357771396636963
2026-04-07T10:38:20.949,radio://0/80/2M,mission,1,0,Reacquire Wall,0.4994920790195465,0,0,0,0.0,0,0,0.0,0.0,67580,-3,0,3706,-0.1619916558265686,-0.02408944070339203,-0.045212019234895706,0.020680291578173637,32766,144,513,1417,32766,3.2357771396636963
2026-04-07T10:38:20.952,radio://0/80/2M,flow,1,0,Reacquire Wall,0.4994920790195465,0,0,0,0.0,0,0,0.0,0.0,67830,0,0,3706,-0.03676483407616615,-0.061702970415353775,-4.244267529429635e-06,0.01688322424888611,32766,144,513,1417,32766,3.2357771396636963
2026-04-07T10:38:20.953,radio://0/80/2M,range,1,0,Reacquire Wall,0.4994920790195465,0,0,0,0.0,0,0,0.0,0.0,67830,0,0,3706,-0.03676483407616615,-0.061702970415353775,-4.244267529429635e-06,0.01688322424888611,32766,125,534,1399,32766,3.2304985523223877
2026-04-07T10:38:21.198,radio://0/80/2M,mission,1,0,Reacquire Wall,0.49040400981903076,0,0,0,0.0,0,0,0.0,0.0,67830,0,0,3706,-0.03676483407616615,-0.061702970415353775,-4.244267529429635e-06,0.01688322424888611,32766,125,534,1399,32766,3.2304985523223877
2026-04-07T10:38:21.201,radio://0/80/2M,flow,1,0,Reacquire Wall,0.49040400981903076,0,0,0,0.0,0,0,0.0,0.0,68080,0,-2,3258,-0.04964083805680275,-0.02175726182758808,-5.691852544842391e-10,0.018916981294751167,32766,125,534,1399,32766,3.2304985523223877
2026-04-07T10:38:21.202,radio://0/80/2M,range,1,0,Reacquire Wall,0.49040400981903076,0,0,0,0.0,0,0,0.0,0.0,68080,0,-2,3258,-0.04964083805680275,-0.02175726182758808,-5.691852544842391e-10,0.018916981294751167,32766,32766,524,1424,32766,3.198827028274536
2026-04-07T10:38:21.447,radio://0/80/2M,mission,1,0,Reacquire Wall,0.48836550116539,0,0,0,0.0,0,0,0.0,0.0,68080,0,-2,3258,-0.04964083805680275,-0.02175726182758808,-5.691852544842391e-10,0.018916981294751167,32766,32766,524,1424,32766,3.198827028274536
2026-04-07T10:38:21.451,radio://0/80/2M,flow,1,0,Reacquire Wall,0.48836550116539,0,0,0,0.0,0,0,0.0,0.0,68330,-2,1,3055,0.01711701974272728,-0.00503144646063447,-7.633160732179248e-14,0.027085207402706146,32766,32766,524,1424,32766,3.198827028274536
2026-04-07T10:38:21.453,radio://0/80/2M,range,1,0,Reacquire Wall,0.48836550116539,0,0,0,0.0,0,0,0.0,0.0,68330,-2,1,3055,0.01711701974272728,-0.00503144646063447,-7.633160732179248e-14,0.027085207402706146,32766,32766,487,1474,2281,3.2093842029571533
2026-04-07T10:38:21.698,radio://0/80/2M,mission,1,0,Reacquire Wall,0.4935753643512726,0,0,0,0.0,0,0,0.0,0.0,68330,-2,1,3055,0.01711701974272728,-0.00503144646063447,-7.633160732179248e-14,0.027085207402706146,32766,32766,487,1474,2281,3.2093842029571533
2026-04-07T10:38:21.701,radio://0/80/2M,flow,1,0,Reacquire Wall,0.4935753643512726,0,0,0,0.0,0,0,0.0,0.0,68580,0,-2,3055,0.042216770350933075,0.02116107940673828,-1.0236588382192782e-17,0.029117316007614136,32766,32766,487,1474,2281,3.2093842029571533
2026-04-07T10:38:21.703,radio://0/80/2M,range,1,0,Reacquire Wall,0.4935753643512726,0,0,0,0.0,0,0,0.0,0.0,68580,0,-2,3055,0.042216770350933075,0.02116107940673828,-1.0236588382192782e-17,0.029117316007614136,32766,32766,482,1461,32766,3.225219964981079
2026-04-07T10:38:21.947,radio://0/80/2M,mission,1,0,Reacquire Wall,0.5059807300567627,0,0,0,0.0,0,0,0.0,0.0,68580,0,-2,3055,0.042216770350933075,0.02116107940673828,-1.0236588382192782e-17,0.029117316007614136,32766,32766,482,1461,32766,3.225219964981079
2026-04-07T10:38:21.951,radio://0/80/2M,flow,1,0,Reacquire Wall,0.5059807300567627,0,0,0,0.0,0,0,0.0,0.0,68830,0,0,3055,0.010722121223807335,0.008581697940826416,-1.372796194540268e-21,0.02114933542907238,32766,32766,482,1461,32766,3.225219964981079
2026-04-07T10:38:21.952,radio://0/80/2M,range,1,0,Reacquire Wall,0.5059807300567627,0,0,0,0.0,0,0,0.0,0.0,68830,0,0,3055,0.010722121223807335,0.008581697940826416,-1.372796194540268e-21,0.02114933542907238,32766,32766,517,1416,32766,3.2199413776397705
2026-04-07T10:38:22.197,radio://0/80/2M,mission,1,0,Reacquire Wall,0.5099799036979675,0,0,0,0.0,0,0,0.0,0.0,68830,0,0,3055,0.010722121223807335,0.008581697940826416,-1.372796194540268e-21,0.02114933542907238,32766,32766,517,1416,32766,3.2199413776397705
2026-04-07T10:38:22.201,radio://0/80/2M,flow,1,0,Reacquire Wall,0.5099799036979675,0,0,0,0.0,0,0,0.0,0.0,69080,0,0,3055,-0.002943685045465827,-0.023285456001758575,-1.8410135052827858e-25,0.012285707518458366,32766,32766,517,1416,32766,3.2199413776397705
2026-04-07T10:38:22.202,radio://0/80/2M,range,1,0,Reacquire Wall,0.5099799036979675,0,0,0,0.0,0,0,0.0,0.0,69080,0,0,3055,-0.002943685045465827,-0.023285456001758575,-1.8410135052827858e-25,0.012285707518458366,32766,32766,559,1344,2372,3.198827028274536
2026-04-07T10:38:22.447,radio://0/80/2M,mission,1,0,Reacquire Wall,0.5077233910560608,0,0,0,0.0,0,0,0.0,0.0,69080,0,0,3055,-0.002943685045465827,-0.023285456001758575,-1.8410135052827858e-25,0.012285707518458366,32766,32766,559,1344,2372,3.198827028274536
2026-04-07T10:38:22.451,radio://0/80/2M,flow,1,0,Reacquire Wall,0.5077233910560608,0,0,0,0.0,0,0,0.0,0.0,69330,1,2,3055,0.024340515956282616,0.021360384300351143,-2.4689246768851734e-29,0.00047211608034558594,32766,32766,559,1344,2372,3.198827028274536
2026-04-07T10:38:22.452,radio://0/80/2M,range,1,0,Reacquire Wall,0.5077233910560608,0,0,0,0.0,0,0,0.0,0.0,69330,1,2,3055,0.024340515956282616,0.021360384300351143,-2.4689246768851734e-29,0.00047211608034558594,32766,384,691,1333,2385,3.1935484409332275
2026-04-07T10:38:22.697,radio://0/80/2M,mission,1,0,Reacquire Wall,0.5077576041221619,0,0,0,0.0,0,0,0.0,0.0,69330,1,2,3055,0.024340515956282616,0.021360384300351143,-2.4689246768851734e-29,0.00047211608034558594,32766,384,691,1333,2385,3.1935484409332275
2026-04-07T10:38:22.700,radio://0/80/2M,flow,1,0,Reacquire Wall,0.5077576041221619,0,0,0,0.0,0,0,0.0,0.0,69580,-2,0,3055,-0.021304376423358917,-0.024279123172163963,-3.3109958361779364e-33,9.623384045198691e-08,32766,384,691,1333,2385,3.1935484409332275
2026-04-07T10:38:22.701,radio://0/80/2M,range,1,0,Reacquire Wall,0.5077576041221619,0,0,0,0.0,0,0,0.0,0.0,69580,-2,0,3055,-0.021304376423358917,-0.024279123172163963,-3.3109958361779364e-33,9.623384045198691e-08,2897,388,902,32766,2387,3.2093842029571533
2026-04-07T10:38:23.132,radio://0/80/2M,mission,1,0,Reacquire Wall,0.5109263062477112,0,0,0,0.0,0,0,0.0,0.0,69580,-2,0,3055,-0.021304376423358917,-0.024279123172163963,-3.3109958361779364e-33,9.623384045198691e-08,2897,388,902,32766,2387,3.2093842029571533
2026-04-07T10:38:23.136,radio://0/80/2M,flow,1,0,Reacquire Wall,0.5109263062477112,0,0,0,0.0,0,0,0.0,0.0,69830,0,0,3055,-0.021350543946027756,-0.02473159320652485,-4.440271350507356e-37,1.2905612342684059e-11,2897,388,902,32766,2387,3.2093842029571533
2026-04-07T10:38:23.138,radio://0/80/2M,range,1,0,Reacquire Wall,0.5109263062477112,0,0,0,0.0,0,0,0.0,0.0,69830,0,0,3055,-0.021350543946027756,-0.02473159320652485,-4.440271350507356e-37,1.2905612342684059e-11,2811,397,32766,32766,2409,3.2093842029571533
2026-04-07T10:38:23.389,radio://0/80/2M,mission,1,0,Reacquire Wall,0.5109406113624573,0,0,0,0.0,0,0,0.0,0.0,69830,0,0,3055,-0.021350543946027756,-0.02473159320652485,-4.440271350507356e-37,1.2905612342684059e-11,2811,397,32766,32766,2409,3.2093842029571533
2026-04-07T10:38:23.395,radio://0/80/2M,flow,1,0,Reacquire Wall,0.5109406113624573,0,0,0,0.0,0,0,0.0,0.0,70080,0,-7,3055,0.009915702044963837,0.022211771458387375,-5.954537564455445e-41,1.7307303509052135e-15,2811,397,32766,32766,2409,3.2093842029571533
2026-04-07T10:38:23.401,radio://0/80/2M,range,1,0,Reacquire Wall,0.5109406113624573,0,0,0,0.0,0,0,0.0,0.0,70080,0,-7,3055,0.009915702044963837,0.022211771458387375,-5.954537564455445e-41,1.7307303509052135e-15,2763,394,2583,32766,2404,3.2199413776397705
2026-04-07T10:38:23.459,radio://0/80/2M,mission,1,0,Reacquire Wall,0.5061604976654053,0,0,0,0.0,0,0,0.0,0.0,70080,0,-7,3055,0.009915702044963837,0.022211771458387375,-5.954537564455445e-41,1.7307303509052135e-15,2763,394,2583,32766,2404,3.2199413776397705
2026-04-07T10:38:23.462,radio://0/80/2M,flow,1,0,Reacquire Wall,0.5061604976654053,0,0,0,0.0,0,0,0.0,0.0,70330,0,1,3055,0.021354133263230324,-0.060267310589551926,-8.407790785948902e-45,2.3210276982871094e-19,2763,394,2583,32766,2404,3.2199413776397705
2026-04-07T10:38:23.467,radio://0/80/2M,range,1,0,Reacquire Wall,0.5061604976654053,0,0,0,0.0,0,0,0.0,0.0,70330,0,1,3055,0.021354133263230324,-0.060267310589551926,-8.407790785948902e-45,2.3210276982871094e-19,2737,381,2582,32766,2405,3.2041056156158447
2026-04-07T10:38:23.696,radio://0/80/2M,mission,1,5,Transition,0.5022057294845581,0,0,0,0.0,0,0,0.0,0.0,70330,0,1,3055,0.021354133263230324,-0.060267310589551926,-8.407790785948902e-45,2.3210276982871094e-19,2737,381,2582,32766,2405,3.2041056156158447
2026-04-07T10:38:23.699,radio://0/80/2M,flow,1,5,Transition,0.5022057294845581,0,0,0,0.0,0,0,0.0,0.0,70580,0,-2,3055,0.04146162420511246,-0.03144636005163193,0.0008304771035909653,-0.00041523855179548264,2737,381,2582,32766,2405,3.2041056156158447
2026-04-07T10:38:23.700,radio://0/80/2M,range,1,5,Transition,0.5022057294845581,0,0,0,0.0,0,0,0.0,0.0,70580,0,-2,3055,0.04146162420511246,-0.03144636005163193,0.0008304771035909653,-0.00041523855179548264,32766,361,2585,32766,2345,3.188269853591919
2026-04-07T10:38:23.946,radio://0/80/2M,mission,1,1,Wall Follow,0.5078088045120239,0,0,0,0.0,0,0,0.0,0.0,70580,0,-2,3055,0.04146162420511246,-0.03144636005163193,0.0008304771035909653,-0.00041523855179548264,32766,361,2585,32766,2345,3.188269853591919
2026-04-07T10:38:23.949,radio://0/80/2M,flow,1,1,Wall Follow,0.5078088045120239,0,0,0,0.0,0,0,0.0,0.0,70830,0,-1,3055,0.024129241704940796,0.01184643805027008,-0.029978450387716293,0.0,32766,361,2585,32766,2345,3.188269853591919
2026-04-07T10:38:23.950,radio://0/80/2M,range,1,1,Wall Follow,0.5078088045120239,0,0,0,0.0,0,0,0.0,0.0,70830,0,-1,3055,0.024129241704940796,0.01184643805027008,-0.029978450387716293,0.0,296,309,2593,32766,2322,3.2093842029571533
2026-04-07T10:38:24.196,radio://0/80/2M,mission,1,1,Wall Follow,0.5083808898925781,0,0,0,0.0,0,0,0.0,0.0,70830,0,-1,3055,0.024129241704940796,0.01184643805027008,-0.029978450387716293,0.0,296,309,2593,32766,2322,3.2093842029571533
2026-04-07T10:38:24.199,radio://0/80/2M,flow,1,1,Wall Follow,0.5083808898925781,0,0,0,0.0,0,0,0.0,0.0,71080,0,0,3055,0.0026418683119118214,0.007495319005101919,-0.032709307968616486,0.0,296,309,2593,32766,2322,3.2093842029571533
2026-04-07T10:38:24.200,radio://0/80/2M,range,1,1,Wall Follow,0.5083808898925781,0,0,0,0.0,0,0,0.0,0.0,71080,0,0,3055,0.0026418683119118214,0.007495319005101919,-0.032709307968616486,0.0,278,303,2574,32766,2342,3.2199413776397705
2026-04-07T10:38:24.446,radio://0/80/2M,mission,1,1,Wall Follow,0.5025896430015564,0,0,0,0.0,0,0,0.0,0.0,71080,0,0,3055,0.0026418683119118214,0.007495319005101919,-0.032709307968616486,0.0,278,303,2574,32766,2342,3.2199413776397705
2026-04-07T10:38:24.449,radio://0/80/2M,flow,1,1,Wall Follow,0.5025896430015564,0,0,0,0.0,0,0,0.0,0.0,71330,-3,0,3055,-0.021527443081140518,-0.03461042791604996,-0.0316331684589386,0.0,278,303,2574,32766,2342,3.2199413776397705
2026-04-07T10:38:24.450,radio://0/80/2M,range,1,1,Wall Follow,0.5025896430015564,0,0,0,0.0,0,0,0.0,0.0,71330,-3,0,3055,-0.021527443081140518,-0.03461042791604996,-0.0316331684589386,0.0,285,305,32766,32766,2356,3.1829912662506104
2026-04-07T10:38:24.695,radio://0/80/2M,mission,1,1,Wall Follow,0.49655017256736755,0,0,0,0.0,0,0,0.0,0.0,71330,-3,0,3055,-0.021527443081140518,-0.03461042791604996,-0.0316331684589386,0.0,285,305,32766,32766,2356,3.1829912662506104
2026-04-07T10:38:24.699,radio://0/80/2M,flow,1,1,Wall Follow,0.49655017256736755,0,0,0,0.0,0,0,0.0,0.0,71580,1,0,3055,0.026297179982066154,-0.07103870809078217,-0.026105327531695366,0.0,285,305,32766,32766,2356,3.1829912662506104
2026-04-07T10:38:24.700,radio://0/80/2M,range,1,1,Wall Follow,0.49655017256736755,0,0,0,0.0,0,0,0.0,0.0,71580,1,0,3055,0.026297179982066154,-0.07103870809078217,-0.026105327531695366,0.0,323,316,32766,32766,2303,3.188269853591919
2026-04-07T10:38:24.946,radio://0/80/2M,mission,1,1,Wall Follow,0.4991331994533539,0,0,0,0.0,0,0,0.0,0.0,71580,1,0,3055,0.026297179982066154,-0.07103870809078217,-0.026105327531695366,0.0,323,316,32766,32766,2303,3.188269853591919
2026-04-07T10:38:24.949,radio://0/80/2M,flow,1,1,Wall Follow,0.4991331994533539,0,0,0,0.0,0,0,0.0,0.0,71830,0,0,3447,0.010057955048978329,-0.06913797557353973,-0.02061275765299797,0.0,323,316,32766,32766,2303,3.188269853591919
2026-04-07T10:38:24.950,radio://0/80/2M,range,1,1,Wall Follow,0.4991331994533539,0,0,0,0.0,0,0,0.0,0.0,71830,0,0,3447,0.010057955048978329,-0.06913797557353973,-0.02061275765299797,0.0,365,32766,32766,32766,2253,3.2093842029571533
2026-04-07T10:38:25.196,radio://0/80/2M,mission,1,1,Wall Follow,0.5056976675987244,0,0,0,0.0,0,0,0.0,0.0,71830,0,0,3447,0.010057955048978329,-0.06913797557353973,-0.02061275765299797,0.0,365,32766,32766,32766,2253,3.2093842029571533
2026-04-07T10:38:25.198,radio://0/80/2M,flow,1,1,Wall Follow,0.5056976675987244,0,0,0,0.0,0,0,0.0,0.0,72080,0,0,3447,-0.008141572587192059,-0.0501842200756073,-0.010579591616988182,0.0,365,32766,32766,32766,2253,3.2093842029571533
2026-04-07T10:38:25.199,radio://0/80/2M,range,1,1,Wall Follow,0.5056976675987244,0,0,0,0.0,0,0,0.0,0.0,72080,0,0,3447,-0.008141572587192059,-0.0501842200756073,-0.010579591616988182,0.0,460,32766,1438,32766,2266,3.2568914890289307
2026-04-07T10:38:25.445,radio://0/80/2M,mission,1,1,Wall Follow,0.5033633708953857,0,0,0,0.0,0,0,0.0,0.0,72080,0,0,3447,-0.008141572587192059,-0.0501842200756073,-0.010579591616988182,0.0,460,32766,1438,32766,2266,3.2568914890289307
2026-04-07T10:38:25.448,radio://0/80/2M,flow,1,1,Wall Follow,0.5033633708953857,0,0,0,0.0,0,0,0.0,0.0,72330,1,-3,3662,0.030722320079803467,-0.028138088062405586,-0.005000508390367031,0.0,460,32766,1438,32766,2266,3.2568914890289307
2026-04-07T10:38:25.449,radio://0/80/2M,range,1,1,Wall Follow,0.5033633708953857,0,0,0,0.0,0,0,0.0,0.0,72330,1,-3,3662,0.030722320079803467,-0.028138088062405586,-0.005000508390367031,0.0,535,3097,1329,32766,2320,3.2304985523223877
2026-04-07T10:38:25.695,radio://0/80/2M,mission,1,1,Wall Follow,0.5048637390136719,0,0,0,0.0,0,0,0.0,0.0,72330,1,-3,3662,0.030722320079803467,-0.028138088062405586,-0.005000508390367031,0.0,535,3097,1329,32766,2320,3.2304985523223877
2026-04-07T10:38:25.698,radio://0/80/2M,flow,1,1,Wall Follow,0.5048637390136719,0,0,0,0.0,0,0,0.0,0.0,72580,0,0,3662,-0.01089918427169323,-0.008683918043971062,-0.00033488988992758095,0.0,535,3097,1329,32766,2320,3.2304985523223877
2026-04-07T10:38:25.699,radio://0/80/2M,range,1,1,Wall Follow,0.5048637390136719,0,0,0,0.0,0,0,0.0,0.0,72580,0,0,3662,-0.01089918427169323,-0.008683918043971062,-0.00033488988992758095,0.0,750,3087,1254,32766,2351,3.2093842029571533
2026-04-07T10:38:25.944,radio://0/80/2M,mission,1,1,Wall Follow,0.4964478313922882,0,0,0,0.0,0,0,0.0,0.0,72580,0,0,3662,-0.01089918427169323,-0.008683918043971062,-0.00033488988992758095,0.0,750,3087,1254,32766,2351,3.2093842029571533
2026-04-07T10:38:25.948,radio://0/80/2M,flow,1,1,Wall Follow,0.4964478313922882,0,0,0,0.0,0,0,0.0,0.0,72830,0,-1,3890,0.003815927542746067,-0.05111416429281235,-4.491102245651746e-08,0.0,750,3087,1254,32766,2351,3.2093842029571533
2026-04-07T10:38:25.949,radio://0/80/2M,range,1,1,Wall Follow,0.4964478313922882,0,0,0,0.0,0,0,0.0,0.0,72830,0,-1,3890,0.003815927542746067,-0.05111416429281235,-4.491102245651746e-08,0.0,1006,2944,32766,32766,2399,3.1829912662506104
2026-04-07T10:38:26.195,radio://0/80/2M,mission,1,1,Wall Follow,0.49158790707588196,0,0,0,0.0,0,0,0.0,0.0,72830,0,-1,3890,0.003815927542746067,-0.05111416429281235,-4.491102245651746e-08,0.0,1006,2944,32766,32766,2399,3.1829912662506104
2026-04-07T10:38:26.197,radio://0/80/2M,flow,1,1,Wall Follow,0.49158790707588196,0,0,0,0.0,0,0,0.0,0.0,73080,1,-1,4133,0.0142186488956213,-0.05184562876820564,-6.022874039779413e-12,0.0,1006,2944,32766,32766,2399,3.1829912662506104
2026-04-07T10:38:26.198,radio://0/80/2M,range,1,1,Wall Follow,0.49158790707588196,0,0,0,0.0,0,0,0.0,0.0,73080,1,-1,4133,0.0142186488956213,-0.05184562876820564,-6.022874039779413e-12,0.0,32766,32766,32766,32766,2419,3.188269853591919
2026-04-07T10:38:26.444,radio://0/80/2M,mission,1,1,Wall Follow,0.49937400221824646,0,0,0,0.0,0,0,0.0,0.0,73080,1,-1,4133,0.0142186488956213,-0.05184562876820564,-6.022874039779413e-12,0.0,32766,32766,32766,32766,2419,3.188269853591919
2026-04-07T10:38:26.447,radio://0/80/2M,flow,1,1,Wall Follow,0.49937400221824646,0,0,0,0.0,0,0,0.0,0.0,73330,0,-1,4133,0.04742445424199104,-0.02633386105298996,0.17430263757705688,-0.03807961940765381,32766,32766,32766,32766,2419,3.188269853591919
2026-04-07T10:38:26.448,radio://0/80/2M,range,1,1,Wall Follow,0.49937400221824646,0,0,0,0.0,0,0,0.0,0.0,73330,0,-1,4133,0.04742445424199104,-0.02633386105298996,0.17430263757705688,-0.03807961940765381,2384,386,32766,373,2429,3.2093842029571533
2026-04-07T10:38:26.695,radio://0/80/2M,mission,1,1,Wall Follow,0.49672457575798035,0,0,0,0.0,0,0,0.0,0.0,73330,0,-1,4133,0.04742445424199104,-0.02633386105298996,0.17430263757705688,-0.03807961940765381,2384,386,32766,373,2429,3.2093842029571533
2026-04-07T10:38:26.697,radio://0/80/2M,flow,1,1,Wall Follow,0.49672457575798035,0,0,0,0.0,0,0,0.0,0.0,73580,4,-5,4665,0.19404657185077667,-0.051935918629169464,0.17313252389431,-0.03465962037444115,2384,386,32766,373,2429,3.2093842029571533
2026-04-07T10:38:26.699,radio://0/80/2M,range,1,1,Wall Follow,0.49672457575798035,0,0,0,0.0,0,0,0.0,0.0,73580,4,-5,4665,0.19404657185077667,-0.051935918629169464,0.17313252389431,-0.03465962037444115,2333,408,32766,362,2436,3.188269853591919
2026-04-07T10:38:26.943,radio://0/80/2M,mission,1,1,Wall Follow,0.498670756816864,0,0,0,0.0,0,0,0.0,0.0,73580,4,-5,4665,0.19404657185077667,-0.051935918629169464,0.17313252389431,-0.03465962037444115,2333,408,32766,362,2436,3.188269853591919
2026-04-07T10:38:26.946,radio://0/80/2M,flow,1,1,Wall Follow,0.498670756816864,0,0,0,0.0,0,0,0.0,0.0,73830,-1,-1,4647,0.21439267694950104,-0.05176442861557007,0.17286317050457,-0.034867461770772934,2333,408,32766,362,2436,3.188269853591919
2026-04-07T10:38:26.948,radio://0/80/2M,range,1,1,Wall Follow,0.498670756816864,0,0,0,0.0,0,0,0.0,0.0,73830,-1,-1,4647,0.21439267694950104,-0.05176442861557007,0.17286317050457,-0.034867461770772934,2312,452,32766,367,2417,3.188269853591919
2026-04-07T10:38:27.193,radio://0/80/2M,mission,1,1,Wall Follow,0.4970178008079529,0,0,0,0.0,0,0,0.0,0.0,73830,-1,-1,4647,0.21439267694950104,-0.05176442861557007,0.17286317050457,-0.034867461770772934,2312,452,32766,367,2417,3.188269853591919
2026-04-07T10:38:27.197,radio://0/80/2M,flow,1,1,Wall Follow,0.4970178008079529,0,0,0,0.0,0,0,0.0,0.0,74080,0,-7,4357,0.1586161106824875,-0.02214573323726654,0.16837957501411438,-0.03946591913700104,2312,452,32766,367,2417,3.188269853591919
2026-04-07T10:38:27.198,radio://0/80/2M,range,1,1,Wall Follow,0.4970178008079529,0,0,0,0.0,0,0,0.0,0.0,74080,0,-7,4357,0.1586161106824875,-0.02214573323726654,0.16837957501411438,-0.03946591913700104,2229,482,32766,422,2439,3.1935484409332275
2026-04-07T10:38:27.443,radio://0/80/2M,mission,1,1,Wall Follow,0.4985237419605255,0,0,0,0.0,0,0,0.0,0.0,74080,0,-7,4357,0.1586161106824875,-0.02214573323726654,0.16837957501411438,-0.03946591913700104,2229,482,32766,422,2439,3.1935484409332275
2026-04-07T10:38:27.447,radio://0/80/2M,flow,1,1,Wall Follow,0.4985237419605255,0,0,0,0.0,0,0,0.0,0.0,74330,0,0,4357,0.18869397044181824,-0.0642319843173027,0.16670739650726318,-0.04485329985618591,2229,482,32766,422,2439,3.1935484409332275
2026-04-07T10:38:27.448,radio://0/80/2M,range,1,1,Wall Follow,0.4985237419605255,0,0,0,0.0,0,0,0.0,0.0,74330,0,0,4357,0.18869397044181824,-0.0642319843173027,0.16670739650726318,-0.04485329985618591,32766,510,972,473,2442,3.2199413776397705
2026-04-07T10:38:27.693,radio://0/80/2M,mission,1,1,Wall Follow,0.4995178282260895,0,0,0,0.0,0,0,0.0,0.0,74330,0,0,4357,0.18869397044181824,-0.0642319843173027,0.16670739650726318,-0.04485329985618591,32766,510,972,473,2442,3.2199413776397705
2026-04-07T10:38:27.697,radio://0/80/2M,flow,1,1,Wall Follow,0.4995178282260895,0,0,0,0.0,0,0,0.0,0.0,74580,3,0,4629,0.1263078898191452,0.060245007276535034,0.19998697936534882,-0.06665819138288498,32766,510,972,473,2442,3.2199413776397705
2026-04-07T10:38:27.698,radio://0/80/2M,range,1,1,Wall Follow,0.4995178282260895,0,0,0,0.0,0,0,0.0,0.0,74580,3,0,4629,0.1263078898191452,0.060245007276535034,0.19998697936534882,-0.06665819138288498,32766,530,970,32766,2437,3.214662790298462
2026-04-07T10:38:27.942,radio://0/80/2M,mission,1,1,Wall Follow,0.49727490544319153,0,0,0,0.0,0,0,0.0,0.0,74580,3,0,4629,0.1263078898191452,0.060245007276535034,0.19998697936534882,-0.06665819138288498,32766,530,970,32766,2437,3.214662790298462
2026-04-07T10:38:27.946,radio://0/80/2M,flow,1,1,Wall Follow,0.49727490544319153,0,0,0,0.0,0,0,0.0,0.0,74830,0,-6,4918,0.21376468241214752,0.10239103436470032,0.19999998807907104,-0.06666666269302368,32766,530,970,32766,2437,3.214662790298462
2026-04-07T10:38:27.947,radio://0/80/2M,range,1,1,Wall Follow,0.49727490544319153,0,0,0,0.0,0,0,0.0,0.0,74830,0,-6,4918,0.21376468241214752,0.10239103436470032,0.19999998807907104,-0.06666666269302368,32766,560,993,32766,2438,3.1777126789093018
2026-04-07T10:38:28.193,radio://0/80/2M,mission,1,1,Wall Follow,0.49276697635650635,0,0,0,0.0,0,0,0.0,0.0,74830,0,-6,4918,0.21376468241214752,0.10239103436470032,0.19999998807907104,-0.06666666269302368,32766,560,993,32766,2438,3.1777126789093018
2026-04-07T10:38:28.196,radio://0/80/2M,flow,1,1,Wall Follow,0.49276697635650635,0,0,0,0.0,0,0,0.0,0.0,75080,-1,-6,3800,0.2680424749851227,-0.018737072125077248,0.19999998807907104,-0.06666666269302368,32766,560,993,32766,2438,3.1777126789093018
2026-04-07T10:38:28.197,radio://0/80/2M,range,1,1,Wall Follow,0.49276697635650635,0,0,0,0.0,0,0,0.0,0.0,75080,-1,-6,3800,0.2680424749851227,-0.018737072125077248,0.19999998807907104,-0.06666666269302368,1023,590,1000,32766,2443,3.188269853591919
2026-04-07T10:38:28.443,radio://0/80/2M,mission,1,1,Wall Follow,0.49432358145713806,0,0,0,0.0,0,0,0.0,0.0,75080,-1,-6,3800,0.2680424749851227,-0.018737072125077248,0.19999998807907104,-0.06666666269302368,1023,590,1000,32766,2443,3.188269853591919
2026-04-07T10:38:28.447,radio://0/80/2M,flow,1,1,Wall Follow,0.49432358145713806,0,0,0,0.0,0,0,0.0,0.0,75330,1,0,3341,0.2302292138338089,-0.013927099294960499,0.19999998807907104,-8.94045388122322e-06,1023,590,1000,32766,2443,3.188269853591919
2026-04-07T10:38:28.448,radio://0/80/2M,range,1,1,Wall Follow,0.49432358145713806,0,0,0,0.0,0,0,0.0,0.0,75330,1,0,3341,0.2302292138338089,-0.013927099294960499,0.19999998807907104,-8.94045388122322e-06,1000,659,976,32766,2433,3.198827028274536
2026-04-07T10:38:28.692,radio://0/80/2M,mission,1,1,Wall Follow,0.4910441040992737,0,0,0,0.0,0,0,0.0,0.0,75330,1,0,3341,0.2302292138338089,-0.013927099294960499,0.19999998807907104,-8.94045388122322e-06,1000,659,976,32766,2433,3.198827028274536
2026-04-07T10:38:28.695,radio://0/80/2M,flow,1,1,Wall Follow,0.4910441040992737,0,0,0,0.0,0,0,0.0,0.0,75580,0,-1,3133,0.16233313083648682,0.08550514280796051,0.19999998807907104,-1.198975807525926e-09,1000,659,976,32766,2433,3.198827028274536
2026-04-07T10:38:28.697,radio://0/80/2M,range,1,1,Wall Follow,0.4910441040992737,0,0,0,0.0,0,0,0.0,0.0,75580,0,-1,3133,0.16233313083648682,0.08550514280796051,0.19999998807907104,-1.198975807525926e-09,913,692,987,32766,2426,3.198827028274536
2026-04-07T10:38:28.942,radio://0/80/2M,mission,1,1,Wall Follow,0.4958721995353699,0,0,0,0.0,0,0,0.0,0.0,75580,0,-1,3133,0.16233313083648682,0.08550514280796051,0.19999998807907104,-1.198975807525926e-09,913,692,987,32766,2426,3.198827028274536
2026-04-07T10:38:28.945,radio://0/80/2M,flow,1,1,Wall Follow,0.4958721995353699,0,0,0,0.0,0,0,0.0,0.0,75830,0,0,3133,0.10087946057319641,0.1279815286397934,0.0004652608186006546,-1.6079078715182382e-13,913,692,987,32766,2426,3.198827028274536
2026-04-07T10:38:28.946,radio://0/80/2M,range,1,1,Wall Follow,0.4958721995353699,0,0,0,0.0,0,0,0.0,0.0,75830,0,0,3133,0.10087946057319641,0.1279815286397934,0.0004652608186006546,-1.6079078715182382e-13,837,710,32766,32766,2434,3.1935484409332275
2026-04-07T10:38:29.192,radio://0/80/2M,mission,1,1,Wall Follow,0.5015904307365417,0,0,0,0.0,0,0,0.0,0.0,75830,0,0,3133,0.10087946057319641,0.1279815286397934,0.0004652608186006546,-1.6079078715182382e-13,837,710,32766,32766,2434,3.1935484409332275
2026-04-07T10:38:29.196,radio://0/80/2M,flow,1,1,Wall Follow,0.5015904307365417,0,0,0,0.0,0,0,0.0,0.0,76080,0,0,3133,0.0043058209121227264,0.034468479454517365,8.913522719922184e-08,-3.080448394416057e-17,837,710,32766,32766,2434,3.1935484409332275
2026-04-07T10:38:29.199,radio://0/80/2M,range,1,1,Wall Follow,0.5015904307365417,0,0,0,0.0,0,0,0.0,0.0,76080,0,0,3133,0.0043058209121227264,0.034468479454517365,8.913522719922184e-08,-3.080448394416057e-17,774,709,32766,32766,2436,3.2093842029571533
2026-04-07T10:38:29.442,radio://0/80/2M,mission,1,1,Wall Follow,0.49485906958580017,0,0,0,0.0,0,0,0.0,0.0,76080,0,0,3133,0.0043058209121227264,0.034468479454517365,8.913522719922184e-08,-3.080448394416057e-17,774,709,32766,32766,2436,3.2093842029571533
2026-04-07T10:38:29.446,radio://0/80/2M,flow,1,1,Wall Follow,0.49485906958580017,0,0,0,0.0,0,0,0.0,0.0,76330,-2,3,3133,-0.034401897341012955,-0.03731733188033104,8.367549708676592e-12,-2.8917630389162555e-21,774,709,32766,32766,2436,3.2093842029571533
2026-04-07T10:38:29.447,radio://0/80/2M,range,1,1,Wall Follow,0.49485906958580017,0,0,0,0.0,0,0,0.0,0.0,76330,-2,3,3133,-0.034401897341012955,-0.03731733188033104,8.367549708676592e-12,-2.8917630389162555e-21,760,708,32766,32766,2437,3.188269853591919
2026-04-07T10:38:29.692,radio://0/80/2M,mission,1,1,Wall Follow,0.497246116399765,0,0,0,0.0,0,0,0.0,0.0,76330,-2,3,3133,-0.034401897341012955,-0.03731733188033104,8.367549708676592e-12,-2.8917630389162555e-21,760,708,32766,32766,2437,3.188269853591919
2026-04-07T10:38:29.695,radio://0/80/2M,flow,1,1,Wall Follow,0.497246116399765,0,0,0,0.0,0,0,0.0,0.0,76580,0,5,3133,-0.03700029477477074,-0.04083449766039848,1.1221452251159976e-15,-3.878050810384908e-25,760,708,32766,32766,2437,3.188269853591919
2026-04-07T10:38:29.696,radio://0/80/2M,range,1,1,Wall Follow,0.497246116399765,0,0,0,0.0,0,0,0.0,0.0,76580,0,5,3133,-0.03700029477477074,-0.04083449766039848,1.1221452251159976e-15,-3.878050810384908e-25,760,717,32766,32766,2430,3.225219964981079
2026-04-07T10:38:29.941,radio://0/80/2M,mission,1,1,Wall Follow,0.5055513381958008,0,0,0,0.0,0,0,0.0,0.0,76580,0,5,3133,-0.03700029477477074,-0.04083449766039848,1.1221452251159976e-15,-3.878050810384908e-25,760,717,32766,32766,2430,3.225219964981079
2026-04-07T10:38:29.945,radio://0/80/2M,flow,1,1,Wall Follow,0.5055513381958008,0,0,0,0.0,0,0,0.0,0.0,76830,0,0,3133,-0.02170337736606598,0.004584766924381256,1.5048735325463843e-19,-5.200729462456036e-29,760,717,32766,32766,2430,3.225219964981079
2026-04-07T10:38:29.946,radio://0/80/2M,range,1,1,Wall Follow,0.5055513381958008,0,0,0,0.0,0,0,0.0,0.0,76830,0,0,3133,-0.02170337736606598,0.004584766924381256,1.5048735325463843e-19,-5.200729462456036e-29,748,718,32766,32766,2425,3.2199413776397705
2026-04-07T10:38:30.191,radio://0/80/2M,mission,1,1,Wall Follow,0.5034650564193726,0,0,0,0.0,0,0,0.0,0.0,76830,0,0,3133,-0.02170337736606598,0.004584766924381256,1.5048735325463843e-19,-5.200729462456036e-29,748,718,32766,32766,2425,3.2199413776397705
2026-04-07T10:38:30.194,radio://0/80/2M,flow,1,1,Wall Follow,0.5034650564193726,0,0,0,0.0,0,0,0.0,0.0,77080,0,0,3133,0.004858255852013826,0.053785715252161026,2.018137805117121e-23,-6.974531979059077e-33,748,718,32766,32766,2425,3.2199413776397705
2026-04-07T10:38:30.195,radio://0/80/2M,range,1,1,Wall Follow,0.5034650564193726,0,0,0,0.0,0,0,0.0,0.0,77080,0,0,3133,0.004858255852013826,0.053785715252161026,2.018137805117121e-23,-6.974531979059077e-33,754,698,32766,32766,2433,3.198827028274536
2026-04-07T10:38:30.442,radio://0/80/2M,mission,1,1,Wall Follow,0.502307116985321,0,0,0,0.0,0,0,0.0,0.0,77080,0,0,3133,0.004858255852013826,0.053785715252161026,2.018137805117121e-23,-6.974531979059077e-33,754,698,32766,32766,2433,3.198827028274536
2026-04-07T10:38:30.445,radio://0/80/2M,flow,1,1,Wall Follow,0.502307116985321,0,0,0,0.0,0,0,0.0,0.0,77330,0,0,3133,-0.060236744582653046,0.049945298582315445,2.706460432226795e-27,-9.35332331467307e-37,754,698,32766,32766,2433,3.198827028274536
2026-04-07T10:38:30.446,radio://0/80/2M,range,1,1,Wall Follow,0.502307116985321,0,0,0,0.0,0,0,0.0,0.0,77330,0,0,3133,-0.060236744582653046,0.049945298582315445,2.706460432226795e-27,-9.35332331467307e-37,800,645,32766,32766,2431,3.188269853591919
2026-04-07T10:38:30.691,radio://0/80/2M,mission,1,1,Wall Follow,0.5030271410942078,0,0,0,0.0,0,0,0.0,0.0,77330,0,0,3133,-0.060236744582653046,0.049945298582315445,2.706460432226795e-27,-9.35332331467307e-37,800,645,32766,32766,2431,3.188269853591919
2026-04-07T10:38:30.694,radio://0/80/2M,flow,1,1,Wall Follow,0.5030271410942078,0,0,0,0.0,0,0,0.0,0.0,77580,1,0,3133,-0.017178475856781006,-0.005156024359166622,3.6295475759605187e-31,-1.2543442943710735e-40,800,645,32766,32766,2431,3.188269853591919
2026-04-07T10:38:30.695,radio://0/80/2M,range,1,1,Wall Follow,0.5030271410942078,0,0,0,0.0,0,0,0.0,0.0,77580,1,0,3133,-0.017178475856781006,-0.005156024359166622,3.6295475759605187e-31,-1.2543442943710735e-40,1011,601,1016,32766,2427,3.2041056156158447
2026-04-07T10:38:30.941,radio://0/80/2M,mission,1,1,Wall Follow,0.5056765675544739,0,0,0,0.0,0,0,0.0,0.0,77580,1,0,3133,-0.017178475856781006,-0.005156024359166622,3.6295475759605187e-31,-1.2543442943710735e-40,1011,601,1016,32766,2427,3.2041056156158447
2026-04-07T10:38:30.944,radio://0/80/2M,flow,1,1,Wall Follow,0.5056765675544739,0,0,0,0.0,0,0,0.0,0.0,77830,2,0,3133,-0.07359598577022552,-0.01413937658071518,0.013657169416546822,-2.382207389352189e-44,1011,601,1016,32766,2427,3.2041056156158447
2026-04-07T10:38:30.945,radio://0/80/2M,range,1,1,Wall Follow,0.5056765675544739,0,0,0,0.0,0,0,0.0,0.0,77830,2,0,3133,-0.07359598577022552,-0.01413937658071518,0.013657169416546822,-2.382207389352189e-44,1378,562,944,541,2424,3.188269853591919
2026-04-07T10:38:31.190,radio://0/80/2M,mission,1,1,Wall Follow,0.5012446045875549,0,0,0,0.0,0,0,0.0,0.0,77830,2,0,3133,-0.07359598577022552,-0.01413937658071518,0.013657169416546822,-2.382207389352189e-44,1378,562,944,541,2424,3.188269853591919
2026-04-07T10:38:31.193,radio://0/80/2M,flow,1,1,Wall Follow,0.5012446045875549,0,0,0,0.0,0,0,0.0,0.0,78080,15,-1,3133,-0.009412659332156181,-0.05749437212944031,0.017783598974347115,-1.401298464324817e-45,1378,562,944,541,2424,3.188269853591919
2026-04-07T10:38:31.195,radio://0/80/2M,range,1,1,Wall Follow,0.5012446045875549,0,0,0,0.0,0,0,0.0,0.0,78080,15,-1,3133,-0.009412659332156181,-0.05749437212944031,0.017783598974347115,-1.401298464324817e-45,1893,559,895,531,2436,3.2041056156158447
2026-04-07T10:38:31.440,radio://0/80/2M,mission,1,1,Wall Follow,0.5032069087028503,0,0,0,0.0,0,0,0.0,0.0,78080,15,-1,3133,-0.009412659332156181,-0.05749437212944031,0.017783598974347115,-1.401298464324817e-45,1893,559,895,531,2436,3.2041056156158447
2026-04-07T10:38:31.443,radio://0/80/2M,flow,1,1,Wall Follow,0.5032069087028503,0,0,0,0.0,0,0,0.0,0.0,78330,0,0,3133,0.026993675157427788,-0.03331105038523674,0.008429953828454018,-1.401298464324817e-45,1893,559,895,531,2436,3.2041056156158447
2026-04-07T10:38:31.445,radio://0/80/2M,range,1,1,Wall Follow,0.5032069087028503,0,0,0,0.0,0,0,0.0,0.0,78330,0,0,3133,0.026993675157427788,-0.03331105038523674,0.008429953828454018,-1.401298464324817e-45,1859,579,840,586,2434,3.1935484409332275
2026-04-07T10:38:31.689,radio://0/80/2M,mission,1,1,Wall Follow,0.5010796785354614,0,0,0,0.0,0,0,0.0,0.0,78330,0,0,3133,0.026993675157427788,-0.03331105038523674,0.008429953828454018,-1.401298464324817e-45,1859,579,840,586,2434,3.1935484409332275
2026-04-07T10:38:31.693,radio://0/80/2M,flow,1,1,Wall Follow,0.5010796785354614,0,0,0,0.0,0,0,0.0,0.0,78580,-2,4,3133,0.03803745657205582,-0.0008149071945808828,0.17671845853328705,-0.08512286841869354,1859,579,840,586,2434,3.1935484409332275
2026-04-07T10:38:31.694,radio://0/80/2M,range,1,1,Wall Follow,0.5010796785354614,0,0,0,0.0,0,0,0.0,0.0,78580,-2,4,3133,0.03803745657205582,-0.0008149071945808828,0.17671845853328705,-0.08512286841869354,1778,590,817,604,2434,3.214662790298462
2026-04-07T10:38:31.975,radio://0/80/2M,mission,1,1,Wall Follow,0.5005451440811157,0,0,0,0.0,0,0,0.0,0.0,78580,-2,4,3133,0.03803745657205582,-0.0008149071945808828,0.17671845853328705,-0.08512286841869354,1778,590,817,604,2434,3.214662790298462
2026-04-07T10:38:31.976,radio://0/80/2M,flow,1,1,Wall Follow,0.5005451440811157,0,0,0,0.0,0,0,0.0,0.0,78830,10,-7,3133,0.16602356731891632,-0.07196543365716934,0.18031184375286102,-1.6307938494719565e-05,1778,590,817,604,2434,3.214662790298462
2026-04-07T10:38:31.978,radio://0/80/2M,range,1,1,Wall Follow,0.5005451440811157,0,0,0,0.0,0,0,0.0,0.0,78830,10,-7,3133,0.16602356731891632,-0.07196543365716934,0.18031184375286102,-1.6307938494719565e-05,1742,638,782,617,2438,3.1935484409332275
2026-04-07T10:38:32.189,radio://0/80/2M,mission,1,1,Wall Follow,0.49899592995643616,0,0,0,0.0,0,0,0.0,0.0,78830,10,-7,3133,0.16602356731891632,-0.07196543365716934,0.18031184375286102,-1.6307938494719565e-05,1742,638,782,617,2438,3.1935484409332275
2026-04-07T10:38:32.193,radio://0/80/2M,flow,1,1,Wall Follow,0.49899592995643616,0,0,0,0.0,0,0,0.0,0.0,79080,1,-2,3133,0.2083866000175476,-0.06120852380990982,0.19390268623828888,-1.5309035150679051e-09,1742,638,782,617,2438,3.1935484409332275
2026-04-07T10:38:32.194,radio://0/80/2M,range,1,1,Wall Follow,0.49899592995643616,0,0,0,0.0,0,0,0.0,0.0,79080,1,-2,3133,0.2083866000175476,-0.06120852380990982,0.19390268623828888,-1.5309035150679051e-09,1695,668,755,692,2439,3.2093842029571533
2026-04-07T10:38:32.440,radio://0/80/2M,mission,1,1,Wall Follow,0.4985107481479645,0,0,0,0.0,0,0,0.0,0.0,79080,1,-2,3133,0.2083866000175476,-0.06120852380990982,0.19390268623828888,-1.5309035150679051e-09,1695,668,755,692,2439,3.2093842029571533
2026-04-07T10:38:32.443,radio://0/80/2M,flow,1,1,Wall Follow,0.4985107481479645,0,0,0,0.0,0,0,0.0,0.0,79330,0,-1,3133,0.18431356549263,-0.028825318440794945,0.1999942511320114,-2.053045911444909e-13,1695,668,755,692,2439,3.2093842029571533
2026-04-07T10:38:32.444,radio://0/80/2M,range,1,1,Wall Follow,0.4985107481479645,0,0,0,0.0,0,0,0.0,0.0,79330,0,-1,3133,0.18431356549263,-0.028825318440794945,0.1999942511320114,-2.053045911444909e-13,1667,706,722,714,2436,3.198827028274536
2026-04-07T10:38:32.690,radio://0/80/2M,mission,1,1,Wall Follow,0.49574822187423706,0,0,0,0.0,0,0,0.0,0.0,79330,0,-1,3133,0.18431356549263,-0.028825318440794945,0.1999942511320114,-2.053045911444909e-13,1667,706,722,714,2436,3.198827028274536
2026-04-07T10:38:32.693,radio://0/80/2M,flow,1,1,Wall Follow,0.49574822187423706,0,0,0,0.0,0,0,0.0,0.0,79580,0,-1,3133,0.18833482265472412,-0.025442857295274734,0.19999998807907104,-3.933249106645567e-17,1667,706,722,714,2436,3.198827028274536
2026-04-07T10:38:32.694,radio://0/80/2M,range,1,1,Wall Follow,0.49574822187423706,0,0,0,0.0,0,0,0.0,0.0,79580,0,-1,3133,0.18833482265472412,-0.025442857295274734,0.19999998807907104,-3.933249106645567e-17,1613,722,702,739,2444,3.188269853591919
2026-04-07T10:38:32.939,radio://0/80/2M,mission,1,1,Wall Follow,0.4955938160419464,0,0,0,0.0,0,0,0.0,0.0,79580,0,-1,3133,0.18833482265472412,-0.025442857295274734,0.19999998807907104,-3.933249106645567e-17,1613,722,702,739,2444,3.188269853591919
2026-04-07T10:38:32.942,radio://0/80/2M,flow,1,1,Wall Follow,0.4955938160419464,0,0,0,0.0,0,0,0.0,0.0,79830,0,0,3133,0.16240866482257843,-0.047806836664676666,0.19149662554264069,0.0005578477866947651,1613,722,702,739,2444,3.188269853591919
2026-04-07T10:38:32.943,radio://0/80/2M,range,1,1,Wall Follow,0.4955938160419464,0,0,0,0.0,0,0,0.0,0.0,79830,0,0,3133,0.16240866482257843,-0.047806836664676666,0.19149662554264069,0.0005578477866947651,1591,751,668,32766,2446,3.188269853591919
2026-04-07T10:38:33.190,radio://0/80/2M,mission,1,1,Wall Follow,0.5000610947608948,0,0,0,0.0,0,0,0.0,0.0,79830,0,0,3133,0.16240866482257843,-0.047806836664676666,0.19149662554264069,0.0005578477866947651,1591,751,668,32766,2446,3.188269853591919
2026-04-07T10:38:33.228,radio://0/80/2M,flow,1,1,Wall Follow,0.5000610947608948,0,0,0,0.0,0,0,0.0,0.0,80080,1,-2,3133,0.15136398375034332,-0.0407818965613842,0.18467064201831818,0.0017650099471211433,1591,751,668,32766,2446,3.188269853591919
2026-04-07T10:38:33.231,radio://0/80/2M,range,1,1,Wall Follow,0.5000610947608948,0,0,0,0.0,0,0,0.0,0.0,80080,1,-2,3133,0.15136398375034332,-0.0407818965613842,0.18467064201831818,0.0017650099471211433,1559,777,646,747,2436,3.188269853591919
2026-04-07T10:38:33.438,radio://0/80/2M,mission,1,1,Wall Follow,0.49594414234161377,0,0,0,0.0,0,0,0.0,0.0,80080,1,-2,3133,0.15136398375034332,-0.0407818965613842,0.18467064201831818,0.0017650099471211433,1559,777,646,747,2436,3.188269853591919
2026-04-07T10:38:33.442,radio://0/80/2M,flow,1,1,Wall Follow,0.49594414234161377,0,0,0,0.0,0,0,0.0,0.0,80330,1,-3,3133,0.15923823416233063,-0.009691677987575531,0.17853833734989166,0.003457134822383523,1559,777,646,747,2436,3.188269853591919
2026-04-07T10:38:33.443,radio://0/80/2M,range,1,1,Wall Follow,0.49594414234161377,0,0,0,0.0,0,0,0.0,0.0,80330,1,-3,3133,0.15923823416233063,-0.009691677987575531,0.17853833734989166,0.003457134822383523,1541,795,624,32766,2439,3.1671555042266846
2026-04-07T10:38:33.688,radio://0/80/2M,mission,1,1,Wall Follow,0.499321848154068,0,0,0,0.0,0,0,0.0,0.0,80330,1,-3,3133,0.15923823416233063,-0.009691677987575531,0.17853833734989166,0.003457134822383523,1541,795,624,32766,2439,3.1671555042266846
2026-04-07T10:38:33.693,radio://0/80/2M,flow,1,1,Wall Follow,0.499321848154068,0,0,0,0.0,0,0,0.0,0.0,80580,0,5,3133,0.14751467108726501,0.04298030212521553,0.17687401175498962,0.09237702935934067,1541,795,624,32766,2439,3.1671555042266846
2026-04-07T10:38:33.694,radio://0/80/2M,range,1,1,Wall Follow,0.499321848154068,0,0,0,0.0,0,0,0.0,0.0,80580,0,5,3133,0.14751467108726501,0.04298030212521553,0.17687401175498962,0.09237702935934067,1498,803,619,753,2436,3.198827028274536
2026-04-07T10:38:33.938,radio://0/80/2M,mission,1,1,Wall Follow,0.501120388507843,0,0,0,0.0,0,0,0.0,0.0,80580,0,5,3133,0.14751467108726501,0.04298030212521553,0.17687401175498962,0.09237702935934067,1498,803,619,753,2436,3.198827028274536
2026-04-07T10:38:33.942,radio://0/80/2M,flow,1,1,Wall Follow,0.501120388507843,0,0,0,0.0,0,0,0.0,0.0,80830,0,-1,3328,0.16600680351257324,0.12236644327640533,0.1797310709953308,0.024454519152641296,1498,803,619,753,2436,3.198827028274536
2026-04-07T10:38:33.943,radio://0/80/2M,range,1,1,Wall Follow,0.501120388507843,0,0,0,0.0,0,0,0.0,0.0,80830,0,-1,3328,0.16600680351257324,0.12236644327640533,0.1797310709953308,0.024454519152641296,1482,795,631,731,2434,3.1829912662506104
2026-04-07T10:38:34.188,radio://0/80/2M,mission,1,1,Wall Follow,0.5026874542236328,0,0,0,0.0,0,0,0.0,0.0,80830,0,-1,3328,0.16600680351257324,0.12236644327640533,0.1797310709953308,0.024454519152641296,1482,795,631,731,2434,3.1829912662506104
2026-04-07T10:38:34.192,radio://0/80/2M,flow,1,1,Wall Follow,0.5026874542236328,0,0,0,0.0,0,0,0.0,0.0,81080,-1,-2,3328,0.17106927931308746,0.07452745735645294,0.1869594156742096,0.0014545052545145154,1482,795,631,731,2434,3.1829912662506104
2026-04-07T10:38:34.193,radio://0/80/2M,range,1,1,Wall Follow,0.5026874542236328,0,0,0,0.0,0,0,0.0,0.0,81080,-1,-2,3328,0.17106927931308746,0.07452745735645294,0.1869594156742096,0.0014545052545145154,1452,793,653,648,2430,3.1935484409332275
2026-04-07T10:38:34.437,radio://0/80/2M,mission,1,1,Wall Follow,0.4985501170158386,0,0,0,0.0,0,0,0.0,0.0,81080,-1,-2,3328,0.17106927931308746,0.07452745735645294,0.1869594156742096,0.0014545052545145154,1452,793,653,648,2430,3.1935484409332275
2026-04-07T10:38:34.441,radio://0/80/2M,flow,1,1,Wall Follow,0.4985501170158386,0,0,0,0.0,0,0,0.0,0.0,81330,0,-1,3328,0.16958056390285492,-0.026999816298484802,0.18867768347263336,0.0010745233157649636,1452,793,653,648,2430,3.1935484409332275
2026-04-07T10:38:34.443,radio://0/80/2M,range,1,1,Wall Follow,0.4985501170158386,0,0,0,0.0,0,0,0.0,0.0,81330,0,-1,3328,0.16958056390285492,-0.026999816298484802,0.18867768347263336,0.0010745233157649636,1429,789,659,657,2432,3.1935484409332275
2026-04-07T10:38:34.688,radio://0/80/2M,mission,1,1,Wall Follow,0.49817994236946106,0,0,0,0.0,0,0,0.0,0.0,81330,0,-1,3328,0.16958056390285492,-0.026999816298484802,0.18867768347263336,0.0010745233157649636,1429,789,659,657,2432,3.1935484409332275
2026-04-07T10:38:34.691,radio://0/80/2M,flow,1,1,Wall Follow,0.49817994236946106,0,0,0,0.0,0,0,0.0,0.0,81580,3,0,3328,0.15778058767318726,-0.059101369231939316,0.1842643767595291,0.001900636707432568,1429,789,659,657,2432,3.1935484409332275
2026-04-07T10:38:34.692,radio://0/80/2M,range,1,1,Wall Follow,0.49817994236946106,0,0,0,0.0,0,0,0.0,0.0,81580,3,0,3328,0.15778058767318726,-0.059101369231939316,0.1842643767595291,0.001900636707432568,1385,795,644,704,2431,3.172434091567993
2026-04-07T10:38:34.938,radio://0/80/2M,mission,1,1,Wall Follow,0.4992392957210541,0,0,0,0.0,0,0,0.0,0.0,81580,3,0,3328,0.15778058767318726,-0.059101369231939316,0.1842643767595291,0.001900636707432568,1385,795,644,704,2431,3.172434091567993
2026-04-07T10:38:34.942,radio://0/80/2M,flow,1,1,Wall Follow,0.4992392957210541,0,0,0,0.0,0,0,0.0,0.0,81830,2,0,3328,0.16764958202838898,-0.012178770266473293,0.18034346401691437,0.0926363617181778,1385,795,644,704,2431,3.172434091567993
2026-04-07T10:38:34.944,radio://0/80/2M,range,1,1,Wall Follow,0.4992392957210541,0,0,0,0.0,0,0,0.0,0.0,81830,2,0,3328,0.16764958202838898,-0.012178770266473293,0.18034346401691437,0.0926363617181778,1366,808,631,717,2431,3.1829912662506104
2026-04-07T10:38:35.186,radio://0/80/2M,mission,1,1,Wall Follow,0.49660858511924744,0,0,0,0.0,0,0,0.0,0.0,81830,2,0,3328,0.16764958202838898,-0.012178770266473293,0.18034346401691437,0.0926363617181778,1366,808,631,717,2431,3.1829912662506104
2026-04-07T10:38:35.191,radio://0/80/2M,flow,1,1,Wall Follow,0.49660858511924744,0,0,0,0.0,0,0,0.0,0.0,82080,-1,0,3328,0.16882526874542236,0.07350903749465942,0.1800345927476883,0.09288675338029861,1366,808,631,717,2431,3.1829912662506104
2026-04-07T10:38:35.192,radio://0/80/2M,range,1,1,Wall Follow,0.49660858511924744,0,0,0,0.0,0,0,0.0,0.0,82080,-1,0,3328,0.16882526874542236,0.07350903749465942,0.1800345927476883,0.09288675338029861,1325,807,628,683,2433,3.1935484409332275
2026-04-07T10:38:35.437,radio://0/80/2M,mission,1,1,Wall Follow,0.49301376938819885,0,0,0,0.0,0,0,0.0,0.0,82080,-1,0,3328,0.16882526874542236,0.07350903749465942,0.1800345927476883,0.09288675338029861,1325,807,628,683,2433,3.1935484409332275
2026-04-07T10:38:35.441,radio://0/80/2M,flow,1,1,Wall Follow,0.49301376938819885,0,0,0,0.0,0,0,0.0,0.0,82330,0,0,3328,0.15540805459022522,0.07059027254581451,0.18772201240062714,0.0013111034641042352,1325,807,628,683,2433,3.1935484409332275
2026-04-07T10:38:35.442,radio://0/80/2M,range,1,1,Wall Follow,0.49301376938819885,0,0,0,0.0,0,0,0.0,0.0,82330,0,0,3328,0.15540805459022522,0.07059027254581451,0.18772201240062714,0.0013111034641042352,1301,785,657,672,2436,3.172434091567993
2026-04-07T10:38:35.687,radio://0/80/2M,mission,1,1,Wall Follow,0.49253010749816895,0,0,0,0.0,0,0,0.0,0.0,82330,0,0,3328,0.15540805459022522,0.07059027254581451,0.18772201240062714,0.0013111034641042352,1301,785,657,672,2436,3.172434091567993
2026-04-07T10:38:35.690,radio://0/80/2M,flow,1,1,Wall Follow,0.49253010749816895,0,0,0,0.0,0,0,0.0,0.0,82580,0,-2,3536,0.17034973204135895,-0.015298932790756226,0.19062462449073792,0.0005475416546687484,1301,785,657,672,2436,3.172434091567993
2026-04-07T10:38:35.691,radio://0/80/2M,range,1,1,Wall Follow,0.49253010749816895,0,0,0,0.0,0,0,0.0,0.0,82580,0,-2,3536,0.17034973204135895,-0.015298932790756226,0.19062462449073792,0.0005475416546687484,1257,768,675,664,2437,3.1829912662506104
2026-04-07T10:38:35.936,radio://0/80/2M,mission,1,1,Wall Follow,0.4966966509819031,0,0,0,0.0,0,0,0.0,0.0,82580,0,-2,3536,0.17034973204135895,-0.015298932790756226,0.19062462449073792,0.0005475416546687484,1257,768,675,664,2437,3.1829912662506104
2026-04-07T10:38:35.940,radio://0/80/2M,flow,1,1,Wall Follow,0.4966966509819031,0,0,0,0.0,0,0,0.0,0.0,82830,1,0,3757,0.1842835396528244,-0.047095369547605515,0.20000000298023224,0.0,1257,768,675,664,2437,3.1829912662506104
2026-04-07T10:38:35.941,radio://0/80/2M,range,1,1,Wall Follow,0.4966966509819031,0,0,0,0.0,0,0,0.0,0.0,82830,1,0,3757,0.1842835396528244,-0.047095369547605515,0.20000000298023224,0.0,1222,770,697,676,2429,3.172434091567993
2026-04-07T10:38:36.187,radio://0/80/2M,mission,1,1,Wall Follow,0.5007855892181396,0,0,0,0.0,0,0,0.0,0.0,82830,1,0,3757,0.1842835396528244,-0.047095369547605515,0.20000000298023224,0.0,1222,770,697,676,2429,3.172434091567993
2026-04-07T10:38:36.190,radio://0/80/2M,flow,1,1,Wall Follow,0.5007855892181396,0,0,0,0.0,0,0,0.0,0.0,83080,1,-1,3757,0.18807147443294525,-0.015374108217656612,0.19966357946395874,3.591697961269347e-08,1222,770,697,676,2429,3.172434091567993
2026-04-07T10:38:36.191,radio://0/80/2M,range,1,1,Wall Follow,0.5007855892181396,0,0,0,0.0,0,0,0.0,0.0,83080,1,-1,3757,0.18807147443294525,-0.015374108217656612,0.19966357946395874,3.591697961269347e-08,1163,780,32766,710,2431,3.1935484409332275
2026-04-07T10:38:36.436,radio://0/80/2M,mission,1,1,Wall Follow,0.5024048686027527,0,0,0,0.0,0,0,0.0,0.0,83080,1,-1,3757,0.18807147443294525,-0.015374108217656612,0.19966357946395874,3.591697961269347e-08,1163,780,32766,710,2431,3.1935484409332275
2026-04-07T10:38:36.440,radio://0/80/2M,flow,1,1,Wall Follow,0.5024048686027527,0,0,0,0.0,0,0,0.0,0.0,83330,-1,-2,3757,0.20452076196670532,0.028751039877533913,0.19999995827674866,4.8167116996344905e-12,1163,780,32766,710,2431,3.1935484409332275
2026-04-07T10:38:36.442,radio://0/80/2M,range,1,1,Wall Follow,0.5024048686027527,0,0,0,0.0,0,0,0.0,0.0,83330,-1,-2,3757,0.20452076196670532,0.028751039877533913,0.19999995827674866,4.8167116996344905e-12,1129,777,1996,731,2433,3.198827028274536
2026-04-07T10:38:36.686,radio://0/80/2M,mission,1,1,Wall Follow,0.5019099712371826,0,0,0,0.0,0,0,0.0,0.0,83330,-1,-2,3757,0.20452076196670532,0.028751039877533913,0.19999995827674866,4.8167116996344905e-12,1129,777,1996,731,2433,3.198827028274536
2026-04-07T10:38:36.689,radio://0/80/2M,flow,1,1,Wall Follow,0.5019099712371826,0,0,0,0.0,0,0,0.0,0.0,83580,-2,-5,3991,0.21602995693683624,0.040431052446365356,0.19999998807907104,6.459536253836746e-16,1129,777,1996,731,2433,3.198827028274536
2026-04-07T10:38:36.691,radio://0/80/2M,range,1,1,Wall Follow,0.5019099712371826,0,0,0,0.0,0,0,0.0,0.0,83580,-2,-5,3991,0.21602995693683624,0.040431052446365356,0.19999998807907104,6.459536253836746e-16,1071,777,2004,746,2427,3.1935484409332275
2026-04-07T10:38:36.935,radio://0/80/2M,mission,1,1,Wall Follow,0.499584823846817,0,0,0,0.0,0,0,0.0,0.0,83580,-2,-5,3991,0.21602995693683624,0.040431052446365356,0.19999998807907104,6.459536253836746e-16,1071,777,2004,746,2427,3.1935484409332275
2026-04-07T10:38:36.940,radio://0/80/2M,flow,1,1,Wall Follow,0.499584823846817,0,0,0,0.0,0,0,0.0,0.0,83830,0,-2,3991,0.20808649063110352,0.02131788060069084,0.19999998807907104,8.662677399295139e-20,1071,777,2004,746,2427,3.1935484409332275
2026-04-07T10:38:36.941,radio://0/80/2M,range,1,1,Wall Follow,0.499584823846817,0,0,0,0.0,0,0,0.0,0.0,83830,0,-2,3991,0.20808649063110352,0.02131788060069084,0.19999998807907104,8.662677399295139e-20,1035,774,2020,751,2437,3.1777126789093018
2026-04-07T10:38:37.186,radio://0/80/2M,mission,1,1,Wall Follow,0.5008383989334106,0,0,0,0.0,0,0,0.0,0.0,83830,0,-2,3991,0.20808649063110352,0.02131788060069084,0.19999998807907104,8.662677399295139e-20,1035,774,2020,751,2437,3.1777126789093018
2026-04-07T10:38:37.188,radio://0/80/2M,flow,1,1,Wall Follow,0.5008383989334106,0,0,0,0.0,0,0,0.0,0.0,84080,1,0,3991,0.19749197363853455,0.0015921792946755886,0.19999998807907104,1.6596062034926888e-23,1035,774,2020,751,2437,3.1777126789093018
2026-04-07T10:38:37.190,radio://0/80/2M,range,1,1,Wall Follow,0.5008383989334106,0,0,0,0.0,0,0,0.0,0.0,84080,1,0,3991,0.19749197363853455,0.0015921792946755886,0.19999998807907104,1.6596062034926888e-23,980,772,32766,759,2431,3.198827028274536
2026-04-07T10:38:37.435,radio://0/80/2M,mission,1,1,Wall Follow,0.5035537481307983,0,0,0,0.0,0,0,0.0,0.0,84080,1,0,3991,0.19749197363853455,0.0015921792946755886,0.19999998807907104,1.6596062034926888e-23,980,772,32766,759,2431,3.198827028274536
2026-04-07T10:38:37.439,radio://0/80/2M,flow,1,1,Wall Follow,0.5035537481307983,0,0,0,0.0,0,0,0.0,0.0,84330,0,-1,3991,0.17883160710334778,-0.005472518503665924,0.19999998807907104,1.5579513691909109e-27,980,772,32766,759,2431,3.198827028274536
2026-04-07T10:38:37.440,radio://0/80/2M,range,1,1,Wall Follow,0.5035537481307983,0,0,0,0.0,0,0,0.0,0.0,84330,0,-1,3991,0.17883160710334778,-0.005472518503665924,0.19999998807907104,1.5579513691909109e-27,949,776,32766,32766,2430,3.188269853591919
2026-04-07T10:38:37.685,radio://0/80/2M,mission,1,1,Wall Follow,0.5034059882164001,0,0,0,0.0,0,0,0.0,0.0,84330,0,-1,3991,0.17883160710334778,-0.005472518503665924,0.19999998807907104,1.5579513691909109e-27,949,776,32766,32766,2430,3.188269853591919
2026-04-07T10:38:37.688,radio://0/80/2M,flow,1,1,Wall Follow,0.5034059882164001,0,0,0,0.0,0,0,0.0,0.0,84580,0,-1,4240,0.2063516527414322,0.021380310878157616,0.0,0.0,949,776,32766,32766,2430,3.188269853591919
2026-04-07T10:38:37.689,radio://0/80/2M,range,1,1,Wall Follow,0.5034059882164001,0,0,0,0.0,0,0,0.0,0.0,84580,0,-1,4240,0.2063516527414322,0.021380310878157616,0.0,0.0,896,769,32766,768,2423,3.1935484409332275
2026-04-07T10:38:37.934,radio://0/80/2M,mission,1,1,Wall Follow,0.5086312890052795,0,0,0,0.0,0,0,0.0,0.0,84580,0,-1,4240,0.2063516527414322,0.021380310878157616,0.0,0.0,896,769,32766,768,2423,3.1935484409332275
2026-04-07T10:38:37.939,radio://0/80/2M,flow,1,1,Wall Follow,0.5086312890052795,0,0,0,0.0,0,0,0.0,0.0,84830,0,0,4240,0.10642849653959274,0.027711521834135056,0.0,0.0,896,769,32766,768,2423,3.1935484409332275
2026-04-07T10:38:37.940,radio://0/80/2M,range,1,1,Wall Follow,0.5086312890052795,0,0,0,0.0,0,0,0.0,0.0,84830,0,0,4240,0.10642849653959274,0.027711521834135056,0.0,0.0,868,764,32766,756,2441,3.2199413776397705
2026-04-07T10:38:38.184,radio://0/80/2M,mission,1,1,Wall Follow,0.5053144097328186,0,0,0,0.0,0,0,0.0,0.0,84830,0,0,4240,0.10642849653959274,0.027711521834135056,0.0,0.0,868,764,32766,756,2441,3.2199413776397705
2026-04-07T10:38:38.188,radio://0/80/2M,flow,1,1,Wall Follow,0.5053144097328186,0,0,0,0.0,0,0,0.0,0.0,85080,0,1,4240,-0.033045534044504166,0.01810617372393608,0.00026522434200160205,0.0,868,764,32766,756,2441,3.2199413776397705
2026-04-07T10:38:38.189,radio://0/80/2M,range,1,1,Wall Follow,0.5053144097328186,0,0,0,0.0,0,0,0.0,0.0,85080,0,1,4240,-0.033045534044504166,0.01810617372393608,0.00026522434200160205,0.0,856,761,32766,662,2433,3.2041056156158447
2026-04-07T10:38:38.435,radio://0/80/2M,mission,1,1,Wall Follow,0.49394503235816956,0,0,0,0.0,0,0,0.0,0.0,85080,0,1,4240,-0.033045534044504166,0.01810617372393608,0.00026522434200160205,0.0,856,761,32766,662,2433,3.2041056156158447
2026-04-07T10:38:38.438,radio://0/80/2M,flow,1,1,Wall Follow,0.49394503235816956,0,0,0,0.0,0,0,0.0,0.0,85330,0,0,4505,-0.050924401730298996,-0.0025411960668861866,0.0010889990953728557,0.0,856,761,32766,662,2433,3.2041056156158447
2026-04-07T10:38:38.439,radio://0/80/2M,range,1,1,Wall Follow,0.49394503235816956,0,0,0,0.0,0,0,0.0,0.0,85330,0,0,4505,-0.050924401730298996,-0.0025411960668861866,0.0010889990953728557,0.0,861,787,32766,623,2435,3.1407625675201416
2026-04-07T10:38:38.684,radio://0/80/2M,mission,1,1,Wall Follow,0.496770977973938,0,0,0,0.0,0,0,0.0,0.0,85330,0,0,4505,-0.050924401730298996,-0.0025411960668861866,0.0010889990953728557,0.0,861,787,32766,623,2435,3.1407625675201416
2026-04-07T10:38:38.688,radio://0/80/2M,flow,1,1,Wall Follow,0.496770977973938,0,0,0,0.0,0,0,0.0,0.0,85580,0,0,4505,-0.017421606928110123,-0.018827684223651886,0.0,0.0,861,787,32766,623,2435,3.1407625675201416
2026-04-07T10:38:38.689,radio://0/80/2M,range,1,1,Wall Follow,0.496770977973938,0,0,0,0.0,0,0,0.0,0.0,85580,0,0,4505,-0.017421606928110123,-0.018827684223651886,0.0,0.0,897,815,1105,901,2437,3.161876916885376
2026-04-07T10:38:38.935,radio://0/80/2M,mission,1,1,Wall Follow,0.5046579837799072,0,0,0,0.0,0,0,0.0,0.0,85580,0,0,4505,-0.017421606928110123,-0.018827684223651886,0.0,0.0,897,815,1105,901,2437,3.161876916885376
2026-04-07T10:38:38.938,radio://0/80/2M,flow,1,1,Wall Follow,0.5046579837799072,0,0,0,0.0,0,0,0.0,0.0,85830,-1,0,4505,-0.004094857256859541,0.006175739225000143,0.0,0.0,897,815,1105,901,2437,3.161876916885376
2026-04-07T10:38:38.939,radio://0/80/2M,range,1,1,Wall Follow,0.5046579837799072,0,0,0,0.0,0,0,0.0,0.0,85830,-1,0,4505,-0.004094857256859541,0.006175739225000143,0.0,0.0,925,897,887,1414,2426,3.172434091567993
2026-04-07T10:38:39.184,radio://0/80/2M,mission,1,1,Wall Follow,0.5024862289428711,0,0,0,0.0,0,0,0.0,0.0,85830,-1,0,4505,-0.004094857256859541,0.006175739225000143,0.0,0.0,925,897,887,1414,2426,3.172434091567993
2026-04-07T10:38:39.187,radio://0/80/2M,flow,1,1,Wall Follow,0.5024862289428711,0,0,0,0.0,0,0,0.0,0.0,86080,3,2,4505,-0.009666872210800648,0.015170653350651264,0.0,0.0,925,897,887,1414,2426,3.172434091567993
2026-04-07T10:38:39.189,radio://0/80/2M,range,1,1,Wall Follow,0.5024862289428711,0,0,0,0.0,0,0,0.0,0.0,86080,3,2,4505,-0.009666872210800648,0.015170653350651264,0.0,0.0,32766,959,885,1175,2420,3.1777126789093018
2026-04-07T10:38:39.436,radio://0/80/2M,mission,1,1,Wall Follow,0.4994240999221802,0,0,0,0.0,0,0,0.0,0.0,86080,3,2,4505,-0.009666872210800648,0.015170653350651264,0.0,0.0,32766,959,885,1175,2420,3.1777126789093018
2026-04-07T10:38:39.439,radio://0/80/2M,flow,1,1,Wall Follow,0.4994240999221802,0,0,0,0.0,0,0,0.0,0.0,86330,5,0,4505,-0.019781896844506264,0.008625498041510582,0.0,0.0,32766,959,885,1175,2420,3.1777126789093018
2026-04-07T10:38:39.440,radio://0/80/2M,range,1,1,Wall Follow,0.4994240999221802,0,0,0,0.0,0,0,0.0,0.0,86330,5,0,4505,-0.019781896844506264,0.008625498041510582,0.0,0.0,32766,1076,948,1068,2442,3.1565983295440674
2026-04-07T10:38:39.684,radio://0/80/2M,mission,1,1,Wall Follow,0.4972030222415924,0,0,0,0.0,0,0,0.0,0.0,86330,5,0,4505,-0.019781896844506264,0.008625498041510582,0.0,0.0,32766,1076,948,1068,2442,3.1565983295440674
2026-04-07T10:38:39.687,radio://0/80/2M,flow,1,1,Wall Follow,0.4972030222415924,0,0,0,0.0,0,0,0.0,0.0,86580,1,0,4505,-0.038543179631233215,-0.03202299401164055,0.0,0.0,32766,1076,948,1068,2442,3.1565983295440674
2026-04-07T10:38:39.688,radio://0/80/2M,range,1,1,Wall Follow,0.4972030222415924,0,0,0,0.0,0,0,0.0,0.0,86580,1,0,4505,-0.038543179631233215,-0.03202299401164055,0.0,0.0,32766,1124,1025,950,2431,3.1935484409332275
2026-04-07T10:38:39.933,radio://0/80/2M,mission,1,1,Wall Follow,0.5037558078765869,0,0,0,0.0,0,0,0.0,0.0,86580,1,0,4505,-0.038543179631233215,-0.03202299401164055,0.0,0.0,32766,1124,1025,950,2431,3.1935484409332275
2026-04-07T10:38:39.937,radio://0/80/2M,flow,1,1,Wall Follow,0.5037558078765869,0,0,0,0.0,0,0,0.0,0.0,86830,0,0,4224,-0.01761726289987564,-0.027819762006402016,0.0,0.0,32766,1124,1025,950,2431,3.1935484409332275
2026-04-07T10:38:39.938,radio://0/80/2M,range,1,1,Wall Follow,0.5037558078765869,0,0,0,0.0,0,0,0.0,0.0,86830,0,0,4224,-0.01761726289987564,-0.027819762006402016,0.0,0.0,32766,1039,1148,900,2435,3.1935484409332275
2026-04-07T10:38:40.183,radio://0/80/2M,mission,1,1,Wall Follow,0.5004063844680786,0,0,0,0.0,0,0,0.0,0.0,86830,0,0,4224,-0.01761726289987564,-0.027819762006402016,0.0,0.0,32766,1039,1148,900,2435,3.1935484409332275
2026-04-07T10:38:40.186,radio://0/80/2M,flow,1,1,Wall Follow,0.5004063844680786,0,0,0,0.0,0,0,0.0,0.0,87080,0,0,4224,0.004719133488833904,0.0039006806910037994,0.0,0.0,32766,1039,1148,900,2435,3.1935484409332275
2026-04-07T10:38:40.187,radio://0/80/2M,range,1,1,Wall Follow,0.5004063844680786,0,0,0,0.0,0,0,0.0,0.0,87080,0,0,4224,0.004719133488833904,0.0039006806910037994,0.0,0.0,32766,980,32766,846,2419,3.198827028274536
2026-04-07T10:38:40.433,radio://0/80/2M,mission,1,1,Wall Follow,0.500403106212616,0,0,0,0.0,0,0,0.0,0.0,87080,0,0,4224,0.004719133488833904,0.0039006806910037994,0.0,0.0,32766,980,32766,846,2419,3.198827028274536
2026-04-07T10:38:40.436,radio://0/80/2M,flow,1,1,Wall Follow,0.500403106212616,0,0,0,0.0,0,0,0.0,0.0,87330,-22,14,4224,0.05152885243296623,0.05693621560931206,0.0,0.0,32766,980,32766,846,2419,3.198827028274536
2026-04-07T10:38:40.438,radio://0/80/2M,range,1,1,Wall Follow,0.500403106212616,0,0,0,0.0,0,0,0.0,0.0,87330,-22,14,4224,0.05152885243296623,0.05693621560931206,0.0,0.0,32766,912,32766,802,2438,3.172434091567993
2026-04-07T10:38:40.683,radio://0/80/2M,mission,1,1,Wall Follow,0.49886053800582886,0,0,0,0.0,0,0,0.0,0.0,87330,-22,14,4224,0.05152885243296623,0.05693621560931206,0.0,0.0,32766,912,32766,802,2438,3.172434091567993
2026-04-07T10:38:40.686,radio://0/80/2M,flow,1,1,Wall Follow,0.49886053800582886,0,0,0,0.0,0,0,0.0,0.0,87580,0,1,4224,0.0077743930742144585,0.005086968652904034,0.0,0.06661347299814224,32766,912,32766,802,2438,3.172434091567993
2026-04-07T10:38:40.687,radio://0/80/2M,range,1,1,Wall Follow,0.49886053800582886,0,0,0,0.0,0,0,0.0,0.0,87580,0,1,4224,0.0077743930742144585,0.005086968652904034,0.0,0.06661347299814224,32766,891,32766,780,2437,3.161876916885376
2026-04-07T10:38:40.932,radio://0/80/2M,mission,1,1,Wall Follow,0.499742329120636,0,0,0,0.0,0,0,0.0,0.0,87580,0,1,4224,0.0077743930742144585,0.005086968652904034,0.0,0.06661347299814224,32766,891,32766,780,2437,3.161876916885376
2026-04-07T10:38:40.936,radio://0/80/2M,flow,1,1,Wall Follow,0.499742329120636,0,0,0,0.0,0,0,0.0,0.0,87830,1,1,4224,-0.007237739395350218,-0.01524965837597847,0.0,0.06666666269302368,32766,891,32766,780,2437,3.161876916885376
2026-04-07T10:38:40.937,radio://0/80/2M,range,1,1,Wall Follow,0.499742329120636,0,0,0,0.0,0,0,0.0,0.0,87830,1,1,4224,-0.007237739395350218,-0.01524965837597847,0.0,0.06666666269302368,32766,890,32766,784,2437,3.1829912662506104
2026-04-07T10:38:41.183,radio://0/80/2M,mission,1,1,Wall Follow,0.4971572756767273,0,0,0,0.0,0,0,0.0,0.0,87830,1,1,4224,-0.007237739395350218,-0.01524965837597847,0.0,0.06666666269302368,32766,890,32766,784,2437,3.1829912662506104
2026-04-07T10:38:41.185,radio://0/80/2M,flow,1,1,Wall Follow,0.4971572756767273,0,0,0,0.0,0,0,0.0,0.0,88080,0,-1,4224,0.03878776729106903,-0.004529680125415325,0.0,0.06666666269302368,32766,890,32766,784,2437,3.1829912662506104
2026-04-07T10:38:41.186,radio://0/80/2M,range,1,1,Wall Follow,0.4971572756767273,0,0,0,0.0,0,0,0.0,0.0,88080,0,-1,4224,0.03878776729106903,-0.004529680125415325,0.0,0.06666666269302368,32766,903,32766,788,2441,3.1777126789093018
2026-04-07T10:38:41.432,radio://0/80/2M,mission,1,1,Wall Follow,0.49741727113723755,0,0,0,0.0,0,0,0.0,0.0,88080,0,-1,4224,0.03878776729106903,-0.004529680125415325,0.0,0.06666666269302368,32766,903,32766,788,2441,3.1777126789093018
2026-04-07T10:38:41.435,radio://0/80/2M,flow,1,1,Wall Follow,0.49741727113723755,0,0,0,0.0,0,0,0.0,0.0,88330,-1,0,4224,0.0687652975320816,0.013149836100637913,0.0,0.06666666269302368,32766,903,32766,788,2441,3.1777126789093018
2026-04-07T10:38:41.436,radio://0/80/2M,range,1,1,Wall Follow,0.49741727113723755,0,0,0,0.0,0,0,0.0,0.0,88330,-1,0,4224,0.0687652975320816,0.013149836100637913,0.0,0.06666666269302368,32766,915,32766,791,2435,3.1829912662506104
2026-04-07T10:38:41.682,radio://0/80/2M,mission,1,1,Wall Follow,0.49868983030319214,0,0,0,0.0,0,0,0.0,0.0,88330,-1,0,4224,0.0687652975320816,0.013149836100637913,0.0,0.06666666269302368,32766,915,32766,791,2435,3.1829912662506104
2026-04-07T10:38:41.685,radio://0/80/2M,flow,1,1,Wall Follow,0.49868983030319214,0,0,0,0.0,0,0,0.0,0.0,88580,0,-2,4224,0.060124725103378296,0.015533626079559326,0.0,0.06666666269302368,32766,915,32766,791,2435,3.1829912662506104
2026-04-07T10:38:41.686,radio://0/80/2M,range,1,1,Wall Follow,0.49868983030319214,0,0,0,0.0,0,0,0.0,0.0,88580,0,-2,4224,0.060124725103378296,0.015533626079559326,0.0,0.06666666269302368,32766,919,32766,789,2440,3.172434091567993
2026-04-07T10:38:41.932,radio://0/80/2M,mission,1,1,Wall Follow,0.49720528721809387,0,0,0,0.0,0,0,0.0,0.0,88580,0,-2,4224,0.060124725103378296,0.015533626079559326,0.0,0.06666666269302368,32766,919,32766,789,2440,3.172434091567993
2026-04-07T10:38:41.935,radio://0/80/2M,flow,1,1,Wall Follow,0.49720528721809387,0,0,0,0.0,0,0,0.0,0.0,88830,4,2,4224,0.004750548861920834,0.01095802802592516,0.0,0.06666666269302368,32766,919,32766,789,2440,3.172434091567993
2026-04-07T10:38:41.936,radio://0/80/2M,range,1,1,Wall Follow,0.49720528721809387,0,0,0,0.0,0,0,0.0,0.0,88830,4,2,4224,0.004750548861920834,0.01095802802592516,0.0,0.06666666269302368,32766,931,32766,792,2441,3.161876916885376
2026-04-07T10:38:42.182,radio://0/80/2M,mission,1,1,Wall Follow,0.49916717410087585,0,0,0,0.0,0,0,0.0,0.0,88830,4,2,4224,0.004750548861920834,0.01095802802592516,0.0,0.06666666269302368,32766,931,32766,792,2441,3.161876916885376
2026-04-07T10:38:42.184,radio://0/80/2M,flow,1,1,Wall Follow,0.49916717410087585,0,0,0,0.0,0,0,0.0,0.0,89080,0,0,4224,0.017453551292419434,0.0054247258231043816,0.0,0.06666666269302368,32766,931,32766,792,2441,3.161876916885376
2026-04-07T10:38:42.185,radio://0/80/2M,range,1,1,Wall Follow,0.49916717410087585,0,0,0,0.0,0,0,0.0,0.0,89080,0,0,4224,0.017453551292419434,0.0054247258231043816,0.0,0.06666666269302368,32766,934,32766,794,2433,3.172434091567993
2026-04-07T10:38:42.432,radio://0/80/2M,mission,1,1,Wall Follow,0.4970226585865021,0,0,0,0.0,0,0,0.0,0.0,89080,0,0,4224,0.017453551292419434,0.0054247258231043816,0.0,0.06666666269302368,32766,934,32766,794,2433,3.172434091567993
2026-04-07T10:38:42.435,radio://0/80/2M,flow,1,1,Wall Follow,0.4970226585865021,0,0,0,0.0,0,0,0.0,0.0,89330,0,0,4224,0.07337221503257751,0.00927199237048626,0.0,0.06666666269302368,32766,934,32766,794,2433,3.172434091567993
2026-04-07T10:38:42.436,radio://0/80/2M,range,1,1,Wall Follow,0.4970226585865021,0,0,0,0.0,0,0,0.0,0.0,89330,0,0,4224,0.07337221503257751,0.00927199237048626,0.0,0.06666666269302368,32766,941,32766,795,2441,3.1565983295440674
2026-04-07T10:38:42.680,radio://0/80/2M,mission,1,1,Wall Follow,0.5013865828514099,0,0,0,0.0,0,0,0.0,0.0,89330,0,0,4224,0.07337221503257751,0.00927199237048626,0.0,0.06666666269302368,32766,941,32766,795,2441,3.1565983295440674
2026-04-07T10:38:42.685,radio://0/80/2M,flow,1,1,Wall Follow,0.5013865828514099,0,0,0,0.0,0,0,0.0,0.0,89580,-1,-1,4224,0.09126722067594528,0.004278079140931368,0.0,0.06666666269302368,32766,941,32766,795,2441,3.1565983295440674
2026-04-07T10:38:42.686,radio://0/80/2M,range,1,1,Wall Follow,0.5013865828514099,0,0,0,0.0,0,0,0.0,0.0,89580,-1,-1,4224,0.09126722067594528,0.004278079140931368,0.0,0.06666666269302368,32766,941,32766,800,2428,3.172434091567993
2026-04-07T10:38:42.931,radio://0/80/2M,mission,1,1,Wall Follow,0.5049705505371094,0,0,0,0.0,0,0,0.0,0.0,89580,-1,-1,4224,0.09126722067594528,0.004278079140931368,0.0,0.06666666269302368,32766,941,32766,800,2428,3.172434091567993
2026-04-07T10:38:42.934,radio://0/80/2M,flow,1,1,Wall Follow,0.5049705505371094,0,0,0,0.0,0,0,0.0,0.0,89830,0,0,4224,0.07613829523324966,0.007971827872097492,0.0,0.06666666269302368,32766,941,32766,800,2428,3.172434091567993
2026-04-07T10:38:42.935,radio://0/80/2M,range,1,1,Wall Follow,0.5049705505371094,0,0,0,0.0,0,0,0.0,0.0,89830,0,0,4224,0.07613829523324966,0.007971827872097492,0.0,0.06666666269302368,32766,937,32766,805,2435,3.172434091567993
2026-04-07T10:38:43.181,radio://0/80/2M,mission,1,1,Wall Follow,0.49855127930641174,0,0,0,0.0,0,0,0.0,0.0,89830,0,0,4224,0.07613829523324966,0.007971827872097492,0.0,0.06666666269302368,32766,937,32766,805,2435,3.172434091567993
2026-04-07T10:38:43.185,radio://0/80/2M,flow,1,1,Wall Follow,0.49855127930641174,0,0,0,0.0,0,0,0.0,0.0,90080,0,0,4224,0.06577663123607635,0.015235500410199165,0.0,0.06666666269302368,32766,937,32766,805,2435,3.172434091567993
2026-04-07T10:38:43.186,radio://0/80/2M,range,1,1,Wall Follow,0.49855127930641174,0,0,0,0.0,0,0,0.0,0.0,90080,0,0,4224,0.06577663123607635,0.015235500410199165,0.0,0.06666666269302368,32766,933,32766,805,2432,3.1671555042266846
2026-04-07T10:38:43.430,radio://0/80/2M,mission,1,1,Wall Follow,0.498344749212265,0,0,0,0.0,0,0,0.0,0.0,90080,0,0,4224,0.06577663123607635,0.015235500410199165,0.0,0.06666666269302368,32766,933,32766,805,2432,3.1671555042266846
2026-04-07T10:38:43.434,radio://0/80/2M,flow,1,1,Wall Follow,0.498344749212265,0,0,0,0.0,0,0,0.0,0.0,90330,0,0,4224,0.04971501976251602,0.010989466682076454,0.0,0.06666666269302368,32766,933,32766,805,2432,3.1671555042266846
2026-04-07T10:38:43.435,radio://0/80/2M,range,1,1,Wall Follow,0.498344749212265,0,0,0,0.0,0,0,0.0,0.0,90330,0,0,4224,0.04971501976251602,0.010989466682076454,0.0,0.06666666269302368,32766,930,32766,806,2441,3.172434091567993
2026-04-07T10:38:43.681,radio://0/80/2M,mission,1,1,Wall Follow,0.5002350211143494,0,0,0,0.0,0,0,0.0,0.0,90330,0,0,4224,0.04971501976251602,0.010989466682076454,0.0,0.06666666269302368,32766,930,32766,806,2441,3.172434091567993
2026-04-07T10:38:43.684,radio://0/80/2M,flow,1,1,Wall Follow,0.5002350211143494,0,0,0,0.0,0,0,0.0,0.0,90580,0,0,4224,0.0442964993417263,0.015013283118605614,0.0,0.06666666269302368,32766,930,32766,806,2441,3.172434091567993
2026-04-07T10:38:43.685,radio://0/80/2M,range,1,1,Wall Follow,0.5002350211143494,0,0,0,0.0,0,0,0.0,0.0,90580,0,0,4224,0.0442964993417263,0.015013283118605614,0.0,0.06666666269302368,32766,937,32766,811,2436,3.1935484409332275
2026-04-07T10:38:43.930,radio://0/80/2M,mission,1,1,Wall Follow,0.504335343837738,0,0,0,0.0,0,0,0.0,0.0,90580,0,0,4224,0.0442964993417263,0.015013283118605614,0.0,0.06666666269302368,32766,937,32766,811,2436,3.1935484409332275
2026-04-07T10:38:43.934,radio://0/80/2M,flow,1,1,Wall Follow,0.504335343837738,0,0,0,0.0,0,0,0.0,0.0,90830,0,-8,4224,0.04838709160685539,-0.022306444123387337,0.0,0.06666666269302368,32766,937,32766,811,2436,3.1935484409332275
2026-04-07T10:38:43.936,radio://0/80/2M,range,1,1,Wall Follow,0.504335343837738,0,0,0,0.0,0,0,0.0,0.0,90830,0,-8,4224,0.04838709160685539,-0.022306444123387337,0.0,0.06666666269302368,32766,936,32766,817,2431,3.2093842029571533
2026-04-07T10:38:44.180,radio://0/80/2M,mission,1,5,Transition,0.5016657114028931,0,0,0,0.0,0,0,0.0,0.0,90830,0,-8,4224,0.04838709160685539,-0.022306444123387337,0.0,0.06666666269302368,32766,936,32766,817,2431,3.2093842029571533
2026-04-07T10:38:44.183,radio://0/80/2M,flow,1,5,Transition,0.5016657114028931,0,0,0,0.0,0,0,0.0,0.0,91080,0,1,4224,0.05003310739994049,-0.0003429684729781002,0.0,0.03266666457056999,32766,936,32766,817,2431,3.2093842029571533
2026-04-07T10:38:44.184,radio://0/80/2M,range,1,5,Transition,0.5016657114028931,0,0,0,0.0,0,0,0.0,0.0,91080,0,1,4224,0.05003310739994049,-0.0003429684729781002,0.0,0.03266666457056999,32766,934,32766,818,2435,3.1935484409332275
2026-04-07T10:38:44.430,radio://0/80/2M,mission,1,5,Transition,0.4963582158088684,0,0,0,0.0,0,0,0.0,0.0,91080,0,1,4224,0.05003310739994049,-0.0003429684729781002,0.0,0.03266666457056999,32766,934,32766,818,2435,3.1935484409332275
2026-04-07T10:38:44.433,radio://0/80/2M,flow,1,5,Transition,0.4963582158088684,0,0,0,0.0,0,0,0.0,0.0,91330,-2,-1,4224,0.08217162638902664,0.008574397303164005,0.0,4.380822247185279e-06,32766,934,32766,818,2435,3.1935484409332275
2026-04-07T10:38:44.434,radio://0/80/2M,range,1,5,Transition,0.4963582158088684,0,0,0,0.0,0,0,0.0,0.0,91330,-2,-1,4224,0.08217162638902664,0.008574397303164005,0.0,4.380822247185279e-06,32766,917,32766,818,2434,3.1565983295440674
2026-04-07T10:38:44.680,radio://0/80/2M,mission,1,2,Scan,0.4938843846321106,0,0,0,0.0,0,0,0.0,0.0,91330,-2,-1,4224,0.08217162638902664,0.008574397303164005,0.0,4.380822247185279e-06,32766,917,32766,818,2434,3.1565983295440674
2026-04-07T10:38:44.683,radio://0/80/2M,flow,1,2,Scan,0.4938843846321106,0,0,0,0.0,0,0,0.0,0.0,91580,0,1,4224,0.02340606227517128,0.0239372868090868,0.0,5.874981057196749e-10,32766,917,32766,818,2434,3.1565983295440674
2026-04-07T10:38:44.684,radio://0/80/2M,range,1,2,Scan,0.4938843846321106,0,0,0,0.0,0,0,0.0,0.0,91580,0,1,4224,0.02340606227517128,0.0239372868090868,0.0,5.874981057196749e-10,32766,917,32766,815,2438,3.14604115486145
2026-04-07T10:38:44.930,radio://0/80/2M,mission,1,2,Scan,0.49326279759407043,0,0,0,0.0,0,0,0.0,0.0,91580,0,1,4224,0.02340606227517128,0.0239372868090868,0.0,5.874981057196749e-10,32766,917,32766,815,2438,3.14604115486145
2026-04-07T10:38:44.933,radio://0/80/2M,flow,1,2,Scan,0.49326279759407043,0,0,0,0.0,0,0,0.0,0.0,91830,0,0,4224,-0.016176924109458923,0.0012343301204964519,0.0,0.0,32766,917,32766,815,2438,3.14604115486145
2026-04-07T10:38:44.934,radio://0/80/2M,range,1,2,Scan,0.49326279759407043,0,0,0,0.0,0,0,0.0,0.0,91830,0,0,4224,-0.016176924109458923,0.0012343301204964519,0.0,0.0,32766,930,32766,816,2434,3.1565983295440674
2026-04-07T10:38:45.187,radio://0/80/2M,mission,1,2,Scan,0.5038895010948181,0,0,0,0.0,0,0,0.0,0.0,91830,0,0,4224,-0.016176924109458923,0.0012343301204964519,0.0,0.0,32766,930,32766,816,2434,3.1565983295440674
2026-04-07T10:38:45.189,radio://0/80/2M,flow,1,2,Scan,0.5038895010948181,0,0,0,0.0,0,0,0.0,0.0,92080,0,0,4224,-0.0861273854970932,-0.025507917627692223,0.0,1.0565937787706283e-17,32766,930,32766,816,2434,3.1565983295440674
2026-04-07T10:38:45.191,radio://0/80/2M,range,1,2,Scan,0.5038895010948181,0,0,0,0.0,0,0,0.0,0.0,92080,0,0,4224,-0.0861273854970932,-0.025507917627692223,0.0,1.0565937787706283e-17,32766,974,32766,857,2430,3.198827028274536
2026-04-07T10:38:45.429,radio://0/80/2M,mission,1,2,Scan,0.5071797370910645,0,0,0,0.0,0,0,0.0,0.0,92080,0,0,4224,-0.0861273854970932,-0.025507917627692223,0.0,1.0565937787706283e-17,32766,974,32766,857,2430,3.198827028274536
2026-04-07T10:38:45.433,radio://0/80/2M,flow,1,2,Scan,0.5071797370910645,0,0,0,0.0,0,0,0.0,0.0,92330,-2,-2,4224,-0.010456827469170094,-0.004198136273771524,0.0,1.4169639234001918e-21,32766,974,32766,857,2430,3.198827028274536
2026-04-07T10:38:45.434,radio://0/80/2M,range,1,2,Scan,0.5071797370910645,0,0,0,0.0,0,0,0.0,0.0,92330,-2,-2,4224,-0.010456827469170094,-0.004198136273771524,0.0,1.4169639234001918e-21,32766,1077,32766,903,2423,3.1777126789093018
2026-04-07T10:38:45.679,radio://0/80/2M,mission,1,2,Scan,0.5054490566253662,0,0,0,0.0,0,0,0.0,0.0,92330,-2,-2,4224,-0.010456827469170094,-0.004198136273771524,0.0,1.4169639234001918e-21,32766,1077,32766,903,2423,3.1777126789093018
2026-04-07T10:38:45.682,radio://0/80/2M,flow,1,2,Scan,0.5054490566253662,0,0,0,0.0,0,0,0.0,0.0,92580,-5,-1,4224,-0.004276371095329523,0.012471298687160015,0.0,1.9002448798322726e-25,32766,1077,32766,903,2423,3.1777126789093018
2026-04-07T10:38:45.683,radio://0/80/2M,range,1,2,Scan,0.5054490566253662,0,0,0,0.0,0,0,0.0,0.0,92580,-5,-1,4224,-0.004276371095329523,0.012471298687160015,0.0,1.9002448798322726e-25,32766,1164,1025,1006,2430,3.1829912662506104
2026-04-07T10:38:45.929,radio://0/80/2M,mission,1,2,Scan,0.5043585300445557,0,0,0,0.0,0,0,0.0,0.0,92580,-5,-1,4224,-0.004276371095329523,0.012471298687160015,0.0,1.9002448798322726e-25,32766,1164,1025,1006,2430,3.1829912662506104
2026-04-07T10:38:45.932,radio://0/80/2M,flow,1,2,Scan,0.5043585300445557,0,0,0,0.0,0,0,0.0,0.0,92830,0,0,4224,0.008126487955451012,0.02167058177292347,0.0,2.5483574004922713e-29,32766,1164,1025,1006,2430,3.1829912662506104
2026-04-07T10:38:45.933,radio://0/80/2M,range,1,2,Scan,0.5043585300445557,0,0,0,0.0,0,0,0.0,0.0,92830,0,0,4224,0.008126487955451012,0.02167058177292347,0.0,2.5483574004922713e-29,32766,1125,882,1119,2434,3.1671555042266846
2026-04-07T10:38:46.179,radio://0/80/2M,mission,1,2,Scan,0.5000208020210266,0,0,0,0.0,0,0,0.0,0.0,92830,0,0,4224,0.008126487955451012,0.02167058177292347,0.0,2.5483574004922713e-29,32766,1125,882,1119,2434,3.1671555042266846
2026-04-07T10:38:46.182,radio://0/80/2M,flow,1,2,Scan,0.5000208020210266,0,0,0,0.0,0,0,0.0,0.0,93080,0,0,4224,0.003559728851541877,0.00641521206125617,0.0,3.4175206036173906e-33,32766,1125,882,1119,2434,3.1671555042266846
2026-04-07T10:38:46.183,radio://0/80/2M,range,1,2,Scan,0.5000208020210266,0,0,0,0.0,0,0,0.0,0.0,93080,0,0,4224,0.003559728851541877,0.00641521206125617,0.0,3.4175206036173906e-33,968,999,842,1374,2432,3.1777126789093018
2026-04-07T10:38:46.427,radio://0/80/2M,mission,1,2,Scan,0.5028520226478577,0,0,0,0.0,0,0,0.0,0.0,93080,0,0,4224,0.003559728851541877,0.00641521206125617,0.0,3.4175206036173906e-33,968,999,842,1374,2432,3.1777126789093018
2026-04-07T10:38:46.432,radio://0/80/2M,flow,1,2,Scan,0.5028520226478577,0,0,0,0.0,0,0,0.0,0.0,93330,3,0,4224,0.0020827422849833965,0.013976573944091797,0.0,4.5831280116475364e-37,968,999,842,1374,2432,3.1777126789093018
2026-04-07T10:38:46.433,radio://0/80/2M,range,1,2,Scan,0.5028520226478577,0,0,0,0.0,0,0,0.0,0.0,93330,3,0,4224,0.0020827422849833965,0.013976573944091797,0.0,4.5831280116475364e-37,870,876,1044,32766,2433,3.1777126789093018
2026-04-07T10:38:46.678,radio://0/80/2M,mission,1,2,Scan,0.5031062960624695,0,0,0,0.0,0,0,0.0,0.0,93330,3,0,4224,0.0020827422849833965,0.013976573944091797,0.0,4.5831280116475364e-37,870,876,1044,32766,2433,3.1777126789093018
2026-04-07T10:38:46.681,radio://0/80/2M,flow,1,2,Scan,0.5031062960624695,0,0,0,0.0,0,0,0.0,0.0,93580,1,0,4224,0.008092399686574936,0.004483901429921389,0.0,6.14623519437508e-41,870,876,1044,32766,2433,3.1777126789093018
2026-04-07T10:38:46.683,radio://0/80/2M,range,1,2,Scan,0.5031062960624695,0,0,0,0.0,0,0,0.0,0.0,93580,1,0,4224,0.008092399686574936,0.004483901429921389,0.0,6.14623519437508e-41,758,821,1406,32766,2437,3.172434091567993
2026-04-07T10:38:46.928,radio://0/80/2M,mission,1,2,Scan,0.49945932626724243,0,0,0,0.0,0,0,0.0,0.0,93580,1,0,4224,0.008092399686574936,0.004483901429921389,0.0,6.14623519437508e-41,758,821,1406,32766,2437,3.172434091567993
2026-04-07T10:38:46.931,radio://0/80/2M,flow,1,2,Scan,0.49945932626724243,0,0,0,0.0,0,0,0.0,0.0,93830,2,2,3960,-0.014606708660721779,0.0037327096797525883,-0.0006299990927800536,0.0,758,821,1406,32766,2437,3.172434091567993
2026-04-07T10:38:46.933,radio://0/80/2M,range,1,2,Scan,0.49945932626724243,0,0,0,0.0,0,0,0.0,0.0,93830,2,2,3960,-0.014606708660721779,0.0037327096797525883,-0.0006299990927800536,0.0,679,755,32766,777,2443,3.1565983295440674
2026-04-07T10:38:47.179,radio://0/80/2M,mission,1,2,Scan,0.505405843257904,0,0,0,0.0,0,0,0.0,0.0,93830,2,2,3960,-0.014606708660721779,0.0037327096797525883,-0.0006299990927800536,0.0,679,755,32766,777,2443,3.1565983295440674
2026-04-07T10:38:47.181,radio://0/80/2M,flow,1,2,Scan,0.505405843257904,0,0,0,0.0,0,0,0.0,0.0,94080,4,-4,3960,-0.017629975453019142,-0.0005266424850560725,-0.0036899992264807224,0.0,679,755,32766,777,2443,3.1565983295440674
2026-04-07T10:38:47.183,radio://0/80/2M,range,1,2,Scan,0.505405843257904,0,0,0,0.0,0,0,0.0,0.0,94080,4,-4,3960,-0.017629975453019142,-0.0005266424850560725,-0.0036899992264807224,0.0,577,730,32766,964,2434,3.1935484409332275
2026-04-07T10:38:47.427,radio://0/80/2M,mission,1,2,Scan,0.5063732266426086,0,0,0,0.0,0,0,0.0,0.0,94080,4,-4,3960,-0.017629975453019142,-0.0005266424850560725,-0.0036899992264807224,0.0,577,730,32766,964,2434,3.1935484409332275
2026-04-07T10:38:47.431,radio://0/80/2M,flow,1,2,Scan,0.5063732266426086,0,0,0,0.0,0,0,0.0,0.0,94330,0,-8,3960,0.047366611659526825,0.05208486691117287,-0.0057299998588860035,0.0,577,730,32766,964,2434,3.1935484409332275
2026-04-07T10:38:47.432,radio://0/80/2M,range,1,2,Scan,0.5063732266426086,0,0,0,0.0,0,0,0.0,0.0,94330,0,-8,3960,0.047366611659526825,0.05208486691117287,-0.0057299998588860035,0.0,509,722,2142,32766,2433,3.161876916885376
2026-04-07T10:38:47.677,radio://0/80/2M,mission,1,2,Scan,0.5050646066665649,0,0,0,0.0,0,0,0.0,0.0,94330,0,-8,3960,0.047366611659526825,0.05208486691117287,-0.0057299998588860035,0.0,509,722,2142,32766,2433,3.161876916885376
2026-04-07T10:38:47.680,radio://0/80/2M,flow,1,2,Scan,0.5050646066665649,0,0,0,0.0,0,0,0.0,0.0,94580,-2,-5,3960,0.1695590764284134,0.07384660094976425,-0.009209999814629555,0.0,509,722,2142,32766,2433,3.161876916885376
2026-04-07T10:38:47.681,radio://0/80/2M,range,1,2,Scan,0.5050646066665649,0,0,0,0.0,0,0,0.0,0.0,94580,-2,-5,3960,0.1695590764284134,0.07384660094976425,-0.009209999814629555,0.0,393,727,2074,32766,2434,3.1829912662506104
2026-04-07T10:38:47.927,radio://0/80/2M,mission,1,2,Scan,0.49753206968307495,0,0,0,0.0,0,0,0.0,0.0,94580,-2,-5,3960,0.1695590764284134,0.07384660094976425,-0.009209999814629555,0.0,393,727,2074,32766,2434,3.1829912662506104
2026-04-07T10:38:47.930,radio://0/80/2M,flow,1,2,Scan,0.49753206968307495,0,0,0,0.0,0,0,0.0,0.0,94830,2,-4,3960,0.12343233823776245,0.05033618584275246,-0.011460000649094582,0.007170000579208136,393,727,2074,32766,2434,3.1829912662506104
2026-04-07T10:38:47.931,radio://0/80/2M,range,1,2,Scan,0.49753206968307495,0,0,0,0.0,0,0,0.0,0.0,94830,2,-4,3960,0.12343233823776245,0.05033618584275246,-0.011460000649094582,0.007170000579208136,318,760,461,1452,2440,3.1671555042266846
2026-04-07T10:38:48.177,radio://0/80/2M,mission,1,2,Scan,0.4904332160949707,0,0,0,0.0,0,0,0.0,0.0,94830,2,-4,3960,0.12343233823776245,0.05033618584275246,-0.011460000649094582,0.007170000579208136,318,760,461,1452,2440,3.1671555042266846
2026-04-07T10:38:48.180,radio://0/80/2M,flow,1,2,Scan,0.4904332160949707,0,0,0,0.0,0,0,0.0,0.0,95080,5,-1,3960,0.06817883998155594,0.0206904336810112,-0.013500000350177288,0.012419999577105045,318,760,461,1452,2440,3.1671555042266846
2026-04-07T10:38:48.181,radio://0/80/2M,range,1,2,Scan,0.4904332160949707,0,0,0,0.0,0,0,0.0,0.0,95080,5,-1,3960,0.06817883998155594,0.0206904336810112,-0.013500000350177288,0.012419999577105045,250,817,286,1586,2446,3.1407625675201416
2026-04-07T10:38:48.427,radio://0/80/2M,mission,1,2,Scan,0.44740667939186096,0,0,0,0.0,0,0,0.0,0.0,95080,5,-1,3960,0.06817883998155594,0.0206904336810112,-0.013500000350177288,0.012419999577105045,250,817,286,1586,2446,3.1407625675201416
2026-04-07T10:38:48.429,radio://0/80/2M,flow,1,2,Scan,0.44740667939186096,0,0,0,0.0,0,0,0.0,0.0,95330,1,2,4469,0.004477355629205704,0.009490986354649067,-0.013860000297427177,0.016049999743700027,250,817,286,1586,2446,3.1407625675201416
2026-04-07T10:38:48.431,radio://0/80/2M,range,1,2,Scan,0.44740667939186096,0,0,0,0.0,0,0,0.0,0.0,95330,1,2,4469,0.004477355629205704,0.009490986354649067,-0.013860000297427177,0.016049999743700027,238,949,165,1781,2439,3.0879766941070557
2026-04-07T10:38:48.677,radio://0/80/2M,mission,1,2,Scan,0.492486834526062,0,0,0,0.0,0,0,0.0,0.0,95330,1,2,4469,0.004477355629205704,0.009490986354649067,-0.013860000297427177,0.016049999743700027,238,949,165,1781,2439,3.0879766941070557
2026-04-07T10:38:48.681,radio://0/80/2M,flow,1,2,Scan,0.492486834526062,0,0,0,0.0,0,0,0.0,0.0,95580,-1,0,4469,-0.07063959538936615,0.04541182145476341,-0.013170000165700912,0.016739999875426292,238,949,165,1781,2439,3.0879766941070557
2026-04-07T10:38:48.682,radio://0/80/2M,range,1,2,Scan,0.492486834526062,0,0,0,0.0,0,0,0.0,0.0,95580,-1,0,4469,-0.07063959538936615,0.04541182145476341,-0.013170000165700912,0.016739999875426292,261,1045,142,32766,2388,3.2727272510528564
2026-04-07T10:38:48.926,radio://0/80/2M,mission,1,2,Scan,0.5414955615997314,0,0,0,0.0,0,0,0.0,0.0,95580,-1,0,4469,-0.07063959538936615,0.04541182145476341,-0.013170000165700912,0.016739999875426292,261,1045,142,32766,2388,3.2727272510528564
2026-04-07T10:38:48.929,radio://0/80/2M,flow,1,2,Scan,0.5414955615997314,0,0,0,0.0,0,0,0.0,0.0,95830,2,0,4469,5.672660699929111e-05,0.057617370039224625,-0.01152000017464161,0.016680000349879265,261,1045,142,32766,2388,3.2727272510528564
2026-04-07T10:38:48.931,radio://0/80/2M,range,1,2,Scan,0.5414955615997314,0,0,0,0.0,0,0,0.0,0.0,95830,2,0,4469,5.672660699929111e-05,0.057617370039224625,-0.01152000017464161,0.016680000349879265,316,1160,144,32766,2334,3.225219964981079
2026-04-07T10:38:49.176,radio://0/80/2M,mission,1,2,Scan,0.4608289897441864,0,0,0,0.0,0,0,0.0,0.0,95830,2,0,4469,5.672660699929111e-05,0.057617370039224625,-0.01152000017464161,0.016680000349879265,316,1160,144,32766,2334,3.225219964981079
2026-04-07T10:38:49.179,radio://0/80/2M,flow,1,2,Scan,0.4608289897441864,0,0,0,0.0,0,0,0.0,0.0,96080,1,0,4748,0.00725528784096241,0.03172089904546738,-0.008760000579059124,0.017160000279545784,316,1160,144,32766,2334,3.225219964981079
2026-04-07T10:38:49.181,radio://0/80/2M,range,1,2,Scan,0.4608289897441864,0,0,0,0.0,0,0,0.0,0.0,96080,1,0,4748,0.00725528784096241,0.03172089904546738,-0.008760000579059124,0.017160000279545784,408,1298,128,2301,2336,3.07214093208313
2026-04-07T10:38:49.425,radio://0/80/2M,mission,1,2,Scan,0.5010548233985901,0,0,0,0.0,0,0,0.0,0.0,96080,1,0,4748,0.00725528784096241,0.03172089904546738,-0.008760000579059124,0.017160000279545784,408,1298,128,2301,2336,3.07214093208313
2026-04-07T10:38:49.429,radio://0/80/2M,flow,1,2,Scan,0.5010548233985901,0,0,0,0.0,0,0,0.0,0.0,96330,0,0,4748,-0.07670478522777557,0.0021756188943982124,-2.0378427507239394e-05,0.05812064930796623,408,1298,128,2301,2336,3.07214093208313
2026-04-07T10:38:49.431,radio://0/80/2M,range,1,2,Scan,0.5010548233985901,0,0,0,0.0,0,0,0.0,0.0,96330,0,0,4748,-0.07670478522777557,0.0021756188943982124,-2.0378427507239394e-05,0.05812064930796623,32766,32766,119,2329,2318,3.278005838394165
2026-04-07T10:38:49.675,radio://0/80/2M,mission,1,2,Scan,0.644706666469574,0,0,0,0.0,0,0,0.0,0.0,96330,0,0,4748,-0.07670478522777557,0.0021756188943982124,-2.0378427507239394e-05,0.05812064930796623,32766,32766,119,2329,2318,3.278005838394165
2026-04-07T10:38:49.679,radio://0/80/2M,flow,1,2,Scan,0.644706666469574,0,0,0,0.0,0,0,0.0,0.0,96580,0,0,4748,-0.06485352665185928,0.028240131214261055,-0.006719999480992556,0.016920000314712524,32766,32766,119,2329,2318,3.278005838394165
2026-04-07T10:38:49.680,radio://0/80/2M,range,1,2,Scan,0.644706666469574,0,0,0,0.0,0,0,0.0,0.0,96580,0,0,4748,-0.06485352665185928,0.028240131214261055,-0.006719999480992556,0.016920000314712524,476,32766,136,32766,2241,3.3888564109802246
2026-04-07T10:38:49.926,radio://0/80/2M,mission,1,2,Scan,0.5605381727218628,0,0,0,0.0,0,0,0.0,0.0,96580,0,0,4748,-0.06485352665185928,0.028240131214261055,-0.006719999480992556,0.016920000314712524,476,32766,136,32766,2241,3.3888564109802246
2026-04-07T10:38:49.928,radio://0/80/2M,flow,1,2,Scan,0.5605381727218628,0,0,0,0.0,0,0,0.0,0.0,96830,0,-9,4748,-0.04624447226524353,0.010392130352556705,-0.025199998170137405,0.054499994963407516,476,32766,136,32766,2241,3.3888564109802246
2026-04-07T10:38:49.929,radio://0/80/2M,range,1,2,Scan,0.5605381727218628,0,0,0,0.0,0,0,0.0,0.0,96830,0,-9,4748,-0.04624447226524353,0.010392130352556705,-0.025199998170137405,0.054499994963407516,448,32766,155,32766,2295,3.1038124561309814
2026-04-07T10:38:50.175,radio://0/80/2M,mission,1,2,Scan,0.46164873242378235,0,0,0,0.0,0,0,0.0,0.0,96830,0,-9,4748,-0.04624447226524353,0.010392130352556705,-0.025199998170137405,0.054499994963407516,448,32766,155,32766,2295,3.1038124561309814
2026-04-07T10:38:50.179,radio://0/80/2M,flow,1,2,Scan,0.46164873242378235,0,0,0,0.0,0,0,0.0,0.0,97080,-1,-2,4748,-0.102102130651474,0.016329336911439896,0.00126857147552073,0.016499999910593033,448,32766,155,32766,2295,3.1038124561309814
2026-04-07T10:38:50.180,radio://0/80/2M,range,1,2,Scan,0.46164873242378235,0,0,0,0.0,0,0,0.0,0.0,97080,-1,-2,4748,-0.102102130651474,0.016329336911439896,0.00126857147552073,0.016499999910593033,400,32766,150,326,2463,3.1565983295440674
2026-04-07T10:38:50.425,radio://0/80/2M,mission,1,2,Scan,0.4445924162864685,0,0,0,0.0,0,0,0.0,0.0,97080,-1,-2,4748,-0.102102130651474,0.016329336911439896,0.00126857147552073,0.016499999910593033,400,32766,150,326,2463,3.1565983295440674
2026-04-07T10:38:50.429,radio://0/80/2M,flow,1,2,Scan,0.4445924162864685,0,0,0,0.0,0,0,0.0,0.0,97330,0,-4,4748,-0.07277172803878784,0.06651264429092407,0.00589999882504344,0.052400000393390656,400,32766,150,326,2463,3.1565983295440674
2026-04-07T10:38:50.430,radio://0/80/2M,range,1,2,Scan,0.4445924162864685,0,0,0,0.0,0,0,0.0,0.0,97330,0,-4,4748,-0.07277172803878784,0.06651264429092407,0.00589999882504344,0.052400000393390656,366,32766,176,307,2496,3.1935484409332275
2026-04-07T10:38:50.674,radio://0/80/2M,mission,1,2,Scan,0.4446592926979065,0,0,0,0.0,0,0,0.0,0.0,97330,0,-4,4748,-0.07277172803878784,0.06651264429092407,0.00589999882504344,0.052400000393390656,366,32766,176,307,2496,3.1935484409332275
2026-04-07T10:38:50.678,radio://0/80/2M,flow,1,2,Scan,0.4446592926979065,0,0,0,0.0,0,0,0.0,0.0,97580,1,0,4748,-0.01952705904841423,0.07097338140010834,0.0012299999361857772,0.01436999998986721,366,32766,176,307,2496,3.1935484409332275
2026-04-07T10:38:50.679,radio://0/80/2M,range,1,2,Scan,0.4446592926979065,0,0,0,0.0,0,0,0.0,0.0,97580,1,0,4748,-0.01952705904841423,0.07097338140010834,0.0012299999361857772,0.01436999998986721,350,1815,221,268,2490,3.2093842029571533
2026-04-07T10:38:50.925,radio://0/80/2M,mission,1,2,Scan,0.47389787435531616,0,0,0,0.0,0,0,0.0,0.0,97580,1,0,4748,-0.01952705904841423,0.07097338140010834,0.0012299999361857772,0.01436999998986721,350,1815,221,268,2490,3.2093842029571533
2026-04-07T10:38:50.928,radio://0/80/2M,flow,1,2,Scan,0.47389787435531616,0,0,0,0.0,0,0,0.0,0.0,97830,0,-7,4748,-0.000291588221443817,0.04595363140106201,0.0019926000386476517,0.011129999533295631,350,1815,221,268,2490,3.2093842029571533
2026-04-07T10:38:50.930,radio://0/80/2M,range,1,2,Scan,0.47389787435531616,0,0,0,0.0,0,0,0.0,0.0,97830,0,-7,4748,-0.000291588221443817,0.04595363140106201,0.0019926000386476517,0.011129999533295631,378,1793,329,255,2473,3.2304985523223877
2026-04-07T10:38:51.175,radio://0/80/2M,mission,1,2,Scan,0.492838978767395,0,0,0,0.0,0,0,0.0,0.0,97830,0,-7,4748,-0.000291588221443817,0.04595363140106201,0.0019926000386476517,0.011129999533295631,378,1793,329,255,2473,3.2304985523223877
2026-04-07T10:38:51.178,radio://0/80/2M,flow,1,2,Scan,0.492838978767395,0,0,0,0.0,0,0,0.0,0.0,98080,0,-3,4748,-0.038758523762226105,0.02701491303741932,0.0027257143519818783,0.011309999972581863,378,1793,329,255,2473,3.2304985523223877
2026-04-07T10:38:51.179,radio://0/80/2M,range,1,2,Scan,0.492838978767395,0,0,0,0.0,0,0,0.0,0.0,98080,0,-3,4748,-0.038758523762226105,0.02701491303741932,0.0027257143519818783,0.011309999972581863,424,1834,323,274,2443,3.2357771396636963
2026-04-07T10:38:51.424,radio://0/80/2M,mission,1,2,Scan,0.49138545989990234,0,0,0,0.0,0,0,0.0,0.0,98080,0,-3,4748,-0.038758523762226105,0.02701491303741932,0.0027257143519818783,0.011309999972581863,424,1834,323,274,2443,3.2357771396636963
2026-04-07T10:38:51.428,radio://0/80/2M,flow,1,2,Scan,0.49138545989990234,0,0,0,0.0,0,0,0.0,0.0,98330,-1,-7,5044,-0.06628277152776718,0.004781210329383612,0.0036025717854499817,0.012629999779164791,424,1834,323,274,2443,3.2357771396636963
2026-04-07T10:38:51.429,radio://0/80/2M,range,1,2,Scan,0.49138545989990234,0,0,0,0.0,0,0,0.0,0.0,98330,-1,-7,5044,-0.06628277152776718,0.004781210329383612,0.0036025717854499817,0.012629999779164791,467,32766,279,287,2446,3.2093842029571533
2026-04-07T10:38:51.674,radio://0/80/2M,mission,1,2,Scan,0.48843470215797424,0,0,0,0.0,0,0,0.0,0.0,98330,-1,-7,5044,-0.06628277152776718,0.004781210329383612,0.0036025717854499817,0.012629999779164791,467,32766,279,287,2446,3.2093842029571533
2026-04-07T10:38:51.677,radio://0/80/2M,flow,1,2,Scan,0.48843470215797424,0,0,0,0.0,0,0,0.0,0.0,98580,0,-3,4729,-0.04272638261318207,-0.013222381472587585,0.010578857734799385,0.013020000420510769,467,32766,279,287,2446,3.2093842029571533
2026-04-07T10:38:51.678,radio://0/80/2M,range,1,2,Scan,0.48843470215797424,0,0,0,0.0,0,0,0.0,0.0,98580,0,-3,4729,-0.04272638261318207,-0.013222381472587585,0.010578857734799385,0.013020000420510769,680,32766,266,317,2453,3.188269853591919
2026-04-07T10:38:51.924,radio://0/80/2M,mission,1,2,Scan,0.4798693358898163,0,0,0,0.0,0,0,0.0,0.0,98580,0,-3,4729,-0.04272638261318207,-0.013222381472587585,0.010578857734799385,0.013020000420510769,680,32766,266,317,2453,3.188269853591919
2026-04-07T10:38:51.927,radio://0/80/2M,flow,1,2,Scan,0.4798693358898163,0,0,0,0.0,0,0,0.0,0.0,98830,0,0,4729,-0.02245001308619976,-0.07650761306285858,0.03625243529677391,0.04389537498354912,680,32766,266,317,2453,3.188269853591919
2026-04-07T10:38:51.928,radio://0/80/2M,range,1,2,Scan,0.4798693358898163,0,0,0,0.0,0,0,0.0,0.0,98830,0,0,4729,-0.02245001308619976,-0.07650761306285858,0.03625243529677391,0.04389537498354912,32766,32766,260,338,2463,3.1565983295440674
2026-04-07T10:38:52.174,radio://0/80/2M,mission,1,2,Scan,0.4755153954029083,0,0,0,0.0,0,0,0.0,0.0,98830,0,0,4729,-0.02245001308619976,-0.07650761306285858,0.03625243529677391,0.04389537498354912,32766,32766,260,338,2463,3.1565983295440674
2026-04-07T10:38:52.177,radio://0/80/2M,flow,1,2,Scan,0.4755153954029083,0,0,0,0.0,0,0,0.0,0.0,99080,0,-2,4434,-0.041892159730196,-0.063076913356781,0.03155865520238876,0.043905556201934814,32766,32766,260,338,2463,3.1565983295440674
2026-04-07T10:38:52.178,radio://0/80/2M,range,1,2,Scan,0.4755153954029083,0,0,0,0.0,0,0,0.0,0.0,99080,0,-2,4434,-0.041892159730196,-0.063076913356781,0.03155865520238876,0.043905556201934814,32766,2570,261,395,2454,3.1777126789093018
2026-04-07T10:38:52.424,radio://0/80/2M,mission,1,2,Scan,0.4893733561038971,0,0,0,0.0,0,0,0.0,0.0,99080,0,-2,4434,-0.041892159730196,-0.063076913356781,0.03155865520238876,0.043905556201934814,32766,2570,261,395,2454,3.1777126789093018
2026-04-07T10:38:52.426,radio://0/80/2M,flow,1,2,Scan,0.4893733561038971,0,0,0,0.0,0,0,0.0,0.0,99330,0,0,4434,-0.053291406482458115,-0.02442849986255169,0.02595512382686138,0.04245366156101227,32766,2570,261,395,2454,3.1777126789093018
2026-04-07T10:38:52.428,radio://0/80/2M,range,1,2,Scan,0.4893733561038971,0,0,0,0.0,0,0,0.0,0.0,99330,0,0,4434,-0.053291406482458115,-0.02442849986255169,0.02595512382686138,0.04245366156101227,32766,2341,277,442,2452,3.1935484409332275
2026-04-07T10:38:52.674,radio://0/80/2M,mission,1,2,Scan,0.502633810043335,0,0,0,0.0,0,0,0.0,0.0,99330,0,0,4434,-0.053291406482458115,-0.02442849986255169,0.02595512382686138,0.04245366156101227,32766,2341,277,442,2452,3.1935484409332275
2026-04-07T10:38:52.679,radio://0/80/2M,flow,1,2,Scan,0.502633810043335,0,0,0,0.0,0,0,0.0,0.0,99580,1,0,4434,-0.016363399103283882,-0.020028874278068542,0.0187656432390213,0.041017528623342514,32766,2341,277,442,2452,3.1935484409332275
2026-04-07T10:38:52.680,radio://0/80/2M,range,1,2,Scan,0.502633810043335,0,0,0,0.0,0,0,0.0,0.0,99580,1,0,4434,-0.016363399103283882,-0.020028874278068542,0.0187656432390213,0.041017528623342514,32766,32766,290,524,2438,3.188269853591919
2026-04-07T10:38:52.923,radio://0/80/2M,mission,1,2,Scan,0.49890050292015076,0,0,0,0.0,0,0,0.0,0.0,99580,1,0,4434,-0.016363399103283882,-0.020028874278068542,0.0187656432390213,0.041017528623342514,32766,32766,290,524,2438,3.188269853591919
2026-04-07T10:38:52.926,radio://0/80/2M,flow,1,2,Scan,0.49890050292015076,0,0,0,0.0,0,0,0.0,0.0,99830,2,0,4434,0.0014556210953742266,-0.031195664778351784,0.013661746867001057,0.03755701333284378,32766,32766,290,524,2438,3.188269853591919
2026-04-07T10:38:52.927,radio://0/80/2M,range,1,2,Scan,0.49890050292015076,0,0,0,0.0,0,0,0.0,0.0,99830,2,0,4434,0.0014556210953742266,-0.031195664778351784,0.013661746867001057,0.03755701333284378,32766,847,327,565,2434,3.161876916885376
2026-04-07T10:38:53.172,radio://0/80/2M,mission,1,2,Scan,0.49219152331352234,0,0,0,0.0,0,0,0.0,0.0,99830,2,0,4434,0.0014556210953742266,-0.031195664778351784,0.013661746867001057,0.03755701333284378,32766,847,327,565,2434,3.161876916885376
2026-04-07T10:38:53.176,radio://0/80/2M,flow,1,2,Scan,0.49219152331352234,0,0,0,0.0,0,0,0.0,0.0,100080,-2,-3,4157,-0.027658365666866302,-0.08473777770996094,0.017413025721907616,0.03338008001446724,32766,847,327,565,2434,3.161876916885376
2026-04-07T10:38:53.177,radio://0/80/2M,range,1,2,Scan,0.49219152331352234,0,0,0,0.0,0,0,0.0,0.0,100080,-2,-3,4157,-0.027658365666866302,-0.08473777770996094,0.017413025721907616,0.03338008001446724,32766,773,367,507,2441,3.1829912662506104
2026-04-07T10:38:53.423,radio://0/80/2M,mission,1,2,Scan,0.5023843050003052,0,0,0,0.0,0,0,0.0,0.0,100080,-2,-3,4157,-0.027658365666866302,-0.08473777770996094,0.017413025721907616,0.03338008001446724,32766,773,367,507,2441,3.1829912662506104
2026-04-07T10:38:53.426,radio://0/80/2M,flow,1,2,Scan,0.5023843050003052,0,0,0,0.0,0,0,0.0,0.0,100330,0,-4,4157,-0.031666096299886703,-0.0779060497879982,0.02299487218260765,0.018967436626553535,32766,773,367,507,2441,3.1829912662506104
2026-04-07T10:38:53.427,radio://0/80/2M,range,1,2,Scan,0.5023843050003052,0,0,0,0.0,0,0,0.0,0.0,100330,0,-4,4157,-0.031666096299886703,-0.0779060497879982,0.02299487218260765,0.018967436626553535,1516,657,480,469,2430,3.188269853591919
2026-04-07T10:38:53.672,radio://0/80/2M,mission,1,2,Scan,0.5089849829673767,0,0,0,0.0,0,0,0.0,0.0,100330,0,-4,4157,-0.031666096299886703,-0.0779060497879982,0.02299487218260765,0.018967436626553535,1516,657,480,469,2430,3.188269853591919
2026-04-07T10:38:53.676,radio://0/80/2M,flow,1,2,Scan,0.5089849829673767,0,0,0,0.0,0,0,0.0,0.0,100580,0,-1,3898,-0.02101617120206356,-0.011065692640841007,0.02544006146490574,-0.0012100125895813107,1516,657,480,469,2430,3.188269853591919
2026-04-07T10:38:53.677,radio://0/80/2M,range,1,2,Scan,0.5089849829673767,0,0,0,0.0,0,0,0.0,0.0,100580,0,-1,3898,-0.02101617120206356,-0.011065692640841007,0.02544006146490574,-0.0012100125895813107,1537,598,613,442,2428,3.188269853591919
2026-04-07T10:38:53.922,radio://0/80/2M,mission,1,2,Scan,0.511025071144104,0,0,0,0.0,0,0,0.0,0.0,100580,0,-1,3898,-0.02101617120206356,-0.011065692640841007,0.02544006146490574,-0.0012100125895813107,1537,598,613,442,2428,3.188269853591919
2026-04-07T10:38:53.926,radio://0/80/2M,flow,1,2,Scan,0.511025071144104,0,0,0,0.0,0,0,0.0,0.0,100830,0,0,3898,0.031898096203804016,-0.0048441654071211815,0.027523741126060486,-0.014806498773396015,1537,598,613,442,2428,3.188269853591919
2026-04-07T10:38:53.928,radio://0/80/2M,range,1,2,Scan,0.511025071144104,0,0,0,0.0,0,0,0.0,0.0,100830,0,0,3898,0.031898096203804016,-0.0048441654071211815,0.027523741126060486,-0.014806498773396015,32766,550,885,424,2423,3.1671555042266846
2026-04-07T10:38:54.172,radio://0/80/2M,mission,1,2,Scan,0.5075232982635498,0,0,0,0.0,0,0,0.0,0.0,100830,0,0,3898,0.031898096203804016,-0.0048441654071211815,0.027523741126060486,-0.014806498773396015,32766,550,885,424,2423,3.1671555042266846
2026-04-07T10:38:54.175,radio://0/80/2M,flow,1,2,Scan,0.5075232982635498,0,0,0,0.0,0,0,0.0,0.0,101080,0,-4,3898,-0.038002531975507736,-0.0461324118077755,0.027248414233326912,-0.01578286476433277,32766,550,885,424,2423,3.1671555042266846
2026-04-07T10:38:54.176,radio://0/80/2M,range,1,2,Scan,0.5075232982635498,0,0,0,0.0,0,0,0.0,0.0,101080,0,-4,3898,-0.038002531975507736,-0.0461324118077755,0.027248414233326912,-0.01578286476433277,32766,542,1077,429,2428,3.1671555042266846
2026-04-07T10:38:54.422,radio://0/80/2M,mission,1,2,Scan,0.5069348216056824,0,0,0,0.0,0,0,0.0,0.0,101080,0,-4,3898,-0.038002531975507736,-0.0461324118077755,0.027248414233326912,-0.01578286476433277,32766,542,1077,429,2428,3.1671555042266846
2026-04-07T10:38:54.425,radio://0/80/2M,flow,1,2,Scan,0.5069348216056824,0,0,0,0.0,0,0,0.0,0.0,101330,0,0,3898,-0.05855684354901314,-0.059373848140239716,0.026242127642035484,-0.016349537298083305,32766,542,1077,429,2428,3.1671555042266846
2026-04-07T10:38:54.426,radio://0/80/2M,range,1,2,Scan,0.5069348216056824,0,0,0,0.0,0,0,0.0,0.0,101330,0,0,3898,-0.05855684354901314,-0.059373848140239716,0.026242127642035484,-0.016349537298083305,32766,536,32766,438,2423,3.1565983295440674
2026-04-07T10:38:54.671,radio://0/80/2M,mission,1,5,Transition,0.5075464248657227,0,0,0,0.0,0,0,0.0,0.0,101330,0,0,3898,-0.05855684354901314,-0.059373848140239716,0.026242127642035484,-0.016349537298083305,32766,536,32766,438,2423,3.1565983295440674
2026-04-07T10:38:54.675,radio://0/80/2M,flow,1,5,Transition,0.5075464248657227,0,0,0,0.0,0,0,0.0,0.0,101580,5,4,3898,-0.028514061123132706,0.012201170437037945,0.03261391818523407,-0.0035233565140515566,32766,536,32766,438,2423,3.1565983295440674
2026-04-07T10:38:54.676,radio://0/80/2M,range,1,5,Transition,0.5075464248657227,0,0,0,0.0,0,0,0.0,0.0,101580,5,4,3898,-0.028514061123132706,0.012201170437037945,0.03261391818523407,-0.0035233565140515566,32766,537,1330,470,2429,3.172434091567993
2026-04-07T10:38:54.921,radio://0/80/2M,mission,1,5,Transition,0.5085316300392151,0,0,0,0.0,0,0,0.0,0.0,101580,5,4,3898,-0.028514061123132706,0.012201170437037945,0.03261391818523407,-0.0035233565140515566,32766,537,1330,470,2429,3.172434091567993
2026-04-07T10:38:54.925,radio://0/80/2M,flow,1,5,Transition,0.5085316300392151,0,0,0,0.0,0,0,0.0,0.0,101830,-1,0,3898,0.002299291081726551,0.02353009022772312,0.02260107547044754,-4.725062296984106e-07,32766,537,1330,470,2429,3.172434091567993
2026-04-07T10:38:54.926,radio://0/80/2M,range,1,5,Transition,0.5085316300392151,0,0,0,0.0,0,0,0.0,0.0,101830,-1,0,3898,0.002299291081726551,0.02353009022772312,0.02260107547044754,-4.725062296984106e-07,2350,556,32766,510,2427,3.172434091567993
2026-04-07T10:38:55.172,radio://0/80/2M,mission,1,0,Reacquire Wall,0.5067688822746277,0,0,0,0.0,0,0,0.0,0.0,101830,-1,0,3898,0.002299291081726551,0.02353009022772312,0.02260107547044754,-4.725062296984106e-07,2350,556,32766,510,2427,3.172434091567993
2026-04-07T10:38:55.174,radio://0/80/2M,flow,1,0,Reacquire Wall,0.5067688822746277,0,0,0,0.0,0,0,0.0,0.0,102080,3,2,3898,0.010159151628613472,-0.03792549669742584,0.1727084368467331,-6.336630525849429e-11,2350,556,32766,510,2427,3.172434091567993
2026-04-07T10:38:55.176,radio://0/80/2M,range,1,0,Reacquire Wall,0.5067688822746277,0,0,0,0.0,0,0,0.0,0.0,102080,3,2,3898,0.010159151628613472,-0.03792549669742584,0.1727084368467331,-6.336630525849429e-11,2282,575,32766,581,2423,3.1829912662506104
2026-04-07T10:38:55.422,radio://0/80/2M,mission,1,0,Reacquire Wall,0.5045684576034546,0,0,0,0.0,0,0,0.0,0.0,102080,3,2,3898,0.010159151628613472,-0.03792549669742584,0.1727084368467331,-6.336630525849429e-11,2282,575,32766,581,2423,3.1829912662506104
2026-04-07T10:38:55.424,radio://0/80/2M,flow,1,0,Reacquire Wall,0.5045684576034546,0,0,0,0.0,0,0,0.0,0.0,102330,0,0,3898,0.04639878496527672,-0.08413761854171753,0.18478074669837952,-8.497852961131085e-15,2282,575,32766,581,2423,3.1829912662506104
2026-04-07T10:38:55.425,radio://0/80/2M,range,1,0,Reacquire Wall,0.5045684576034546,0,0,0,0.0,0,0,0.0,0.0,102330,0,0,3898,0.04639878496527672,-0.08413761854171753,0.18478074669837952,-8.497852961131085e-15,2244,574,32766,641,2439,3.161876916885376
2026-04-07T10:38:55.671,radio://0/80/2M,mission,1,0,Reacquire Wall,0.5024276971817017,0,0,0,0.0,0,0,0.0,0.0,102330,0,0,3898,0.04639878496527672,-0.08413761854171753,0.18478074669837952,-8.497852961131085e-15,2244,574,32766,641,2439,3.161876916885376
2026-04-07T10:38:55.674,radio://0/80/2M,flow,1,0,Reacquire Wall,0.5024276971817017,0,0,0,0.0,0,0,0.0,0.0,102580,3,-5,3898,0.09272340685129166,-0.2515422999858856,0.19988158345222473,-1.6280287574860423e-18,2244,574,32766,641,2439,3.161876916885376
2026-04-07T10:38:55.675,radio://0/80/2M,range,1,0,Reacquire Wall,0.5024276971817017,0,0,0,0.0,0,0,0.0,0.0,102580,3,-5,3898,0.09272340685129166,-0.2515422999858856,0.19988158345222473,-1.6280287574860423e-18,2040,574,32766,798,2424,3.1565983295440674
2026-04-07T10:38:55.922,radio://0/80/2M,mission,1,0,Reacquire Wall,0.5035727620124817,0,0,0,0.0,0,0,0.0,0.0,102580,3,-5,3898,0.09272340685129166,-0.2515422999858856,0.19988158345222473,-1.6280287574860423e-18,2040,574,32766,798,2424,3.1565983295440674
2026-04-07T10:38:55.924,radio://0/80/2M,flow,1,0,Reacquire Wall,0.5035727620124817,0,0,0,0.0,0,0,0.0,0.0,102830,0,-1,4141,0.11535370349884033,-0.24449080228805542,0.19999998807907104,-1.5283081944277036e-22,2040,574,32766,798,2424,3.1565983295440674
2026-04-07T10:38:55.926,radio://0/80/2M,range,1,0,Reacquire Wall,0.5035727620124817,0,0,0,0.0,0,0,0.0,0.0,102830,0,-1,4141,0.11535370349884033,-0.24449080228805542,0.19999998807907104,-1.5283081944277036e-22,1894,552,32766,909,2437,3.151319742202759
2026-04-07T10:38:56.171,radio://0/80/2M,mission,1,0,Reacquire Wall,0.5039453506469727,0,0,0,0.0,0,0,0.0,0.0,102830,0,-1,4141,0.11535370349884033,-0.24449080228805542,0.19999998807907104,-1.5283081944277036e-22,1894,552,32766,909,2437,3.151319742202759
2026-04-07T10:38:56.174,radio://0/80/2M,flow,1,0,Reacquire Wall,0.5039453506469727,0,0,0,0.0,0,0,0.0,0.0,103080,0,-9,5604,0.11768608540296555,-0.20275339484214783,0.19999998807907104,-2.0495652482787678e-26,1894,552,32766,909,2437,3.151319742202759
2026-04-07T10:38:56.175,radio://0/80/2M,range,1,0,Reacquire Wall,0.5039453506469727,0,0,0,0.0,0,0,0.0,0.0,103080,0,-9,5604,0.11768608540296555,-0.20275339484214783,0.19999998807907104,-2.0495652482787678e-26,1898,509,1173,1006,2433,3.1777126789093018
2026-04-07T10:38:56.421,radio://0/80/2M,mission,1,0,Reacquire Wall,0.5014112591743469,0,0,0,0.0,0,0,0.0,0.0,103080,0,-9,5604,0.11768608540296555,-0.20275339484214783,0.19999998807907104,-2.0495652482787678e-26,1898,509,1173,1006,2433,3.1777126789093018
2026-04-07T10:38:56.423,radio://0/80/2M,flow,1,0,Reacquire Wall,0.5014112591743469,0,0,0,0.0,0,0,0.0,0.0,103330,0,-1,6721,0.09685182571411133,-0.21202930808067322,0.19999998807907104,-2.748605966459934e-30,1898,509,1173,1006,2433,3.1777126789093018
2026-04-07T10:38:56.424,radio://0/80/2M,range,1,0,Reacquire Wall,0.5014112591743469,0,0,0,0.0,0,0,0.0,0.0,103330,0,-1,6721,0.09685182571411133,-0.21202930808067322,0.19999998807907104,-2.748605966459934e-30,1843,462,1063,1069,2428,3.1671555042266846
2026-04-07T10:38:56.670,radio://0/80/2M,mission,1,0,Reacquire Wall,0.5028936266899109,0,0,0,0.0,0,0,0.0,0.0,103330,0,-1,6721,0.09685182571411133,-0.21202930808067322,0.19999998807907104,-2.748605966459934e-30,1843,462,1063,1069,2428,3.1671555042266846
2026-04-07T10:38:56.673,radio://0/80/2M,flow,1,0,Reacquire Wall,0.5028936266899109,0,0,0,0.0,0,0,0.0,0.0,103580,-1,0,6721,0.08299462497234344,-0.2167792022228241,0.19999998807907104,-3.6860683492054886e-34,1843,462,1063,1069,2428,3.1671555042266846
2026-04-07T10:38:56.674,radio://0/80/2M,range,1,0,Reacquire Wall,0.5028936266899109,0,0,0,0.0,0,0,0.0,0.0,103580,-1,0,6721,0.08299462497234344,-0.2167792022228241,0.19999998807907104,-3.6860683492054886e-34,1764,425,1031,1144,2425,3.1777126789093018
2026-04-07T10:38:56.921,radio://0/80/2M,mission,1,0,Reacquire Wall,0.5059475898742676,0,0,0,0.0,0,0,0.0,0.0,103580,-1,0,6721,0.08299462497234344,-0.2167792022228241,0.19999998807907104,-3.6860683492054886e-34,1764,425,1031,1144,2425,3.1777126789093018
2026-04-07T10:38:56.924,radio://0/80/2M,flow,1,0,Reacquire Wall,0.5059475898742676,0,0,0,0.0,0,0,0.0,0.0,103830,0,0,6721,0.0768059715628624,-0.14547286927700043,0.19999998807907104,-4.943268667419397e-38,1764,425,1031,1144,2425,3.1777126789093018
2026-04-07T10:38:56.925,radio://0/80/2M,range,1,0,Reacquire Wall,0.5059475898742676,0,0,0,0.0,0,0,0.0,0.0,103830,0,0,6721,0.0768059715628624,-0.14547286927700043,0.19999998807907104,-4.943268667419397e-38,1711,400,1008,1196,2434,3.1829912662506104
2026-04-07T10:38:57.169,radio://0/80/2M,mission,1,0,Reacquire Wall,0.5067908763885498,0,0,0,0.0,0,0,0.0,0.0,103830,0,0,6721,0.0768059715628624,-0.14547286927700043,0.19999998807907104,-4.943268667419397e-38,1711,400,1008,1196,2434,3.1829912662506104
2026-04-07T10:38:57.173,radio://0/80/2M,flow,1,0,Reacquire Wall,0.5067908763885498,0,0,0,0.0,0,0,0.0,0.0,104080,-4,7,6721,0.0927949771285057,-0.15998122096061707,0.19999998807907104,-6.62954303472071e-42,1711,400,1008,1196,2434,3.1829912662506104
2026-04-07T10:38:57.174,radio://0/80/2M,range,1,0,Reacquire Wall,0.5067908763885498,0,0,0,0.0,0,0,0.0,0.0,104080,-4,7,6721,0.0927949771285057,-0.15998122096061707,0.19999998807907104,-6.62954303472071e-42,1658,384,1006,1272,2431,3.188269853591919
2026-04-07T10:38:57.419,radio://0/80/2M,mission,1,0,Reacquire Wall,0.5079670548439026,0,0,0,0.0,0,0,0.0,0.0,104080,-4,7,6721,0.0927949771285057,-0.15998122096061707,0.19999998807907104,-6.62954303472071e-42,1658,384,1006,1272,2431,3.188269853591919
2026-04-07T10:38:57.422,radio://0/80/2M,flow,1,0,Reacquire Wall,0.5079670548439026,0,0,0,0.0,0,0,0.0,0.0,104330,0,0,6721,0.0925128236413002,-0.19477687776088715,0.19999998807907104,-1.401298464324817e-45,1658,384,1006,1272,2431,3.188269853591919
2026-04-07T10:38:57.424,radio://0/80/2M,range,1,0,Reacquire Wall,0.5079670548439026,0,0,0,0.0,0,0,0.0,0.0,104330,0,0,6721,0.0925128236413002,-0.19477687776088715,0.19999998807907104,-1.401298464324817e-45,1615,354,1008,1299,2425,3.1565983295440674
2026-04-07T10:38:57.669,radio://0/80/2M,mission,1,0,Reacquire Wall,0.5042722225189209,0,0,0,0.0,0,0,0.0,0.0,104330,0,0,6721,0.0925128236413002,-0.19477687776088715,0.19999998807907104,-1.401298464324817e-45,1615,354,1008,1299,2425,3.1565983295440674
2026-04-07T10:38:57.673,radio://0/80/2M,flow,1,0,Reacquire Wall,0.5042722225189209,0,0,0,0.0,0,0,0.0,0.0,104580,0,0,5908,0.09206477552652359,-0.16312488913536072,0.19999998807907104,-1.401298464324817e-45,1615,354,1008,1299,2425,3.1565983295440674
2026-04-07T10:38:57.674,radio://0/80/2M,range,1,0,Reacquire Wall,0.5042722225189209,0,0,0,0.0,0,0,0.0,0.0,104580,0,0,5908,0.09206477552652359,-0.16312488913536072,0.19999998807907104,-1.401298464324817e-45,1559,332,1015,1325,2431,3.172434091567993
2026-04-07T10:38:57.919,radio://0/80/2M,mission,1,0,Reacquire Wall,0.4980617165565491,0,0,0,0.0,0,0,0.0,0.0,104580,0,0,5908,0.09206477552652359,-0.16312488913536072,0.19999998807907104,-1.401298464324817e-45,1559,332,1015,1325,2431,3.172434091567993
2026-04-07T10:38:57.922,radio://0/80/2M,flow,1,0,Reacquire Wall,0.4980617165565491,0,0,0,0.0,0,0,0.0,0.0,104830,-2,-2,5539,0.0786631628870964,-0.16047102212905884,0.19999998807907104,-1.401298464324817e-45,1559,332,1015,1325,2431,3.172434091567993
2026-04-07T10:38:57.924,radio://0/80/2M,range,1,0,Reacquire Wall,0.4980617165565491,0,0,0,0.0,0,0,0.0,0.0,104830,-2,-2,5539,0.0786631628870964,-0.16047102212905884,0.19999998807907104,-1.401298464324817e-45,1534,302,1025,1340,2433,3.161876916885376
2026-04-07T10:38:58.169,radio://0/80/2M,mission,1,0,Reacquire Wall,0.4982103109359741,0,0,0,0.0,0,0,0.0,0.0,104830,-2,-2,5539,0.0786631628870964,-0.16047102212905884,0.19999998807907104,-1.401298464324817e-45,1534,302,1025,1340,2433,3.161876916885376
2026-04-07T10:38:58.172,radio://0/80/2M,flow,1,0,Reacquire Wall,0.4982103109359741,0,0,0,0.0,0,0,0.0,0.0,105080,2,-2,5193,0.050818730145692825,-0.1794261485338211,0.19999998807907104,-1.401298464324817e-45,1534,302,1025,1340,2433,3.161876916885376
2026-04-07T10:38:58.174,radio://0/80/2M,range,1,0,Reacquire Wall,0.4982103109359741,0,0,0,0.0,0,0,0.0,0.0,105080,2,-2,5193,0.050818730145692825,-0.1794261485338211,0.19999998807907104,-1.401298464324817e-45,1487,306,1028,1369,2441,3.172434091567993
2026-04-07T10:38:58.419,radio://0/80/2M,mission,1,0,Reacquire Wall,0.5006325840950012,0,0,0,0.0,0,0,0.0,0.0,105080,2,-2,5193,0.050818730145692825,-0.1794261485338211,0.19999998807907104,-1.401298464324817e-45,1487,306,1028,1369,2441,3.172434091567993
2026-04-07T10:38:58.423,radio://0/80/2M,flow,1,0,Reacquire Wall,0.5006325840950012,0,0,0,0.0,0,0,0.0,0.0,105330,0,-2,5193,0.034657929092645645,-0.1807917207479477,0.19999998807907104,-1.401298464324817e-45,1487,306,1028,1369,2441,3.172434091567993
2026-04-07T10:38:58.424,radio://0/80/2M,range,1,0,Reacquire Wall,0.5006325840950012,0,0,0,0.0,0,0,0.0,0.0,105330,0,-2,5193,0.034657929092645645,-0.1807917207479477,0.19999998807907104,-1.401298464324817e-45,1461,296,1028,1397,2443,3.1829912662506104
2026-04-07T10:38:58.668,radio://0/80/2M,mission,1,0,Reacquire Wall,0.49346354603767395,0,0,0,0.0,0,0,0.0,0.0,105330,0,-2,5193,0.034657929092645645,-0.1807917207479477,0.19999998807907104,-1.401298464324817e-45,1461,296,1028,1397,2443,3.1829912662506104
2026-04-07T10:38:58.672,radio://0/80/2M,flow,1,0,Reacquire Wall,0.49346354603767395,0,0,0,0.0,0,0,0.0,0.0,105580,-1,-3,5193,0.026141546666622162,-0.19841618835926056,0.19999998807907104,-1.401298464324817e-45,1461,296,1028,1397,2443,3.1829912662506104
2026-04-07T10:38:58.673,radio://0/80/2M,range,1,0,Reacquire Wall,0.49346354603767395,0,0,0,0.0,0,0,0.0,0.0,105580,-1,-3,5193,0.026141546666622162,-0.19841618835926056,0.19999998807907104,-1.401298464324817e-45,1419,273,1023,1429,2446,3.151319742202759
2026-04-07T10:38:58.920,radio://0/80/2M,mission,1,0,Reacquire Wall,0.49510499835014343,0,0,0,0.0,0,0,0.0,0.0,105580,-1,-3,5193,0.026141546666622162,-0.19841618835926056,0.19999998807907104,-1.401298464324817e-45,1419,273,1023,1429,2446,3.151319742202759
2026-04-07T10:38:58.921,radio://0/80/2M,flow,1,0,Reacquire Wall,0.49510499835014343,0,0,0,0.0,0,0,0.0,0.0,105830,0,0,5517,0.0279572531580925,-0.1892372965812683,0.19999998807907104,-1.401298464324817e-45,1419,273,1023,1429,2446,3.151319742202759
2026-04-07T10:38:58.923,radio://0/80/2M,range,1,0,Reacquire Wall,0.49510499835014343,0,0,0,0.0,0,0,0.0,0.0,105830,0,0,5517,0.0279572531580925,-0.1892372965812683,0.19999998807907104,-1.401298464324817e-45,1390,260,1021,1460,2439,3.1671555042266846
2026-04-07T10:38:59.168,radio://0/80/2M,mission,1,0,Reacquire Wall,0.4976504147052765,0,0,0,0.0,0,0,0.0,0.0,105830,0,0,5517,0.0279572531580925,-0.1892372965812683,0.19999998807907104,-1.401298464324817e-45,1390,260,1021,1460,2439,3.1671555042266846
2026-04-07T10:38:59.171,radio://0/80/2M,flow,1,0,Reacquire Wall,0.4976504147052765,0,0,0,0.0,0,0,0.0,0.0,106080,-2,0,5861,0.07385550439357758,-0.18085946142673492,0.19999998807907104,-1.401298464324817e-45,1390,260,1021,1460,2439,3.1671555042266846
2026-04-07T10:38:59.172,radio://0/80/2M,range,1,0,Reacquire Wall,0.4976504147052765,0,0,0,0.0,0,0,0.0,0.0,106080,-2,0,5861,0.07385550439357758,-0.18085946142673492,0.19999998807907104,-1.401298464324817e-45,1345,250,1025,1500,2434,3.1777126789093018
2026-04-07T10:38:59.418,radio://0/80/2M,mission,1,0,Reacquire Wall,0.4836941361427307,0,0,0,0.0,0,0,0.0,0.0,106080,-2,0,5861,0.07385550439357758,-0.18085946142673492,0.19999998807907104,-1.401298464324817e-45,1345,250,1025,1500,2434,3.1777126789093018
2026-04-07T10:38:59.421,radio://0/80/2M,flow,1,0,Reacquire Wall,0.4836941361427307,0,0,0,0.0,0,0,0.0,0.0,106330,0,0,5861,0.08429086208343506,-0.18045733869075775,0.19999998807907104,-1.401298464324817e-45,1345,250,1025,1500,2434,3.1777126789093018
2026-04-07T10:38:59.422,radio://0/80/2M,range,1,0,Reacquire Wall,0.4836941361427307,0,0,0,0.0,0,0,0.0,0.0,106330,0,0,5861,0.08429086208343506,-0.18045733869075775,0.19999998807907104,-1.401298464324817e-45,1315,229,1047,1523,2442,3.135483980178833
2026-04-07T10:38:59.669,radio://0/80/2M,mission,1,0,Reacquire Wall,0.4739725887775421,0,0,0,0.0,0,0,0.0,0.0,106330,0,0,5861,0.08429086208343506,-0.18045733869075775,0.19999998807907104,-1.401298464324817e-45,1315,229,1047,1523,2442,3.135483980178833
2026-04-07T10:38:59.671,radio://0/80/2M,flow,1,0,Reacquire Wall,0.4739725887775421,0,0,0,0.0,0,0,0.0,0.0,106580,1,-2,5861,0.043664589524269104,-0.18283364176750183,0.19999998807907104,-1.401298464324817e-45,1315,229,1047,1523,2442,3.135483980178833
2026-04-07T10:38:59.673,radio://0/80/2M,range,1,0,Reacquire Wall,0.4739725887775421,0,0,0,0.0,0,0,0.0,0.0,106580,1,-2,5861,0.043664589524269104,-0.18283364176750183,0.19999998807907104,-1.401298464324817e-45,1271,216,1061,1573,2464,3.1407625675201416
2026-04-07T10:38:59.917,radio://0/80/2M,mission,1,0,Reacquire Wall,0.4809189736843109,0,0,0,0.0,0,0,0.0,0.0,106580,1,-2,5861,0.043664589524269104,-0.18283364176750183,0.19999998807907104,-1.401298464324817e-45,1271,216,1061,1573,2464,3.1407625675201416
2026-04-07T10:38:59.921,radio://0/80/2M,flow,1,0,Reacquire Wall,0.4809189736843109,0,0,0,0.0,0,0,0.0,0.0,106830,0,1,5861,0.004726659506559372,-0.1417669653892517,0.19999998807907104,-1.401298464324817e-45,1271,216,1061,1573,2464,3.1407625675201416
2026-04-07T10:38:59.922,radio://0/80/2M,range,1,0,Reacquire Wall,0.4809189736843109,0,0,0,0.0,0,0,0.0,0.0,106830,0,1,5861,0.004726659506559372,-0.1417669653892517,0.19999998807907104,-1.401298464324817e-45,1248,195,1052,1595,2457,3.1565983295440674
2026-04-07T10:39:00.167,radio://0/80/2M,mission,1,0,Reacquire Wall,0.49316203594207764,0,0,0,0.0,0,0,0.0,0.0,106830,0,1,5861,0.004726659506559372,-0.1417669653892517,0.19999998807907104,-1.401298464324817e-45,1248,195,1052,1595,2457,3.1565983295440674
2026-04-07T10:39:00.170,radio://0/80/2M,flow,1,0,Reacquire Wall,0.49316203594207764,0,0,0,0.0,0,0,0.0,0.0,107080,0,3,5861,-0.02359061688184738,-0.13080906867980957,0.19999998807907104,-1.401298464324817e-45,1248,195,1052,1595,2457,3.1565983295440674
2026-04-07T10:39:00.172,radio://0/80/2M,range,1,0,Reacquire Wall,0.49316203594207764,0,0,0,0.0,0,0,0.0,0.0,107080,0,3,5861,-0.02359061688184738,-0.13080906867980957,0.19999998807907104,-1.401298464324817e-45,1221,204,1046,1631,2434,3.1671555042266846
2026-04-07T10:39:00.417,radio://0/80/2M,mission,1,0,Reacquire Wall,0.5008066296577454,0,0,0,0.0,0,0,0.0,0.0,107080,0,3,5861,-0.02359061688184738,-0.13080906867980957,0.19999998807907104,-1.401298464324817e-45,1221,204,1046,1631,2434,3.1671555042266846
2026-04-07T10:39:00.420,radio://0/80/2M,flow,1,0,Reacquire Wall,0.5008066296577454,0,0,0,0.0,0,0,0.0,0.0,107330,1,4,5861,-0.01520545780658722,-0.1223183274269104,0.19999998807907104,-1.401298464324817e-45,1221,204,1046,1631,2434,3.1671555042266846
2026-04-07T10:39:00.421,radio://0/80/2M,range,1,0,Reacquire Wall,0.5008066296577454,0,0,0,0.0,0,0,0.0,0.0,107330,1,4,5861,-0.01520545780658722,-0.1223183274269104,0.19999998807907104,-1.401298464324817e-45,1207,215,1037,1661,2429,3.1565983295440674
2026-04-07T10:39:00.667,radio://0/80/2M,mission,1,0,Reacquire Wall,0.5110481381416321,0,0,0,0.0,0,0,0.0,0.0,107330,1,4,5861,-0.01520545780658722,-0.1223183274269104,0.19999998807907104,-1.401298464324817e-45,1207,215,1037,1661,2429,3.1565983295440674
2026-04-07T10:39:00.670,radio://0/80/2M,flow,1,0,Reacquire Wall,0.5110481381416321,0,0,0,0.0,0,0,0.0,0.0,107580,1,1,5861,-0.024131281301379204,-0.09292034804821014,0.19999998807907104,-1.401298464324817e-45,1207,215,1037,1661,2429,3.1565983295440674
2026-04-07T10:39:00.671,radio://0/80/2M,range,1,0,Reacquire Wall,0.5110481381416321,0,0,0,0.0,0,0,0.0,0.0,107580,1,1,5861,-0.024131281301379204,-0.09292034804821014,0.19999998807907104,-1.401298464324817e-45,1169,223,1026,1700,2422,3.1777126789093018
2026-04-07T10:39:00.917,radio://0/80/2M,mission,1,0,Reacquire Wall,0.511191725730896,0,0,0,0.0,0,0,0.0,0.0,107580,1,1,5861,-0.024131281301379204,-0.09292034804821014,0.19999998807907104,-1.401298464324817e-45,1169,223,1026,1700,2422,3.1777126789093018
2026-04-07T10:39:00.920,radio://0/80/2M,flow,1,0,Reacquire Wall,0.511191725730896,0,0,0,0.0,0,0,0.0,0.0,107830,-4,-1,5861,0.034015145152807236,-0.09560905396938324,0.19999998807907104,-1.401298464324817e-45,1169,223,1026,1700,2422,3.1777126789093018
2026-04-07T10:39:00.921,radio://0/80/2M,range,1,0,Reacquire Wall,0.511191725730896,0,0,0,0.0,0,0,0.0,0.0,107830,-4,-1,5861,0.034015145152807236,-0.09560905396938324,0.19999998807907104,-1.401298464324817e-45,1140,249,1032,1751,2422,3.161876916885376
2026-04-07T10:39:01.166,radio://0/80/2M,mission,1,0,Reacquire Wall,0.5144233107566833,0,0,0,0.0,0,0,0.0,0.0,107830,-4,-1,5861,0.034015145152807236,-0.09560905396938324,0.19999998807907104,-1.401298464324817e-45,1140,249,1032,1751,2422,3.161876916885376
2026-04-07T10:39:01.170,radio://0/80/2M,flow,1,0,Reacquire Wall,0.5144233107566833,0,0,0,0.0,0,0,0.0,0.0,108080,-4,1,5861,0.04281825199723244,-0.10473346710205078,0.19999998807907104,-1.401298464324817e-45,1140,249,1032,1751,2422,3.161876916885376
2026-04-07T10:39:01.172,radio://0/80/2M,range,1,0,Reacquire Wall,0.5144233107566833,0,0,0,0.0,0,0,0.0,0.0,108080,-4,1,5861,0.04281825199723244,-0.10473346710205078,0.19999998807907104,-1.401298464324817e-45,1086,286,1023,1864,2409,3.172434091567993
2026-04-07T10:39:01.417,radio://0/80/2M,mission,1,0,Reacquire Wall,0.5176563858985901,0,0,0,0.0,0,0,0.0,0.0,108080,-4,1,5861,0.04281825199723244,-0.10473346710205078,0.19999998807907104,-1.401298464324817e-45,1086,286,1023,1864,2409,3.172434091567993
2026-04-07T10:39:01.420,radio://0/80/2M,flow,1,0,Reacquire Wall,0.5176563858985901,0,0,0,0.0,0,0,0.0,0.0,108330,0,0,5861,0.051770102232694626,-0.12759456038475037,0.19999998807907104,-1.401298464324817e-45,1086,286,1023,1864,2409,3.172434091567993
2026-04-07T10:39:01.421,radio://0/80/2M,range,1,0,Reacquire Wall,0.5176563858985901,0,0,0,0.0,0,0,0.0,0.0,108330,0,0,5861,0.051770102232694626,-0.12759456038475037,0.19999998807907104,-1.401298464324817e-45,32766,32766,1001,1964,2404,3.161876916885376
2026-04-07T10:39:01.666,radio://0/80/2M,mission,1,0,Reacquire Wall,0.5147234201431274,0,0,0,0.0,0,0,0.0,0.0,108330,0,0,5861,0.051770102232694626,-0.12759456038475037,0.19999998807907104,-1.401298464324817e-45,32766,32766,1001,1964,2404,3.161876916885376
2026-04-07T10:39:01.669,radio://0/80/2M,flow,1,0,Reacquire Wall,0.5147234201431274,0,0,0,0.0,0,0,0.0,0.0,108580,0,0,5861,0.07430379092693329,-0.12881670892238617,0.19999998807907104,-1.401298464324817e-45,32766,32766,1001,1964,2404,3.161876916885376
2026-04-07T10:39:01.670,radio://0/80/2M,range,1,0,Reacquire Wall,0.5147234201431274,0,0,0,0.0,0,0,0.0,0.0,108580,0,0,5861,0.07430379092693329,-0.12881670892238617,0.19999998807907104,-1.401298464324817e-45,32766,32766,991,2088,2407,3.1671555042266846
2026-04-07T10:39:01.916,radio://0/80/2M,mission,1,0,Reacquire Wall,0.5118006467819214,0,0,0,0.0,0,0,0.0,0.0,108580,0,0,5861,0.07430379092693329,-0.12881670892238617,0.19999998807907104,-1.401298464324817e-45,32766,32766,991,2088,2407,3.1671555042266846
2026-04-07T10:39:01.919,radio://0/80/2M,flow,1,0,Reacquire Wall,0.5118006467819214,0,0,0,0.0,0,0,0.0,0.0,108830,2,-1,5861,0.07094976305961609,-0.12407650053501129,0.19999998807907104,-1.401298464324817e-45,32766,32766,991,2088,2407,3.1671555042266846
2026-04-07T10:39:01.920,radio://0/80/2M,range,1,0,Reacquire Wall,0.5118006467819214,0,0,0,0.0,0,0,0.0,0.0,108830,2,-1,5861,0.07094976305961609,-0.12407650053501129,0.19999998807907104,-1.401298464324817e-45,32766,2460,1038,2188,2407,3.161876916885376
2026-04-07T10:39:02.165,radio://0/80/2M,mission,1,0,Reacquire Wall,0.5048342347145081,0,0,0,0.0,0,0,0.0,0.0,108830,2,-1,5861,0.07094976305961609,-0.12407650053501129,0.19999998807907104,-1.401298464324817e-45,32766,2460,1038,2188,2407,3.161876916885376
2026-04-07T10:39:02.169,radio://0/80/2M,flow,1,0,Reacquire Wall,0.5048342347145081,0,0,0,0.0,0,0,0.0,0.0,109080,4,-6,6227,0.05487339198589325,-0.11941647529602051,0.19999998807907104,-1.401298464324817e-45,32766,2460,1038,2188,2407,3.161876916885376
2026-04-07T10:39:02.170,radio://0/80/2M,range,1,0,Reacquire Wall,0.5048342347145081,0,0,0,0.0,0,0,0.0,0.0,109080,4,-6,6227,0.05487339198589325,-0.11941647529602051,0.19999998807907104,-1.401298464324817e-45,32766,2621,1008,2374,2422,3.161876916885376
2026-04-07T10:39:02.416,radio://0/80/2M,mission,1,0,Reacquire Wall,0.5032861828804016,0,0,0,0.0,0,0,0.0,0.0,109080,4,-6,6227,0.05487339198589325,-0.11941647529602051,0.19999998807907104,-1.401298464324817e-45,32766,2621,1008,2374,2422,3.161876916885376
2026-04-07T10:39:02.419,radio://0/80/2M,flow,1,0,Reacquire Wall,0.5032861828804016,0,0,0,0.0,0,0,0.0,0.0,109330,-7,7,6227,0.06782735884189606,-0.10567329823970795,0.19999998807907104,-1.401298464324817e-45,32766,2621,1008,2374,2422,3.161876916885376
2026-04-07T10:39:02.420,radio://0/80/2M,range,1,0,Reacquire Wall,0.5032861828804016,0,0,0,0.0,0,0,0.0,0.0,109330,-7,7,6227,0.06782735884189606,-0.10567329823970795,0.19999998807907104,-1.401298464324817e-45,32766,2625,1020,2478,2416,3.172434091567993
2026-04-07T10:39:02.665,radio://0/80/2M,mission,1,0,Reacquire Wall,0.5080243349075317,0,0,0,0.0,0,0,0.0,0.0,109330,-7,7,6227,0.06782735884189606,-0.10567329823970795,0.19999998807907104,-1.401298464324817e-45,32766,2625,1020,2478,2416,3.172434091567993
2026-04-07T10:39:02.669,radio://0/80/2M,flow,1,0,Reacquire Wall,0.5080243349075317,0,0,0,0.0,0,0,0.0,0.0,109580,-2,-1,6227,0.05737021192908287,-0.08350127190351486,0.19999998807907104,-1.401298464324817e-45,32766,2625,1020,2478,2416,3.172434091567993
2026-04-07T10:39:02.670,radio://0/80/2M,range,1,0,Reacquire Wall,0.5080243349075317,0,0,0,0.0,0,0,0.0,0.0,109580,-2,-1,6227,0.05737021192908287,-0.08350127190351486,0.19999998807907104,-1.401298464324817e-45,32766,2588,32766,2689,2413,3.172434091567993
2026-04-07T10:39:02.915,radio://0/80/2M,mission,1,0,Reacquire Wall,0.25114262104034424,0,0,0,0.0,0,0,0.0,0.0,109580,-2,-1,6227,0.05737021192908287,-0.08350127190351486,0.19999998807907104,-1.401298464324817e-45,32766,2588,32766,2689,2413,3.172434091567993
2026-04-07T10:39:02.918,radio://0/80/2M,flow,1,0,Reacquire Wall,0.25114262104034424,0,0,0,0.0,0,0,0.0,0.0,109830,-1,5,4197,0.04488760232925415,-2.060570001602173,-0.08618419617414474,0.07045715302228928,32766,2588,32766,2689,2413,3.172434091567993
2026-04-07T10:39:02.919,radio://0/80/2M,range,1,0,Reacquire Wall,0.25114262104034424,0,0,0,0.0,0,0,0.0,0.0,109830,-1,5,4197,0.04488760232925415,-2.060570001602173,-0.08618419617414474,0.07045715302228928,15,32766,140,32766,32766,3.2357771396636963
2026-04-07T10:39:03.165,radio://0/80/2M,mission,1,0,Reacquire Wall,-0.2861126959323883,0,0,0,0.0,0,0,0.0,0.0,109830,-1,5,4197,0.04488760232925415,-2.060570001602173,-0.08618419617414474,0.07045715302228928,15,32766,140,32766,32766,3.2357771396636963
2026-04-07T10:39:03.168,radio://0/80/2M,flow,1,0,Reacquire Wall,-0.2861126959323883,0,0,0,0.0,0,0,0.0,0.0,110080,3,-6,3800,-7.555661678314209,4.572235584259033,-3.3696473110467196e-05,0.00010568002471700311,15,32766,140,32766,32766,3.2357771396636963
2026-04-07T10:39:03.169,radio://0/80/2M,range,1,0,Reacquire Wall,-0.2861126959323883,0,0,0,0.0,0,0,0.0,0.0,110080,3,-6,3800,-7.555661678314209,4.572235584259033,-3.3696473110467196e-05,0.00010568002471700311,32766,32766,32766,32766,32766,3.056304931640625
2026-04-07T10:39:03.414,radio://0/80/2M,mission,1,0,Reacquire Wall,3.7073473930358887,0,0,0,0.0,0,0,0.0,0.0,110080,3,-6,3800,-7.555661678314209,4.572235584259033,-3.3696473110467196e-05,0.00010568002471700311,32766,32766,32766,32766,32766,3.056304931640625
2026-04-07T10:39:03.418,radio://0/80/2M,flow,1,0,Reacquire Wall,3.7073473930358887,0,0,0,0.0,0,0,0.0,0.0,110330,-9,-5,5759,0.23169927299022675,-0.17274652421474457,-4.5189265662770595e-09,1.4172411688662123e-08,32766,32766,32766,32766,32766,3.056304931640625
2026-04-07T10:39:03.419,radio://0/80/2M,range,1,0,Reacquire Wall,3.7073473930358887,0,0,0,0.0,0,0,0.0,0.0,110330,-9,-5,5759,0.23169927299022675,-0.17274652421474457,-4.5189265662770595e-09,1.4172411688662123e-08,32766,32766,32766,32766,32766,3.040469169616699
2026-04-07T10:39:03.666,radio://0/80/2M,mission,1,0,Reacquire Wall,3.8502490520477295,0,0,0,0.0,0,0,0.0,0.0,110330,-9,-5,5759,0.23169927299022675,-0.17274652421474457,-4.5189265662770595e-09,1.4172411688662123e-08,32766,32766,32766,32766,32766,3.040469169616699
2026-04-07T10:39:03.669,radio://0/80/2M,flow,1,0,Reacquire Wall,3.8502490520477295,0,0,0,0.0,0,0,0.0,0.0,110580,-37,-4,6743,-0.7482253313064575,0.8463967442512512,0.0806581899523735,1.900617250388814e-12,32766,32766,32766,32766,32766,3.040469169616699
2026-04-07T10:39:03.670,radio://0/80/2M,range,1,0,Reacquire Wall,3.8502490520477295,0,0,0,0.0,0,0,0.0,0.0,110580,-37,-4,6743,-0.7482253313064575,0.8463967442512512,0.0806581899523735,1.900617250388814e-12,32766,32766,32766,32766,32766,2.92434024810791
2026-04-07T10:39:03.915,radio://0/80/2M,mission,1,0,Reacquire Wall,3.4222326278686523,0,0,0,0.0,0,0,0.0,0.0,110580,-37,-4,6743,-0.7482253313064575,0.8463967442512512,0.0806581899523735,1.900617250388814e-12,32766,32766,32766,32766,32766,2.92434024810791
2026-04-07T10:39:03.917,radio://0/80/2M,flow,1,0,Reacquire Wall,3.4222326278686523,0,0,0,0.0,0,0,0.0,0.0,110830,-6,0,5557,-0.4020269513130188,0.2896071672439575,1.0816815120051615e-05,2.5488568694663624e-16,32766,32766,32766,32766,32766,2.92434024810791
2026-04-07T10:39:03.919,radio://0/80/2M,range,1,0,Reacquire Wall,3.4222326278686523,0,0,0,0.0,0,0,0.0,0.0,110830,-6,0,5557,-0.4020269513130188,0.2896071672439575,1.0816815120051615e-05,2.5488568694663624e-16,32766,32766,32766,32766,32766,2.8821115493774414
2026-04-07T10:39:04.165,radio://0/80/2M,mission,1,0,Reacquire Wall,2.4491279125213623,0,0,0,0.0,0,0,0.0,0.0,110830,-6,0,5557,-0.4020269513130188,0.2896071672439575,1.0816815120051615e-05,2.5488568694663624e-16,32766,32766,32766,32766,32766,2.8821115493774414
2026-04-07T10:39:04.168,radio://0/80/2M,flow,1,0,Reacquire Wall,2.4491279125213623,0,0,0,0.0,0,0,0.0,0.0,111080,0,-3,5557,-0.44916635751724243,0.549676239490509,1.4506085221910325e-09,3.4181904338781273e-20,32766,32766,32766,32766,32766,2.8821115493774414
2026-04-07T10:39:04.169,radio://0/80/2M,range,1,0,Reacquire Wall,2.4491279125213623,0,0,0,0.0,0,0,0.0,0.0,111080,0,-3,5557,-0.44916635751724243,0.549676239490509,1.4506085221910325e-09,3.4181904338781273e-20,32766,32766,32766,32766,32766,2.8293256759643555
2026-04-07T10:39:04.415,radio://0/80/2M,mission,1,0,Reacquire Wall,1.3656470775604248,0,0,0,0.0,0,0,0.0,0.0,111080,0,-3,5557,-0.44916635751724243,0.549676239490509,1.4506085221910325e-09,3.4181904338781273e-20,32766,32766,32766,32766,32766,2.8293256759643555
2026-04-07T10:39:04.421,radio://0/80/2M,flow,1,0,Reacquire Wall,1.3656470775604248,0,0,0,0.0,0,0,0.0,0.0,111330,1,8,5557,-0.5318268537521362,0.7847713232040405,1.9453645779769074e-13,4.584025755167702e-24,32766,32766,32766,32766,32766,2.8293256759643555
2026-04-07T10:39:04.422,radio://0/80/2M,range,1,0,Reacquire Wall,1.3656470775604248,0,0,0,0.0,0,0,0.0,0.0,111330,1,8,5557,-0.5318268537521362,0.7847713232040405,1.9453645779769074e-13,4.584025755167702e-24,32766,32766,32766,32766,32766,2.85044002532959
2026-04-07T10:39:04.663,radio://0/80/2M,mission,1,0,Reacquire Wall,1.0791057348251343,0,0,0,0.0,0,0,0.0,0.0,111330,1,8,5557,-0.5318268537521362,0.7847713232040405,1.9453645779769074e-13,4.584025755167702e-24,32766,32766,32766,32766,32766,2.85044002532959
2026-04-07T10:39:04.670,radio://0/80/2M,flow,1,0,Reacquire Wall,1.0791057348251343,0,0,0,0.0,0,0,0.0,0.0,111580,1,-5,5557,-0.7115333080291748,1.0026538372039795,2.6088661097546753e-17,6.147489419356337e-28,32766,32766,32766,32766,32766,2.85044002532959
2026-04-07T10:39:04.671,radio://0/80/2M,range,1,0,Reacquire Wall,1.0791057348251343,0,0,0,0.0,0,0,0.0,0.0,111580,1,-5,5557,-0.7115333080291748,1.0026538372039795,2.6088661097546753e-17,6.147489419356337e-28,32766,32766,32766,32766,32766,2.8557186126708984
2026-04-07T10:39:04.914,radio://0/80/2M,mission,1,0,Reacquire Wall,-0.6275050044059753,0,0,0,0.0,0,0,0.0,0.0,111580,1,-5,5557,-0.7115333080291748,1.0026538372039795,2.6088661097546753e-17,6.147489419356337e-28,32766,32766,32766,32766,32766,2.8557186126708984
2026-04-07T10:39:04.917,radio://0/80/2M,flow,1,0,Reacquire Wall,-0.6275050044059753,0,0,0,0.0,0,0,0.0,0.0,111830,0,0,5557,-0.7919625043869019,3.1745707988739014,3.498666625647084e-21,8.244202088355049e-32,32766,32766,32766,32766,32766,2.8557186126708984
2026-04-07T10:39:04.918,radio://0/80/2M,range,1,0,Reacquire Wall,-0.6275050044059753,0,0,0,0.0,0,0,0.0,0.0,111830,0,0,5557,-0.7919625043869019,3.1745707988739014,3.498666625647084e-21,8.244202088355049e-32,32766,32766,32766,32766,32766,3.6739003658294678
2026-04-07T10:39:05.163,radio://0/80/2M,mission,1,0,Reacquire Wall,-2.016690731048584,0,0,0,0.0,0,0,0.0,0.0,111830,0,0,5557,-0.7919625043869019,3.1745707988739014,3.498666625647084e-21,8.244202088355049e-32,32766,32766,32766,32766,32766,3.6739003658294678
2026-04-07T10:39:05.167,radio://0/80/2M,flow,1,0,Reacquire Wall,-2.016690731048584,0,0,0,0.0,0,0,0.0,0.0,112080,0,0,5557,1.7492473125457764,7.329415798187256,4.691950407256668e-25,1.1056035204430993e-35,32766,32766,32766,32766,32766,3.6739003658294678
2026-04-07T10:39:05.168,radio://0/80/2M,range,1,0,Reacquire Wall,-2.016690731048584,0,0,0,0.0,0,0,0.0,0.0,112080,0,0,5557,1.7492473125457764,7.329415798187256,4.691950407256668e-25,1.1056035204430993e-35,32766,32766,32766,32766,32766,3.7055718898773193
2026-04-07T10:39:05.415,radio://0/80/2M,mission,1,0,Reacquire Wall,-3.6819849014282227,0,0,0,0.0,0,0,0.0,0.0,112080,0,0,5557,1.7492473125457764,7.329415798187256,4.691950407256668e-25,1.1056035204430993e-35,32766,32766,32766,32766,32766,3.7055718898773193
2026-04-07T10:39:05.417,radio://0/80/2M,flow,1,0,Reacquire Wall,-3.6819849014282227,0,0,0,0.0,0,0,0.0,0.0,112330,1,0,5557,3.8040003776550293,8.04893970489502,6.292224378753875e-29,1.482688681729731e-39,32766,32766,32766,32766,32766,3.7055718898773193
2026-04-07T10:39:05.419,radio://0/80/2M,range,1,0,Reacquire Wall,-3.6819849014282227,0,0,0,0.0,0,0,0.0,0.0,112330,1,0,5557,3.8040003776550293,8.04893970489502,6.292224378753875e-29,1.482688681729731e-39,32766,32766,32766,32766,32766,3.7002933025360107
2026-04-07T10:39:05.663,radio://0/80/2M,mission,1,0,Reacquire Wall,-5.098585605621338,0,0,0,0.0,0,0,0.0,0.0,112330,1,0,5557,3.8040003776550293,8.04893970489502,6.292224378753875e-29,1.482688681729731e-39,32766,32766,32766,32766,32766,3.7002933025360107
2026-04-07T10:39:05.666,radio://0/80/2M,flow,1,0,Reacquire Wall,-5.098585605621338,0,0,0,0.0,0,0,0.0,0.0,112580,1,0,5557,6.947351455688477,8.463932991027832,0.0,0.0,32766,32766,32766,32766,32766,3.7002933025360107
2026-04-07T10:39:05.667,radio://0/80/2M,range,1,0,Reacquire Wall,-5.098585605621338,0,0,0,0.0,0,0,0.0,0.0,112580,1,0,5557,6.947351455688477,8.463932991027832,0.0,0.0,32766,32766,32766,32766,32766,3.7161290645599365
2026-04-07T10:39:05.913,radio://0/80/2M,mission,1,0,Reacquire Wall,-6.33845329284668,0,0,0,0.0,0,0,0.0,0.0,112580,1,0,5557,6.947351455688477,8.463932991027832,0.0,0.0,32766,32766,32766,32766,32766,3.7161290645599365
2026-04-07T10:39:05.916,radio://0/80/2M,flow,1,0,Reacquire Wall,-6.33845329284668,0,0,0,0.0,0,0,0.0,0.0,112830,0,0,5210,10.725805282592773,7.343290328979492,-0.07673289626836777,0.08393438160419464,32766,32766,32766,32766,32766,3.7161290645599365
2026-04-07T10:39:05.917,radio://0/80/2M,range,1,0,Reacquire Wall,-6.33845329284668,0,0,0,0.0,0,0,0.0,0.0,112830,0,0,5210,10.725805282592773,7.343290328979492,-0.07673289626836777,0.08393438160419464,82,32766,24,32766,32766,3.7161290645599365
2026-04-07T10:39:06.163,radio://0/80/2M,mission,1,0,Reacquire Wall,0.7208324074745178,0,0,0,0.0,0,0,0.0,0.0,112830,0,0,5210,10.725805282592773,7.343290328979492,-0.07673289626836777,0.08393438160419464,82,32766,24,32766,32766,3.7161290645599365
2026-04-07T10:39:06.166,radio://0/80/2M,flow,1,0,Reacquire Wall,0.7208324074745178,0,0,0,0.0,0,0,0.0,0.0,113080,1,0,5210,-0.6758354306221008,2.3016793727874756,-0.07968491315841675,0.08493062108755112,82,32766,24,32766,32766,3.7161290645599365
2026-04-07T10:39:06.168,radio://0/80/2M,range,1,0,Reacquire Wall,0.7208324074745178,0,0,0,0.0,0,0,0.0,0.0,113080,1,0,5210,-0.6758354306221008,2.3016793727874756,-0.07968491315841675,0.08493062108755112,62,29,20,32766,32766,3.7266862392425537
2026-04-07T10:39:06.412,radio://0/80/2M,mission,1,0,Reacquire Wall,0.529873251914978,0,0,0,0.0,0,0,0.0,0.0,113080,1,0,5210,-0.6758354306221008,2.3016793727874756,-0.07968491315841675,0.08493062108755112,62,29,20,32766,32766,3.7266862392425537
2026-04-07T10:39:06.416,radio://0/80/2M,flow,1,0,Reacquire Wall,0.529873251914978,0,0,0,0.0,0,0,0.0,0.0,113330,1,1,5210,-1.3789000511169434,4.684869766235352,-0.08065616339445114,0.08593274652957916,62,29,20,32766,32766,3.7266862392425537
2026-04-07T10:39:06.417,radio://0/80/2M,range,1,0,Reacquire Wall,0.529873251914978,0,0,0,0.0,0,0,0.0,0.0,113330,1,1,5210,-1.3789000511169434,4.684869766235352,-0.08065616339445114,0.08593274652957916,58,30,16,32766,32766,3.721407651901245
2026-04-07T10:39:06.662,radio://0/80/2M,mission,1,0,Reacquire Wall,0.13942185044288635,0,0,0,0.0,0,0,0.0,0.0,113330,1,1,5210,-1.3789000511169434,4.684869766235352,-0.08065616339445114,0.08593274652957916,58,30,16,32766,32766,3.721407651901245
2026-04-07T10:39:06.666,radio://0/80/2M,flow,1,0,Reacquire Wall,0.13942185044288635,0,0,0,0.0,0,0,0.0,0.0,113580,0,0,5210,-1.7682170867919922,5.999804973602295,-0.0803024098277092,0.0851806029677391,58,30,16,32766,32766,3.721407651901245
2026-04-07T10:39:06.667,radio://0/80/2M,range,1,0,Reacquire Wall,0.13942185044288635,0,0,0,0.0,0,0,0.0,0.0,113580,0,0,5210,-1.7682170867919922,5.999804973602295,-0.0803024098277092,0.0851806029677391,58,37,19,32766,32766,3.737243413925171
2026-04-07T10:39:06.911,radio://0/80/2M,mission,1,0,Reacquire Wall,-0.43086865544319153,0,0,0,0.0,0,0,0.0,0.0,113580,0,0,5210,-1.7682170867919922,5.999804973602295,-0.0803024098277092,0.0851806029677391,58,37,19,32766,32766,3.737243413925171
2026-04-07T10:39:06.915,radio://0/80/2M,flow,1,0,Reacquire Wall,-0.43086865544319153,0,0,0,0.0,0,0,0.0,0.0,113830,0,0,5210,-1.8521380424499512,6.402251720428467,-0.0805525854229927,0.0851806029677391,58,37,19,32766,32766,3.737243413925171
2026-04-07T10:39:06.916,radio://0/80/2M,range,1,0,Reacquire Wall,-0.43086865544319153,0,0,0,0.0,0,0,0.0,0.0,113830,0,0,5210,-1.8521380424499512,6.402251720428467,-0.0805525854229927,0.0851806029677391,56,37,19,32766,32766,3.7319648265838623
2026-04-07T10:39:07.162,radio://0/80/2M,mission,1,0,Reacquire Wall,-1.1737784147262573,0,0,0,0.0,0,0,0.0,0.0,113830,0,0,5210,-1.8521380424499512,6.402251720428467,-0.0805525854229927,0.0851806029677391,56,37,19,32766,32766,3.7319648265838623
2026-04-07T10:39:07.165,radio://0/80/2M,flow,1,0,Reacquire Wall,-1.1737784147262573,0,0,0,0.0,0,0,0.0,0.0,114080,0,0,5210,-2.1349499225616455,7.477781772613525,-0.08067086338996887,0.08543094992637634,56,37,19,32766,32766,3.7319648265838623
2026-04-07T10:39:07.166,radio://0/80/2M,range,1,0,Reacquire Wall,-1.1737784147262573,0,0,0,0.0,0,0,0.0,0.0,114080,0,0,5210,-2.1349499225616455,7.477781772613525,-0.08067086338996887,0.08543094992637634,56,30,18,32766,32766,3.747800588607788
