Time,uri,source,outer,mission,mission_name,height_m,human,human_fresh,human_stable,human_hold_s,human_confidence_pct,human_direction,human_max_temp_c,human_thermistor_c,flow_timestamp_ms,delta_x,delta_y,shutter,vel_x_mps,vel_y_mps,cmd_x_mps,cmd_y_mps,front_mm,left_mm,right_mm,back_mm,up_mm,vbat_v
2026-04-07T10:24:35.119,radio://0/80/2M,mission,0,0,Reacquire Wall,1.8318412912776694e-05,0,0,0,0.0,0,0,0.0,0.0,0,0,0,0,0.0,0.0,0.0,0.0,32766,32766,32766,32766,32766,0.0
2026-04-07T10:24:35.123,radio://0/80/2M,flow,0,0,Reacquire Wall,1.8318412912776694e-05,0,0,0,0.0,0,0,0.0,0.0,13711,1,-3,6969,-0.002889682073146105,-0.0012633164878934622,0.0,0.0,32766,32766,32766,32766,32766,0.0
2026-04-07T10:24:35.124,radio://0/80/2M,range,0,0,Reacquire Wall,1.8318412912776694e-05,0,0,0,0.0,0,0,0.0,0.0,13711,1,-3,6969,-0.002889682073146105,-0.0012633164878934622,0.0,0.0,244,674,517,237,2924,4.011730194091797
2026-04-07T10:24:35.370,radio://0/80/2M,mission,0,0,Reacquire Wall,-9.769002645043656e-05,0,0,0,0.0,0,0,0.0,0.0,13711,1,-3,6969,-0.002889682073146105,-0.0012633164878934622,0.0,0.0,244,674,517,237,2924,4.011730194091797
2026-04-07T10:24:35.374,radio://0/80/2M,flow,0,0,Reacquire Wall,-9.769002645043656e-05,0,0,0,0.0,0,0,0.0,0.0,13961,0,2,6729,0.0007859863108024001,-0.002445546444505453,0.0,0.0,244,674,517,237,2924,4.011730194091797
2026-04-07T10:24:35.375,radio://0/80/2M,range,0,0,Reacquire Wall,-9.769002645043656e-05,0,0,0,0.0,0,0,0.0,0.0,13961,0,2,6729,0.0007859863108024001,-0.002445546444505453,0.0,0.0,246,674,519,236,2924,4.011730194091797
2026-04-07T10:24:35.619,radio://0/80/2M,mission,0,0,Reacquire Wall,-5.284879443934187e-05,0,0,0,0.0,0,0,0.0,0.0,13961,0,2,6729,0.0007859863108024001,-0.002445546444505453,0.0,0.0,246,674,519,236,2924,4.011730194091797
2026-04-07T10:24:35.623,radio://0/80/2M,flow,0,0,Reacquire Wall,-5.284879443934187e-05,0,0,0,0.0,0,0,0.0,0.0,14211,0,5,7363,0.0020513522904366255,-0.002856278093531728,0.0,0.0,246,674,519,236,2924,4.011730194091797
2026-04-07T10:24:35.624,radio://0/80/2M,range,0,0,Reacquire Wall,-5.284879443934187e-05,0,0,0,0.0,0,0,0.0,0.0,14211,0,5,7363,0.0020513522904366255,-0.002856278093531728,0.0,0.0,242,676,516,236,2928,4.011730194091797
2026-04-07T10:24:35.869,radio://0/80/2M,mission,0,0,Reacquire Wall,-1.6528410924365744e-05,0,0,0,0.0,0,0,0.0,0.0,14211,0,5,7363,0.0020513522904366255,-0.002856278093531728,0.0,0.0,242,676,516,236,2928,4.011730194091797
2026-04-07T10:24:35.873,radio://0/80/2M,flow,0,0,Reacquire Wall,-1.6528410924365744e-05,0,0,0,0.0,0,0,0.0,0.0,14461,3,0,7106,4.2949901398969814e-05,0.0005335446912795305,0.0,0.0,242,676,516,236,2928,4.011730194091797
2026-04-07T10:24:35.874,radio://0/80/2M,range,0,0,Reacquire Wall,-1.6528410924365744e-05,0,0,0,0.0,0,0,0.0,0.0,14461,3,0,7106,4.2949901398969814e-05,0.0005335446912795305,0.0,0.0,248,672,518,240,2923,4.0170087814331055
2026-04-07T10:24:36.119,radio://0/80/2M,mission,0,0,Reacquire Wall,4.044914021505974e-05,0,0,0,0.0,0,0,0.0,0.0,14461,3,0,7106,4.2949901398969814e-05,0.0005335446912795305,0.0,0.0,248,672,518,240,2923,4.0170087814331055
2026-04-07T10:24:36.122,radio://0/80/2M,flow,0,0,Reacquire Wall,4.044914021505974e-05,0,0,0,0.0,0,0,0.0,0.0,14711,0,3,7288,0.0023514670319855213,-0.002625579247251153,0.0,0.0,248,672,518,240,2923,4.0170087814331055
2026-04-07T10:24:36.124,radio://0/80/2M,range,0,0,Reacquire Wall,4.044914021505974e-05,0,0,0,0.0,0,0,0.0,0.0,14711,0,3,7288,0.0023514670319855213,-0.002625579247251153,0.0,0.0,241,676,514,237,2915,4.011730194091797
2026-04-07T10:24:36.369,radio://0/80/2M,mission,0,0,Reacquire Wall,-5.6197517551481724e-05,0,0,0,0.0,0,0,0.0,0.0,14711,0,3,7288,0.0023514670319855213,-0.002625579247251153,0.0,0.0,241,676,514,237,2915,4.011730194091797
2026-04-07T10:24:36.373,radio://0/80/2M,flow,0,0,Reacquire Wall,-5.6197517551481724e-05,0,0,0,0.0,0,0,0.0,0.0,14961,7,8,7035,0.0056719654239714146,0.006564050447195768,0.0,0.0,241,676,514,237,2915,4.011730194091797
2026-04-07T10:24:36.374,radio://0/80/2M,range,0,0,Reacquire Wall,-5.6197517551481724e-05,0,0,0,0.0,0,0,0.0,0.0,14961,7,8,7035,0.0056719654239714146,0.006564050447195768,0.0,0.0,245,677,515,238,2929,4.011730194091797
2026-04-07T10:24:36.619,radio://0/80/2M,mission,0,0,Reacquire Wall,-3.104819916188717e-05,0,0,0,0.0,0,0,0.0,0.0,14961,7,8,7035,0.0056719654239714146,0.006564050447195768,0.0,0.0,245,677,515,238,2929,4.011730194091797
2026-04-07T10:24:36.622,radio://0/80/2M,flow,0,0,Reacquire Wall,-3.104819916188717e-05,0,0,0,0.0,0,0,0.0,0.0,15211,-1,0,7218,0.00038142010453157127,-0.0039293174631893635,0.0,0.0,245,677,515,238,2929,4.011730194091797
2026-04-07T10:24:36.624,radio://0/80/2M,range,0,0,Reacquire Wall,-3.104819916188717e-05,0,0,0,0.0,0,0,0.0,0.0,15211,-1,0,7218,0.00038142010453157127,-0.0039293174631893635,0.0,0.0,242,677,516,242,2924,4.011730194091797
2026-04-07T10:24:36.869,radio://0/80/2M,mission,0,0,Reacquire Wall,8.031459401536267e-06,0,0,0,0.0,0,0,0.0,0.0,15211,-1,0,7218,0.00038142010453157127,-0.0039293174631893635,0.0,0.0,242,677,516,242,2924,4.011730194091797
2026-04-07T10:24:36.871,radio://0/80/2M,flow,0,0,Reacquire Wall,8.031459401536267e-06,0,0,0,0.0,0,0,0.0,0.0,15461,0,1,6992,0.0017526441952213645,-0.0033415844663977623,0.0,0.0,242,677,516,242,2924,4.011730194091797
2026-04-07T10:24:36.873,radio://0/80/2M,range,0,0,Reacquire Wall,8.031459401536267e-06,0,0,0,0.0,0,0,0.0,0.0,15461,0,1,6992,0.0017526441952213645,-0.0033415844663977623,0.0,0.0,245,675,514,233,2922,4.011730194091797
2026-04-07T10:24:37.118,radio://0/80/2M,mission,1,0,Reacquire Wall,0.0024096271954476833,0,0,0,0.0,0,0,0.0,0.0,15461,0,1,6992,0.0017526441952213645,-0.0033415844663977623,0.0,0.0,245,675,514,233,2922,4.011730194091797
2026-04-07T10:24:37.133,radio://0/80/2M,flow,1,0,Reacquire Wall,0.0024096271954476833,0,0,0,0.0,0,0,0.0,0.0,15711,9,0,6303,0.04340524598956108,-0.02820289321243763,-0.00025457071023993194,0.013322573155164719,245,675,514,233,2922,4.011730194091797
2026-04-07T10:24:37.133,radio://0/80/2M,range,1,0,Reacquire Wall,0.0024096271954476833,0,0,0,0.0,0,0,0.0,0.0,15711,9,0,6303,0.04340524598956108,-0.02820289321243763,-0.00025457071023993194,0.013322573155164719,238,673,543,241,2933,3.3096773624420166
2026-04-07T10:24:37.368,radio://0/80/2M,mission,1,0,Reacquire Wall,0.1671760380268097,0,0,0,0.0,0,0,0.0,0.0,15711,9,0,6303,0.04340524598956108,-0.02820289321243763,-0.00025457071023993194,0.013322573155164719,238,673,543,241,2933,3.3096773624420166
2026-04-07T10:24:37.373,radio://0/80/2M,flow,1,0,Reacquire Wall,0.1671760380268097,0,0,0,0.0,0,0,0.0,0.0,15961,-2,-1,2664,0.05935626104474068,0.04513436555862427,0.004397663753479719,0.0002858875086531043,238,673,543,241,2933,3.3096773624420166
2026-04-07T10:24:37.374,radio://0/80/2M,range,1,0,Reacquire Wall,0.1671760380268097,0,0,0,0.0,0,0,0.0,0.0,15961,-2,-1,2664,0.05935626104474068,0.04513436555862427,0.004397663753479719,0.0002858875086531043,1361,695,695,32766,2889,3.515542507171631
2026-04-07T10:24:37.619,radio://0/80/2M,mission,1,0,Reacquire Wall,0.371572345495224,0,0,0,0.0,0,0,0.0,0.0,15961,-2,-1,2664,0.05935626104474068,0.04513436555862427,0.004397663753479719,0.0002858875086531043,1361,695,695,32766,2889,3.515542507171631
2026-04-07T10:24:37.621,radio://0/80/2M,flow,1,0,Reacquire Wall,0.371572345495224,0,0,0,0.0,0,0,0.0,0.0,16211,1,8,2830,0.05478290095925331,-0.00011697030276991427,5.897566097701201e-07,4.483596427462544e-08,1361,695,695,32766,2889,3.515542507171631
2026-04-07T10:24:37.623,radio://0/80/2M,range,1,0,Reacquire Wall,0.371572345495224,0,0,0,0.0,0,0,0.0,0.0,16211,1,8,2830,0.05478290095925331,-0.00011697030276991427,5.897566097701201e-07,4.483596427462544e-08,1462,673,746,2649,2624,3.5577712059020996
2026-04-07T10:24:37.868,radio://0/80/2M,mission,1,0,Reacquire Wall,0.49156850576400757,0,0,0,0.0,0,0,0.0,0.0,16211,1,8,2830,0.05478290095925331,-0.00011697030276991427,5.897566097701201e-07,4.483596427462544e-08,1462,673,746,2649,2624,3.5577712059020996
2026-04-07T10:24:37.871,radio://0/80/2M,flow,1,0,Reacquire Wall,0.49156850576400757,0,0,0,0.0,0,0,0.0,0.0,16461,9,0,2830,0.026816247031092644,-0.018684599548578262,0.19984042644500732,6.012808306810058e-12,1462,673,746,2649,2624,3.5577712059020996
2026-04-07T10:24:37.872,radio://0/80/2M,range,1,0,Reacquire Wall,0.49156850576400757,0,0,0,0.0,0,0,0.0,0.0,16461,9,0,2830,0.026816247031092644,-0.018684599548578262,0.19984042644500732,6.012808306810058e-12,1475,655,775,2692,2493,3.5102639198303223
2026-04-07T10:24:38.117,radio://0/80/2M,mission,1,0,Reacquire Wall,0.5400744676589966,0,0,0,0.0,0,0,0.0,0.0,16461,9,0,2830,0.026816247031092644,-0.018684599548578262,0.19984042644500732,6.012808306810058e-12,1475,655,775,2692,2493,3.5102639198303223
2026-04-07T10:24:38.121,radio://0/80/2M,flow,1,0,Reacquire Wall,0.5400744676589966,0,0,0,0.0,0,0,0.0,0.0,16711,-7,-12,3006,0.14449816942214966,-0.0159528199583292,0.19999998807907104,8.06358478066708e-16,1475,655,775,2692,2493,3.5102639198303223
2026-04-07T10:24:38.122,radio://0/80/2M,range,1,0,Reacquire Wall,0.5400744676589966,0,0,0,0.0,0,0,0.0,0.0,16711,-7,-12,3006,0.14449816942214966,-0.0159528199583292,0.19999998807907104,8.06358478066708e-16,1440,631,797,2752,2399,3.4838709831237793
2026-04-07T10:24:38.367,radio://0/80/2M,mission,1,0,Reacquire Wall,0.5501025319099426,0,0,0,0.0,0,0,0.0,0.0,16711,-7,-12,3006,0.14449816942214966,-0.0159528199583292,0.19999998807907104,8.06358478066708e-16,1440,631,797,2752,2399,3.4838709831237793
2026-04-07T10:24:38.371,radio://0/80/2M,flow,1,0,Reacquire Wall,0.5501025319099426,0,0,0,0.0,0,0,0.0,0.0,16961,-1,-1,3006,0.25099751353263855,0.021389078348875046,0.19999998807907104,1.0813814865966986e-19,1440,631,797,2752,2399,3.4838709831237793
2026-04-07T10:24:38.372,radio://0/80/2M,range,1,0,Reacquire Wall,0.5501025319099426,0,0,0,0.0,0,0,0.0,0.0,16961,-1,-1,3006,0.25099751353263855,0.021389078348875046,0.19999998807907104,1.0813814865966986e-19,1392,622,809,2782,2389,3.4680352210998535
2026-04-07T10:24:38.618,radio://0/80/2M,mission,1,0,Reacquire Wall,0.5573140978813171,0,0,0,0.0,0,0,0.0,0.0,16961,-1,-1,3006,0.25099751353263855,0.021389078348875046,0.19999998807907104,1.0813814865966986e-19,1392,622,809,2782,2389,3.4680352210998535
2026-04-07T10:24:38.621,radio://0/80/2M,flow,1,0,Reacquire Wall,0.5573140978813171,0,0,0,0.0,0,0,0.0,0.0,17211,-7,0,3392,0.17933332920074463,0.009765530936419964,0.19999998807907104,1.4502063894175732e-23,1392,622,809,2782,2389,3.4680352210998535
2026-04-07T10:24:38.622,radio://0/80/2M,range,1,0,Reacquire Wall,0.5573140978813171,0,0,0,0.0,0,0,0.0,0.0,17211,-7,0,3392,0.17933332920074463,0.009765530936419964,0.19999998807907104,1.4502063894175732e-23,1307,613,838,2886,2367,3.446920871734619
2026-04-07T10:24:38.866,radio://0/80/2M,mission,1,0,Reacquire Wall,0.5532274842262268,0,0,0,0.0,0,0,0.0,0.0,17211,-7,0,3392,0.17933332920074463,0.009765530936419964,0.19999998807907104,1.4502063894175732e-23,1307,613,838,2886,2367,3.446920871734619
2026-04-07T10:24:38.870,radio://0/80/2M,flow,1,0,Reacquire Wall,0.5532274842262268,0,0,0,0.0,0,0,0.0,0.0,17461,0,0,3829,0.14795884490013123,0.02918137051165104,0.19999998807907104,1.944825628257608e-27,1307,613,838,2886,2367,3.446920871734619
2026-04-07T10:24:38.871,radio://0/80/2M,range,1,0,Reacquire Wall,0.5532274842262268,0,0,0,0.0,0,0,0.0,0.0,17461,0,0,3829,0.14795884490013123,0.02918137051165104,0.19999998807907104,1.944825628257608e-27,1238,602,867,2932,2367,3.420527935028076
2026-04-07T10:24:39.117,radio://0/80/2M,mission,1,0,Reacquire Wall,0.5526238083839417,0,0,0,0.0,0,0,0.0,0.0,17461,0,0,3829,0.14795884490013123,0.02918137051165104,0.19999998807907104,1.944825628257608e-27,1238,602,867,2932,2367,3.420527935028076
2026-04-07T10:24:39.120,radio://0/80/2M,flow,1,0,Reacquire Wall,0.5526238083839417,0,0,0,0.0,0,0,0.0,0.0,17711,4,6,5506,0.16097591817378998,0.008885979652404785,0.19999998807907104,2.6081436074123813e-31,1238,602,867,2932,2367,3.420527935028076
2026-04-07T10:24:39.121,radio://0/80/2M,range,1,0,Reacquire Wall,0.5526238083839417,0,0,0,0.0,0,0,0.0,0.0,17711,4,6,5506,0.16097591817378998,0.008885979652404785,0.19999998807907104,2.6081436074123813e-31,1122,609,1982,3049,2375,3.446920871734619
2026-04-07T10:24:39.367,radio://0/80/2M,mission,1,0,Reacquire Wall,0.5556732416152954,0,0,0,0.0,0,0,0.0,0.0,17711,4,6,5506,0.16097591817378998,0.008885979652404785,0.19999998807907104,2.6081436074123813e-31,1122,609,1982,3049,2375,3.446920871734619
2026-04-07T10:24:39.370,radio://0/80/2M,flow,1,0,Reacquire Wall,0.5556732416152954,0,0,0,0.0,0,0,0.0,0.0,17961,0,4,5850,0.14965468645095825,-0.020843831822276115,0.19999998807907104,3.497697790167991e-35,1122,609,1982,3049,2375,3.446920871734619
2026-04-07T10:24:39.371,radio://0/80/2M,range,1,0,Reacquire Wall,0.5556732416152954,0,0,0,0.0,0,0,0.0,0.0,17961,0,4,5850,0.14965468645095825,-0.020843831822276115,0.19999998807907104,3.497697790167991e-35,1033,622,32766,3146,2373,3.4416422843933105
2026-04-07T10:24:39.617,radio://0/80/2M,mission,1,0,Reacquire Wall,0.550959050655365,0,0,0,0.0,0,0,0.0,0.0,17961,0,4,5850,0.14965468645095825,-0.020843831822276115,0.19999998807907104,3.497697790167991e-35,1033,622,32766,3146,2373,3.4416422843933105
2026-04-07T10:24:39.620,radio://0/80/2M,flow,1,0,Reacquire Wall,0.550959050655365,0,0,0,0.0,0,0,0.0,0.0,18211,3,-12,4822,0.23759044706821442,-0.02927275002002716,0.04801999405026436,4.690651828840784e-39,1033,622,32766,3146,2373,3.4416422843933105
2026-04-07T10:24:39.622,radio://0/80/2M,range,1,0,Reacquire Wall,0.550959050655365,0,0,0,0.0,0,0,0.0,0.0,18211,3,-12,4822,0.23759044706821442,-0.02927275002002716,0.04801999405026436,4.690651828840784e-39,878,655,32766,3299,2376,3.4152493476867676
2026-04-07T10:24:39.865,radio://0/80/2M,mission,1,0,Reacquire Wall,0.5523410439491272,0,0,0,0.0,0,0,0.0,0.0,18211,3,-12,4822,0.23759044706821442,-0.02927275002002716,0.04801999405026436,4.690651828840784e-39,878,655,32766,3299,2376,3.4152493476867676
2026-04-07T10:24:39.870,radio://0/80/2M,flow,1,0,Reacquire Wall,0.5523410439491272,0,0,0,0.0,0,0,0.0,0.0,18461,0,0,3975,0.24261142313480377,-0.05311829224228859,6.439807748392923e-06,6.291830104818429e-43,878,655,32766,3299,2376,3.4152493476867676
2026-04-07T10:24:39.871,radio://0/80/2M,range,1,0,Reacquire Wall,0.5523410439491272,0,0,0,0.0,0,0,0.0,0.0,18461,0,0,3975,0.24261142313480377,-0.05311829224228859,6.439807748392923e-06,6.291830104818429e-43,766,685,32766,3394,2389,3.409970760345459
2026-04-07T10:24:40.116,radio://0/80/2M,mission,1,0,Reacquire Wall,0.5473546981811523,0,0,0,0.0,0,0,0.0,0.0,18461,0,0,3975,0.24261142313480377,-0.05311829224228859,6.439807748392923e-06,6.291830104818429e-43,766,685,32766,3394,2389,3.409970760345459
2026-04-07T10:24:40.119,radio://0/80/2M,flow,1,0,Reacquire Wall,0.5473546981811523,0,0,0,0.0,0,0,0.0,0.0,18711,0,0,3975,0.10671718418598175,-0.05658866837620735,-0.00084930524462834,0.0,766,685,32766,3394,2389,3.409970760345459
2026-04-07T10:24:40.120,radio://0/80/2M,range,1,0,Reacquire Wall,0.5473546981811523,0,0,0,0.0,0,0,0.0,0.0,18711,0,0,3975,0.10671718418598175,-0.05658866837620735,-0.00084930524462834,0.0,632,737,32766,3518,2402,3.394134998321533
2026-04-07T10:24:40.366,radio://0/80/2M,mission,1,0,Reacquire Wall,0.5361881256103516,0,0,0,0.0,0,0,0.0,0.0,18711,0,0,3975,0.10671718418598175,-0.05658866837620735,-0.00084930524462834,0.0,632,737,32766,3518,2402,3.394134998321533
2026-04-07T10:24:40.371,radio://0/80/2M,flow,1,0,Reacquire Wall,0.5361881256103516,0,0,0,0.0,0,0,0.0,0.0,18961,1,0,3975,0.023052405565977097,-0.04012805223464966,-0.002824164228513837,0.0,632,737,32766,3518,2402,3.394134998321533
2026-04-07T10:24:40.373,radio://0/80/2M,range,1,0,Reacquire Wall,0.5361881256103516,0,0,0,0.0,0,0,0.0,0.0,18961,1,0,3975,0.023052405565977097,-0.04012805223464966,-0.002824164228513837,0.0,576,765,32766,32766,2400,3.3624634742736816
2026-04-07T10:24:40.615,radio://0/80/2M,mission,1,0,Reacquire Wall,0.5368218421936035,0,0,0,0.0,0,0,0.0,0.0,18961,1,0,3975,0.023052405565977097,-0.04012805223464966,-0.002824164228513837,0.0,576,765,32766,32766,2400,3.3624634742736816
2026-04-07T10:24:40.619,radio://0/80/2M,flow,1,0,Reacquire Wall,0.5368218421936035,0,0,0,0.0,0,0,0.0,0.0,19211,0,0,3975,0.024639738723635674,-0.012734008021652699,-0.004880020394921303,0.0,576,765,32766,32766,2400,3.3624634742736816
2026-04-07T10:24:40.620,radio://0/80/2M,range,1,0,Reacquire Wall,0.5368218421936035,0,0,0,0.0,0,0,0.0,0.0,19211,0,0,3975,0.024639738723635674,-0.012734008021652699,-0.004880020394921303,0.0,537,791,32766,32766,2401,3.373020648956299
2026-04-07T10:24:40.866,radio://0/80/2M,mission,1,0,Reacquire Wall,0.5431339144706726,0,0,0,0.0,0,0,0.0,0.0,19211,0,0,3975,0.024639738723635674,-0.012734008021652699,-0.004880020394921303,0.0,537,791,32766,32766,2401,3.373020648956299
2026-04-07T10:24:40.869,radio://0/80/2M,flow,1,0,Reacquire Wall,0.5431339144706726,0,0,0,0.0,0,0,0.0,0.0,19461,0,0,3975,0.02653183974325657,0.004616085439920425,-0.0058195097371935844,0.0,537,791,32766,32766,2401,3.373020648956299
2026-04-07T10:24:40.870,radio://0/80/2M,range,1,0,Reacquire Wall,0.5431339144706726,0,0,0,0.0,0,0,0.0,0.0,19461,0,0,3975,0.02653183974325657,0.004616085439920425,-0.0058195097371935844,0.0,522,795,32766,32766,2397,3.394134998321533
2026-04-07T10:24:41.115,radio://0/80/2M,mission,1,0,Reacquire Wall,0.5416011214256287,0,0,0,0.0,0,0,0.0,0.0,19461,0,0,3975,0.02653183974325657,0.004616085439920425,-0.0058195097371935844,0.0,522,795,32766,32766,2397,3.394134998321533
2026-04-07T10:24:41.119,radio://0/80/2M,flow,1,0,Reacquire Wall,0.5416011214256287,0,0,0,0.0,0,0,0.0,0.0,19711,9,0,3975,0.0009848529007285833,0.009414528496563435,-0.006700592115521431,0.0,522,795,32766,32766,2397,3.394134998321533
2026-04-07T10:24:41.120,radio://0/80/2M,range,1,0,Reacquire Wall,0.5416011214256287,0,0,0,0.0,0,0,0.0,0.0,19711,9,0,3975,0.0009848529007285833,0.009414528496563435,-0.006700592115521431,0.0,509,817,32766,32766,2392,3.373020648956299
2026-04-07T10:24:41.365,radio://0/80/2M,mission,1,0,Reacquire Wall,0.5354993939399719,0,0,0,0.0,0,0,0.0,0.0,19711,9,0,3975,0.0009848529007285833,0.009414528496563435,-0.006700592115521431,0.0,509,817,32766,32766,2392,3.373020648956299
2026-04-07T10:24:41.369,radio://0/80/2M,flow,1,0,Reacquire Wall,0.5354993939399719,0,0,0,0.0,0,0,0.0,0.0,19961,2,1,3975,0.0009789214236661792,-0.001571576576679945,-0.006841650698333979,0.0,509,817,32766,32766,2392,3.373020648956299
2026-04-07T10:24:41.370,radio://0/80/2M,range,1,0,Reacquire Wall,0.5354993939399719,0,0,0,0.0,0,0,0.0,0.0,19961,2,1,3975,0.0009789214236661792,-0.001571576576679945,-0.006841650698333979,0.0,507,839,32766,32766,2402,3.357184886932373
2026-04-07T10:24:41.615,radio://0/80/2M,mission,1,0,Reacquire Wall,0.5312199592590332,0,0,0,0.0,0,0,0.0,0.0,19961,2,1,3975,0.0009789214236661792,-0.001571576576679945,-0.006841650698333979,0.0,507,839,32766,32766,2402,3.357184886932373
2026-04-07T10:24:41.618,radio://0/80/2M,flow,1,0,Reacquire Wall,0.5312199592590332,0,0,0,0.0,0,0,0.0,0.0,20211,-5,0,3975,-0.0018035386456176639,-0.008691266179084778,-0.006017326842993498,0.0,507,839,32766,32766,2402,3.357184886932373
2026-04-07T10:24:41.619,radio://0/80/2M,range,1,0,Reacquire Wall,0.5312199592590332,0,0,0,0.0,0,0,0.0,0.0,20211,-5,0,3975,-0.0018035386456176639,-0.008691266179084778,-0.006017326842993498,0.0,519,881,32766,32766,2411,3.3519062995910645
2026-04-07T10:24:41.864,radio://0/80/2M,mission,1,0,Reacquire Wall,0.52855384349823,0,0,0,0.0,0,0,0.0,0.0,20211,-5,0,3975,-0.0018035386456176639,-0.008691266179084778,-0.006017326842993498,0.0,519,881,32766,32766,2411,3.3519062995910645
2026-04-07T10:24:41.868,radio://0/80/2M,flow,1,0,Reacquire Wall,0.52855384349823,0,0,0,0.0,0,0,0.0,0.0,20461,2,-2,3975,-0.01965596340596676,-0.03879999741911888,-0.00476100156083703,0.0,519,881,32766,32766,2411,3.3519062995910645
2026-04-07T10:24:41.869,radio://0/80/2M,range,1,0,Reacquire Wall,0.52855384349823,0,0,0,0.0,0,0,0.0,0.0,20461,2,-2,3975,-0.01965596340596676,-0.03879999741911888,-0.00476100156083703,0.0,539,934,1479,1568,2407,3.346627712249756
2026-04-07T10:24:42.114,radio://0/80/2M,mission,1,0,Reacquire Wall,0.5303695797920227,0,0,0,0.0,0,0,0.0,0.0,20461,2,-2,3975,-0.01965596340596676,-0.03879999741911888,-0.00476100156083703,0.0,539,934,1479,1568,2407,3.346627712249756
2026-04-07T10:24:42.118,radio://0/80/2M,flow,1,0,Reacquire Wall,0.5303695797920227,0,0,0,0.0,0,0,0.0,0.0,20711,0,0,3975,-0.034884482622146606,-0.02999211847782135,-0.0025574681349098682,0.0,539,934,1479,1568,2407,3.346627712249756
2026-04-07T10:24:42.119,radio://0/80/2M,range,1,0,Reacquire Wall,0.5303695797920227,0,0,0,0.0,0,0,0.0,0.0,20711,0,0,3975,-0.034884482622146606,-0.02999211847782135,-0.0025574681349098682,0.0,582,865,1270,1319,2401,3.3519062995910645
2026-04-07T10:24:42.365,radio://0/80/2M,mission,1,5,Transition,0.526488184928894,0,0,0,0.0,0,0,0.0,0.0,20711,0,0,3975,-0.034884482622146606,-0.02999211847782135,-0.0025574681349098682,0.0,582,865,1270,1319,2401,3.3519062995910645
2026-04-07T10:24:42.367,radio://0/80/2M,flow,1,5,Transition,0.526488184928894,0,0,0,0.0,0,0,0.0,0.0,20961,1,0,3975,-0.005613062996417284,0.0027718700002878904,-0.0010608973680064082,0.0,582,865,1270,1319,2401,3.3519062995910645
2026-04-07T10:24:42.368,radio://0/80/2M,range,1,5,Transition,0.526488184928894,0,0,0,0.0,0,0,0.0,0.0,20961,1,0,3975,-0.005613062996417284,0.0027718700002878904,-0.0010608973680064082,0.0,624,800,1144,1199,2410,3.3519062995910645
2026-04-07T10:24:42.614,radio://0/80/2M,mission,1,1,Wall Follow,0.5277064442634583,0,0,0,0.0,0,0,0.0,0.0,20961,1,0,3975,-0.005613062996417284,0.0027718700002878904,-0.0010608973680064082,0.0,624,800,1144,1199,2410,3.3519062995910645
2026-04-07T10:24:42.617,radio://0/80/2M,flow,1,1,Wall Follow,0.5277064442634583,0,0,0,0.0,0,0,0.0,0.0,21211,0,-1,3975,-0.014267835766077042,-0.0012856492539867759,-8.999923011288047e-06,0.0,624,800,1144,1199,2410,3.3519062995910645
2026-04-07T10:24:42.619,radio://0/80/2M,range,1,1,Wall Follow,0.5277064442634583,0,0,0,0.0,0,0,0.0,0.0,21211,0,-1,3975,-0.014267835766077042,-0.0012856492539867759,-8.999923011288047e-06,0.0,693,753,1085,1135,2408,3.357184886932373
2026-04-07T10:24:42.864,radio://0/80/2M,mission,1,1,Wall Follow,0.5262543559074402,0,0,0,0.0,0,0,0.0,0.0,21211,0,-1,3975,-0.014267835766077042,-0.0012856492539867759,-8.999923011288047e-06,0.0,693,753,1085,1135,2408,3.357184886932373
2026-04-07T10:24:42.868,radio://0/80/2M,flow,1,1,Wall Follow,0.5262543559074402,0,0,0,0.0,0,0,0.0,0.0,21461,3,0,3975,-0.038977839052677155,-0.02632025256752968,0.0,0.0,693,753,1085,1135,2408,3.357184886932373
2026-04-07T10:24:42.869,radio://0/80/2M,range,1,1,Wall Follow,0.5262543559074402,0,0,0,0.0,0,0,0.0,0.0,21461,3,0,3975,-0.038977839052677155,-0.02632025256752968,0.0,0.0,775,729,1061,1099,2408,3.346627712249756
2026-04-07T10:24:43.113,radio://0/80/2M,mission,1,1,Wall Follow,0.5165010094642639,0,0,0,0.0,0,0,0.0,0.0,21461,3,0,3975,-0.038977839052677155,-0.02632025256752968,0.0,0.0,775,729,1061,1099,2408,3.346627712249756
2026-04-07T10:24:43.117,radio://0/80/2M,flow,1,1,Wall Follow,0.5165010094642639,0,0,0,0.0,0,0,0.0,0.0,21711,0,1,3975,-0.03560002148151398,-0.0029985441360622644,0.0,0.0,775,729,1061,1099,2408,3.346627712249756
2026-04-07T10:24:43.118,radio://0/80/2M,range,1,1,Wall Follow,0.5165010094642639,0,0,0,0.0,0,0,0.0,0.0,21711,0,1,3975,-0.03560002148151398,-0.0029985441360622644,0.0,0.0,32766,678,1067,1019,2421,3.314955949783325
2026-04-07T10:24:43.363,radio://0/80/2M,mission,1,1,Wall Follow,0.5123236179351807,0,0,0,0.0,0,0,0.0,0.0,21711,0,1,3975,-0.03560002148151398,-0.0029985441360622644,0.0,0.0,32766,678,1067,1019,2421,3.314955949783325
2026-04-07T10:24:43.367,radio://0/80/2M,flow,1,1,Wall Follow,0.5123236179351807,0,0,0,0.0,0,0,0.0,0.0,21961,0,0,3975,0.01747828722000122,-0.009573797695338726,0.0,0.0,32766,678,1067,1019,2421,3.314955949783325
2026-04-07T10:24:43.369,radio://0/80/2M,range,1,1,Wall Follow,0.5123236179351807,0,0,0,0.0,0,0,0.0,0.0,21961,0,0,3975,0.01747828722000122,-0.009573797695338726,0.0,0.0,32766,639,1157,955,2424,3.320234775543213
2026-04-07T10:24:43.613,radio://0/80/2M,mission,1,1,Wall Follow,0.5177003145217896,0,0,0,0.0,0,0,0.0,0.0,21961,0,0,3975,0.01747828722000122,-0.009573797695338726,0.0,0.0,32766,639,1157,955,2424,3.320234775543213
2026-04-07T10:24:43.616,radio://0/80/2M,flow,1,1,Wall Follow,0.5177003145217896,0,0,0,0.0,0,0,0.0,0.0,22211,0,0,3975,0.04358707368373871,-0.0008238160517066717,0.0,0.0,32766,639,1157,955,2424,3.320234775543213
2026-04-07T10:24:43.617,radio://0/80/2M,range,1,1,Wall Follow,0.5177003145217896,0,0,0,0.0,0,0,0.0,0.0,22211,0,0,3975,0.04358707368373871,-0.0008238160517066717,0.0,0.0,32766,598,32766,885,2426,3.33079195022583
2026-04-07T10:24:43.863,radio://0/80/2M,mission,1,1,Wall Follow,0.5174954533576965,0,0,0,0.0,0,0,0.0,0.0,22211,0,0,3975,0.04358707368373871,-0.0008238160517066717,0.0,0.0,32766,598,32766,885,2426,3.33079195022583
2026-04-07T10:24:43.866,radio://0/80/2M,flow,1,1,Wall Follow,0.5174954533576965,0,0,0,0.0,0,0,0.0,0.0,22461,0,0,3975,0.0001043712836690247,0.012122134678065777,0.0,0.0,32766,598,32766,885,2426,3.33079195022583
2026-04-07T10:24:43.868,radio://0/80/2M,range,1,1,Wall Follow,0.5174954533576965,0,0,0,0.0,0,0,0.0,0.0,22461,0,0,3975,0.0001043712836690247,0.012122134678065777,0.0,0.0,32766,594,32766,862,2412,3.3255133628845215
2026-04-07T10:24:44.113,radio://0/80/2M,mission,1,1,Wall Follow,0.5144539475440979,0,0,0,0.0,0,0,0.0,0.0,22461,0,0,3975,0.0001043712836690247,0.012122134678065777,0.0,0.0,32766,594,32766,862,2412,3.3255133628845215
2026-04-07T10:24:44.116,radio://0/80/2M,flow,1,1,Wall Follow,0.5144539475440979,0,0,0,0.0,0,0,0.0,0.0,22711,0,1,3975,-0.08165022730827332,-0.007743817754089832,0.15197999775409698,-0.021462000906467438,32766,594,32766,862,2412,3.3255133628845215
2026-04-07T10:24:44.118,radio://0/80/2M,range,1,1,Wall Follow,0.5144539475440979,0,0,0,0.0,0,0,0.0,0.0,22711,0,1,3975,-0.08165022730827332,-0.007743817754089832,0.15197999775409698,-0.021462000906467438,32766,609,32766,853,2423,3.3096773624420166
2026-04-07T10:24:44.364,radio://0/80/2M,mission,1,1,Wall Follow,0.5118812918663025,0,0,0,0.0,0,0,0.0,0.0,22711,0,1,3975,-0.08165022730827332,-0.007743817754089832,0.15197999775409698,-0.021462000906467438,32766,609,32766,853,2423,3.3096773624420166
2026-04-07T10:24:44.367,radio://0/80/2M,flow,1,1,Wall Follow,0.5118812918663025,0,0,0,0.0,0,0,0.0,0.0,22961,3,-1,3975,-0.06763307750225067,-0.09075380116701126,0.1999935656785965,-2.8782001209037844e-06,32766,609,32766,853,2423,3.3096773624420166
2026-04-07T10:24:44.368,radio://0/80/2M,range,1,1,Wall Follow,0.5118812918663025,0,0,0,0.0,0,0,0.0,0.0,22961,3,-1,3975,-0.06763307750225067,-0.09075380116701126,0.1999935656785965,-2.8782001209037844e-06,32766,632,32766,862,2423,3.304398775100708
2026-04-07T10:24:44.613,radio://0/80/2M,mission,1,1,Wall Follow,0.514575719833374,0,0,0,0.0,0,0,0.0,0.0,22961,3,-1,3975,-0.06763307750225067,-0.09075380116701126,0.1999935656785965,-2.8782001209037844e-06,32766,632,32766,862,2423,3.304398775100708
2026-04-07T10:24:44.616,radio://0/80/2M,flow,1,1,Wall Follow,0.514575719833374,0,0,0,0.0,0,0,0.0,0.0,23211,1,0,3975,-0.01414515357464552,-0.20247195661067963,0.19999998807907104,-3.8598624296781736e-10,32766,632,32766,862,2423,3.304398775100708
2026-04-07T10:24:44.617,radio://0/80/2M,range,1,1,Wall Follow,0.514575719833374,0,0,0,0.0,0,0,0.0,0.0,23211,1,0,3975,-0.01414515357464552,-0.20247195661067963,0.19999998807907104,-3.8598624296781736e-10,32766,667,32766,888,2425,3.3096773624420166
2026-04-07T10:24:44.862,radio://0/80/2M,mission,1,1,Wall Follow,0.5145073533058167,0,0,0,0.0,0,0,0.0,0.0,23211,1,0,3975,-0.01414515357464552,-0.20247195661067963,0.19999998807907104,-3.8598624296781736e-10,32766,667,32766,888,2425,3.3096773624420166
2026-04-07T10:24:44.865,radio://0/80/2M,flow,1,1,Wall Follow,0.5145073533058167,0,0,0,0.0,0,0,0.0,0.0,23461,1,0,3975,0.02546219527721405,-0.2180221974849701,0.19999998807907104,-5.1763382805363606e-14,32766,667,32766,888,2425,3.3096773624420166
2026-04-07T10:24:44.866,radio://0/80/2M,range,1,1,Wall Follow,0.5145073533058167,0,0,0,0.0,0,0,0.0,0.0,23461,1,0,3975,0.02546219527721405,-0.2180221974849701,0.19999998807907104,-5.1763382805363606e-14,32766,681,32766,923,2424,3.2991201877593994
2026-04-07T10:24:45.112,radio://0/80/2M,mission,1,1,Wall Follow,0.5108100175857544,0,0,0,0.0,0,0,0.0,0.0,23461,1,0,3975,0.02546219527721405,-0.2180221974849701,0.19999998807907104,-5.1763382805363606e-14,32766,681,32766,923,2424,3.2991201877593994
2026-04-07T10:24:45.116,radio://0/80/2M,flow,1,1,Wall Follow,0.5108100175857544,0,0,0,0.0,0,0,0.0,0.0,23711,0,0,3975,0.05290737375617027,-0.20171688497066498,0.19999998807907104,-6.941822950456279e-18,32766,681,32766,923,2424,3.2991201877593994
2026-04-07T10:24:45.117,radio://0/80/2M,range,1,1,Wall Follow,0.5108100175857544,0,0,0,0.0,0,0,0.0,0.0,23711,0,0,3975,0.05290737375617027,-0.20171688497066498,0.19999998807907104,-6.941822950456279e-18,32766,698,32766,987,2433,3.2832844257354736
2026-04-07T10:24:45.362,radio://0/80/2M,mission,1,1,Wall Follow,0.5081200003623962,0,0,0,0.0,0,0,0.0,0.0,23711,0,0,3975,0.05290737375617027,-0.20171688497066498,0.19999998807907104,-6.941822950456279e-18,32766,698,32766,987,2433,3.2832844257354736
2026-04-07T10:24:45.366,radio://0/80/2M,flow,1,1,Wall Follow,0.5081200003623962,0,0,0,0.0,0,0,0.0,0.0,23961,0,-1,3975,0.05052642524242401,-0.20252040028572083,0.19999998807907104,-9.309458361693126e-22,32766,698,32766,987,2433,3.2832844257354736
2026-04-07T10:24:45.367,radio://0/80/2M,range,1,1,Wall Follow,0.5081200003623962,0,0,0,0.0,0,0,0.0,0.0,23961,0,-1,3975,0.05052642524242401,-0.20252040028572083,0.19999998807907104,-9.309458361693126e-22,32766,703,32766,1024,2431,3.2832844257354736
2026-04-07T10:24:45.611,radio://0/80/2M,mission,1,1,Wall Follow,0.5097192525863647,0,0,0,0.0,0,0,0.0,0.0,23961,0,-1,3975,0.05052642524242401,-0.20252040028572083,0.19999998807907104,-9.309458361693126e-22,32766,703,32766,1024,2431,3.2832844257354736
2026-04-07T10:24:45.615,radio://0/80/2M,flow,1,1,Wall Follow,0.5097192525863647,0,0,0,0.0,0,0,0.0,0.0,24211,0,3,3975,0.040935810655355453,-0.19144077599048615,0.19999998807907104,-1.2484616224021543e-25,32766,703,32766,1024,2431,3.2832844257354736
2026-04-07T10:24:45.616,radio://0/80/2M,range,1,1,Wall Follow,0.5097192525863647,0,0,0,0.0,0,0,0.0,0.0,24211,0,3,3975,0.040935810655355453,-0.19144077599048615,0.19999998807907104,-1.2484616224021543e-25,32766,719,32766,1091,2430,3.2832844257354736
2026-04-07T10:24:45.861,radio://0/80/2M,mission,1,1,Wall Follow,0.5091649889945984,0,0,0,0.0,0,0,0.0,0.0,24211,0,3,3975,0.040935810655355453,-0.19144077599048615,0.19999998807907104,-1.2484616224021543e-25,32766,719,32766,1091,2430,3.2832844257354736
2026-04-07T10:24:45.865,radio://0/80/2M,flow,1,1,Wall Follow,0.5091649889945984,0,0,0,0.0,0,0,0.0,0.0,24461,0,0,3975,0.065743587911129,-0.18694175779819489,0.19999998807907104,-1.6742719887462477e-29,32766,719,32766,1091,2430,3.2832844257354736
2026-04-07T10:24:45.866,radio://0/80/2M,range,1,1,Wall Follow,0.5091649889945984,0,0,0,0.0,0,0,0.0,0.0,24461,0,0,3975,0.065743587911129,-0.18694175779819489,0.19999998807907104,-1.6742719887462477e-29,32766,731,32766,1147,2426,3.2727272510528564
2026-04-07T10:24:46.111,radio://0/80/2M,mission,1,1,Wall Follow,0.5100401043891907,0,0,0,0.0,0,0,0.0,0.0,24461,0,0,3975,0.065743587911129,-0.18694175779819489,0.19999998807907104,-1.6742719887462477e-29,32766,731,32766,1147,2426,3.2727272510528564
2026-04-07T10:24:46.115,radio://0/80/2M,flow,1,1,Wall Follow,0.5100401043891907,0,0,0,0.0,0,0,0.0,0.0,24711,0,0,4223,0.10545451194047928,-0.17971616983413696,0.19999998807907104,-2.2453128615316053e-33,32766,731,32766,1147,2426,3.2727272510528564
2026-04-07T10:24:46.116,radio://0/80/2M,range,1,1,Wall Follow,0.5100401043891907,0,0,0,0.0,0,0,0.0,0.0,24711,0,0,4223,0.10545451194047928,-0.17971616983413696,0.19999998807907104,-2.2453128615316053e-33,32766,736,762,1231,2422,3.2727272510528564
2026-04-07T10:24:46.361,radio://0/80/2M,mission,1,1,Wall Follow,0.5036864876747131,0,0,0,0.0,0,0,0.0,0.0,24711,0,0,4223,0.10545451194047928,-0.17971616983413696,0.19999998807907104,-2.2453128615316053e-33,32766,736,762,1231,2422,3.2727272510528564
2026-04-07T10:24:46.365,radio://0/80/2M,flow,1,1,Wall Follow,0.5036864876747131,0,0,0,0.0,0,0,0.0,0.0,24961,0,-1,4486,0.11251544952392578,-0.17140759527683258,0.19999998807907104,-3.0111173147893043e-37,32766,736,762,1231,2422,3.2727272510528564
2026-04-07T10:24:46.366,radio://0/80/2M,range,1,1,Wall Follow,0.5036864876747131,0,0,0,0.0,0,0,0.0,0.0,24961,0,-1,4486,0.11251544952392578,-0.17140759527683258,0.19999998807907104,-3.0111173147893043e-37,32766,736,756,1284,2445,3.2568914890289307
2026-04-07T10:24:46.611,radio://0/80/2M,mission,1,1,Wall Follow,0.5033227205276489,0,0,0,0.0,0,0,0.0,0.0,24961,0,-1,4486,0.11251544952392578,-0.17140759527683258,0.19999998807907104,-3.0111173147893043e-37,32766,736,756,1284,2445,3.2568914890289307
2026-04-07T10:24:46.614,radio://0/80/2M,flow,1,1,Wall Follow,0.5033227205276489,0,0,0,0.0,0,0,0.0,0.0,25211,-1,0,4766,0.12854903936386108,-0.17118582129478455,0.19999998807907104,-4.0381217846448254e-41,32766,736,756,1284,2445,3.2568914890289307
2026-04-07T10:24:46.615,radio://0/80/2M,range,1,1,Wall Follow,0.5033227205276489,0,0,0,0.0,0,0,0.0,0.0,25211,-1,0,4766,0.12854903936386108,-0.17118582129478455,0.19999998807907104,-4.0381217846448254e-41,32766,742,817,1386,2443,3.251612901687622
2026-04-07T10:24:46.861,radio://0/80/2M,mission,1,1,Wall Follow,0.506714403629303,0,0,0,0.0,0,0,0.0,0.0,25211,-1,0,4766,0.12854903936386108,-0.17118582129478455,0.19999998807907104,-4.0381217846448254e-41,32766,742,817,1386,2443,3.251612901687622
2026-04-07T10:24:46.864,radio://0/80/2M,flow,1,1,Wall Follow,0.506714403629303,0,0,0,0.0,0,0,0.0,0.0,25461,0,-1,5379,0.14415064454078674,-0.15543660521507263,0.19999998807907104,-4.203895392974451e-45,32766,742,817,1386,2443,3.251612901687622
2026-04-07T10:24:46.865,radio://0/80/2M,range,1,1,Wall Follow,0.506714403629303,0,0,0,0.0,0,0,0.0,0.0,25461,0,-1,5379,0.14415064454078674,-0.15543660521507263,0.19999998807907104,-4.203895392974451e-45,32766,747,899,1484,2441,3.251612901687622
2026-04-07T10:24:47.111,radio://0/80/2M,mission,1,1,Wall Follow,0.5092203617095947,0,0,0,0.0,0,0,0.0,0.0,25461,0,-1,5379,0.14415064454078674,-0.15543660521507263,0.19999998807907104,-4.203895392974451e-45,32766,747,899,1484,2441,3.251612901687622
2026-04-07T10:24:47.113,radio://0/80/2M,flow,1,1,Wall Follow,0.5092203617095947,0,0,0,0.0,0,0,0.0,0.0,25711,0,-2,6072,0.14448758959770203,-0.11827918142080307,0.19999998807907104,-1.401298464324817e-45,32766,747,899,1484,2441,3.251612901687622
2026-04-07T10:24:47.115,radio://0/80/2M,range,1,1,Wall Follow,0.5092203617095947,0,0,0,0.0,0,0,0.0,0.0,25711,0,-2,6072,0.14448758959770203,-0.11827918142080307,0.19999998807907104,-1.401298464324817e-45,32766,748,1040,1642,2439,3.2357771396636963
2026-04-07T10:24:47.360,radio://0/80/2M,mission,1,1,Wall Follow,0.5069860219955444,0,0,0,0.0,0,0,0.0,0.0,25711,0,-2,6072,0.14448758959770203,-0.11827918142080307,0.19999998807907104,-1.401298464324817e-45,32766,748,1040,1642,2439,3.2357771396636963
2026-04-07T10:24:47.364,radio://0/80/2M,flow,1,1,Wall Follow,0.5069860219955444,0,0,0,0.0,0,0,0.0,0.0,25961,-1,-3,6072,0.16351211071014404,-0.11735223233699799,0.19999998807907104,-1.401298464324817e-45,32766,748,1040,1642,2439,3.2357771396636963
2026-04-07T10:24:47.365,radio://0/80/2M,range,1,1,Wall Follow,0.5069860219955444,0,0,0,0.0,0,0,0.0,0.0,25961,-1,-3,6072,0.16351211071014404,-0.11735223233699799,0.19999998807907104,-1.401298464324817e-45,32766,740,1126,1767,2426,3.225219964981079
2026-04-07T10:24:47.610,radio://0/80/2M,mission,1,1,Wall Follow,0.5025117993354797,0,0,0,0.0,0,0,0.0,0.0,25961,-1,-3,6072,0.16351211071014404,-0.11735223233699799,0.19999998807907104,-1.401298464324817e-45,32766,740,1126,1767,2426,3.225219964981079
2026-04-07T10:24:47.614,radio://0/80/2M,flow,1,1,Wall Follow,0.5025117993354797,0,0,0,0.0,0,0,0.0,0.0,26211,0,-8,6072,0.1825687438249588,-0.11231020838022232,-0.00771887693554163,0.0,32766,740,1126,1767,2426,3.225219964981079
2026-04-07T10:24:47.615,radio://0/80/2M,range,1,1,Wall Follow,0.5025117993354797,0,0,0,0.0,0,0,0.0,0.0,26211,0,-8,6072,0.1825687438249588,-0.11231020838022232,-0.00771887693554163,0.0,495,698,1288,1974,2442,3.214662790298462
2026-04-07T10:24:47.860,radio://0/80/2M,mission,1,1,Wall Follow,0.507919192314148,0,0,0,0.0,0,0,0.0,0.0,26211,0,-8,6072,0.1825687438249588,-0.11231020838022232,-0.00771887693554163,0.0,495,698,1288,1974,2442,3.214662790298462
2026-04-07T10:24:47.863,radio://0/80/2M,flow,1,1,Wall Follow,0.507919192314148,0,0,0,0.0,0,0,0.0,0.0,26461,-1,-2,6072,0.08749523758888245,-0.03321283683180809,-0.01450304128229618,0.0,495,698,1288,1974,2442,3.214662790298462
2026-04-07T10:24:47.865,radio://0/80/2M,range,1,1,Wall Follow,0.507919192314148,0,0,0,0.0,0,0,0.0,0.0,26461,-1,-2,6072,0.08749523758888245,-0.03321283683180809,-0.01450304128229618,0.0,419,664,32766,2050,2446,3.2357771396636963
2026-04-07T10:24:48.109,radio://0/80/2M,mission,1,1,Wall Follow,0.5041748881340027,0,0,0,0.0,0,0,0.0,0.0,26461,-1,-2,6072,0.08749523758888245,-0.03321283683180809,-0.01450304128229618,0.0,419,664,32766,2050,2446,3.2357771396636963
2026-04-07T10:24:48.114,radio://0/80/2M,flow,1,1,Wall Follow,0.5041748881340027,0,0,0,0.0,0,0,0.0,0.0,26711,-2,1,5693,-0.0016504527302458882,0.038750674575567245,-0.021609002724289894,0.0,419,664,32766,2050,2446,3.2357771396636963
2026-04-07T10:24:48.116,radio://0/80/2M,range,1,1,Wall Follow,0.5041748881340027,0,0,0,0.0,0,0,0.0,0.0,26711,-2,1,5693,-0.0016504527302458882,0.038750674575567245,-0.021609002724289894,0.0,357,620,32766,2127,2435,3.198827028274536
2026-04-07T10:24:48.359,radio://0/80/2M,mission,1,1,Wall Follow,0.5014526844024658,0,0,0,0.0,0,0,0.0,0.0,26711,-2,1,5693,-0.0016504527302458882,0.038750674575567245,-0.021609002724289894,0.0,357,620,32766,2127,2435,3.198827028274536
2026-04-07T10:24:48.363,radio://0/80/2M,flow,1,1,Wall Follow,0.5014526844024658,0,0,0,0.0,0,0,0.0,0.0,26961,1,-2,5693,0.014227285981178284,0.06545448303222656,-0.023540325462818146,0.0,357,620,32766,2127,2435,3.198827028274536
2026-04-07T10:24:48.364,radio://0/80/2M,range,1,1,Wall Follow,0.5014526844024658,0,0,0,0.0,0,0,0.0,0.0,26961,1,-2,5693,0.014227285981178284,0.06545448303222656,-0.023540325462818146,0.0,342,579,1735,32766,2441,3.2463343143463135
2026-04-07T10:24:48.609,radio://0/80/2M,mission,1,1,Wall Follow,0.5077654719352722,0,0,0,0.0,0,0,0.0,0.0,26961,1,-2,5693,0.014227285981178284,0.06545448303222656,-0.023540325462818146,0.0,342,579,1735,32766,2441,3.2463343143463135
2026-04-07T10:24:48.612,radio://0/80/2M,flow,1,1,Wall Follow,0.5077654719352722,0,0,0,0.0,0,0,0.0,0.0,27211,-1,0,5005,0.04323843866586685,0.012313548475503922,-0.02793673612177372,0.0,342,579,1735,32766,2441,3.2463343143463135
2026-04-07T10:24:48.614,radio://0/80/2M,range,1,1,Wall Follow,0.5077654719352722,0,0,0,0.0,0,0,0.0,0.0,27211,-1,0,5005,0.04323843866586685,0.012313548475503922,-0.02793673612177372,0.0,310,501,32766,2121,2426,3.2357771396636963
2026-04-07T10:24:48.860,radio://0/80/2M,mission,1,1,Wall Follow,0.5079468488693237,0,0,0,0.0,0,0,0.0,0.0,27211,-1,0,5005,0.04323843866586685,0.012313548475503922,-0.02793673612177372,0.0,310,501,32766,2121,2426,3.2357771396636963
2026-04-07T10:24:48.863,radio://0/80/2M,flow,1,1,Wall Follow,0.5079468488693237,0,0,0,0.0,0,0,0.0,0.0,27461,0,0,4125,0.03206036239862442,-0.006674852222204208,-0.032709307968616486,0.0,310,501,32766,2121,2426,3.2357771396636963
2026-04-07T10:24:48.864,radio://0/80/2M,range,1,1,Wall Follow,0.5079468488693237,0,0,0,0.0,0,0,0.0,0.0,27461,0,0,4125,0.03206036239862442,-0.006674852222204208,-0.032709307968616486,0.0,278,449,1768,2099,2424,3.2304985523223877
2026-04-07T10:24:49.109,radio://0/80/2M,mission,1,1,Wall Follow,0.5069319605827332,0,0,0,0.0,0,0,0.0,0.0,27461,0,0,4125,0.03206036239862442,-0.006674852222204208,-0.032709307968616486,0.0,278,449,1768,2099,2424,3.2304985523223877
2026-04-07T10:24:49.113,radio://0/80/2M,flow,1,1,Wall Follow,0.5069319605827332,0,0,0,0.0,0,0,0.0,0.0,27711,0,0,3868,-0.008127519860863686,0.01806047186255455,-0.03620865195989609,0.0,278,449,1768,2099,2424,3.2304985523223877
2026-04-07T10:24:49.114,radio://0/80/2M,range,1,1,Wall Follow,0.5069319605827332,0,0,0,0.0,0,0,0.0,0.0,27711,0,0,3868,-0.008127519860863686,0.01806047186255455,-0.03620865195989609,0.0,256,356,32766,1982,2442,3.2304985523223877
2026-04-07T10:24:49.359,radio://0/80/2M,mission,1,1,Wall Follow,0.502905547618866,0,0,0,0.0,0,0,0.0,0.0,27711,0,0,3868,-0.008127519860863686,0.01806047186255455,-0.03620865195989609,0.0,256,356,32766,1982,2442,3.2304985523223877
2026-04-07T10:24:49.362,radio://0/80/2M,flow,1,1,Wall Follow,0.502905547618866,0,0,0,0.0,0,0,0.0,0.0,27961,-1,-3,3868,-0.034673914313316345,0.01360880397260189,-0.03507594019174576,0.0,256,356,32766,1982,2442,3.2304985523223877
2026-04-07T10:24:49.364,radio://0/80/2M,range,1,1,Wall Follow,0.502905547618866,0,0,0,0.0,0,0,0.0,0.0,27961,-1,-3,3868,-0.034673914313316345,0.01360880397260189,-0.03507594019174576,0.0,263,299,32766,32766,2445,3.225219964981079
2026-04-07T10:24:49.608,radio://0/80/2M,mission,1,1,Wall Follow,0.500130832195282,0,0,0,0.0,0,0,0.0,0.0,27961,-1,-3,3868,-0.034673914313316345,0.01360880397260189,-0.03507594019174576,0.0,263,299,32766,32766,2445,3.225219964981079
2026-04-07T10:24:49.612,radio://0/80/2M,flow,1,1,Wall Follow,0.500130832195282,0,0,0,0.0,0,0,0.0,0.0,28211,0,0,3868,-0.029024755582213402,2.7623809728538617e-05,-0.030575022101402283,0.0,263,299,32766,32766,2445,3.225219964981079
2026-04-07T10:24:49.613,radio://0/80/2M,range,1,1,Wall Follow,0.500130832195282,0,0,0,0.0,0,0,0.0,0.0,28211,0,0,3868,-0.029024755582213402,2.7623809728538617e-05,-0.030575022101402283,0.0,292,239,1281,1587,2434,3.214662790298462
2026-04-07T10:24:49.858,radio://0/80/2M,mission,1,1,Wall Follow,0.4973834753036499,0,0,0,0.0,0,0,0.0,0.0,28211,0,0,3868,-0.029024755582213402,2.7623809728538617e-05,-0.030575022101402283,0.0,292,239,1281,1587,2434,3.214662790298462
2026-04-07T10:24:49.862,radio://0/80/2M,flow,1,1,Wall Follow,0.4973834753036499,0,0,0,0.0,0,0,0.0,0.0,28461,0,0,3868,0.018692074343562126,-0.004402707330882549,-0.02582908421754837,0.0,292,239,1281,1587,2434,3.214662790298462
2026-04-07T10:24:49.863,radio://0/80/2M,range,1,1,Wall Follow,0.4973834753036499,0,0,0,0.0,0,0,0.0,0.0,28461,0,0,3868,0.018692074343562126,-0.004402707330882549,-0.02582908421754837,0.0,325,208,1230,1481,2436,3.2199413776397705
2026-04-07T10:24:50.108,radio://0/80/2M,mission,1,1,Wall Follow,0.4991903603076935,0,0,0,0.0,0,0,0.0,0.0,28461,0,0,3868,0.018692074343562126,-0.004402707330882549,-0.02582908421754837,0.0,325,208,1230,1481,2436,3.2199413776397705
2026-04-07T10:24:50.112,radio://0/80/2M,flow,1,1,Wall Follow,0.4991903603076935,0,0,0,0.0,0,0,0.0,0.0,28711,0,0,3627,0.019180191680788994,0.015474079176783562,-0.0029127607122063637,0.0,325,208,1230,1481,2436,3.2199413776397705
2026-04-07T10:24:50.114,radio://0/80/2M,range,1,1,Wall Follow,0.4991903603076935,0,0,0,0.0,0,0,0.0,0.0,28711,0,0,3627,0.019180191680788994,0.015474079176783562,-0.0029127607122063637,0.0,32766,198,1153,1389,2447,3.2199413776397705
2026-04-07T10:24:50.358,radio://0/80/2M,mission,1,1,Wall Follow,0.49662888050079346,0,0,0,0.0,0,0,0.0,0.0,28711,0,0,3627,0.019180191680788994,0.015474079176783562,-0.0029127607122063637,0.0,32766,198,1153,1389,2447,3.2199413776397705
2026-04-07T10:24:50.361,radio://0/80/2M,flow,1,1,Wall Follow,0.49662888050079346,0,0,0,0.0,0,0,0.0,0.0,28961,0,0,3627,-0.02413233369588852,0.025549642741680145,-3.9062103951437166e-07,0.0,32766,198,1153,1389,2447,3.2199413776397705
2026-04-07T10:24:50.362,radio://0/80/2M,range,1,1,Wall Follow,0.49662888050079346,0,0,0,0.0,0,0,0.0,0.0,28961,0,0,3627,-0.02413233369588852,0.025549642741680145,-3.9062103951437166e-07,0.0,1477,212,1117,1354,2447,3.2093842029571533
2026-04-07T10:24:50.608,radio://0/80/2M,mission,1,1,Wall Follow,0.49541351199150085,0,0,0,0.0,0,0,0.0,0.0,28961,0,0,3627,-0.02413233369588852,0.025549642741680145,-3.9062103951437166e-07,0.0,1477,212,1117,1354,2447,3.2093842029571533
2026-04-07T10:24:50.611,radio://0/80/2M,flow,1,1,Wall Follow,0.49541351199150085,0,0,0,0.0,0,0,0.0,0.0,29211,2,-1,4093,-0.05796320363879204,-0.000893531134352088,-5.238494707460184e-11,0.0,1477,212,1117,1354,2447,3.2093842029571533
2026-04-07T10:24:50.612,radio://0/80/2M,range,1,1,Wall Follow,0.49541351199150085,0,0,0,0.0,0,0,0.0,0.0,29211,2,-1,4093,-0.05796320363879204,-0.000893531134352088,-5.238494707460184e-11,0.0,1508,224,1081,1329,2440,3.198827028274536
2026-04-07T10:24:50.858,radio://0/80/2M,mission,1,1,Wall Follow,0.4959659278392792,0,0,0,0.0,0,0,0.0,0.0,29211,2,-1,4093,-0.05796320363879204,-0.000893531134352088,-5.238494707460184e-11,0.0,1508,224,1081,1329,2440,3.198827028274536
2026-04-07T10:24:50.861,radio://0/80/2M,flow,1,1,Wall Follow,0.4959659278392792,0,0,0,0.0,0,0,0.0,0.0,29461,-4,0,4619,-0.04388514906167984,-0.0004064663371536881,0.18847039341926575,-0.09423519670963287,1508,224,1081,1329,2440,3.198827028274536
2026-04-07T10:24:50.862,radio://0/80/2M,range,1,1,Wall Follow,0.4959659278392792,0,0,0,0.0,0,0,0.0,0.0,29461,-4,0,4619,-0.04388514906167984,-0.0004064663371536881,0.18847039341926575,-0.09423519670963287,1507,243,32766,1323,2445,3.2093842029571533
2026-04-07T10:24:51.107,radio://0/80/2M,mission,1,1,Wall Follow,0.4977854788303375,0,0,0,0.0,0,0,0.0,0.0,29461,-4,0,4619,-0.04388514906167984,-0.0004064663371536881,0.18847039341926575,-0.09423519670963287,1507,243,32766,1323,2445,3.2093842029571533
2026-04-07T10:24:51.111,radio://0/80/2M,flow,1,1,Wall Follow,0.4977854788303375,0,0,0,0.0,0,0,0.0,0.0,29711,4,0,4907,-0.08193739503622055,-0.10395681858062744,0.19999845325946808,-0.09999922662973404,1507,243,32766,1323,2445,3.2093842029571533
2026-04-07T10:24:51.112,radio://0/80/2M,range,1,1,Wall Follow,0.4977854788303375,0,0,0,0.0,0,0,0.0,0.0,29711,4,0,4907,-0.08193739503622055,-0.10395681858062744,0.19999845325946808,-0.09999922662973404,1468,276,32766,1347,2428,3.2199413776397705
2026-04-07T10:24:51.356,radio://0/80/2M,mission,1,1,Wall Follow,0.49463433027267456,0,0,0,0.0,0,0,0.0,0.0,29711,4,0,4907,-0.08193739503622055,-0.10395681858062744,0.19999845325946808,-0.09999922662973404,1468,276,32766,1347,2428,3.2199413776397705
2026-04-07T10:24:51.361,radio://0/80/2M,flow,1,1,Wall Follow,0.49463433027267456,0,0,0,0.0,0,0,0.0,0.0,29961,1,-1,5884,-0.150829017162323,-0.13056015968322754,0.19999998807907104,-0.09999999403953552,1468,276,32766,1347,2428,3.2199413776397705
2026-04-07T10:24:51.363,radio://0/80/2M,range,1,1,Wall Follow,0.49463433027267456,0,0,0,0.0,0,0,0.0,0.0,29961,1,-1,5884,-0.150829017162323,-0.13056015968322754,0.19999998807907104,-0.09999999403953552,1455,307,32766,1352,2436,3.2093842029571533
2026-04-07T10:24:51.608,radio://0/80/2M,mission,1,1,Wall Follow,0.49568653106689453,0,0,0,0.0,0,0,0.0,0.0,29961,1,-1,5884,-0.150829017162323,-0.13056015968322754,0.19999998807907104,-0.09999999403953552,1455,307,32766,1352,2436,3.2093842029571533
2026-04-07T10:24:51.611,radio://0/80/2M,flow,1,1,Wall Follow,0.49568653106689453,0,0,0,0.0,0,0,0.0,0.0,30211,1,-1,5884,-0.17348282039165497,-0.13533534109592438,0.19999998807907104,-0.09999999403953552,1455,307,32766,1352,2436,3.2093842029571533
2026-04-07T10:24:51.612,radio://0/80/2M,range,1,1,Wall Follow,0.49568653106689453,0,0,0,0.0,0,0,0.0,0.0,30211,1,-1,5884,-0.17348282039165497,-0.13533534109592438,0.19999998807907104,-0.09999999403953552,1417,365,32766,1386,2427,3.2093842029571533
2026-04-07T10:24:51.857,radio://0/80/2M,mission,1,1,Wall Follow,0.49536287784576416,0,0,0,0.0,0,0,0.0,0.0,30211,1,-1,5884,-0.17348282039165497,-0.13533534109592438,0.19999998807907104,-0.09999999403953552,1417,365,32766,1386,2427,3.2093842029571533
2026-04-07T10:24:51.860,radio://0/80/2M,flow,1,1,Wall Follow,0.49536287784576416,0,0,0,0.0,0,0,0.0,0.0,30461,1,1,6251,-0.18055051565170288,-0.1391637772321701,0.19999998807907104,-0.09999999403953552,1417,365,32766,1386,2427,3.2093842029571533
2026-04-07T10:24:51.862,radio://0/80/2M,range,1,1,Wall Follow,0.49536287784576416,0,0,0,0.0,0,0,0.0,0.0,30461,1,1,6251,-0.18055051565170288,-0.1391637772321701,0.19999998807907104,-0.09999999403953552,1425,408,32766,1410,2444,3.2041056156158447
2026-04-07T10:24:52.107,radio://0/80/2M,mission,1,1,Wall Follow,0.4947756826877594,0,0,0,0.0,0,0,0.0,0.0,30461,1,1,6251,-0.18055051565170288,-0.1391637772321701,0.19999998807907104,-0.09999999403953552,1425,408,32766,1410,2444,3.2041056156158447
2026-04-07T10:24:52.110,radio://0/80/2M,flow,1,1,Wall Follow,0.4947756826877594,0,0,0,0.0,0,0,0.0,0.0,30711,2,-1,6251,-0.18340158462524414,-0.13876330852508545,0.19999998807907104,-0.09999999403953552,1425,408,32766,1410,2444,3.2041056156158447
2026-04-07T10:24:52.111,radio://0/80/2M,range,1,1,Wall Follow,0.4947756826877594,0,0,0,0.0,0,0,0.0,0.0,30711,2,-1,6251,-0.18340158462524414,-0.13876330852508545,0.19999998807907104,-0.09999999403953552,32766,473,32766,1438,2456,3.1935484409332275
2026-04-07T10:24:52.356,radio://0/80/2M,mission,1,1,Wall Follow,0.5031467080116272,0,0,0,0.0,0,0,0.0,0.0,30711,2,-1,6251,-0.18340158462524414,-0.13876330852508545,0.19999998807907104,-0.09999999403953552,32766,473,32766,1438,2456,3.1935484409332275
2026-04-07T10:24:52.360,radio://0/80/2M,flow,1,1,Wall Follow,0.5031467080116272,0,0,0,0.0,0,0,0.0,0.0,30961,2,-2,5861,-0.179642915725708,-0.1524113416671753,0.19999998807907104,-0.09999999403953552,32766,473,32766,1438,2456,3.1935484409332275
2026-04-07T10:24:52.361,radio://0/80/2M,range,1,1,Wall Follow,0.5031467080116272,0,0,0,0.0,0,0,0.0,0.0,30961,2,-2,5861,-0.179642915725708,-0.1524113416671753,0.19999998807907104,-0.09999999403953552,32766,516,32766,1451,2438,3.2199413776397705
2026-04-07T10:24:52.608,radio://0/80/2M,mission,1,1,Wall Follow,0.5037381052970886,0,0,0,0.0,0,0,0.0,0.0,30961,2,-2,5861,-0.179642915725708,-0.1524113416671753,0.19999998807907104,-0.09999999403953552,32766,516,32766,1451,2438,3.2199413776397705
2026-04-07T10:24:52.609,radio://0/80/2M,flow,1,1,Wall Follow,0.5037381052970886,0,0,0,0.0,0,0,0.0,0.0,31211,3,0,5152,-0.16156946122646332,-0.16676664352416992,0.19999998807907104,-0.09999999403953552,32766,516,32766,1451,2438,3.2199413776397705
2026-04-07T10:24:52.611,radio://0/80/2M,range,1,1,Wall Follow,0.5037381052970886,0,0,0,0.0,0,0,0.0,0.0,31211,3,0,5152,-0.16156946122646332,-0.16676664352416992,0.19999998807907104,-0.09999999403953552,32766,573,32766,1478,32766,3.2041056156158447
2026-04-07T10:24:52.856,radio://0/80/2M,mission,1,5,Transition,0.5087214112281799,0,0,0,0.0,0,0,0.0,0.0,31211,3,0,5152,-0.16156946122646332,-0.16676664352416992,0.19999998807907104,-0.09999999403953552,32766,573,32766,1478,32766,3.2041056156158447
2026-04-07T10:24:52.859,radio://0/80/2M,flow,1,5,Transition,0.5087214112281799,0,0,0,0.0,0,0,0.0,0.0,31461,0,0,4830,-0.10461000353097916,-0.12982377409934998,5.4737465688958764e-05,-2.7368732844479382e-05,32766,573,32766,1478,32766,3.2041056156158447
2026-04-07T10:24:52.860,radio://0/80/2M,range,1,5,Transition,0.5087214112281799,0,0,0,0.0,0,0,0.0,0.0,31461,0,0,4830,-0.10461000353097916,-0.12982377409934998,5.4737465688958764e-05,-2.7368732844479382e-05,32766,617,32766,1517,32766,3.2093842029571533
2026-04-07T10:24:53.106,radio://0/80/2M,mission,1,2,Scan,0.5097696781158447,0,0,0,0.0,0,0,0.0,0.0,31461,0,0,4830,-0.10461000353097916,-0.12982377409934998,5.4737465688958764e-05,-2.7368732844479382e-05,32766,617,32766,1517,32766,3.2093842029571533
2026-04-07T10:24:53.109,radio://0/80/2M,flow,1,2,Scan,0.5097696781158447,0,0,0,0.0,0,0,0.0,0.0,31711,0,0,5451,-0.021710803732275963,-0.039757728576660156,7.340668517485938e-09,0.008934416808187962,32766,617,32766,1517,32766,3.2093842029571533
2026-04-07T10:24:53.110,radio://0/80/2M,range,1,2,Scan,0.5097696781158447,0,0,0,0.0,0,0,0.0,0.0,31711,0,0,5451,-0.021710803732275963,-0.039757728576660156,7.340668517485938e-09,0.008934416808187962,32766,664,558,1546,32766,3.2093842029571533
2026-04-07T10:24:53.356,radio://0/80/2M,mission,1,2,Scan,0.5028959512710571,0,0,0,0.0,0,0,0.0,0.0,31711,0,0,5451,-0.021710803732275963,-0.039757728576660156,7.340668517485938e-09,0.008934416808187962,32766,664,558,1546,32766,3.2093842029571533
2026-04-07T10:24:53.359,radio://0/80/2M,flow,1,2,Scan,0.5028959512710571,0,0,0,0.0,0,0,0.0,0.0,31961,0,1,5451,-0.007343572564423084,0.0034340638667345047,9.84433780153171e-13,0.014211142435669899,32766,664,558,1546,32766,3.2093842029571533
2026-04-07T10:24:53.360,radio://0/80/2M,range,1,2,Scan,0.5028959512710571,0,0,0,0.0,0,0,0.0,0.0,31961,0,1,5451,-0.007343572564423084,0.0034340638667345047,9.84433780153171e-13,0.014211142435669899,32766,676,533,1543,32766,3.1829912662506104
2026-04-07T10:24:53.605,radio://0/80/2M,mission,1,2,Scan,0.5042880773544312,0,0,0,0.0,0,0,0.0,0.0,31961,0,1,5451,-0.007343572564423084,0.0034340638667345047,9.84433780153171e-13,0.014211142435669899,32766,676,533,1543,32766,3.1829912662506104
2026-04-07T10:24:53.609,radio://0/80/2M,flow,1,2,Scan,0.5042880773544312,0,0,0,0.0,0,0,0.0,0.0,32211,0,0,5451,0.03185747191309929,-0.013919035904109478,1.320192698431045e-16,0.017838943749666214,32766,676,533,1543,32766,3.1829912662506104
2026-04-07T10:24:53.610,radio://0/80/2M,range,1,2,Scan,0.5042880773544312,0,0,0,0.0,0,0,0.0,0.0,32211,0,0,5451,0.03185747191309929,-0.013919035904109478,1.320192698431045e-16,0.017838943749666214,32766,717,517,1541,32766,3.198827028274536
2026-04-07T10:24:53.855,radio://0/80/2M,mission,1,2,Scan,0.5096282362937927,0,0,0,0.0,0,0,0.0,0.0,32211,0,0,5451,0.03185747191309929,-0.013919035904109478,1.320192698431045e-16,0.017838943749666214,32766,717,517,1541,32766,3.198827028274536
2026-04-07T10:24:53.859,radio://0/80/2M,flow,1,2,Scan,0.5096282362937927,0,0,0,0.0,0,0,0.0,0.0,32461,0,0,5791,0.034089479595422745,0.0036578765138983727,1.7704684640988038e-20,0.018032649531960487,32766,717,517,1541,32766,3.198827028274536
2026-04-07T10:24:53.861,radio://0/80/2M,range,1,2,Scan,0.5096282362937927,0,0,0,0.0,0,0,0.0,0.0,32461,0,0,5791,0.034089479595422745,0.0036578765138983727,1.7704684640988038e-20,0.018032649531960487,32766,778,520,1578,2393,3.2041056156158447
2026-04-07T10:24:54.105,radio://0/80/2M,mission,1,2,Scan,0.50770503282547,0,0,0,0.0,0,0,0.0,0.0,32461,0,0,5791,0.034089479595422745,0.0036578765138983727,1.7704684640988038e-20,0.018032649531960487,32766,778,520,1578,2393,3.2041056156158447
2026-04-07T10:24:54.109,radio://0/80/2M,flow,1,2,Scan,0.50770503282547,0,0,0,0.0,0,0,0.0,0.0,32711,0,-1,6536,0.022823642939329147,0.02580396831035614,2.3743186801300853e-24,0.01599796675145626,32766,778,520,1578,2393,3.2041056156158447
2026-04-07T10:24:54.110,radio://0/80/2M,range,1,2,Scan,0.50770503282547,0,0,0,0.0,0,0,0.0,0.0,32711,0,-1,6536,0.022823642939329147,0.02580396831035614,2.3743186801300853e-24,0.01599796675145626,32766,879,546,1712,32766,3.188269853591919
2026-04-07T10:24:54.355,radio://0/80/2M,mission,1,2,Scan,0.5056028366088867,0,0,0,0.0,0,0,0.0,0.0,32711,0,-1,6536,0.022823642939329147,0.02580396831035614,2.3743186801300853e-24,0.01599796675145626,32766,879,546,1712,32766,3.188269853591919
2026-04-07T10:24:54.359,radio://0/80/2M,flow,1,2,Scan,0.5056028366088867,0,0,0,0.0,0,0,0.0,0.0,32961,1,-1,6536,0.050801508128643036,0.018156053498387337,3.1841236066508897e-28,0.011234396137297153,32766,879,546,1712,32766,3.188269853591919
2026-04-07T10:24:54.360,radio://0/80/2M,range,1,2,Scan,0.5056028366088867,0,0,0,0.0,0,0,0.0,0.0,32961,1,-1,6536,0.050801508128643036,0.018156053498387337,3.1841236066508897e-28,0.011234396137297153,32766,948,590,1872,32766,3.198827028274536
2026-04-07T10:24:54.605,radio://0/80/2M,mission,1,2,Scan,0.5002802610397339,0,0,0,0.0,0,0,0.0,0.0,32961,1,-1,6536,0.050801508128643036,0.018156053498387337,3.1841236066508897e-28,0.011234396137297153,32766,948,590,1872,32766,3.198827028274536
2026-04-07T10:24:54.607,radio://0/80/2M,flow,1,2,Scan,0.5002802610397339,0,0,0,0.0,0,0,0.0,0.0,33211,0,2,6536,0.004867970943450928,0.013131177984178066,4.2701257580519966e-32,0.006268225144594908,32766,948,590,1872,32766,3.198827028274536
2026-04-07T10:24:54.609,radio://0/80/2M,range,1,2,Scan,0.5002802610397339,0,0,0,0.0,0,0,0.0,0.0,33211,0,2,6536,0.004867970943450928,0.013131177984178066,4.2701257580519966e-32,0.006268225144594908,32766,1108,644,2138,32766,3.1777126789093018
2026-04-07T10:24:54.854,radio://0/80/2M,mission,1,2,Scan,0.49781695008277893,0,0,0,0.0,0,0,0.0,0.0,33211,0,2,6536,0.004867970943450928,0.013131177984178066,4.2701257580519966e-32,0.006268225144594908,32766,1108,644,2138,32766,3.1777126789093018
2026-04-07T10:24:54.859,radio://0/80/2M,flow,1,2,Scan,0.49781695008277893,0,0,0,0.0,0,0,0.0,0.0,33461,-1,-1,6536,-0.007585819344967604,0.0057795229367911816,5.726529354203573e-36,0.0003092204569838941,32766,1108,644,2138,32766,3.1777126789093018
2026-04-07T10:24:54.860,radio://0/80/2M,range,1,2,Scan,0.49781695008277893,0,0,0,0.0,0,0,0.0,0.0,33461,-1,-1,6536,-0.007585819344967604,0.0057795229367911816,5.726529354203573e-36,0.0003092204569838941,32766,1288,730,32766,32766,3.1777126789093018
2026-04-07T10:24:55.104,radio://0/80/2M,mission,1,2,Scan,0.49801909923553467,0,0,0,0.0,0,0,0.0,0.0,33461,-1,-1,6536,-0.007585819344967604,0.0057795229367911816,5.726529354203573e-36,0.0003092204569838941,32766,1288,730,32766,32766,3.1777126789093018
2026-04-07T10:24:55.108,radio://0/80/2M,flow,1,2,Scan,0.49801909923553467,0,0,0,0.0,0,0,0.0,0.0,33711,0,0,6536,-0.0008610222721472383,0.007616700138896704,0.0182578694075346,4.146857435216589e-08,32766,1288,730,32766,32766,3.1777126789093018
2026-04-07T10:24:55.109,radio://0/80/2M,range,1,2,Scan,0.49801909923553467,0,0,0,0.0,0,0,0.0,0.0,33711,0,0,6536,-0.0008610222721472383,0.007616700138896704,0.0182578694075346,4.146857435216589e-08,32766,1774,1075,515,32766,3.1829912662506104
2026-04-07T10:24:55.354,radio://0/80/2M,mission,1,2,Scan,0.5002201795578003,0,0,0,0.0,0,0,0.0,0.0,33711,0,0,6536,-0.0008610222721472383,0.007616700138896704,0.0182578694075346,4.146857435216589e-08,32766,1774,1075,515,32766,3.1829912662506104
2026-04-07T10:24:55.357,radio://0/80/2M,flow,1,2,Scan,0.5002201795578003,0,0,0,0.0,0,0,0.0,0.0,33961,-5,-4,6536,-0.0018572395201772451,0.013747356832027435,0.017696956172585487,5.561218586330741e-12,32766,1774,1075,515,32766,3.1829912662506104
2026-04-07T10:24:55.359,radio://0/80/2M,range,1,2,Scan,0.5002201795578003,0,0,0,0.0,0,0,0.0,0.0,33961,-5,-4,6536,-0.0018572395201772451,0.013747356832027435,0.017696956172585487,5.561218586330741e-12,32766,1957,32766,523,32766,3.172434091567993
2026-04-07T10:24:55.604,radio://0/80/2M,mission,1,2,Scan,0.5068705081939697,0,0,0,0.0,0,0,0.0,0.0,33961,-5,-4,6536,-0.0018572395201772451,0.013747356832027435,0.017696956172585487,5.561218586330741e-12,32766,1957,32766,523,32766,3.172434091567993
2026-04-07T10:24:55.607,radio://0/80/2M,flow,1,2,Scan,0.5068705081939697,0,0,0,0.0,0,0,0.0,0.0,34211,0,0,6944,0.0036212343256920576,0.0035690967924892902,0.014644431881606579,7.457973693434793e-16,32766,1957,32766,523,32766,3.172434091567993
2026-04-07T10:24:55.608,radio://0/80/2M,range,1,2,Scan,0.5068705081939697,0,0,0,0.0,0,0,0.0,0.0,34211,0,0,6944,0.0036212343256920576,0.0035690967924892902,0.014644431881606579,7.457973693434793e-16,2929,1954,32766,557,32766,3.1829912662506104
2026-04-07T10:24:55.854,radio://0/80/2M,mission,1,2,Scan,0.5103967189788818,0,0,0,0.0,0,0,0.0,0.0,34211,0,0,6944,0.0036212343256920576,0.0035690967924892902,0.014644431881606579,7.457973693434793e-16,2929,1954,32766,557,32766,3.1829912662506104
2026-04-07T10:24:55.857,radio://0/80/2M,flow,1,2,Scan,0.5103967189788818,0,0,0,0.0,0,0,0.0,0.0,34461,2,-1,4717,0.07080231606960297,-0.05977136641740799,0.009423386305570602,1.0001652751410624e-19,2929,1954,32766,557,32766,3.1829912662506104
2026-04-07T10:24:55.858,radio://0/80/2M,range,1,2,Scan,0.5103967189788818,0,0,0,0.0,0,0,0.0,0.0,34461,2,-1,4717,0.07080231606960297,-0.05977136641740799,0.009423386305570602,1.0001652751410624e-19,2840,1972,32766,607,2428,3.1829912662506104
2026-04-07T10:24:56.104,radio://0/80/2M,mission,1,2,Scan,0.4751104712486267,0,0,0,0.0,0,0,0.0,0.0,34461,2,-1,4717,0.07080231606960297,-0.05977136641740799,0.009423386305570602,1.0001652751410624e-19,2840,1972,32766,607,2428,3.1829912662506104
2026-04-07T10:24:56.107,radio://0/80/2M,flow,1,2,Scan,0.4751104712486267,0,0,0,0.0,0,0,0.0,0.0,34711,1,-4,4717,0.14629046618938446,-0.04830888658761978,0.0008139268029481173,1.3412897841833375e-23,2840,1972,32766,607,2428,3.1829912662506104
2026-04-07T10:24:56.108,radio://0/80/2M,range,1,2,Scan,0.4751104712486267,0,0,0,0.0,0,0,0.0,0.0,34711,1,-4,4717,0.14629046618938446,-0.04830888658761978,0.0008139268029481173,1.3412897841833375e-23,2767,2025,32766,703,32766,3.1038124561309814
2026-04-07T10:24:56.353,radio://0/80/2M,mission,1,2,Scan,0.5150283575057983,0,0,0,0.0,0,0,0.0,0.0,34711,1,-4,4717,0.14629046618938446,-0.04830888658761978,0.0008139268029481173,1.3412897841833375e-23,2767,2025,32766,703,32766,3.1038124561309814
2026-04-07T10:24:56.357,radio://0/80/2M,flow,1,2,Scan,0.5150283575057983,0,0,0,0.0,0,0,0.0,0.0,34961,0,0,4894,0.007173324003815651,0.0454634390771389,1.0915312742554306e-07,1.798760982752341e-27,2767,2025,32766,703,32766,3.1038124561309814
2026-04-07T10:24:56.359,radio://0/80/2M,range,1,2,Scan,0.5150283575057983,0,0,0,0.0,0,0,0.0,0.0,34961,0,0,4894,0.007173324003815651,0.0454634390771389,1.0915312742554306e-07,1.798760982752341e-27,2670,2081,32766,765,32766,3.225219964981079
2026-04-07T10:24:56.603,radio://0/80/2M,mission,1,2,Scan,0.5037041902542114,0,0,0,0.0,0,0,0.0,0.0,34961,0,0,4894,0.007173324003815651,0.0454634390771389,1.0915312742554306e-07,1.798760982752341e-27,2670,2081,32766,765,32766,3.225219964981079
2026-04-07T10:24:56.606,radio://0/80/2M,flow,1,2,Scan,0.5037041902542114,0,0,0,0.0,0,0,0.0,0.0,35211,0,0,5822,-0.00571335107088089,0.017020801082253456,1.4638181292103702e-11,2.4122608744834464e-31,2670,2081,32766,765,32766,3.225219964981079
2026-04-07T10:24:56.607,radio://0/80/2M,range,1,2,Scan,0.5037041902542114,0,0,0,0.0,0,0,0.0,0.0,35211,0,0,5822,-0.00571335107088089,0.017020801082253456,1.4638181292103702e-11,2.4122608744834464e-31,32766,2179,32766,944,2417,3.135483980178833
2026-04-07T10:24:56.853,radio://0/80/2M,mission,1,2,Scan,0.48917990922927856,0,0,0,0.0,0,0,0.0,0.0,35211,0,0,5822,-0.00571335107088089,0.017020801082253456,1.4638181292103702e-11,2.4122608744834464e-31,32766,2179,32766,944,2417,3.135483980178833
2026-04-07T10:24:56.856,radio://0/80/2M,flow,1,2,Scan,0.48917990922927856,0,0,0,0.0,0,0,0.0,0.0,35461,1,-4,5822,-0.00441009970381856,-0.010493584908545017,1.963079746908304e-15,3.2350066581969397e-35,32766,2179,32766,944,2417,3.135483980178833
2026-04-07T10:24:56.857,radio://0/80/2M,range,1,2,Scan,0.48917990922927856,0,0,0,0.0,0,0,0.0,0.0,35461,1,-4,5822,-0.00441009970381856,-0.010493584908545017,1.963079746908304e-15,3.2350066581969397e-35,32766,2281,32766,1035,2444,3.1196482181549072
2026-04-07T10:24:57.103,radio://0/80/2M,mission,1,2,Scan,0.49549445509910583,0,0,0,0.0,0,0,0.0,0.0,35461,1,-4,5822,-0.00441009970381856,-0.010493584908545017,1.963079746908304e-15,3.2350066581969397e-35,32766,2281,32766,1035,2444,3.1196482181549072
2026-04-07T10:24:57.106,radio://0/80/2M,flow,1,2,Scan,0.49549445509910583,0,0,0,0.0,0,0,0.0,0.0,35711,-1,-1,5822,-0.018757378682494164,-0.009114581160247326,2.6326240500964207e-19,4.3383639936110607e-39,32766,2281,32766,1035,2444,3.1196482181549072
2026-04-07T10:24:57.107,radio://0/80/2M,range,1,2,Scan,0.49549445509910583,0,0,0,0.0,0,0,0.0,0.0,35711,-1,-1,5822,-0.018757378682494164,-0.009114581160247326,2.6326240500964207e-19,4.3383639936110607e-39,32766,32766,32766,1287,2440,3.1407625675201416
2026-04-07T10:24:57.352,radio://0/80/2M,mission,1,2,Scan,0.5035645365715027,0,0,0,0.0,0,0,0.0,0.0,35711,-1,-1,5822,-0.018757378682494164,-0.009114581160247326,2.6326240500964207e-19,4.3383639936110607e-39,32766,32766,32766,1287,2440,3.1407625675201416
2026-04-07T10:24:57.356,radio://0/80/2M,flow,1,2,Scan,0.5035645365715027,0,0,0,0.0,0,0,0.0,0.0,35961,4,1,5459,0.03282810375094414,0.05657742917537689,3.530528048654913e-23,5.815388626947991e-43,32766,32766,32766,1287,2440,3.1407625675201416
2026-04-07T10:24:57.357,radio://0/80/2M,range,1,2,Scan,0.5035645365715027,0,0,0,0.0,0,0,0.0,0.0,35961,4,1,5459,0.03282810375094414,0.05657742917537689,3.530528048654913e-23,5.815388626947991e-43,32766,32766,32766,32766,2421,3.151319742202759
2026-04-07T10:24:57.603,radio://0/80/2M,mission,1,2,Scan,0.5064324140548706,0,0,0,0.0,0,0,0.0,0.0,35961,4,1,5459,0.03282810375094414,0.05657742917537689,3.530528048654913e-23,5.815388626947991e-43,32766,32766,32766,32766,2421,3.151319742202759
2026-04-07T10:24:57.606,radio://0/80/2M,flow,1,2,Scan,0.5064324140548706,0,0,0,0.0,0,0,0.0,0.0,36211,4,-5,5459,0.11910928785800934,0.1216871589422226,-0.015540000982582569,0.0,32766,32766,32766,32766,2421,3.151319742202759
2026-04-07T10:24:57.607,radio://0/80/2M,range,1,2,Scan,0.5064324140548706,0,0,0,0.0,0,0,0.0,0.0,36211,4,-5,5459,0.11910928785800934,0.1216871589422226,-0.015540000982582569,0.0,182,32766,2558,32766,2419,3.1407625675201416
2026-04-07T10:24:57.852,radio://0/80/2M,mission,1,2,Scan,0.49799105525016785,0,0,0,0.0,0,0,0.0,0.0,36211,4,-5,5459,0.11910928785800934,0.1216871589422226,-0.015540000982582569,0.0,182,32766,2558,32766,2419,3.1407625675201416
2026-04-07T10:24:57.855,radio://0/80/2M,flow,1,2,Scan,0.49799105525016785,0,0,0,0.0,0,0,0.0,0.0,36461,0,0,5459,0.08238684386014938,0.0803937315940857,-0.017969999462366104,0.0,182,32766,2558,32766,2419,3.1407625675201416
2026-04-07T10:24:57.857,radio://0/80/2M,range,1,2,Scan,0.49799105525016785,0,0,0,0.0,0,0,0.0,0.0,36461,0,0,5459,0.08238684386014938,0.0803937315940857,-0.017969999462366104,0.0,101,1320,2333,1024,2440,3.1196482181549072
2026-04-07T10:24:58.102,radio://0/80/2M,mission,1,2,Scan,0.44979795813560486,0,0,0,0.0,0,0,0.0,0.0,36461,0,0,5459,0.08238684386014938,0.0803937315940857,-0.017969999462366104,0.0,101,1320,2333,1024,2440,3.1196482181549072
2026-04-07T10:24:58.107,radio://0/80/2M,flow,1,2,Scan,0.44979795813560486,0,0,0,0.0,0,0,0.0,0.0,36711,0,1,5437,0.03915373235940933,-0.02802300453186035,-0.01941000111401081,0.0,101,1320,2333,1024,2440,3.1196482181549072
2026-04-07T10:24:58.108,radio://0/80/2M,range,1,2,Scan,0.44979795813560486,0,0,0,0.0,0,0,0.0,0.0,36711,0,1,5437,0.03915373235940933,-0.02802300453186035,-0.01941000111401081,0.0,53,32766,2243,32766,2492,2.9560117721557617
2026-04-07T10:24:58.351,radio://0/80/2M,mission,1,2,Scan,0.4936774671077728,0,0,0,0.0,0,0,0.0,0.0,36711,0,1,5437,0.03915373235940933,-0.02802300453186035,-0.01941000111401081,0.0,53,32766,2243,32766,2492,2.9560117721557617
2026-04-07T10:24:58.356,radio://0/80/2M,flow,1,2,Scan,0.4936774671077728,0,0,0,0.0,0,0,0.0,0.0,36961,-2,6,5437,0.009278410114347935,-0.007741683628410101,-0.019770000129938126,0.0,53,32766,2243,32766,2492,2.9560117721557617
2026-04-07T10:24:58.357,radio://0/80/2M,range,1,2,Scan,0.4936774671077728,0,0,0,0.0,0,0,0.0,0.0,36961,-2,6,5437,0.009278410114347935,-0.007741683628410101,-0.019770000129938126,0.0,41,1351,2133,1054,2438,3.198827028274536
2026-04-07T10:24:58.602,radio://0/80/2M,mission,1,2,Scan,0.515347957611084,0,0,0,0.0,0,0,0.0,0.0,36961,-2,6,5437,0.009278410114347935,-0.007741683628410101,-0.019770000129938126,0.0,41,1351,2133,1054,2438,3.198827028274536
2026-04-07T10:24:58.609,radio://0/80/2M,flow,1,2,Scan,0.515347957611084,0,0,0,0.0,0,0,0.0,0.0,37211,0,0,5437,0.030323417857289314,0.012450488284230232,-0.019290000200271606,0.0,41,1351,2133,1054,2438,3.198827028274536
2026-04-07T10:24:58.610,radio://0/80/2M,range,1,2,Scan,0.515347957611084,0,0,0,0.0,0,0,0.0,0.0,37211,0,0,5437,0.030323417857289314,0.012450488284230232,-0.019290000200271606,0.0,57,1359,32766,32766,2356,3.1829912662506104
2026-04-07T10:24:58.852,radio://0/80/2M,mission,1,2,Scan,0.4944559335708618,0,0,0,0.0,0,0,0.0,0.0,37211,0,0,5437,0.030323417857289314,0.012450488284230232,-0.019290000200271606,0.0,57,1359,32766,32766,2356,3.1829912662506104
2026-04-07T10:24:58.855,radio://0/80/2M,flow,1,2,Scan,0.4944559335708618,0,0,0,0.0,0,0,0.0,0.0,37461,8,0,5437,0.0019350899383425713,-0.01100180484354496,-0.01923000067472458,0.0,57,1359,32766,32766,2356,3.1829912662506104
2026-04-07T10:24:58.856,radio://0/80/2M,range,1,2,Scan,0.4944559335708618,0,0,0,0.0,0,0,0.0,0.0,37461,8,0,5437,0.0019350899383425713,-0.01100180484354496,-0.01923000067472458,0.0,59,1371,32766,32766,2404,3.0932552814483643
2026-04-07T10:24:59.102,radio://0/80/2M,mission,1,2,Scan,0.47992250323295593,0,0,0,0.0,0,0,0.0,0.0,37461,8,0,5437,0.0019350899383425713,-0.01100180484354496,-0.01923000067472458,0.0,59,1371,32766,32766,2404,3.0932552814483643
2026-04-07T10:24:59.105,radio://0/80/2M,flow,1,2,Scan,0.47992250323295593,0,0,0,0.0,0,0,0.0,0.0,37711,0,0,5437,-0.011395527981221676,-0.017900599166750908,-0.018959999084472656,0.017250001430511475,59,1371,32766,32766,2404,3.0932552814483643
2026-04-07T10:24:59.106,radio://0/80/2M,range,1,2,Scan,0.47992250323295593,0,0,0,0.0,0,0,0.0,0.0,37711,0,0,5437,-0.011395527981221676,-0.017900599166750908,-0.018959999084472656,0.017250001430511475,68,1410,125,946,2434,3.0879766941070557
2026-04-07T10:24:59.351,radio://0/80/2M,mission,1,2,Scan,0.4913460612297058,0,0,0,0.0,0,0,0.0,0.0,37711,0,0,5437,-0.011395527981221676,-0.017900599166750908,-0.018959999084472656,0.017250001430511475,68,1410,125,946,2434,3.0879766941070557
2026-04-07T10:24:59.354,radio://0/80/2M,flow,1,2,Scan,0.4913460612297058,0,0,0,0.0,0,0,0.0,0.0,37961,0,-1,5437,-0.07411246746778488,-0.11414086818695068,-0.018300000578165054,0.018389999866485596,68,1410,125,946,2434,3.0879766941070557
2026-04-07T10:24:59.355,radio://0/80/2M,range,1,2,Scan,0.4913460612297058,0,0,0,0.0,0,0,0.0,0.0,37961,0,-1,5437,-0.07411246746778488,-0.11414086818695068,-0.018300000578165054,0.018389999866485596,90,1574,87,1010,2437,3.1302053928375244
2026-04-07T10:24:59.600,radio://0/80/2M,mission,1,2,Scan,0.5026282072067261,0,0,0,0.0,0,0,0.0,0.0,37961,0,-1,5437,-0.07411246746778488,-0.11414086818695068,-0.018300000578165054,0.018389999866485596,90,1574,87,1010,2437,3.1302053928375244
2026-04-07T10:24:59.605,radio://0/80/2M,flow,1,2,Scan,0.5026282072067261,0,0,0,0.0,0,0,0.0,0.0,38211,3,3,5437,-0.003113454906269908,-0.03284972161054611,-0.017430000007152557,0.01923000067472458,90,1574,87,1010,2437,3.1302053928375244
2026-04-07T10:24:59.606,radio://0/80/2M,range,1,2,Scan,0.5026282072067261,0,0,0,0.0,0,0,0.0,0.0,38211,3,3,5437,-0.003113454906269908,-0.03284972161054611,-0.017430000007152557,0.01923000067472458,119,32766,59,32766,2409,3.1143696308135986
2026-04-07T10:24:59.850,radio://0/80/2M,mission,1,2,Scan,0.5000073909759521,0,0,0,0.0,0,0,0.0,0.0,38211,3,3,5437,-0.003113454906269908,-0.03284972161054611,-0.017430000007152557,0.01923000067472458,119,32766,59,32766,2409,3.1143696308135986
2026-04-07T10:24:59.854,radio://0/80/2M,flow,1,2,Scan,0.5000073909759521,0,0,0,0.0,0,0,0.0,0.0,38461,0,-8,5437,0.023879582062363625,-0.042793575674295425,-0.0006718874210491776,0.06359026581048965,119,32766,59,32766,2409,3.1143696308135986
2026-04-07T10:24:59.855,radio://0/80/2M,range,1,2,Scan,0.5000073909759521,0,0,0,0.0,0,0,0.0,0.0,38461,0,-8,5437,0.023879582062363625,-0.042793575674295425,-0.0006718874210491776,0.06359026581048965,32766,32766,45,2595,2411,3.098533868789673
2026-04-07T10:25:00.101,radio://0/80/2M,mission,1,2,Scan,0.49850714206695557,0,0,0,0.0,0,0,0.0,0.0,38461,0,-8,5437,0.023879582062363625,-0.042793575674295425,-0.0006718874210491776,0.06359026581048965,32766,32766,45,2595,2411,3.098533868789673
2026-04-07T10:25:00.104,radio://0/80/2M,flow,1,2,Scan,0.49850714206695557,0,0,0,0.0,0,0,0.0,0.0,38711,3,4,5437,-0.004302517976611853,-0.07114724069833755,-9.010468460246557e-08,0.06671623140573502,32766,32766,45,2595,2411,3.098533868789673
2026-04-07T10:25:00.105,radio://0/80/2M,range,1,2,Scan,0.49850714206695557,0,0,0,0.0,0,0,0.0,0.0,38711,3,4,5437,-0.004302517976611853,-0.07114724069833755,-9.010468460246557e-08,0.06671623140573502,32766,32766,26,2282,2426,3.0932552814483643
2026-04-07T10:25:00.350,radio://0/80/2M,mission,1,2,Scan,0.5003478527069092,0,0,0,0.0,0,0,0.0,0.0,38711,3,4,5437,-0.004302517976611853,-0.07114724069833755,-9.010468460246557e-08,0.06671623140573502,32766,32766,26,2282,2426,3.0932552814483643
2026-04-07T10:25:00.353,radio://0/80/2M,flow,1,2,Scan,0.5003478527069092,0,0,0,0.0,0,0,0.0,0.0,38961,3,0,5437,0.02597755566239357,-0.06126977503299713,-1.2083654389594134e-11,0.06848935037851334,32766,32766,26,2282,2426,3.0932552814483643
2026-04-07T10:25:00.354,radio://0/80/2M,range,1,2,Scan,0.5003478527069092,0,0,0,0.0,0,0,0.0,0.0,38961,3,0,5437,0.02597755566239357,-0.06126977503299713,-1.2083654389594134e-11,0.06848935037851334,1318,1068,15,2228,2421,3.1143696308135986
2026-04-07T10:25:00.602,radio://0/80/2M,mission,1,2,Scan,0.5064861178398132,0,0,0,0.0,0,0,0.0,0.0,38961,3,0,5437,0.02597755566239357,-0.06126977503299713,-1.2083654389594134e-11,0.06848935037851334,1318,1068,15,2228,2421,3.1143696308135986
2026-04-07T10:25:00.604,radio://0/80/2M,flow,1,2,Scan,0.5064861178398132,0,0,0,0.0,0,0,0.0,0.0,39211,1,0,5437,0.002729248721152544,-0.07597222179174423,-1.6205007654022095e-15,0.033666957169771194,1318,1068,15,2228,2421,3.1143696308135986
2026-04-07T10:25:00.606,radio://0/80/2M,range,1,2,Scan,0.5064861178398132,0,0,0,0.0,0,0,0.0,0.0,39211,1,0,5437,0.002729248721152544,-0.07597222179174423,-1.6205007654022095e-15,0.033666957169771194,1238,1058,32766,2216,2424,3.10909104347229
2026-04-07T10:25:00.850,radio://0/80/2M,mission,1,2,Scan,0.5096948742866516,0,0,0,0.0,0,0,0.0,0.0,39211,1,0,5437,0.002729248721152544,-0.07597222179174423,-1.6205007654022095e-15,0.033666957169771194,1238,1058,32766,2216,2424,3.10909104347229
2026-04-07T10:25:00.853,radio://0/80/2M,flow,1,2,Scan,0.5096948742866516,0,0,0,0.0,0,0,0.0,0.0,39461,0,0,5776,0.0035302117466926575,-0.033106885850429535,-2.1732019925238164e-19,0.000692755333147943,1238,1058,32766,2216,2424,3.10909104347229
2026-04-07T10:25:00.854,radio://0/80/2M,range,1,2,Scan,0.5096948742866516,0,0,0,0.0,0,0,0.0,0.0,39461,0,0,5776,0.0035302117466926575,-0.033106885850429535,-2.1732019925238164e-19,0.000692755333147943,1175,1077,1759,32766,2422,3.124926805496216
2026-04-07T10:25:01.099,radio://0/80/2M,mission,1,2,Scan,0.5145358443260193,0,0,0,0.0,0,0,0.0,0.0,39461,0,0,5776,0.0035302117466926575,-0.033106885850429535,-2.1732019925238164e-19,0.000692755333147943,1175,1077,1759,32766,2422,3.124926805496216
2026-04-07T10:25:01.102,radio://0/80/2M,flow,1,2,Scan,0.5145358443260193,0,0,0,0.0,0,0,0.0,0.0,39711,26,-6,5776,-0.06093709543347359,0.017048614099621773,0.05430096015334129,9.290321401067558e-08,1175,1077,1759,32766,2422,3.124926805496216
2026-04-07T10:25:01.103,radio://0/80/2M,range,1,2,Scan,0.5145358443260193,0,0,0,0.0,0,0,0.0,0.0,39711,26,-6,5776,-0.06093709543347359,0.017048614099621773,0.05430096015334129,9.290321401067558e-08,1115,1112,1758,167,2408,3.1196482181549072
2026-04-07T10:25:01.349,radio://0/80/2M,mission,1,2,Scan,0.511520266532898,0,0,0,0.0,0,0,0.0,0.0,39711,26,-6,5776,-0.06093709543347359,0.017048614099621773,0.05430096015334129,9.290321401067558e-08,1115,1112,1758,167,2408,3.1196482181549072
2026-04-07T10:25:01.353,radio://0/80/2M,flow,1,2,Scan,0.511520266532898,0,0,0,0.0,0,0,0.0,0.0,39961,-6,13,5776,-0.1680968701839447,0.21705900132656097,0.04240700230002403,1.2458954007366074e-11,1115,1112,1758,167,2408,3.1196482181549072
2026-04-07T10:25:01.355,radio://0/80/2M,range,1,2,Scan,0.511520266532898,0,0,0,0.0,0,0,0.0,0.0,39961,-6,13,5776,-0.1680968701839447,0.21705900132656097,0.04240700230002403,1.2458954007366074e-11,1061,1195,1811,279,2415,3.1038124561309814
2026-04-07T10:25:01.599,radio://0/80/2M,mission,1,2,Scan,0.5080179572105408,0,0,0,0.0,0,0,0.0,0.0,39961,-6,13,5776,-0.1680968701839447,0.21705900132656097,0.04240700230002403,1.2458954007366074e-11,1061,1195,1811,279,2415,3.1038124561309814
2026-04-07T10:25:01.602,radio://0/80/2M,flow,1,2,Scan,0.5080179572105408,0,0,0,0.0,0,0,0.0,0.0,40211,-8,5,6137,-0.021909112110733986,0.004902774002403021,0.018588853999972343,1.6708306160951127e-15,1061,1195,1811,279,2415,3.1038124561309814
2026-04-07T10:25:01.603,radio://0/80/2M,range,1,2,Scan,0.5080179572105408,0,0,0,0.0,0,0,0.0,0.0,40211,-8,5,6137,-0.021909112110733986,0.004902774002403021,0.018588853999972343,1.6708306160951127e-15,986,32766,1950,537,2441,3.1038124561309814
2026-04-07T10:25:01.849,radio://0/80/2M,mission,1,2,Scan,0.5001355409622192,0,0,0,0.0,0,0,0.0,0.0,40211,-8,5,6137,-0.021909112110733986,0.004902774002403021,0.018588853999972343,1.6708306160951127e-15,986,32766,1950,537,2441,3.1038124561309814
2026-04-07T10:25:01.853,radio://0/80/2M,flow,1,2,Scan,0.5001355409622192,0,0,0,0.0,0,0,0.0,0.0,40461,-9,-2,6137,-0.028594641014933586,0.03714548051357269,0.0002894618082791567,2.240697862556612e-19,986,32766,1950,537,2441,3.1038124561309814
2026-04-07T10:25:01.854,radio://0/80/2M,range,1,2,Scan,0.5001355409622192,0,0,0,0.0,0,0,0.0,0.0,40461,-9,-2,6137,-0.028594641014933586,0.03714548051357269,0.0002894618082791567,2.240697862556612e-19,991,32766,2160,704,32766,3.0932552814483643
2026-04-07T10:25:02.098,radio://0/80/2M,mission,1,2,Scan,0.5011031627655029,0,0,0,0.0,0,0,0.0,0.0,40461,-9,-2,6137,-0.028594641014933586,0.03714548051357269,0.0002894618082791567,2.240697862556612e-19,991,32766,2160,704,32766,3.0932552814483643
2026-04-07T10:25:02.102,radio://0/80/2M,flow,1,2,Scan,0.5011031627655029,0,0,0,0.0,0,0,0.0,0.0,40711,-1,-3,6137,0.04933746159076691,-0.03400960937142372,3.881879706568725e-08,3.004928013534792e-23,991,32766,2160,704,32766,3.0932552814483643
2026-04-07T10:25:02.103,radio://0/80/2M,range,1,2,Scan,0.5011031627655029,0,0,0,0.0,0,0,0.0,0.0,40711,-1,-3,6137,0.04933746159076691,-0.03400960937142372,3.881879706568725e-08,3.004928013534792e-23,32766,32766,32766,957,32766,3.098533868789673
2026-04-07T10:25:02.348,radio://0/80/2M,mission,1,2,Scan,0.5087814331054688,0,0,0,0.0,0,0,0.0,0.0,40711,-1,-3,6137,0.04933746159076691,-0.03400960937142372,3.881879706568725e-08,3.004928013534792e-23,32766,32766,32766,957,32766,3.098533868789673
2026-04-07T10:25:02.353,radio://0/80/2M,flow,1,2,Scan,0.5087814331054688,0,0,0,0.0,0,0,0.0,0.0,40961,0,-10,6520,-0.0631621778011322,-0.15316808223724365,5.205864385404713e-12,0.0045882295817136765,32766,32766,32766,957,32766,3.098533868789673
2026-04-07T10:25:02.354,radio://0/80/2M,range,1,2,Scan,0.5087814331054688,0,0,0,0.0,0,0,0.0,0.0,40961,0,-10,6520,-0.0631621778011322,-0.15316808223724365,5.205864385404713e-12,0.0045882295817136765,32766,32766,650,1265,32766,3.1196482181549072
2026-04-07T10:25:02.597,radio://0/80/2M,mission,1,2,Scan,0.5128375887870789,0,0,0,0.0,0,0,0.0,0.0,40961,0,-10,6520,-0.0631621778011322,-0.15316808223724365,5.205864385404713e-12,0.0045882295817136765,32766,32766,650,1265,32766,3.1196482181549072
2026-04-07T10:25:02.603,radio://0/80/2M,flow,1,2,Scan,0.5128375887870789,0,0,0,0.0,0,0,0.0,0.0,41211,0,1,6927,-0.11510501056909561,-0.13524393737316132,6.981417075441762e-16,0.01846628449857235,32766,32766,650,1265,32766,3.1196482181549072
2026-04-07T10:25:02.604,radio://0/80/2M,range,1,2,Scan,0.5128375887870789,0,0,0,0.0,0,0,0.0,0.0,41211,0,1,6927,-0.11510501056909561,-0.13524393737316132,6.981417075441762e-16,0.01846628449857235,32766,32766,490,2154,2418,3.1038124561309814
2026-04-07T10:25:02.848,radio://0/80/2M,mission,1,2,Scan,0.5099632740020752,0,0,0,0.0,0,0,0.0,0.0,41211,0,1,6927,-0.11510501056909561,-0.13524393737316132,6.981417075441762e-16,0.01846628449857235,32766,32766,490,2154,2418,3.1038124561309814
2026-04-07T10:25:02.851,radio://0/80/2M,flow,1,2,Scan,0.5099632740020752,0,0,0,0.0,0,0,0.0,0.0,41461,1,0,6927,-0.015003632754087448,-0.006218784023076296,9.362556208045963e-20,0.02834189496934414,32766,32766,490,2154,2418,3.1038124561309814
2026-04-07T10:25:02.852,radio://0/80/2M,range,1,2,Scan,0.5099632740020752,0,0,0,0.0,0,0,0.0,0.0,41461,1,0,6927,-0.015003632754087448,-0.006218784023076296,9.362556208045963e-20,0.02834189496934414,32766,32766,414,2236,32766,3.0932552814483643
2026-04-07T10:25:03.097,radio://0/80/2M,mission,1,5,Transition,0.5034009218215942,0,0,0,0.0,0,0,0.0,0.0,41461,1,0,6927,-0.015003632754087448,-0.006218784023076296,9.362556208045963e-20,0.02834189496934414,32766,32766,414,2236,32766,3.0932552814483643
2026-04-07T10:25:03.102,radio://0/80/2M,flow,1,5,Transition,0.5034009218215942,0,0,0,0.0,0,0,0.0,0.0,41711,-2,2,6927,0.04077676311135292,0.010311426594853401,1.2555827289581523e-23,0.05569147691130638,32766,32766,414,2236,32766,3.0932552814483643
2026-04-07T10:25:03.103,radio://0/80/2M,range,1,5,Transition,0.5034009218215942,0,0,0,0.0,0,0,0.0,0.0,41711,-2,2,6927,0.04077676311135292,0.010311426594853401,1.2555827289581523e-23,0.05569147691130638,32766,3112,330,2234,2448,3.0774195194244385
2026-04-07T10:25:03.348,radio://0/80/2M,mission,1,5,Transition,0.5024963617324829,0,0,0,0.0,0,0,0.0,0.0,41711,-2,2,6927,0.04077676311135292,0.010311426594853401,1.2555827289581523e-23,0.05569147691130638,32766,3112,330,2234,2448,3.0774195194244385
2026-04-07T10:25:03.351,radio://0/80/2M,flow,1,5,Transition,0.5024963617324829,0,0,0,0.0,0,0,0.0,0.0,41961,-1,-4,6927,0.0556032732129097,0.0015098236035555601,1.6838218688572998e-27,0.08678664267063141,32766,3112,330,2234,2448,3.0774195194244385
2026-04-07T10:25:03.352,radio://0/80/2M,range,1,5,Transition,0.5024963617324829,0,0,0,0.0,0,0,0.0,0.0,41961,-1,-4,6927,0.0556032732129097,0.0015098236035555601,1.6838218688572998e-27,0.08678664267063141,32766,3125,323,2271,2434,3.0932552814483643
2026-04-07T10:25:03.597,radio://0/80/2M,mission,1,0,Reacquire Wall,0.5001313090324402,0,0,0,0.0,0,0,0.0,0.0,41961,-1,-4,6927,0.0556032732129097,0.0015098236035555601,1.6838218688572998e-27,0.08678664267063141,32766,3125,323,2271,2434,3.0932552814483643
2026-04-07T10:25:03.601,radio://0/80/2M,flow,1,0,Reacquire Wall,0.5001313090324402,0,0,0,0.0,0,0,0.0,0.0,42211,4,-3,6927,0.030717117711901665,0.012067743577063084,-0.020914163440465927,0.02851273864507675,32766,3125,323,2271,2434,3.0932552814483643
2026-04-07T10:25:03.602,radio://0/80/2M,range,1,0,Reacquire Wall,0.5001313090324402,0,0,0,0.0,0,0,0.0,0.0,42211,4,-3,6927,0.030717117711901665,0.012067743577063084,-0.020914163440465927,0.02851273864507675,411,3132,306,2365,2441,3.07214093208313
2026-04-07T10:25:03.848,radio://0/80/2M,mission,1,0,Reacquire Wall,0.5003870725631714,0,0,0,0.0,0,0,0.0,0.0,42211,4,-3,6927,0.030717117711901665,0.012067743577063084,-0.020914163440465927,0.02851273864507675,411,3132,306,2365,2441,3.07214093208313
2026-04-07T10:25:03.851,radio://0/80/2M,flow,1,0,Reacquire Wall,0.5003870725631714,0,0,0,0.0,0,0,0.0,0.0,42461,1,4,6927,0.026073530316352844,0.019758833572268486,-0.026081634685397148,0.029387755319476128,411,3132,306,2365,2441,3.07214093208313
2026-04-07T10:25:03.852,radio://0/80/2M,range,1,0,Reacquire Wall,0.5003870725631714,0,0,0,0.0,0,0,0.0,0.0,42461,1,4,6927,0.026073530316352844,0.019758833572268486,-0.026081634685397148,0.029387755319476128,345,3138,300,2437,2414,3.0932552814483643
2026-04-07T10:25:04.098,radio://0/80/2M,mission,1,0,Reacquire Wall,0.5068643689155579,0,0,0,0.0,0,0,0.0,0.0,42461,1,4,6927,0.026073530316352844,0.019758833572268486,-0.026081634685397148,0.029387755319476128,345,3138,300,2437,2414,3.0932552814483643
2026-04-07T10:25:04.100,radio://0/80/2M,flow,1,0,Reacquire Wall,0.5068643689155579,0,0,0,0.0,0,0,0.0,0.0,42711,3,4,6927,0.04174532741308212,0.010483570396900177,-0.03620865195989609,0.03139714524149895,345,3138,300,2437,2414,3.0932552814483643
2026-04-07T10:25:04.101,radio://0/80/2M,range,1,0,Reacquire Wall,0.5068643689155579,0,0,0,0.0,0,0,0.0,0.0,42711,3,4,6927,0.04174532741308212,0.010483570396900177,-0.03620865195989609,0.03139714524149895,256,32766,315,2564,2429,3.098533868789673
2026-04-07T10:25:04.348,radio://0/80/2M,mission,1,0,Reacquire Wall,0.5060896277427673,0,0,0,0.0,0,0,0.0,0.0,42711,3,4,6927,0.04174532741308212,0.010483570396900177,-0.03620865195989609,0.03139714524149895,256,32766,315,2564,2429,3.098533868789673
2026-04-07T10:25:04.352,radio://0/80/2M,flow,1,0,Reacquire Wall,0.5060896277427673,0,0,0,0.0,0,0,0.0,0.0,42961,0,-12,6927,0.040039874613285065,-0.001740174018777907,-0.047027021646499634,0.034201472997665405,256,32766,315,2564,2429,3.098533868789673
2026-04-07T10:25:04.353,radio://0/80/2M,range,1,0,Reacquire Wall,0.5060896277427673,0,0,0,0.0,0,0,0.0,0.0,42961,0,-12,6927,0.040039874613285065,-0.001740174018777907,-0.047027021646499634,0.034201472997665405,194,32766,332,2721,2419,3.0879766941070557
2026-04-07T10:25:04.596,radio://0/80/2M,mission,1,0,Reacquire Wall,0.48125404119491577,0,0,0,0.0,0,0,0.0,0.0,42961,0,-12,6927,0.040039874613285065,-0.001740174018777907,-0.047027021646499634,0.034201472997665405,194,32766,332,2721,2419,3.0879766941070557
2026-04-07T10:25:04.601,radio://0/80/2M,flow,1,0,Reacquire Wall,0.48125404119491577,0,0,0,0.0,0,0,0.0,0.0,43211,5,-1,6090,0.009048432111740112,-0.05513060837984085,-0.0708320215344429,0.043115146458148956,194,32766,332,2721,2419,3.0879766941070557
2026-04-07T10:25:04.602,radio://0/80/2M,range,1,0,Reacquire Wall,0.48125404119491577,0,0,0,0.0,0,0,0.0,0.0,43211,5,-1,6090,0.009048432111740112,-0.05513060837984085,-0.0708320215344429,0.043115146458148956,79,124,322,2757,2419,3.029911994934082
2026-04-07T10:25:04.847,radio://0/80/2M,mission,1,0,Reacquire Wall,0.4834848940372467,0,0,0,0.0,0,0,0.0,0.0,43211,5,-1,6090,0.009048432111740112,-0.05513060837984085,-0.0708320215344429,0.043115146458148956,79,124,322,2757,2419,3.029911994934082
2026-04-07T10:25:04.850,radio://0/80/2M,flow,1,0,Reacquire Wall,0.4834848940372467,0,0,0,0.0,0,0,0.0,0.0,43461,-2,6,5666,0.16585277020931244,0.0020264368504285812,-0.0788005143404007,0.0478818416595459,79,124,322,2757,2419,3.029911994934082
2026-04-07T10:25:04.851,radio://0/80/2M,range,1,0,Reacquire Wall,0.4834848940372467,0,0,0,0.0,0,0,0.0,0.0,43461,-2,6,5666,0.16585277020931244,0.0020264368504285812,-0.0788005143404007,0.0478818416595459,45,200,302,2722,32766,3.1038124561309814
2026-04-07T10:25:05.097,radio://0/80/2M,mission,1,0,Reacquire Wall,0.4863910377025604,0,0,0,0.0,0,0,0.0,0.0,43461,-2,6,5666,0.16585277020931244,0.0020264368504285812,-0.0788005143404007,0.0478818416595459,45,200,302,2722,32766,3.1038124561309814
2026-04-07T10:25:05.100,radio://0/80/2M,flow,1,0,Reacquire Wall,0.4863910377025604,0,0,0,0.0,0,0,0.0,0.0,43711,0,0,5666,0.06981302052736282,0.0559704527258873,-0.07546794414520264,0.04332636669278145,45,200,302,2722,32766,3.1038124561309814
2026-04-07T10:25:05.101,radio://0/80/2M,range,1,0,Reacquire Wall,0.4863910377025604,0,0,0,0.0,0,0,0.0,0.0,43711,0,0,5666,0.06981302052736282,0.0559704527258873,-0.07546794414520264,0.04332636669278145,59,139,332,2791,2397,3.1196482181549072
2026-04-07T10:25:05.346,radio://0/80/2M,mission,1,0,Reacquire Wall,0.5007577538490295,0,0,0,0.0,0,0,0.0,0.0,43711,0,0,5666,0.06981302052736282,0.0559704527258873,-0.07546794414520264,0.04332636669278145,59,139,332,2791,2397,3.1196482181549072
2026-04-07T10:25:05.350,radio://0/80/2M,flow,1,0,Reacquire Wall,0.5007577538490295,0,0,0,0.0,0,0,0.0,0.0,43961,2,-2,6020,-0.05434572696685791,0.06607377529144287,-0.07151805609464645,0.04160424694418907,59,139,332,2791,2397,3.1196482181549072
2026-04-07T10:25:05.352,radio://0/80/2M,range,1,0,Reacquire Wall,0.5007577538490295,0,0,0,0.0,0,0,0.0,0.0,43961,2,-2,6020,-0.05434572696685791,0.06607377529144287,-0.07151805609464645,0.04160424694418907,76,117,337,2805,2400,3.1565983295440674
2026-04-07T10:25:05.596,radio://0/80/2M,mission,1,0,Reacquire Wall,0.5006865859031677,0,0,0,0.0,0,0,0.0,0.0,43961,2,-2,6020,-0.05434572696685791,0.06607377529144287,-0.07151805609464645,0.04160424694418907,76,117,337,2805,2400,3.1565983295440674
2026-04-07T10:25:05.600,radio://0/80/2M,flow,1,0,Reacquire Wall,0.5006865859031677,0,0,0,0.0,0,0,0.0,0.0,44211,-2,0,6020,0.015686308965086937,0.04009901359677315,-0.07359594851732254,0.0427856370806694,76,117,337,2805,2400,3.1565983295440674
2026-04-07T10:25:05.601,radio://0/80/2M,range,1,0,Reacquire Wall,0.5006865859031677,0,0,0,0.0,0,0,0.0,0.0,44211,-2,0,6020,0.015686308965086937,0.04009901359677315,-0.07359594851732254,0.0427856370806694,67,98,332,32766,2391,3.10909104347229
2026-04-07T10:25:05.845,radio://0/80/2M,mission,1,0,Reacquire Wall,0.48527511954307556,0,0,0,0.0,0,0,0.0,0.0,44211,-2,0,6020,0.015686308965086937,0.04009901359677315,-0.07359594851732254,0.0427856370806694,67,98,332,32766,2391,3.10909104347229
2026-04-07T10:25:05.849,radio://0/80/2M,flow,1,0,Reacquire Wall,0.48527511954307556,0,0,0,0.0,0,0,0.0,0.0,44461,1,1,6020,0.10666966438293457,0.04377317801117897,-0.07197722792625427,0.040702782571315765,67,98,332,32766,2391,3.10909104347229
2026-04-07T10:25:05.850,radio://0/80/2M,range,1,0,Reacquire Wall,0.48527511954307556,0,0,0,0.0,0,0,0.0,0.0,44461,1,1,6020,0.10666966438293457,0.04377317801117897,-0.07197722792625427,0.040702782571315765,74,99,346,32766,2412,3.07214093208313
2026-04-07T10:25:06.095,radio://0/80/2M,mission,1,0,Reacquire Wall,0.4925362169742584,0,0,0,0.0,0,0,0.0,0.0,44461,1,1,6020,0.10666966438293457,0.04377317801117897,-0.07197722792625427,0.040702782571315765,74,99,346,32766,2412,3.07214093208313
2026-04-07T10:25:06.099,radio://0/80/2M,flow,1,0,Reacquire Wall,0.4925362169742584,0,0,0,0.0,0,0,0.0,0.0,44711,0,4,6020,0.003733782097697258,0.08638303726911545,-0.06901879608631134,0.03377755358815193,74,99,346,32766,2412,3.07214093208313
2026-04-07T10:25:06.100,radio://0/80/2M,range,1,0,Reacquire Wall,0.4925362169742584,0,0,0,0.0,0,0,0.0,0.0,44711,0,4,6020,0.003733782097697258,0.08638303726911545,-0.06901879608631134,0.03377755358815193,87,86,400,1889,2416,3.098533868789673
2026-04-07T10:25:06.345,radio://0/80/2M,mission,1,0,Reacquire Wall,0.5090435147285461,0,0,0,0.0,0,0,0.0,0.0,44711,0,4,6020,0.003733782097697258,0.08638303726911545,-0.06901879608631134,0.03377755358815193,87,86,400,1889,2416,3.098533868789673
2026-04-07T10:25:06.350,radio://0/80/2M,flow,1,0,Reacquire Wall,0.5090435147285461,0,0,0,0.0,0,0,0.0,0.0,44961,0,-1,6020,0.07429397851228714,0.07555794715881348,-0.0659022256731987,0.0216740183532238,87,86,400,1889,2416,3.098533868789673
2026-04-07T10:25:06.351,radio://0/80/2M,range,1,0,Reacquire Wall,0.5090435147285461,0,0,0,0.0,0,0,0.0,0.0,44961,0,-1,6020,0.07429397851228714,0.07555794715881348,-0.0659022256731987,0.0216740183532238,101,74,503,32766,2383,3.0879766941070557
2026-04-07T10:25:06.594,radio://0/80/2M,mission,1,0,Reacquire Wall,0.5062158703804016,0,0,0,0.0,0,0,0.0,0.0,44961,0,-1,6020,0.07429397851228714,0.07555794715881348,-0.0659022256731987,0.0216740183532238,101,74,503,32766,2383,3.0879766941070557
2026-04-07T10:25:06.599,radio://0/80/2M,flow,1,0,Reacquire Wall,0.5062158703804016,0,0,0,0.0,0,0,0.0,0.0,45211,-2,-2,6396,0.08233664929866791,-0.011415696702897549,-0.058633167296648026,0.005500100087374449,101,74,503,32766,2383,3.0879766941070557
2026-04-07T10:25:06.600,radio://0/80/2M,range,1,0,Reacquire Wall,0.5062158703804016,0,0,0,0.0,0,0,0.0,0.0,45211,-2,-2,6396,0.08233664929866791,-0.011415696702897549,-0.058633167296648026,0.005500100087374449,135,60,647,32766,2256,3.045747756958008
2026-04-07T10:25:06.845,radio://0/80/2M,mission,1,0,Reacquire Wall,0.4898664355278015,0,0,0,0.0,0,0,0.0,0.0,45211,-2,-2,6396,0.08233664929866791,-0.011415696702897549,-0.058633167296648026,0.005500100087374449,135,60,647,32766,2256,3.045747756958008
2026-04-07T10:25:06.848,radio://0/80/2M,flow,1,0,Reacquire Wall,0.4898664355278015,0,0,0,0.0,0,0,0.0,0.0,45461,-1,0,6396,0.09774564206600189,-0.039739903062582016,-0.05004807934165001,0.0,135,60,647,32766,2256,3.045747756958008
2026-04-07T10:25:06.849,radio://0/80/2M,range,1,0,Reacquire Wall,0.4898664355278015,0,0,0,0.0,0,0,0.0,0.0,45461,-1,0,6396,0.09774564206600189,-0.039739903062582016,-0.05004807934165001,0.0,178,52,809,32766,2380,3.0351905822753906
2026-04-07T10:25:07.095,radio://0/80/2M,mission,1,0,Reacquire Wall,0.4886597990989685,0,0,0,0.0,0,0,0.0,0.0,45461,-1,0,6396,0.09774564206600189,-0.039739903062582016,-0.05004807934165001,0.0,178,52,809,32766,2380,3.0351905822753906
2026-04-07T10:25:07.099,radio://0/80/2M,flow,1,0,Reacquire Wall,0.4886597990989685,0,0,0,0.0,0,0,0.0,0.0,45711,-1,7,6396,0.18640582263469696,0.038934629410505295,-0.014918878674507141,0.0,178,52,809,32766,2380,3.0351905822753906
2026-04-07T10:25:07.100,radio://0/80/2M,range,1,0,Reacquire Wall,0.4886597990989685,0,0,0,0.0,0,0,0.0,0.0,45711,-1,7,6396,0.18640582263469696,0.038934629410505295,-0.014918878674507141,0.0,415,52,1087,3209,2412,3.045747756958008
2026-04-07T10:25:07.345,radio://0/80/2M,mission,1,0,Reacquire Wall,0.5016949772834778,0,0,0,0.0,0,0,0.0,0.0,45711,-1,7,6396,0.18640582263469696,0.038934629410505295,-0.014918878674507141,0.0,415,52,1087,3209,2412,3.045747756958008
2026-04-07T10:25:07.348,radio://0/80/2M,flow,1,0,Reacquire Wall,0.5016949772834778,0,0,0,0.0,0,0,0.0,0.0,45961,0,1,6396,0.12479328364133835,0.06482807546854019,-0.003298041643574834,0.0,415,52,1087,3209,2412,3.045747756958008
2026-04-07T10:25:07.349,radio://0/80/2M,range,1,0,Reacquire Wall,0.5016949772834778,0,0,0,0.0,0,0,0.0,0.0,45961,0,1,6396,0.12479328364133835,0.06482807546854019,-0.003298041643574834,0.0,566,32766,32766,3066,2417,3.07214093208313
2026-04-07T10:25:07.595,radio://0/80/2M,mission,1,5,Transition,0.5121656060218811,0,0,0,0.0,0,0,0.0,0.0,45961,0,1,6396,0.12479328364133835,0.06482807546854019,-0.003298041643574834,0.0,566,32766,32766,3066,2417,3.07214093208313
2026-04-07T10:25:07.598,radio://0/80/2M,flow,1,5,Transition,0.5121656060218811,0,0,0,0.0,0,0,0.0,0.0,46211,1,0,6795,0.041815951466560364,0.052458297461271286,-0.0016576522029936314,0.0,566,32766,32766,3066,2417,3.07214093208313
2026-04-07T10:25:07.599,radio://0/80/2M,range,1,5,Transition,0.5121656060218811,0,0,0,0.0,0,0,0.0,0.0,46211,1,0,6795,0.041815951466560364,0.052458297461271286,-0.0016576522029936314,0.0,605,110,2633,2874,2401,3.082698106765747
2026-04-07T10:25:07.844,radio://0/80/2M,mission,1,1,Wall Follow,0.5083647966384888,0,0,0,0.0,0,0,0.0,0.0,46211,1,0,6795,0.041815951466560364,0.052458297461271286,-0.0016576522029936314,0.0,605,110,2633,2874,2401,3.082698106765747
2026-04-07T10:25:07.848,radio://0/80/2M,flow,1,1,Wall Follow,0.5083647966384888,0,0,0,0.0,0,0,0.0,0.0,46461,2,0,6795,0.017306705936789513,0.04747239127755165,-0.0015209988923743367,0.0,605,110,2633,2874,2401,3.082698106765747
2026-04-07T10:25:07.849,radio://0/80/2M,range,1,1,Wall Follow,0.5083647966384888,0,0,0,0.0,0,0,0.0,0.0,46461,2,0,6795,0.017306705936789513,0.04747239127755165,-0.0015209988923743367,0.0,609,129,2593,2829,2408,3.07214093208313
2026-04-07T10:25:08.094,radio://0/80/2M,mission,1,1,Wall Follow,0.5019378662109375,0,0,0,0.0,0,0,0.0,0.0,46461,2,0,6795,0.017306705936789513,0.04747239127755165,-0.0015209988923743367,0.0,609,129,2593,2829,2408,3.07214093208313
2026-04-07T10:25:08.099,radio://0/80/2M,flow,1,1,Wall Follow,0.5019378662109375,0,0,0,0.0,0,0,0.0,0.0,46711,1,0,6795,0.023309292271733284,0.033129267394542694,-0.0010608973680064082,0.0,609,129,2593,2829,2408,3.07214093208313
2026-04-07T10:25:08.100,radio://0/80/2M,range,1,1,Wall Follow,0.5019378662109375,0,0,0,0.0,0,0,0.0,0.0,46711,1,0,6795,0.023309292271733284,0.033129267394542694,-0.0010608973680064082,0.0,624,163,2556,2815,2418,3.045747756958008
2026-04-07T10:25:08.344,radio://0/80/2M,mission,1,1,Wall Follow,0.5019255876541138,0,0,0,0.0,0,0,0.0,0.0,46711,1,0,6795,0.023309292271733284,0.033129267394542694,-0.0010608973680064082,0.0,624,163,2556,2815,2418,3.045747756958008
2026-04-07T10:25:08.347,radio://0/80/2M,flow,1,1,Wall Follow,0.5019255876541138,0,0,0,0.0,0,0,0.0,0.0,46961,1,0,6795,0.012277624569833279,0.03241598233580589,-0.0010057961335405707,0.0,624,163,2556,2815,2418,3.045747756958008
2026-04-07T10:25:08.348,radio://0/80/2M,range,1,1,Wall Follow,0.5019255876541138,0,0,0,0.0,0,0,0.0,0.0,46961,1,0,6795,0.012277624569833279,0.03241598233580589,-0.0010057961335405707,0.0,626,189,2541,2799,2414,3.045747756958008
2026-04-07T10:25:08.593,radio://0/80/2M,mission,1,1,Wall Follow,0.5047029256820679,0,0,0,0.0,0,0,0.0,0.0,46961,1,0,6795,0.012277624569833279,0.03241598233580589,-0.0010057961335405707,0.0,626,189,2541,2799,2414,3.045747756958008
2026-04-07T10:25:08.597,radio://0/80/2M,flow,1,1,Wall Follow,0.5047029256820679,0,0,0,0.0,0,0,0.0,0.0,47211,0,0,6795,0.008892477490007877,0.03204044699668884,-0.0004409993998706341,0.0,626,189,2541,2799,2414,3.045747756958008
2026-04-07T10:25:08.598,radio://0/80/2M,range,1,1,Wall Follow,0.5047029256820679,0,0,0,0.0,0,0,0.0,0.0,47211,0,0,6795,0.008892477490007877,0.03204044699668884,-0.0004409993998706341,0.0,651,232,2524,2778,2420,3.066862106323242
2026-04-07T10:25:08.843,radio://0/80/2M,mission,1,1,Wall Follow,0.5059795379638672,0,0,0,0.0,0,0,0.0,0.0,47211,0,0,6795,0.008892477490007877,0.03204044699668884,-0.0004409993998706341,0.0,651,232,2524,2778,2420,3.066862106323242
2026-04-07T10:25:08.847,radio://0/80/2M,flow,1,1,Wall Follow,0.5059795379638672,0,0,0,0.0,0,0,0.0,0.0,47461,0,0,6795,0.016670310869812965,0.023530278354883194,-7.346925849560648e-05,0.0,651,232,2524,2778,2420,3.066862106323242
2026-04-07T10:25:08.849,radio://0/80/2M,range,1,1,Wall Follow,0.5059795379638672,0,0,0,0.0,0,0,0.0,0.0,47461,0,0,6795,0.016670310869812965,0.023530278354883194,-7.346925849560648e-05,0.0,680,276,2451,2670,2416,3.066862106323242
2026-04-07T10:25:09.097,radio://0/80/2M,mission,1,1,Wall Follow,0.500124990940094,0,0,0,0.0,0,0,0.0,0.0,47461,0,0,6795,0.016670310869812965,0.023530278354883194,-7.346925849560648e-05,0.0,680,276,2451,2670,2416,3.066862106323242
2026-04-07T10:25:09.099,radio://0/80/2M,flow,1,1,Wall Follow,0.500124990940094,0,0,0,0.0,0,0,0.0,0.0,47711,3,2,6795,0.0006226648692972958,-0.009799686260521412,-1.8366877441167162e-07,0.0,680,276,2451,2670,2416,3.066862106323242
2026-04-07T10:25:09.106,radio://0/80/2M,range,1,1,Wall Follow,0.500124990940094,0,0,0,0.0,0,0,0.0,0.0,47711,3,2,6795,0.0006226648692972958,-0.009799686260521412,-1.8366877441167162e-07,0.0,699,343,32766,32766,2424,3.0615835189819336
2026-04-07T10:25:09.343,radio://0/80/2M,mission,1,1,Wall Follow,0.49851688742637634,0,0,0,0.0,0,0,0.0,0.0,47711,3,2,6795,0.0006226648692972958,-0.009799686260521412,-1.8366877441167162e-07,0.0,699,343,32766,32766,2424,3.0615835189819336
2026-04-07T10:25:09.346,radio://0/80/2M,flow,1,1,Wall Follow,0.49851688742637634,0,0,0,0.0,0,0,0.0,0.0,47961,-4,0,6795,0.00899544171988964,-0.012419718317687511,0.0,0.0,699,343,32766,32766,2424,3.0615835189819336
2026-04-07T10:25:09.347,radio://0/80/2M,range,1,1,Wall Follow,0.49851688742637634,0,0,0,0.0,0,0,0.0,0.0,47961,-4,0,6795,0.00899544171988964,-0.012419718317687511,0.0,0.0,757,32766,32766,32766,2422,3.0510263442993164
2026-04-07T10:25:09.592,radio://0/80/2M,mission,1,1,Wall Follow,0.49544137716293335,0,0,0,0.0,0,0,0.0,0.0,47961,-4,0,6795,0.00899544171988964,-0.012419718317687511,0.0,0.0,757,32766,32766,32766,2422,3.0510263442993164
2026-04-07T10:25:09.596,radio://0/80/2M,flow,1,1,Wall Follow,0.49544137716293335,0,0,0,0.0,0,0,0.0,0.0,48211,1,0,6795,0.049960579723119736,0.050062842667102814,0.0,0.0,757,32766,32766,32766,2422,3.0510263442993164
2026-04-07T10:25:09.598,radio://0/80/2M,range,1,1,Wall Follow,0.49544137716293335,0,0,0,0.0,0,0,0.0,0.0,48211,1,0,6795,0.049960579723119736,0.050062842667102814,0.0,0.0,848,32766,32766,32766,2423,3.045747756958008
2026-04-07T10:25:09.843,radio://0/80/2M,mission,1,1,Wall Follow,0.5030730366706848,0,0,0,0.0,0,0,0.0,0.0,48211,1,0,6795,0.049960579723119736,0.050062842667102814,0.0,0.0,848,32766,32766,32766,2423,3.045747756958008
2026-04-07T10:25:09.845,radio://0/80/2M,flow,1,1,Wall Follow,0.5030730366706848,0,0,0,0.0,0,0,0.0,0.0,48461,0,0,6795,0.031332504004240036,0.04136941209435463,0.0,0.0,848,32766,32766,32766,2423,3.045747756958008
2026-04-07T10:25:09.847,radio://0/80/2M,range,1,1,Wall Follow,0.5030730366706848,0,0,0,0.0,0,0,0.0,0.0,48461,0,0,6795,0.031332504004240036,0.04136941209435463,0.0,0.0,938,32766,32766,32766,2431,3.066862106323242
2026-04-07T10:25:10.093,radio://0/80/2M,mission,1,1,Wall Follow,0.49713370203971863,0,0,0,0.0,0,0,0.0,0.0,48461,0,0,6795,0.031332504004240036,0.04136941209435463,0.0,0.0,938,32766,32766,32766,2431,3.066862106323242
2026-04-07T10:25:10.096,radio://0/80/2M,flow,1,1,Wall Follow,0.49713370203971863,0,0,0,0.0,0,0,0.0,0.0,48711,-1,0,6795,-0.039213407784700394,-0.03772904351353645,0.0,0.0,938,32766,32766,32766,2431,3.066862106323242
2026-04-07T10:25:10.098,radio://0/80/2M,range,1,1,Wall Follow,0.49713370203971863,0,0,0,0.0,0,0,0.0,0.0,48711,-1,0,6795,-0.039213407784700394,-0.03772904351353645,0.0,0.0,1073,921,32766,32766,2423,3.0510263442993164
2026-04-07T10:25:10.342,radio://0/80/2M,mission,1,1,Wall Follow,0.5007816553115845,0,0,0,0.0,0,0,0.0,0.0,48711,-1,0,6795,-0.039213407784700394,-0.03772904351353645,0.0,0.0,1073,921,32766,32766,2423,3.0510263442993164
2026-04-07T10:25:10.346,radio://0/80/2M,flow,1,1,Wall Follow,0.5007816553115845,0,0,0,0.0,0,0,0.0,0.0,48961,-4,-1,6795,-0.0061687021516263485,-0.01773696392774582,0.0,0.0,1073,921,32766,32766,2423,3.0510263442993164
2026-04-07T10:25:10.347,radio://0/80/2M,range,1,1,Wall Follow,0.5007816553115845,0,0,0,0.0,0,0,0.0,0.0,48961,-4,-1,6795,-0.0061687021516263485,-0.01773696392774582,0.0,0.0,32766,904,32766,32766,2419,3.056304931640625
2026-04-07T10:25:10.592,radio://0/80/2M,mission,1,1,Wall Follow,0.5033842921257019,0,0,0,0.0,0,0,0.0,0.0,48961,-4,-1,6795,-0.0061687021516263485,-0.01773696392774582,0.0,0.0,32766,904,32766,32766,2419,3.056304931640625
2026-04-07T10:25:10.596,radio://0/80/2M,flow,1,1,Wall Follow,0.5033842921257019,0,0,0,0.0,0,0,0.0,0.0,49211,5,1,6795,0.005270563066005707,0.06252240389585495,0.0,0.0,32766,904,32766,32766,2419,3.056304931640625
2026-04-07T10:25:10.597,radio://0/80/2M,range,1,1,Wall Follow,0.5033842921257019,0,0,0,0.0,0,0,0.0,0.0,49211,5,1,6795,0.005270563066005707,0.06252240389585495,0.0,0.0,2448,937,32766,32766,2413,3.040469169616699
2026-04-07T10:25:10.842,radio://0/80/2M,mission,1,1,Wall Follow,0.4987271726131439,0,0,0,0.0,0,0,0.0,0.0,49211,5,1,6795,0.005270563066005707,0.06252240389585495,0.0,0.0,2448,937,32766,32766,2413,3.040469169616699
2026-04-07T10:25:10.845,radio://0/80/2M,flow,1,1,Wall Follow,0.4987271726131439,0,0,0,0.0,0,0,0.0,0.0,49461,6,1,6371,0.013135812245309353,0.023763388395309448,0.0,0.0,2448,937,32766,32766,2413,3.040469169616699
2026-04-07T10:25:10.846,radio://0/80/2M,range,1,1,Wall Follow,0.4987271726131439,0,0,0,0.0,0,0,0.0,0.0,49461,6,1,6371,0.013135812245309353,0.023763388395309448,0.0,0.0,2417,1003,32766,32766,2426,3.040469169616699
2026-04-07T10:25:11.091,radio://0/80/2M,mission,1,1,Wall Follow,0.49494820833206177,0,0,0,0.0,0,0,0.0,0.0,49461,6,1,6371,0.013135812245309353,0.023763388395309448,0.0,0.0,2417,1003,32766,32766,2426,3.040469169616699
2026-04-07T10:25:11.095,radio://0/80/2M,flow,1,1,Wall Follow,0.49494820833206177,0,0,0,0.0,0,0,0.0,0.0,49711,0,0,6371,0.08234551548957825,-0.005692156031727791,0.0,0.0,2417,1003,32766,32766,2426,3.040469169616699
2026-04-07T10:25:11.096,radio://0/80/2M,range,1,1,Wall Follow,0.49494820833206177,0,0,0,0.0,0,0,0.0,0.0,49711,0,0,6371,0.08234551548957825,-0.005692156031727791,0.0,0.0,2407,1133,32766,32766,2440,3.029911994934082
2026-04-07T10:25:11.342,radio://0/80/2M,mission,1,1,Wall Follow,0.4911637008190155,0,0,0,0.0,0,0,0.0,0.0,49711,0,0,6371,0.08234551548957825,-0.005692156031727791,0.0,0.0,2407,1133,32766,32766,2440,3.029911994934082
2026-04-07T10:25:11.344,radio://0/80/2M,flow,1,1,Wall Follow,0.4911637008190155,0,0,0,0.0,0,0,0.0,0.0,49961,0,0,5973,-0.033470671623945236,-0.011975078843533993,0.0,0.0,2407,1133,32766,32766,2440,3.029911994934082
2026-04-07T10:25:11.345,radio://0/80/2M,range,1,1,Wall Follow,0.4911637008190155,0,0,0,0.0,0,0,0.0,0.0,49961,0,0,5973,-0.033470671623945236,-0.011975078843533993,0.0,0.0,2398,1186,32766,32766,2438,3.019354820251465
2026-04-07T10:25:11.592,radio://0/80/2M,mission,1,1,Wall Follow,0.4982547163963318,0,0,0,0.0,0,0,0.0,0.0,49961,0,0,5973,-0.033470671623945236,-0.011975078843533993,0.0,0.0,2398,1186,32766,32766,2438,3.019354820251465
2026-04-07T10:25:11.594,radio://0/80/2M,flow,1,1,Wall Follow,0.4982547163963318,0,0,0,0.0,0,0,0.0,0.0,50211,1,0,5600,0.033479899168014526,0.019889947026968002,0.0,0.0,2398,1186,32766,32766,2438,3.019354820251465
2026-04-07T10:25:11.595,radio://0/80/2M,range,1,1,Wall Follow,0.4982547163963318,0,0,0,0.0,0,0,0.0,0.0,50211,1,0,5600,0.033479899168014526,0.019889947026968002,0.0,0.0,2371,1241,2332,713,2430,3.029911994934082
2026-04-07T10:25:11.840,radio://0/80/2M,mission,1,1,Wall Follow,0.5029498338699341,0,0,0,0.0,0,0,0.0,0.0,50211,1,0,5600,0.033479899168014526,0.019889947026968002,0.0,0.0,2371,1241,2332,713,2430,3.029911994934082
2026-04-07T10:25:11.845,radio://0/80/2M,flow,1,1,Wall Follow,0.5029498338699341,0,0,0,0.0,0,0,0.0,0.0,50461,5,0,5250,0.13984502851963043,-0.004486934747546911,0.00011515755613800138,0.0,2371,1241,2332,713,2430,3.029911994934082
2026-04-07T10:25:11.846,radio://0/80/2M,range,1,1,Wall Follow,0.5029498338699341,0,0,0,0.0,0,0,0.0,0.0,50461,5,0,5250,0.13984502851963043,-0.004486934747546911,0.00011515755613800138,0.0,2326,1241,2386,686,2422,3.040469169616699
2026-04-07T10:25:12.091,radio://0/80/2M,mission,1,1,Wall Follow,0.5053963661193848,0,0,0,0.0,0,0,0.0,0.0,50461,5,0,5250,0.13984502851963043,-0.004486934747546911,0.00011515755613800138,0.0,2326,1241,2386,686,2422,3.040469169616699
2026-04-07T10:25:12.094,radio://0/80/2M,flow,1,1,Wall Follow,0.5053963661193848,0,0,0,0.0,0,0,0.0,0.0,50711,1,0,4922,0.11863871663808823,-0.019867561757564545,0.0018978568259626627,0.0,2326,1241,2386,686,2422,3.040469169616699
2026-04-07T10:25:12.095,radio://0/80/2M,range,1,1,Wall Follow,0.5053963661193848,0,0,0,0.0,0,0,0.0,0.0,50711,1,0,4922,0.11863871663808823,-0.019867561757564545,0.0018978568259626627,0.0,2245,1271,2321,642,2425,3.056304931640625
2026-04-07T10:25:12.340,radio://0/80/2M,mission,1,1,Wall Follow,0.5080711245536804,0,0,0,0.0,0,0,0.0,0.0,50711,1,0,4922,0.11863871663808823,-0.019867561757564545,0.0018978568259626627,0.0,2245,1271,2321,642,2425,3.056304931640625
2026-04-07T10:25:12.344,radio://0/80/2M,flow,1,1,Wall Follow,0.5080711245536804,0,0,0,0.0,0,0,0.0,0.0,50961,0,1,4922,0.04544060677289963,-0.01154275145381689,0.0029955690260976553,0.0,2245,1271,2321,642,2425,3.056304931640625
2026-04-07T10:25:12.345,radio://0/80/2M,range,1,1,Wall Follow,0.5080711245536804,0,0,0,0.0,0,0,0.0,0.0,50961,0,1,4922,0.04544060677289963,-0.01154275145381689,0.0029955690260976553,0.0,2206,1274,2251,630,2415,3.056304931640625
2026-04-07T10:25:12.590,radio://0/80/2M,mission,1,1,Wall Follow,0.509509265422821,0,0,0,0.0,0,0,0.0,0.0,50961,0,1,4922,0.04544060677289963,-0.01154275145381689,0.0029955690260976553,0.0,2206,1274,2251,630,2415,3.056304931640625
2026-04-07T10:25:12.594,radio://0/80/2M,flow,1,1,Wall Follow,0.509509265422821,0,0,0,0.0,0,0,0.0,0.0,51211,0,3,4922,0.002778175985440612,-0.004584701731801033,0.0012299941154196858,0.0,2206,1274,2251,630,2415,3.056304931640625
2026-04-07T10:25:12.596,radio://0/80/2M,range,1,1,Wall Follow,0.509509265422821,0,0,0,0.0,0,0,0.0,0.0,51211,0,3,4922,0.002778175985440612,-0.004584701731801033,0.0012299941154196858,0.0,32766,1286,2170,660,2410,3.029911994934082
2026-04-07T10:25:12.840,radio://0/80/2M,mission,1,1,Wall Follow,0.499993234872818,0,0,0,0.0,0,0,0.0,0.0,51211,0,3,4922,0.002778175985440612,-0.004584701731801033,0.0012299941154196858,0.0,32766,1286,2170,660,2410,3.029911994934082
2026-04-07T10:25:12.844,radio://0/80/2M,flow,1,1,Wall Follow,0.499993234872818,0,0,0,0.0,0,0,0.0,0.0,51461,0,-4,4922,-0.038996290415525436,0.012310116551816463,-0.009865837171673775,0.0,32766,1286,2170,660,2410,3.029911994934082
2026-04-07T10:25:12.845,radio://0/80/2M,range,1,1,Wall Follow,0.499993234872818,0,0,0,0.0,0,0,0.0,0.0,51461,0,-4,4922,-0.038996290415525436,0.012310116551816463,-0.009865837171673775,0.0,449,1321,2160,663,2418,3.0932552814483643
2026-04-07T10:25:13.090,radio://0/80/2M,mission,1,1,Wall Follow,0.49800851941108704,0,0,0,0.0,0,0,0.0,0.0,51461,0,-4,4922,-0.038996290415525436,0.012310116551816463,-0.009865837171673775,0.0,449,1321,2160,663,2418,3.0932552814483643
2026-04-07T10:25:13.093,radio://0/80/2M,flow,1,1,Wall Follow,0.49800851941108704,0,0,0,0.0,0,0,0.0,0.0,51711,0,0,4922,0.029910217970609665,-0.009561060927808285,-0.01138793770223856,0.0,449,1321,2160,663,2418,3.0932552814483643
2026-04-07T10:25:13.094,radio://0/80/2M,range,1,1,Wall Follow,0.49800851941108704,0,0,0,0.0,0,0,0.0,0.0,51711,0,0,4922,0.029910217970609665,-0.009561060927808285,-0.01138793770223856,0.0,451,1366,2147,32766,2424,3.082698106765747
2026-04-07T10:25:13.340,radio://0/80/2M,mission,1,1,Wall Follow,0.4958120286464691,0,0,0,0.0,0,0,0.0,0.0,51711,0,0,4922,0.029910217970609665,-0.009561060927808285,-0.01138793770223856,0.0,451,1366,2147,32766,2424,3.082698106765747
2026-04-07T10:25:13.343,radio://0/80/2M,flow,1,1,Wall Follow,0.4958120286464691,0,0,0,0.0,0,0,0.0,0.0,51961,0,0,4922,-0.024081477895379066,-0.01026915293186903,-0.01040400005877018,0.0,451,1366,2147,32766,2424,3.082698106765747
2026-04-07T10:25:13.344,radio://0/80/2M,range,1,1,Wall Follow,0.4958120286464691,0,0,0,0.0,0,0,0.0,0.0,51961,0,0,4922,-0.024081477895379066,-0.01026915293186903,-0.01040400005877018,0.0,462,1378,2100,32766,2429,3.0879766941070557
2026-04-07T10:25:13.590,radio://0/80/2M,mission,1,1,Wall Follow,0.4984850585460663,0,0,0,0.0,0,0,0.0,0.0,51961,0,0,4922,-0.024081477895379066,-0.01026915293186903,-0.01040400005877018,0.0,462,1378,2100,32766,2429,3.0879766941070557
2026-04-07T10:25:13.594,radio://0/80/2M,flow,1,1,Wall Follow,0.4984850585460663,0,0,0,0.0,0,0,0.0,0.0,52211,0,-8,4922,-0.007910087704658508,-0.02335793897509575,-0.003629389451816678,0.0,462,1378,2100,32766,2429,3.0879766941070557
2026-04-07T10:25:13.595,radio://0/80/2M,range,1,1,Wall Follow,0.4984850585460663,0,0,0,0.0,0,0,0.0,0.0,52211,0,-8,4922,-0.007910087704658508,-0.02335793897509575,-0.003629389451816678,0.0,510,1387,2072,614,2426,3.0932552814483643
2026-04-07T10:25:13.839,radio://0/80/2M,mission,1,1,Wall Follow,0.5002803206443787,0,0,0,0.0,0,0,0.0,0.0,52211,0,-8,4922,-0.007910087704658508,-0.02335793897509575,-0.003629389451816678,0.0,510,1387,2072,614,2426,3.0932552814483643
2026-04-07T10:25:13.843,radio://0/80/2M,flow,1,1,Wall Follow,0.5002803206443787,0,0,0,0.0,0,0,0.0,0.0,52461,1,-5,4922,-0.00912664644420147,-0.01762184128165245,-0.000814958882983774,0.0,510,1387,2072,614,2426,3.0932552814483643
2026-04-07T10:25:13.845,radio://0/80/2M,range,1,1,Wall Follow,0.5002803206443787,0,0,0,0.0,0,0,0.0,0.0,52461,1,-5,4922,-0.00912664644420147,-0.01762184128165245,-0.000814958882983774,0.0,547,1417,2074,576,2419,3.098533868789673
2026-04-07T10:25:14.090,radio://0/80/2M,mission,1,1,Wall Follow,0.4979957938194275,0,0,0,0.0,0,0,0.0,0.0,52461,1,-5,4922,-0.00912664644420147,-0.01762184128165245,-0.000814958882983774,0.0,547,1417,2074,576,2419,3.098533868789673
2026-04-07T10:25:14.092,radio://0/80/2M,flow,1,1,Wall Follow,0.4979957938194275,0,0,0,0.0,0,0,0.0,0.0,52711,0,3,4922,-0.015403484925627708,-4.3671319872373715e-05,0.013136914931237698,0.0,547,1417,2074,576,2419,3.098533868789673
2026-04-07T10:25:14.094,radio://0/80/2M,range,1,1,Wall Follow,0.4979957938194275,0,0,0,0.0,0,0,0.0,0.0,52711,0,3,4922,-0.015403484925627708,-4.3671319872373715e-05,0.013136914931237698,0.0,32766,1480,2122,553,2419,3.098533868789673
2026-04-07T10:25:14.339,radio://0/80/2M,mission,1,1,Wall Follow,0.49908995628356934,0,0,0,0.0,0,0,0.0,0.0,52711,0,3,4922,-0.015403484925627708,-4.3671319872373715e-05,0.013136914931237698,0.0,32766,1480,2122,553,2419,3.098533868789673
2026-04-07T10:25:14.342,radio://0/80/2M,flow,1,1,Wall Follow,0.49908995628356934,0,0,0,0.0,0,0,0.0,0.0,52961,0,1,4922,-0.03576326370239258,-0.00868957955390215,0.01131973322480917,0.0,32766,1480,2122,553,2419,3.098533868789673
2026-04-07T10:25:14.344,radio://0/80/2M,range,1,1,Wall Follow,0.49908995628356934,0,0,0,0.0,0,0,0.0,0.0,52961,0,1,4922,-0.03576326370239258,-0.00868957955390215,0.01131973322480917,0.0,32766,1526,2165,564,2424,3.10909104347229
2026-04-07T10:25:14.588,radio://0/80/2M,mission,1,1,Wall Follow,0.49262216687202454,0,0,0,0.0,0,0,0.0,0.0,52961,0,1,4922,-0.03576326370239258,-0.00868957955390215,0.01131973322480917,0.0,32766,1526,2165,564,2424,3.10909104347229
2026-04-07T10:25:14.593,radio://0/80/2M,flow,1,1,Wall Follow,0.49262216687202454,0,0,0,0.0,0,0,0.0,0.0,53211,0,-3,4922,-0.04081857204437256,0.0836871862411499,0.003916820976883173,0.0,32766,1526,2165,564,2424,3.10909104347229
2026-04-07T10:25:14.595,radio://0/80/2M,range,1,1,Wall Follow,0.49262216687202454,0,0,0,0.0,0,0,0.0,0.0,53211,0,-3,4922,-0.04081857204437256,0.0836871862411499,0.003916820976883173,0.0,2431,32766,2253,630,2433,3.098533868789673
2026-04-07T10:25:14.839,radio://0/80/2M,mission,1,1,Wall Follow,0.49256595969200134,0,0,0,0.0,0,0,0.0,0.0,53211,0,-3,4922,-0.04081857204437256,0.0836871862411499,0.003916820976883173,0.0,2431,32766,2253,630,2433,3.098533868789673
2026-04-07T10:25:14.842,radio://0/80/2M,flow,1,1,Wall Follow,0.49256595969200134,0,0,0,0.0,0,0,0.0,0.0,53461,-1,0,4922,-0.02178812399506569,0.024614468216896057,3.542618514984497e-06,0.0,2431,32766,2253,630,2433,3.098533868789673
2026-04-07T10:25:14.844,radio://0/80/2M,range,1,1,Wall Follow,0.49256595969200134,0,0,0,0.0,0,0,0.0,0.0,53461,-1,0,4922,-0.02178812399506569,0.024614468216896057,3.542618514984497e-06,0.0,2566,32766,914,32766,2429,3.10909104347229
2026-04-07T10:25:15.088,radio://0/80/2M,mission,1,1,Wall Follow,0.4933946430683136,0,0,0,0.0,0,0,0.0,0.0,53461,-1,0,4922,-0.02178812399506569,0.024614468216896057,3.542618514984497e-06,0.0,2566,32766,914,32766,2429,3.10909104347229
2026-04-07T10:25:15.091,radio://0/80/2M,flow,1,1,Wall Follow,0.4933946430683136,0,0,0,0.0,0,0,0.0,0.0,53711,0,2,4922,-0.026253560557961464,-0.018088573589920998,4.750893012328561e-10,0.0,2566,32766,914,32766,2429,3.10909104347229
2026-04-07T10:25:15.093,radio://0/80/2M,range,1,1,Wall Follow,0.4933946430683136,0,0,0,0.0,0,0,0.0,0.0,53711,0,2,4922,-0.026253560557961464,-0.018088573589920998,4.750893012328561e-10,0.0,32766,32766,32766,32766,2436,3.1038124561309814
2026-04-07T10:25:15.339,radio://0/80/2M,mission,1,1,Wall Follow,0.49424517154693604,0,0,0,0.0,0,0,0.0,0.0,53711,0,2,4922,-0.026253560557961464,-0.018088573589920998,4.750893012328561e-10,0.0,32766,32766,32766,32766,2436,3.1038124561309814
2026-04-07T10:25:15.342,radio://0/80/2M,flow,1,1,Wall Follow,0.49424517154693604,0,0,0,0.0,0,0,0.0,0.0,53961,0,0,4922,-0.06678856909275055,-0.056538719683885574,6.37127002089781e-14,0.0,32766,32766,32766,32766,2436,3.1038124561309814
2026-04-07T10:25:15.343,radio://0/80/2M,range,1,1,Wall Follow,0.49424517154693604,0,0,0,0.0,0,0,0.0,0.0,53961,0,0,4922,-0.06678856909275055,-0.056538719683885574,6.37127002089781e-14,0.0,32766,32766,32766,32766,2438,3.1038124561309814
2026-04-07T10:25:15.587,radio://0/80/2M,mission,1,1,Wall Follow,0.4968855381011963,0,0,0,0.0,0,0,0.0,0.0,53961,0,0,4922,-0.06678856909275055,-0.056538719683885574,6.37127002089781e-14,0.0,32766,32766,32766,32766,2438,3.1038124561309814
2026-04-07T10:25:15.592,radio://0/80/2M,flow,1,1,Wall Follow,0.4968855381011963,0,0,0,0.0,0,0,0.0,0.0,54211,1,0,4922,-0.007515152916312218,-0.04418802633881569,8.544307543446071e-18,0.02810204029083252,32766,32766,32766,32766,2438,3.1038124561309814
2026-04-07T10:25:15.593,radio://0/80/2M,range,1,1,Wall Follow,0.4968855381011963,0,0,0,0.0,0,0,0.0,0.0,54211,1,0,4922,-0.007515152916312218,-0.04418802633881569,8.544307543446071e-18,0.02810204029083252,1511,32766,400,2391,2430,3.1038124561309814
2026-04-07T10:25:15.838,radio://0/80/2M,mission,1,1,Wall Follow,0.5020878314971924,0,0,0,0.0,0,0,0.0,0.0,54211,1,0,4922,-0.007515152916312218,-0.04418802633881569,8.544307543446071e-18,0.02810204029083252,1511,32766,400,2391,2430,3.1038124561309814
2026-04-07T10:25:15.841,radio://0/80/2M,flow,1,1,Wall Follow,0.5020878314971924,0,0,0,0.0,0,0,0.0,0.0,54461,-8,3,4922,0.012830177322030067,-0.042237136512994766,1.1458498230809684e-21,0.06396429985761642,1511,32766,400,2391,2430,3.1038124561309814
2026-04-07T10:25:15.843,radio://0/80/2M,range,1,1,Wall Follow,0.5020878314971924,0,0,0,0.0,0,0,0.0,0.0,54461,-8,3,4922,0.012830177322030067,-0.042237136512994766,1.1458498230809684e-21,0.06396429985761642,1460,32766,376,2340,2424,3.10909104347229
2026-04-07T10:25:16.088,radio://0/80/2M,mission,1,1,Wall Follow,0.5073978900909424,0,0,0,0.0,0,0,0.0,0.0,54461,-8,3,4922,0.012830177322030067,-0.042237136512994766,1.1458498230809684e-21,0.06396429985761642,1460,32766,376,2340,2424,3.10909104347229
2026-04-07T10:25:16.091,radio://0/80/2M,flow,1,1,Wall Follow,0.5073978900909424,0,0,0,0.0,0,0,0.0,0.0,54711,-1,0,4922,-0.020567839965224266,-0.01948234625160694,1.5366629561799508e-25,0.06891006976366043,1460,32766,376,2340,2424,3.10909104347229
2026-04-07T10:25:16.092,radio://0/80/2M,range,1,1,Wall Follow,0.5073978900909424,0,0,0,0.0,0,0,0.0,0.0,54711,-1,0,4922,-0.020567839965224266,-0.01948234625160694,1.5366629561799508e-25,0.06891006976366043,1371,32766,370,2172,2417,3.10909104347229
2026-04-07T10:25:16.338,radio://0/80/2M,mission,1,1,Wall Follow,0.5011391043663025,0,0,0,0.0,0,0,0.0,0.0,54711,-1,0,4922,-0.020567839965224266,-0.01948234625160694,1.5366629561799508e-25,0.06891006976366043,1371,32766,370,2172,2417,3.10909104347229
2026-04-07T10:25:16.341,radio://0/80/2M,flow,1,1,Wall Follow,0.5011391043663025,0,0,0,0.0,0,0,0.0,0.0,54961,0,-2,5229,-0.12420645356178284,-0.08286023885011673,0.11696028709411621,0.05143358185887337,1371,32766,370,2172,2417,3.10909104347229
2026-04-07T10:25:16.342,radio://0/80/2M,range,1,1,Wall Follow,0.5011391043663025,0,0,0,0.0,0,0,0.0,0.0,54961,0,-2,5229,-0.12420645356178284,-0.08286023885011673,0.11696028709411621,0.05143358185887337,1307,679,412,2121,2422,3.082698106765747
2026-04-07T10:25:16.587,radio://0/80/2M,mission,1,1,Wall Follow,0.4986656904220581,0,0,0,0.0,0,0,0.0,0.0,54961,0,-2,5229,-0.12420645356178284,-0.08286023885011673,0.11696028709411621,0.05143358185887337,1307,679,412,2121,2422,3.082698106765747
2026-04-07T10:25:16.591,radio://0/80/2M,flow,1,1,Wall Follow,0.4986656904220581,0,0,0,0.0,0,0,0.0,0.0,55211,-2,-7,5555,-0.18180358409881592,-0.10258699208498001,0.15342427790164948,0.017028173431754112,1307,679,412,2121,2422,3.082698106765747
2026-04-07T10:25:16.592,radio://0/80/2M,range,1,1,Wall Follow,0.4986656904220581,0,0,0,0.0,0,0,0.0,0.0,55211,-2,-7,5555,-0.18180358409881592,-0.10258699208498001,0.15342427790164948,0.017028173431754112,1216,631,571,1177,2415,3.082698106765747
2026-04-07T10:25:16.837,radio://0/80/2M,mission,1,1,Wall Follow,0.49635666608810425,0,0,0,0.0,0,0,0.0,0.0,55211,-2,-7,5555,-0.18180358409881592,-0.10258699208498001,0.15342427790164948,0.017028173431754112,1216,631,571,1177,2415,3.082698106765747
2026-04-07T10:25:16.840,radio://0/80/2M,flow,1,1,Wall Follow,0.49635666608810425,0,0,0,0.0,0,0,0.0,0.0,55461,-1,-1,5902,-0.23131638765335083,-0.07259377837181091,0.19991295039653778,2.461850999679882e-05,1216,631,571,1177,2415,3.082698106765747
2026-04-07T10:25:16.841,radio://0/80/2M,range,1,1,Wall Follow,0.49635666608810425,0,0,0,0.0,0,0,0.0,0.0,55461,-1,-1,5902,-0.23131638765335083,-0.07259377837181091,0.19991295039653778,2.461850999679882e-05,1149,605,2162,1226,2419,3.0879766941070557
2026-04-07T10:25:17.086,radio://0/80/2M,mission,1,1,Wall Follow,0.4946252703666687,0,0,0,0.0,0,0,0.0,0.0,55461,-1,-1,5902,-0.23131638765335083,-0.07259377837181091,0.19991295039653778,2.461850999679882e-05,1149,605,2162,1226,2419,3.0879766941070557
2026-04-07T10:25:17.091,radio://0/80/2M,flow,1,1,Wall Follow,0.4946252703666687,0,0,0,0.0,0,0,0.0,0.0,55711,1,2,6270,-0.20218661427497864,0.017061151564121246,0.19999998807907104,-0.06664060056209564,1149,605,2162,1226,2419,3.0879766941070557
2026-04-07T10:25:17.092,radio://0/80/2M,range,1,1,Wall Follow,0.4946252703666687,0,0,0,0.0,0,0,0.0,0.0,55711,1,2,6270,-0.20218661427497864,0.017061151564121246,0.19999998807907104,-0.06664060056209564,1047,562,2248,32766,2427,3.07214093208313
2026-04-07T10:25:17.337,radio://0/80/2M,mission,1,1,Wall Follow,0.4964117109775543,0,0,0,0.0,0,0,0.0,0.0,55711,1,2,6270,-0.20218661427497864,0.017061151564121246,0.19999998807907104,-0.06664060056209564,1047,562,2248,32766,2427,3.07214093208313
2026-04-07T10:25:17.340,radio://0/80/2M,flow,1,1,Wall Follow,0.4964117109775543,0,0,0,0.0,0,0,0.0,0.0,55961,0,4,6270,-0.13887344300746918,0.05081861838698387,0.19999998807907104,-0.06666666269302368,1047,562,2248,32766,2427,3.07214093208313
2026-04-07T10:25:17.341,radio://0/80/2M,range,1,1,Wall Follow,0.4964117109775543,0,0,0,0.0,0,0,0.0,0.0,55961,0,4,6270,-0.13887344300746918,0.05081861838698387,0.19999998807907104,-0.06666666269302368,990,577,2256,1373,2425,3.0932552814483643
2026-04-07T10:25:17.586,radio://0/80/2M,mission,1,1,Wall Follow,0.5014120936393738,0,0,0,0.0,0,0,0.0,0.0,55961,0,4,6270,-0.13887344300746918,0.05081861838698387,0.19999998807907104,-0.06666666269302368,990,577,2256,1373,2425,3.0932552814483643
2026-04-07T10:25:17.590,radio://0/80/2M,flow,1,1,Wall Follow,0.5014120936393738,0,0,0,0.0,0,0,0.0,0.0,56211,0,0,6661,-0.043238211423158646,0.03429248556494713,7.819638267392293e-05,-2.606546513561625e-05,990,577,2256,1373,2425,3.0932552814483643
2026-04-07T10:25:17.591,radio://0/80/2M,range,1,1,Wall Follow,0.5014120936393738,0,0,0,0.0,0,0,0.0,0.0,56211,0,0,6661,-0.043238211423158646,0.03429248556494713,7.819638267392293e-05,-2.606546513561625e-05,906,32766,2279,2281,2433,3.0932552814483643
2026-04-07T10:25:17.835,radio://0/80/2M,mission,1,5,Transition,0.5041595101356506,0,0,0,0.0,0,0,0.0,0.0,56211,0,0,6661,-0.043238211423158646,0.03429248556494713,7.819638267392293e-05,-2.606546513561625e-05,906,32766,2279,2281,2433,3.0932552814483643
2026-04-07T10:25:17.840,radio://0/80/2M,flow,1,5,Transition,0.5041595101356506,0,0,0,0.0,0,0,0.0,0.0,56461,-1,0,6661,-0.04486306756734848,-0.03614884242415428,1.0486669310694197e-08,-3.4955567329575388e-09,906,32766,2279,2281,2433,3.0932552814483643
2026-04-07T10:25:17.841,radio://0/80/2M,range,1,5,Transition,0.5041595101356506,0,0,0,0.0,0,0,0.0,0.0,56461,-1,0,6661,-0.04486306756734848,-0.03614884242415428,1.0486669310694197e-08,-3.4955567329575388e-09,836,32766,2284,32766,2419,3.082698106765747
2026-04-07T10:25:18.086,radio://0/80/2M,mission,1,5,Transition,0.5052477121353149,0,0,0,0.0,0,0,0.0,0.0,56461,-1,0,6661,-0.04486306756734848,-0.03614884242415428,1.0486669310694197e-08,-3.4955567329575388e-09,836,32766,2284,32766,2419,3.082698106765747
2026-04-07T10:25:18.089,radio://0/80/2M,flow,1,5,Transition,0.5052477121353149,0,0,0,0.0,0,0,0.0,0.0,56711,0,-1,7077,-0.006671150214970112,-0.0012487261556088924,1.4063339251815798e-12,-4.687778485702732e-13,836,32766,2284,32766,2419,3.082698106765747
2026-04-07T10:25:18.090,radio://0/80/2M,range,1,5,Transition,0.5052477121353149,0,0,0,0.0,0,0,0.0,0.0,56711,0,-1,7077,-0.006671150214970112,-0.0012487261556088924,1.4063339251815798e-12,-4.687778485702732e-13,706,32766,2268,1759,2434,3.0932552814483643
2026-04-07T10:25:18.337,radio://0/80/2M,mission,1,2,Scan,0.5030089020729065,0,0,0,0.0,0,0,0.0,0.0,56711,0,-1,7077,-0.006671150214970112,-0.0012487261556088924,1.4063339251815798e-12,-4.687778485702732e-13,706,32766,2268,1759,2434,3.0932552814483643
2026-04-07T10:25:18.340,radio://0/80/2M,flow,1,2,Scan,0.5030089020729065,0,0,0,0.0,0,0,0.0,0.0,56961,-1,-1,7077,-0.10623911768198013,-0.029264627024531364,-0.002399999648332596,-0.007410000078380108,706,32766,2268,1759,2434,3.0932552814483643
2026-04-07T10:25:18.341,radio://0/80/2M,range,1,2,Scan,0.5030089020729065,0,0,0,0.0,0,0,0.0,0.0,56961,-1,-1,7077,-0.10623911768198013,-0.029264627024531364,-0.002399999648332596,-0.007410000078380108,620,453,2264,1791,2445,3.098533868789673
2026-04-07T10:25:18.586,radio://0/80/2M,mission,1,2,Scan,0.5044944882392883,0,0,0,0.0,0,0,0.0,0.0,56961,-1,-1,7077,-0.10623911768198013,-0.029264627024531364,-0.002399999648332596,-0.007410000078380108,620,453,2264,1791,2445,3.098533868789673
2026-04-07T10:25:18.589,radio://0/80/2M,flow,1,2,Scan,0.5044944882392883,0,0,0,0.0,0,0,0.0,0.0,57211,0,0,7077,-0.05075471103191376,-0.03398378938436508,-0.005159999709576368,-0.008309999480843544,620,453,2264,1791,2445,3.098533868789673
2026-04-07T10:25:18.590,radio://0/80/2M,range,1,2,Scan,0.5044944882392883,0,0,0,0.0,0,0,0.0,0.0,57211,0,0,7077,-0.05075471103191376,-0.03398378938436508,-0.005159999709576368,-0.008309999480843544,528,423,2303,1984,2418,3.0932552814483643
2026-04-07T10:25:18.836,radio://0/80/2M,mission,1,2,Scan,0.5006202459335327,0,0,0,0.0,0,0,0.0,0.0,57211,0,0,7077,-0.05075471103191376,-0.03398378938436508,-0.005159999709576368,-0.008309999480843544,528,423,2303,1984,2418,3.0932552814483643
2026-04-07T10:25:18.839,radio://0/80/2M,flow,1,2,Scan,0.5006202459335327,0,0,0,0.0,0,0,0.0,0.0,57461,5,8,7077,0.008882355876266956,-0.026487737894058228,-0.006479999981820583,-0.008969999849796295,528,423,2303,1984,2418,3.0932552814483643
2026-04-07T10:25:18.840,radio://0/80/2M,range,1,2,Scan,0.5006202459335327,0,0,0,0.0,0,0,0.0,0.0,57461,5,8,7077,0.008882355876266956,-0.026487737894058228,-0.006479999981820583,-0.008969999849796295,484,401,2362,32766,2438,3.082698106765747
2026-04-07T10:25:19.085,radio://0/80/2M,mission,1,2,Scan,0.49871623516082764,0,0,0,0.0,0,0,0.0,0.0,57461,5,8,7077,0.008882355876266956,-0.026487737894058228,-0.006479999981820583,-0.008969999849796295,484,401,2362,32766,2438,3.082698106765747
2026-04-07T10:25:19.089,radio://0/80/2M,flow,1,2,Scan,0.49871623516082764,0,0,0,0.0,0,0,0.0,0.0,57711,3,0,7077,0.008933846838772297,-0.0025402389001101255,-0.007440000306814909,-0.009240000508725643,484,401,2362,32766,2438,3.082698106765747
2026-04-07T10:25:19.090,radio://0/80/2M,range,1,2,Scan,0.49871623516082764,0,0,0,0.0,0,0,0.0,0.0,57711,3,0,7077,0.008933846838772297,-0.0025402389001101255,-0.007440000306814909,-0.009240000508725643,452,392,32766,32766,2407,3.0932552814483643
2026-04-07T10:25:19.335,radio://0/80/2M,mission,1,2,Scan,0.5012087821960449,0,0,0,0.0,0,0,0.0,0.0,57711,3,0,7077,0.008933846838772297,-0.0025402389001101255,-0.007440000306814909,-0.009240000508725643,452,392,32766,32766,2407,3.0932552814483643
2026-04-07T10:25:19.339,radio://0/80/2M,flow,1,2,Scan,0.5012087821960449,0,0,0,0.0,0,0,0.0,0.0,57961,-3,0,7077,-0.010054722428321838,0.004432231653481722,-0.008130000904202461,-0.009779999032616615,452,392,32766,32766,2407,3.0932552814483643
2026-04-07T10:25:19.340,radio://0/80/2M,range,1,2,Scan,0.5012087821960449,0,0,0,0.0,0,0,0.0,0.0,57961,-3,0,7077,-0.010054722428321838,0.004432231653481722,-0.008130000904202461,-0.009779999032616615,429,374,778,32766,2427,3.10909104347229
2026-04-07T10:25:19.584,radio://0/80/2M,mission,1,2,Scan,0.5095669627189636,0,0,0,0.0,0,0,0.0,0.0,57961,-3,0,7077,-0.010054722428321838,0.004432231653481722,-0.008130000904202461,-0.009779999032616615,429,374,778,32766,2427,3.10909104347229
2026-04-07T10:25:19.588,radio://0/80/2M,flow,1,2,Scan,0.5095669627189636,0,0,0,0.0,0,0,0.0,0.0,58211,0,-3,7077,-0.005427435040473938,0.007940391078591347,-0.009329999797046185,-0.007410000544041395,429,374,778,32766,2427,3.10909104347229
2026-04-07T10:25:19.590,radio://0/80/2M,range,1,2,Scan,0.5095669627189636,0,0,0,0.0,0,0,0.0,0.0,58211,0,-3,7077,-0.005427435040473938,0.007940391078591347,-0.009329999797046185,-0.007410000544041395,389,355,602,32766,2403,3.124926805496216
2026-04-07T10:25:19.835,radio://0/80/2M,mission,1,2,Scan,0.5077535510063171,0,0,0,0.0,0,0,0.0,0.0,58211,0,-3,7077,-0.005427435040473938,0.007940391078591347,-0.009329999797046185,-0.007410000544041395,389,355,602,32766,2403,3.124926805496216
2026-04-07T10:25:19.838,radio://0/80/2M,flow,1,2,Scan,0.5077535510063171,0,0,0,0.0,0,0,0.0,0.0,58461,-1,4,7077,0.018602052703499794,0.0011055952636525035,-0.008729999884963036,-0.0019200004171580076,389,355,602,32766,2403,3.124926805496216
2026-04-07T10:25:19.839,radio://0/80/2M,range,1,2,Scan,0.5077535510063171,0,0,0,0.0,0,0,0.0,0.0,58461,-1,4,7077,0.018602052703499794,0.0011055952636525035,-0.008729999884963036,-0.0019200004171580076,409,352,416,32766,2419,3.1038124561309814
2026-04-07T10:25:20.084,radio://0/80/2M,mission,1,2,Scan,0.5042391419410706,0,0,0,0.0,0,0,0.0,0.0,58461,-1,4,7077,0.018602052703499794,0.0011055952636525035,-0.008729999884963036,-0.0019200004171580076,409,352,416,32766,2419,3.1038124561309814
2026-04-07T10:25:20.088,radio://0/80/2M,flow,1,2,Scan,0.5042391419410706,0,0,0,0.0,0,0,0.0,0.0,58711,3,-1,7077,0.014976016245782375,0.010910442098975182,-0.0020600580610334873,2.4893008230719715e-05,409,352,416,32766,2419,3.1038124561309814
2026-04-07T10:25:20.089,radio://0/80/2M,range,1,2,Scan,0.5042391419410706,0,0,0,0.0,0,0,0.0,0.0,58711,3,-1,7077,0.014976016245782375,0.010910442098975182,-0.0020600580610334873,2.4893008230719715e-05,32766,353,326,32766,2419,3.1038124561309814
2026-04-07T10:25:20.334,radio://0/80/2M,mission,1,2,Scan,0.5036932826042175,0,0,0,0.0,0,0,0.0,0.0,58711,3,-1,7077,0.014976016245782375,0.010910442098975182,-0.0020600580610334873,2.4893008230719715e-05,32766,353,326,32766,2419,3.1038124561309814
2026-04-07T10:25:20.338,radio://0/80/2M,flow,1,2,Scan,0.5036932826042175,0,0,0,0.0,0,0,0.0,0.0,58961,-2,-6,5833,0.017040353268384933,-0.02878883294761181,-2.7626779797174095e-07,0.011319111101329327,32766,353,326,32766,2419,3.1038124561309814
2026-04-07T10:25:20.339,radio://0/80/2M,range,1,2,Scan,0.5036932826042175,0,0,0,0.0,0,0,0.0,0.0,58961,-2,-6,5833,0.017040353268384933,-0.02878883294761181,-2.7626779797174095e-07,0.011319111101329327,32766,350,235,2701,2419,3.1196482181549072
2026-04-07T10:25:20.584,radio://0/80/2M,mission,1,2,Scan,0.5016629099845886,0,0,0,0.0,0,0,0.0,0.0,58961,-2,-6,5833,0.017040353268384933,-0.02878883294761181,-2.7626779797174095e-07,0.011319111101329327,32766,350,235,2701,2419,3.1196482181549072
2026-04-07T10:25:20.588,radio://0/80/2M,flow,1,2,Scan,0.5016629099845886,0,0,0,0.0,0,0,0.0,0.0,59211,-2,-7,4508,-0.013532891869544983,-0.14193063974380493,-0.018060000613331795,0.015599999576807022,32766,350,235,2701,2419,3.1196482181549072
2026-04-07T10:25:20.589,radio://0/80/2M,range,1,2,Scan,0.5016629099845886,0,0,0,0.0,0,0,0.0,0.0,59211,-2,-7,4508,-0.013532891869544983,-0.14193063974380493,-0.018060000613331795,0.015599999576807022,98,32766,180,2789,2415,3.1038124561309814
2026-04-07T10:25:20.834,radio://0/80/2M,mission,1,2,Scan,0.453578382730484,0,0,0,0.0,0,0,0.0,0.0,59211,-2,-7,4508,-0.013532891869544983,-0.14193063974380493,-0.018060000613331795,0.015599999576807022,98,32766,180,2789,2415,3.1038124561309814
2026-04-07T10:25:20.838,radio://0/80/2M,flow,1,2,Scan,0.453578382730484,0,0,0,0.0,0,0,0.0,0.0,59461,0,1,3716,0.13516446948051453,-0.07185999304056168,-0.021000001579523087,0.0,98,32766,180,2789,2415,3.1038124561309814
2026-04-07T10:25:20.839,radio://0/80/2M,range,1,2,Scan,0.453578382730484,0,0,0,0.0,0,0,0.0,0.0,59461,0,1,3716,0.13516446948051453,-0.07185999304056168,-0.021000001579523087,0.0,0,32766,32766,32766,2499,2.9718475341796875
2026-04-07T10:25:21.084,radio://0/80/2M,mission,1,2,Scan,0.4950341582298279,0,0,0,0.0,0,0,0.0,0.0,59461,0,1,3716,0.13516446948051453,-0.07185999304056168,-0.021000001579523087,0.0,0,32766,32766,32766,2499,2.9718475341796875
2026-04-07T10:25:21.088,radio://0/80/2M,flow,1,2,Scan,0.4950341582298279,0,0,0,0.0,0,0,0.0,0.0,59711,0,-5,4194,-0.04281210899353027,-0.015088516287505627,-0.01917000114917755,0.017009999603033066,0,32766,32766,32766,2499,2.9718475341796875
2026-04-07T10:25:21.089,radio://0/80/2M,range,1,2,Scan,0.4950341582298279,0,0,0,0.0,0,0,0.0,0.0,59711,0,-5,4194,-0.04281210899353027,-0.015088516287505627,-0.01917000114917755,0.017009999603033066,25,2055,133,664,2397,3.135483980178833
2026-04-07T10:25:21.333,radio://0/80/2M,mission,1,2,Scan,0.5129968523979187,0,0,0,0.0,0,0,0.0,0.0,59711,0,-5,4194,-0.04281210899353027,-0.015088516287505627,-0.01917000114917755,0.017009999603033066,25,2055,133,664,2397,3.135483980178833
2026-04-07T10:25:21.337,radio://0/80/2M,flow,1,2,Scan,0.5129968523979187,0,0,0,0.0,0,0,0.0,0.0,59961,3,0,3687,-0.17778025567531586,0.018673211336135864,-0.015869999304413795,0.017969999462366104,25,2055,133,664,2397,3.135483980178833
2026-04-07T10:25:21.338,radio://0/80/2M,range,1,2,Scan,0.5129968523979187,0,0,0,0.0,0,0,0.0,0.0,59961,3,0,3687,-0.17778025567531586,0.018673211336135864,-0.015869999304413795,0.017969999462366104,24,2282,101,553,2361,3.135483980178833
2026-04-07T10:25:21.583,radio://0/80/2M,mission,1,2,Scan,0.4905209541320801,0,0,0,0.0,0,0,0.0,0.0,59961,3,0,3687,-0.17778025567531586,0.018673211336135864,-0.015869999304413795,0.017969999462366104,24,2282,101,553,2361,3.135483980178833
2026-04-07T10:25:21.587,radio://0/80/2M,flow,1,2,Scan,0.4905209541320801,0,0,0,0.0,0,0,0.0,0.0,60211,5,-2,3687,-0.12153087556362152,-0.004874397534877062,-0.020250001922249794,0.02022000029683113,24,2282,101,553,2361,3.135483980178833
2026-04-07T10:25:21.588,radio://0/80/2M,range,1,2,Scan,0.4905209541320801,0,0,0,0.0,0,0,0.0,0.0,60211,5,-2,3687,-0.12153087556362152,-0.004874397534877062,-0.020250001922249794,0.02022000029683113,25,32766,26,32766,2307,3.019354820251465
2026-04-07T10:25:21.833,radio://0/80/2M,mission,1,2,Scan,0.4479261338710785,0,0,0,0.0,0,0,0.0,0.0,60211,5,-2,3687,-0.12153087556362152,-0.004874397534877062,-0.020250001922249794,0.02022000029683113,25,32766,26,32766,2307,3.019354820251465
2026-04-07T10:25:21.836,radio://0/80/2M,flow,1,2,Scan,0.4479261338710785,0,0,0,0.0,0,0,0.0,0.0,60461,-2,1,3687,0.04568365216255188,-0.0021906686015427113,-0.009300000965595245,0.020280001685023308,25,32766,26,32766,2307,3.019354820251465
2026-04-07T10:25:21.837,radio://0/80/2M,range,1,2,Scan,0.4479261338710785,0,0,0,0.0,0,0,0.0,0.0,60461,-2,1,3687,0.04568365216255188,-0.0021906686015427113,-0.009300000965595245,0.020280001685023308,25,32766,24,335,32766,3.003519058227539
2026-04-07T10:25:22.082,radio://0/80/2M,mission,1,2,Scan,0.47669288516044617,0,0,0,0.0,0,0,0.0,0.0,60461,-2,1,3687,0.04568365216255188,-0.0021906686015427113,-0.009300000965595245,0.020280001685023308,25,32766,24,335,32766,3.003519058227539
2026-04-07T10:25:22.086,radio://0/80/2M,flow,1,2,Scan,0.47669288516044617,0,0,0,0.0,0,0,0.0,0.0,60711,0,0,3687,0.0577462799847126,0.012113615870475769,0.035596057772636414,0.02031378261744976,25,32766,24,335,32766,3.003519058227539
2026-04-07T10:25:22.087,radio://0/80/2M,range,1,2,Scan,0.47669288516044617,0,0,0,0.0,0,0,0.0,0.0,60711,0,0,3687,0.0577462799847126,0.012113615870475769,0.035596057772636414,0.02031378261744976,32766,2456,32766,211,2386,3.10909104347229
2026-04-07T10:25:22.332,radio://0/80/2M,mission,1,2,Scan,0.4894546568393707,0,0,0,0.0,0,0,0.0,0.0,60711,0,0,3687,0.0577462799847126,0.012113615870475769,0.035596057772636414,0.02031378261744976,32766,2456,32766,211,2386,3.10909104347229
2026-04-07T10:25:22.336,radio://0/80/2M,flow,1,2,Scan,0.4894546568393707,0,0,0,0.0,0,0,0.0,0.0,60961,0,-5,3687,0.0036609612870961428,0.03476696088910103,-0.002639998449012637,0.018180001527071,32766,2456,32766,211,2386,3.10909104347229
2026-04-07T10:25:22.337,radio://0/80/2M,range,1,2,Scan,0.4894546568393707,0,0,0,0.0,0,0,0.0,0.0,60961,0,-5,3687,0.0036609612870961428,0.03476696088910103,-0.002639998449012637,0.018180001527071,58,32766,94,146,2383,3.10909104347229
2026-04-07T10:25:22.582,radio://0/80/2M,mission,1,2,Scan,0.5079531669616699,0,0,0,0.0,0,0,0.0,0.0,60961,0,-5,3687,0.0036609612870961428,0.03476696088910103,-0.002639998449012637,0.018180001527071,58,32766,94,146,2383,3.10909104347229
2026-04-07T10:25:22.586,radio://0/80/2M,flow,1,2,Scan,0.5079531669616699,0,0,0,0.0,0,0,0.0,0.0,61211,-2,0,3687,0.01772448793053627,0.08708836138248444,-0.0007500011124648154,0.018210001289844513,58,32766,94,146,2383,3.10909104347229
2026-04-07T10:25:22.587,radio://0/80/2M,range,1,2,Scan,0.5079531669616699,0,0,0,0.0,0,0,0.0,0.0,61211,-2,0,3687,0.01772448793053627,0.08708836138248444,-0.0007500011124648154,0.018210001289844513,90,32766,93,115,2380,3.135483980178833
2026-04-07T10:25:22.833,radio://0/80/2M,mission,1,2,Scan,0.5181065797805786,0,0,0,0.0,0,0,0.0,0.0,61211,-2,0,3687,0.01772448793053627,0.08708836138248444,-0.0007500011124648154,0.018210001289844513,90,32766,93,115,2380,3.135483980178833
2026-04-07T10:25:22.836,radio://0/80/2M,flow,1,2,Scan,0.5181065797805786,0,0,0,0.0,0,0,0.0,0.0,61461,2,3,3687,-0.016395047307014465,0.06987439095973969,0.0001829998509492725,0.01923000067472458,90,32766,93,115,2380,3.135483980178833
2026-04-07T10:25:22.837,radio://0/80/2M,range,1,2,Scan,0.5181065797805786,0,0,0,0.0,0,0,0.0,0.0,61461,2,3,3687,-0.016395047307014465,0.06987439095973969,0.0001829998509492725,0.01923000067472458,122,32766,59,87,2359,3.1302053928375244
2026-04-07T10:25:23.082,radio://0/80/2M,mission,1,2,Scan,0.5128595232963562,0,0,0,0.0,0,0,0.0,0.0,61461,2,3,3687,-0.016395047307014465,0.06987439095973969,0.0001829998509492725,0.01923000067472458,122,32766,59,87,2359,3.1302053928375244
2026-04-07T10:25:23.085,radio://0/80/2M,flow,1,2,Scan,0.5128595232963562,0,0,0,0.0,0,0,0.0,0.0,61711,23,0,3687,-0.042271990329027176,0.04227832332253456,0.0015997289447113872,0.019530000165104866,122,32766,59,87,2359,3.1302053928375244
2026-04-07T10:25:23.087,radio://0/80/2M,range,1,2,Scan,0.5128595232963562,0,0,0,0.0,0,0,0.0,0.0,61711,23,0,3687,-0.042271990329027176,0.04227832332253456,0.0015997289447113872,0.019530000165104866,229,32766,49,66,2373,3.1143696308135986
2026-04-07T10:25:23.332,radio://0/80/2M,mission,1,2,Scan,0.5091040730476379,0,0,0,0.0,0,0,0.0,0.0,61711,23,0,3687,-0.042271990329027176,0.04227832332253456,0.0015997289447113872,0.019530000165104866,229,32766,49,66,2373,3.1143696308135986
2026-04-07T10:25:23.335,radio://0/80/2M,flow,1,2,Scan,0.5091040730476379,0,0,0,0.0,0,0,0.0,0.0,61961,11,-1,3687,-0.04258508235216141,0.03918038681149483,0.061394572257995605,0.06867916136980057,229,32766,49,66,2373,3.1143696308135986
2026-04-07T10:25:23.336,radio://0/80/2M,range,1,2,Scan,0.5091040730476379,0,0,0,0.0,0,0,0.0,0.0,61961,11,-1,3687,-0.04258508235216141,0.03918038681149483,0.061394572257995605,0.06867916136980057,32766,32766,11,86,2376,3.124926805496216
2026-04-07T10:25:23.582,radio://0/80/2M,mission,1,2,Scan,0.5109592080116272,0,0,0,0.0,0,0,0.0,0.0,61961,11,-1,3687,-0.04258508235216141,0.03918038681149483,0.061394572257995605,0.06867916136980057,32766,32766,11,86,2376,3.124926805496216
2026-04-07T10:25:23.585,radio://0/80/2M,flow,1,2,Scan,0.5109592080116272,0,0,0,0.0,0,0,0.0,0.0,62211,0,0,3687,-0.0012194998562335968,0.08217000961303711,0.05731187388300896,0.053541213274002075,32766,32766,11,86,2376,3.124926805496216
2026-04-07T10:25:23.586,radio://0/80/2M,range,1,2,Scan,0.5109592080116272,0,0,0,0.0,0,0,0.0,0.0,62211,0,0,3687,-0.0012194998562335968,0.08217000961303711,0.05731187388300896,0.053541213274002075,2353,536,8,133,2391,3.1302053928375244
2026-04-07T10:25:23.832,radio://0/80/2M,mission,1,2,Scan,0.5150808095932007,0,0,0,0.0,0,0,0.0,0.0,62211,0,0,3687,-0.0012194998562335968,0.08217000961303711,0.05731187388300896,0.053541213274002075,2353,536,8,133,2391,3.1302053928375244
2026-04-07T10:25:23.835,radio://0/80/2M,flow,1,2,Scan,0.5150808095932007,0,0,0,0.0,0,0,0.0,0.0,62461,1,0,4697,0.0777762159705162,0.11384113132953644,0.052403129637241364,0.04546213150024414,2353,536,8,133,2391,3.1302053928375244
2026-04-07T10:25:23.836,radio://0/80/2M,range,1,2,Scan,0.5150808095932007,0,0,0,0.0,0,0,0.0,0.0,62461,1,0,4697,0.0777762159705162,0.11384113132953644,0.052403129637241364,0.04546213150024414,2360,500,49,177,2386,3.1302053928375244
2026-04-07T10:25:24.081,radio://0/80/2M,mission,1,2,Scan,0.5156829953193665,0,0,0,0.0,0,0,0.0,0.0,62461,1,0,4697,0.0777762159705162,0.11384113132953644,0.052403129637241364,0.04546213150024414,2360,500,49,177,2386,3.1302053928375244
2026-04-07T10:25:24.084,radio://0/80/2M,flow,1,2,Scan,0.5156829953193665,0,0,0,0.0,0,0,0.0,0.0,62711,-3,3,5984,0.005812286864966154,0.07063465565443039,0.011524712666869164,0.04436967521905899,2360,500,49,177,2386,3.1302053928375244
2026-04-07T10:25:24.085,radio://0/80/2M,range,1,2,Scan,0.5156829953193665,0,0,0,0.0,0,0,0.0,0.0,62711,-3,3,5984,0.005812286864966154,0.07063465565443039,0.011524712666869164,0.04436967521905899,32766,503,52,32766,2391,3.1302053928375244
2026-04-07T10:25:24.331,radio://0/80/2M,mission,1,2,Scan,0.5112338662147522,0,0,0,0.0,0,0,0.0,0.0,62711,-3,3,5984,0.005812286864966154,0.07063465565443039,0.011524712666869164,0.04436967521905899,32766,503,52,32766,2391,3.1302053928375244
2026-04-07T10:25:24.334,radio://0/80/2M,flow,1,2,Scan,0.5112338662147522,0,0,0,0.0,0,0,0.0,0.0,62961,-3,0,5984,0.015981432050466537,-0.007044652942568064,0.058072466403245926,0.0452076718211174,32766,503,52,32766,2391,3.1302053928375244
2026-04-07T10:25:24.336,radio://0/80/2M,range,1,2,Scan,0.5112338662147522,0,0,0,0.0,0,0,0.0,0.0,62961,-3,0,5984,0.015981432050466537,-0.007044652942568064,0.058072466403245926,0.0452076718211174,32766,519,67,118,2401,3.135483980178833
2026-04-07T10:25:24.581,radio://0/80/2M,mission,1,2,Scan,0.509358823299408,0,0,0,0.0,0,0,0.0,0.0,62961,-3,0,5984,0.015981432050466537,-0.007044652942568064,0.058072466403245926,0.0452076718211174,32766,519,67,118,2401,3.135483980178833
2026-04-07T10:25:24.584,radio://0/80/2M,flow,1,2,Scan,0.509358823299408,0,0,0,0.0,0,0,0.0,0.0,63211,0,-1,5984,-0.040208496153354645,0.055133409798145294,0.0601283460855484,0.047235552221536636,32766,519,67,118,2401,3.135483980178833
2026-04-07T10:25:24.585,radio://0/80/2M,range,1,2,Scan,0.509358823299408,0,0,0,0.0,0,0,0.0,0.0,63211,0,-1,5984,-0.040208496153354645,0.055133409798145294,0.0601283460855484,0.047235552221536636,32766,571,92,97,2409,3.1302053928375244
2026-04-07T10:25:24.830,radio://0/80/2M,mission,1,2,Scan,0.5170195698738098,0,0,0,0.0,0,0,0.0,0.0,63211,0,-1,5984,-0.040208496153354645,0.055133409798145294,0.0601283460855484,0.047235552221536636,32766,571,92,97,2409,3.1302053928375244
2026-04-07T10:25:24.834,radio://0/80/2M,flow,1,2,Scan,0.5170195698738098,0,0,0,0.0,0,0,0.0,0.0,63461,-3,1,6755,-0.036799732595682144,0.07905285060405731,0.05874494090676308,-0.00033517260453663766,32766,571,92,97,2409,3.1302053928375244
2026-04-07T10:25:24.836,radio://0/80/2M,range,1,2,Scan,0.5170195698738098,0,0,0,0.0,0,0,0.0,0.0,63461,-3,1,6755,-0.036799732595682144,0.07905285060405731,0.05874494090676308,-0.00033517260453663766,32766,649,32766,113,2407,3.14604115486145
2026-04-07T10:25:25.080,radio://0/80/2M,mission,1,2,Scan,0.5096849799156189,0,0,0,0.0,0,0,0.0,0.0,63461,-3,1,6755,-0.036799732595682144,0.07905285060405731,0.05874494090676308,-0.00033517260453663766,32766,649,32766,113,2407,3.14604115486145
2026-04-07T10:25:25.084,radio://0/80/2M,flow,1,2,Scan,0.5096849799156189,0,0,0,0.0,0,0,0.0,0.0,63711,-2,1,6755,0.0051041883416473866,0.0396743007004261,0.055523842573165894,-1.3460287846100982e-05,32766,649,32766,113,2407,3.14604115486145
2026-04-07T10:25:25.086,radio://0/80/2M,range,1,2,Scan,0.5096849799156189,0,0,0,0.0,0,0,0.0,0.0,63711,-2,1,6755,0.0051041883416473866,0.0396743007004261,0.055523842573165894,-1.3460287846100982e-05,32766,749,32766,151,2414,3.10909104347229
2026-04-07T10:25:25.330,radio://0/80/2M,mission,1,2,Scan,0.5044788122177124,0,0,0,0.0,0,0,0.0,0.0,63711,-2,1,6755,0.0051041883416473866,0.0396743007004261,0.055523842573165894,-1.3460287846100982e-05,32766,749,32766,151,2414,3.10909104347229
2026-04-07T10:25:25.334,radio://0/80/2M,flow,1,2,Scan,0.5044788122177124,0,0,0,0.0,0,0,0.0,0.0,63961,0,0,6755,0.0037919096648693085,0.03256312757730484,0.04674287140369415,-1.8051160566301405e-09,32766,749,32766,151,2414,3.10909104347229
2026-04-07T10:25:25.335,radio://0/80/2M,range,1,2,Scan,0.5044788122177124,0,0,0,0.0,0,0,0.0,0.0,63961,0,0,6755,0.0037919096648693085,0.03256312757730484,0.04674287140369415,-1.8051160566301405e-09,1927,810,32766,234,2407,3.1143696308135986
2026-04-07T10:25:25.580,radio://0/80/2M,mission,1,2,Scan,0.5082316398620605,0,0,0,0.0,0,0,0.0,0.0,63961,0,0,6755,0.0037919096648693085,0.03256312757730484,0.04674287140369415,-1.8051160566301405e-09,1927,810,32766,234,2407,3.1143696308135986
2026-04-07T10:25:25.583,radio://0/80/2M,flow,1,2,Scan,0.5082316398620605,0,0,0,0.0,0,0,0.0,0.0,64211,3,0,6755,-0.012551733292639256,0.02912745252251625,0.031777456402778625,-2.420783300378926e-13,1927,810,32766,234,2407,3.1143696308135986
2026-04-07T10:25:25.584,radio://0/80/2M,range,1,2,Scan,0.5082316398620605,0,0,0,0.0,0,0,0.0,0.0,64211,3,0,6755,-0.012551733292639256,0.02912745252251625,0.031777456402778625,-2.420783300378926e-13,2401,910,2518,398,2414,3.1196482181549072
2026-04-07T10:25:25.830,radio://0/80/2M,mission,1,2,Scan,0.5126476287841797,0,0,0,0.0,0,0,0.0,0.0,64211,3,0,6755,-0.012551733292639256,0.02912745252251625,0.031777456402778625,-2.420783300378926e-13,2401,910,2518,398,2414,3.1196482181549072
2026-04-07T10:25:25.833,radio://0/80/2M,flow,1,2,Scan,0.5126476287841797,0,0,0,0.0,0,0,0.0,0.0,64461,2,2,6755,-0.013688026927411556,0.03718828782439232,0.01749344728887081,-3.2464347574701327e-17,2401,910,2518,398,2414,3.1196482181549072
2026-04-07T10:25:25.834,radio://0/80/2M,range,1,2,Scan,0.5126476287841797,0,0,0,0.0,0,0,0.0,0.0,64461,2,2,6755,-0.013688026927411556,0.03718828782439232,0.01749344728887081,-3.2464347574701327e-17,2305,1030,32766,528,2396,3.1196482181549072
2026-04-07T10:25:26.081,radio://0/80/2M,mission,1,2,Scan,0.5105385780334473,0,0,0,0.0,0,0,0.0,0.0,64461,2,2,6755,-0.013688026927411556,0.03718828782439232,0.01749344728887081,-3.2464347574701327e-17,2305,1030,32766,528,2396,3.1196482181549072
2026-04-07T10:25:26.085,radio://0/80/2M,flow,1,2,Scan,0.5105385780334473,0,0,0,0.0,0,0,0.0,0.0,64711,0,0,5567,-0.0023872682359069586,0.010384121909737587,0.0018744675908237696,-4.353690670762401e-21,2305,1030,32766,528,2396,3.1196482181549072
2026-04-07T10:25:26.086,radio://0/80/2M,range,1,2,Scan,0.5105385780334473,0,0,0,0.0,0,0,0.0,0.0,64711,0,0,5567,-0.0023872682359069586,0.010384121909737587,0.0018744675908237696,-4.353690670762401e-21,2170,1219,32766,694,2409,3.1143696308135986
2026-04-07T10:25:26.329,radio://0/80/2M,mission,1,2,Scan,0.5061184763908386,0,0,0,0.0,0,0,0.0,0.0,64711,0,0,5567,-0.0023872682359069586,0.010384121909737587,0.0018744675908237696,-4.353690670762401e-21,2170,1219,32766,694,2409,3.1143696308135986
2026-04-07T10:25:26.333,radio://0/80/2M,flow,1,2,Scan,0.5061184763908386,0,0,0,0.0,0,0,0.0,0.0,64961,4,-1,5546,0.14932122826576233,0.19181840121746063,8.548466325919435e-07,-5.838595724774209e-25,2170,1219,32766,694,2409,3.1143696308135986
2026-04-07T10:25:26.335,radio://0/80/2M,range,1,2,Scan,0.5061184763908386,0,0,0,0.0,0,0,0.0,0.0,64961,4,-1,5546,0.14932122826576233,0.19181840121746063,8.548466325919435e-07,-5.838595724774209e-25,2088,1347,32766,810,2418,3.1143696308135986
2026-04-07T10:25:26.579,radio://0/80/2M,mission,1,2,Scan,0.4870070815086365,0,0,0,0.0,0,0,0.0,0.0,64961,4,-1,5546,0.14932122826576233,0.19181840121746063,8.548466325919435e-07,-5.838595724774209e-25,2088,1347,32766,810,2418,3.1143696308135986
2026-04-07T10:25:26.583,radio://0/80/2M,flow,1,2,Scan,0.4870070815086365,0,0,0,0.0,0,0,0.0,0.0,65211,-12,24,5845,0.05793474242091179,0.10892375558614731,-0.018689999356865883,0.018959999084472656,2088,1347,32766,810,2418,3.1143696308135986
2026-04-07T10:25:26.584,radio://0/80/2M,range,1,2,Scan,0.4870070815086365,0,0,0,0.0,0,0,0.0,0.0,65211,-12,24,5845,0.05793474242091179,0.10892375558614731,-0.018689999356865883,0.018959999084472656,77,32766,68,1018,2452,2.7765395641326904
2026-04-07T10:25:26.829,radio://0/80/2M,mission,1,2,Scan,0.4614841639995575,0,0,0,0.0,0,0,0.0,0.0,65211,-12,24,5845,0.05793474242091179,0.10892375558614731,-0.018689999356865883,0.018959999084472656,77,32766,68,1018,2452,2.7765395641326904
2026-04-07T10:25:26.832,radio://0/80/2M,flow,1,2,Scan,0.4614841639995575,0,0,0,0.0,0,0,0.0,0.0,65461,2,-2,5480,0.2611914575099945,0.770263135433197,-0.018210001289844513,0.0,77,32766,68,1018,2452,2.7765395641326904
2026-04-07T10:25:26.833,radio://0/80/2M,range,1,2,Scan,0.4614841639995575,0,0,0,0.0,0,0,0.0,0.0,65461,2,-2,5480,0.2611914575099945,0.770263135433197,-0.018210001289844513,0.0,93,1386,32766,32766,123,2.7395894527435303
2026-04-07T10:25:27.078,radio://0/80/2M,mission,1,2,Scan,0.15944530069828033,0,0,0,0.0,0,0,0.0,0.0,65461,2,-2,5480,0.2611914575099945,0.770263135433197,-0.018210001289844513,0.0,93,1386,32766,32766,123,2.7395894527435303
2026-04-07T10:25:27.082,radio://0/80/2M,flow,1,2,Scan,0.15944530069828033,0,0,0,0.0,0,0,0.0,0.0,65711,-32,-4,5020,0.006379540544003248,2.427302837371826,0.0,0.0,93,1386,32766,32766,123,2.7395894527435303
2026-04-07T10:25:27.084,radio://0/80/2M,range,1,2,Scan,0.15944530069828033,0,0,0,0.0,0,0,0.0,0.0,65711,-32,-4,5020,0.006379540544003248,2.427302837371826,0.0,0.0,32766,1365,32766,32766,32766,2.9454545974731445
2026-04-07T10:25:27.329,radio://0/80/2M,mission,1,2,Scan,-0.05111415311694145,0,0,0,0.0,0,0,0.0,0.0,65711,-32,-4,5020,0.006379540544003248,2.427302837371826,0.0,0.0,32766,1365,32766,32766,32766,2.9454545974731445
2026-04-07T10:25:27.332,radio://0/80/2M,flow,1,2,Scan,-0.05111415311694145,0,0,0,0.0,0,0,0.0,0.0,65961,21,-2,3805,3.5218358039855957,1.3120269775390625,0.0,0.0,32766,1365,32766,32766,32766,2.9454545974731445
2026-04-07T10:25:27.333,radio://0/80/2M,range,1,2,Scan,-0.05111415311694145,0,0,0,0.0,0,0,0.0,0.0,65961,21,-2,3805,3.5218358039855957,1.3120269775390625,0.0,0.0,75,0,32766,32766,32766,3.2727272510528564
2026-04-07T10:25:27.578,radio://0/80/2M,mission,1,2,Scan,-0.23557107150554657,0,0,0,0.0,0,0,0.0,0.0,65961,21,-2,3805,3.5218358039855957,1.3120269775390625,0.0,0.0,75,0,32766,32766,32766,3.2727272510528564
2026-04-07T10:25:27.582,radio://0/80/2M,flow,1,2,Scan,-0.23557107150554657,0,0,0,0.0,0,0,0.0,0.0,66211,19,26,2654,0.8098520636558533,1.9039204120635986,0.0,0.0,75,0,32766,32766,32766,3.2727272510528564
2026-04-07T10:25:27.584,radio://0/80/2M,range,1,2,Scan,-0.23557107150554657,0,0,0,0.0,0,0,0.0,0.0,66211,19,26,2654,0.8098520636558533,1.9039204120635986,0.0,0.0,153,429,112,32766,2998,3.3624634742736816
2026-04-07T10:25:27.829,radio://0/80/2M,mission,1,2,Scan,0.09511063247919083,0,0,0,0.0,0,0,0.0,0.0,66211,19,26,2654,0.8098520636558533,1.9039204120635986,0.0,0.0,153,429,112,32766,2998,3.3624634742736816
2026-04-07T10:25:27.832,radio://0/80/2M,flow,1,2,Scan,0.09511063247919083,0,0,0,0.0,0,0,0.0,0.0,66461,-5,-14,3275,1.6648876667022705,-2.7798011302948,0.0,0.0,153,429,112,32766,2998,3.3624634742736816
2026-04-07T10:25:27.833,radio://0/80/2M,range,1,2,Scan,0.09511063247919083,0,0,0,0.0,0,0,0.0,0.0,66461,-5,-14,3275,1.6648876667022705,-2.7798011302948,0.0,0.0,63,32766,61,32766,198,2.8821115493774414
2026-04-07T10:25:28.078,radio://0/80/2M,mission,1,2,Scan,-0.18802574276924133,0,0,0,0.0,0,0,0.0,0.0,66461,-5,-14,3275,1.6648876667022705,-2.7798011302948,0.0,0.0,63,32766,61,32766,198,2.8821115493774414
2026-04-07T10:25:28.081,radio://0/80/2M,flow,1,2,Scan,-0.18802574276924133,0,0,0,0.0,0,0,0.0,0.0,66711,6,-19,1171,0.824218213558197,-1.9795711040496826,0.0,0.0,63,32766,61,32766,198,2.8821115493774414
2026-04-07T10:25:28.083,radio://0/80/2M,range,1,2,Scan,-0.18802574276924133,0,0,0,0.0,0,0,0.0,0.0,66711,6,-19,1171,0.824218213558197,-1.9795711040496826,0.0,0.0,99,5,32766,44,23,3.605278730392456
2026-04-07T10:25:28.328,radio://0/80/2M,mission,1,2,Scan,-0.8001116514205933,0,0,0,0.0,0,0,0.0,0.0,66711,6,-19,1171,0.824218213558197,-1.9795711040496826,0.0,0.0,99,5,32766,44,23,3.605278730392456
2026-04-07T10:25:28.333,radio://0/80/2M,flow,1,2,Scan,-0.8001116514205933,0,0,0,0.0,0,0,0.0,0.0,66961,2,-3,1171,-0.026009388267993927,0.4173789918422699,0.0,0.0,99,5,32766,44,23,3.605278730392456
2026-04-07T10:25:28.334,radio://0/80/2M,range,1,2,Scan,-0.8001116514205933,0,0,0,0.0,0,0,0.0,0.0,66961,2,-3,1171,-0.026009388267993927,0.4173789918422699,0.0,0.0,32766,36,63,49,24,3.6791789531707764
2026-04-07T10:25:28.577,radio://0/80/2M,mission,1,2,Scan,-1.4147382974624634,0,0,0,0.0,0,0,0.0,0.0,66961,2,-3,1171,-0.026009388267993927,0.4173789918422699,0.0,0.0,32766,36,63,49,24,3.6791789531707764
2026-04-07T10:25:28.582,radio://0/80/2M,flow,1,2,Scan,-1.4147382974624634,0,0,0,0.0,0,0,0.0,0.0,67211,0,0,1171,-2.0076005458831787,3.813903331756592,0.0,0.0,32766,36,63,49,24,3.6791789531707764
2026-04-07T10:25:28.583,radio://0/80/2M,range,1,2,Scan,-1.4147382974624634,0,0,0,0.0,0,0,0.0,0.0,67211,0,0,1171,-2.0076005458831787,3.813903331756592,0.0,0.0,74,41,66,46,23,3.695014715194702
2026-04-07T10:25:28.828,radio://0/80/2M,mission,1,2,Scan,-0.8018816709518433,0,0,0,0.0,0,0,0.0,0.0,67211,0,0,1171,-2.0076005458831787,3.813903331756592,0.0,0.0,74,41,66,46,23,3.695014715194702
2026-04-07T10:25:28.831,radio://0/80/2M,flow,1,2,Scan,-0.8018816709518433,0,0,0,0.0,0,0,0.0,0.0,67461,0,0,1171,-3.316072940826416,9.058053016662598,0.0,0.0,74,41,66,46,23,3.695014715194702
2026-04-07T10:25:28.832,radio://0/80/2M,range,1,2,Scan,-0.8018816709518433,0,0,0,0.0,0,0,0.0,0.0,67461,0,0,1171,-3.316072940826416,9.058053016662598,0.0,0.0,70,41,73,41,25,3.7055718898773193
2026-04-07T10:25:29.077,radio://0/80/2M,mission,1,5,Transition,1.084831953048706,0,0,0,0.0,0,0,0.0,0.0,67461,0,0,1171,-3.316072940826416,9.058053016662598,0.0,0.0,70,41,73,41,25,3.7055718898773193
2026-04-07T10:25:29.081,radio://0/80/2M,flow,1,5,Transition,1.084831953048706,0,0,0,0.0,0,0,0.0,0.0,67711,0,-7,1171,-2.9048526287078857,9.147783279418945,-0.002883677836507559,0.07220719009637833,70,41,73,41,25,3.7055718898773193
2026-04-07T10:25:29.082,radio://0/80/2M,range,1,5,Transition,1.084831953048706,0,0,0,0.0,0,0,0.0,0.0,67711,0,-7,1171,-2.9048526287078857,9.147783279418945,-0.002883677836507559,0.07220719009637833,72,40,74,97,25,3.710850477218628
2026-04-07T10:25:29.327,radio://0/80/2M,mission,1,5,Transition,2.747349739074707,0,0,0,0.0,0,0,0.0,0.0,67711,0,-7,1171,-2.9048526287078857,9.147783279418945,-0.002883677836507559,0.07220719009637833,72,40,74,97,25,3.710850477218628
2026-04-07T10:25:29.331,radio://0/80/2M,flow,1,5,Transition,2.747349739074707,0,0,0,0.0,0,0,0.0,0.0,67961,-2,2,1171,-2.820382595062256,9.058876037597656,-0.005438571330159903,0.07243715226650238,72,40,74,97,25,3.710850477218628
2026-04-07T10:25:29.332,radio://0/80/2M,range,1,5,Transition,2.747349739074707,0,0,0,0.0,0,0,0.0,0.0,67961,-2,2,1171,-2.820382595062256,9.058876037597656,-0.005438571330159903,0.07243715226650238,70,42,74,117,25,3.7161290645599365
2026-04-07T10:25:29.577,radio://0/80/2M,mission,1,0,Reacquire Wall,4.522378921508789,0,0,0,0.0,0,0,0.0,0.0,67961,-2,2,1171,-2.820382595062256,9.058876037597656,-0.005438571330159903,0.07243715226650238,70,42,74,117,25,3.7161290645599365
2026-04-07T10:25:29.581,radio://0/80/2M,flow,1,0,Reacquire Wall,4.522378921508789,0,0,0,0.0,0,0,0.0,0.0,68211,2,-4,1171,-2.785062551498413,9.108147621154785,-0.07336359471082687,0.07289928197860718,70,42,74,117,25,3.7161290645599365
2026-04-07T10:25:29.582,radio://0/80/2M,range,1,0,Reacquire Wall,4.522378921508789,0,0,0,0.0,0,0,0.0,0.0,68211,2,-4,1171,-2.785062551498413,9.108147621154785,-0.07336359471082687,0.07289928197860718,68,39,72,32766,25,3.7161290645599365
2026-04-07T10:25:29.827,radio://0/80/2M,mission,1,0,Reacquire Wall,6.418671607971191,0,0,0,0.0,0,0,0.0,0.0,68211,2,-4,1171,-2.785062551498413,9.108147621154785,-0.07336359471082687,0.07289928197860718,68,39,72,32766,25,3.7161290645599365
2026-04-07T10:25:29.830,radio://0/80/2M,flow,1,0,Reacquire Wall,6.418671607971191,0,0,0,0.0,0,0,0.0,0.0,68461,0,0,1171,-2.7173655033111572,8.95965576171875,0.0003543537750374526,0.07672445476055145,68,39,72,32766,25,3.7161290645599365
2026-04-07T10:25:29.831,radio://0/80/2M,range,1,0,Reacquire Wall,6.418671607971191,0,0,0,0.0,0,0,0.0,0.0,68461,0,0,1171,-2.7173655033111572,8.95965576171875,0.0003543537750374526,0.07672445476055145,68,40,69,38,26,3.7266862392425537
2026-04-07T10:25:30.076,radio://0/80/2M,mission,1,0,Reacquire Wall,8.438970565795898,0,0,0,0.0,0,0,0.0,0.0,68461,0,0,1171,-2.7173655033111572,8.95965576171875,0.0003543537750374526,0.07672445476055145,68,40,69,38,26,3.7266862392425537
2026-04-07T10:25:30.080,radio://0/80/2M,flow,1,0,Reacquire Wall,8.438970565795898,0,0,0,0.0,0,0,0.0,0.0,68711,-1,3,1171,-2.613098621368408,8.666237831115723,5.7573706726543605e-05,0.07359429448843002,68,40,69,38,26,3.7266862392425537
2026-04-07T10:25:30.081,radio://0/80/2M,range,1,0,Reacquire Wall,8.438970565795898,0,0,0,0.0,0,0,0.0,0.0,68711,-1,3,1171,-2.613098621368408,8.666237831115723,5.7573706726543605e-05,0.07359429448843002,69,44,70,64,19,3.7319648265838623
2026-04-07T10:25:30.326,radio://0/80/2M,mission,1,0,Reacquire Wall,10.574831008911133,0,0,0,0.0,0,0,0.0,0.0,68711,-1,3,1171,-2.613098621368408,8.666237831115723,5.7573706726543605e-05,0.07359429448843002,69,44,70,64,19,3.7319648265838623
2026-04-07T10:25:30.331,radio://0/80/2M,flow,1,0,Reacquire Wall,10.574831008911133,0,0,0,0.0,0,0,0.0,0.0,68961,5,-5,2725,-2.4075276851654053,8.309762001037598,2.321603096788749e-05,0.07266710698604584,69,44,70,64,19,3.7319648265838623
2026-04-07T10:25:30.332,radio://0/80/2M,range,1,0,Reacquire Wall,10.574831008911133,0,0,0,0.0,0,0,0.0,0.0,68961,5,-5,2725,-2.4075276851654053,8.309762001037598,2.321603096788749e-05,0.07266710698604584,70,43,74,68,26,3.737243413925171
2026-04-07T10:25:30.576,radio://0/80/2M,mission,1,0,Reacquire Wall,-0.02834257483482361,0,0,0,0.0,0,0,0.0,0.0,68961,5,-5,2725,-2.4075276851654053,8.309762001037598,2.321603096788749e-05,0.07266710698604584,70,43,74,68,26,3.737243413925171
2026-04-07T10:25:30.580,radio://0/80/2M,flow,1,0,Reacquire Wall,-0.02834257483482361,0,0,0,0.0,0,0,0.0,0.0,69211,-16,-2,3075,0.13422489166259766,-0.3835807740688324,0.10499095171689987,0.0,70,43,74,68,26,3.737243413925171
2026-04-07T10:25:30.581,radio://0/80/2M,range,1,0,Reacquire Wall,-0.02834257483482361,0,0,0,0.0,0,0,0.0,0.0,69211,-16,-2,3075,0.13422489166259766,-0.3835807740688324,0.10499095171689987,0.0,32766,92,32766,185,33,3.737243413925171
2026-04-07T10:25:30.825,radio://0/80/2M,mission,1,0,Reacquire Wall,-0.08975111693143845,0,0,0,0.0,0,0,0.0,0.0,69211,-16,-2,3075,0.13422489166259766,-0.3835807740688324,0.10499095171689987,0.0,32766,92,32766,185,33,3.737243413925171
2026-04-07T10:25:30.829,radio://0/80/2M,flow,1,0,Reacquire Wall,-0.08975111693143845,0,0,0,0.0,0,0,0.0,0.0,69461,-5,-1,4370,2.139192819595337,-3.2120211124420166,0.005367820151150227,0.0,32766,92,32766,185,33,3.737243413925171
2026-04-07T10:25:30.830,radio://0/80/2M,range,1,0,Reacquire Wall,-0.08975111693143845,0,0,0,0.0,0,0,0.0,0.0,69461,-5,-1,4370,2.139192819595337,-3.2120211124420166,0.005367820151150227,0.0,594,171,32766,454,32766,3.7425220012664795
2026-04-07T10:25:31.076,radio://0/80/2M,mission,1,0,Reacquire Wall,0.0849018469452858,0,0,0,0.0,0,0,0.0,0.0,69461,-5,-1,4370,2.139192819595337,-3.2120211124420166,0.005367820151150227,0.0,594,171,32766,454,32766,3.7425220012664795
2026-04-07T10:25:31.080,radio://0/80/2M,flow,1,0,Reacquire Wall,0.0849018469452858,0,0,0,0.0,0,0,0.0,0.0,69711,4,-4,6901,4.984283447265625,-5.792791366577148,0.036034487187862396,0.07681887596845627,594,171,32766,454,32766,3.7425220012664795
2026-04-07T10:25:31.081,radio://0/80/2M,range,1,0,Reacquire Wall,0.0849018469452858,0,0,0,0.0,0,0,0.0,0.0,69711,4,-4,6901,4.984283447265625,-5.792791366577148,0.036034487187862396,0.07681887596845627,32766,953,352,543,32766,3.7425220012664795
2026-04-07T10:25:31.331,radio://0/80/2M,mission,1,0,Reacquire Wall,0.1753031462430954,0,0,0,0.0,0,0,0.0,0.0,69711,4,-4,6901,4.984283447265625,-5.792791366577148,0.036034487187862396,0.07681887596845627,32766,953,352,543,32766,3.7425220012664795
2026-04-07T10:25:31.332,radio://0/80/2M,flow,1,0,Reacquire Wall,0.1753031462430954,0,0,0,0.0,0,0,0.0,0.0,69961,0,1,5492,7.076456546783447,-5.999492168426514,0.05758017301559448,0.03193496912717819,32766,953,352,543,32766,3.7425220012664795
2026-04-07T10:25:31.333,radio://0/80/2M,range,1,0,Reacquire Wall,0.1753031462430954,0,0,0,0.0,0,0,0.0,0.0,69961,0,1,5492,7.076456546783447,-5.999492168426514,0.05758017301559448,0.03193496912717819,1619,894,546,391,2453,3.7530791759490967
2026-04-07T10:25:31.575,radio://0/80/2M,mission,1,0,Reacquire Wall,0.20043055713176727,0,0,0,0.0,0,0,0.0,0.0,69961,0,1,5492,7.076456546783447,-5.999492168426514,0.05758017301559448,0.03193496912717819,1619,894,546,391,2453,3.7530791759490967
2026-04-07T10:25:31.579,radio://0/80/2M,flow,1,0,Reacquire Wall,0.20043055713176727,0,0,0,0.0,0,0,0.0,0.0,70211,15,7,4952,7.301824569702148,-6.2316813468933105,0.07529614865779877,1.8516795535106212e-05,1619,894,546,391,2453,3.7530791759490967
2026-04-07T10:25:31.580,radio://0/80/2M,range,1,0,Reacquire Wall,0.20043055713176727,0,0,0,0.0,0,0,0.0,0.0,70211,15,7,4952,7.301824569702148,-6.2316813468933105,0.07529614865779877,1.8516795535106212e-05,32766,749,32766,352,2092,3.7530791759490967
2026-04-07T10:25:31.918,radio://0/80/2M,mission,1,0,Reacquire Wall,0.23205600678920746,0,0,0,0.0,0,0,0.0,0.0,70211,15,7,4952,7.301824569702148,-6.2316813468933105,0.07529614865779877,1.8516795535106212e-05,32766,749,32766,352,2092,3.7530791759490967
2026-04-07T10:25:32.085,radio://0/80/2M,flow,1,0,Reacquire Wall,0.23205600678920746,0,0,0,0.0,0,0,0.0,0.0,70461,2,4,4463,5.985908508300781,-5.56808614730835,0.0015140355098992586,2.483228511707125e-09,32766,749,32766,352,2092,3.7530791759490967
2026-04-07T10:25:32.088,radio://0/80/2M,range,1,0,Reacquire Wall,0.23205600678920746,0,0,0,0.0,0,0,0.0,0.0,70461,2,4,4463,5.985908508300781,-5.56808614730835,0.0015140355098992586,2.483228511707125e-09,32766,32766,32766,32766,2662,3.7530791759490967
2026-04-07T10:25:32.092,radio://0/80/2M,mission,1,0,Reacquire Wall,0.21505679190158844,0,0,0,0.0,0,0,0.0,0.0,70461,2,4,4463,5.985908508300781,-5.56808614730835,0.0015140355098992586,2.483228511707125e-09,32766,32766,32766,32766,2662,3.7530791759490967
2026-04-07T10:25:32.094,radio://0/80/2M,flow,1,0,Reacquire Wall,0.21505679190158844,0,0,0,0.0,0,0,0.0,0.0,70711,-1,4,4578,4.1146159172058105,-5.2862372398376465,2.0304246106661594e-07,0.10564671456813812,32766,32766,32766,32766,2662,3.7530791759490967
2026-04-07T10:25:32.095,radio://0/80/2M,range,1,0,Reacquire Wall,0.21505679190158844,0,0,0,0.0,0,0,0.0,0.0,70711,-1,4,4578,4.1146159172058105,-5.2862372398376465,2.0304246106661594e-07,0.10564671456813812,1792,32766,286,32766,32766,3.7583577632904053
2026-04-07T10:25:32.328,radio://0/80/2M,mission,1,5,Transition,0.13811515271663666,0,0,0,0.0,0,0,0.0,0.0,70711,-1,4,4578,4.1146159172058105,-5.2862372398376465,2.0304246106661594e-07,0.10564671456813812,1792,32766,286,32766,32766,3.7583577632904053
2026-04-07T10:25:32.332,radio://0/80/2M,flow,1,5,Transition,0.13811515271663666,0,0,0,0.0,0,0,0.0,0.0,70961,8,0,4678,2.469965934753418,-4.103505611419678,2.722937327004349e-11,0.10775686800479889,1792,32766,286,32766,32766,3.7583577632904053
2026-04-07T10:25:32.334,radio://0/80/2M,range,1,5,Transition,0.13811515271663666,0,0,0,0.0,0,0,0.0,0.0,70961,8,0,4678,2.469965934753418,-4.103505611419678,2.722937327004349e-11,0.10775686800479889,1849,32766,280,741,2270,3.7583577632904053
2026-04-07T10:25:32.578,radio://0/80/2M,mission,1,5,Transition,0.05245217680931091,0,0,0,0.0,0,0,0.0,0.0,70961,8,0,4678,2.469965934753418,-4.103505611419678,2.722937327004349e-11,0.10775686800479889,1849,32766,280,741,2270,3.7583577632904053
2026-04-07T10:25:32.582,radio://0/80/2M,flow,1,5,Transition,0.05245217680931091,0,0,0,0.0,0,0,0.0,0.0,71211,0,0,4817,1.1086368560791016,-2.987020254135132,3.6516445859409614e-15,0.10470984876155853,1849,32766,280,741,2270,3.7583577632904053
2026-04-07T10:25:32.584,radio://0/80/2M,range,1,5,Transition,0.05245217680931091,0,0,0,0.0,0,0,0.0,0.0,71211,0,0,4817,1.1086368560791016,-2.987020254135132,3.6516445859409614e-15,0.10470984876155853,1995,32766,288,967,2231,3.7583577632904053
2026-04-07T10:25:32.827,radio://0/80/2M,mission,1,5,Transition,0.008748814463615417,0,0,0,0.0,0,0,0.0,0.0,71211,0,0,4817,1.1086368560791016,-2.987020254135132,3.6516445859409614e-15,0.10470984876155853,1995,32766,288,967,2231,3.7583577632904053
2026-04-07T10:25:32.832,radio://0/80/2M,flow,1,5,Transition,0.008748814463615417,0,0,0,0.0,0,0,0.0,0.0,71461,5,0,4411,0.8612513542175293,-2.104572296142578,4.897104130745757e-19,0.1026025339961052,1995,32766,288,967,2231,3.7583577632904053
2026-04-07T10:25:32.834,radio://0/80/2M,range,1,5,Transition,0.008748814463615417,0,0,0,0.0,0,0,0.0,0.0,71461,5,0,4411,0.8612513542175293,-2.104572296142578,4.897104130745757e-19,0.1026025339961052,1872,32766,290,1343,2260,3.763636350631714
2026-04-07T10:25:33.074,radio://0/80/2M,mission,1,5,Transition,0.018065305426716805,0,0,0,0.0,0,0,0.0,0.0,71461,5,0,4411,0.8612513542175293,-2.104572296142578,4.897104130745757e-19,0.1026025339961052,1872,32766,290,1343,2260,3.763636350631714
2026-04-07T10:25:33.078,radio://0/80/2M,flow,1,5,Transition,0.018065305426716805,0,0,0,0.0,0,0,0.0,0.0,71711,0,0,4614,0.5928089618682861,-0.9866344928741455,6.567349077499066e-23,0.10439999401569366,1872,32766,290,1343,2260,3.763636350631714
2026-04-07T10:25:33.080,radio://0/80/2M,range,1,5,Transition,0.018065305426716805,0,0,0,0.0,0,0,0.0,0.0,71711,0,0,4614,0.5928089618682861,-0.9866344928741455,6.567349077499066e-23,0.10439999401569366,1835,3442,292,32766,2527,3.7689149379730225
2026-04-07T10:25:33.325,radio://0/80/2M,mission,1,5,Transition,0.017294377088546753,0,0,0,0.0,0,0,0.0,0.0,71711,0,0,4614,0.5928089618682861,-0.9866344928741455,6.567349077499066e-23,0.10439999401569366,1835,3442,292,32766,2527,3.7689149379730225
2026-04-07T10:25:33.331,radio://0/80/2M,flow,1,5,Transition,0.017294377088546753,0,0,0,0.0,0,0,0.0,0.0,71961,0,2,4596,0.6238875985145569,-0.5971182584762573,8.807262228243274e-27,0.06874716281890869,1835,3442,292,32766,2527,3.7689149379730225
2026-04-07T10:25:33.332,radio://0/80/2M,range,1,5,Transition,0.017294377088546753,0,0,0,0.0,0,0,0.0,0.0,71961,0,2,4596,0.6238875985145569,-0.5971182584762573,8.807262228243274e-27,0.06874716281890869,1712,32766,367,1691,32766,3.7689149379730225
2026-04-07T10:25:33.574,radio://0/80/2M,mission,1,5,Transition,0.017680618911981583,0,0,0,0.0,0,0,0.0,0.0,71961,0,2,4596,0.6238875985145569,-0.5971182584762573,8.807262228243274e-27,0.06874716281890869,1712,32766,367,1691,32766,3.7689149379730225
2026-04-07T10:25:33.579,radio://0/80/2M,flow,1,5,Transition,0.017680618911981583,0,0,0,0.0,0,0,0.0,0.0,72211,2,1,4864,0.20679301023483276,-0.22484458982944489,1.1811138720960545e-30,0.08502022176980972,1712,32766,367,1691,32766,3.7689149379730225
2026-04-07T10:25:33.580,radio://0/80/2M,range,1,5,Transition,0.017680618911981583,0,0,0,0.0,0,0,0.0,0.0,72211,2,1,4864,0.20679301023483276,-0.22484458982944489,1.1811138720960545e-30,0.08502022176980972,32766,3042,327,1660,32766,3.7689149379730225
2026-04-07T10:25:33.824,radio://0/80/2M,mission,1,5,Transition,0.026041220873594284,0,0,0,0.0,0,0,0.0,0.0,72211,2,1,4864,0.20679301023483276,-0.22484458982944489,1.1811138720960545e-30,0.08502022176980972,32766,3042,327,1660,32766,3.7689149379730225
2026-04-07T10:25:33.827,radio://0/80/2M,flow,1,5,Transition,0.026041220873594284,0,0,0,0.0,0,0,0.0,0.0,72461,0,0,4864,-0.3589073121547699,-0.04405201971530914,1.5839540717378102e-34,0.05493994057178497,32766,3042,327,1660,32766,3.7689149379730225
2026-04-07T10:25:33.829,radio://0/80/2M,range,1,5,Transition,0.026041220873594284,0,0,0,0.0,0,0,0.0,0.0,72461,0,0,4864,-0.3589073121547699,-0.04405201971530914,1.5839540717378102e-34,0.05493994057178497,32766,2980,400,1602,32766,3.774193525314331
2026-04-07T10:25:34.162,radio://0/80/2M,mission,1,5,Transition,0.02047463320195675,0,0,0,0.0,0,0,0.0,0.0,72461,0,0,4864,-0.3589073121547699,-0.04405201971530914,1.5839540717378102e-34,0.05493994057178497,32766,2980,400,1602,32766,3.774193525314331
2026-04-07T10:25:34.165,radio://0/80/2M,flow,1,5,Transition,0.02047463320195675,0,0,0,0.0,0,0,0.0,0.0,72711,6,-5,4864,-0.024500200524926186,-0.04493919759988785,2.124190086621914e-38,0.06795807182788849,32766,2980,400,1602,32766,3.774193525314331
2026-04-07T10:25:34.173,radio://0/80/2M,range,1,5,Transition,0.02047463320195675,0,0,0,0.0,0,0,0.0,0.0,72711,6,-5,4864,-0.024500200524926186,-0.04493919759988785,2.124190086621914e-38,0.06795807182788849,1765,32766,358,1574,32766,3.774193525314331
2026-04-07T10:25:34.327,radio://0/80/2M,mission,1,5,Transition,0.017504122108221054,0,0,0,0.0,0,0,0.0,0.0,72711,6,-5,4864,-0.024500200524926186,-0.04493919759988785,2.124190086621914e-38,0.06795807182788849,1765,32766,358,1574,32766,3.774193525314331
2026-04-07T10:25:34.331,radio://0/80/2M,flow,1,5,Transition,0.017504122108221054,0,0,0,0.0,0,0,0.0,0.0,72961,0,-2,5168,-0.09804633259773254,-0.04738861694931984,2.848839777972353e-42,0.07891509681940079,1765,32766,358,1574,32766,3.774193525314331
2026-04-07T10:25:34.332,radio://0/80/2M,range,1,5,Transition,0.017504122108221054,0,0,0,0.0,0,0,0.0,0.0,72961,0,-2,5168,-0.09804633259773254,-0.04738861694931984,2.848839777972353e-42,0.07891509681940079,1700,32766,339,1483,32766,3.7794721126556396
2026-04-07T10:25:34.609,radio://0/80/2M,mission,1,5,Transition,0.013957454822957516,0,0,0,0.0,0,0,0.0,0.0,72961,0,-2,5168,-0.09804633259773254,-0.04738861694931984,2.848839777972353e-42,0.07891509681940079,1700,32766,339,1483,32766,3.7794721126556396
2026-04-07T10:25:34.612,radio://0/80/2M,flow,1,5,Transition,0.013957454822957516,0,0,0,0.0,0,0,0.0,0.0,73211,0,-1,5168,0.4130384624004364,0.0006467258790507913,1.401298464324817e-45,0.08749677240848541,1700,32766,339,1483,32766,3.7794721126556396
2026-04-07T10:25:34.615,radio://0/80/2M,range,1,5,Transition,0.013957454822957516,0,0,0,0.0,0,0,0.0,0.0,73211,0,-1,5168,0.4130384624004364,0.0006467258790507913,1.401298464324817e-45,0.08749677240848541,1948,32766,317,32766,32766,3.7794721126556396
2026-04-07T10:25:34.943,radio://0/80/2M,mission,1,5,Transition,0.018500670790672302,0,0,0,0.0,0,0,0.0,0.0,73211,0,-1,5168,0.4130384624004364,0.0006467258790507913,1.401298464324817e-45,0.08749677240848541,1948,32766,317,32766,32766,3.7794721126556396
2026-04-07T10:25:34.945,radio://0/80/2M,flow,1,5,Transition,0.018500670790672302,0,0,0,0.0,0,0,0.0,0.0,73461,-2,-1,4845,0.5828457474708557,0.17362940311431885,1.401298464324817e-45,0.08002539724111557,1948,32766,317,32766,32766,3.7794721126556396
2026-04-07T10:25:34.946,radio://0/80/2M,range,1,5,Transition,0.018500670790672302,0,0,0,0.0,0,0,0.0,0.0,73461,-2,-1,4845,0.5828457474708557,0.17362940311431885,1.401298464324817e-45,0.08002539724111557,2185,32766,339,32766,32766,3.7794721126556396
2026-04-07T10:25:35.077,radio://0/80/2M,mission,1,5,Transition,0.05568278953433037,0,0,0,0.0,0,0,0.0,0.0,73461,-2,-1,4845,0.5828457474708557,0.17362940311431885,1.401298464324817e-45,0.08002539724111557,2185,32766,339,32766,32766,3.7794721126556396
2026-04-07T10:25:35.079,radio://0/80/2M,flow,1,5,Transition,0.05568278953433037,0,0,0,0.0,0,0,0.0,0.0,73711,-3,-1,4753,-0.14925725758075714,0.25082311034202576,0.022811682894825935,0.04356325417757034,2185,32766,339,32766,32766,3.7794721126556396
2026-04-07T10:25:35.081,radio://0/80/2M,range,1,5,Transition,0.05568278953433037,0,0,0,0.0,0,0,0.0,0.0,73711,-3,-1,4753,-0.14925725758075714,0.25082311034202576,0.022811682894825935,0.04356325417757034,2678,1780,495,567,32766,3.7794721126556396
2026-04-07T10:25:35.323,radio://0/80/2M,mission,1,5,Transition,0.010023539885878563,0,0,0,0.0,0,0,0.0,0.0,73711,-3,-1,4753,-0.14925725758075714,0.25082311034202576,0.022811682894825935,0.04356325417757034,2678,1780,495,567,32766,3.7794721126556396
2026-04-07T10:25:35.327,radio://0/80/2M,flow,1,5,Transition,0.010023539885878563,0,0,0,0.0,0,0,0.0,0.0,73961,2,0,4286,-0.08899074792861938,-0.2748180031776428,0.04020209610462189,7.44568751542829e-05,2678,1780,495,567,32766,3.7794721126556396
2026-04-07T10:25:35.328,radio://0/80/2M,range,1,5,Transition,0.010023539885878563,0,0,0,0.0,0,0,0.0,0.0,73961,2,0,4286,-0.08899074792861938,-0.2748180031776428,0.04020209610462189,7.44568751542829e-05,2610,32766,32766,445,32766,3.7847506999969482
2026-04-07T10:25:35.571,radio://0/80/2M,mission,1,5,Transition,-0.02188645862042904,0,0,0,0.0,0,0,0.0,0.0,73961,2,0,4286,-0.08899074792861938,-0.2748180031776428,0.04020209610462189,7.44568751542829e-05,2610,32766,32766,445,32766,3.7847506999969482
2026-04-07T10:25:35.576,radio://0/80/2M,flow,1,5,Transition,-0.02188645862042904,0,0,0,0.0,0,0,0.0,0.0,74211,2,0,4688,0.06955885887145996,-0.27284160256385803,0.025286799296736717,9.985172688686816e-09,2610,32766,32766,445,32766,3.7847506999969482
2026-04-07T10:25:35.577,radio://0/80/2M,range,1,5,Transition,-0.02188645862042904,0,0,0,0.0,0,0,0.0,0.0,74211,2,0,4688,0.06955885887145996,-0.27284160256385803,0.025286799296736717,9.985172688686816e-09,2616,32766,2608,489,32766,3.7794721126556396
2026-04-07T10:25:35.824,radio://0/80/2M,mission,1,5,Transition,0.021783508360385895,0,0,0,0.0,0,0,0.0,0.0,74211,2,0,4688,0.06955885887145996,-0.27284160256385803,0.025286799296736717,9.985172688686816e-09,2616,32766,2608,489,32766,3.7794721126556396
2026-04-07T10:25:35.825,radio://0/80/2M,flow,1,5,Transition,0.021783508360385895,0,0,0,0.0,0,0,0.0,0.0,74461,1,0,4244,0.3754674792289734,0.020233307033777237,0.09087416529655457,1.339079563379697e-12,2616,32766,2608,489,32766,3.7794721126556396
2026-04-07T10:25:35.827,radio://0/80/2M,range,1,5,Transition,0.021783508360385895,0,0,0,0.0,0,0,0.0,0.0,74461,1,0,4244,0.3754674792289734,0.020233307033777237,0.09087416529655457,1.339079563379697e-12,2559,1596,2104,311,32766,3.7847506999969482
2026-04-07T10:25:36.072,radio://0/80/2M,mission,1,5,Transition,0.023891380056738853,0,0,0,0.0,0,0,0.0,0.0,74461,1,0,4244,0.3754674792289734,0.020233307033777237,0.09087416529655457,1.339079563379697e-12,2559,1596,2104,311,32766,3.7847506999969482
2026-04-07T10:25:36.075,radio://0/80/2M,flow,1,5,Transition,0.023891380056738853,0,0,0,0.0,0,0,0.0,0.0,74711,0,0,4644,-0.021191850304603577,0.12055810540914536,0.07625161856412888,1.7957968014051083e-16,2559,1596,2104,311,32766,3.7847506999969482
2026-04-07T10:25:36.076,radio://0/80/2M,range,1,5,Transition,0.023891380056738853,0,0,0,0.0,0,0,0.0,0.0,74711,0,0,4644,-0.021191850304603577,0.12055810540914536,0.07625161856412888,1.7957968014051083e-16,32766,32766,32766,353,32766,3.7847506999969482
2026-04-07T10:25:36.323,radio://0/80/2M,mission,1,5,Transition,0.023152250796556473,0,0,0,0.0,0,0,0.0,0.0,74711,0,0,4644,-0.021191850304603577,0.12055810540914536,0.07625161856412888,1.7957968014051083e-16,32766,32766,32766,353,32766,3.7847506999969482
2026-04-07T10:25:36.325,radio://0/80/2M,flow,1,5,Transition,0.023152250796556473,0,0,0,0.0,0,0,0.0,0.0,74961,0,1,4170,-0.11581463366746902,-0.4268456697463989,0.04552614688873291,2.4082862702469894e-20,32766,32766,32766,353,32766,3.7847506999969482
2026-04-07T10:25:36.327,radio://0/80/2M,range,1,5,Transition,0.023152250796556473,0,0,0,0.0,0,0,0.0,0.0,74961,0,1,4170,-0.11581463366746902,-0.4268456697463989,0.04552614688873291,2.4082862702469894e-20,32766,32766,32766,429,32766,3.7847506999969482
2026-04-07T10:25:36.571,radio://0/80/2M,mission,1,5,Transition,-0.0032126193400472403,0,0,0,0.0,0,0,0.0,0.0,74961,0,1,4170,-0.11581463366746902,-0.4268456697463989,0.04552614688873291,2.4082862702469894e-20,32766,32766,32766,429,32766,3.7847506999969482
2026-04-07T10:25:36.575,radio://0/80/2M,flow,1,5,Transition,-0.0032126193400472403,0,0,0,0.0,0,0,0.0,0.0,75211,0,2,4362,-0.12600238621234894,-0.32635989785194397,0.012402198277413845,0.0719485729932785,32766,32766,32766,429,32766,3.7847506999969482
2026-04-07T10:25:36.576,radio://0/80/2M,range,1,5,Transition,-0.0032126193400472403,0,0,0,0.0,0,0,0.0,0.0,75211,0,2,4362,-0.12600238621234894,-0.32635989785194397,0.012402198277413845,0.0719485729932785,1745,32766,365,669,160,3.790029287338257
2026-04-07T10:25:36.821,radio://0/80/2M,mission,1,5,Transition,0.0023062117397785187,0,0,0,0.0,0,0,0.0,0.0,75211,0,2,4362,-0.12600238621234894,-0.32635989785194397,0.012402198277413845,0.0719485729932785,1745,32766,365,669,160,3.790029287338257
2026-04-07T10:25:36.824,radio://0/80/2M,flow,1,5,Transition,0.0023062117397785187,0,0,0,0.0,0,0,0.0,0.0,75461,0,0,6456,0.7620152235031128,-0.18020249903202057,0.00016695876547601074,0.007130034267902374,1745,32766,365,669,160,3.790029287338257
2026-04-07T10:25:36.825,radio://0/80/2M,range,1,5,Transition,0.0023062117397785187,0,0,0,0.0,0,0,0.0,0.0,75461,0,0,6456,0.7620152235031128,-0.18020249903202057,0.00016695876547601074,0.007130034267902374,32766,2382,32766,32766,32766,3.790029287338257
2026-04-07T10:25:37.071,radio://0/80/2M,mission,1,5,Transition,-0.01913142018020153,0,0,0,0.0,0,0,0.0,0.0,75461,0,0,6456,0.7620152235031128,-0.18020249903202057,0.00016695876547601074,0.007130034267902374,32766,2382,32766,32766,32766,3.790029287338257
2026-04-07T10:25:37.075,radio://0/80/2M,flow,1,5,Transition,-0.01913142018020153,0,0,0,0.0,0,0,0.0,0.0,75711,0,-2,8191,0.14189399778842926,-0.22523504495620728,0.012561777606606483,0.010976852849125862,32766,2382,32766,32766,32766,3.790029287338257
2026-04-07T10:25:37.076,radio://0/80/2M,range,1,5,Transition,-0.01913142018020153,0,0,0,0.0,0,0,0.0,0.0,75711,0,-2,8191,0.14189399778842926,-0.22523504495620728,0.012561777606606483,0.010976852849125862,2402,32766,2225,559,32766,3.790029287338257
2026-04-07T10:25:37.455,radio://0/80/2M,mission,1,5,Transition,-0.003027611877769232,0,0,0,0.0,0,0,0.0,0.0,75711,0,-2,8191,0.14189399778842926,-0.22523504495620728,0.012561777606606483,0.010976852849125862,2402,32766,2225,559,32766,3.790029287338257
2026-04-07T10:25:37.458,radio://0/80/2M,flow,1,5,Transition,-0.003027611877769232,0,0,0,0.0,0,0,0.0,0.0,75961,1,0,8191,0.2525995969772339,-0.21374237537384033,0.04282127693295479,1.472070835006889e-06,2402,32766,2225,559,32766,3.790029287338257
2026-04-07T10:25:37.459,radio://0/80/2M,range,1,5,Transition,-0.003027611877769232,0,0,0,0.0,0,0,0.0,0.0,75961,1,0,8191,0.2525995969772339,-0.21374237537384033,0.04282127693295479,1.472070835006889e-06,32766,32766,1943,433,1787,3.7953078746795654
2026-04-07T10:25:37.574,radio://0/80/2M,mission,1,5,Transition,0.004813602194190025,0,0,0,0.0,0,0,0.0,0.0,75961,1,0,8191,0.2525995969772339,-0.21374237537384033,0.04282127693295479,1.472070835006889e-06,32766,32766,1943,433,1787,3.7953078746795654
2026-04-07T10:25:37.600,radio://0/80/2M,flow,1,5,Transition,0.004813602194190025,0,0,0,0.0,0,0,0.0,0.0,76211,-3,-7,7680,0.07531680166721344,-0.22652363777160645,0.10171299427747726,1.9741475121293206e-10,32766,32766,1943,433,1787,3.7953078746795654
2026-04-07T10:25:37.603,radio://0/80/2M,range,1,5,Transition,0.004813602194190025,0,0,0,0.0,0,0,0.0,0.0,76211,-3,-7,7680,0.07531680166721344,-0.22652363777160645,0.10171299427747726,1.9741475121293206e-10,32766,32766,1839,287,32766,3.7953078746795654
2026-04-07T10:25:37.821,radio://0/80/2M,mission,1,5,Transition,0.001849474967457354,0,0,0,0.0,0,0,0.0,0.0,76211,-3,-7,7680,0.07531680166721344,-0.22652363777160645,0.10171299427747726,1.9741475121293206e-10,32766,32766,1839,287,32766,3.7953078746795654
2026-04-07T10:25:37.824,radio://0/80/2M,flow,1,5,Transition,0.001849474967457354,0,0,0,0.0,0,0,0.0,0.0,76461,0,5,8128,0.007191783282905817,0.22665728628635406,0.11367898434400558,2.647466189960486e-14,32766,32766,1839,287,32766,3.7953078746795654
2026-04-07T10:25:37.825,radio://0/80/2M,range,1,5,Transition,0.001849474967457354,0,0,0,0.0,0,0,0.0,0.0,76461,0,5,8128,0.007191783282905817,0.22665728628635406,0.11367898434400558,2.647466189960486e-14,2411,0,2107,269,0,3.7953078746795654
2026-04-07T10:25:38.071,radio://0/80/2M,mission,1,5,Transition,0.007667821832001209,0,0,0,0.0,0,0,0.0,0.0,76461,0,5,8128,0.007191783282905817,0.22665728628635406,0.11367898434400558,2.647466189960486e-14,2411,0,2107,269,0,3.7953078746795654
2026-04-07T10:25:38.073,radio://0/80/2M,flow,1,5,Transition,0.007667821832001209,0,0,0,0.0,0,0,0.0,0.0,76711,4,-1,8191,0.16195335984230042,-0.019132046028971672,0.024734579026699066,3.550432897006231e-18,2411,0,2107,269,0,3.7953078746795654
2026-04-07T10:25:38.075,radio://0/80/2M,range,1,5,Transition,0.007667821832001209,0,0,0,0.0,0,0,0.0,0.0,76711,4,-1,8191,0.16195335984230042,-0.019132046028971672,0.024734579026699066,3.550432897006231e-18,32766,18,2710,32766,21,3.7953078746795654
2026-04-07T10:25:38.320,radio://0/80/2M,mission,1,5,Transition,0.0027383703272789717,0,0,0,0.0,0,0,0.0,0.0,76711,4,-1,8191,0.16195335984230042,-0.019132046028971672,0.024734579026699066,3.550432897006231e-18,32766,18,2710,32766,21,3.7953078746795654
2026-04-07T10:25:38.325,radio://0/80/2M,flow,1,5,Transition,0.0027383703272789717,0,0,0,0.0,0,0,0.0,0.0,76961,-5,-3,8191,0.14593319594860077,0.06548995524644852,0.23615847527980804,4.761372068070898e-22,32766,18,2710,32766,21,3.7953078746795654
2026-04-07T10:25:38.326,radio://0/80/2M,range,1,5,Transition,0.0027383703272789717,0,0,0,0.0,0,0,0.0,0.0,76961,-5,-3,8191,0.14593319594860077,0.06548995524644852,0.23615847527980804,4.761372068070898e-22,32766,15,2764,78,17,3.790029287338257
2026-04-07T10:25:38.570,radio://0/80/2M,mission,1,4,Land,1.18088698387146,0,0,0,0.0,0,0,0.0,0.0,76961,-5,-3,8191,0.14593319594860077,0.06548995524644852,0.23615847527980804,4.761372068070898e-22,32766,15,2764,78,17,3.790029287338257
2026-04-07T10:25:38.574,radio://0/80/2M,flow,1,4,Land,1.18088698387146,0,0,0,0.0,0,0,0.0,0.0,77211,-2,-5,4871,-0.3717484772205353,-1.5781407356262207,0.0,0.0,32766,15,2764,78,17,3.790029287338257
2026-04-07T10:25:38.575,radio://0/80/2M,range,1,4,Land,1.18088698387146,0,0,0,0.0,0,0,0.0,0.0,77211,-2,-5,4871,-0.3717484772205353,-1.5781407356262207,0.0,0.0,2062,32766,2280,32766,32766,3.790029287338257
2026-04-07T10:25:38.820,radio://0/80/2M,mission,1,4,Land,1.1063417196273804,0,0,0,0.0,0,0,0.0,0.0,77211,-2,-5,4871,-0.3717484772205353,-1.5781407356262207,0.0,0.0,2062,32766,2280,32766,32766,3.790029287338257
2026-04-07T10:25:38.823,radio://0/80/2M,flow,1,4,Land,1.1063417196273804,0,0,0,0.0,0,0,0.0,0.0,77461,-16,-28,8191,-0.2247442752122879,-2.0954630374908447,0.0,0.0,2062,32766,2280,32766,32766,3.790029287338257
2026-04-07T10:25:38.824,radio://0/80/2M,range,1,4,Land,1.1063417196273804,0,0,0,0.0,0,0,0.0,0.0,77461,-16,-28,8191,-0.2247442752122879,-2.0954630374908447,0.0,0.0,32766,228,32766,41,32766,3.7953078746795654
2026-04-07T10:25:39.070,radio://0/80/2M,mission,1,4,Land,0.39390963315963745,0,0,0,0.0,0,0,0.0,0.0,77461,-16,-28,8191,-0.2247442752122879,-2.0954630374908447,0.0,0.0,32766,228,32766,41,32766,3.7953078746795654
2026-04-07T10:25:39.073,radio://0/80/2M,flow,1,4,Land,0.39390963315963745,0,0,0,0.0,0,0,0.0,0.0,77711,-9,-2,7200,-0.4702610671520233,-1.3604813814163208,0.0,0.0,32766,228,32766,41,32766,3.7953078746795654
2026-04-07T10:25:39.074,radio://0/80/2M,range,1,4,Land,0.39390963315963745,0,0,0,0.0,0,0,0.0,0.0,77711,-9,-2,7200,-0.4702610671520233,-1.3604813814163208,0.0,0.0,32766,148,32766,34,158,3.790029287338257
2026-04-07T10:25:39.319,radio://0/80/2M,mission,1,4,Land,0.7982261180877686,0,0,0,0.0,0,0,0.0,0.0,77711,-9,-2,7200,-0.4702610671520233,-1.3604813814163208,0.0,0.0,32766,148,32766,34,158,3.790029287338257
2026-04-07T10:25:39.323,radio://0/80/2M,flow,1,4,Land,0.7982261180877686,0,0,0,0.0,0,0,0.0,0.0,77961,5,-12,5911,-1.1870743036270142,-3.649650812149048,0.0,0.0,32766,148,32766,34,158,3.790029287338257
2026-04-07T10:25:39.324,radio://0/80/2M,range,1,4,Land,0.7982261180877686,0,0,0,0.0,0,0,0.0,0.0,77961,5,-12,5911,-1.1870743036270142,-3.649650812149048,0.0,0.0,32766,121,2631,25,173,3.7953078746795654
2026-04-07T10:25:39.569,radio://0/80/2M,mission,1,4,Land,-0.06406567990779877,0,0,0,0.0,0,0,0.0,0.0,77961,5,-12,5911,-1.1870743036270142,-3.649650812149048,0.0,0.0,32766,121,2631,25,173,3.7953078746795654
2026-04-07T10:25:39.572,radio://0/80/2M,flow,1,4,Land,-0.06406567990779877,0,0,0,0.0,0,0,0.0,0.0,78211,-1,-4,6064,-1.635655164718628,-2.7906408309936523,0.0,0.0,32766,121,2631,25,173,3.7953078746795654
2026-04-07T10:25:39.574,radio://0/80/2M,range,1,4,Land,-0.06406567990779877,0,0,0,0.0,0,0,0.0,0.0,78211,-1,-4,6064,-1.635655164718628,-2.7906408309936523,0.0,0.0,32766,98,32766,32766,159,3.790029287338257
2026-04-07T10:25:39.819,radio://0/80/2M,mission,1,4,Land,0.14370247721672058,0,0,0,0.0,0,0,0.0,0.0,78211,-1,-4,6064,-1.635655164718628,-2.7906408309936523,0.0,0.0,32766,98,32766,32766,159,3.790029287338257
2026-04-07T10:25:39.822,radio://0/80/2M,flow,1,4,Land,0.14370247721672058,0,0,0,0.0,0,0,0.0,0.0,78461,15,-13,4788,1.1899712085723877,-3.705885887145996,0.0,0.0,32766,98,32766,32766,159,3.790029287338257
2026-04-07T10:25:39.823,radio://0/80/2M,range,1,4,Land,0.14370247721672058,0,0,0,0.0,0,0,0.0,0.0,78461,15,-13,4788,1.1899712085723877,-3.705885887145996,0.0,0.0,32,70,32766,32766,114,3.800586462020874
2026-04-07T10:25:40.069,radio://0/80/2M,mission,1,4,Land,0.07368068397045135,0,0,0,0.0,0,0,0.0,0.0,78461,15,-13,4788,1.1899712085723877,-3.705885887145996,0.0,0.0,32,70,32766,32766,114,3.800586462020874
2026-04-07T10:25:40.072,radio://0/80/2M,flow,1,4,Land,0.07368068397045135,0,0,0,0.0,0,0,0.0,0.0,78711,-15,6,7529,-0.03211332485079765,-0.6656593680381775,0.0,0.0,32,70,32766,32766,114,3.800586462020874
2026-04-07T10:25:40.073,radio://0/80/2M,range,1,4,Land,0.07368068397045135,0,0,0,0.0,0,0,0.0,0.0,78711,-15,6,7529,-0.03211332485079765,-0.6656593680381775,0.0,0.0,57,33,32766,18,111,3.790029287338257
2026-04-07T10:25:40.319,radio://0/80/2M,mission,1,4,Land,0.007865328341722488,0,0,0,0.0,0,0,0.0,0.0,78711,-15,6,7529,-0.03211332485079765,-0.6656593680381775,0.0,0.0,57,33,32766,18,111,3.790029287338257
2026-04-07T10:25:40.322,radio://0/80/2M,flow,1,4,Land,0.007865328341722488,0,0,0,0.0,0,0,0.0,0.0,78961,-14,4,4102,-0.029515592381358147,-0.01893298141658306,0.0,0.0,57,33,32766,18,111,3.790029287338257
2026-04-07T10:25:40.324,radio://0/80/2M,range,1,4,Land,0.007865328341722488,0,0,0,0.0,0,0,0.0,0.0,78961,-14,4,4102,-0.029515592381358147,-0.01893298141658306,0.0,0.0,71,23,32766,27,179,3.7953078746795654
2026-04-07T10:25:40.568,radio://0/80/2M,mission,0,0,Reacquire Wall,0.011382227763533592,0,0,0,0.0,0,0,0.0,0.0,78961,-14,4,4102,-0.029515592381358147,-0.01893298141658306,0.0,0.0,71,23,32766,27,179,3.7953078746795654
2026-04-07T10:25:40.572,radio://0/80/2M,flow,0,0,Reacquire Wall,0.011382227763533592,0,0,0,0.0,0,0,0.0,0.0,79211,-5,3,5424,0.18168030679225922,0.028363732621073723,0.0,0.0,71,23,32766,27,179,3.7953078746795654
2026-04-07T10:25:40.573,radio://0/80/2M,range,0,0,Reacquire Wall,0.011382227763533592,0,0,0,0.0,0,0,0.0,0.0,79211,-5,3,5424,0.18168030679225922,0.028363732621073723,0.0,0.0,147,28,32766,66,401,3.7953078746795654
2026-04-07T10:25:40.818,radio://0/80/2M,mission,0,0,Reacquire Wall,0.00537149328738451,0,0,0,0.0,0,0,0.0,0.0,79211,-5,3,5424,0.18168030679225922,0.028363732621073723,0.0,0.0,147,28,32766,66,401,3.7953078746795654
2026-04-07T10:25:40.821,radio://0/80/2M,flow,0,0,Reacquire Wall,0.00537149328738451,0,0,0,0.0,0,0,0.0,0.0,79461,-1,12,4299,-0.04954937472939491,0.2597900629043579,0.0,0.0,147,28,32766,66,401,3.7953078746795654
2026-04-07T10:25:40.822,radio://0/80/2M,range,0,0,Reacquire Wall,0.00537149328738451,0,0,0,0.0,0,0,0.0,0.0,79461,-1,12,4299,-0.04954937472939491,0.2597900629043579,0.0,0.0,61,38,32766,32766,222,3.790029287338257
2026-04-07T10:25:41.067,radio://0/80/2M,mission,0,0,Reacquire Wall,0.013201924040913582,0,0,0,0.0,0,0,0.0,0.0,79461,-1,12,4299,-0.04954937472939491,0.2597900629043579,0.0,0.0,61,38,32766,32766,222,3.790029287338257
2026-04-07T10:25:41.071,radio://0/80/2M,flow,0,0,Reacquire Wall,0.013201924040913582,0,0,0,0.0,0,0,0.0,0.0,79711,2,11,3159,-0.023976244032382965,0.2914736568927765,0.0,0.0,61,38,32766,32766,222,3.790029287338257
2026-04-07T10:25:41.072,radio://0/80/2M,range,0,0,Reacquire Wall,0.013201924040913582,0,0,0,0.0,0,0,0.0,0.0,79711,2,11,3159,-0.023976244032382965,0.2914736568927765,0.0,0.0,91,18,32766,32,99,3.774193525314331
2026-04-07T10:25:41.317,radio://0/80/2M,mission,0,0,Reacquire Wall,0.022385602816939354,0,0,0,0.0,0,0,0.0,0.0,79711,2,11,3159,-0.023976244032382965,0.2914736568927765,0.0,0.0,91,18,32766,32,99,3.774193525314331
2026-04-07T10:25:41.322,radio://0/80/2M,flow,0,0,Reacquire Wall,0.022385602816939354,0,0,0,0.0,0,0,0.0,0.0,79961,0,-8,4242,-0.1227276623249054,0.1865631341934204,0.0,0.0,91,18,32766,32,99,3.774193525314331
2026-04-07T10:25:41.323,radio://0/80/2M,range,0,0,Reacquire Wall,0.022385602816939354,0,0,0,0.0,0,0,0.0,0.0,79961,0,-8,4242,-0.1227276623249054,0.1865631341934204,0.0,0.0,94,20,1081,48,104,3.8058650493621826
2026-04-07T10:25:41.567,radio://0/80/2M,mission,0,0,Reacquire Wall,0.029218347743153572,0,0,0,0.0,0,0,0.0,0.0,79961,0,-8,4242,-0.1227276623249054,0.1865631341934204,0.0,0.0,94,20,1081,48,104,3.8058650493621826
2026-04-07T10:25:41.571,radio://0/80/2M,flow,0,0,Reacquire Wall,0.029218347743153572,0,0,0,0.0,0,0,0.0,0.0,80211,-15,2,5741,-0.017955437302589417,0.08924968540668488,0.0,0.0,94,20,1081,48,104,3.8058650493621826
2026-04-07T10:25:41.573,radio://0/80/2M,range,0,0,Reacquire Wall,0.029218347743153572,0,0,0,0.0,0,0,0.0,0.0,80211,-15,2,5741,-0.017955437302589417,0.08924968540668488,0.0,0.0,88,155,32766,32766,248,3.800586462020874
2026-04-07T10:25:41.818,radio://0/80/2M,mission,0,0,Reacquire Wall,0.04160291701555252,0,0,0,0.0,0,0,0.0,0.0,80211,-15,2,5741,-0.017955437302589417,0.08924968540668488,0.0,0.0,88,155,32766,32766,248,3.800586462020874
2026-04-07T10:25:41.820,radio://0/80/2M,flow,0,0,Reacquire Wall,0.04160291701555252,0,0,0,0.0,0,0,0.0,0.0,80461,0,4,8191,0.09730091691017151,0.16048210859298706,0.0,0.0,88,155,32766,32766,248,3.800586462020874
2026-04-07T10:25:41.822,radio://0/80/2M,range,0,0,Reacquire Wall,0.04160291701555252,0,0,0,0.0,0,0,0.0,0.0,80461,0,4,8191,0.09730091691017151,0.16048210859298706,0.0,0.0,103,201,32766,32766,319,3.8058650493621826
2026-04-07T10:25:42.067,radio://0/80/2M,mission,0,0,Reacquire Wall,0.03895838186144829,0,0,0,0.0,0,0,0.0,0.0,80461,0,4,8191,0.09730091691017151,0.16048210859298706,0.0,0.0,103,201,32766,32766,319,3.8058650493621826
2026-04-07T10:25:42.071,radio://0/80/2M,flow,0,0,Reacquire Wall,0.03895838186144829,0,0,0,0.0,0,0,0.0,0.0,80711,0,-1,8191,-0.01825059950351715,-0.006461419630795717,0.0,0.0,103,201,32766,32766,319,3.8058650493621826
2026-04-07T10:25:42.072,radio://0/80/2M,range,0,0,Reacquire Wall,0.03895838186144829,0,0,0,0.0,0,0,0.0,0.0,80711,0,-1,8191,-0.01825059950351715,-0.006461419630795717,0.0,0.0,115,222,32766,883,331,3.800586462020874
2026-04-07T10:25:42.317,radio://0/80/2M,mission,0,0,Reacquire Wall,0.035240836441516876,0,0,0,0.0,0,0,0.0,0.0,80711,0,-1,8191,-0.01825059950351715,-0.006461419630795717,0.0,0.0,115,222,32766,883,331,3.800586462020874
2026-04-07T10:25:42.320,radio://0/80/2M,flow,0,0,Reacquire Wall,0.035240836441516876,0,0,0,0.0,0,0,0.0,0.0,80961,-2,-2,6304,-0.2038668543100357,-0.29068028926849365,0.0,0.0,115,222,32766,883,331,3.800586462020874
2026-04-07T10:25:42.321,radio://0/80/2M,range,0,0,Reacquire Wall,0.035240836441516876,0,0,0,0.0,0,0,0.0,0.0,80961,-2,-2,6304,-0.2038668543100357,-0.29068028926849365,0.0,0.0,116,319,32766,32766,330,3.8058650493621826
2026-04-07T10:25:42.568,radio://0/80/2M,mission,0,0,Reacquire Wall,0.044098060578107834,0,0,0,0.0,0,0,0.0,0.0,80961,-2,-2,6304,-0.2038668543100357,-0.29068028926849365,0.0,0.0,116,319,32766,32766,330,3.8058650493621826
2026-04-07T10:25:42.570,radio://0/80/2M,flow,0,0,Reacquire Wall,0.044098060578107834,0,0,0,0.0,0,0,0.0,0.0,81211,-8,1,5887,-0.13745161890983582,0.15573498606681824,0.0,0.0,116,319,32766,32766,330,3.8058650493621826
2026-04-07T10:25:42.572,radio://0/80/2M,range,0,0,Reacquire Wall,0.044098060578107834,0,0,0,0.0,0,0,0.0,0.0,81211,-8,1,5887,-0.13745161890983582,0.15573498606681824,0.0,0.0,143,298,32766,32766,353,3.800586462020874
2026-04-07T10:25:42.817,radio://0/80/2M,mission,0,0,Reacquire Wall,0.05233325809240341,0,0,0,0.0,0,0,0.0,0.0,81211,-8,1,5887,-0.13745161890983582,0.15573498606681824,0.0,0.0,143,298,32766,32766,353,3.800586462020874
2026-04-07T10:25:42.819,radio://0/80/2M,flow,0,0,Reacquire Wall,0.05233325809240341,0,0,0,0.0,0,0,0.0,0.0,81461,6,-4,5520,0.018876854330301285,0.5355028510093689,0.0,0.0,143,298,32766,32766,353,3.800586462020874
2026-04-07T10:25:42.820,radio://0/80/2M,range,0,0,Reacquire Wall,0.05233325809240341,0,0,0,0.0,0,0,0.0,0.0,81461,6,-4,5520,0.018876854330301285,0.5355028510093689,0.0,0.0,143,32766,32766,252,439,3.8058650493621826
2026-04-07T10:25:43.066,radio://0/80/2M,mission,0,0,Reacquire Wall,0.02767099067568779,0,0,0,0.0,0,0,0.0,0.0,81461,6,-4,5520,0.018876854330301285,0.5355028510093689,0.0,0.0,143,32766,32766,252,439,3.8058650493621826
2026-04-07T10:25:43.071,radio://0/80/2M,flow,0,0,Reacquire Wall,0.02767099067568779,0,0,0,0.0,0,0,0.0,0.0,81711,-5,1,5842,-0.05550159886479378,0.008771168999373913,0.0,0.0,143,32766,32766,252,439,3.8058650493621826
2026-04-07T10:25:43.073,radio://0/80/2M,range,0,0,Reacquire Wall,0.02767099067568779,0,0,0,0.0,0,0,0.0,0.0,81711,-5,1,5842,-0.05550159886479378,0.008771168999373913,0.0,0.0,134,265,32766,304,396,3.800586462020874
2026-04-07T10:25:43.315,radio://0/80/2M,mission,0,0,Reacquire Wall,0.0362272709608078,0,0,0,0.0,0,0,0.0,0.0,81711,-5,1,5842,-0.05550159886479378,0.008771168999373913,0.0,0.0,134,265,32766,304,396,3.800586462020874
2026-04-07T10:25:43.319,radio://0/80/2M,flow,0,0,Reacquire Wall,0.0362272709608078,0,0,0,0.0,0,0,0.0,0.0,81961,1,4,5842,-0.051311347633600235,-0.1911403238773346,0.0,0.0,134,265,32766,304,396,3.800586462020874
2026-04-07T10:25:43.320,radio://0/80/2M,range,0,0,Reacquire Wall,0.0362272709608078,0,0,0,0.0,0,0,0.0,0.0,81961,1,4,5842,-0.051311347633600235,-0.1911403238773346,0.0,0.0,136,241,32766,32766,404,3.8111438751220703
2026-04-07T10:25:43.565,radio://0/80/2M,mission,0,0,Reacquire Wall,0.029903877526521683,0,0,0,0.0,0,0,0.0,0.0,81961,1,4,5842,-0.051311347633600235,-0.1911403238773346,0.0,0.0,136,241,32766,32766,404,3.8111438751220703
2026-04-07T10:25:43.571,radio://0/80/2M,flow,0,0,Reacquire Wall,0.029903877526521683,0,0,0,0.0,0,0,0.0,0.0,82211,1,3,5842,-0.10040928423404694,-0.04862654581665993,0.0,0.0,136,241,32766,32766,404,3.8111438751220703
2026-04-07T10:25:43.572,radio://0/80/2M,range,0,0,Reacquire Wall,0.029903877526521683,0,0,0,0.0,0,0,0.0,0.0,82211,1,3,5842,-0.10040928423404694,-0.04862654581665993,0.0,0.0,134,246,32766,32766,395,3.8058650493621826
2026-04-07T10:25:43.816,radio://0/80/2M,mission,0,0,Reacquire Wall,0.031700823456048965,0,0,0,0.0,0,0,0.0,0.0,82211,1,3,5842,-0.10040928423404694,-0.04862654581665993,0.0,0.0,134,246,32766,32766,395,3.8058650493621826
2026-04-07T10:25:43.819,radio://0/80/2M,flow,0,0,Reacquire Wall,0.031700823456048965,0,0,0,0.0,0,0,0.0,0.0,82461,0,8,5842,-0.09476849436759949,0.012871675193309784,0.0,0.0,134,246,32766,32766,395,3.8058650493621826
2026-04-07T10:25:43.820,radio://0/80/2M,range,0,0,Reacquire Wall,0.031700823456048965,0,0,0,0.0,0,0,0.0,0.0,82461,0,8,5842,-0.09476849436759949,0.012871675193309784,0.0,0.0,131,245,32766,32766,394,3.8111438751220703
2026-04-07T10:25:44.066,radio://0/80/2M,mission,0,0,Reacquire Wall,0.02767149545252323,0,0,0,0.0,0,0,0.0,0.0,82461,0,8,5842,-0.09476849436759949,0.012871675193309784,0.0,0.0,131,245,32766,32766,394,3.8111438751220703
2026-04-07T10:25:44.069,radio://0/80/2M,flow,0,0,Reacquire Wall,0.02767149545252323,0,0,0,0.0,0,0,0.0,0.0,82711,-6,1,5842,-0.04147394746541977,0.006296372041106224,0.0,0.0,131,245,32766,32766,394,3.8111438751220703
2026-04-07T10:25:44.070,radio://0/80/2M,range,0,0,Reacquire Wall,0.02767149545252323,0,0,0,0.0,0,0,0.0,0.0,82711,-6,1,5842,-0.04147394746541977,0.006296372041106224,0.0,0.0,128,240,32766,32766,374,3.8058650493621826
