Time,uri,source,outer,mission,mission_name,shutter,human,human_fresh,human_stable,human_hold_s,human_confidence_pct,human_direction,human_max_temp_c,human_thermistor_c,flow_timestamp_ms,delta_x,delta_y,height_m,vel_x_mps,vel_y_mps,cmd_x_mps,cmd_y_mps,front_mm,left_mm,right_mm,back_mm,up_mm,vbat_v
2026-04-07T11:37:45.614,radio://0/80/2M,mission,0,0,Reacquire Wall,0,0,0,0,0.0,0,0,0.0,0.0,0,0,0,0.0019681942649185658,0.0,0.0,0.0,0.0,32766,32766,32766,32766,32766,0.0
2026-04-07T11:37:45.617,radio://0/80/2M,flow,0,0,Reacquire Wall,8191,0,0,0,0.0,0,0,0.0,0.0,28672,-5,-2,0.0019681942649185658,9.003407467389479e-05,-0.0009838800178840756,0.0,0.0,32766,32766,32766,32766,32766,0.0
2026-04-07T11:37:45.618,radio://0/80/2M,range,0,0,Reacquire Wall,8191,0,0,0,0.0,0,0,0.0,0.0,28672,-5,-2,0.0019681942649185658,9.003407467389479e-05,-0.0009838800178840756,0.0,0.0,213,32766,270,254,2925,4.027565956115723
2026-04-07T11:37:45.864,radio://0/80/2M,mission,0,0,Reacquire Wall,8191,0,0,0,0.0,0,0,0.0,0.0,28672,-5,-2,0.0013884551590308547,9.003407467389479e-05,-0.0009838800178840756,0.0,0.0,213,32766,270,254,2925,4.027565956115723
2026-04-07T11:37:45.867,radio://0/80/2M,flow,0,0,Reacquire Wall,8191,0,0,0,0.0,0,0,0.0,0.0,28922,1,0,0.0013884551590308547,-0.0003291452012490481,-0.0014313668943941593,0.0,0.0,213,32766,270,254,2925,4.027565956115723
2026-04-07T11:37:45.868,radio://0/80/2M,range,0,0,Reacquire Wall,8191,0,0,0,0.0,0,0,0.0,0.0,28922,1,0,0.0013884551590308547,-0.0003291452012490481,-0.0014313668943941593,0.0,0.0,213,32766,269,249,2936,4.0170087814331055
2026-04-07T11:37:46.129,radio://0/80/2M,mission,0,0,Reacquire Wall,8191,0,0,0,0.0,0,0,0.0,0.0,28922,1,0,0.0019332030788064003,-0.0003291452012490481,-0.0014313668943941593,0.0,0.0,213,32766,269,249,2936,4.0170087814331055
2026-04-07T11:37:46.130,radio://0/80/2M,flow,0,0,Reacquire Wall,8191,0,0,0,0.0,0,0,0.0,0.0,29172,8,-1,0.0019332030788064003,0.0002112873044097796,-0.00712136784568429,0.0,0.0,213,32766,269,249,2936,4.0170087814331055
2026-04-07T11:37:46.131,radio://0/80/2M,range,0,0,Reacquire Wall,8191,0,0,0,0.0,0,0,0.0,0.0,29172,8,-1,0.0019332030788064003,0.0002112873044097796,-0.00712136784568429,0.0,0.0,211,32766,267,247,2932,4.027565956115723
2026-04-07T11:37:46.372,radio://0/80/2M,mission,0,0,Reacquire Wall,8191,0,0,0,0.0,0,0,0.0,0.0,29172,8,-1,0.0009430437348783016,0.0002112873044097796,-0.00712136784568429,0.0,0.0,211,32766,267,247,2932,4.027565956115723
2026-04-07T11:37:46.376,radio://0/80/2M,flow,0,0,Reacquire Wall,8191,0,0,0,0.0,0,0,0.0,0.0,29422,0,1,0.0009430437348783016,0.005605167243629694,0.00042019132524728775,0.0,0.0,211,32766,267,247,2932,4.027565956115723
2026-04-07T11:37:46.377,radio://0/80/2M,range,0,0,Reacquire Wall,8191,0,0,0,0.0,0,0,0.0,0.0,29422,0,1,0.0009430437348783016,0.005605167243629694,0.00042019132524728775,0.0,0.0,211,32766,269,252,2933,4.022287368774414
2026-04-07T11:37:46.614,radio://0/80/2M,mission,0,0,Reacquire Wall,8191,0,0,0,0.0,0,0,0.0,0.0,29422,0,1,0.0004375613643787801,0.005605167243629694,0.00042019132524728775,0.0,0.0,211,32766,269,252,2933,4.022287368774414
2026-04-07T11:37:46.616,radio://0/80/2M,flow,0,0,Reacquire Wall,8191,0,0,0,0.0,0,0,0.0,0.0,29672,0,0,0.0004375613643787801,0.0032697964925318956,-0.0018333862535655499,0.0,0.0,211,32766,269,252,2933,4.022287368774414
2026-04-07T11:37:46.617,radio://0/80/2M,range,0,0,Reacquire Wall,8191,0,0,0,0.0,0,0,0.0,0.0,29672,0,0,0.0004375613643787801,0.0032697964925318956,-0.0018333862535655499,0.0,0.0,211,32766,269,254,2928,4.027565956115723
2026-04-07T11:37:46.864,radio://0/80/2M,mission,0,0,Reacquire Wall,8191,0,0,0,0.0,0,0,0.0,0.0,29672,0,0,0.0014326272066682577,0.0032697964925318956,-0.0018333862535655499,0.0,0.0,211,32766,269,254,2928,4.027565956115723
2026-04-07T11:37:46.866,radio://0/80/2M,flow,0,0,Reacquire Wall,8191,0,0,0,0.0,0,0,0.0,0.0,29922,2,-4,0.0014326272066682577,0.005365940276533365,-0.0033807652071118355,0.0,0.0,211,32766,269,254,2928,4.027565956115723
2026-04-07T11:37:46.868,radio://0/80/2M,range,0,0,Reacquire Wall,8191,0,0,0,0.0,0,0,0.0,0.0,29922,2,-4,0.0014326272066682577,0.005365940276533365,-0.0033807652071118355,0.0,0.0,213,32766,270,250,2930,4.0170087814331055
2026-04-07T11:37:47.114,radio://0/80/2M,mission,0,0,Reacquire Wall,8191,0,0,0,0.0,0,0,0.0,0.0,29922,2,-4,0.0024748733267188072,0.005365940276533365,-0.0033807652071118355,0.0,0.0,213,32766,270,250,2930,4.0170087814331055
2026-04-07T11:37:47.117,radio://0/80/2M,flow,0,0,Reacquire Wall,8191,0,0,0,0.0,0,0,0.0,0.0,30172,-1,0,0.0024748733267188072,-0.00039113627281039953,-0.0032912481110543013,0.0,0.0,213,32766,270,250,2930,4.0170087814331055
2026-04-07T11:37:47.118,radio://0/80/2M,range,0,0,Reacquire Wall,8191,0,0,0,0.0,0,0,0.0,0.0,30172,-1,0,0.0024748733267188072,-0.00039113627281039953,-0.0032912481110543013,0.0,0.0,207,32766,270,258,2930,4.027565956115723
2026-04-07T11:37:47.362,radio://0/80/2M,mission,0,0,Reacquire Wall,8191,0,0,0,0.0,0,0,0.0,0.0,30172,-1,0,0.0005925194127485156,-0.00039113627281039953,-0.0032912481110543013,0.0,0.0,207,32766,270,258,2930,4.027565956115723
2026-04-07T11:37:47.366,radio://0/80/2M,flow,0,0,Reacquire Wall,8191,0,0,0,0.0,0,0,0.0,0.0,30422,0,0,0.0005925194127485156,-0.0005076683009974658,-0.00205813767388463,0.0,0.0,207,32766,270,258,2930,4.027565956115723
2026-04-07T11:37:47.367,radio://0/80/2M,range,0,0,Reacquire Wall,8191,0,0,0,0.0,0,0,0.0,0.0,30422,0,0,0.0005925194127485156,-0.0005076683009974658,-0.00205813767388463,0.0,0.0,209,32766,271,252,2935,4.0170087814331055
2026-04-07T11:37:47.613,radio://0/80/2M,mission,0,0,Reacquire Wall,8191,0,0,0,0.0,0,0,0.0,0.0,30422,0,0,0.0019659241661429405,-0.0005076683009974658,-0.00205813767388463,0.0,0.0,209,32766,271,252,2935,4.0170087814331055
2026-04-07T11:37:47.616,radio://0/80/2M,flow,0,0,Reacquire Wall,8191,0,0,0,0.0,0,0,0.0,0.0,30672,0,-1,0.0019659241661429405,-0.0012578134192153811,-0.0037615641485899687,0.0,0.0,209,32766,271,252,2935,4.0170087814331055
2026-04-07T11:37:47.617,radio://0/80/2M,range,0,0,Reacquire Wall,8191,0,0,0,0.0,0,0,0.0,0.0,30672,0,-1,0.0019659241661429405,-0.0012578134192153811,-0.0037615641485899687,0.0,0.0,211,32766,269,250,2926,4.022287368774414
2026-04-07T11:37:47.863,radio://0/80/2M,mission,0,0,Reacquire Wall,8191,0,0,0,0.0,0,0,0.0,0.0,30672,0,-1,0.0021097101271152496,-0.0012578134192153811,-0.0037615641485899687,0.0,0.0,211,32766,269,250,2926,4.022287368774414
2026-04-07T11:37:47.867,radio://0/80/2M,flow,0,0,Reacquire Wall,8191,0,0,0,0.0,0,0,0.0,0.0,30922,-4,0,0.0021097101271152496,0.00198392104357481,-0.0016146061243489385,0.0,0.0,211,32766,269,250,2926,4.022287368774414
2026-04-07T11:37:47.868,radio://0/80/2M,range,0,0,Reacquire Wall,8191,0,0,0,0.0,0,0,0.0,0.0,30922,-4,0,0.0021097101271152496,0.00198392104357481,-0.0016146061243489385,0.0,0.0,208,32766,270,252,2929,4.0170087814331055
2026-04-07T11:37:48.112,radio://0/80/2M,mission,0,0,Reacquire Wall,8191,0,0,0,0.0,0,0,0.0,0.0,30922,-4,0,0.0014904073905199766,0.00198392104357481,-0.0016146061243489385,0.0,0.0,208,32766,270,252,2929,4.0170087814331055
2026-04-07T11:37:48.116,radio://0/80/2M,flow,0,0,Reacquire Wall,8191,0,0,0,0.0,0,0,0.0,0.0,31172,-3,-1,0.0014904073905199766,0.0004998879157938063,-0.001275047310627997,0.0,0.0,208,32766,270,252,2929,4.0170087814331055
2026-04-07T11:37:48.117,radio://0/80/2M,range,0,0,Reacquire Wall,8191,0,0,0,0.0,0,0,0.0,0.0,31172,-3,-1,0.0014904073905199766,0.0004998879157938063,-0.001275047310627997,0.0,0.0,210,32766,269,248,2937,4.027565956115723
2026-04-07T11:37:48.362,radio://0/80/2M,mission,0,0,Reacquire Wall,8191,0,0,0,0.0,0,0,0.0,0.0,31172,-3,-1,0.002081668470054865,0.0004998879157938063,-0.001275047310627997,0.0,0.0,210,32766,269,248,2937,4.027565956115723
2026-04-07T11:37:48.365,radio://0/80/2M,flow,0,0,Reacquire Wall,8191,0,0,0,0.0,0,0,0.0,0.0,31422,0,-4,0.002081668470054865,0.00405714800581336,-0.001120089553296566,0.0,0.0,210,32766,269,248,2937,4.027565956115723
2026-04-07T11:37:48.366,radio://0/80/2M,range,0,0,Reacquire Wall,8191,0,0,0,0.0,0,0,0.0,0.0,31422,0,-4,0.002081668470054865,0.00405714800581336,-0.001120089553296566,0.0,0.0,207,32766,271,250,2928,4.0170087814331055
2026-04-07T11:37:48.612,radio://0/80/2M,mission,0,0,Reacquire Wall,8191,0,0,0,0.0,0,0,0.0,0.0,31422,0,-4,0.0007632359629496932,0.00405714800581336,-0.001120089553296566,0.0,0.0,207,32766,271,250,2928,4.0170087814331055
2026-04-07T11:37:48.615,radio://0/80/2M,flow,0,0,Reacquire Wall,8191,0,0,0,0.0,0,0,0.0,0.0,31672,1,0,0.0007632359629496932,0.0006118607707321644,-0.0019349990179762244,0.0,0.0,207,32766,271,250,2928,4.0170087814331055
2026-04-07T11:37:48.616,radio://0/80/2M,range,0,0,Reacquire Wall,8191,0,0,0,0.0,0,0,0.0,0.0,31672,1,0,0.0007632359629496932,0.0006118607707321644,-0.0019349990179762244,0.0,0.0,213,32766,268,252,2930,4.027565956115723
2026-04-07T11:37:48.861,radio://0/80/2M,mission,0,0,Reacquire Wall,8191,0,0,0,0.0,0,0,0.0,0.0,31672,1,0,0.0010249342303723097,0.0006118607707321644,-0.0019349990179762244,0.0,0.0,213,32766,268,252,2930,4.027565956115723
2026-04-07T11:37:48.865,radio://0/80/2M,flow,0,0,Reacquire Wall,8191,0,0,0,0.0,0,0,0.0,0.0,31922,3,0,0.0010249342303723097,-0.0005892296903766692,-0.004133756272494793,0.0,0.0,213,32766,268,252,2930,4.027565956115723
2026-04-07T11:37:48.866,radio://0/80/2M,range,0,0,Reacquire Wall,8191,0,0,0,0.0,0,0,0.0,0.0,31922,3,0,0.0010249342303723097,-0.0005892296903766692,-0.004133756272494793,0.0,0.0,208,32766,266,254,2929,4.0170087814331055
2026-04-07T11:37:49.112,radio://0/80/2M,mission,0,0,Reacquire Wall,8191,0,0,0,0.0,0,0,0.0,0.0,31922,3,0,0.0014668338699266315,-0.0005892296903766692,-0.004133756272494793,0.0,0.0,208,32766,266,254,2929,4.0170087814331055
2026-04-07T11:37:49.114,radio://0/80/2M,flow,0,0,Reacquire Wall,8191,0,0,0,0.0,0,0,0.0,0.0,32172,-5,1,0.0014668338699266315,-0.000992838991805911,0.00017039789236150682,0.0,0.0,208,32766,266,254,2929,4.0170087814331055
2026-04-07T11:37:49.116,radio://0/80/2M,range,0,0,Reacquire Wall,8191,0,0,0,0.0,0,0,0.0,0.0,32172,-5,1,0.0014668338699266315,-0.000992838991805911,0.00017039789236150682,0.0,0.0,209,32766,271,252,2925,4.027565956115723
2026-04-07T11:37:49.362,radio://0/80/2M,mission,0,0,Reacquire Wall,8191,0,0,0,0.0,0,0,0.0,0.0,32172,-5,1,0.0005082787247374654,-0.000992838991805911,0.00017039789236150682,0.0,0.0,209,32766,271,252,2925,4.027565956115723
2026-04-07T11:37:49.365,radio://0/80/2M,flow,0,0,Reacquire Wall,8191,0,0,0,0.0,0,0,0.0,0.0,32422,4,0,0.0005082787247374654,-0.00018587600789032876,-0.006562483496963978,0.0,0.0,209,32766,271,252,2925,4.027565956115723
2026-04-07T11:37:49.366,radio://0/80/2M,range,0,0,Reacquire Wall,8191,0,0,0,0.0,0,0,0.0,0.0,32422,4,0,0.0005082787247374654,-0.00018587600789032876,-0.006562483496963978,0.0,0.0,209,32766,269,254,2938,4.0170087814331055
2026-04-07T11:37:49.612,radio://0/80/2M,mission,0,0,Reacquire Wall,8191,0,0,0,0.0,0,0,0.0,0.0,32422,4,0,0.0018608348909765482,-0.00018587600789032876,-0.006562483496963978,0.0,0.0,209,32766,269,254,2938,4.0170087814331055
2026-04-07T11:37:49.615,radio://0/80/2M,flow,0,0,Reacquire Wall,8191,0,0,0,0.0,0,0,0.0,0.0,32672,2,0,0.0018608348909765482,-0.005481807980686426,-0.005758823826909065,0.0,0.0,209,32766,269,254,2938,4.0170087814331055
2026-04-07T11:37:49.616,radio://0/80/2M,range,0,0,Reacquire Wall,8191,0,0,0,0.0,0,0,0.0,0.0,32672,2,0,0.0018608348909765482,-0.005481807980686426,-0.005758823826909065,0.0,0.0,210,32766,268,250,2932,4.022287368774414
2026-04-07T11:37:49.860,radio://0/80/2M,mission,0,0,Reacquire Wall,8191,0,0,0,0.0,0,0,0.0,0.0,32672,2,0,0.0005304460064508021,-0.005481807980686426,-0.005758823826909065,0.0,0.0,210,32766,268,250,2932,4.022287368774414
2026-04-07T11:37:49.864,radio://0/80/2M,flow,0,0,Reacquire Wall,8191,0,0,0,0.0,0,0,0.0,0.0,32922,0,0,0.0005304460064508021,-0.004110177978873253,-0.006794602610170841,0.0,0.0,210,32766,268,250,2932,4.022287368774414
2026-04-07T11:37:49.865,radio://0/80/2M,range,0,0,Reacquire Wall,8191,0,0,0,0.0,0,0,0.0,0.0,32922,0,0,0.0005304460064508021,-0.004110177978873253,-0.006794602610170841,0.0,0.0,212,32766,265,250,2935,4.0170087814331055
2026-04-07T11:37:50.110,radio://0/80/2M,mission,0,0,Reacquire Wall,8191,0,0,0,0.0,0,0,0.0,0.0,32922,0,0,0.00015898396668490022,-0.004110177978873253,-0.006794602610170841,0.0,0.0,212,32766,265,250,2935,4.0170087814331055
2026-04-07T11:37:50.114,radio://0/80/2M,flow,0,0,Reacquire Wall,8191,0,0,0,0.0,0,0,0.0,0.0,33172,-5,-1,0.00015898396668490022,-0.016933804377913475,0.025323297828435898,0.0,0.0,212,32766,265,250,2935,4.0170087814331055
2026-04-07T11:37:50.115,radio://0/80/2M,range,0,0,Reacquire Wall,8191,0,0,0,0.0,0,0,0.0,0.0,33172,-5,-1,0.00015898396668490022,-0.016933804377913475,0.025323297828435898,0.0,0.0,212,32766,269,252,2931,4.027565956115723
2026-04-07T11:37:50.413,radio://0/80/2M,mission,1,0,Reacquire Wall,8191,0,0,0,0.0,0,0,0.0,0.0,33172,-5,-1,0.001679290784522891,-0.016933804377913475,0.025323297828435898,0.0,0.0,212,32766,269,252,2931,4.027565956115723
2026-04-07T11:37:50.414,radio://0/80/2M,flow,1,0,Reacquire Wall,8191,0,0,0,0.0,0,0,0.0,0.0,33422,6,-4,0.001679290784522891,0.00301260594278574,0.0023210805375128984,-0.016228802502155304,0.08149680495262146,212,32766,269,252,2931,4.027565956115723
2026-04-07T11:37:50.415,radio://0/80/2M,range,1,0,Reacquire Wall,8191,0,0,0,0.0,0,0,0.0,0.0,33422,6,-4,0.001679290784522891,0.00301260594278574,0.0023210805375128984,-0.016228802502155304,0.08149680495262146,206,32766,269,252,2937,3.3360705375671387
2026-04-07T11:37:50.610,radio://0/80/2M,mission,1,0,Reacquire Wall,8191,0,0,0,0.0,0,0,0.0,0.0,33422,6,-4,0.15763087570667267,0.00301260594278574,0.0023210805375128984,-0.016228802502155304,0.08149680495262146,206,32766,269,252,2937,3.3360705375671387
2026-04-07T11:37:50.613,radio://0/80/2M,flow,1,0,Reacquire Wall,4166,0,0,0,0.0,0,0,0.0,0.0,33672,1,8,0.15763087570667267,-0.14343498647212982,0.08428802341222763,0.0,0.0,206,32766,269,252,2937,3.3360705375671387
2026-04-07T11:37:50.614,radio://0/80/2M,range,1,0,Reacquire Wall,4166,0,0,0,0.0,0,0,0.0,0.0,33672,1,8,0.15763087570667267,-0.14343498647212982,0.08428802341222763,0.0,0.0,1681,496,32766,1209,2913,3.5313782691955566
2026-04-07T11:37:50.860,radio://0/80/2M,mission,1,0,Reacquire Wall,4166,0,0,0,0.0,0,0,0.0,0.0,33672,1,8,0.43410032987594604,-0.14343498647212982,0.08428802341222763,0.0,0.0,1681,496,32766,1209,2913,3.5313782691955566
2026-04-07T11:37:50.863,radio://0/80/2M,flow,1,0,Reacquire Wall,3420,0,0,0,0.0,0,0,0.0,0.0,33922,0,-1,0.43410032987594604,-0.0040268609300255775,0.039866212755441666,0.0,0.0,1681,496,32766,1209,2913,3.5313782691955566
2026-04-07T11:37:50.864,radio://0/80/2M,range,1,0,Reacquire Wall,3420,0,0,0,0.0,0,0,0.0,0.0,33922,0,-1,0.43410032987594604,-0.0040268609300255775,0.039866212755441666,0.0,0.0,1800,32766,32766,32766,2596,3.5736072063446045
2026-04-07T11:37:51.110,radio://0/80/2M,mission,1,0,Reacquire Wall,3420,0,0,0,0.0,0,0,0.0,0.0,33922,0,-1,0.6951977610588074,-0.0040268609300255775,0.039866212755441666,0.0,0.0,1800,32766,32766,32766,2596,3.5736072063446045
2026-04-07T11:37:51.113,radio://0/80/2M,flow,1,0,Reacquire Wall,3207,0,0,0,0.0,0,0,0.0,0.0,34172,0,-1,0.6951977610588074,0.037793830037117004,-0.014260899275541306,0.0,0.0,1800,32766,32766,32766,2596,3.5736072063446045
2026-04-07T11:37:51.114,radio://0/80/2M,range,1,0,Reacquire Wall,3207,0,0,0,0.0,0,0,0.0,0.0,34172,0,-1,0.6951977610588074,0.037793830037117004,-0.014260899275541306,0.0,0.0,32766,32766,32766,1538,2367,3.658064603805542
2026-04-07T11:37:51.361,radio://0/80/2M,mission,1,0,Reacquire Wall,3207,0,0,0,0.0,0,0,0.0,0.0,34172,0,-1,0.843039870262146,0.037793830037117004,-0.014260899275541306,0.0,0.0,32766,32766,32766,1538,2367,3.658064603805542
2026-04-07T11:37:51.363,radio://0/80/2M,flow,1,0,Reacquire Wall,3207,0,0,0,0.0,0,0,0.0,0.0,34422,2,0,0.843039870262146,0.1380424201488495,-0.022218143567442894,0.20000000298023224,0.0,32766,32766,32766,1538,2367,3.658064603805542
2026-04-07T11:37:51.365,radio://0/80/2M,range,1,0,Reacquire Wall,3207,0,0,0,0.0,0,0,0.0,0.0,34422,2,0,0.843039870262146,0.1380424201488495,-0.022218143567442894,0.20000000298023224,0.0,32766,32766,32766,32766,2132,3.621114492416382
2026-04-07T11:37:51.610,radio://0/80/2M,mission,1,0,Reacquire Wall,3207,0,0,0,0.0,0,0,0.0,0.0,34422,2,0,0.8945183753967285,0.1380424201488495,-0.022218143567442894,0.20000000298023224,0.0,32766,32766,32766,32766,2132,3.621114492416382
2026-04-07T11:37:51.612,radio://0/80/2M,flow,1,0,Reacquire Wall,3007,0,0,0,0.0,0,0,0.0,0.0,34672,0,0,0.8945183753967285,0.23956644535064697,-0.01212076935917139,0.20000000298023224,0.0,32766,32766,32766,32766,2132,3.621114492416382
2026-04-07T11:37:51.614,radio://0/80/2M,range,1,0,Reacquire Wall,3007,0,0,0,0.0,0,0,0.0,0.0,34672,0,0,0.8945183753967285,0.23956644535064697,-0.01212076935917139,0.20000000298023224,0.0,32766,32766,32766,32766,2064,3.578885793685913
2026-04-07T11:37:51.860,radio://0/80/2M,mission,1,0,Reacquire Wall,3007,0,0,0,0.0,0,0,0.0,0.0,34672,0,0,0.8993673920631409,0.23956644535064697,-0.01212076935917139,0.20000000298023224,0.0,32766,32766,32766,32766,2064,3.578885793685913
2026-04-07T11:37:51.863,radio://0/80/2M,flow,1,0,Reacquire Wall,2820,0,0,0,0.0,0,0,0.0,0.0,34922,-4,0,0.8993673920631409,0.2613687217235565,0.019254766404628754,0.20000000298023224,0.0,32766,32766,32766,32766,2064,3.578885793685913
2026-04-07T11:37:51.865,radio://0/80/2M,range,1,0,Reacquire Wall,2820,0,0,0,0.0,0,0,0.0,0.0,34922,-4,0,0.8993673920631409,0.2613687217235565,0.019254766404628754,0.20000000298023224,0.0,32766,32766,32766,32766,2038,3.5472140312194824
2026-04-07T11:37:52.110,radio://0/80/2M,mission,1,0,Reacquire Wall,2820,0,0,0,0.0,0,0,0.0,0.0,34922,-4,0,0.9023944735527039,0.2613687217235565,0.019254766404628754,0.20000000298023224,0.0,32766,32766,32766,32766,2038,3.5472140312194824
2026-04-07T11:37:52.114,radio://0/80/2M,flow,1,0,Reacquire Wall,2820,0,0,0,0.0,0,0,0.0,0.0,35172,0,-4,0.9023944735527039,0.23665931820869446,0.011915734969079494,0.20000000298023224,0.0,32766,32766,32766,32766,2038,3.5472140312194824
2026-04-07T11:37:52.115,radio://0/80/2M,range,1,0,Reacquire Wall,2820,0,0,0,0.0,0,0,0.0,0.0,35172,0,-4,0.9023944735527039,0.23665931820869446,0.011915734969079494,0.20000000298023224,0.0,32766,32766,32766,32766,2038,3.552492618560791
2026-04-07T11:37:52.359,radio://0/80/2M,mission,1,0,Reacquire Wall,2820,0,0,0,0.0,0,0,0.0,0.0,35172,0,-4,0.9050683379173279,0.23665931820869446,0.011915734969079494,0.20000000298023224,0.0,32766,32766,32766,32766,2038,3.552492618560791
2026-04-07T11:37:52.362,radio://0/80/2M,flow,1,0,Reacquire Wall,2820,0,0,0,0.0,0,0,0.0,0.0,35422,0,-1,0.9050683379173279,0.22710159420967102,0.008484529331326485,0.20000000298023224,0.0,32766,32766,32766,32766,2038,3.552492618560791
2026-04-07T11:37:52.363,radio://0/80/2M,range,1,0,Reacquire Wall,2820,0,0,0,0.0,0,0,0.0,0.0,35422,0,-1,0.9050683379173279,0.22710159420967102,0.008484529331326485,0.20000000298023224,0.0,1423,32766,32766,32766,2032,3.5366568565368652
2026-04-07T11:37:52.608,radio://0/80/2M,mission,1,0,Reacquire Wall,2820,0,0,0,0.0,0,0,0.0,0.0,35422,0,-1,0.8978139758110046,0.22710159420967102,0.008484529331326485,0.20000000298023224,0.0,1423,32766,32766,32766,2032,3.5366568565368652
2026-04-07T11:37:52.612,radio://0/80/2M,flow,1,0,Reacquire Wall,2820,0,0,0,0.0,0,0,0.0,0.0,35672,0,-1,0.8978139758110046,0.22914379835128784,-0.0008470137836411595,0.20000000298023224,0.0,1423,32766,32766,32766,2032,3.5366568565368652
2026-04-07T11:37:52.613,radio://0/80/2M,range,1,0,Reacquire Wall,2820,0,0,0,0.0,0,0,0.0,0.0,35672,0,-1,0.8978139758110046,0.22914379835128784,-0.0008470137836411595,0.20000000298023224,0.0,32766,32766,32766,32766,2036,3.5313782691955566
2026-04-07T11:37:52.859,radio://0/80/2M,mission,1,0,Reacquire Wall,2820,0,0,0,0.0,0,0,0.0,0.0,35672,0,-1,0.8934877514839172,0.22914379835128784,-0.0008470137836411595,0.20000000298023224,0.0,32766,32766,32766,32766,2036,3.5313782691955566
2026-04-07T11:37:52.862,radio://0/80/2M,flow,1,0,Reacquire Wall,2820,0,0,0,0.0,0,0,0.0,0.0,35922,0,-1,0.8934877514839172,0.21720410883426666,0.01170558575540781,0.20000000298023224,0.0,32766,32766,32766,32766,2036,3.5313782691955566
2026-04-07T11:37:52.863,radio://0/80/2M,range,1,0,Reacquire Wall,2820,0,0,0,0.0,0,0,0.0,0.0,35922,0,-1,0.8934877514839172,0.21720410883426666,0.01170558575540781,0.20000000298023224,0.0,32766,32766,32766,32766,2042,3.515542507171631
2026-04-07T11:37:53.108,radio://0/80/2M,mission,1,0,Reacquire Wall,2820,0,0,0,0.0,0,0,0.0,0.0,35922,0,-1,0.8857044577598572,0.21720410883426666,0.01170558575540781,0.20000000298023224,0.0,32766,32766,32766,32766,2042,3.515542507171631
2026-04-07T11:37:53.111,radio://0/80/2M,flow,1,0,Reacquire Wall,2820,0,0,0,0.0,0,0,0.0,0.0,36172,0,-2,0.8857044577598572,0.214475616812706,0.00426518265157938,0.20000000298023224,0.0,32766,32766,32766,32766,2042,3.515542507171631
2026-04-07T11:37:53.113,radio://0/80/2M,range,1,0,Reacquire Wall,2820,0,0,0,0.0,0,0,0.0,0.0,36172,0,-2,0.8857044577598572,0.214475616812706,0.00426518265157938,0.20000000298023224,0.0,32766,32766,32766,32766,2049,3.515542507171631
2026-04-07T11:37:53.359,radio://0/80/2M,mission,1,0,Reacquire Wall,2820,0,0,0,0.0,0,0,0.0,0.0,36172,0,-2,0.877429187297821,0.214475616812706,0.00426518265157938,0.20000000298023224,0.0,32766,32766,32766,32766,2049,3.515542507171631
2026-04-07T11:37:53.362,radio://0/80/2M,flow,1,0,Reacquire Wall,2820,0,0,0,0.0,0,0,0.0,0.0,36422,0,0,0.877429187297821,0.22960174083709717,0.002211844315752387,0.20000000298023224,0.0,32766,32766,32766,32766,2049,3.515542507171631
2026-04-07T11:37:53.363,radio://0/80/2M,range,1,0,Reacquire Wall,2820,0,0,0,0.0,0,0,0.0,0.0,36422,0,0,0.877429187297821,0.22960174083709717,0.002211844315752387,0.20000000298023224,0.0,32766,32766,32766,32766,2057,3.4944281578063965
2026-04-07T11:37:53.607,radio://0/80/2M,mission,1,0,Reacquire Wall,2820,0,0,0,0.0,0,0,0.0,0.0,36422,0,0,0.8741949796676636,0.22960174083709717,0.002211844315752387,0.20000000298023224,0.0,32766,32766,32766,32766,2057,3.4944281578063965
2026-04-07T11:37:53.611,radio://0/80/2M,flow,1,0,Reacquire Wall,2820,0,0,0,0.0,0,0,0.0,0.0,36672,0,0,0.8741949796676636,0.22119517624378204,-0.02544395811855793,0.20000000298023224,0.0,32766,32766,32766,32766,2057,3.4944281578063965
2026-04-07T11:37:53.612,radio://0/80/2M,range,1,0,Reacquire Wall,2820,0,0,0,0.0,0,0,0.0,0.0,36672,0,0,0.8741949796676636,0.22119517624378204,-0.02544395811855793,0.20000000298023224,0.0,1214,32766,32766,32766,2060,3.499706745147705
2026-04-07T11:37:53.858,radio://0/80/2M,mission,1,0,Reacquire Wall,2820,0,0,0,0.0,0,0,0.0,0.0,36672,0,0,0.8765790462493896,0.22119517624378204,-0.02544395811855793,0.20000000298023224,0.0,1214,32766,32766,32766,2060,3.499706745147705
2026-04-07T11:37:53.861,radio://0/80/2M,flow,1,0,Reacquire Wall,2820,0,0,0,0.0,0,0,0.0,0.0,36922,1,0,0.8765790462493896,0.18902403116226196,-0.05027996376156807,0.20000000298023224,0.0,1214,32766,32766,32766,2060,3.499706745147705
2026-04-07T11:37:53.862,radio://0/80/2M,range,1,0,Reacquire Wall,2820,0,0,0,0.0,0,0,0.0,0.0,36922,1,0,0.8765790462493896,0.18902403116226196,-0.05027996376156807,0.20000000298023224,0.0,1154,32766,32766,32766,2061,3.4838709831237793
2026-04-07T11:37:54.109,radio://0/80/2M,mission,1,0,Reacquire Wall,2820,0,0,0,0.0,0,0,0.0,0.0,36922,1,0,0.8751904368400574,0.18902403116226196,-0.05027996376156807,0.20000000298023224,0.0,1154,32766,32766,32766,2061,3.4838709831237793
2026-04-07T11:37:54.111,radio://0/80/2M,flow,1,0,Reacquire Wall,2820,0,0,0,0.0,0,0,0.0,0.0,37172,2,-2,0.8751904368400574,0.21683478355407715,-0.012353918515145779,0.20000000298023224,0.0,1154,32766,32766,32766,2061,3.4838709831237793
2026-04-07T11:37:54.112,radio://0/80/2M,range,1,0,Reacquire Wall,2820,0,0,0,0.0,0,0,0.0,0.0,37172,2,-2,0.8751904368400574,0.21683478355407715,-0.012353918515145779,0.20000000298023224,0.0,1103,2682,1161,32766,2066,3.4838709831237793
2026-04-07T11:37:54.357,radio://0/80/2M,mission,1,0,Reacquire Wall,2820,0,0,0,0.0,0,0,0.0,0.0,37172,2,-2,0.8653209209442139,0.21683478355407715,-0.012353918515145779,0.20000000298023224,0.0,1103,2682,1161,32766,2066,3.4838709831237793
2026-04-07T11:37:54.361,radio://0/80/2M,flow,1,0,Reacquire Wall,2820,0,0,0,0.0,0,0,0.0,0.0,37422,0,-10,0.8653209209442139,0.23085545003414154,0.02301500365138054,0.20000000298023224,0.0,1103,2682,1161,32766,2066,3.4838709831237793
2026-04-07T11:37:54.362,radio://0/80/2M,range,1,0,Reacquire Wall,2820,0,0,0,0.0,0,0,0.0,0.0,37422,0,-10,0.8653209209442139,0.23085545003414154,0.02301500365138054,0.20000000298023224,0.0,1011,2856,1163,32766,2070,3.4574780464172363
2026-04-07T11:37:54.607,radio://0/80/2M,mission,1,0,Reacquire Wall,2820,0,0,0,0.0,0,0,0.0,0.0,37422,0,-10,0.860648512840271,0.23085545003414154,0.02301500365138054,0.20000000298023224,0.0,1011,2856,1163,32766,2070,3.4574780464172363
2026-04-07T11:37:54.610,radio://0/80/2M,flow,1,0,Reacquire Wall,2820,0,0,0,0.0,0,0,0.0,0.0,37672,-1,0,0.860648512840271,0.2135257124900818,0.028475088998675346,0.20000000298023224,0.0,1011,2856,1163,32766,2070,3.4574780464172363
2026-04-07T11:37:54.612,radio://0/80/2M,range,1,0,Reacquire Wall,2820,0,0,0,0.0,0,0,0.0,0.0,37672,-1,0,0.860648512840271,0.2135257124900818,0.028475088998675346,0.20000000298023224,0.0,934,2978,1167,32766,2075,3.4574780464172363
2026-04-07T11:37:54.857,radio://0/80/2M,mission,1,0,Reacquire Wall,2820,0,0,0,0.0,0,0,0.0,0.0,37672,-1,0,0.8577547669410706,0.2135257124900818,0.028475088998675346,0.20000000298023224,0.0,934,2978,1167,32766,2075,3.4574780464172363
2026-04-07T11:37:54.859,radio://0/80/2M,flow,1,0,Reacquire Wall,2820,0,0,0,0.0,0,0,0.0,0.0,37922,-1,-1,0.8577547669410706,0.18157021701335907,0.021684536710381508,0.20000000298023224,0.0,934,2978,1167,32766,2075,3.4574780464172363
2026-04-07T11:37:54.861,radio://0/80/2M,range,1,0,Reacquire Wall,2820,0,0,0,0.0,0,0,0.0,0.0,37922,-1,-1,0.8577547669410706,0.18157021701335907,0.021684536710381508,0.20000000298023224,0.0,911,32766,1169,32766,2076,3.4310851097106934
2026-04-07T11:37:55.106,radio://0/80/2M,mission,1,0,Reacquire Wall,2820,0,0,0,0.0,0,0,0.0,0.0,37922,-1,-1,0.8519601225852966,0.18157021701335907,0.021684536710381508,0.20000000298023224,0.0,911,32766,1169,32766,2076,3.4310851097106934
2026-04-07T11:37:55.111,radio://0/80/2M,flow,1,0,Reacquire Wall,2996,0,0,0,0.0,0,0,0.0,0.0,38172,0,0,0.8519601225852966,0.18783129751682281,-0.0010059468913823366,0.20000000298023224,0.0,911,32766,1169,32766,2076,3.4310851097106934
2026-04-07T11:37:55.112,radio://0/80/2M,range,1,0,Reacquire Wall,2996,0,0,0,0.0,0,0,0.0,0.0,38172,0,0,0.8519601225852966,0.18783129751682281,-0.0010059468913823366,0.20000000298023224,0.0,936,3109,1169,32766,2086,3.4152493476867676
2026-04-07T11:37:55.356,radio://0/80/2M,mission,1,0,Reacquire Wall,2996,0,0,0,0.0,0,0,0.0,0.0,38172,0,0,0.8467814326286316,0.18783129751682281,-0.0010059468913823366,0.20000000298023224,0.0,936,3109,1169,32766,2086,3.4152493476867676
2026-04-07T11:37:55.360,radio://0/80/2M,flow,1,0,Reacquire Wall,3183,0,0,0,0.0,0,0,0.0,0.0,38422,4,-1,0.8467814326286316,0.1918436884880066,-0.022884391248226166,0.20000000298023224,0.0,936,3109,1169,32766,2086,3.4152493476867676
2026-04-07T11:37:55.361,radio://0/80/2M,range,1,0,Reacquire Wall,3183,0,0,0,0.0,0,0,0.0,0.0,38422,4,-1,0.8467814326286316,0.1918436884880066,-0.022884391248226166,0.20000000298023224,0.0,946,3125,1169,32766,2091,3.399413585662842
2026-04-07T11:37:55.607,radio://0/80/2M,mission,1,0,Reacquire Wall,3183,0,0,0,0.0,0,0,0.0,0.0,38422,4,-1,0.8436725735664368,0.1918436884880066,-0.022884391248226166,0.20000000298023224,0.0,946,3125,1169,32766,2091,3.399413585662842
2026-04-07T11:37:55.609,radio://0/80/2M,flow,1,0,Reacquire Wall,3381,0,0,0,0.0,0,0,0.0,0.0,38672,-3,0,0.8436725735664368,0.19772209227085114,0.01508049014955759,0.20000000298023224,0.0,946,3125,1169,32766,2091,3.399413585662842
2026-04-07T11:37:55.611,radio://0/80/2M,range,1,0,Reacquire Wall,3381,0,0,0,0.0,0,0,0.0,0.0,38672,-3,0,0.8436725735664368,0.19772209227085114,0.01508049014955759,0.20000000298023224,0.0,919,32766,1169,32766,2091,3.394134998321533
2026-04-07T11:37:55.857,radio://0/80/2M,mission,1,0,Reacquire Wall,3381,0,0,0,0.0,0,0,0.0,0.0,38672,-3,0,0.8425426483154297,0.19772209227085114,0.01508049014955759,0.20000000298023224,0.0,919,32766,1169,32766,2091,3.394134998321533
2026-04-07T11:37:55.859,radio://0/80/2M,flow,1,0,Reacquire Wall,3592,0,0,0,0.0,0,0,0.0,0.0,38922,0,0,0.8425426483154297,0.23974153399467468,0.019940128549933434,0.20000000298023224,0.0,919,32766,1169,32766,2091,3.394134998321533
2026-04-07T11:37:55.860,radio://0/80/2M,range,1,0,Reacquire Wall,3592,0,0,0,0.0,0,0,0.0,0.0,38922,0,0,0.8425426483154297,0.23974153399467468,0.019940128549933434,0.20000000298023224,0.0,896,380,1190,32766,2097,3.3888564109802246
2026-04-07T11:37:56.106,radio://0/80/2M,mission,1,0,Reacquire Wall,3592,0,0,0,0.0,0,0,0.0,0.0,38922,0,0,0.8398990035057068,0.23974153399467468,0.019940128549933434,0.20000000298023224,0.0,896,380,1190,32766,2097,3.3888564109802246
2026-04-07T11:37:56.109,radio://0/80/2M,flow,1,0,Reacquire Wall,3592,0,0,0,0.0,0,0,0.0,0.0,39172,0,-1,0.8398990035057068,0.21643809974193573,0.01785978488624096,0.20000000298023224,0.0,896,380,1190,32766,2097,3.3888564109802246
2026-04-07T11:37:56.111,radio://0/80/2M,range,1,0,Reacquire Wall,3592,0,0,0,0.0,0,0,0.0,0.0,39172,0,-1,0.8398990035057068,0.21643809974193573,0.01785978488624096,0.20000000298023224,0.0,867,357,1193,32766,2101,3.4046921730041504
2026-04-07T11:37:56.356,radio://0/80/2M,mission,1,0,Reacquire Wall,3592,0,0,0,0.0,0,0,0.0,0.0,39172,0,-1,0.8258428573608398,0.21643809974193573,0.01785978488624096,0.20000000298023224,0.0,867,357,1193,32766,2101,3.4046921730041504
2026-04-07T11:37:56.359,radio://0/80/2M,flow,1,0,Reacquire Wall,3592,0,0,0,0.0,0,0,0.0,0.0,39422,-1,0,0.8258428573608398,0.19230236113071442,0.03350241109728813,0.20000000298023224,0.0,867,357,1193,32766,2101,3.4046921730041504
2026-04-07T11:37:56.360,radio://0/80/2M,range,1,0,Reacquire Wall,3592,0,0,0,0.0,0,0,0.0,0.0,39422,-1,0,0.8258428573608398,0.19230236113071442,0.03350241109728813,0.20000000298023224,0.0,857,347,1205,32766,2108,3.373020648956299
2026-04-07T11:37:56.606,radio://0/80/2M,mission,1,0,Reacquire Wall,3592,0,0,0,0.0,0,0,0.0,0.0,39422,-1,0,0.8204510807991028,0.19230236113071442,0.03350241109728813,0.20000000298023224,0.0,857,347,1205,32766,2108,3.373020648956299
2026-04-07T11:37:56.609,radio://0/80/2M,flow,1,0,Reacquire Wall,3592,0,0,0,0.0,0,0,0.0,0.0,39672,0,0,0.8204510807991028,0.19947916269302368,0.04047860577702522,0.20000000298023224,0.0,857,347,1205,32766,2108,3.373020648956299
2026-04-07T11:37:56.610,radio://0/80/2M,range,1,0,Reacquire Wall,3592,0,0,0,0.0,0,0,0.0,0.0,39672,0,0,0.8204510807991028,0.19947916269302368,0.04047860577702522,0.20000000298023224,0.0,843,341,1208,32766,2116,3.3888564109802246
2026-04-07T11:37:56.856,radio://0/80/2M,mission,1,0,Reacquire Wall,3592,0,0,0,0.0,0,0,0.0,0.0,39672,0,0,0.8174875378608704,0.19947916269302368,0.04047860577702522,0.20000000298023224,0.0,843,341,1208,32766,2116,3.3888564109802246
2026-04-07T11:37:56.858,radio://0/80/2M,flow,1,0,Reacquire Wall,3592,0,0,0,0.0,0,0,0.0,0.0,39922,0,4,0.8174875378608704,0.20201154053211212,0.015720626339316368,0.20000000298023224,0.0,843,341,1208,32766,2116,3.3888564109802246
2026-04-07T11:37:56.860,radio://0/80/2M,range,1,0,Reacquire Wall,3592,0,0,0,0.0,0,0,0.0,0.0,39922,0,4,0.8174875378608704,0.20201154053211212,0.015720626339316368,0.20000000298023224,0.0,838,316,1221,32766,2122,3.3624634742736816
2026-04-07T11:37:57.106,radio://0/80/2M,mission,1,0,Reacquire Wall,3592,0,0,0,0.0,0,0,0.0,0.0,39922,0,4,0.8193244934082031,0.20201154053211212,0.015720626339316368,0.20000000298023224,0.0,838,316,1221,32766,2122,3.3624634742736816
2026-04-07T11:37:57.108,radio://0/80/2M,flow,1,0,Reacquire Wall,3592,0,0,0,0.0,0,0,0.0,0.0,40172,2,0,0.8193244934082031,0.1816922277212143,-0.06605325639247894,0.20000000298023224,0.0,838,316,1221,32766,2122,3.3624634742736816
2026-04-07T11:37:57.109,radio://0/80/2M,range,1,0,Reacquire Wall,3592,0,0,0,0.0,0,0,0.0,0.0,40172,2,0,0.8193244934082031,0.1816922277212143,-0.06605325639247894,0.20000000298023224,0.0,850,311,1217,32766,2124,3.3677420616149902
2026-04-07T11:37:57.355,radio://0/80/2M,mission,1,0,Reacquire Wall,3592,0,0,0,0.0,0,0,0.0,0.0,40172,2,0,0.8227993249893188,0.1816922277212143,-0.06605325639247894,0.20000000298023224,0.0,850,311,1217,32766,2124,3.3677420616149902
2026-04-07T11:37:57.358,radio://0/80/2M,flow,1,0,Reacquire Wall,3592,0,0,0,0.0,0,0,0.0,0.0,40422,-2,0,0.8227993249893188,0.17806975543498993,-0.0728556215763092,0.20000000298023224,0.0,850,311,1217,32766,2124,3.3677420616149902
2026-04-07T11:37:57.360,radio://0/80/2M,range,1,0,Reacquire Wall,3592,0,0,0,0.0,0,0,0.0,0.0,40422,-2,0,0.8227993249893188,0.17806975543498993,-0.0728556215763092,0.20000000298023224,0.0,909,326,1193,32766,2112,3.357184886932373
2026-04-07T11:37:57.606,radio://0/80/2M,mission,1,0,Reacquire Wall,3592,0,0,0,0.0,0,0,0.0,0.0,40422,-2,0,0.8272568583488464,0.17806975543498993,-0.0728556215763092,0.20000000298023224,0.0,909,326,1193,32766,2112,3.357184886932373
2026-04-07T11:37:57.608,radio://0/80/2M,flow,1,0,Reacquire Wall,3816,0,0,0,0.0,0,0,0.0,0.0,40672,0,-5,0.8272568583488464,0.204410582780838,-0.05715382844209671,0.20000000298023224,0.0,909,326,1193,32766,2112,3.357184886932373
2026-04-07T11:37:57.610,radio://0/80/2M,range,1,0,Reacquire Wall,3816,0,0,0,0.0,0,0,0.0,0.0,40672,0,-5,0.8272568583488464,0.204410582780838,-0.05715382844209671,0.20000000298023224,0.0,929,335,1182,32766,2116,3.3677420616149902
2026-04-07T11:37:57.855,radio://0/80/2M,mission,1,0,Reacquire Wall,3816,0,0,0,0.0,0,0,0.0,0.0,40672,0,-5,0.8202409744262695,0.204410582780838,-0.05715382844209671,0.20000000298023224,0.0,929,335,1182,32766,2116,3.3677420616149902
2026-04-07T11:37:57.858,radio://0/80/2M,flow,1,0,Reacquire Wall,3816,0,0,0,0.0,0,0,0.0,0.0,40922,0,-1,0.8202409744262695,0.19525781273841858,-0.049911461770534515,0.20000000298023224,0.0,929,335,1182,32766,2116,3.3677420616149902
2026-04-07T11:37:57.859,radio://0/80/2M,range,1,0,Reacquire Wall,3816,0,0,0,0.0,0,0,0.0,0.0,40922,0,-1,0.8202409744262695,0.19525781273841858,-0.049911461770534515,0.20000000298023224,0.0,892,343,1186,32766,2114,3.3413491249084473
2026-04-07T11:37:58.104,radio://0/80/2M,mission,1,0,Reacquire Wall,3816,0,0,0,0.0,0,0,0.0,0.0,40922,0,-1,0.8143148422241211,0.19525781273841858,-0.049911461770534515,0.20000000298023224,0.0,892,343,1186,32766,2114,3.3413491249084473
2026-04-07T11:37:58.108,radio://0/80/2M,flow,1,0,Reacquire Wall,3816,0,0,0,0.0,0,0,0.0,0.0,41172,0,-4,0.8143148422241211,0.18723797798156738,-0.016214141622185707,0.20000000298023224,0.0,892,343,1186,32766,2114,3.3413491249084473
2026-04-07T11:37:58.109,radio://0/80/2M,range,1,0,Reacquire Wall,3816,0,0,0,0.0,0,0,0.0,0.0,41172,0,-4,0.8143148422241211,0.18723797798156738,-0.016214141622185707,0.20000000298023224,0.0,802,357,1199,32766,2129,3.3360705375671387
2026-04-07T11:37:58.355,radio://0/80/2M,mission,1,0,Reacquire Wall,3816,0,0,0,0.0,0,0,0.0,0.0,41172,0,-4,0.8110189437866211,0.18723797798156738,-0.016214141622185707,0.20000000298023224,0.0,802,357,1199,32766,2129,3.3360705375671387
2026-04-07T11:37:58.359,radio://0/80/2M,flow,1,0,Reacquire Wall,3578,0,0,0,0.0,0,0,0.0,0.0,41422,-1,-1,0.8110189437866211,0.18732818961143494,0.026298267766833305,0.20000000298023224,0.0,802,357,1199,32766,2129,3.3360705375671387
2026-04-07T11:37:58.360,radio://0/80/2M,range,1,0,Reacquire Wall,3578,0,0,0,0.0,0,0,0.0,0.0,41422,-1,-1,0.8110189437866211,0.18732818961143494,0.026298267766833305,0.20000000298023224,0.0,781,362,1208,32766,2126,3.33079195022583
2026-04-07T11:37:58.604,radio://0/80/2M,mission,1,0,Reacquire Wall,3578,0,0,0,0.0,0,0,0.0,0.0,41422,-1,-1,0.8195701837539673,0.18732818961143494,0.026298267766833305,0.20000000298023224,0.0,781,362,1208,32766,2126,3.33079195022583
2026-04-07T11:37:58.607,radio://0/80/2M,flow,1,0,Reacquire Wall,3578,0,0,0,0.0,0,0,0.0,0.0,41672,-1,0,0.8195701837539673,0.16407588124275208,-0.0050227344036102295,0.20000000298023224,0.0,781,362,1208,32766,2126,3.33079195022583
2026-04-07T11:37:58.608,radio://0/80/2M,range,1,0,Reacquire Wall,3578,0,0,0,0.0,0,0,0.0,0.0,41672,-1,0,0.8195701837539673,0.16407588124275208,-0.0050227344036102295,0.20000000298023224,0.0,766,356,1195,32766,2122,3.3413491249084473
2026-04-07T11:37:58.854,radio://0/80/2M,mission,1,0,Reacquire Wall,3578,0,0,0,0.0,0,0,0.0,0.0,41672,-1,0,0.8247550129890442,0.16407588124275208,-0.0050227344036102295,0.20000000298023224,0.0,766,356,1195,32766,2122,3.3413491249084473
2026-04-07T11:37:58.857,radio://0/80/2M,flow,1,0,Reacquire Wall,3578,0,0,0,0.0,0,0,0.0,0.0,41922,-1,0,0.8247550129890442,0.18498378992080688,0.01633426919579506,0.20000000298023224,0.0,766,356,1195,32766,2122,3.3413491249084473
2026-04-07T11:37:58.858,radio://0/80/2M,range,1,0,Reacquire Wall,3578,0,0,0,0.0,0,0,0.0,0.0,41922,-1,0,0.8247550129890442,0.18498378992080688,0.01633426919579506,0.20000000298023224,0.0,763,342,1195,32766,2110,3.3255133628845215
2026-04-07T11:37:59.104,radio://0/80/2M,mission,1,0,Reacquire Wall,3578,0,0,0,0.0,0,0,0.0,0.0,41922,-1,0,0.8249017000198364,0.18498378992080688,0.01633426919579506,0.20000000298023224,0.0,763,342,1195,32766,2110,3.3255133628845215
2026-04-07T11:37:59.107,radio://0/80/2M,flow,1,0,Reacquire Wall,3355,0,0,0,0.0,0,0,0.0,0.0,42172,0,-1,0.8249017000198364,0.21689049899578094,-0.011005306616425514,0.20000000298023224,0.0,763,342,1195,32766,2110,3.3255133628845215
2026-04-07T11:37:59.108,radio://0/80/2M,range,1,0,Reacquire Wall,3355,0,0,0,0.0,0,0,0.0,0.0,42172,0,-1,0.8249017000198364,0.21689049899578094,-0.011005306616425514,0.20000000298023224,0.0,765,338,1187,32766,2113,3.3360705375671387
2026-04-07T11:37:59.360,radio://0/80/2M,mission,1,0,Reacquire Wall,3355,0,0,0,0.0,0,0,0.0,0.0,42172,0,-1,0.8233166933059692,0.21689049899578094,-0.011005306616425514,0.20000000298023224,0.0,765,338,1187,32766,2113,3.3360705375671387
2026-04-07T11:37:59.364,radio://0/80/2M,flow,1,0,Reacquire Wall,3355,0,0,0,0.0,0,0,0.0,0.0,42422,0,0,0.8233166933059692,0.20593179762363434,-0.011354273185133934,0.20000000298023224,0.0,765,338,1187,32766,2113,3.3360705375671387
2026-04-07T11:37:59.368,radio://0/80/2M,range,1,0,Reacquire Wall,3355,0,0,0,0.0,0,0,0.0,0.0,42422,0,0,0.8233166933059692,0.20593179762363434,-0.011354273185133934,0.20000000298023224,0.0,747,337,1190,32766,2114,3.314955949783325
2026-04-07T11:37:59.604,radio://0/80/2M,mission,1,0,Reacquire Wall,3355,0,0,0,0.0,0,0,0.0,0.0,42422,0,0,0.8197185397148132,0.20593179762363434,-0.011354273185133934,0.20000000298023224,0.0,747,337,1190,32766,2114,3.314955949783325
2026-04-07T11:37:59.607,radio://0/80/2M,flow,1,0,Reacquire Wall,3355,0,0,0,0.0,0,0,0.0,0.0,42672,0,0,0.8197185397148132,0.19715239107608795,-0.0009417604887858033,0.20000000298023224,0.0,747,337,1190,32766,2114,3.314955949783325
2026-04-07T11:37:59.608,radio://0/80/2M,range,1,0,Reacquire Wall,3355,0,0,0,0.0,0,0,0.0,0.0,42672,0,0,0.8197185397148132,0.19715239107608795,-0.0009417604887858033,0.20000000298023224,0.0,726,331,1197,32766,2113,3.320234775543213
2026-04-07T11:37:59.853,radio://0/80/2M,mission,1,0,Reacquire Wall,3355,0,0,0,0.0,0,0,0.0,0.0,42672,0,0,0.8189458847045898,0.19715239107608795,-0.0009417604887858033,0.20000000298023224,0.0,726,331,1197,32766,2113,3.320234775543213
2026-04-07T11:37:59.857,radio://0/80/2M,flow,1,0,Reacquire Wall,3355,0,0,0,0.0,0,0,0.0,0.0,42922,0,0,0.8189458847045898,0.19755791127681732,0.02271351031959057,0.20000000298023224,0.0,726,331,1197,32766,2113,3.320234775543213
2026-04-07T11:37:59.858,radio://0/80/2M,range,1,0,Reacquire Wall,3355,0,0,0,0.0,0,0,0.0,0.0,42922,0,0,0.8189458847045898,0.19755791127681732,0.02271351031959057,0.20000000298023224,0.0,728,316,1202,32766,2112,3.320234775543213
2026-04-07T11:38:00.103,radio://0/80/2M,mission,1,0,Reacquire Wall,3355,0,0,0,0.0,0,0,0.0,0.0,42922,0,0,0.8163129687309265,0.19755791127681732,0.02271351031959057,0.20000000298023224,0.0,728,316,1202,32766,2112,3.320234775543213
2026-04-07T11:38:00.106,radio://0/80/2M,flow,1,0,Reacquire Wall,3355,0,0,0,0.0,0,0,0.0,0.0,43172,0,0,0.8163129687309265,0.18406198918819427,-0.0033866313751786947,0.20000000298023224,0.0,728,316,1202,32766,2112,3.320234775543213
2026-04-07T11:38:00.107,radio://0/80/2M,range,1,0,Reacquire Wall,3355,0,0,0,0.0,0,0,0.0,0.0,43172,0,0,0.8163129687309265,0.18406198918819427,-0.0033866313751786947,0.20000000298023224,0.0,703,309,1216,32766,2119,3.304398775100708
2026-04-07T11:38:00.353,radio://0/80/2M,mission,1,0,Reacquire Wall,3355,0,0,0,0.0,0,0,0.0,0.0,43172,0,0,0.812035858631134,0.18406198918819427,-0.0033866313751786947,0.20000000298023224,0.0,703,309,1216,32766,2119,3.304398775100708
2026-04-07T11:38:00.356,radio://0/80/2M,flow,1,0,Reacquire Wall,3355,0,0,0,0.0,0,0,0.0,0.0,43422,4,-3,0.812035858631134,0.19265569746494293,-0.03946489468216896,0.0,0.0,703,309,1216,32766,2119,3.304398775100708
2026-04-07T11:38:00.357,radio://0/80/2M,range,1,0,Reacquire Wall,3355,0,0,0,0.0,0,0,0.0,0.0,43422,4,-3,0.812035858631134,0.19265569746494293,-0.03946489468216896,0.0,0.0,689,302,1217,32766,2118,3.2832844257354736
2026-04-07T11:38:00.603,radio://0/80/2M,mission,1,5,Transition,3355,0,0,0,0.0,0,0,0.0,0.0,43422,4,-3,0.8228346109390259,0.19265569746494293,-0.03946489468216896,0.0,0.0,689,302,1217,32766,2118,3.2832844257354736
2026-04-07T11:38:00.606,radio://0/80/2M,flow,1,5,Transition,3564,0,0,0,0.0,0,0,0.0,0.0,43672,-1,2,0.8228346109390259,0.08111846446990967,-0.002002810826525092,0.0,0.0,689,302,1217,32766,2118,3.2832844257354736
2026-04-07T11:38:00.607,radio://0/80/2M,range,1,5,Transition,3564,0,0,0,0.0,0,0,0.0,0.0,43672,-1,2,0.8228346109390259,0.08111846446990967,-0.002002810826525092,0.0,0.0,650,300,32766,32766,2120,3.2991201877593994
2026-04-07T11:38:00.853,radio://0/80/2M,mission,1,2,Scan,3564,0,0,0,0.0,0,0,0.0,0.0,43672,-1,2,0.8094133734703064,0.08111846446990967,-0.002002810826525092,0.0,0.0,650,300,32766,32766,2120,3.2991201877593994
2026-04-07T11:38:00.856,radio://0/80/2M,flow,1,2,Scan,3564,0,0,0,0.0,0,0,0.0,0.0,43922,0,4,0.8094133734703064,-0.06917185336351395,-0.0355965718626976,0.0,-0.11820000410079956,650,300,32766,32766,2120,3.2991201877593994
2026-04-07T11:38:00.857,radio://0/80/2M,range,1,2,Scan,3564,0,0,0,0.0,0,0,0.0,0.0,43922,0,4,0.8094133734703064,-0.06917185336351395,-0.0355965718626976,0.0,-0.11820000410079956,660,303,32766,32766,2130,3.278005838394165
2026-04-07T11:38:01.102,radio://0/80/2M,mission,1,2,Scan,3564,0,0,0,0.0,0,0,0.0,0.0,43922,0,4,0.8023192882537842,-0.06917185336351395,-0.0355965718626976,0.0,-0.11820000410079956,660,303,32766,32766,2130,3.278005838394165
2026-04-07T11:38:01.105,radio://0/80/2M,flow,1,2,Scan,3564,0,0,0,0.0,0,0,0.0,0.0,44172,2,2,0.8023192882537842,-0.048087041825056076,-0.11751214414834976,0.0,-0.10619999468326569,660,303,32766,32766,2130,3.278005838394165
2026-04-07T11:38:01.106,radio://0/80/2M,range,1,2,Scan,3564,0,0,0,0.0,0,0,0.0,0.0,44172,2,2,0.8023192882537842,-0.048087041825056076,-0.11751214414834976,0.0,-0.10619999468326569,658,323,1222,32766,2130,3.2991201877593994
2026-04-07T11:38:01.352,radio://0/80/2M,mission,1,2,Scan,3564,0,0,0,0.0,0,0,0.0,0.0,44172,2,2,0.8085464835166931,-0.048087041825056076,-0.11751214414834976,0.0,-0.10619999468326569,658,323,1222,32766,2130,3.2991201877593994
2026-04-07T11:38:01.355,radio://0/80/2M,flow,1,2,Scan,3564,0,0,0,0.0,0,0,0.0,0.0,44422,0,0,0.8085464835166931,0.003535859752446413,-0.132035031914711,0.0,-0.06719999760389328,658,323,1222,32766,2130,3.2991201877593994
2026-04-07T11:38:01.356,radio://0/80/2M,range,1,2,Scan,3564,0,0,0,0.0,0,0,0.0,0.0,44422,0,0,0.8085464835166931,0.003535859752446413,-0.132035031914711,0.0,-0.06719999760389328,609,388,32766,32766,2132,3.2885630130767822
2026-04-07T11:38:01.603,radio://0/80/2M,mission,1,2,Scan,3564,0,0,0,0.0,0,0,0.0,0.0,44422,0,0,0.8148537874221802,0.003535859752446413,-0.132035031914711,0.0,-0.06719999760389328,609,388,32766,32766,2132,3.2885630130767822
2026-04-07T11:38:01.605,radio://0/80/2M,flow,1,2,Scan,3564,0,0,0,0.0,0,0,0.0,0.0,44672,0,1,0.8148537874221802,0.00976711418479681,-0.09248616546392441,0.0,-0.041999995708465576,609,388,32766,32766,2132,3.2885630130767822
2026-04-07T11:38:01.606,radio://0/80/2M,range,1,2,Scan,3564,0,0,0,0.0,0,0,0.0,0.0,44672,0,1,0.8148537874221802,0.00976711418479681,-0.09248616546392441,0.0,-0.041999995708465576,536,430,32766,32766,2129,3.304398775100708
2026-04-07T11:38:01.852,radio://0/80/2M,mission,1,2,Scan,3564,0,0,0,0.0,0,0,0.0,0.0,44672,0,1,0.8080602884292603,0.00976711418479681,-0.09248616546392441,0.0,-0.041999995708465576,536,430,32766,32766,2129,3.304398775100708
2026-04-07T11:38:01.855,radio://0/80/2M,flow,1,2,Scan,3564,0,0,0,0.0,0,0,0.0,0.0,44922,-2,-5,0.8080602884292603,0.10537896305322647,0.029870890080928802,-0.018599994480609894,0.0,536,430,32766,32766,2129,3.304398775100708
2026-04-07T11:38:01.856,radio://0/80/2M,range,1,2,Scan,3564,0,0,0,0.0,0,0,0.0,0.0,44922,-2,-5,0.8080602884292603,0.10537896305322647,0.029870890080928802,-0.018599994480609894,0.0,469,522,32766,32766,2135,3.2727272510528564
2026-04-07T11:38:02.102,radio://0/80/2M,mission,1,2,Scan,3564,0,0,0,0.0,0,0,0.0,0.0,44922,-2,-5,0.8142427802085876,0.10537896305322647,0.029870890080928802,-0.018599994480609894,0.0,469,522,32766,32766,2135,3.2727272510528564
2026-04-07T11:38:02.104,radio://0/80/2M,flow,1,2,Scan,3564,0,0,0,0.0,0,0,0.0,0.0,45172,0,0,0.8142427802085876,0.04026908054947853,0.05472487956285477,-0.09240001440048218,0.0,469,522,32766,32766,2135,3.2727272510528564
2026-04-07T11:38:02.105,radio://0/80/2M,range,1,2,Scan,3564,0,0,0,0.0,0,0,0.0,0.0,45172,0,0,0.8142427802085876,0.04026908054947853,0.05472487956285477,-0.09240001440048218,0.0,346,589,1744,32766,2135,3.293841600418091
2026-04-07T11:38:02.351,radio://0/80/2M,mission,1,2,Scan,3564,0,0,0,0.0,0,0,0.0,0.0,45172,0,0,0.8151950836181641,0.04026908054947853,0.05472487956285477,-0.09240001440048218,0.0,346,589,1744,32766,2135,3.293841600418091
2026-04-07T11:38:02.354,radio://0/80/2M,flow,1,2,Scan,3786,0,0,0,0.0,0,0,0.0,0.0,45422,-2,1,0.8151950836181641,-0.10126553475856781,0.006173224654048681,-0.10740000009536743,0.0,346,589,1744,32766,2135,3.293841600418091
2026-04-07T11:38:02.356,radio://0/80/2M,range,1,2,Scan,3786,0,0,0,0.0,0,0,0.0,0.0,45422,-2,1,0.8151950836181641,-0.10126553475856781,0.006173224654048681,-0.10740000009536743,0.0,321,842,1632,1149,2123,3.2621700763702393
2026-04-07T11:38:02.601,radio://0/80/2M,mission,1,2,Scan,3786,0,0,0,0.0,0,0,0.0,0.0,45422,-2,1,0.8005989193916321,-0.10126553475856781,0.006173224654048681,-0.10740000009536743,0.0,321,842,1632,1149,2123,3.2621700763702393
2026-04-07T11:38:02.604,radio://0/80/2M,flow,1,2,Scan,3786,0,0,0,0.0,0,0,0.0,0.0,45672,-2,1,0.8005989193916321,-0.1490817368030548,-0.05431640148162842,-0.11400000005960464,0.0,321,842,1632,1149,2123,3.2621700763702393
2026-04-07T11:38:02.605,radio://0/80/2M,range,1,2,Scan,3786,0,0,0,0.0,0,0,0.0,0.0,45672,-2,1,0.8005989193916321,-0.1490817368030548,-0.05431640148162842,-0.11400000005960464,0.0,310,32766,1631,1109,2133,3.267448663711548
2026-04-07T11:38:02.851,radio://0/80/2M,mission,1,2,Scan,3786,0,0,0,0.0,0,0,0.0,0.0,45672,-2,1,0.7946902513504028,-0.1490817368030548,-0.05431640148162842,-0.11400000005960464,0.0,310,32766,1631,1109,2133,3.267448663711548
2026-04-07T11:38:02.854,radio://0/80/2M,flow,1,2,Scan,3786,0,0,0,0.0,0,0,0.0,0.0,45922,0,0,0.7946902513504028,-0.12929368019104004,-0.07037372142076492,-0.10619999468326569,0.0,310,32766,1631,1109,2133,3.267448663711548
2026-04-07T11:38:02.855,radio://0/80/2M,range,1,2,Scan,3786,0,0,0,0.0,0,0,0.0,0.0,45922,0,0,0.7946902513504028,-0.12929368019104004,-0.07037372142076492,-0.10619999468326569,0.0,323,32766,1685,1084,2133,3.2568914890289307
2026-04-07T11:38:03.100,radio://0/80/2M,mission,1,2,Scan,3786,0,0,0,0.0,0,0,0.0,0.0,45922,0,0,0.8052162528038025,-0.12929368019104004,-0.07037372142076492,-0.10619999468326569,0.0,323,32766,1685,1084,2133,3.2568914890289307
2026-04-07T11:38:03.104,radio://0/80/2M,flow,1,2,Scan,3786,0,0,0,0.0,0,0,0.0,0.0,46172,0,0,0.8052162528038025,0.008347651921212673,-0.08836167305707932,-0.08160001039505005,0.0,323,32766,1685,1084,2133,3.2568914890289307
2026-04-07T11:38:03.105,radio://0/80/2M,range,1,2,Scan,3786,0,0,0,0.0,0,0,0.0,0.0,46172,0,0,0.8052162528038025,0.008347651921212673,-0.08836167305707932,-0.08160001039505005,0.0,364,32766,1684,1094,2130,3.293841600418091
2026-04-07T11:38:03.350,radio://0/80/2M,mission,1,2,Scan,3786,0,0,0,0.0,0,0,0.0,0.0,46172,0,0,0.8051737546920776,0.008347651921212673,-0.08836167305707932,-0.08160001039505005,0.0,364,32766,1684,1094,2130,3.293841600418091
2026-04-07T11:38:03.354,radio://0/80/2M,flow,1,2,Scan,3550,0,0,0,0.0,0,0,0.0,0.0,46422,0,0,0.8051737546920776,-0.02781396172940731,-0.057583168148994446,-0.07440000772476196,0.0,364,32766,1684,1094,2130,3.293841600418091
2026-04-07T11:38:03.355,radio://0/80/2M,range,1,2,Scan,3550,0,0,0,0.0,0,0,0.0,0.0,46422,0,0,0.8051737546920776,-0.02781396172940731,-0.057583168148994446,-0.07440000772476196,0.0,376,32766,32766,1111,2131,3.267448663711548
2026-04-07T11:38:03.600,radio://0/80/2M,mission,1,2,Scan,3550,0,0,0,0.0,0,0,0.0,0.0,46422,0,0,0.798413097858429,-0.02781396172940731,-0.057583168148994446,-0.07440000772476196,0.0,376,32766,32766,1111,2131,3.267448663711548
2026-04-07T11:38:03.603,radio://0/80/2M,flow,1,2,Scan,3550,0,0,0,0.0,0,0,0.0,0.0,46672,-3,-1,0.798413097858429,-0.06704217940568924,-0.01522405631840229,-0.05700000002980232,0.0,376,32766,32766,1111,2131,3.267448663711548
2026-04-07T11:38:03.604,radio://0/80/2M,range,1,2,Scan,3550,0,0,0,0.0,0,0,0.0,0.0,46672,-3,-1,0.798413097858429,-0.06704217940568924,-0.01522405631840229,-0.05700000002980232,0.0,405,32766,32766,1158,2136,3.2568914890289307
2026-04-07T11:38:03.849,radio://0/80/2M,mission,1,2,Scan,3550,0,0,0,0.0,0,0,0.0,0.0,46672,-3,-1,0.8000403046607971,-0.06704217940568924,-0.01522405631840229,-0.05700000002980232,0.0,405,32766,32766,1158,2136,3.2568914890289307
2026-04-07T11:38:03.853,radio://0/80/2M,flow,1,2,Scan,3550,0,0,0,0.0,0,0,0.0,0.0,46922,-2,0,0.8000403046607971,-0.03660086542367935,-0.018569784238934517,-0.03060000017285347,0.0,405,32766,32766,1158,2136,3.2568914890289307
2026-04-07T11:38:03.854,radio://0/80/2M,range,1,2,Scan,3550,0,0,0,0.0,0,0,0.0,0.0,46922,-2,0,0.8000403046607971,-0.03660086542367935,-0.018569784238934517,-0.03060000017285347,0.0,449,32766,691,32766,2138,3.2568914890289307
2026-04-07T11:38:04.100,radio://0/80/2M,mission,1,2,Scan,3550,0,0,0,0.0,0,0,0.0,0.0,46922,-2,0,0.7963916659355164,-0.03660086542367935,-0.018569784238934517,-0.03060000017285347,0.0,449,32766,691,32766,2138,3.2568914890289307
2026-04-07T11:38:04.104,radio://0/80/2M,flow,1,2,Scan,3550,0,0,0,0.0,0,0,0.0,0.0,47172,0,-3,0.7963916659355164,-0.0043102954514324665,-0.00030202229390852153,0.0,0.0,449,32766,691,32766,2138,3.2568914890289307
2026-04-07T11:38:04.105,radio://0/80/2M,range,1,2,Scan,3550,0,0,0,0.0,0,0,0.0,0.0,47172,0,-3,0.7963916659355164,-0.0043102954514324665,-0.00030202229390852153,0.0,0.0,515,32766,549,32766,2138,3.2621700763702393
2026-04-07T11:38:04.350,radio://0/80/2M,mission,1,2,Scan,3550,0,0,0,0.0,0,0,0.0,0.0,47172,0,-3,0.8025857210159302,-0.0043102954514324665,-0.00030202229390852153,0.0,0.0,515,32766,549,32766,2138,3.2621700763702393
2026-04-07T11:38:04.353,radio://0/80/2M,flow,1,2,Scan,3550,0,0,0,0.0,0,0,0.0,0.0,47422,0,-1,0.8025857210159302,0.03398708999156952,0.017846088856458664,0.0,0.04320000112056732,515,32766,549,32766,2138,3.2621700763702393
2026-04-07T11:38:04.354,radio://0/80/2M,range,1,2,Scan,3550,0,0,0,0.0,0,0,0.0,0.0,47422,0,-1,0.8025857210159302,0.03398708999156952,0.017846088856458664,0.0,0.04320000112056732,571,32766,428,32766,2144,3.2832844257354736
2026-04-07T11:38:04.600,radio://0/80/2M,mission,1,2,Scan,3550,0,0,0,0.0,0,0,0.0,0.0,47422,0,-1,0.8049089312553406,0.03398708999156952,0.017846088856458664,0.0,0.04320000112056732,571,32766,428,32766,2144,3.2832844257354736
2026-04-07T11:38:04.602,radio://0/80/2M,flow,1,2,Scan,3550,0,0,0,0.0,0,0,0.0,0.0,47672,-1,-4,0.8049089312553406,-0.08221086114645004,0.04647946357727051,0.0,0.06960000097751617,571,32766,428,32766,2144,3.2832844257354736
2026-04-07T11:38:04.603,radio://0/80/2M,range,1,2,Scan,3550,0,0,0,0.0,0,0,0.0,0.0,47672,-1,-4,0.8049089312553406,-0.08221086114645004,0.04647946357727051,0.0,0.06960000097751617,739,32766,384,1911,2138,3.2885630130767822
2026-04-07T11:38:04.851,radio://0/80/2M,mission,1,2,Scan,3550,0,0,0,0.0,0,0,0.0,0.0,47672,-1,-4,0.8057910799980164,-0.08221086114645004,0.04647946357727051,0.0,0.06960000097751617,739,32766,384,1911,2138,3.2885630130767822
2026-04-07T11:38:04.852,radio://0/80/2M,flow,1,2,Scan,3771,0,0,0,0.0,0,0,0.0,0.0,47922,-1,-1,0.8057910799980164,-0.10887909680604935,0.031625423580408096,0.0,0.08580000698566437,739,32766,384,1911,2138,3.2885630130767822
2026-04-07T11:38:04.853,radio://0/80/2M,range,1,2,Scan,3771,0,0,0,0.0,0,0,0.0,0.0,47922,-1,-1,0.8057910799980164,-0.10887909680604935,0.031625423580408096,0.0,0.08580000698566437,833,32766,357,1886,2140,3.2832844257354736
2026-04-07T11:38:05.099,radio://0/80/2M,mission,1,2,Scan,3771,0,0,0,0.0,0,0,0.0,0.0,47922,-1,-1,0.7984408140182495,-0.10887909680604935,0.031625423580408096,0.0,0.08580000698566437,833,32766,357,1886,2140,3.2832844257354736
2026-04-07T11:38:05.104,radio://0/80/2M,flow,1,2,Scan,4006,0,0,0,0.0,0,0,0.0,0.0,48172,2,-4,0.7984408140182495,-0.05619679018855095,-0.04774053022265434,0.0,0.09840000420808792,833,32766,357,1886,2140,3.2832844257354736
2026-04-07T11:38:05.105,radio://0/80/2M,range,1,2,Scan,4006,0,0,0,0.0,0,0,0.0,0.0,48172,2,-4,0.7984408140182495,-0.05619679018855095,-0.04774053022265434,0.0,0.09840000420808792,2085,32766,336,1896,2145,3.278005838394165
2026-04-07T11:38:05.429,radio://0/80/2M,mission,1,2,Scan,4006,0,0,0,0.0,0,0,0.0,0.0,48172,2,-4,0.7911772727966309,-0.05619679018855095,-0.04774053022265434,0.0,0.09840000420808792,2085,32766,336,1896,2145,3.278005838394165
2026-04-07T11:38:05.437,radio://0/80/2M,flow,1,2,Scan,4006,0,0,0,0.0,0,0,0.0,0.0,48422,0,0,0.7911772727966309,-0.06357470899820328,-0.11935386806726456,0.0,0.09480000287294388,2085,32766,336,1896,2145,3.278005838394165
2026-04-07T11:38:05.438,radio://0/80/2M,range,1,2,Scan,4006,0,0,0,0.0,0,0,0.0,0.0,48422,0,0,0.7911772727966309,-0.06357470899820328,-0.11935386806726456,0.0,0.09480000287294388,2318,1096,342,1953,2145,3.2568914890289307
2026-04-07T11:38:05.601,radio://0/80/2M,mission,1,2,Scan,4006,0,0,0,0.0,0,0,0.0,0.0,48422,0,0,0.7981401681900024,-0.06357470899820328,-0.11935386806726456,0.0,0.09480000287294388,2318,1096,342,1953,2145,3.2568914890289307
2026-04-07T11:38:05.604,radio://0/80/2M,flow,1,2,Scan,4256,0,0,0,0.0,0,0,0.0,0.0,48672,0,0,0.7981401681900024,-0.014392592012882233,-0.08823634684085846,0.0,0.07620000839233398,2318,1096,342,1953,2145,3.2568914890289307
2026-04-07T11:38:05.605,radio://0/80/2M,range,1,2,Scan,4256,0,0,0,0.0,0,0,0.0,0.0,48672,0,0,0.7981401681900024,-0.014392592012882233,-0.08823634684085846,0.0,0.07620000839233398,32766,1094,373,32766,2142,3.2991201877593994
2026-04-07T11:38:05.925,radio://0/80/2M,mission,1,2,Scan,4256,0,0,0,0.0,0,0,0.0,0.0,48672,0,0,0.8066160678863525,-0.014392592012882233,-0.08823634684085846,0.0,0.07620000839233398,32766,1094,373,32766,2142,3.2991201877593994
2026-04-07T11:38:05.928,radio://0/80/2M,flow,1,2,Scan,4256,0,0,0,0.0,0,0,0.0,0.0,48922,0,0,0.8066160678863525,-0.034710947424173355,-0.09752295166254044,0.0,0.05459999665617943,32766,1094,373,32766,2142,3.2991201877593994
2026-04-07T11:38:05.934,radio://0/80/2M,range,1,2,Scan,4256,0,0,0,0.0,0,0,0.0,0.0,48922,0,0,0.8066160678863525,-0.034710947424173355,-0.09752295166254044,0.0,0.05459999665617943,32766,1142,409,968,2135,3.2621700763702393
2026-04-07T11:38:06.098,radio://0/80/2M,mission,1,2,Scan,4256,0,0,0,0.0,0,0,0.0,0.0,48922,0,0,0.8074943423271179,-0.034710947424173355,-0.09752295166254044,0.0,0.05459999665617943,32766,1142,409,968,2135,3.2621700763702393
2026-04-07T11:38:06.101,radio://0/80/2M,flow,1,2,Scan,4522,0,0,0,0.0,0,0,0.0,0.0,49172,0,0,0.8074943423271179,-0.05054992437362671,-0.06808741390705109,0.0,0.036000002175569534,32766,1142,409,968,2135,3.2621700763702393
2026-04-07T11:38:06.102,radio://0/80/2M,range,1,2,Scan,4522,0,0,0,0.0,0,0,0.0,0.0,49172,0,0,0.8074943423271179,-0.05054992437362671,-0.06808741390705109,0.0,0.036000002175569534,32766,1184,440,761,2130,3.241055727005005
2026-04-07T11:38:06.351,radio://0/80/2M,mission,1,2,Scan,4522,0,0,0,0.0,0,0,0.0,0.0,49172,0,0,0.8066551685333252,-0.05054992437362671,-0.06808741390705109,0.0,0.036000002175569534,32766,1184,440,761,2130,3.241055727005005
2026-04-07T11:38:06.353,radio://0/80/2M,flow,1,2,Scan,4522,0,0,0,0.0,0,0,0.0,0.0,49422,0,-1,0.8066551685333252,-0.10603807121515274,0.08002691715955734,0.0,0.0,32766,1184,440,761,2130,3.241055727005005
2026-04-07T11:38:06.354,radio://0/80/2M,range,1,2,Scan,4522,0,0,0,0.0,0,0,0.0,0.0,49422,0,-1,0.8066551685333252,-0.10603807121515274,0.08002691715955734,0.0,0.0,32766,1263,32766,601,2132,3.2832844257354736
2026-04-07T11:38:06.598,radio://0/80/2M,mission,1,2,Scan,4522,0,0,0,0.0,0,0,0.0,0.0,49422,0,-1,0.8455516695976257,-0.10603807121515274,0.08002691715955734,0.0,0.0,32766,1263,32766,601,2132,3.2832844257354736
2026-04-07T11:38:06.601,radio://0/80/2M,flow,1,2,Scan,3073,0,0,0,0.0,0,0,0.0,0.0,49672,0,0,0.8455516695976257,0.35078316926956177,-0.07340107858181,0.015599996782839298,0.0,32766,1263,32766,601,2132,3.2832844257354736
2026-04-07T11:38:06.603,radio://0/80/2M,range,1,2,Scan,3073,0,0,0,0.0,0,0,0.0,0.0,49672,0,0,0.8455516695976257,0.35078316926956177,-0.07340107858181,0.015599996782839298,0.0,32766,32766,32766,474,2204,3.3360705375671387
2026-04-07T11:38:06.848,radio://0/80/2M,mission,1,2,Scan,3073,0,0,0,0.0,0,0,0.0,0.0,49672,0,0,0.7790129780769348,0.35078316926956177,-0.07340107858181,0.015599996782839298,0.0,32766,32766,32766,474,2204,3.3360705375671387
2026-04-07T11:38:06.850,radio://0/80/2M,flow,1,2,Scan,3685,0,0,0,0.0,0,0,0.0,0.0,49922,-7,2,0.7790129780769348,0.3470751643180847,-0.15245574712753296,0.059400007128715515,0.0,32766,32766,32766,474,2204,3.3360705375671387
2026-04-07T11:38:06.852,radio://0/80/2M,range,1,2,Scan,3685,0,0,0,0.0,0,0,0.0,0.0,49922,-7,2,0.7790129780769348,0.3470751643180847,-0.15245574712753296,0.059400007128715515,0.0,32766,32766,32766,401,2151,3.1935484409332275
2026-04-07T11:38:07.098,radio://0/80/2M,mission,1,2,Scan,3685,0,0,0,0.0,0,0,0.0,0.0,49922,-7,2,0.7710214257240295,0.3470751643180847,-0.15245574712753296,0.059400007128715515,0.0,32766,32766,32766,401,2151,3.1935484409332275
2026-04-07T11:38:07.100,radio://0/80/2M,flow,1,2,Scan,3685,0,0,0,0.0,0,0,0.0,0.0,50172,-2,-1,0.7710214257240295,-0.022408975288271904,-0.026820380240678787,0.08219999819993973,0.0,32766,32766,32766,401,2151,3.1935484409332275
2026-04-07T11:38:07.101,radio://0/80/2M,range,1,2,Scan,3685,0,0,0,0.0,0,0,0.0,0.0,50172,-2,-1,0.7710214257240295,-0.022408975288271904,-0.026820380240678787,0.08219999819993973,0.0,32766,32766,32766,363,2192,3.293841600418091
2026-04-07T11:38:07.347,radio://0/80/2M,mission,1,2,Scan,3685,0,0,0,0.0,0,0,0.0,0.0,50172,-2,-1,0.7937635183334351,-0.022408975288271904,-0.026820380240678787,0.08219999819993973,0.0,32766,32766,32766,363,2192,3.293841600418091
2026-04-07T11:38:07.350,radio://0/80/2M,flow,1,2,Scan,3685,0,0,0,0.0,0,0,0.0,0.0,50422,0,-4,0.7937635183334351,-0.18919633328914642,0.029034243896603584,0.08100000023841858,0.0,32766,32766,32766,363,2192,3.293841600418091
2026-04-07T11:38:07.352,radio://0/80/2M,range,1,2,Scan,3685,0,0,0,0.0,0,0,0.0,0.0,50422,0,-4,0.7937635183334351,-0.18919633328914642,0.029034243896603584,0.08100000023841858,0.0,32766,2074,32766,365,2148,3.2991201877593994
2026-04-07T11:38:07.597,radio://0/80/2M,mission,1,2,Scan,3685,0,0,0,0.0,0,0,0.0,0.0,50422,0,-4,0.8099008202552795,-0.18919633328914642,0.029034243896603584,0.08100000023841858,0.0,32766,2074,32766,365,2148,3.2991201877593994
2026-04-07T11:38:07.600,radio://0/80/2M,flow,1,2,Scan,3685,0,0,0,0.0,0,0,0.0,0.0,50672,-6,0,0.8099008202552795,-0.0755716934800148,-0.03242651745676994,0.06839999556541443,0.0,32766,2074,32766,365,2148,3.2991201877593994
2026-04-07T11:38:07.601,radio://0/80/2M,range,1,2,Scan,3685,0,0,0,0.0,0,0,0.0,0.0,50672,-6,0,0.8099008202552795,-0.0755716934800148,-0.03242651745676994,0.06839999556541443,0.0,32766,2098,2020,386,2148,3.2991201877593994
2026-04-07T11:38:07.847,radio://0/80/2M,mission,1,2,Scan,3685,0,0,0,0.0,0,0,0.0,0.0,50672,-6,0,0.795120358467102,-0.0755716934800148,-0.03242651745676994,0.06839999556541443,0.0,32766,2098,2020,386,2148,3.2991201877593994
2026-04-07T11:38:07.850,radio://0/80/2M,flow,1,2,Scan,3915,0,0,0,0.0,0,0,0.0,0.0,50922,0,-1,0.795120358467102,0.03051374852657318,-0.11178895831108093,0.048600003123283386,0.0,32766,2098,2020,386,2148,3.2991201877593994
2026-04-07T11:38:07.851,radio://0/80/2M,range,1,2,Scan,3915,0,0,0,0.0,0,0,0.0,0.0,50922,0,-1,0.795120358467102,0.03051374852657318,-0.11178895831108093,0.048600003123283386,0.0,32766,2125,1980,419,2144,3.2463343143463135
2026-04-07T11:38:08.096,radio://0/80/2M,mission,1,2,Scan,3915,0,0,0,0.0,0,0,0.0,0.0,50922,0,-1,0.7883742451667786,0.03051374852657318,-0.11178895831108093,0.048600003123283386,0.0,32766,2125,1980,419,2144,3.2463343143463135
2026-04-07T11:38:08.099,radio://0/80/2M,flow,1,2,Scan,4159,0,0,0,0.0,0,0,0.0,0.0,51172,-1,0,0.7883742451667786,0.020138558000326157,-0.02827025018632412,0.010800004005432129,0.0,32766,2125,1980,419,2144,3.2463343143463135
2026-04-07T11:38:08.100,radio://0/80/2M,range,1,2,Scan,4159,0,0,0,0.0,0,0,0.0,0.0,51172,-1,0,0.7883742451667786,0.020138558000326157,-0.02827025018632412,0.010800004005432129,0.0,998,2029,32766,482,2147,3.2568914890289307
2026-04-07T11:38:08.347,radio://0/80/2M,mission,1,2,Scan,4159,0,0,0,0.0,0,0,0.0,0.0,51172,-1,0,0.7964743375778198,0.020138558000326157,-0.02827025018632412,0.010800004005432129,0.0,998,2029,32766,482,2147,3.2568914890289307
2026-04-07T11:38:08.349,radio://0/80/2M,flow,1,2,Scan,3215,0,0,0,0.0,0,0,0.0,0.0,51422,0,0,0.7964743375778198,0.1895284354686737,-0.03757593035697937,0.0,0.0,998,2029,32766,482,2147,3.2568914890289307
2026-04-07T11:38:08.350,radio://0/80/2M,range,1,2,Scan,3215,0,0,0,0.0,0,0,0.0,0.0,51422,0,0,0.7964743375778198,0.1895284354686737,-0.03757593035697937,0.0,0.0,1016,32766,32766,525,2152,3.2621700763702393
2026-04-07T11:38:08.596,radio://0/80/2M,mission,1,2,Scan,3215,0,0,0,0.0,0,0,0.0,0.0,51422,0,0,0.8037270903587341,0.1895284354686737,-0.03757593035697937,0.0,0.0,1016,32766,32766,525,2152,3.2621700763702393
2026-04-07T11:38:08.599,radio://0/80/2M,flow,1,2,Scan,3854,0,0,0,0.0,0,0,0.0,0.0,51672,-12,-5,0.8037270903587341,0.7211592793464661,-0.08369351178407669,0.0,0.0,1016,32766,32766,525,2152,3.2621700763702393
2026-04-07T11:38:08.600,radio://0/80/2M,range,1,2,Scan,3854,0,0,0,0.0,0,0,0.0,0.0,51672,-12,-5,0.8037270903587341,0.7211592793464661,-0.08369351178407669,0.0,0.0,1075,990,32766,582,2252,3.2463343143463135
2026-04-07T11:38:08.846,radio://0/80/2M,mission,1,2,Scan,3854,0,0,0,0.0,0,0,0.0,0.0,51672,-12,-5,0.7564005255699158,0.7211592793464661,-0.08369351178407669,0.0,0.0,1075,990,32766,582,2252,3.2463343143463135
2026-04-07T11:38:08.849,radio://0/80/2M,flow,1,2,Scan,3165,0,0,0,0.0,0,0,0.0,0.0,51922,-5,0,0.7564005255699158,0.7893028855323792,-0.052287258207798004,0.0,0.0,1075,990,32766,582,2252,3.2463343143463135
2026-04-07T11:38:08.850,radio://0/80/2M,range,1,2,Scan,3165,0,0,0,0.0,0,0,0.0,0.0,51922,-5,0,0.7564005255699158,0.7893028855323792,-0.052287258207798004,0.0,0.0,32766,774,32766,614,2179,3.1777126789093018
2026-04-07T11:38:09.096,radio://0/80/2M,mission,1,2,Scan,3165,0,0,0,0.0,0,0,0.0,0.0,51922,-5,0,0.7957038879394531,0.7893028855323792,-0.052287258207798004,0.0,0.0,32766,774,32766,614,2179,3.1777126789093018
2026-04-07T11:38:09.099,radio://0/80/2M,flow,1,2,Scan,3165,0,0,0,0.0,0,0,0.0,0.0,52172,-2,1,0.7957038879394531,0.33728867769241333,0.0736367478966713,0.0,0.0,32766,774,32766,614,2179,3.1777126789093018
2026-04-07T11:38:09.100,radio://0/80/2M,range,1,2,Scan,3165,0,0,0,0.0,0,0,0.0,0.0,52172,-2,1,0.7957038879394531,0.33728867769241333,0.0736367478966713,0.0,0.0,32766,626,32766,677,2191,3.2991201877593994
2026-04-07T11:38:09.346,radio://0/80/2M,mission,1,2,Scan,3165,0,0,0,0.0,0,0,0.0,0.0,52172,-2,1,0.8083234429359436,0.33728867769241333,0.0736367478966713,0.0,0.0,32766,626,32766,677,2191,3.2991201877593994
2026-04-07T11:38:09.350,radio://0/80/2M,flow,1,2,Scan,3165,0,0,0,0.0,0,0,0.0,0.0,52422,0,0,0.8083234429359436,-0.012882658280432224,0.08407064527273178,0.0,-0.02340000309050083,32766,626,32766,677,2191,3.2991201877593994
2026-04-07T11:38:09.351,radio://0/80/2M,range,1,2,Scan,3165,0,0,0,0.0,0,0,0.0,0.0,52422,0,0,0.8083234429359436,-0.012882658280432224,0.08407064527273178,0.0,-0.02340000309050083,1727,461,32766,790,2138,3.2568914890289307
2026-04-07T11:38:09.595,radio://0/80/2M,mission,1,2,Scan,3165,0,0,0,0.0,0,0,0.0,0.0,52422,0,0,0.8014591932296753,-0.012882658280432224,0.08407064527273178,0.0,-0.02340000309050083,1727,461,32766,790,2138,3.2568914890289307
2026-04-07T11:38:09.599,radio://0/80/2M,flow,1,2,Scan,3165,0,0,0,0.0,0,0,0.0,0.0,52672,0,0,0.8014591932296753,-0.12132887542247772,-0.03252939507365227,0.0,-0.029399998486042023,1727,461,32766,790,2138,3.2568914890289307
2026-04-07T11:38:09.600,radio://0/80/2M,range,1,2,Scan,3165,0,0,0,0.0,0,0,0.0,0.0,52672,0,0,0.8014591932296753,-0.12132887542247772,-0.03252939507365227,0.0,-0.029399998486042023,1680,451,32766,32766,2132,3.2304985523223877
2026-04-07T11:38:09.845,radio://0/80/2M,mission,1,2,Scan,3165,0,0,0,0.0,0,0,0.0,0.0,52672,0,0,0.8067277669906616,-0.12132887542247772,-0.03252939507365227,0.0,-0.029399998486042023,1680,451,32766,32766,2132,3.2304985523223877
2026-04-07T11:38:09.849,radio://0/80/2M,flow,1,2,Scan,3165,0,0,0,0.0,0,0,0.0,0.0,52922,0,-4,0.8067277669906616,0.002268310636281967,-0.07629743218421936,0.0,-0.01679999940097332,1680,451,32766,32766,2132,3.2304985523223877
2026-04-07T11:38:09.850,radio://0/80/2M,range,1,2,Scan,3165,0,0,0,0.0,0,0,0.0,0.0,52922,0,-4,0.8067277669906616,0.002268310636281967,-0.07629743218421936,0.0,-0.01679999940097332,1645,472,976,2442,2137,3.241055727005005
2026-04-07T11:38:10.097,radio://0/80/2M,mission,1,2,Scan,3165,0,0,0,0.0,0,0,0.0,0.0,52922,0,-4,0.8076099157333374,0.002268310636281967,-0.07629743218421936,0.0,-0.01679999940097332,1645,472,976,2442,2137,3.241055727005005
2026-04-07T11:38:10.098,radio://0/80/2M,flow,1,2,Scan,3165,0,0,0,0.0,0,0,0.0,0.0,53172,-1,0,0.8076099157333374,0.05620015785098076,-0.016588279977440834,0.0,-0.009600002318620682,1645,472,976,2442,2137,3.241055727005005
2026-04-07T11:38:10.099,radio://0/80/2M,range,1,2,Scan,3165,0,0,0,0.0,0,0,0.0,0.0,53172,-1,0,0.8076099157333374,0.05620015785098076,-0.016588279977440834,0.0,-0.009600002318620682,1585,484,950,2464,2131,3.241055727005005
2026-04-07T11:38:10.345,radio://0/80/2M,mission,1,2,Scan,3165,0,0,0,0.0,0,0,0.0,0.0,53172,-1,0,0.807275116443634,0.05620015785098076,-0.016588279977440834,0.0,-0.009600002318620682,1585,484,950,2464,2131,3.241055727005005
2026-04-07T11:38:10.348,radio://0/80/2M,flow,1,2,Scan,3165,0,0,0,0.0,0,0,0.0,0.0,53422,0,0,0.807275116443634,0.0774361863732338,0.024026639759540558,0.0,-0.00419999985024333,1585,484,950,2464,2131,3.241055727005005
2026-04-07T11:38:10.349,radio://0/80/2M,range,1,2,Scan,3165,0,0,0,0.0,0,0,0.0,0.0,53422,0,0,0.807275116443634,0.0774361863732338,0.024026639759540558,0.0,-0.00419999985024333,1589,493,945,2575,2130,3.1935484409332275
2026-04-07T11:38:10.595,radio://0/80/2M,mission,1,2,Scan,3165,0,0,0,0.0,0,0,0.0,0.0,53422,0,0,0.803192675113678,0.0774361863732338,0.024026639759540558,0.0,-0.00419999985024333,1589,493,945,2575,2130,3.1935484409332275
2026-04-07T11:38:10.597,radio://0/80/2M,flow,1,2,Scan,3165,0,0,0,0.0,0,0,0.0,0.0,53672,0,-1,0.803192675113678,0.0465005598962307,0.08887957781553268,0.0,0.0,1589,493,945,2575,2130,3.1935484409332275
2026-04-07T11:38:10.599,radio://0/80/2M,range,1,2,Scan,3165,0,0,0,0.0,0,0,0.0,0.0,53672,0,-1,0.803192675113678,0.0465005598962307,0.08887957781553268,0.0,0.0,32766,507,961,32766,2133,3.2199413776397705
2026-04-07T11:38:10.846,radio://0/80/2M,mission,1,5,Transition,3165,0,0,0,0.0,0,0,0.0,0.0,53672,0,-1,0.8074694275856018,0.0465005598962307,0.08887957781553268,0.0,0.0,32766,507,961,32766,2133,3.2199413776397705
2026-04-07T11:38:10.848,radio://0/80/2M,flow,1,5,Transition,3165,0,0,0,0.0,0,0,0.0,0.0,53922,0,0,0.8074694275856018,-0.06823986768722534,0.17714612185955048,0.0,0.0,32766,507,961,32766,2133,3.2199413776397705
2026-04-07T11:38:10.849,radio://0/80/2M,range,1,5,Transition,3165,0,0,0,0.0,0,0,0.0,0.0,53922,0,0,0.8074694275856018,-0.06823986768722534,0.17714612185955048,0.0,0.0,32766,495,1120,32766,2136,3.2357771396636963
2026-04-07T11:38:11.095,radio://0/80/2M,mission,1,5,Transition,3165,0,0,0,0.0,0,0,0.0,0.0,53922,0,0,0.8062113523483276,-0.06823986768722534,0.17714612185955048,0.0,0.0,32766,495,1120,32766,2136,3.2357771396636963
2026-04-07T11:38:11.104,radio://0/80/2M,flow,1,5,Transition,3165,0,0,0,0.0,0,0,0.0,0.0,54172,0,0,0.8062113523483276,-0.08476297557353973,0.09918957948684692,0.0,0.0,32766,495,1120,32766,2136,3.2357771396636963
2026-04-07T11:38:11.112,radio://0/80/2M,range,1,5,Transition,3165,0,0,0,0.0,0,0,0.0,0.0,54172,0,0,0.8062113523483276,-0.08476297557353973,0.09918957948684692,0.0,0.0,32766,492,32766,32766,2132,3.251612901687622
2026-04-07T11:38:11.344,radio://0/80/2M,mission,1,0,Reacquire Wall,3165,0,0,0,0.0,0,0,0.0,0.0,54172,0,0,0.804580807685852,-0.08476297557353973,0.09918957948684692,0.0,0.0,32766,492,32766,32766,2132,3.251612901687622
2026-04-07T11:38:11.347,radio://0/80/2M,flow,1,0,Reacquire Wall,3165,0,0,0,0.0,0,0,0.0,0.0,54422,2,-2,0.804580807685852,0.04642708972096443,-0.04364756494760513,0.20000000298023224,0.0,32766,492,32766,32766,2132,3.251612901687622
2026-04-07T11:38:11.348,radio://0/80/2M,range,1,0,Reacquire Wall,3165,0,0,0,0.0,0,0,0.0,0.0,54422,2,-2,0.804580807685852,0.04642708972096443,-0.04364756494760513,0.20000000298023224,0.0,787,491,32766,32766,2126,3.241055727005005
2026-04-07T11:38:11.595,radio://0/80/2M,mission,1,0,Reacquire Wall,3165,0,0,0,0.0,0,0,0.0,0.0,54422,2,-2,0.7981557846069336,0.04642708972096443,-0.04364756494760513,0.20000000298023224,0.0,787,491,32766,32766,2126,3.241055727005005
2026-04-07T11:38:11.597,radio://0/80/2M,flow,1,0,Reacquire Wall,3165,0,0,0,0.0,0,0,0.0,0.0,54672,3,-2,0.7981557846069336,0.23276366293430328,-0.03532398119568825,0.20000000298023224,0.0,787,491,32766,32766,2126,3.241055727005005
2026-04-07T11:38:11.598,radio://0/80/2M,range,1,0,Reacquire Wall,3165,0,0,0,0.0,0,0,0.0,0.0,54672,3,-2,0.7981557846069336,0.23276366293430328,-0.03532398119568825,0.20000000298023224,0.0,818,481,32766,32766,2135,3.2304985523223877
2026-04-07T11:38:11.844,radio://0/80/2M,mission,1,0,Reacquire Wall,3165,0,0,0,0.0,0,0,0.0,0.0,54672,3,-2,0.7991358041763306,0.23276366293430328,-0.03532398119568825,0.20000000298023224,0.0,818,481,32766,32766,2135,3.2304985523223877
2026-04-07T11:38:11.847,radio://0/80/2M,flow,1,0,Reacquire Wall,3362,0,0,0,0.0,0,0,0.0,0.0,54922,0,-9,0.7991358041763306,0.2683030068874359,0.03458985313773155,0.20000000298023224,0.0,818,481,32766,32766,2135,3.2304985523223877
2026-04-07T11:38:11.848,radio://0/80/2M,range,1,0,Reacquire Wall,3362,0,0,0,0.0,0,0,0.0,0.0,54922,0,-9,0.7991358041763306,0.2683030068874359,0.03458985313773155,0.20000000298023224,0.0,807,472,32766,32766,2143,3.2199413776397705
2026-04-07T11:38:12.094,radio://0/80/2M,mission,1,0,Reacquire Wall,3362,0,0,0,0.0,0,0,0.0,0.0,54922,0,-9,0.8032206296920776,0.2683030068874359,0.03458985313773155,0.20000000298023224,0.0,807,472,32766,32766,2143,3.2199413776397705
2026-04-07T11:38:12.097,radio://0/80/2M,flow,1,0,Reacquire Wall,3572,0,0,0,0.0,0,0,0.0,0.0,55172,0,-1,0.8032206296920776,0.2174157202243805,0.05235634371638298,0.20000000298023224,0.0,807,472,32766,32766,2143,3.2199413776397705
2026-04-07T11:38:12.098,radio://0/80/2M,range,1,0,Reacquire Wall,3572,0,0,0,0.0,0,0,0.0,0.0,55172,0,-1,0.8032206296920776,0.2174157202243805,0.05235634371638298,0.20000000298023224,0.0,765,421,32766,32766,2136,3.2304985523223877
2026-04-07T11:38:12.343,radio://0/80/2M,mission,1,0,Reacquire Wall,3572,0,0,0,0.0,0,0,0.0,0.0,55172,0,-1,0.8090859055519104,0.2174157202243805,0.05235634371638298,0.20000000298023224,0.0,765,421,32766,32766,2136,3.2304985523223877
2026-04-07T11:38:12.346,radio://0/80/2M,flow,1,0,Reacquire Wall,3795,0,0,0,0.0,0,0,0.0,0.0,55422,0,-5,0.8090859055519104,0.19698677957057953,0.028960322961211205,0.0,0.0,765,421,32766,32766,2136,3.2304985523223877
2026-04-07T11:38:12.347,radio://0/80/2M,range,1,0,Reacquire Wall,3795,0,0,0,0.0,0,0,0.0,0.0,55422,0,-5,0.8090859055519104,0.19698677957057953,0.028960322961211205,0.0,0.0,675,384,32766,32766,2124,3.241055727005005
2026-04-07T11:38:12.593,radio://0/80/2M,mission,1,0,Reacquire Wall,3795,0,0,0,0.0,0,0,0.0,0.0,55422,0,-5,0.8182937502861023,0.19698677957057953,0.028960322961211205,0.0,0.0,675,384,32766,32766,2124,3.241055727005005
2026-04-07T11:38:12.596,radio://0/80/2M,flow,1,0,Reacquire Wall,4032,0,0,0,0.0,0,0,0.0,0.0,55672,0,0,0.8182937502861023,0.08035056293010712,-0.018978076055645943,0.0,0.0,675,384,32766,32766,2124,3.241055727005005
2026-04-07T11:38:12.598,radio://0/80/2M,range,1,0,Reacquire Wall,4032,0,0,0,0.0,0,0,0.0,0.0,55672,0,0,0.8182937502861023,0.08035056293010712,-0.018978076055645943,0.0,0.0,566,370,32766,32766,2128,3.2727272510528564
2026-04-07T11:38:12.844,radio://0/80/2M,mission,1,0,Reacquire Wall,4032,0,0,0,0.0,0,0,0.0,0.0,55672,0,0,0.8044134378433228,0.08035056293010712,-0.018978076055645943,0.0,0.0,566,370,32766,32766,2128,3.2727272510528564
2026-04-07T11:38:12.846,radio://0/80/2M,flow,1,0,Reacquire Wall,4284,0,0,0,0.0,0,0,0.0,0.0,55922,0,0,0.8044134378433228,-0.023555539548397064,-0.027153903618454933,0.0,0.0,566,370,32766,32766,2128,3.2727272510528564
2026-04-07T11:38:12.848,radio://0/80/2M,range,1,0,Reacquire Wall,4284,0,0,0,0.0,0,0,0.0,0.0,55922,0,0,0.8044134378433228,-0.023555539548397064,-0.027153903618454933,0.0,0.0,521,373,32766,32766,2132,3.225219964981079
2026-04-07T11:38:13.093,radio://0/80/2M,mission,1,0,Reacquire Wall,4284,0,0,0,0.0,0,0,0.0,0.0,55922,0,0,0.7916332483291626,-0.023555539548397064,-0.027153903618454933,0.0,0.0,521,373,32766,32766,2132,3.225219964981079
2026-04-07T11:38:13.097,radio://0/80/2M,flow,1,0,Reacquire Wall,4284,0,0,0,0.0,0,0,0.0,0.0,56172,0,0,0.7916332483291626,-0.054948899894952774,-0.01859723962843418,0.0,0.0,521,373,32766,32766,2132,3.225219964981079
2026-04-07T11:38:13.099,radio://0/80/2M,range,1,0,Reacquire Wall,4284,0,0,0,0.0,0,0,0.0,0.0,56172,0,0,0.7916332483291626,-0.054948899894952774,-0.01859723962843418,0.0,0.0,528,377,32766,32766,2136,3.225219964981079
2026-04-07T11:38:13.342,radio://0/80/2M,mission,1,0,Reacquire Wall,4284,0,0,0,0.0,0,0,0.0,0.0,56172,0,0,0.7974810004234314,-0.054948899894952774,-0.01859723962843418,0.0,0.0,528,377,32766,32766,2136,3.225219964981079
2026-04-07T11:38:13.346,radio://0/80/2M,flow,1,0,Reacquire Wall,4284,0,0,0,0.0,0,0,0.0,0.0,56422,-1,-3,0.7974810004234314,0.0008859870140440762,0.023768464103341103,0.0,0.0,528,377,32766,32766,2136,3.225219964981079
2026-04-07T11:38:13.347,radio://0/80/2M,range,1,0,Reacquire Wall,4284,0,0,0,0.0,0,0,0.0,0.0,56422,-1,-3,0.7974810004234314,0.0008859870140440762,0.023768464103341103,0.0,0.0,539,368,32766,32766,2135,3.251612901687622
2026-04-07T11:38:13.593,radio://0/80/2M,mission,1,0,Reacquire Wall,4284,0,0,0,0.0,0,0,0.0,0.0,56422,-1,-3,0.8027056455612183,0.0008859870140440762,0.023768464103341103,0.0,0.0,539,368,32766,32766,2135,3.251612901687622
2026-04-07T11:38:13.596,radio://0/80/2M,flow,1,0,Reacquire Wall,4284,0,0,0,0.0,0,0,0.0,0.0,56672,0,-2,0.8027056455612183,0.03291575238108635,0.05002063512802124,0.0,0.0,539,368,32766,32766,2135,3.251612901687622
2026-04-07T11:38:13.597,radio://0/80/2M,range,1,0,Reacquire Wall,4284,0,0,0,0.0,0,0,0.0,0.0,56672,0,-2,0.8027056455612183,0.03291575238108635,0.05002063512802124,0.0,0.0,585,346,32766,32766,2129,3.251612901687622
2026-04-07T11:38:13.905,radio://0/80/2M,mission,1,0,Reacquire Wall,4284,0,0,0,0.0,0,0,0.0,0.0,56672,0,-2,0.7991204857826233,0.03291575238108635,0.05002063512802124,0.0,0.0,585,346,32766,32766,2129,3.251612901687622
2026-04-07T11:38:13.908,radio://0/80/2M,flow,1,0,Reacquire Wall,4284,0,0,0,0.0,0,0,0.0,0.0,56922,0,0,0.7991204857826233,0.022924190387129784,0.0511770024895668,0.0,0.0,585,346,32766,32766,2129,3.251612901687622
2026-04-07T11:38:13.911,radio://0/80/2M,range,1,0,Reacquire Wall,4284,0,0,0,0.0,0,0,0.0,0.0,56922,0,0,0.7991204857826233,0.022924190387129784,0.0511770024895668,0.0,0.0,660,294,32766,32766,2128,3.2304985523223877
2026-04-07T11:38:14.091,radio://0/80/2M,mission,1,0,Reacquire Wall,4284,0,0,0,0.0,0,0,0.0,0.0,56922,0,0,0.7974851727485657,0.022924190387129784,0.0511770024895668,0.0,0.0,660,294,32766,32766,2128,3.2304985523223877
2026-04-07T11:38:14.095,radio://0/80/2M,flow,1,0,Reacquire Wall,4284,0,0,0,0.0,0,0,0.0,0.0,57172,0,0,0.7974851727485657,0.0009465347393415868,-0.0019365355838090181,0.0,0.0,660,294,32766,32766,2128,3.2304985523223877
2026-04-07T11:38:14.096,radio://0/80/2M,range,1,0,Reacquire Wall,4284,0,0,0,0.0,0,0,0.0,0.0,57172,0,0,0.7974851727485657,0.0009465347393415868,-0.0019365355838090181,0.0,0.0,844,275,32766,32766,2133,3.241055727005005
2026-04-07T11:38:14.342,radio://0/80/2M,mission,1,0,Reacquire Wall,4284,0,0,0,0.0,0,0,0.0,0.0,57172,0,0,0.7987703680992126,0.0009465347393415868,-0.0019365355838090181,0.0,0.0,844,275,32766,32766,2133,3.241055727005005
2026-04-07T11:38:14.348,radio://0/80/2M,flow,1,0,Reacquire Wall,4284,0,0,0,0.0,0,0,0.0,0.0,57422,2,-1,0.7987703680992126,-0.03380022197961807,-0.07549487054347992,0.0,0.0,844,275,32766,32766,2133,3.241055727005005
2026-04-07T11:38:14.356,radio://0/80/2M,range,1,0,Reacquire Wall,4284,0,0,0,0.0,0,0,0.0,0.0,57422,2,-1,0.7987703680992126,-0.03380022197961807,-0.07549487054347992,0.0,0.0,1128,278,32766,32766,2137,3.241055727005005
2026-04-07T11:38:14.591,radio://0/80/2M,mission,1,5,Transition,4284,0,0,0,0.0,0,0,0.0,0.0,57422,2,-1,0.8056762218475342,-0.03380022197961807,-0.07549487054347992,0.0,0.0,1128,278,32766,32766,2137,3.241055727005005
2026-04-07T11:38:14.595,radio://0/80/2M,flow,1,5,Transition,4284,0,0,0,0.0,0,0,0.0,0.0,57672,0,0,0.8056762218475342,0.005026619881391525,-0.05493420735001564,0.0,0.0,1128,278,32766,32766,2137,3.241055727005005
2026-04-07T11:38:14.596,radio://0/80/2M,range,1,5,Transition,4284,0,0,0,0.0,0,0,0.0,0.0,57672,0,0,0.8056762218475342,0.005026619881391525,-0.05493420735001564,0.0,0.0,1088,282,32766,32766,2136,3.241055727005005
2026-04-07T11:38:14.843,radio://0/80/2M,mission,1,5,Transition,4284,0,0,0,0.0,0,0,0.0,0.0,57672,0,0,0.8130547404289246,0.005026619881391525,-0.05493420735001564,0.0,0.0,1088,282,32766,32766,2136,3.241055727005005
2026-04-07T11:38:14.844,radio://0/80/2M,flow,1,5,Transition,4551,0,0,0,0.0,0,0,0.0,0.0,57922,0,0,0.8130547404289246,-0.0015361763071268797,-0.0007686995668336749,0.0,0.0,1088,282,32766,32766,2136,3.241055727005005
2026-04-07T11:38:14.845,radio://0/80/2M,range,1,5,Transition,4551,0,0,0,0.0,0,0,0.0,0.0,57922,0,0,0.8130547404289246,-0.0015361763071268797,-0.0007686995668336749,0.0,0.0,1054,287,32766,32766,2131,3.2357771396636963
2026-04-07T11:38:15.090,radio://0/80/2M,mission,1,1,Wall Follow,4551,0,0,0,0.0,0,0,0.0,0.0,57922,0,0,0.8039456605911255,-0.0015361763071268797,-0.0007686995668336749,0.0,0.0,1054,287,32766,32766,2131,3.2357771396636963
2026-04-07T11:38:15.094,radio://0/80/2M,flow,1,1,Wall Follow,4551,0,0,0,0.0,0,0,0.0,0.0,58172,-9,0,0.8039456605911255,0.050311822444200516,-0.05586765706539154,0.20000000298023224,-0.10000000149011612,1054,287,32766,32766,2131,3.2357771396636963
2026-04-07T11:38:15.095,radio://0/80/2M,range,1,1,Wall Follow,4551,0,0,0,0.0,0,0,0.0,0.0,58172,-9,0,0.8039456605911255,0.050311822444200516,-0.05586765706539154,0.20000000298023224,-0.10000000149011612,1038,301,32766,32766,2125,3.225219964981079
2026-04-07T11:38:15.342,radio://0/80/2M,mission,1,1,Wall Follow,4551,0,0,0,0.0,0,0,0.0,0.0,58172,-9,0,0.8001992106437683,0.050311822444200516,-0.05586765706539154,0.20000000298023224,-0.10000000149011612,1038,301,32766,32766,2125,3.225219964981079
2026-04-07T11:38:15.344,radio://0/80/2M,flow,1,1,Wall Follow,4551,0,0,0,0.0,0,0,0.0,0.0,58422,-3,-1,0.8001992106437683,0.07407063990831375,-0.11104574799537659,0.20000000298023224,-0.10000000149011612,1038,301,32766,32766,2125,3.225219964981079
2026-04-07T11:38:15.345,radio://0/80/2M,range,1,1,Wall Follow,4551,0,0,0,0.0,0,0,0.0,0.0,58422,-3,-1,0.8001992106437683,0.07407063990831375,-0.11104574799537659,0.20000000298023224,-0.10000000149011612,1011,320,1223,32766,2129,3.214662790298462
2026-04-07T11:38:15.591,radio://0/80/2M,mission,1,1,Wall Follow,4551,0,0,0,0.0,0,0,0.0,0.0,58422,-3,-1,0.8019658327102661,0.07407063990831375,-0.11104574799537659,0.20000000298023224,-0.10000000149011612,1011,320,1223,32766,2129,3.214662790298462
2026-04-07T11:38:15.595,radio://0/80/2M,flow,1,1,Wall Follow,4835,0,0,0,0.0,0,0,0.0,0.0,58672,1,0,0.8019658327102661,0.06647432595491409,-0.20540976524353027,0.20000000298023224,-0.10000000149011612,1011,320,1223,32766,2129,3.214662790298462
2026-04-07T11:38:15.596,radio://0/80/2M,range,1,1,Wall Follow,4835,0,0,0,0.0,0,0,0.0,0.0,58672,1,0,0.8019658327102661,0.06647432595491409,-0.20540976524353027,0.20000000298023224,-0.10000000149011612,953,343,32766,32766,2126,3.2357771396636963
2026-04-07T11:38:15.840,radio://0/80/2M,mission,1,1,Wall Follow,4835,0,0,0,0.0,0,0,0.0,0.0,58672,1,0,0.8001712560653687,0.06647432595491409,-0.20540976524353027,0.20000000298023224,-0.10000000149011612,953,343,32766,32766,2126,3.2357771396636963
2026-04-07T11:38:15.844,radio://0/80/2M,flow,1,1,Wall Follow,5137,0,0,0,0.0,0,0,0.0,0.0,58922,0,0,0.8001712560653687,0.13667213916778564,-0.20550480484962463,0.20000000298023224,-0.10000000149011612,953,343,32766,32766,2126,3.2357771396636963
2026-04-07T11:38:15.846,radio://0/80/2M,range,1,1,Wall Follow,5137,0,0,0,0.0,0,0,0.0,0.0,58922,0,0,0.8001712560653687,0.13667213916778564,-0.20550480484962463,0.20000000298023224,-0.10000000149011612,908,388,32766,32766,2137,3.214662790298462
2026-04-07T11:38:16.091,radio://0/80/2M,mission,1,1,Wall Follow,5137,0,0,0,0.0,0,0,0.0,0.0,58922,0,0,0.8019120693206787,0.13667213916778564,-0.20550480484962463,0.20000000298023224,-0.10000000149011612,908,388,32766,32766,2137,3.214662790298462
2026-04-07T11:38:16.094,radio://0/80/2M,flow,1,1,Wall Follow,5458,0,0,0,0.0,0,0,0.0,0.0,59172,1,0,0.8019120693206787,0.1468341052532196,-0.1642669439315796,0.20000000298023224,0.0,908,388,32766,32766,2137,3.214662790298462
2026-04-07T11:38:16.095,radio://0/80/2M,range,1,1,Wall Follow,5458,0,0,0,0.0,0,0,0.0,0.0,59172,1,0,0.8019120693206787,0.1468341052532196,-0.1642669439315796,0.20000000298023224,0.0,836,404,32766,32766,2129,3.2199413776397705
2026-04-07T11:38:16.353,radio://0/80/2M,mission,1,1,Wall Follow,5458,0,0,0,0.0,0,0,0.0,0.0,59172,1,0,0.804334282875061,0.1468341052532196,-0.1642669439315796,0.20000000298023224,0.0,836,404,32766,32766,2129,3.2199413776397705
2026-04-07T11:38:16.402,radio://0/80/2M,flow,1,1,Wall Follow,5458,0,0,0,0.0,0,0,0.0,0.0,59422,-1,0,0.804334282875061,0.15531320869922638,-0.10694774240255356,0.20000000298023224,0.0,836,404,32766,32766,2129,3.2199413776397705
2026-04-07T11:38:16.490,radio://0/80/2M,range,1,1,Wall Follow,5458,0,0,0,0.0,0,0,0.0,0.0,59422,-1,0,0.804334282875061,0.15531320869922638,-0.10694774240255356,0.20000000298023224,0.0,793,418,32766,32766,2135,3.2093842029571533
2026-04-07T11:38:16.590,radio://0/80/2M,mission,1,1,Wall Follow,5458,0,0,0,0.0,0,0,0.0,0.0,59422,-1,0,0.8029078245162964,0.15531320869922638,-0.10694774240255356,0.20000000298023224,0.0,793,418,32766,32766,2135,3.2093842029571533
2026-04-07T11:38:16.593,radio://0/80/2M,flow,1,1,Wall Follow,5117,0,0,0,0.0,0,0,0.0,0.0,59672,-3,0,0.8029078245162964,0.18329308927059174,-0.08265826851129532,0.20000000298023224,0.0,793,418,32766,32766,2135,3.2093842029571533
2026-04-07T11:38:16.594,radio://0/80/2M,range,1,1,Wall Follow,5117,0,0,0,0.0,0,0,0.0,0.0,59672,-3,0,0.8029078245162964,0.18329308927059174,-0.08265826851129532,0.20000000298023224,0.0,748,423,32766,32766,2128,3.2041056156158447
2026-04-07T11:38:16.840,radio://0/80/2M,mission,1,1,Wall Follow,5117,0,0,0,0.0,0,0,0.0,0.0,59672,-3,0,0.7999982833862305,0.18329308927059174,-0.08265826851129532,0.20000000298023224,0.0,748,423,32766,32766,2128,3.2041056156158447
2026-04-07T11:38:16.844,radio://0/80/2M,flow,1,1,Wall Follow,4798,0,0,0,0.0,0,0,0.0,0.0,59922,-1,0,0.7999982833862305,0.18002206087112427,-0.09206568449735641,0.20000000298023224,0.0,748,423,32766,32766,2128,3.2041056156158447
2026-04-07T11:38:16.845,radio://0/80/2M,range,1,1,Wall Follow,4798,0,0,0,0.0,0,0,0.0,0.0,59922,-1,0,0.7999982833862305,0.18002206087112427,-0.09206568449735641,0.20000000298023224,0.0,720,431,32766,32766,2131,3.1935484409332275
2026-04-07T11:38:17.096,radio://0/80/2M,mission,1,1,Wall Follow,4798,0,0,0,0.0,0,0,0.0,0.0,59922,-1,0,0.8014237880706787,0.18002206087112427,-0.09206568449735641,0.20000000298023224,0.0,720,431,32766,32766,2131,3.1935484409332275
2026-04-07T11:38:17.097,radio://0/80/2M,flow,1,1,Wall Follow,4499,0,0,0,0.0,0,0,0.0,0.0,60172,0,-4,0.8014237880706787,0.16010083258152008,-0.096321702003479,0.0,0.0,720,431,32766,32766,2131,3.1935484409332275
2026-04-07T11:38:17.099,radio://0/80/2M,range,1,1,Wall Follow,4499,0,0,0,0.0,0,0,0.0,0.0,60172,0,-4,0.8014237880706787,0.16010083258152008,-0.096321702003479,0.0,0.0,691,460,32766,32766,2131,3.198827028274536
2026-04-07T11:38:17.339,radio://0/80/2M,mission,1,1,Wall Follow,4499,0,0,0,0.0,0,0,0.0,0.0,60172,0,-4,0.7990999817848206,0.16010083258152008,-0.096321702003479,0.0,0.0,691,460,32766,32766,2131,3.198827028274536
2026-04-07T11:38:17.343,radio://0/80/2M,flow,1,1,Wall Follow,4218,0,0,0,0.0,0,0,0.0,0.0,60422,1,1,0.7990999817848206,0.06976626813411713,-0.05470108985900879,0.0,0.0,691,460,32766,32766,2131,3.198827028274536
2026-04-07T11:38:17.344,radio://0/80/2M,range,1,1,Wall Follow,4218,0,0,0,0.0,0,0,0.0,0.0,60422,1,1,0.7990999817848206,0.06976626813411713,-0.05470108985900879,0.0,0.0,664,476,32766,32766,2138,3.1935484409332275
2026-04-07T11:38:17.594,radio://0/80/2M,mission,1,1,Wall Follow,4218,0,0,0,0.0,0,0,0.0,0.0,60422,1,1,0.7985384464263916,0.06976626813411713,-0.05470108985900879,0.0,0.0,664,476,32766,32766,2138,3.1935484409332275
2026-04-07T11:38:17.595,radio://0/80/2M,flow,1,1,Wall Follow,4218,0,0,0,0.0,0,0,0.0,0.0,60672,0,0,0.7985384464263916,-0.00048827615682967007,0.03798083961009979,0.0,0.0,664,476,32766,32766,2138,3.1935484409332275
2026-04-07T11:38:17.603,radio://0/80/2M,range,1,1,Wall Follow,4218,0,0,0,0.0,0,0,0.0,0.0,60672,0,0,0.7985384464263916,-0.00048827615682967007,0.03798083961009979,0.0,0.0,679,497,32766,32766,2138,3.2041056156158447
2026-04-07T11:38:17.839,radio://0/80/2M,mission,1,1,Wall Follow,4218,0,0,0,0.0,0,0,0.0,0.0,60672,0,0,0.7974555492401123,-0.00048827615682967007,0.03798083961009979,0.0,0.0,679,497,32766,32766,2138,3.2041056156158447
2026-04-07T11:38:17.842,radio://0/80/2M,flow,1,1,Wall Follow,4218,0,0,0,0.0,0,0,0.0,0.0,60922,-3,0,0.7974555492401123,-0.056794118136167526,0.05530812591314316,0.0,0.0,679,497,32766,32766,2138,3.2041056156158447
2026-04-07T11:38:17.843,radio://0/80/2M,range,1,1,Wall Follow,4218,0,0,0,0.0,0,0,0.0,0.0,60922,-3,0,0.7974555492401123,-0.056794118136167526,0.05530812591314316,0.0,0.0,719,570,1238,32766,2127,3.1829912662506104
2026-04-07T11:38:18.089,radio://0/80/2M,mission,1,1,Wall Follow,4218,0,0,0,0.0,0,0,0.0,0.0,60922,-3,0,0.7997660040855408,-0.056794118136167526,0.05530812591314316,0.0,0.0,719,570,1238,32766,2127,3.1829912662506104
2026-04-07T11:38:18.092,radio://0/80/2M,flow,1,1,Wall Follow,4218,0,0,0,0.0,0,0,0.0,0.0,61172,-8,-5,0.7997660040855408,0.005988593213260174,0.0003324893768876791,0.0,0.0,719,570,1238,32766,2127,3.1829912662506104
2026-04-07T11:38:18.093,radio://0/80/2M,range,1,1,Wall Follow,4218,0,0,0,0.0,0,0,0.0,0.0,61172,-8,-5,0.7997660040855408,0.005988593213260174,0.0003324893768876791,0.0,0.0,789,563,1260,691,2124,3.188269853591919
2026-04-07T11:38:18.351,radio://0/80/2M,mission,1,1,Wall Follow,4218,0,0,0,0.0,0,0,0.0,0.0,61172,-8,-5,0.7999278903007507,0.005988593213260174,0.0003324893768876791,0.0,0.0,789,563,1260,691,2124,3.188269853591919
2026-04-07T11:38:18.569,radio://0/80/2M,flow,1,1,Wall Follow,4218,0,0,0,0.0,0,0,0.0,0.0,61422,0,-3,0.7999278903007507,0.010990649461746216,0.002761116484180093,0.0,0.0,789,563,1260,691,2124,3.188269853591919
2026-04-07T11:38:18.579,radio://0/80/2M,range,1,1,Wall Follow,4218,0,0,0,0.0,0,0,0.0,0.0,61422,0,-3,0.7999278903007507,0.010990649461746216,0.002761116484180093,0.0,0.0,831,551,1355,610,2131,3.1777126789093018
2026-04-07T11:38:18.597,radio://0/80/2M,mission,1,1,Wall Follow,4218,0,0,0,0.0,0,0,0.0,0.0,61422,0,-3,0.7953265309333801,0.010990649461746216,0.002761116484180093,0.0,0.0,831,551,1355,610,2131,3.1777126789093018
2026-04-07T11:38:18.607,radio://0/80/2M,flow,1,1,Wall Follow,4218,0,0,0,0.0,0,0,0.0,0.0,61672,-4,0,0.7953265309333801,0.08659065514802933,0.09470966458320618,0.0,0.0,831,551,1355,610,2131,3.1777126789093018
2026-04-07T11:38:18.609,radio://0/80/2M,range,1,1,Wall Follow,4218,0,0,0,0.0,0,0,0.0,0.0,61672,-4,0,0.7953265309333801,0.08659065514802933,0.09470966458320618,0.0,0.0,911,548,1411,510,2139,3.1777126789093018
2026-04-07T11:38:18.858,radio://0/80/2M,mission,1,1,Wall Follow,4218,0,0,0,0.0,0,0,0.0,0.0,61672,-4,0,0.7950499057769775,0.08659065514802933,0.09470966458320618,0.0,0.0,911,548,1411,510,2139,3.1777126789093018
2026-04-07T11:38:18.860,radio://0/80/2M,flow,1,1,Wall Follow,4218,0,0,0,0.0,0,0,0.0,0.0,61922,0,0,0.7950499057769775,0.01059072557836771,0.02858678437769413,0.0016428001690655947,0.06173333525657654,911,548,1411,510,2139,3.1777126789093018
2026-04-07T11:38:18.862,radio://0/80/2M,range,1,1,Wall Follow,4218,0,0,0,0.0,0,0,0.0,0.0,61922,0,0,0.7950499057769775,0.01059072557836771,0.02858678437769413,0.0016428001690655947,0.06173333525657654,981,596,32766,463,2142,3.1829912662506104
2026-04-07T11:38:19.087,radio://0/80/2M,mission,1,1,Wall Follow,4218,0,0,0,0.0,0,0,0.0,0.0,61922,0,0,0.7936204075813293,0.01059072557836771,0.02858678437769413,0.0016428001690655947,0.06173333525657654,981,596,32766,463,2142,3.1829912662506104
2026-04-07T11:38:19.092,radio://0/80/2M,flow,1,1,Wall Follow,4218,0,0,0,0.0,0,0,0.0,0.0,62172,0,0,0.7936204075813293,-0.10894066840410233,-0.0041361707262694836,0.001555201131850481,0.0,981,596,32766,463,2142,3.1829912662506104
2026-04-07T11:38:19.093,radio://0/80/2M,range,1,1,Wall Follow,4218,0,0,0,0.0,0,0,0.0,0.0,62172,0,0,0.7936204075813293,-0.10894066840410233,-0.0041361707262694836,0.001555201131850481,0.0,1085,32766,32766,464,2134,3.1829912662506104
2026-04-07T11:38:19.338,radio://0/80/2M,mission,1,1,Wall Follow,4218,0,0,0,0.0,0,0,0.0,0.0,62172,0,0,0.7936100959777832,-0.10894066840410233,-0.0041361707262694836,0.001555201131850481,0.0,1085,32766,32766,464,2134,3.1829912662506104
2026-04-07T11:38:19.341,radio://0/80/2M,flow,1,1,Wall Follow,4218,0,0,0,0.0,0,0,0.0,0.0,62422,0,0,0.7936100959777832,-0.07180529832839966,0.002974005648866296,0.0,0.0,1085,32766,32766,464,2134,3.1829912662506104
2026-04-07T11:38:19.342,radio://0/80/2M,range,1,1,Wall Follow,4218,0,0,0,0.0,0,0,0.0,0.0,62422,0,0,0.7936100959777832,-0.07180529832839966,0.002974005648866296,0.0,0.0,32766,32766,32766,505,2148,3.1829912662506104
2026-04-07T11:38:19.589,radio://0/80/2M,mission,1,1,Wall Follow,4218,0,0,0,0.0,0,0,0.0,0.0,62422,0,0,0.7955459952354431,-0.07180529832839966,0.002974005648866296,0.0,0.0,32766,32766,32766,505,2148,3.1829912662506104
2026-04-07T11:38:19.591,radio://0/80/2M,flow,1,1,Wall Follow,4218,0,0,0,0.0,0,0,0.0,0.0,62672,3,0,0.7955459952354431,0.013721476309001446,-0.0030029297340661287,0.0,0.06666667014360428,32766,32766,32766,505,2148,3.1829912662506104
2026-04-07T11:38:19.592,radio://0/80/2M,range,1,1,Wall Follow,4218,0,0,0,0.0,0,0,0.0,0.0,62672,3,0,0.7955459952354431,0.013721476309001446,-0.0030029297340661287,0.0,0.06666667014360428,888,633,1397,613,2146,3.1935484409332275
2026-04-07T11:38:19.837,radio://0/80/2M,mission,1,1,Wall Follow,4218,0,0,0,0.0,0,0,0.0,0.0,62672,3,0,0.7974042296409607,0.013721476309001446,-0.0030029297340661287,0.0,0.06666667014360428,888,633,1397,613,2146,3.1935484409332275
2026-04-07T11:38:19.841,radio://0/80/2M,flow,1,1,Wall Follow,4218,0,0,0,0.0,0,0,0.0,0.0,62922,0,0,0.7974042296409607,0.09831329435110092,0.0030313075985759497,0.0,0.06666667014360428,888,633,1397,613,2146,3.1935484409332275
2026-04-07T11:38:19.842,radio://0/80/2M,range,1,1,Wall Follow,4218,0,0,0,0.0,0,0,0.0,0.0,62922,0,0,0.7974042296409607,0.09831329435110092,0.0030313075985759497,0.0,0.06666667014360428,833,606,1324,654,2137,3.188269853591919
2026-04-07T11:38:20.087,radio://0/80/2M,mission,1,1,Wall Follow,4218,0,0,0,0.0,0,0,0.0,0.0,62922,0,0,0.7944939136505127,0.09831329435110092,0.0030313075985759497,0.0,0.06666667014360428,833,606,1324,654,2137,3.188269853591919
2026-04-07T11:38:20.090,radio://0/80/2M,flow,1,1,Wall Follow,4218,0,0,0,0.0,0,0,0.0,0.0,63172,2,3,0.7944939136505127,0.07838328182697296,0.03989468514919281,0.0,0.06666667014360428,833,606,1324,654,2137,3.188269853591919
2026-04-07T11:38:20.092,radio://0/80/2M,range,1,1,Wall Follow,4218,0,0,0,0.0,0,0,0.0,0.0,63172,2,3,0.7944939136505127,0.07838328182697296,0.03989468514919281,0.0,0.06666667014360428,801,604,1330,659,2129,3.188269853591919
2026-04-07T11:38:20.338,radio://0/80/2M,mission,1,1,Wall Follow,4218,0,0,0,0.0,0,0,0.0,0.0,63172,2,3,0.7933141589164734,0.07838328182697296,0.03989468514919281,0.0,0.06666667014360428,801,604,1330,659,2129,3.188269853591919
2026-04-07T11:38:20.341,radio://0/80/2M,flow,1,1,Wall Follow,4218,0,0,0,0.0,0,0,0.0,0.0,63422,0,-1,0.7933141589164734,0.06145419180393219,-0.01953793689608574,0.0,0.06666667014360428,801,604,1330,659,2129,3.188269853591919
2026-04-07T11:38:20.342,radio://0/80/2M,range,1,1,Wall Follow,4218,0,0,0,0.0,0,0,0.0,0.0,63422,0,-1,0.7933141589164734,0.06145419180393219,-0.01953793689608574,0.0,0.06666667014360428,779,606,1315,673,2136,3.172434091567993
2026-04-07T11:38:20.587,radio://0/80/2M,mission,1,1,Wall Follow,4218,0,0,0,0.0,0,0,0.0,0.0,63422,0,-1,0.8006990551948547,0.06145419180393219,-0.01953793689608574,0.0,0.06666667014360428,779,606,1315,673,2136,3.172434091567993
2026-04-07T11:38:20.590,radio://0/80/2M,flow,1,1,Wall Follow,4218,0,0,0,0.0,0,0,0.0,0.0,63672,0,0,0.8006990551948547,0.01832306571304798,0.011806047521531582,0.0,0.06666667014360428,779,606,1315,673,2136,3.172434091567993
2026-04-07T11:38:20.591,radio://0/80/2M,range,1,1,Wall Follow,4218,0,0,0,0.0,0,0,0.0,0.0,63672,0,0,0.8006990551948547,0.01832306571304798,0.011806047521531582,0.0,0.06666667014360428,703,586,1257,792,2141,3.198827028274536
2026-04-07T11:38:20.837,radio://0/80/2M,mission,1,1,Wall Follow,4218,0,0,0,0.0,0,0,0.0,0.0,63672,0,0,0.804511547088623,0.01832306571304798,0.011806047521531582,0.0,0.06666667014360428,703,586,1257,792,2141,3.198827028274536
2026-04-07T11:38:20.839,radio://0/80/2M,flow,1,1,Wall Follow,4218,0,0,0,0.0,0,0,0.0,0.0,63922,0,0,0.804511547088623,-0.051448360085487366,0.026459340006113052,0.0,0.06666667014360428,703,586,1257,792,2141,3.198827028274536
2026-04-07T11:38:20.841,radio://0/80/2M,range,1,1,Wall Follow,4218,0,0,0,0.0,0,0,0.0,0.0,63922,0,0,0.804511547088623,-0.051448360085487366,0.026459340006113052,0.0,0.06666667014360428,688,593,1227,852,2131,3.2041056156158447
2026-04-07T11:38:21.086,radio://0/80/2M,mission,1,1,Wall Follow,4218,0,0,0,0.0,0,0,0.0,0.0,63922,0,0,0.8056953549385071,-0.051448360085487366,0.026459340006113052,0.0,0.06666667014360428,688,593,1227,852,2131,3.2041056156158447
2026-04-07T11:38:21.089,radio://0/80/2M,flow,1,1,Wall Follow,4218,0,0,0,0.0,0,0,0.0,0.0,64172,0,0,0.8056953549385071,0.01917235367000103,0.024499069899320602,0.0,0.06666667014360428,688,593,1227,852,2131,3.2041056156158447
2026-04-07T11:38:21.090,radio://0/80/2M,range,1,1,Wall Follow,4218,0,0,0,0.0,0,0,0.0,0.0,64172,0,0,0.8056953549385071,0.01917235367000103,0.024499069899320602,0.0,0.06666667014360428,714,596,1222,820,2133,3.2093842029571533
2026-04-07T11:38:21.337,radio://0/80/2M,mission,1,1,Wall Follow,4218,0,0,0,0.0,0,0,0.0,0.0,64172,0,0,0.8064485192298889,0.01917235367000103,0.024499069899320602,0.0,0.06666667014360428,714,596,1222,820,2133,3.2093842029571533
2026-04-07T11:38:21.340,radio://0/80/2M,flow,1,1,Wall Follow,4218,0,0,0,0.0,0,0,0.0,0.0,64422,0,-1,0.8064485192298889,0.05059521272778511,0.04509149491786957,0.0,0.06666667014360428,714,596,1222,820,2133,3.2093842029571533
2026-04-07T11:38:21.341,radio://0/80/2M,range,1,1,Wall Follow,4218,0,0,0,0.0,0,0,0.0,0.0,64422,0,-1,0.8064485192298889,0.05059521272778511,0.04509149491786957,0.0,0.06666667014360428,725,606,1244,774,2128,3.2041056156158447
2026-04-07T11:38:21.588,radio://0/80/2M,mission,1,1,Wall Follow,4218,0,0,0,0.0,0,0,0.0,0.0,64422,0,-1,0.798223078250885,0.05059521272778511,0.04509149491786957,0.0,0.06666667014360428,725,606,1244,774,2128,3.2041056156158447
2026-04-07T11:38:21.590,radio://0/80/2M,flow,1,1,Wall Follow,4218,0,0,0,0.0,0,0,0.0,0.0,64672,-4,4,0.798223078250885,0.08682817965745926,0.0669221580028534,0.0,0.06666667014360428,725,606,1244,774,2128,3.2041056156158447
2026-04-07T11:38:21.591,radio://0/80/2M,range,1,1,Wall Follow,4218,0,0,0,0.0,0,0,0.0,0.0,64672,-4,4,0.798223078250885,0.08682817965745926,0.0669221580028534,0.0,0.06666667014360428,723,603,1271,739,2124,3.198827028274536
2026-04-07T11:38:21.836,radio://0/80/2M,mission,1,1,Wall Follow,4218,0,0,0,0.0,0,0,0.0,0.0,64672,-4,4,0.8017773628234863,0.08682817965745926,0.0669221580028534,0.0,0.06666667014360428,723,603,1271,739,2124,3.198827028274536
2026-04-07T11:38:21.839,radio://0/80/2M,flow,1,1,Wall Follow,4218,0,0,0,0.0,0,0,0.0,0.0,64922,0,0,0.8017773628234863,0.06368961185216904,0.06919696927070618,0.0,0.06666667014360428,723,603,1271,739,2124,3.198827028274536
2026-04-07T11:38:21.840,radio://0/80/2M,range,1,1,Wall Follow,4218,0,0,0,0.0,0,0,0.0,0.0,64922,0,0,0.8017773628234863,0.06368961185216904,0.06919696927070618,0.0,0.06666667014360428,701,592,1276,740,2130,3.2093842029571533
2026-04-07T11:38:22.087,radio://0/80/2M,mission,1,1,Wall Follow,4218,0,0,0,0.0,0,0,0.0,0.0,64922,0,0,0.8044561743736267,0.06368961185216904,0.06919696927070618,0.0,0.06666667014360428,701,592,1276,740,2130,3.2093842029571533
2026-04-07T11:38:22.090,radio://0/80/2M,flow,1,1,Wall Follow,4218,0,0,0,0.0,0,0,0.0,0.0,65172,1,-1,0.8044561743736267,0.014490291476249695,0.023800747469067574,0.0,0.06666667014360428,701,592,1276,740,2130,3.2093842029571533
2026-04-07T11:38:22.091,radio://0/80/2M,range,1,1,Wall Follow,4218,0,0,0,0.0,0,0,0.0,0.0,65172,1,-1,0.8044561743736267,0.014490291476249695,0.023800747469067574,0.0,0.06666667014360428,687,578,1261,779,2133,3.214662790298462
2026-04-07T11:38:22.335,radio://0/80/2M,mission,1,1,Wall Follow,4218,0,0,0,0.0,0,0,0.0,0.0,65172,1,-1,0.8063148260116577,0.014490291476249695,0.023800747469067574,0.0,0.06666667014360428,687,578,1261,779,2133,3.214662790298462
2026-04-07T11:38:22.339,radio://0/80/2M,flow,1,1,Wall Follow,4218,0,0,0,0.0,0,0,0.0,0.0,65422,0,0,0.8063148260116577,-0.003186188405379653,0.017034489661455154,0.0,0.06666667014360428,687,578,1261,779,2133,3.214662790298462
2026-04-07T11:38:22.340,radio://0/80/2M,range,1,1,Wall Follow,4218,0,0,0,0.0,0,0,0.0,0.0,65422,0,0,0.8063148260116577,-0.003186188405379653,0.017034489661455154,0.0,0.06666667014360428,689,597,1243,801,2127,3.2041056156158447
2026-04-07T11:38:22.585,radio://0/80/2M,mission,1,1,Wall Follow,4218,0,0,0,0.0,0,0,0.0,0.0,65422,0,0,0.8053469061851501,-0.003186188405379653,0.017034489661455154,0.0,0.06666667014360428,689,597,1243,801,2127,3.2041056156158447
2026-04-07T11:38:22.588,radio://0/80/2M,flow,1,1,Wall Follow,4218,0,0,0,0.0,0,0,0.0,0.0,65672,-1,-1,0.8053469061851501,0.020837940275669098,0.018174519762396812,0.0,0.06666667014360428,689,597,1243,801,2127,3.2041056156158447
2026-04-07T11:38:22.589,radio://0/80/2M,range,1,1,Wall Follow,4218,0,0,0,0.0,0,0,0.0,0.0,65672,-1,-1,0.8053469061851501,0.020837940275669098,0.018174519762396812,0.0,0.06666667014360428,693,607,1226,825,2129,3.214662790298462
2026-04-07T11:38:22.835,radio://0/80/2M,mission,1,1,Wall Follow,4218,0,0,0,0.0,0,0,0.0,0.0,65672,-1,-1,0.7997726202011108,0.020837940275669098,0.018174519762396812,0.0,0.06666667014360428,693,607,1226,825,2129,3.214662790298462
2026-04-07T11:38:22.839,radio://0/80/2M,flow,1,1,Wall Follow,4218,0,0,0,0.0,0,0,0.0,0.0,65922,0,0,0.7997726202011108,0.07219091802835464,0.03364315629005432,0.0,0.06666667014360428,693,607,1226,825,2129,3.214662790298462
2026-04-07T11:38:22.840,radio://0/80/2M,range,1,1,Wall Follow,4218,0,0,0,0.0,0,0,0.0,0.0,65922,0,0,0.7997726202011108,0.07219091802835464,0.03364315629005432,0.0,0.06666667014360428,692,620,1237,819,2131,3.2041056156158447
2026-04-07T11:38:23.084,radio://0/80/2M,mission,1,1,Wall Follow,4218,0,0,0,0.0,0,0,0.0,0.0,65922,0,0,0.7919325828552246,0.07219091802835464,0.03364315629005432,0.0,0.06666667014360428,692,620,1237,819,2131,3.2041056156158447
2026-04-07T11:38:23.087,radio://0/80/2M,flow,1,1,Wall Follow,4218,0,0,0,0.0,0,0,0.0,0.0,66172,1,1,0.7919325828552246,0.10840670019388199,0.011082451790571213,0.0,0.06666667014360428,692,620,1237,819,2131,3.2041056156158447
2026-04-07T11:38:23.089,radio://0/80/2M,range,1,1,Wall Follow,4218,0,0,0,0.0,0,0,0.0,0.0,66172,1,1,0.7919325828552246,0.10840670019388199,0.011082451790571213,0.0,0.06666667014360428,688,638,1242,794,2144,3.198827028274536
2026-04-07T11:38:23.335,radio://0/80/2M,mission,1,1,Wall Follow,4218,0,0,0,0.0,0,0,0.0,0.0,66172,1,1,0.7909805178642273,0.10840670019388199,0.011082451790571213,0.0,0.06666667014360428,688,638,1242,794,2144,3.198827028274536
2026-04-07T11:38:23.338,radio://0/80/2M,flow,1,1,Wall Follow,4218,0,0,0,0.0,0,0,0.0,0.0,66422,0,0,0.7909805178642273,0.07310162484645844,-0.006274723447859287,0.0,0.0,688,638,1242,794,2144,3.198827028274536
2026-04-07T11:38:23.339,radio://0/80/2M,range,1,1,Wall Follow,4218,0,0,0,0.0,0,0,0.0,0.0,66422,0,0,0.7909805178642273,0.07310162484645844,-0.006274723447859287,0.0,0.0,690,32766,1256,780,2141,3.1935484409332275
2026-04-07T11:38:23.584,radio://0/80/2M,mission,1,1,Wall Follow,4218,0,0,0,0.0,0,0,0.0,0.0,66422,0,0,0.7924852967262268,0.07310162484645844,-0.006274723447859287,0.0,0.0,690,32766,1256,780,2141,3.1935484409332275
2026-04-07T11:38:23.588,radio://0/80/2M,flow,1,1,Wall Follow,4218,0,0,0,0.0,0,0,0.0,0.0,66672,0,0,0.7924852967262268,0.0008196369744837284,0.029837898910045624,0.0,0.06666667014360428,690,32766,1256,780,2141,3.1935484409332275
2026-04-07T11:38:23.589,radio://0/80/2M,range,1,1,Wall Follow,4218,0,0,0,0.0,0,0,0.0,0.0,66672,0,0,0.7924852967262268,0.0008196369744837284,0.029837898910045624,0.0,0.06666667014360428,653,635,1239,857,2139,3.2093842029571533
2026-04-07T11:38:23.835,radio://0/80/2M,mission,1,1,Wall Follow,4218,0,0,0,0.0,0,0,0.0,0.0,66672,0,0,0.8027878999710083,0.0008196369744837284,0.029837898910045624,0.0,0.06666667014360428,653,635,1239,857,2139,3.2093842029571533
2026-04-07T11:38:23.838,radio://0/80/2M,flow,1,1,Wall Follow,4218,0,0,0,0.0,0,0,0.0,0.0,66922,1,-1,0.8027878999710083,0.01752934418618679,0.03569531440734863,0.0,0.06666667014360428,653,635,1239,857,2139,3.2093842029571533
2026-04-07T11:38:23.839,radio://0/80/2M,range,1,1,Wall Follow,4218,0,0,0,0.0,0,0,0.0,0.0,66922,1,-1,0.8027878999710083,0.01752934418618679,0.03569531440734863,0.0,0.06666667014360428,639,598,1225,967,2132,3.2093842029571533
2026-04-07T11:38:24.084,radio://0/80/2M,mission,1,1,Wall Follow,4218,0,0,0,0.0,0,0,0.0,0.0,66922,1,-1,0.8079034686088562,0.01752934418618679,0.03569531440734863,0.0,0.06666667014360428,639,598,1225,967,2132,3.2093842029571533
2026-04-07T11:38:24.088,radio://0/80/2M,flow,1,1,Wall Follow,4218,0,0,0,0.0,0,0,0.0,0.0,67172,0,0,0.8079034686088562,0.030075309798121452,0.051562901586294174,0.0,0.06666667014360428,639,598,1225,967,2132,3.2093842029571533
2026-04-07T11:38:24.089,radio://0/80/2M,range,1,1,Wall Follow,4218,0,0,0,0.0,0,0,0.0,0.0,67172,0,0,0.8079034686088562,0.030075309798121452,0.051562901586294174,0.0,0.06666667014360428,643,598,1237,1011,2127,3.2093842029571533
2026-04-07T11:38:24.334,radio://0/80/2M,mission,1,1,Wall Follow,4218,0,0,0,0.0,0,0,0.0,0.0,67172,0,0,0.8022618889808655,0.030075309798121452,0.051562901586294174,0.0,0.06666667014360428,643,598,1237,1011,2127,3.2093842029571533
2026-04-07T11:38:24.337,radio://0/80/2M,flow,1,1,Wall Follow,4218,0,0,0,0.0,0,0,0.0,0.0,67422,0,0,0.8022618889808655,0.01691114343702793,0.06617248803377151,0.0,0.06666667014360428,643,598,1237,1011,2127,3.2093842029571533
2026-04-07T11:38:24.338,radio://0/80/2M,range,1,1,Wall Follow,4218,0,0,0,0.0,0,0,0.0,0.0,67422,0,0,0.8022618889808655,0.01691114343702793,0.06617248803377151,0.0,0.06666667014360428,652,595,1237,1000,2127,3.1935484409332275
2026-04-07T11:38:24.584,radio://0/80/2M,mission,1,1,Wall Follow,4218,0,0,0,0.0,0,0,0.0,0.0,67422,0,0,0.8028461933135986,0.01691114343702793,0.06617248803377151,0.0,0.06666667014360428,652,595,1237,1000,2127,3.1935484409332275
2026-04-07T11:38:24.587,radio://0/80/2M,flow,1,1,Wall Follow,4218,0,0,0,0.0,0,0,0.0,0.0,67672,-10,4,0.8028461933135986,0.07616676390171051,0.07876946777105331,0.0,0.06666667014360428,652,595,1237,1000,2127,3.1935484409332275
2026-04-07T11:38:24.589,radio://0/80/2M,range,1,1,Wall Follow,4218,0,0,0,0.0,0,0,0.0,0.0,67672,-10,4,0.8028461933135986,0.07616676390171051,0.07876946777105331,0.0,0.06666667014360428,661,579,1244,886,2133,3.2093842029571533
2026-04-07T11:38:24.833,radio://0/80/2M,mission,1,1,Wall Follow,4218,0,0,0,0.0,0,0,0.0,0.0,67672,-10,4,0.8087001442909241,0.07616676390171051,0.07876946777105331,0.0,0.06666667014360428,661,579,1244,886,2133,3.2093842029571533
2026-04-07T11:38:24.836,radio://0/80/2M,flow,1,1,Wall Follow,4218,0,0,0,0.0,0,0,0.0,0.0,67922,0,1,0.8087001442909241,0.09228133410215378,0.07520337402820587,0.0,0.06666667014360428,661,579,1244,886,2133,3.2093842029571533
2026-04-07T11:38:24.838,radio://0/80/2M,range,1,1,Wall Follow,4218,0,0,0,0.0,0,0,0.0,0.0,67922,0,1,0.8087001442909241,0.09228133410215378,0.07520337402820587,0.0,0.06666667014360428,638,527,1262,830,2127,3.214662790298462
2026-04-07T11:38:25.083,radio://0/80/2M,mission,1,5,Transition,4218,0,0,0,0.0,0,0,0.0,0.0,67922,0,1,0.8042305111885071,0.09228133410215378,0.07520337402820587,0.0,0.06666667014360428,638,527,1262,830,2127,3.214662790298462
2026-04-07T11:38:25.085,radio://0/80/2M,flow,1,5,Transition,4218,0,0,0,0.0,0,0,0.0,0.0,68172,0,0,0.8042305111885071,0.060310810804367065,0.0453164242208004,0.0,0.0,638,527,1262,830,2127,3.214662790298462
2026-04-07T11:38:25.088,radio://0/80/2M,range,1,5,Transition,4218,0,0,0,0.0,0,0,0.0,0.0,68172,0,0,0.8042305111885071,0.060310810804367065,0.0453164242208004,0.0,0.0,524,508,1280,892,2128,3.1935484409332275
2026-04-07T11:38:25.332,radio://0/80/2M,mission,1,5,Transition,4218,0,0,0,0.0,0,0,0.0,0.0,68172,0,0,0.8007477521896362,0.060310810804367065,0.0453164242208004,0.0,0.0,524,508,1280,892,2128,3.1935484409332275
2026-04-07T11:38:25.337,radio://0/80/2M,flow,1,5,Transition,4218,0,0,0,0.0,0,0,0.0,0.0,68422,0,0,0.8007477521896362,0.021022288128733635,-0.006041234824806452,-0.0006911993841640651,0.0,524,508,1280,892,2128,3.1935484409332275
2026-04-07T11:38:25.339,radio://0/80/2M,range,1,5,Transition,4218,0,0,0,0.0,0,0,0.0,0.0,68422,0,0,0.8007477521896362,0.021022288128733635,-0.006041234824806452,-0.0006911993841640651,0.0,476,513,1318,881,2120,3.1935484409332275
2026-04-07T11:38:25.584,radio://0/80/2M,mission,1,2,Scan,4218,0,0,0,0.0,0,0,0.0,0.0,68422,0,0,0.802734911441803,0.021022288128733635,-0.006041234824806452,-0.0006911993841640651,0.0,476,513,1318,881,2120,3.1935484409332275
2026-04-07T11:38:25.586,radio://0/80/2M,flow,1,2,Scan,4218,0,0,0,0.0,0,0,0.0,0.0,68672,0,-2,0.802734911441803,-0.03639184683561325,-0.06916242092847824,0.0,-0.007800007238984108,476,513,1318,881,2120,3.1935484409332275
2026-04-07T11:38:25.587,radio://0/80/2M,range,1,2,Scan,4218,0,0,0,0.0,0,0,0.0,0.0,68672,0,-2,0.802734911441803,-0.03639184683561325,-0.06916242092847824,0.0,-0.007800007238984108,548,487,1334,953,2128,3.214662790298462
2026-04-07T11:38:25.833,radio://0/80/2M,mission,1,2,Scan,4218,0,0,0,0.0,0,0,0.0,0.0,68672,0,-2,0.8012062311172485,-0.03639184683561325,-0.06916242092847824,0.0,-0.007800007238984108,548,487,1334,953,2128,3.214662790298462
2026-04-07T11:38:25.836,radio://0/80/2M,flow,1,2,Scan,4218,0,0,0,0.0,0,0,0.0,0.0,68922,0,2,0.8012062311172485,-0.02883429452776909,-0.026063455268740654,0.0,-0.03300000727176666,548,487,1334,953,2128,3.214662790298462
2026-04-07T11:38:25.837,radio://0/80/2M,range,1,2,Scan,4218,0,0,0,0.0,0,0,0.0,0.0,68922,0,2,0.8012062311172485,-0.02883429452776909,-0.026063455268740654,0.0,-0.03300000727176666,569,445,1499,1110,2137,3.2041056156158447
2026-04-07T11:38:26.082,radio://0/80/2M,mission,1,2,Scan,4218,0,0,0,0.0,0,0,0.0,0.0,68922,0,2,0.7958956956863403,-0.02883429452776909,-0.026063455268740654,0.0,-0.03300000727176666,569,445,1499,1110,2137,3.2041056156158447
2026-04-07T11:38:26.085,radio://0/80/2M,flow,1,2,Scan,4218,0,0,0,0.0,0,0,0.0,0.0,69172,-1,0,0.7958956956863403,0.02736734040081501,0.058319464325904846,0.0,-0.05339999496936798,569,445,1499,1110,2137,3.2041056156158447
2026-04-07T11:38:26.086,radio://0/80/2M,range,1,2,Scan,4218,0,0,0,0.0,0,0,0.0,0.0,69172,-1,0,0.7958956956863403,0.02736734040081501,0.058319464325904846,0.0,-0.05339999496936798,534,411,32766,32766,2139,3.2093842029571533
2026-04-07T11:38:26.334,radio://0/80/2M,mission,1,2,Scan,4218,0,0,0,0.0,0,0,0.0,0.0,69172,-1,0,0.8002915978431702,0.02736734040081501,0.058319464325904846,0.0,-0.05339999496936798,534,411,32766,32766,2139,3.2093842029571533
2026-04-07T11:38:26.335,radio://0/80/2M,flow,1,2,Scan,4218,0,0,0,0.0,0,0,0.0,0.0,69422,0,0,0.8002915978431702,-0.013388365507125854,0.017457744106650352,0.0,-0.06179999187588692,534,411,32766,32766,2139,3.2093842029571533
2026-04-07T11:38:26.337,radio://0/80/2M,range,1,2,Scan,4218,0,0,0,0.0,0,0,0.0,0.0,69422,0,0,0.8002915978431702,-0.013388365507125854,0.017457744106650352,0.0,-0.06179999187588692,540,397,32766,32766,2128,3.2093842029571533
2026-04-07T11:38:26.582,radio://0/80/2M,mission,1,2,Scan,4218,0,0,0,0.0,0,0,0.0,0.0,69422,0,0,0.8054617643356323,-0.013388365507125854,0.017457744106650352,0.0,-0.06179999187588692,540,397,32766,32766,2128,3.2093842029571533
2026-04-07T11:38:26.584,radio://0/80/2M,flow,1,2,Scan,4218,0,0,0,0.0,0,0,0.0,0.0,69672,-2,8,0.8054617643356323,-0.045051008462905884,-0.018294787034392357,0.0,-0.0575999952852726,540,397,32766,32766,2128,3.2093842029571533
2026-04-07T11:38:26.586,radio://0/80/2M,range,1,2,Scan,4218,0,0,0,0.0,0,0,0.0,0.0,69672,-2,8,0.8054617643356323,-0.045051008462905884,-0.018294787034392357,0.0,-0.0575999952852726,556,404,32766,32766,2125,3.214662790298462
2026-04-07T11:38:26.833,radio://0/80/2M,mission,1,2,Scan,4218,0,0,0,0.0,0,0,0.0,0.0,69672,-2,8,0.8017787933349609,-0.045051008462905884,-0.018294787034392357,0.0,-0.0575999952852726,556,404,32766,32766,2125,3.214662790298462
2026-04-07T11:38:26.836,radio://0/80/2M,flow,1,2,Scan,4218,0,0,0,0.0,0,0,0.0,0.0,69922,0,0,0.8017787933349609,-0.012976465746760368,-0.013059549033641815,0.0,-0.03480000048875809,556,404,32766,32766,2125,3.214662790298462
2026-04-07T11:38:26.837,radio://0/80/2M,range,1,2,Scan,4218,0,0,0,0.0,0,0,0.0,0.0,69922,0,0,0.8017787933349609,-0.012976465746760368,-0.013059549033641815,0.0,-0.03480000048875809,561,442,2428,32766,2124,3.1829912662506104
2026-04-07T11:38:27.082,radio://0/80/2M,mission,1,2,Scan,4218,0,0,0,0.0,0,0,0.0,0.0,69922,0,0,0.7987784147262573,-0.012976465746760368,-0.013059549033641815,0.0,-0.03480000048875809,561,442,2428,32766,2124,3.1829912662506104
2026-04-07T11:38:27.085,radio://0/80/2M,flow,1,2,Scan,4218,0,0,0,0.0,0,0,0.0,0.0,70172,0,0,0.7987784147262573,-0.0010531784500926733,-0.004166106693446636,0.0,-0.007199997082352638,561,442,2428,32766,2124,3.1829912662506104
2026-04-07T11:38:27.086,radio://0/80/2M,range,1,2,Scan,4218,0,0,0,0.0,0,0,0.0,0.0,70172,0,0,0.7987784147262573,-0.0010531784500926733,-0.004166106693446636,0.0,-0.007199997082352638,596,488,32766,32766,2135,3.188269853591919
2026-04-07T11:38:27.332,radio://0/80/2M,mission,1,2,Scan,4218,0,0,0,0.0,0,0,0.0,0.0,70172,0,0,0.7991617918014526,-0.0010531784500926733,-0.004166106693446636,0.0,-0.007199997082352638,596,488,32766,32766,2135,3.188269853591919
2026-04-07T11:38:27.335,radio://0/80/2M,flow,1,2,Scan,4218,0,0,0,0.0,0,0,0.0,0.0,70422,0,0,0.7991617918014526,-0.0057639796286821365,0.03885488584637642,0.0,0.0,596,488,32766,32766,2135,3.188269853591919
2026-04-07T11:38:27.336,radio://0/80/2M,range,1,2,Scan,4218,0,0,0,0.0,0,0,0.0,0.0,70422,0,0,0.7991617918014526,-0.0057639796286821365,0.03885488584637642,0.0,0.0,641,545,760,32766,2132,3.172434091567993
2026-04-07T11:38:27.581,radio://0/80/2M,mission,1,2,Scan,4218,0,0,0,0.0,0,0,0.0,0.0,70422,0,0,0.7955078482627869,-0.0057639796286821365,0.03885488584637642,0.0,0.0,641,545,760,32766,2132,3.172434091567993
2026-04-07T11:38:27.585,radio://0/80/2M,flow,1,2,Scan,4218,0,0,0,0.0,0,0,0.0,0.0,70672,0,0,0.7955078482627869,-0.059777118265628815,-0.053219474852085114,0.0,0.0,641,545,760,32766,2132,3.172434091567993
2026-04-07T11:38:27.586,radio://0/80/2M,range,1,2,Scan,4218,0,0,0,0.0,0,0,0.0,0.0,70672,0,0,0.7955078482627869,-0.059777118265628815,-0.053219474852085114,0.0,0.0,645,605,650,1347,2134,3.1777126789093018
2026-04-07T11:38:27.832,radio://0/80/2M,mission,1,2,Scan,4218,0,0,0,0.0,0,0,0.0,0.0,70672,0,0,0.7992099523544312,-0.059777118265628815,-0.053219474852085114,0.0,0.0,645,605,650,1347,2134,3.1777126789093018
2026-04-07T11:38:27.834,radio://0/80/2M,flow,1,2,Scan,4218,0,0,0,0.0,0,0,0.0,0.0,70922,0,-1,0.7992099523544312,-0.15304704010486603,-0.027144644409418106,0.0,0.0,645,605,650,1347,2134,3.1777126789093018
2026-04-07T11:38:27.835,radio://0/80/2M,range,1,2,Scan,4218,0,0,0,0.0,0,0,0.0,0.0,70922,0,-1,0.7992099523544312,-0.15304704010486603,-0.027144644409418106,0.0,0.0,570,788,541,1322,2140,3.1829912662506104
2026-04-07T11:38:28.081,radio://0/80/2M,mission,1,2,Scan,4218,0,0,0,0.0,0,0,0.0,0.0,70922,0,-1,0.7961778044700623,-0.15304704010486603,-0.027144644409418106,0.0,0.0,570,788,541,1322,2140,3.1829912662506104
2026-04-07T11:38:28.084,radio://0/80/2M,flow,1,2,Scan,4218,0,0,0,0.0,0,0,0.0,0.0,71172,-4,0,0.7961778044700623,-0.24622805416584015,0.04152216017246246,0.0,0.0,570,788,541,1322,2140,3.1829912662506104
2026-04-07T11:38:28.085,radio://0/80/2M,range,1,2,Scan,4218,0,0,0,0.0,0,0,0.0,0.0,71172,-4,0,0.7961778044700623,-0.24622805416584015,0.04152216017246246,0.0,0.0,520,924,534,1475,2143,3.1829912662506104
2026-04-07T11:38:28.331,radio://0/80/2M,mission,1,2,Scan,4218,0,0,0,0.0,0,0,0.0,0.0,71172,-4,0,0.7910952568054199,-0.24622805416584015,0.04152216017246246,0.0,0.0,520,924,534,1475,2143,3.1829912662506104
2026-04-07T11:38:28.334,radio://0/80/2M,flow,1,2,Scan,4218,0,0,0,0.0,0,0,0.0,0.0,71422,0,4,0.7910952568054199,-0.19818329811096191,0.030965624377131462,-0.00839999970048666,0.0,520,924,534,1475,2143,3.1829912662506104
2026-04-07T11:38:28.335,radio://0/80/2M,range,1,2,Scan,4218,0,0,0,0.0,0,0,0.0,0.0,71422,0,4,0.7910952568054199,-0.19818329811096191,0.030965624377131462,-0.00839999970048666,0.0,486,1107,557,32766,2137,3.1671555042266846
2026-04-07T11:38:28.581,radio://0/80/2M,mission,1,2,Scan,4218,0,0,0,0.0,0,0,0.0,0.0,71422,0,4,0.7923778891563416,-0.19818329811096191,0.030965624377131462,-0.00839999970048666,0.0,486,1107,557,32766,2137,3.1671555042266846
2026-04-07T11:38:28.583,radio://0/80/2M,flow,1,2,Scan,4218,0,0,0,0.0,0,0,0.0,0.0,71672,0,0,0.7923778891563416,-0.05332360789179802,0.00894185435026884,-0.03300000727176666,0.0,486,1107,557,32766,2137,3.1671555042266846
2026-04-07T11:38:28.585,radio://0/80/2M,range,1,2,Scan,4218,0,0,0,0.0,0,0,0.0,0.0,71672,0,0,0.7923778891563416,-0.05332360789179802,0.00894185435026884,-0.03300000727176666,0.0,445,32766,565,32766,2135,3.1777126789093018
2026-04-07T11:38:28.831,radio://0/80/2M,mission,1,2,Scan,4218,0,0,0,0.0,0,0,0.0,0.0,71672,0,0,0.7926678657531738,-0.05332360789179802,0.00894185435026884,-0.03300000727176666,0.0,445,32766,565,32766,2135,3.1777126789093018
2026-04-07T11:38:28.834,radio://0/80/2M,flow,1,2,Scan,4218,0,0,0,0.0,0,0,0.0,0.0,71922,0,-1,0.7926678657531738,0.08699540793895721,0.015971526503562927,-0.05400000512599945,0.0,445,32766,565,32766,2135,3.1777126789093018
2026-04-07T11:38:28.835,radio://0/80/2M,range,1,2,Scan,4218,0,0,0,0.0,0,0,0.0,0.0,71922,0,-1,0.7926678657531738,0.08699540793895721,0.015971526503562927,-0.05400000512599945,0.0,410,32766,559,32766,2143,3.1671555042266846
2026-04-07T11:38:29.080,radio://0/80/2M,mission,1,2,Scan,4218,0,0,0,0.0,0,0,0.0,0.0,71922,0,-1,0.8003894090652466,0.08699540793895721,0.015971526503562927,-0.05400000512599945,0.0,410,32766,559,32766,2143,3.1671555042266846
2026-04-07T11:38:29.083,radio://0/80/2M,flow,1,2,Scan,4218,0,0,0,0.0,0,0,0.0,0.0,72172,0,-4,0.8003894090652466,0.05725957825779915,0.04041812941431999,-0.08580000698566437,0.0,410,32766,559,32766,2143,3.1671555042266846
2026-04-07T11:38:29.085,radio://0/80/2M,range,1,2,Scan,4218,0,0,0,0.0,0,0,0.0,0.0,72172,0,-4,0.8003894090652466,0.05725957825779915,0.04041812941431999,-0.08580000698566437,0.0,357,32766,565,2537,2134,3.1829912662506104
2026-04-07T11:38:29.330,radio://0/80/2M,mission,1,2,Scan,4218,0,0,0,0.0,0,0,0.0,0.0,72172,0,-4,0.8022740483283997,0.05725957825779915,0.04041812941431999,-0.08580000698566437,0.0,357,32766,565,2537,2134,3.1829912662506104
2026-04-07T11:38:29.333,radio://0/80/2M,flow,1,2,Scan,4481,0,0,0,0.0,0,0,0.0,0.0,72422,0,0,0.8022740483283997,-0.0021055168472230434,-0.04093744978308678,-0.09059999883174896,0.0,357,32766,565,2537,2134,3.1829912662506104
2026-04-07T11:38:29.335,radio://0/80/2M,range,1,2,Scan,4481,0,0,0,0.0,0,0,0.0,0.0,72422,0,0,0.8022740483283997,-0.0021055168472230434,-0.04093744978308678,-0.09059999883174896,0.0,349,32766,611,2493,2134,3.172434091567993
2026-04-07T11:38:29.580,radio://0/80/2M,mission,1,2,Scan,4481,0,0,0,0.0,0,0,0.0,0.0,72422,0,0,0.7958388328552246,-0.0021055168472230434,-0.04093744978308678,-0.09059999883174896,0.0,349,32766,611,2493,2134,3.172434091567993
2026-04-07T11:38:29.583,radio://0/80/2M,flow,1,2,Scan,4481,0,0,0,0.0,0,0,0.0,0.0,72672,0,4,0.7958388328552246,-0.0020595972891896963,-0.09783773124217987,-0.08820001035928726,0.0,349,32766,611,2493,2134,3.172434091567993
2026-04-07T11:38:29.584,radio://0/80/2M,range,1,2,Scan,4481,0,0,0,0.0,0,0,0.0,0.0,72672,0,4,0.7958388328552246,-0.0020595972891896963,-0.09783773124217987,-0.08820001035928726,0.0,353,32766,637,930,2135,3.172434091567993
2026-04-07T11:38:29.830,radio://0/80/2M,mission,1,2,Scan,4481,0,0,0,0.0,0,0,0.0,0.0,72672,0,4,0.7949292659759521,-0.0020595972891896963,-0.09783773124217987,-0.08820001035928726,0.0,353,32766,637,930,2135,3.172434091567993
2026-04-07T11:38:29.833,radio://0/80/2M,flow,1,2,Scan,4481,0,0,0,0.0,0,0,0.0,0.0,72922,0,1,0.7949292659759521,0.06422998011112213,-0.08637567609548569,-0.06960000097751617,0.0,353,32766,637,930,2135,3.172434091567993
2026-04-07T11:38:29.834,radio://0/80/2M,range,1,2,Scan,4481,0,0,0,0.0,0,0,0.0,0.0,72922,0,1,0.7949292659759521,0.06422998011112213,-0.08637567609548569,-0.06960000097751617,0.0,384,32766,536,833,2138,3.1671555042266846
2026-04-07T11:38:30.080,radio://0/80/2M,mission,1,2,Scan,4481,0,0,0,0.0,0,0,0.0,0.0,72922,0,1,0.8021179437637329,0.06422998011112213,-0.08637567609548569,-0.06960000097751617,0.0,384,32766,536,833,2138,3.1671555042266846
2026-04-07T11:38:30.084,radio://0/80/2M,flow,1,2,Scan,4481,0,0,0,0.0,0,0,0.0,0.0,73172,-2,0,0.8021179437637329,-0.03153187036514282,-0.053092073649168015,-0.03779999911785126,0.039000000804662704,384,32766,536,833,2138,3.1671555042266846
2026-04-07T11:38:30.085,radio://0/80/2M,range,1,2,Scan,4481,0,0,0,0.0,0,0,0.0,0.0,73172,-2,0,0.8021179437637329,-0.03153187036514282,-0.053092073649168015,-0.03779999911785126,0.039000000804662704,437,1541,435,720,2134,3.1935484409332275
2026-04-07T11:38:30.330,radio://0/80/2M,mission,1,2,Scan,4481,0,0,0,0.0,0,0,0.0,0.0,73172,-2,0,0.8063789010047913,-0.03153187036514282,-0.053092073649168015,-0.03779999911785126,0.039000000804662704,437,1541,435,720,2134,3.1935484409332275
2026-04-07T11:38:30.332,radio://0/80/2M,flow,1,2,Scan,4761,0,0,0,0.0,0,0,0.0,0.0,73422,-3,-6,0.8063789010047913,-0.07989878952503204,0.0021538003347814083,-0.0029999972321093082,0.09059999883174896,437,1541,435,720,2134,3.1935484409332275
2026-04-07T11:38:30.333,radio://0/80/2M,range,1,2,Scan,4761,0,0,0,0.0,0,0,0.0,0.0,73422,-3,-6,0.8063789010047913,-0.07989878952503204,0.0021538003347814083,-0.0029999972321093082,0.09059999883174896,495,1426,349,692,2128,3.1829912662506104
2026-04-07T11:38:30.580,radio://0/80/2M,mission,1,2,Scan,4761,0,0,0,0.0,0,0,0.0,0.0,73422,-3,-6,0.7976217865943909,-0.07989878952503204,0.0021538003347814083,-0.0029999972321093082,0.09059999883174896,495,1426,349,692,2128,3.1829912662506104
2026-04-07T11:38:30.583,radio://0/80/2M,flow,1,2,Scan,5058,0,0,0,0.0,0,0,0.0,0.0,73672,0,-3,0.7976217865943909,-0.0756889134645462,0.013526657596230507,0.0,0.11580000072717667,495,1426,349,692,2128,3.1829912662506104
2026-04-07T11:38:30.584,radio://0/80/2M,range,1,2,Scan,5058,0,0,0,0.0,0,0,0.0,0.0,73672,0,-3,0.7976217865943909,-0.0756889134645462,0.013526657596230507,0.0,0.11580000072717667,624,1388,307,690,2137,3.1777126789093018
2026-04-07T11:38:30.828,radio://0/80/2M,mission,1,2,Scan,5058,0,0,0,0.0,0,0,0.0,0.0,73672,0,-3,0.7920424938201904,-0.0756889134645462,0.013526657596230507,0.0,0.11580000072717667,624,1388,307,690,2137,3.1777126789093018
2026-04-07T11:38:30.832,radio://0/80/2M,flow,1,2,Scan,5058,0,0,0,0.0,0,0,0.0,0.0,73922,1,-3,0.7920424938201904,-0.08319180458784103,-0.005616921465843916,0.0,0.147599995136261,624,1388,307,690,2137,3.1777126789093018
2026-04-07T11:38:30.833,radio://0/80/2M,range,1,2,Scan,5058,0,0,0,0.0,0,0,0.0,0.0,73922,1,-3,0.7920424938201904,-0.08319180458784103,-0.005616921465843916,0.0,0.147599995136261,750,1445,254,704,2144,3.172434091567993
2026-04-07T11:38:31.083,radio://0/80/2M,mission,1,2,Scan,5058,0,0,0,0.0,0,0,0.0,0.0,73922,1,-3,0.7964388728141785,-0.08319180458784103,-0.005616921465843916,0.0,0.147599995136261,750,1445,254,704,2144,3.172434091567993
2026-04-07T11:38:31.084,radio://0/80/2M,flow,1,2,Scan,5058,0,0,0,0.0,0,0,0.0,0.0,74172,0,-1,0.7964388728141785,-0.05731530487537384,-0.06495539098978043,0.0,0.15780001878738403,750,1445,254,704,2144,3.172434091567993
2026-04-07T11:38:31.085,radio://0/80/2M,range,1,2,Scan,5058,0,0,0,0.0,0,0,0.0,0.0,74172,0,-1,0.7964388728141785,-0.05731530487537384,-0.06495539098978043,0.0,0.15780001878738403,32766,32766,237,733,2138,3.188269853591919
2026-04-07T11:38:31.330,radio://0/80/2M,mission,1,2,Scan,5058,0,0,0,0.0,0,0,0.0,0.0,74172,0,-1,0.8021495342254639,-0.05731530487537384,-0.06495539098978043,0.0,0.15780001878738403,32766,32766,237,733,2138,3.188269853591919
2026-04-07T11:38:31.333,radio://0/80/2M,flow,1,2,Scan,5058,0,0,0,0.0,0,0,0.0,0.0,74422,0,0,0.8021495342254639,-0.04371006786823273,-0.1433022916316986,0.0,0.15060000121593475,32766,32766,237,733,2138,3.188269853591919
2026-04-07T11:38:31.334,radio://0/80/2M,range,1,2,Scan,5058,0,0,0,0.0,0,0,0.0,0.0,74422,0,0,0.8021495342254639,-0.04371006786823273,-0.1433022916316986,0.0,0.15060000121593475,32766,32766,249,765,2138,3.1829912662506104
2026-04-07T11:38:31.579,radio://0/80/2M,mission,1,2,Scan,5058,0,0,0,0.0,0,0,0.0,0.0,74422,0,0,0.802388072013855,-0.04371006786823273,-0.1433022916316986,0.0,0.15060000121593475,32766,32766,249,765,2138,3.1829912662506104
2026-04-07T11:38:31.583,radio://0/80/2M,flow,1,2,Scan,5374,0,0,0,0.0,0,0,0.0,0.0,74672,0,-3,0.802388072013855,-0.04232462868094444,-0.16323117911815643,0.0,0.13740000128746033,32766,32766,249,765,2138,3.1829912662506104
2026-04-07T11:38:31.584,radio://0/80/2M,range,1,2,Scan,5374,0,0,0,0.0,0,0,0.0,0.0,74672,0,-3,0.802388072013855,-0.04232462868094444,-0.16323117911815643,0.0,0.13740000128746033,32766,32766,271,836,2124,3.1829912662506104
2026-04-07T11:38:31.828,radio://0/80/2M,mission,1,2,Scan,5374,0,0,0,0.0,0,0,0.0,0.0,74672,0,-3,0.8012070655822754,-0.04232462868094444,-0.16323117911815643,0.0,0.13740000128746033,32766,32766,271,836,2124,3.1829912662506104
2026-04-07T11:38:31.831,radio://0/80/2M,flow,1,2,Scan,5374,0,0,0,0.0,0,0,0.0,0.0,74922,0,0,0.8012070655822754,0.05360720679163933,-0.20627376437187195,0.0,0.11640001088380814,32766,32766,271,836,2124,3.1829912662506104
2026-04-07T11:38:31.833,radio://0/80/2M,range,1,2,Scan,5374,0,0,0,0.0,0,0,0.0,0.0,74922,0,0,0.8012070655822754,0.05360720679163933,-0.20627376437187195,0.0,0.11640001088380814,32766,32766,306,816,2127,3.172434091567993
2026-04-07T11:38:32.078,radio://0/80/2M,mission,1,2,Scan,5374,0,0,0,0.0,0,0,0.0,0.0,74922,0,0,0.8021333813667297,0.05360720679163933,-0.20627376437187195,0.0,0.11640001088380814,32766,32766,306,816,2127,3.172434091567993
2026-04-07T11:38:32.081,radio://0/80/2M,flow,1,2,Scan,5374,0,0,0,0.0,0,0,0.0,0.0,75172,-2,0,0.8021333813667297,0.030386092141270638,-0.12432575970888138,0.0,0.0966000109910965,32766,32766,306,816,2127,3.172434091567993
2026-04-07T11:38:32.082,radio://0/80/2M,range,1,2,Scan,5374,0,0,0,0.0,0,0,0.0,0.0,75172,-2,0,0.8021333813667297,0.030386092141270638,-0.12432575970888138,0.0,0.0966000109910965,32766,32766,339,520,2130,3.1829912662506104
2026-04-07T11:38:32.328,radio://0/80/2M,mission,1,2,Scan,5374,0,0,0,0.0,0,0,0.0,0.0,75172,-2,0,0.8026497960090637,0.030386092141270638,-0.12432575970888138,0.0,0.0966000109910965,32766,32766,339,520,2130,3.1829912662506104
2026-04-07T11:38:32.331,radio://0/80/2M,flow,1,2,Scan,5374,0,0,0,0.0,0,0,0.0,0.0,75422,0,0,0.8026497960090637,0.07354523241519928,-0.11477944254875183,0.03840000927448273,0.05400000512599945,32766,32766,339,520,2130,3.1829912662506104
2026-04-07T11:38:32.332,radio://0/80/2M,range,1,2,Scan,5374,0,0,0,0.0,0,0,0.0,0.0,75422,0,0,0.8026497960090637,0.07354523241519928,-0.11477944254875183,0.03840000927448273,0.05400000512599945,32766,32766,410,436,2127,3.161876916885376
2026-04-07T11:38:32.577,radio://0/80/2M,mission,1,2,Scan,5374,0,0,0,0.0,0,0,0.0,0.0,75422,0,0,0.8018798828125,0.07354523241519928,-0.11477944254875183,0.03840000927448273,0.05400000512599945,32766,32766,410,436,2127,3.161876916885376
2026-04-07T11:38:32.580,radio://0/80/2M,flow,1,2,Scan,5374,0,0,0,0.0,0,0,0.0,0.0,75672,0,0,0.8018798828125,0.006721808109432459,-0.07903889566659927,0.08760000020265579,0.018000001087784767,32766,32766,410,436,2127,3.161876916885376
2026-04-07T11:38:32.582,radio://0/80/2M,range,1,2,Scan,5374,0,0,0,0.0,0,0,0.0,0.0,75672,0,0,0.8018798828125,0.006721808109432459,-0.07903889566659927,0.08760000020265579,0.018000001087784767,1374,1123,470,354,2123,3.172434091567993
2026-04-07T11:38:32.828,radio://0/80/2M,mission,1,2,Scan,5374,0,0,0,0.0,0,0,0.0,0.0,75672,0,0,0.8052799105644226,0.006721808109432459,-0.07903889566659927,0.08760000020265579,0.018000001087784767,1374,1123,470,354,2123,3.172434091567993
2026-04-07T11:38:32.830,radio://0/80/2M,flow,1,2,Scan,5374,0,0,0,0.0,0,0,0.0,0.0,75922,0,-1,0.8052799105644226,-0.12059620022773743,0.0363607294857502,0.09779999405145645,0.0,1374,1123,470,354,2123,3.172434091567993
2026-04-07T11:38:32.832,radio://0/80/2M,range,1,2,Scan,5374,0,0,0,0.0,0,0,0.0,0.0,75922,0,-1,0.8052799105644226,-0.12059620022773743,0.0363607294857502,0.09779999405145645,0.0,1307,1106,576,337,2131,3.1777126789093018
2026-04-07T11:38:33.077,radio://0/80/2M,mission,1,2,Scan,5374,0,0,0,0.0,0,0,0.0,0.0,75922,0,-1,0.8051166534423828,-0.12059620022773743,0.0363607294857502,0.09779999405145645,0.0,1307,1106,576,337,2131,3.1777126789093018
2026-04-07T11:38:33.080,radio://0/80/2M,flow,1,2,Scan,5374,0,0,0,0.0,0,0,0.0,0.0,76172,2,-4,0.8051166534423828,-0.15254826843738556,-0.041606687009334564,0.09960000962018967,0.0,1307,1106,576,337,2131,3.1777126789093018
2026-04-07T11:38:33.081,radio://0/80/2M,range,1,2,Scan,5374,0,0,0,0.0,0,0,0.0,0.0,76172,2,-4,0.8051166534423828,-0.15254826843738556,-0.041606687009334564,0.09960000962018967,0.0,1207,1117,656,334,2133,3.1829912662506104
2026-04-07T11:38:33.327,radio://0/80/2M,mission,1,2,Scan,5374,0,0,0,0.0,0,0,0.0,0.0,76172,2,-4,0.7988608479499817,-0.15254826843738556,-0.041606687009334564,0.09960000962018967,0.0,1207,1117,656,334,2133,3.1829912662506104
2026-04-07T11:38:33.330,radio://0/80/2M,flow,1,2,Scan,4725,0,0,0,0.0,0,0,0.0,0.0,76422,0,-3,0.7988608479499817,-0.122432179749012,-0.09543509781360626,0.08760000020265579,0.0,1207,1117,656,334,2133,3.1829912662506104
2026-04-07T11:38:33.331,radio://0/80/2M,range,1,2,Scan,4725,0,0,0,0.0,0,0,0.0,0.0,76422,0,-3,0.7988608479499817,-0.122432179749012,-0.09543509781360626,0.08760000020265579,0.0,1126,1121,32766,354,2137,3.1407625675201416
2026-04-07T11:38:33.577,radio://0/80/2M,mission,1,2,Scan,4725,0,0,0,0.0,0,0,0.0,0.0,76422,0,-3,0.7890638113021851,-0.122432179749012,-0.09543509781360626,0.08760000020265579,0.0,1126,1121,32766,354,2137,3.1407625675201416
2026-04-07T11:38:33.580,radio://0/80/2M,flow,1,2,Scan,4725,0,0,0,0.0,0,0,0.0,0.0,76672,-2,0,0.7890638113021851,-0.04232575744390488,-0.13025295734405518,0.06419999897480011,0.02040000632405281,1126,1121,32766,354,2137,3.1407625675201416
2026-04-07T11:38:33.581,radio://0/80/2M,range,1,2,Scan,4725,0,0,0,0.0,0,0,0.0,0.0,76672,-2,0,0.7890638113021851,-0.04232575744390488,-0.13025295734405518,0.06419999897480011,0.02040000632405281,1054,1121,466,393,2145,3.151319742202759
2026-04-07T11:38:33.827,radio://0/80/2M,mission,1,2,Scan,4725,0,0,0,0.0,0,0,0.0,0.0,76672,-2,0,0.7908920645713806,-0.04232575744390488,-0.13025295734405518,0.06419999897480011,0.02040000632405281,1054,1121,466,393,2145,3.151319742202759
2026-04-07T11:38:33.830,radio://0/80/2M,flow,1,2,Scan,4725,0,0,0,0.0,0,0,0.0,0.0,76922,0,0,0.7908920645713806,-0.014409370720386505,-0.11841043084859848,0.035399992018938065,0.0,1054,1121,466,393,2145,3.151319742202759
2026-04-07T11:38:33.831,radio://0/80/2M,range,1,2,Scan,4725,0,0,0,0.0,0,0,0.0,0.0,76922,0,0,0.7908920645713806,-0.014409370720386505,-0.11841043084859848,0.035399992018938065,0.0,1239,1118,535,441,2146,3.151319742202759
2026-04-07T11:38:34.077,radio://0/80/2M,mission,1,2,Scan,4725,0,0,0,0.0,0,0,0.0,0.0,76922,0,0,0.7976030707359314,-0.014409370720386505,-0.11841043084859848,0.035399992018938065,0.0,1239,1118,535,441,2146,3.151319742202759
2026-04-07T11:38:34.080,radio://0/80/2M,flow,1,2,Scan,4725,0,0,0,0.0,0,0,0.0,0.0,77172,1,0,0.7976030707359314,-0.0008425161358900368,-0.05274761840701103,0.0,0.0,1239,1118,535,441,2146,3.151319742202759
2026-04-07T11:38:34.081,radio://0/80/2M,range,1,2,Scan,4725,0,0,0,0.0,0,0,0.0,0.0,77172,1,0,0.7976030707359314,-0.0008425161358900368,-0.05274761840701103,0.0,0.0,32766,1147,32766,501,2139,3.161876916885376
2026-04-07T11:38:34.325,radio://0/80/2M,mission,1,2,Scan,4725,0,0,0,0.0,0,0,0.0,0.0,77172,1,0,0.8123555779457092,-0.0008425161358900368,-0.05274761840701103,0.0,0.0,32766,1147,32766,501,2139,3.161876916885376
2026-04-07T11:38:34.329,radio://0/80/2M,flow,1,2,Scan,4154,0,0,0,0.0,0,0,0.0,0.0,77422,0,-1,0.8123555779457092,0.2125484049320221,-0.047669559717178345,0.0,0.0,32766,1147,32766,501,2139,3.161876916885376
2026-04-07T11:38:34.330,radio://0/80/2M,range,1,2,Scan,4154,0,0,0,0.0,0,0,0.0,0.0,77422,0,-1,0.8123555779457092,0.2125484049320221,-0.047669559717178345,0.0,0.0,32766,1218,32766,525,2162,3.1565983295440674
2026-04-07T11:38:34.576,radio://0/80/2M,mission,1,2,Scan,4154,0,0,0,0.0,0,0,0.0,0.0,77422,0,-1,0.7986563444137573,0.2125484049320221,-0.047669559717178345,0.0,0.0,32766,1218,32766,525,2162,3.1565983295440674
2026-04-07T11:38:34.579,radio://0/80/2M,flow,1,2,Scan,4981,0,0,0,0.0,0,0,0.0,0.0,77672,-8,-4,0.7986563444137573,0.5903834104537964,-0.0681111291050911,0.0,0.0,32766,1218,32766,525,2162,3.1565983295440674
2026-04-07T11:38:34.580,radio://0/80/2M,range,1,2,Scan,4981,0,0,0,0.0,0,0,0.0,0.0,77672,-8,-4,0.7986563444137573,0.5903834104537964,-0.0681111291050911,0.0,0.0,32766,32766,32766,575,2190,3.161876916885376
2026-04-07T11:38:34.826,radio://0/80/2M,mission,1,2,Scan,4981,0,0,0,0.0,0,0,0.0,0.0,77672,-8,-4,0.7817132472991943,0.5903834104537964,-0.0681111291050911,0.0,0.0,32766,32766,32766,575,2190,3.161876916885376
2026-04-07T11:38:34.829,radio://0/80/2M,flow,1,2,Scan,5535,0,0,0,0.0,0,0,0.0,0.0,77922,-7,0,0.7817132472991943,0.5880600214004517,0.009954101406037807,0.0,0.0,32766,32766,32766,575,2190,3.161876916885376
2026-04-07T11:38:34.830,radio://0/80/2M,range,1,2,Scan,5535,0,0,0,0.0,0,0,0.0,0.0,77922,-7,0,0.7817132472991943,0.5880600214004517,0.009954101406037807,0.0,0.0,32766,672,32766,601,2148,3.188269853591919
2026-04-07T11:38:35.076,radio://0/80/2M,mission,1,2,Scan,5535,0,0,0,0.0,0,0,0.0,0.0,77922,-7,0,0.817893385887146,0.5880600214004517,0.009954101406037807,0.0,0.0,32766,672,32766,601,2148,3.188269853591919
2026-04-07T11:38:35.080,radio://0/80/2M,flow,1,2,Scan,4866,0,0,0,0.0,0,0,0.0,0.0,78172,0,0,0.817893385887146,0.3025316596031189,0.022996746003627777,0.0,0.0,32766,672,32766,601,2148,3.188269853591919
2026-04-07T11:38:35.081,radio://0/80/2M,range,1,2,Scan,4866,0,0,0,0.0,0,0,0.0,0.0,78172,0,0,0.817893385887146,0.3025316596031189,0.022996746003627777,0.0,0.0,904,587,1323,652,2142,3.2463343143463135
2026-04-07T11:38:35.325,radio://0/80/2M,mission,1,2,Scan,4866,0,0,0,0.0,0,0,0.0,0.0,78172,0,0,0.8047500848770142,0.3025316596031189,0.022996746003627777,0.0,0.0,904,587,1323,652,2142,3.2463343143463135
2026-04-07T11:38:35.328,radio://0/80/2M,flow,1,2,Scan,4866,0,0,0,0.0,0,0,0.0,0.0,78422,3,2,0.8047500848770142,-0.027165936306118965,0.014241027645766735,0.0,0.0,904,587,1323,652,2142,3.2463343143463135
2026-04-07T11:38:35.329,radio://0/80/2M,range,1,2,Scan,4866,0,0,0,0.0,0,0,0.0,0.0,78422,3,2,0.8047500848770142,-0.027165936306118965,0.014241027645766735,0.0,0.0,793,510,1251,750,2138,3.1777126789093018
2026-04-07T11:38:35.575,radio://0/80/2M,mission,1,5,Transition,4866,0,0,0,0.0,0,0,0.0,0.0,78422,3,2,0.7855626344680786,-0.027165936306118965,0.014241027645766735,0.0,0.0,793,510,1251,750,2138,3.1777126789093018
2026-04-07T11:38:35.578,radio://0/80/2M,flow,1,5,Transition,4866,0,0,0,0.0,0,0,0.0,0.0,78672,0,0,0.7855626344680786,-0.1129746064543724,0.045617226511240005,0.0,0.0,793,510,1251,750,2138,3.1777126789093018
2026-04-07T11:38:35.579,radio://0/80/2M,range,1,5,Transition,4866,0,0,0,0.0,0,0,0.0,0.0,78672,0,0,0.7855626344680786,-0.1129746064543724,0.045617226511240005,0.0,0.0,734,464,1211,1006,2147,3.1829912662506104
2026-04-07T11:38:35.825,radio://0/80/2M,mission,1,5,Transition,4866,0,0,0,0.0,0,0,0.0,0.0,78672,0,0,0.7964630722999573,-0.1129746064543724,0.045617226511240005,0.0,0.0,734,464,1211,1006,2147,3.1829912662506104
2026-04-07T11:38:35.828,radio://0/80/2M,flow,1,5,Transition,4866,0,0,0,0.0,0,0,0.0,0.0,78922,-1,0,0.7964630722999573,-0.031793396919965744,0.02655217982828617,0.0,0.0,734,464,1211,1006,2147,3.1829912662506104
2026-04-07T11:38:35.829,radio://0/80/2M,range,1,5,Transition,4866,0,0,0,0.0,0,0,0.0,0.0,78922,-1,0,0.7964630722999573,-0.031793396919965744,0.02655217982828617,0.0,0.0,722,455,32766,32766,2146,3.214662790298462
2026-04-07T11:38:36.080,radio://0/80/2M,mission,1,0,Reacquire Wall,4866,0,0,0,0.0,0,0,0.0,0.0,78922,-1,0,0.8032736778259277,-0.031793396919965744,0.02655217982828617,0.0,0.0,722,455,32766,32766,2146,3.214662790298462
2026-04-07T11:38:36.088,radio://0/80/2M,flow,1,0,Reacquire Wall,4866,0,0,0,0.0,0,0,0.0,0.0,79172,-2,0,0.8032736778259277,0.08250677585601807,-0.0354822538793087,0.0,0.0,722,455,32766,32766,2146,3.214662790298462
2026-04-07T11:38:36.089,radio://0/80/2M,range,1,0,Reacquire Wall,4866,0,0,0,0.0,0,0,0.0,0.0,79172,-2,0,0.8032736778259277,0.08250677585601807,-0.0354822538793087,0.0,0.0,679,469,32766,32766,2133,3.214662790298462
2026-04-07T11:38:36.325,radio://0/80/2M,mission,1,0,Reacquire Wall,4866,0,0,0,0.0,0,0,0.0,0.0,79172,-2,0,0.8043363094329834,0.08250677585601807,-0.0354822538793087,0.0,0.0,679,469,32766,32766,2133,3.214662790298462
2026-04-07T11:38:36.329,radio://0/80/2M,flow,1,0,Reacquire Wall,4277,0,0,0,0.0,0,0,0.0,0.0,79422,0,-1,0.8043363094329834,0.0851735845208168,-0.05140497162938118,0.0,0.0,679,469,32766,32766,2133,3.214662790298462
2026-04-07T11:38:36.330,radio://0/80/2M,range,1,0,Reacquire Wall,4277,0,0,0,0.0,0,0,0.0,0.0,79422,0,-1,0.8043363094329834,0.0851735845208168,-0.05140497162938118,0.0,0.0,631,499,32766,32766,2125,3.2041056156158447
2026-04-07T11:38:36.574,radio://0/80/2M,mission,1,0,Reacquire Wall,4277,0,0,0,0.0,0,0,0.0,0.0,79422,0,-1,0.8078569173812866,0.0851735845208168,-0.05140497162938118,0.0,0.0,631,499,32766,32766,2125,3.2041056156158447
2026-04-07T11:38:36.578,radio://0/80/2M,flow,1,0,Reacquire Wall,4277,0,0,0,0.0,0,0,0.0,0.0,79672,0,-1,0.8078569173812866,0.013846204616129398,-0.035698529332876205,0.0,0.0,631,499,32766,32766,2125,3.2041056156158447
2026-04-07T11:38:36.579,radio://0/80/2M,range,1,0,Reacquire Wall,4277,0,0,0,0.0,0,0,0.0,0.0,79672,0,-1,0.8078569173812866,0.013846204616129398,-0.035698529332876205,0.0,0.0,571,538,32766,1100,2129,3.2199413776397705
2026-04-07T11:38:36.824,radio://0/80/2M,mission,1,0,Reacquire Wall,4277,0,0,0,0.0,0,0,0.0,0.0,79672,0,-1,0.8031379580497742,0.013846204616129398,-0.035698529332876205,0.0,0.0,571,538,32766,1100,2129,3.2199413776397705
2026-04-07T11:38:36.827,radio://0/80/2M,flow,1,0,Reacquire Wall,4277,0,0,0,0.0,0,0,0.0,0.0,79922,-1,1,0.8031379580497742,-0.007718819659203291,0.012997041456401348,0.0,0.0,571,538,32766,1100,2129,3.2199413776397705
2026-04-07T11:38:36.828,radio://0/80/2M,range,1,0,Reacquire Wall,4277,0,0,0,0.0,0,0,0.0,0.0,79922,-1,1,0.8031379580497742,-0.007718819659203291,0.012997041456401348,0.0,0.0,538,560,32766,1189,2129,3.198827028274536
2026-04-07T11:38:37.074,radio://0/80/2M,mission,1,0,Reacquire Wall,4277,0,0,0,0.0,0,0,0.0,0.0,79922,-1,1,0.7994658350944519,-0.007718819659203291,0.012997041456401348,0.0,0.0,538,560,32766,1189,2129,3.198827028274536
2026-04-07T11:38:37.077,radio://0/80/2M,flow,1,0,Reacquire Wall,4277,0,0,0,0.0,0,0,0.0,0.0,80172,0,-10,0.7994658350944519,0.011318886652588844,-0.010768432170152664,-0.0008111995994113386,0.0,538,560,32766,1189,2129,3.198827028274536
2026-04-07T11:38:37.078,radio://0/80/2M,range,1,0,Reacquire Wall,4277,0,0,0,0.0,0,0,0.0,0.0,80172,0,-10,0.7994658350944519,0.011318886652588844,-0.010768432170152664,-0.0008111995994113386,0.0,474,557,32766,32766,2135,3.2041056156158447
2026-04-07T11:38:37.324,radio://0/80/2M,mission,1,0,Reacquire Wall,4277,0,0,0,0.0,0,0,0.0,0.0,80172,0,-10,0.8050560355186462,0.011318886652588844,-0.010768432170152664,-0.0008111995994113386,0.0,474,557,32766,32766,2135,3.2041056156158447
2026-04-07T11:38:37.327,radio://0/80/2M,flow,1,0,Reacquire Wall,4544,0,0,0,0.0,0,0,0.0,0.0,80422,1,-2,0.8050560355186462,-0.0025880939792841673,-0.05595128610730171,-0.015052798204123974,0.0,474,557,32766,32766,2135,3.2041056156158447
2026-04-07T11:38:37.328,radio://0/80/2M,range,1,0,Reacquire Wall,4544,0,0,0,0.0,0,0,0.0,0.0,80422,1,-2,0.8050560355186462,-0.0025880939792841673,-0.05595128610730171,-0.015052798204123974,0.0,388,539,1767,1199,2134,3.214662790298462
2026-04-07T11:38:37.573,radio://0/80/2M,mission,1,0,Reacquire Wall,4544,0,0,0,0.0,0,0,0.0,0.0,80422,1,-2,0.8077204823493958,-0.0025880939792841673,-0.05595128610730171,-0.015052798204123974,0.0,388,539,1767,1199,2134,3.214662790298462
2026-04-07T11:38:37.576,radio://0/80/2M,flow,1,0,Reacquire Wall,4828,0,0,0,0.0,0,0,0.0,0.0,80672,0,-1,0.8077204823493958,-0.04347660019993782,0.0025775348767638206,-0.13872000575065613,0.0,388,539,1767,1199,2134,3.214662790298462
2026-04-07T11:38:37.578,radio://0/80/2M,range,1,0,Reacquire Wall,4828,0,0,0,0.0,0,0,0.0,0.0,80672,0,-1,0.8077204823493958,-0.04347660019993782,0.0025775348767638206,-0.13872000575065613,0.0,160,568,1633,32766,2135,3.214662790298462
2026-04-07T11:38:37.824,radio://0/80/2M,mission,1,0,Reacquire Wall,4828,0,0,0,0.0,0,0,0.0,0.0,80672,0,-1,0.8178393840789795,-0.04347660019993782,0.0025775348767638206,-0.13872000575065613,0.0,160,568,1633,32766,2135,3.214662790298462
2026-04-07T11:38:37.827,radio://0/80/2M,flow,1,0,Reacquire Wall,5449,0,0,0,0.0,0,0,0.0,0.0,80922,-3,0,0.8178393840789795,0.5614316463470459,0.12760324776172638,-0.13872000575065613,0.0,160,568,1633,32766,2135,3.214662790298462
2026-04-07T11:38:37.829,radio://0/80/2M,range,1,0,Reacquire Wall,5449,0,0,0,0.0,0,0,0.0,0.0,80922,-3,0,0.8178393840789795,0.5614316463470459,0.12760324776172638,-0.13872000575065613,0.0,160,532,32766,32766,2135,3.124926805496216
2026-04-07T11:38:38.075,radio://0/80/2M,mission,1,0,Reacquire Wall,5449,0,0,0,0.0,0,0,0.0,0.0,80922,-3,0,0.8541123867034912,0.5614316463470459,0.12760324776172638,-0.13872000575065613,0.0,160,532,32766,32766,2135,3.124926805496216
2026-04-07T11:38:38.078,radio://0/80/2M,flow,1,0,Reacquire Wall,5676,0,0,0,0.0,0,0,0.0,0.0,81172,10,26,0.8541123867034912,0.6629593372344971,-1.3936619758605957,0.0,0.0,160,532,32766,32766,2135,3.124926805496216
2026-04-07T11:38:38.079,radio://0/80/2M,range,1,0,Reacquire Wall,5676,0,0,0,0.0,0,0,0.0,0.0,81172,10,26,0.8541123867034912,0.6629593372344971,-1.3936619758605957,0.0,0.0,32766,32766,32766,32766,32766,3.1777126789093018
2026-04-07T11:38:38.325,radio://0/80/2M,mission,1,0,Reacquire Wall,5676,0,0,0,0.0,0,0,0.0,0.0,81172,10,26,0.8513932824134827,0.6629593372344971,-1.3936619758605957,0.0,0.0,32766,32766,32766,32766,32766,3.1777126789093018
2026-04-07T11:38:38.326,radio://0/80/2M,flow,1,0,Reacquire Wall,5984,0,0,0,0.0,0,0,0.0,0.0,81422,-4,21,0.8513932824134827,-0.007866909727454185,-0.7691709995269775,0.0,0.0,32766,32766,32766,32766,32766,3.1777126789093018
2026-04-07T11:38:38.328,radio://0/80/2M,range,1,0,Reacquire Wall,5984,0,0,0,0.0,0,0,0.0,0.0,81422,-4,21,0.8513932824134827,-0.007866909727454185,-0.7691709995269775,0.0,0.0,32766,32766,32766,32766,32766,3.1143696308135986
2026-04-07T11:38:38.573,radio://0/80/2M,mission,1,5,Transition,5984,0,0,0,0.0,0,0,0.0,0.0,81422,-4,21,0.7885722517967224,-0.007866909727454185,-0.7691709995269775,0.0,0.0,32766,32766,32766,32766,32766,3.1143696308135986
2026-04-07T11:38:38.576,radio://0/80/2M,flow,1,5,Transition,2589,0,0,0,0.0,0,0,0.0,0.0,81672,10,28,0.7885722517967224,-0.18250884115695953,0.3639147877693176,0.0,0.0,32766,32766,32766,32766,32766,3.1143696308135986
2026-04-07T11:38:38.577,radio://0/80/2M,range,1,5,Transition,2589,0,0,0,0.0,0,0,0.0,0.0,81672,10,28,0.7885722517967224,-0.18250884115695953,0.3639147877693176,0.0,0.0,32766,32766,32766,32766,32766,3.1671555042266846
2026-04-07T11:38:38.824,radio://0/80/2M,mission,1,5,Transition,2589,0,0,0,0.0,0,0,0.0,0.0,81672,10,28,0.764545738697052,-0.18250884115695953,0.3639147877693176,0.0,0.0,32766,32766,32766,32766,32766,3.1671555042266846
2026-04-07T11:38:38.826,radio://0/80/2M,flow,1,5,Transition,2419,0,0,0,0.0,0,0,0.0,0.0,81922,0,5,0.764545738697052,-0.07791037857532501,0.28210756182670593,0.0,0.0,32766,32766,32766,32766,32766,3.1671555042266846
2026-04-07T11:38:38.828,radio://0/80/2M,range,1,5,Transition,2419,0,0,0,0.0,0,0,0.0,0.0,81922,0,5,0.764545738697052,-0.07791037857532501,0.28210756182670593,0.0,0.0,32766,32766,32766,32766,32766,3.2041056156158447
2026-04-07T11:38:39.073,radio://0/80/2M,mission,1,1,Wall Follow,2419,0,0,0,0.0,0,0,0.0,0.0,81922,0,5,0.7846764922142029,-0.07791037857532501,0.28210756182670593,0.0,0.0,32766,32766,32766,32766,32766,3.2041056156158447
2026-04-07T11:38:39.076,radio://0/80/2M,flow,1,1,Wall Follow,2570,0,0,0,0.0,0,0,0.0,0.0,82172,5,-4,0.7846764922142029,-0.08363048732280731,-0.06643206626176834,0.0,0.0,32766,32766,32766,32766,32766,3.2041056156158447
2026-04-07T11:38:39.077,radio://0/80/2M,range,1,1,Wall Follow,2570,0,0,0,0.0,0,0,0.0,0.0,82172,5,-4,0.7846764922142029,-0.08363048732280731,-0.06643206626176834,0.0,0.0,32766,32766,32766,32766,32766,3.2463343143463135
2026-04-07T11:38:39.321,radio://0/80/2M,mission,1,1,Wall Follow,2570,0,0,0,0.0,0,0,0.0,0.0,82172,5,-4,0.7907396554946899,-0.08363048732280731,-0.06643206626176834,0.0,0.0,32766,32766,32766,32766,32766,3.2463343143463135
2026-04-07T11:38:39.325,radio://0/80/2M,flow,1,1,Wall Follow,2900,0,0,0,0.0,0,0,0.0,0.0,82422,3,-2,0.7907396554946899,-0.08284980803728104,-0.26054099202156067,0.0,0.0,32766,32766,32766,32766,32766,3.2463343143463135
2026-04-07T11:38:39.326,radio://0/80/2M,range,1,1,Wall Follow,2900,0,0,0,0.0,0,0,0.0,0.0,82422,3,-2,0.7907396554946899,-0.08284980803728104,-0.26054099202156067,0.0,0.0,32766,32766,32766,32766,32766,3.2463343143463135
2026-04-07T11:38:39.573,radio://0/80/2M,mission,1,1,Wall Follow,2900,0,0,0,0.0,0,0,0.0,0.0,82422,3,-2,0.7876114249229431,-0.08284980803728104,-0.26054099202156067,0.0,0.0,32766,32766,32766,32766,32766,3.2463343143463135
2026-04-07T11:38:39.575,radio://0/80/2M,flow,1,1,Wall Follow,3694,0,0,0,0.0,0,0,0.0,0.0,82672,3,-8,0.7876114249229431,-0.0948023572564125,-0.25564396381378174,0.0,0.0,32766,32766,32766,32766,32766,3.2463343143463135
2026-04-07T11:38:39.576,radio://0/80/2M,range,1,1,Wall Follow,3694,0,0,0,0.0,0,0,0.0,0.0,82672,3,-8,0.7876114249229431,-0.0948023572564125,-0.25564396381378174,0.0,0.0,32766,32766,32766,32766,32766,3.225219964981079
2026-04-07T11:38:39.822,radio://0/80/2M,mission,1,1,Wall Follow,3694,0,0,0,0.0,0,0,0.0,0.0,82672,3,-8,0.7629852294921875,-0.0948023572564125,-0.25564396381378174,0.0,0.0,32766,32766,32766,32766,32766,3.225219964981079
2026-04-07T11:38:39.825,radio://0/80/2M,flow,1,1,Wall Follow,3924,0,0,0,0.0,0,0,0.0,0.0,82922,2,-3,0.7629852294921875,-0.10880792886018753,-0.11889176815748215,0.0,0.0,32766,32766,32766,32766,32766,3.225219964981079
2026-04-07T11:38:39.826,radio://0/80/2M,range,1,1,Wall Follow,3924,0,0,0,0.0,0,0,0.0,0.0,82922,2,-3,0.7629852294921875,-0.10880792886018753,-0.11889176815748215,0.0,0.0,32766,32766,32766,32766,32766,3.198827028274536
2026-04-07T11:38:40.072,radio://0/80/2M,mission,1,1,Wall Follow,3924,0,0,0,0.0,0,0,0.0,0.0,82922,2,-3,0.7855244874954224,-0.10880792886018753,-0.11889176815748215,0.0,0.0,32766,32766,32766,32766,32766,3.198827028274536
2026-04-07T11:38:40.075,radio://0/80/2M,flow,1,1,Wall Follow,3924,0,0,0,0.0,0,0,0.0,0.0,83172,0,0,0.7855244874954224,-0.0424005500972271,-0.05464844033122063,0.0,0.0,32766,32766,32766,32766,32766,3.198827028274536
2026-04-07T11:38:40.077,radio://0/80/2M,range,1,1,Wall Follow,3924,0,0,0,0.0,0,0,0.0,0.0,83172,0,0,0.7855244874954224,-0.0424005500972271,-0.05464844033122063,0.0,0.0,32766,32766,32766,32766,32766,3.2357771396636963
2026-04-07T11:38:40.328,radio://0/80/2M,mission,1,1,Wall Follow,3924,0,0,0,0.0,0,0,0.0,0.0,83172,0,0,0.8038859963417053,-0.0424005500972271,-0.05464844033122063,0.0,0.0,32766,32766,32766,32766,32766,3.2357771396636963
2026-04-07T11:38:40.329,radio://0/80/2M,flow,1,1,Wall Follow,3924,0,0,0,0.0,0,0,0.0,0.0,83422,0,-3,0.8038859963417053,0.04050184786319733,-0.057634707540273666,0.0,0.0,32766,32766,32766,32766,32766,3.2357771396636963
2026-04-07T11:38:40.331,radio://0/80/2M,range,1,1,Wall Follow,3924,0,0,0,0.0,0,0,0.0,0.0,83422,0,-3,0.8038859963417053,0.04050184786319733,-0.057634707540273666,0.0,0.0,32766,32766,32766,32766,32766,3.241055727005005
2026-04-07T11:38:40.572,radio://0/80/2M,mission,1,1,Wall Follow,3924,0,0,0,0.0,0,0,0.0,0.0,83422,0,-3,0.8076499104499817,0.04050184786319733,-0.057634707540273666,0.0,0.0,32766,32766,32766,32766,32766,3.241055727005005
2026-04-07T11:38:40.575,radio://0/80/2M,flow,1,1,Wall Follow,3679,0,0,0,0.0,0,0,0.0,0.0,83672,-4,1,0.8076499104499817,-0.011496718972921371,-0.09547767043113708,0.0,0.0,32766,32766,32766,32766,32766,3.241055727005005
2026-04-07T11:38:40.576,radio://0/80/2M,range,1,1,Wall Follow,3679,0,0,0,0.0,0,0,0.0,0.0,83672,-4,1,0.8076499104499817,-0.011496718972921371,-0.09547767043113708,0.0,0.0,32766,32766,32766,32766,32766,3.2304985523223877
2026-04-07T11:38:40.821,radio://0/80/2M,mission,1,1,Wall Follow,3679,0,0,0,0.0,0,0,0.0,0.0,83672,-4,1,0.8013758659362793,-0.011496718972921371,-0.09547767043113708,0.0,0.0,32766,32766,32766,32766,32766,3.2304985523223877
2026-04-07T11:38:40.824,radio://0/80/2M,flow,1,1,Wall Follow,3235,0,0,0,0.0,0,0,0.0,0.0,83922,0,0,0.8013758659362793,0.08532169461250305,-0.04620722308754921,0.0,0.0,32766,32766,32766,32766,32766,3.2304985523223877
2026-04-07T11:38:40.825,radio://0/80/2M,range,1,1,Wall Follow,3235,0,0,0,0.0,0,0,0.0,0.0,83922,0,0,0.8013758659362793,0.08532169461250305,-0.04620722308754921,0.0,0.0,32766,32766,32766,32766,32766,3.2093842029571533
2026-04-07T11:38:41.071,radio://0/80/2M,mission,1,1,Wall Follow,3235,0,0,0,0.0,0,0,0.0,0.0,83922,0,0,0.8406447172164917,0.08532169461250305,-0.04620722308754921,0.0,0.0,32766,32766,32766,32766,32766,3.2093842029571533
2026-04-07T11:38:41.074,radio://0/80/2M,flow,1,1,Wall Follow,3235,0,0,0,0.0,0,0,0.0,0.0,84172,-2,-3,0.8406447172164917,0.05961865186691284,-0.010918678715825081,0.0,0.0,32766,32766,32766,32766,32766,3.2093842029571533
2026-04-07T11:38:41.075,radio://0/80/2M,range,1,1,Wall Follow,3235,0,0,0,0.0,0,0,0.0,0.0,84172,-2,-3,0.8406447172164917,0.05961865186691284,-0.010918678715825081,0.0,0.0,32766,32766,32766,32766,32766,3.2463343143463135
2026-04-07T11:38:41.321,radio://0/80/2M,mission,1,5,Transition,3235,0,0,0,0.0,0,0,0.0,0.0,84172,-2,-3,0.8612894415855408,0.05961865186691284,-0.010918678715825081,0.0,0.0,32766,32766,32766,32766,32766,3.2463343143463135
2026-04-07T11:38:41.323,radio://0/80/2M,flow,1,5,Transition,3235,0,0,0,0.0,0,0,0.0,0.0,84422,10,0,0.8612894415855408,0.043985236436128616,-0.04933859407901764,0.0,0.0,32766,32766,32766,32766,32766,3.2463343143463135
2026-04-07T11:38:41.325,radio://0/80/2M,range,1,5,Transition,3235,0,0,0,0.0,0,0,0.0,0.0,84422,10,0,0.8612894415855408,0.043985236436128616,-0.04933859407901764,0.0,0.0,32766,32766,32766,32766,32766,3.241055727005005
2026-04-07T11:38:41.570,radio://0/80/2M,mission,1,5,Transition,3235,0,0,0,0.0,0,0,0.0,0.0,84422,10,0,0.8186063170433044,0.043985236436128616,-0.04933859407901764,0.0,0.0,32766,32766,32766,32766,32766,3.241055727005005
2026-04-07T11:38:41.573,radio://0/80/2M,flow,1,5,Transition,3437,0,0,0,0.0,0,0,0.0,0.0,84672,1,1,0.8186063170433044,0.025916146114468575,-0.08616085350513458,0.0,0.0,32766,32766,32766,32766,32766,3.241055727005005
2026-04-07T11:38:41.575,radio://0/80/2M,range,1,5,Transition,3437,0,0,0,0.0,0,0,0.0,0.0,84672,1,1,0.8186063170433044,0.025916146114468575,-0.08616085350513458,0.0,0.0,32766,32766,32766,32766,32766,3.2041056156158447
2026-04-07T11:38:41.832,radio://0/80/2M,mission,1,4,Land,3437,0,0,0,0.0,0,0,0.0,0.0,84672,1,1,0.8405961990356445,0.025916146114468575,-0.08616085350513458,0.0,0.0,32766,32766,32766,32766,32766,3.2041056156158447
2026-04-07T11:38:41.834,radio://0/80/2M,flow,1,4,Land,3437,0,0,0,0.0,0,0,0.0,0.0,84922,0,-3,0.8405961990356445,0.050107892602682114,-0.018858451396226883,0.0,0.0,32766,32766,32766,32766,32766,3.2041056156158447
2026-04-07T11:38:41.835,radio://0/80/2M,range,1,4,Land,3437,0,0,0,0.0,0,0,0.0,0.0,84922,0,-3,0.8405961990356445,0.050107892602682114,-0.018858451396226883,0.0,0.0,32766,32766,32766,32766,32766,3.2568914890289307
2026-04-07T11:38:42.070,radio://0/80/2M,mission,1,4,Land,3437,0,0,0,0.0,0,0,0.0,0.0,84922,0,-3,0.8099114298820496,0.050107892602682114,-0.018858451396226883,0.0,0.0,32766,32766,32766,32766,32766,3.2568914890289307
2026-04-07T11:38:42.073,radio://0/80/2M,flow,1,4,Land,3437,0,0,0,0.0,0,0,0.0,0.0,85172,3,0,0.8099114298820496,0.05056217685341835,-0.04441515728831291,0.0,0.0,32766,32766,32766,32766,32766,3.2568914890289307
2026-04-07T11:38:42.074,radio://0/80/2M,range,1,4,Land,3437,0,0,0,0.0,0,0,0.0,0.0,85172,3,0,0.8099114298820496,0.05056217685341835,-0.04441515728831291,0.0,0.0,32766,32766,32766,32766,32766,3.241055727005005
2026-04-07T11:38:42.319,radio://0/80/2M,mission,1,4,Land,3437,0,0,0,0.0,0,0,0.0,0.0,85172,3,0,0.7704833149909973,0.05056217685341835,-0.04441515728831291,0.0,0.0,32766,32766,32766,32766,32766,3.241055727005005
2026-04-07T11:38:42.324,radio://0/80/2M,flow,1,4,Land,3437,0,0,0,0.0,0,0,0.0,0.0,85422,0,0,0.7704833149909973,0.035124097019433975,-0.00913661252707243,0.0,0.0,32766,32766,32766,32766,32766,3.241055727005005
2026-04-07T11:38:42.325,radio://0/80/2M,range,1,4,Land,3437,0,0,0,0.0,0,0,0.0,0.0,85422,0,0,0.7704833149909973,0.035124097019433975,-0.00913661252707243,0.0,0.0,32766,32766,32766,32766,32766,3.241055727005005
2026-04-07T11:38:42.573,radio://0/80/2M,mission,1,4,Land,3437,0,0,0,0.0,0,0,0.0,0.0,85422,0,0,0.6605288982391357,0.035124097019433975,-0.00913661252707243,0.0,0.0,32766,32766,32766,32766,32766,3.241055727005005
2026-04-07T11:38:42.584,radio://0/80/2M,flow,1,4,Land,3437,0,0,0,0.0,0,0,0.0,0.0,85672,0,1,0.6605288982391357,0.0520070418715477,0.08823605626821518,0.0,0.0,32766,32766,32766,32766,32766,3.241055727005005
2026-04-07T11:38:42.586,radio://0/80/2M,range,1,4,Land,3437,0,0,0,0.0,0,0,0.0,0.0,85672,0,1,0.6605288982391357,0.0520070418715477,0.08823605626821518,0.0,0.0,32766,32766,32766,32766,32766,3.1935484409332275
2026-04-07T11:38:42.820,radio://0/80/2M,mission,1,4,Land,3437,0,0,0,0.0,0,0,0.0,0.0,85672,0,1,0.6573600172996521,0.0520070418715477,0.08823605626821518,0.0,0.0,32766,32766,32766,32766,32766,3.1935484409332275
2026-04-07T11:38:42.823,radio://0/80/2M,flow,1,4,Land,3437,0,0,0,0.0,0,0,0.0,0.0,85922,0,-1,0.6573600172996521,0.06403861194849014,0.06272333115339279,0.0,0.0,32766,32766,32766,32766,32766,3.1935484409332275
2026-04-07T11:38:42.824,radio://0/80/2M,range,1,4,Land,3437,0,0,0,0.0,0,0,0.0,0.0,85922,0,-1,0.6573600172996521,0.06403861194849014,0.06272333115339279,0.0,0.0,32766,32766,32766,32766,32766,3.2463343143463135
2026-04-07T11:38:43.070,radio://0/80/2M,mission,1,4,Land,3437,0,0,0,0.0,0,0,0.0,0.0,85922,0,-1,0.5598412752151489,0.06403861194849014,0.06272333115339279,0.0,0.0,32766,32766,32766,32766,32766,3.2463343143463135
2026-04-07T11:38:43.073,radio://0/80/2M,flow,1,4,Land,3437,0,0,0,0.0,0,0,0.0,0.0,86172,-1,0,0.5598412752151489,0.09463725984096527,0.1306946724653244,0.0,0.0,32766,32766,32766,32766,32766,3.2463343143463135
2026-04-07T11:38:43.074,radio://0/80/2M,range,1,4,Land,3437,0,0,0,0.0,0,0,0.0,0.0,86172,-1,0,0.5598412752151489,0.09463725984096527,0.1306946724653244,0.0,0.0,32766,32766,32766,32766,32766,3.198827028274536
2026-04-07T11:38:43.320,radio://0/80/2M,mission,1,4,Land,3437,0,0,0,0.0,0,0,0.0,0.0,86172,-1,0,0.06153291091322899,0.09463725984096527,0.1306946724653244,0.0,0.0,32766,32766,32766,32766,32766,3.198827028274536
2026-04-07T11:38:43.323,radio://0/80/2M,flow,1,4,Land,3437,0,0,0,0.0,0,0,0.0,0.0,86422,11,0,0.06153291091322899,-0.0557582825422287,-0.13095811009407043,0.0,0.0,32766,32766,32766,32766,32766,3.198827028274536
2026-04-07T11:38:43.324,radio://0/80/2M,range,1,4,Land,3437,0,0,0,0.0,0,0,0.0,0.0,86422,11,0,0.06153291091322899,-0.0557582825422287,-0.13095811009407043,0.0,0.0,32766,32766,32766,32766,32766,2.9560117721557617
2026-04-07T11:38:43.569,radio://0/80/2M,mission,1,4,Land,3437,0,0,0,0.0,0,0,0.0,0.0,86422,11,0,0.024771036580204964,-0.0557582825422287,-0.13095811009407043,0.0,0.0,32766,32766,32766,32766,32766,2.9560117721557617
2026-04-07T11:38:43.572,radio://0/80/2M,flow,1,4,Land,4121,0,0,0,0.0,0,0,0.0,0.0,86672,-10,16,0.024771036580204964,0.005054900888353586,-0.004179839044809341,0.0,0.0,32766,32766,32766,32766,32766,2.9560117721557617
2026-04-07T11:38:43.573,radio://0/80/2M,range,1,4,Land,4121,0,0,0,0.0,0,0,0.0,0.0,86672,-10,16,0.024771036580204964,0.005054900888353586,-0.004179839044809341,0.0,0.0,32766,32766,32766,32766,32766,3.172434091567993
2026-04-07T11:38:43.819,radio://0/80/2M,mission,1,4,Land,4121,0,0,0,0.0,0,0,0.0,0.0,86672,-10,16,0.18107691407203674,0.005054900888353586,-0.004179839044809341,0.0,0.0,32766,32766,32766,32766,32766,3.172434091567993
2026-04-07T11:38:43.822,radio://0/80/2M,flow,1,4,Land,3623,0,0,0,0.0,0,0,0.0,0.0,86922,-1,0,0.18107691407203674,0.033570338040590286,0.05283284932374954,0.0,0.0,32766,32766,32766,32766,32766,3.172434091567993
2026-04-07T11:38:43.823,radio://0/80/2M,range,1,4,Land,3623,0,0,0,0.0,0,0,0.0,0.0,86922,-1,0,0.18107691407203674,0.033570338040590286,0.05283284932374954,0.0,0.0,32766,32766,32766,32766,32766,3.3677420616149902
2026-04-07T11:38:44.070,radio://0/80/2M,mission,1,4,Land,3623,0,0,0,0.0,0,0,0.0,0.0,86922,-1,0,0.2450057715177536,0.033570338040590286,0.05283284932374954,0.0,0.0,32766,32766,32766,32766,32766,3.3677420616149902
2026-04-07T11:38:44.071,radio://0/80/2M,flow,1,4,Land,3623,0,0,0,0.0,0,0,0.0,0.0,87172,2,-1,0.2450057715177536,-0.013630243949592113,-0.022233810275793076,0.0,0.0,32766,32766,32766,32766,32766,3.3677420616149902
2026-04-07T11:38:44.072,radio://0/80/2M,range,1,4,Land,3623,0,0,0,0.0,0,0,0.0,0.0,87172,2,-1,0.2450057715177536,-0.013630243949592113,-0.022233810275793076,0.0,0.0,32766,32766,32766,32766,32766,3.320234775543213
2026-04-07T11:38:44.320,radio://0/80/2M,mission,1,4,Land,3623,0,0,0,0.0,0,0,0.0,0.0,87172,2,-1,0.20568498969078064,-0.013630243949592113,-0.022233810275793076,0.0,0.0,32766,32766,32766,32766,32766,3.320234775543213
2026-04-07T11:38:44.322,radio://0/80/2M,flow,1,4,Land,4615,0,0,0,0.0,0,0,0.0,0.0,87422,0,1,0.20568498969078064,-0.015266252681612968,-0.021750370040535927,0.0,0.0,32766,32766,32766,32766,32766,3.320234775543213
2026-04-07T11:38:44.323,radio://0/80/2M,range,1,4,Land,4615,0,0,0,0.0,0,0,0.0,0.0,87422,0,1,0.20568498969078064,-0.015266252681612968,-0.021750370040535927,0.0,0.0,32766,32766,32766,32766,32766,3.251612901687622
2026-04-07T11:38:44.568,radio://0/80/2M,mission,1,4,Land,4615,0,0,0,0.0,0,0,0.0,0.0,87422,0,1,0.14504866302013397,-0.015266252681612968,-0.021750370040535927,0.0,0.0,32766,32766,32766,32766,32766,3.251612901687622
2026-04-07T11:38:44.571,radio://0/80/2M,flow,1,4,Land,5879,0,0,0,0.0,0,0,0.0,0.0,87672,2,-2,0.14504866302013397,-0.002839307300746441,-0.03166193887591362,0.0,0.0,32766,32766,32766,32766,32766,3.251612901687622
2026-04-07T11:38:44.572,radio://0/80/2M,range,1,4,Land,5879,0,0,0,0.0,0,0,0.0,0.0,87672,2,-2,0.14504866302013397,-0.002839307300746441,-0.03166193887591362,0.0,0.0,32766,32766,32766,32766,32766,3.241055727005005
2026-04-07T11:38:44.821,radio://0/80/2M,mission,1,4,Land,5879,0,0,0,0.0,0,0,0.0,0.0,87672,2,-2,0.10856788605451584,-0.002839307300746441,-0.03166193887591362,0.0,0.0,32766,32766,32766,32766,32766,3.241055727005005
2026-04-07T11:38:44.824,radio://0/80/2M,flow,1,4,Land,7490,0,0,0,0.0,0,0,0.0,0.0,87922,0,0,0.10856788605451584,0.015350017696619034,-0.0012997512239962816,0.0,0.0,32766,32766,32766,32766,32766,3.241055727005005
2026-04-07T11:38:44.825,radio://0/80/2M,range,1,4,Land,7490,0,0,0,0.0,0,0,0.0,0.0,87922,0,0,0.10856788605451584,0.015350017696619034,-0.0012997512239962816,0.0,0.0,32766,32766,32766,32766,32766,3.267448663711548
2026-04-07T11:38:45.070,radio://0/80/2M,mission,0,0,Reacquire Wall,7490,0,0,0,0.0,0,0,0.0,0.0,87922,0,0,0.06695842742919922,0.015350017696619034,-0.0012997512239962816,0.0,0.0,32766,32766,32766,32766,32766,3.267448663711548
2026-04-07T11:38:45.077,radio://0/80/2M,flow,0,0,Reacquire Wall,7022,0,0,0,0.0,0,0,0.0,0.0,88172,-2,-2,0.06695842742919922,-0.020581092685461044,-0.031162995845079422,0.0,0.0,32766,32766,32766,32766,32766,3.267448663711548
2026-04-07T11:38:45.081,radio://0/80/2M,range,0,0,Reacquire Wall,7022,0,0,0,0.0,0,0,0.0,0.0,88172,-2,-2,0.06695842742919922,-0.020581092685461044,-0.031162995845079422,0.0,0.0,32766,32766,32766,32766,32766,3.710850477218628
2026-04-07T11:38:45.340,radio://0/80/2M,mission,0,0,Reacquire Wall,7022,0,0,0,0.0,0,0,0.0,0.0,88172,-2,-2,0.0012571490369737148,-0.020581092685461044,-0.031162995845079422,0.0,0.0,32766,32766,32766,32766,32766,3.710850477218628
2026-04-07T11:38:45.342,radio://0/80/2M,flow,0,0,Reacquire Wall,8191,0,0,0,0.0,0,0,0.0,0.0,88422,-53,-19,0.0012571490369737148,0.19439584016799927,-0.0549238957464695,0.0,0.0,32766,32766,32766,32766,32766,3.710850477218628
2026-04-07T11:38:45.346,radio://0/80/2M,range,0,0,Reacquire Wall,8191,0,0,0,0.0,0,0,0.0,0.0,88422,-53,-19,0.0012571490369737148,0.19439584016799927,-0.0549238957464695,0.0,0.0,32766,32766,32766,32766,32766,3.721407651901245
2026-04-07T11:38:45.568,radio://0/80/2M,mission,0,0,Reacquire Wall,8191,0,0,0,0.0,0,0,0.0,0.0,88422,-53,-19,-0.13795094192028046,0.19439584016799927,-0.0549238957464695,0.0,0.0,32766,32766,32766,32766,32766,3.721407651901245
2026-04-07T11:38:45.571,radio://0/80/2M,flow,0,0,Reacquire Wall,8191,0,0,0,0.0,0,0,0.0,0.0,88672,0,0,-0.13795094192028046,0.25717076659202576,-0.233836367726326,0.0,0.0,32766,32766,32766,32766,32766,3.721407651901245
2026-04-07T11:38:45.573,radio://0/80/2M,range,0,0,Reacquire Wall,8191,0,0,0,0.0,0,0,0.0,0.0,88672,0,0,-0.13795094192028046,0.25717076659202576,-0.233836367726326,0.0,0.0,32766,32766,32766,32766,32766,3.7319648265838623
2026-04-07T11:38:45.817,radio://0/80/2M,mission,0,0,Reacquire Wall,8191,0,0,0,0.0,0,0,0.0,0.0,88672,0,0,-0.2692093253135681,0.25717076659202576,-0.233836367726326,0.0,0.0,32766,32766,32766,32766,32766,3.7319648265838623
2026-04-07T11:38:45.821,radio://0/80/2M,flow,0,0,Reacquire Wall,8191,0,0,0,0.0,0,0,0.0,0.0,88922,0,0,-0.2692093253135681,0.3221641778945923,-0.3761622905731201,0.0,0.0,32766,32766,32766,32766,32766,3.7319648265838623
2026-04-07T11:38:45.823,radio://0/80/2M,range,0,0,Reacquire Wall,8191,0,0,0,0.0,0,0,0.0,0.0,88922,0,0,-0.2692093253135681,0.3221641778945923,-0.3761622905731201,0.0,0.0,32766,32766,32766,32766,32766,3.737243413925171
2026-04-07T11:38:46.067,radio://0/80/2M,mission,0,0,Reacquire Wall,8191,0,0,0,0.0,0,0,0.0,0.0,88922,0,0,-0.40180814266204834,0.3221641778945923,-0.3761622905731201,0.0,0.0,32766,32766,32766,32766,32766,3.737243413925171
2026-04-07T11:38:46.070,radio://0/80/2M,flow,0,0,Reacquire Wall,8191,0,0,0,0.0,0,0,0.0,0.0,89172,0,0,-0.40180814266204834,0.38507968187332153,-0.5131736397743225,0.0,0.0,32766,32766,32766,32766,32766,3.737243413925171
2026-04-07T11:38:46.071,radio://0/80/2M,range,0,0,Reacquire Wall,8191,0,0,0,0.0,0,0,0.0,0.0,89172,0,0,-0.40180814266204834,0.38507968187332153,-0.5131736397743225,0.0,0.0,32766,32766,32766,32766,32766,3.737243413925171
2026-04-07T11:38:46.318,radio://0/80/2M,mission,0,0,Reacquire Wall,8191,0,0,0,0.0,0,0,0.0,0.0,89172,0,0,-0.5346555113792419,0.38507968187332153,-0.5131736397743225,0.0,0.0,32766,32766,32766,32766,32766,3.737243413925171
2026-04-07T11:38:46.321,radio://0/80/2M,flow,0,0,Reacquire Wall,8191,0,0,0,0.0,0,0,0.0,0.0,89422,0,0,-0.5346555113792419,0.45016419887542725,-0.6558768153190613,0.0,0.0,32766,32766,32766,32766,32766,3.737243413925171
2026-04-07T11:38:46.322,radio://0/80/2M,range,0,0,Reacquire Wall,8191,0,0,0,0.0,0,0,0.0,0.0,89422,0,0,-0.5346555113792419,0.45016419887542725,-0.6558768153190613,0.0,0.0,32766,32766,32766,32766,32766,3.7425220012664795
