Time,uri,source,outer,mission,mission_name,shutter,human,human_fresh,human_stable,human_hold_s,human_confidence_pct,human_direction,human_max_temp_c,human_thermistor_c,flow_timestamp_ms,delta_x,delta_y,height_m,vel_x_mps,vel_y_mps,cmd_x_mps,cmd_y_mps,front_mm,left_mm,right_mm,back_mm,up_mm,vbat_v
2026-04-07T12:30:41.672,radio://0/80/2M,mission,0,0,Reacquire Wall,0,0,0,0,0.0,0,0,0.0,0.0,0,0,0,4.2812527681235224e-05,0.0,0.0,0.0,0.0,32766,32766,32766,32766,32766,0.0
2026-04-07T12:30:41.675,radio://0/80/2M,flow,0,0,Reacquire Wall,8191,0,0,0,0.0,0,0,0.0,0.0,11454,-4,2,4.2812527681235224e-05,-8.059861283982173e-05,0.003643890842795372,0.0,0.0,32766,32766,32766,32766,32766,0.0
2026-04-07T12:30:41.676,radio://0/80/2M,range,0,0,Reacquire Wall,8191,0,0,0,0.0,0,0,0.0,0.0,11454,-4,2,4.2812527681235224e-05,-8.059861283982173e-05,0.003643890842795372,0.0,0.0,237,276,286,837,2911,4.11202335357666
2026-04-07T12:30:41.921,radio://0/80/2M,mission,0,0,Reacquire Wall,8191,0,0,0,0.0,0,0,0.0,0.0,11454,-4,2,7.611943146912381e-05,-8.059861283982173e-05,0.003643890842795372,0.0,0.0,237,276,286,837,2911,4.11202335357666
2026-04-07T12:30:41.925,radio://0/80/2M,flow,0,0,Reacquire Wall,8191,0,0,0,0.0,0,0,0.0,0.0,11704,1,0,7.611943146912381e-05,0.0013823257759213448,0.0005097175016999245,0.0,0.0,237,276,286,837,2911,4.11202335357666
2026-04-07T12:30:41.926,radio://0/80/2M,range,0,0,Reacquire Wall,8191,0,0,0,0.0,0,0,0.0,0.0,11704,1,0,7.611943146912381e-05,0.0013823257759213448,0.0005097175016999245,0.0,0.0,234,274,281,830,2919,4.11202335357666
2026-04-07T12:30:42.171,radio://0/80/2M,mission,0,0,Reacquire Wall,8191,0,0,0,0.0,0,0,0.0,0.0,11704,1,0,0.00011107695172540843,0.0013823257759213448,0.0005097175016999245,0.0,0.0,234,274,281,830,2919,4.11202335357666
2026-04-07T12:30:42.175,radio://0/80/2M,flow,0,0,Reacquire Wall,8191,0,0,0,0.0,0,0,0.0,0.0,11954,2,0,0.00011107695172540843,-0.0009051253437064588,-0.0012401244603097439,0.0,0.0,234,274,281,830,2919,4.11202335357666
2026-04-07T12:30:42.176,radio://0/80/2M,range,0,0,Reacquire Wall,8191,0,0,0,0.0,0,0,0.0,0.0,11954,2,0,0.00011107695172540843,-0.0009051253437064588,-0.0012401244603097439,0.0,0.0,234,32766,291,834,2921,4.117301940917969
2026-04-07T12:30:42.421,radio://0/80/2M,mission,0,0,Reacquire Wall,8191,0,0,0,0.0,0,0,0.0,0.0,11954,2,0,6.632404256379232e-05,-0.0009051253437064588,-0.0012401244603097439,0.0,0.0,234,32766,291,834,2921,4.117301940917969
2026-04-07T12:30:42.424,radio://0/80/2M,flow,0,0,Reacquire Wall,8191,0,0,0,0.0,0,0,0.0,0.0,12204,2,0,6.632404256379232e-05,-0.001650674850679934,-0.0006663367967121303,0.0,0.0,234,32766,291,834,2921,4.117301940917969
2026-04-07T12:30:42.426,radio://0/80/2M,range,0,0,Reacquire Wall,8191,0,0,0,0.0,0,0,0.0,0.0,12204,2,0,6.632404256379232e-05,-0.001650674850679934,-0.0006663367967121303,0.0,0.0,237,274,295,832,2915,4.11202335357666
2026-04-07T12:30:42.671,radio://0/80/2M,mission,0,0,Reacquire Wall,8191,0,0,0,0.0,0,0,0.0,0.0,12204,2,0,3.986312367487699e-05,-0.001650674850679934,-0.0006663367967121303,0.0,0.0,237,274,295,832,2915,4.11202335357666
2026-04-07T12:30:42.674,radio://0/80/2M,flow,0,0,Reacquire Wall,8191,0,0,0,0.0,0,0,0.0,0.0,12454,-2,3,3.986312367487699e-05,6.919587031006813e-05,-0.0037537848111242056,0.0,0.0,237,274,295,832,2915,4.11202335357666
2026-04-07T12:30:42.676,radio://0/80/2M,range,0,0,Reacquire Wall,8191,0,0,0,0.0,0,0,0.0,0.0,12454,-2,3,3.986312367487699e-05,6.919587031006813e-05,-0.0037537848111242056,0.0,0.0,233,32766,294,830,2926,4.117301940917969
2026-04-07T12:30:42.921,radio://0/80/2M,mission,0,0,Reacquire Wall,8191,0,0,0,0.0,0,0,0.0,0.0,12454,-2,3,3.102752452832647e-05,6.919587031006813e-05,-0.0037537848111242056,0.0,0.0,233,32766,294,830,2926,4.117301940917969
2026-04-07T12:30:42.924,radio://0/80/2M,flow,0,0,Reacquire Wall,8191,0,0,0,0.0,0,0,0.0,0.0,12704,0,0,3.102752452832647e-05,-0.015011361800134182,0.00232258765026927,0.0,0.0,233,32766,294,830,2926,4.117301940917969
2026-04-07T12:30:42.925,radio://0/80/2M,range,0,0,Reacquire Wall,8191,0,0,0,0.0,0,0,0.0,0.0,12704,0,0,3.102752452832647e-05,-0.015011361800134182,0.00232258765026927,0.0,0.0,235,272,290,828,2917,4.11202335357666
2026-04-07T12:30:43.171,radio://0/80/2M,mission,0,0,Reacquire Wall,8191,0,0,0,0.0,0,0,0.0,0.0,12704,0,0,5.89313312957529e-05,-0.015011361800134182,0.00232258765026927,0.0,0.0,235,272,290,828,2917,4.11202335357666
2026-04-07T12:30:43.174,radio://0/80/2M,flow,0,0,Reacquire Wall,8191,0,0,0,0.0,0,0,0.0,0.0,12954,-1,5,5.89313312957529e-05,-0.004282515496015549,0.00021455642126966268,0.0,0.0,235,272,290,828,2917,4.11202335357666
2026-04-07T12:30:43.175,radio://0/80/2M,range,0,0,Reacquire Wall,8191,0,0,0,0.0,0,0,0.0,0.0,12954,-1,5,5.89313312957529e-05,-0.004282515496015549,0.00021455642126966268,0.0,0.0,234,272,291,838,2913,4.11202335357666
2026-04-07T12:30:43.420,radio://0/80/2M,mission,0,0,Reacquire Wall,8191,0,0,0,0.0,0,0,0.0,0.0,12954,-1,5,6.147917156340554e-05,-0.004282515496015549,0.00021455642126966268,0.0,0.0,234,272,291,838,2913,4.11202335357666
2026-04-07T12:30:43.423,radio://0/80/2M,flow,0,0,Reacquire Wall,8191,0,0,0,0.0,0,0,0.0,0.0,13204,-1,-3,6.147917156340554e-05,-0.00011388805432943627,0.005410874728113413,0.0,0.0,234,272,291,838,2913,4.11202335357666
2026-04-07T12:30:43.425,radio://0/80/2M,range,0,0,Reacquire Wall,8191,0,0,0,0.0,0,0,0.0,0.0,13204,-1,-3,6.147917156340554e-05,-0.00011388805432943627,0.005410874728113413,0.0,0.0,234,273,290,836,2918,4.11202335357666
2026-04-07T12:30:43.671,radio://0/80/2M,mission,0,0,Reacquire Wall,8191,0,0,0,0.0,0,0,0.0,0.0,13204,-1,-3,0.00011661709868349135,-0.00011388805432943627,0.005410874728113413,0.0,0.0,234,273,290,836,2918,4.11202335357666
2026-04-07T12:30:43.673,radio://0/80/2M,flow,0,0,Reacquire Wall,8191,0,0,0,0.0,0,0,0.0,0.0,13454,-3,1,0.00011661709868349135,0.0010536061599850655,0.002369910478591919,0.0,0.0,234,273,290,836,2918,4.11202335357666
2026-04-07T12:30:43.675,radio://0/80/2M,range,0,0,Reacquire Wall,8191,0,0,0,0.0,0,0,0.0,0.0,13454,-3,1,0.00011661709868349135,0.0010536061599850655,0.002369910478591919,0.0,0.0,233,269,287,833,2909,4.11202335357666
2026-04-07T12:30:43.927,radio://0/80/2M,mission,0,0,Reacquire Wall,8191,0,0,0,0.0,0,0,0.0,0.0,13454,-3,1,0.00012768429587595165,0.0010536061599850655,0.002369910478591919,0.0,0.0,233,269,287,833,2909,4.11202335357666
2026-04-07T12:30:43.939,radio://0/80/2M,flow,0,0,Reacquire Wall,8191,0,0,0,0.0,0,0,0.0,0.0,13704,3,-1,0.00012768429587595165,-0.0026067623402923346,0.002040295163169503,0.0,0.0,233,269,287,833,2909,4.11202335357666
2026-04-07T12:30:43.940,radio://0/80/2M,range,0,0,Reacquire Wall,8191,0,0,0,0.0,0,0,0.0,0.0,13704,3,-1,0.00012768429587595165,-0.0026067623402923346,0.002040295163169503,0.0,0.0,230,266,288,834,2912,4.11202335357666
2026-04-07T12:30:44.170,radio://0/80/2M,mission,0,0,Reacquire Wall,8191,0,0,0,0.0,0,0,0.0,0.0,13704,3,-1,9.394843073096126e-05,-0.0026067623402923346,0.002040295163169503,0.0,0.0,230,266,288,834,2912,4.11202335357666
2026-04-07T12:30:44.173,radio://0/80/2M,flow,0,0,Reacquire Wall,8191,0,0,0,0.0,0,0,0.0,0.0,13954,-1,0,9.394843073096126e-05,0.003094632411375642,-0.002335113473236561,0.0,0.0,230,266,288,834,2912,4.11202335357666
2026-04-07T12:30:44.174,radio://0/80/2M,range,0,0,Reacquire Wall,8191,0,0,0,0.0,0,0,0.0,0.0,13954,-1,0,9.394843073096126e-05,0.003094632411375642,-0.002335113473236561,0.0,0.0,233,270,287,845,2910,4.11202335357666
2026-04-07T12:30:44.419,radio://0/80/2M,mission,0,0,Reacquire Wall,8191,0,0,0,0.0,0,0,0.0,0.0,13954,-1,0,0.00031399502768181264,0.003094632411375642,-0.002335113473236561,0.0,0.0,233,270,287,845,2910,4.11202335357666
2026-04-07T12:30:44.428,radio://0/80/2M,flow,0,0,Reacquire Wall,8191,0,0,0,0.0,0,0,0.0,0.0,14204,0,1,0.00031399502768181264,-0.00928504765033722,-0.0009797441307455301,0.0,0.0,233,270,287,845,2910,4.11202335357666
2026-04-07T12:30:44.428,radio://0/80/2M,range,0,0,Reacquire Wall,8191,0,0,0,0.0,0,0,0.0,0.0,14204,0,1,0.00031399502768181264,-0.00928504765033722,-0.0009797441307455301,0.0,0.0,235,275,293,841,2920,4.11202335357666
2026-04-07T12:30:44.669,radio://0/80/2M,mission,0,0,Reacquire Wall,8191,0,0,0,0.0,0,0,0.0,0.0,14204,0,1,0.0001398777967551723,-0.00928504765033722,-0.0009797441307455301,0.0,0.0,235,275,293,841,2920,4.11202335357666
2026-04-07T12:30:44.673,radio://0/80/2M,flow,0,0,Reacquire Wall,8191,0,0,0,0.0,0,0,0.0,0.0,14454,0,-8,0.0001398777967551723,0.013754503801465034,-0.0038527147844433784,0.0,0.0,235,275,293,841,2920,4.11202335357666
2026-04-07T12:30:44.674,radio://0/80/2M,range,0,0,Reacquire Wall,8191,0,0,0,0.0,0,0,0.0,0.0,14454,0,-8,0.0001398777967551723,0.013754503801465034,-0.0038527147844433784,0.0,0.0,234,269,289,836,2912,4.11202335357666
2026-04-07T12:30:44.920,radio://0/80/2M,mission,0,0,Reacquire Wall,8191,0,0,0,0.0,0,0,0.0,0.0,14454,0,-8,7.423548959195614e-05,0.013754503801465034,-0.0038527147844433784,0.0,0.0,234,269,289,836,2912,4.11202335357666
2026-04-07T12:30:44.923,radio://0/80/2M,flow,0,0,Reacquire Wall,8191,0,0,0,0.0,0,0,0.0,0.0,14704,1,6,7.423548959195614e-05,-0.006635632365942001,0.0021222135983407497,0.0,0.0,234,269,289,836,2912,4.11202335357666
2026-04-07T12:30:44.924,radio://0/80/2M,range,0,0,Reacquire Wall,8191,0,0,0,0.0,0,0,0.0,0.0,14704,1,6,7.423548959195614e-05,-0.006635632365942001,0.0021222135983407497,0.0,0.0,238,271,291,834,2913,4.11202335357666
2026-04-07T12:30:45.169,radio://0/80/2M,mission,0,0,Reacquire Wall,8191,0,0,0,0.0,0,0,0.0,0.0,14704,1,6,-3.0324711133289384e-06,-0.006635632365942001,0.0021222135983407497,0.0,0.0,238,271,291,834,2913,4.11202335357666
2026-04-07T12:30:45.172,radio://0/80/2M,flow,0,0,Reacquire Wall,8191,0,0,0,0.0,0,0,0.0,0.0,14954,-2,1,-3.0324711133289384e-06,0.0011469110613688827,0.001361272414214909,0.0,0.0,238,271,291,834,2913,4.11202335357666
2026-04-07T12:30:45.173,radio://0/80/2M,range,0,0,Reacquire Wall,8191,0,0,0,0.0,0,0,0.0,0.0,14954,-2,1,-3.0324711133289384e-06,0.0011469110613688827,0.001361272414214909,0.0,0.0,235,272,290,832,2905,4.11202335357666
2026-04-07T12:30:45.419,radio://0/80/2M,mission,0,0,Reacquire Wall,8191,0,0,0,0.0,0,0,0.0,0.0,14954,-2,1,-1.0542844393057749e-05,0.0011469110613688827,0.001361272414214909,0.0,0.0,235,272,290,832,2905,4.11202335357666
2026-04-07T12:30:45.422,radio://0/80/2M,flow,0,0,Reacquire Wall,8191,0,0,0,0.0,0,0,0.0,0.0,15204,0,0,-1.0542844393057749e-05,-0.00538018299266696,0.003891862230375409,0.0,0.0,235,272,290,832,2905,4.11202335357666
2026-04-07T12:30:45.423,radio://0/80/2M,range,0,0,Reacquire Wall,8191,0,0,0,0.0,0,0,0.0,0.0,15204,0,0,-1.0542844393057749e-05,-0.00538018299266696,0.003891862230375409,0.0,0.0,235,32766,293,835,2905,4.11202335357666
2026-04-07T12:30:45.669,radio://0/80/2M,mission,0,0,Reacquire Wall,8191,0,0,0,0.0,0,0,0.0,0.0,15204,0,0,0.0001516174670541659,-0.00538018299266696,0.003891862230375409,0.0,0.0,235,32766,293,835,2905,4.11202335357666
2026-04-07T12:30:45.672,radio://0/80/2M,flow,0,0,Reacquire Wall,8191,0,0,0,0.0,0,0,0.0,0.0,15454,0,0,0.0001516174670541659,0.002050454029813409,0.003297132672742009,0.0,0.0,235,32766,293,835,2905,4.11202335357666
2026-04-07T12:30:45.673,radio://0/80/2M,range,0,0,Reacquire Wall,8191,0,0,0,0.0,0,0,0.0,0.0,15454,0,0,0.0001516174670541659,0.002050454029813409,0.003297132672742009,0.0,0.0,232,265,287,832,2917,4.11202335357666
2026-04-07T12:30:45.918,radio://0/80/2M,mission,0,0,Reacquire Wall,8191,0,0,0,0.0,0,0,0.0,0.0,15454,0,0,4.5234246499603614e-05,0.002050454029813409,0.003297132672742009,0.0,0.0,232,265,287,832,2917,4.11202335357666
2026-04-07T12:30:45.921,radio://0/80/2M,flow,0,0,Reacquire Wall,8191,0,0,0,0.0,0,0,0.0,0.0,15704,-3,-2,4.5234246499603614e-05,-0.005120722111314535,0.0035106695722788572,0.0,0.0,232,265,287,832,2917,4.11202335357666
2026-04-07T12:30:45.923,radio://0/80/2M,range,0,0,Reacquire Wall,8191,0,0,0,0.0,0,0,0.0,0.0,15704,-3,-2,4.5234246499603614e-05,-0.005120722111314535,0.0035106695722788572,0.0,0.0,235,270,290,832,2914,4.11202335357666
2026-04-07T12:30:46.168,radio://0/80/2M,mission,0,0,Reacquire Wall,8191,0,0,0,0.0,0,0,0.0,0.0,15704,-3,-2,0.0001421566412318498,-0.005120722111314535,0.0035106695722788572,0.0,0.0,235,270,290,832,2914,4.11202335357666
2026-04-07T12:30:46.172,radio://0/80/2M,flow,0,0,Reacquire Wall,8191,0,0,0,0.0,0,0,0.0,0.0,15954,1,0,0.0001421566412318498,0.0037113497965037823,-0.0013843354536220431,0.0,0.0,235,270,290,832,2914,4.11202335357666
2026-04-07T12:30:46.173,radio://0/80/2M,range,0,0,Reacquire Wall,8191,0,0,0,0.0,0,0,0.0,0.0,15954,1,0,0.0001421566412318498,0.0037113497965037823,-0.0013843354536220431,0.0,0.0,234,270,292,838,2919,4.11202335357666
2026-04-07T12:30:46.418,radio://0/80/2M,mission,0,0,Reacquire Wall,8191,0,0,0,0.0,0,0,0.0,0.0,15954,1,0,0.0001296861591981724,0.0037113497965037823,-0.0013843354536220431,0.0,0.0,234,270,292,838,2919,4.11202335357666
2026-04-07T12:30:46.421,radio://0/80/2M,flow,0,0,Reacquire Wall,8191,0,0,0,0.0,0,0,0.0,0.0,16204,-1,0,0.0001296861591981724,-0.005625480320304632,0.003316896501928568,0.0,0.0,234,270,292,838,2919,4.11202335357666
2026-04-07T12:30:46.422,radio://0/80/2M,range,0,0,Reacquire Wall,8191,0,0,0,0.0,0,0,0.0,0.0,16204,-1,0,0.0001296861591981724,-0.005625480320304632,0.003316896501928568,0.0,0.0,234,32766,295,836,2908,4.11202335357666
2026-04-07T12:30:46.668,radio://0/80/2M,mission,0,0,Reacquire Wall,8191,0,0,0,0.0,0,0,0.0,0.0,16204,-1,0,0.0001317347341682762,-0.005625480320304632,0.003316896501928568,0.0,0.0,234,32766,295,836,2908,4.11202335357666
2026-04-07T12:30:46.671,radio://0/80/2M,flow,0,0,Reacquire Wall,8191,0,0,0,0.0,0,0,0.0,0.0,16454,-7,2,0.0001317347341682762,0.002481341827660799,0.006316046696156263,0.0,0.0,234,32766,295,836,2908,4.11202335357666
2026-04-07T12:30:46.672,radio://0/80/2M,range,0,0,Reacquire Wall,8191,0,0,0,0.0,0,0,0.0,0.0,16454,-7,2,0.0001317347341682762,0.002481341827660799,0.006316046696156263,0.0,0.0,234,267,295,842,2915,4.11202335357666
2026-04-07T12:30:46.917,radio://0/80/2M,mission,1,0,Reacquire Wall,8191,0,0,0,0.0,0,0,0.0,0.0,16454,-7,2,9.71858244156465e-05,0.002481341827660799,0.006316046696156263,0.0,0.0,234,267,295,842,2915,4.11202335357666
2026-04-07T12:30:46.921,radio://0/80/2M,flow,1,0,Reacquire Wall,8191,0,0,0,0.0,0,0,0.0,0.0,16704,2,0,9.71858244156465e-05,-0.0058972095139324665,0.0025246222503483295,-0.005290000233799219,0.0006900002481415868,234,267,295,842,2915,4.11202335357666
2026-04-07T12:30:46.922,radio://0/80/2M,range,1,0,Reacquire Wall,8191,0,0,0,0.0,0,0,0.0,0.0,16704,2,0,9.71858244156465e-05,-0.0058972095139324665,0.0025246222503483295,-0.005290000233799219,0.0006900002481415868,231,270,291,835,2910,3.3888564109802246
2026-04-07T12:30:47.167,radio://0/80/2M,mission,1,0,Reacquire Wall,8191,0,0,0,0.0,0,0,0.0,0.0,16704,2,0,0.06526248157024384,-0.0058972095139324665,0.0025246222503483295,-0.005290000233799219,0.0006900002481415868,231,270,291,835,2910,3.3888564109802246
2026-04-07T12:30:47.171,radio://0/80/2M,flow,1,0,Reacquire Wall,3502,0,0,0,0.0,0,0,0.0,0.0,16954,5,5,0.06526248157024384,-0.10757974535226822,0.0934060588479042,-1.7777849279809743e-05,0.0,231,270,291,835,2910,3.3888564109802246
2026-04-07T12:30:47.172,radio://0/80/2M,range,1,0,Reacquire Wall,3502,0,0,0,0.0,0,0,0.0,0.0,16954,5,5,0.06526248157024384,-0.10757974535226822,0.0934060588479042,-1.7777849279809743e-05,0.0,296,243,641,32766,2917,3.4258065223693848
2026-04-07T12:30:47.417,radio://0/80/2M,mission,1,0,Reacquire Wall,3502,0,0,0,0.0,0,0,0.0,0.0,16954,5,5,0.3327116072177887,-0.10757974535226822,0.0934060588479042,-1.7777849279809743e-05,0.0,296,243,641,32766,2917,3.4258065223693848
2026-04-07T12:30:47.420,radio://0/80/2M,flow,1,0,Reacquire Wall,5035,0,0,0,0.0,0,0,0.0,0.0,17204,2,0,0.3327116072177887,-0.1340172290802002,-0.03992098197340965,0.0,0.0,296,243,641,32766,2917,3.4258065223693848
2026-04-07T12:30:47.421,radio://0/80/2M,range,1,0,Reacquire Wall,5035,0,0,0,0.0,0,0,0.0,0.0,17204,2,0,0.3327116072177887,-0.1340172290802002,-0.03992098197340965,0.0,0.0,3094,3155,32766,1011,2670,3.5630500316619873
2026-04-07T12:30:47.666,radio://0/80/2M,mission,1,0,Reacquire Wall,5035,0,0,0,0.0,0,0,0.0,0.0,17204,2,0,0.6213343143463135,-0.1340172290802002,-0.03992098197340965,0.0,0.0,3094,3155,32766,1011,2670,3.5630500316619873
2026-04-07T12:30:47.670,radio://0/80/2M,flow,1,0,Reacquire Wall,4721,0,0,0,0.0,0,0,0.0,0.0,17454,0,-1,0.6213343143463135,-0.010314336977899075,-0.04335968568921089,0.0,0.0,3094,3155,32766,1011,2670,3.5630500316619873
2026-04-07T12:30:47.671,radio://0/80/2M,range,1,0,Reacquire Wall,4721,0,0,0,0.0,0,0,0.0,0.0,17454,0,-1,0.6213343143463135,-0.010314336977899075,-0.04335968568921089,0.0,0.0,3149,3174,32766,1005,2434,3.668621778488159
2026-04-07T12:30:47.916,radio://0/80/2M,mission,1,0,Reacquire Wall,4721,0,0,0,0.0,0,0,0.0,0.0,17454,0,-1,0.8113124966621399,-0.010314336977899075,-0.04335968568921089,0.0,0.0,3149,3174,32766,1005,2434,3.668621778488159
2026-04-07T12:30:47.920,radio://0/80/2M,flow,1,0,Reacquire Wall,4150,0,0,0,0.0,0,0,0.0,0.0,17704,-3,-2,0.8113124966621399,0.09624267369508743,-0.02159685082733631,0.20000000298023224,0.0,3149,3174,32766,1005,2434,3.668621778488159
2026-04-07T12:30:47.922,radio://0/80/2M,range,1,0,Reacquire Wall,4150,0,0,0,0.0,0,0,0.0,0.0,17704,-3,-2,0.8113124966621399,0.09624267369508743,-0.02159685082733631,0.20000000298023224,0.0,3148,3184,32766,998,2147,3.6105573177337646
2026-04-07T12:30:48.166,radio://0/80/2M,mission,1,0,Reacquire Wall,4150,0,0,0,0.0,0,0,0.0,0.0,17704,-3,-2,0.891145646572113,0.09624267369508743,-0.02159685082733631,0.20000000298023224,0.0,3148,3184,32766,998,2147,3.6105573177337646
2026-04-07T12:30:48.170,radio://0/80/2M,flow,1,0,Reacquire Wall,3891,0,0,0,0.0,0,0,0.0,0.0,17954,-1,-3,0.891145646572113,0.17351733148097992,-0.01500543113797903,0.20000000298023224,0.0,3148,3184,32766,998,2147,3.6105573177337646
2026-04-07T12:30:48.171,radio://0/80/2M,range,1,0,Reacquire Wall,3891,0,0,0,0.0,0,0,0.0,0.0,17954,-1,-3,0.891145646572113,0.17351733148097992,-0.01500543113797903,0.20000000298023224,0.0,3121,32766,32766,1005,2062,3.5894429683685303
2026-04-07T12:30:48.417,radio://0/80/2M,mission,1,0,Reacquire Wall,3891,0,0,0,0.0,0,0,0.0,0.0,17954,-1,-3,0.9065713882446289,0.17351733148097992,-0.01500543113797903,0.20000000298023224,0.0,3121,32766,32766,1005,2062,3.5894429683685303
2026-04-07T12:30:48.419,radio://0/80/2M,flow,1,0,Reacquire Wall,3420,0,0,0,0.0,0,0,0.0,0.0,18204,0,0,0.9065713882446289,0.16117256879806519,-0.01167302392423153,0.20000000298023224,0.0,3121,32766,32766,1005,2062,3.5894429683685303
2026-04-07T12:30:48.423,radio://0/80/2M,range,1,0,Reacquire Wall,3420,0,0,0,0.0,0,0,0.0,0.0,18204,0,0,0.9065713882446289,0.16117256879806519,-0.01167302392423153,0.20000000298023224,0.0,3052,3202,32766,1062,2019,3.5630500316619873
2026-04-07T12:30:48.666,radio://0/80/2M,mission,1,0,Reacquire Wall,3420,0,0,0,0.0,0,0,0.0,0.0,18204,0,0,0.9011792540550232,0.16117256879806519,-0.01167302392423153,0.20000000298023224,0.0,3052,3202,32766,1062,2019,3.5630500316619873
2026-04-07T12:30:48.669,radio://0/80/2M,flow,1,0,Reacquire Wall,3207,0,0,0,0.0,0,0,0.0,0.0,18454,3,2,0.9011792540550232,0.16418802738189697,-0.02429400198161602,0.20000000298023224,0.0,3052,3202,32766,1062,2019,3.5630500316619873
2026-04-07T12:30:48.670,radio://0/80/2M,range,1,0,Reacquire Wall,3207,0,0,0,0.0,0,0,0.0,0.0,18454,3,2,0.9011792540550232,0.16418802738189697,-0.02429400198161602,0.20000000298023224,0.0,2969,3204,32766,1109,2020,3.526099681854248
2026-04-07T12:30:48.917,radio://0/80/2M,mission,1,0,Reacquire Wall,3207,0,0,0,0.0,0,0,0.0,0.0,18454,3,2,0.9027029275894165,0.16418802738189697,-0.02429400198161602,0.20000000298023224,0.0,2969,3204,32766,1109,2020,3.526099681854248
2026-04-07T12:30:48.920,radio://0/80/2M,flow,1,0,Reacquire Wall,3207,0,0,0,0.0,0,0,0.0,0.0,18704,0,0,0.9027029275894165,0.16502214968204498,-0.02761858142912388,0.20000000298023224,0.0,2969,3204,32766,1109,2020,3.526099681854248
2026-04-07T12:30:48.921,radio://0/80/2M,range,1,0,Reacquire Wall,3207,0,0,0,0.0,0,0,0.0,0.0,18704,0,0,0.9027029275894165,0.16502214968204498,-0.02761858142912388,0.20000000298023224,0.0,2883,32766,32766,1225,2017,3.5313782691955566
2026-04-07T12:30:49.166,radio://0/80/2M,mission,1,0,Reacquire Wall,3207,0,0,0,0.0,0,0,0.0,0.0,18704,0,0,0.9067356586456299,0.16502214968204498,-0.02761858142912388,0.20000000298023224,0.0,2883,32766,32766,1225,2017,3.5313782691955566
2026-04-07T12:30:49.169,radio://0/80/2M,flow,1,0,Reacquire Wall,3007,0,0,0,0.0,0,0,0.0,0.0,18954,0,5,0.9067356586456299,0.17649279534816742,-0.017838837578892708,0.20000000298023224,0.0,2883,32766,32766,1225,2017,3.5313782691955566
2026-04-07T12:30:49.171,radio://0/80/2M,range,1,0,Reacquire Wall,3007,0,0,0,0.0,0,0,0.0,0.0,18954,0,5,0.9067356586456299,0.17649279534816742,-0.017838837578892708,0.20000000298023224,0.0,2809,3230,32766,1317,2019,3.5208210945129395
2026-04-07T12:30:49.416,radio://0/80/2M,mission,1,0,Reacquire Wall,3007,0,0,0,0.0,0,0,0.0,0.0,18954,0,5,0.9046798944473267,0.17649279534816742,-0.017838837578892708,0.20000000298023224,0.0,2809,3230,32766,1317,2019,3.5208210945129395
2026-04-07T12:30:49.419,radio://0/80/2M,flow,1,0,Reacquire Wall,3007,0,0,0,0.0,0,0,0.0,0.0,19204,0,-6,0.9046798944473267,0.16299806535243988,-0.005966329015791416,0.20000000298023224,0.0,2809,3230,32766,1317,2019,3.5208210945129395
2026-04-07T12:30:49.420,radio://0/80/2M,range,1,0,Reacquire Wall,3007,0,0,0,0.0,0,0,0.0,0.0,19204,0,-6,0.9046798944473267,0.16299806535243988,-0.005966329015791416,0.20000000298023224,0.0,2649,985,32766,1462,2020,3.4944281578063965
2026-04-07T12:30:49.666,radio://0/80/2M,mission,1,0,Reacquire Wall,3007,0,0,0,0.0,0,0,0.0,0.0,19204,0,-6,0.8963556289672852,0.16299806535243988,-0.005966329015791416,0.20000000298023224,0.0,2649,985,32766,1462,2020,3.4944281578063965
2026-04-07T12:30:49.669,radio://0/80/2M,flow,1,0,Reacquire Wall,3007,0,0,0,0.0,0,0,0.0,0.0,19454,2,-5,0.8963556289672852,0.2984861731529236,-0.03141028434038162,0.20000000298023224,0.0,2649,985,32766,1462,2020,3.4944281578063965
2026-04-07T12:30:49.670,radio://0/80/2M,range,1,0,Reacquire Wall,3007,0,0,0,0.0,0,0,0.0,0.0,19454,2,-5,0.8963556289672852,0.2984861731529236,-0.03141028434038162,0.20000000298023224,0.0,2539,944,32766,1570,2029,3.489149570465088
2026-04-07T12:30:49.915,radio://0/80/2M,mission,1,0,Reacquire Wall,3007,0,0,0,0.0,0,0,0.0,0.0,19454,2,-5,0.8842908143997192,0.2984861731529236,-0.03141028434038162,0.20000000298023224,0.0,2539,944,32766,1570,2029,3.489149570465088
2026-04-07T12:30:49.918,radio://0/80/2M,flow,1,0,Reacquire Wall,2820,0,0,0,0.0,0,0,0.0,0.0,19704,2,-5,0.8842908143997192,0.30208542943000793,-0.050218336284160614,0.20000000298023224,0.0,2539,944,32766,1570,2029,3.489149570465088
2026-04-07T12:30:49.920,radio://0/80/2M,range,1,0,Reacquire Wall,2820,0,0,0,0.0,0,0,0.0,0.0,19704,2,-5,0.8842908143997192,0.30208542943000793,-0.050218336284160614,0.20000000298023224,0.0,2363,951,32766,1761,2043,3.4574780464172363
2026-04-07T12:30:50.165,radio://0/80/2M,mission,1,0,Reacquire Wall,2820,0,0,0,0.0,0,0,0.0,0.0,19704,2,-5,0.8759036660194397,0.30208542943000793,-0.050218336284160614,0.20000000298023224,0.0,2363,951,32766,1761,2043,3.4574780464172363
2026-04-07T12:30:50.169,radio://0/80/2M,flow,1,0,Reacquire Wall,2644,0,0,0,0.0,0,0,0.0,0.0,19954,0,-5,0.8759036660194397,0.2714689373970032,-0.05709908530116081,0.20000000298023224,0.0,2363,951,32766,1761,2043,3.4574780464172363
2026-04-07T12:30:50.170,radio://0/80/2M,range,1,0,Reacquire Wall,2644,0,0,0,0.0,0,0,0.0,0.0,19954,0,-5,0.8759036660194397,0.2714689373970032,-0.05709908530116081,0.20000000298023224,0.0,2262,961,32766,1861,2054,3.473313808441162
2026-04-07T12:30:50.415,radio://0/80/2M,mission,1,0,Reacquire Wall,2644,0,0,0,0.0,0,0,0.0,0.0,19954,0,-5,0.8734029531478882,0.2714689373970032,-0.05709908530116081,0.20000000298023224,0.0,2262,961,32766,1861,2054,3.473313808441162
2026-04-07T12:30:50.418,radio://0/80/2M,flow,1,0,Reacquire Wall,2644,0,0,0,0.0,0,0,0.0,0.0,20204,-1,-1,0.8734029531478882,0.28996652364730835,-0.03948387876152992,0.20000000298023224,0.0,2262,961,32766,1861,2054,3.473313808441162
2026-04-07T12:30:50.420,radio://0/80/2M,range,1,0,Reacquire Wall,2644,0,0,0,0.0,0,0,0.0,0.0,20204,-1,-1,0.8734029531478882,0.28996652364730835,-0.03948387876152992,0.20000000298023224,0.0,2127,977,32766,1964,2052,3.4574780464172363
2026-04-07T12:30:50.664,radio://0/80/2M,mission,1,0,Reacquire Wall,2644,0,0,0,0.0,0,0,0.0,0.0,20204,-1,-1,0.8697846531867981,0.28996652364730835,-0.03948387876152992,0.20000000298023224,0.0,2127,977,32766,1964,2052,3.4574780464172363
2026-04-07T12:30:50.668,radio://0/80/2M,flow,1,0,Reacquire Wall,2644,0,0,0,0.0,0,0,0.0,0.0,20454,0,0,0.8697846531867981,0.2782944142818451,-0.05382620170712471,0.20000000298023224,0.0,2127,977,32766,1964,2052,3.4574780464172363
2026-04-07T12:30:50.670,radio://0/80/2M,range,1,0,Reacquire Wall,2644,0,0,0,0.0,0,0,0.0,0.0,20454,0,0,0.8697846531867981,0.2782944142818451,-0.05382620170712471,0.20000000298023224,0.0,2056,1000,32766,2046,2056,3.4574780464172363
2026-04-07T12:30:50.915,radio://0/80/2M,mission,1,0,Reacquire Wall,2644,0,0,0,0.0,0,0,0.0,0.0,20454,0,0,0.8653000593185425,0.2782944142818451,-0.05382620170712471,0.20000000298023224,0.0,2056,1000,32766,2046,2056,3.4574780464172363
2026-04-07T12:30:50.918,radio://0/80/2M,flow,1,0,Reacquire Wall,2809,0,0,0,0.0,0,0,0.0,0.0,20704,1,0,0.8653000593185425,0.25672030448913574,-0.03985953330993652,0.20000000298023224,0.0,2056,1000,32766,2046,2056,3.4574780464172363
2026-04-07T12:30:50.919,radio://0/80/2M,range,1,0,Reacquire Wall,2809,0,0,0,0.0,0,0,0.0,0.0,20704,1,0,0.8653000593185425,0.25672030448913574,-0.03985953330993652,0.20000000298023224,0.0,1979,1019,32766,2137,2060,3.4521994590759277
2026-04-07T12:30:51.164,radio://0/80/2M,mission,1,0,Reacquire Wall,2809,0,0,0,0.0,0,0,0.0,0.0,20704,1,0,0.8619574904441833,0.25672030448913574,-0.03985953330993652,0.20000000298023224,0.0,1979,1019,32766,2137,2060,3.4521994590759277
2026-04-07T12:30:51.167,radio://0/80/2M,flow,1,0,Reacquire Wall,2809,0,0,0,0.0,0,0,0.0,0.0,20954,0,0,0.8619574904441833,0.23507504165172577,0.009830514900386333,0.20000000298023224,0.0,1979,1019,32766,2137,2060,3.4521994590759277
2026-04-07T12:30:51.169,radio://0/80/2M,range,1,0,Reacquire Wall,2809,0,0,0,0.0,0,0,0.0,0.0,20954,0,0,0.8619574904441833,0.23507504165172577,0.009830514900386333,0.20000000298023224,0.0,1931,1025,483,2184,2063,3.4416422843933105
2026-04-07T12:30:51.414,radio://0/80/2M,mission,1,0,Reacquire Wall,2809,0,0,0,0.0,0,0,0.0,0.0,20954,0,0,0.8585611581802368,0.23507504165172577,0.009830514900386333,0.20000000298023224,0.0,1931,1025,483,2184,2063,3.4416422843933105
2026-04-07T12:30:51.418,radio://0/80/2M,flow,1,0,Reacquire Wall,2984,0,0,0,0.0,0,0,0.0,0.0,21204,0,0,0.8585611581802368,0.22398771345615387,-0.003907923121005297,0.20000000298023224,0.0,1931,1025,483,2184,2063,3.4416422843933105
2026-04-07T12:30:51.419,radio://0/80/2M,range,1,0,Reacquire Wall,2984,0,0,0,0.0,0,0,0.0,0.0,21204,0,0,0.8585611581802368,0.22398771345615387,-0.003907923121005297,0.20000000298023224,0.0,1874,1025,482,2234,2062,3.4258065223693848
2026-04-07T12:30:51.664,radio://0/80/2M,mission,1,0,Reacquire Wall,2984,0,0,0,0.0,0,0,0.0,0.0,21204,0,0,0.8548069596290588,0.22398771345615387,-0.003907923121005297,0.20000000298023224,0.0,1874,1025,482,2234,2062,3.4258065223693848
2026-04-07T12:30:51.667,radio://0/80/2M,flow,1,0,Reacquire Wall,3170,0,0,0,0.0,0,0,0.0,0.0,21454,0,0,0.8548069596290588,0.20452091097831726,-0.012458384968340397,0.20000000298023224,0.0,1874,1025,482,2234,2062,3.4258065223693848
2026-04-07T12:30:51.668,radio://0/80/2M,range,1,0,Reacquire Wall,3170,0,0,0,0.0,0,0,0.0,0.0,21454,0,0,0.8548069596290588,0.20452091097831726,-0.012458384968340397,0.20000000298023224,0.0,1839,1027,486,2274,2065,3.436363697052002
2026-04-07T12:30:51.914,radio://0/80/2M,mission,1,0,Reacquire Wall,3170,0,0,0,0.0,0,0,0.0,0.0,21454,0,0,0.8499570488929749,0.20452091097831726,-0.012458384968340397,0.20000000298023224,0.0,1839,1027,486,2274,2065,3.436363697052002
2026-04-07T12:30:51.917,radio://0/80/2M,flow,1,0,Reacquire Wall,3170,0,0,0,0.0,0,0,0.0,0.0,21704,0,0,0.8499570488929749,0.2007586508989334,-0.011327913962304592,0.20000000298023224,0.0,1839,1027,486,2274,2065,3.436363697052002
2026-04-07T12:30:51.918,radio://0/80/2M,range,1,0,Reacquire Wall,3170,0,0,0,0.0,0,0,0.0,0.0,21704,0,0,0.8499570488929749,0.2007586508989334,-0.011327913962304592,0.20000000298023224,0.0,1800,1029,491,2316,2075,3.4258065223693848
2026-04-07T12:30:52.164,radio://0/80/2M,mission,1,0,Reacquire Wall,3170,0,0,0,0.0,0,0,0.0,0.0,21704,0,0,0.8464329242706299,0.2007586508989334,-0.011327913962304592,0.20000000298023224,0.0,1800,1029,491,2316,2075,3.4258065223693848
2026-04-07T12:30:52.166,radio://0/80/2M,flow,1,0,Reacquire Wall,3368,0,0,0,0.0,0,0,0.0,0.0,21954,0,-2,0.8464329242706299,0.2056902050971985,0.016669493168592453,0.20000000298023224,0.0,1800,1029,491,2316,2075,3.4258065223693848
2026-04-07T12:30:52.167,radio://0/80/2M,range,1,0,Reacquire Wall,3368,0,0,0,0.0,0,0,0.0,0.0,21954,0,-2,0.8464329242706299,0.2056902050971985,0.016669493168592453,0.20000000298023224,0.0,1755,1021,495,2340,2079,3.4310851097106934
2026-04-07T12:30:52.415,radio://0/80/2M,mission,1,0,Reacquire Wall,3368,0,0,0,0.0,0,0,0.0,0.0,21954,0,-2,0.8425093293190002,0.2056902050971985,0.016669493168592453,0.20000000298023224,0.0,1755,1021,495,2340,2079,3.4310851097106934
2026-04-07T12:30:52.416,radio://0/80/2M,flow,1,0,Reacquire Wall,3578,0,0,0,0.0,0,0,0.0,0.0,22204,0,-4,0.8425093293190002,0.19638706743717194,0.01671178825199604,0.20000000298023224,0.0,1755,1021,495,2340,2079,3.4310851097106934
2026-04-07T12:30:52.417,radio://0/80/2M,range,1,0,Reacquire Wall,3578,0,0,0,0.0,0,0,0.0,0.0,22204,0,-4,0.8425093293190002,0.19638706743717194,0.01671178825199604,0.20000000298023224,0.0,1722,1013,501,2370,2079,3.4310851097106934
2026-04-07T12:30:52.663,radio://0/80/2M,mission,1,0,Reacquire Wall,3578,0,0,0,0.0,0,0,0.0,0.0,22204,0,-4,0.8384503126144409,0.19638706743717194,0.01671178825199604,0.20000000298023224,0.0,1722,1013,501,2370,2079,3.4310851097106934
2026-04-07T12:30:52.666,radio://0/80/2M,flow,1,0,Reacquire Wall,3578,0,0,0,0.0,0,0,0.0,0.0,22454,0,-1,0.8384503126144409,0.20821650326251984,-0.001815199851989746,0.20000000298023224,0.0,1722,1013,501,2370,2079,3.4310851097106934
2026-04-07T12:30:52.668,radio://0/80/2M,range,1,0,Reacquire Wall,3578,0,0,0,0.0,0,0,0.0,0.0,22454,0,-1,0.8384503126144409,0.20821650326251984,-0.001815199851989746,0.20000000298023224,0.0,1694,1008,504,2419,2086,3.420527935028076
2026-04-07T12:30:52.914,radio://0/80/2M,mission,1,0,Reacquire Wall,3578,0,0,0,0.0,0,0,0.0,0.0,22454,0,-1,0.8291750550270081,0.20821650326251984,-0.001815199851989746,0.20000000298023224,0.0,1694,1008,504,2419,2086,3.420527935028076
2026-04-07T12:30:52.917,radio://0/80/2M,flow,1,0,Reacquire Wall,3578,0,0,0,0.0,0,0,0.0,0.0,22704,0,0,0.8291750550270081,0.1921529620885849,-0.014983264729380608,0.20000000298023224,0.0,1694,1008,504,2419,2086,3.420527935028076
2026-04-07T12:30:52.919,radio://0/80/2M,range,1,0,Reacquire Wall,3578,0,0,0,0.0,0,0,0.0,0.0,22704,0,0,0.8291750550270081,0.1921529620885849,-0.014983264729380608,0.20000000298023224,0.0,1648,1008,509,2482,2092,3.409970760345459
2026-04-07T12:30:53.163,radio://0/80/2M,mission,1,0,Reacquire Wall,3578,0,0,0,0.0,0,0,0.0,0.0,22704,0,0,0.8238734602928162,0.1921529620885849,-0.014983264729380608,0.20000000298023224,0.0,1648,1008,509,2482,2092,3.409970760345459
2026-04-07T12:30:53.165,radio://0/80/2M,flow,1,0,Reacquire Wall,3578,0,0,0,0.0,0,0,0.0,0.0,22954,0,-1,0.8238734602928162,0.17883120477199554,-0.033056292682886124,0.20000000298023224,0.0,1648,1008,509,2482,2092,3.409970760345459
2026-04-07T12:30:53.167,radio://0/80/2M,range,1,0,Reacquire Wall,3578,0,0,0,0.0,0,0,0.0,0.0,22954,0,-1,0.8238734602928162,0.17883120477199554,-0.033056292682886124,0.20000000298023224,0.0,1618,1003,507,2475,2094,3.4046921730041504
2026-04-07T12:30:53.413,radio://0/80/2M,mission,1,0,Reacquire Wall,3578,0,0,0,0.0,0,0,0.0,0.0,22954,0,-1,0.8231024146080017,0.17883120477199554,-0.033056292682886124,0.20000000298023224,0.0,1618,1003,507,2475,2094,3.4046921730041504
2026-04-07T12:30:53.415,radio://0/80/2M,flow,1,0,Reacquire Wall,3801,0,0,0,0.0,0,0,0.0,0.0,23204,0,0,0.8231024146080017,0.20900876820087433,-0.02931072749197483,0.20000000298023224,0.0,1618,1003,507,2475,2094,3.4046921730041504
2026-04-07T12:30:53.416,radio://0/80/2M,range,1,0,Reacquire Wall,3801,0,0,0,0.0,0,0,0.0,0.0,23204,0,0,0.8231024146080017,0.20900876820087433,-0.02931072749197483,0.20000000298023224,0.0,1586,1002,507,2508,2098,3.4152493476867676
2026-04-07T12:30:53.662,radio://0/80/2M,mission,1,0,Reacquire Wall,3801,0,0,0,0.0,0,0,0.0,0.0,23204,0,0,0.8211369514465332,0.20900876820087433,-0.02931072749197483,0.20000000298023224,0.0,1586,1002,507,2508,2098,3.4152493476867676
2026-04-07T12:30:53.665,radio://0/80/2M,flow,1,0,Reacquire Wall,3801,0,0,0,0.0,0,0,0.0,0.0,23454,0,0,0.8211369514465332,0.21149179339408875,0.002877698978409171,0.20000000298023224,0.0,1586,1002,507,2508,2098,3.4152493476867676
2026-04-07T12:30:53.666,radio://0/80/2M,range,1,0,Reacquire Wall,3801,0,0,0,0.0,0,0,0.0,0.0,23454,0,0,0.8211369514465332,0.21149179339408875,0.002877698978409171,0.20000000298023224,0.0,1552,996,507,2534,2095,3.4046921730041504
2026-04-07T12:30:53.913,radio://0/80/2M,mission,1,0,Reacquire Wall,3801,0,0,0,0.0,0,0,0.0,0.0,23454,0,0,0.8181176781654358,0.21149179339408875,0.002877698978409171,0.20000000298023224,0.0,1552,996,507,2534,2095,3.4046921730041504
2026-04-07T12:30:53.915,radio://0/80/2M,flow,1,0,Reacquire Wall,3801,0,0,0,0.0,0,0,0.0,0.0,23704,0,0,0.8181176781654358,0.18211719393730164,0.006033142097294331,0.20000000298023224,0.0,1552,996,507,2534,2095,3.4046921730041504
2026-04-07T12:30:53.916,radio://0/80/2M,range,1,0,Reacquire Wall,3801,0,0,0,0.0,0,0,0.0,0.0,23704,0,0,0.8181176781654358,0.18211719393730164,0.006033142097294331,0.20000000298023224,0.0,1517,988,510,2569,2102,3.4152493476867676
2026-04-07T12:30:54.162,radio://0/80/2M,mission,1,0,Reacquire Wall,3801,0,0,0,0.0,0,0,0.0,0.0,23704,0,0,0.8139324188232422,0.18211719393730164,0.006033142097294331,0.20000000298023224,0.0,1517,988,510,2569,2102,3.4152493476867676
2026-04-07T12:30:54.165,radio://0/80/2M,flow,1,0,Reacquire Wall,3801,0,0,0,0.0,0,0,0.0,0.0,23954,0,-1,0.8139324188232422,0.18828390538692474,-0.01906062848865986,0.20000000298023224,0.0,1517,988,510,2569,2102,3.4152493476867676
2026-04-07T12:30:54.167,radio://0/80/2M,range,1,0,Reacquire Wall,3801,0,0,0,0.0,0,0,0.0,0.0,23954,0,-1,0.8139324188232422,0.18828390538692474,-0.01906062848865986,0.20000000298023224,0.0,1500,985,516,2583,2100,3.394134998321533
2026-04-07T12:30:54.411,radio://0/80/2M,mission,1,0,Reacquire Wall,3801,0,0,0,0.0,0,0,0.0,0.0,23954,0,-1,0.819208562374115,0.18828390538692474,-0.01906062848865986,0.20000000298023224,0.0,1500,985,516,2583,2100,3.394134998321533
2026-04-07T12:30:54.414,radio://0/80/2M,flow,1,0,Reacquire Wall,3801,0,0,0,0.0,0,0,0.0,0.0,24204,0,0,0.819208562374115,0.209695503115654,-0.02083570696413517,0.20000000298023224,0.0,1500,985,516,2583,2100,3.394134998321533
2026-04-07T12:30:54.415,radio://0/80/2M,range,1,0,Reacquire Wall,3801,0,0,0,0.0,0,0,0.0,0.0,24204,0,0,0.819208562374115,0.209695503115654,-0.02083570696413517,0.20000000298023224,0.0,1466,984,509,2615,2105,3.4046921730041504
2026-04-07T12:30:54.661,radio://0/80/2M,mission,1,0,Reacquire Wall,3801,0,0,0,0.0,0,0,0.0,0.0,24204,0,0,0.8229772448539734,0.209695503115654,-0.02083570696413517,0.20000000298023224,0.0,1466,984,509,2615,2105,3.4046921730041504
2026-04-07T12:30:54.665,radio://0/80/2M,flow,1,0,Reacquire Wall,4038,0,0,0,0.0,0,0,0.0,0.0,24454,0,-2,0.8229772448539734,0.2155630737543106,-0.014808318577706814,0.20000000298023224,0.0,1466,984,509,2615,2105,3.4046921730041504
2026-04-07T12:30:54.666,radio://0/80/2M,range,1,0,Reacquire Wall,4038,0,0,0,0.0,0,0,0.0,0.0,24454,0,-2,0.8229772448539734,0.2155630737543106,-0.014808318577706814,0.20000000298023224,0.0,1438,983,507,2636,2100,3.4046921730041504
2026-04-07T12:30:54.911,radio://0/80/2M,mission,1,0,Reacquire Wall,4038,0,0,0,0.0,0,0,0.0,0.0,24454,0,-2,0.8224719762802124,0.2155630737543106,-0.014808318577706814,0.20000000298023224,0.0,1438,983,507,2636,2100,3.4046921730041504
2026-04-07T12:30:54.915,radio://0/80/2M,flow,1,0,Reacquire Wall,4038,0,0,0,0.0,0,0,0.0,0.0,24704,0,0,0.8224719762802124,0.22237901389598846,-0.01158875972032547,0.20000000298023224,0.0,1438,983,507,2636,2100,3.4046921730041504
2026-04-07T12:30:54.916,radio://0/80/2M,range,1,0,Reacquire Wall,4038,0,0,0,0.0,0,0,0.0,0.0,24704,0,0,0.8224719762802124,0.22237901389598846,-0.01158875972032547,0.20000000298023224,0.0,1399,986,504,2681,2099,3.3888564109802246
2026-04-07T12:30:55.161,radio://0/80/2M,mission,1,0,Reacquire Wall,4038,0,0,0,0.0,0,0,0.0,0.0,24704,0,0,0.824809193611145,0.22237901389598846,-0.01158875972032547,0.20000000298023224,0.0,1399,986,504,2681,2099,3.3888564109802246
2026-04-07T12:30:55.164,radio://0/80/2M,flow,1,0,Reacquire Wall,4038,0,0,0,0.0,0,0,0.0,0.0,24954,0,0,0.824809193611145,0.21486638486385345,-0.01734311319887638,0.20000000298023224,0.0,1399,986,504,2681,2099,3.3888564109802246
2026-04-07T12:30:55.165,radio://0/80/2M,range,1,0,Reacquire Wall,4038,0,0,0,0.0,0,0,0.0,0.0,24954,0,0,0.824809193611145,0.21486638486385345,-0.01734311319887638,0.20000000298023224,0.0,1380,991,498,2695,2102,3.394134998321533
2026-04-07T12:30:55.411,radio://0/80/2M,mission,1,0,Reacquire Wall,4038,0,0,0,0.0,0,0,0.0,0.0,24954,0,0,0.8226928114891052,0.21486638486385345,-0.01734311319887638,0.20000000298023224,0.0,1380,991,498,2695,2102,3.394134998321533
2026-04-07T12:30:55.414,radio://0/80/2M,flow,1,0,Reacquire Wall,4290,0,0,0,0.0,0,0,0.0,0.0,25204,0,0,0.8226928114891052,0.18512322008609772,-0.021021626889705658,0.20000000298023224,0.0,1380,991,498,2695,2102,3.394134998321533
2026-04-07T12:30:55.415,radio://0/80/2M,range,1,0,Reacquire Wall,4290,0,0,0,0.0,0,0,0.0,0.0,25204,0,0,0.8226928114891052,0.18512322008609772,-0.021021626889705658,0.20000000298023224,0.0,1352,993,498,2712,2102,3.383577823638916
2026-04-07T12:30:55.661,radio://0/80/2M,mission,1,0,Reacquire Wall,4290,0,0,0,0.0,0,0,0.0,0.0,25204,0,0,0.8176495432853699,0.18512322008609772,-0.021021626889705658,0.20000000298023224,0.0,1352,993,498,2712,2102,3.383577823638916
2026-04-07T12:30:55.664,radio://0/80/2M,flow,1,0,Reacquire Wall,4290,0,0,0,0.0,0,0,0.0,0.0,25454,0,-1,0.8176495432853699,0.17297811806201935,-0.025353820994496346,0.20000000298023224,0.0,1352,993,498,2712,2102,3.383577823638916
2026-04-07T12:30:55.665,radio://0/80/2M,range,1,0,Reacquire Wall,4290,0,0,0,0.0,0,0,0.0,0.0,25454,0,-1,0.8176495432853699,0.17297811806201935,-0.025353820994496346,0.20000000298023224,0.0,1332,1003,486,2733,2108,3.3888564109802246
2026-04-07T12:30:55.910,radio://0/80/2M,mission,1,0,Reacquire Wall,4290,0,0,0,0.0,0,0,0.0,0.0,25454,0,-1,0.8193957209587097,0.17297811806201935,-0.025353820994496346,0.20000000298023224,0.0,1332,1003,486,2733,2108,3.3888564109802246
2026-04-07T12:30:55.914,radio://0/80/2M,flow,1,0,Reacquire Wall,4290,0,0,0,0.0,0,0,0.0,0.0,25704,1,-1,0.8193957209587097,0.17489741742610931,-0.016850370913743973,0.20000000298023224,0.0,1332,1003,486,2733,2108,3.3888564109802246
2026-04-07T12:30:55.915,radio://0/80/2M,range,1,0,Reacquire Wall,4290,0,0,0,0.0,0,0,0.0,0.0,25704,1,-1,0.8193957209587097,0.17489741742610931,-0.016850370913743973,0.20000000298023224,0.0,1318,1001,486,2745,2104,3.383577823638916
2026-04-07T12:30:56.160,radio://0/80/2M,mission,1,0,Reacquire Wall,4290,0,0,0,0.0,0,0,0.0,0.0,25704,1,-1,0.8174495100975037,0.17489741742610931,-0.016850370913743973,0.20000000298023224,0.0,1318,1001,486,2745,2104,3.383577823638916
2026-04-07T12:30:56.164,radio://0/80/2M,flow,1,0,Reacquire Wall,4290,0,0,0,0.0,0,0,0.0,0.0,25954,0,0,0.8174495100975037,0.20483481884002686,-0.00862588919699192,0.20000000298023224,0.0,1318,1001,486,2745,2104,3.383577823638916
2026-04-07T12:30:56.165,radio://0/80/2M,range,1,0,Reacquire Wall,4290,0,0,0,0.0,0,0,0.0,0.0,25954,0,0,0.8174495100975037,0.20483481884002686,-0.00862588919699192,0.20000000298023224,0.0,1300,1003,489,2757,2103,3.3782992362976074
2026-04-07T12:30:56.409,radio://0/80/2M,mission,1,0,Reacquire Wall,4290,0,0,0,0.0,0,0,0.0,0.0,25954,0,0,0.8127488493919373,0.20483481884002686,-0.00862588919699192,0.20000000298023224,0.0,1300,1003,489,2757,2103,3.3782992362976074
2026-04-07T12:30:56.413,radio://0/80/2M,flow,1,0,Reacquire Wall,4290,0,0,0,0.0,0,0,0.0,0.0,26204,-2,-2,0.8127488493919373,0.22177143394947052,0.025654779747128487,0.20000000298023224,0.0,1300,1003,489,2757,2103,3.3782992362976074
2026-04-07T12:30:56.414,radio://0/80/2M,range,1,0,Reacquire Wall,4290,0,0,0,0.0,0,0,0.0,0.0,26204,-2,-2,0.8127488493919373,0.22177143394947052,0.025654779747128487,0.20000000298023224,0.0,1258,1000,516,2812,2105,3.346627712249756
2026-04-07T12:30:56.684,radio://0/80/2M,mission,1,0,Reacquire Wall,4290,0,0,0,0.0,0,0,0.0,0.0,26204,-2,-2,0.8144834637641907,0.22177143394947052,0.025654779747128487,0.20000000298023224,0.0,1258,1000,516,2812,2105,3.346627712249756
2026-04-07T12:30:56.690,radio://0/80/2M,flow,1,0,Reacquire Wall,4290,0,0,0,0.0,0,0,0.0,0.0,26454,-1,-1,0.8144834637641907,0.20096726715564728,0.022353461012244225,0.20000000298023224,0.0,1258,1000,516,2812,2105,3.346627712249756
2026-04-07T12:30:56.692,radio://0/80/2M,range,1,0,Reacquire Wall,4290,0,0,0,0.0,0,0,0.0,0.0,26454,-1,-1,0.8144834637641907,0.20096726715564728,0.022353461012244225,0.20000000298023224,0.0,1230,993,548,2835,2103,3.3782992362976074
2026-04-07T12:30:56.910,radio://0/80/2M,mission,1,0,Reacquire Wall,4290,0,0,0,0.0,0,0,0.0,0.0,26454,-1,-1,0.8162259459495544,0.20096726715564728,0.022353461012244225,0.20000000298023224,0.0,1230,993,548,2835,2103,3.3782992362976074
2026-04-07T12:30:56.913,radio://0/80/2M,flow,1,0,Reacquire Wall,4290,0,0,0,0.0,0,0,0.0,0.0,26704,0,-1,0.8162259459495544,0.20252852141857147,-0.00585608184337616,0.20000000298023224,0.0,1230,993,548,2835,2103,3.3782992362976074
2026-04-07T12:30:56.914,radio://0/80/2M,range,1,0,Reacquire Wall,4290,0,0,0,0.0,0,0,0.0,0.0,26704,0,-1,0.8162259459495544,0.20252852141857147,-0.00585608184337616,0.20000000298023224,0.0,1199,989,32766,2874,2095,3.3782992362976074
2026-04-07T12:30:57.161,radio://0/80/2M,mission,1,5,Transition,4290,0,0,0,0.0,0,0,0.0,0.0,26704,0,-1,0.8094436526298523,0.20252852141857147,-0.00585608184337616,0.20000000298023224,0.0,1199,989,32766,2874,2095,3.3782992362976074
2026-04-07T12:30:57.163,radio://0/80/2M,flow,1,5,Transition,4290,0,0,0,0.0,0,0,0.0,0.0,26954,3,-6,0.8094436526298523,0.1429283767938614,-0.034378912299871445,0.0,0.0,1199,989,32766,2874,2095,3.3782992362976074
2026-04-07T12:30:57.164,radio://0/80/2M,range,1,5,Transition,4290,0,0,0,0.0,0,0,0.0,0.0,26954,3,-6,0.8094436526298523,0.1429283767938614,-0.034378912299871445,0.0,0.0,1180,995,1768,2870,2105,3.3519062995910645
2026-04-07T12:30:57.409,radio://0/80/2M,mission,1,2,Scan,4290,0,0,0,0.0,0,0,0.0,0.0,26954,3,-6,0.8098716735839844,0.1429283767938614,-0.034378912299871445,0.0,0.0,1180,995,1768,2870,2105,3.3519062995910645
2026-04-07T12:30:57.412,radio://0/80/2M,flow,1,2,Scan,4290,0,0,0,0.0,0,0,0.0,0.0,27204,0,0,0.8098716735839844,-0.005991678684949875,-0.021272609010338783,0.0,0.0,1180,995,1768,2870,2105,3.3519062995910645
2026-04-07T12:30:57.413,radio://0/80/2M,range,1,2,Scan,4290,0,0,0,0.0,0,0,0.0,0.0,27204,0,0,0.8098716735839844,-0.005991678684949875,-0.021272609010338783,0.0,0.0,1160,1005,1820,2849,2123,3.3624634742736816
2026-04-07T12:30:57.659,radio://0/80/2M,mission,1,2,Scan,4290,0,0,0,0.0,0,0,0.0,0.0,27204,0,0,0.8016358017921448,-0.005991678684949875,-0.021272609010338783,0.0,0.0,1160,1005,1820,2849,2123,3.3624634742736816
2026-04-07T12:30:57.663,radio://0/80/2M,flow,1,2,Scan,4290,0,0,0,0.0,0,0,0.0,0.0,27454,3,0,0.8016358017921448,-0.05366668477654457,-0.011241485364735126,0.0,0.0,1160,1005,1820,2849,2123,3.3624634742736816
2026-04-07T12:30:57.664,radio://0/80/2M,range,1,2,Scan,4290,0,0,0,0.0,0,0,0.0,0.0,27454,3,0,0.8016358017921448,-0.05366668477654457,-0.011241485364735126,0.0,0.0,1163,1003,1826,2828,2108,3.346627712249756
2026-04-07T12:30:57.909,radio://0/80/2M,mission,1,2,Scan,4290,0,0,0,0.0,0,0,0.0,0.0,27454,3,0,0.8090804219245911,-0.05366668477654457,-0.011241485364735126,0.0,0.0,1163,1003,1826,2828,2108,3.346627712249756
2026-04-07T12:30:57.913,radio://0/80/2M,flow,1,2,Scan,4290,0,0,0,0.0,0,0,0.0,0.0,27704,0,0,0.8090804219245911,0.016885269433259964,0.10315453261137009,0.0,0.0,1163,1003,1826,2828,2108,3.346627712249756
2026-04-07T12:30:57.914,radio://0/80/2M,range,1,2,Scan,4290,0,0,0,0.0,0,0,0.0,0.0,27704,0,0,0.8090804219245911,0.016885269433259964,0.10315453261137009,0.0,0.0,1195,982,1842,32766,2112,3.3413491249084473
2026-04-07T12:30:58.159,radio://0/80/2M,mission,1,2,Scan,4290,0,0,0,0.0,0,0,0.0,0.0,27704,0,0,0.8142011165618896,0.016885269433259964,0.10315453261137009,0.0,0.0,1195,982,1842,32766,2112,3.3413491249084473
2026-04-07T12:30:58.162,radio://0/80/2M,flow,1,2,Scan,4290,0,0,0,0.0,0,0,0.0,0.0,27954,-9,-2,0.8142011165618896,0.0025085890665650368,0.1410953551530838,0.0,0.0,1195,982,1842,32766,2112,3.3413491249084473
2026-04-07T12:30:58.163,radio://0/80/2M,range,1,2,Scan,4290,0,0,0,0.0,0,0,0.0,0.0,27954,-9,-2,0.8142011165618896,0.0025085890665650368,0.1410953551530838,0.0,0.0,1218,989,1897,1281,2106,3.3519062995910645
2026-04-07T12:30:58.408,radio://0/80/2M,mission,1,2,Scan,4290,0,0,0,0.0,0,0,0.0,0.0,27954,-9,-2,0.8133810758590698,0.0025085890665650368,0.1410953551530838,0.0,0.0,1218,989,1897,1281,2106,3.3519062995910645
2026-04-07T12:30:58.411,radio://0/80/2M,flow,1,2,Scan,4290,0,0,0,0.0,0,0,0.0,0.0,28204,2,0,0.8133810758590698,-0.02026272751390934,-0.012526718899607658,0.0,0.0,1218,989,1897,1281,2106,3.3519062995910645
2026-04-07T12:30:58.413,radio://0/80/2M,range,1,2,Scan,4290,0,0,0,0.0,0,0,0.0,0.0,28204,2,0,0.8133810758590698,-0.02026272751390934,-0.012526718899607658,0.0,0.0,1293,1057,2141,32766,2099,3.373020648956299
2026-04-07T12:30:58.658,radio://0/80/2M,mission,1,2,Scan,4290,0,0,0,0.0,0,0,0.0,0.0,28204,2,0,0.8154392838478088,-0.02026272751390934,-0.012526718899607658,0.0,0.0,1293,1057,2141,32766,2099,3.373020648956299
2026-04-07T12:30:58.662,radio://0/80/2M,flow,1,2,Scan,4290,0,0,0,0.0,0,0,0.0,0.0,28454,0,0,0.8154392838478088,-0.032638173550367355,-0.058145053684711456,0.0,0.0,1293,1057,2141,32766,2099,3.373020648956299
2026-04-07T12:30:58.663,radio://0/80/2M,range,1,2,Scan,4290,0,0,0,0.0,0,0,0.0,0.0,28454,0,0,0.8154392838478088,-0.032638173550367355,-0.058145053684711456,0.0,0.0,1414,1143,2267,32766,2103,3.3677420616149902
2026-04-07T12:30:58.909,radio://0/80/2M,mission,1,2,Scan,4290,0,0,0,0.0,0,0,0.0,0.0,28454,0,0,0.8143661022186279,-0.032638173550367355,-0.058145053684711456,0.0,0.0,1414,1143,2267,32766,2103,3.3677420616149902
2026-04-07T12:30:58.913,radio://0/80/2M,flow,1,2,Scan,4290,0,0,0,0.0,0,0,0.0,0.0,28704,-1,3,0.8143661022186279,-0.046379368752241135,-0.08456922322511673,0.0,0.0,1414,1143,2267,32766,2103,3.3677420616149902
2026-04-07T12:30:58.914,radio://0/80/2M,range,1,2,Scan,4290,0,0,0,0.0,0,0,0.0,0.0,28704,-1,3,0.8143661022186279,-0.046379368752241135,-0.08456922322511673,0.0,0.0,1436,1311,32766,760,2102,3.3782992362976074
2026-04-07T12:30:59.158,radio://0/80/2M,mission,1,2,Scan,4290,0,0,0,0.0,0,0,0.0,0.0,28704,-1,3,0.8075821399688721,-0.046379368752241135,-0.08456922322511673,0.0,0.0,1436,1311,32766,760,2102,3.3782992362976074
2026-04-07T12:30:59.161,radio://0/80/2M,flow,1,2,Scan,4290,0,0,0,0.0,0,0,0.0,0.0,28954,0,0,0.8075821399688721,-0.049687303602695465,-0.10408952087163925,0.0,0.0,1436,1311,32766,760,2102,3.3782992362976074
2026-04-07T12:30:59.162,radio://0/80/2M,range,1,2,Scan,4290,0,0,0,0.0,0,0,0.0,0.0,28954,0,0,0.8075821399688721,-0.049687303602695465,-0.10408952087163925,0.0,0.0,1307,1466,32766,679,2102,3.3782992362976074
2026-04-07T12:30:59.408,radio://0/80/2M,mission,1,2,Scan,4290,0,0,0,0.0,0,0,0.0,0.0,28954,0,0,0.8025386333465576,-0.049687303602695465,-0.10408952087163925,0.0,0.0,1307,1466,32766,679,2102,3.3782992362976074
2026-04-07T12:30:59.411,radio://0/80/2M,flow,1,2,Scan,4290,0,0,0,0.0,0,0,0.0,0.0,29204,0,-5,0.8025386333465576,0.04886980727314949,-0.1284089982509613,0.0,0.0,1307,1466,32766,679,2102,3.3782992362976074
2026-04-07T12:30:59.412,radio://0/80/2M,range,1,2,Scan,4290,0,0,0,0.0,0,0,0.0,0.0,29204,0,-5,0.8025386333465576,0.04886980727314949,-0.1284089982509613,0.0,0.0,1179,32766,32766,570,2106,3.3624634742736816
2026-04-07T12:30:59.657,radio://0/80/2M,mission,1,2,Scan,4290,0,0,0,0.0,0,0,0.0,0.0,29204,0,-5,0.8059172630310059,0.04886980727314949,-0.1284089982509613,0.0,0.0,1179,32766,32766,570,2106,3.3624634742736816
2026-04-07T12:30:59.661,radio://0/80/2M,flow,1,2,Scan,4022,0,0,0,0.0,0,0,0.0,0.0,29454,1,0,0.8059172630310059,0.07791201770305634,-0.09572548419237137,0.0,0.0,1179,32766,32766,570,2106,3.3624634742736816
2026-04-07T12:30:59.662,radio://0/80/2M,range,1,2,Scan,4022,0,0,0,0.0,0,0,0.0,0.0,29454,1,0,0.8059172630310059,0.07791201770305634,-0.09572548419237137,0.0,0.0,1136,32766,1214,558,2106,3.3624634742736816
2026-04-07T12:30:59.908,radio://0/80/2M,mission,1,2,Scan,4022,0,0,0,0.0,0,0,0.0,0.0,29454,1,0,0.8037300705909729,0.07791201770305634,-0.09572548419237137,0.0,0.0,1136,32766,1214,558,2106,3.3624634742736816
2026-04-07T12:30:59.911,radio://0/80/2M,flow,1,2,Scan,4022,0,0,0,0.0,0,0,0.0,0.0,29704,-1,0,0.8037300705909729,-0.011701149865984917,0.05472976714372635,0.0,0.0,1136,32766,1214,558,2106,3.3624634742736816
2026-04-07T12:30:59.912,radio://0/80/2M,range,1,2,Scan,4022,0,0,0,0.0,0,0,0.0,0.0,29704,-1,0,0.8037300705909729,-0.011701149865984917,0.05472976714372635,0.0,0.0,1036,3094,1057,1809,2128,3.3413491249084473
2026-04-07T12:31:00.158,radio://0/80/2M,mission,1,2,Scan,4022,0,0,0,0.0,0,0,0.0,0.0,29704,-1,0,0.8031643629074097,-0.011701149865984917,0.05472976714372635,0.0,0.0,1036,3094,1057,1809,2128,3.3413491249084473
2026-04-07T12:31:00.161,radio://0/80/2M,flow,1,2,Scan,4022,0,0,0,0.0,0,0,0.0,0.0,29954,-2,-1,0.8031643629074097,-0.16324007511138916,0.044674888253211975,0.0,0.0,1036,3094,1057,1809,2128,3.3413491249084473
2026-04-07T12:31:00.162,radio://0/80/2M,range,1,2,Scan,4022,0,0,0,0.0,0,0,0.0,0.0,29954,-2,-1,0.8031643629074097,-0.16324007511138916,0.044674888253211975,0.0,0.0,964,2994,1055,1884,2129,3.3519062995910645
2026-04-07T12:31:00.408,radio://0/80/2M,mission,1,2,Scan,4022,0,0,0,0.0,0,0,0.0,0.0,29954,-2,-1,0.8003119230270386,-0.16324007511138916,0.044674888253211975,0.0,0.0,964,2994,1055,1884,2129,3.3519062995910645
2026-04-07T12:31:00.411,radio://0/80/2M,flow,1,2,Scan,4273,0,0,0,0.0,0,0,0.0,0.0,30204,-6,0,0.8003119230270386,-0.16413603723049164,-0.20176202058792114,0.0,0.0,964,2994,1055,1884,2129,3.3519062995910645
2026-04-07T12:31:00.412,radio://0/80/2M,range,1,2,Scan,4273,0,0,0,0.0,0,0,0.0,0.0,30204,-6,0,0.8003119230270386,-0.16413603723049164,-0.20176202058792114,0.0,0.0,953,32766,1123,1897,2136,3.346627712249756
2026-04-07T12:31:00.656,radio://0/80/2M,mission,1,2,Scan,4273,0,0,0,0.0,0,0,0.0,0.0,30204,-6,0,0.7938753962516785,-0.16413603723049164,-0.20176202058792114,0.0,0.0,953,32766,1123,1897,2136,3.346627712249756
2026-04-07T12:31:00.660,radio://0/80/2M,flow,1,2,Scan,4273,0,0,0,0.0,0,0,0.0,0.0,30454,-7,8,0.7938753962516785,-0.060953494161367416,-0.26784154772758484,0.0,0.0,953,32766,1123,1897,2136,3.346627712249756
2026-04-07T12:31:00.661,radio://0/80/2M,range,1,2,Scan,4273,0,0,0,0.0,0,0,0.0,0.0,30454,-7,8,0.7938753962516785,-0.060953494161367416,-0.26784154772758484,0.0,0.0,1002,32766,1195,1980,2132,3.320234775543213
2026-04-07T12:31:00.906,radio://0/80/2M,mission,1,2,Scan,4273,0,0,0,0.0,0,0,0.0,0.0,30454,-7,8,0.7976930737495422,-0.060953494161367416,-0.26784154772758484,0.0,0.0,1002,32766,1195,1980,2132,3.320234775543213
2026-04-07T12:31:00.910,radio://0/80/2M,flow,1,2,Scan,4273,0,0,0,0.0,0,0,0.0,0.0,30704,0,0,0.7976930737495422,0.05963148921728134,-0.24823027849197388,0.0,0.0,1002,32766,1195,1980,2132,3.320234775543213
2026-04-07T12:31:00.911,radio://0/80/2M,range,1,2,Scan,4273,0,0,0,0.0,0,0,0.0,0.0,30704,0,0,0.7976930737495422,0.05963148921728134,-0.24823027849197388,0.0,0.0,1169,32766,1320,2189,2112,3.3413491249084473
2026-04-07T12:31:01.157,radio://0/80/2M,mission,1,2,Scan,4273,0,0,0,0.0,0,0,0.0,0.0,30704,0,0,0.8067473769187927,0.05963148921728134,-0.24823027849197388,0.0,0.0,1169,32766,1320,2189,2112,3.3413491249084473
2026-04-07T12:31:01.159,radio://0/80/2M,flow,1,2,Scan,4006,0,0,0,0.0,0,0,0.0,0.0,30954,0,0,0.8067473769187927,0.09939251095056534,-0.12883637845516205,0.0,0.0,1169,32766,1320,2189,2112,3.3413491249084473
2026-04-07T12:31:01.160,radio://0/80/2M,range,1,2,Scan,4006,0,0,0,0.0,0,0,0.0,0.0,30954,0,0,0.8067473769187927,0.09939251095056534,-0.12883637845516205,0.0,0.0,1287,761,1448,2245,2114,3.373020648956299
2026-04-07T12:31:01.407,radio://0/80/2M,mission,1,2,Scan,4006,0,0,0,0.0,0,0,0.0,0.0,30954,0,0,0.8066784143447876,0.09939251095056534,-0.12883637845516205,0.0,0.0,1287,761,1448,2245,2114,3.373020648956299
2026-04-07T12:31:01.410,radio://0/80/2M,flow,1,2,Scan,4006,0,0,0,0.0,0,0,0.0,0.0,31204,0,-1,0.8066784143447876,0.030063791200518608,-0.029619090259075165,0.0,0.0,1287,761,1448,2245,2114,3.373020648956299
2026-04-07T12:31:01.411,radio://0/80/2M,range,1,2,Scan,4006,0,0,0,0.0,0,0,0.0,0.0,31204,0,-1,0.8066784143447876,0.030063791200518608,-0.029619090259075165,0.0,0.0,1423,679,1372,32766,2116,3.3677420616149902
2026-04-07T12:31:01.656,radio://0/80/2M,mission,1,2,Scan,4006,0,0,0,0.0,0,0,0.0,0.0,31204,0,-1,0.8036250472068787,0.030063791200518608,-0.029619090259075165,0.0,0.0,1423,679,1372,32766,2116,3.3677420616149902
2026-04-07T12:31:01.659,radio://0/80/2M,flow,1,2,Scan,4006,0,0,0,0.0,0,0,0.0,0.0,31454,-2,-3,0.8036250472068787,-0.07980246841907501,-0.08704740554094315,0.0,0.0,1423,679,1372,32766,2116,3.3677420616149902
2026-04-07T12:31:01.660,radio://0/80/2M,range,1,2,Scan,4006,0,0,0,0.0,0,0,0.0,0.0,31454,-2,-3,0.8036250472068787,-0.07980246841907501,-0.08704740554094315,0.0,0.0,1545,642,1202,32766,2117,3.357184886932373
2026-04-07T12:31:01.906,radio://0/80/2M,mission,1,2,Scan,4006,0,0,0,0.0,0,0,0.0,0.0,31454,-2,-3,0.799399197101593,-0.07980246841907501,-0.08704740554094315,0.0,0.0,1545,642,1202,32766,2117,3.357184886932373
2026-04-07T12:31:01.909,radio://0/80/2M,flow,1,2,Scan,4006,0,0,0,0.0,0,0,0.0,0.0,31704,0,-1,0.799399197101593,-0.03393702581524849,-0.14663022756576538,0.0,0.0,1545,642,1202,32766,2117,3.357184886932373
2026-04-07T12:31:01.910,radio://0/80/2M,range,1,2,Scan,4006,0,0,0,0.0,0,0,0.0,0.0,31704,0,-1,0.799399197101593,-0.03393702581524849,-0.14663022756576538,0.0,0.0,32766,587,1072,32766,2130,3.357184886932373
2026-04-07T12:31:02.156,radio://0/80/2M,mission,1,2,Scan,4006,0,0,0,0.0,0,0,0.0,0.0,31704,0,-1,0.7929417490959167,-0.03393702581524849,-0.14663022756576538,0.0,0.0,32766,587,1072,32766,2130,3.357184886932373
2026-04-07T12:31:02.159,radio://0/80/2M,flow,1,2,Scan,4006,0,0,0,0.0,0,0,0.0,0.0,31954,0,1,0.7929417490959167,0.09725219756364822,-0.19113026559352875,0.0,0.0,32766,587,1072,32766,2130,3.357184886932373
2026-04-07T12:31:02.160,radio://0/80/2M,range,1,2,Scan,4006,0,0,0,0.0,0,0,0.0,0.0,31954,0,1,0.7929417490959167,0.09725219756364822,-0.19113026559352875,0.0,0.0,32766,557,1016,1230,2133,3.3413491249084473
2026-04-07T12:31:02.405,radio://0/80/2M,mission,1,2,Scan,4006,0,0,0,0.0,0,0,0.0,0.0,31954,0,1,0.7908974885940552,0.09725219756364822,-0.19113026559352875,0.0,0.0,32766,557,1016,1230,2133,3.3413491249084473
2026-04-07T12:31:02.409,radio://0/80/2M,flow,1,2,Scan,4006,0,0,0,0.0,0,0,0.0,0.0,32204,0,0,0.7908974885940552,0.21097354590892792,-0.1310434341430664,0.0,0.0,32766,557,1016,1230,2133,3.3413491249084473
2026-04-07T12:31:02.410,radio://0/80/2M,range,1,2,Scan,4006,0,0,0,0.0,0,0,0.0,0.0,32204,0,0,0.7908974885940552,0.21097354590892792,-0.1310434341430664,0.0,0.0,2928,32766,979,1169,2134,3.346627712249756
2026-04-07T12:31:02.656,radio://0/80/2M,mission,1,2,Scan,4006,0,0,0,0.0,0,0,0.0,0.0,32204,0,0,0.7929027676582336,0.21097354590892792,-0.1310434341430664,0.0,0.0,2928,32766,979,1169,2134,3.346627712249756
2026-04-07T12:31:02.658,radio://0/80/2M,flow,1,2,Scan,4006,0,0,0,0.0,0,0,0.0,0.0,32454,3,0,0.7929027676582336,0.1476244181394577,-0.032600339502096176,0.0,0.0,2928,32766,979,1169,2134,3.346627712249756
2026-04-07T12:31:02.660,radio://0/80/2M,range,1,2,Scan,4006,0,0,0,0.0,0,0,0.0,0.0,32454,3,0,0.7929027676582336,0.1476244181394577,-0.032600339502096176,0.0,0.0,2830,1868,961,1148,2119,3.346627712249756
2026-04-07T12:31:02.905,radio://0/80/2M,mission,1,2,Scan,4006,0,0,0,0.0,0,0,0.0,0.0,32454,3,0,0.804975152015686,0.1476244181394577,-0.032600339502096176,0.0,0.0,2830,1868,961,1148,2119,3.346627712249756
2026-04-07T12:31:02.908,radio://0/80/2M,flow,1,2,Scan,4006,0,0,0,0.0,0,0,0.0,0.0,32704,0,0,0.804975152015686,0.008909271098673344,-0.02548319660127163,0.0,0.0,2830,1868,961,1148,2119,3.346627712249756
2026-04-07T12:31:02.909,radio://0/80/2M,range,1,2,Scan,4006,0,0,0,0.0,0,0,0.0,0.0,32704,0,0,0.804975152015686,0.008909271098673344,-0.02548319660127163,0.0,0.0,32766,1884,964,1173,2111,3.3677420616149902
2026-04-07T12:31:03.155,radio://0/80/2M,mission,1,2,Scan,4006,0,0,0,0.0,0,0,0.0,0.0,32704,0,0,0.8085792660713196,0.008909271098673344,-0.02548319660127163,0.0,0.0,32766,1884,964,1173,2111,3.3677420616149902
2026-04-07T12:31:03.158,radio://0/80/2M,flow,1,2,Scan,4006,0,0,0,0.0,0,0,0.0,0.0,32954,0,-4,0.8085792660713196,0.04616744443774223,-0.09306710213422775,0.0,0.0,32766,1884,964,1173,2111,3.3677420616149902
2026-04-07T12:31:03.160,radio://0/80/2M,range,1,2,Scan,4006,0,0,0,0.0,0,0,0.0,0.0,32954,0,-4,0.8085792660713196,0.04616744443774223,-0.09306710213422775,0.0,0.0,32766,1986,1007,1239,2111,3.357184886932373
2026-04-07T12:31:03.406,radio://0/80/2M,mission,1,2,Scan,4006,0,0,0,0.0,0,0,0.0,0.0,32954,0,-4,0.8012465238571167,0.04616744443774223,-0.09306710213422775,0.0,0.0,32766,1986,1007,1239,2111,3.357184886932373
2026-04-07T12:31:03.407,radio://0/80/2M,flow,1,2,Scan,4006,0,0,0,0.0,0,0,0.0,0.0,33204,-2,0,0.8012465238571167,0.1533687263727188,-0.11019488424062729,0.0,0.0,32766,1986,1007,1239,2111,3.357184886932373
2026-04-07T12:31:03.408,radio://0/80/2M,range,1,2,Scan,4006,0,0,0,0.0,0,0,0.0,0.0,33204,-2,0,0.8012465238571167,0.1533687263727188,-0.11019488424062729,0.0,0.0,32766,2214,1144,1386,2115,3.346627712249756
2026-04-07T12:31:03.655,radio://0/80/2M,mission,1,2,Scan,4006,0,0,0,0.0,0,0,0.0,0.0,33204,-2,0,0.793309211730957,0.1533687263727188,-0.11019488424062729,0.0,0.0,32766,2214,1144,1386,2115,3.346627712249756
2026-04-07T12:31:03.658,radio://0/80/2M,flow,1,2,Scan,4006,0,0,0,0.0,0,0,0.0,0.0,33454,0,4,0.793309211730957,0.18840651214122772,-0.02039646916091442,0.0,0.0,32766,2214,1144,1386,2115,3.346627712249756
2026-04-07T12:31:03.659,radio://0/80/2M,range,1,2,Scan,4006,0,0,0,0.0,0,0,0.0,0.0,33454,0,4,0.793309211730957,0.18840651214122772,-0.02039646916091442,0.0,0.0,805,2295,1254,1467,2125,3.3413491249084473
2026-04-07T12:31:03.905,radio://0/80/2M,mission,1,2,Scan,4006,0,0,0,0.0,0,0,0.0,0.0,33454,0,4,0.7961511015892029,0.18840651214122772,-0.02039646916091442,0.0,0.0,805,2295,1254,1467,2125,3.3413491249084473
2026-04-07T12:31:03.907,radio://0/80/2M,flow,1,2,Scan,4006,0,0,0,0.0,0,0,0.0,0.0,33704,0,0,0.7961511015892029,0.11155726760625839,0.09896872192621231,0.0,0.0,805,2295,1254,1467,2125,3.3413491249084473
2026-04-07T12:31:03.908,radio://0/80/2M,range,1,2,Scan,4006,0,0,0,0.0,0,0,0.0,0.0,33704,0,0,0.7961511015892029,0.11155726760625839,0.09896872192621231,0.0,0.0,714,32766,1401,1348,2119,3.3413491249084473
2026-04-07T12:31:04.154,radio://0/80/2M,mission,1,2,Scan,4006,0,0,0,0.0,0,0,0.0,0.0,33704,0,0,0.8023265600204468,0.11155726760625839,0.09896872192621231,0.0,0.0,714,32766,1401,1348,2119,3.3413491249084473
2026-04-07T12:31:04.157,radio://0/80/2M,flow,1,2,Scan,4006,0,0,0,0.0,0,0,0.0,0.0,33954,0,0,0.8023265600204468,0.05571594461798668,0.09801913797855377,0.0,0.0,714,32766,1401,1348,2119,3.3413491249084473
2026-04-07T12:31:04.158,radio://0/80/2M,range,1,2,Scan,4006,0,0,0,0.0,0,0,0.0,0.0,33954,0,0,0.8023265600204468,0.05571594461798668,0.09801913797855377,0.0,0.0,678,32766,1519,1200,2113,3.3519062995910645
2026-04-07T12:31:04.405,radio://0/80/2M,mission,1,2,Scan,4006,0,0,0,0.0,0,0,0.0,0.0,33954,0,0,0.8022528886795044,0.05571594461798668,0.09801913797855377,0.0,0.0,678,32766,1519,1200,2113,3.3519062995910645
2026-04-07T12:31:04.407,radio://0/80/2M,flow,1,2,Scan,4006,0,0,0,0.0,0,0,0.0,0.0,34204,0,0,0.8022528886795044,0.08997312188148499,0.005749405827373266,0.0,0.0,678,32766,1519,1200,2113,3.3519062995910645
2026-04-07T12:31:04.408,radio://0/80/2M,range,1,2,Scan,4006,0,0,0,0.0,0,0,0.0,0.0,34204,0,0,0.8022528886795044,0.08997312188148499,0.005749405827373266,0.0,0.0,613,1285,32766,1083,2120,3.3360705375671387
2026-04-07T12:31:04.654,radio://0/80/2M,mission,1,2,Scan,4006,0,0,0,0.0,0,0,0.0,0.0,34204,0,0,0.7961148023605347,0.08997312188148499,0.005749405827373266,0.0,0.0,613,1285,32766,1083,2120,3.3360705375671387
2026-04-07T12:31:04.657,radio://0/80/2M,flow,1,2,Scan,4006,0,0,0,0.0,0,0,0.0,0.0,34454,0,-2,0.7961148023605347,0.13011565804481506,-0.0658532977104187,0.0,0.0,613,1285,32766,1083,2120,3.3360705375671387
2026-04-07T12:31:04.658,radio://0/80/2M,range,1,2,Scan,4006,0,0,0,0.0,0,0,0.0,0.0,34454,0,-2,0.7961148023605347,0.13011565804481506,-0.0658532977104187,0.0,0.0,586,1170,32766,1037,2120,3.314955949783325
2026-04-07T12:31:04.903,radio://0/80/2M,mission,1,2,Scan,4006,0,0,0,0.0,0,0,0.0,0.0,34454,0,-2,0.801622748374939,0.13011565804481506,-0.0658532977104187,0.0,0.0,586,1170,32766,1037,2120,3.314955949783325
2026-04-07T12:31:04.906,radio://0/80/2M,flow,1,2,Scan,4006,0,0,0,0.0,0,0,0.0,0.0,34704,0,0,0.801622748374939,0.16544876992702484,0.04823103919625282,0.0,0.0,586,1170,32766,1037,2120,3.314955949783325
2026-04-07T12:31:04.907,radio://0/80/2M,range,1,2,Scan,4006,0,0,0,0.0,0,0,0.0,0.0,34704,0,0,0.801622748374939,0.16544876992702484,0.04823103919625282,0.0,0.0,1813,1095,3013,1026,2124,3.3255133628845215
2026-04-07T12:31:05.153,radio://0/80/2M,mission,1,2,Scan,4006,0,0,0,0.0,0,0,0.0,0.0,34704,0,0,0.7993256449699402,0.16544876992702484,0.04823103919625282,0.0,0.0,1813,1095,3013,1026,2124,3.3255133628845215
2026-04-07T12:31:05.157,radio://0/80/2M,flow,1,2,Scan,4006,0,0,0,0.0,0,0,0.0,0.0,34954,-1,2,0.7993256449699402,0.14075574278831482,0.16420462727546692,0.0,0.0,1813,1095,3013,1026,2124,3.3255133628845215
2026-04-07T12:31:05.158,radio://0/80/2M,range,1,2,Scan,4006,0,0,0,0.0,0,0,0.0,0.0,34954,-1,2,0.7993256449699402,0.14075574278831482,0.16420462727546692,0.0,0.0,1849,1061,2922,1005,2119,3.2991201877593994
2026-04-07T12:31:05.405,radio://0/80/2M,mission,1,2,Scan,4006,0,0,0,0.0,0,0,0.0,0.0,34954,-1,2,0.7922967076301575,0.14075574278831482,0.16420462727546692,0.0,0.0,1849,1061,2922,1005,2119,3.2991201877593994
2026-04-07T12:31:05.407,radio://0/80/2M,flow,1,2,Scan,4006,0,0,0,0.0,0,0,0.0,0.0,35204,2,1,0.7922967076301575,0.022594831883907318,0.17092743515968323,0.0,0.0,1849,1061,2922,1005,2119,3.2991201877593994
2026-04-07T12:31:05.408,radio://0/80/2M,range,1,2,Scan,4006,0,0,0,0.0,0,0,0.0,0.0,35204,2,1,0.7922967076301575,0.022594831883907318,0.17092743515968323,0.0,0.0,1868,1070,32766,1002,2123,3.2832844257354736
2026-04-07T12:31:05.654,radio://0/80/2M,mission,1,2,Scan,4006,0,0,0,0.0,0,0,0.0,0.0,35204,2,1,0.7948430180549622,0.022594831883907318,0.17092743515968323,0.0,0.0,1868,1070,32766,1002,2123,3.2832844257354736
2026-04-07T12:31:05.657,radio://0/80/2M,flow,1,2,Scan,4006,0,0,0,0.0,0,0,0.0,0.0,35454,0,0,0.7948430180549622,-0.018885506317019463,0.1512843668460846,0.0,0.0,1868,1070,32766,1002,2123,3.2832844257354736
2026-04-07T12:31:05.658,radio://0/80/2M,range,1,2,Scan,4006,0,0,0,0.0,0,0,0.0,0.0,35454,0,0,0.7948430180549622,-0.018885506317019463,0.1512843668460846,0.0,0.0,1973,1112,32766,1014,2122,3.293841600418091
2026-04-07T12:31:05.902,radio://0/80/2M,mission,1,2,Scan,4006,0,0,0,0.0,0,0,0.0,0.0,35454,0,0,0.8054884672164917,-0.018885506317019463,0.1512843668460846,0.0,0.0,1973,1112,32766,1014,2122,3.293841600418091
2026-04-07T12:31:05.905,radio://0/80/2M,flow,1,2,Scan,4006,0,0,0,0.0,0,0,0.0,0.0,35704,0,0,0.8054884672164917,0.04292462393641472,0.23701582849025726,0.0,0.0,1973,1112,32766,1014,2122,3.293841600418091
2026-04-07T12:31:05.907,radio://0/80/2M,range,1,2,Scan,4006,0,0,0,0.0,0,0,0.0,0.0,35704,0,0,0.8054884672164917,0.04292462393641472,0.23701582849025726,0.0,0.0,2205,1242,32766,1106,2109,3.2885630130767822
2026-04-07T12:31:06.152,radio://0/80/2M,mission,1,2,Scan,4006,0,0,0,0.0,0,0,0.0,0.0,35704,0,0,0.8072565197944641,0.04292462393641472,0.23701582849025726,0.0,0.0,2205,1242,32766,1106,2109,3.2885630130767822
2026-04-07T12:31:06.156,radio://0/80/2M,flow,1,2,Scan,4006,0,0,0,0.0,0,0,0.0,0.0,35954,0,0,0.8072565197944641,-0.09004765748977661,0.1164172887802124,0.0,0.0,2205,1242,32766,1106,2109,3.2885630130767822
2026-04-07T12:31:06.157,radio://0/80/2M,range,1,2,Scan,4006,0,0,0,0.0,0,0,0.0,0.0,35954,0,0,0.8072565197944641,-0.09004765748977661,0.1164172887802124,0.0,0.0,2297,1399,860,1216,2115,3.278005838394165
2026-04-07T12:31:06.402,radio://0/80/2M,mission,1,2,Scan,4006,0,0,0,0.0,0,0,0.0,0.0,35954,0,0,0.80170077085495,-0.09004765748977661,0.1164172887802124,0.0,0.0,2297,1399,860,1216,2115,3.278005838394165
2026-04-07T12:31:06.406,radio://0/80/2M,flow,1,2,Scan,4006,0,0,0,0.0,0,0,0.0,0.0,36204,2,1,0.80170077085495,-0.17080815136432648,-0.03096546232700348,0.0,0.0,2297,1399,860,1216,2115,3.278005838394165
2026-04-07T12:31:06.407,radio://0/80/2M,range,1,2,Scan,4006,0,0,0,0.0,0,0,0.0,0.0,36204,2,1,0.80170077085495,-0.17080815136432648,-0.03096546232700348,0.0,0.0,32766,1388,711,1398,2113,3.2991201877593994
2026-04-07T12:31:06.652,radio://0/80/2M,mission,1,2,Scan,4006,0,0,0,0.0,0,0,0.0,0.0,36204,2,1,0.8107625842094421,-0.17080815136432648,-0.03096546232700348,0.0,0.0,32766,1388,711,1398,2113,3.2991201877593994
2026-04-07T12:31:06.655,radio://0/80/2M,flow,1,2,Scan,4006,0,0,0,0.0,0,0,0.0,0.0,36454,0,0,0.8107625842094421,-0.08172982186079025,0.07895569503307343,0.0,0.0,32766,1388,711,1398,2113,3.2991201877593994
2026-04-07T12:31:06.656,radio://0/80/2M,range,1,2,Scan,4006,0,0,0,0.0,0,0,0.0,0.0,36454,0,0,0.8107625842094421,-0.08172982186079025,0.07895569503307343,0.0,0.0,32766,1273,616,1565,2122,3.314955949783325
2026-04-07T12:31:06.902,radio://0/80/2M,mission,1,2,Scan,4006,0,0,0,0.0,0,0,0.0,0.0,36454,0,0,0.8014043569564819,-0.08172982186079025,0.07895569503307343,0.0,0.0,32766,1273,616,1565,2122,3.314955949783325
2026-04-07T12:31:06.905,radio://0/80/2M,flow,1,2,Scan,4006,0,0,0,0.0,0,0,0.0,0.0,36704,-3,-1,0.8014043569564819,0.016788313165307045,0.2590414583683014,0.0,0.0,32766,1273,616,1565,2122,3.314955949783325
2026-04-07T12:31:06.906,radio://0/80/2M,range,1,2,Scan,4006,0,0,0,0.0,0,0,0.0,0.0,36704,-3,-1,0.8014043569564819,0.016788313165307045,0.2590414583683014,0.0,0.0,32766,1155,563,32766,2129,3.278005838394165
2026-04-07T12:31:07.152,radio://0/80/2M,mission,1,2,Scan,4006,0,0,0,0.0,0,0,0.0,0.0,36704,-3,-1,0.7898749113082886,0.016788313165307045,0.2590414583683014,0.0,0.0,32766,1155,563,32766,2129,3.278005838394165
2026-04-07T12:31:07.155,radio://0/80/2M,flow,1,2,Scan,4006,0,0,0,0.0,0,0,0.0,0.0,36954,0,-1,0.7898749113082886,0.002864218782633543,0.2825101912021637,0.0,0.0,32766,1155,563,32766,2129,3.278005838394165
2026-04-07T12:31:07.156,radio://0/80/2M,range,1,2,Scan,4006,0,0,0,0.0,0,0,0.0,0.0,36954,0,-1,0.7898749113082886,0.002864218782633543,0.2825101912021637,0.0,0.0,1244,1027,570,32766,2122,3.267448663711548
2026-04-07T12:31:07.402,radio://0/80/2M,mission,1,2,Scan,4006,0,0,0,0.0,0,0,0.0,0.0,36954,0,-1,0.8048548698425293,0.002864218782633543,0.2825101912021637,0.0,0.0,1244,1027,570,32766,2122,3.267448663711548
2026-04-07T12:31:07.404,radio://0/80/2M,flow,1,2,Scan,4006,0,0,0,0.0,0,0,0.0,0.0,37204,-4,0,0.8048548698425293,-0.08577939122915268,0.19699542224407196,0.0,0.0,1244,1027,570,32766,2122,3.267448663711548
2026-04-07T12:31:07.405,radio://0/80/2M,range,1,2,Scan,4006,0,0,0,0.0,0,0,0.0,0.0,37204,-4,0,0.8048548698425293,-0.08577939122915268,0.19699542224407196,0.0,0.0,1167,914,683,2945,2125,3.2991201877593994
2026-04-07T12:31:07.652,radio://0/80/2M,mission,1,5,Transition,4006,0,0,0,0.0,0,0,0.0,0.0,37204,-4,0,0.8046429753303528,-0.08577939122915268,0.19699542224407196,0.0,0.0,1167,914,683,2945,2125,3.2991201877593994
2026-04-07T12:31:07.655,radio://0/80/2M,flow,1,5,Transition,4256,0,0,0,0.0,0,0,0.0,0.0,37454,0,0,0.8046429753303528,-0.11706501990556717,0.06380920857191086,0.0,0.0,1167,914,683,2945,2125,3.2991201877593994
2026-04-07T12:31:07.656,radio://0/80/2M,range,1,5,Transition,4256,0,0,0,0.0,0,0,0.0,0.0,37454,0,0,0.8046429753303528,-0.11706501990556717,0.06380920857191086,0.0,0.0,1170,865,1923,2907,2113,3.2727272510528564
2026-04-07T12:31:07.901,radio://0/80/2M,mission,1,0,Reacquire Wall,4256,0,0,0,0.0,0,0,0.0,0.0,37454,0,0,0.7964532375335693,-0.11706501990556717,0.06380920857191086,0.0,0.0,1170,865,1923,2907,2113,3.2727272510528564
2026-04-07T12:31:07.904,radio://0/80/2M,flow,1,0,Reacquire Wall,4256,0,0,0,0.0,0,0,0.0,0.0,37704,2,3,0.7964532375335693,-0.019967753440141678,-0.03691909834742546,0.20000000298023224,0.0,1170,865,1923,2907,2113,3.2727272510528564
2026-04-07T12:31:07.905,radio://0/80/2M,range,1,0,Reacquire Wall,4256,0,0,0,0.0,0,0,0.0,0.0,37704,2,3,0.7964532375335693,-0.019967753440141678,-0.03691909834742546,0.20000000298023224,0.0,1187,861,1955,2880,2118,3.267448663711548
2026-04-07T12:31:08.151,radio://0/80/2M,mission,1,0,Reacquire Wall,4256,0,0,0,0.0,0,0,0.0,0.0,37704,2,3,0.7966420650482178,-0.019967753440141678,-0.03691909834742546,0.20000000298023224,0.0,1187,861,1955,2880,2118,3.267448663711548
2026-04-07T12:31:08.154,radio://0/80/2M,flow,1,0,Reacquire Wall,4256,0,0,0,0.0,0,0,0.0,0.0,37954,-3,-3,0.7966420650482178,0.16434888541698456,-0.026501920074224472,0.20000000298023224,0.0,1187,861,1955,2880,2118,3.267448663711548
2026-04-07T12:31:08.155,radio://0/80/2M,range,1,0,Reacquire Wall,4256,0,0,0,0.0,0,0,0.0,0.0,37954,-3,-3,0.7966420650482178,0.16434888541698456,-0.026501920074224472,0.20000000298023224,0.0,1171,874,1944,2879,2126,3.278005838394165
2026-04-07T12:31:08.401,radio://0/80/2M,mission,1,0,Reacquire Wall,4256,0,0,0,0.0,0,0,0.0,0.0,37954,-3,-3,0.803919792175293,0.16434888541698456,-0.026501920074224472,0.20000000298023224,0.0,1171,874,1944,2879,2126,3.278005838394165
2026-04-07T12:31:08.404,radio://0/80/2M,flow,1,0,Reacquire Wall,4256,0,0,0,0.0,0,0,0.0,0.0,38204,0,0,0.803919792175293,0.2199513465166092,0.049246326088905334,0.20000000298023224,0.0,1171,874,1944,2879,2126,3.278005838394165
2026-04-07T12:31:08.405,radio://0/80/2M,range,1,0,Reacquire Wall,4256,0,0,0,0.0,0,0,0.0,0.0,38204,0,0,0.803919792175293,0.2199513465166092,0.049246326088905334,0.20000000298023224,0.0,1090,883,1961,32766,2119,3.2832844257354736
2026-04-07T12:31:08.652,radio://0/80/2M,mission,1,0,Reacquire Wall,4256,0,0,0,0.0,0,0,0.0,0.0,38204,0,0,0.7995344996452332,0.2199513465166092,0.049246326088905334,0.20000000298023224,0.0,1090,883,1961,32766,2119,3.2832844257354736
2026-04-07T12:31:08.654,radio://0/80/2M,flow,1,0,Reacquire Wall,4256,0,0,0,0.0,0,0,0.0,0.0,38454,-2,-4,0.7995344996452332,0.22709809243679047,0.07437741011381149,0.20000000298023224,0.0,1090,883,1961,32766,2119,3.2832844257354736
2026-04-07T12:31:08.655,radio://0/80/2M,range,1,0,Reacquire Wall,4256,0,0,0,0.0,0,0,0.0,0.0,38454,-2,-4,0.7995344996452332,0.22709809243679047,0.07437741011381149,0.20000000298023224,0.0,1020,863,1965,2962,2118,3.2727272510528564
2026-04-07T12:31:08.901,radio://0/80/2M,mission,1,0,Reacquire Wall,4256,0,0,0,0.0,0,0,0.0,0.0,38454,-2,-4,0.8053057193756104,0.22709809243679047,0.07437741011381149,0.20000000298023224,0.0,1020,863,1965,2962,2118,3.2727272510528564
2026-04-07T12:31:08.903,radio://0/80/2M,flow,1,0,Reacquire Wall,4522,0,0,0,0.0,0,0,0.0,0.0,38704,0,-1,0.8053057193756104,0.11156067252159119,0.036868397146463394,0.0,0.0,1020,863,1965,2962,2118,3.2727272510528564
2026-04-07T12:31:08.904,radio://0/80/2M,range,1,0,Reacquire Wall,4522,0,0,0,0.0,0,0,0.0,0.0,38704,0,-1,0.8053057193756104,0.11156067252159119,0.036868397146463394,0.0,0.0,931,841,1985,3100,2116,3.2885630130767822
2026-04-07T12:31:09.261,radio://0/80/2M,mission,1,0,Reacquire Wall,4522,0,0,0,0.0,0,0,0.0,0.0,38704,0,-1,0.8004865050315857,0.11156067252159119,0.036868397146463394,0.0,0.0,931,841,1985,3100,2116,3.2885630130767822
2026-04-07T12:31:09.270,radio://0/80/2M,flow,1,0,Reacquire Wall,4522,0,0,0,0.0,0,0,0.0,0.0,38954,0,0,0.8004865050315857,0.005743602756410837,-0.018287641927599907,0.0,0.0,931,841,1985,3100,2116,3.2885630130767822
2026-04-07T12:31:09.271,radio://0/80/2M,range,1,0,Reacquire Wall,4522,0,0,0,0.0,0,0,0.0,0.0,38954,0,0,0.8004865050315857,0.005743602756410837,-0.018287641927599907,0.0,0.0,895,830,1985,3125,2121,3.2832844257354736
2026-04-07T12:31:09.400,radio://0/80/2M,mission,1,0,Reacquire Wall,4522,0,0,0,0.0,0,0,0.0,0.0,38954,0,0,0.7964850068092346,0.005743602756410837,-0.018287641927599907,0.0,0.0,895,830,1985,3125,2121,3.2832844257354736
2026-04-07T12:31:09.403,radio://0/80/2M,flow,1,0,Reacquire Wall,4522,0,0,0,0.0,0,0,0.0,0.0,39204,2,0,0.7964850068092346,-0.013450153172016144,-0.04457143694162369,0.0,0.0,895,830,1985,3125,2121,3.2832844257354736
2026-04-07T12:31:09.405,radio://0/80/2M,range,1,0,Reacquire Wall,4522,0,0,0,0.0,0,0,0.0,0.0,39204,2,0,0.7964850068092346,-0.013450153172016144,-0.04457143694162369,0.0,0.0,868,828,1993,3110,2121,3.2832844257354736
2026-04-07T12:31:09.650,radio://0/80/2M,mission,1,0,Reacquire Wall,4522,0,0,0,0.0,0,0,0.0,0.0,39204,2,0,0.7995136380195618,-0.013450153172016144,-0.04457143694162369,0.0,0.0,868,828,1993,3110,2121,3.2832844257354736
2026-04-07T12:31:09.652,radio://0/80/2M,flow,1,0,Reacquire Wall,4522,0,0,0,0.0,0,0,0.0,0.0,39454,0,-1,0.7995136380195618,0.03208649531006813,-0.015634678304195404,0.0,0.0,868,828,1993,3110,2121,3.2832844257354736
2026-04-07T12:31:09.654,radio://0/80/2M,range,1,0,Reacquire Wall,4522,0,0,0,0.0,0,0,0.0,0.0,39454,0,-1,0.7995136380195618,0.03208649531006813,-0.015634678304195404,0.0,0.0,857,828,1995,3149,2120,3.2885630130767822
2026-04-07T12:31:09.899,radio://0/80/2M,mission,1,0,Reacquire Wall,4522,0,0,0,0.0,0,0,0.0,0.0,39454,0,-1,0.798337459564209,0.03208649531006813,-0.015634678304195404,0.0,0.0,857,828,1995,3149,2120,3.2885630130767822
2026-04-07T12:31:09.903,radio://0/80/2M,flow,1,0,Reacquire Wall,4522,0,0,0,0.0,0,0,0.0,0.0,39704,0,0,0.798337459564209,0.024668319150805473,-0.011385742574930191,0.0,0.0,857,828,1995,3149,2120,3.2885630130767822
2026-04-07T12:31:09.904,radio://0/80/2M,range,1,0,Reacquire Wall,4522,0,0,0,0.0,0,0,0.0,0.0,39704,0,0,0.798337459564209,0.024668319150805473,-0.011385742574930191,0.0,0.0,829,837,2006,3152,2121,3.2621700763702393
2026-04-07T12:31:10.150,radio://0/80/2M,mission,1,0,Reacquire Wall,4522,0,0,0,0.0,0,0,0.0,0.0,39704,0,0,0.798480212688446,0.024668319150805473,-0.011385742574930191,0.0,0.0,829,837,2006,3152,2121,3.2621700763702393
2026-04-07T12:31:10.153,radio://0/80/2M,flow,1,0,Reacquire Wall,4522,0,0,0,0.0,0,0,0.0,0.0,39954,0,1,0.798480212688446,-0.02474350295960903,-0.01107297744601965,0.0,0.0,829,837,2006,3152,2121,3.2621700763702393
2026-04-07T12:31:10.154,radio://0/80/2M,range,1,0,Reacquire Wall,4522,0,0,0,0.0,0,0,0.0,0.0,39954,0,1,0.798480212688446,-0.02474350295960903,-0.01107297744601965,0.0,0.0,818,843,1978,3180,2121,3.251612901687622
2026-04-07T12:31:10.399,radio://0/80/2M,mission,1,0,Reacquire Wall,4522,0,0,0,0.0,0,0,0.0,0.0,39954,0,1,0.7955884337425232,-0.02474350295960903,-0.01107297744601965,0.0,0.0,818,843,1978,3180,2121,3.251612901687622
2026-04-07T12:31:10.402,radio://0/80/2M,flow,1,0,Reacquire Wall,4522,0,0,0,0.0,0,0,0.0,0.0,40204,0,1,0.7955884337425232,-0.02094111777842045,-0.0033466489985585213,0.0,0.0,818,843,1978,3180,2121,3.251612901687622
2026-04-07T12:31:10.403,radio://0/80/2M,range,1,0,Reacquire Wall,4522,0,0,0,0.0,0,0,0.0,0.0,40204,0,1,0.7955884337425232,-0.02094111777842045,-0.0033466489985585213,0.0,0.0,802,890,1981,32766,2120,3.241055727005005
2026-04-07T12:31:10.649,radio://0/80/2M,mission,1,0,Reacquire Wall,4522,0,0,0,0.0,0,0,0.0,0.0,40204,0,1,0.7950094938278198,-0.02094111777842045,-0.0033466489985585213,0.0,0.0,802,890,1981,32766,2120,3.241055727005005
2026-04-07T12:31:10.653,radio://0/80/2M,flow,1,0,Reacquire Wall,4522,0,0,0,0.0,0,0,0.0,0.0,40454,4,1,0.7950094938278198,-0.02102125808596611,-0.0022261294070631266,0.0,0.0,802,890,1981,32766,2120,3.241055727005005
2026-04-07T12:31:10.654,radio://0/80/2M,range,1,0,Reacquire Wall,4522,0,0,0,0.0,0,0,0.0,0.0,40454,4,1,0.7950094938278198,-0.02102125808596611,-0.0022261294070631266,0.0,0.0,806,924,2000,32766,2119,3.2621700763702393
2026-04-07T12:31:10.899,radio://0/80/2M,mission,1,0,Reacquire Wall,4522,0,0,0,0.0,0,0,0.0,0.0,40454,4,1,0.8054046034812927,-0.02102125808596611,-0.0022261294070631266,0.0,0.0,806,924,2000,32766,2119,3.2621700763702393
2026-04-07T12:31:10.902,radio://0/80/2M,flow,1,0,Reacquire Wall,4522,0,0,0,0.0,0,0,0.0,0.0,40704,2,0,0.8054046034812927,-0.07338200509548187,-0.018107542768120766,0.0,0.0,806,924,2000,32766,2119,3.2621700763702393
2026-04-07T12:31:10.903,radio://0/80/2M,range,1,0,Reacquire Wall,4522,0,0,0,0.0,0,0,0.0,0.0,40704,2,0,0.8054046034812927,-0.07338200509548187,-0.018107542768120766,0.0,0.0,810,993,32766,32766,2113,3.2832844257354736
2026-04-07T12:31:11.150,radio://0/80/2M,mission,1,0,Reacquire Wall,4522,0,0,0,0.0,0,0,0.0,0.0,40704,2,0,0.8031901717185974,-0.07338200509548187,-0.018107542768120766,0.0,0.0,810,993,32766,32766,2113,3.2832844257354736
2026-04-07T12:31:11.153,radio://0/80/2M,flow,1,0,Reacquire Wall,4522,0,0,0,0.0,0,0,0.0,0.0,40954,0,-1,0.8031901717185974,-0.012751249596476555,-0.045099176466464996,0.0,0.0,810,993,32766,32766,2113,3.2832844257354736
2026-04-07T12:31:11.154,radio://0/80/2M,range,1,0,Reacquire Wall,4522,0,0,0,0.0,0,0,0.0,0.0,40954,0,-1,0.8031901717185974,-0.012751249596476555,-0.045099176466464996,0.0,0.0,834,1054,1099,32766,2113,3.278005838394165
2026-04-07T12:31:11.399,radio://0/80/2M,mission,1,5,Transition,4522,0,0,0,0.0,0,0,0.0,0.0,40954,0,-1,0.8015092015266418,-0.012751249596476555,-0.045099176466464996,0.0,0.0,834,1054,1099,32766,2113,3.278005838394165
2026-04-07T12:31:11.402,radio://0/80/2M,flow,1,5,Transition,4522,0,0,0,0.0,0,0,0.0,0.0,41204,0,0,0.8015092015266418,0.05749150365591049,-0.028136519715189934,0.0,0.0,834,1054,1099,32766,2113,3.278005838394165
2026-04-07T12:31:11.403,radio://0/80/2M,range,1,5,Transition,4522,0,0,0,0.0,0,0,0.0,0.0,41204,0,0,0.8015092015266418,0.05749150365591049,-0.028136519715189934,0.0,0.0,32766,1178,938,1671,2118,3.267448663711548
2026-04-07T12:31:11.649,radio://0/80/2M,mission,1,5,Transition,4522,0,0,0,0.0,0,0,0.0,0.0,41204,0,0,0.8027390837669373,0.05749150365591049,-0.028136519715189934,0.0,0.0,32766,1178,938,1671,2118,3.267448663711548
2026-04-07T12:31:11.651,radio://0/80/2M,flow,1,5,Transition,4522,0,0,0,0.0,0,0,0.0,0.0,41454,0,0,0.8027390837669373,0.020199637860059738,0.005604867357760668,0.0,0.0,32766,1178,938,1671,2118,3.267448663711548
2026-04-07T12:31:11.652,radio://0/80/2M,range,1,5,Transition,4522,0,0,0,0.0,0,0,0.0,0.0,41454,0,0,0.8027390837669373,0.020199637860059738,0.005604867357760668,0.0,0.0,32766,1182,873,1603,2118,3.278005838394165
2026-04-07T12:31:11.898,radio://0/80/2M,mission,1,1,Wall Follow,4522,0,0,0,0.0,0,0,0.0,0.0,41454,0,0,0.7989650368690491,0.020199637860059738,0.005604867357760668,0.0,0.0,32766,1182,873,1603,2118,3.278005838394165
2026-04-07T12:31:11.901,radio://0/80/2M,flow,1,1,Wall Follow,4522,0,0,0,0.0,0,0,0.0,0.0,41704,2,2,0.7989650368690491,-0.035805005580186844,0.02740403264760971,0.0,0.0,32766,1182,873,1603,2118,3.278005838394165
2026-04-07T12:31:11.902,radio://0/80/2M,range,1,1,Wall Follow,4522,0,0,0,0.0,0,0,0.0,0.0,41704,2,2,0.7989650368690491,-0.035805005580186844,0.02740403264760971,0.0,0.0,32766,1157,852,1568,2113,3.267448663711548
2026-04-07T12:31:12.148,radio://0/80/2M,mission,1,1,Wall Follow,4522,0,0,0,0.0,0,0,0.0,0.0,41704,2,2,0.7951292991638184,-0.035805005580186844,0.02740403264760971,0.0,0.0,32766,1157,852,1568,2113,3.267448663711548
2026-04-07T12:31:12.150,radio://0/80/2M,flow,1,1,Wall Follow,4522,0,0,0,0.0,0,0,0.0,0.0,41954,0,0,0.7951292991638184,-0.04145750403404236,0.024161318317055702,0.0,0.0,32766,1157,852,1568,2113,3.267448663711548
2026-04-07T12:31:12.152,radio://0/80/2M,range,1,1,Wall Follow,4522,0,0,0,0.0,0,0,0.0,0.0,41954,0,0,0.7951292991638184,-0.04145750403404236,0.024161318317055702,0.0,0.0,32766,1204,897,1646,2128,3.267448663711548
2026-04-07T12:31:12.397,radio://0/80/2M,mission,1,1,Wall Follow,4522,0,0,0,0.0,0,0,0.0,0.0,41954,0,0,0.7944067120552063,-0.04145750403404236,0.024161318317055702,0.0,0.0,32766,1204,897,1646,2128,3.267448663711548
2026-04-07T12:31:12.401,radio://0/80/2M,flow,1,1,Wall Follow,4522,0,0,0,0.0,0,0,0.0,0.0,42204,0,-2,0.7944067120552063,-0.0034729931503534317,0.020154280588030815,0.0,0.0,32766,1204,897,1646,2128,3.267448663711548
2026-04-07T12:31:12.402,radio://0/80/2M,range,1,1,Wall Follow,4522,0,0,0,0.0,0,0,0.0,0.0,42204,0,-2,0.7944067120552063,-0.0034729931503534317,0.020154280588030815,0.0,0.0,924,1151,1073,32766,2120,3.267448663711548
2026-04-07T12:31:12.647,radio://0/80/2M,mission,1,1,Wall Follow,4522,0,0,0,0.0,0,0,0.0,0.0,42204,0,-2,0.7998279333114624,-0.0034729931503534317,0.020154280588030815,0.0,0.0,924,1151,1073,32766,2120,3.267448663711548
2026-04-07T12:31:12.650,radio://0/80/2M,flow,1,1,Wall Follow,4522,0,0,0,0.0,0,0,0.0,0.0,42454,3,-2,0.7998279333114624,-0.051334984600543976,-0.061478231102228165,0.0,0.0,924,1151,1073,32766,2120,3.267448663711548
2026-04-07T12:31:12.651,radio://0/80/2M,range,1,1,Wall Follow,4522,0,0,0,0.0,0,0,0.0,0.0,42454,3,-2,0.7998279333114624,-0.051334984600543976,-0.061478231102228165,0.0,0.0,857,1113,1190,32766,2122,3.278005838394165
2026-04-07T12:31:12.897,radio://0/80/2M,mission,1,1,Wall Follow,4522,0,0,0,0.0,0,0,0.0,0.0,42454,3,-2,0.8043145537376404,-0.051334984600543976,-0.061478231102228165,0.0,0.0,857,1113,1190,32766,2122,3.278005838394165
2026-04-07T12:31:12.900,radio://0/80/2M,flow,1,1,Wall Follow,4522,0,0,0,0.0,0,0,0.0,0.0,42704,-1,0,0.8043145537376404,-0.04737922549247742,0.04832255467772484,0.0,0.06666667014360428,857,1113,1190,32766,2122,3.278005838394165
2026-04-07T12:31:12.902,radio://0/80/2M,range,1,1,Wall Follow,4522,0,0,0,0.0,0,0,0.0,0.0,42704,-1,0,0.8043145537376404,-0.04737922549247742,0.04832255467772484,0.0,0.06666667014360428,819,1060,1859,32766,2119,3.2832844257354736
2026-04-07T12:31:13.147,radio://0/80/2M,mission,1,1,Wall Follow,4522,0,0,0,0.0,0,0,0.0,0.0,42704,-1,0,0.7957828044891357,-0.04737922549247742,0.04832255467772484,0.0,0.06666667014360428,819,1060,1859,32766,2119,3.2832844257354736
2026-04-07T12:31:13.150,radio://0/80/2M,flow,1,1,Wall Follow,4522,0,0,0,0.0,0,0,0.0,0.0,42954,0,0,0.7957828044891357,0.0013570194132626057,0.156834676861763,0.0,0.06666667014360428,819,1060,1859,32766,2119,3.2832844257354736
2026-04-07T12:31:13.151,radio://0/80/2M,range,1,1,Wall Follow,4522,0,0,0,0.0,0,0,0.0,0.0,42954,0,0,0.7957828044891357,0.0013570194132626057,0.156834676861763,0.0,0.06666667014360428,816,1033,1913,32766,2111,3.2621700763702393
2026-04-07T12:31:13.398,radio://0/80/2M,mission,1,1,Wall Follow,4522,0,0,0,0.0,0,0,0.0,0.0,42954,0,0,0.7961313128471375,0.0013570194132626057,0.156834676861763,0.0,0.06666667014360428,816,1033,1913,32766,2111,3.2621700763702393
2026-04-07T12:31:13.401,radio://0/80/2M,flow,1,1,Wall Follow,4522,0,0,0,0.0,0,0,0.0,0.0,43204,0,0,0.7961313128471375,0.023494131863117218,0.12023545801639557,0.0,0.06666667014360428,816,1033,1913,32766,2111,3.2621700763702393
2026-04-07T12:31:13.402,radio://0/80/2M,range,1,1,Wall Follow,4522,0,0,0,0.0,0,0,0.0,0.0,43204,0,0,0.7961313128471375,0.023494131863117218,0.12023545801639557,0.0,0.06666667014360428,820,983,1951,32766,2120,3.278005838394165
2026-04-07T12:31:13.648,radio://0/80/2M,mission,1,1,Wall Follow,4522,0,0,0,0.0,0,0,0.0,0.0,43204,0,0,0.8055605292320251,0.023494131863117218,0.12023545801639557,0.0,0.06666667014360428,820,983,1951,32766,2120,3.278005838394165
2026-04-07T12:31:13.651,radio://0/80/2M,flow,1,1,Wall Follow,4522,0,0,0,0.0,0,0,0.0,0.0,43454,-1,-1,0.8055605292320251,0.015006513334810734,0.06136932224035263,0.0,0.06666667014360428,820,983,1951,32766,2120,3.278005838394165
2026-04-07T12:31:13.652,radio://0/80/2M,range,1,1,Wall Follow,4522,0,0,0,0.0,0,0,0.0,0.0,43454,-1,-1,0.8055605292320251,0.015006513334810734,0.06136932224035263,0.0,0.06666667014360428,814,962,1962,32766,2124,3.2832844257354736
2026-04-07T12:31:13.896,radio://0/80/2M,mission,1,1,Wall Follow,4522,0,0,0,0.0,0,0,0.0,0.0,43454,-1,-1,0.805285632610321,0.015006513334810734,0.06136932224035263,0.0,0.06666667014360428,814,962,1962,32766,2124,3.2832844257354736
2026-04-07T12:31:13.900,radio://0/80/2M,flow,1,1,Wall Follow,4522,0,0,0,0.0,0,0,0.0,0.0,43704,0,0,0.805285632610321,-0.004987876862287521,0.04541749879717827,0.0,0.06666667014360428,814,962,1962,32766,2124,3.2832844257354736
2026-04-07T12:31:13.901,radio://0/80/2M,range,1,1,Wall Follow,4522,0,0,0,0.0,0,0,0.0,0.0,43704,0,0,0.805285632610321,-0.004987876862287521,0.04541749879717827,0.0,0.06666667014360428,813,949,1958,32766,2112,3.267448663711548
2026-04-07T12:31:14.146,radio://0/80/2M,mission,1,1,Wall Follow,4522,0,0,0,0.0,0,0,0.0,0.0,43704,0,0,0.8000267744064331,-0.004987876862287521,0.04541749879717827,0.0,0.06666667014360428,813,949,1958,32766,2112,3.267448663711548
2026-04-07T12:31:14.149,radio://0/80/2M,flow,1,1,Wall Follow,4522,0,0,0,0.0,0,0,0.0,0.0,43954,-1,3,0.8000267744064331,-0.029305843636393547,0.07638030499219894,0.0,0.06666667014360428,813,949,1958,32766,2112,3.267448663711548
2026-04-07T12:31:14.151,radio://0/80/2M,range,1,1,Wall Follow,4522,0,0,0,0.0,0,0,0.0,0.0,43954,-1,3,0.8000267744064331,-0.029305843636393547,0.07638030499219894,0.0,0.06666667014360428,815,943,1943,32766,2117,3.267448663711548
2026-04-07T12:31:14.396,radio://0/80/2M,mission,1,1,Wall Follow,4522,0,0,0,0.0,0,0,0.0,0.0,43954,-1,3,0.8002104759216309,-0.029305843636393547,0.07638030499219894,0.0,0.06666667014360428,815,943,1943,32766,2117,3.267448663711548
2026-04-07T12:31:14.399,radio://0/80/2M,flow,1,1,Wall Follow,4522,0,0,0,0.0,0,0,0.0,0.0,44204,0,0,0.8002104759216309,-0.0028471590485423803,0.10496392846107483,0.0,0.06666667014360428,815,943,1943,32766,2117,3.267448663711548
2026-04-07T12:31:14.400,radio://0/80/2M,range,1,1,Wall Follow,4522,0,0,0,0.0,0,0,0.0,0.0,44204,0,0,0.8002104759216309,-0.0028471590485423803,0.10496392846107483,0.0,0.06666667014360428,821,919,2000,32766,2117,3.267448663711548
2026-04-07T12:31:14.646,radio://0/80/2M,mission,1,1,Wall Follow,4522,0,0,0,0.0,0,0,0.0,0.0,44204,0,0,0.8061915040016174,-0.0028471590485423803,0.10496392846107483,0.0,0.06666667014360428,821,919,2000,32766,2117,3.267448663711548
2026-04-07T12:31:14.649,radio://0/80/2M,flow,1,1,Wall Follow,4522,0,0,0,0.0,0,0,0.0,0.0,44454,0,0,0.8061915040016174,-0.0030561184976249933,0.10649120807647705,0.0,0.06666667014360428,821,919,2000,32766,2117,3.267448663711548
2026-04-07T12:31:14.650,radio://0/80/2M,range,1,1,Wall Follow,4522,0,0,0,0.0,0,0,0.0,0.0,44454,0,0,0.8061915040016174,-0.0030561184976249933,0.10649120807647705,0.0,0.06666667014360428,816,896,2023,32766,2113,3.2621700763702393
2026-04-07T12:31:14.895,radio://0/80/2M,mission,1,1,Wall Follow,4522,0,0,0,0.0,0,0,0.0,0.0,44454,0,0,0.8070308566093445,-0.0030561184976249933,0.10649120807647705,0.0,0.06666667014360428,816,896,2023,32766,2113,3.2621700763702393
2026-04-07T12:31:14.899,radio://0/80/2M,flow,1,1,Wall Follow,4522,0,0,0,0.0,0,0,0.0,0.0,44704,0,0,0.8070308566093445,-0.018545586615800858,0.11298743635416031,0.0,0.06666667014360428,816,896,2023,32766,2113,3.2621700763702393
2026-04-07T12:31:14.900,radio://0/80/2M,range,1,1,Wall Follow,4522,0,0,0,0.0,0,0,0.0,0.0,44704,0,0,0.8070308566093445,-0.018545586615800858,0.11298743635416031,0.0,0.06666667014360428,812,866,2055,32766,2110,3.251612901687622
2026-04-07T12:31:15.147,radio://0/80/2M,mission,1,1,Wall Follow,4522,0,0,0,0.0,0,0,0.0,0.0,44704,0,0,0.7987180352210999,-0.018545586615800858,0.11298743635416031,0.0,0.06666667014360428,812,866,2055,32766,2110,3.251612901687622
2026-04-07T12:31:15.149,radio://0/80/2M,flow,1,1,Wall Follow,4804,0,0,0,0.0,0,0,0.0,0.0,44954,0,0,0.7987180352210999,0.00730797229334712,0.07491347938776016,0.0,0.06666667014360428,812,866,2055,32766,2110,3.251612901687622
2026-04-07T12:31:15.150,radio://0/80/2M,range,1,1,Wall Follow,4804,0,0,0,0.0,0,0,0.0,0.0,44954,0,0,0.7987180352210999,0.00730797229334712,0.07491347938776016,0.0,0.06666667014360428,815,854,2058,32766,2118,3.2304985523223877
2026-04-07T12:31:15.394,radio://0/80/2M,mission,1,1,Wall Follow,4804,0,0,0,0.0,0,0,0.0,0.0,44954,0,0,0.7968811988830566,0.00730797229334712,0.07491347938776016,0.0,0.06666667014360428,815,854,2058,32766,2118,3.2304985523223877
2026-04-07T12:31:15.398,radio://0/80/2M,flow,1,1,Wall Follow,4804,0,0,0,0.0,0,0,0.0,0.0,45204,-2,0,0.7968811988830566,0.019384054467082024,0.0543241910636425,0.0,0.06666667014360428,815,854,2058,32766,2118,3.2304985523223877
2026-04-07T12:31:15.400,radio://0/80/2M,range,1,1,Wall Follow,4804,0,0,0,0.0,0,0,0.0,0.0,45204,-2,0,0.7968811988830566,0.019384054467082024,0.0543241910636425,0.0,0.06666667014360428,815,849,2071,32766,2119,3.225219964981079
2026-04-07T12:31:15.644,radio://0/80/2M,mission,1,1,Wall Follow,4804,0,0,0,0.0,0,0,0.0,0.0,45204,-2,0,0.7981702089309692,0.019384054467082024,0.0543241910636425,0.0,0.06666667014360428,815,849,2071,32766,2119,3.225219964981079
2026-04-07T12:31:15.649,radio://0/80/2M,flow,1,1,Wall Follow,4804,0,0,0,0.0,0,0,0.0,0.0,45454,0,-1,0.7981702089309692,0.012531286105513573,0.03170403838157654,0.0,0.06666667014360428,815,849,2071,32766,2119,3.225219964981079
2026-04-07T12:31:15.650,radio://0/80/2M,range,1,1,Wall Follow,4804,0,0,0,0.0,0,0,0.0,0.0,45454,0,-1,0.7981702089309692,0.012531286105513573,0.03170403838157654,0.0,0.06666667014360428,813,850,2073,32766,2120,3.2304985523223877
2026-04-07T12:31:15.948,radio://0/80/2M,mission,1,1,Wall Follow,4804,0,0,0,0.0,0,0,0.0,0.0,45454,0,-1,0.8043537139892578,0.012531286105513573,0.03170403838157654,0.0,0.06666667014360428,813,850,2073,32766,2120,3.2304985523223877
2026-04-07T12:31:15.951,radio://0/80/2M,flow,1,1,Wall Follow,4804,0,0,0,0.0,0,0,0.0,0.0,45704,0,0,0.8043537139892578,0.007592014502733946,0.053582098335027695,0.0,0.06666667014360428,813,850,2073,32766,2120,3.2304985523223877
2026-04-07T12:31:15.953,radio://0/80/2M,range,1,1,Wall Follow,4804,0,0,0,0.0,0,0,0.0,0.0,45704,0,0,0.8043537139892578,0.007592014502733946,0.053582098335027695,0.0,0.06666667014360428,810,842,2051,32766,2117,3.241055727005005
2026-04-07T12:31:16.145,radio://0/80/2M,mission,1,1,Wall Follow,4804,0,0,0,0.0,0,0,0.0,0.0,45704,0,0,0.8006319999694824,0.007592014502733946,0.053582098335027695,0.0,0.06666667014360428,810,842,2051,32766,2117,3.241055727005005
2026-04-07T12:31:16.148,radio://0/80/2M,flow,1,1,Wall Follow,4804,0,0,0,0.0,0,0,0.0,0.0,45954,0,0,0.8006319999694824,0.03280205279588699,0.10770990699529648,0.0,0.06666667014360428,810,842,2051,32766,2117,3.241055727005005
2026-04-07T12:31:16.149,radio://0/80/2M,range,1,1,Wall Follow,4804,0,0,0,0.0,0,0,0.0,0.0,45954,0,0,0.8006319999694824,0.03280205279588699,0.10770990699529648,0.0,0.06666667014360428,811,840,2020,32766,2123,3.1935484409332275
2026-04-07T12:31:16.394,radio://0/80/2M,mission,1,1,Wall Follow,4804,0,0,0,0.0,0,0,0.0,0.0,45954,0,0,0.7977361679077148,0.03280205279588699,0.10770990699529648,0.0,0.06666667014360428,811,840,2020,32766,2123,3.1935484409332275
2026-04-07T12:31:16.397,radio://0/80/2M,flow,1,1,Wall Follow,4804,0,0,0,0.0,0,0,0.0,0.0,46204,0,-1,0.7977361679077148,0.029386529698967934,0.08486946672201157,0.0,0.06666667014360428,811,840,2020,32766,2123,3.1935484409332275
2026-04-07T12:31:16.398,radio://0/80/2M,range,1,1,Wall Follow,4804,0,0,0,0.0,0,0,0.0,0.0,46204,0,-1,0.7977361679077148,0.029386529698967934,0.08486946672201157,0.0,0.06666667014360428,809,819,1984,32766,2121,3.2093842029571533
2026-04-07T12:31:16.645,radio://0/80/2M,mission,1,1,Wall Follow,4804,0,0,0,0.0,0,0,0.0,0.0,46204,0,-1,0.7945462465286255,0.029386529698967934,0.08486946672201157,0.0,0.06666667014360428,809,819,1984,32766,2121,3.2093842029571533
2026-04-07T12:31:16.648,radio://0/80/2M,flow,1,1,Wall Follow,5104,0,0,0,0.0,0,0,0.0,0.0,46454,0,0,0.7945462465286255,-0.0001274549140362069,0.06356991082429886,0.0,0.06666667014360428,809,819,1984,32766,2121,3.2093842029571533
2026-04-07T12:31:16.649,radio://0/80/2M,range,1,1,Wall Follow,5104,0,0,0,0.0,0,0,0.0,0.0,46454,0,0,0.7945462465286255,-0.0001274549140362069,0.06356991082429886,0.0,0.06666667014360428,806,807,1993,32766,2119,3.1935484409332275
2026-04-07T12:31:16.894,radio://0/80/2M,mission,1,1,Wall Follow,5104,0,0,0,0.0,0,0,0.0,0.0,46454,0,0,0.7982912063598633,-0.0001274549140362069,0.06356991082429886,0.0,0.06666667014360428,806,807,1993,32766,2119,3.1935484409332275
2026-04-07T12:31:16.898,radio://0/80/2M,flow,1,1,Wall Follow,5104,0,0,0,0.0,0,0,0.0,0.0,46704,0,-1,0.7982912063598633,0.004505056422203779,0.07324154675006866,0.0,0.0,806,807,1993,32766,2119,3.1935484409332275
2026-04-07T12:31:16.899,radio://0/80/2M,range,1,1,Wall Follow,5104,0,0,0,0.0,0,0,0.0,0.0,46704,0,-1,0.7982912063598633,0.004505056422203779,0.07324154675006866,0.0,0.0,805,794,2040,32766,2123,3.2304985523223877
2026-04-07T12:31:17.144,radio://0/80/2M,mission,1,1,Wall Follow,5104,0,0,0,0.0,0,0,0.0,0.0,46704,0,-1,0.8014038801193237,0.004505056422203779,0.07324154675006866,0.0,0.0,805,794,2040,32766,2123,3.2304985523223877
2026-04-07T12:31:17.147,radio://0/80/2M,flow,1,1,Wall Follow,5104,0,0,0,0.0,0,0,0.0,0.0,46954,0,0,0.8014038801193237,-0.0038869911804795265,-0.0027083330787718296,0.0,0.0,805,794,2040,32766,2123,3.2304985523223877
2026-04-07T12:31:17.148,radio://0/80/2M,range,1,1,Wall Follow,5104,0,0,0,0.0,0,0,0.0,0.0,46954,0,0,0.8014038801193237,-0.0038869911804795265,-0.0027083330787718296,0.0,0.0,802,795,2051,32766,2116,3.2357771396636963
2026-04-07T12:31:17.493,radio://0/80/2M,mission,1,1,Wall Follow,5104,0,0,0,0.0,0,0,0.0,0.0,46954,0,0,0.7981544137001038,-0.0038869911804795265,-0.0027083330787718296,0.0,0.0,802,795,2051,32766,2116,3.2357771396636963
2026-04-07T12:31:17.498,radio://0/80/2M,flow,1,1,Wall Follow,5104,0,0,0,0.0,0,0,0.0,0.0,47204,0,1,0.7981544137001038,-0.02401222288608551,-0.044478289783000946,0.0,0.0,802,795,2051,32766,2116,3.2357771396636963
2026-04-07T12:31:17.500,radio://0/80/2M,range,1,1,Wall Follow,5104,0,0,0,0.0,0,0,0.0,0.0,47204,0,1,0.7981544137001038,-0.02401222288608551,-0.044478289783000946,0.0,0.0,804,807,2029,32766,2116,3.214662790298462
2026-04-07T12:31:17.643,radio://0/80/2M,mission,1,1,Wall Follow,5104,0,0,0,0.0,0,0,0.0,0.0,47204,0,1,0.7950357794761658,-0.02401222288608551,-0.044478289783000946,0.0,0.0,804,807,2029,32766,2116,3.214662790298462
2026-04-07T12:31:17.647,radio://0/80/2M,flow,1,1,Wall Follow,5104,0,0,0,0.0,0,0,0.0,0.0,47454,0,0,0.7950357794761658,-0.017969125881791115,-0.004384292755275965,0.0,0.0,804,807,2029,32766,2116,3.214662790298462
2026-04-07T12:31:17.648,radio://0/80/2M,range,1,1,Wall Follow,5104,0,0,0,0.0,0,0,0.0,0.0,47454,0,0,0.7950357794761658,-0.017969125881791115,-0.004384292755275965,0.0,0.0,800,805,2038,32766,2116,3.2093842029571533
2026-04-07T12:31:17.894,radio://0/80/2M,mission,1,1,Wall Follow,5104,0,0,0,0.0,0,0,0.0,0.0,47454,0,0,0.8002299070358276,-0.017969125881791115,-0.004384292755275965,0.0,0.0,800,805,2038,32766,2116,3.2093842029571533
2026-04-07T12:31:17.897,radio://0/80/2M,flow,1,1,Wall Follow,5104,0,0,0,0.0,0,0,0.0,0.0,47704,0,1,0.8002299070358276,-0.013765496201813221,0.0495363287627697,0.0,0.0,800,805,2038,32766,2116,3.2093842029571533
2026-04-07T12:31:17.898,radio://0/80/2M,range,1,1,Wall Follow,5104,0,0,0,0.0,0,0,0.0,0.0,47704,0,1,0.8002299070358276,-0.013765496201813221,0.0495363287627697,0.0,0.0,794,791,2056,32766,2117,3.214662790298462
2026-04-07T12:31:18.143,radio://0/80/2M,mission,1,1,Wall Follow,5104,0,0,0,0.0,0,0,0.0,0.0,47704,0,1,0.8012722134590149,-0.013765496201813221,0.0495363287627697,0.0,0.0,794,791,2056,32766,2117,3.214662790298462
2026-04-07T12:31:18.146,radio://0/80/2M,flow,1,1,Wall Follow,5104,0,0,0,0.0,0,0,0.0,0.0,47954,0,0,0.8012722134590149,-0.02337026223540306,0.013318569399416447,0.0,0.0,794,791,2056,32766,2117,3.214662790298462
2026-04-07T12:31:18.147,radio://0/80/2M,range,1,1,Wall Follow,5104,0,0,0,0.0,0,0,0.0,0.0,47954,0,0,0.8012722134590149,-0.02337026223540306,0.013318569399416447,0.0,0.0,802,794,32766,32766,2110,3.2041056156158447
2026-04-07T12:31:18.393,radio://0/80/2M,mission,1,1,Wall Follow,5104,0,0,0,0.0,0,0,0.0,0.0,47954,0,0,0.7987602949142456,-0.02337026223540306,0.013318569399416447,0.0,0.0,802,794,32766,32766,2110,3.2041056156158447
2026-04-07T12:31:18.396,radio://0/80/2M,flow,1,1,Wall Follow,5104,0,0,0,0.0,0,0,0.0,0.0,48204,0,0,0.7987602949142456,-0.029857086017727852,-0.016025234013795853,0.0,0.0,802,794,32766,32766,2110,3.2041056156158447
2026-04-07T12:31:18.397,radio://0/80/2M,range,1,1,Wall Follow,5104,0,0,0,0.0,0,0,0.0,0.0,48204,0,0,0.7987602949142456,-0.029857086017727852,-0.016025234013795853,0.0,0.0,842,824,1036,1446,2118,3.1935484409332275
2026-04-07T12:31:18.643,radio://0/80/2M,mission,1,1,Wall Follow,5104,0,0,0,0.0,0,0,0.0,0.0,48204,0,0,0.7990425229072571,-0.029857086017727852,-0.016025234013795853,0.0,0.0,842,824,1036,1446,2118,3.1935484409332275
2026-04-07T12:31:18.646,radio://0/80/2M,flow,1,1,Wall Follow,5104,0,0,0,0.0,0,0,0.0,0.0,48454,0,0,0.7990425229072571,0.0009029873181134462,0.05414751544594765,0.0,0.0,842,824,1036,1446,2118,3.1935484409332275
2026-04-07T12:31:18.647,radio://0/80/2M,range,1,1,Wall Follow,5104,0,0,0,0.0,0,0,0.0,0.0,48454,0,0,0.7990425229072571,0.0009029873181134462,0.05414751544594765,0.0,0.0,880,875,1008,1324,2120,3.188269853591919
2026-04-07T12:31:18.893,radio://0/80/2M,mission,1,1,Wall Follow,5104,0,0,0,0.0,0,0,0.0,0.0,48454,0,0,0.8025144338607788,0.0009029873181134462,0.05414751544594765,0.0,0.0,880,875,1008,1324,2120,3.188269853591919
2026-04-07T12:31:18.895,radio://0/80/2M,flow,1,1,Wall Follow,5104,0,0,0,0.0,0,0,0.0,0.0,48704,-1,-2,0.8025144338607788,0.019734861329197884,0.008865421637892723,0.0,0.0,880,875,1008,1324,2120,3.188269853591919
2026-04-07T12:31:18.897,radio://0/80/2M,range,1,1,Wall Follow,5104,0,0,0,0.0,0,0,0.0,0.0,48704,-1,-2,0.8025144338607788,0.019734861329197884,0.008865421637892723,0.0,0.0,994,986,1073,1047,2112,3.1565983295440674
2026-04-07T12:31:19.142,radio://0/80/2M,mission,1,1,Wall Follow,5104,0,0,0,0.0,0,0,0.0,0.0,48704,-1,-2,0.800592839717865,0.019734861329197884,0.008865421637892723,0.0,0.0,994,986,1073,1047,2112,3.1565983295440674
2026-04-07T12:31:19.146,radio://0/80/2M,flow,1,1,Wall Follow,5104,0,0,0,0.0,0,0,0.0,0.0,48954,-1,0,0.800592839717865,0.03057597018778324,0.06421221047639847,0.0,0.0,994,986,1073,1047,2112,3.1565983295440674
2026-04-07T12:31:19.147,radio://0/80/2M,range,1,1,Wall Follow,5104,0,0,0,0.0,0,0,0.0,0.0,48954,-1,0,0.800592839717865,0.03057597018778324,0.06421221047639847,0.0,0.0,32766,1008,1156,960,2113,3.188269853591919
2026-04-07T12:31:19.394,radio://0/80/2M,mission,1,1,Wall Follow,5104,0,0,0,0.0,0,0,0.0,0.0,48954,-1,0,0.8013615608215332,0.03057597018778324,0.06421221047639847,0.0,0.0,32766,1008,1156,960,2113,3.188269853591919
2026-04-07T12:31:19.397,radio://0/80/2M,flow,1,1,Wall Follow,5104,0,0,0,0.0,0,0,0.0,0.0,49204,-1,0,0.8013615608215332,0.017488300800323486,0.0019976242911070585,0.0,0.0,32766,1008,1156,960,2113,3.188269853591919
2026-04-07T12:31:19.398,radio://0/80/2M,range,1,1,Wall Follow,5104,0,0,0,0.0,0,0,0.0,0.0,49204,-1,0,0.8013615608215332,0.017488300800323486,0.0019976242911070585,0.0,0.0,2570,905,1282,879,2121,3.1671555042266846
2026-04-07T12:31:19.642,radio://0/80/2M,mission,1,1,Wall Follow,5104,0,0,0,0.0,0,0,0.0,0.0,49204,-1,0,0.8001037836074829,0.017488300800323486,0.0019976242911070585,0.0,0.0,2570,905,1282,879,2121,3.1671555042266846
2026-04-07T12:31:19.645,radio://0/80/2M,flow,1,1,Wall Follow,5104,0,0,0,0.0,0,0,0.0,0.0,49454,1,-1,0.8001037836074829,0.0076463124714791775,-0.03209886699914932,0.20000000298023224,0.0,2570,905,1282,879,2121,3.1671555042266846
2026-04-07T12:31:19.646,radio://0/80/2M,range,1,1,Wall Follow,5104,0,0,0,0.0,0,0,0.0,0.0,49454,1,-1,0.8001037836074829,0.0076463124714791775,-0.03209886699914932,0.20000000298023224,0.0,2354,853,32766,842,2118,3.151319742202759
2026-04-07T12:31:19.892,radio://0/80/2M,mission,1,1,Wall Follow,5104,0,0,0,0.0,0,0,0.0,0.0,49454,1,-1,0.7997365593910217,0.0076463124714791775,-0.03209886699914932,0.20000000298023224,0.0,2354,853,32766,842,2118,3.151319742202759
2026-04-07T12:31:19.895,radio://0/80/2M,flow,1,1,Wall Follow,5104,0,0,0,0.0,0,0,0.0,0.0,49704,2,-2,0.7997365593910217,0.009385298937559128,-0.2129780501127243,0.20000000298023224,0.0,2354,853,32766,842,2118,3.151319742202759
2026-04-07T12:31:19.896,radio://0/80/2M,range,1,1,Wall Follow,5104,0,0,0,0.0,0,0,0.0,0.0,49704,2,-2,0.7997365593910217,0.009385298937559128,-0.2129780501127243,0.20000000298023224,0.0,2269,842,32766,871,2119,3.1777126789093018
2026-04-07T12:31:20.142,radio://0/80/2M,mission,1,1,Wall Follow,5104,0,0,0,0.0,0,0,0.0,0.0,49704,2,-2,0.8043246269226074,0.009385298937559128,-0.2129780501127243,0.20000000298023224,0.0,2269,842,32766,871,2119,3.1777126789093018
2026-04-07T12:31:20.145,radio://0/80/2M,flow,1,1,Wall Follow,4785,0,0,0,0.0,0,0,0.0,0.0,49954,0,0,0.8043246269226074,0.039932817220687866,-0.2053530514240265,0.20000000298023224,0.0,2269,842,32766,871,2119,3.1777126789093018
2026-04-07T12:31:20.146,radio://0/80/2M,range,1,1,Wall Follow,4785,0,0,0,0.0,0,0,0.0,0.0,49954,0,0,0.8043246269226074,0.039932817220687866,-0.2053530514240265,0.20000000298023224,0.0,2218,848,32766,905,2110,3.2093842029571533
2026-04-07T12:31:20.391,radio://0/80/2M,mission,1,1,Wall Follow,4785,0,0,0,0.0,0,0,0.0,0.0,49954,0,0,0.8002098798751831,0.039932817220687866,-0.2053530514240265,0.20000000298023224,0.0,2218,848,32766,905,2110,3.2093842029571533
2026-04-07T12:31:20.395,radio://0/80/2M,flow,1,1,Wall Follow,4785,0,0,0,0.0,0,0,0.0,0.0,50204,3,0,0.8002098798751831,0.02655358426272869,-0.20664779841899872,0.20000000298023224,0.0,2218,848,32766,905,2110,3.2093842029571533
2026-04-07T12:31:20.396,radio://0/80/2M,range,1,1,Wall Follow,4785,0,0,0,0.0,0,0,0.0,0.0,50204,3,0,0.8002098798751831,0.02655358426272869,-0.20664779841899872,0.20000000298023224,0.0,2164,865,32766,969,2112,3.2199413776397705
2026-04-07T12:31:20.643,radio://0/80/2M,mission,1,1,Wall Follow,4785,0,0,0,0.0,0,0,0.0,0.0,50204,3,0,0.7972358465194702,0.02655358426272869,-0.20664779841899872,0.20000000298023224,0.0,2164,865,32766,969,2112,3.2199413776397705
2026-04-07T12:31:20.644,radio://0/80/2M,flow,1,1,Wall Follow,4486,0,0,0,0.0,0,0,0.0,0.0,50454,0,-4,0.7972358465194702,0.028437810018658638,-0.17916837334632874,0.20000000298023224,0.0,2164,865,32766,969,2112,3.2199413776397705
2026-04-07T12:31:20.645,radio://0/80/2M,range,1,1,Wall Follow,4486,0,0,0,0.0,0,0,0.0,0.0,50454,0,-4,0.7972358465194702,0.028437810018658638,-0.17916837334632874,0.20000000298023224,0.0,2137,874,32766,1003,2118,3.225219964981079
2026-04-07T12:31:20.890,radio://0/80/2M,mission,1,1,Wall Follow,4486,0,0,0,0.0,0,0,0.0,0.0,50454,0,-4,0.7931482791900635,0.028437810018658638,-0.17916837334632874,0.20000000298023224,0.0,2137,874,32766,1003,2118,3.225219964981079
2026-04-07T12:31:20.894,radio://0/80/2M,flow,1,1,Wall Follow,4486,0,0,0,0.0,0,0,0.0,0.0,50704,0,-1,0.7931482791900635,0.025404345244169235,-0.17114518582820892,0.20000000298023224,0.0,2137,874,32766,1003,2118,3.225219964981079
2026-04-07T12:31:20.895,radio://0/80/2M,range,1,1,Wall Follow,4486,0,0,0,0.0,0,0,0.0,0.0,50704,0,-1,0.7931482791900635,0.025404345244169235,-0.17114518582820892,0.20000000298023224,0.0,2086,886,32766,1044,2126,3.2041056156158447
2026-04-07T12:31:21.141,radio://0/80/2M,mission,1,1,Wall Follow,4486,0,0,0,0.0,0,0,0.0,0.0,50704,0,-1,0.7996951341629028,0.025404345244169235,-0.17114518582820892,0.20000000298023224,0.0,2086,886,32766,1044,2126,3.2041056156158447
2026-04-07T12:31:21.144,radio://0/80/2M,flow,1,1,Wall Follow,4486,0,0,0,0.0,0,0,0.0,0.0,50954,1,0,0.7996951341629028,0.05705385282635689,-0.18414707481861115,0.20000000298023224,0.0,2086,886,32766,1044,2126,3.2041056156158447
2026-04-07T12:31:21.145,radio://0/80/2M,range,1,1,Wall Follow,4486,0,0,0,0.0,0,0,0.0,0.0,50954,1,0,0.7996951341629028,0.05705385282635689,-0.18414707481861115,0.20000000298023224,0.0,2072,892,32766,1073,2120,3.2093842029571533
2026-04-07T12:31:21.391,radio://0/80/2M,mission,1,1,Wall Follow,4486,0,0,0,0.0,0,0,0.0,0.0,50954,1,0,0.8029822111129761,0.05705385282635689,-0.18414707481861115,0.20000000298023224,0.0,2072,892,32766,1073,2120,3.2093842029571533
2026-04-07T12:31:21.394,radio://0/80/2M,flow,1,1,Wall Follow,4486,0,0,0,0.0,0,0,0.0,0.0,51204,3,0,0.8029822111129761,0.045109234750270844,-0.16320154070854187,0.20000000298023224,0.0,2072,892,32766,1073,2120,3.2093842029571533
2026-04-07T12:31:21.395,radio://0/80/2M,range,1,1,Wall Follow,4486,0,0,0,0.0,0,0,0.0,0.0,51204,3,0,0.8029822111129761,0.045109234750270844,-0.16320154070854187,0.20000000298023224,0.0,2048,891,1043,1115,2104,3.2041056156158447
2026-04-07T12:31:21.641,radio://0/80/2M,mission,1,1,Wall Follow,4486,0,0,0,0.0,0,0,0.0,0.0,51204,3,0,0.800685465335846,0.045109234750270844,-0.16320154070854187,0.20000000298023224,0.0,2048,891,1043,1115,2104,3.2041056156158447
2026-04-07T12:31:21.644,radio://0/80/2M,flow,1,1,Wall Follow,4486,0,0,0,0.0,0,0,0.0,0.0,51454,2,-3,0.800685465335846,0.06747987866401672,-0.17165371775627136,0.20000000298023224,0.10000000149011612,2048,891,1043,1115,2104,3.2041056156158447
2026-04-07T12:31:21.645,radio://0/80/2M,range,1,1,Wall Follow,4486,0,0,0,0.0,0,0,0.0,0.0,51454,2,-3,0.800685465335846,0.06747987866401672,-0.17165371775627136,0.20000000298023224,0.10000000149011612,2040,901,979,1154,2119,3.1935484409332275
2026-04-07T12:31:21.890,radio://0/80/2M,mission,1,5,Transition,4486,0,0,0,0.0,0,0,0.0,0.0,51454,2,-3,0.7975128889083862,0.06747987866401672,-0.17165371775627136,0.20000000298023224,0.10000000149011612,2040,901,979,1154,2119,3.1935484409332275
2026-04-07T12:31:21.893,radio://0/80/2M,flow,1,5,Transition,4206,0,0,0,0.0,0,0,0.0,0.0,51704,-2,-1,0.7975128889083862,0.08102066069841385,-0.13818269968032837,0.0,0.0,2040,901,979,1154,2119,3.1935484409332275
2026-04-07T12:31:21.895,radio://0/80/2M,range,1,5,Transition,4206,0,0,0,0.0,0,0,0.0,0.0,51704,-2,-1,0.7975128889083862,0.08102066069841385,-0.13818269968032837,0.0,0.0,2007,905,913,1195,2123,3.172434091567993
2026-04-07T12:31:22.141,radio://0/80/2M,mission,1,5,Transition,4206,0,0,0,0.0,0,0,0.0,0.0,51704,-2,-1,0.7981756329536438,0.08102066069841385,-0.13818269968032837,0.0,0.0,2007,905,913,1195,2123,3.172434091567993
2026-04-07T12:31:22.144,radio://0/80/2M,flow,1,5,Transition,4206,0,0,0,0.0,0,0,0.0,0.0,51954,0,0,0.7981756329536438,0.038961805403232574,-0.03466036915779114,0.0,0.0,2007,905,913,1195,2123,3.172434091567993
2026-04-07T12:31:22.145,radio://0/80/2M,range,1,5,Transition,4206,0,0,0,0.0,0,0,0.0,0.0,51954,0,0,0.7981756329536438,0.038961805403232574,-0.03466036915779114,0.0,0.0,1984,882,893,1207,2122,3.1777126789093018
2026-04-07T12:31:22.389,radio://0/80/2M,mission,1,2,Scan,4206,0,0,0,0.0,0,0,0.0,0.0,51954,0,0,0.794398844242096,0.038961805403232574,-0.03466036915779114,0.0,0.0,1984,882,893,1207,2122,3.1777126789093018
2026-04-07T12:31:22.393,radio://0/80/2M,flow,1,2,Scan,4206,0,0,0,0.0,0,0,0.0,0.0,52204,-1,0,0.794398844242096,-0.03494947403669357,0.06049104034900665,0.0,0.0,1984,882,893,1207,2122,3.1777126789093018
2026-04-07T12:31:22.394,radio://0/80/2M,range,1,2,Scan,4206,0,0,0,0.0,0,0,0.0,0.0,52204,-1,0,0.794398844242096,-0.03494947403669357,0.06049104034900665,0.0,0.0,2005,907,866,1220,2126,3.188269853591919
2026-04-07T12:31:22.639,radio://0/80/2M,mission,1,2,Scan,4206,0,0,0,0.0,0,0,0.0,0.0,52204,-1,0,0.7961609959602356,-0.03494947403669357,0.06049104034900665,0.0,0.0,2005,907,866,1220,2126,3.188269853591919
2026-04-07T12:31:22.643,radio://0/80/2M,flow,1,2,Scan,4206,0,0,0,0.0,0,0,0.0,0.0,52454,0,0,0.7961609959602356,-0.03824733942747116,0.17519798874855042,0.0,0.0,2005,907,866,1220,2126,3.188269853591919
2026-04-07T12:31:22.644,radio://0/80/2M,range,1,2,Scan,4206,0,0,0,0.0,0,0,0.0,0.0,52454,0,0,0.7961609959602356,-0.03824733942747116,0.17519798874855042,0.0,0.0,2054,981,814,1248,2132,3.1671555042266846
2026-04-07T12:31:22.890,radio://0/80/2M,mission,1,2,Scan,4206,0,0,0,0.0,0,0,0.0,0.0,52454,0,0,0.7999268770217896,-0.03824733942747116,0.17519798874855042,0.0,0.0,2054,981,814,1248,2132,3.1671555042266846
2026-04-07T12:31:22.894,radio://0/80/2M,flow,1,2,Scan,4206,0,0,0,0.0,0,0,0.0,0.0,52704,0,0,0.7999268770217896,-0.004446713253855705,0.05814000591635704,0.0,0.0,2054,981,814,1248,2132,3.1671555042266846
2026-04-07T12:31:22.895,radio://0/80/2M,range,1,2,Scan,4206,0,0,0,0.0,0,0,0.0,0.0,52704,0,0,0.7999268770217896,-0.004446713253855705,0.05814000591635704,0.0,0.0,2310,1138,703,1395,2130,3.1777126789093018
2026-04-07T12:31:23.139,radio://0/80/2M,mission,1,2,Scan,4206,0,0,0,0.0,0,0,0.0,0.0,52704,0,0,0.8039214611053467,-0.004446713253855705,0.05814000591635704,0.0,0.0,2310,1138,703,1395,2130,3.1777126789093018
2026-04-07T12:31:23.141,radio://0/80/2M,flow,1,2,Scan,4206,0,0,0,0.0,0,0,0.0,0.0,52954,5,0,0.8039214611053467,-0.009945522993803024,-0.12166948616504669,0.0,0.0,2310,1138,703,1395,2130,3.1777126789093018
2026-04-07T12:31:23.143,radio://0/80/2M,range,1,2,Scan,4206,0,0,0,0.0,0,0,0.0,0.0,52954,5,0,0.8039214611053467,-0.009945522993803024,-0.12166948616504669,0.0,0.0,32766,1308,636,1536,2125,3.1935484409332275
2026-04-07T12:31:23.389,radio://0/80/2M,mission,1,2,Scan,4206,0,0,0,0.0,0,0,0.0,0.0,52954,5,0,0.8065169453620911,-0.009945522993803024,-0.12166948616504669,0.0,0.0,32766,1308,636,1536,2125,3.1935484409332275
2026-04-07T12:31:23.392,radio://0/80/2M,flow,1,2,Scan,4206,0,0,0,0.0,0,0,0.0,0.0,53204,4,-8,0.8065169453620911,0.11148560792207718,-0.1485353410243988,0.0,0.0,32766,1308,636,1536,2125,3.1935484409332275
2026-04-07T12:31:23.393,radio://0/80/2M,range,1,2,Scan,4206,0,0,0,0.0,0,0,0.0,0.0,53204,4,-8,0.8065169453620911,0.11148560792207718,-0.1485353410243988,0.0,0.0,32766,1331,800,32766,2131,3.1565983295440674
2026-04-07T12:31:23.638,radio://0/80/2M,mission,1,2,Scan,4206,0,0,0,0.0,0,0,0.0,0.0,53204,4,-8,0.8034003973007202,0.11148560792207718,-0.1485353410243988,0.0,0.0,32766,1331,800,32766,2131,3.1565983295440674
2026-04-07T12:31:23.642,radio://0/80/2M,flow,1,2,Scan,3944,0,0,0,0.0,0,0,0.0,0.0,53454,1,-3,0.8034003973007202,0.20342135429382324,0.021479126065969467,0.0,0.0,32766,1331,800,32766,2131,3.1565983295440674
2026-04-07T12:31:23.643,radio://0/80/2M,range,1,2,Scan,3944,0,0,0,0.0,0,0,0.0,0.0,53454,1,-3,0.8034003973007202,0.20342135429382324,0.021479126065969467,0.0,0.0,32766,1260,32766,32766,2122,3.172434091567993
2026-04-07T12:31:23.895,radio://0/80/2M,mission,1,2,Scan,3944,0,0,0,0.0,0,0,0.0,0.0,53454,1,-3,0.8019917607307434,0.20342135429382324,0.021479126065969467,0.0,0.0,32766,1260,32766,32766,2122,3.172434091567993
2026-04-07T12:31:23.897,radio://0/80/2M,flow,1,2,Scan,3944,0,0,0,0.0,0,0,0.0,0.0,53704,0,0,0.8019917607307434,0.052313417196273804,0.07788030803203583,0.0,0.0,32766,1260,32766,32766,2122,3.172434091567993
2026-04-07T12:31:23.905,radio://0/80/2M,range,1,2,Scan,3944,0,0,0,0.0,0,0,0.0,0.0,53704,0,0,0.8019917607307434,0.052313417196273804,0.07788030803203583,0.0,0.0,756,1203,1707,1169,2123,3.151319742202759
2026-04-07T12:31:24.139,radio://0/80/2M,mission,1,2,Scan,3944,0,0,0,0.0,0,0,0.0,0.0,53704,0,0,0.7998666167259216,0.052313417196273804,0.07788030803203583,0.0,0.0,756,1203,1707,1169,2123,3.151319742202759
2026-04-07T12:31:24.142,radio://0/80/2M,flow,1,2,Scan,3944,0,0,0,0.0,0,0,0.0,0.0,53954,0,0,0.7998666167259216,-0.11750234663486481,0.1095292717218399,0.0,0.0,756,1203,1707,1169,2123,3.151319742202759
2026-04-07T12:31:24.143,radio://0/80/2M,range,1,2,Scan,3944,0,0,0,0.0,0,0,0.0,0.0,53954,0,0,0.7998666167259216,-0.11750234663486481,0.1095292717218399,0.0,0.0,713,1180,1669,32766,2128,3.151319742202759
2026-04-07T12:31:24.388,radio://0/80/2M,mission,1,2,Scan,3944,0,0,0,0.0,0,0,0.0,0.0,53954,0,0,0.7977073788642883,-0.11750234663486481,0.1095292717218399,0.0,0.0,713,1180,1669,32766,2128,3.151319742202759
2026-04-07T12:31:24.391,radio://0/80/2M,flow,1,2,Scan,3944,0,0,0,0.0,0,0,0.0,0.0,54204,-2,0,0.7977073788642883,-0.2080080509185791,0.06398391723632812,0.0,0.0,713,1180,1669,32766,2128,3.151319742202759
2026-04-07T12:31:24.392,radio://0/80/2M,range,1,2,Scan,3944,0,0,0,0.0,0,0,0.0,0.0,54204,-2,0,0.7977073788642883,-0.2080080509185791,0.06398391723632812,0.0,0.0,743,1161,1699,32766,2133,3.151319742202759
2026-04-07T12:31:24.638,radio://0/80/2M,mission,1,2,Scan,3944,0,0,0,0.0,0,0,0.0,0.0,54204,-2,0,0.8081656694412231,-0.2080080509185791,0.06398391723632812,0.0,0.0,743,1161,1699,32766,2133,3.151319742202759
2026-04-07T12:31:24.641,radio://0/80/2M,flow,1,2,Scan,3944,0,0,0,0.0,0,0,0.0,0.0,54454,0,0,0.8081656694412231,-0.16465096175670624,-0.025776037946343422,0.0,0.0,743,1161,1699,32766,2133,3.151319742202759
2026-04-07T12:31:24.642,radio://0/80/2M,range,1,2,Scan,3944,0,0,0,0.0,0,0,0.0,0.0,54454,0,0,0.8081656694412231,-0.16465096175670624,-0.025776037946343422,0.0,0.0,787,1199,1774,32766,2118,3.188269853591919
2026-04-07T12:31:24.888,radio://0/80/2M,mission,1,2,Scan,3944,0,0,0,0.0,0,0,0.0,0.0,54454,0,0,0.8104838132858276,-0.16465096175670624,-0.025776037946343422,0.0,0.0,787,1199,1774,32766,2118,3.188269853591919
2026-04-07T12:31:24.891,radio://0/80/2M,flow,1,2,Scan,3944,0,0,0,0.0,0,0,0.0,0.0,54704,0,0,0.8104838132858276,-0.1342029720544815,-0.05333458259701729,0.0,0.0,787,1199,1774,32766,2118,3.188269853591919
2026-04-07T12:31:24.892,radio://0/80/2M,range,1,2,Scan,3944,0,0,0,0.0,0,0,0.0,0.0,54704,0,0,0.8104838132858276,-0.1342029720544815,-0.05333458259701729,0.0,0.0,879,1320,1885,685,2124,3.1565983295440674
2026-04-07T12:31:25.137,radio://0/80/2M,mission,1,2,Scan,3944,0,0,0,0.0,0,0,0.0,0.0,54704,0,0,0.8042281866073608,-0.1342029720544815,-0.05333458259701729,0.0,0.0,879,1320,1885,685,2124,3.1565983295440674
2026-04-07T12:31:25.140,radio://0/80/2M,flow,1,2,Scan,3944,0,0,0,0.0,0,0,0.0,0.0,54954,-6,-1,0.8042281866073608,-0.14652620255947113,-0.04370373487472534,0.0,0.0,879,1320,1885,685,2124,3.1565983295440674
2026-04-07T12:31:25.141,radio://0/80/2M,range,1,2,Scan,3944,0,0,0,0.0,0,0,0.0,0.0,54954,-6,-1,0.8042281866073608,-0.14652620255947113,-0.04370373487472534,0.0,0.0,963,1470,1953,589,2119,3.1829912662506104
2026-04-07T12:31:25.388,radio://0/80/2M,mission,1,2,Scan,3944,0,0,0,0.0,0,0,0.0,0.0,54954,-6,-1,0.804335355758667,-0.14652620255947113,-0.04370373487472534,0.0,0.0,963,1470,1953,589,2119,3.1829912662506104
2026-04-07T12:31:25.392,radio://0/80/2M,flow,1,2,Scan,3944,0,0,0,0.0,0,0,0.0,0.0,55204,4,1,0.804335355758667,-0.05577762797474861,-0.20697534084320068,0.0,0.0,963,1470,1953,589,2119,3.1829912662506104
2026-04-07T12:31:25.393,radio://0/80/2M,range,1,2,Scan,3944,0,0,0,0.0,0,0,0.0,0.0,55204,4,1,0.804335355758667,-0.05577762797474861,-0.20697534084320068,0.0,0.0,1144,1792,32766,697,2134,3.1671555042266846
2026-04-07T12:31:25.638,radio://0/80/2M,mission,1,2,Scan,3944,0,0,0,0.0,0,0,0.0,0.0,55204,4,1,0.7980766892433167,-0.05577762797474861,-0.20697534084320068,0.0,0.0,1144,1792,32766,697,2134,3.1671555042266846
2026-04-07T12:31:25.641,radio://0/80/2M,flow,1,2,Scan,4190,0,0,0,0.0,0,0,0.0,0.0,55454,4,1,0.7980766892433167,-0.0021263384260237217,-0.18128089606761932,0.0,0.0,1144,1792,32766,697,2134,3.1671555042266846
2026-04-07T12:31:25.642,radio://0/80/2M,range,1,2,Scan,4190,0,0,0,0.0,0,0,0.0,0.0,55454,4,1,0.7980766892433167,-0.0021263384260237217,-0.18128089606761932,0.0,0.0,1323,32766,32766,839,2139,3.172434091567993
2026-04-07T12:31:25.888,radio://0/80/2M,mission,1,2,Scan,4190,0,0,0,0.0,0,0,0.0,0.0,55454,4,1,0.8025404214859009,-0.0021263384260237217,-0.18128089606761932,0.0,0.0,1323,32766,32766,839,2139,3.172434091567993
2026-04-07T12:31:25.891,radio://0/80/2M,flow,1,2,Scan,4190,0,0,0,0.0,0,0,0.0,0.0,55704,-1,0,0.8025404214859009,-0.09783914685249329,-0.0316639244556427,0.0,0.0,1323,32766,32766,839,2139,3.172434091567993
2026-04-07T12:31:25.893,radio://0/80/2M,range,1,2,Scan,4190,0,0,0,0.0,0,0,0.0,0.0,55704,-1,0,0.8025404214859009,-0.09783914685249329,-0.0316639244556427,0.0,0.0,1530,32766,32766,1157,2149,3.1671555042266846
2026-04-07T12:31:26.137,radio://0/80/2M,mission,1,2,Scan,4190,0,0,0,0.0,0,0,0.0,0.0,55704,-1,0,0.7966607213020325,-0.09783914685249329,-0.0316639244556427,0.0,0.0,1530,32766,32766,1157,2149,3.1671555042266846
2026-04-07T12:31:26.139,radio://0/80/2M,flow,1,2,Scan,4190,0,0,0,0.0,0,0,0.0,0.0,55954,0,0,0.7966607213020325,-0.2280842810869217,0.062160078436136246,0.0,0.0,1530,32766,32766,1157,2149,3.1671555042266846
2026-04-07T12:31:26.140,radio://0/80/2M,range,1,2,Scan,4190,0,0,0,0.0,0,0,0.0,0.0,55954,0,0,0.7966607213020325,-0.2280842810869217,0.062160078436136246,0.0,0.0,1495,32766,32766,1600,2160,3.1671555042266846
2026-04-07T12:31:26.386,radio://0/80/2M,mission,1,2,Scan,4190,0,0,0,0.0,0,0,0.0,0.0,55954,0,0,0.7984509468078613,-0.2280842810869217,0.062160078436136246,0.0,0.0,1495,32766,32766,1600,2160,3.1671555042266846
2026-04-07T12:31:26.390,radio://0/80/2M,flow,1,2,Scan,4190,0,0,0,0.0,0,0,0.0,0.0,56204,0,0,0.7984509468078613,-0.18411000072956085,-0.0196110587567091,0.0,0.0,1495,32766,32766,1600,2160,3.1671555042266846
2026-04-07T12:31:26.391,radio://0/80/2M,range,1,2,Scan,4190,0,0,0,0.0,0,0,0.0,0.0,56204,0,0,0.7984509468078613,-0.18411000072956085,-0.0196110587567091,0.0,0.0,1406,32766,895,1544,2150,3.1407625675201416
2026-04-07T12:31:26.636,radio://0/80/2M,mission,1,2,Scan,4190,0,0,0,0.0,0,0,0.0,0.0,56204,0,0,0.8033517003059387,-0.18411000072956085,-0.0196110587567091,0.0,0.0,1406,32766,895,1544,2150,3.1407625675201416
2026-04-07T12:31:26.639,radio://0/80/2M,flow,1,2,Scan,4190,0,0,0,0.0,0,0,0.0,0.0,56454,-1,-2,0.8033517003059387,-0.10911546647548676,-0.09133856743574142,0.0,0.0,1406,32766,895,1544,2150,3.1407625675201416
2026-04-07T12:31:26.640,radio://0/80/2M,range,1,2,Scan,4190,0,0,0,0.0,0,0,0.0,0.0,56454,-1,-2,0.8033517003059387,-0.10911546647548676,-0.09133856743574142,0.0,0.0,1365,3162,875,1508,2161,3.1935484409332275
2026-04-07T12:31:26.886,radio://0/80/2M,mission,1,2,Scan,4190,0,0,0,0.0,0,0,0.0,0.0,56454,-1,-2,0.8052488565444946,-0.10911546647548676,-0.09133856743574142,0.0,0.0,1365,3162,875,1508,2161,3.1935484409332275
2026-04-07T12:31:26.889,radio://0/80/2M,flow,1,2,Scan,4190,0,0,0,0.0,0,0,0.0,0.0,56704,0,0,0.8052488565444946,-0.05832784250378609,-0.12703607976436615,0.0,0.0,1365,3162,875,1508,2161,3.1935484409332275
2026-04-07T12:31:26.890,radio://0/80/2M,range,1,2,Scan,4190,0,0,0,0.0,0,0,0.0,0.0,56704,0,0,0.8052488565444946,-0.05832784250378609,-0.12703607976436615,0.0,0.0,1328,32766,817,1522,2164,3.172434091567993
2026-04-07T12:31:27.137,radio://0/80/2M,mission,1,2,Scan,4190,0,0,0,0.0,0,0,0.0,0.0,56704,0,0,0.8023839592933655,-0.05832784250378609,-0.12703607976436615,0.0,0.0,1328,32766,817,1522,2164,3.172434091567993
2026-04-07T12:31:27.140,radio://0/80/2M,flow,1,2,Scan,4190,0,0,0,0.0,0,0,0.0,0.0,56954,0,-1,0.8023839592933655,-0.04499831423163414,-0.11806372553110123,0.0,0.0,1328,32766,817,1522,2164,3.172434091567993
2026-04-07T12:31:27.141,radio://0/80/2M,range,1,2,Scan,4190,0,0,0,0.0,0,0,0.0,0.0,56954,0,-1,0.8023839592933655,-0.04499831423163414,-0.11806372553110123,0.0,0.0,1361,32766,824,1602,2147,3.1935484409332275
2026-04-07T12:31:27.386,radio://0/80/2M,mission,1,2,Scan,4190,0,0,0,0.0,0,0,0.0,0.0,56954,0,-1,0.796745240688324,-0.04499831423163414,-0.11806372553110123,0.0,0.0,1361,32766,824,1602,2147,3.1935484409332275
2026-04-07T12:31:27.389,radio://0/80/2M,flow,1,2,Scan,4190,0,0,0,0.0,0,0,0.0,0.0,57204,0,0,0.796745240688324,2.290881184308091e-06,-0.13525377213954926,0.0,0.0,1361,32766,824,1602,2147,3.1935484409332275
2026-04-07T12:31:27.391,radio://0/80/2M,range,1,2,Scan,4190,0,0,0,0.0,0,0,0.0,0.0,57204,0,0,0.796745240688324,2.290881184308091e-06,-0.13525377213954926,0.0,0.0,1424,518,876,1766,32766,3.1935484409332275
2026-04-07T12:31:27.635,radio://0/80/2M,mission,1,2,Scan,4190,0,0,0,0.0,0,0,0.0,0.0,57204,0,0,0.7950066328048706,2.290881184308091e-06,-0.13525377213954926,0.0,0.0,1424,518,876,1766,32766,3.1935484409332275
2026-04-07T12:31:27.639,radio://0/80/2M,flow,1,2,Scan,4190,0,0,0,0.0,0,0,0.0,0.0,57454,-3,-3,0.7950066328048706,-0.07941523939371109,-0.08937437832355499,0.0,0.0,1424,518,876,1766,32766,3.1935484409332275
2026-04-07T12:31:27.640,radio://0/80/2M,range,1,2,Scan,4190,0,0,0,0.0,0,0,0.0,0.0,57454,-3,-3,0.7950066328048706,-0.07941523939371109,-0.08937437832355499,0.0,0.0,1503,522,956,1862,2129,3.151319742202759
2026-04-07T12:31:27.885,radio://0/80/2M,mission,1,2,Scan,4190,0,0,0,0.0,0,0,0.0,0.0,57454,-3,-3,0.7962918877601624,-0.07941523939371109,-0.08937437832355499,0.0,0.0,1503,522,956,1862,2129,3.151319742202759
2026-04-07T12:31:27.889,radio://0/80/2M,flow,1,2,Scan,3929,0,0,0,0.0,0,0,0.0,0.0,57704,4,4,0.7962918877601624,-0.09255486726760864,-0.07467368245124817,0.0,0.0,1503,522,956,1862,2129,3.151319742202759
2026-04-07T12:31:27.890,radio://0/80/2M,range,1,2,Scan,3929,0,0,0,0.0,0,0,0.0,0.0,57704,4,4,0.7962918877601624,-0.09255486726760864,-0.07467368245124817,0.0,0.0,1687,542,1195,32766,2140,3.1935484409332275
2026-04-07T12:31:28.134,radio://0/80/2M,mission,1,2,Scan,3929,0,0,0,0.0,0,0,0.0,0.0,57704,4,4,0.8000116944313049,-0.09255486726760864,-0.07467368245124817,0.0,0.0,1687,542,1195,32766,2140,3.1935484409332275
2026-04-07T12:31:28.138,radio://0/80/2M,flow,1,2,Scan,3929,0,0,0,0.0,0,0,0.0,0.0,57954,0,0,0.8000116944313049,-0.03916327282786369,0.12844432890415192,0.0,0.0,1687,542,1195,32766,2140,3.1935484409332275
2026-04-07T12:31:28.140,radio://0/80/2M,range,1,2,Scan,3929,0,0,0,0.0,0,0,0.0,0.0,57954,0,0,0.8000116944313049,-0.03916327282786369,0.12844432890415192,0.0,0.0,1759,583,1440,32766,2129,3.2199413776397705
2026-04-07T12:31:28.385,radio://0/80/2M,mission,1,2,Scan,3929,0,0,0,0.0,0,0,0.0,0.0,57954,0,0,0.8105865716934204,-0.03916327282786369,0.12844432890415192,0.0,0.0,1759,583,1440,32766,2129,3.2199413776397705
2026-04-07T12:31:28.388,radio://0/80/2M,flow,1,2,Scan,4174,0,0,0,0.0,0,0,0.0,0.0,58204,0,-3,0.8105865716934204,0.07625972479581833,-0.061248864978551865,0.0,0.0,1759,583,1440,32766,2129,3.2199413776397705
2026-04-07T12:31:28.389,radio://0/80/2M,range,1,2,Scan,4174,0,0,0,0.0,0,0,0.0,0.0,58204,0,-3,0.8105865716934204,0.07625972479581833,-0.061248864978551865,0.0,0.0,32766,734,1305,32766,2172,3.2304985523223877
2026-04-07T12:31:28.635,radio://0/80/2M,mission,1,2,Scan,4174,0,0,0,0.0,0,0,0.0,0.0,58204,0,-3,0.7982527017593384,0.07625972479581833,-0.061248864978551865,0.0,0.0,32766,734,1305,32766,2172,3.2304985523223877
2026-04-07T12:31:28.639,radio://0/80/2M,flow,1,2,Scan,4174,0,0,0,0.0,0,0,0.0,0.0,58454,-10,-8,0.7982527017593384,0.053554221987724304,-0.32782769203186035,0.0,0.0,32766,734,1305,32766,2172,3.2304985523223877
2026-04-07T12:31:28.640,radio://0/80/2M,range,1,2,Scan,4174,0,0,0,0.0,0,0,0.0,0.0,58454,-10,-8,0.7982527017593384,0.053554221987724304,-0.32782769203186035,0.0,0.0,32766,932,1246,1083,2158,3.2093842029571533
2026-04-07T12:31:28.884,radio://0/80/2M,mission,1,2,Scan,4174,0,0,0,0.0,0,0,0.0,0.0,58454,-10,-8,0.7902271151542664,0.053554221987724304,-0.32782769203186035,0.0,0.0,32766,932,1246,1083,2158,3.2093842029571533
2026-04-07T12:31:28.887,radio://0/80/2M,flow,1,2,Scan,4174,0,0,0,0.0,0,0,0.0,0.0,58704,0,-3,0.7902271151542664,0.07344961911439896,-0.40267157554626465,0.0,0.0,32766,932,1246,1083,2158,3.2093842029571533
2026-04-07T12:31:28.889,radio://0/80/2M,range,1,2,Scan,4174,0,0,0,0.0,0,0,0.0,0.0,58704,0,-3,0.7902271151542664,0.07344961911439896,-0.40267157554626465,0.0,0.0,32766,1686,1234,981,2147,3.214662790298462
2026-04-07T12:31:29.134,radio://0/80/2M,mission,1,2,Scan,4174,0,0,0,0.0,0,0,0.0,0.0,58704,0,-3,0.8030788898468018,0.07344961911439896,-0.40267157554626465,0.0,0.0,32766,1686,1234,981,2147,3.214662790298462
2026-04-07T12:31:29.138,radio://0/80/2M,flow,1,2,Scan,4174,0,0,0,0.0,0,0,0.0,0.0,58954,0,1,0.8030788898468018,0.1527545154094696,-0.2559951841831207,0.0,0.0,32766,1686,1234,981,2147,3.214662790298462
2026-04-07T12:31:29.139,radio://0/80/2M,range,1,2,Scan,4174,0,0,0,0.0,0,0,0.0,0.0,58954,0,1,0.8030788898468018,0.1527545154094696,-0.2559951841831207,0.0,0.0,32766,1617,1242,939,2144,3.225219964981079
2026-04-07T12:31:29.383,radio://0/80/2M,mission,1,2,Scan,4174,0,0,0,0.0,0,0,0.0,0.0,58954,0,1,0.8080209493637085,0.1527545154094696,-0.2559951841831207,0.0,0.0,32766,1617,1242,939,2144,3.225219964981079
2026-04-07T12:31:29.388,radio://0/80/2M,flow,1,2,Scan,4174,0,0,0,0.0,0,0,0.0,0.0,59204,0,4,0.8080209493637085,0.18762236833572388,-0.12971146404743195,0.0,0.0,32766,1617,1242,939,2144,3.225219964981079
2026-04-07T12:31:29.389,radio://0/80/2M,range,1,2,Scan,4174,0,0,0,0.0,0,0,0.0,0.0,59204,0,4,0.8080209493637085,0.18762236833572388,-0.12971146404743195,0.0,0.0,3136,1553,1274,911,2130,3.225219964981079
2026-04-07T12:31:29.634,radio://0/80/2M,mission,1,2,Scan,4174,0,0,0,0.0,0,0,0.0,0.0,59204,0,4,0.8020649552345276,0.18762236833572388,-0.12971146404743195,0.0,0.0,3136,1553,1274,911,2130,3.225219964981079
2026-04-07T12:31:29.636,radio://0/80/2M,flow,1,2,Scan,4174,0,0,0,0.0,0,0,0.0,0.0,59454,-5,1,0.8020649552345276,0.25113147497177124,-0.09534432739019394,0.0,0.0,3136,1553,1274,911,2130,3.225219964981079
2026-04-07T12:31:29.637,radio://0/80/2M,range,1,2,Scan,4174,0,0,0,0.0,0,0,0.0,0.0,59454,-5,1,0.8020649552345276,0.25113147497177124,-0.09534432739019394,0.0,0.0,32766,1603,1312,903,2138,3.198827028274536
2026-04-07T12:31:29.884,radio://0/80/2M,mission,1,2,Scan,4174,0,0,0,0.0,0,0,0.0,0.0,59454,-5,1,0.797045886516571,0.25113147497177124,-0.09534432739019394,0.0,0.0,32766,1603,1312,903,2138,3.198827028274536
2026-04-07T12:31:29.887,radio://0/80/2M,flow,1,2,Scan,3914,0,0,0,0.0,0,0,0.0,0.0,59704,1,0,0.797045886516571,0.12307821214199066,-0.05251336842775345,0.0,0.0,32766,1603,1312,903,2138,3.198827028274536
2026-04-07T12:31:29.888,radio://0/80/2M,range,1,2,Scan,3914,0,0,0,0.0,0,0,0.0,0.0,59704,1,0,0.797045886516571,0.12307821214199066,-0.05251336842775345,0.0,0.0,546,1753,1394,925,2147,3.1935484409332275
2026-04-07T12:31:30.133,radio://0/80/2M,mission,1,2,Scan,3914,0,0,0,0.0,0,0,0.0,0.0,59704,1,0,0.7982335686683655,0.12307821214199066,-0.05251336842775345,0.0,0.0,546,1753,1394,925,2147,3.1935484409332275
2026-04-07T12:31:30.137,radio://0/80/2M,flow,1,2,Scan,3914,0,0,0,0.0,0,0,0.0,0.0,59954,0,-1,0.7982335686683655,0.05089244991540909,-0.03737744688987732,0.0,0.0,546,1753,1394,925,2147,3.1935484409332275
2026-04-07T12:31:30.138,radio://0/80/2M,range,1,2,Scan,3914,0,0,0,0.0,0,0,0.0,0.0,59954,0,-1,0.7982335686683655,0.05089244991540909,-0.03737744688987732,0.0,0.0,486,1821,1483,985,2127,3.1935484409332275
2026-04-07T12:31:30.383,radio://0/80/2M,mission,1,2,Scan,3914,0,0,0,0.0,0,0,0.0,0.0,59954,0,-1,0.8022664785385132,0.05089244991540909,-0.03737744688987732,0.0,0.0,486,1821,1483,985,2127,3.1935484409332275
2026-04-07T12:31:30.387,radio://0/80/2M,flow,1,2,Scan,3914,0,0,0,0.0,0,0,0.0,0.0,60204,-1,0,0.8022664785385132,0.057868070900440216,-0.05040412396192551,0.0,0.0,486,1821,1483,985,2127,3.1935484409332275
2026-04-07T12:31:30.388,radio://0/80/2M,range,1,2,Scan,3914,0,0,0,0.0,0,0,0.0,0.0,60204,-1,0,0.8022664785385132,0.057868070900440216,-0.05040412396192551,0.0,0.0,501,2007,1728,1192,2148,3.1935484409332275
2026-04-07T12:31:30.634,radio://0/80/2M,mission,1,2,Scan,3914,0,0,0,0.0,0,0,0.0,0.0,60204,-1,0,0.8066135048866272,0.057868070900440216,-0.05040412396192551,0.0,0.0,501,2007,1728,1192,2148,3.1935484409332275
2026-04-07T12:31:30.636,radio://0/80/2M,flow,1,2,Scan,3914,0,0,0,0.0,0,0,0.0,0.0,60454,0,0,0.8066135048866272,0.09994460642337799,0.08118978142738342,0.0,0.0,501,2007,1728,1192,2148,3.1935484409332275
2026-04-07T12:31:30.637,radio://0/80/2M,range,1,2,Scan,3914,0,0,0,0.0,0,0,0.0,0.0,60454,0,0,0.8066135048866272,0.09994460642337799,0.08118978142738342,0.0,0.0,567,32766,1848,1478,2139,3.1671555042266846
2026-04-07T12:31:30.883,radio://0/80/2M,mission,1,2,Scan,3914,0,0,0,0.0,0,0,0.0,0.0,60454,0,0,0.7957584261894226,0.09994460642337799,0.08118978142738342,0.0,0.0,567,32766,1848,1478,2139,3.1671555042266846
2026-04-07T12:31:30.886,radio://0/80/2M,flow,1,2,Scan,3914,0,0,0,0.0,0,0,0.0,0.0,60704,0,1,0.7957584261894226,0.18170061707496643,0.2369394153356552,0.0,0.0,567,32766,1848,1478,2139,3.1671555042266846
2026-04-07T12:31:30.887,radio://0/80/2M,range,1,2,Scan,3914,0,0,0,0.0,0,0,0.0,0.0,60704,0,1,0.7957584261894226,0.18170061707496643,0.2369394153356552,0.0,0.0,745,32766,32766,1490,2131,3.135483980178833
2026-04-07T12:31:31.132,radio://0/80/2M,mission,1,2,Scan,3914,0,0,0,0.0,0,0,0.0,0.0,60704,0,1,0.7936434745788574,0.18170061707496643,0.2369394153356552,0.0,0.0,745,32766,32766,1490,2131,3.135483980178833
2026-04-07T12:31:31.136,radio://0/80/2M,flow,1,2,Scan,3914,0,0,0,0.0,0,0,0.0,0.0,60954,3,0,0.7936434745788574,0.2676312327384949,0.09065613895654678,0.0,0.0,745,32766,32766,1490,2131,3.135483980178833
2026-04-07T12:31:31.137,radio://0/80/2M,range,1,2,Scan,3914,0,0,0,0.0,0,0,0.0,0.0,60954,3,0,0.7936434745788574,0.2676312327384949,0.09065613895654678,0.0,0.0,965,32766,32766,1381,2157,3.151319742202759
2026-04-07T12:31:31.383,radio://0/80/2M,mission,1,2,Scan,3914,0,0,0,0.0,0,0,0.0,0.0,60954,3,0,0.8031899929046631,0.2676312327384949,0.09065613895654678,0.0,0.0,965,32766,32766,1381,2157,3.151319742202759
2026-04-07T12:31:31.386,radio://0/80/2M,flow,1,2,Scan,3914,0,0,0,0.0,0,0,0.0,0.0,61204,-3,0,0.8031899929046631,0.16665542125701904,0.005303015932440758,0.0,0.0,965,32766,32766,1381,2157,3.151319742202759
2026-04-07T12:31:31.387,radio://0/80/2M,range,1,2,Scan,3914,0,0,0,0.0,0,0,0.0,0.0,61204,-3,0,0.8031899929046631,0.16665542125701904,0.005303015932440758,0.0,0.0,1645,916,1071,1305,2135,3.1935484409332275
2026-04-07T12:31:31.632,radio://0/80/2M,mission,1,2,Scan,3914,0,0,0,0.0,0,0,0.0,0.0,61204,-3,0,0.8048022389411926,0.16665542125701904,0.005303015932440758,0.0,0.0,1645,916,1071,1305,2135,3.1935484409332275
2026-04-07T12:31:31.637,radio://0/80/2M,flow,1,2,Scan,3914,0,0,0,0.0,0,0,0.0,0.0,61454,0,0,0.8048022389411926,-0.07442069798707962,0.016791339963674545,0.0,0.0,1645,916,1071,1305,2135,3.1935484409332275
2026-04-07T12:31:31.638,radio://0/80/2M,range,1,2,Scan,3914,0,0,0,0.0,0,0,0.0,0.0,61454,0,0,0.8048022389411926,-0.07442069798707962,0.016791339963674545,0.0,0.0,1569,870,32766,1282,2136,3.198827028274536
2026-04-07T12:31:31.882,radio://0/80/2M,mission,1,2,Scan,3914,0,0,0,0.0,0,0,0.0,0.0,61454,0,0,0.7969328165054321,-0.07442069798707962,0.016791339963674545,0.0,0.0,1569,870,32766,1282,2136,3.198827028274536
2026-04-07T12:31:31.885,radio://0/80/2M,flow,1,2,Scan,3914,0,0,0,0.0,0,0,0.0,0.0,61704,0,0,0.7969328165054321,-0.05587666109204292,0.05197519809007645,0.0,0.0,1569,870,32766,1282,2136,3.198827028274536
2026-04-07T12:31:31.886,radio://0/80/2M,range,1,2,Scan,3914,0,0,0,0.0,0,0,0.0,0.0,61704,0,0,0.7969328165054321,-0.05587666109204292,0.05197519809007645,0.0,0.0,1548,914,32766,1303,2144,3.172434091567993
2026-04-07T12:31:32.132,radio://0/80/2M,mission,1,2,Scan,3914,0,0,0,0.0,0,0,0.0,0.0,61704,0,0,0.7971353530883789,-0.05587666109204292,0.05197519809007645,0.0,0.0,1548,914,32766,1303,2144,3.172434091567993
2026-04-07T12:31:32.135,radio://0/80/2M,flow,1,2,Scan,3914,0,0,0,0.0,0,0,0.0,0.0,61954,0,9,0.7971353530883789,0.1011115238070488,0.1662769615650177,0.0,0.0,1548,914,32766,1303,2144,3.172434091567993
2026-04-07T12:31:32.137,radio://0/80/2M,range,1,2,Scan,3914,0,0,0,0.0,0,0,0.0,0.0,61954,0,9,0.7971353530883789,0.1011115238070488,0.1662769615650177,0.0,0.0,1616,960,626,1361,2164,3.1671555042266846
2026-04-07T12:31:32.382,radio://0/80/2M,mission,1,5,Transition,3914,0,0,0,0.0,0,0,0.0,0.0,61954,0,9,0.7874380946159363,0.1011115238070488,0.1662769615650177,0.0,0.0,1616,960,626,1361,2164,3.1671555042266846
2026-04-07T12:31:32.385,radio://0/80/2M,flow,1,5,Transition,3914,0,0,0,0.0,0,0,0.0,0.0,62204,-4,-3,0.7874380946159363,0.15585964918136597,0.15587233006954193,0.0,0.0,1616,960,626,1361,2164,3.1671555042266846
2026-04-07T12:31:32.386,radio://0/80/2M,range,1,5,Transition,3914,0,0,0,0.0,0,0,0.0,0.0,62204,-4,-3,0.7874380946159363,0.15585964918136597,0.15587233006954193,0.0,0.0,1804,981,492,1477,2155,3.1407625675201416
2026-04-07T12:31:32.631,radio://0/80/2M,mission,1,0,Reacquire Wall,3914,0,0,0,0.0,0,0,0.0,0.0,62204,-4,-3,0.7917832732200623,0.15585964918136597,0.15587233006954193,0.0,0.0,1804,981,492,1477,2155,3.1407625675201416
2026-04-07T12:31:32.635,radio://0/80/2M,flow,1,0,Reacquire Wall,3914,0,0,0,0.0,0,0,0.0,0.0,62454,-3,0,0.7917832732200623,0.1373000591993332,0.051835715770721436,0.20000000298023224,0.0,1804,981,492,1477,2155,3.1407625675201416
2026-04-07T12:31:32.636,radio://0/80/2M,range,1,0,Reacquire Wall,3914,0,0,0,0.0,0,0,0.0,0.0,62454,-3,0,0.7917832732200623,0.1373000591993332,0.051835715770721436,0.20000000298023224,0.0,1874,951,582,1607,2141,3.172434091567993
2026-04-07T12:31:32.881,radio://0/80/2M,mission,1,0,Reacquire Wall,3914,0,0,0,0.0,0,0,0.0,0.0,62454,-3,0,0.7978359460830688,0.1373000591993332,0.051835715770721436,0.20000000298023224,0.0,1874,951,582,1607,2141,3.172434091567993
2026-04-07T12:31:32.885,radio://0/80/2M,flow,1,0,Reacquire Wall,3914,0,0,0,0.0,0,0,0.0,0.0,62704,-1,0,0.7978359460830688,0.08553405851125717,-0.09444749355316162,0.20000000298023224,0.0,1874,951,582,1607,2141,3.172434091567993
2026-04-07T12:31:32.886,radio://0/80/2M,range,1,0,Reacquire Wall,3914,0,0,0,0.0,0,0,0.0,0.0,62704,-1,0,0.7978359460830688,0.08553405851125717,-0.09444749355316162,0.20000000298023224,0.0,1908,902,710,1737,2144,3.1777126789093018
2026-04-07T12:31:33.131,radio://0/80/2M,mission,1,0,Reacquire Wall,3914,0,0,0,0.0,0,0,0.0,0.0,62704,-1,0,0.7998013496398926,0.08553405851125717,-0.09444749355316162,0.20000000298023224,0.0,1908,902,710,1737,2144,3.1777126789093018
2026-04-07T12:31:33.134,radio://0/80/2M,flow,1,0,Reacquire Wall,4158,0,0,0,0.0,0,0,0.0,0.0,62954,0,-4,0.7998013496398926,0.12749658524990082,-0.21227945387363434,0.20000000298023224,0.0,1908,902,710,1737,2144,3.1777126789093018
2026-04-07T12:31:33.135,radio://0/80/2M,range,1,0,Reacquire Wall,4158,0,0,0,0.0,0,0,0.0,0.0,62954,0,-4,0.7998013496398926,0.12749658524990082,-0.21227945387363434,0.20000000298023224,0.0,1820,838,752,1777,2123,3.1935484409332275
2026-04-07T12:31:33.381,radio://0/80/2M,mission,1,0,Reacquire Wall,4158,0,0,0,0.0,0,0,0.0,0.0,62954,0,-4,0.8033893704414368,0.12749658524990082,-0.21227945387363434,0.20000000298023224,0.0,1820,838,752,1777,2123,3.1935484409332275
2026-04-07T12:31:33.385,radio://0/80/2M,flow,1,0,Reacquire Wall,4693,0,0,0,0.0,0,0,0.0,0.0,63204,2,0,0.8033893704414368,0.13495664298534393,-0.22347256541252136,0.20000000298023224,0.0,1820,838,752,1777,2123,3.1935484409332275
2026-04-07T12:31:33.386,radio://0/80/2M,range,1,0,Reacquire Wall,4693,0,0,0,0.0,0,0,0.0,0.0,63204,2,0,0.8033893704414368,0.13495664298534393,-0.22347256541252136,0.20000000298023224,0.0,1654,723,815,1814,2137,3.2041056156158447
2026-04-07T12:31:33.631,radio://0/80/2M,mission,1,0,Reacquire Wall,4693,0,0,0,0.0,0,0,0.0,0.0,63204,2,0,0.797823965549469,0.13495664298534393,-0.22347256541252136,0.20000000298023224,0.0,1654,723,815,1814,2137,3.2041056156158447
2026-04-07T12:31:33.634,radio://0/80/2M,flow,1,0,Reacquire Wall,5297,0,0,0,0.0,0,0,0.0,0.0,63454,-1,0,0.797823965549469,0.10573223233222961,-0.17177392542362213,0.20000000298023224,0.0,1654,723,815,1814,2137,3.2041056156158447
2026-04-07T12:31:33.635,radio://0/80/2M,range,1,0,Reacquire Wall,5297,0,0,0,0.0,0,0,0.0,0.0,63454,-1,0,0.797823965549469,0.10573223233222961,-0.17177392542362213,0.20000000298023224,0.0,1585,676,876,1865,2141,3.198827028274536
2026-04-07T12:31:33.880,radio://0/80/2M,mission,1,0,Reacquire Wall,5297,0,0,0,0.0,0,0,0.0,0.0,63454,-1,0,0.8014368414878845,0.10573223233222961,-0.17177392542362213,0.20000000298023224,0.0,1585,676,876,1865,2141,3.198827028274536
2026-04-07T12:31:33.884,radio://0/80/2M,flow,1,0,Reacquire Wall,5628,0,0,0,0.0,0,0,0.0,0.0,63704,0,0,0.8014368414878845,0.10571100562810898,-0.1804296374320984,0.20000000298023224,0.0,1585,676,876,1865,2141,3.198827028274536
2026-04-07T12:31:33.885,radio://0/80/2M,range,1,0,Reacquire Wall,5628,0,0,0,0.0,0,0,0.0,0.0,63704,0,0,0.8014368414878845,0.10571100562810898,-0.1804296374320984,0.20000000298023224,0.0,1512,648,923,1963,2121,3.2093842029571533
2026-04-07T12:31:34.131,radio://0/80/2M,mission,1,0,Reacquire Wall,5628,0,0,0,0.0,0,0,0.0,0.0,63704,0,0,0.8074026703834534,0.10571100562810898,-0.1804296374320984,0.20000000298023224,0.0,1512,648,923,1963,2121,3.2093842029571533
2026-04-07T12:31:34.133,radio://0/80/2M,flow,1,0,Reacquire Wall,5979,0,0,0,0.0,0,0,0.0,0.0,63954,0,-4,0.8074026703834534,0.12755335867404938,-0.1963946521282196,0.20000000298023224,0.0,1512,648,923,1963,2121,3.2093842029571533
2026-04-07T12:31:34.135,radio://0/80/2M,range,1,0,Reacquire Wall,5979,0,0,0,0.0,0,0,0.0,0.0,63954,0,-4,0.8074026703834534,0.12755335867404938,-0.1963946521282196,0.20000000298023224,0.0,1475,647,944,2016,2115,3.2199413776397705
2026-04-07T12:31:34.381,radio://0/80/2M,mission,1,0,Reacquire Wall,5979,0,0,0,0.0,0,0,0.0,0.0,63954,0,-4,0.8043910264968872,0.12755335867404938,-0.1963946521282196,0.20000000298023224,0.0,1475,647,944,2016,2115,3.2199413776397705
2026-04-07T12:31:34.384,radio://0/80/2M,flow,1,0,Reacquire Wall,5979,0,0,0,0.0,0,0,0.0,0.0,64204,10,7,0.8043910264968872,0.07319169491529465,-0.13276682794094086,0.20000000298023224,0.0,1475,647,944,2016,2115,3.2199413776397705
2026-04-07T12:31:34.386,radio://0/80/2M,range,1,0,Reacquire Wall,5979,0,0,0,0.0,0,0,0.0,0.0,64204,10,7,0.8043910264968872,0.07319169491529465,-0.13276682794094086,0.20000000298023224,0.0,1399,658,959,2073,2114,3.2041056156158447
2026-04-07T12:31:34.630,radio://0/80/2M,mission,1,0,Reacquire Wall,5979,0,0,0,0.0,0,0,0.0,0.0,64204,10,7,0.7948453426361084,0.07319169491529465,-0.13276682794094086,0.20000000298023224,0.0,1399,658,959,2073,2114,3.2041056156158447
2026-04-07T12:31:34.634,radio://0/80/2M,flow,1,0,Reacquire Wall,5979,0,0,0,0.0,0,0,0.0,0.0,64454,0,-5,0.7948453426361084,0.12073724716901779,-0.18255792558193207,0.20000000298023224,0.0,1399,658,959,2073,2114,3.2041056156158447
2026-04-07T12:31:34.635,radio://0/80/2M,range,1,0,Reacquire Wall,5979,0,0,0,0.0,0,0,0.0,0.0,64454,0,-5,0.7948453426361084,0.12073724716901779,-0.18255792558193207,0.20000000298023224,0.0,1375,660,991,2148,2119,3.198827028274536
2026-04-07T12:31:34.880,radio://0/80/2M,mission,1,0,Reacquire Wall,5979,0,0,0,0.0,0,0,0.0,0.0,64454,0,-5,0.7920765280723572,0.12073724716901779,-0.18255792558193207,0.20000000298023224,0.0,1375,660,991,2148,2119,3.198827028274536
2026-04-07T12:31:34.883,radio://0/80/2M,flow,1,0,Reacquire Wall,5979,0,0,0,0.0,0,0,0.0,0.0,64704,0,2,0.7920765280723572,0.08900588750839233,-0.1170988604426384,0.20000000298023224,0.0,1375,660,991,2148,2119,3.198827028274536
2026-04-07T12:31:34.884,radio://0/80/2M,range,1,0,Reacquire Wall,5979,0,0,0,0.0,0,0,0.0,0.0,64704,0,2,0.7920765280723572,0.08900588750839233,-0.1170988604426384,0.20000000298023224,0.0,1326,626,1058,2203,2122,3.198827028274536
2026-04-07T12:31:35.130,radio://0/80/2M,mission,1,0,Reacquire Wall,5979,0,0,0,0.0,0,0,0.0,0.0,64704,0,2,0.7932696342468262,0.08900588750839233,-0.1170988604426384,0.20000000298023224,0.0,1326,626,1058,2203,2122,3.198827028274536
2026-04-07T12:31:35.133,radio://0/80/2M,flow,1,0,Reacquire Wall,5979,0,0,0,0.0,0,0,0.0,0.0,64954,0,0,0.7932696342468262,0.0812954530119896,-0.13623996078968048,0.20000000298023224,0.0,1326,626,1058,2203,2122,3.198827028274536
2026-04-07T12:31:35.134,radio://0/80/2M,range,1,0,Reacquire Wall,5979,0,0,0,0.0,0,0,0.0,0.0,64954,0,0,0.7932696342468262,0.0812954530119896,-0.13623996078968048,0.20000000298023224,0.0,1293,589,1124,2222,2122,3.198827028274536
2026-04-07T12:31:35.380,radio://0/80/2M,mission,1,0,Reacquire Wall,5979,0,0,0,0.0,0,0,0.0,0.0,64954,0,0,0.7952992916107178,0.0812954530119896,-0.13623996078968048,0.20000000298023224,0.0,1293,589,1124,2222,2122,3.198827028274536
2026-04-07T12:31:35.383,radio://0/80/2M,flow,1,0,Reacquire Wall,5979,0,0,0,0.0,0,0,0.0,0.0,65204,0,1,0.7952992916107178,0.08964639902114868,-0.1600959300994873,0.20000000298023224,0.0,1293,589,1124,2222,2122,3.198827028274536
2026-04-07T12:31:35.384,radio://0/80/2M,range,1,0,Reacquire Wall,5979,0,0,0,0.0,0,0,0.0,0.0,65204,0,1,0.7952992916107178,0.08964639902114868,-0.1600959300994873,0.20000000298023224,0.0,1238,530,1245,2240,2116,3.188269853591919
2026-04-07T12:31:35.630,radio://0/80/2M,mission,1,0,Reacquire Wall,5979,0,0,0,0.0,0,0,0.0,0.0,65204,0,1,0.7948305606842041,0.08964639902114868,-0.1600959300994873,0.20000000298023224,0.0,1238,530,1245,2240,2116,3.188269853591919
2026-04-07T12:31:35.632,radio://0/80/2M,flow,1,0,Reacquire Wall,5606,0,0,0,0.0,0,0,0.0,0.0,65454,2,1,0.7948305606842041,0.11862598359584808,-0.08937728404998779,0.20000000298023224,0.0,1238,530,1245,2240,2116,3.188269853591919
2026-04-07T12:31:35.634,radio://0/80/2M,range,1,0,Reacquire Wall,5606,0,0,0,0.0,0,0,0.0,0.0,65454,2,1,0.7948305606842041,0.11862598359584808,-0.08937728404998779,0.20000000298023224,0.0,1209,482,32766,2277,2117,3.1935484409332275
2026-04-07T12:31:35.879,radio://0/80/2M,mission,1,0,Reacquire Wall,5606,0,0,0,0.0,0,0,0.0,0.0,65454,2,1,0.7949812412261963,0.11862598359584808,-0.08937728404998779,0.20000000298023224,0.0,1209,482,32766,2277,2117,3.1935484409332275
2026-04-07T12:31:35.883,radio://0/80/2M,flow,1,0,Reacquire Wall,5606,0,0,0,0.0,0,0,0.0,0.0,65704,2,0,0.7949812412261963,0.08824554085731506,-0.0865970179438591,0.20000000298023224,0.0,1209,482,32766,2277,2117,3.1935484409332275
2026-04-07T12:31:35.884,radio://0/80/2M,range,1,0,Reacquire Wall,5606,0,0,0,0.0,0,0,0.0,0.0,65704,2,0,0.7949812412261963,0.08824554085731506,-0.0865970179438591,0.20000000298023224,0.0,1176,412,1378,2315,2109,3.188269853591919
2026-04-07T12:31:36.129,radio://0/80/2M,mission,1,0,Reacquire Wall,5606,0,0,0,0.0,0,0,0.0,0.0,65704,2,0,0.7976297736167908,0.08824554085731506,-0.0865970179438591,0.20000000298023224,0.0,1176,412,1378,2315,2109,3.188269853591919
2026-04-07T12:31:36.132,radio://0/80/2M,flow,1,0,Reacquire Wall,5606,0,0,0,0.0,0,0,0.0,0.0,65954,0,1,0.7976297736167908,0.07918065041303635,-0.11285781860351562,0.20000000298023224,0.0,1176,412,1378,2315,2109,3.188269853591919
2026-04-07T12:31:36.133,radio://0/80/2M,range,1,0,Reacquire Wall,5606,0,0,0,0.0,0,0,0.0,0.0,65954,0,1,0.7976297736167908,0.07918065041303635,-0.11285781860351562,0.20000000298023224,0.0,1151,376,1408,2329,2109,3.188269853591919
2026-04-07T12:31:36.379,radio://0/80/2M,mission,1,0,Reacquire Wall,5606,0,0,0,0.0,0,0,0.0,0.0,65954,0,1,0.7987958788871765,0.07918065041303635,-0.11285781860351562,0.20000000298023224,0.0,1151,376,1408,2329,2109,3.188269853591919
2026-04-07T12:31:36.382,radio://0/80/2M,flow,1,0,Reacquire Wall,5606,0,0,0,0.0,0,0,0.0,0.0,66204,0,0,0.7987958788871765,0.09607350826263428,-0.09221603721380234,0.20000000298023224,0.0,1151,376,1408,2329,2109,3.188269853591919
2026-04-07T12:31:36.383,radio://0/80/2M,range,1,0,Reacquire Wall,5606,0,0,0,0.0,0,0,0.0,0.0,66204,0,0,0.7987958788871765,0.09607350826263428,-0.09221603721380234,0.20000000298023224,0.0,1079,387,1452,2334,2111,3.1777126789093018
2026-04-07T12:31:36.645,radio://0/80/2M,mission,1,0,Reacquire Wall,5606,0,0,0,0.0,0,0,0.0,0.0,66204,0,0,0.7963154911994934,0.09607350826263428,-0.09221603721380234,0.20000000298023224,0.0,1079,387,1452,2334,2111,3.1777126789093018
2026-04-07T12:31:36.646,radio://0/80/2M,flow,1,0,Reacquire Wall,5256,0,0,0,0.0,0,0,0.0,0.0,66454,3,-3,0.7963154911994934,0.014362423680722713,-0.1240275576710701,0.20000000298023224,0.0,1079,387,1452,2334,2111,3.1777126789093018
2026-04-07T12:31:36.648,radio://0/80/2M,range,1,0,Reacquire Wall,5256,0,0,0,0.0,0,0,0.0,0.0,66454,3,-3,0.7963154911994934,0.014362423680722713,-0.1240275576710701,0.20000000298023224,0.0,1023,32766,1481,2353,2109,3.1196482181549072
2026-04-07T12:31:36.879,radio://0/80/2M,mission,1,0,Reacquire Wall,5256,0,0,0,0.0,0,0,0.0,0.0,66454,3,-3,0.802378237247467,0.014362423680722713,-0.1240275576710701,0.20000000298023224,0.0,1023,32766,1481,2353,2109,3.1196482181549072
2026-04-07T12:31:36.882,radio://0/80/2M,flow,1,0,Reacquire Wall,5256,0,0,0,0.0,0,0,0.0,0.0,66704,-1,-1,0.802378237247467,0.0818503350019455,-0.11896105110645294,0.0,0.0,1023,32766,1481,2353,2109,3.1196482181549072
2026-04-07T12:31:36.883,radio://0/80/2M,range,1,0,Reacquire Wall,5256,0,0,0,0.0,0,0,0.0,0.0,66704,-1,-1,0.802378237247467,0.0818503350019455,-0.11896105110645294,0.0,0.0,934,32766,1511,2393,2111,3.1935484409332275
2026-04-07T12:31:37.128,radio://0/80/2M,mission,1,0,Reacquire Wall,5256,0,0,0,0.0,0,0,0.0,0.0,66704,-1,-1,0.8036302924156189,0.0818503350019455,-0.11896105110645294,0.0,0.0,934,32766,1511,2393,2111,3.1935484409332275
2026-04-07T12:31:37.131,radio://0/80/2M,flow,1,0,Reacquire Wall,4928,0,0,0,0.0,0,0,0.0,0.0,66954,-1,0,0.8036302924156189,0.016888203099370003,-0.02287399023771286,0.0,0.0,934,32766,1511,2393,2111,3.1935484409332275
2026-04-07T12:31:37.133,radio://0/80/2M,range,1,0,Reacquire Wall,4928,0,0,0,0.0,0,0,0.0,0.0,66954,-1,0,0.8036302924156189,0.016888203099370003,-0.02287399023771286,0.0,0.0,877,32766,1545,2364,2110,3.188269853591919
2026-04-07T12:31:37.378,radio://0/80/2M,mission,1,0,Reacquire Wall,4928,0,0,0,0.0,0,0,0.0,0.0,66954,-1,0,0.7952232956886292,0.016888203099370003,-0.02287399023771286,0.0,0.0,877,32766,1545,2364,2110,3.188269853591919
2026-04-07T12:31:37.381,radio://0/80/2M,flow,1,0,Reacquire Wall,4928,0,0,0,0.0,0,0,0.0,0.0,67204,-4,0,0.7952232956886292,0.06117573752999306,0.03452977165579796,0.0,0.0,877,32766,1545,2364,2110,3.188269853591919
2026-04-07T12:31:37.382,radio://0/80/2M,range,1,0,Reacquire Wall,4928,0,0,0,0.0,0,0,0.0,0.0,67204,-4,0,0.7952232956886292,0.06117573752999306,0.03452977165579796,0.0,0.0,800,2889,1518,2250,2112,3.1829912662506104
2026-04-07T12:31:37.628,radio://0/80/2M,mission,1,0,Reacquire Wall,4928,0,0,0,0.0,0,0,0.0,0.0,67204,-4,0,0.7989170551300049,0.06117573752999306,0.03452977165579796,0.0,0.0,800,2889,1518,2250,2112,3.1829912662506104
2026-04-07T12:31:37.631,radio://0/80/2M,flow,1,0,Reacquire Wall,4928,0,0,0,0.0,0,0,0.0,0.0,67454,-1,-3,0.7989170551300049,0.07492776960134506,-0.0028827162459492683,0.0,0.0,800,2889,1518,2250,2112,3.1829912662506104
2026-04-07T12:31:37.632,radio://0/80/2M,range,1,0,Reacquire Wall,4928,0,0,0,0.0,0,0,0.0,0.0,67454,-1,-3,0.7989170551300049,0.07492776960134506,-0.0028827162459492683,0.0,0.0,775,2787,1480,2160,2111,3.2041056156158447
2026-04-07T12:31:37.878,radio://0/80/2M,mission,1,0,Reacquire Wall,4928,0,0,0,0.0,0,0,0.0,0.0,67454,-1,-3,0.8026902675628662,0.07492776960134506,-0.0028827162459492683,0.0,0.0,775,2787,1480,2160,2111,3.2041056156158447
2026-04-07T12:31:37.881,radio://0/80/2M,flow,1,0,Reacquire Wall,4928,0,0,0,0.0,0,0,0.0,0.0,67704,-2,0,0.8026902675628662,0.018384726718068123,0.011674747802317142,0.0,0.0,775,2787,1480,2160,2111,3.2041056156158447
2026-04-07T12:31:37.882,radio://0/80/2M,range,1,0,Reacquire Wall,4928,0,0,0,0.0,0,0,0.0,0.0,67704,-2,0,0.8026902675628662,0.018384726718068123,0.011674747802317142,0.0,0.0,748,2678,1438,412,2107,3.2041056156158447
2026-04-07T12:31:38.129,radio://0/80/2M,mission,1,0,Reacquire Wall,4928,0,0,0,0.0,0,0,0.0,0.0,67704,-2,0,0.8039873838424683,0.018384726718068123,0.011674747802317142,0.0,0.0,748,2678,1438,412,2107,3.2041056156158447
2026-04-07T12:31:38.135,radio://0/80/2M,flow,1,0,Reacquire Wall,4928,0,0,0,0.0,0,0,0.0,0.0,67954,4,4,0.8039873838424683,-0.003368052188307047,0.030363477766513824,0.0,0.0,748,2678,1438,412,2107,3.2041056156158447
2026-04-07T12:31:38.137,radio://0/80/2M,range,1,0,Reacquire Wall,4928,0,0,0,0.0,0,0,0.0,0.0,67954,4,4,0.8039873838424683,-0.003368052188307047,0.030363477766513824,0.0,0.0,738,2687,1421,395,2103,3.2041056156158447
2026-04-07T12:31:38.376,radio://0/80/2M,mission,1,0,Reacquire Wall,4928,0,0,0,0.0,0,0,0.0,0.0,67954,4,4,0.7992109656333923,-0.003368052188307047,0.030363477766513824,0.0,0.0,738,2687,1421,395,2103,3.2041056156158447
2026-04-07T12:31:38.381,radio://0/80/2M,flow,1,0,Reacquire Wall,4928,0,0,0,0.0,0,0,0.0,0.0,68204,2,7,0.7992109656333923,-0.0030653944704681635,0.026506954804062843,0.0,0.0,738,2687,1421,395,2103,3.2041056156158447
2026-04-07T12:31:38.382,radio://0/80/2M,range,1,0,Reacquire Wall,4928,0,0,0,0.0,0,0,0.0,0.0,68204,2,7,0.7992109656333923,-0.0030653944704681635,0.026506954804062843,0.0,0.0,747,2762,1413,404,2105,3.188269853591919
2026-04-07T12:31:38.627,radio://0/80/2M,mission,1,0,Reacquire Wall,4928,0,0,0,0.0,0,0,0.0,0.0,68204,2,7,0.803211510181427,-0.0030653944704681635,0.026506954804062843,0.0,0.0,747,2762,1413,404,2105,3.188269853591919
2026-04-07T12:31:38.630,radio://0/80/2M,flow,1,0,Reacquire Wall,4928,0,0,0,0.0,0,0,0.0,0.0,68454,0,1,0.803211510181427,0.003785716136917472,0.010177845135331154,0.0,0.0,747,2762,1413,404,2105,3.188269853591919
2026-04-07T12:31:38.631,radio://0/80/2M,range,1,0,Reacquire Wall,4928,0,0,0,0.0,0,0,0.0,0.0,68454,0,1,0.803211510181427,0.003785716136917472,0.010177845135331154,0.0,0.0,766,2838,1410,426,2108,3.1829912662506104
2026-04-07T12:31:38.877,radio://0/80/2M,mission,1,0,Reacquire Wall,4928,0,0,0,0.0,0,0,0.0,0.0,68454,0,1,0.799307644367218,0.003785716136917472,0.010177845135331154,0.0,0.0,766,2838,1410,426,2108,3.1829912662506104
2026-04-07T12:31:38.880,radio://0/80/2M,flow,1,0,Reacquire Wall,4928,0,0,0,0.0,0,0,0.0,0.0,68704,1,3,0.799307644367218,0.023730026558041573,0.007775500416755676,0.0,0.0,766,2838,1410,426,2108,3.1829912662506104
2026-04-07T12:31:38.881,radio://0/80/2M,range,1,0,Reacquire Wall,4928,0,0,0,0.0,0,0,0.0,0.0,68704,1,3,0.799307644367218,0.023730026558041573,0.007775500416755676,0.0,0.0,803,3002,1389,465,2104,3.1777126789093018
2026-04-07T12:31:39.126,radio://0/80/2M,mission,1,0,Reacquire Wall,4928,0,0,0,0.0,0,0,0.0,0.0,68704,1,3,0.7980731725692749,0.023730026558041573,0.007775500416755676,0.0,0.0,803,3002,1389,465,2104,3.1777126789093018
2026-04-07T12:31:39.129,radio://0/80/2M,flow,1,0,Reacquire Wall,4928,0,0,0,0.0,0,0,0.0,0.0,68954,-2,1,0.7980731725692749,0.027384335175156593,0.007939392700791359,0.0,0.0,803,3002,1389,465,2104,3.1777126789093018
2026-04-07T12:31:39.131,radio://0/80/2M,range,1,0,Reacquire Wall,4928,0,0,0,0.0,0,0,0.0,0.0,68954,-2,1,0.7980731725692749,0.027384335175156593,0.007939392700791359,0.0,0.0,821,3097,1319,32766,2105,3.1829912662506104
2026-04-07T12:31:39.376,radio://0/80/2M,mission,1,0,Reacquire Wall,4928,0,0,0,0.0,0,0,0.0,0.0,68954,-2,1,0.7980589866638184,0.027384335175156593,0.007939392700791359,0.0,0.0,821,3097,1319,32766,2105,3.1829912662506104
2026-04-07T12:31:39.379,radio://0/80/2M,flow,1,0,Reacquire Wall,4928,0,0,0,0.0,0,0,0.0,0.0,69204,-2,1,0.7980589866638184,0.014039221219718456,0.009030245244503021,0.0,0.0,821,3097,1319,32766,2105,3.1829912662506104
2026-04-07T12:31:39.380,radio://0/80/2M,range,1,0,Reacquire Wall,4928,0,0,0,0.0,0,0,0.0,0.0,69204,-2,1,0.7980589866638184,0.014039221219718456,0.009030245244503021,0.0,0.0,874,2740,1011,32766,2104,3.1777126789093018
2026-04-07T12:31:39.626,radio://0/80/2M,mission,1,0,Reacquire Wall,4928,0,0,0,0.0,0,0,0.0,0.0,69204,-2,1,0.8017942905426025,0.014039221219718456,0.009030245244503021,0.0,0.0,874,2740,1011,32766,2104,3.1777126789093018
2026-04-07T12:31:39.629,radio://0/80/2M,flow,1,0,Reacquire Wall,4928,0,0,0,0.0,0,0,0.0,0.0,69454,-1,0,0.8017942905426025,0.018517576158046722,-0.0018048046622425318,0.0,0.0,874,2740,1011,32766,2104,3.1777126789093018
2026-04-07T12:31:39.631,radio://0/80/2M,range,1,0,Reacquire Wall,4928,0,0,0,0.0,0,0,0.0,0.0,69454,-1,0,0.8017942905426025,0.018517576158046722,-0.0018048046622425318,0.0,0.0,951,2734,959,32766,2104,3.1777126789093018
2026-04-07T12:31:39.876,radio://0/80/2M,mission,1,0,Reacquire Wall,4928,0,0,0,0.0,0,0,0.0,0.0,69454,-1,0,0.8016518354415894,0.018517576158046722,-0.0018048046622425318,0.0,0.0,951,2734,959,32766,2104,3.1777126789093018
2026-04-07T12:31:39.879,radio://0/80/2M,flow,1,0,Reacquire Wall,4928,0,0,0,0.0,0,0,0.0,0.0,69704,1,0,0.8016518354415894,0.030247101560235023,-0.027877571061253548,0.0,0.06666667014360428,951,2734,959,32766,2104,3.1777126789093018
2026-04-07T12:31:39.880,radio://0/80/2M,range,1,0,Reacquire Wall,4928,0,0,0,0.0,0,0,0.0,0.0,69704,1,0,0.8016518354415894,0.030247101560235023,-0.027877571061253548,0.0,0.06666667014360428,1389,965,32766,32766,2099,3.172434091567993
2026-04-07T12:31:40.127,radio://0/80/2M,mission,1,0,Reacquire Wall,4928,0,0,0,0.0,0,0,0.0,0.0,69704,1,0,0.7944852709770203,0.030247101560235023,-0.027877571061253548,0.0,0.06666667014360428,1389,965,32766,32766,2099,3.172434091567993
2026-04-07T12:31:40.133,radio://0/80/2M,flow,1,0,Reacquire Wall,5236,0,0,0,0.0,0,0,0.0,0.0,69954,0,-3,0.7944852709770203,0.03700762987136841,-0.04483998194336891,0.0,0.06666667014360428,1389,965,32766,32766,2099,3.172434091567993
2026-04-07T12:31:40.135,radio://0/80/2M,range,1,0,Reacquire Wall,5236,0,0,0,0.0,0,0,0.0,0.0,69954,0,-3,0.7944852709770203,0.03700762987136841,-0.04483998194336891,0.0,0.06666667014360428,32766,966,2214,32766,2111,3.1671555042266846
2026-04-07T12:31:40.375,radio://0/80/2M,mission,1,0,Reacquire Wall,5236,0,0,0,0.0,0,0,0.0,0.0,69954,0,-3,0.7956427931785583,0.03700762987136841,-0.04483998194336891,0.0,0.06666667014360428,32766,966,2214,32766,2111,3.1671555042266846
2026-04-07T12:31:40.378,radio://0/80/2M,flow,1,0,Reacquire Wall,5236,0,0,0,0.0,0,0,0.0,0.0,70204,-1,3,0.7956427931785583,0.04541906341910362,-0.04725202918052673,0.0,0.06666667014360428,32766,966,2214,32766,2111,3.1671555042266846
2026-04-07T12:31:40.379,radio://0/80/2M,range,1,0,Reacquire Wall,5236,0,0,0,0.0,0,0,0.0,0.0,70204,-1,3,0.7956427931785583,0.04541906341910362,-0.04725202918052673,0.0,0.06666667014360428,32766,1039,2167,471,2111,3.1671555042266846
2026-04-07T12:31:40.625,radio://0/80/2M,mission,1,0,Reacquire Wall,5236,0,0,0,0.0,0,0,0.0,0.0,70204,-1,3,0.795260488986969,0.04541906341910362,-0.04725202918052673,0.0,0.06666667014360428,32766,1039,2167,471,2111,3.1671555042266846
2026-04-07T12:31:40.629,radio://0/80/2M,flow,1,0,Reacquire Wall,5236,0,0,0,0.0,0,0,0.0,0.0,70454,0,-7,0.795260488986969,0.028488019481301308,-0.03987819328904152,0.0,0.06666667014360428,32766,1039,2167,471,2111,3.1671555042266846
2026-04-07T12:31:40.630,radio://0/80/2M,range,1,0,Reacquire Wall,5236,0,0,0,0.0,0,0,0.0,0.0,70454,0,-7,0.795260488986969,0.028488019481301308,-0.03987819328904152,0.0,0.06666667014360428,32766,1089,2130,462,2109,3.1565983295440674
2026-04-07T12:31:40.876,radio://0/80/2M,mission,1,0,Reacquire Wall,5236,0,0,0,0.0,0,0,0.0,0.0,70454,0,-7,0.7994848489761353,0.028488019481301308,-0.03987819328904152,0.0,0.06666667014360428,32766,1089,2130,462,2109,3.1565983295440674
2026-04-07T12:31:40.878,radio://0/80/2M,flow,1,0,Reacquire Wall,5563,0,0,0,0.0,0,0,0.0,0.0,70704,0,-6,0.7994848489761353,0.02470485121011734,-0.0248813908547163,0.0,0.0,32766,1089,2130,462,2109,3.1565983295440674
2026-04-07T12:31:40.880,radio://0/80/2M,range,1,0,Reacquire Wall,5563,0,0,0,0.0,0,0,0.0,0.0,70704,0,-6,0.7994848489761353,0.02470485121011734,-0.0248813908547163,0.0,0.0,1053,1192,2054,536,2119,3.14604115486145
2026-04-07T12:31:41.124,radio://0/80/2M,mission,1,0,Reacquire Wall,5563,0,0,0,0.0,0,0,0.0,0.0,70704,0,-6,0.7969381213188171,0.02470485121011734,-0.0248813908547163,0.0,0.0,1053,1192,2054,536,2119,3.14604115486145
2026-04-07T12:31:41.128,radio://0/80/2M,flow,1,0,Reacquire Wall,5910,0,0,0,0.0,0,0,0.0,0.0,70954,-4,-4,0.7969381213188171,0.0028392442036420107,0.007540081162005663,0.0,0.0,1053,1192,2054,536,2119,3.14604115486145
2026-04-07T12:31:41.129,radio://0/80/2M,range,1,0,Reacquire Wall,5910,0,0,0,0.0,0,0,0.0,0.0,70954,-4,-4,0.7969381213188171,0.0028392442036420107,0.007540081162005663,0.0,0.0,1006,1277,1938,596,2119,3.14604115486145
2026-04-07T12:31:41.374,radio://0/80/2M,mission,1,0,Reacquire Wall,5910,0,0,0,0.0,0,0,0.0,0.0,70954,-4,-4,0.7996729612350464,0.0028392442036420107,0.007540081162005663,0.0,0.0,1006,1277,1938,596,2119,3.14604115486145
2026-04-07T12:31:41.378,radio://0/80/2M,flow,1,0,Reacquire Wall,5910,0,0,0,0.0,0,0,0.0,0.0,71204,17,0,0.7996729612350464,-0.07470358163118362,0.11252184212207794,0.0,0.0,1006,1277,1938,596,2119,3.14604115486145
2026-04-07T12:31:41.379,radio://0/80/2M,range,1,0,Reacquire Wall,5910,0,0,0,0.0,0,0,0.0,0.0,71204,17,0,0.7996729612350464,-0.07470358163118362,0.11252184212207794,0.0,0.0,977,1485,32766,684,2123,3.1671555042266846
2026-04-07T12:31:41.625,radio://0/80/2M,mission,1,0,Reacquire Wall,5910,0,0,0,0.0,0,0,0.0,0.0,71204,17,0,0.8034627437591553,-0.07470358163118362,0.11252184212207794,0.0,0.0,977,1485,32766,684,2123,3.1671555042266846
2026-04-07T12:31:41.628,radio://0/80/2M,flow,1,0,Reacquire Wall,5195,0,0,0,0.0,0,0,0.0,0.0,71454,5,0,0.8034627437591553,-0.10595299303531647,0.14081206917762756,0.0,0.0,977,1485,32766,684,2123,3.1671555042266846
2026-04-07T12:31:41.630,radio://0/80/2M,range,1,0,Reacquire Wall,5195,0,0,0,0.0,0,0,0.0,0.0,71454,5,0,0.8034627437591553,-0.10595299303531647,0.14081206917762756,0.0,0.0,988,32766,32766,781,2120,3.1671555042266846
2026-04-07T12:31:41.874,radio://0/80/2M,mission,1,0,Reacquire Wall,5195,0,0,0,0.0,0,0,0.0,0.0,71454,5,0,0.8075182437896729,-0.10595299303531647,0.14081206917762756,0.0,0.0,988,32766,32766,781,2120,3.1671555042266846
2026-04-07T12:31:41.878,radio://0/80/2M,flow,1,0,Reacquire Wall,4871,0,0,0,0.0,0,0,0.0,0.0,71704,0,0,0.8075182437896729,-0.02372724935412407,0.07090960443019867,0.0,0.0,988,32766,32766,781,2120,3.1671555042266846
2026-04-07T12:31:41.879,radio://0/80/2M,range,1,0,Reacquire Wall,4871,0,0,0,0.0,0,0,0.0,0.0,71704,0,0,0.8075182437896729,-0.02372724935412407,0.07090960443019867,0.0,0.0,1069,32766,717,1029,2118,3.1671555042266846
2026-04-07T12:31:42.124,radio://0/80/2M,mission,1,0,Reacquire Wall,4871,0,0,0,0.0,0,0,0.0,0.0,71704,0,0,0.7965570688247681,-0.02372724935412407,0.07090960443019867,0.0,0.0,1069,32766,717,1029,2118,3.1671555042266846
2026-04-07T12:31:42.127,radio://0/80/2M,flow,1,0,Reacquire Wall,4567,0,0,0,0.0,0,0,0.0,0.0,71954,0,0,0.7965570688247681,0.01011703535914421,0.02560921013355255,0.0,0.0,1069,32766,717,1029,2118,3.1671555042266846
2026-04-07T12:31:42.129,radio://0/80/2M,range,1,0,Reacquire Wall,4567,0,0,0,0.0,0,0,0.0,0.0,71954,0,0,0.7965570688247681,0.01011703535914421,0.02560921013355255,0.0,0.0,1482,32766,748,1302,2138,3.1196482181549072
2026-04-07T12:31:42.373,radio://0/80/2M,mission,1,0,Reacquire Wall,4567,0,0,0,0.0,0,0,0.0,0.0,71954,0,0,0.7971721291542053,0.01011703535914421,0.02560921013355255,0.0,0.0,1482,32766,748,1302,2138,3.1196482181549072
2026-04-07T12:31:42.377,radio://0/80/2M,flow,1,0,Reacquire Wall,4567,0,0,0,0.0,0,0,0.0,0.0,72204,1,5,0.7971721291542053,0.012080857530236244,0.029864247888326645,0.0,0.0,1482,32766,748,1302,2138,3.1196482181549072
2026-04-07T12:31:42.378,radio://0/80/2M,range,1,0,Reacquire Wall,4567,0,0,0,0.0,0,0,0.0,0.0,72204,1,5,0.7971721291542053,0.012080857530236244,0.029864247888326645,0.0,0.0,1502,32766,32766,1568,2137,3.1565983295440674
2026-04-07T12:31:42.623,radio://0/80/2M,mission,1,0,Reacquire Wall,4567,0,0,0,0.0,0,0,0.0,0.0,72204,1,5,0.804500162601471,0.012080857530236244,0.029864247888326645,0.0,0.0,1502,32766,32766,1568,2137,3.1565983295440674
2026-04-07T12:31:42.627,radio://0/80/2M,flow,1,0,Reacquire Wall,4567,0,0,0,0.0,0,0,0.0,0.0,72454,-4,2,0.804500162601471,0.020191112533211708,0.008344249799847603,0.0,0.0,1502,32766,32766,1568,2137,3.1565983295440674
2026-04-07T12:31:42.628,radio://0/80/2M,range,1,0,Reacquire Wall,4567,0,0,0,0.0,0,0,0.0,0.0,72454,-4,2,0.804500162601471,0.020191112533211708,0.008344249799847603,0.0,0.0,1442,32766,32766,1530,2132,3.161876916885376
2026-04-07T12:31:42.873,radio://0/80/2M,mission,1,5,Transition,4567,0,0,0,0.0,0,0,0.0,0.0,72454,-4,2,0.8055706024169922,0.020191112533211708,0.008344249799847603,0.0,0.0,1442,32766,32766,1530,2132,3.161876916885376
2026-04-07T12:31:42.877,radio://0/80/2M,flow,1,5,Transition,4567,0,0,0,0.0,0,0,0.0,0.0,72704,0,0,0.8055706024169922,-0.05299751088023186,-0.03736437112092972,0.0,0.0,1442,32766,32766,1530,2132,3.161876916885376
2026-04-07T12:31:42.878,radio://0/80/2M,range,1,5,Transition,4567,0,0,0,0.0,0,0,0.0,0.0,72704,0,0,0.8055706024169922,-0.05299751088023186,-0.03736437112092972,0.0,0.0,1377,716,32766,1492,2136,3.172434091567993
2026-04-07T12:31:43.124,radio://0/80/2M,mission,1,2,Scan,4567,0,0,0,0.0,0,0,0.0,0.0,72704,0,0,0.8004078269004822,-0.05299751088023186,-0.03736437112092972,0.0,0.0,1377,716,32766,1492,2136,3.172434091567993
2026-04-07T12:31:43.126,radio://0/80/2M,flow,1,2,Scan,4567,0,0,0,0.0,0,0,0.0,0.0,72954,-2,0,0.8004078269004822,0.01585613191127777,-0.039922647178173065,0.0,0.0,1377,716,32766,1492,2136,3.172434091567993
2026-04-07T12:31:43.128,radio://0/80/2M,range,1,2,Scan,4567,0,0,0,0.0,0,0,0.0,0.0,72954,-2,0,0.8004078269004822,0.01585613191127777,-0.039922647178173065,0.0,0.0,1367,695,32766,1476,2134,3.172434091567993
2026-04-07T12:31:43.373,radio://0/80/2M,mission,1,2,Scan,4567,0,0,0,0.0,0,0,0.0,0.0,72954,-2,0,0.7981052994728088,0.01585613191127777,-0.039922647178173065,0.0,0.0,1367,695,32766,1476,2134,3.172434091567993
2026-04-07T12:31:43.377,radio://0/80/2M,flow,1,2,Scan,4567,0,0,0,0.0,0,0,0.0,0.0,73204,-2,2,0.7981052994728088,0.06858464330434799,0.0166633278131485,0.0,0.0,1367,695,32766,1476,2134,3.172434091567993
2026-04-07T12:31:43.378,radio://0/80/2M,range,1,2,Scan,4567,0,0,0,0.0,0,0,0.0,0.0,73204,-2,2,0.7981052994728088,0.06858464330434799,0.0166633278131485,0.0,0.0,1372,656,32766,1484,2137,3.172434091567993
2026-04-07T12:31:43.622,radio://0/80/2M,mission,1,2,Scan,4567,0,0,0,0.0,0,0,0.0,0.0,73204,-2,2,0.7975708842277527,0.06858464330434799,0.0166633278131485,0.0,0.0,1372,656,32766,1484,2137,3.172434091567993
2026-04-07T12:31:43.626,radio://0/80/2M,flow,1,2,Scan,4852,0,0,0,0.0,0,0,0.0,0.0,73454,-2,0,0.7975708842277527,0.0120967673137784,0.0494946613907814,0.0,0.0,1372,656,32766,1484,2137,3.172434091567993
2026-04-07T12:31:43.627,radio://0/80/2M,range,1,2,Scan,4852,0,0,0,0.0,0,0,0.0,0.0,73454,-2,0,0.7975708842277527,0.0120967673137784,0.0494946613907814,0.0,0.0,1408,617,706,1489,2145,3.1671555042266846
2026-04-07T12:31:43.873,radio://0/80/2M,mission,1,2,Scan,4852,0,0,0,0.0,0,0,0.0,0.0,73454,-2,0,0.8002846837043762,0.0120967673137784,0.0494946613907814,0.0,0.0,1408,617,706,1489,2145,3.1671555042266846
2026-04-07T12:31:43.876,radio://0/80/2M,flow,1,2,Scan,5155,0,0,0,0.0,0,0,0.0,0.0,73704,-2,2,0.8002846837043762,-0.08757005631923676,0.06481833010911942,0.0,0.0,1408,617,706,1489,2145,3.1671555042266846
2026-04-07T12:31:43.877,radio://0/80/2M,range,1,2,Scan,5155,0,0,0,0.0,0,0,0.0,0.0,73704,-2,2,0.8002846837043762,-0.08757005631923676,0.06481833010911942,0.0,0.0,1495,586,739,1526,2132,3.1671555042266846
2026-04-07T12:31:44.122,radio://0/80/2M,mission,1,2,Scan,5155,0,0,0,0.0,0,0,0.0,0.0,73704,-2,2,0.805573582649231,-0.08757005631923676,0.06481833010911942,0.0,0.0,1495,586,739,1526,2132,3.1671555042266846
2026-04-07T12:31:44.126,radio://0/80/2M,flow,1,2,Scan,5155,0,0,0,0.0,0,0,0.0,0.0,73954,-3,-2,0.805573582649231,-0.10191483050584793,0.08872181922197342,0.0,0.0,1495,586,739,1526,2132,3.1671555042266846
2026-04-07T12:31:44.127,radio://0/80/2M,range,1,2,Scan,5155,0,0,0,0.0,0,0,0.0,0.0,73954,-3,-2,0.805573582649231,-0.10191483050584793,0.08872181922197342,0.0,0.0,1556,586,774,1570,2126,3.1671555042266846
2026-04-07T12:31:44.372,radio://0/80/2M,mission,1,2,Scan,5155,0,0,0,0.0,0,0,0.0,0.0,73954,-3,-2,0.8064115643501282,-0.10191483050584793,0.08872181922197342,0.0,0.0,1556,586,774,1570,2126,3.1671555042266846
2026-04-07T12:31:44.376,radio://0/80/2M,flow,1,2,Scan,5155,0,0,0,0.0,0,0,0.0,0.0,74204,-8,0,0.8064115643501282,-0.09698326885700226,0.099857397377491,0.0,0.0,1556,586,774,1570,2126,3.1671555042266846
2026-04-07T12:31:44.377,radio://0/80/2M,range,1,2,Scan,5155,0,0,0,0.0,0,0,0.0,0.0,74204,-8,0,0.8064115643501282,-0.09698326885700226,0.099857397377491,0.0,0.0,1657,651,827,1681,2128,3.172434091567993
2026-04-07T12:31:44.622,radio://0/80/2M,mission,1,2,Scan,5155,0,0,0,0.0,0,0,0.0,0.0,74204,-8,0,0.8042846322059631,-0.09698326885700226,0.099857397377491,0.0,0.0,1657,651,827,1681,2128,3.172434091567993
2026-04-07T12:31:44.625,radio://0/80/2M,flow,1,2,Scan,4833,0,0,0,0.0,0,0,0.0,0.0,74454,4,0,0.8042846322059631,-0.1397116482257843,0.09334435313940048,0.0,0.0,1657,651,827,1681,2128,3.172434091567993
2026-04-07T12:31:44.627,radio://0/80/2M,range,1,2,Scan,4833,0,0,0,0.0,0,0,0.0,0.0,74454,4,0,0.8042846322059631,-0.1397116482257843,0.09334435313940048,0.0,0.0,1785,723,894,1654,2145,3.1565983295440674
2026-04-07T12:31:44.872,radio://0/80/2M,mission,1,2,Scan,4833,0,0,0,0.0,0,0,0.0,0.0,74454,4,0,0.8040834069252014,-0.1397116482257843,0.09334435313940048,0.0,0.0,1785,723,894,1654,2145,3.1565983295440674
2026-04-07T12:31:44.874,radio://0/80/2M,flow,1,2,Scan,4833,0,0,0,0.0,0,0,0.0,0.0,74704,1,0,0.8040834069252014,-0.08406507968902588,0.12093745172023773,0.0,0.0,1785,723,894,1654,2145,3.1565983295440674
2026-04-07T12:31:44.876,radio://0/80/2M,range,1,2,Scan,4833,0,0,0,0.0,0,0,0.0,0.0,74704,1,0,0.8040834069252014,-0.08406507968902588,0.12093745172023773,0.0,0.0,32766,901,1013,926,2132,3.161876916885376
2026-04-07T12:31:45.122,radio://0/80/2M,mission,1,2,Scan,4833,0,0,0,0.0,0,0,0.0,0.0,74704,1,0,0.807213544845581,-0.08406507968902588,0.12093745172023773,0.0,0.0,32766,901,1013,926,2132,3.161876916885376
2026-04-07T12:31:45.125,radio://0/80/2M,flow,1,2,Scan,4833,0,0,0,0.0,0,0,0.0,0.0,74954,-1,1,0.807213544845581,-0.04717566817998886,0.15122447907924652,0.0,0.0,32766,901,1013,926,2132,3.161876916885376
2026-04-07T12:31:45.126,radio://0/80/2M,range,1,2,Scan,4833,0,0,0,0.0,0,0,0.0,0.0,74954,-1,1,0.807213544845581,-0.04717566817998886,0.15122447907924652,0.0,0.0,32766,1086,32766,32766,2132,3.161876916885376
2026-04-07T12:31:45.372,radio://0/80/2M,mission,1,2,Scan,4833,0,0,0,0.0,0,0,0.0,0.0,74954,-1,1,0.8026291728019714,-0.04717566817998886,0.15122447907924652,0.0,0.0,32766,1086,32766,32766,2132,3.161876916885376
2026-04-07T12:31:45.375,radio://0/80/2M,flow,1,2,Scan,4833,0,0,0,0.0,0,0,0.0,0.0,75204,3,-2,0.8026291728019714,-0.009431540966033936,0.16662167012691498,0.0,0.0,32766,1086,32766,32766,2132,3.161876916885376
2026-04-07T12:31:45.376,radio://0/80/2M,range,1,2,Scan,4833,0,0,0,0.0,0,0,0.0,0.0,75204,3,-2,0.8026291728019714,-0.009431540966033936,0.16662167012691498,0.0,0.0,676,1431,1578,32766,2122,3.151319742202759
2026-04-07T12:31:45.621,radio://0/80/2M,mission,1,2,Scan,4833,0,0,0,0.0,0,0,0.0,0.0,75204,3,-2,0.8005027174949646,-0.009431540966033936,0.16662167012691498,0.0,0.0,676,1431,1578,32766,2122,3.151319742202759
2026-04-07T12:31:45.625,radio://0/80/2M,flow,1,2,Scan,5135,0,0,0,0.0,0,0,0.0,0.0,75454,0,-2,0.8005027174949646,-0.029269641265273094,0.17365306615829468,0.0,0.0,676,1431,1578,32766,2122,3.151319742202759
2026-04-07T12:31:45.626,radio://0/80/2M,range,1,2,Scan,5135,0,0,0,0.0,0,0,0.0,0.0,75454,0,-2,0.8005027174949646,-0.029269641265273094,0.17365306615829468,0.0,0.0,593,1361,1509,32766,2117,3.1407625675201416
2026-04-07T12:31:45.870,radio://0/80/2M,mission,1,2,Scan,5135,0,0,0,0.0,0,0,0.0,0.0,75454,0,-2,0.8023308515548706,-0.029269641265273094,0.17365306615829468,0.0,0.0,593,1361,1509,32766,2117,3.1407625675201416
2026-04-07T12:31:45.875,radio://0/80/2M,flow,1,2,Scan,6157,0,0,0,0.0,0,0,0.0,0.0,75704,4,0,0.8023308515548706,-0.027301175519824028,0.14954830706119537,0.0,0.0,593,1361,1509,32766,2117,3.1407625675201416
2026-04-07T12:31:45.876,radio://0/80/2M,range,1,2,Scan,6157,0,0,0,0.0,0,0,0.0,0.0,75704,4,0,0.8023308515548706,-0.027301175519824028,0.14954830706119537,0.0,0.0,438,1289,1598,3608,2125,3.14604115486145
2026-04-07T12:31:46.121,radio://0/80/2M,mission,1,2,Scan,6157,0,0,0,0.0,0,0,0.0,0.0,75704,4,0,0.7996052503585815,-0.027301175519824028,0.14954830706119537,0.0,0.0,438,1289,1598,3608,2125,3.14604115486145
2026-04-07T12:31:46.124,radio://0/80/2M,flow,1,2,Scan,6541,0,0,0,0.0,0,0,0.0,0.0,75954,0,-5,0.7996052503585815,-0.02534589357674122,0.1561475694179535,0.0,0.0,438,1289,1598,3608,2125,3.14604115486145
2026-04-07T12:31:46.125,radio://0/80/2M,range,1,2,Scan,6541,0,0,0,0.0,0,0,0.0,0.0,75954,0,-5,0.7996052503585815,-0.02534589357674122,0.1561475694179535,0.0,0.0,373,1252,1706,32766,2118,3.124926805496216
2026-04-07T12:31:46.384,radio://0/80/2M,mission,1,2,Scan,6541,0,0,0,0.0,0,0,0.0,0.0,75954,0,-5,0.8003925681114197,-0.02534589357674122,0.1561475694179535,0.0,0.0,373,1252,1706,32766,2118,3.124926805496216
2026-04-07T12:31:46.387,radio://0/80/2M,flow,1,2,Scan,5391,0,0,0,0.0,0,0,0.0,0.0,76204,0,1,0.8003925681114197,-0.029371360316872597,0.16326813399791718,-0.004333336837589741,0.0,373,1252,1706,32766,2118,3.124926805496216
2026-04-07T12:31:46.389,radio://0/80/2M,range,1,2,Scan,5391,0,0,0,0.0,0,0,0.0,0.0,76204,0,1,0.8003925681114197,-0.029371360316872597,0.16326813399791718,-0.004333336837589741,0.0,287,1227,1851,1123,2130,3.161876916885376
2026-04-07T12:31:46.621,radio://0/80/2M,mission,1,2,Scan,5391,0,0,0,0.0,0,0,0.0,0.0,76204,0,1,0.8063443899154663,-0.029371360316872597,0.16326813399791718,-0.004333336837589741,0.0,287,1227,1851,1123,2130,3.161876916885376
2026-04-07T12:31:46.624,radio://0/80/2M,flow,1,2,Scan,5055,0,0,0,0.0,0,0,0.0,0.0,76454,0,-7,0.8063443899154663,0.047146569937467575,0.09660940617322922,-0.030666667968034744,0.0,287,1227,1851,1123,2130,3.161876916885376
2026-04-07T12:31:46.627,radio://0/80/2M,range,1,2,Scan,5055,0,0,0,0.0,0,0,0.0,0.0,76454,0,-7,0.8063443899154663,0.047146569937467575,0.09660940617322922,-0.030666667968034744,0.0,208,1199,32766,1245,2117,3.1671555042266846
2026-04-07T12:31:46.871,radio://0/80/2M,mission,1,2,Scan,5055,0,0,0,0.0,0,0,0.0,0.0,76454,0,-7,0.7497498393058777,0.047146569937467575,0.09660940617322922,-0.030666667968034744,0.0,208,1199,32766,1245,2117,3.1671555042266846
2026-04-07T12:31:46.874,radio://0/80/2M,flow,1,2,Scan,4740,0,0,0,0.0,0,0,0.0,0.0,76704,-5,5,0.7497498393058777,0.09261416643857956,0.08153907209634781,-0.07499999552965164,0.06566666811704636,208,1199,32766,1245,2117,3.1671555042266846
2026-04-07T12:31:46.875,radio://0/80/2M,range,1,2,Scan,4740,0,0,0,0.0,0,0,0.0,0.0,76704,-5,5,0.7497498393058777,0.09261416643857956,0.08153907209634781,-0.07499999552965164,0.06566666811704636,75,1136,103,1449,2121,2.9876832962036133
2026-04-07T12:31:47.120,radio://0/80/2M,mission,1,2,Scan,4740,0,0,0,0.0,0,0,0.0,0.0,76704,-5,5,0.7964659333229065,0.09261416643857956,0.08153907209634781,-0.07499999552965164,0.06566666811704636,75,1136,103,1449,2121,2.9876832962036133
2026-04-07T12:31:47.124,radio://0/80/2M,flow,1,2,Scan,4444,0,0,0,0.0,0,0,0.0,0.0,76954,11,-12,0.7964659333229065,0.07102447003126144,-0.18801571428775787,-0.09099999815225601,0.0,75,1136,103,1449,2121,2.9876832962036133
2026-04-07T12:31:47.125,radio://0/80/2M,range,1,2,Scan,4444,0,0,0,0.0,0,0,0.0,0.0,76954,11,-12,0.7964659333229065,0.07102447003126144,-0.18801571428775787,-0.09099999815225601,0.0,27,32766,32766,32766,2161,3.098533868789673
2026-04-07T12:31:47.467,radio://0/80/2M,mission,1,2,Scan,4444,0,0,0,0.0,0,0,0.0,0.0,76954,11,-12,0.80129474401474,0.07102447003126144,-0.18801571428775787,-0.09099999815225601,0.0,27,32766,32766,32766,2161,3.098533868789673
2026-04-07T12:31:47.469,radio://0/80/2M,flow,1,2,Scan,4444,0,0,0,0.0,0,0,0.0,0.0,77204,-1,0,0.80129474401474,0.02827843464910984,0.031158100813627243,-0.07766666263341904,0.06599999964237213,27,32766,32766,32766,2161,3.098533868789673
2026-04-07T12:31:47.472,radio://0/80/2M,range,1,2,Scan,4444,0,0,0,0.0,0,0,0.0,0.0,77204,-1,0,0.80129474401474,0.02827843464910984,0.031158100813627243,-0.07766666263341904,0.06599999964237213,67,1062,102,1468,2130,3.2463343143463135
2026-04-07T12:31:47.620,radio://0/80/2M,mission,1,2,Scan,4444,0,0,0,0.0,0,0,0.0,0.0,77204,-1,0,0.8205692768096924,0.02827843464910984,0.031158100813627243,-0.07766666263341904,0.06599999964237213,67,1062,102,1468,2130,3.2463343143463135
2026-04-07T12:31:47.623,radio://0/80/2M,flow,1,2,Scan,4444,0,0,0,0.0,0,0,0.0,0.0,77454,-4,-1,0.8205692768096924,-0.21363215148448944,0.08024799078702927,-0.0403333343565464,0.06399999558925629,67,1062,102,1468,2130,3.2463343143463135
2026-04-07T12:31:47.625,radio://0/80/2M,range,1,2,Scan,4444,0,0,0,0.0,0,0,0.0,0.0,77454,-4,-1,0.8205692768096924,-0.21363215148448944,0.08024799078702927,-0.0403333343565464,0.06399999558925629,179,1460,108,32766,2113,3.267448663711548
2026-04-07T12:31:47.922,radio://0/80/2M,mission,1,2,Scan,4444,0,0,0,0.0,0,0,0.0,0.0,77454,-4,-1,0.8193263411521912,-0.21363215148448944,0.08024799078702927,-0.0403333343565464,0.06399999558925629,179,1460,108,32766,2113,3.267448663711548
2026-04-07T12:31:47.924,radio://0/80/2M,flow,1,2,Scan,4444,0,0,0,0.0,0,0,0.0,0.0,77704,-10,-1,0.8193263411521912,-0.2504482567310333,0.04393366351723671,0.0,0.04633333534002304,179,1460,108,32766,2113,3.267448663711548
2026-04-07T12:31:47.925,radio://0/80/2M,range,1,2,Scan,4444,0,0,0,0.0,0,0,0.0,0.0,77704,-10,-1,0.8193263411521912,-0.2504482567310333,0.04393366351723671,0.0,0.04633333534002304,734,32766,161,2151,2097,3.2357771396636963
2026-04-07T12:31:48.120,radio://0/80/2M,mission,1,2,Scan,4444,0,0,0,0.0,0,0,0.0,0.0,77704,-10,-1,0.8001534938812256,-0.2504482567310333,0.04393366351723671,0.0,0.04633333534002304,734,32766,161,2151,2097,3.2357771396636963
2026-04-07T12:31:48.122,radio://0/80/2M,flow,1,2,Scan,4444,0,0,0,0.0,0,0,0.0,0.0,77954,1,-2,0.8001534938812256,-0.05828437954187393,-0.03286262974143028,0.0,0.03933333605527878,734,32766,161,2151,2097,3.2357771396636963
2026-04-07T12:31:48.124,radio://0/80/2M,range,1,2,Scan,4444,0,0,0,0.0,0,0,0.0,0.0,77954,1,-2,0.8001534938812256,-0.05828437954187393,-0.03286262974143028,0.0,0.03933333605527878,710,32766,182,2188,2120,3.2041056156158447
2026-04-07T12:31:48.370,radio://0/80/2M,mission,1,2,Scan,4444,0,0,0,0.0,0,0,0.0,0.0,77954,1,-2,0.7853333353996277,-0.05828437954187393,-0.03286262974143028,0.0,0.03933333605527878,710,32766,182,2188,2120,3.2041056156158447
2026-04-07T12:31:48.372,radio://0/80/2M,flow,1,2,Scan,4444,0,0,0,0.0,0,0,0.0,0.0,78204,0,0,0.7853333353996277,0.05760737508535385,0.01132443081587553,0.0,0.05233333259820938,710,32766,182,2188,2120,3.2041056156158447
2026-04-07T12:31:48.374,radio://0/80/2M,range,1,2,Scan,4444,0,0,0,0.0,0,0,0.0,0.0,78204,0,0,0.7853333353996277,0.05760737508535385,0.01132443081587553,0.0,0.05233333259820938,663,1277,143,32766,2128,3.2199413776397705
2026-04-07T12:31:48.620,radio://0/80/2M,mission,1,2,Scan,4444,0,0,0,0.0,0,0,0.0,0.0,78204,0,0,0.7982183694839478,0.05760737508535385,0.01132443081587553,0.0,0.05233333259820938,663,1277,143,32766,2128,3.2199413776397705
2026-04-07T12:31:48.622,radio://0/80/2M,flow,1,2,Scan,4444,0,0,0,0.0,0,0,0.0,0.0,78454,1,0,0.7982183694839478,0.05313559249043465,0.025729268789291382,0.0,0.06666667014360428,663,1277,143,32766,2128,3.2199413776397705
2026-04-07T12:31:48.623,radio://0/80/2M,range,1,2,Scan,4444,0,0,0,0.0,0,0,0.0,0.0,78454,1,0,0.7982183694839478,0.05313559249043465,0.025729268789291382,0.0,0.06666667014360428,648,32766,100,328,2127,3.241055727005005
2026-04-07T12:31:48.868,radio://0/80/2M,mission,1,2,Scan,4444,0,0,0,0.0,0,0,0.0,0.0,78454,1,0,0.7952466011047363,0.05313559249043465,0.025729268789291382,0.0,0.06666667014360428,648,32766,100,328,2127,3.241055727005005
2026-04-07T12:31:48.872,radio://0/80/2M,flow,1,2,Scan,4721,0,0,0,0.0,0,0,0.0,0.0,78704,0,-2,0.7952466011047363,-0.03877108916640282,0.004970041569322348,0.055666666477918625,0.07366666942834854,648,32766,100,328,2127,3.241055727005005
2026-04-07T12:31:48.873,radio://0/80/2M,range,1,2,Scan,4721,0,0,0,0.0,0,0,0.0,0.0,78704,0,-2,0.7952466011047363,-0.03877108916640282,0.004970041569322348,0.055666666477918625,0.07366666942834854,638,32766,79,133,2132,3.198827028274536
2026-04-07T12:31:49.119,radio://0/80/2M,mission,1,2,Scan,4721,0,0,0,0.0,0,0,0.0,0.0,78704,0,-2,0.788641095161438,-0.03877108916640282,0.004970041569322348,0.055666666477918625,0.07366666942834854,638,32766,79,133,2132,3.198827028274536
2026-04-07T12:31:49.123,radio://0/80/2M,flow,1,2,Scan,4721,0,0,0,0.0,0,0,0.0,0.0,78954,0,0,0.788641095161438,-0.10089296847581863,-0.0021692239679396152,0.05999999865889549,0.06799999624490738,638,32766,79,133,2132,3.198827028274536
2026-04-07T12:31:49.124,radio://0/80/2M,range,1,2,Scan,4721,0,0,0,0.0,0,0,0.0,0.0,78954,0,0,0.788641095161438,-0.10089296847581863,-0.0021692239679396152,0.05999999865889549,0.06799999624490738,642,1712,96,120,2117,3.198827028274536
2026-04-07T12:31:49.368,radio://0/80/2M,mission,1,2,Scan,4721,0,0,0,0.0,0,0,0.0,0.0,78954,0,0,0.7950740456581116,-0.10089296847581863,-0.0021692239679396152,0.05999999865889549,0.06799999624490738,642,1712,96,120,2117,3.198827028274536
2026-04-07T12:31:49.372,radio://0/80/2M,flow,1,2,Scan,4721,0,0,0,0.0,0,0,0.0,0.0,79204,0,-2,0.7950740456581116,-0.12972499430179596,0.03265833482146263,0.057999998331069946,0.056333333253860474,642,1712,96,120,2117,3.198827028274536
2026-04-07T12:31:49.373,radio://0/80/2M,range,1,2,Scan,4721,0,0,0,0.0,0,0,0.0,0.0,79204,0,-2,0.7950740456581116,-0.12972499430179596,0.03265833482146263,0.057999998331069946,0.056333333253860474,693,1718,131,126,2117,3.225219964981079
2026-04-07T12:31:49.618,radio://0/80/2M,mission,1,2,Scan,4721,0,0,0,0.0,0,0,0.0,0.0,79204,0,-2,0.7999658584594727,-0.12972499430179596,0.03265833482146263,0.057999998331069946,0.056333333253860474,693,1718,131,126,2117,3.225219964981079
2026-04-07T12:31:49.621,radio://0/80/2M,flow,1,2,Scan,4721,0,0,0,0.0,0,0,0.0,0.0,79454,1,0,0.7999658584594727,-0.07819020003080368,0.03426677733659744,0.05666666850447655,0.04400000348687172,693,1718,131,126,2117,3.225219964981079
2026-04-07T12:31:49.623,radio://0/80/2M,range,1,2,Scan,4721,0,0,0,0.0,0,0,0.0,0.0,79454,1,0,0.7999658584594727,-0.07819020003080368,0.03426677733659744,0.05666666850447655,0.04400000348687172,718,1787,168,130,2124,3.2093842029571533
2026-04-07T12:31:49.868,radio://0/80/2M,mission,1,2,Scan,4721,0,0,0,0.0,0,0,0.0,0.0,79454,1,0,0.7980996370315552,-0.07819020003080368,0.03426677733659744,0.05666666850447655,0.04400000348687172,718,1787,168,130,2124,3.2093842029571533
2026-04-07T12:31:49.872,radio://0/80/2M,flow,1,2,Scan,4721,0,0,0,0.0,0,0,0.0,0.0,79704,0,0,0.7980996370315552,-0.023710815235972404,0.019186271354556084,0.0573333315551281,0.017000002786517143,718,1787,168,130,2124,3.2093842029571533
2026-04-07T12:31:49.873,radio://0/80/2M,range,1,2,Scan,4721,0,0,0,0.0,0,0,0.0,0.0,79704,0,0,0.7980996370315552,-0.023710815235972404,0.019186271354556084,0.0573333315551281,0.017000002786517143,841,32766,249,128,2127,3.1935484409332275
2026-04-07T12:31:50.118,radio://0/80/2M,mission,1,2,Scan,4721,0,0,0,0.0,0,0,0.0,0.0,79704,0,0,0.7996493577957153,-0.023710815235972404,0.019186271354556084,0.0573333315551281,0.017000002786517143,841,32766,249,128,2127,3.1935484409332275
2026-04-07T12:31:50.120,radio://0/80/2M,flow,1,2,Scan,4721,0,0,0,0.0,0,0,0.0,0.0,79954,3,0,0.7996493577957153,-0.02989809587597847,-0.01808738335967064,0.0573333315551281,0.0,841,32766,249,128,2127,3.1935484409332275
2026-04-07T12:31:50.122,radio://0/80/2M,range,1,2,Scan,4721,0,0,0,0.0,0,0,0.0,0.0,79954,3,0,0.7996493577957153,-0.02989809587597847,-0.01808738335967064,0.0573333315551281,0.0,987,2626,375,128,2117,3.198827028274536
2026-04-07T12:31:50.368,radio://0/80/2M,mission,1,2,Scan,4721,0,0,0,0.0,0,0,0.0,0.0,79954,3,0,0.8008013367652893,-0.02989809587597847,-0.01808738335967064,0.0573333315551281,0.0,987,2626,375,128,2117,3.198827028274536
2026-04-07T12:31:50.371,radio://0/80/2M,flow,1,2,Scan,4721,0,0,0,0.0,0,0,0.0,0.0,80204,0,3,0.8008013367652893,-0.05531853064894676,-0.04947180300951004,0.052666664123535156,0.0,987,2626,375,128,2117,3.198827028274536
2026-04-07T12:31:50.372,radio://0/80/2M,range,1,2,Scan,4721,0,0,0,0.0,0,0,0.0,0.0,80204,0,3,0.8008013367652893,-0.05531853064894676,-0.04947180300951004,0.052666664123535156,0.0,1316,2504,380,142,2125,3.1935484409332275
2026-04-07T12:31:50.617,radio://0/80/2M,mission,1,2,Scan,4721,0,0,0,0.0,0,0,0.0,0.0,80204,0,3,0.8043464422225952,-0.05531853064894676,-0.04947180300951004,0.052666664123535156,0.0,1316,2504,380,142,2125,3.1935484409332275
2026-04-07T12:31:50.621,radio://0/80/2M,flow,1,2,Scan,4721,0,0,0,0.0,0,0,0.0,0.0,80454,0,3,0.8043464422225952,-0.040292300283908844,0.02066386491060257,0.04800000041723251,0.0,1316,2504,380,142,2125,3.1935484409332275
2026-04-07T12:31:50.622,radio://0/80/2M,range,1,2,Scan,4721,0,0,0,0.0,0,0,0.0,0.0,80454,0,3,0.8043464422225952,-0.040292300283908844,0.02066386491060257,0.04800000041723251,0.0,32766,2511,366,156,2115,3.198827028274536
2026-04-07T12:31:50.867,radio://0/80/2M,mission,1,2,Scan,4721,0,0,0,0.0,0,0,0.0,0.0,80454,0,3,0.8046509027481079,-0.040292300283908844,0.02066386491060257,0.04800000041723251,0.0,32766,2511,366,156,2115,3.198827028274536
2026-04-07T12:31:50.870,radio://0/80/2M,flow,1,2,Scan,5329,0,0,0,0.0,0,0,0.0,0.0,80704,1,0,0.8046509027481079,-0.021526705473661423,0.042573582381010056,0.03700000420212746,0.0,32766,2511,366,156,2115,3.198827028274536
2026-04-07T12:31:50.871,radio://0/80/2M,range,1,2,Scan,5329,0,0,0,0.0,0,0,0.0,0.0,80704,1,0,0.8046509027481079,-0.021526705473661423,0.042573582381010056,0.03700000420212746,0.0,32766,2537,342,189,2108,3.1829912662506104
2026-04-07T12:31:51.117,radio://0/80/2M,mission,1,2,Scan,5329,0,0,0,0.0,0,0,0.0,0.0,80704,1,0,0.7947725653648376,-0.021526705473661423,0.042573582381010056,0.03700000420212746,0.0,32766,2537,342,189,2108,3.1829912662506104
2026-04-07T12:31:51.120,radio://0/80/2M,flow,1,2,Scan,5329,0,0,0,0.0,0,0,0.0,0.0,80954,0,0,0.7947725653648376,-0.016595592722296715,0.024251766502857208,0.02900000289082527,0.0,32766,2537,342,189,2108,3.1829912662506104
2026-04-07T12:31:51.121,radio://0/80/2M,range,1,2,Scan,5329,0,0,0,0.0,0,0,0.0,0.0,80954,0,0,0.7947725653648376,-0.016595592722296715,0.024251766502857208,0.02900000289082527,0.0,32766,32766,341,213,2119,3.1671555042266846
2026-04-07T12:31:51.366,radio://0/80/2M,mission,1,2,Scan,5329,0,0,0,0.0,0,0,0.0,0.0,80954,0,0,0.7916353940963745,-0.016595592722296715,0.024251766502857208,0.02900000289082527,0.0,32766,32766,341,213,2119,3.1671555042266846
2026-04-07T12:31:51.370,radio://0/80/2M,flow,1,2,Scan,5329,0,0,0,0.0,0,0,0.0,0.0,81204,0,1,0.7916353940963745,0.0030764820985496044,-0.007552874740213156,0.01900000311434269,0.0,32766,32766,341,213,2119,3.1671555042266846
2026-04-07T12:31:51.371,radio://0/80/2M,range,1,2,Scan,5329,0,0,0,0.0,0,0,0.0,0.0,81204,0,1,0.7916353940963745,0.0030764820985496044,-0.007552874740213156,0.01900000311434269,0.0,32766,570,365,243,2129,3.1565983295440674
2026-04-07T12:31:51.616,radio://0/80/2M,mission,1,2,Scan,5329,0,0,0,0.0,0,0,0.0,0.0,81204,0,1,0.795159101486206,0.0030764820985496044,-0.007552874740213156,0.01900000311434269,0.0,32766,570,365,243,2129,3.1565983295440674
2026-04-07T12:31:51.620,radio://0/80/2M,flow,1,2,Scan,5329,0,0,0,0.0,0,0,0.0,0.0,81454,0,0,0.795159101486206,-0.03522730991244316,0.040886759757995605,0.004333336837589741,0.0,32766,570,365,243,2129,3.1565983295440674
2026-04-07T12:31:51.621,radio://0/80/2M,range,1,2,Scan,5329,0,0,0,0.0,0,0,0.0,0.0,81454,0,0,0.795159101486206,-0.03522730991244316,0.040886759757995605,0.004333336837589741,0.0,32766,437,409,287,2127,3.161876916885376
2026-04-07T12:31:51.866,radio://0/80/2M,mission,1,2,Scan,5329,0,0,0,0.0,0,0,0.0,0.0,81454,0,0,0.8087918758392334,-0.03522730991244316,0.040886759757995605,0.004333336837589741,0.0,32766,437,409,287,2127,3.161876916885376
2026-04-07T12:31:51.870,radio://0/80/2M,flow,1,2,Scan,8141,0,0,0,0.0,0,0,0.0,0.0,81704,-2,0,0.8087918758392334,-0.00982238631695509,-0.2121063768863678,0.0,0.0,32766,437,409,287,2127,3.161876916885376
2026-04-07T12:31:51.871,radio://0/80/2M,range,1,2,Scan,8141,0,0,0,0.0,0,0,0.0,0.0,81704,-2,0,0.8087918758392334,-0.00982238631695509,-0.2121063768863678,0.0,0.0,1726,395,522,401,2191,3.198827028274536
2026-04-07T12:31:52.116,radio://0/80/2M,mission,1,2,Scan,8141,0,0,0,0.0,0,0,0.0,0.0,81704,-2,0,0.7910138964653015,-0.00982238631695509,-0.2121063768863678,0.0,0.0,1726,395,522,401,2191,3.198827028274536
2026-04-07T12:31:52.120,radio://0/80/2M,flow,1,2,Scan,5529,0,0,0,0.0,0,0,0.0,0.0,81954,-13,-10,0.7910138964653015,0.17507700622081757,-0.8428688049316406,0.0,0.0,1726,395,522,401,2191,3.198827028274536
2026-04-07T12:31:52.122,radio://0/80/2M,range,1,2,Scan,5529,0,0,0,0.0,0,0,0.0,0.0,81954,-13,-10,0.7910138964653015,0.17507700622081757,-0.8428688049316406,0.0,0.0,1666,352,760,479,2257,3.1407625675201416
2026-04-07T12:31:52.365,radio://0/80/2M,mission,1,2,Scan,5529,0,0,0,0.0,0,0,0.0,0.0,81954,-13,-10,0.7604799270629883,0.17507700622081757,-0.8428688049316406,0.0,0.0,1666,352,760,479,2257,3.1407625675201416
2026-04-07T12:31:52.370,radio://0/80/2M,flow,1,2,Scan,4273,0,0,0,0.0,0,0,0.0,0.0,82204,-6,-5,0.7604799270629883,0.24176742136478424,-0.7284973859786987,0.0,-0.012333332560956478,1666,352,760,479,2257,3.1407625675201416
2026-04-07T12:31:52.371,radio://0/80/2M,range,1,2,Scan,4273,0,0,0,0.0,0,0,0.0,0.0,82204,-6,-5,0.7604799270629883,0.24176742136478424,-0.7284973859786987,0.0,-0.012333332560956478,2371,263,1329,652,2173,3.1407625675201416
2026-04-07T12:31:52.616,radio://0/80/2M,mission,1,2,Scan,4273,0,0,0,0.0,0,0,0.0,0.0,82204,-6,-5,0.8081343173980713,0.24176742136478424,-0.7284973859786987,0.0,-0.012333332560956478,2371,263,1329,652,2173,3.1407625675201416
2026-04-07T12:31:52.619,radio://0/80/2M,flow,1,2,Scan,4273,0,0,0,0.0,0,0,0.0,0.0,82454,3,0,0.8081343173980713,0.08406195789575577,-0.10708265751600266,0.0,-0.02433333732187748,2371,263,1329,652,2173,3.1407625675201416
2026-04-07T12:31:52.620,radio://0/80/2M,range,1,2,Scan,4273,0,0,0,0.0,0,0,0.0,0.0,82454,3,0,0.8081343173980713,0.08406195789575577,-0.10708265751600266,0.0,-0.02433333732187748,32766,227,32766,771,2219,3.2041056156158447
2026-04-07T12:31:52.865,radio://0/80/2M,mission,1,2,Scan,4273,0,0,0,0.0,0,0,0.0,0.0,82454,3,0,0.7933026552200317,0.08406195789575577,-0.10708265751600266,0.0,-0.02433333732187748,32766,227,32766,771,2219,3.2041056156158447
2026-04-07T12:31:52.869,radio://0/80/2M,flow,1,2,Scan,4273,0,0,0,0.0,0,0,0.0,0.0,82704,1,0,0.7933026552200317,-0.07357142120599747,0.09878145158290863,0.0,-0.018666667863726616,32766,227,32766,771,2219,3.2041056156158447
2026-04-07T12:31:52.870,radio://0/80/2M,range,1,2,Scan,4273,0,0,0,0.0,0,0,0.0,0.0,82704,1,0,0.7933026552200317,-0.07357142120599747,0.09878145158290863,0.0,-0.018666667863726616,2038,244,32766,865,2130,3.124926805496216
2026-04-07T12:31:53.116,radio://0/80/2M,mission,1,2,Scan,4273,0,0,0,0.0,0,0,0.0,0.0,82704,1,0,0.8049799203872681,-0.07357142120599747,0.09878145158290863,0.0,-0.018666667863726616,2038,244,32766,865,2130,3.124926805496216
2026-04-07T12:31:53.119,radio://0/80/2M,flow,1,2,Scan,4273,0,0,0,0.0,0,0,0.0,0.0,82954,0,0,0.8049799203872681,-0.0726311206817627,0.013812793418765068,0.0,-0.008000005967915058,2038,244,32766,865,2130,3.124926805496216
2026-04-07T12:31:53.120,radio://0/80/2M,range,1,2,Scan,4273,0,0,0,0.0,0,0,0.0,0.0,82954,0,0,0.8049799203872681,-0.0726311206817627,0.013812793418765068,0.0,-0.008000005967915058,2005,276,32766,874,2126,3.1829912662506104
2026-04-07T12:31:53.365,radio://0/80/2M,mission,1,5,Transition,4273,0,0,0,0.0,0,0,0.0,0.0,82954,0,0,0.8179126977920532,-0.0726311206817627,0.013812793418765068,0.0,-0.008000005967915058,2005,276,32766,874,2126,3.1829912662506104
2026-04-07T12:31:53.369,radio://0/80/2M,flow,1,5,Transition,4273,0,0,0,0.0,0,0,0.0,0.0,83204,0,-1,0.8179126977920532,-0.02208538167178631,-0.08949510008096695,0.0,0.0,2005,276,32766,874,2126,3.1829912662506104
2026-04-07T12:31:53.370,radio://0/80/2M,range,1,5,Transition,4273,0,0,0,0.0,0,0,0.0,0.0,83204,0,-1,0.8179126977920532,-0.02208538167178631,-0.08949510008096695,0.0,0.0,2010,315,32766,928,2106,3.1829912662506104
2026-04-07T12:31:53.615,radio://0/80/2M,mission,1,0,Reacquire Wall,4273,0,0,0,0.0,0,0,0.0,0.0,83204,0,-1,0.8194839358329773,-0.02208538167178631,-0.08949510008096695,0.0,0.0,2010,315,32766,928,2106,3.1829912662506104
2026-04-07T12:31:53.618,radio://0/80/2M,flow,1,0,Reacquire Wall,4273,0,0,0,0.0,0,0,0.0,0.0,83454,2,0,0.8194839358329773,-0.022859470918774605,-0.08624810725450516,0.20000000298023224,0.0,2010,315,32766,928,2106,3.1829912662506104
2026-04-07T12:31:53.619,radio://0/80/2M,range,1,0,Reacquire Wall,4273,0,0,0,0.0,0,0,0.0,0.0,83454,2,0,0.8194839358329773,-0.022859470918774605,-0.08624810725450516,0.20000000298023224,0.0,2010,333,32766,983,2101,3.161876916885376
2026-04-07T12:31:53.866,radio://0/80/2M,mission,1,0,Reacquire Wall,4273,0,0,0,0.0,0,0,0.0,0.0,83454,2,0,0.8059182167053223,-0.022859470918774605,-0.08624810725450516,0.20000000298023224,0.0,2010,333,32766,983,2101,3.161876916885376
2026-04-07T12:31:53.869,radio://0/80/2M,flow,1,0,Reacquire Wall,4273,0,0,0,0.0,0,0,0.0,0.0,83704,1,0,0.8059182167053223,-0.04511711001396179,-0.11440647393465042,0.20000000298023224,0.0,2010,333,32766,983,2101,3.161876916885376
2026-04-07T12:31:53.870,radio://0/80/2M,range,1,0,Reacquire Wall,4273,0,0,0,0.0,0,0,0.0,0.0,83704,1,0,0.8059182167053223,-0.04511711001396179,-0.11440647393465042,0.20000000298023224,0.0,1935,350,32766,1048,2121,3.151319742202759
2026-04-07T12:31:54.115,radio://0/80/2M,mission,1,0,Reacquire Wall,4273,0,0,0,0.0,0,0,0.0,0.0,83704,1,0,0.7992532849311829,-0.04511711001396179,-0.11440647393465042,0.20000000298023224,0.0,1935,350,32766,1048,2121,3.151319742202759
2026-04-07T12:31:54.119,radio://0/80/2M,flow,1,0,Reacquire Wall,5124,0,0,0,0.0,0,0,0.0,0.0,83954,3,-10,0.7992532849311829,0.00219059269875288,-0.24916496872901917,0.20000000298023224,0.0,1935,350,32766,1048,2121,3.151319742202759
2026-04-07T12:31:54.120,radio://0/80/2M,range,1,0,Reacquire Wall,5124,0,0,0,0.0,0,0,0.0,0.0,83954,3,-10,0.7992532849311829,0.00219059269875288,-0.24916496872901917,0.20000000298023224,0.0,1886,366,32766,1114,2128,3.1407625675201416
2026-04-07T12:31:54.366,radio://0/80/2M,mission,1,0,Reacquire Wall,5124,0,0,0,0.0,0,0,0.0,0.0,83954,3,-10,0.8018084764480591,0.00219059269875288,-0.24916496872901917,0.20000000298023224,0.0,1886,366,32766,1114,2128,3.1407625675201416
2026-04-07T12:31:54.370,radio://0/80/2M,flow,1,0,Reacquire Wall,6529,0,0,0,0.0,0,0,0.0,0.0,84204,-3,-10,0.8018084764480591,0.117005355656147,-0.23094351589679718,0.20000000298023224,0.0,1886,366,32766,1114,2128,3.1407625675201416
2026-04-07T12:31:54.371,radio://0/80/2M,range,1,0,Reacquire Wall,6529,0,0,0,0.0,0,0,0.0,0.0,84204,-3,-10,0.8018084764480591,0.117005355656147,-0.23094351589679718,0.20000000298023224,0.0,1822,375,1036,1246,2129,3.1407625675201416
2026-04-07T12:31:54.614,radio://0/80/2M,mission,1,0,Reacquire Wall,6529,0,0,0,0.0,0,0,0.0,0.0,84204,-3,-10,0.7924677729606628,0.117005355656147,-0.23094351589679718,0.20000000298023224,0.0,1822,375,1036,1246,2129,3.1407625675201416
2026-04-07T12:31:54.617,radio://0/80/2M,flow,1,0,Reacquire Wall,6121,0,0,0,0.0,0,0,0.0,0.0,84454,-1,-1,0.7924677729606628,0.15301986038684845,-0.18496859073638916,0.20000000298023224,0.0,1822,375,1036,1246,2129,3.1407625675201416
2026-04-07T12:31:54.619,radio://0/80/2M,range,1,0,Reacquire Wall,6121,0,0,0,0.0,0,0,0.0,0.0,84454,-1,-1,0.7924677729606628,0.15301986038684845,-0.18496859073638916,0.20000000298023224,0.0,1772,345,1015,1312,2125,3.135483980178833
2026-04-07T12:31:54.864,radio://0/80/2M,mission,1,0,Reacquire Wall,6121,0,0,0,0.0,0,0,0.0,0.0,84454,-1,-1,0.7939321994781494,0.15301986038684845,-0.18496859073638916,0.20000000298023224,0.0,1772,345,1015,1312,2125,3.135483980178833
2026-04-07T12:31:54.868,radio://0/80/2M,flow,1,0,Reacquire Wall,5381,0,0,0,0.0,0,0,0.0,0.0,84704,0,1,0.7939321994781494,0.09975708276033401,-0.14590881764888763,0.20000000298023224,0.0,1772,345,1015,1312,2125,3.135483980178833
2026-04-07T12:31:54.869,radio://0/80/2M,range,1,0,Reacquire Wall,5381,0,0,0,0.0,0,0,0.0,0.0,84704,0,1,0.7939321994781494,0.09975708276033401,-0.14590881764888763,0.20000000298023224,0.0,1681,291,1028,1358,2124,3.151319742202759
2026-04-07T12:31:55.114,radio://0/80/2M,mission,1,0,Reacquire Wall,5381,0,0,0,0.0,0,0,0.0,0.0,84704,0,1,0.8001440167427063,0.09975708276033401,-0.14590881764888763,0.20000000298023224,0.0,1681,291,1028,1358,2124,3.151319742202759
2026-04-07T12:31:55.117,radio://0/80/2M,flow,1,0,Reacquire Wall,5045,0,0,0,0.0,0,0,0.0,0.0,84954,0,-1,0.8001440167427063,0.05795940384268761,-0.1691541224718094,0.20000000298023224,0.0,1681,291,1028,1358,2124,3.151319742202759
2026-04-07T12:31:55.119,radio://0/80/2M,range,1,0,Reacquire Wall,5045,0,0,0,0.0,0,0,0.0,0.0,84954,0,-1,0.8001440167427063,0.05795940384268761,-0.1691541224718094,0.20000000298023224,0.0,1632,267,1042,1386,2124,3.14604115486145
2026-04-07T12:31:55.363,radio://0/80/2M,mission,1,0,Reacquire Wall,5045,0,0,0,0.0,0,0,0.0,0.0,84954,0,-1,0.8030555248260498,0.05795940384268761,-0.1691541224718094,0.20000000298023224,0.0,1632,267,1042,1386,2124,3.14604115486145
2026-04-07T12:31:55.367,radio://0/80/2M,flow,1,0,Reacquire Wall,5045,0,0,0,0.0,0,0,0.0,0.0,85204,0,-1,0.8030555248260498,0.02735687606036663,-0.18968822062015533,0.20000000298023224,0.0,1632,267,1042,1386,2124,3.14604115486145
2026-04-07T12:31:55.368,radio://0/80/2M,range,1,0,Reacquire Wall,5045,0,0,0,0.0,0,0,0.0,0.0,85204,0,-1,0.8030555248260498,0.02735687606036663,-0.18968822062015533,0.20000000298023224,0.0,1563,301,1053,1432,2125,3.1671555042266846
2026-04-07T12:31:55.633,radio://0/80/2M,mission,1,0,Reacquire Wall,5045,0,0,0,0.0,0,0,0.0,0.0,85204,0,-1,0.8054123520851135,0.02735687606036663,-0.18968822062015533,0.20000000298023224,0.0,1563,301,1053,1432,2125,3.1671555042266846
2026-04-07T12:31:55.634,radio://0/80/2M,flow,1,0,Reacquire Wall,5045,0,0,0,0.0,0,0,0.0,0.0,85454,-1,-2,0.8054123520851135,0.04645448923110962,-0.17546100914478302,0.20000000298023224,0.0,1563,301,1053,1432,2125,3.1671555042266846
2026-04-07T12:31:55.635,radio://0/80/2M,range,1,0,Reacquire Wall,5045,0,0,0,0.0,0,0,0.0,0.0,85454,-1,-2,0.8054123520851135,0.04645448923110962,-0.17546100914478302,0.20000000298023224,0.0,1527,303,1051,1458,2125,3.172434091567993
2026-04-07T12:31:55.864,radio://0/80/2M,mission,1,0,Reacquire Wall,5045,0,0,0,0.0,0,0,0.0,0.0,85454,-1,-2,0.8065659403800964,0.04645448923110962,-0.17546100914478302,0.20000000298023224,0.0,1527,303,1051,1458,2125,3.172434091567993
2026-04-07T12:31:55.867,radio://0/80/2M,flow,1,0,Reacquire Wall,4435,0,0,0,0.0,0,0,0.0,0.0,85704,-2,0,0.8065659403800964,0.08764539659023285,-0.1813964992761612,0.20000000298023224,0.0,1527,303,1051,1458,2125,3.172434091567993
2026-04-07T12:31:55.868,radio://0/80/2M,range,1,0,Reacquire Wall,4435,0,0,0,0.0,0,0,0.0,0.0,85704,-2,0,0.8065659403800964,0.08764539659023285,-0.1813964992761612,0.20000000298023224,0.0,1475,274,1068,1492,2111,3.172434091567993
2026-04-07T12:31:56.114,radio://0/80/2M,mission,1,0,Reacquire Wall,4435,0,0,0,0.0,0,0,0.0,0.0,85704,-2,0,0.8071131110191345,0.08764539659023285,-0.1813964992761612,0.20000000298023224,0.0,1475,274,1068,1492,2111,3.172434091567993
2026-04-07T12:31:56.117,radio://0/80/2M,flow,1,0,Reacquire Wall,4435,0,0,0,0.0,0,0,0.0,0.0,85954,0,0,0.8071131110191345,0.07006252557039261,-0.16483309864997864,0.20000000298023224,0.0,1475,274,1068,1492,2111,3.172434091567993
2026-04-07T12:31:56.118,radio://0/80/2M,range,1,0,Reacquire Wall,4435,0,0,0,0.0,0,0,0.0,0.0,85954,0,0,0.8071131110191345,0.07006252557039261,-0.16483309864997864,0.20000000298023224,0.0,1450,257,1085,1507,2113,3.172434091567993
2026-04-07T12:31:56.365,radio://0/80/2M,mission,1,0,Reacquire Wall,4435,0,0,0,0.0,0,0,0.0,0.0,85954,0,0,0.808703601360321,0.07006252557039261,-0.16483309864997864,0.20000000298023224,0.0,1450,257,1085,1507,2113,3.172434091567993
2026-04-07T12:31:56.481,radio://0/80/2M,flow,1,0,Reacquire Wall,4435,0,0,0,0.0,0,0,0.0,0.0,86204,0,0,0.808703601360321,0.031304147094488144,-0.15539133548736572,0.20000000298023224,0.0,1450,257,1085,1507,2113,3.172434091567993
2026-04-07T12:31:56.486,radio://0/80/2M,range,1,0,Reacquire Wall,4435,0,0,0,0.0,0,0,0.0,0.0,86204,0,0,0.808703601360321,0.031304147094488144,-0.15539133548736572,0.20000000298023224,0.0,1418,236,1096,1525,2104,3.172434091567993
2026-04-07T12:31:56.613,radio://0/80/2M,mission,1,0,Reacquire Wall,4435,0,0,0,0.0,0,0,0.0,0.0,86204,0,0,0.803980827331543,0.031304147094488144,-0.15539133548736572,0.20000000298023224,0.0,1418,236,1096,1525,2104,3.172434091567993
2026-04-07T12:31:56.616,radio://0/80/2M,flow,1,0,Reacquire Wall,4158,0,0,0,0.0,0,0,0.0,0.0,86454,0,0,0.803980827331543,0.04410221800208092,-0.1890656054019928,0.20000000298023224,0.0,1418,236,1096,1525,2104,3.172434091567993
2026-04-07T12:31:56.617,radio://0/80/2M,range,1,0,Reacquire Wall,4158,0,0,0,0.0,0,0,0.0,0.0,86454,0,0,0.803980827331543,0.04410221800208092,-0.1890656054019928,0.20000000298023224,0.0,1402,227,1099,1541,2113,3.1565983295440674
2026-04-07T12:31:56.862,radio://0/80/2M,mission,1,0,Reacquire Wall,4158,0,0,0,0.0,0,0,0.0,0.0,86454,0,0,0.814523458480835,0.04410221800208092,-0.1890656054019928,0.20000000298023224,0.0,1402,227,1099,1541,2113,3.1565983295440674
2026-04-07T12:31:56.866,radio://0/80/2M,flow,1,0,Reacquire Wall,4158,0,0,0,0.0,0,0,0.0,0.0,86704,0,0,0.814523458480835,0.02281743846833706,-0.20656216144561768,0.20000000298023224,0.0,1402,227,1099,1541,2113,3.1565983295440674
2026-04-07T12:31:56.867,radio://0/80/2M,range,1,0,Reacquire Wall,4158,0,0,0,0.0,0,0,0.0,0.0,86704,0,0,0.814523458480835,0.02281743846833706,-0.20656216144561768,0.20000000298023224,0.0,1370,221,1108,1549,2109,3.1935484409332275
2026-04-07T12:31:57.112,radio://0/80/2M,mission,1,0,Reacquire Wall,4158,0,0,0,0.0,0,0,0.0,0.0,86704,0,0,0.815411388874054,0.02281743846833706,-0.20656216144561768,0.20000000298023224,0.0,1370,221,1108,1549,2109,3.1935484409332275
2026-04-07T12:31:57.116,radio://0/80/2M,flow,1,0,Reacquire Wall,4158,0,0,0,0.0,0,0,0.0,0.0,86954,0,0,0.815411388874054,-0.040685635060071945,-0.14727364480495453,0.20000000298023224,0.0,1370,221,1108,1549,2109,3.1935484409332275
2026-04-07T12:31:57.117,radio://0/80/2M,range,1,0,Reacquire Wall,4158,0,0,0,0.0,0,0,0.0,0.0,86954,0,0,0.815411388874054,-0.040685635060071945,-0.14727364480495453,0.20000000298023224,0.0,1353,231,1095,1564,2101,3.1671555042266846
2026-04-07T12:31:57.362,radio://0/80/2M,mission,1,0,Reacquire Wall,4158,0,0,0,0.0,0,0,0.0,0.0,86954,0,0,0.8075032830238342,-0.040685635060071945,-0.14727364480495453,0.20000000298023224,0.0,1353,231,1095,1564,2101,3.1671555042266846
2026-04-07T12:31:57.366,radio://0/80/2M,flow,1,0,Reacquire Wall,4158,0,0,0,0.0,0,0,0.0,0.0,87204,0,0,0.8075032830238342,-0.036741290241479874,-0.13092859089374542,0.20000000298023224,0.0,1353,231,1095,1564,2101,3.1671555042266846
2026-04-07T12:31:57.367,radio://0/80/2M,range,1,0,Reacquire Wall,4158,0,0,0,0.0,0,0,0.0,0.0,87204,0,0,0.8075032830238342,-0.036741290241479874,-0.13092859089374542,0.20000000298023224,0.0,1340,257,1088,1573,2113,3.1565983295440674
2026-04-07T12:31:57.612,radio://0/80/2M,mission,1,0,Reacquire Wall,4158,0,0,0,0.0,0,0,0.0,0.0,87204,0,0,0.805195152759552,-0.036741290241479874,-0.13092859089374542,0.20000000298023224,0.0,1340,257,1088,1573,2113,3.1565983295440674
2026-04-07T12:31:57.615,radio://0/80/2M,flow,1,0,Reacquire Wall,4417,0,0,0,0.0,0,0,0.0,0.0,87454,-2,0,0.805195152759552,-0.02723819576203823,-0.1435791254043579,0.20000000298023224,0.0,1340,257,1088,1573,2113,3.1565983295440674
2026-04-07T12:31:57.616,radio://0/80/2M,range,1,0,Reacquire Wall,4417,0,0,0,0.0,0,0,0.0,0.0,87454,-2,0,0.805195152759552,-0.02723819576203823,-0.1435791254043579,0.20000000298023224,0.0,1332,269,1073,1574,2106,3.161876916885376
2026-04-07T12:31:57.862,radio://0/80/2M,mission,1,0,Reacquire Wall,4417,0,0,0,0.0,0,0,0.0,0.0,87454,-2,0,0.8025410175323486,-0.02723819576203823,-0.1435791254043579,0.20000000298023224,0.0,1332,269,1073,1574,2106,3.161876916885376
2026-04-07T12:31:57.865,radio://0/80/2M,flow,1,0,Reacquire Wall,4693,0,0,0,0.0,0,0,0.0,0.0,87704,0,0,0.8025410175323486,-0.03018653206527233,-0.1313246339559555,0.20000000298023224,0.0,1332,269,1073,1574,2106,3.161876916885376
2026-04-07T12:31:57.866,radio://0/80/2M,range,1,0,Reacquire Wall,4693,0,0,0,0.0,0,0,0.0,0.0,87704,0,0,0.8025410175323486,-0.03018653206527233,-0.1313246339559555,0.20000000298023224,0.0,1322,287,1052,1595,2112,3.1565983295440674
2026-04-07T12:31:58.111,radio://0/80/2M,mission,1,0,Reacquire Wall,4693,0,0,0,0.0,0,0,0.0,0.0,87704,0,0,0.7986658811569214,-0.03018653206527233,-0.1313246339559555,0.20000000298023224,0.0,1322,287,1052,1595,2112,3.1565983295440674
2026-04-07T12:31:58.114,radio://0/80/2M,flow,1,0,Reacquire Wall,4986,0,0,0,0.0,0,0,0.0,0.0,87954,0,-1,0.7986658811569214,-0.00045855945791117847,-0.14706909656524658,0.20000000298023224,0.0,1322,287,1052,1595,2112,3.1565983295440674
2026-04-07T12:31:58.116,radio://0/80/2M,range,1,0,Reacquire Wall,4986,0,0,0,0.0,0,0,0.0,0.0,87954,0,-1,0.7986658811569214,-0.00045855945791117847,-0.14706909656524658,0.20000000298023224,0.0,1312,290,1052,1622,2114,3.1565983295440674
2026-04-07T12:31:58.361,radio://0/80/2M,mission,1,0,Reacquire Wall,4986,0,0,0,0.0,0,0,0.0,0.0,87954,0,-1,0.7936367988586426,-0.00045855945791117847,-0.14706909656524658,0.20000000298023224,0.0,1312,290,1052,1622,2114,3.1565983295440674
2026-04-07T12:31:58.364,radio://0/80/2M,flow,1,0,Reacquire Wall,4986,0,0,0,0.0,0,0,0.0,0.0,88204,0,0,0.7936367988586426,0.03399623930454254,-0.18660883605480194,0.20000000298023224,0.0,1312,290,1052,1622,2114,3.1565983295440674
2026-04-07T12:31:58.366,radio://0/80/2M,range,1,0,Reacquire Wall,4986,0,0,0,0.0,0,0,0.0,0.0,88204,0,0,0.7936367988586426,0.03399623930454254,-0.18660883605480194,0.20000000298023224,0.0,1295,295,1065,1661,2121,3.1565983295440674
2026-04-07T12:31:58.612,radio://0/80/2M,mission,1,0,Reacquire Wall,4986,0,0,0,0.0,0,0,0.0,0.0,88204,0,0,0.7851242423057556,0.03399623930454254,-0.18660883605480194,0.20000000298023224,0.0,1295,295,1065,1661,2121,3.1565983295440674
2026-04-07T12:31:58.615,radio://0/80/2M,flow,1,0,Reacquire Wall,5297,0,0,0,0.0,0,0,0.0,0.0,88454,0,0,0.7851242423057556,0.03287176042795181,-0.16920213401317596,0.20000000298023224,0.0,1295,295,1065,1661,2121,3.1565983295440674
2026-04-07T12:31:58.616,radio://0/80/2M,range,1,0,Reacquire Wall,5297,0,0,0,0.0,0,0,0.0,0.0,88454,0,0,0.7851242423057556,0.03287176042795181,-0.16920213401317596,0.20000000298023224,0.0,1279,297,1068,1673,2127,3.1407625675201416
2026-04-07T12:31:58.861,radio://0/80/2M,mission,1,0,Reacquire Wall,5297,0,0,0,0.0,0,0,0.0,0.0,88454,0,0,0.7881464958190918,0.03287176042795181,-0.16920213401317596,0.20000000298023224,0.0,1279,297,1068,1673,2127,3.1407625675201416
2026-04-07T12:31:58.864,radio://0/80/2M,flow,1,0,Reacquire Wall,5297,0,0,0,0.0,0,0,0.0,0.0,88704,0,0,0.7881464958190918,0.026038741692900658,-0.16301147639751434,0.20000000298023224,0.0,1279,297,1068,1673,2127,3.1407625675201416
2026-04-07T12:31:58.865,radio://0/80/2M,range,1,0,Reacquire Wall,5297,0,0,0,0.0,0,0,0.0,0.0,88704,0,0,0.7881464958190918,0.026038741692900658,-0.16301147639751434,0.20000000298023224,0.0,1259,304,1066,1708,2130,3.151319742202759
2026-04-07T12:31:59.112,radio://0/80/2M,mission,1,0,Reacquire Wall,5297,0,0,0,0.0,0,0,0.0,0.0,88704,0,0,0.7937661409378052,0.026038741692900658,-0.16301147639751434,0.20000000298023224,0.0,1259,304,1066,1708,2130,3.151319742202759
2026-04-07T12:31:59.115,radio://0/80/2M,flow,1,0,Reacquire Wall,5628,0,0,0,0.0,0,0,0.0,0.0,88954,0,0,0.7937661409378052,0.03263775259256363,-0.19634145498275757,0.20000000298023224,0.0,1259,304,1066,1708,2130,3.151319742202759
2026-04-07T12:31:59.116,radio://0/80/2M,range,1,0,Reacquire Wall,5628,0,0,0,0.0,0,0,0.0,0.0,88954,0,0,0.7937661409378052,0.03263775259256363,-0.19634145498275757,0.20000000298023224,0.0,1233,313,1054,1718,2121,3.151319742202759
2026-04-07T12:31:59.362,radio://0/80/2M,mission,1,0,Reacquire Wall,5628,0,0,0,0.0,0,0,0.0,0.0,88954,0,0,0.8064268827438354,0.03263775259256363,-0.19634145498275757,0.20000000298023224,0.0,1233,313,1054,1718,2121,3.151319742202759
2026-04-07T12:31:59.365,radio://0/80/2M,flow,1,0,Reacquire Wall,5628,0,0,0,0.0,0,0,0.0,0.0,89204,0,-1,0.8064268827438354,0.023430539295077324,-0.2201850265264511,0.20000000298023224,0.0,1233,313,1054,1718,2121,3.151319742202759
2026-04-07T12:31:59.366,radio://0/80/2M,range,1,0,Reacquire Wall,5628,0,0,0,0.0,0,0,0.0,0.0,89204,0,-1,0.8064268827438354,0.023430539295077324,-0.2201850265264511,0.20000000298023224,0.0,1206,314,1054,1747,2112,3.1671555042266846
2026-04-07T12:31:59.610,radio://0/80/2M,mission,1,0,Reacquire Wall,5628,0,0,0,0.0,0,0,0.0,0.0,89204,0,-1,0.804767906665802,0.023430539295077324,-0.2201850265264511,0.20000000298023224,0.0,1206,314,1054,1747,2112,3.1671555042266846
2026-04-07T12:31:59.613,radio://0/80/2M,flow,1,0,Reacquire Wall,5628,0,0,0,0.0,0,0,0.0,0.0,89454,0,-1,0.804767906665802,0.030270259827375412,-0.14268599450588226,0.20000000298023224,0.0,1206,314,1054,1747,2112,3.1671555042266846
2026-04-07T12:31:59.615,radio://0/80/2M,range,1,0,Reacquire Wall,5628,0,0,0,0.0,0,0,0.0,0.0,89454,0,-1,0.804767906665802,0.030270259827375412,-0.14268599450588226,0.20000000298023224,0.0,1181,320,1064,1781,2101,3.135483980178833
2026-04-07T12:31:59.861,radio://0/80/2M,mission,1,0,Reacquire Wall,5628,0,0,0,0.0,0,0,0.0,0.0,89454,0,-1,0.7962582111358643,0.030270259827375412,-0.14268599450588226,0.20000000298023224,0.0,1181,320,1064,1781,2101,3.135483980178833
2026-04-07T12:31:59.864,radio://0/80/2M,flow,1,0,Reacquire Wall,5628,0,0,0,0.0,0,0,0.0,0.0,89704,2,3,0.7962582111358643,0.050081152468919754,-0.12052488327026367,0.20000000298023224,0.0,1181,320,1064,1781,2101,3.135483980178833
2026-04-07T12:31:59.865,radio://0/80/2M,range,1,0,Reacquire Wall,5628,0,0,0,0.0,0,0,0.0,0.0,89704,2,3,0.7962582111358643,0.050081152468919754,-0.12052488327026367,0.20000000298023224,0.0,1149,315,1081,1834,2113,3.135483980178833
2026-04-07T12:32:00.110,radio://0/80/2M,mission,1,0,Reacquire Wall,5628,0,0,0,0.0,0,0,0.0,0.0,89704,2,3,0.797783374786377,0.050081152468919754,-0.12052488327026367,0.20000000298023224,0.0,1149,315,1081,1834,2113,3.135483980178833
2026-04-07T12:32:00.113,radio://0/80/2M,flow,1,0,Reacquire Wall,5628,0,0,0,0.0,0,0,0.0,0.0,89954,0,4,0.797783374786377,0.025858256965875626,-0.1161845251917839,0.20000000298023224,0.0,1149,315,1081,1834,2113,3.135483980178833
2026-04-07T12:32:00.114,radio://0/80/2M,range,1,0,Reacquire Wall,5628,0,0,0,0.0,0,0,0.0,0.0,89954,0,4,0.797783374786377,0.025858256965875626,-0.1161845251917839,0.20000000298023224,0.0,1107,326,1094,1868,2113,3.1565983295440674
2026-04-07T12:32:00.360,radio://0/80/2M,mission,1,0,Reacquire Wall,5628,0,0,0,0.0,0,0,0.0,0.0,89954,0,4,0.7967072129249573,0.025858256965875626,-0.1161845251917839,0.20000000298023224,0.0,1107,326,1094,1868,2113,3.1565983295440674
2026-04-07T12:32:00.363,radio://0/80/2M,flow,1,0,Reacquire Wall,5628,0,0,0,0.0,0,0,0.0,0.0,90204,-1,0,0.7967072129249573,0.04004058986902237,-0.1167602688074112,0.20000000298023224,0.0,1107,326,1094,1868,2113,3.1565983295440674
2026-04-07T12:32:00.364,radio://0/80/2M,range,1,0,Reacquire Wall,5628,0,0,0,0.0,0,0,0.0,0.0,90204,-1,0,0.7967072129249573,0.04004058986902237,-0.1167602688074112,0.20000000298023224,0.0,1037,3022,1114,1924,2121,3.1196482181549072
2026-04-07T12:32:00.609,radio://0/80/2M,mission,1,0,Reacquire Wall,5628,0,0,0,0.0,0,0,0.0,0.0,90204,-1,0,0.793502926826477,0.04004058986902237,-0.1167602688074112,0.20000000298023224,0.0,1037,3022,1114,1924,2121,3.1196482181549072
2026-04-07T12:32:00.613,radio://0/80/2M,flow,1,0,Reacquire Wall,5628,0,0,0,0.0,0,0,0.0,0.0,90454,0,0,0.793502926826477,0.030462060123682022,-0.09619346261024475,0.0,0.0,1037,3022,1114,1924,2121,3.1196482181549072
2026-04-07T12:32:00.614,radio://0/80/2M,range,1,0,Reacquire Wall,5628,0,0,0,0.0,0,0,0.0,0.0,90454,0,0,0.793502926826477,0.030462060123682022,-0.09619346261024475,0.0,0.0,978,3015,1134,1975,2117,3.124926805496216
2026-04-07T12:32:00.860,radio://0/80/2M,mission,1,0,Reacquire Wall,5628,0,0,0,0.0,0,0,0.0,0.0,90454,0,0,0.7950301170349121,0.030462060123682022,-0.09619346261024475,0.0,0.0,978,3015,1134,1975,2117,3.124926805496216
2026-04-07T12:32:00.863,radio://0/80/2M,flow,1,0,Reacquire Wall,5277,0,0,0,0.0,0,0,0.0,0.0,90704,8,-1,0.7950301170349121,0.0005695875152014196,-0.014714007265865803,0.0,0.0,978,3015,1134,1975,2117,3.124926805496216
2026-04-07T12:32:00.864,radio://0/80/2M,range,1,0,Reacquire Wall,5277,0,0,0,0.0,0,0,0.0,0.0,90704,8,-1,0.7950301170349121,0.0005695875152014196,-0.014714007265865803,0.0,0.0,883,2948,1165,2046,2108,3.135483980178833
2026-04-07T12:32:01.119,radio://0/80/2M,mission,1,0,Reacquire Wall,5277,0,0,0,0.0,0,0,0.0,0.0,90704,8,-1,0.8011684417724609,0.0005695875152014196,-0.014714007265865803,0.0,0.0,883,2948,1165,2046,2108,3.135483980178833
2026-04-07T12:32:01.125,radio://0/80/2M,flow,1,0,Reacquire Wall,5277,0,0,0,0.0,0,0,0.0,0.0,90954,0,1,0.8011684417724609,-0.005574874579906464,0.008958240039646626,0.0,0.0,883,2948,1165,2046,2108,3.135483980178833
2026-04-07T12:32:01.126,radio://0/80/2M,range,1,0,Reacquire Wall,5277,0,0,0,0.0,0,0,0.0,0.0,90954,0,1,0.8011684417724609,-0.005574874579906464,0.008958240039646626,0.0,0.0,827,2924,1188,2022,2108,3.14604115486145
2026-04-07T12:32:01.360,radio://0/80/2M,mission,1,0,Reacquire Wall,5277,0,0,0,0.0,0,0,0.0,0.0,90954,0,1,0.7982804775238037,-0.005574874579906464,0.008958240039646626,0.0,0.0,827,2924,1188,2022,2108,3.14604115486145
2026-04-07T12:32:01.363,radio://0/80/2M,flow,1,0,Reacquire Wall,5277,0,0,0,0.0,0,0,0.0,0.0,91204,3,2,0.7982804775238037,0.010275927372276783,0.01176002249121666,0.0,0.0,827,2924,1188,2022,2108,3.14604115486145
2026-04-07T12:32:01.366,radio://0/80/2M,range,1,0,Reacquire Wall,5277,0,0,0,0.0,0,0,0.0,0.0,91204,3,2,0.7982804775238037,0.010275927372276783,0.01176002249121666,0.0,0.0,746,2920,1241,32766,2109,3.1302053928375244
2026-04-07T12:32:01.609,radio://0/80/2M,mission,1,0,Reacquire Wall,5277,0,0,0,0.0,0,0,0.0,0.0,91204,3,2,0.7940347790718079,0.010275927372276783,0.01176002249121666,0.0,0.0,746,2920,1241,32766,2109,3.1302053928375244
2026-04-07T12:32:01.612,radio://0/80/2M,flow,1,0,Reacquire Wall,5277,0,0,0,0.0,0,0,0.0,0.0,91454,0,0,0.7940347790718079,0.007292244583368301,0.018882200121879578,0.0,0.0,746,2920,1241,32766,2109,3.1302053928375244
2026-04-07T12:32:01.613,radio://0/80/2M,range,1,0,Reacquire Wall,5277,0,0,0,0.0,0,0,0.0,0.0,91454,0,0,0.7940347790718079,0.007292244583368301,0.018882200121879578,0.0,0.0,697,2951,1293,32766,2111,3.0879766941070557
2026-04-07T12:32:01.859,radio://0/80/2M,mission,1,0,Reacquire Wall,5277,0,0,0,0.0,0,0,0.0,0.0,91454,0,0,0.7978107929229736,0.007292244583368301,0.018882200121879578,0.0,0.0,697,2951,1293,32766,2111,3.0879766941070557
2026-04-07T12:32:01.862,radio://0/80/2M,flow,1,0,Reacquire Wall,5277,0,0,0,0.0,0,0,0.0,0.0,91704,1,-4,0.7978107929229736,-0.0001159198145614937,-0.001779148238711059,0.0,0.0,697,2951,1293,32766,2111,3.0879766941070557
2026-04-07T12:32:01.863,radio://0/80/2M,range,1,0,Reacquire Wall,5277,0,0,0,0.0,0,0,0.0,0.0,91704,1,-4,0.7978107929229736,-0.0001159198145614937,-0.001779148238711059,0.0,0.0,638,2992,1403,32766,2107,3.0879766941070557
2026-04-07T12:32:02.109,radio://0/80/2M,mission,1,0,Reacquire Wall,5277,0,0,0,0.0,0,0,0.0,0.0,91704,1,-4,0.8091002106666565,-0.0001159198145614937,-0.001779148238711059,0.0,0.0,638,2992,1403,32766,2107,3.0879766941070557
2026-04-07T12:32:02.112,radio://0/80/2M,flow,1,0,Reacquire Wall,5277,0,0,0,0.0,0,0,0.0,0.0,91954,0,3,0.8091002106666565,0.004166572820395231,0.020044934004545212,0.0,0.0,638,2992,1403,32766,2107,3.0879766941070557
2026-04-07T12:32:02.113,radio://0/80/2M,range,1,0,Reacquire Wall,5277,0,0,0,0.0,0,0,0.0,0.0,91954,0,3,0.8091002106666565,0.004166572820395231,0.020044934004545212,0.0,0.0,602,32766,1480,32766,2097,3.161876916885376
2026-04-07T12:32:02.358,radio://0/80/2M,mission,1,0,Reacquire Wall,5277,0,0,0,0.0,0,0,0.0,0.0,91954,0,3,0.809552013874054,0.004166572820395231,0.020044934004545212,0.0,0.0,602,32766,1480,32766,2097,3.161876916885376
2026-04-07T12:32:02.361,radio://0/80/2M,flow,1,0,Reacquire Wall,5277,0,0,0,0.0,0,0,0.0,0.0,92204,-9,0,0.809552013874054,0.01006472297012806,-0.004274115432053804,0.0,0.0,602,32766,1480,32766,2097,3.161876916885376
2026-04-07T12:32:02.363,radio://0/80/2M,range,1,0,Reacquire Wall,5277,0,0,0,0.0,0,0,0.0,0.0,92204,-9,0,0.809552013874054,0.01006472297012806,-0.004274115432053804,0.0,0.0,565,32766,32766,32766,2093,3.14604115486145
2026-04-07T12:32:02.608,radio://0/80/2M,mission,1,0,Reacquire Wall,5277,0,0,0,0.0,0,0,0.0,0.0,92204,-9,0,0.8057785034179688,0.01006472297012806,-0.004274115432053804,0.0,0.0,565,32766,32766,32766,2093,3.14604115486145
2026-04-07T12:32:02.611,radio://0/80/2M,flow,1,0,Reacquire Wall,5277,0,0,0,0.0,0,0,0.0,0.0,92454,2,0,0.8057785034179688,0.00651129987090826,0.005554319359362125,0.0,0.0,565,32766,32766,32766,2093,3.14604115486145
2026-04-07T12:32:02.612,radio://0/80/2M,range,1,0,Reacquire Wall,5277,0,0,0,0.0,0,0,0.0,0.0,92454,2,0,0.8057785034179688,0.00651129987090826,0.005554319359362125,0.0,0.0,554,453,32766,32766,2107,3.151319742202759
2026-04-07T12:32:02.859,radio://0/80/2M,mission,1,0,Reacquire Wall,5277,0,0,0,0.0,0,0,0.0,0.0,92454,2,0,0.7965394854545593,0.00651129987090826,0.005554319359362125,0.0,0.0,554,453,32766,32766,2107,3.151319742202759
2026-04-07T12:32:02.861,radio://0/80/2M,flow,1,0,Reacquire Wall,5277,0,0,0,0.0,0,0,0.0,0.0,92704,-1,0,0.7965394854545593,-0.008814898319542408,0.006177671253681183,0.0,0.0,554,453,32766,32766,2107,3.151319742202759
2026-04-07T12:32:02.862,radio://0/80/2M,range,1,0,Reacquire Wall,5277,0,0,0,0.0,0,0,0.0,0.0,92704,-1,0,0.7965394854545593,-0.008814898319542408,0.006177671253681183,0.0,0.0,517,373,32766,32766,2107,3.1407625675201416
2026-04-07T12:32:03.108,radio://0/80/2M,mission,1,0,Reacquire Wall,5277,0,0,0,0.0,0,0,0.0,0.0,92704,-1,0,0.7966741919517517,-0.008814898319542408,0.006177671253681183,0.0,0.0,517,373,32766,32766,2107,3.1407625675201416
2026-04-07T12:32:03.112,radio://0/80/2M,flow,1,0,Reacquire Wall,5277,0,0,0,0.0,0,0,0.0,0.0,92954,0,2,0.7966741919517517,-0.0021485481411218643,0.004380709491670132,0.0,0.0,517,373,32766,32766,2107,3.1407625675201416
2026-04-07T12:32:03.113,radio://0/80/2M,range,1,0,Reacquire Wall,5277,0,0,0,0.0,0,0,0.0,0.0,92954,0,2,0.7966741919517517,-0.0021485481411218643,0.004380709491670132,0.0,0.0,485,336,32766,3278,2111,3.10909104347229
2026-04-07T12:32:03.358,radio://0/80/2M,mission,1,0,Reacquire Wall,5277,0,0,0,0.0,0,0,0.0,0.0,92954,0,2,0.7994198203086853,-0.0021485481411218643,0.004380709491670132,0.0,0.0,485,336,32766,3278,2111,3.10909104347229
2026-04-07T12:32:03.360,radio://0/80/2M,flow,1,0,Reacquire Wall,5277,0,0,0,0.0,0,0,0.0,0.0,93204,1,0,0.7994198203086853,0.011354168877005577,-0.006018783897161484,0.0,0.0,485,336,32766,3278,2111,3.10909104347229
2026-04-07T12:32:03.362,radio://0/80/2M,range,1,0,Reacquire Wall,5277,0,0,0,0.0,0,0,0.0,0.0,93204,1,0,0.7994198203086853,0.011354168877005577,-0.006018783897161484,0.0,0.0,437,301,32766,32766,2113,3.0932552814483643
2026-04-07T12:32:03.607,radio://0/80/2M,mission,1,0,Reacquire Wall,5277,0,0,0,0.0,0,0,0.0,0.0,93204,1,0,0.8001787066459656,0.011354168877005577,-0.006018783897161484,0.0,0.0,437,301,32766,32766,2113,3.0932552814483643
2026-04-07T12:32:03.610,radio://0/80/2M,flow,1,0,Reacquire Wall,5277,0,0,0,0.0,0,0,0.0,0.0,93454,-3,4,0.8001787066459656,0.028151120990514755,0.01931031048297882,0.0,0.0,437,301,32766,32766,2113,3.0932552814483643
2026-04-07T12:32:03.611,radio://0/80/2M,range,1,0,Reacquire Wall,5277,0,0,0,0.0,0,0,0.0,0.0,93454,-3,4,0.8001787066459656,0.028151120990514755,0.01931031048297882,0.0,0.0,414,289,32766,32766,2100,3.10909104347229
2026-04-07T12:32:03.856,radio://0/80/2M,mission,1,5,Transition,5277,0,0,0,0.0,0,0,0.0,0.0,93454,-3,4,0.8062034845352173,0.028151120990514755,0.01931031048297882,0.0,0.0,414,289,32766,32766,2100,3.10909104347229
2026-04-07T12:32:03.861,radio://0/80/2M,flow,1,5,Transition,5277,0,0,0,0.0,0,0,0.0,0.0,93704,0,0,0.8062034845352173,0.02516975998878479,0.01281711645424366,0.0,0.0,414,289,32766,32766,2100,3.10909104347229
2026-04-07T12:32:03.862,radio://0/80/2M,range,1,5,Transition,5277,0,0,0,0.0,0,0,0.0,0.0,93704,0,0,0.8062034845352173,0.02516975998878479,0.01281711645424366,0.0,0.0,449,275,32766,3121,2103,3.10909104347229
2026-04-07T12:32:04.107,radio://0/80/2M,mission,1,2,Scan,5277,0,0,0,0.0,0,0,0.0,0.0,93704,0,0,0.8057844638824463,0.02516975998878479,0.01281711645424366,0.0,0.0,449,275,32766,3121,2103,3.10909104347229
2026-04-07T12:32:04.110,radio://0/80/2M,flow,1,2,Scan,5277,0,0,0,0.0,0,0,0.0,0.0,93954,3,-8,0.8057844638824463,0.0014246036298573017,-0.031441330909729004,0.0,-0.0063333408907055855,449,275,32766,3121,2103,3.10909104347229
2026-04-07T12:32:04.111,radio://0/80/2M,range,1,2,Scan,5277,0,0,0,0.0,0,0,0.0,0.0,93954,3,-8,0.8057844638824463,0.0014246036298573017,-0.031441330909729004,0.0,-0.0063333408907055855,499,281,2972,3070,2102,3.1302053928375244
2026-04-07T12:32:04.357,radio://0/80/2M,mission,1,2,Scan,5277,0,0,0,0.0,0,0,0.0,0.0,93954,3,-8,0.8030550479888916,0.0014246036298573017,-0.031441330909729004,0.0,-0.0063333408907055855,499,281,2972,3070,2102,3.1302053928375244
2026-04-07T12:32:04.360,radio://0/80/2M,flow,1,2,Scan,5277,0,0,0,0.0,0,0,0.0,0.0,94204,-6,0,0.8030550479888916,0.016835922375321388,-0.04446101188659668,0.0,-0.0036666688974946737,499,281,2972,3070,2102,3.1302053928375244
2026-04-07T12:32:04.361,radio://0/80/2M,range,1,2,Scan,5277,0,0,0,0.0,0,0,0.0,0.0,94204,-6,0,0.8030550479888916,0.016835922375321388,-0.04446101188659668,0.0,-0.0036666688974946737,519,289,32766,3071,2099,3.1565983295440674
2026-04-07T12:32:04.607,radio://0/80/2M,mission,1,2,Scan,5277,0,0,0,0.0,0,0,0.0,0.0,94204,-6,0,0.7985967397689819,0.016835922375321388,-0.04446101188659668,0.0,-0.0036666688974946737,519,289,32766,3071,2099,3.1565983295440674
2026-04-07T12:32:04.610,radio://0/80/2M,flow,1,2,Scan,5277,0,0,0,0.0,0,0,0.0,0.0,94454,1,-3,0.7985967397689819,0.01424852292984724,-0.011911090463399887,0.0,0.0,519,289,32766,3071,2099,3.1565983295440674
2026-04-07T12:32:04.612,radio://0/80/2M,range,1,2,Scan,5277,0,0,0,0.0,0,0,0.0,0.0,94454,1,-3,0.7985967397689819,0.01424852292984724,-0.011911090463399887,0.0,0.0,463,313,32766,32766,2106,3.0879766941070557
2026-04-07T12:32:04.856,radio://0/80/2M,mission,1,2,Scan,5277,0,0,0,0.0,0,0,0.0,0.0,94454,1,-3,0.7986353635787964,0.01424852292984724,-0.011911090463399887,0.0,0.0,463,313,32766,32766,2106,3.0879766941070557
2026-04-07T12:32:04.859,radio://0/80/2M,flow,1,2,Scan,5277,0,0,0,0.0,0,0,0.0,0.0,94704,0,3,0.7986353635787964,0.031141458079218864,0.012297227047383785,0.0,0.0,463,313,32766,32766,2106,3.0879766941070557
2026-04-07T12:32:04.860,radio://0/80/2M,range,1,2,Scan,5277,0,0,0,0.0,0,0,0.0,0.0,94704,0,3,0.7986353635787964,0.031141458079218864,0.012297227047383785,0.0,0.0,368,2807,1590,32766,2108,3.1196482181549072
2026-04-07T12:32:05.106,radio://0/80/2M,mission,1,2,Scan,5277,0,0,0,0.0,0,0,0.0,0.0,94704,0,3,0.8023784160614014,0.031141458079218864,0.012297227047383785,0.0,0.0,368,2807,1590,32766,2108,3.1196482181549072
2026-04-07T12:32:05.109,radio://0/80/2M,flow,1,2,Scan,5277,0,0,0,0.0,0,0,0.0,0.0,94954,-8,-3,0.8023784160614014,0.003193905344232917,-0.006289263255894184,0.0,0.0,368,2807,1590,32766,2108,3.1196482181549072
2026-04-07T12:32:05.110,radio://0/80/2M,range,1,2,Scan,5277,0,0,0,0.0,0,0,0.0,0.0,94954,-8,-3,0.8023784160614014,0.003193905344232917,-0.006289263255894184,0.0,0.0,353,2644,1695,32766,2107,3.10909104347229
2026-04-07T12:32:05.356,radio://0/80/2M,mission,1,2,Scan,5277,0,0,0,0.0,0,0,0.0,0.0,94954,-8,-3,0.8002633452415466,0.003193905344232917,-0.006289263255894184,0.0,0.0,353,2644,1695,32766,2107,3.10909104347229
2026-04-07T12:32:05.359,radio://0/80/2M,flow,1,2,Scan,5277,0,0,0,0.0,0,0,0.0,0.0,95204,0,1,0.8002633452415466,0.013180185109376907,0.015921128913760185,0.0,0.0,353,2644,1695,32766,2107,3.10909104347229
2026-04-07T12:32:05.361,radio://0/80/2M,range,1,2,Scan,5277,0,0,0,0.0,0,0,0.0,0.0,95204,0,1,0.8002633452415466,0.013180185109376907,0.015921128913760185,0.0,0.0,329,2719,1648,32766,2102,3.07214093208313
2026-04-07T12:32:05.606,radio://0/80/2M,mission,1,2,Scan,5277,0,0,0,0.0,0,0,0.0,0.0,95204,0,1,0.7997880578041077,0.013180185109376907,0.015921128913760185,0.0,0.0,329,2719,1648,32766,2102,3.07214093208313
2026-04-07T12:32:05.609,radio://0/80/2M,flow,1,2,Scan,5277,0,0,0,0.0,0,0,0.0,0.0,95454,4,0,0.7997880578041077,0.0025103678926825523,0.0025395266711711884,0.0,0.0,329,2719,1648,32766,2102,3.07214093208313
2026-04-07T12:32:05.610,radio://0/80/2M,range,1,2,Scan,5277,0,0,0,0.0,0,0,0.0,0.0,95454,4,0,0.7997880578041077,0.0025103678926825523,0.0025395266711711884,0.0,0.0,321,2692,1593,32766,2098,3.124926805496216
2026-04-07T12:32:05.855,radio://0/80/2M,mission,1,2,Scan,5277,0,0,0,0.0,0,0,0.0,0.0,95454,4,0,0.8048023581504822,0.0025103678926825523,0.0025395266711711884,0.0,0.0,321,2692,1593,32766,2098,3.124926805496216
2026-04-07T12:32:05.859,radio://0/80/2M,flow,1,2,Scan,5277,0,0,0,0.0,0,0,0.0,0.0,95704,5,4,0.8048023581504822,-0.009382429532706738,0.022685574367642403,0.0,0.0,321,2692,1593,32766,2098,3.124926805496216
2026-04-07T12:32:05.860,radio://0/80/2M,range,1,2,Scan,5277,0,0,0,0.0,0,0,0.0,0.0,95704,5,4,0.8048023581504822,-0.009382429532706738,0.022685574367642403,0.0,0.0,303,2600,1573,850,2108,3.1565983295440674
2026-04-07T12:32:06.105,radio://0/80/2M,mission,1,2,Scan,5277,0,0,0,0.0,0,0,0.0,0.0,95704,5,4,0.7989142537117004,-0.009382429532706738,0.022685574367642403,0.0,0.0,303,2600,1573,850,2108,3.1565983295440674
2026-04-07T12:32:06.108,radio://0/80/2M,flow,1,2,Scan,5277,0,0,0,0.0,0,0,0.0,0.0,95954,0,0,0.7989142537117004,-0.012928730808198452,0.01389314979314804,-0.0023333330173045397,0.0,303,2600,1573,850,2108,3.1565983295440674
2026-04-07T12:32:06.109,radio://0/80/2M,range,1,2,Scan,5277,0,0,0,0.0,0,0,0.0,0.0,95954,0,0,0.7989142537117004,-0.012928730808198452,0.01389314979314804,-0.0023333330173045397,0.0,293,2595,1556,843,2107,3.14604115486145
2026-04-07T12:32:06.356,radio://0/80/2M,mission,1,2,Scan,5277,0,0,0,0.0,0,0,0.0,0.0,95954,0,0,0.7875041365623474,-0.012928730808198452,0.01389314979314804,-0.0023333330173045397,0.0,293,2595,1556,843,2107,3.14604115486145
2026-04-07T12:32:06.359,radio://0/80/2M,flow,1,2,Scan,5277,0,0,0,0.0,0,0,0.0,0.0,96204,0,0,0.7875041365623474,-0.0021988030057400465,0.012157903052866459,-0.009333332069218159,0.0,293,2595,1556,843,2107,3.14604115486145
2026-04-07T12:32:06.361,radio://0/80/2M,range,1,2,Scan,5277,0,0,0,0.0,0,0,0.0,0.0,96204,0,0,0.7875041365623474,-0.0021988030057400465,0.012157903052866459,-0.009333332069218159,0.0,272,2728,32766,2697,2117,3.1407625675201416
2026-04-07T12:32:06.606,radio://0/80/2M,mission,1,2,Scan,5277,0,0,0,0.0,0,0,0.0,0.0,96204,0,0,0.7945531606674194,-0.0021988030057400465,0.012157903052866459,-0.009333332069218159,0.0,272,2728,32766,2697,2117,3.1407625675201416
2026-04-07T12:32:06.608,radio://0/80/2M,flow,1,2,Scan,5277,0,0,0,0.0,0,0,0.0,0.0,96454,2,0,0.7945531606674194,-0.0538301058113575,0.005828052759170532,-0.013000001199543476,0.0,272,2728,32766,2697,2117,3.1407625675201416
2026-04-07T12:32:06.609,radio://0/80/2M,range,1,2,Scan,5277,0,0,0,0.0,0,0,0.0,0.0,96454,2,0,0.7945531606674194,-0.0538301058113575,0.005828052759170532,-0.013000001199543476,0.0,261,2912,564,2935,2111,3.172434091567993
2026-04-07T12:32:06.855,radio://0/80/2M,mission,1,2,Scan,5277,0,0,0,0.0,0,0,0.0,0.0,96454,2,0,0.7976021766662598,-0.0538301058113575,0.005828052759170532,-0.013000001199543476,0.0,261,2912,564,2935,2111,3.172434091567993
2026-04-07T12:32:06.858,radio://0/80/2M,flow,1,2,Scan,5277,0,0,0,0.0,0,0,0.0,0.0,96704,-3,-3,0.7976021766662598,-0.007067294791340828,0.05031205713748932,-0.020666668191552162,0.0,261,2912,564,2935,2111,3.172434091567993
2026-04-07T12:32:06.859,radio://0/80/2M,range,1,2,Scan,5277,0,0,0,0.0,0,0,0.0,0.0,96704,-3,-3,0.7976021766662598,-0.007067294791340828,0.05031205713748932,-0.020666668191552162,0.0,238,32766,334,32766,2113,3.1777126789093018
2026-04-07T12:32:07.105,radio://0/80/2M,mission,1,2,Scan,5277,0,0,0,0.0,0,0,0.0,0.0,96704,-3,-3,0.7949586510658264,-0.007067294791340828,0.05031205713748932,-0.020666668191552162,0.0,238,32766,334,32766,2113,3.1777126789093018
2026-04-07T12:32:07.108,radio://0/80/2M,flow,1,2,Scan,5277,0,0,0,0.0,0,0,0.0,0.0,96954,0,0,0.7949586510658264,-0.026356881484389305,0.06348623335361481,-0.024666670709848404,0.020333338528871536,238,32766,334,32766,2113,3.1777126789093018
2026-04-07T12:32:07.109,radio://0/80/2M,range,1,2,Scan,5277,0,0,0,0.0,0,0,0.0,0.0,96954,0,0,0.7949586510658264,-0.026356881484389305,0.06348623335361481,-0.024666670709848404,0.020333338528871536,226,32766,239,1278,2111,3.1777126789093018
2026-04-07T12:32:07.353,radio://0/80/2M,mission,1,2,Scan,5277,0,0,0,0.0,0,0,0.0,0.0,96954,0,0,0.7907326817512512,-0.026356881484389305,0.06348623335361481,-0.024666670709848404,0.020333338528871536,226,32766,239,1278,2111,3.1777126789093018
2026-04-07T12:32:07.358,radio://0/80/2M,flow,1,2,Scan,4948,0,0,0,0.0,0,0,0.0,0.0,97204,3,4,0.7907326817512512,-0.009275775402784348,0.042886193841695786,0.0,0.05166666954755783,226,32766,239,1278,2111,3.1777126789093018
2026-04-07T12:32:07.359,radio://0/80/2M,range,1,2,Scan,4948,0,0,0,0.0,0,0,0.0,0.0,97204,3,4,0.7907326817512512,-0.009275775402784348,0.042886193841695786,0.0,0.05166666954755783,2402,32766,145,1800,2107,3.1671555042266846
2026-04-07T12:32:07.604,radio://0/80/2M,mission,1,2,Scan,4948,0,0,0,0.0,0,0,0.0,0.0,97204,3,4,0.7874995470046997,-0.009275775402784348,0.042886193841695786,0.0,0.05166666954755783,2402,32766,145,1800,2107,3.1671555042266846
2026-04-07T12:32:07.607,radio://0/80/2M,flow,1,2,Scan,4948,0,0,0,0.0,0,0,0.0,0.0,97454,2,-2,0.7874995470046997,0.02374485321342945,0.04283389449119568,0.0,0.06599999964237213,2402,32766,145,1800,2107,3.1671555042266846
2026-04-07T12:32:07.608,radio://0/80/2M,range,1,2,Scan,4948,0,0,0,0.0,0,0,0.0,0.0,97454,2,-2,0.7874995470046997,0.02374485321342945,0.04283389449119568,0.0,0.06599999964237213,2311,32766,102,1888,2100,3.1565983295440674
2026-04-07T12:32:07.855,radio://0/80/2M,mission,1,2,Scan,4948,0,0,0,0.0,0,0,0.0,0.0,97454,2,-2,0.8196408748626709,0.02374485321342945,0.04283389449119568,0.0,0.06599999964237213,2311,32766,102,1888,2100,3.1565983295440674
2026-04-07T12:32:07.858,radio://0/80/2M,flow,1,2,Scan,4948,0,0,0,0.0,0,0,0.0,0.0,97704,0,0,0.8196408748626709,0.06577112525701523,-0.019563747569918633,0.0,0.0,2311,32766,102,1888,2100,3.1565983295440674
2026-04-07T12:32:07.859,radio://0/80/2M,range,1,2,Scan,4948,0,0,0,0.0,0,0,0.0,0.0,97704,0,0,0.8196408748626709,0.06577112525701523,-0.019563747569918633,0.0,0.0,2340,32766,32766,2020,2093,3.214662790298462
2026-04-07T12:32:08.104,radio://0/80/2M,mission,1,2,Scan,4948,0,0,0,0.0,0,0,0.0,0.0,97704,0,0,0.803352415561676,0.06577112525701523,-0.019563747569918633,0.0,0.0,2340,32766,32766,2020,2093,3.214662790298462
2026-04-07T12:32:08.107,radio://0/80/2M,flow,1,2,Scan,4639,0,0,0,0.0,0,0,0.0,0.0,97954,0,-13,0.803352415561676,0.1787499189376831,0.07789308577775955,0.0,0.0,2340,32766,32766,2020,2093,3.214662790298462
2026-04-07T12:32:08.108,radio://0/80/2M,range,1,2,Scan,4639,0,0,0,0.0,0,0,0.0,0.0,97954,0,-13,0.803352415561676,0.1787499189376831,0.07789308577775955,0.0,0.0,2170,32766,1510,2099,2099,3.151319742202759
2026-04-07T12:32:08.354,radio://0/80/2M,mission,1,2,Scan,4639,0,0,0,0.0,0,0,0.0,0.0,97954,0,-13,0.795405387878418,0.1787499189376831,0.07789308577775955,0.0,0.0,2170,32766,1510,2099,2099,3.151319742202759
2026-04-07T12:32:08.357,radio://0/80/2M,flow,1,2,Scan,3825,0,0,0,0.0,0,0,0.0,0.0,98204,0,-1,0.795405387878418,-0.06358564645051956,0.11527525633573532,0.0,0.0,2170,32766,1510,2099,2099,3.151319742202759
2026-04-07T12:32:08.358,radio://0/80/2M,range,1,2,Scan,3825,0,0,0,0.0,0,0,0.0,0.0,98204,0,-1,0.795405387878418,-0.06358564645051956,0.11527525633573532,0.0,0.0,1942,32766,1489,471,2147,3.0932552814483643
2026-04-07T12:32:08.603,radio://0/80/2M,mission,1,2,Scan,3825,0,0,0,0.0,0,0,0.0,0.0,98204,0,-1,0.7908856868743896,-0.06358564645051956,0.11527525633573532,0.0,0.0,1942,32766,1489,471,2147,3.0932552814483643
2026-04-07T12:32:08.606,radio://0/80/2M,flow,1,2,Scan,3586,0,0,0,0.0,0,0,0.0,0.0,98454,-2,0,0.7908856868743896,-0.3307228684425354,0.12411538511514664,0.0,0.0,1942,32766,1489,471,2147,3.0932552814483643
2026-04-07T12:32:08.608,radio://0/80/2M,range,1,2,Scan,3586,0,0,0,0.0,0,0,0.0,0.0,98454,-2,0,0.7908856868743896,-0.3307228684425354,0.12411538511514664,0.0,0.0,1894,32766,1549,505,2157,3.1407625675201416
2026-04-07T12:32:08.855,radio://0/80/2M,mission,1,2,Scan,3586,0,0,0,0.0,0,0,0.0,0.0,98454,-2,0,0.7789531946182251,-0.3307228684425354,0.12411538511514664,0.0,0.0,1894,32766,1549,505,2157,3.1407625675201416
2026-04-07T12:32:08.917,radio://0/80/2M,flow,1,2,Scan,3586,0,0,0,0.0,0,0,0.0,0.0,98704,-2,1,0.7789531946182251,-0.47960007190704346,0.031180530786514282,0.0,0.0,1894,32766,1549,505,2157,3.1407625675201416
2026-04-07T12:32:08.920,radio://0/80/2M,range,1,2,Scan,3586,0,0,0,0.0,0,0,0.0,0.0,98704,-2,1,0.7789531946182251,-0.47960007190704346,0.031180530786514282,0.0,0.0,1964,1141,1977,537,2152,3.1565983295440674
2026-04-07T12:32:09.102,radio://0/80/2M,mission,1,2,Scan,3586,0,0,0,0.0,0,0,0.0,0.0,98704,-2,1,0.7872271537780762,-0.47960007190704346,0.031180530786514282,0.0,0.0,1964,1141,1977,537,2152,3.1565983295440674
2026-04-07T12:32:09.106,radio://0/80/2M,flow,1,2,Scan,4048,0,0,0,0.0,0,0,0.0,0.0,98954,1,1,0.7872271537780762,-0.44424551725387573,-0.015421571210026741,0.0,0.0,1964,1141,1977,537,2152,3.1565983295440674
2026-04-07T12:32:09.107,radio://0/80/2M,range,1,2,Scan,4048,0,0,0,0.0,0,0,0.0,0.0,98954,1,1,0.7872271537780762,-0.44424551725387573,-0.015421571210026741,0.0,0.0,2105,1239,2142,1759,2130,3.1777126789093018
2026-04-07T12:32:09.353,radio://0/80/2M,mission,1,2,Scan,4048,0,0,0,0.0,0,0,0.0,0.0,98954,1,1,0.8112413883209229,-0.44424551725387573,-0.015421571210026741,0.0,0.0,2105,1239,2142,1759,2130,3.1777126789093018
2026-04-07T12:32:09.355,radio://0/80/2M,flow,1,2,Scan,4569,0,0,0,0.0,0,0,0.0,0.0,99204,2,0,0.8112413883209229,-0.3516840934753418,-0.058688465505838394,0.0,0.0,2105,1239,2142,1759,2130,3.1777126789093018
2026-04-07T12:32:09.357,radio://0/80/2M,range,1,2,Scan,4569,0,0,0,0.0,0,0,0.0,0.0,99204,2,0,0.8112413883209229,-0.3516840934753418,-0.058688465505838394,0.0,0.0,2448,32766,2364,32766,2101,3.1935484409332275
2026-04-07T12:32:09.602,radio://0/80/2M,mission,1,2,Scan,4569,0,0,0,0.0,0,0,0.0,0.0,99204,2,0,0.816356897354126,-0.3516840934753418,-0.058688465505838394,0.0,0.0,2448,32766,2364,32766,2101,3.1935484409332275
2026-04-07T12:32:09.606,radio://0/80/2M,flow,1,2,Scan,4569,0,0,0,0.0,0,0,0.0,0.0,99454,0,-4,0.816356897354126,-0.1677045375108719,0.03888872638344765,0.0,0.0,2448,32766,2364,32766,2101,3.1935484409332275
2026-04-07T12:32:09.607,radio://0/80/2M,range,1,2,Scan,4569,0,0,0,0.0,0,0,0.0,0.0,99454,0,-4,0.816356897354126,-0.1677045375108719,0.03888872638344765,0.0,0.0,2636,32766,32766,32766,2095,3.1777126789093018
2026-04-07T12:32:09.852,radio://0/80/2M,mission,1,2,Scan,4569,0,0,0,0.0,0,0,0.0,0.0,99454,0,-4,0.8142493367195129,-0.1677045375108719,0.03888872638344765,0.0,0.0,2636,32766,32766,32766,2095,3.1777126789093018
2026-04-07T12:32:09.856,radio://0/80/2M,flow,1,2,Scan,3766,0,0,0,0.0,0,0,0.0,0.0,99704,0,-2,0.8142493367195129,-0.20350003242492676,0.09477309882640839,0.0,0.0,2636,32766,32766,32766,2095,3.1777126789093018
2026-04-07T12:32:09.857,radio://0/80/2M,range,1,2,Scan,3766,0,0,0,0.0,0,0,0.0,0.0,99704,0,-2,0.8142493367195129,-0.20350003242492676,0.09477309882640839,0.0,0.0,32766,32766,2200,2568,2108,3.172434091567993
2026-04-07T12:32:10.102,radio://0/80/2M,mission,1,2,Scan,3766,0,0,0,0.0,0,0,0.0,0.0,99704,0,-2,0.7974121570587158,-0.20350003242492676,0.09477309882640839,0.0,0.0,32766,32766,2200,2568,2108,3.172434091567993
2026-04-07T12:32:10.105,radio://0/80/2M,flow,1,2,Scan,3531,0,0,0,0.0,0,0,0.0,0.0,99954,-3,0,0.7974121570587158,-0.3241804242134094,0.00440706592053175,0.0,0.0,32766,32766,2200,2568,2108,3.172434091567993
2026-04-07T12:32:10.106,radio://0/80/2M,range,1,2,Scan,3531,0,0,0,0.0,0,0,0.0,0.0,99954,-3,0,0.7974121570587158,-0.3241804242134094,0.00440706592053175,0.0,0.0,32766,32766,2101,2623,2129,3.1565983295440674
2026-04-07T12:32:10.352,radio://0/80/2M,mission,1,2,Scan,3531,0,0,0,0.0,0,0,0.0,0.0,99954,-3,0,0.78119295835495,-0.3241804242134094,0.00440706592053175,0.0,0.0,32766,32766,2101,2623,2129,3.1565983295440674
2026-04-07T12:32:10.355,radio://0/80/2M,flow,1,2,Scan,3751,0,0,0,0.0,0,0,0.0,0.0,100204,-1,1,0.78119295835495,-0.3685956299304962,-0.09909408539533615,0.0,0.0,32766,32766,2101,2623,2129,3.1565983295440674
2026-04-07T12:32:10.356,radio://0/80/2M,range,1,2,Scan,3751,0,0,0,0.0,0,0,0.0,0.0,100204,-1,1,0.78119295835495,-0.3685956299304962,-0.09909408539533615,0.0,0.0,32766,2223,2023,2528,2134,3.151319742202759
2026-04-07T12:32:10.602,radio://0/80/2M,mission,1,2,Scan,3751,0,0,0,0.0,0,0,0.0,0.0,100204,-1,1,0.7929121255874634,-0.3685956299304962,-0.09909408539533615,0.0,0.0,32766,2223,2023,2528,2134,3.151319742202759
2026-04-07T12:32:10.604,radio://0/80/2M,flow,1,2,Scan,4779,0,0,0,0.0,0,0,0.0,0.0,100454,-5,0,0.7929121255874634,-0.29185861349105835,-0.1262318193912506,0.0,0.0,32766,2223,2023,2528,2134,3.151319742202759
2026-04-07T12:32:10.606,radio://0/80/2M,range,1,2,Scan,4779,0,0,0,0.0,0,0,0.0,0.0,100454,-5,0,0.7929121255874634,-0.29185861349105835,-0.1262318193912506,0.0,0.0,32766,2152,2002,1553,2129,3.188269853591919
2026-04-07T12:32:10.852,radio://0/80/2M,mission,1,2,Scan,4779,0,0,0,0.0,0,0,0.0,0.0,100454,-5,0,0.8077481985092163,-0.29185861349105835,-0.1262318193912506,0.0,0.0,32766,2152,2002,1553,2129,3.188269853591919
2026-04-07T12:32:10.855,radio://0/80/2M,flow,1,2,Scan,4779,0,0,0,0.0,0,0,0.0,0.0,100704,0,0,0.8077481985092163,-0.1775418519973755,-0.09579291194677353,0.0,0.0,32766,2152,2002,1553,2129,3.188269853591919
2026-04-07T12:32:10.856,radio://0/80/2M,range,1,2,Scan,4779,0,0,0,0.0,0,0,0.0,0.0,100704,0,0,0.8077481985092163,-0.1775418519973755,-0.09579291194677353,0.0,0.0,1120,32766,2038,1521,2097,3.198827028274536
2026-04-07T12:32:11.102,radio://0/80/2M,mission,1,2,Scan,4779,0,0,0,0.0,0,0,0.0,0.0,100704,0,0,0.8053677082061768,-0.1775418519973755,-0.09579291194677353,0.0,0.0,1120,32766,2038,1521,2097,3.198827028274536
2026-04-07T12:32:11.105,radio://0/80/2M,flow,1,2,Scan,4779,0,0,0,0.0,0,0,0.0,0.0,100954,-2,0,0.8053677082061768,-0.08733956515789032,-0.09423045068979263,0.0,-0.009999999776482582,1120,32766,2038,1521,2097,3.198827028274536
2026-04-07T12:32:11.106,radio://0/80/2M,range,1,2,Scan,4779,0,0,0,0.0,0,0,0.0,0.0,100954,-2,0,0.8053677082061768,-0.08733956515789032,-0.09423045068979263,0.0,-0.009999999776482582,1129,270,2094,2040,2099,3.1777126789093018
2026-04-07T12:32:11.351,radio://0/80/2M,mission,1,2,Scan,4779,0,0,0,0.0,0,0,0.0,0.0,100954,-2,0,0.7994080781936646,-0.08733956515789032,-0.09423045068979263,0.0,-0.009999999776482582,1129,270,2094,2040,2099,3.1777126789093018
2026-04-07T12:32:11.355,radio://0/80/2M,flow,1,2,Scan,5077,0,0,0,0.0,0,0,0.0,0.0,101204,-3,0,0.7994080781936646,-0.06675948202610016,-0.07549373060464859,0.0,0.0,1129,270,2094,2040,2099,3.1777126789093018
2026-04-07T12:32:11.357,radio://0/80/2M,range,1,2,Scan,5077,0,0,0,0.0,0,0,0.0,0.0,101204,-3,0,0.7994080781936646,-0.06675948202610016,-0.07549373060464859,0.0,0.0,1214,32766,2252,2028,2109,3.1829912662506104
2026-04-07T12:32:11.600,radio://0/80/2M,mission,1,2,Scan,5077,0,0,0,0.0,0,0,0.0,0.0,101204,-3,0,0.7975029945373535,-0.06675948202610016,-0.07549373060464859,0.0,0.0,1214,32766,2252,2028,2109,3.1829912662506104
2026-04-07T12:32:11.604,radio://0/80/2M,flow,1,2,Scan,5077,0,0,0,0.0,0,0,0.0,0.0,101454,-2,0,0.7975029945373535,-0.0042077465914189816,-0.054415013641119,0.0,0.0,1214,32766,2252,2028,2109,3.1829912662506104
2026-04-07T12:32:11.605,radio://0/80/2M,range,1,2,Scan,5077,0,0,0,0.0,0,0,0.0,0.0,101454,-2,0,0.7975029945373535,-0.0042077465914189816,-0.054415013641119,0.0,0.0,1464,1428,2366,2234,2110,3.1777126789093018
2026-04-07T12:32:11.851,radio://0/80/2M,mission,1,2,Scan,5077,0,0,0,0.0,0,0,0.0,0.0,101454,-2,0,0.8049827814102173,-0.0042077465914189816,-0.054415013641119,0.0,0.0,1464,1428,2366,2234,2110,3.1777126789093018
2026-04-07T12:32:11.854,radio://0/80/2M,flow,1,2,Scan,5077,0,0,0,0.0,0,0,0.0,0.0,101704,-2,6,0.8049827814102173,0.013270705938339233,-0.03014424815773964,0.0,0.0,1464,1428,2366,2234,2110,3.1777126789093018
2026-04-07T12:32:11.855,radio://0/80/2M,range,1,2,Scan,5077,0,0,0,0.0,0,0,0.0,0.0,101704,-2,6,0.8049827814102173,0.013270705938339233,-0.03014424815773964,0.0,0.0,32766,1501,2651,32766,2114,3.188269853591919
2026-04-07T12:32:12.101,radio://0/80/2M,mission,1,2,Scan,5077,0,0,0,0.0,0,0,0.0,0.0,101704,-2,6,0.8050495982170105,0.013270705938339233,-0.03014424815773964,0.0,0.0,32766,1501,2651,32766,2114,3.188269853591919
2026-04-07T12:32:12.103,radio://0/80/2M,flow,1,2,Scan,5077,0,0,0,0.0,0,0,0.0,0.0,101954,2,2,0.8050495982170105,0.01679537072777748,-0.036893539130687714,0.0,0.0,32766,1501,2651,32766,2114,3.188269853591919
2026-04-07T12:32:12.104,radio://0/80/2M,range,1,2,Scan,5077,0,0,0,0.0,0,0,0.0,0.0,101954,2,2,0.8050495982170105,0.01679537072777748,-0.036893539130687714,0.0,0.0,32766,32766,32766,2635,2101,3.1777126789093018
2026-04-07T12:32:12.350,radio://0/80/2M,mission,1,2,Scan,5077,0,0,0,0.0,0,0,0.0,0.0,101954,2,2,0.7992013692855835,0.01679537072777748,-0.036893539130687714,0.0,0.0,32766,32766,32766,2635,2101,3.1777126789093018
2026-04-07T12:32:12.354,radio://0/80/2M,flow,1,2,Scan,5077,0,0,0,0.0,0,0,0.0,0.0,102204,0,-1,0.7992013692855835,0.028308210894465446,-0.013246971182525158,0.0,0.0,32766,32766,32766,2635,2101,3.1777126789093018
2026-04-07T12:32:12.355,radio://0/80/2M,range,1,2,Scan,5077,0,0,0,0.0,0,0,0.0,0.0,102204,0,-1,0.7992013692855835,0.028308210894465446,-0.013246971182525158,0.0,0.0,1021,2406,32766,2354,2107,3.1671555042266846
2026-04-07T12:32:12.601,radio://0/80/2M,mission,1,2,Scan,5077,0,0,0,0.0,0,0,0.0,0.0,102204,0,-1,0.8009701371192932,0.028308210894465446,-0.013246971182525158,0.0,0.0,1021,2406,32766,2354,2107,3.1671555042266846
2026-04-07T12:32:12.604,radio://0/80/2M,flow,1,2,Scan,5077,0,0,0,0.0,0,0,0.0,0.0,102454,3,-2,0.8009701371192932,0.04639614000916481,0.0037211452145129442,0.0,0.0,1021,2406,32766,2354,2107,3.1671555042266846
2026-04-07T12:32:12.605,radio://0/80/2M,range,1,2,Scan,5077,0,0,0,0.0,0,0,0.0,0.0,102454,3,-2,0.8009701371192932,0.04639614000916481,0.0037211452145129442,0.0,0.0,32766,32766,32766,2332,2112,3.1829912662506104
2026-04-07T12:32:12.850,radio://0/80/2M,mission,1,2,Scan,5077,0,0,0,0.0,0,0,0.0,0.0,102454,3,-2,0.799363374710083,0.04639614000916481,0.0037211452145129442,0.0,0.0,32766,32766,32766,2332,2112,3.1829912662506104
2026-04-07T12:32:12.853,radio://0/80/2M,flow,1,2,Scan,5394,0,0,0,0.0,0,0,0.0,0.0,102704,1,-3,0.799363374710083,0.049569062888622284,-0.013187208212912083,0.0,0.0,32766,32766,32766,2332,2112,3.1829912662506104
2026-04-07T12:32:12.854,radio://0/80/2M,range,1,2,Scan,5394,0,0,0,0.0,0,0,0.0,0.0,102704,1,-3,0.799363374710083,0.049569062888622284,-0.013187208212912083,0.0,0.0,1915,2593,32766,2249,2107,3.1777126789093018
2026-04-07T12:32:13.100,radio://0/80/2M,mission,1,2,Scan,5394,0,0,0,0.0,0,0,0.0,0.0,102704,1,-3,0.8025810122489929,0.049569062888622284,-0.013187208212912083,0.0,0.0,1915,2593,32766,2249,2107,3.1777126789093018
2026-04-07T12:32:13.103,radio://0/80/2M,flow,1,2,Scan,5394,0,0,0,0.0,0,0,0.0,0.0,102954,8,0,0.8025810122489929,0.052888061851263046,0.015536978840827942,0.0,0.0,1915,2593,32766,2249,2107,3.1777126789093018
2026-04-07T12:32:13.104,radio://0/80/2M,range,1,2,Scan,5394,0,0,0,0.0,0,0,0.0,0.0,102954,8,0,0.8025810122489929,0.052888061851263046,0.015536978840827942,0.0,0.0,1965,1721,32766,2220,2102,3.1777126789093018
2026-04-07T12:32:13.350,radio://0/80/2M,mission,1,2,Scan,5394,0,0,0,0.0,0,0,0.0,0.0,102954,8,0,0.7987117767333984,0.052888061851263046,0.015536978840827942,0.0,0.0,1965,1721,32766,2220,2102,3.1777126789093018
2026-04-07T12:32:13.353,radio://0/80/2M,flow,1,2,Scan,5394,0,0,0,0.0,0,0,0.0,0.0,103204,-1,0,0.7987117767333984,0.0700523778796196,-0.012118522077798843,0.0,0.0,1965,1721,32766,2220,2102,3.1777126789093018
2026-04-07T12:32:13.354,radio://0/80/2M,range,1,2,Scan,5394,0,0,0,0.0,0,0,0.0,0.0,103204,-1,0,0.7987117767333984,0.0700523778796196,-0.012118522077798843,0.0,0.0,1837,1817,822,2306,2108,3.1671555042266846
2026-04-07T12:32:13.600,radio://0/80/2M,mission,1,2,Scan,5394,0,0,0,0.0,0,0,0.0,0.0,103204,-1,0,0.7891328930854797,0.0700523778796196,-0.012118522077798843,0.0,0.0,1837,1817,822,2306,2108,3.1671555042266846
2026-04-07T12:32:13.602,radio://0/80/2M,flow,1,2,Scan,5394,0,0,0,0.0,0,0,0.0,0.0,103454,0,-4,0.7891328930854797,0.04532996937632561,-0.017203735187649727,0.0,0.0,1837,1817,822,2306,2108,3.1671555042266846
2026-04-07T12:32:13.604,radio://0/80/2M,range,1,2,Scan,5394,0,0,0,0.0,0,0,0.0,0.0,103454,0,-4,0.7891328930854797,0.04532996937632561,-0.017203735187649727,0.0,0.0,1719,32766,771,2436,2111,3.1565983295440674
2026-04-07T12:32:13.849,radio://0/80/2M,mission,1,2,Scan,5394,0,0,0,0.0,0,0,0.0,0.0,103454,0,-4,0.7904155254364014,0.04532996937632561,-0.017203735187649727,0.0,0.0,1719,32766,771,2436,2111,3.1565983295440674
2026-04-07T12:32:13.852,radio://0/80/2M,flow,1,2,Scan,5394,0,0,0,0.0,0,0,0.0,0.0,103704,4,0,0.7904155254364014,0.06684660911560059,-0.005164546892046928,0.0,0.0,1719,32766,771,2436,2111,3.1565983295440674
2026-04-07T12:32:13.853,radio://0/80/2M,range,1,2,Scan,5394,0,0,0,0.0,0,0,0.0,0.0,103704,4,0,0.7904155254364014,0.06684660911560059,-0.005164546892046928,0.0,0.0,1034,560,32766,2694,2118,3.1671555042266846
2026-04-07T12:32:14.100,radio://0/80/2M,mission,1,2,Scan,5394,0,0,0,0.0,0,0,0.0,0.0,103704,4,0,0.791296660900116,0.06684660911560059,-0.005164546892046928,0.0,0.0,1034,560,32766,2694,2118,3.1671555042266846
2026-04-07T12:32:14.116,radio://0/80/2M,flow,1,2,Scan,5394,0,0,0,0.0,0,0,0.0,0.0,103954,0,1,0.791296660900116,0.07493922859430313,-0.0152284549549222,0.0,0.0,1034,560,32766,2694,2118,3.1671555042266846
2026-04-07T12:32:14.118,radio://0/80/2M,range,1,2,Scan,5394,0,0,0,0.0,0,0,0.0,0.0,103954,0,1,0.791296660900116,0.07493922859430313,-0.0152284549549222,0.0,0.0,909,32766,2725,32766,2116,3.172434091567993
2026-04-07T12:32:14.348,radio://0/80/2M,mission,1,5,Transition,5394,0,0,0,0.0,0,0,0.0,0.0,103954,0,1,0.7916694283485413,0.07493922859430313,-0.0152284549549222,0.0,0.0,909,32766,2725,32766,2116,3.172434091567993
2026-04-07T12:32:14.352,radio://0/80/2M,flow,1,5,Transition,5394,0,0,0,0.0,0,0,0.0,0.0,104204,3,8,0.7916694283485413,0.03747101500630379,0.01209164410829544,0.0,0.0,909,32766,2725,32766,2116,3.172434091567993
2026-04-07T12:32:14.353,radio://0/80/2M,range,1,5,Transition,5394,0,0,0,0.0,0,0,0.0,0.0,104204,3,8,0.7916694283485413,0.03747101500630379,0.01209164410829544,0.0,0.0,814,32766,32766,32766,2115,3.172434091567993
2026-04-07T12:32:14.599,radio://0/80/2M,mission,1,0,Reacquire Wall,5394,0,0,0,0.0,0,0,0.0,0.0,104204,3,8,0.7947784066200256,0.03747101500630379,0.01209164410829544,0.0,0.0,814,32766,32766,32766,2115,3.172434091567993
2026-04-07T12:32:14.601,radio://0/80/2M,flow,1,0,Reacquire Wall,5394,0,0,0,0.0,0,0,0.0,0.0,104454,0,0,0.7947784066200256,0.019974125549197197,-0.003502181963995099,0.0,0.0,814,32766,32766,32766,2115,3.172434091567993
2026-04-07T12:32:14.603,radio://0/80/2M,range,1,0,Reacquire Wall,5394,0,0,0,0.0,0,0,0.0,0.0,104454,0,0,0.7947784066200256,0.019974125549197197,-0.003502181963995099,0.0,0.0,780,711,32766,32766,2117,3.1777126789093018
2026-04-07T12:32:14.851,radio://0/80/2M,mission,1,0,Reacquire Wall,5394,0,0,0,0.0,0,0,0.0,0.0,104454,0,0,0.7993246912956238,0.019974125549197197,-0.003502181963995099,0.0,0.0,780,711,32766,32766,2117,3.1777126789093018
2026-04-07T12:32:14.852,radio://0/80/2M,flow,1,0,Reacquire Wall,5394,0,0,0,0.0,0,0,0.0,0.0,104704,-1,0,0.7993246912956238,0.00696677528321743,0.012120543979108334,0.0,0.0,780,711,32766,32766,2117,3.1777126789093018
2026-04-07T12:32:14.854,radio://0/80/2M,range,1,0,Reacquire Wall,5394,0,0,0,0.0,0,0,0.0,0.0,104704,-1,0,0.7993246912956238,0.00696677528321743,0.012120543979108334,0.0,0.0,798,759,795,32766,2106,3.1829912662506104
2026-04-07T12:32:15.098,radio://0/80/2M,mission,1,0,Reacquire Wall,5394,0,0,0,0.0,0,0,0.0,0.0,104704,-1,0,0.7986214756965637,0.00696677528321743,0.012120543979108334,0.0,0.0,798,759,795,32766,2106,3.1829912662506104
2026-04-07T12:32:15.101,radio://0/80/2M,flow,1,0,Reacquire Wall,6089,0,0,0,0.0,0,0,0.0,0.0,104954,-8,1,0.7986214756965637,0.032940883189439774,0.018018916249275208,0.0,0.0,798,759,795,32766,2106,3.1829912662506104
2026-04-07T12:32:15.102,radio://0/80/2M,range,1,0,Reacquire Wall,6089,0,0,0,0.0,0,0,0.0,0.0,104954,-8,1,0.7986214756965637,0.032940883189439774,0.018018916249275208,0.0,0.0,991,779,32766,32766,2113,3.1777126789093018
2026-04-07T12:32:15.347,radio://0/80/2M,mission,1,0,Reacquire Wall,6089,0,0,0,0.0,0,0,0.0,0.0,104954,-8,1,0.8031746745109558,0.032940883189439774,0.018018916249275208,0.0,0.0,991,779,32766,32766,2113,3.1777126789093018
2026-04-07T12:32:15.351,radio://0/80/2M,flow,1,0,Reacquire Wall,5533,0,0,0,0.0,0,0,0.0,0.0,105204,0,-1,0.8031746745109558,0.03965204581618309,0.003336736699566245,0.0,0.0,991,779,32766,32766,2113,3.1777126789093018
2026-04-07T12:32:15.352,radio://0/80/2M,range,1,0,Reacquire Wall,5533,0,0,0,0.0,0,0,0.0,0.0,105204,0,-1,0.8031746745109558,0.03965204581618309,0.003336736699566245,0.0,0.0,977,829,32766,32766,2112,3.188269853591919
2026-04-07T12:32:15.598,radio://0/80/2M,mission,1,0,Reacquire Wall,5533,0,0,0,0.0,0,0,0.0,0.0,105204,0,-1,0.7913432717323303,0.03965204581618309,0.003336736699566245,0.0,0.0,977,829,32766,32766,2112,3.188269853591919
2026-04-07T12:32:15.601,radio://0/80/2M,flow,1,0,Reacquire Wall,7432,0,0,0,0.0,0,0,0.0,0.0,105454,1,-2,0.7913432717323303,0.02367476001381874,0.011967698112130165,0.0,0.0,977,829,32766,32766,2112,3.188269853591919
2026-04-07T12:32:15.602,radio://0/80/2M,range,1,0,Reacquire Wall,7432,0,0,0,0.0,0,0,0.0,0.0,105454,1,-2,0.7913432717323303,0.02367476001381874,0.011967698112130165,0.0,0.0,32766,873,805,32766,2106,3.1565983295440674
2026-04-07T12:32:15.856,radio://0/80/2M,mission,1,0,Reacquire Wall,7432,0,0,0,0.0,0,0,0.0,0.0,105454,1,-2,0.7914118766784668,0.02367476001381874,0.011967698112130165,0.0,0.0,32766,873,805,32766,2106,3.1565983295440674
2026-04-07T12:32:15.859,radio://0/80/2M,flow,1,0,Reacquire Wall,7432,0,0,0,0.0,0,0,0.0,0.0,105704,0,-2,0.7914118766784668,-0.0058971247635781765,-0.04203733801841736,0.0,0.0,32766,873,805,32766,2106,3.1565983295440674
2026-04-07T12:32:15.860,radio://0/80/2M,range,1,0,Reacquire Wall,7432,0,0,0,0.0,0,0,0.0,0.0,105704,0,-2,0.7914118766784668,-0.0058971247635781765,-0.04203733801841736,0.0,0.0,572,724,569,32766,2132,3.1777126789093018
2026-04-07T12:32:16.097,radio://0/80/2M,mission,1,0,Reacquire Wall,7432,0,0,0,0.0,0,0,0.0,0.0,105704,0,-2,0.8060013055801392,-0.0058971247635781765,-0.04203733801841736,0.0,0.0,572,724,569,32766,2132,3.1777126789093018
2026-04-07T12:32:16.101,radio://0/80/2M,flow,1,0,Reacquire Wall,7432,0,0,0,0.0,0,0,0.0,0.0,105954,10,-7,0.8060013055801392,0.03553663194179535,0.028706442564725876,0.0,0.0,572,724,569,32766,2132,3.1777126789093018
2026-04-07T12:32:16.102,radio://0/80/2M,range,1,0,Reacquire Wall,7432,0,0,0,0.0,0,0,0.0,0.0,105954,10,-7,0.8060013055801392,0.03553663194179535,0.028706442564725876,0.0,0.0,32766,599,378,1406,2116,3.1935484409332275
2026-04-07T12:32:16.348,radio://0/80/2M,mission,1,5,Transition,7432,0,0,0,0.0,0,0,0.0,0.0,105954,10,-7,0.4725583493709564,0.03553663194179535,0.028706442564725876,0.0,0.0,32766,599,378,1406,2116,3.1935484409332275
2026-04-07T12:32:16.350,radio://0/80/2M,flow,1,5,Transition,8191,0,0,0,0.0,0,0,0.0,0.0,106204,-1,0,0.4725583493709564,-0.9766417741775513,0.9343587756156921,-0.04444444924592972,0.0,32766,599,378,1406,2116,3.1935484409332275
2026-04-07T12:32:16.352,radio://0/80/2M,range,1,5,Transition,8191,0,0,0,0.0,0,0,0.0,0.0,106204,-1,0,0.4725583493709564,-0.9766417741775513,0.9343587756156921,-0.04444444924592972,0.0,100,32766,32766,32766,32766,3.0510263442993164
2026-04-07T12:32:16.597,radio://0/80/2M,mission,1,5,Transition,8191,0,0,0,0.0,0,0,0.0,0.0,106204,-1,0,-0.012306876480579376,-0.9766417741775513,0.9343587756156921,-0.04444444924592972,0.0,100,32766,32766,32766,32766,3.0510263442993164
2026-04-07T12:32:16.600,radio://0/80/2M,flow,1,5,Transition,5196,0,0,0,0.0,0,0,0.0,0.0,106454,5,-5,-0.012306876480579376,-1.8290441036224365,1.845630168914795,0.0,0.0,100,32766,32766,32766,32766,3.0510263442993164
2026-04-07T12:32:16.601,radio://0/80/2M,range,1,5,Transition,5196,0,0,0,0.0,0,0,0.0,0.0,106454,5,-5,-0.012306876480579376,-1.8290441036224365,1.845630168914795,0.0,0.0,32766,9,32766,2434,32766,2.913783073425293
2026-04-07T12:32:16.846,radio://0/80/2M,mission,1,5,Transition,5196,0,0,0,0.0,0,0,0.0,0.0,106454,5,-5,0.17674067616462708,-1.8290441036224365,1.845630168914795,0.0,0.0,32766,9,32766,2434,32766,2.913783073425293
2026-04-07T12:32:16.850,radio://0/80/2M,flow,1,5,Transition,5969,0,0,0,0.0,0,0,0.0,0.0,106704,-7,15,0.17674067616462708,0.9800993204116821,4.266965866088867,0.0,0.0,32766,9,32766,2434,32766,2.913783073425293
2026-04-07T12:32:16.851,radio://0/80/2M,range,1,5,Transition,5969,0,0,0,0.0,0,0,0.0,0.0,106704,-7,15,0.17674067616462708,0.9800993204116821,4.266965866088867,0.0,0.0,645,326,328,475,32766,3.14604115486145
2026-04-07T12:32:17.097,radio://0/80/2M,mission,1,5,Transition,5969,0,0,0,0.0,0,0,0.0,0.0,106704,-7,15,0.30313339829444885,0.9800993204116821,4.266965866088867,0.0,0.0,645,326,328,475,32766,3.14604115486145
2026-04-07T12:32:17.100,radio://0/80/2M,flow,1,5,Transition,7370,0,0,0,0.0,0,0,0.0,0.0,106954,-12,-14,0.30313339829444885,-0.04289822280406952,-0.13960352540016174,0.0,0.0,645,326,328,475,32766,3.14604115486145
2026-04-07T12:32:17.101,radio://0/80/2M,range,1,5,Transition,7370,0,0,0,0.0,0,0,0.0,0.0,106954,-12,-14,0.30313339829444885,-0.04289822280406952,-0.13960352540016174,0.0,0.0,684,32766,440,32766,32766,2.950733184814453
2026-04-07T12:32:17.347,radio://0/80/2M,mission,1,1,Wall Follow,7370,0,0,0,0.0,0,0,0.0,0.0,106954,-12,-14,0.8029651641845703,-0.04289822280406952,-0.13960352540016174,0.0,0.0,684,32766,440,32766,32766,2.950733184814453
2026-04-07T12:32:17.350,radio://0/80/2M,flow,1,1,Wall Follow,6910,0,0,0,0.0,0,0,0.0,0.0,107204,-1,3,0.8029651641845703,0.3281565010547638,0.07082755863666534,0.0,0.0,684,32766,440,32766,32766,2.950733184814453
2026-04-07T12:32:17.351,radio://0/80/2M,range,1,1,Wall Follow,6910,0,0,0,0.0,0,0,0.0,0.0,107204,-1,3,0.8029651641845703,0.3281565010547638,0.07082755863666534,0.0,0.0,32766,1439,32766,32766,32766,3.3360705375671387
2026-04-07T12:32:17.596,radio://0/80/2M,mission,1,1,Wall Follow,6910,0,0,0,0.0,0,0,0.0,0.0,107204,-1,3,0.6837993264198303,0.3281565010547638,0.07082755863666534,0.0,0.0,32766,1439,32766,32766,32766,3.3360705375671387
2026-04-07T12:32:17.600,radio://0/80/2M,flow,1,1,Wall Follow,4659,0,0,0,0.0,0,0,0.0,0.0,107454,16,-3,0.6837993264198303,0.13277389109134674,0.18361583352088928,-0.07338777184486389,0.06310777366161346,32766,1439,32766,32766,32766,3.3360705375671387
2026-04-07T12:32:17.601,radio://0/80/2M,range,1,1,Wall Follow,4659,0,0,0,0.0,0,0,0.0,0.0,107454,16,-3,0.6837993264198303,0.13277389109134674,0.18361583352088928,-0.07338777184486389,0.06310777366161346,43,32766,79,32766,0,3.6527860164642334
2026-04-07T12:32:17.847,radio://0/80/2M,mission,1,1,Wall Follow,4659,0,0,0,0.0,0,0,0.0,0.0,107454,16,-3,0.36966603994369507,0.13277389109134674,0.18361583352088928,-0.07338777184486389,0.06310777366161346,43,32766,79,32766,0,3.6527860164642334
2026-04-07T12:32:17.850,radio://0/80/2M,flow,1,1,Wall Follow,5157,0,0,0,0.0,0,0,0.0,0.0,107704,19,27,0.36966603994369507,0.4445840120315552,-2.3951869010925293,0.0,0.0,43,32766,79,32766,0,3.6527860164642334
2026-04-07T12:32:17.851,radio://0/80/2M,range,1,1,Wall Follow,5157,0,0,0,0.0,0,0,0.0,0.0,107704,19,27,0.36966603994369507,0.4445840120315552,-2.3951869010925293,0.0,0.0,32766,32766,32766,32766,32766,3.6897361278533936
2026-04-07T12:32:18.096,radio://0/80/2M,mission,1,1,Wall Follow,5157,0,0,0,0.0,0,0,0.0,0.0,107704,19,27,0.03182927891612053,0.4445840120315552,-2.3951869010925293,0.0,0.0,32766,32766,32766,32766,32766,3.6897361278533936
2026-04-07T12:32:18.099,radio://0/80/2M,flow,1,1,Wall Follow,5330,0,0,0,0.0,0,0,0.0,0.0,107954,27,-47,0.03182927891612053,2.1553008556365967,-6.765030384063721,0.0,0.0,32766,32766,32766,32766,32766,3.6897361278533936
2026-04-07T12:32:18.100,radio://0/80/2M,range,1,1,Wall Follow,5330,0,0,0,0.0,0,0,0.0,0.0,107954,27,-47,0.03182927891612053,2.1553008556365967,-6.765030384063721,0.0,0.0,32766,32766,32766,32766,32766,3.695014715194702
2026-04-07T12:32:18.349,radio://0/80/2M,mission,1,1,Wall Follow,5330,0,0,0,0.0,0,0,0.0,0.0,107954,27,-47,0.4816940426826477,2.1553008556365967,-6.765030384063721,0.0,0.0,32766,32766,32766,32766,32766,3.695014715194702
2026-04-07T12:32:18.350,radio://0/80/2M,flow,1,1,Wall Follow,5511,0,0,0,0.0,0,0,0.0,0.0,108204,-11,-25,0.4816940426826477,1.9774417877197266,-9.295100212097168,0.0,0.0,32766,32766,32766,32766,32766,3.695014715194702
2026-04-07T12:32:18.351,radio://0/80/2M,range,1,1,Wall Follow,5511,0,0,0,0.0,0,0,0.0,0.0,108204,-11,-25,0.4816940426826477,1.9774417877197266,-9.295100212097168,0.0,0.0,32766,32766,32766,32766,32766,3.7055718898773193
2026-04-07T12:32:18.595,radio://0/80/2M,mission,1,1,Wall Follow,5511,0,0,0,0.0,0,0,0.0,0.0,108204,-11,-25,1.1292024850845337,1.9774417877197266,-9.295100212097168,0.0,0.0,32766,32766,32766,32766,32766,3.7055718898773193
2026-04-07T12:32:18.599,radio://0/80/2M,flow,1,1,Wall Follow,3292,0,0,0,0.0,0,0,0.0,0.0,108454,-6,-24,1.1292024850845337,2.411336660385132,-8.998924255371094,0.0,0.0,32766,32766,32766,32766,32766,3.7055718898773193
2026-04-07T12:32:18.600,radio://0/80/2M,range,1,1,Wall Follow,3292,0,0,0,0.0,0,0,0.0,0.0,108454,-6,-24,1.1292024850845337,2.411336660385132,-8.998924255371094,0.0,0.0,32766,32766,32766,32766,32766,3.7055718898773193
2026-04-07T12:32:18.845,radio://0/80/2M,mission,1,1,Wall Follow,3292,0,0,0,0.0,0,0,0.0,0.0,108454,-6,-24,1.882462978363037,2.411336660385132,-8.998924255371094,0.0,0.0,32766,32766,32766,32766,32766,3.7055718898773193
2026-04-07T12:32:18.848,radio://0/80/2M,flow,1,1,Wall Follow,3292,0,0,0,0.0,0,0,0.0,0.0,108704,3,-4,1.882462978363037,1.1228567361831665,-9.444896697998047,0.0,0.0,32766,32766,32766,32766,32766,3.7055718898773193
2026-04-07T12:32:18.850,radio://0/80/2M,range,1,1,Wall Follow,3292,0,0,0,0.0,0,0,0.0,0.0,108704,3,-4,1.882462978363037,1.1228567361831665,-9.444896697998047,0.0,0.0,32766,32766,32766,32766,32766,3.7161290645599365
2026-04-07T12:32:19.095,radio://0/80/2M,mission,1,1,Wall Follow,3292,0,0,0,0.0,0,0,0.0,0.0,108704,3,-4,2.8514838218688965,1.1228567361831665,-9.444896697998047,0.0,0.0,32766,32766,32766,32766,32766,3.7161290645599365
2026-04-07T12:32:19.098,radio://0/80/2M,flow,1,1,Wall Follow,3292,0,0,0,0.0,0,0,0.0,0.0,108954,1,-1,2.8514838218688965,0.6471700668334961,-9.560853958129883,0.0,0.0,32766,32766,32766,32766,32766,3.7161290645599365
2026-04-07T12:32:19.099,radio://0/80/2M,range,1,1,Wall Follow,3292,0,0,0,0.0,0,0,0.0,0.0,108954,1,-1,2.8514838218688965,0.6471700668334961,-9.560853958129883,0.0,0.0,32766,32766,32766,32766,61,3.721407651901245
2026-04-07T12:32:19.345,radio://0/80/2M,mission,1,1,Wall Follow,3292,0,0,0,0.0,0,0,0.0,0.0,108954,1,-1,3.58087420463562,0.6471700668334961,-9.560853958129883,0.0,0.0,32766,32766,32766,32766,61,3.721407651901245
2026-04-07T12:32:19.347,radio://0/80/2M,flow,1,1,Wall Follow,3292,0,0,0,0.0,0,0,0.0,0.0,109204,-2,0,3.58087420463562,-0.02444269508123398,-9.772823333740234,0.0,0.0,32766,32766,32766,32766,61,3.721407651901245
2026-04-07T12:32:19.348,radio://0/80/2M,range,1,1,Wall Follow,3292,0,0,0,0.0,0,0,0.0,0.0,109204,-2,0,3.58087420463562,-0.02444269508123398,-9.772823333740234,0.0,0.0,32766,32766,32766,32766,32766,3.7319648265838623
2026-04-07T12:32:19.595,radio://0/80/2M,mission,1,1,Wall Follow,3292,0,0,0,0.0,0,0,0.0,0.0,109204,-2,0,4.286269664764404,-0.02444269508123398,-9.772823333740234,0.0,0.0,32766,32766,32766,32766,32766,3.7319648265838623
2026-04-07T12:32:19.598,radio://0/80/2M,flow,1,1,Wall Follow,3292,0,0,0,0.0,0,0,0.0,0.0,109454,-1,0,4.286269664764404,-0.6874938607215881,-10.01770305633545,0.0,0.0,32766,32766,32766,32766,32766,3.7319648265838623
2026-04-07T12:32:19.599,radio://0/80/2M,range,1,1,Wall Follow,3292,0,0,0,0.0,0,0,0.0,0.0,109454,-1,0,4.286269664764404,-0.6874938607215881,-10.01770305633545,0.0,0.0,32766,32766,32766,32766,32766,3.721407651901245
2026-04-07T12:32:19.844,radio://0/80/2M,mission,1,1,Wall Follow,3292,0,0,0,0.0,0,0,0.0,0.0,109454,-1,0,4.922139644622803,-0.6874938607215881,-10.01770305633545,0.0,0.0,32766,32766,32766,32766,32766,3.721407651901245
2026-04-07T12:32:19.848,radio://0/80/2M,flow,1,1,Wall Follow,3292,0,0,0,0.0,0,0,0.0,0.0,109704,-1,-1,4.922139644622803,-1.338006615638733,-10.326766967773438,0.0,0.0,32766,32766,32766,32766,32766,3.721407651901245
2026-04-07T12:32:19.849,radio://0/80/2M,range,1,1,Wall Follow,3292,0,0,0,0.0,0,0,0.0,0.0,109704,-1,-1,4.922139644622803,-1.338006615638733,-10.326766967773438,0.0,0.0,32766,32766,32766,32766,32766,3.737243413925171
2026-04-07T12:32:20.094,radio://0/80/2M,mission,1,1,Wall Follow,3292,0,0,0,0.0,0,0,0.0,0.0,109704,-1,-1,0.31143105030059814,-1.338006615638733,-10.326766967773438,0.0,0.0,32766,32766,32766,32766,32766,3.737243413925171
2026-04-07T12:32:20.097,radio://0/80/2M,flow,1,1,Wall Follow,3292,0,0,0,0.0,0,0,0.0,0.0,109954,0,-1,0.31143105030059814,0.007038607727736235,0.00894766952842474,0.0,0.0,32766,32766,32766,32766,32766,3.737243413925171
2026-04-07T12:32:20.098,radio://0/80/2M,range,1,1,Wall Follow,3292,0,0,0,0.0,0,0,0.0,0.0,109954,0,-1,0.31143105030059814,0.007038607727736235,0.00894766952842474,0.0,0.0,32766,32766,32766,32766,32766,3.737243413925171
2026-04-07T12:32:20.345,radio://0/80/2M,mission,1,1,Wall Follow,3292,0,0,0,0.0,0,0,0.0,0.0,109954,0,-1,0.3363030254840851,0.007038607727736235,0.00894766952842474,0.0,0.0,32766,32766,32766,32766,32766,3.737243413925171
2026-04-07T12:32:20.348,radio://0/80/2M,flow,1,1,Wall Follow,3292,0,0,0,0.0,0,0,0.0,0.0,110204,-1,-1,0.3363030254840851,0.0391722172498703,0.04831736162304878,0.0,0.0,32766,32766,32766,32766,32766,3.737243413925171
2026-04-07T12:32:20.349,radio://0/80/2M,range,1,1,Wall Follow,3292,0,0,0,0.0,0,0,0.0,0.0,110204,-1,-1,0.3363030254840851,0.0391722172498703,0.04831736162304878,0.0,0.0,32766,32766,32766,32766,32766,3.7425220012664795
2026-04-07T12:32:20.594,radio://0/80/2M,mission,1,1,Wall Follow,3292,0,0,0,0.0,0,0,0.0,0.0,110204,-1,-1,0.177786186337471,0.0391722172498703,0.04831736162304878,0.0,0.0,32766,32766,32766,32766,32766,3.7425220012664795
2026-04-07T12:32:20.596,radio://0/80/2M,flow,1,1,Wall Follow,3292,0,0,0,0.0,0,0,0.0,0.0,110454,0,0,0.177786186337471,0.004120165482163429,0.004016711842268705,-0.001690000295639038,0.0,32766,32766,32766,32766,32766,3.7425220012664795
2026-04-07T12:32:20.598,radio://0/80/2M,range,1,1,Wall Follow,3292,0,0,0,0.0,0,0,0.0,0.0,110454,0,0,0.177786186337471,0.004120165482163429,0.004016711842268705,-0.001690000295639038,0.0,261,32766,32766,32766,32766,3.747800588607788
2026-04-07T12:32:20.844,radio://0/80/2M,mission,1,1,Wall Follow,3292,0,0,0,0.0,0,0,0.0,0.0,110454,0,0,3.5387391108088195e-05,0.004120165482163429,0.004016711842268705,-0.001690000295639038,0.0,261,32766,32766,32766,32766,3.747800588607788
2026-04-07T12:32:20.847,radio://0/80/2M,flow,1,1,Wall Follow,3292,0,0,0,0.0,0,0,0.0,0.0,110704,-4,0,3.5387391108088195e-05,0.02842615358531475,0.03613783419132233,-0.05238889157772064,0.05877778306603432,261,32766,32766,32766,32766,3.747800588607788
2026-04-07T12:32:20.848,radio://0/80/2M,range,1,1,Wall Follow,3292,0,0,0,0.0,0,0,0.0,0.0,110704,-4,0,3.5387391108088195e-05,0.02842615358531475,0.03613783419132233,-0.05238889157772064,0.05877778306603432,95,77,70,32766,32766,3.7530791759490967
2026-04-07T12:32:21.093,radio://0/80/2M,mission,1,1,Wall Follow,3292,0,0,0,0.0,0,0,0.0,0.0,110704,-4,0,0.0362926609814167,0.02842615358531475,0.03613783419132233,-0.05238889157772064,0.05877778306603432,95,77,70,32766,32766,3.7530791759490967
2026-04-07T12:32:21.096,radio://0/80/2M,flow,1,1,Wall Follow,3292,0,0,0,0.0,0,0,0.0,0.0,110954,0,0,0.0362926609814167,0.002044683787971735,0.002981763333082199,-0.047173332422971725,0.059804439544677734,95,77,70,32766,32766,3.7530791759490967
2026-04-07T12:32:21.097,radio://0/80/2M,range,1,1,Wall Follow,3292,0,0,0,0.0,0,0,0.0,0.0,110954,0,0,0.0362926609814167,0.002044683787971735,0.002981763333082199,-0.047173332422971725,0.059804439544677734,117,75,68,32766,32766,3.7530791759490967
2026-04-07T12:32:21.343,radio://0/80/2M,mission,1,1,Wall Follow,3292,0,0,0,0.0,0,0,0.0,0.0,110954,0,0,0.20582672953605652,0.002044683787971735,0.002981763333082199,-0.047173332422971725,0.059804439544677734,117,75,68,32766,32766,3.7530791759490967
2026-04-07T12:32:21.346,radio://0/80/2M,flow,1,1,Wall Follow,3292,0,0,0,0.0,0,0,0.0,0.0,111204,0,0,0.20582672953605652,0.025442076846957207,0.04507210850715637,-0.04696999862790108,0.059289999306201935,117,75,68,32766,32766,3.7530791759490967
2026-04-07T12:32:21.348,radio://0/80/2M,range,1,1,Wall Follow,3292,0,0,0,0.0,0,0,0.0,0.0,111204,0,0,0.20582672953605652,0.025442076846957207,0.04507210850715637,-0.04696999862790108,0.059289999306201935,117,73,69,32766,32766,3.7583577632904053
2026-04-07T12:32:21.593,radio://0/80/2M,mission,1,1,Wall Follow,3292,0,0,0,0.0,0,0,0.0,0.0,111204,0,0,0.0,0.025442076846957207,0.04507210850715637,-0.04696999862790108,0.059289999306201935,117,73,69,32766,32766,3.7583577632904053
2026-04-07T12:32:21.596,radio://0/80/2M,flow,1,1,Wall Follow,3292,0,0,0,0.0,0,0,0.0,0.0,111454,-2,-4,0.0,0.004620466846972704,0.0023312994744628668,-0.028111115097999573,0.05877778306603432,117,73,69,32766,32766,3.7583577632904053
2026-04-07T12:32:21.597,radio://0/80/2M,range,1,1,Wall Follow,3292,0,0,0,0.0,0,0,0.0,0.0,111454,-2,-4,0.0,0.004620466846972704,0.0023312994744628668,-0.028111115097999573,0.05877778306603432,190,77,70,32766,32766,3.7583577632904053
2026-04-07T12:32:21.843,radio://0/80/2M,mission,1,1,Wall Follow,3292,0,0,0,0.0,0,0,0.0,0.0,111454,-2,-4,0.529426634311676,0.004620466846972704,0.0023312994744628668,-0.028111115097999573,0.05877778306603432,190,77,70,32766,32766,3.7583577632904053
2026-04-07T12:32:21.846,radio://0/80/2M,flow,1,1,Wall Follow,3292,0,0,0,0.0,0,0,0.0,0.0,111704,4,-1,0.529426634311676,0.03625105693936348,0.048720892518758774,0.0,0.060321107506752014,190,77,70,32766,32766,3.7583577632904053
2026-04-07T12:32:21.847,radio://0/80/2M,range,1,1,Wall Follow,3292,0,0,0,0.0,0,0,0.0,0.0,111704,4,-1,0.529426634311676,0.03625105693936348,0.048720892518758774,0.0,0.060321107506752014,32766,94,67,32766,32766,3.7583577632904053
