:020000040800F2
:10400000FFFF0120695A01085DE200085FE2000835
:1040100081E3000899E30008B1E300080000000014
:1040200000000000000000000000000071210308F3
:10403000C9E3000800000000112203084DE2000857
:10404000E95A0108E95A0108E95A0108E95A010840
:10405000E95A0108E95A0108BDB90008DDB90008AC
:10406000FDB900081DBA000841BA000805CB0008D8
:10407000E95A010829CB0008E95A0108E95A010860
:10408000210A0108F5EE0008E95A0108E95A010879
:10409000E95A0108E95A0108E95A010869BA000811
:1040A000E95A0108E95A0108E95A0108E95A0108E0
:1040B000E95A0108E9B30008E95A0108F9CA0008F9
:1040C000EDCA0008E95A0108E95A0108E95A01084D
:1040D000E95A0108E95A010855EF00085DEB0008AC
:1040E00045BB0008E95A0108E95A0108E95A0108E4
:1040F000E95A01083DB70008E95A0108E95A0108E0
:10410000E95A0108E95A0108ADB20008E95A010864
:10411000E95A0108E95A0108E95A01080D5A01084B
:104120009D570008E95A0108E95A0108E95A0108AF
:10413000E95A0108E95A0108E95A0108E95A01084F
:10414000E95A0108E95A0108E95A010851E2000850
:1041500035570008E95A0108D9F50008D5F50008D7
:104160001DCB000811CB0008E95A0108E95A0108E3
:10417000E95A0108E95A0108E95A0108E95A01080F
:08418000E95A0108E95A01089F
:1041C00002780B78012A28BF9A4240F0D8806DE926
:1041D000044540EA0104CDE902676FF0000C4FEAA4
:1041E00044721AB380EA010414F0070F6BD100F097
:1041F000070420F0070004F0030521F007014FEA4F
:10420000C505F0E8042314F0040FF1E804670CFA84
:1042100005F462EA040266EA04060BD063EA0403CA
:10422000624667EA0407664604E000BFF0E804233C
:10423000F1E8046782FA4CF582EA0604A4FA8CF4E9
:104240006CBB83FA4CF583EA0705A5FA8CF595B9A2
:1042500050E9022351E9026782FA4CF582EA06042A
:10426000A4FA8CF483FA4CF583EA0705A5FA8CF5D9
:104270002543DBD09CB92DBAB5FA85F424F00704A8
:1042800027FA04F1DDE9026723FA04F303F0FF00E3
:1042900001F0FF01FDE80445A0EB0100704724BADE
:1042A000B4FA84F424F0070426FA04F1DDE9026785
:1042B00022FA04F202F0FF0001F0FF01FDE80445DC
:1042C000A0EB0100704714F0030F3CD110F0030481
:1042D00028D150F8082B51F8083B82FA4CF582EAB5
:1042E0000305A5FA8CF55DB950F8042C51F8043C8F
:1042F00082FA4CF582EA0305A5FA8CF5002DE8D088
:104300002DBAB5FA85F424F0070423FA04F122FA51
:1043100004F202F0FF0001F0FF01FDE80445A0EB0C
:10432000010070474FEAC40420F0030050F8082B46
:1043300021F0030151F8083B0CFA04F462EA04028C
:1043400063EA0403C9E710F003041DD0A1EB0401E4
:1043500020F00300E40750F8042B06D012D28B782B
:104360005FFAA2F4E41A06D12BB1CB785FFAB2F46B
:10437000E41A00D133B920465DF8104B7047A2EB28
:104380000300704701F1040150F8042BCC0721F021
:10439000030151F8043B48D824D222F07F4482FA2A
:1043A0004CF594EA1325A5FA8CF50AD165B951F8B4
:1043B000043B84EA0204B4EB036F0ED150F8042BE3
:1043C000EBE74FEA132355E035F07F454DD10878F0
:1043D000FDE80445C0F1000070474FEA126203F0A7
:1043E000FF0347E002EA1C4482FA4CF594EA1345C5
:1043F000A5FA8CF50AD165B951F8043B84EA0204A8
:10440000B4EB034F0CD150F8042BEBE74FEA134306
:1044100030E015EA1C4528D10B884FEA124229E00A
:104420004FEA124203EA1C4324E002F0FF0482FA3E
:104430004CF594EA1365A5FA8CF50AD165B951F8E3
:10444000043B84EA0204B4EB032F09D150F8042B97
:10445000EBE74FEA13630DE015F0FF0F05D10B6892
:104460004FEA122223F07F4304E04FF00000FDE802
:104470000445704712BA1BBA82FA4CF482EA03046C
:10448000A4FA8CF5B5FA85F402FA04F203FA04F3FF
:104490004FEA1260FDE80445A0EB1360704700BFCF
:1044A000844641EA000313F003036DD1403A41D33F
:1044B00051F8043B40F8043B51F8043B40F8043BFE
:1044C00051F8043B40F8043B51F8043B40F8043BEE
:1044D00051F8043B40F8043B51F8043B40F8043BDE
:1044E00051F8043B40F8043B51F8043B40F8043BCE
:1044F00051F8043B40F8043B51F8043B40F8043BBE
:1045000051F8043B40F8043B51F8043B40F8043BAD
:1045100051F8043B40F8043B51F8043B40F8043B9D
:1045200051F8043B40F8043B51F8043B40F8043B8D
:10453000403ABDD2303211D351F8043B40F8043B2D
:1045400051F8043B40F8043B51F8043B40F8043B6D
:1045500051F8043B40F8043B103AEDD20C3205D33D
:1045600051F8043B40F8043B043AF9D2043208D035
:10457000D2071CBF11F8013B00F8013B01D30B88A7
:1045800003806046704700BF082A13D38B078DD085
:1045900010F003038AD0C3F10403D21ADB071CBF57
:1045A00011F8013B00F8013B80D331F8023B20F8C1
:1045B000023B7BE7043AD9D3013A11F8013B00F8FA
:1045C000013BF9D20B7803704B7843708B78837082
:1045D000604670470000000000000000000000007E
:1045E00000000000000000000000000000000000CB
:1045F00000000000000000000000000000000000BB
:1046000030B490F800F020F007016FF0000C10F0CB
:10461000070491F820F040F048804FF000046FF05C
:104620000700D1E9002391F840F000F1080082FA78
:104630004CF2A4FA8CF283FA4CF3A2FA8CF34BBB43
:10464000D1E9022382FA4CF200F10800A4FA8CF2BC
:1046500083FA4CF3A2FA8CF3E3B9D1E9042382FA8A
:104660004CF200F10800A4FA8CF283FA4CF3A2FA9F
:104670008CF37BB9D1E9062301F1200182FA4CF2D7
:1046800000F10800A4FA8CF283FA4CF3A2FA8CF33E
:10469000002BC6D0002A04BF04301A4612BAB2FA60
:1046A00082F200EBD20030BC7047D1E9002304F065
:1046B0000305C4F100004FEAC50514F0040F91F89A
:1046C00040F00CFA05F562EA05021CBF63EA050337
:1046D00062464FF00004AAE781F0004102E000BF0B
:1046E00083F0004330B54FEA41044FEA430594EAB2
:1046F000050F08BF90EA020F1FBF54EA000C55EAED
:10470000020C7FEA645C7FEA655C00F0E2804FEABD
:104710005454D4EB5555B8BF6D420CDD2C4480EA9F
:10472000020281EA030382EA000083EA010180EACF
:10473000020281EA0303362D88BF30BD11F0004F1D
:104740004FEA01314FF4801C4CEA113102D0404253
:1047500061EB410113F0004F4FEA03334CEA13338E
:1047600002D0524263EB430394EA050F00F0A780A6
:10477000A4F10104D5F1200E0DDB02FA0EFC22FAA1
:1047800005F2801841F1000103FA0EF2801843FA95
:1047900005F359410EE0A5F120050EF1200E012A86
:1047A00003FA0EFC28BF4CF0020C43FA05F3C018C4
:1047B00051EBE37101F0004507D54FF0000EDCF13D
:1047C000000C7EEB00006EEB0101B1F5801F1BD3E6
:1047D000B1F5001F0CD349085FEA30004FEA3C0CEA
:1047E00004F101044FEA445212F5800F80F09A80E0
:1047F000BCF1004F08BF5FEA500C50F1000041EBE4
:10480000045141EA050130BD5FEA4C0C404141EBE7
:104810000101013C28BFB1F5801FE9D291F0000FE2
:1048200004BF01460020B1FA81F308BF2033A3F191
:104830000B03B3F120020CDA0C3208DD02F1140C88
:10484000C2F10C0201FA0CF021FA02F10CE002F1C3
:104850001402D8BFC2F1200C01FA02F120FA0CFCBC
:10486000DCBF41EA0C019040E41AA2BF01EB045105
:10487000294330BD6FEA04041F3C1CDA0C340EDC03
:1048800004F11404C4F1200220FA04F001FA02F346
:1048900040EA030021FA04F345EA030130BDC4F104
:1048A0000C04C4F1200220FA02F001FA04F340EAF9
:1048B0000300294630BD21FA04F0294630BD94F0AA
:1048C000000F83F4801306BF81F480110134013D91
:1048D0004EE77FEA645C18BF7FEA655C29D094EA02
:1048E000050F08BF90EA020F05D054EA000C04BF80
:1048F0001946104630BD91EA030F1EBF002100206B
:1049000030BD5FEA545C05D14000494128BF41F009
:10491000004130BD14F580043CBF01F5801130BD6D
:1049200001F0004545F0FE4141F470014FF00000F8
:1049300030BD7FEA645C1ABF194610467FEA655CA9
:104940001CBF0B46024650EA013406BF52EA03354B
:1049500091EA030F41F4002130BD00BF90F0000F39
:1049600004BF0021704730B54FF4806404F1320475
:104970004FF000054FF0000150E700BF90F0000F2E
:1049800004BF0021704730B54FF4806404F1320455
:1049900010F0004548BF40424FF000013EE700BF25
:1049A00042004FEAE2014FEA31014FEA02701FBFB5
:1049B00012F07F4393F07F4F81F06051704732F0E7
:1049C0007F4208BF704793F07F4F04BF41F400213E
:1049D000704730B54FF4607401F0004521F000419C
:1049E0001CE700BF50EA010208BF704730B54FF026
:1049F00000050AE050EA010208BF704730B511F027
:104A0000004502D5404261EB41014FF4806404F15E
:104A100032045FEA915C3FF4D8AE4FF003025FEAE4
:104A2000DC0C18BF03325FEADC0C18BF033202EB68
:104A3000DC02C2F1200300FA03FC20FA02F001FAC2
:104A400003FE40EA0E0021FA02F11444BDE600BF65
:104A500070B54FF0FF0C4CF4E06C1CEA11541DBF14
:104A60001CEA135594EA0C0F95EA0C0F00F0DEF8DF
:104A70002C4481EA030621EA4C5123EA4C5350EAC4
:104A8000013518BF52EA033541F4801143F4801315
:104A900038D0A0FB02CE4FF00005E1FB02E506F0A6
:104AA0000042E0FB03E54FF00006E1FB03569CF0FB
:104AB000000F18BF4EF0010EA4F1FF04B6F5007F01
:104AC00064F5407404D25FEA4E0E6D4146EB060673
:104AD00042EAC62141EA55514FEAC52040EA5E50FC
:104AE0004FEACE2EB4F1FD0C88BFBCF5E06F1ED8A6
:104AF000BEF1004F08BF5FEA500E50F1000041EBDD
:104B0000045170BD06F0004646EA010140EA020089
:104B100081EA0301B4EB5C04C2BFD4EB0C0541EAAB
:104B2000045170BD41F480114FF0000E013C00F3C0
:104B3000AB8014F1360FDEBF002001F0004170BDE4
:104B4000C4F10004203C35DA0C341BDC04F11404FD
:104B5000C4F1200500FA05F320FA04F001FA05F289
:104B600040EA020001F0004221F0004110EBD37056
:104B700021FA04F642EB06015EEA430E08BF20EA82
:104B8000D37070BDC4F10C04C4F1200500FA04F325
:104B900020FA05F001FA04F240EA020001F00041B7
:104BA00010EBD37041F100015EEA430E08BF20EA2A
:104BB000D37070BDC4F1200500FA05F24EEA020E72
:104BC00020FA04F301FA05F243EA020321FA04F0A1
:104BD00001F0004121FA04F220EA020000EBD37058
:104BE0005EEA430E08BF20EAD37070BD94F0000F58
:104BF0000FD101F00046400041EB010111F4801F8C
:104C000008BF013CF7D041EA060195F0000F18BF3C
:104C1000704703F00046520043EB030313F4801F78
:104C200008BF013DF7D043EA0603704794EA0C0F32
:104C30000CEA135518BF95EA0C0F0CD050EA410648
:104C400018BF52EA4306D1D181EA030101F00041C5
:104C50004FF0000070BD50EA410606BF10461946ED
:104C600052EA430619D094EA0C0F02D150EA0136F9
:104C700013D195EA0C0F05D152EA03361CBF10463A
:104C800019460AD181EA030101F0004141F0FE41D9
:104C900041F470014FF0000070BD41F0FE4141F45D
:104CA000780170BD70B54FF0FF0C4CF4E06C1CEA5D
:104CB00011541DBF1CEA135594EA0C0F95EA0C0F12
:104CC00000F0A7F8A4EB050481EA030E52EA0335CD
:104CD0004FEA013100F088804FEA03334FF08055EE
:104CE00045EA131343EA12634FEA022245EA11151B
:104CF00045EA10654FEA00260EF000419D4208BFCC
:104D0000964244F1FD0404F5407402D25B084FEA78
:104D10003202B61A65EB03055B084FEA32024FF424
:104D200080104FF4002CB6EB020E75EB030E22BF81
:104D3000B61A754640EA0C005B084FEA3202B6EB41
:104D4000020E75EB030E22BFB61A754640EA5C00F0
:104D50005B084FEA3202B6EB020E75EB030E22BF80
:104D6000B61A754640EA9C005B084FEA3202B6EB81
:104D7000020E75EB030E22BFB61A754640EADC0040
:104D800055EA060E18D04FEA051545EA16754FEAA2
:104D900006164FEAC30343EA52734FEAC2025FEAC0
:104DA0001C1CC0D111F4801F0BD141EA00014FF04F
:104DB00000004FF0004CB6E711F4801F04BF014320
:104DC0000020B4F1FD0C88BFBCF5E06F3FF6AFAE3C
:104DD000B5EB030C04BFB6EB020C5FEA500C50F1CC
:104DE000000041EB045170BD0EF0004E4EEA11314F
:104DF00014EB5C04C2BFD4EB0C0541EA045170BD56
:104E000041F480114FF0000E013C90E645EA060E99
:104E10008DE60CEA135594EA0C0F08BF95EA0C0FC7
:104E20003FF43BAF94EA0C0F0AD150EA01347FF40F
:104E300034AF95EA0C0F7FF425AF104619462CE7E6
:104E400095EA0C0F06D152EA03353FF4FDAE104649
:104E5000194622E750EA410618BF52EA43067FF49A
:104E6000C5AE50EA41047FF40DAF52EA43057FF42A
:104E7000EBAE12E74FF0FF3C06E000BF4FF0010C35
:104E800002E000BF4FF0010C4DF804CD4FEA410C99
:104E90007FEA6C5C4FEA430C18BF7FEA6C5C1BD066
:104EA00001B050EA410C0CBF52EA430C91EA030FE7
:104EB00002BF90EA020F0020704710F1000F91EA44
:104EC000030F58BF994208BF90422CBFD8176FEA12
:104ED000E37040F0010070474FEA410C7FEA6C5CE0
:104EE00002D150EA013C07D14FEA430C7FEA6C5CE7
:104EF000D6D152EA033CD3D05DF8040B704700BF13
:104F00008446104662468C461946634600E000BF60
:104F100001B5FFF7B7FF002848BF10F1000F01BD32
:104F20004DF808EDFFF7F4FF0CBF012000205DF8FD
:104F300008FB00BF4DF808EDFFF7EAFF34BF012082
:104F400000205DF808FB00BF4DF808EDFFF7E0FF1B
:104F500094BF012000205DF808FB00BF4DF808ED6C
:104F6000FFF7CEFF94BF012000205DF808FB00BFD3
:104F70004DF808EDFFF7C4FF34BF012000205DF8B5
:104F800008FB00BF4A0011D212F5001211D20DD554
:104F90006FF47873B3EB62520ED44FEAC12343F03F
:104FA000004343EA505323FA02F070474FF00000E9
:104FB000704750EA013002D14FF0FF3070474FF098
:104FC000000070474FEA4102B2F1E04324BFB3F55D
:104FD000001CDCF1FE5C0DD901F0004C4FEAC00270
:104FE0004CEA5070B2F1004F40EB830008BF20F054
:104FF0000100704711F0804F21D113F13872BCBF0E
:1050000001F00040704741F480114FEA5252C2F162
:105010001802C2F1200C10FA0CF320FA02F018BFAB
:1050200040F001004FEAC1234FEAD32303FA0CFCFE
:1050300040EA0C0023FA02F34FEA4303CCE77FEA8D
:10504000625307D150EA01331EBF4FF0FE4040F4D7
:105050004000704701F0004040F0FE4040F4000086
:10506000704700BF80F0004002E000BF81F00041C7
:1050700042001FBF5FEA410392EA030F7FEA226CFE
:105080007FEA236C6AD04FEA1262D2EB1363C1BF8E
:10509000D218414048404140B8BF5B42192B88BFFD
:1050A000704710F0004F40F4000020F07F4018BF20
:1050B000404211F0004F41F4000121F07F4118BF40
:1050C000494292EA030F3FD0A2F1010241FA03FCE8
:1050D00010EB0C00C3F1200301FA03F100F00043D0
:1050E00002D5494260EB4000B0F5000F13D3B0F198
:1050F000807F06D340084FEA310102F10102FE2A07
:1051000051D2B1F1004F40EBC25008BF20F0010076
:1051100040EA03007047490040EB0000013A28BF15
:10512000B0F5000FEDD2B0FA80FCACF1080CB2EB98
:105130000C0200FA0CF0AABF00EBC2505242184316
:10514000BCBFD0401843704792F0000F81F40001BB
:1051500006BF80F400000132013BB5E74FEA41038E
:105160007FEA226C18BF7FEA236C21D092EA030FFA
:1051700004D092F0000F08BF0846704790EA010F74
:105180001CBF0020704712F07F4F04D1400028BFA1
:1051900040F00040704712F100723CBF00F5000083
:1051A000704700F0004343F0FE4040F400007047B9
:1051B0007FEA226216BF08467FEA23630146420265
:1051C00006BF5FEA412390EA010F40F48000704778
:1051D0004FF0000304E000BF10F0004348BF40421E
:1051E0005FEA000C08BF704743F0964301464FF05A
:1051F00000001CE050EA010208BF70474FF00003B6
:105200000AE000BF50EA010208BF704711F00043F6
:1052100002D5404261EB41015FEA010C02BF8446C6
:105220000146002043F0B64308BFA3F18053A3F525
:105230000003BCFA8CF2083AA3EBC25310DB01FA6C
:1052400002FC634400FA02FCC2F12002BCF1004FF0
:1052500020FA02F243EB020008BF20F00100704781
:1052600002F1200201FA02FCC2F1200250EA4C00D5
:1052700021FA02F243EB020008BF20EADC7070471B
:1052800053B94AB9002908BF00281CBF4FF0FF31AD
:105290004FF0FF3000F00CB8ADF1080C6DE904CE12
:1052A00034F0F8F8DDF804E0DDE9022304B07047DB
:1052B000704700BF13B50C22C0B25043144B0121FC
:1052C0001C18185812F0EAFD684612F02FFC2389CA
:1052D000009340F203136068ADF804306946002380
:1052E0008DF8073012F0E0FB01230A48A17A1A4634
:1052F00012F0EBF9074812F027FA0648022112F0E3
:105300002BFA0028F9D0034812F023FA02B010BD9E
:1053100014980308002101407FB508284FF00102CE
:1053200002FA00F21BD00A281CD006280CBF4FF04E
:10533000407300230D4900930A600D4A0D48136025
:105340000023CDE90233ADF804300493694601230C
:105350008DF8143012F066F907B05DF804FB4FF0D9
:105360000073E7E74FF08073E4E700BF901E002072
:10537000941E00200021014000B58BB012F044F9CA
:1053800004A812F075F9684612F090F901214FF463
:10539000007012F0A7FD00236846CDE90033CDE987
:1053A000023312F06FF90C20FFF7B6FF034801211A
:1053B00012F082F90BB05DF804FB00BF0021014040
:1053C00038B5FFF777FFFFF7D9FA0022094BFFF74F
:1053D0003FFB094B044618680D46FFF7BFFA02462B
:1053E0000B4620462946FFF75DFCFFF7EBFD00EE7C
:1053F000100A38BD00000840901E0020F7B50C23AD
:10540000C6B27343134C0D46E718E058012112F061
:1054100045FD0023012DADF806303B8900930CBFFC
:10542000012300238DF8043004D0022D0ED1012376
:105430008DF8073001238DF805300C2303FB06445B
:105440006946606812F030FB03B0F0BD032DF1D166
:105450000223EDE714980308054BC0B20C2202FBAF
:1054600000330A1E5868198918BF012212F06EBB5A
:105470001498030808B5064B0C22C0B202FB003397
:105480001989586812F058FB431E5842584108BD0C
:105490001498030810B5044686B0104812F062FD57
:1054A0004FF482720023ADF808200C48ADF80630A6
:1054B0004FF400720DF10601ADF80A30ADF80C3072
:1054C000ADF80E30ADF81020ADF81430ADF8163050
:1054D000ADF8124012F0A2FD06B010BD0030014040
:1054E00070B5032292B0002101202DF0BFF9414B8D
:1054F00003221860002101202DF0B8F93E4B1860FE
:1055000001202DF0C0FA3D4B012118604FF480506E
:1055100012F0E8FC0121084612F0C0FC01214FF412
:10552000800012F0BBFC05221146354812F013FB37
:1055300033480522062112F00EFB314805220721CF
:1055400012F009FB2F4B2E48202201A9CDE901239F
:1055500012F0AAFA802301A929480193402612F0EB
:10556000A3FA01A92648019612F09EFA4FF480632F
:1055700000240993244B04934FF0C0654FF400338B
:10558000214622480D93CDE90E4410940B940C94BF
:1055900011940A940894079405940395069612F0C2
:1055A0009FF903A9194812F071F921461848069489
:1055B000039512F095F903A9154812F067F907232E
:1055C0008DF801308DF802404423012468468DF89F
:1055D00000308DF8034012F0EBFB382368468DF85D
:1055E000003012F0E5FB2820FFF754FF094B1C7038
:1055F00012B070BDAC1E0020A41E00209C1E002016
:1056000000000240020200020C30014088640240A7
:1056100010640240B11E002001F17043B3F5803FD9
:1056200070B504460E46154604D22B492B48E2229B
:1056300029F090F905F17043B3F5803F04D2264973
:105640002648E32229F086F9254B2648C3F89460C2
:105650000122C3F88C401021DD615C6112F082F9F7
:1056600001222148102112F07DF920491D4812F035
:1056700063F91F491C4812F05FF91A48012112F022
:105680002FF91948012112F02BF91A4801220221A1
:1056900012F0EFFC01221146164812F0EAFC154800
:1056A000012112F0DAFC144B4FF0FF3118682DF095
:1056B0005FFB01280ED1114B4FF0FF3118682DF020
:1056C00057FB431E5C425C410A48002112F0C5FCB6
:1056D000204670BD0024F7E7B0980308DCCB030830
:1056E000006402408864024010640240400F0020C1
:1056F0003D00801000300140AC1E0020A41E0020A0
:1057000010B5064B04464FF0FF3118682DF030FB02
:105710002046BDE81040FFF7BDBE00BF9C1E002024
:105720000348002300681A4619462DF0D7B800BF79
:105730009C1E002013B50024224614480194102119
:1057400012F010F91249114812F054F910490F489B
:1057500012F0F2F822460F48022112F08AFC0B48A0
:10576000214612F0BDF80C4B01A918682DF006FA7D
:10577000019B4BB14FF0E0234FF08052C3F8042D52
:10578000BFF34F8FBFF36F8F02B010BD886402402C
:105790000008002000300140AC1E002013B500249A
:1057A000224614480194102112F0DCF812491148E5
:1057B00012F020F910490F4812F0BEF822460F48A7
:1057C000012112F056FC0B48214612F089F80C4BCF
:1057D00001A918682DF0D2F9019B4BB14FF0E023DD
:1057E0004FF08052C3F8042DBFF34F8FBFF36F8F7C
:1057F00002B010BD106402402000001000300140D3
:10580000A41E002030B5024644680020844202DC19
:105810004FF0FF3030BD13681D5C8D42FAD0034459
:10582000851C5B785819F1E708B5064A0023137008
:10583000054A13700CF03AFEBDE8084002480CF02F
:105840007BBE00BF202000202120002010B503785F
:10585000EB2B044605D01549154829F00DFD002015
:1058600010BD072129F021FBE379C0B2834201D0AA
:105870001049F1E7237A0BB10F49EDE7617A04F1A2
:105880000800023129F011FB617A6318C2B29B7AD9
:10589000934204D00949064829F0EEFCDFE704F101
:1058A0000A03C4E91C310120DAE700BFCB980308E2
:1058B000B5CA0108FB9803083099030866990308E4
:1058C000F8B5054616461F46FFF79CFF041E10DB81
:1058D00029680B19013F5D78BD42A8BF3D460234DF
:1058E0002A4621443046FEF7DBFD00237355284647
:1058F000F8BD002333704FF0FF35F8E72DE9F04194
:10590000204B214D1B782878834209D91F4C7022E7
:10591000234600210CF056FE28B92B7801332B705A
:105920000020BDE8F08100232046E367FFF78EFFEB
:1059300095F8008008F10107FFB200B3144E1E2352
:1059400003FB08663246012104F17000FFF7B8FF3F
:105950000028D8BF0026C4F884600E4E0A2303FB3B
:1059600008663246022104F17000FFF7A9FF002803
:10597000D8BF0026C4F888602F702046D1E72F706A
:10598000CEE700BF2120002020200020941F00200F
:105990001B1F0020F31E0020F0B5404D2B68032B89
:1059A0008DB003D9002630460DB0F0BD0DF10D03CA
:1059B00000933B4802230022422106F0A5FC002868
:1059C000F0D00DF10F03002700933548CDF80F708C
:1059D0000C234FF4C8524321CDF81370CDF8177043
:1059E00006F092FC0028DDD02C682D4804F1440319
:1059F0008DF80C3003AB00934FF4C05201234321C8
:105A000006F00FFD2B689DF80C10254801332B6024
:105A10000DF11B0300933A46152306F075FC002890
:105A2000C0D0BDF81B204DF6BC439A42BAD11D4DE3
:105A30008C2303FB04561A463946304633F0EEFAFF
:105A4000194A9DF81F30737102EB04109DF8203045
:105A5000B37127010DF1220301460DF12E0C53F80D
:105A600004EB41F804EB6345F9D1B3F800C0A1F8A9
:105A700000C09B788B703A440023D3738C2303FBC4
:105A800004530A4ADA670A4A9DF80C101155224459
:105A9000C3F88400C3F8802085E700BF24200020DD
:105AA000900500206C2000202C200020BCF703086B
:105AB000282000201FB50DF10E0300930648022395
:105AC0000022412106F020FC10B10A202EF000F83F
:105AD000012005B05DF804FB90050020064A13780C
:105AE0004BB9064B06491960064B5B1A06499B10D9
:105AF0000B600123137070479C220020A422002019
:105B0000F466040840670408A022002008B5FFF7E7
:105B1000E5FF014B186808BDA022002070B50D46B6
:105B2000FFF7DCFF094B1A68094B0446196800238C
:105B30009A4201DC002070BD51F823000678A6428D
:105B400002D14678AE42F6D00133F1E7A022002020
:105B5000A42200202DE9F041FFF7C0FF0B4B1F6886
:105B60000B4BD3F8008006460024A74203DC002537
:105B70002846BDE8F08158F8245030466968FEF7A1
:105B80001FFB0028F4D00134EFE700BFA022002063
:105B9000A4220020F8B50F4A0F4B104D104E114FA4
:105BA00032609B1A9B102B600F4B01221A7000244D
:105BB0002B689C4200DBF8BD33680C4953F8243055
:105BC0000B481A68002A08BF3A4629F055FB0134F1
:105BD000EEE700BF4067040848670408A8220020D9
:105BE000AC220020F5B503089D220020FDB5030876
:105BF000B5CA010808B5044B1B780BB9FFF7CAFFFB
:105C0000024B186808BD00BF9D220020A82200207A
:105C100010B5084B1B7804460BB9FFF7BBFF064BCA
:105C20001B68A342C5BF054B1B68002053F8240026
:105C300010BD00BF9D220020A8220020AC22002021
:105C4000014B1868704700BFB4220020044B1B684A
:105C50008342C3BF034B8C2202FB003000207047FD
:105C6000B42200200000001008B50346407928B196
:105C70009979FFF753FF00B9054808BDD3F88400B0
:105C80000028F9D00378002BF6D0FFF763FFF2E786
:105C9000C8F70308826F044B9A4203D103490448B2
:105CA00029F0EABA704700BFC8F7030820B6030816
:105CB000B5CA01082DE9F84FDFF84C9199F800407A
:105CC0001CBBFFF797FFA046834625464FF08C0A82
:105CD000C3451CDC444E3560444D0027A846BA46F7
:105CE000BB46012331688F4238DB03B93360DFF8EC
:105CF0001C81DFF81CA1002733689F4253DB0CB1E5
:105D000000233360012389F80030BDE8F88F404656
:105D1000FFF77EFF074660B1436853B1984740B133
:105D2000324B0AFB0536BB689847014620B9032D64
:105D3000D0D808F10108CBE7032DCBD88C22304610
:105D4000FEF7AEFBF7673046FFF78EFF0135B06711
:105D50003046FFF79FFFEDB28C36E4E7D8F87810B5
:105D600089681BEA010107D0214A114204D0214968
:105D7000214829F081FA0023D8F87810C9681AEA76
:105D8000010F04D01D491C4829F076FA0023D8F8E9
:105D9000780081684BEA010BC16801374AEA010AC1
:105DA00008F18C089EE7ECB9AB6F1B7C1BB1144962
:105DB0000A788AB90B700024AA6F98F80010537CF7
:105DC0000B4388F80030937C9AF8002013438AF83C
:105DD000003001378C358FE79342ECD009490648F3
:105DE00029F04AFA0124E7E7B4220020000000105D
:105DF000F3E3FFFF4FB60308B5CA0108C8B60308AE
:105E0000B32200203FB70308B0220020B2220020B6
:105E1000B1220020014B1878704700BFB322002048
:105E2000014B1878704700BFB2220020014B187850
:105E3000704700BFB12200204FF0A0407047000023
:105E40004FF4883070470000014B1868704700BF5E
:105E50004C2D002041F6FF7070474FF48050704782
:105E600041F2F40070472DE9F0411E468368044674
:105E700090460F46984710F0010F14BF03250125E7
:105E8000820748BF45F020054307636848BF45F0D7
:105E900040050BB145F0040523680BB145F008053A
:105EA000237B45EA03153570236A626A003B18BFFD
:105EB00001230AB143F0020373706369C6F802302C
:105EC000A369C6F80630C6F80A801122394606F1E1
:105ED0000E0033F0C9F9E36993B13846FEF790FB41
:105EE00033183A229A73E46905462046FEF788FB88
:105EF0000F35024621467019BDE8F041FEF7D0BAD1
:105F0000BDE8F081032970B50446154603D803693E
:105F100003B15A5470BD0429FCD1EA0702D5036AC3
:105F200003B19847AB07F5D5636A002BF2D0BDE803
:105F3000704018472DE9F04704460E461746FFF714
:105F40007FFEB4F1805F054622D24FF000081AE0D0
:105F5000B4F5805F14D3A4F58059B5EB991F4FEACF
:105F600099100DDDFFF772FE836F17F8082019F006
:105F7000200F0CBF5869986909F01F01FFF7C2FF95
:105F800008F101080134B045E2D30120BDE8F087F3
:105F9000230F013B4500B5EB530F4FEA530801DCDB
:105FA0000020F3E7404603F00105FFF74FFE836F43
:105FB000D3E90523002D08BF1346002BF0D0D3F8FA
:105FC00000E0BEF1000FEBD004F17040A0EB487090
:105FD0003A463146A0EB0570F446BDE8F04760470D
:105FE00003461046CA18B2F5005F03D20A4699B2BA
:105FF00005F044BC0020704710B45418702C04D82D
:106000005DF8044B89B20CF03FBB00205DF8044BF7
:106010007047000018F03CB8B0F5805FF8B50D4649
:1060200011461BD2B0F5806F35D255FA80F3342B70
:10603000C2B230D8040A342318486343C61803F5A3
:106040006D73134400272A46184486F8E473FEF75C
:1060500027FA204623F0B2F80120F8BDA0F58050C1
:10606000B0F5806F17D255FA80F33D2BC2B212D82B
:10607000040A3D2309486343C61803F530731344EB
:1060800000272A46184486F8FC72FEF709FAE0B2A7
:1060900023F014F9E0E70020DFE700BF30CF002055
:1060A0002DE9F04F85B000AF05460C469046FFF74E
:1060B000C7FDB5F1805FF8605BD222460021404603
:1060C00032F0ACFF6DB93CB10323013C88F80030DD
:1060D000E4B24FF001093CB901201437BD46BDE8D8
:1060E000F08F4FF00009F6E7FA68C7F804D005EB27
:1060F000090A0AF1FF33B2EB931F4FEA9316EBDD67
:1061000090B03046C7F808D0FFF7A0FD83460021C5
:106110004022684632F082FFDBF87810486930B1DF
:10612000720749686B4602F18052FFF79CFEDBF86C
:106130007810886930B1BB684968721C20335207F7
:10614000FFF791FEB6010136AAEB0601C1F1400648
:10615000BB68A642A8BF26460B4408EB090032469E
:106160001946A41BFEF79CF9E4B2D7F804D0B14459
:10617000B1E7FB68280F01385B00B3EB500F4FEA23
:10618000500901DC0020A8E700F001064846FFF7AF
:106190005DFD836FD3E90523002E08BF1346002B56
:1061A000F0D05B68002BEDD005F17040A0EB49709A
:1061B00042462146A0EB067098478EE7F0B5B0F551
:1061C000805F85B004460E46154619D24FF48071A3
:1061D0002A4802F0B5FC2949013C0023B34202DB06
:1061E000012005B0F0BD671C06D0A04206DD0A5DA7
:1061F000EA543C460133F1E70246F9E70022F7E7AB
:10620000A0F58053B3F5805F18D24FF480711B481E
:1062100002F0B8FCA4F580541849013C0023B342B5
:10622000DEDA621C06D0A04206DD0A5DEA540134C3
:106230000133F4E70246F9E70022F7E710F0FF0127
:10624000A0F5005716D10D2E16D11022684632F057
:10625000E5FE6946C7F3072002F050FC019B2B6066
:10626000029B6B60039BAB60009B003B18BF01234C
:106270002B73B5E70020B4E70846B2E754260020A8
:1062800010B4084C0B46246811461A18A24204D8D0
:106290005DF8044B1A4604F0CBBD00205DF8044BBA
:1062A000704700BF4C2D002003461046CA18B2F5B7
:1062B000005F03D20A4699B205F0C8BA00207047C1
:1062C00010B45418702C04D85DF8044B89B20CF04B
:1062D00079B900205DF8044B7047000017F0EABE62
:1062E0000346B3F5805F10B510460C4612D2B3F5E5
:1062F000806F20D254FA83F2342AD9B21BD83422C8
:106300001B0A02FB03130D4922461944FEF7C8F885
:10631000012010BDA3F58053B3F5806F0BD254FA62
:1063200083F23D2AD9B206D83D221B0A02FB031391
:1063300003492246E9E70020EBE700BFE4D2002052
:10634000F0D1002001481AF007BD00BFECF70308A8
:1063500070B5FFF7DBFBFFF7ADFCFFF7F3FFFFF7CF
:106360006FFC124902460646114828F085FF0024BA
:10637000B44200DB70BD2046FFF768FC836FDA692A
:10638000054652B15A6852B10A490948234628F0D5
:1063900073FFAB6F2846DB6998470134E8E706498D
:1063A0000348224628F068FFF3E700BF7BB70308E5
:1063B000B5CA010898B70308CAB70308F8B5FFF7CC
:1063C0003FFC002406460127B44201DB3846F8BDF5
:1063D0002046FFF73BFC836F1B6A3BB19847224680
:1063E000054628B10549064828F046FF0134EBE789
:1063F0000449034828F040FF2F46F7E7EFB70308AA
:10640000B5CA01080EB8030870B5134D134E034604
:1064100004462A4603CAB24220606160154604F170
:106420000804F6D10E4D0F4E03F128042A4603CA84
:10643000B24220606160154604F10804F6D10A4CAE
:106440000A4D5033224603CAAA42186059601446C6
:1064500003F10803F6D170BD00000240280002409D
:1064600000040240280402400008024028080240BC
:1064700070B5114D0246034600F1280618685968A8
:106480002C4603C40833B3422546F7D10B4D02F125
:106490005006186859682C4603C40833B342254691
:1064A000F7D1074D7832186859682C4603C4083371
:1064B00093422546F7D170BD00000240000402401F
:1064C00000080240F8B50D4C05460127002634F8B7
:1064D000021C54F8060C11F02FFB854206D0084927
:1064E00008482B46224628F0C7FE002701360B2E0F
:1064F00004F10C04EBD13846F8BD00BF06000020C3
:106500002FB80308B5CA01082DE9F041A2B00EF07A
:1065100041FB01210446072011F0C0FC04A8374EBE
:10652000FFF772FF00253746A846BB8857F80C0BCB
:1065300002A90135CDE9023811F0B6FA0B2DF4D1DC
:1065400000254FF001082F4674B3B38830680293DA
:1065500002A9ADF80C808DF80E7011F0A5FAB18883
:10656000306811F0EFFA0197019BB3F57A7F3DDBBC
:106570000120FFF7A7FFB1880446306811F0E4FA64
:106580000197019BB3F57A7F34DB0020FFF79AFF78
:106590000135044002A956F80C0B8DF80C7011F06F
:1065A00083FA0B2DE4B2CFD104A8FFF761FFCCB181
:1065B00001231348ADF80C308026002302A98DF882
:1065C0000E304025029611F06FFA0D48029502A98F
:1065D00011F06AFA0A48314611F0B6FA084829461D
:1065E00011F0B2FA204622B0BDE8F081019B0133E0
:1065F0000193B9E7019B01330193C2E7000000203A
:10660000000402402DE9F04FA5B00EF0C3FA0121BD
:106610000446072011F042FC06A86E4EFFF7F4FE78
:1066200037460B254FF00008BB8857F80C0B04A920
:10663000CDE9043811F038FA013DF5D1654F4FF03E
:106640000B084FF0010A002C4ED0BB883868049329
:1066500004A9ADF814A08DF8165011F025FAB988E8
:10666000386811F06FFA0395039BB3F57A7F69DB05
:106670003346A1464FF0000B18460121019300F06C
:10668000D9F90BF1010B019B00EA0900BBF10B0FDB
:106690005FFA80F903F10C03EED1B988386811F084
:1066A00053FA0395039BB3F57A7F4FDB33464FF0E4
:1066B000000B18460021019300F0BCF90BF1010B0F
:1066C000019B2040BBF10B0FC4B203F10C03F0D1CE
:1066D00057F80C0B8DF8145004A911F0E5F9B8F136
:1066E000010809EA0404AED13B4E082537464FF0B5
:1066F0000008BB8857F80C0B04A9CDE9043811F049
:10670000D3F9013DF5D1039542F20F72039B9342F9
:1067100020DD314F00254CB13846012100F08AF9C7
:106720000135042D044607F10C07F4D10425012797
:106730004FF0000842F20F7984B90024204625B0BA
:10674000BDE8F08F039B013303938DE7039B013377
:106750000393A7E7039B01330393D7E7B38E306B13
:1067600004A9CDE9043711F09FF9B18E306B11F017
:10677000E9F9CDF80C80039B4B4526DD304600211E
:1067800000F058F90135082D044606F10C06D3D166
:106790000028D2D001238026ADF8143004A90023AC
:1067A0000E488DF816304025049611F07DF904A9A5
:1067B0000A48049511F078F93146084811F0C4F9F7
:1067C0000648294611F0C0F9B8E7039B013303934B
:1067D000D1E700BF840000204401002000040240F3
:1067E0002DE9F047A2B00EF0D5F9012106460720A9
:1067F00011F054FB04A82D4FFFF706FE3D46072479
:106800004FF00008AB8855F80C0B02A9CDE902380F
:1068100011F04AF9013CF5D16EB34FF007084FF083
:1068200001093D68B7F804A0CDF808A002A92846E0
:10683000ADF80C908DF80E4011F036F9514628460F
:1068400011F080F90194019BB3F57A7F24DB514666
:10685000284611F079F90194019BB3F57A7F1FDB8B
:1068600002A928468DF80C4011F01EF9B8F1010874
:1068700007F10C07D5D104A8FFF7FAFD46B10C4B80
:106880001B782BB10B4B1B68DB696BB10020984761
:10689000304622B0BDE8F087019B01330193D2E777
:1068A000019B01330193D7E71E46F1E76CF803081B
:1068B000B21E0020B822002010B5094C23783BB945
:1068C0000848FFF747F9084B186010B101232370FF
:1068D00010BDBDE810400549054828F0CDBC00BFFB
:1068E000B21E0020F39E0308B822002048B8030817
:1068F000B5CA0108F8B50D4C05460127002634F845
:10690000021C54F8060C11F017F9854206D008490C
:1069100008482B46224628F0AFFC00270136052EFA
:1069200004F10C04EBD13846F8BD00BF0E01002085
:106930002FB80308B5CA01082DE9F041A2B00EF046
:1069400029F901210446072011F0A8FA04A8374EBE
:10695000FFF75AFD00253746A846BB8857F80C0BB1
:1069600002A90135CDE9023811F09EF8052DF4D1C8
:1069700000254FF001082F4674B3B38830680293A6
:1069800002A9ADF80C808DF80E7011F08DF8B18869
:10699000306811F0D7F80197019BB3F57A7F3DDBA2
:1069A0000120FFF7A7FFB1880446306811F0CCF84A
:1069B0000197019BB3F57A7F34DB0020FFF79AFF44
:1069C0000135044002A956F80C0B8DF80C7011F03B
:1069D0006BF8052DE4B2CFD104A8FFF749FDCCB187
:1069E00001231348ADF80C308026002302A98DF84E
:1069F0000E304025029611F057F80D48029502A975
:106A000011F052F80A48314611F09EF8084829461C
:106A100011F09AF8204622B0BDE8F081019B0133C5
:106A20000193B9E7019B01330193C2E708010020FC
:106A30000004024038B50D4604468188006811F014
:106A40007BF8854207D0054905482B46A21D28F052
:106A500013FC002038BD0120FCE700BF64B8030828
:106A6000B5CA0108014B1878704700BFB31E00205B
:106A700080B5274E274DDFF8A480274FDFF8A0A070
:106A8000DFF8A090002392B033702B7098F800309C
:106A90003B7001244FF47A702DF01AF898F800300A
:106AA0003A789A420DD003220DF106008DF8083095
:106AB0008DF806208DF807400EF012FB98F8003094
:106AC0003B709AF8003032789A420CD00DF10600F3
:106AD0008DF808308DF806408DF807400EF000FB69
:106AE0009AF80030337099F9003095F900209A42F5
:106AF000D0D007220DF106008DF808308DF8062061
:106B00008DF807400EF0ECFA99F800302B70C1E7D1
:106B1000BE220020BD220020BC220020BF22002077
:106B2000A5010020A401002037B5074C237843B904
:106B30000125064906480193009596222CF0DAFCBF
:106B4000257003B030BD00BFB31E002082B803081B
:106B5000716A00082DE9F3411FF0A2F82A4E2B4D6F
:106B60002B4F307800284AD02A4A2B4C00210B4664
:106B7000964612F8018B14F801CB0133E0451CBF97
:106B800002F801CC0146042BF3D131B12348CDF8F2
:106B900000E000222E2105F0D9FB3B78012B2ED9F5
:106BA0001F4B204C1B7822789A420DD02370012372
:106BB0001A461A4800942E2105F0C8FB1A4B227879
:106BC0001A481A7018F0FAFD2B7823B94FF47A702E
:106BD0002CF07EFFC5E7DFF85C802CF013FED8F8C0
:106BE0000030984204460AD9114B00930B48012308
:106BF00002222E21643405F044FBC8F800402B78B3
:106C0000002BE3D00A20E3E7D6220020D522002083
:106C1000CD220020AC010020A8010020900500201A
:106C2000A6010020A7010020CE220020486704080A
:106C3000D4220020D022002010B5104B1878A0B12B
:106C40000F491048104CFDF7BBFA78B901232370A7
:106C500023780E4C002B14BF01230023237003D193
:106C60000B490C4828F008FB207810BD04490A485D
:106C7000FDF7A6FA0028EBD10223E8E7B41E0020B6
:106C8000C02200208CB80308CD220020D62200208C
:106C9000A4B80308B5CA010898B8030873B5124E22
:106CA0003478F4B9114D124912480194032300932A
:106CB000962223462CF01EFC0D222146284632F057
:106CC000ADF90C2310222E210B48009505F0D9FABE
:106CD0000A4B0B4918702A460A4828F0CDFA0123BE
:106CE000337002B070BD00BFB41E0020C02200206F
:106CF000C9B80308556B000890050020CF2200207A
:106D0000DBB80308B5CA0108034A044B10781B78A6
:106D100040EA8300C0B27047B51E0020DC2200208C
:106D2000044B1878044B1B78022B08BF40F004007A
:106D3000704700BFB51E002041240020012070478D
:106D4000012210B502211046084B27F063FC074AC8
:106D50001023104601241372D48027F0DDF864203C
:106D60002CF0B6FE024B1C7010BD00BF402300206B
:106D7000DC220020F8B5194F01253D7027F04CFBAF
:106D80004FF4E13007F01EFF154B1C7829462046D2
:106D9000FEF734FB00212046FEF75EFB114B1E7808
:106DA00029463046FEF72AFB00213046FEF754FB09
:106DB0000A202CF08DFE29462046FEF74DFB0221CD
:106DC0002046FEF71BFB64202CF082FE002130469B
:106DD000FEF714FB02233B70F8BD00BF41240020E6
:106DE0000C9803080F98030870B5194D2E786EBBE8
:106DF000184B01211878FEF701FB174B0121187879
:106E0000FEF7FCFA2BF012F8144B1860144B1C78A8
:106E100001212046FEF7F2FA31462046FEF71CFB20
:106E200027F0ACFA27F0E0F827F024F827F010FC60
:106E300001212046FEF710FB02212046FEF7DEFA74
:106E40000849094828F018FA01232B7070BD00BFCB
:106E5000B51E00200E9803080D9803084424002056
:106E60000C980308F6B80308B5CA010810B50A491A
:106E7000044602460948FDF713FB094841F28831F0
:106E8000C48027F05DF830B9BDE8104005490648D8
:106E9000882227F05FBD10BD00230020482300207A
:106EA0004023002013B9030834B903082DE9F34146
:106EB0003F4C1E46054623468846174604210F22AE
:106EC000012027F0A7FB33691E68D5B9022323727E
:106ED0000423E37241F28831092320466572A572CA
:106EE0002573C4F80D60E38027F02AF820B93149F2
:106EF0003148812227F02EFD30493148402228F0C8
:106F0000C8F92F4D42463946284628F0CCF9EB689F
:106F10009E4204D227492B48AF2227F01BFD284868
:106F200028F0C9F900283FD1254828F0E7F9EB6996
:106F30009E4235D1224828F0E6F908B1FFF796FFC6
:106F4000EA68EB699A4204D01A491F48BB2227F02D
:106F500001FD002304226372A3722373144822727A
:106F6000092341F28831E272C4F80D60E38026F013
:106F7000E7FF20B90F491048922227F0EBFC41F2BD
:106F800088331248009301220023006811462AF03A
:106F90005BFFC30704D407490D489C2227F0DAFCA5
:106FA000012002B0BDE8F0814020FFF75FFFB6E7A7
:106FB0004023002013B9030834B90308002300203C
:106FC000E02200203CB9030869B9030844240020EA
:106FD000B5B90308024B012118682AF0DFBF00BFD2
:106FE00044240020002007F05DBA10B5044680203C
:106FF00007F058FAA0B2BDE8104007F061BA0000EF
:1070000010B5054C237833B907F0E0F903480AF0CE
:10701000EBFF0123237010BDB61E0020B00100203D
:107020002DE9F04F2DED048B8DB01EF039FE0EF0E2
:10703000D1FC404FDFED408A064688460A202CF0FE
:1070400047FD3E4B3B49187807F09AFCB7F90450CE
:107050006D422DB285EAE573A3EBE5739BB2632B1A
:1070600063D8B7F90240644223B21A4609EE103AD7
:1070700083EAE373A3EBE2739BB2632B55D8304BE7
:107080001B78002B48D07B899FED2E7A9FED2E8AAE
:1070900007EE903AF8EE677AA7EE878AB4EEE88AB0
:1070A000F1EE10FA3CD4F0EE487A284BC3ED007AAA
:1070B0000EF090FC81460C460EF08CFC244A1278AF
:1070C00083468A462ABB3A78B02A22D107EE905AE4
:1070D000F8EEE77AB9EB0600CDED027AF8EEC97A60
:1070E0004FF0060264EB0801CDED037A8DF8002025
:1070F0008DED048A8DED058AFEF77CF89FED157AFB
:1071000006EE900AC6EE877A6846CDED067A26F03E
:1071100007FD5E46D04691E70F4B93ED008AC2E72C
:10712000F0EE687AB0EE688ABFE70C4A1378013354
:10713000137083E74A240020CDCCCC3D0D98030882
:1071400048240020B84B513AB6F3DD3EBC01002084
:107150004924002000247449B8010020582400204C
:1071600010B5084B1C7834B10748FEF7F3FCBDE8B6
:107170001040036A18470549054828F07DF8204665
:1071800010BD00BF56240020D39E0308C2B90308D7
:10719000B5CA010837B50F4D2B78CBB90E4B1C780B
:1071A000B4B90E48FEF7D6FCC369204698470C4B8D
:1071B000187807F0F7F958B10323009309490A48F2
:1071C000019423464FF496722CF094F901232B700E
:1071D00003B030BD5724002056240020C99E030868
:1071E0000D980308EFB903082170000837B50F4B5D
:1071F0001B78CBB90E4D2C78B4B90E48FEF7AAFC1B
:10720000C369204698470C4B187807F0CBF958B162
:107210000323009309490A48019423464FF49672C8
:107220002CF068F901232B7003B030BD57240020E7
:1072300056240020D39E03080D980308EFB90308D5
:107240002170000810B5084B1C7834B10748FEF7D0
:1072500081FCBDE81040036A18470549054828F03D
:107260000BF8204610BD00BF57240020C99E03081C
:10727000C2B90308B5CA0108182070472C2070470E
:1072800070B571B1124A034600F1240114781C70E4
:1072900054785C7094789C7003338B4202F1030243
:1072A000F4D1047841788278034600F12105DE7834
:1072B0001E701E795E705E799E700333AB42F6D10C
:1072C00080F8214080F8221080F8232070BD00BF94
:1072D000ADFA030830B5214B09B100221A6093EDD5
:1072E000007A1F4D1F4C2049F7EE007AB4EEE77A82
:1072F000F1EE10FA44BFDFED1D7A77EE277A00F148
:107300002402C3ED007A2B7807EE103AB8EEC77A64
:10731000033027EE277ABCEEC77A17EE103A00F852
:10732000033C237807EE103AB8EEC77A27EE277AA7
:10733000BCEEC77A17EE103A00F8023C0B7807EE65
:10734000103AB8EEC77A27EE277ABCEEC77A17EE66
:10735000103A00F8013C8242D5D130BDE42400202F
:10736000420200204102002040020020CDCC4C3DD2
:10737000F0B500F1240439B1034600221A705A70A6
:107380009A7003339C42F9D1124940F20F26172517
:1073900040F2031C21270B784A784FEAD30EDB001A
:1073A00003F0380343EA521302F01F021EFB065E8D
:1073B00013FB0C7312FB06524FEAAE1E9B11921187
:1073C00080F800E0437082700330844201F10201D2
:1073D000E1D1F0BDB8250020F0B51A4B85B00DF114
:1073E000060219681B791371174BCDF806101C683B
:1073F000CDF80B400DF10B011B790B710024FF2719
:10740000264612F8013B03EB4303C5180134052C53
:10741000C7546E70AE70F4D100252B46FF2411F8CE
:10742000012B02EB420286180135052D835474703E
:10743000B370F4D10470447084708374C3740375A2
:1074400005B0F0BDF4B90308FAB9030870B571B11D
:10745000124A034600F1240114781C7054785C70C1
:1074600094789C7003338B4202F10302F4D10478C8
:1074700041788278034600F12105DE781E701E797E
:107480005E705E799E700333AB42F6D180F8214086
:1074900080F8221080F8232070BD00BF65FA030831
:1074A00070B599B10C2216491546B2FBF5F305FBF0
:1074B000132303EB43030E78C654C4184B78637050
:1074C0008B78A370013A01F10301EED190F82140CD
:1074D00090F8221090F823200346A0F121059E7F0A
:1074E00083F82160DE7F83F8226093F8206083F8C0
:1074F0002360033BAB42F2D104704170827070BDD7
:1075000089FA030838B505460C4611B1164B00221E
:107510001A6021461548FFF7B3FE21461448FFF7CD
:10752000BFFF12492B4605F1240402780D7852085A
:1075300002EB55021A7042784D78520802EB550260
:107540005A7082788D78520802EB55029A70033394
:10755000A34201F1030100F10300E6D1024A1368DE
:107560000133136038BD00BFE0240020BC2400209C
:107570009824002070B5234B09B100221A6093EDC6
:10758000007A214C214DF7EE007AB4EEE77AF1EE65
:1075900010FA44BFDFED1E7A77EE277AC3ED007A4A
:1075A000237803EB43016A186E5C5578917800F1FB
:1075B000240206704570817003309042F9D1154D58
:1075C0001548297802780131C9B20132D2B20429B2
:1075D0002970027009D90021013329700321B3FBFE
:1075E000F1F101EB41015B1A23700C2A09D90B4A16
:1075F000002303701378B3FA83F35B091370084A0E
:10760000137070BDE82400205B2500205CFA03089D
:10761000CDCC4C3D5A25002059250020582500206E
:107620008025002030B500F1240239B10346002145
:1076300019705970997003339342F9D10E4C236835
:10764000092B4FF000010BDCDD0709D5FF25017088
:107650004170857003309042F9D10133236030BD11
:1076600001704170817003309042F9D10133142BC5
:10767000A8BF0023F2E700BFEC2400200D490E480C
:107680000A88B0F900301A4492B2B2F57A6F0A80D3
:1076900007D95B4203804FF47A630B8008880AF0B5
:1076A0009BBCB2F5FA6FF9D25B4203804FF4FA63E8
:1076B000F3E700BF860C0020840C00202DE9F04386
:1076C000674B684D1B682A68674C6849684E93424F
:1076D000684A4FD0DFF8A48194ED007AD8ED007AA3
:1076E000DFF89CE191ED006ADFF898C1624FDFF8A6
:1076F0009C912B60C7EE276AD9F80090C8F80090DB
:10770000C3F30748C4F80090F7EE007A77EEE67A04
:107710009EED007A27EE877AA6EE267A92ED006A31
:1077200081ED007A9CED007A27EE877AA6EE267A24
:1077300082ED007A97ED007A67EE877A96ED007A0F
:10774000E7EE267AC6ED007A07EE908AF8EEE77A41
:10775000CEED007AC3F3072E07EE90EAF8EEE77A53
:10776000CCED007A5FFA83FC07EE90CAF8EEE77A78
:10777000C7ED007AD4ED007AF5EEC07AF1EE10FA9A
:1077800000F124053FDD3D4B91ED006A93ED007A59
:107790003B4BC7EE876AF7EE007A77EEE67A93ED19
:1077A000007A384B27EE877AA6EE267A92ED006AA9
:1077B000BDEEC77A17EE101A93ED007A2E4B27EE26
:1077C000877AA6EE267ABDEEC77A17EE102A93EDD9
:1077D000007A67EE877A96ED007AE7EE267AFDEE7C
:1077E000E77A17EE903A0170427083700330A84236
:1077F000F9D1D4ED007A9FED247A77EEC77AC4ED03
:10780000007ABDE8F08300272760C3F3074406EE43
:10781000904AF8EEE66AC1ED006AC3F30721DBB2D5
:1078200007EE101A07EE903AB8EEC77AF8EEE77A4C
:1078300082ED007AFCEEE66ABCEEC77AC6ED007A0D
:10784000FCEEE77A16EE901A17EE102A17EE903A31
:107850000170427083700330A842F9D1D1E700BFB4
:1078600054250020D801002030020020D001002043
:10787000C8010020CC010020FC240020D4010020FD
:107880000425002000250020CDCC4C3D34020020F2
:1078900037B5044628F053FF06EE900A9FED1C6AA8
:1078A000DFED1C7AF8EEE66A2046E6EE867A2434AE
:1078B0000025BCEEE77A8DED017A9FED177A9DF8F1
:1078C0000420A6EEC67AFCEEC76A16EE903ADFED0B
:1078D000136AB4EEE67AF1EE10FAC8BF4FF0FF3348
:1078E000DBB2F4EEE67AF1EE10FA0EDCF5EEC07AD9
:1078F000F1EE10FA4CBF0021114601704370857003
:107900000330A042EDD103B030BDFF21F5E700BF49
:10791000C9C8C8BE0000C8420000000000007F4384
:10792000F8B5254E254F33680133054609D1244962
:10793000244818F0BBFD24493060244818F0B6FDF7
:1079400038602BF05FFF04463088214E19F0BCF9F7
:10795000241AA3B21E2B28BF1E2338881C4619F0F8
:1079600033F940B21B4B032804BF01221A7093F86D
:1079700000C0326823B203EB4303DCB2C3F16403FB
:10798000DBB205F124074FF0000EBCF1000F01D06F
:10799000092A0EDD214618462970687085F802E034
:1079A0000335BD42F1D10132142AA8BF0022326052
:1079B000F8BD00210846EFE7E0010020DC010020CF
:1079C00066A2030870A2030899B50308F69E03088F
:1079D000082500200C250020F7B521490446214840
:1079E00018F064FD19F070F91F4905461D4818F09C
:1079F0005DFD19F041F9DFED1D7A9FED1D7A30EE46
:107A0000670ADFED1C7AE0EE077A9FED1B7AF4EE51
:107A1000C77AF1EE10FA1BDCF5EEC07AF1EE10FA3F
:107A200018D4FCEEE77ACDED017A9DF80420D0431E
:107A3000234604F12407C0B275B10146164600245E
:107A400019705E709C7003339F42F5D103B0F0BD96
:107A5000FF22ECE70022EAE764210E460C46EFE73E
:107A60009B9F0308BC9F0308969F03080000AA423F
:107A70003333A3C00000000000007F4337B52F4917
:107A800004462F4818F012FD19F0F6F82D4A2E4939
:107A90009FED2E6ADFED2E7ADFED2E5A204600256F
:107AA000243492ED007AD1ED006A76EEC76A30EEAA
:107AB000477A86EE265AF0EE676AE5EE076AF4EE3C
:107AC000E76AF1EE10FA30DCF5EEC06AF1EE10FA7A
:107AD0002DD4BCEEE67A8DED017A9DF8043003706A
:107AE000457092ED007AD1ED006A76EEC76A30EE0D
:107AF000477A87EEA65AF0EE656AE5EE076AF4EE7D
:107B0000E76AF1EE10FA14DCF5EEC06AF1EE10FA55
:107B100011D4BCEEE67A8DED017A9DF804308370C5
:107B200003308442BDD103B030BDFF23D7E700232B
:107B3000D5E7FF23F3E70023F1E700BF559F0308D4
:107B4000F69E03083C0200203802002000007FC39C
:107B500000007F4300000000F8B53F4E3F4D404F0E
:107B60000446306800280FDA3E493F4818F09EFC72
:107B70003E4930603C4818F099FC3D4928603A483D
:107B800018F094FC3860F8BD80B219F075F8FDEE7D
:107B9000C07A288817EE906A19F06EF8FDEEC07A68
:107BA000388817EE905A19F067F8324B9E423246E9
:107BB000B8BF1A46B2F5007FFDEEC07AA8BF4FF4F9
:107BC00000729D4217EE901A2F46B8BF1F46B7F5B8
:107BD000007FA8BF4FF400778B42B8BF0B46B3F5C8
:107BE000007F1846A8BF4FF40070002EB4BF4FF0BE
:107BF000FF330123002D02FB03F3B4BF4FF0FF322C
:107C00000122002907FB02F2B4BF4FF0FF3101212E
:107C1000092B00FB01F1CCBF5B100023092ACCBF6C
:107C2000521000220929CCBF49100021FF29A8BF0A
:107C3000FF21FF2AA8BFFF22FF2B2046A8BFFF235A
:107C4000243401704270837003308442F9D10A4AAF
:107C500013780133137096E7C401002094240020A8
:107C6000902400205BCB03081EA00308C9A80308CA
:107C7000C3B1030800FEFFFF8C240020F0B52DEDFA
:107C8000028B044683B049B1034600F1240100226F
:107C90001A705A709A7003338B42F9D16B4F6C4E45
:107CA0003B686C4D002B12DA6B496C4818F0FEFBF8
:107CB0006B493060694818F0F9FB6A4928606748E9
:107CC00018F0F4FB386003B0BDEC028BF0BD3088D7
:107CD00018F0D2FF2888B0EE408A18F0CDFFFBEEF6
:107CE000046AB4EEE68AF1EE10FAB0EE407AB3EE32
:107CF000040A00F1A180B4EEC08AF1EE10FAB4EEED
:107D0000E67AD4BFF1EE487AF0EE667AF1EE10FA38
:107D10000ED4B4EEC07AF1EE10FA0CDCB1EE470AE4
:107D2000F5EEC07AF1EE10FA08DBB7EE007A07E064
:107D3000B3EE040AF4E7BBEE040AF1E7BFEE007A03
:107D400027EE277AB5EEC00A67EE277AB2EE046A0C
:107D5000F1EE10FA77EE865ADFED436AACBFB7EE6C
:107D6000007ABFEE007A27EE007AF4EEE65AF1EEE2
:107D700010FA27EE007A4FDCF5EEC05AF1EE10FA59
:107D80004CD4FCEEE55ACDED015A9DF8043084F850
:107D9000213076EE475A2370F4EEE65AF1EE10FAEF
:107DA000E3703DDCF5EEC05AF1EE10FA3AD4FCEE89
:107DB000E55ACDED015A9DF80430237276EE677ACC
:107DC000E372F4EEE67AF1EE10FAA3732CDCF5EE32
:107DD000C07AF1EE10FA29D4FCEEE77ACDED017A03
:107DE0009DF80430E37377EE067AA374F4EEE67A36
:107DF000F1EE10FA63751BDCF5EEC07AF1EE10FAC5
:107E000018D4FCEEE77ACDED017A9DF80430A37624
:107E1000637784F8203056E7FF23B8E70023B6E7FE
:107E2000FF23CAE70023C8E7FF23DBE70023D9E7E6
:107E3000FF23ECE70023EAE7B4EEE67AF1EE10FA6E
:107E4000F0EE407A3FF571AF63E700BFC00100205C
:107E500088240020842400202BAF030808A60308F0
:107E600021AF0308E7AB030800007F43F8B52DED11
:107E7000028B414F414E3B78414D04465BB941492D
:107E8000414818F013FB414930603F4818F00EFBA1
:107E9000012328603B70308818F0EEFE2888F0EE51
:107EA000408A18F0E9FEB5EE400AF1EE10FAB0EEA5
:107EB000408A5DD088EE880A2EF068FDDFED347AC6
:107EC000B5EEC08AF1EE10FA70EE277A03D59FED79
:107ED000317A77EE877A28EE088AF2EE085AA8EE11
:107EE000A88A2046002267EEA57A9FED2B7A87EEBE
:107EF000875AB1EEC87ADFED297AB4EEE77AF1EE6F
:107F000010FAD4BFBDEEC77A9FED257AB8EEC77AD6
:107F1000F0EE047A87EE276AF1EE084AB1EE466A7F
:107F200007EE902AF8EEE76AF0EE477A75EE666A99
:107F30000132F0EEE66AF4EEE46AF1EE10FAC8BF40
:107F400075EEE66A0C2AE6EE867A00F10300FDEE95
:107F5000E77A17EE903A83F30803DBB200F8033CAC
:107F600000F8023C00F8013CDAD1BDEC028BF8BD10
:107F7000DFED0C7AAFE700BFF8240020F4240020E6
:107F8000F02400202BAF030808A6030821AF030844
:107F9000DB0FC93FDB0F4940DB0FC94000007F43C7
:107FA000FF00000000000000002110B50B481EF08B
:107FB0003BF90B4B0B481B78102163B10FF0C2FD4E
:107FC000094C237833B1012323722BF01BFC0023CF
:107FD0006060237010BD0FF0B7FDF1E71581000858
:107FE00080250020000402401025002008B50B4623
:107FF00011461A18282A06D81A46044B1844FCF7CA
:108000004FFA012008BD0020FCE700BF90250020AA
:1080100008B503461046CA18282A06D80A46044955
:108020001944FCF73DFA012008BD0020FCE700BF21
:108030009025002008B50B4611461A18182A06D8B4
:108040001A46044B1844FCF72BFA012008BD002007
:10805000FCE700BFB825002008B503461046CA1843
:10806000182A08D80A4605491944FCF719FA0038B5
:1080700018BF012008BD0020FCE700BFB825002084
:1080800041B100F124020023037043708370033078
:108090009042F9D1704700007FB5174E35784DBB3F
:1080A00008F060FB154B1648ADF80E5012221A600E
:1080B0000124102302A902938DF80C400FF0F4FC68
:1080C000104818F049FE104818F046FE0F4B347067
:1080D0002246322100930E482B462CF027FC064600
:1080E0002BF090FB64230246009321462B4630463A
:1080F0002CF08EFC04B070BDB71E0020842500203B
:1081000000040240E4FA0308D4FA0308A97F000837
:1081100000BA030810B51C4B1C4A1B681268934236
:1081200005D91B480C21BDE8104008F0D7BB194AFF
:10813000194C11681360194A194852F82320C91ABA
:1081400018BF01219047237A73B12BF05BFB636862
:10815000C01A40F2DB53984209D9002121726160B4
:108160000F48242230F05AFF0D480C21DBE74FF472
:108170009673B0FBF3F203FB120164294FF0FF3159
:1081800088BF0021C9B2EBE744020020842500200B
:108190005C2500208024002010250020E401002020
:1081A000592400202DE9F04F2DED028B95B002905F
:1081B00009B30146A44A03462431002414705470C4
:1081C0009470033303F8034C03F8024C03F8014C9A
:1081D000994202F10302F1D19C4B00221A600DF08A
:1081E000F9FB00234FF47A72FDF74AF8984BC3E984
:1081F0000001984B1C60DFF85CA2DFF86092DAF8AF
:10820000003009EB8302013309EB830351681679CF
:10821000547992F806809A785B780A911343334335
:1082200000F0A7810DF0D6FB00234FF47A72FDF722
:1082300027F8864BDAF800E093ED008A844BDFEDF7
:10824000866A0791D3E90057CDE9040109EB8E0056
:108250004FF00009F0EE487ACDF80490B3EE096AC9
:1082600006EB8603DA0012EB050B47EBE37303938F
:10827000E30003F038034FEAD40C43EA581340F20A
:10828000031121244FF0170A13FB0143069208F053
:108290001F0140F20F221CFB02AC11FB02A1049A49
:1082A0009DF82BA0C3F3871393450093039A079B74
:1082B00072EB0308CCF3871CC1F387110AF00F049B
:1082C00079D3B9F1000F05D06248C0F800E06048EA
:1082D000C0E90057019B23B15C48B0EE678AC0ED4E
:1082E000007ADFF864B1009B8DF825C00BAE8DF8E5
:1082F00026308DF827103046DE464FF000089EF8F5
:10830000009080F8009008F101089EF8019080F834
:108310000190B8F10C0F9EF8029080F802900EF1D7
:10832000030E00F10300EAD11AF0100F00F02681CD
:10833000049B581B059B63EB0701FCF753FB80462E
:1083400006988946FCF71AFB02460B46404649460A
:10835000FCF7A8FCFCF736FEF7EE007A06EE900A72
:10836000002C7DD09DF82B30374903F00F0303EB31
:1083700043030BAA37EEE67A19440DF125041A449B
:10838000002011F8013B06EE103A14F8013B07EE0D
:10839000903AF8EEE77AB8EEC66A67EEA67A013050
:1083A000E7EE067A0328FCEEE77A17EE903A02F839
:1083B000013BE6D178E0002C39D1234A009B82F8BA
:1083C00000C001340C2C5370917002F10302F5D1FE
:1083D000BAF11F0F18D907EE106AB8EEC77A9DF8E8
:1083E0002B3027EE267A5B0987EE065A4FF47A7215
:1083F00013FB02F307EE103AB8EEC77A0123C5EE7D
:10840000075A019377EEA57A067A8368447A90F842
:108410000A800A930EF1010E1EB958EA040300F017
:10842000CB80039F04305D464FF0010918E7064DED
:10843000009B0AF00F0202EB4202AC1805F802C0E2
:108440006370A170C4E700BF202500201C25002018
:10845000482500205025002000007A448C2500206B
:1084600037EEE67A0BEB040C0DF1250031190022F2
:108470001CF8013B06EE103A10F8013B07EE903A6B
:10848000F8EEE77AB8EEC66A67EEA67A0132E7EE52
:10849000067A032AFCEEE77A17EE903A01F8013BE0
:1084A000E6D10334242CDDD1BAF11F0F17D9049B78
:1084B000581B059B63EB0701FCF79CFE9DF82B30D6
:1084C0004FF47A725B0913FB02F307EE903A06EE63
:1084D000900AF8EEE77A86EEA77A38EE078AF2EE8F
:1084E000087A28EE278AB7EE007AFDEEC87A0C20CB
:1084F00017EE906AF8EEE77A96FBF0F338EE678AAB
:1085000000FB136637EE487A00240BAF254673193B
:10851000013493FBF0F200FB1233029AB4FBF0F14A
:1085200003EB430300FB1141134401EB410103F151
:10853000FF3C07EB010E023305EB4505AEEB0102F4
:10854000525D06EE902A1EF8012B07EE902AF8EEF7
:10855000E77AF8EEE66A67EE277AE6EE887AFCEECE
:10856000E77A17EE902A0CF8012F6345E6D10C2C20
:10857000CCD115B0BDEC028BBDE8F08F54B90134FD
:10858000009B86F800C00C2C7370B17006F10306D6
:10859000F5D189E79DF82B2002F00F0202EB420291
:1085A00002F150030DEB0302009B02F824CC02F809
:1085B000233C02F8221C77E7074B039AC3F800E03C
:1085C000064BC3F800B05A60019B002BD1D0044B7E
:1085D000C3ED007ACDE700BF5025002048250020DC
:1085E0001C25002020F0F6B873B5134E34780CBB70
:1085F00020F0C6F80323114900934FF496722346E6
:108600000F4801942AF076FF0E4B01930E4B009316
:1086100001222346C8210D482CF0B6F905462BF05F
:10862000F1F8234602460094012128462CF0F0F987
:108630000123337002B070BDB81E00200ABA0308CF
:10864000A1880208D0250020E58500080DBA03089E
:1086500008B5044B1B6802215B689847024B186001
:1086600008BD00BF980200201C29002008B5044B5B
:108670001B6801215B689847024B186008BD00BF6A
:10868000980200201C29002008B5044B1B68032118
:108690005B689847024B186008BD00BF9802002035
:1086A0001C29002008B5044B1B6804215B6898470F
:1086B000024B186008BD00BF980200201C29002052
:1086C00010B5044C23781BB90349044826F0D4FDA7
:1086D000207810BDB91E002016BA0308B5CA0108DB
:1086E00008462BF0F5B9000070B586B0FCF7F8FE2F
:1086F0000B2102200FF0CCFC01244FF4006304A8EE
:108700000493ADF814308DF816400FF075F93F4B17
:108710003F4E18782146FCF771FE3E4B1D782146EE
:108720002846FCF76BFE3C4B00211878FCF766FEF0
:1087300000212846FCF790FE0A202BF0C9F92146BB
:108740002846FCF789FE0A202BF0C2F93349344849
:108750002CF056FD32482CF0B5FF054638B1002309
:1087600030493148337026F087FD06B070BD2C4883
:108770002CF0B2FD00220023CDE902232848DDE9D8
:1087800002232DF0A1FE294925482DF095FE284908
:1087900023482DF093FE274921482DF091FE2649CC
:1087A0001F482DF08FFE1E482DF02DF81C482DF08F
:1087B0009BFA22491A482DF07BFA194802212DF024
:1087C000EBF8174809212DF0EFF8154821462DF058
:1087D00037F842F2107112482CF0A4FE10482DF028
:1087E000F3FD174818F0B8FA20462AF04CF9154B5B
:1087F00015491860154B01930323009314482B4629
:108800004FF4E1722AF076FE3470AEE70F98030859
:10881000B91E002010980308119803084802002090
:10882000282900203DBA0308B5CA0108518600086E
:108830006D86000889860008A5860008D41F0408F4
:108840003CFB03088829002060BA03088C2900201B
:108850009D8900082DE9F8431E46164BDDF820904F
:108860001888154D14460F46FCF74AFF134B93F832
:10887000008000214046FCF7EFFD2246394628469D
:10888000FBF70EFE4A4631462819FBF709FE0C4A53
:10889000294604EB0900FCF7BFFE01214046FCF726
:1088A000DBFDFCF73DFF074A936801339360BDE8A9
:1088B000F88300BF5C020020182800200F980308EE
:1088C000542700207C0200202DE9F8431D46194B57
:1088D000089E1888184F14468846FCF711FF174B5E
:1088E00093F8009000214846FCF7B6FD4146224629
:1088F000DFF850803846FBF7D3FD324600213819A7
:1089000030F08CFB42463946A019FCF785FE324612
:1089100008EB04012846FBF7C3FD01214846FCF79C
:108920009BFDFCF7FDFE064A936801339360BDE8AA
:10893000F88300BF5C020020182800200F9803086D
:10894000600200205427002010B5094B094CD87054
:10895000094B53F83030236008481B689847236858
:1089600006485B6800219847054B1860012010BD40
:10897000BC020020980200209C0200202829002030
:108980001C29002019B9044B28221A80704701299C
:10899000FCD1014B0822F8E75C02002080B50022E0
:1089A00020210A2029F062FF494B4A4C186000231D
:1089B000E3701DF075F9484E484F30684FF0FF31B5
:1089C0002AF0D6F994F80280B8F1000F59D12AF0B4
:1089D00019FF6379054663B194F80490B9F1000F6B
:1089E0002DD000F57A750220A560FFF7ADFF84F861
:1089F00004800023DFF8008130681A46194629F008
:108A00006DFFD8F80020012100202BF07FFC0546E7
:108A1000002849D0324D30684FF0FF312AF0A8F9D4
:108A200030482DF0F8FC002330681A46194629F02A
:108A300055FF2878FCF71EFD0028ECD1BDE7A368A0
:108A40009842D6D9284B1B689B689847E37848B171
:108A500007EBC30325495A6884F80590244826F09B
:108A60000BFCC6E7581CC0B2032894BF98460120EF
:108A700005F57A75B8F1020FA560BAD8FFF764FF63
:108A8000B7E740F20113A380E3784345B1D008F182
:108A9000FF33022BADD84046FFF756FFE378154968
:108AA00007EBC3035A68D9E730684FF0FF312AF06B
:108AB0005FF90D4B0B481B6829465B6898472B46AE
:108AC000C8F800002A463068294629F007FF74E7F5
:108AD00020290020BC020020882900209C020020C0
:108AE00011980308282900209802002064BA03087E
:108AF000B5CA010886BA03081C290020F8B50D4B39
:108B00001C7805460E4694B10B4F4FF0FF31386884
:108B10002AF02EF9094B1B683146DB682846984736
:108B2000002304461A463868194629F0D7FE204625
:108B3000F8BD00BFB91E002088290020980200203F
:108B4000F8B50D4B1C7805460E4694B10B4F4FF00F
:108B5000FF3138682AF00CF9094B1B6831461B6954
:108B600028469847002304461A463868194629F0D3
:108B7000B5FE2046F8BD00BFB91E002088290020A0
:108B800098020020F8B50D4B1C7805460E4694B1AE
:108B90000B4F4FF0FF3138682AF0EAF8094B1B6899
:108BA00031465B6928469847002304461A463868D0
:108BB000194629F093FE2046F8BD00BFB91E0020DB
:108BC000882900209802002038B505460948007819
:108BD00078B1094CA01C62702570FBF761FC074856
:108BE00000231A460068214629F078FE431E5842A9
:108BF000584138BDB91E0020DC2800202029002063
:108C000008B5054B0146002218682AF011F8431EEA
:108C10005842584108BD00BF2029002007B50B4B22
:108C200000211868019101AA2BF04EFD019B4BB168
:108C30004FF0E0234FF08052C3F8042DBFF34F8F65
:108C4000BFF36F8F03B05DF804FB00BF8C290020D9
:108C500070470000014B188880B27047BC020020AA
:108C6000014B1880704700BFBC020020014B1878F0
:108C7000704700BFFC2A0020014B1879704700BFE5
:108C8000782B0020014B1878704700BFFD2A002088
:108C900070B50D4604462AF0B5FD2A460346214626
:108CA0000248BDE8704028F069BC00BF1091001078
:108CB00070B50D4604462AF0A5FD2A460346214616
:108CC0000248BDE8704028F059BC00BF1091001068
:108CD00070B50A4B0A4C1D68002201461046AB686D
:108CE00054F8046F9E42BCBF0A54431C02F10102B7
:108CF000B8BFD8B2082AF2D170BD00BFE802002088
:108D0000442C00200A460146014828F026BC00BF3A
:108D1000109100100A460146014828F01EBC00BF11
:108D20001091001003460020185401300828FBD190
:108D30007047000037B504460D462AF063FD214612
:108D400002466B46054828F0F5FB044618B1294653
:108D5000684628F03EFC204603B030BD109100105C
:108D600037B504460D462AF04DFD214602466B46B6
:108D7000054828F0DFFB044618B12946684628F06C
:108D800028FC204603B030BD1091001010B5072814
:108D90009FBF064B1B6803EB001058300C469BBF6F
:108DA0000FC884E80F000020012010BDE802002059
:108DB00038B505462AF026FD9FED0D0B0E4A0146FB
:108DC00002230E4828F01CF90D4B00241C700D4B9B
:108DD00020461C70FFF744FF42F2107128462CF029
:108DE000A1FB28462DF0F0FA074B1C7038BD00BFE0
:108DF0000000000030C12D42698E00081091001063
:108E0000752B0020542B0020FC2A002000000000BD
:108E100010B504462AF0F6FC0F4A01239FED0C0B17
:108E200001460E4828F0ECF84CF2503120462CF068
:108E300079FB20462DF0C8FA094B0A4A1A60012234
:108E400083F8252000221A7110BD00BFAFF3008007
:108E50000000000030C12D42BD8E000810910010AE
:108E6000782B00209A99193E70B5124B8CB01B6874
:108E700083620546002306468DF800300FCD01AC15
:108E80000FC40FCD0FC495E8070084E807006846BB
:108E900024F046FE96F8203096F82120013303F0A6
:108EA0000703934201BF044A02EB8303726A1A600C
:108EB0000CB070BDE0020020302B002030B50C4B10
:108EC00093F825208DB0044682B11B68836200238D
:108ED0008DF800300FCC01AD0FC50FCC0FC594E855
:108EE000070085E80700684624F01AFE0DB030BD83
:108EF000782B0020000000002DE9F04F994AD2F8AD
:108F00008834B3B00133C2F8883407462CF07CFDB6
:108F10000DF1330402460646214638462CF092FDF8
:108F20009DF84830222B40F008818F4B109C93F81D
:108F30000080E4B2B8F1000F53D0DFF84C9299F8FA
:108F40000030A34240F0F680884D38462CF075FB87
:108F50002B7899F8012023F07F0343F041032B7015
:108F60006B7803F0030363F023036B7009F10201D4
:108F7000F02305F116006B75FBF792FA7C4B00228B
:108F80001B68AA73EA732A746A74AA7499F8002099
:108F90006FF043014FF0FF3C297129756FF03000ED
:108FA00003EBC20185F80DC0E870E87453F8322075
:108FB0004B68C5F809303846C5F805202CF0ABFDE4
:108FC00038462CF091FE99F8012029461632384691
:108FD0002CF0F9FC384601212CF02AFC38462CF004
:108FE000E4FB0022002308A93846CDE908232CF031
:108FF0004BFE072C00F29A802AF004FC0246DDE9C1
:109000000801A31CCDE9040132A901EB83035948EF
:1090100053F87FACDFF868B104F1C8036B44214614
:1090200013F87F3C03F07F0306930AAB28F00AF89D
:109030000AA828F0B9FA4FF0000907464D46E9B2F0
:109040008F4234D032AAAB1C02EB830353F87F2C3F
:109050006AB105F1C8036B440AA813F87F3C079175
:1090600003F07F030093002328F015FB079932AA31
:1090700005F1140302EB430333F87F2CBAB100234C
:109080000AA828F060FB9BF800305A1C02F0070287
:10909000BA420CD132AA143302EB430313F87F2CEB
:1090A00013F87E3C42EA0323334A22F81730013595
:1090B000082DC4D1DDE904230AA9CDE900232D48F8
:1090C0002E4D5246002328F07FF9069B02930AA8F2
:1090D000DDE90423CDE900A928F098FA0AA828F0D0
:1090E000A6FA51EC100BFBF76DFF05EB8405244B42
:1090F00028604E3E002E1C7015DD9DF88130F02B4F
:1091000011D11B4B10981B68119C0DF13302083BC9
:10911000002153F8086F5D68AC4208BFB0420FD021
:1091200001310829F5D1174B01221A70404633B09E
:10913000BDE8F08F4FF0000853E74FF00008F5E767
:109140009DF88230012BEED1936D01EE103A536DF4
:1091500000EE903A136D0AA800EE103A28F04CFA8F
:10916000E1E700BF10C10010542B0020902900201F
:10917000E402002010910010FE2A0020102B002095
:10918000752B0020FC2A0020552B00202DE9F04FE4
:10919000564FD7F88834B3B001338046C7F88834C7
:1091A0002CF032FC0DF133060246314605464046AE
:1091B0002CF048FC0023002208A94046D6F80D40B8
:1091C000CDE908232CF060FD9DF84830302B5AD1B2
:1091D000DDE90823CDE90423DDF84A3006939DF844
:1091E000493003F07F0307932AF00CFBE1B20246FB
:1091F0000AABA7F5405027F025FF4FF00009C846FD
:109200000DF14F049DF84E205FFA88F39A423DD845
:10921000DDE9041212ABE41A0023CDE90012CDE916
:109220000233069A32480AA927F022FF079B0293CD
:10923000069B153DCDE900390AA8DDE904232D1B65
:1092400028F0E4F9002D1BDD04F1C8036B4413F88A
:10925000802CF02A14D113F87F3C012B10D1163446
:1092600026440AA8D6F8093001EE103AD6F805309F
:1092700000EE903AD6F8013000EE103A28F0BCF932
:109280001C4B01221A7133B0BDE8F08FD4F80220D4
:1092900094F800A042B1637803F07F030093514635
:1092A00000230AA828F0F7F994F90130002B1ADA04
:1092B000B4F806B01FFA8BF28AB1002351460AA80F
:1092C00028F041FA0AA828F06FF997F82835834268
:1092D00005D197F82935534508BFA7F84CB5083490
:1092E00008F101088EE70634FAE700BF10C100104C
:1092F00010910010782B00202DE9F04F0022C1B012
:109300000023CDE90C2305462CF07EFB0646002801
:1093100000F036810DF16B041522002120462FF05C
:109320007DFE3246214628462CF08CFBBE4AD4F8FE
:1093300005C0D2F80080D4F80930D8E9041293426D
:1093400008BF8C450DD028462CF0D4FB28462CF0C5
:10935000CBFC28462CF010FA4FF0FF3041B0BDE8AE
:10936000F08FDFF8F492D4F80D10D4F81100C9F89A
:1093700011309DF88030C9F80510022BC9F809009A
:10938000C9F80DC000F0FE80042BE5D1A74B9DF875
:1093900081201B789A4240F0F380A54BDDF88200D3
:1093A0009DF8862018601A71A24B9DF88B20DDF87D
:1093B0008700DFF8A8A21A7118609DF890308AF82B
:1093C00004309D4B23981D689C4BCAF80000186818
:1093D000DFF88C92DFF88C82281AFBF7BFFADDF8F1
:1093E0008760CDE90001DDF88200301AFBF7B6FA9C
:1093F000CDE902012398801BFBF7B0FACDE9040107
:10940000D9F800008E4E401BFBF7A8FADDE90423D3
:10941000CDE90601DDE90001FBF71AFBDDE90623D2
:10942000CDE90801DDE90201FBF712FB02460B461C
:10943000DDE90801FBF754F9DDE90423CDE9080172
:10944000DDE90001FBF74EF9DDE90223FBF74AF9FC
:10945000DDE90623FBF746F998F8005002460B4673
:10946000DDE90801FBF71EFC6BA3D3E90023FBF742
:1094700019FC6BA3D3E90023FBF7EAFAFBF7A2FD83
:1094800006EB850B2021CBF80000D4F82E206D4C84
:10949000CBF820204FF0840B0BFB05400BAAD0F833
:1094A0008030013303F01F03C0F8803028F07CFCCB
:1094B00098F800000AAA0BFB0040202128F05CFC71
:1094C00098F80030DDED0A7A0BFB034B03EB4312F7
:1094D000DBF880100A4404EB82045B4A012111701E
:1094E00006EB8306504A96ED007A126884ED007A06
:1094F00077EEC77A92F8D810F0EEE77A19B902EB56
:109500000311896DF9B1DDED0B6AB1EE006A66EE0B
:10951000866AF4EEE76AF1EE10FA14DD02EB03124C
:109520000324D06D116E0F90526E8DF848300EA846
:109530004FF07A538DF83840109111928DED137AD7
:10954000149324F0EDFA384B1B6893F8D930A3B18B
:1095500098F800308BB9DAF800303C4803F06042EC
:10956000D21AD9E9003461EB01019B1841EB0401E7
:10957000C0E90031364B01221A70364B01221A70B5
:109580000020EBE6294B9DF881201B789A42F7D109
:10959000153E032E10DD9DF88230F02B0CD108F122
:1095A0001003002653F8082F5F68B84208BF9142A5
:1095B0005AD00136082EF5D10CAC032389F81530AA
:1095C00021469DF8813089F8163028462CF05CFB46
:1095D000154B1A68D2E900310C9A5B0843EAC17353
:1095E000D21A0D9B63EB5103CDE90C2394E80300E1
:1095F000114B83E8030028462CF08DFA17222846E9
:1096000015492CF0E0F9284601212CF011F92846E3
:109610002CF0CBF8A0E600BF0000000030C12D42C6
:109620000000004A78DEB141E8020020B42B00209F
:10963000D82B0020D02B0020C82B0020E02B0020AE
:10964000082C002030020010FD2A0020A82B00204A
:10965000B02B0020B22B0020AC230020B82B002020
:10966000C02B0020B32B00209DF88330012BA3D109
:109670002AF0C8F8084B08EB06181B68C8F8580011
:1096800003EB0613D4F81920DA65D4F81D201A6606
:10969000D4F821205A668FE7E802002070B504460E
:1096A000042934D8DFE801F02A03222A2A00FFF730
:1096B00023FC1A4E1A4D40B1002333701948FFF7AE
:1096C0009FFA002330702B6010E020462CF012FA35
:1096D00020462CF009FB20462CF04EF82B68013375
:1096E000272B2B60E8DC3378002BE7D02AF08AF8B0
:1096F0000020FFF7B5FA4FF0FF3070BD2CF0FAF9FB
:1097000020462CF0F1FA20462CF036F8EEE7064918
:10971000064840F20F1225F01DF9E7E7542B002010
:10972000502B0020552B0020A1BA0308DCCB0308E6
:109730000129F8B5054619D002D90239022918D8ED
:109740002AF060F801462E4827F086FE2D48FFF7E4
:1097500057FAA8B928462CF0CDF928462CF0C4FABF
:1097600028462CF009F84FF4FA70F8BDFFF70EFD0B
:10977000E6E7254925484FF4187225F0EBF8DFE7B6
:10978000234C244E28462BF058FF2378B27923F03F
:109790007F0343F041032370637803F0030363F016
:1097A00023036370F11DF02304F116006375FAF7CB
:1097B00077FE7379C4F805306FF030000022164B45
:1097C000E0706FF04301E0744FF0FF3728462171DD
:1097D000A273E27322746274A2742175C4F8093012
:1097E00067732CF098F928462CF07EFAB279284657
:1097F000163221462CF0E7F828462BF0D6FFB2E7C8
:1098000090C500107D2B0020C7BA0308DCCB0308ED
:10981000252A0020782B00200000CFBC38B52E4B25
:109820001C680546D4F8DC00002805DA25F0D4FAD7
:1098300000F00100C4F8DC00D4E90421121841EB67
:10984000E071C4E904212548002195222FF0E6FBB0
:10985000224A412313706FF0230353706FF03003DB
:10986000D3706FF0430313711D4B0024C3E9004410
:109870001C4BC3E900441C4BC3E900441B4BC3E928
:1098800000441B4BC3E900441A4BC3E900441A4B84
:109890001C701A4B20461C70FFF7E2F9184B194850
:1098A0001C70194B202221461C702FF0B7FB202280
:1098B000214616482FF0B2FB2022214614482FF0F3
:1098C000ADFB4FF47A7128462BF02CFE28462CF085
:1098D0007BFD104B1C7038BDE8020020AC2300203B
:1098E000E02B0020D82B0020D02B0020C82B0020FC
:1098F000C02B0020B82B0020B42B0020B32B00205D
:10990000B22B0020082C0020B02B0020282C002097
:10991000482C0020FD2A00202DE9F04FDFF8348389
:10992000D8F8003087B004460D461BB929F06AFF0D
:10993000C8F80000042D00F26281DFE815F0320063
:1099400005000B0067016701204607B0BDE8F04F36
:10995000FFF7D2BC04AD294620462CF07EF8AC4B74
:109960001A68D2E90031049A5B0843EAC173D2183D
:10997000059B43EB5103CDE90423A64B5B7D012BF3
:1099800007D0032B0BD0A44B1878013807B0BDE8E3
:10999000F08FA24B95E8030083E80300F3E7A04BA8
:1099A000F8E7FFF757F99F4E9F4FA04A39780546D1
:1099B00030780123834000F1100C002940F0A4808E
:1099C00095490978002940F09F80DFF844E252F879
:1099D0002C10DEF800E09FED960ADEF808E01BB2DE
:1099E00071452DB2B7BF01319D432B4342F82C1076
:1099F000ACBFADB29DB214F017FF32788D498B5CCD
:109A000001338B542846FFF72BF929F0FBFED8F8D9
:109A1000003003F57A73984200F28480DFF838B2A0
:109A20007C4DDFF8ECA15846FFF7EAF805F10D0987
:109A3000794B05F10508002840F0A7801870DAF886
:109A40000030387093F8D9305BB17B4B1B7873B121
:109A50007A49D1E9003213F1005342F10002C1E921
:109A6000003233780133DBB2072B337001D9002386
:109A7000337020462BF0E1FD714A01236B7513789A
:109A80000133DBB21370AB75DAF80030D3E904129E
:109A9000C9F804203278C5F80D10033203EBC20177
:109AA00053F83230C5F8053020464B68C8F804300A
:109AB0002CF031F820462CF017F917225549204692
:109AC0002BF081FFDAF8003093F8D920D2B15A4A4E
:109AD0001278BAB1594AD3F8DC00D2E90032042135
:109AE000C0FB01326FF3080303F500730592049382
:109AF00006AA12E9030002AB83E8030020460CCB60
:109B00002BF0A7FE012171E01D43002342F82C3009
:109B100002EB800292ED000A14F086FEADB23278BC
:109B200048496CE729F06EFE424DC8F8000000215C
:109B30004448DFF82881DFF828E1DFED436A8C46EE
:109B400015F8013B10F8012B1344DBB208F8013B78
:109B50008BB107EE902AB8EE677A07EE903A27EEBF
:109B6000267AF8EE677A87EE276AFCEEC67ACDEDA4
:109B7000017A9DF804300EF8013B0131082905F8FF
:109B800001CC00F801CCDBD148E7012220461A7055
:109B90002BF053FDF0239BF801206B750BF10201B4
:109BA00005F11600FAF77CFCDAF80030D3E904126C
:109BB000C9F804209BF80020C5F80D10033203EB10
:109BC000C20153F83230C5F8053020464B68C8F85A
:109BD00004302BF0A0FF20462CF086F89BF80120E3
:109BE0002946163220462BF0EEFE002120462BF0AF
:109BF0001FFE20462BF0D9FD4FF0FF30C6E613497B
:109C0000134840F2B11224F0A5FEF5E70020BDE6AE
:109C1000E8020020AC230020B12B0020E02B002024
:109C2000C02B0020B32B0020B22B0020082C0020DA
:109C30000000C07FE82B0020B02B0020A82B0020C4
:109C4000B42B0020F02B00200000C842EDBA03081E
:109C5000F6E60308A02B0020FC280020002C0020A2
:109C6000F82B002030B589B0002304468DF803306E
:109C70009DF80330BBB101A9204610F0A3FE0E4BA6
:109C80009DF81F201B881341DB0720464CBFBDF900
:109C90001C5047F6FF7510F089FE204610F068FE54
:109CA000A8B209B030BD0DF10301204610F087FEC7
:109CB000012029F00DFFDBE7C804002000B52DEDE1
:109CC000028B83B01BF0ECFF31489FED328A10F01D
:109CD0006DFE2F4810F04CFE2F4810F067FE2E4806
:109CE00010F046FE2D4810F061FE2C4810F040FEAA
:109CF0002B4810F05BFE2A4810F03AFE294810F07D
:109D000055FE284810F034FE29F07CFD01906421B6
:109D100001A829F093FE1E48FFF7A4FF00EE100AE9
:109D2000B8EEC00A002080EE080A1AF08FF81A4830
:109D3000FFF798FF00EE100AB8EEC00A012080EE8F
:109D4000080A1AF083F81548FFF78CFF00EE100A96
:109D5000B8EEC00A042080EE080A1AF077F810481E
:109D6000FFF780FF00EE100AB8EEC00A022080EE76
:109D7000080A1AF06BF80B48FFF774FF00EE100AA0
:109D8000B8EEC00A032080EE080A1AF05FF8BEE7BA
:109D9000E014001000007A443C110010980D0010EF
:109DA000F40900105006001038B50446202015466E
:109DB00008F0E6FC022029F08BFE2046064906F05A
:109DC000EDFB2A46044628B10449054825F054FA1B
:109DD000204638BD0349F8E79005002011BB030871
:109DE000B5CA01082ABB030838B51A4D1A4C2B789E
:109DF0000BB1207838BD194B194A1B7819482370CC
:109E00001021FFF7D1FF2378174A18402070022154
:109E10001648FFF7C9FF2378154A18402070012122
:109E20001448FFF7C1FF2378134A184020704021DF
:109E30001248FFF7B9FF2378114A18402070042117
:109E40001048FFF7B1FF23781840012320702B70D2
:109E5000D0E700BFB92C0020B82C0020BA1E00208B
:109E6000489A0308E01400104E9A03083C110010B1
:109E70009EEA0308980D0010539A0308F409001095
:109E8000589A03085006001037B50E4D2C78B4B917
:109E900008F064FC6FF05701202008F067FC5721A0
:109EA000202008F087FC01232B7003230093064930
:109EB0000648019423464FF4967229F01BFB03B029
:109EC00030BD00BFBA1E002045BB0308BD9C000882
:109ED00070B53D4E337833B13C493D4825F0CCF95F
:109EE0000024204670BD3B4B102120201D7808F037
:109EF00047FC39493948012206F080F90446002818
:109F000048D03749324825F0B7F92C4602212020A5
:109F100008F036FC30493348012206F06FF9054657
:109F200000283CD030492A4825F0A6F925460121D1
:109F3000202008F025FC28492C48012206F05EF973
:109F4000044688B32A49224825F096F92C46402138
:109F5000202008F015FC20492648012206F04EF981
:109F6000054630B324491A4825F086F925460421D0
:109F7000202008F005FC18492048012206F03EF98F
:109F80000446D8B11E49124825F076F92C46012323
:109F90003370A6E71B490E4825F06EF9B6E71A495B
:109FA0000B4825F069F9C2E71849094825F064F91A
:109FB000CDE71749064825F05FF9D8E71549044869
:109FC00025F05AF9E3E700BFBA2C002048BB03088C
:109FD000B5CA0108BB1E002090050020282D0020D6
:109FE0006FBB0308102D0020A9BB0308F82C00202C
:109FF000E1BB0308E02C002015BC0308C82C00209E
:10A000004DBC03088BBB0308C4BB0308FABB0308A1
:10A0100030BC030869BC030807B51BF041FE1A48B1
:10A020001A4C002106F027FA1948002106F023FAFD
:10A030001848002106F01FFA1748002106F01BFA05
:10A040001648002106F017FA29F0DCFB01903221B6
:10A0500001A829F0F3FC0C4806F060FA20800C48B7
:10A0600006F05CFA0E4B18800A4806F057FA0D4BC2
:10A070001880094806F052FA0B4B1880074806F082
:10A080004DFA0A4B1880E2E7282D0020C42C00204E
:10A09000102D0020F82C0020E02C0020C82C0020DF
:10A0A000C22C0020C02C0020BE2C0020BC2C002084
:10A0B00037B50E4D2C78B4B908F050FB6FF057014E
:10A0C000202008F053FB5721202008F073FB0123C8
:10A0D0002B700323009306490648019423464FF44E
:10A0E000967229F007FA03B030BD00BFBB1E0020F6
:10A0F0001CB5030819A00008014B28221A807047DC
:10A10000D8310020014B08221A807047D831002036
:10A1100029F0DEBC08B5054B1888FBF7F1FA044BB3
:10A1200000211878BDE80840FBF796B9D831002027
:10A130000C98030810B4064A93680B4404469360D5
:10A140000846044A21465DF8044BFBF765BA00BF98
:10A1500034050020DA3100201FB50B4A8DF80700C6
:10A16000936801339360094A9368013393600DF15A
:10A1700007010DF10F020120FBF74EFA9DF80F00C9
:10A1800005B05DF804FB00BF180500203405002071
:10A19000074B10B5012104461878FBF75DF914B19F
:10A1A000FF20FFF7D9FFBDE81040FBF7B9BA00BFA9
:10A1B0000C98030838B5094A93680B4405460C46C9
:10A1C000936007480A464FF0FF312EF027FF2A46DA
:10A1D00020460349BDE83840FBF71EBA18050020A9
:10A1E000DA31002010B5FBF77BF9074B28221A80E3
:10A1F000064B1C7801212046FBF700F9204601217F
:10A20000BDE81040FBF728B9D83100200C980308AE
:10A2100008B5084B01221A70074B00221A70074B31
:10A22000186829F041FA064B64211868BDE8084017
:10A2300028F09EBD98370020502D0020542D00207E
:10A24000442D002010B5044C23781BB90349044861
:10A2500025F012F8207810BDBC1E002087BC030832
:10A26000B5CA010837B51A4D2C7844BB194816F009
:10A2700073FD012028F007FC174B1860012028F01F
:10A2800002FC164B214618600322012028F0EEFA4A
:10A29000134B14491860012213480CF08DFD04463D
:10A2A00088B91249124824F0E7FF012300931149AD
:10A2B0001148019423464FF4967229F01BF90123AB
:10A2C0002B7003B030BD0D49094824F0D5FFF6E7E7
:10A2D000BC1E00204CFB0308702D00206C2D0020BC
:10A2E000442D0020DCCB03089C2F0020AFBC0308CA
:10A2F000B5CA0108C9BC0308E5AA0008D0BC030818
:10A30000014801F097BF00BFCC04002037B50A46D2
:10A3100004460D4601AB01460C480CF00FFF024607
:10A3200040B10B490B4824F0A7FF0B4B00221A70D9
:10A3300003B030BD2A462146084824F09FFD084A54
:10A34000019993680B449360F2E700BF742D0020DD
:10A35000ECBC0308B5CA0108502D0020482D002090
:10A36000FC04002002680023C0E90222C3800382AB
:10A37000704770B58388C4881B1B9BB29A4215D85E
:10A380008E18B14204D1C3881A44C280012070BD26
:10A39000C36811F8014B1C70C368056884880133D9
:10A3A0002C44A34208BF2B46C360EAE70020EEE737
:10A3B0002DE9FF470446884615460BF00BFB404B42
:10A3C0001B78CDE90201002B76D03E4E3E4F33681C
:10A3D000DFF8FC90386801334FF0FF31336028F02C
:10A3E000C7FCB9F8063023B1384B186808B129F01A
:10A3F0005BF9B9F80630B9F80420D21AA3882B44C7
:10A4000092B20A339A421DDB23883148ADF80630F8
:10A4100002220DF10601FFF7ACFF08222C480DEBDC
:10A420000201FFF7A6FF25B129482A464146FFF75A
:10A43000A0FF04F104080025A378AB420BDC73688D
:10A4400001337360002338681A46194604B0BDE82A
:10A45000F04728F043BA38F8029F484616F058F8FB
:10A46000072822D84FF0010A0AFA00F313F0C80FA8
:10A4700015D113F0240F0CD113F0120F15D048464C
:10A4800016F092FB524601461148FFF772FF013564
:10A49000D2E7484616F088FB02220146F4E7484618
:10A4A00016F082FB04220146EEE70A490A484FF4FF
:10A4B000037224F04FFAEAE704B0BDE8F08700BF6A
:10A4C000502D0020DC3300206C2D0020542D002066
:10A4D000582D00200CBD0308F6E60308F8B50C4D16
:10A4E000044615F029F9696900222E26D3B2994253
:10A4F00000D8F8BD7343EF1801323F8B8742F5D186
:10A500001833227CE168E818BDE8F840FFF750BF37
:10A51000E433002010B50346C08858B1986808603D
:10A52000D968884207D2091A1180D96899601288BF
:10A530001A82012010BD9C8819682144091A1180D3
:10A540001968F3E7C388028A9B1AC3800023038239
:10A55000704700002DE9F04FCFB0BE4B00930122B1
:10A5600000236421BC482AF0E1F9044629F04AF9A5
:10A57000002302460093012120462AF049FA3220A6
:10A5800029F0A6FAB54B1B7803F0FF05002B40F02D
:10A59000F181284629F032FBB14B1B78002BF1D01A
:10A5A000B04CB14F2068B14E4FF0FF31C7E90055B4
:10A5B00028F0DEFBAE48FFF7D5FE29462B462A469B
:10A5C000206828F08BF9AB4B4FF0FF31186828F06A
:10A5D000CFFBA94B1D605FFA85F8013516F80830EE
:10A5E000002BF8D108F1FF35A04808A90CF06CFF4A
:10A5F00000284AD09D49A1480A220CF001FC0546DA
:10A60000002840F0AD81994A9D499E4824F034FECF
:10A610009D4824F011FC4FF00208BC23012105A83D
:10A620008DF81430FFF772FE41460DF11600ADF8BB
:10A630001680FFF76BFE06A8736903804146FFF79B
:10A6400065FE924E0DF11A08BDF81830AB422ADCB7
:10A6500008AD07AE824B1B78002B40F02C812068A0
:10A660004FF0FF3128F084FB814832462946FFF73E
:10A6700051FF0346002800F0498128683188FFF720
:10A6800045FE7B48FFF75EFFEEE7735D392B03BFA6
:10A6900030237355A8F10202013309BFB35C73552F
:10A6A0000133B354A0E736F8040C15F051F816F84E
:10A6B000023CA8F8003081460221301FFFF726FE39
:10A6C00036F8042C4FF6FF739A4214D170480F21CC
:10A6D000FFF71CFE02214046FFF718FEB9F1000FFC
:10A6E0006BD1B2464FF0000916F8023C4B4567DCCF
:10A6F00001352E36A8E7D9F800A05046F9F780FFBB
:10A70000411C5046FFF702FEB8F8002099F80830C7
:10A710001344A8F80030DDE742238DF820300121F2
:10A7200008A8FFF7F3FD5B480221FFF7EFFD0AF1F0
:10A73000010A99F808305345D3DDD9F8043003EB0A
:10A74000CA03D3F804B05846F9F75AFF01465846F1
:10A75000FFF7DCFD50480121FFF7D8FDD9F80430A0
:10A7600013F83A30013B072B20D801A252F823F00E
:10A7700019A7000895A700089DA7000891A7000841
:10A7800099A70008A1A70008A5A70008A9A7000885
:10A790006223C2E74823C0E76823BEE74923BCE73A
:10A7A0006923BAE76623B8E76523B6E73B493C4827
:10A7B0004FF4697224F0CEF8B1E74FF0000AB8E721
:10A7C0003AF802BF08AA07A9584616F0C5F9079B30
:10A7D00003931846F9F714FF039B01461846FFF749
:10A7E00095FD01212F48FFF791FD089B0393184623
:10A7F000F9F706FF039B01461846FFF787FD264839
:10A800000121FFF783FD584615F082FE0138062826
:10A810004AD8DFE800F004151913171B1D00422366
:10A820008DF8153001210DF11500FFF76FFD194866
:10A830000221FFF76BFD09F1010955E76223EFE7FC
:10A840004823EDE76823EBE74923E9E76923E7E7D6
:10A850006623E5E701A300082EBD03089837002012
:10A86000502D00206C2D0020DC330020E43300202C
:10A87000582D0020702D00204C2D0020742D00201C
:10A8800037BD0308B5CA0108482D00200034002058
:10A890004CBD0308C2EE03085BBD03080CBD0308F2
:10A8A000F6E603085DBD03083B493C4840F2CB3265
:10A8B00024F050F8B6E7002029F0A0F94FF0FF315E
:10A8C000206828F055FA324629463548FFF722FE1F
:10A8D000002380461A462068194627F0FFFFB8F18A
:10A8E000000F3FF4B7AE31882868FFF70FFD2068EE
:10A8F0004FF0FF3128F03CFA2948FFF723FE0023F0
:10A9000020681A46194627F0E9FFA3E602460146E9
:10A91000206827F0E3FF234824F0C4FA04213060C4
:10A920003046FFF7F3FC20480CF01BFD1F4829467A
:10A930000CF0CAFD1E4A08B92B6813603B680193EE
:10A940007B6800931268194B1A491B4824F094FC49
:10A950001A4800231A461946006827F0BFFF11E67F
:10A960000022174910460CF027FA104A15491248E0
:10A9700024F082FC144B1B7833B114480023006888
:10A980001A46194627F0AAFF114B002018604FB055
:10A99000BDE8F04F28F0DCBD0CBD0308F6E6030867
:10A9A000582D0020482D0020742D0020E433002075
:10A9B0004C2D00205FBD0308B5CA0108702D002092
:10A9C000DCCB03088CBD030898370020442D002001
:10A9D000542D0020014801F0BDB900BFCC04002077
:10A9E000014801F085BA00BFCC040020084611469A
:10A9F0001A46014B01F07FBACC04002008461146EC
:10AA00001A46014B01F0C0BACC040020084611469A
:10AA1000014A01F014BB00BFCC040020004870477D
:10AA2000000021482DE9F74F0025DFF870B00446FB
:10AA300092460646A9462F4601F1FF38B8450EDD7D
:10AA4000012201AB0DF1030150460CF0C3FA019A4B
:10AA5000012A20D19DF803300A2B06D1C5B9204622
:10AA60000023337003B0BDE8F08F1BF80310090713
:10AA7000E4D4232B05D1002F08BF45F001059146F2
:10AA8000DCE7B9F1000FD9D106F8013B0137D5E772
:10AA90000025A946D2E70020E2E700BF51240408C0
:10AAA000014B1878704700BF502D0020014BD87C17
:10AAB000704700BFE4330020014BD889704700BFC6
:10AAC000E4330020064890F8B033132B07D82E2229
:10AAD00002FB0300002211461830FFF769BC7047E3
:10AAE000E43300202DE9F0418CB028F08BFEB3490F
:10AAF0000290B34824F0C0FB1BF0D2F80AF044F8EF
:10AB0000002800F0BB80AF49AF4801220CF078F973
:10AB10000446002840F00781AB4A202104A8FFF733
:10AB200081FF002800F0FF800A2203A92EF03AFAE4
:10AB3000012840F0F880A44A202104A8FFF772FF02
:10AB4000002800F0F0800A2203A92EF02BFA9F4F74
:10AB50009D4A38820D213846FFF764FF002800F037
:10AB6000E2803846F9F74CFD0A2828BF0A203B1836
:10AB700030223A5420215A7004A8934A9C70FFF75F
:10AB800051FF002800F0CF800A2203A92EF00AFA14
:10AB9000003818BF01201423B87487F8B0338A4AEC
:10ABA0007C610A23202104A8FB81FFF73BFF07F10A
:10ABB00018050446002C00F0A88085490322204691
:10ABC0002EF016FB00286ED1033482492046F9F797
:10ABD000F7FA002857D17C4A202104A8FFF722FF6A
:10ABE000002800F092800A2203A92EF0DBF9764AB1
:10ABF000F881202104A8FFF715FF002800F08580C8
:10AC00000A2203A92EF0CEF94FF6FF73F8742B80B9
:10AC10007B69DFF8C08187F8B0330023AB70AB806D
:10AC2000694A202104A8FFF7FDFE044600285DD0F4
:10AC3000674903222EF0DCFA002857D02046F9F7A6
:10AC4000DFFC0328ECD9234600261A46013611788A
:10AC50002E2903F101032DD1002313702644314620
:10AC6000204615F023FC4FF6FF73984226D15A492F
:10AC700053483346224624F0FFFAD1E7642102A864
:10AC800028F0DCFE3AE7204614F076FD064628B1AF
:10AC900014F052FD2880D6F80080BEE74F4948489E
:10ACA000224624F0E9FA484A202104A8FFF7BAFE18
:10ACB00004467FE7B042C8D80026D0E7AB78132B14
:10ACC0000CD805EB43010133C880AB7015F020FCB4
:10ACD00015F074FFAB881844A880A1E7404900969E
:10ACE00023464246364824F0C7FA99E77D69132D7A
:10ACF00006D801352E237D6103FB0575183559E70C
:10AD000038492F48424624F0B7FA2F480CF029FB67
:10AD10003549002014F05AFD3449294824F0ACFA92
:10AD2000334B01221A70324B1B784BB931492448FE
:10AD300024F0A2FA002028F00BFC0CB0BDE8F08152
:10AD4000224C2D49228A1E4824F096FA208A27F0A8
:10AD500083FB054600282ED028491948284F24F0A7
:10AD60008BFA284A238A1560C2E90255264D938042
:10AD70000026A37C2548D68016823E602B7007F003
:10AD8000B7FDCDE900673346214922484FF4E1720F
:10AD900028F0B0FB2E784FF47A78E189B8FBF1F116
:10ADA00002A828F04BFE2B78C3B3E37C022B3CD1E6
:10ADB000FFF788FE39E01849B9E700BFAABD0308CC
:10ADC000B5CA01087ABE0308742D0020E4330020C0
:10ADD000C1BD03084CBD0308DCBD0308C5BD0308A5
:10ADE000FDBD030830BE0308DDA4000862BE0308F1
:10ADF000402D002085BE03089FBE0308BCBE03088B
:10AE0000542D0020582D0020502D002011A20008A4
:10AE1000C8BE030855A50008D1BE03082EB1386886
:10AE200028F042FC2B78002BBFD12E78B5E700BF6D
:10AE3000F7B51C4B1B7804460F4615461BB900247A
:10AE4000204603B0F0BD184E0021306827F090FF77
:10AE500001280246F3D1154915480BF0D1FFF0B98E
:10AE6000214613480CF08CFA0446A8B9394610481C
:10AE700001AB2A460CF0AEF807460D480CF071FA0B
:10AE80001FB9019C631B5C425C41002330681A4679
:10AE9000194627F023FDD3E705480CF062FA002499
:10AEA000F3E700BF402D0020702D0020E433002088
:10AEB000742D002030B52DED048B83B01AF0F0FE18
:10AEC000122200212548254D254C9FED269A05F09C
:10AED000B9F90E220121214805F0B4F91F480021DB
:10AEE00005F0C9FA28F08EFC0190A98A01A828F083
:10AEF000A5FD1A4805F012FB07EE900AB8EEE70A26
:10AF0000208080EE090A052018F0A0FF238840F673
:10AF1000B7329342E9D807EE903AB8EE678ADFED90
:10AF2000127A124B28EE278AF7EE008AD3ED007AC8
:10AF300038EE680A20EE270A2BF0CCFBDFED0C7A06
:10AF400070EE288A68EEA78A28F05CFCF0EE680AAA
:10AF5000B0EE480A18F08CFFC7E700BF9C3700200E
:10AF6000B437002000007A446F12833AB8370020CB
:10AF70000AD7233B37B50C4D2C789CB90B490C48AC
:10AF8000012205F03BF9022300934FF49672234609
:10AF900008490948019428F0ADFA084B084A1A609C
:10AFA00001232B7003B030BDBD1E00209005002092
:10AFB0009C370020DFBE0308B5AE0008B83700207C
:10AFC00048B56941034B187810B1034804F012BC2E
:10AFD000704700BFBD1E00209C370020014B187831
:10AFE000704700BFBE1E002037B5124D2C78BCB98B
:10AFF0001149124805F0D2FAA0B11149114824F0C4
:10B000003BF9022300934FF4967223460E490F48F2
:10B01000019428F06FFA0E4B0E4A1A6001232B7030
:10B0200003B030BD0C49074803B0BDE8304024F000
:10B0300023B900BFBE1E0020900500208418001018
:10B04000E7BE0308B5CA010800BF03085DB00008E9
:10B05000BC3700206BF73A4009BF030830B52DED2F
:10B06000028B8BB01AF01CFE33480FF09FFC0221BC
:10B0700031480FF0F1FA46F2A8112F480FF028FBE3
:10B080002D480FF075FC28F0BDFB0290192102A895
:10B0900028F0D4FC00238DF807309DF80730002BF2
:10B0A00041D003A92448254D0FF08CFCBDF8244065
:10B0B00021480FF07BFC20480FF05AFC07EE904A25
:10B0C000B8EEE70ADFED1E7A2C8080EE270A052015
:10B0D00018F0BCFE2B8841F287329342D6D807EE97
:10B0E000903AB8EE678ADFED177A174B28EE278A79
:10B0F000F0EE047A78EE677A93ED000A27EE800A84
:10B100002BF0E8FAF7EE007A70EE278ADFED0F7A7F
:10B1100068EEA78A28F076FBF0EE680AB0EE480ADF
:10B1200018F0A6FEB2E70DF1070103480FF047FC47
:10B13000012028F0CDFCB0E784180010B6370020BD
:10B1400000007A446F12833ABC3700200AD7233BB1
:10B15000F0B501218BB003200CF0A0FE01210A20E4
:10B160000CF0B4FE4B4C4C4E0425A38854F80C0B49
:10B1700002A9CDE902360CF097FC013DF5D102227F
:10B18000114646480CF0E7FC4448022203210CF02B
:10B19000E2FC4348022205210CF0DDFC404802227B
:10B1A00004210CF0D8FC53224FF6FF7307A93D4849
:10B1B000ADF82450CDE907238DF826500CF0B4FFEC
:10B1C00007A9394801240CF0AFFF08270DF112013F
:10B1D0003448ADF81270ADF81450ADF81640ADF823
:10B1E0001850ADF81A500DF041F90C230DF1120171
:10B1F0002C48ADF812300DF039F90DF112012A4842
:10B20000ADF8125004260DF031F90DF11201264867
:10B21000ADF812600DF02AF932238DF804300DEBF1
:10B2200006000A238DF806308DF805508DF807408A
:10B230000CF0BEFD1D230DEB06008DF804300CF064
:10B24000B7FD214617480CF0B8FF214616480CF010
:10B25000B4FF2246394613480DF06DF922461148D5
:10B2600010210DF068F9224621460E480DF063F9D1
:10B2700022460D4802210DF05EF9224631460A4869
:10B280000DF059F90848224621460DF054F90BB04B
:10B29000F0BD00BF60050020020300010000024075
:10B2A00000040240000C00400004004070B5424819
:10B2B00008210DF050F901282DD108213E483F4DBD
:10B2C0000DF054F93C480DF09DF84FF4006184B244
:10B2D00039480DF039F900B12C80298838482C8084
:10B2E0000268631A9BB2A14228BF03F1FF333549BC
:10B2F00002F0010628BF9BB221F8163001324B88BC
:10B3000002600A881A44304BB3FBF2F32F4A1380D1
:10B310002F4B02221A60284810210DF01CF9012839
:10B320002DD1102124482B4D0DF020F922480DF08D
:10B330006BF84FF4805184B21F480DF005F900B14D
:10B340002C80298824482C800268631A9BB2A14271
:10B3500028BF03F1FF33214902F0010628BF9BB249
:10B3600021F8163001324B8802600A881A44164BC5
:10B37000B3FBF2F31A4A13801A4B02221A6001211E
:10B380000D480DF0E8F80128014614D10A480DF0E7
:10B39000EDF80F4A1368013B002B1360BEBF0B4B47
:10B3A00000221A800F4A1368013B002B1360BEBFB6
:10B3B0000B4B00221A8070BD000C0040EA370020C1
:10B3C000D4370020E437002000879303C6370020DD
:10B3D0005C050020E8370020C8370020D83700205F
:10B3E000C03700205805002070B5424802210DF0FA
:10B3F000B2F801282DD102213E483F4D0DF0B6F89C
:10B400003C480CF0FBFF4FF4007184B239480DF05A
:10B410009BF800B12C80298838482C800268631A78
:10B420009BB2A14228BF03F1FF33354902F0010668
:10B4300028BF9BB221F8163001324B8802600A887F
:10B440001A44304BB3FBF2F32F4A13802F4B0222E6
:10B450001A60284804210DF07EF801282DD104211E
:10B4600024482B4D0DF082F822480CF0C9FF4FF410
:10B47000806184B21F480DF067F800B12C802988E4
:10B4800024482C800268631A9BB2A14228BF03F1B2
:10B49000FF33214902F0010628BF9BB221F8163084
:10B4A00001324B8802600A881A44164BB3FBF2F350
:10B4B0001A4A13801A4B02221A6001210D480DF01E
:10B4C0004AF80128014614D10A480DF04FF80F4AF6
:10B4D0001368013B002B1360BEBF0B4B00221A8088
:10B4E0000F4A1368013B002B1360BEBF0B4B0022B9
:10B4F0001A8070BD00040040EE370020D0370020D5
:10B50000E037002000879303C43700205405002053
:10B51000EC370020CC370020DC370020C237002079
:10B520005005002013B5144684421A4601DB8C42B4
:10B5300009DDCDE9001403460449054823F09CFECB
:10B54000002002B010BD0120FBE700BF24BF0308AC
:10B55000B5CA0108024B1860024B0C221A707047E2
:10B56000F03700204E38002010B50849084C094833
:10B57000097800682346002200F096FE20B120786A
:10B58000A0F148035842584110BD00BF4E3800207A
:10B5900010380020F037002013B5084C084909483E
:10B5A0000094097800680023022200F09CFE2078B5
:10B5B000003818BF012002B010BD00BF10380020B5
:10B5C0004E380020F0370020F7B50A4C00940746AB
:10B5D0000E460948094900680978154606230322E2
:10B5E00000F04FFE23883B8063883380A3882B8044
:10B5F00003B0F0BD10380020F03700204E38002096
:10B6000013B5084C084909480094097800680323D9
:10B61000092200F068FE2078003818BF012002B02F
:10B6200010BD00BF103800204E380020F037002039
:10B63000034903460348097800680A2200F099BECE
:10B640004E380020F037002007B506490090064824
:10B650000978006806230C2200F097FE03B05DF81D
:10B6600004FB00BF4E380020F037002013B52A49F4
:10B670002A48097800680DF101030A2200F014FE3F
:10B680000446002845D00020FFF7D2FF0120FFF735
:10B69000DBFF1820FFF7CCFFFFF7B2FF1524FFF701
:10B6A0007BFF48B30DF1060201A90DF10200FFF77F
:10B6B0008BFF0020FFF7BCFF194BBDF90220C8210A
:10B6C0006FF0C700FFF72EFFF0B1164BBDF9042055
:10B6D000C8216FF0C700FFF725FFA8B1124BBDF9D5
:10B6E000062012491248FFF71DFF044660B11149B8
:10B6F000114823F0C1FD08E0013C14F0FF04D1D053
:10B70000012028F0E5F9CAE700249DF80100FFF7C1
:10B710008FFF204602B010BD4E380020F0370020C9
:10B7200068C103086EC1030874C10308E0FCFFFF91
:10B7300080F3FFFF62BF0308B5CA010813B50024F8
:10B740001A48019402210CF006FFE8B14FF4007191
:10B7500016480CF0F9FE15480CF050FE144A1388F8
:10B7600080B2C31A10801348ADF8023001AA2346F4
:10B770000DF10201006827F099F90F4B0B480122E7
:10B7800002211A700CF0F2FE084801210CF0E3FED1
:10B7900048B1094B094A1978117004480022012167
:10B7A0001A700CF0E3FE02B010BD00BF0020004094
:10B7B000583800205C3800205738002056380020C8
:10B7C00038B5084D2B7804464BB9074815F0C4FA34
:10B7D000064B1C60064B50221A7001232B7001206F
:10B7E00038BD00BFBF1E00205CFB0308F4370020FB
:10B7F0004F3800201FB5084B187850B10DF10F03DA
:10B80000064907480093097800680123002200F0E8
:10B810007BFD05B05DF804FBBF1E00204F38002003
:10B82000F437002010B5FFF7E5FF044628B10449BE
:10B83000044823F021FD204610BD0349F8E700BF6E
:10B840007BBF0308B5CA010899BF030807B51346B3
:10B850008A18B2F5005F0AD200900A4605480649E8
:10B860000068097800F050FD03B05DF804FB00208B
:10B87000FAE700BFF43700204F3800202DE9F04FE1
:10B880008B188FB0B3F5005F03900E4614462FD28D
:10B89000DFF894A0DFF894B04FF000090CB9012054
:10B8A00027E0039B012503EB090206AB12F8011BFD
:10B8B00003F8011B16FA85F7A9B2A5420291BFB29F
:10B8C00003D0F80605F1010116D14FF00A0806ABC6
:10B8D00000939AF80010029BDBF80000324600F05B
:10B8E000A0FD58B9062028F0F3F8B8F10108EED110
:10B8F00000200FB0BDE8F08F0D46D7E71E269AF85E
:10B900000010DBF800000DF11703012200F00FFD1D
:10B9100028B9012028F0DCF8013EF0D1E8E7A9447D
:10B92000641B3E46BAE700BF4F380020F4370020C2
:10B930002DE9F0411E4E3578C5BB1E4C01214FF458
:10B9400080400CF0B7FA01270623A57020460D258C
:10B950002370E77065700CF02BFA072320462370E4
:10B9600065700CF025FA08232046237065700CF0F2
:10B970001FFA0923204623704FF00A0865700CF067
:10B9800017FA04232046637084F800800CF010FA44
:10B9900017232046237065700CF00AFA28232046EE
:10B9A00084F8018023700CF003FA3770BDE8F08151
:10B9B000C01E0020603800207047000008B5054B0D
:10B9C0004022C3F8802101200CF068F8FFF7F4FF53
:10B9D00008BD00BF00E100E07047000008B5054B5E
:10B9E0008022C3F8802102200CF058F8FFF7F4FF02
:10B9F00008BD00BF00E100E07047000008B5054B3E
:10BA00004FF48072C3F8802104200CF047F8FFF750
:10BA1000F3FF08BD00E100E07047000008B5054BEA
:10BA20004FF40072C3F8802108200CF037F8FFF7BC
:10BA3000F3FF08BD00E100E0704703F053BD0000D4
:10BA400008B5054B4FF48062C3F8802110200CF03C
:10BA500025F8FFF7F2FF08BD00E100E070477047EE
:10BA6000704770477047000008B51E4B4FF4000246
:10BA7000C3F8802120200CF00FF8012804D12020E9
:10BA80000CF00CF8FFF7EAFF40200CF005F8012855
:10BA900004D140200CF002F8FFF7E1FF80200BF00A
:10BAA000FBFF012804D180200BF0F8FFFFF7D8FF3F
:10BAB0004FF480700BF0F0FF012805D14FF4807037
:10BAC0000BF0ECFFFFF7CDFF4FF400700BF0E4FF3D
:10BAD000012805D14FF400700BF0E0FFFFF7C2FF23
:10BAE00008BD00BF00E100E07047704770470000EC
:10BAF00007B50023019309F06DFF0B4BC3E900016B
:10BB00000A4B01A9186827F039F8019B4BB14FF097
:10BB1000E0234FF08052C3F8042DBFF34F8FBFF3E3
:10BB20006F8F03B05DF804FBA04E00209C500020F6
:10BB300070470000014B1B681B6B18479851002091
:10BB40007047000008B5274B4FF48072C3F884217A
:10BB50004FF480600BF0A0FF012805D14FF4806006
:10BB60000BF09CFFFFF7C0FF4FF400600BF094FF59
:10BB7000012805D14FF400600BF090FFFDF74EF85F
:10BB80004FF480500BF088FF012805D14FF480500E
:10BB90000BF084FFFFF7A9FF4FF400500BF07CFF80
:10BBA000012805D14FF400500BF078FFFFF7A0FFFC
:10BBB0004FF480400BF070FF012805D14FF4804016
:10BBC0000BF06CFFFFF7B6FF4FF400400BF064FF83
:10BBD000012805D14FF400400BF060FFFFF7B0FFE4
:10BBE00008BD00BF00E100E038B504460D46E3683B
:10BBF000FF209847FF2800D025B9A0F1FF03584245
:10BC0000584138BDA36900209847236A012098470E
:10BC1000E3699847013DEAE783690120184738B591
:10BC20000446C3699847E368FF2098474FF4FA71C8
:10BC30002046FFF7D9FF054610B92046FFF7ECFF75
:10BC4000284638BDF8B50F464FF4FA71054616463A
:10BC5000FFF7CAFF0446B8B1EB6830469847FD2E9F
:10BC600012D04FF400716B6938469847EB68FF209B
:10BC70009847EB68FF209847EB68FF20984700F053
:10BC80001F04631F5C425C412046F8BD73B5164635
:10BC90000A0605460C4607D500223721FFF7F6FFB6
:10BCA000012832D804F07F044FF4FA712846FFF7D8
:10BCB0009BFF01282DD144F040038DF80230330E54
:10BCC0008DF80330330C8DF80430330A8DF80530CD
:10BCD0008DF80660DCB1082C0CBF872301238DF89A
:10BCE000073006216B690DF1020098470C2C02D138
:10BCF000EB68FF2098470A24EB68FF20984703066B
:10BD000003D5013C14F0FF04F6D102B070BD9523B9
:10BD1000E5E70020F9E7022370B504460D46164614
:10BD20008362E368FF209847FF2803D1A06A0028B8
:10BD3000F7D170BDFE280BD13146236928469847BC
:10BD4000E368FF209847E368FF2098470120F0E769
:10BD50000020EEE7F7B50446002800F0C480036831
:10BD6000984794F8243013F0020304D094F8240088
:10BD7000C0B203B0F0BD5D4E327802B1337063687B
:10BD800098472046FFF748FF0A25E368FF20013D5A
:10BD9000984715F0FF05F8D1E369984740238DF8DF
:10BDA000023095238DF803508DF804508DF805501E
:10BDB0008DF806508DF80730062163690DF10200F9
:10BDC00098474FF40055E368FF209847012801D0B9
:10BDD000013DF8D12046FFF71FFF012320463370B5
:10BDE000FFF71DFF01287CD1002211462046FFF7F6
:10BDF0004DFF0128054610D0002584F82550204627
:10BE0000FFF70AFF002D6CD0A368984794F8243000
:10BE100003F0FE0384F82430A8E70A23A3624FF45A
:10BE2000D57208212046FFF731FF01283AD10DF1E4
:10BE3000020637460425E368FF209847013D15F0C8
:10BE4000FF0507F8010BF6D19DF80430012BD4D182
:10BE50009DF80530AA2BD0D1A36A3BB14FF08042A8
:10BE6000A9212046FFF712FF0028F5D1A36A002B75
:10BE7000C3D000223A212046FFF708FF0028BCD19A
:10BE80000425E368FF209847013D15F0FF0506F8FB
:10BE9000010BF6D19DF8023013F0400F0CBF0425C2
:10BEA0000C25AAE70022A9212046FFF7EFFE012872
:10BEB0009ABFA92602252E46A36A33B10022314635
:10BEC0002046FFF7E3FE0028F6D1A36A002B93D0AB
:10BED0004FF4007210212046FFF7D8FE00288BD1C6
:10BEE0008BE7012396E7042043E700BF6438002076
:10BEF00090F824007047F8B507460D4614461E46D4
:10BF0000002B3DD0002A3BD093F82430DA0739D4F7
:10BF100096F8253030461B0758BF4D02FFF77FFECD
:10BF2000012812D1012C2A4613D111213046FFF7E6
:10BF3000ADFE38B94FF4007239463046FFF7EBFEDC
:10BF400080F001043046FFF767FE201E18BF012075
:10BF5000F8BD12213046FFF799FE0028F2D14FF4C8
:10BF6000007239463046FFF7D6FE18B1013C07F59E
:10BF70000077F4D100220C213046FFF787FEE1E77D
:10BF80000420E5E70320E3E7F8B507460D4614462D
:10BF90001E46002B4DD0002A4BD093F82430D907F1
:10BFA00049D496F824305A0747D496F825303046BD
:10BFB0001B0758BF6D02FFF732FE012811D1012C7B
:10BFC00013D12A4618213046FFF760FE78BBFE22C7
:10BFD00039463046FFF736FE80F001043046FFF761
:10BFE0001BFE201E18BF0120F8BD96F8252012F078
:10BFF000060F04D0224697213046FFF747FE2A4617
:10C0000019213046FFF742FE0028E7D1FC223946CD
:10C010003046FFF717FE18B1013C07F50077F5D160
:10C02000FD2200213046FFF70DFE0028D6D1012465
:10C03000D4E70420D8E70320D6E70220D4E7F0B500
:10C04000074685B00E461446002A00F0ED8092F8AF
:10C05000245015F0010540F0E9801046FFF7DFFDA0
:10C06000012840F0E580042F00F2DC80DFE807F0D3
:10C07000030CDA509E004FF4FA712046FFF7B4FD2E
:10C0800080F00105EDB206E0002209212046FFF70D
:10C09000FDFD30B101252046FFF7BEFD284605B065
:10C0A000F0BD102269462046FFF735FE0028F1D08A
:10C0B0009DF800209DF807309209012A0BD1BDF8A8
:10C0C00008201B0452BA03F47C1313FA82F30133E1
:10C0D0009B023360DFE79DF808209DF80A109B0063
:10C0E00003EB92139DF80620920202F440620133A2
:10C0F00013449DF8052002F00F0202EBD1129DF8C7
:10C1000009104900073A01F006010A449340E0E7AC
:10C1100094F8252012F004021DD000228D21204623
:10C12000FFF7B4FD0028B5D1E368FF20984710223F
:10C1300069462046FFF7EFFD0028ABD03027E368C3
:10C14000FF20013F984717F0FF07F8D19DF80A201C
:10C1500010231209DAE709212046FFF797FD00288E
:10C1600098D1102269462046FFF7D5FD002891D0CE
:10C1700094F825209DF80A309DF80B1092070AD5F7
:10C180009DF80D205B0003F07E0303EBD1139209B1
:10C190000133013ABAE7CA0002F01802C3F384037C
:10C1A00002EB5112013302FB033392E794F825307E
:10C1B00013F0060F3FF46EAF224669460B20FFF7DF
:10C1C0003EFF00287FF466AF9DF80A309DF80020FE
:10C1D00003F0400353EA92133FF45CAFD6E9002525
:10C1E00094F825301B0758BF52024FF0200120461B
:10C1F00058BF6D02FFF74AFD00287FF44BAF2A4677
:10C2000021212046FFF742FD024600287FF442AF7D
:10C2100026212046FFF73AFD00287FF43BAF47F286
:10C2200030512AE7042536E7042537E7032535E7AB
:10C23000012533E7836A9BB213B1013B9BB2836252
:10C24000C36A9BB213B1013B9BB2C36290F8243026
:10C2500003F0F90380F82430704708B500F07EFB46
:10C26000012008BD10B588B00446009303A813460A
:10C27000012200F089FB03A9204600F0D3FB08B09F
:10C2800010BD10B58AB004460C98CDE901300123E9
:10C29000009305A81346002200F09CFB05A9204648
:10C2A00000F0C0FB0AB010BD07B500930123FFF7F3
:10C2B000E8FF03B05DF804FB37B51C460DF107033A
:10C2C0009DF81850FFF7F0FF58B10123621CAB40F6
:10C2D000521B9DF80710013B93400B401341079AF6
:10C2E000137003B030BD1FB51C460DF10F03009352
:10C2F0000123FFF7C6FF9DF80F300122A240134033
:10C30000069A137004B010BD10B58AB004461046EA
:10C310000C9ACDE9013201220346009205A800F0F3
:10C3200059FB05A9204600F07DFB0AB010BD10B5F1
:10C3300088B00446009303A81346002200F024FBB3
:10C3400003A9204600F06EFB08B010BD10B58AB0FE
:10C35000044610460C9ACDE90132002203460092B1
:10C3600005A800F037FB05A9204600F05BFB0AB0EA
:10C3700010BD1FB58DF80F300DF10F030093012391
:10C38000FFF7E4FF05B05DF804FB2DE9F7439DF8E6
:10C390002890984601240DF1070305460E461746DE
:10C3A00004FA08F4FFF780FF9DF80730B9F1000F99
:10C3B0000BD02343DBB23A46314628468DF807308E
:10C3C000FFF7D7FF03B0BDE8F08323EA0403F2E7E9
:10C3D0002DE9F3411C460DF107039DF82080054629
:10C3E0000E461746FFF760FFC0B1631C01249DF89D
:10C3F000242004FA08F4A3EB0803013C9C409A4073
:10C400009DF80730D2B2224023EA04031343314699
:10C410003A4628468DF80730FFF7ABFF02B0BDE87B
:10C42000F08110B58AB004460C98CDE901300023A4
:10C43000009305A81346012200F0CCFA05A9204676
:10C4400000F0F0FA0AB010BD03681B6840F2012248
:10C450001A800368002218684FF4C0610BF055BCC5
:10C4600010B5036804460021186C0BF039FA2368F4
:10C47000996C186C0BF0BEFA2368002118680BF059
:10C480002CFC2368002118680BF033FC2368002281
:10C49000BDE81040186C14210BF064BA2DE9F0418E
:10C4A00006460F4609F096FA42F2117804460D4608
:10C4B000394630460BF040FB40B909F08BFA001BBF
:10C4C00061EB0503404573F10003F1D3BDE8F08152
:10C4D0002DE9F0410368044688B0586A01210BF049
:10C4E000DDFC2368012158690BF0D8FC2368012189
:10C4F00058680BF0EBFC02A80BF018FB40F201238C
:10C50000ADF80C3001238DF80E30236802A9DA69EA
:10C51000986902920BF0C8FA236802A9DA6A986A4D
:10C5200002920BF0C1FA23689F6AB3F82C809D69D0
:10C530009E8B414638460BF005FB414638460BF0D2
:10C54000FBFA3146002800F0A28028460BF0FAFAE8
:10C550000A2022F0D0FF414638460BF0F5FA0A20B7
:10C5600022F0C9FF314628460BF0EEFA0A2022F0ED
:10C57000C2FF414638460BF0E5FA314628460BF03B
:10C58000E1FA31462846FFF789FF41463846FFF772
:10C5900085FF02238DF80C30236802A9DA699869B7
:10C5A00002920BF081FA236802A9DA6A986A029271
:10C5B0000BF07AFA236893F83420198C98690BF001
:10C5C000CAFA236893F83420198E986A0BF0C3FADC
:10C5D000236818680BF0D2FA394A3A4BCDE90523A3
:10C5E0004FF48043ADF81C3023681A690492186830
:10C5F00004A90BF0F3FA236801224FF48071186844
:10C600000BF083FB2368002501269B688DF8003022
:10C61000072768468DF801708DF802508DF8036089
:10C620000BF0C6FB23686846DB688DF800300BF022
:10C63000BFFB23683146986B0BF030FC2368DA6B44
:10C64000C4F8C8201A68C4F8DC501032C4E9332595
:10C650004FF48062C4E938254FF40032C4E93555FF
:10C66000C4E93A55C4E93C25C4E93E55C4F8005133
:10C670005B6C8DF8043001A88DF805708DF80650BC
:10C680008DF807600BF094FB08B0BDE8F0812846F8
:10C690000BF058FA31462846FFF700FF0A2022F037
:10C6A0002AFF314628460BF04FFA0A2022F023FFDA
:10C6B000284631460BF046FA0A2022F01CFF3CE7E0
:10C6C0000000FFBF3000000407B5002301A901935B
:10C6D00026F054FA019B4BB14FF0E0234FF080520B
:10C6E000C3F8042DBFF34F8FBFF36F8F03B05DF816
:10C6F00004FB10B503680446D96C186C0BF002F902
:10C7000030B12368D96C186C0BF074F90123E37213
:10C710002368996C186C0BF0F5F808B10023E372EC
:10C720002046FFF79DFE206AFFF7CEFF2046BDE8BA
:10C730001040FFF789BEF8B5026804461068818A88
:10C740008BB211F001011DD00023A361A37A106800
:10C7500023B1628A4FF6FF739A4208D0217A4900CA
:10C76000002201F0FE01BDE8F8400BF09DBA012166
:10C770000BF0A2FA217A236849001868012201F01F
:10C78000FE01F0E79E0749D5A57A638A4FF6FF724E
:10C7900085B193421CD0028B227CBAB1190A0BF0EE
:10C7A00097FA2368A17C18680BF092FA4FF6FF7392
:10C7B000638202E09342018BEED123680122186864
:10C7C0004FF48061BDE8F8400BF09FBAD9B2EBE7B7
:10C7D0006368012B1ED10BF06FFA236800221868E2
:10C7E0004FF4C0610BF091FA23680122186C1421F8
:10C7F0000BF0B8F82368012118680BF06EFA236873
:10C800000121186C0BF06CF8BFF35F8F23681B6875
:10C810001B8BF8BD01210BF06CFADEE713F0040668
:10C8200020D0038B5D070BD5A37A012B13D140F2E7
:10C830000113038023681A681388D905FCD4E8E73C
:10C84000D4E905656B1CA3610BF044FA7055A2692D
:10C8500063689A42EED1206AFFF736FF2046FFF761
:10C86000F3FDE7E713F040050DD0D4E905756B1C27
:10C87000A3610BF02FFA7855A26963689A42C8D178
:10C88000236832469BE71B06C3D5A37A012B03D14D
:10C890002A464FF4806195E7D4E90523591CA1612C
:10C8A000D15C0BF015FAA26963689A42B1D1236892
:10C8B0002A4618684FF480610BF027FABFF35F8FA8
:10C8C000A7E7000010B503682049044618680BF07C
:10C8D00025FA70B1637A5A1E6272002B2CD023683D
:10C8E0001B6840F201121A802368184918680BF07F
:10C8F0002FFA2368164918680BF010FA20B1236844
:10C90000134918680BF024FA2368124918680BF0D1
:10C9100005FA20B123680F4918680BF019FA23684B
:10C920000D4918680BF0FAF978B123680A491868BC
:10C93000BDE810400BF00CBA0123206AE372FFF748
:10C94000C3FE2046FFF780FDCEE710BD00040010B7
:10C9500000010010000800100002001013B504468A
:10C96000FFF7B6FD0022032311460093012004F1D6
:10C97000240325F02DFF04F178012062012026F028
:10C980006DF8606702B010BD2DE9F041DDF8188048
:10C990001D4608F17043B3F5803F04460F46164626
:10C9A00005D20A490A484FF4B97221F0D3FF002397
:10C9B00023734FF6FF72E37102232771A671E281A0
:10C9C0002560C4F810806371BDE8F081B9BF030829
:10C9D000DCCB03082DE9F041DDF820801D4608F18D
:10C9E0007043B3F5803F04460F46164605D20B4907
:10C9F0000B484FF4C37221F0ADFF9DF81830A371BE
:10CA0000079B23600023E371022327712673E581CE
:10CA1000C4F810806371BDE8F08100BFB9BF03089E
:10CA2000DCCB030838B50D4604464FF0FF31406FAC
:10CA300026F09EF92946231D05F1140251F8040B36
:10CA400043F8040B9142F9D1636903F17043B3F5E4
:10CA5000803F04D223492448C42221F07BFFA57AD9
:10CA6000012D10D1D4E90032C4F8D8206269C4F88D
:10CA7000D020186C04F1C8010AF008FF2368294689
:10CA8000186C0AF02DFF2368002218684FF48061AB
:10CA90000BF03BF92368012218684FF400710BF08A
:10CAA00034F923681B6840F201121A80206A4FF49F
:10CAB0007A7126F05DF901280BD1E57AB5FA85F592
:10CAC0006D090023606F1A46194625F007FF2846B6
:10CAD00038BD2046FFF7C4FC2046FFF7F9FC0025CF
:10CAE000EFE700BFB9BF0308DCCB03080148FFF73D
:10CAF000E9BE00BF900500200148FFF71CBE00BF43
:10CB0000900500200148FFF7F4BD00BF900500200C
:10CB10000148FFF7D7BE00BF940600200148FFF789
:10CB20000ABE00BF940600200148FFF7E2BD00BF27
:10CB300094060020174B70B553F82060731E5E42B8
:10CB40005E41052892B005460C4610D108F0C2FAA5
:10CB500068B174400023C4F118040DF106008DF88B
:10CB600006408DF8073008F0BBFA12B070BD0A4BD2
:10CB700053F82500094BB44233F8251004D012B005
:10CB8000BDE870400AF0DEBF12B0BDE870400AF0A8
:10CB9000DBBF00BF04FD030834FD03081CFD0308D0
:10CBA000052838B504460D4604D908490848E0224E
:10CBB00021F0D0FE074B1B782BB9062C03D8294651
:10CBC0002046FFF7B7FF044B1D5538BDD6BF0308FD
:10CBD000EFBF030865380020663800202DE9F743D1
:10CBE000134D2C7804BB01210C200BF057F9DFF812
:10CBF0004C80104F40F20119264658F8043B57F874
:10CC0000040B00936946ADF804908DF806600AF0B5
:10CC10004BFFE0B200210134FFF7C2FF062CECD13C
:10CC2000054B1E7001232B7003B0BDE8F08300BFDD
:10CC3000C11E002034FD0308653800201CFD0308D8
:10CC4000012108B50846FFF7ABFF01210320FFF7DC
:10CC5000A7FF00210220FFF7A3FF00210420FFF718
:10CC60009FFFFA2026F034FF00210120FFF798FFF4
:10CC700000210320FFF794FF01210220FFF790FF1E
:10CC800001210420FFF78CFFFA2026F021FF00216C
:10CC90000120FFF785FF00210320FFF781FF00211E
:10CCA0000220FFF77DFF00210420FFF779FF01211B
:10CCB0000020FFF775FF01210520FFF771FF014BF1
:10CCC000187808BDC11E002070B5164D164B95F999
:10CCD00000101A78002913DA012A1CBF01221A70E9
:10CCE00000240126297806FA04F31940003918BFF8
:10CCF0000121E0B20134FFF71DFF062CF2D170BD17
:10CD0000002AFCD00024094D1C7015F8011B0039C5
:10CD100018BF0121E0B20134FFF742FF062CF4D125
:10CD2000EDE700BF6C380020653800206638002031
:10CD300008B500210120FFF733FF00210320FFF792
:10CD40002FFF01210220FFF72BFF01210420FFF715
:10CD500027FF0021BDE808400846FFF721BF00007B
:10CD600070B50A4E14461D4602460B4608483178F7
:10CD7000FFF7DDFA48B144B13DB1317804482B46A4
:10CD80002246BDE87040FFF76DBA70BD50380020F4
:10CD900090050020094901230B700423D822000CC0
:10CDA0004B7000234A7188711A4609208B70CB7032
:10CDB0000B71CB710B72FFF7D3BF00BF6D38002032
:10CDC000034607480021012281700171052141714C
:10CDD00002704270C27001460620FFF7C1BF00BF5B
:10CDE0006D38002013B50DF10700FFF7E9FF044689
:10CDF0009DF80730DB0702D4204602B010BD0120A9
:10CE000026F066FE0DF10700FFF7DAFF0440E4B2FA
:10CE1000EEE70000064A064901231370537006200E
:10CE200000239370D370137150711A46FFF798BFA7
:10CE30006D380020044B1A7822B9044A2F21117052
:10CE400001221A7001207047C21E002050380020B5
:10CE5000B0F5003F2DE9F04705460E46904604D256
:10CE60001A491B489C2221F075FDB6F5807F04D934
:10CE7000164918489D2221F06DFD37B2FFF7CAFF11
:10CE8000154C3B1D1BB26370C3F30723A370022331
:10CE9000637101222B0C4FF000092270A3713246FE
:10CEA0002B0A414604F10900E37184F8039084F8E9
:10CEB00004902572F7F7F4FA07F109004B464A4649
:10CEC000214680B2BDE8F047FFF74ABFFDBF030827
:10CED00020C0030836C003086D38002007B50023C2
:10CEE0001A460DF1070101208DF80730FFF738FFD2
:10CEF00003B05DF804FB07B544F202220346ADF827
:10CF000006200DF1060101220220FFF729FF03B0E0
:10CF10005DF804FB10B40C460B49134601220A705D
:10CF200004224A7000228A70220A0A7103224A717E
:10CF3000020C8A71020ACA710872CC70224609205A
:10CF40005DF8044BFFF70CBF6D3800200649012344
:10CF5000AB220B704B7000234A7106201A468B706F
:10CF6000CB700B71FFF7FCBE6D38002010B5FFF7DA
:10CF700051FF4FF40030FFF70DFF0446FFF732FF7B
:10CF80000440FFF747FF4FF44030FFF703FFE4B2E0
:10CF90000440FFF727FF204010BD000010B5074CEC
:10CFA00023784BB9064B1860064B5D2205201A709A
:10CFB00026F08EFD01232370012010BDC31E00202A
:10CFC000F8370020513800201FB50D4B1B781BB9D6
:10CFD000002005B05DF804FB0DF10F0309490A4874
:10CFE00000930978006801230F22FFF74AF900280F
:10CFF000EED09DF80F00A0F1BD0358425841E8E77C
:10D00000C31E002051380020F837002010B52DED48
:10D01000028BB4EEC01AF1EE10FA86B0B0EE408A80
:10D02000F0EE608A044604D4B4EEE01AF1EE10FA91
:10D030001BDD11EE100AF7F7B3FCCDE9040118EE81
:10D04000900AF7F7ADFCCDE9020118EE100AF7F7E8
:10D05000A7FC2246CDE900010549064822F00CF95B
:10D06000002006B0BDEC028B10BD0120F9E700BF27
:10D0700053C00308B5CA01087FB51C4A034610789F
:10D0800060B31B4D1B4E286831780DF10F043BB384
:10D09000C6238DF80F30202201230094FFF756F9A4
:10D0A00000940F2331788DF80F3010220123286867
:10D0B000FFF74CF90094C32331788DF80F302E22FE
:10D0C00001232868FFF742F900944023317828684B
:10D0D0008DF80F3021220123FFF738F904B070BD1D
:10D0E0008DF80F30009401232022F5E7C31E0020A5
:10D0F000F837002051380020D0ED007AF5EEC07AE4
:10D10000F1EE10FA08B514DD9FED0B0ADFED0B0A06
:10D1100080EE270A29F06EFBF7EE007A70EE677A50
:10D120009FED077A67EE877A9FED067A87EE870A8A
:10D1300008BD9FED050AFBE7CDEC7D4454D4423E8B
:10D1400033139543F4FDD43B000000002DE9F04378
:10D1500085B0DFF89890DFF898800DF10B0300930D
:10D1600005460F46164699F80010D8F8000003232C
:10D17000A822FFF786F80DF10E03009399F800102E
:10D1800004460223D8F80000AB22FFF77AF89DF896
:10D190000C309DF80D20DFED136A1B0243EA0243B9
:10D1A0009DF80B20134307EE903ABDF90E3007EEC1
:10D1B000103AFAEECA7AB8EEC77AC5ED007AC7EE31
:10D1C000267A04402846E4B29FED077A77EE877A04
:10D1D000C7ED007AFFF790FF204686ED000A05B004
:10D1E000BDE8F0830000F04300002A4251380020DF
:10D1F000F83700201FB5114B1B78D3B103AA02A941
:10D2000001A8FFF7A3FF0E489DED011ADFED0D0AFF
:10D210009FED0D0AFFF7FAFE58B10C489DED021A7A
:10D22000DFED0B0ABBEE040A05B05DF804EBFFF777
:10D23000EDBE002005B05DF804FB00BFC31E00205A
:10D24000C6A50308008089440000E1439AC0030892
:10D250000000A04210B503282DED068B0446B0EE69
:10D26000408AB0EE609A04D92A492B48962221F0D0
:10D2700071FB2A4B1B6853F824301B78002B41D1DB
:10D28000F0EE007AB4EEE79AF1EE10FA3FD4DFED5B
:10D29000249A9FED247AC8EE297A67EE877A9FED6B
:10D2A000227AF4EEC77AF1EE10FA30D49FED1F7AAD
:10D2B000DFED1F6A37EE677ADFED1E7AE7EE667AFA
:10D2C0009FED1D7AC7EE878ADFED1C7A78EEA78A7C
:10D2D000DFED1B7AE8EEA87AB1EEE7AA38EE8A0A0B
:10D2E00029F0F0FAB0EE408A38EECA0A29F0EAFADC
:10D2F000DFED147A38EE000A30EE270A80EE098A54
:10D3000028EE298AB0EE480ABDEC068B10BD9FEDD1
:10D310000E8AF7E7A6C00308C2C0030880390020C0
:10D3200000FF7F476666E63D0AD7A33CA7FC72BCB8
:10D33000E47E923C56CB64BA488D5F399A1C8D3F8F
:10D34000A9EB7940B33A843F0000000038B52D4B7B
:10D350001B7805460C46002B2CD0032805D92A49FA
:10D360002A4840F2DF1221F0F5FA294B1B78012BF5
:10D3700021D1284B33F81540274B23F81540274B74
:10D380001B6853F82530DA6C986A1B78012B01BFB3
:10D3900042F604114C434FF6FF73B4FBF3F406BF9F
:10D3A000091989B2210A904725B908F013FB1C4BD3
:10D3B000C3E9000138BD022B02D1164B1C88DBE704
:10D3C000032BD9D1174C5DB905F08CFAD4ED007A56
:10D3D0009FED157A30EE670AE0EE077AC4ED007A29
:10D3E0000C4BD4ED000A1B8800EE103A2846B8EE2C
:10D3F000400AFFF72FFFBCEEC00A10EE103A9CB2B5
:10D40000BAE700BFC41E0020A6C00308C2C00308BC
:10D41000943900208C390020843900208039002084
:10D4200078390020980700200AD7233C70B5074DB3
:10D430000024204655F8046B15F0AAFB0134014680
:10D440003046FFF783FF042CF3D170BD74FD030851
:10D450002DE9F043634F3E788BB0002E40F0BF8043
:10D46000614D62492860036861481A78614B002A5F
:10D4700008BF19460A46604921F0FEFE2B681B686A
:10D4800093F82230BBB1012104200AF007FD684661
:10D490000AF04CFB4FF400440123584800946946BD
:10D4A000ADF804308DF806300AF0FEFA53483246E3
:10D4B00021460AF04BFB0024DFF844814FF00109BC
:10D4C00026462B681B59012158680AF0E7FC2B6897
:10D4D0001B59012198690AF0E1FC2B681B590121B5
:10D4E000586A0AF0F3FC2B681B591B8CB3B16846D1
:10D4F0000AF01CFB2B688DF804908DF806601A5911
:10D50000128C00921B596946D8690AF0CDFA2B6833
:10D510001B590122198CD8690AF018FB68460AF0D9
:10D5200005FB40F20233ADF804302B681A5912693A
:10D530008DF806201A59928900921B5969469868FD
:10D540000AF0B2FA2B681B591A7DD98998680AF03B
:10D5500002FB2B681A59526B03921A59ADF81060EE
:10D56000128FADF80820ADF80A608DF812601B59D3
:10D5700002A9986A0AF0D8FD2B68CDF814800796A6
:10D580001A59928DADF820204FF48072ADF8242006
:10D590001B5905A95A6D986A90472B681B59082199
:10D5A0009A6D986A04349047102C8AD100242B6815
:10D5B0001B590121986A04340AF0FFFD102CF6D1A2
:10D5C00001243C70FFF732FF2B681B6893F8223070
:10D5D0002BB10A4822464FF400410AF0B7FA0BB0CB
:10D5E000BDE8F083C41E002080390020DDC00308A0
:10D5F000B5CA0108D5C00308E7C003080008024007
:10D600006000010038B5064D00242B681B5901212C
:10D61000986A04340AF081FF102CF6D138BD00BF9F
:10D6200080390020032810B5044605D909490A4865
:10D6300040F2332221F08EF9084B09491B6853F858
:10D64000242092890A6053F82430BDE8104098687D
:10D650000AF02ABAA6C00308C2C003088039002015
:10D66000A8070020032810B5044605D90B490C482B
:10D6700040F23A2221F06EF90A4B0B491B6853F82D
:10D68000242092890A6053F8242012698A7153F881
:10D690002430BDE8104098680AF006BAA6C0030816
:10D6A000C2C0030880390020A0070020032810B55D
:10D6B000044605D90849094840F2422221F04AF9B6
:10D6C000074B1B6853F824300122BDE810409989AC
:10D6D00098680AF03BBA00BFA6C00308C2C003089E
:10D6E00080390020032810B5044605D90A490B48A3
:10D6F00040F2292221F02EF9094B1B6853F82430FF
:10D700000021986A0AF009FF2046FFF78BFF2046A8
:10D71000BDE81040FFF7CABFA6C00308C2C0030897
:10D7200080390020032810B5044605D90849094866
:10D730004FF4127221F00EF9074B1B6853F8243096
:10D740000022BDE81040998998680AF0FFB900BF2F
:10D75000A6C00308C2C0030880390020032810B502
:10D76000044605D90849094840F24E2221F0F2F852
:10D77000074B1B6853F82430998998680AF0DCF944
:10D78000003818BF012010BDA6C00308C2C003089E
:10D7900080390020032810B5044605D904490548FE
:10D7A00040F25A2221F0D6F8034B33F8140010BD92
:10D7B000A6C00308C2C003088439002003282DE94D
:10D7C000FF410446884617461D4605DD1A491B4899
:10D7D00040F2632221F0BEF8194E336853F824302A
:10D7E0001B78DBB901A80AF0DDFC3368B8F1000F43
:10D7F00017D00422ADF80420124AB2FBF7F292B21D
:10D80000029253F8243001A9986A0AF08DFC33681B
:10D8100053F824302946DA6C986A904704B0BDE882
:10D82000F08153F82420526B029253F82420128F77
:10D83000ADF80420E5E700BFA6C00308C2C0030896
:10D8400080390020005900012DE9F843134FDFF81B
:10D850005480DFF8549000243B6853F824301E783D
:10D86000AEB958F8245039F8142040F275730121EC
:10D870002846FFF7A3FF322026F02AF92846334630
:10D8800032463146FFF79AFF962026F021F90134FF
:10D89000042CE1D1024B1878BDE8F88380390020D0
:10D8A000C41E002074FD03086AFD030803280CD879
:10D8B000084B1B6853F820301B78012B07D0064A11
:10D8C0000648002B18BF10467047034870470448AD
:10D8D000704700BF803900204CFD030860FD03083D
:10D8E00056FD0308054B1A7832B9054A1060054AFF
:10D8F0006921117001221A70704700BFC61E0020F6
:10D90000003800205338002010B52DED028BB4EE06
:10D91000C01AF1EE10FA86B0B0EE408AF0EE608ADE
:10D92000044604D4B4EEE01AF1EE10FA1BDD11EE59
:10D93000100AF7F735F8CDE9040118EE900AF7F769
:10D940002FF8CDE9020118EE100AF7F729F8224660
:10D95000CDE900010549064821F08EFC002006B003
:10D96000BDEC028B10BD0120F9E700BF07C1030821
:10D97000B5CA01082DE9F04FDFF838B4DFF830A45C
:10D980009BF80010DAF80000A5B000240DF11F0389
:10D9900019220994ADF82840FEF786FC9BF8001088
:10D9A000DAF8000008AB1A22FEF77EFC9BF80010A4
:10D9B000DAF800000DF121031B22FEF775FC9BF83D
:10D9C0000010DAF800000DF122031D22FEF76CFCB6
:10D9D0009BF80010DAF800000DF123031C22FEF77B
:10D9E00063FC9BF80010DAF8000023461922FEF7CA
:10D9F000C0FC9BF80010DAF8000002231A22FEF7A0
:10DA0000B8FC9BF80010DAF8000001231B22FEF797
:10DA1000B0FC9BF80010DAF8000002231D22FEF78C
:10DA2000A8FC01239BF80010DAF800001C22FEF786
:10DA3000A0FCC823029326462746A046A1462546B9
:10DA400009AB00939BF80010DAF8000006233B2294
:10DA5000FEF717FCBDF82430DBBA1D44BDF82630B4
:10DA60000F95DBBA9944BDF82830CDF84090DBBA69
:10DA7000984409AB0093432206239BF80010DAF880
:10DA80000000CDF84480FEF7FCFB9DF924209DF8B2
:10DA9000253043EA02231F449DF926209DF82730B4
:10DAA0000C9743EA02231E449DF928209DF8293053
:10DAB0000D9643EA02231C44029B0E94013B029301
:10DAC000BED10DF13C090DF130084346494603240F
:10DAD000C820013C0A6892FBF0F241F8042B1A6856
:10DAE00092FBF0F243F8042BF3D19BF80010DAF824
:10DAF0000000AF4DE0231C22FEF73BFCE0239BF827
:10DB00000010DAF800001B22FEF733FC192025F084
:10DB1000DFFFC823CDE90443CDE90244264627466A
:10DB200009ABA44900930978286806233B22FEF735
:10DB3000A8FBBDF82430029A9E49DBBA1A44BDF80E
:10DB4000263002921292039ADBBA1A44BDF82830AA
:10DB50000392DBBA1F4409AB0093139206234322BE
:10DB6000097828681497FEF78CFBBDF82430049AD6
:10DB7000DBBA1E44BDF826301596DBBA1A44BDF850
:10DB800028300492DBBA1C44059B1692013B179483
:10DB90000593C5D112AF15AE334639460324C820CC
:10DBA000013C0A6892FBF0F241F8042B1A6892FBE0
:10DBB000F0F243F8042BF3D19BF80010DAF80000E0
:10DBC00023461C22FEF7D5FB9BF80010DAF8000074
:10DBD00023461B22FEF7CDFB192025F079FF9BF889
:10DBE0000010DAF800000DF12A030D22FEF75CFBAD
:10DBF0009BF80010DAF800000DF12B030E22FEF75F
:10DC000053FB9BF80010DAF800000BAB0F22FEF775
:10DC10004BFB9BF80010DAF800000DF12D032246B3
:10DC2000FEF742FB9BF80010DAF800000DF12E031E
:10DC30000122FEF739FB9BF80010DAF800000222FF
:10DC40000DF12F03FEF730FB1EAADFF888C10DF19E
:10DC50002A01104611F8013B13B1013B3CF8133087
:10DC600040F8043B0134062CF4D1DFED536A18ACC4
:10DC70001BA84FF0030A52F804CB59F804EB57F8ED
:10DC8000043B9168E644A3EB0E0307EE903A07EEDF
:10DC900010CAF8EEE77AB8EEC77A67EEA67A56F8B9
:10DCA000043B58F804CB87EE876AA3EB0C035B1A9E
:10DCB000BAF1010A07EE903A07EE101AF8EEE77A89
:10DCC000B8EEC77A67EEA67AA4EC016A87EE876A97
:10DCD000A0EC016ACFD19DF81F309BF80010286896
:10DCE0001922FEF746FB9DF820309BF800102868AB
:10DCF0001A22FEF73EFB9DF821309BF800102868A1
:10DD00001B22FEF736FB9DF822309BF80010286896
:10DD10001D22FEF72EFB9DF823309BF8001028688B
:10DD20001C22FEF726FB25489DED1B1AF2EE0C0A7D
:10DD3000BAEE0C0AFFF7E8FD18B9002025B0BDE8DF
:10DD4000F08F1F489DED1C1AF2EE0C0ABAEE0C0A79
:10DD5000FFF7DAFD0028F0D01A489DED1D1AF2EE0B
:10DD60000C0ABAEE0C0AFFF7CFFD0028E5D01648E2
:10DD70009DED181AF2EE0C0ABAEE0C0AFFF7C4FD7C
:10DD80000028DAD011489DED191AF2EE0C0ABAEE0D
:10DD90000C0AFFF7B9FD0028CFD09DED1A1A0C48E8
:10DDA000F2EE0C0ABAEE0C0AFFF7AEFDC6E700BFB2
:10DDB00000380020533800200000C8424FC103083B
:10DDC00056C103085DC1030864C103086AC10308A2
:10DDD00070C10308F4FE03080349034603480978A9
:10DDE00000681922FEF7C5BA533800200038002019
:10DDF00007B5032301900649064800930978006897
:10DE000002231A22FEF7E4FA03B05DF804FB00BF18
:10DE1000533800200038002007B50223019006493E
:10DE2000064800930978006804231B22FEF7D0FA05
:10DE300003B05DF804FB00BF533800200038002019
:10DE400007B5022301900649064800930978006847
:10DE500004231C22FEF7BCFA03B05DF804FB00BFEC
:10DE6000533800200038002007B5022301900649EE
:10DE7000064800930978006800231D22FEF7A8FADF
:10DE800003B05DF804FB00BF5338002000380020C9
:10DE900007B5064900900648097800680623242241
:10DEA000FEF773FA03B05DF804FB00BF533800209F
:10DEB0000038002007B50649009006480978006838
:10DEC00004232422FEF761FA03B05DF804FB00BFCF
:10DED000533800200038002007B50423019006497C
:10DEE000064800930978006803232422FEF770FA9D
:10DEF00003B05DF804FB00BF533800200038002059
:10DF000003280B460AD800EB400000F12502044923
:10DF1000044809780068D2B2FEF72BBA704700BFF8
:10DF2000533800200038002003280B460AD800EBA5
:10DF3000400000F126020449044809780068D2B282
:10DF4000FEF717BA704700BF533800200038002092
:10DF5000032807B50CD800EB4000009100F1270220
:10DF600005490648097800680723D2B2FEF70DFA82
:10DF700003B05DF804FB00BF5338002000380020D8
:10DF8000032807B50ED800EB4000019100F12702ED
:10DF90000423064906480093097800680323D2B297
:10DFA000FEF716FA03B05DF804FB00BF53380020FB
:10DFB0000038002007B50523019006490648009364
:10DFC0000978006804233422FEF702FA03B05DF8F2
:10DFD00004FB00BF533800200038002007B5064975
:10DFE000009006480978006807233722FEF7CDF92C
:10DFF00003B05DF804FB00BF533800200038002058
:10E0000007B50649009006480978006806233722BC
:10E01000FEF7BBF903B05DF804FB00BF53380020E6
:10E020000038002007B506490090064809780068C6
:10E0300005233722FEF7A9F903B05DF804FB00BF02
:10E04000533800200038002007B5064900900648E4
:10E050000978006804233722FEF797F903B05DF8CA
:10E0600004FB00BF533800200038002007B50649E4
:10E07000009006480978006801233722FEF785F9E9
:10E0800003B05DF804FB00BF5338002000380020C7
:10E09000034903460348097800683822FEF769B946
:10E0A000533800200038002007B506490090064884
:10E0B0000978006800233822FEF767F903B05DF89D
:10E0C00004FB00BF53380020003800202DE9F34145
:10E0D000124C009480460F46114812490068097896
:10E0E00016461D463B220E23FEF7CBF82388089ADE
:10E0F0005BBAA8F8003063885BBA3B80A3885BBA40
:10E10000338023895BBA2B8063895BBA1380A38930
:10E11000099A5BBA138002B0BDE8F0812438002070
:10E12000003800205338002007B503460091054809
:10E130000549006809786722FEF727F903B05DF802
:10E1400004FB00BF003800205338002007B5064903
:10E15000009006480978006805236A22FEF715F941
:10E1600003B05DF804FB00BF5338002000380020E6
:10E1700007B501230549064800930978006807237D
:10E180006B22FEF702F903B05DF804FB5338002060
:10E190000038002007B50649009006480978006855
:10E1A00006236B22FEF7F1F803B05DF804FB00BF15
:10E1B000533800200038002007B580F0010000909F
:10E1C000054906480978006803236B22FEF7DDF84D
:10E1D00003B05DF804FB00BF533800200038002076
:10E1E00007B50323019006490648009309780068A3
:10E1F00002236B22FEF7ECF803B05DF804FB00BFCE
:10E20000533800200038002013B50623064C074978
:10E21000074801940093097800687522FEF74CF8CE
:10E22000207802B010BD00BF2438002053380020F1
:10E230000038002008B5FFF7E7FFA0F13803584287
:10E24000584108BD4FF4407009F0A8BD24F012B841
:10E2500001480BF05FB900BFC456001070471EF0B4
:10E26000040F0CBFEFF30880EFF3098000F002B851
:10E27000704700002DE9F04FD0E90273D0E9005655
:10E2800087B0D0E90489D0E906AB2E492E48059322
:10E2900020F0F2FF2D492C482A4620F0EDFF2C49B2
:10E2A0002948324620F0E8FF2A4927483A4620F01C
:10E2B000E3FF059A2849244820F0DEFF2749224839
:10E2C000424620F0D9FF26491F484A4620F0D4FF95
:10E2D0004FF0E02423491C48524620F0CDFF22494C
:10E2E00019485A4620F0C8FFD4F8382D1F4916485F
:10E2F00020F0C2FFD4F8282D1D49134820F0BCFFA0
:10E30000D4F82C2D1B49104820F0B6FFD4F8302D3E
:10E3100019490D4820F0B0FFD4F83C2D17490A48A0
:10E3200020F0AAFFFFF782F8FEF702FDCDE902AB6D
:10E33000CDE90089059B3A463146284620F03CFB52
:10E34000FEE700BF76C1030821EB00088CC103087B
:10E3500095C103089EC10308A7C10308B0C1030803
:10E36000BAC10308C3C10308CCC10308D6C103085E
:10E37000E1C10308ECC10308F7C1030802C20308A6
:10E3800008B5FEF7D5FCFFF751F8024820F030FB46
:10E39000FEE700BF0DC2030808B5FFF747F8FEF718
:10E3A000C7FC024820F024FBFEE700BF17C20308A9
:10E3B00008B5FFF73BF8FEF7BBFC024820F018FB5E
:10E3C000FEE700BF20C203087047000070B5304E62
:10E3D00034788AB0002C59D10121084609F05EFD3D
:10E3E0000121082009F072FD2A4B2B4804226946BE
:10E3F000CDE90023082509F057FB27480095694619
:10E4000009F052FB02221146234809F0A4FB022224
:10E410002148032109F09FFBFF23204803930DEBC4
:10E4200005010294ADF810408DF8124009F07CFE11
:10E430001B4B059302231948ADF8203005A94FF472
:10E440008073ADF82430079409F03CFF1348294647
:10E4500009F0C2FF1148ADF8204005A909F070FF8E
:10E460000E48294609F0C0FF0C4801210AF055F872
:10E470000A48214609F09AFF0848214609F098FF0A
:10E480000648012109F099FE012333700AB070BDDE
:10E49000C81E00200200000200000240000C0040E4
:10E4A0006000010010B501460446044809F07EFFF3
:10E4B00021460248BDE8104009F07ABF000C004038
:10E4C0000349B1FBF0F10022024889B209F072BEA3
:10E4D0001C070500000C004013B5044661F07F01E5
:10E4E00028208DF806208DF80710F7F709F900218C
:10E4F0002046F6F7B1FF322020F0FDFF0DF10702B4
:10E5000011460120F7F788F8322020F0F4FF0DF1D2
:10E51000060211460120F7F77FF8322020F0EBFFCA
:10E5200001212046F6F798FFF7F7FAF8C82020F007
:10E53000E2FF02B010BD30B585B00446002501F001
:10E540007F0128208DF807108DF80E508DF80F50A0
:10E55000F7F7D6F829462046F6F77EFF322020F05E
:10E56000CAFF0DF1070211460120F7F755F84FF4E5
:10E57000FA7020F0C0FF0DF10E020DF10F01012025
:10E58000F7F74AF8322020F0B6FF01212046F6F7CF
:10E5900063FFF7F7C5F8C82020F0ADFF9DF80E0027
:10E5A00005B030BD2DE9F041DFF8D08398F8005078
:10E5B0000446002D40F0DA810121F6F71FFF01210A
:10E5C0002046F6F749FFF6F78BFF282025F080FA62
:10E5D00001212046F6F740FF022025F079FA29466E
:10E5E0002046F6F739FF022025F072FA0121204675
:10E5F000F6F732FF022025F06BFA29462046FFF796
:10E600009AFF5F2106462046FFF795FFD94903464A
:10E6100007463246D84820F02FFE492E40F0A4810C
:10E62000B62F40F0A1815A223A212046FFF754FF2D
:10E63000052025F04DFA02212046FFF77CFF03213B
:10E640002046FFF778FF04212046FFF774FF0521DD
:10E650002046FFF770FF06212046FFF76CFF0120E0
:10E6600025F036FA2A467F212046FFF735FFAD22F6
:10E6700061212046FFF730FF03227F212046FFF76C
:10E680002BFF2A4640212046FFF726FF05227F2147
:10E690002046FFF721FFB32241212046FFF71CFF50
:10E6A000F12243212046FFF717FF1422452120467F
:10E6B000FFF712FF32225B212046FFF70DFF3422C5
:10E6C0005F212046FFF708FF08227B212046FFF745
:10E6D00003FF06227F212046FFF7FEFE1B22442176
:10E6E0002046FFF7F9FEBF2240212046FFF7F4FE47
:10E6F0003F224E212046FFF7EFFE08227F212046D1
:10E70000FFF7EAFE202265212046FFF7E5FE1822EA
:10E710006A212046FFF7E0FE09227F212046FFF70D
:10E72000DBFEAF224F212046FFF7D6FE40225F21BD
:10E730002046FFF7D1FE802248212046FFF7CCFE7D
:10E74000802231462046FFF7C7FE77225721204618
:10E75000FFF7C2FE782260212046FFF7BDFE782237
:10E7600061212046FFF7B8FE082262212046FFF70C
:10E77000B3FE502263212046FFF7AEFE0A227F211E
:10E780002046FFF7A9FE602245212046FFF7A4FEA0
:10E790002A467F212046FFF79FFE11224D21204669
:10E7A000FFF79AFE802255212046FFF795FE1F2293
:10E7B00074212046FFF790FE1F2275212046FFF7A7
:10E7C0008BFE78224A212046FFF786FE78224B21D5
:10E7D0002046FFF781FE082244212046FFF77CFEF9
:10E7E000502245212046FFF777FEFF226421204674
:10E7F000FFF772FE1F2265212046FFF76DFE1422EF
:10E800007F212046FFF768FE672265212046FFF73B
:10E8100063FE082266212046FFF75EFE7022632118
:10E820002046FFF759FE15227F212046FFF754FEB0
:10E83000482211462046FFF74FFE07227F2120463F
:10E84000FFF74AFE0D2241212046FFF745FE142224
:10E8500043212046FFF740FE0E224B212046FFF7C2
:10E860003BFE0F2245212046FFF736FE422244217F
:10E870002046FFF731FE80224C212046FFF72CFE78
:10E8800010227F212046FFF727FE02225B2120462F
:10E89000FFF722FE07227F212046FFF71DFE4122BF
:10E8A00040212046FFF718FE2A4670212046FFF738
:10E8B00013FE0A2025F00CF9442232212046FFF7EE
:10E8C0000BFE07227F212046FFF706FE402211465D
:10E8D0002046FFF701FE06227F212046FFF7FCFDC0
:10E8E000F02262212046FFF7F7FD2A4663212046E9
:10E8F000FFF7F2FD0D227F212046FFF7EDFDC0223C
:10E9000048212046FFF7E8FDD5226F212046FFF77A
:10E91000E3FD2A467F212046FFF7DEFDA0225B2192
:10E920002046FFF7D9FDA8224E212046FFF7D4FD4F
:10E9300050225A212046FFF7CFFD80224021204659
:10E94000FFF7CAFD2A467F212046FFF7C5FD1022AA
:10E950005A212046FFF7C0FD2A4654212046FFF7E2
:10E96000BBFD012388F8003098F800502846BDE828
:10E97000F08100BF2BC20308B5CA0108C91E0020E0
:10E9800037B51623054628208DF807300C46F6F7D4
:10E99000B7FE00212846F6F75FFD322020F0ABFDE0
:10E9A0000DF1070211460120F6F736FE322020F065
:10E9B000A2FD224621460C20F6F72EFE322020F042
:10E9C0009AFD01212846F6F747FDF6F7A9FE322009
:10E9D00020F091FD63895BBA638103B030BD000014
:10E9E000F0B50E468BB001210746042009F056FA17
:10E9F00001214FF4802009F069FA4FF40063049379
:10EA0000022335488DF8143004A901238DF81730FE
:10EA10004FF4806509F048F800244FF481732E48C4
:10EA2000ADF8143004A904958DF8164009F03CF8AF
:10EA3000294807220A2109F08EF8274807220B21CE
:10EA400009F089F8731E012B41D8012E4FF4805331
:10EA500040D04FF4C0620C210025ADF822101F48B1
:10EA6000ADF8202006A9ADF81C300697ADF81E5071
:10EA7000ADF8245009F080FD272301248DF80C30D7
:10EA800003A80A238DF80D308DF80E508DF80F4035
:10EA900009F08EF92146124B124A0095402023F0CE
:10EAA00097FE114B2246186040F225510B4809F0A1
:10EAB000D6FD2146094809F0B5FD0848224640F236
:10EAC000255109F0CCFD094B1C700BB0F0BD23465D
:10EAD0002246C0E72A46BEE7000802400048004040
:10EAE000D41D0010241E0010A4390020CB1E0020CD
:10EAF0000021FFF775BF0000074B1B781BB1074BC8
:10EB00000844814200D170471A881206FCD511F8DA
:10EB1000012B9A80F5E700BFCB1E00200048004083
:10EB200007B5019001A90120FFF7E6FF9DF8040059
:10EB300003B05DF804FB0000034B01464FF0FF32C9
:10EB4000186824F075B800BFA4390020014B18687C
:10EB500024F0C2BAA43900204020704737B5164CC3
:10EB600040F22551204609F097FDE0B100252046EE
:10EB7000019509F067FD8DF8030010482B460068E9
:10EB800001AA0DF1030123F091FF019B4BB14FF05E
:10EB9000E0234FF08052C3F8042DBFF34F8FBFF333
:10EBA0006F8F03B030BD23889BB2A3889BB2044B08
:10EBB00001221A70F5E700BF00480040A439002088
:10EBC000A03900202DE9F0418AB003270022114628
:10EBD000564B00970646012023F0FAFD544B0022C5
:10EBE00018601146534B0097012023F0F1FD524B62
:10EBF000186000231A46194623F070FE01210846CA
:10EC000009F04CF901214FF40030012509F05EF9BB
:10EC10004FF0020808234948049304A98DF8148092
:10EC20008DF8175008F040FF042300244348049354
:10EC300004A94FF48173ADF814308DF8164008F034
:10EC400033FF3E480722414608F085FF07223B4834
:10EC5000394608F080FF4FF440233948089306A94D
:10EC6000CDE90664ADF8244009F086FC29464FF44E
:10EC7000001009F013F9334B334A5A60334A9A6053
:10EC80004FF480629A614022DA604FF000621A60AD
:10EC9000C3E90444C3E90B445C631C62DC619C630C
:10ECA0005C629C6211238DF80C3003A80A238DF856
:10ECB0000D308DF80E408DF80F5009F079F8244B87
:10ECC0008DF80E401D7026238DF80C3003A8062306
:10ECD0008DF80D308DF80F5009F06AF82A46184863
:10ECE00040F2255109F0BBFC1548294609F09AFC71
:10ECF0002A4640F22551124809F0B1FC23F096F85B
:10ED0000144B224618602946C82026F0C9F8124B39
:10ED1000186020B911491248A1221FF01BFE114BA7
:10ED200001221A700AB0BDE8F08100BF7C3A0020D1
:10ED30001C3B0020243B0020C43B0020000002407C
:10ED400000440040403A002004440040BE39002006
:10ED5000BC390020B4390020B83900204BC2030868
:10ED600066C20308CC1E002007B50E4B1B78B3B15A
:10ED70000D4B00221A600D4B18600D4B0D481960A9
:10ED8000012240F2277109F06AFC4FF0FF330A4874
:10ED90000093012300681A46194623F055F803B082
:10EDA0005DF804FBCC1E0020AC390020B0390020F7
:10EDB000A839002000440040B43900202DE9F0417A
:10EDC0001E4B1B7805460E46002B35D01C4F4FF0CE
:10EDD000FF31386823F0CCFF1A4808F08FFD044655
:10EDE0000028F9D12A4631461748F5F759FB17494B
:10EDF00014480D6108F04AFD12480122102108F064
:10EE0000B1FD01221248802109F020FC1048402168
:10EE100009F03EFC0B48012108F062FD0D4B4FF05C
:10EE2000FF31186823F0A4FF3868234622462146A4
:10EE3000BDE8F04123F052BDBDE8F081BC390020AF
:10EE4000C43B0020A0600240BE390020403A0020B0
:10EE5000004400401C3B00202DE9F84306461546BF
:10EE60000F4624F0CFFCDFF83C9005443446A6EB77
:10EE700004081CB124F0C6FCA84202D34046BDE8F9
:10EE8000F8832146D9F8000026F042F824F0BAFCB5
:10EE900022462B1A07EB0801D9F8000026F0C8F823
:10EEA000241AE4E7B839002010B50A4604460146A2
:10EEB0000120FFF7D1FF0028DABF002020700120D9
:10EEC00010BD0000F8B50A4F05460E4604460CB9C1
:10EED0002846F8BD2146386826F01AF8291B224634
:10EEE00038684FF0FF33314426F0A2F8241AEEE7D9
:10EEF000B839002013B5002422461248019410218D
:10EF000008F030FD10490F4808F074FD22460F4804
:10EF1000802109F09BFB0B48214608F0E1FC0C4BDB
:10EF200001A9186823F02AFE019B4BB14FF0E023A2
:10EF30004FF08052C3F8042DBFF34F8FBFF36F8F94
:10EF400002B010BDA060024000002020004400403C
:10EF50001C3B002073B52B48048803889906A4B293
:10EF600019D50023019309F06DFB8DF803002648A5
:10EF700001AB006801220DF1030125F0F9FF019BAF
:10EF80004BB14FF0E0234FF08052C3F8042DBFF394
:10EF90004F8FBFF36F8F1B4803881A0626D51B4D72
:10EFA000296819B31A4E3268531C8A5C3360828018
:10EFB000184A1268934219D1002240F2277109F0D1
:10EFC0004EFB00232B600193134B01AA186801210B
:10EFD00023F02AF8019B4BB14FF0E0234FF0805211
:10EFE000C3F8042DBFF34F8FBFF36F8F230707D0F4
:10EFF000044B1A8892B29A8892B2084B01221A7076
:10F0000002B070BD00440040B8390020A83900208B
:10F01000AC390020B0390020B4390020A1390020DB
:10F0200013B501214FF4800008F038FF154B164A44
:10F030005A60164A9A6040214FF480629A61D96002
:10F0400000224FF40031C3E90A124FF02061C3E9F6
:10F0500004225A631A62DA619A635A621A63196067
:10F0600046238DF804300124052301A88DF80530CE
:10F070008DF806208DF8074008F09AFE044B1C70AE
:10F0800002B010BD303C002004140140743C00204C
:10F09000BD39002030B58DB0032400220094114604
:10F0A000494B012023F094FB484B00221860114685
:10F0B0000094474B012023F08BFB464B1860002344
:10F0C00000251A46194623F009FC434A0095434B94
:10F0D0004221082023F07CFB414B012118600420D1
:10F0E00008F0DCFE0121202008F0FCFE8023012432
:10F0F000049304A902233B488DF814308DF817407F
:10F1000008F0D2FC4023049304A94FF481733548DE
:10F11000ADF814308DF8165008F0C6FC31480822BE
:10F12000062108F018FD08222E48072108F013FDDB
:10F130002D4B2E48ADF82C5008A9CDE908354FF4D9
:10F1400040230A9309F018FAFFF76AFF47238DF866
:10F150000C3003A805238DF80D308DF80E508DF876
:10F160000F4008F025FE2246204840F2255109F0C4
:10F1700076FA2146204608F091FEADF814508DF83D
:10F18000165010250DEB0501194804958DF8174010
:10F1900008F08AFC4FF4805306A8ADF81C300695A1
:10F1A0008DF81E4008F028FC284608F077FC114B2B
:10F1B0004FF480621A600D48214609F033FA0E4B75
:10F1C0001C700DB030BD00BFCC3A0020203B0020A9
:10F1D000743B0020C83B0020B41E0010641E0010C9
:10F1E000B83C00200008024040420F0000140140DB
:10F1F0000000024000E100E0CD1E0020044B802210
:10F20000C3F88820BFF34F8FBFF36F8F704700BFE5
:10F2100000E100E0034B00221A70034B80229A6049
:10F22000704700BFE73B002000E100E0014B0122F6
:10F230001A707047B43C0020034B01464FF0FF3278
:10F24000186823F0F5BC00BFB83C00202DE9F04160
:10F25000254B1B7804460E461BB1244A1368013324
:10F260001360234B1B78002B3BD0224F4FF0FF3114
:10F27000386823F07DFD204808F040FB0546002853
:10F28000F9D1224631461D48F5F70AF91C4B1D49B4
:10F2900019481C800C6108F0F9FA17480122102166
:10F2A00008F060FB22F076FF01221748802109F068
:10F2B000CDF922F091FF1448402109F0E9F90E48F8
:10F2C000012108F00DFB114B4FF0FF31186823F0BE
:10F2D0004FFD38682B462A462946BDE8F04123F009
:10F2E000FDBABDE8F08100BFD03B0020CC3B002040
:10F2F000BD390020C83B0020B8640240743C0020A7
:10F300002E3C0020303C002000140140203B002017
:10F3100037B50023654C019323889D0640F19C80FE
:10F32000A388634C2278DBB2062A00F29280DFE8E1
:10F3300002F0040B111830495D00A3F1BC004342F8
:10F340004341237003B030BDA3F1CF014B424B4189
:10F350005B00F6E7574A13705370574A1370032344
:10F36000EFE7402B13D8544A5370524A117819448E
:10F37000C9B21170117850780144C9B2517000219E
:10F380004E4A8B4211700CBF05230423D9E700239A
:10F39000D7E74A48484D02782A449370454A117885
:10F3A0000B44DBB21370137851780B44DBB253700B
:10F3B00003780133DBB203706A7803789A42C1D1D3
:10F3C0000523BEE73B4A1278934201D10623B8E7F2
:10F3D000002323703A4BD3F8F030DA07B2D440F26E
:10F3E0001322384938481FF0B5FA13E0314A5278F1
:10F3F000934229D1354D286823F082FE0346B8B9DF
:10F40000334A127822B12C49286801AA23F04EFB16
:10F4100000232370019B002B94D04FF0E0234FF08A
:10F420008052C3F8042DBFF34F8FBFF36F8F89E76E
:10F43000234BD3F8F030DB07EAD440F225222149F0
:10F4400021481FF087FAE3E70023237040F22B22C4
:10F45000F5E74FF40C72C4E740F22771204609F03B
:10F460001BF901281CD11B4B1A686AB11A4D1B49A4
:10F470002B780978994207D9D15C204609F0DEF84B
:10F480002B7801332B70C5E70848002240F2277122
:10F4900009F0E5F8124B01A9186823F06FFBB9E7F2
:10F4A00023889BB2A3889BB2B4E700BF001401403D
:10F4B000E73B0020E43B0020E93B0020E63B002046
:10F4C00000ED00E06FC203083CEE0308B83C0020EA
:10F4D000B43C0020703C00206D3C00206C3C0020BF
:10F4E000203B002070B5102008F0D0FA2C481021E5
:10F4F00008F022FB01282B4B29D12B4A18701368E6
:10F500002A480133136008F0F9F901281ED1274871
:10F510001021002208F026FA2448002108F0E0F922
:10F52000224808F0EBF90028FAD120484FF020518A
:10F5300008F060FA1D4808F0DEF91D4B18801D4BDD
:10F5400001221A701C4A13680133136070BD1B4AF4
:10F55000184C00251D701368013313602378002BAD
:10F56000F4D0134E1148318808F0C3F9144B328897
:10F570001B880E489B1A134A1344134A1021C2F8E1
:10F58000C430012208F0EEF91048402109F080F85B
:10F590000648012108F0A4F90D4A2570D3E700BF01
:10F5A00000000240D03B0020E03B0020B864024055
:10F5B0002C3C00202B3C0020DC3B0020D83B0020D2
:10F5C0002E3C0020743C00200064024000140140E6
:10F5D000D43B0020FFF79CBE13B5002422460E4802
:10F5E0000194102108F0BEF90B484FF0205108F0AB
:10F5F00001FA22460948802109F028F821460648E8
:10F6000008F06EF9064B1C80064B01A9186823F020
:10F61000B5FA02B010BD00BFB8640240001401404A
:10F620002C3C0020203B002008B5104B10491A68E4
:10F6300010481FF021FE104B10491A680D481FF0AA
:10F640001BFE0F4B0F491A680A481FF015FE0E4BA0
:10F650000E491A6807481FF00FFE0D4B0D491A6836
:10F660000448BDE808401FF007BE00BFE03B002093
:10F6700091C20308B5CA0108DC3B0020B3C20308ED
:10F68000D83B0020DDC20308D43B002000C30308A0
:10F69000CC3B00202BC30308084B4FF47A7259432C
:10F6A00001F5FA714FF4FA63B1FBF3F3B1FBF2F138
:10F6B00002FB0030B0FBF1F0704700BF002F3A00B2
:10F6C0001FB50023ADF80E300DF10E0300930A466E
:10F6D000022301784068FCF7D4FDBDF80E0040BA63
:10F6E00080B205B05DF804FB13B500230C468DF81D
:10F6F0000730017840680DF107030122FCF7D4FDC3
:10F700009DF80730C3F300122270C3F3C002A27049
:10F71000C3F380026270C3F38012DB09E2702371CD
:10F7200002B010BD1FB5130A8DF80E300DF10E0397
:10F7300000938DF80F2002230A4601784068FCF7F9
:10F7400005FE05B05DF804FB37B541F00103044642
:10F75000017840680022FCF70CFE24F053F80023E7
:10F76000A0818DF807309DF807306068217813F08C
:10F7700007050CD001230B22FCF7FBFD00232178A9
:10F7800060681A46FCF7F5FD012003B030BD0DF1AD
:10F7900007031322FCF788FD2389002BE3D024F014
:10F7A00031F8A28983B29B1A22899342DBDD284675
:10F7B000EBE740B101380023FF2803F1010203D831
:10F7C00040EA032080B2704740081346F4E7C021A6
:10F7D000FFF776BF07B5002301788DF80730C22206
:10F7E0000DF107034068FCF75FFD9DF8070003B0CB
:10F7F0005DF804FB38B50546FFF7E9FF04462846E7
:10F80000FFF7E8FF4EF6AA639C4208BF10280CBF22
:10F810000120002038BD38B504460D460B468A222B
:10F8200001784068FCF7A5FD257038BDB5EEC00A2B
:10F83000F1EE10FA12D4DFED0A7AB4EEE70AF1EE37
:10F8400010FA0BDCDFED077A20EE270A4421BCEE2C
:10F85000C00A10EE103A9AB2FFF764BF002070475A
:10F86000B8FEFF430000004307B581B98DF80710CB
:10F870000DF10703502201784068FCF715FD9DF853
:10F88000070001304000C0B203B05DF804FB01295D
:10F8900006D100238DF8073070220DF10703EAE747
:10F8A000FF20F1E72DE9F7431446074600250E46F1
:10F8B0000DF10703017840688DF807505022FCF7DE
:10F8C000F3FC9DF807308DF8075001335B00DBB285
:10F8D0002380397878682E4D0DF107034622FCF716
:10F8E000E3FC9DF80720237801326B434FF47A78CC
:10F8F000A28003F5FA734FF4FA69B3FBF8F13846C6
:10F90000B3FBF9F302FB01335121B3FBF8F3E360DE
:10F91000FFF7D6FEC2B2C0F30F2023788240013237
:10F9200092B26B43E28003F5FA733846B3FBF8F109
:10F93000B3FBF9F302FB01330121B3FBF8F32361BD
:10F94000FFF792FF712160803846FFF7B9FEC3B21E
:10F95000C0F30F20834001339BB22381F2781AB1A8
:10F96000E2889B1A9BB22381A2784FF47A716A4392
:10F970004FF4FA6502F5FA72B2FBF1F0B2FBF5F260
:10F9800003FB0022B2FBF1F2626103B0BDE8F08339
:10F99000002F3A0070B544F61F63994288B00546BF
:10F9A0000C4602D8002008B070BD0DF10301FFF72E
:10F9B0009BFE002302AA0DF1030128460593FFF7E1
:10F9C00071FF9DF80330059AA3B102F636339DF816
:10F9D000051091B102F2B22203EB42039DF80660DA
:10F9E0001EB1069A02F5257213449DF8072062B9EC
:10F9F0000120D8E740F6E803E9E79DF80410002964
:10FA0000ECD002F525721344E8E703F226239C426A
:10FA1000C8D39DF80A10E01AFFF73EFE80B21EB16F
:10FA2000BDF80E30184480B2FFF7C3FE71210246C4
:10FA30002846FFF777FE07EE904ADFED066A2C6155
:10FA4000F8EE677A87EEA67ABCEEC77A17EE103A20
:10FA5000AB82CDE700007A4410B588B004460DF1C2
:10FA60000301FFF741FE002302AA0DF10301204626
:10FA70000593FFF717FF9DF80320059B32B303F6AC
:10FA800084509DF8052022B303F2B22300EB43001B
:10FA90009DF806301BB1069B03F5257318449DF8AD
:10FAA00007301BB1079B03F22623184407EE900A88
:10FAB000F8EE676A9FED0B7A2061C6EE877AFCEE5E
:10FAC000E77A17EE903AA38208B010BD40F63630C0
:10FAD000D7E79DF80420002ADAD003F525731844EF
:10FAE000D6E700BF00007A442DE9FF41044639B152
:10FAF000012300930178406800238922FCF745FC2C
:10FB00002178606800238822FCF733FC002800F08D
:10FB10004B832178606801238022FCF72AFC21783E
:10FB200060680123FF22FCF724FC00231A46217899
:10FB30006068FCF71EFC2346912213F80E1B6068D8
:10FB4000FCF7B2FB2178606801230022FCF711FC6E
:10FB5000217860680023FF22FCF70BFC21786068A5
:10FB600000238022FCF705FC2178606802AB60224C
:10FB7000FCF79AFB9DF808302178606843F0120387
:10FB80006022FCF7F6FBB5EE000A2046FFF74EFEBA
:10FB900021786068FF230122FCF7EBFB2178606885
:10FBA00001238022FCF7E5FB217860680123FF2216
:10FBB000FCF7DFFB00231A4621786068FCF7D9FBCD
:10FBC0000125217860680623FF22FCF7D2FB00950F
:10FBD0002178606802238322FCF7D7FB21786068D4
:10FBE0000723FF22FCF7C5FB217860682B468122A2
:10FBF000FCF7BFFB217860682B468022FCF7B9FB3D
:10FC0000217860686B239422FCF7B3FB00232178F2
:10FC100060688322FCF7ADFB23F0F4FD0023A08194
:10FC20008DF80A300DF10A079DF80A3060682178D6
:10FC3000002B00F0A88201238322FCF79AFB217895
:10FC400060680DF109039222FCF72EFB21786068B1
:10FC50009DF8098000238122FCF78BFB0025217889
:10FC600060680623FF22FCF784FB0095217860681A
:10FC700002238322FCF789FB217860680123FF229D
:10FC8000FCF777FB2178606801232A46FCF771FBBB
:10FC9000217860682B46FF22FCF76BFB21786068B7
:10FCA0002B468022FCF765FB0097217860680623CD
:10FCB000B022FCF7E6FA217860680123FF22FCF706
:10FCC00058FB217860682B464F22FCF752FB2178C5
:10FCD00060682C234E22FCF74CFB217860682B4691
:10FCE000FF22FCF746FB4FEAD816B622217860685F
:10FCF000B423FCF73EFBAE4218BF0C2608F07F028F
:10FD0000AE464FF0010CC5F3C40000F110035FFADA
:10FD100085F80DEB0300B04510F8063C05F007012F
:10FD200002D3724540F045820CFA01F123EA010347
:10FD300000F8063C0135302DE5D100972178606848
:10FD40000623B022FCF702FB217860680123FF2222
:10FD5000FCF70FFB00231A4621786068FCF709FBCB
:10FD6000217860680023FF22FCF703FB217860689C
:10FD700000230922FCF7FDFA217860680023102295
:10FD8000FCF7F7FA2178606800231122FCF7F1FAFA
:10FD90002178606801232422FCF7EBFA217860685F
:10FDA000FF232522FCF7E5FA2178606800237522FD
:10FDB000FCF7DFFA217860680123FF22FCF7D9FA0B
:10FDC000217860682C234E22FCF7D3FA21786068F2
:10FDD00000234822FCF7CDFA2A46217860682023C8
:10FDE000FCF7C7FA217860680023FF22FCF7C1FA0C
:10FDF0002A46217860680923FCF7BBFA21786068FD
:10FE000000235422FCF7B5FA2178606804233122DC
:10FE1000FCF7AFFA2178606803233222FCF7A9FAD5
:10FE20002178606883234022FCF7A3FA2178606878
:10FE300025234622FCF79DFA217860680023602282
:10FE4000FCF797FA2178606800232722FCF791FAE3
:10FE50002178606806235022FCF78BFA21786068CD
:10FE600000235122FCF785FA2178606896235222FC
:10FE7000FCF77FFA2178606808235622FCF779FAAC
:10FE80002B46217860685722FCF773FA2178606866
:10FE900000236122FCF76DFA21786068002362225A
:10FEA000FCF767FA2178606800236422FCF761FAA6
:10FEB0002178606800236522FCF75BFA217860688E
:10FEC000A0236622FCF755FA217860680123FF22FF
:10FED000FCF74FFA2178606832232222FCF749FAB6
:10FEE0002178606814234722FCF743FA2178606880
:10FEF000FF234922FCF73DFA2178606800234A225B
:10FF0000FCF737FA217860680023FF22FCF731FA0A
:10FF1000217860680A237A22FCF72BFA217860683E
:10FF200000237B22FCF725FA2178606821237822C0
:10FF3000FCF71FFA217860680123FF22FCF719FA09
:10FF40002178606834232322FCF713FA2178606853
:10FF500000234222FCF70DFA21786068FF23442237
:10FF6000FCF707FA2178606826234522FCF701FA9E
:10FF70002178606805234622FCF7FBF940231A46E6
:10FF800021786068FCF7F5F92178606806230E2275
:10FF9000FCF7EFF9217860681A232022FCF7E9F9D1
:10FFA0002178606840234322FCF7E3F921786068F8
:10FFB0000023FF22FCF7DDF9217860680323342257
:10FFC000FCF7D7F92178606844233522FCF7D1F992
:10FFD000217860680123FF22FCF7CBF92178606863
:10FFE00004233122FCF7C5F92178606809234B22EC
:10FFF000FCF7BFF92178606805234C22FCF7B9F9BA
:020000040801F1
:100000002178606804234D22FCF7B3F921786068F9
:100010000023FF22FCF7ADF9217860680023442219
:10002000FCF7A7F92178606820234522FCF7A1F9A5
:100030002178606808234722FCF79BF921786068E3
:1000400028234822FCF795F921786068002367226D
:10005000FCF78FF92178606804237022FCF789F996
:100060002178606801237122FCF783F921786068A8
:10007000FE237222FCF77DF9217860680023762246
:10008000FCF777F92178606800237722FCF771F993
:10009000217860680123FF22FCF76BF92178606802
:1000A00001230D22FCF765F9217860680023FF2207
:1000B000FCF75FF92178606801238022FCF759F989
:1000C00021786068F8230122FCF753F921786068F1
:1000D0000123FF22FCF74DF92178606801238E226D
:1000E000FCF747F92178606801230022FCF741F909
:1000F000217860680023FF22FCF73BF921786068D3
:1001000000238022FCF735F900252178606804235C
:100110000A22FCF72EF900952178606804238422D6
:10012000FCF733F92178606801230B22FCF721F9F1
:100130002046FFF791FC07EE900ADFED2C6A21784C
:100140002061F8EE677A012287EEA67A6068BCEE3D
:10015000C77A17EE103AA382E823FCF70AF921695F
:100160002046FFF717FC0123217860681A46FCF748
:1001700000F940212046FFF7E7FA08BB1C491D485B
:100180001FF07AF810E03B468322FCF78DF82389B4
:10019000002B3FF449AD23F035FBA38980B2C01A90
:1001A000238998427FF740AD0025284604B0BDE87A
:1001B000F0810B4103F0010373445FFA83FEB9E55C
:1001C0002178606802230122FCF7D3F829462046F3
:1001D000FFF7BAFA054608B90749D0E72178606801
:1001E000E8230122FCF7C5F8DFE700BF00007A44EE
:1001F00056C30308B5CA010873C3030838B52923D9
:1002000003700023416003818372838183730361E0
:10021000838211460446FFF767FC78B121F0BAFFEC
:10022000074B1D686A1C1A6021F0D6FF6F2D05DC94
:10023000E9B22046BDE83840FFF7EDBA002038BDEE
:10024000C0070020F0B589B0560804460F460DF1EE
:1002500003011546013EFFF747FA02AA0DF103011B
:100260002046F6B2FFF71EFB002F68D1A5F10C0364
:10027000062B00F2FE80DFE813F00700FC005C00B4
:10028000FC005E00FC0060001823217860685722A3
:10029000FCF76FF82178606808235622FCF769F8AC
:1002A0003346502221786068FCF763F806982946A7
:1002B000FFF7F2F980B2FFF77CFA5121024620469F
:1002C000FFF730FA29460598FFF7E6F903469AB298
:1002D000B2F5807F9ABF03F1FF335BB24FF0FF337B
:1002E00060682178DBB24622FCF743F8216920469A
:1002F000FFF750FB0025217860688DF802500DF162
:1003000002030122FBF7D0FF02230122217860685B
:10031000FCF72FF829462046FFF716FA9DF8023021
:100320002178054601226068FCF723F8284609B0C9
:10033000F0BD3023A9E74023A7E75023A5E7012F0D
:1003400040F09780A5F10803062B00F29280DFE8C9
:1003500003F00490489068907C0021786068102336
:100360004822FCF706F82178606808234722FCF74A
:1003700000F82178606802233222FBF7FAFF217827
:1003800060680C233022FBF7F4FF012321786068BA
:10039000FF22FBF7EEFF3023217860683022FBF765
:1003A000E8FF217860680023FF22FBF7E2FF334675
:1003B000217860687022FBF7DCFF07982946FFF779
:1003C0006BF99DF8063080B21BB1BDF80E301844B1
:1003D00080B2FFF7EEF9712102462046FFF7A2F93D
:1003E00084E72178606828234822FBF7C2FF217840
:1003F000606808234722FBF7BCFF0323217860686D
:100400003222FBF7B6FF0923217860683022FBF720
:10041000B0FF012321786068FF22FBF7AAFF2023A9
:10042000BAE72178606838234822FBF7A2FF2178D9
:10043000606808234722FBF79CFF0323217860684C
:100440003222FBF796FF0823DEE748231A4621787D
:100450006068FBF78EFF2178606808234722FBF76E
:1004600088FF0323217860683222FBF782FF07238D
:10047000CAE700255AE730B5044685B00D4601238A
:10048000017840688022FBF774FF217860680123BF
:10049000FF22FBF76EFF00231A4621786068FBF706
:1004A00068FFA37B217860689122FBF762FF2178C7
:1004B000606801230022FBF75CFF2178606800235D
:1004C000FF22FBF756FF2178606800238022FBF7AC
:1004D00050FF0DB3F8212046FFF7F2F800B1454375
:1004E0002B0E8DF80C302B0C8DF80D302B0A8DF85F
:1004F0000E3003AB009304231A46217860688DF810
:100500000F50FBF723FF042321786068002205B019
:10051000BDE83040FBF72DBF0223F5E737B50446B1
:1005200023F070F90023A0818DF807309DF8073083
:100530005B070BD01E212046FFF7C2F82178054645
:10054000012360680B22FBF714FF1CE00DF1070389
:10055000132221786068FBF7A7FE9DF807305A0741
:1005600002D1012023F0B4FA2389002BDED023F03E
:1005700049F9A38980B2C01A23899842D6DD0123A4
:10058000A3724FF6FF75284603B030BD38B5044658
:100590000D460AF05DF884F8985338BD38B5292324
:1005A00080F89833C0F89C13044621F0F3FD0D4BFE
:1005B0001D686A1C1A6021F00FFE6F2D0EDCE9B277
:1005C0002046FFF7E3FF20460AF063F910B9204602
:1005D0000AF021F9B0FA80F0400938BD6FF002004E
:1005E000F8E700BFC407002007B500929BB20A4697
:1005F00090F89813D0F89C03FBF713FF00280CBF6A
:100600006FF00C00002003B05DF804FB07B500920A
:100610009BB20A4690F89813D0F89C03FBF774FE3F
:1006200000280CBF6FF00C00002003B05DF804FB45
:100630001FB50DF10F0300938DF80F2001230A461B
:1006400090F89813D0F89C03FBF7EBFE00280CBF42
:100650006FF00C00002005B05DF804FB37B50A4DC3
:100660000095144601230A4690F89813D0F89C038D
:10067000FBF74AFE2B78237000280CBF6FF00C00AC
:10068000002003B030BD00BFBE3C002037B50A4D8E
:100690000095144602230A4690F89813D0F89C035C
:1006A000FBF732FE2B88238000280CBF6FF00C0074
:1006B000002003B030BD00BFBC3C002008B57D2049
:1006C00007F034FC38B107F045FC044904481EF03B
:1006D000D3FD002008BD0120FCE700BF92C3030842
:1006E000B5CA010808B545F2555007F035FB03209F
:1006F00007F038FBBC2007F03BFB07F03FFBBDE8F1
:10070000084007F043BB10B500234A789A4012F026
:10071000800F0CBF1D224B2220F813200133082B21
:10072000F3D100F10E0400230A789A4012F0800FF2
:1007300003F101030CBF1D224B22082B24F8022FCA
:10074000F2D11E3000238A789A4012F0800F03F114
:1007500001030CBF1D224B22082B20F8022FF2D1DF
:1007600010BD000038B50121022007F097FB4D4C69
:100770000121022007F0AAFB2023236021464FF429
:10078000817349486360012507F08EF922461023E2
:1007900011464548257102241360D47107F084F98D
:1007A00022464148052107F0D6F9404A4048002436
:1007B00068231146146053601481947207F0B4FCEE
:1007C0003C4A3D4B3A48136011469460948107F0CF
:1007D00039FD3748394C082107F0F4FD34482946E3
:1007E00007F09BFE29464FF4001007F057FB3448F2
:1007F00006F0C4FF04F17043B3F5803F04D23149E1
:10080000314876221EF0A6F8304A314BC2E9013455
:100810004FF4806393614FF4005313624FF400630D
:10082000D3614023D3604FF480704FF480330024B1
:10083000C2E9090311464FF0206321481360C2E961
:100840000444C2E90B445463946307F01FF8214A3F
:100850001023137010460D23012553709470D5702A
:1008600007F0A6FA03222146284621F0FFFF1A4A84
:10087000106020B123462246214622F02FF810486E
:100880000122102107F06EF80D480122082107F01F
:1008900069F8BDE83840064801224FF4806107F04E
:1008A00069BE00BF703D0020000402408C3D002066
:1008B00000040040783D002060000100CC3C002096
:1008C00088600240CCC30308DCCB0308343D002021
:1008D00038040040303D00202C3D002070B5044617
:1008E0000D4661B3164B174E18684FF0FF3122F0DA
:1008F0003FFA154B15481D60154B21461C60FFF74C
:1009000002FF01239D42336013D01248E11CFFF720
:10091000FAFE02233360104B104830220121C3F845
:100920008C2006F0DDFFBDE870400D48012107F086
:1009300044BC30220021074828F070FBE9E770BD75
:100940002C3D0020C83C0020C43C0020CC3C0020B2
:10095000C03C0020FC3C0020006002408860024057
:1009600000040040F7B5244D2C683CB923482146CB
:1009700007F023FC2248214606F0B2FF2149204817
:1009800007F00EF818B11F491D4807F033F81E494B
:100990001B4807F005F840B319481B4907F02AF82F
:1009A0001A481B4F2B683C689E1CA6420CDDA342D4
:1009B0001DDD184B1B6804EB44011944FFF7A3FE2F
:1009C0000134B4423C600EDB134B01A9186822F0DD
:1009D000D5F80A48002107F0F0FB0948002106F08D
:1009E0007FFF00232B6003B0F0BD0C48D9E7302215
:1009F000002128F013FBE3E7C43C00200004004082
:100A0000886002400044002000880020FC3C002058
:100A1000C83C0020C03C00202C3D0020CC3C0020E5
:100A2000FFF7A0BF40B1036A33B1436A23B1806AC4
:100A3000B0FA80F0400970470120704740B1036A66
:100A400033B1436A23B1806AB0FA80F0400970473D
:100A50000120704748B1C3693BB1036A2BB1406ABA
:100A6000B0FA80F04009404270474FF0FF307047C5
:100A700048B143683BB183682BB1C068B0FA80F0DD
:100A80004009404270474FF0FF30704748B143681B
:100A90003BB183682BB1C068B0FA80F04009404296
:100AA00070474FF0FF3070472DE9F04790465A7974
:100AB000424492B21C46D31D8946DB086946A1EB2D
:100AC000C30300AF05469D462046EA46FFF7AAFF4E
:100AD00078B92379266AA078012B08BF45F08005F4
:100AE000134629466A46B047002380B29AB2904521
:100AF00002D8BD46BDE8F08762790AEB03018A5C43
:100B000009F803200133F1E713B5002304468DF8FB
:100B10000730FFF787FF0246D0B923795A1E5342A8
:100B200053416371012223460DF10701FFF7BCFF1A
:100B3000024680B99DF80730237040F20313E3802A
:100B4000064B0821217299700321197001215970F7
:100B5000104602B010BD0422FAE700BF983D002005
:100B600070B5054618461C46FFF75CFF80B979B1A1
:100B700072B12379666AA078012B08BF05F07F0562
:100B800013460A462946B047003818BF01208000A6
:100B900070BD37B50546FFF745FF044670B9B6236B
:100BA0008DF8073001222B460DF107017E20FFF75B
:100BB000D7FF044610B9AB6A01209847204603B01E
:100BC00030BD00002DE9F3470446FFF72BFF002856
:100BD0006BD13B4D94F809A0EB7894F8088094F819
:100BE0000790534502D1AA78424552D0AAF1050296
:100BF000072A5FD9B8F1020F4ED89A46012700267E
:100C0000234601220DF107014020FFF74DFFC8B92F
:100C10009DF807300AF00F0203F0800313434FEAF8
:100C2000081202F0700213438DF8073001222346A8
:100C30000DF107014020FFF793FF18B985F803A0D5
:100C400085F802806B784B451CD0B9F1030F26D88C
:100C5000234601220DF107014120FFF725FF88B946
:100C60009DF8073023F0030349EA03038DF80730AA
:100C7000012223460DF107014120FFF771FF08B95A
:100C800085F8019000230BE095F8028000270126EB
:100C9000B6E706460746D5E701263746D2E70123E1
:100CA00037B92EB9002B18BF202002B0BDE8F0875D
:100CB0002020FAE7B8F1020FE6D800279FE700BF2F
:100CC000983D002037B50246FFF7ACFEA0B90D4DA8
:100CD00094792B78A3420FD084B1032C10D18DF8D6
:100CE000070013460DF1060102227C208DF8064014
:100CF000FFF736FF00B92C7003B030BD0420EEE7DB
:100D00002020F9E7983D002013B504460846FFF778
:100D100089FE88B984B10B4606220DF1020112202A
:100D2000FFF7C2FE40B9BDF802302380BDF80430A1
:100D30006380BDF80630A38002B010BD07B502463F
:100D40008DF80710FFF76EFE48B911F0FB0F09D1BF
:100D500013460DF1070101227D20FFF701FF03B0CB
:100D60005DF804FB2020FAE707B502460846FFF7C6
:100D700059FE40B98DF807200B4601220DF10701FD
:100D80006D20FFF7EDFE03B05DF804FB2DE9F04F99
:100D9000FF2387B0074603700846FFF743FE0E4661
:100DA0000446002840F0AE800323CB7140F6024396
:100DB0000B8130460421FFF7C1FF05463046FFF79F
:100DC00001FFB36A05431420984731460D20FFF711
:100DD000CBFFADB240EA0504A4B2002C40F09280F3
:100DE000B36A64209847314603A8ADF80C40ADF8CB
:100DF0000E40ADF81040FFF787FFA146314604468C
:100E00000920BDF90CA0BDF90E80BDF91050FFF707
:100E1000ABFF0443A4B2002C74D1B36A642098479A
:100E200031460DF11200ADF81240ADF81490ADF856
:100E30001690FFF769FFBDF9123001903146204648
:100E40000093BDF914B0BDF91690FFF78DFF009B1C
:100E5000019ABAF1000FB8BFCAF1000A002BB8BF5F
:100E60005B429A440FFA8AFABAF1000FB8BF0AF24D
:100E7000FF7A4FEAEA2ACAEB4A130AEB830A4FEADF
:100E8000CA0A0FFA8AFA42EA0004BAF57A7FA4B2D3
:100E900031DBBBF1000F88EAE873B8BFCBF1000B80
:100EA000A3EBE8735B441BB2002BB8BF03F2FF73E4
:100EB000DB12C3EB431203EB8203DB001BB2B3F57F
:100EC0007A7F18DBB9F1000F85EAE573B8BFC9F185
:100ED0000009A3EBE5734B441BB2002BB8BF03F230
:100EE000FF73DB12C3EB431203EB8203DB001BB285
:100EF000B3F5FA7F0ADA44F040043046FFF749FEC2
:100F00000443A4B2204607B0BDE8F08F002CF4D112
:100F10003C70B36A64209847EFE770B50546184601
:100F20001C46FFF78BFD70B92379266AE078012B08
:100F300008BF45F0800513460A462946B0470038E9
:100F400018BF0120800070BD13B5002304468DF842
:100F50000730FFF773FD024688B9012223460DF1E1
:100F60000701FFF7DAFF024660B99DF807306370AA
:100F7000054B60818021217399701870587010465C
:100F800002B010BD0422FAE79C3D002070B5054672
:100F900018461C46FFF752FD80B979B172B123792A
:100FA000666AE078012B08BF05F07F0513460A4604
:100FB0002946B047003818BF0120800070BD0000EE
:100FC00073B50446FFF73AFDF8B9194D637B6A78AB
:100FD0008DF80630E37A8DF807309A420CD0042B56
:100FE00015D8234601220DF107010F20FFF7CEFF90
:100FF00010B99DF807306B7000269DF80630EA782E
:101000009A4211D0072B04D9202002B070BD0126CE
:10101000F3E7234601220DF106011020FFF7B6FF8A
:1010200010B99DF80630EB70002EEED0ECE700BF53
:101030009C3D002013B50246FFF700FDA8B90E4CF9
:10104000937A21788DF807308B420ED0802B0ED109
:1010500020290AD013460DF1070101221120FFF7C4
:1010600095FF10B99DF80730237002B010BD202BFA
:10107000F0D18029EDE700BF9C3D002013B5044668
:101080000846FFF7DBFC88B984B10B4606220DF158
:1010900002010220FFF741FF40B9BDF80230238072
:1010A000BDF804306380BDF80630A38002B010BDE7
:1010B00073B5C37806460D46002B7ED10846FFF770
:1010C000BDFC002843D1002E41D080240B460122D4
:1010D0000DF1060115208DF80640FFF757FFB0BB54
:1010E00073781BB901238DF8063003E0012B30D152
:1010F0008DF806402B4601220DF106011820FFF75E
:1011000045FF04462846FFF799FCF0B92B4601221B
:101110000DF107011620FFF700FFB0B97378E3B9AE
:1011200072799DF80730C2F3800103F0FC030B4392
:10113000C2F3400243EA42038DF807302B460122F6
:101140000DF107011620FFF721FF204380B202B006
:1011500070BD022BCED18123C5E7012B0FD1B2790F
:101160009DF80730C2F3800123F0040343EA8103B2
:1011700023F00803C2F3400243EAC203DCE7022B78
:10118000DCD19DF80720737902F0FC02C3F38001E3
:101190000A43C3F3400342EA4302B37922F0040254
:1011A000C3F3800142EA810222F00802C3F3400344
:1011B00042EAC3028DF80720C0E70020C7E737B531
:1011C0000023044608460D468DF80730FFF736FC2D
:1011D000B8B9012C17D80B4601220DF107013C20AC
:1011E000FFF79BFE68B99DF8073023F001031C430D
:1011F00001222B460DF107013C208DF80740FFF737
:10120000C5FE03B030BD2020FBE737B500238DF8C5
:101210000730FF230546037008460C46FFF70EFC17
:1012200058B90120FFF7CBFF38B9234601220DF151
:1012300007013C20FFF771FE08B103B030BD9DF8F7
:101240000730C3F340038DF80730002BEDD0234661
:1012500001220DF107013C20FFF75FFE0028ECD1D1
:101260009DF807305B0758BF2870E6E700295ED07D
:10127000002A5CD0002B5AD010F0030F55D0D1EDCE
:10128000017AD3ED026AB8EE677AD3ED007A37EED1
:10129000677AC00767EE077A67EEA67AD3ED016A30
:1012A000E7EE267AC3ED0E7AC2ED007A3DD593EDD6
:1012B000084A93ED077AD3ED094A93ED0A6AD3ED14
:1012C000043AD1ED005AA7EE847A67EEA76A93ED4F
:1012D000054AA4EEA67A27EEA65AD3ED064AA6EE54
:1012E000057A93ED036AA7EEA36AF8EE655AA4EEB9
:1012F000266AD3ED0C6AA4EE856A65EEA54A93EDE5
:101300000B5AA7EEA65AD3ED0D6A65EEA47A67EEE6
:10131000A67AE5EE247AF0EE676AF0EE477AE5EE1B
:10132000867A76EEA77AC2ED017A002070474FF0F8
:10133000FF30704710B5044692B0264948226846EF
:10134000F3F7AEF894F871309BB194F87330B7EEC0
:10135000007AABBBDFED206ADFED207AE7EE267A7C
:101360004FF47A72FCEEE77A17EE903A9BB2B3FB39
:10137000F2F394F87220AAB194F87420B7EE007AD0
:101380001ABBDFED156ADFED167AE7EE267A4FF429
:101390007A71FCEEE77A17EE902A92B2B2FBF1F284
:1013A00013449BB294F8762012A901EB820252F802
:1013B000482C9A4294BF6FF00200002012B010BD7A
:1013C000013B37EE077ADBB2C3E7013A37EE077A23
:1013D000D2B2D5E78C9703080000FA440000C4435A
:1013E00000809C432DE9F84F1646DA7832441D46BA
:1013F000D31D8846DB086946A1EBC30300AF8246D4
:101400009D462846FFF742FBE946044608BBAB78F9
:10141000D5F804B06878012B16D093B24AF0800159
:101420006A46D847A3B2B34206D3002818BF6FF06C
:101430000600BD46BDE8F88FEB7809EB0402D35CEB
:1014400008F804300134EDE7334642465146D847A8
:10145000EBE74FF0FF30ECE72DE9F0411E4653007B
:10146000073303F47E7300AF8046ADEB030D3046C7
:1014700014466A46FFF70AFB90BBB8F1000F2FD065
:1014800071B384B30B788DF80030B37853B908F199
:10149000FF3010F8015F0133DBB205F07F059C429D
:1014A0000570F6D1012C19D00125501E18F8053011
:1014B00000F815304B5D02F815300135EBB29C4257
:1014C000F4D86300B46898F800107078A04700283A
:1014D00018BF6FF00600BD46BDE8F0812346F1E776
:1014E0004FF0FF30F7E76FF00500F4E737B504463B
:1014F00023461B2001220DF1070194F870508DF84E
:101500000600FFF76FFF88B99DF807302D0123F023
:10151000300305F030052B438DF8073001222346B8
:101520000DF107010DF10600FFF796FF03B030BD86
:10153000F7B5054608460E46FFF7A8FA002840F022
:101540002A8115F0060F2AD01B200B46012201A983
:101550008DF80100FFF746FF08BBAF070AD59DF8DD
:10156000043096F8712023F0010302F001021343C6
:101570008DF804306C070BD596F872309DF8042076
:101580005B0003F0020322F0020213438DF80430E3
:101590000122334601A90DEB0200FFF75DFF15F0B4
:1015A000F00F73D0002871D10DF101070422ADF8BE
:1015B00001003346B8700DEB02011C20FFF712FF4B
:1015C000002863D115F0300F00F0E080E80696F8AF
:1015D00074200AD59DF8043096F8731023F00703A1
:1015E00001F007010B438DF80430A90609D59DF8D9
:1015F0000430D20023F0380302F0380213438DF890
:1016000004301C238DF8013001242A0617D596F8E2
:10161000763004F108020DEB02019DF80520112B34
:1016200088BF112322F01F0288BF86F8763013434B
:1016300001F8043C601C1D2301F8073CC4B26B0692
:1016400014D504F108030DEB030196F875309DF8ED
:1016500007205B0003F00E0322F00E02134301F893
:10166000043C601C1F2301F8073CC4B296F870309C
:10167000032B05D13046FFF75DFE002840F088803F
:101680003346224601A93846FFF7E6FE15F4E16F1E
:101690004AD0002848D10122192033460DEB02011F
:1016A0008DF80400FFF79EFE00283DD1EF0596F867
:1016B000780096F8791096F87A200AD59DF80130CE
:1016C00096F8774023F0010304F0010423438DF8DA
:1016D0000130AC0509D59DF80130400023F002032C
:1016E00000F0020003438DF80130680509D59DF82C
:1016F0000130890023F0040301F004010B438DF84D
:101700000130290709D59DF80130920123F04003EB
:1017100002F0400213438DF80130012233460DEBF5
:10172000020101A8FFF798FE15F4C05F2CD058BB4A
:101730001A203346012201A996F87B7096F87C4066
:101740008DF80100FFF74EFEF0B92A0509D59DF886
:1017500004307F0023F0020307F002073B438DF8BB
:101760000430EB0409D59DF80430A40023F00403F1
:1017700004F0040423438DF804300122334601A908
:101780000DEB0200FFF768FE03B0F0BD04463CE736
:101790006FF002007AE74FF0FF30F5E737B57E23B0
:1017A0008DF80430B62305468DF80530FFF76EF945
:1017B00068BB2B4601220DF106010320FFF712FE44
:1017C0009DF80630DB0600D520B16FF003042046FB
:1017D00003B030BD2B4601220DF1050101A8FFF732
:1017E0003BFE04460028F2D1EB68022098472B46C6
:1017F00001220DF107010220FFF7F4FD9DF80730EB
:1018000003F002030343DBB2002BE0D0DDE74FF02F
:10181000FF34DCE710B586B0002304468DF80230B3
:10182000FFF734F9002840F0E180A378013B18BFAE
:101830000123E370012223460DF10201FFF7D2FDDF
:10184000002840F0D1809DF802306A4A502B40F0C9
:10185000C280137023702046FFF7A0FF002840F0DD
:10186000C380014615220DF1030027F0D7FB234664
:1018700015220DF103013120FFF7B4FDBDF803304F
:101880009FED5D7AA4F8503007EE903AF8EE677A53
:10189000BDF80530A4F8523067EE877A9FED577A8D
:1018A000C4ED047A07EE903A9DF9073084F854307D
:1018B000FBEEC17ADFED526AC4ED057A07EE903A8D
:1018C000F8EEE77ABDF90830A4F8563067EE877A6B
:1018D000A3F58043C4ED067A07EE903ABDF90A30CD
:1018E000A4F85830FAEEC67AA3F58043C4ED077A1F
:1018F00007EE903A9DF90C3084F85A30FAEEE17A0E
:10190000C4ED087A07EE903AF8EEE77A9DF90D30CB
:1019100084F85B3067EEA67ADFED3A6AC4ED097AA7
:1019200007EE903AF8EEE77ABDF80E30A4F85C3096
:1019300067EEA67AF2EE006AC4ED0A7A07EE903AF4
:10194000F8EE677ABDF81030A4F85E3067EEA67A3C
:10195000C4ED0B7A07EE903A9DF9123084F86030AE
:10196000FBEECD7AC4ED0C7A07EE903A9DF9133078
:1019700084F86130FAEECC7AC4ED0D7A07EE903A35
:10198000FAEEE87AC4ED0E7ABDF91430A4F86230AC
:1019900007EE903AF8EEE77A9DF9163084F8643055
:1019A00067EE877AC4ED0F7A07EE903AF8EEE77AA1
:1019B0009DF9173084F8653067EE877A9FED127ACB
:1019C000C4ED107A07EE903AF8EEE77A67EE877A80
:1019D000C4ED117A08E0602B3FF43BAF1278002A87
:1019E0007FF438AF6FF0010006B010BD4FF0FF304C
:1019F000FAE700BFA03D00200000804300008027E0
:101A00000000802F0000002D0000001F10B50446CC
:101A10000846FFF73BF850B90B46012221461B2030
:101A2000FFF7E0FC2378C3F30113237010BD4FF0E0
:101A3000FF30FBE773B5054690F87060FFF726F8B6
:101A400000286BD129460DF10200FFF7DFFF9DF85A
:101A500002300446D3B11B202B46012201A98DF888
:101A60000300FFF7BFFC044668B99DF8043023F07B
:101A700030038DF8043001222B4601A90DF103003B
:101A8000FFF7EAFC0446EB6805209847CCBB032E21
:101A90003DD104222B460DEB02011C20FFF7A2FCD6
:101AA0009DF8043003F00702C3F3C20385F87430D5
:101AB0009DF8053085F8732003F01F0385F8763014
:101AC0009DF80730C3F3420385F875300446C0B96A
:101AD0002846FFF72FFCB8B92846FFF707FD044654
:101AE00078B92B46012201A90220FFF77BFC0446AE
:101AF00038B99DF8043013F0040F0CBF04466FF0A2
:101B00000404204602B070BD6FF00204F9E7012E14
:101B1000F7D12846FFF7EAFC0446F2E74FF0FF341E
:101B2000EFE7F0B585B0002307461046CDE9023354
:101B30000E461546CDF80230ADF80630FEF7A6FF8A
:101B400038BB31B313460DF1020106220420FFF722
:101B500049FCE0B99DF804309DF803209DF807404A
:101B60001B0443EA02239DF80220134302939DF8CD
:101B70000630240444EA03249DF8053032461C4311
:101B800002A905F1100338460394FFF76FFB05B077
:101B9000F0BD4FF0FF30FAE7F7B5144A144F0823B1
:101BA0005370242393700023D370072343728372EE
:101BB00020221223C3720273044655210D3027F0F0
:101BC0002DFA0A266423CDE90073084A094B0A4915
:101BD000204600F0AFF8013E054601D00028F1D0C4
:101BE000642021F075FF284603B0F0BDAB3E002015
:101BF000A9EE0008BDED0008A13D002013B50D4C75
:101C00000D226270042100226423A170E2704272EE
:101C10008272C272027342738273C273027401933E
:101C2000054B00930549064B224600F083F802B0AD
:101C300010BD00BFAB3E0020A9EE0008A13D002072
:101C4000BDED0008F7B5174F42721026BE70160A98
:101C50008672160C120E02730A0A82730A0CC27381
:101C6000A02242740F2282741A0A437582750225DB
:101C70001A0C1B0E7D70417300250376090E42F28B
:101C80001073FD70C6720174C5740575C275019339
:101C9000054B00930549064B3A4600F04BF803B05C
:101CA000F0BD00BFAB3E0020A9EE0008A13D002022
:101CB000BDED000837B504461A4862736FF04F0552
:101CC000032385700F254370C570A0206072100A31
:101CD0000023A073B1F57A6F4FEA12404FEA126207
:101CE000A572E3722373E07322746374A374E374C4
:101CF00023756375A375E375237607D201F1190087
:101D0000C1F57A622044FF2127F088F9642301930A
:101D1000054B0093034A054B0549204600F00AF89D
:101D200003B030BDAB3E0020A9EE0008BDED0008B9
:101D3000A13D00202DE9F74F05460C4617469A466F
:101D40000C9B01210DF10700984706460028F7D1AA
:101D5000B7F802B0914A68700BF10A09C2F8009016
:101D6000C0222A707A78AA707A88EA707A88120A71
:101D70002A717A78032A57D179886FF0170E1039B3
:101D800005F11800EF22AEEB050E0EEB000C6145DD
:101D900045DC00206A71A871E87128727A882A44AB
:101DA000C02151727E49013D80460BF1090BDB22B7
:101DB00015F801CFBCF1C00F02D0BCF1DB0F35D15B
:101DC000B8F1000F32D0C34530D00A5495F800C0A6
:101DD000BCF1C00F01EB000C0CBF4FF0DC0E4FF05C
:101DE000DD0E8CF801E002307D2803D9D0476C4924
:101DF0000020DB2208F10108C845D9D308B16849A1
:101E0000D047012384F80831664D00236370A37026
:101E1000E37023716371A371E3712B7015E010F807
:101E200001CF82EA0C02B0E70246B2E701F800C037
:101E30000130D9E7012384F80831ACF1C003D3F1B4
:101E4000000C4CEB030C85F800C00D990C9B0DF1B8
:101E500007009847F8B12B789DF807C0072BF4D8F6
:101E600001A252F823F000BF351E0108891E0108A7
:101E70009F1E0108B31E0108F31E0108191F010867
:101E8000851F0108971E0108BCF1010F01D1022333
:101E9000C3E707232B70304603B0BDE8F08F424BF9
:101EA00084F801C000221A707B786345F1D10323C6
:101EB000B3E73D483D4B0278012A03F802C00ED13A
:101EC0001B883B4963804FF0000C013B81F800C048
:101ED0009BB240F69E718B4207D804232B700023DF
:101EE00001320270002BB0D0D5E707232B700223FC
:101EF000F6E72F4A2F491378032B01F803C008D1C6
:101F0000096861602C49002008702C49087005217F
:101F100029700133137098E763882749043B9AB20C
:101F200018B20B789A421ED9BCF1DB0F234A01D1BB
:101F30000123EFE7107890B10020BCF1DC0F1070A6
:101F400005D1E218C020107201330B707DE7BCF19F
:101F5000DD0F02D1E218DB20F5E707235DE7E21889
:101F600082F808C0F0E700F1010208BF84F808C158
:101F70000330934208BF84F809C1834204BF06229C
:101F80002A70E1E7BCF1C00F83D194F80861002307
:101F9000B6FA86F62B7076097DE700BF343F002045
:101FA000B33E0020423F00203A3F0020403F002047
:101FB000393F00203C3F00203B3F0020383F0020BD
:101FC0007047012070470000024B1B680BB11B6873
:101FD00018477047443F0020024B1B680BB15B68F9
:101FE00018477047443F0020014B1860704700BFFE
:101FF000443F002008B54FF05F0383F31188BFF31F
:102000006F8FBFF34F8F094909481DF035F9012142
:102010000220FAF7C5FD04200121FAF7C1FDFBF704
:1020200005FA04481CF0E4FCFEE700BFECC303081B
:10203000B5CA0108FDC3030808B54FF05F0383F379
:102040001188BFF36F8FBFF34F8F094909481DF007
:1020500013F901210220FAF7A3FD04200121FAF768
:102060009FFDFBF7E3F904481CF0C2FCFEE700BF4C
:102070000BC40308B5CA01081DC4030838B50A4DCE
:10208000002145F820100446FAF78AFD074B1B682B
:102090003BB11A7BA24205D19A68013202D045F8C1
:1020A000243038BD5B68F3E7E4210010543F002082
:1020B0002DE9F04F2C4B93F8008085B00646B8F11F
:1020C000000F43D022F010FEDFF8A490274FC0B2DB
:1020D00059F82050002D39D0AA68D5F800B03868DA
:1020E00003924FF0FF310BEBC20A20F041FEAB68C8
:1020F0000133AB60DAF80430991C1DD05A1C2C7BDC
:1021000027D0039A20461BF83210FAF749FDDAF877
:10211000042000242AB3234604210094304622F0F0
:1021200077FC21F06FFB00940246234601213046E4
:1021300022F06EFC444601E00024AC6000233868C5
:102140001A46194620F0CAFB002CC3D005B0BDE8E2
:10215000F08FAB602046FFF791FF59F82450002420
:10216000ECE71446EAE700BF483F0020503F00205C
:10217000E421001010B5044B1C78FAF761FD034B05
:1021800001221A70204010BDCE1E0020483F0020C2
:1021900007B50190074800231A46694600688DF884
:1021A000003020F09BFB431E5842584103B05DF8BD
:1021B00004FB00BF4C3F0020F8B5104E057B0446E1
:1021C00000274FF0FF31306820F0D2FD2846A7608D
:1021D000FFF754FF3B4630683A46394620F07EFB15
:1021E000074B53F82530A34206D1064B53F8250080
:1021F000BDE8F840FFF75CBFF8BD00BF503F0020CE
:10220000E4210010CC210010DFED077A074A20EE10
:10221000270A1268FDEEC07A17EE903AC3F57A737A
:10222000C2ED017AD360704700007A44980800201C
:1022300007B50123019007488DF8003000231A46A6
:102240006946006820F04AFB431E5842584103B0DB
:102250005DF804FB4C3F002070B50D4E057B044635
:102260004FF0FF31306820F083FD4FF0FF33A36063
:102270002846FFF703FF002330681A46194620F06E
:102280002DFB044B53F82500BDE87040FFF710BF4D
:10229000503F0020CC21001007B50A4C20684FF0B9
:1022A000FF32694620F0C4FC9DF800302BB1012BB1
:1022B000F4D10198FFF7D0FFF0E70198FFF77CFF1A
:1022C000ECE700BF4C3F002000234FF0FF32C0E995
:1022D0000132084A13680BB910607047834202D17B
:1022E0007047834204D01A465B68002BF9D15060D6
:1022F000704700BF543F00202DE9F3412D4E347844
:10230000002C53D1FAF76AFC2B482C4D2C4FDFF8E8
:10231000F480FFF7D9FF2B48FFF7D6FF2A48FFF7D5
:10232000D3FF2A48FFF7D0FF2948FFF7CDFF294800
:10233000FFF7CAFF2848FFF7C7FF2848FFF7C4FF89
:102340002748FFF7C1FF2748FFF7BEFF2648FFF7E2
:10235000BBFF264BC3E90044C3E90244C3E904447C
:10236000CDE900852346224800224FF47A7122F0FD
:102370000BFB0134062C47F8040B05F12C05EFD1BB
:10238000012020F080FB1B4B0022186008210A204E
:1023900020F06CFA184B1949186001240023CDE98C
:1023A00000431748962221F0A5F8347002B0BDE82A
:1023B000F08100BFCE1E002010080020C4200010B5
:1023C000CC2100100008002068090020C00800206F
:1023D00098080020C80700204009002018090020A4
:1023E000F0080020E0080020D8070020E4210010B9
:1023F0002CC40308503F00204C3F002038C4030881
:1024000099220108B120010800F0B4B810B5064CBB
:1024100023783BB9054800F08FF804480EF0E6FC3D
:102420000123237010BD00BFCF1E002088090020AB
:1024300030B5402993B005460C4604D914491548D7
:1024400071221CF087FA14498DF80650224602A822
:102450008DF80740F2F724F80DF1060002F040FE77
:102460000E4B41F28831186820F082FC012808D117
:102470000B4B187810B9002013B030BD00221A7031
:10248000FAE79DF80620074907481CF0F5FEF2E739
:1024900042C40308E3CA0308593F0020D03F00208C
:1024A000583F00205EC40308B5CA010810B502F009
:1024B000C3FD03220021012020F0D8F90B4C20603D
:1024C00020B100231A46194620F008FA08490120D5
:1024D00020F0C4FA074B4FF0FF311860206820F05D
:1024E00047FCBDE81040FFF791BF00BFD03F002080
:1024F0007C3F0020CC3F00200378203B032B12D8E8
:102500000A4A831C223053F8041B42F8041B8342FE
:10251000F9D10123064A07481370002300681A46C0
:10252000194620F0DBB90023F4E700BF593F002033
:10253000583F0020D03F002070B50C4E4FF0FF31C7
:102540000546306820F014FC00212020FFF770FFC2
:10255000044610B1064B1B782B70002330681A46D6
:10256000194620F0BBF9204670BD00BFCC3F0020CB
:10257000593F0020F8B5114F114D04460E463868FA
:102580004FF0FF3120F0F4FB012121202C70FFF7E8
:102590004FFF044648B1D5F8013033602C78D5F8A8
:1025A00005307360FF3C18BF0124002338681A46C9
:1025B000194620F093F92046F8BD00BFCC3F00201B
:1025C000593F00202DE9F84F702A02EB010605461D
:1025D0000C461F46B6B204D926492748C0221CF033
:1025E000B9F9DFF89C80DFF89CA0C146DAF800005A
:1025F0004FF0FF3120F0BCFB09F8035B0025B4422B
:1026000001D301240EE0A6EB040BBBF11C0FA8F8CC
:10261000014018DC0BF10301C9B22220FFF708FFCB
:1026200050B900240023DAF800001A46194620F0B9
:1026300055F92046BDE8F88F5A4649467819F1F712
:102640002FFF3446DBE720212220FFF7F1FE002890
:10265000E7D00A4A7B1902F11C0152F8040B43F837
:10266000040B8A42F9D112781A701D341D35A4B2B8
:10267000EDB2C4E742C4030875C403085C3F002000
:10268000593F0020CC3F00202DE9F74F702A02EB84
:10269000010605460C460193B6B204D92A492B48D7
:1026A000F3221CF057F92A4FDFF8AC90B846D9F85E
:1026B00000004FF0FF3120F05BFB08F8055B0025C0
:1026C000AA464FF01A0BB44201D3012415E0019B36
:1026D000A7F80140321B192A03EB050118DC94B25C
:1026E000A7F8032040462246F1F7DAFE611DC9B281
:1026F0002320FFF79DFE28BB00240023D9F800000B
:102700001A46194620F0EAF8204603B0BDE8F08FDB
:10271000104A87F803B087F804A001F1180051F8B7
:1027200004CB42F804CB8142F9D1098811802320DF
:102730001F21FFF77DFE0028DED01A341A35A4B21F
:10274000EDB2C0E73446BEE742C4030875C40308CF
:10275000593F00205E3F0020CC3F0020014B024A41
:102760001A6070470C38002090050020CBB201465B
:10277000024803220068F9F7FCBD00BF0C380020B6
:1027800073B50B4E04460D460DF1070301460122B9
:102790003068F9F789FD9DF8073030682B43DBB2CC
:1027A000012221468DF80730F9F7E3FD02B070BD34
:1027B0000C38002073B50B4E04460D460DF107038F
:1027C000014601223068F9F76FFD9DF80730306847
:1027D00023EA0503012221468DF80730F9F7C9FDE8
:1027E00002B070BD0C380020DFED107A104B60EEA7
:1027F000277A83ED000AFCEEE77A0E4B17EE902A5B
:102800001A800D4BD3ED007AF4EEC07AF1EE10FA97
:1028100048BF83ED000A094BD3ED007AF4EEC07A8D
:10282000F1EE10FAC8BF83ED000A704700007A4449
:1028300074420020704200206C420020A409002055
:1028400070B50D4D0D4E92B000243368A3420EDCDE
:10285000412200210DF1070026F0E0FB16230DF1C7
:1028600006008DF8063002F03BFC12B070BD55F842
:10287000043B98470134E8E7D43F0020E83F0020BC
:102880001FB50E4C2378B3B90D4A02920D4A0E497A
:102890000E48CDE90032962220F0E0FD0C4A0123DB
:1028A000237000EE102A0B4BC3F8012004B0BDE8E2
:1028B0001040FFF799BF04B010BD00BFD01E00202C
:1028C000FC210010EC3F00208BC40308112A0108F2
:1028D000CDCC6C4046420020014B1878704700BFB9
:1028E000D01E0020014B93ED000A70477442002077
:1028F000064A1368042BDFBF054941F82300013362
:102900000120D4BF13600020704700BFE83F0020C3
:10291000D43F00200378132B15D10E4BD0F80220A2
:102920001A60D0F806205A60827A1A720A4A12781F
:1029300022B10A4B93ED000AFFF756BFD3F80130DE
:1029400000EE103AF8E7152B03D10548002113F0EB
:102950006BBC704746420020644200206842002061
:102960004128010838B50D4B1B78C3F3400503F02F
:10297000010420F047FF0A4B1B68C01A094B1B7863
:1029800023B91DB1C4F10203D8B238BD41F2883376
:1029900098428CBF03200020F7E700BF464200208A
:1029A000504200204442002008B5084B1B784BB130
:1029B000074B1878F2F704FD064BD3ED007A20EEB2
:1029C000270A08BD9FED040AFBE700BF584200201C
:1029D00059420020544200200000000008B5084B76
:1029E0001B784BB1074B1878F2F7EAFC064BD3ED96
:1029F000007A20EE270A08BD9FED040AFBE700BF1E
:102A00006442002065420020604200200000000077
:102A10002DE9F0412DED028B052192B0002021F02F
:102A20007FF820F0EFFE5D4D5D4F286013F038F920
:102A3000412200210DF1070026F0F0FA14230DF1D8
:102A400006008DF8063002F04BFB564E0024642041
:102A500021F03EF820F0D6FE8046FFF7BFFFDFED05
:102A6000527A87ED000A20EE270A504BBCEEC00ACE
:102A7000B0EE088A10EE102A1A80FFF795FFD6ED07
:102A8000007A4B4BF4EEC87AF1EE10FA83ED000AAF
:102A900036D49FED487AF4EEC77AF1EE10FA31DCC5
:102AA000454A0023B2EC017AF4EEC77AF1EE10FA4F
:102AB00024DC424A03EB83035B001370404B93ED2D
:102AC000007AB4EEE77AF1EE10FA48BFC5F800805C
:102AD000FFF748FFDFF8F880A04288F800001ED01A
:102AE000022811D003284AD001283DD03548FFF7ED
:102AF00063FB3548FFF74CFB02200CE00133D1E7C4
:102B00000023D6E70923D4E72E48FFF791FB2E4890
:102B1000FFF752FB042012F071F998F80040CCB393
:102B2000012C94D1D6ED007AF4EEC87AF1EE10FAC9
:102B30002CD49FED207AF4EEC77AF1EE10FA27DC60
:102B40001D4A0023B2EC017AF4EEC77AF1EE10FAD6
:102B50001ADC07EE903AF8EEE77AB2EE040A87EE56
:102B6000800AFFF751FB72E71848FFF761FB164830
:102B7000FFF75EFB1348FFF71FFB0320CBE713486B
:102B8000FFF71AFB0520C6E70133DBE70023E0E788
:102B90000923DEE709F0E0FE59E700BF50420020BC
:102BA000684200207442002000007A4466420020FF
:102BB0005C42002033338340F40004084542002087
:102BC0009C09002098080020C00800206809002007
:102BD0004F4200200020704708B520F013FE044B40
:102BE0001B68C01AB0F57A7F2CBF0020012008BDF9
:102BF0004843002070B503781E2B044604D90E49C3
:102C00000E48E4221BF0A6FE0D4D00262E70227801
:102C1000214601326A7011F8012BA81C0132F1F72C
:102C20003FFC084833466422294600681FF056FEE0
:102C3000431E5842584170BD93C40308AEC40308F4
:102C4000784200205843002008B5054B0146642215
:102C500018681FF0EDFF013818BF4FF0FF3008BDB6
:102C60005043002002F030BA00B593B001238DF834
:102C700008000DF106008DF806308DF8073002F0DF
:102C80002FFA13B05DF804FB00B593B002238DF862
:102C900006308DF8080001230DF106008DF807308D
:102CA00002F01EFA13B05DF804FB00B595B00523E1
:102CB000CDE9000104900DF10E008DF80E308DF875
:102CC0000F308DF8141002F00BFA15B05DF804FB0C
:102CD00037B5174D2C784CBB164B174A0094422140
:102CE00001201FF075FD154B154A18602021154B6A
:102CF000009405201FF06CFD134B186020B9134998
:102D0000134861221BF026FE02F096F91CF04CF8E5
:102D1000C0B2FFF7A9FF1CF053F8C0B2FFF7B4FF31
:102D20001CF05AF8FFF7C1FF01232B7003B030BD30
:102D3000D21E00204C2300109C230010584300207A
:102D4000AC2200105C2200105043002093C4030802
:102D5000CCC4030800B593B007238DF806308DF876
:102D6000080001230DF106008DF8073002F0B8F9D4
:102D700013B05DF804FB000030B5037891B0044651
:102D80000BB1062B03D120F03DFD384B18602378A2
:102D90000A2B2ED8DFE803F0062D2D2D492D332DDB
:102DA0002D2D4D00637832482146013B01F8013F4B
:102DB000002300681A461FF091FD012804D02D4918
:102DC0002D48A6221BF0C6FD2C4A2D48138801333E
:102DD0001380FFF7DDF92B4B2B49186800221FF0F9
:102DE00027FF012805D12948FFF7D2F9264802F02C
:102DF00077F9FFF7F1FE264B187011B030BD6378FC
:102E00001B482146013B01F8013F00231A46006898
:102E10001FF064FD012808BF1E4A194802BF13882D
:102E200001331380FFF7B4F9E3E71B4BA2781A7064
:102E3000DFE71348FFF7ACF96578A3788DF8033026
:102E4000023DEDB2E3788DF802302A46211D01A83B
:102E5000F1F726FB114B8DF801501A68002AC8D0F3
:102E60001B680DF101009847C3E700BF48430020ED
:102E70005043002093C40308DFC4030844430020E8
:102E8000F008002058430020FC420020E008002009
:102E90004C430020464300204D4300204043002087
:102EA00000487047A809002007B500920A4601466D
:102EB0000548F9F7E6F900280CBF6FF00300002081
:102EC00003B05DF804FB00BF9406002007B5009234
:102ED0000A4601460548F9F739FA00280CBF6FF099
:102EE0000300002003B05DF804FB00BF940600203F
:102EF00020F0EEBD38B52DED068B434BDFED43AA38
:102F0000D3ED007ADFED428A67EEAA7A044687EEB7
:102F1000A88A0D46B0EE480A23F050FEF0EE409A23
:102F2000B0EE480A23F004FE3A4BD3ED007A67EE88
:102F3000AA7AB0EE408A87EEA89AB0EE490A23F04A
:102F40003DFEB0EE40AAB0EE490A23F0F1FD324B4F
:102F5000D3ED007A67EEAA7AB0EE409AC7EEA8AA3F
:102F6000B0EE6A0A23F02AFEF0EE408AB0EE6A0A5A
:102F700023F0DEFD29EE8A6A68EEC85A28EE007A50
:102F800028EE0A5AA8EE867AE0EE065A60EE697AD2
:102F900029EEA86AE8EE857AA0EE056A69EE286A4D
:102FA00094ED015A29EE004A66EE856A94ED005AC6
:102FB000E4EE056A94ED025AEAEE456A69EE894A42
:102FC000C5ED006AD4ED016A27EE267AD4ED006AD9
:102FD000A5EEA67AD4ED026AA4EEA67A28EE098AB6
:102FE00085ED017A94ED017A67EE877A94ED007AA7
:102FF000E6EE077A94ED027AE8EE077AC5ED027AFA
:10300000BDEC068B38BD00BFF44C0020DB0F4940FF
:1030100000003443EC4C0020E44C002038B52DED8A
:10302000068B434BDFED43AAD3ED007ADFED428AF6
:1030300067EEAA7A044687EEA88A0D46B0EE480AE3
:1030400023F0BCFDF0EE409AB0EE480A23F070FD8C
:103050003A4BD3ED007A67EEAA7AB0EE408A87EE5B
:10306000A89AB0EE490A23F0A9FDB0EE40AAB0EE4E
:10307000490A23F05DFD324BD3ED007A67EEAA7A60
:10308000B0EE409AC7EEA8AAB0EE6A0A23F096FD09
:10309000F0EE408AB0EE6A0A23F04AFD29EE8A6A11
:1030A00068EEC85A28EE007A28EE0A5AA8EE867A08
:1030B000E0EE065A60EE697A29EEA86AE8EE857AB3
:1030C000A0EE056A69EE286A94ED015A29EE004ADD
:1030D00066EE856A94ED005AE4EE056A94ED025AB4
:1030E000EAEE456A69EE894AC5ED006AD4ED016AE7
:1030F00027EE267AD4ED006AA5EEA67AD4ED026A10
:10310000A4EEA67A28EE098A85ED017A94ED017A7B
:1031100067EE877A94ED007AE6EE077A94ED027A0C
:10312000E8EE077AC5ED027ABDEC068B38BD00BF2C
:10313000F84C0020DB0F494000003443F04C0020E5
:10314000E84C00202DE9F0412DED028B864E874B97
:1031500096F80080002288B083F8252003F12C0225
:103160009A62B8F1000F40F03D81814F814C87F8A1
:1031700000804FF47A7020F0ABFC2046FDF7E4FEAF
:1031800045B2002D65D17C497C481CF075F820467D
:10319000A572FDF74FFF40F202232046A381E5729E
:1031A000FDF70EFF9DF81D308DF8195023F0070331
:1031B00043F00503214606A88DF81D308DF81B50FD
:1031C000FDF776FF3220A36A9847214604A8FDF751
:1031D00055FF04216748FDF7B1FDA36A0520984714
:1031E0006448FDF791FC45B2002D39D1644963482C
:1031F0001CF042F85F48A571FDF764FDA36A0A2040
:1032000098470323E3715B484FF440632381FDF744
:10321000D9FC584906A8FDF777FD5A4C772363700F
:103220000123A370584B6360584BA360584BE36075
:103230000425E368012098472046FEF7EBFA804614
:10324000A8B1013DF5D153494C481CF015F8357033
:10325000C8E0514949481CF00FF886F80080B8E7EB
:103260004E4946481CF008F800233370D5E7012387
:103270003B704B4B1B78502B71D14A493F48DFEDD7
:103280004A8A9FED4A8A1BF0F7FF012384F87130C8
:1032900040F20133A4F872304FF400733949A4F8B6
:1032A0007430F620022384F876300325FEF740F9C7
:1032B000344884F87050FEF7BDFBE368142098474B
:1032C000304A284606A9FEF72CFC394B394D14220A
:1032D0001A7000242819F0EE680AB0EE480A1CF0B3
:1032E0004FF83548F3EE0E0A2044B0EE480A1C347D
:1032F0001CF046F8542CEDD11BF07EFDDFED2F8A3B
:103300009FED2F8A20EE280A80EE080A23F010FC99
:103310002C4B83ED000A1BF06FFD20EE280A80EE97
:10332000080A23F04BFC284B83ED000A1BF074FDC8
:1033300020EE280A80EE080A23F0FAFB234B83EDE7
:10334000000A1BF069FD20EE280A80EE080A23F02F
:1033500035FC1F4B83ED000A0123337042E0602BE4
:103360003AD11C498AE700BFD31E00204024001038
:10337000FC4C00205051002019C50308B5CA0108B3
:1033800060C50308C0500020A92E0108CD2E0108F9
:10339000F12E0108EAC503083CC5030883C50308EC
:1033A000A03D0020A8C503080000A04200007A4408
:1033B000BD090020004D0020A84D0020DB0F494032
:1033C00000003443DC4C0020D44C0020CC4C0020C6
:1033D000C44C0020C9C503083B493C481BF04CFFC6
:1033E00086F800800324002200941146384B012007
:1033F0001FF0EEF9374B0022114618600094364B4F
:1034000001201FF0E5F9354B4FF480461860002489
:1034100004A9334804968DF814408DF8174004F041
:1034200043FB0E21022004F033FE01254FF400631C
:103430000696ADF81C308DF81E504FF05F0383F3F5
:103440001188BFF36F8FBFF34F8F06A804F0D4FA33
:10345000304604F023FB84F31188224B224A009467
:103460000C2128461FF0B4F9204B214A18600C218A
:10347000204B009428461FF0ABF91F4B1F4A1860E1
:103480000C211F4B009428461FF0A2F91D4B1E4A29
:1034900018600C211D4B009428461FF099F91C4B15
:1034A0001C4918601C4B02931C4B0193042300938E
:1034B0004FF4967223461A481FF0D0FF08B0BDECB7
:1034C000028BBDE8F08100BFEAC50308B5CA010858
:1034D000F84F002098500020504F0020F04F00205F
:1034E0000008024080310010D0310010B850002098
:1034F0007431001024310010B05000201831001039
:10350000C8300010A8500020BC3000106C300010F3
:10351000A05000200DC60308E023001064430020E3
:103520006935010870B50C46054601F10C0694EDAD
:10353000000A28461BF02EFFA4EC010AB44205F154
:103540001C05F4D170BD70B50C46054601F10C06A2
:1035500094ED000A28461BF01DFFA4EC010AB442BA
:1035600005F11C05F4D170BD2DE9F04F2DED068B52
:10357000A1B012F095FB884D884B4FF0FF311868D1
:103580001FF0F6FB0128044640F01E82844B854E56
:103590008549D3E900233046C5E90C23FDF76EFDCC
:1035A00081498248FDF7B0FB814BB6F900709A6AF9
:1035B000B6F90410B6F9020017809A6A50809A6A28
:1035C00091809A6A03F62C4106328A4228BF83F81A
:1035D000254093F8244032BF9A6203F12C029A628C
:1035E000002C40F0F38093F82530002B00F0EE80A3
:1035F0004FF000084FF00009CDE90089CDE90289BC
:10360000DFF8ACE106942746A24620460794A3467D
:10361000BEF92CC0079BBEF93020069905921CEB21
:10362000000043EBEC730793BEF92E30DF194AEB31
:10363000E37A141941EBE2710691DDE90212CCFB49
:103640008C12CDE90212DDE900120BF1010BC3FB74
:103650008312059BBBF5007FCDE90012C3FB838974
:103660000EF1060ED4D10799DFED529ADFF840B182
:10367000F1F7C8FD09EE100A29EE299A51468BEDA3
:10368000069A3846F1F7BEFD08EE900A68EEA98A60
:103690000699CBED078A2046F1F7B4FD08EE100A33
:1036A000DDE9020128EE298A00298BED088AB1EEB6
:1036B00049AA04DA40F2FF13C01841F10001400AA0
:1036C00040EAC1504912F1F79DFD09EE900ADDE98B
:1036D0000001E9EE0A9A0029B1EE68AACBED039A3F
:1036E00004DA40F2FF13C01841F10001400A40EA39
:1036F000C1504912F1F786FD09EE100AA8EE8A9A28
:10370000B9F1000F4046F1EE488A8BED049A494624
:1037100004DA40F2FF13C01849F10001400A40EA00
:10372000C1504912F1F76EFD07EE900A9FED227A23
:10373000E8EE287AF4EEC79AF1EE10FACBED057AAE
:1037400044D5B4EEC79AF1EE10FA3FD5F4EEC77A3D
:10375000F1EE10FA3AD5194F3B6803F57A7420F070
:1037600051F884422ED220F04DF8DBF81830CBF817
:103770000030DBF81C30CBF80430DBF82030CBF81D
:103780000830012338608BF82430072011F036FB15
:103790000B48FEF7FDFC19E0A84E002098500020D1
:1037A000984E0020884E0020505100207C4E002072
:1037B000402400100000003B0000C842604300208D
:1037C000400900209BF82430002BDED1AC4BAD4AE1
:1037D00093ED005AD3ED015A93ED026A82ED005A3F
:1037E00093F82430C2ED015A82ED026AA64AA74C32
:1037F000DFEDA78A9FEDA78AA74F1370002B3DD05E
:10380000A64A1378D3BBB4F90430A54907EE103AA1
:10381000B4F9003006EE903AB4F9023007EE903A6F
:10382000F8EEE77AF8EEE66A67EEA87A66EEA86A3E
:1038300067EE887A66EE886A67EEA77AB8EEC77A8E
:10384000E6EEA67A974B27EE287A27EE087AE7EE7F
:10385000077AB1EEE77AD3ED007A77EE277AC3EDF7
:10386000007A0B680133C82B0B6007D1DFED8E6A3D
:1038700087EEA67A0123137087ED007AB6F900303F
:103880009FED8A7A8A4907EE903AF8EEE77AB6F920
:10389000023077EEC57A0BA867EE877A67EE887AF2
:1038A000CDED0B7A07EE903AF8EEE77AB6F90430F0
:1038B00077EEE57A15AE67EE877A67EE887ACDED1A
:1038C0000C7A07EE903AF8EEE77A77EEC67A67EE72
:1038D000877A67EE887ACDED0D7AFFF70BFB744996
:1038E0007448FFF71FFE09238DF85030704B93E8A2
:1038F000070086E8070014A81AF012F9B4F900309E
:1039000097ED007A07EE903AF8EEE77AB4F90230D4
:1039100067EEA87A11A967EE887A0EA8C7EE876AC3
:1039200007EE903AF8EEE77ACDED0E6A67EEA87AE8
:10393000B4F9043067EE887AC7EE876A07EE903AEA
:10394000F8EEE77ACDED0F6A67EEA87A67EE887A2F
:10395000C7EE876ACDED106AFFF7CCFA564B9DEDA6
:10396000135AD3ED007A554B9DED126AD3ED006AE0
:10397000534BDDED115A5349534826EEC57AA6EE56
:10398000277A67EE857A93ED005A504B85ED017AE0
:10399000E6EE267A93ED006A66EE676A67EE857A50
:1039A000E5EE856AE5EE867AC5ED006AC5ED027A38
:1039B000FFF7B8FD95E807000A2386E8070014A87A
:1039C0008DF850301AF0ACF8414E3378002B38D0D7
:1039D000404C2378013BDBB2237093BB3E4A09A9DC
:1039E0000320FEF79EF89FED3D7ADDED0A7A9FED0C
:1039F0003C0A099BDFED3B0AAB6267EE877A80EEFB
:103A0000270AC5ED097A22F0F5FEF7EE007A30EECE
:103A1000670ADFED357A9FED357A354A20EE270AC1
:103A20000B23C0EE077A8DF8503015ABC5ED0B7A3D
:103A300007CA83E8070014A81AF072F82D4B1B7808
:103A400023702D4802230022294600681EF046FFFD
:103A50002A4817490068022300221EF03FFF3378EE
:103A600033B1274822490068022300221EF036FFA6
:103A7000244800231A46194600681EF02FFF7BE5F4
:103A800040240010644E0020604E00207C4E002038
:103A90000000404200008037C0090020544E002042
:103AA000504E0020584E00200000484300007A4548
:103AB000B44E0020004D0020CC4C0020C44C00200F
:103AC000DC4C0020A84E0020A84D0020D44C002043
:103AD000FC4C0020BC090020C05000200AD7233C29
:103AE000CDEC7D4454D4423E33139543F4FDD43B96
:103AF000CC4E0020BD090020B8500020B05000205E
:103B0000A0500020F04F00202DE9F04F2DED028B4A
:103B100099B012F0C5F80920FAF74CFA0020FAF72C
:103B2000A5FA0120FAF7B4F90020FAF757FA0020B5
:103B3000FAF766FA0020FAF775FA0120FAF784FA24
:103B4000DFF85C840020FAF7B5F90D20FAF7C4F924
:103B500098F800309BB18C210020FAF7D1F90221AE
:103B60000020FAF7E1F908210020FAF709FA01210B
:103B70000020FAF7D9FA01210020FAF7E9F9DFF875
:103B8000249499F800303BB3DD210120FAF7B8F90D
:103B9000A7210120FAF7C8F904210120FAF7F0F96A
:103BA00001210846FAF7C0FA01210846FAF7D0F9D0
:103BB000DD210220FAF7A4F9AB210220FAF7B4F9CB
:103BC00002210846FAF7DCF901210220FAF7ACFAE3
:103BD00001210220FAF7BCF90120FAF7B7FA012017
:103BE000CF4CFAF761FAA34604F10C07CD4D2868D3
:103BF0004FF0FF311FF0BCF801288246F7D1CA4BC5
:103C0000CA4DCB48CB4E9FEDCC8AD3E90023C4E903
:103C10000C2398F800300095002B99F800300CBF69
:103C20000E221622002B0CBF002306231344692109
:103C30003B22F8F726FB2B8829896889AA895BBA79
:103C400073806B885BBA3380AB885BBAB380BB4B45
:103C500049BA40BA52BA598018809A8009B212B251
:103C600000B200F037FBB64AB44B1070B54A0028DA
:103C70003BD0B5490878C0BBB6F90400DFF828C3CB
:103C800007EE100AB6F9000006EE900AB6F9020037
:103C900007EE900AF8EEE77AF8EEE66A67EE887AC1
:103CA00066EE886A67EEA77AB8EEC77AE6EEA67A7D
:103CB000A64827EE087AE7EE077AB1EEE77AD0ED6C
:103CC000007A77EE277AC0ED007ADCF80000013048
:103CD000C82808BFDFED9E6ACCF8000002BF87EE5F
:103CE000A67A81F800A082ED007AB3F90020994904
:103CF00007EE902A91ED007AB3F90220D1ED016A26
:103D0000B3F90430F8EEE77A03A877EEC77A9FEDAF
:103D1000927A67EEC77ACDED037A07EE902AF8EE35
:103D2000E77A77EEE67AD1ED026A67EE877A39466E
:103D3000CDED047A07EE903AF8EEE77A77EEE67A80
:103D400067EE877ACDED057AFFF768F98348394643
:103D5000FFF7F9FBB6F900307A4A5B4207EE903A7A
:103D6000F8EEE77A92ED007AB6F9023067EE887ADB
:103D700009A9C7EE876A06A807EE903AF8EEE77A37
:103D8000CDED066A67EE887AB6F90430C7EE876A29
:103D900007EE903AF8EEE77ACDED076A67EE887A9B
:103DA000C7EE876ACDED086AFFF738F96C4B9DEDD9
:103DB0000B5AD3ED007A6B4B9DED0A6AD3ED006A86
:103DC000694BDDED095A694826EEC57A2146A6EE13
:103DD000277A67EE857A93ED005A654B84ED017A78
:103DE000E6EE267A93ED006A66EE676A67EE857AFC
:103DF000E5EE856AE5EE867AC4ED006AC4ED027AE6
:103E0000FFF7A1FB98F8003013B3AA7BD2071FD5A8
:103E1000B5F91120DFED577A06EE902AB5F9132097
:103E200007EE102AB5F90F2006EE102AF8EEE66A22
:103E3000B8EEC66AB8EEC77AC6EE275A86EEA76A0B
:103E4000C7EE276AC4ED065A84ED076AC4ED086A16
:103E500099F80020002A33D0002B0CBF0E23162324
:103E60004549E85C10F0020F05EB030207D0937898
:103E7000D5781B0243EA054355782B430B6010F0BD
:103E8000010F3E4B1CBF92881A80B3F90030D1ED70
:103E9000007ADFED3B6A3B4807EE103AFBEECA7A48
:103EA000B8EEC77AC4ED097AC7EE267A9FED367A66
:103EB00077EE877AC4ED0A7AF9F71EF984ED0B0ADA
:103EC0009BE807000DAD85E807000A230CA88DF8D4
:103ED000303019F025FE2D480223002221460068CB
:103EE0001EF0FCFC97E80700092385E807000CA8F2
:103EF0008DF8303019F014FE254826490068022359
:103F000000221EF0EBFC98F80030002B4ED0224827
:103F100022490068022300221EF0E0FC46E000BFB8
:103F2000E04E00209C500020A04E0020323800209F
:103F300094060020824E00200000003A8E4E0020A1
:103F4000614E0020C4090020885100205C4E0020F2
:103F500000004843704E002000007A3D544D002080
:103F6000D04C0020C84C0020E04C0020FC4D00202C
:103F7000D84C0020CDAC2644805100207C5100203C
:103F80000000F043044F002000002A42BC500020F3
:103F9000B4500020EC4E0020AC500020F84E002021
:103FA00093510020FD4C00208451002099F80030EE
:103FB0008BB10D4E96E807000B2385E807000CA88F
:103FC0008DF8303019F0ACFD08480223006800225B
:103FD00031461EF083FC064800231A461946006845
:103FE0001EF07CFC02E600BF044F0020A45000201D
:103FF000F44F002037B5184C042518491648FDF732
:104000003DF8C0B1013DF8D1154916481BF034F90F
:104010000024124900250DF107008DF80750FDF727
:10402000F4F89DF9073083B90F490E481BF024F9C5
:10403000204603B030BD628823881343A28813430F
:104040001BB2002BE0D00124E3E7084905481BF030
:1040500013F92C46ECE700BF884E00205051002099
:1040600015C60308B5CA010846C6030867C6030893
:1040700008B5054B0146002218681EF0D9FD431E05
:104080005842584108BD00BFB050002008B5054B4C
:104090000146002218681EF0CBFD431E58425841CD
:1040A00008BD00BFB850002008B5054B01460022EE
:1040B00018681EF0BDFD431E5842584108BD00BFA0
:1040C000A850002008B5054B0146002218681EF0D4
:1040D000AFFD431E5842584108BD00BFA05000200C
:1040E00010B504460C3000F06BFD204600F06EFD6C
:1040F00004F1180000F070FD04F1240000F072FDDE
:10410000024BD3E90C23C4E90C2310BDA84E0020B8
:10411000014B1878704700BF604E0020024B4FF0F3
:10412000FF3118681EF024BEF04F002008B5074B81
:104130001B7853B9064907481BF09EF8064800F063
:10414000B7F8BDE80840FEF7FDBF08BDD31E00204C
:104150008CC60308B5CA01085051002010B5054BA4
:104160001C781CB9044905481BF086F8FFF742FF8C
:10417000204010BDD31E0020AFC60308B5CA0108F9
:1041800037B5FFF737FF00250B498DF80750044678
:104190000DF10700FCF7FAFD9DF9073033B9074927
:1041A00007481BF069F8204603B030BD05490448B4
:1041B0001BF062F82C46F6E750510020C3C60308F6
:1041C000B5CA0108E3C60308214A08B50323D37121
:1041D00008BB40F6024310461381FCF7F3FC18B10C
:1041E0001C491D481BF048F8DFED1C0A9FED1C0A16
:1041F0001C481BF0C5F8DFED190A9FED190A1A4893
:104200001BF0BEF8DFED150A9FED150A1748BDE853
:1042100008401BF0B5B84FF4406310461381FCF71B
:10422000D1FC18B10B490C481BF026F89FED0C0A85
:104230000C48F3EE0E0A1BF0A3F8F3EE0E0A9FED06
:10424000080A09481BF09CF8F3EE0E0ADCE700BFF1
:104250005051002007C70308B5CA01080000FA43FF
:1042600000007A44A84D0020C44D0020E04D0020FD
:1042700007B50023019301F0ADFB0B4BC3E900012F
:104280000A4B01A918681EF079FC019B4BB14FF055
:10429000E0234FF08052C3F8042DBFF34F8FBFF3DC
:1042A0006F8F03B05DF804FB984E002098500020FB
:1042B00046F61813438000230371034B0362034B3C
:1042C0004362034B83627047A92E0108CD2E01087B
:1042D000F12E01082DE9F04F2DED068B7E4B9C6AE7
:1042E00087B02080986A4180996A8A809A6A7B495F
:1042F00093F8244006328A4223BF03F12C029A62CB
:1043000001229A6228BF83F82520002C40F0D48037
:1043100093F82530002B00F0CF8000260027CDE950
:104320000267CDE90067DFF8B0E10594A0462546B5
:10433000A14620462146BEF92CC0BEF92E20BEF96A
:104340003030DDE900AB1CEB000041EBEC7155199E
:10435000CCFB8CAB49EBE2791C1948EBE378CDE957
:1043600000ABC3FB8367DDE902AB059B0133C2FBF6
:1043700082ABB3F5806FCDE902AB05930EF1060E6B
:10438000D9D1F0F73FFFDFED569ADFF84CA109EEE7
:10439000100A29EE299A49468AED069A2846F0F72E
:1043A00031FF08EE900A68EEA98A4146CAED078AF5
:1043B0002046F0F727FF08EE100ADDE9000128EE9D
:1043C000298A00298AED088AB1EE49AA04DA40F266
:1043D000FF33C01841F10001800A40EA8150891280
:1043E000F0F710FF09EE900ADDE90201E9EE0A9A02
:1043F0000029B1EE68AACAED039A04DA40F2FF334D
:10440000C01841F10001800A40EA81508912F0F79A
:10441000F9FE09EE100AA8EE8A9A002F3046F1EE56
:10442000488A8AED049A394604DA40F2FF33F018DC
:1044300047F10001800A40EA81508912F0F7E2FE5C
:1044400007EE900A9FED277AE8EE287AF4EEC79AF5
:10445000F1EE10FACAED057A2ED5B4EEC79AF1EE58
:1044600010FA29D5F4EEC77AF1EE10FA24D51E4DD4
:104470002B6803F57A741FF0C5F9844218D21FF037
:10448000C1F9DAF81830CAF80030DAF81C30CAF886
:104490000430DAF82030CAF80830012328608AF89E
:1044A0002430072010F0AAFC1048FDF771FE03E04D
:1044B0009AF82430002BF4D1074B0D4A196811608B
:1044C000596893F8240051609968916007B0BDEC79
:1044D000068BBDE8F08F00BF3C320010684A001028
:1044E0000000803A000048428C5100204009002022
:1044F000704E002008B5054B0146002218681EF0DA
:1045000097FB431E5842584108BD00BFB4500020DD
:1045100008B5054B0146002218681EF089FB431EB2
:104520005842584108BD00BFBC50002008B5054B9B
:104530000146002218681EF07BFB431E584258417A
:1045400008BD00BFAC50002008B5054B0146002255
:1045500018681EF06DFB431E5842584108BD00BF4D
:10456000A450002010B504460C3000F029FB204672
:1045700000F02CFB04F1180000F02EFB04F12400E5
:1045800000F030FB024BD3E90C23C4E90C2310BD2F
:10459000E04E0020014B1878704700BF614E0020AC
:1045A000024B4FF0FF3118681EF0E2BBF44F0020C1
:1045B0002DE9F0412DED028B9E4F3B7888B0002B0A
:1045C00040F02C819C4A9D4E9D4D82F8253002F191
:1045D0002C01916206A84FF47A7133702B70069308
:1045E0001FF02CFA9748F9F77DF9F9F723FE002818
:1045F00000F0198194499548DFF8E482DFED948A50
:104600009FED948A1AF038FEF9F7B2FD32201FF0C0
:104610005FFA0020F9F7BEFD64201FF059FA01206F
:10462000F9F7DEFDC8201FF053FA0120F9F7C4FDA9
:104630000020F9F72DFD0120F9F718FD0320F9F707
:10464000EBFB0320F9F7FCFB0320F9F70DFC00203E
:10465000F9F7C2FB0220F9F7CBFB002408EB0400BA
:10466000F0EE680AB0EE480A1AF08AFE7A48F3EED5
:104670000E0A2044B0EE480A1C341AF081FE542C75
:10468000ECD17048F6F766FFF6F76EFF002800F0F1
:10469000CC80012316203370F6F7CAFF6F496B48B0
:1046A0001AF0EAFD6748F8F779FCF8F78DFC002866
:1046B00000F0BD800120F8F7DFFC012368492B7072
:1046C0006248DFED688A9FED688A1AF0D5FD1AF01E
:1046D00093FB20EE280A032480EE080A22F028FA31
:1046E000624B4FF40056022583ED000A1AF084FB5A
:1046F00020EE280A80EE080A22F060FA5C4B83ED77
:10470000000A1AF089FB20EE280A80EE080A22F03F
:104710000FFA584B83ED000A1AF07EFB20EE280AB0
:1047200080EE080A22F04AFA534B0022114601207B
:1047300083ED000A0094514B1EF04AF8504B0022C2
:104740001146186000944F4B01201EF041F84E4B6B
:1047500018604E4B4E484FF4804404A9CDE9044301
:1047600003F0A2F921464A4803F0EEF9002404A917
:1047700047488DF8175004968DF8144003F094F9CB
:1047800028460D2103F084FC01254FF400630696B2
:10479000ADF81C308DF81E504FF05F0383F3118885
:1047A000BFF36F8FBFF34F8F06A803F025F9304694
:1047B00003F074F984F31188364B374A00940C21C6
:1047C00028461EF005F8354B354A18600C21354B4C
:1047D000009428461DF0FCFF334B344A18600C212E
:1047E000334B009428461DF0F3FF324B324A1860D9
:1047F0000C21324B009428461DF0EAFF304B314922
:104800001860314B0293314B0193042300933048DD
:1048100023464FF496721EF021FE3D7008B0BDECA9
:10482000028BBDE8F0812B49E5E62B4937E72B49A0
:1048300046E700BFD41E00203C32001093510020F8
:10484000FD4C0020940600201FC70308B5CA0108CC
:104850000000A04200007A44FC4D00205DC7030820
:1048600099C70308DB0F494000003443E04C0020A7
:10487000D84C0020D04C0020C84C002048500020CC
:104880009C500020A04F0020F44F002001020002A5
:10489000000802407C4B0010CC4B0010BC500020A4
:1048A000704B0010204B0010B4500020144B00102F
:1048B000C44A0010AC500020B84A0010684A0010EA
:1048C000A45000200DC60308DC310010144800205D
:1048D000093B01083DC703087AC70308B6C70308A8
:1048E000544D002038B5164B1D781DB91549164892
:1048F0001AF0C2FC4FF49674F9F73CF858B1134B18
:1049000001221A70114B1A78114B1B781A4200D0F1
:104910003DB9002038BD0A201FF0DAF8013CEBD188
:10492000F0E7F6F7A3FE0B4B18700B4B1B78002B30
:10493000EFD00028EDD0F8F75DFC084B1870E9E7E0
:10494000D41E0020D5C70308B5CA01089251002023
:104950009351002091510020FD4C002090510020E7
:1049600030B52DED068B87B01EF04CFF0446F9F7ED
:1049700001F8002800F08F804A4B002283F82520A0
:1049800003F12C029A6203AD1EF03CFF031BB3F54A
:10499000FA6F1CD204ABCDE900530DF116020DF1F4
:1049A000120105A80DF10E03F9F790FBBDF91020D7
:1049B000BDF90E10BDF90C00FFF78CFC0028E3D008
:1049C000394B3A493A4801221A701AF055FC364BD5
:1049D0001C78002C61D0BDF91430DFED367A9FEDE4
:1049E00036AADFED369A08EE903ABDF9163008EE99
:1049F000103AB8EEC88AF8EEE88A28EE278A68EE00
:104A0000A78A28EE087ABDF91230A8EEA87A5B4290
:104A1000B1EEC70A07EE103AB8EEC77A67EEC77A6A
:104A200087EE800A22F004F920EE0A0A80EE299A25
:104A300088EE880A22F0FCF820EE0A0AB1EE047A29
:104A4000C0EE297AF0EEE76AF4EEC76AF1EE10FAEA
:104A50000FD5F0EEC96AF4EEC76AF1EE10FA08D588
:104A6000174913481AF008FC204607B0BDEC068B26
:104A700030BD17EE900AEFF793FF044619EE100AC7
:104A80000D46EFF78DFF2246CDE900012B460D497B
:104A900007481AF0F1FB0024E6E70B4904481AF036
:104AA000EBFBF8E73C320010614E0020FCC7030826
:104AB000B5CA01080000003A00003443DB0F49404A
:104AC00015C803082AC8030859C8030808B5C0B99F
:104AD000F9F7CAF9DFED150A9FED150A15481AF026
:104AE0004FFCDFED120A9FED120A13481AF048FC42
:104AF000DFED0E0A9FED0E0A1048BDE808401AF0DF
:104B00003FBC0320F9F7B0F99FED090A0948F3EE1D
:104B10000E0A1AF035FCF3EE0E0A9FED050A064860
:104B20001AF02EFCF3EE0E0AE4E700BF0000FA4391
:104B300000007A44FC4D0020184E0020344E002026
:104B40007047000038B50A4D2C787CB919F0AAFEE0
:104B500008B1012804D1074C404200F0340004445D
:104B6000054A63681460984701232B7038BD00BF65
:104B7000D51E00201C01040898510020014B1B6821
:104B80009B68184798510020014B1B68DB68184749
:104B900098510020034B1B681869003818BF01208A
:104BA000704700BF98510020014B1B685B69184794
:104BB00098510020014B1B689B69184798510020B1
:104BC000014B1B68DB69184798510020014B1B689B
:104BD0001B6A184798510020014B1B685B6A1847F5
:104BE00098510020014B1B689B6A18479851002080
:104BF000014B1B68DB6A184798510020064B4FF4A5
:104C00008072C3F88420BFF34F8FBFF36F8F034BC5
:104C100001221A70704700BF00E100E094510020AB
:104C2000034B4FF480725A60024B00221A70704797
:104C300000E100E094510020014B1878704700BF5C
:104C400094510020704710B503461446084612B927
:104C50000024204610BD03F5806392B299B2F6F7A6
:104C60000DFE0028F4D0F4E710B5034614460846BC
:104C700012B90024204610BD03F5806392B299B2A8
:104C8000F6F7E4FD0028F4D0F4E7000008B50120B1
:104C90001DF0F9FE044B1860044B054801221A7000
:104CA000BDE808401AF06EBCA0510020D61E0020BE
:104CB000C80900202DE9F0410F4B1C7805460E462F
:104CC0001746ACB1DFF838804FF0FF31D8F800005C
:104CD0001EF04EF83B463246294608481AF0C6FCFC
:104CE000002304461A46D8F8000019461DF0F6FDC8
:104CF0002046BDE8F08100BFD61E0020C809002074
:104D0000A0510020F8B50C4B1C7805460E468CB11E
:104D10000A4F4FF0FF3138681EF02AF83246294614
:104D200007481AF0DFFC002304461A463868194683
:104D30001DF0D4FD2046F8BDD61E0020A051002055
:104D4000C80900202DE9F0410F4B1C7805460E469E
:104D50001746ACB1DFF838804FF0FF31D8F80000CB
:104D60001EF006F83B463246294608481AF010FD68
:104D7000002304461A46D8F8000019461DF0AEFD7F
:104D80002046BDE8F08100BFD61E0020C8090020E3
:104D9000A051002070B50B4B1C78054684B10A4E1B
:104DA0004FF0FF3130681DF0E3FF294607481AF045
:104DB00021FD002304461A46306819461DF08EFD79
:104DC000204670BDD61E0020A0510020C80900203A
:104DD00038B5134D134914481AF04EFA4FF0FF310D
:104DE00028681DF0C5FF11481AF022FD0F481AF07F
:104DF00030FD002304461A46194628681DF06EFD52
:104E00000B4A0C4B0C490848002C08BF1A461AF0F4
:104E100033FA1CB9094904481AF02EFA204638BD65
:104E2000A051002080C80308B5CA0108C8090020A5
:104E300074C8030879C80308A3C80308BFC80308D7
:104E400038B5104D4FF0FF3128681DF091FF0E4826
:104E50001AF0FFFC002304461A46194628681DF084
:104E60003DFD0A4A0A4B0B490B48002C08BF1A4665
:104E70001AF002FA1CB9BDE83840FFF7A9BF204676
:104E800038BD00BFA0510020C809002074C8030825
:104E900079C80308A3C80308B5CA0108024B1B78E8
:104EA0000BB1FFF795BF70479C51002070B51E4CA9
:104EB0008EB020684FF0FF311DF05AFF04A91B4847
:104EC0001AF0DDFC00231A46194620681DF006FD85
:104ED000069B04991648642404FB03F2B2FBF1F22A
:104EE000CDE90012059A13491AF0C6F90C9A124935
:104EF0000F481AF0C1F90798099D089A049B04FB12
:104F000002F604FB05F14443B1FBF3F1B4FBF3F407
:104F1000CDE90251B6FBF3F3CDE90004074904489B
:104F20001AF0AAF90EB070BDA0510020C8090020E7
:104F3000B5CA0108E7C8030828C9030846C9030819
:104F400010B5044C23781BB1FFF7B0FF002323708A
:104F500010BD00BF9D51002000B593B00DF10600BB
:104F6000FAF76AF99DF8062002F0F003202B11D021
:104F700005D853B90DF10600FDF7FEFEEEE7302B24
:104F80000DD0F02B10D022493DE00DF10600FDF7C9
:104F9000C1FCE3E70DF10600FDF7AEFADEE70DF127
:104FA000060010F0C9FFD9E7F02AD7D19DF80820F4
:104FB000184919481AF060F99DF809201749164850
:104FC0001AF05AF99DF80A20154913481AF054F9B5
:104FD0009DF80B20134910481AF04EF99DF80C204B
:104FE00011490D481AF048F99DF80D200F490A485B
:104FF0001AF042F99DF80E200D4907481AF03CF9C5
:105000009DF80F200B4904481AF036F9A6E700BFB7
:1050100098CA0308A4C90308B5CA0108C2C903088D
:10502000DDC90308F8C903080DCA03082ACA030822
:1050300048CA030870CA030830B51B4D2C7885B0E8
:1050400084BB0322214601201DF010FC174B186081
:1050500020B12346224621461DF040FC144B02930A
:10506000144B01930323144900934FF496720023C9
:1050700012481EF0F3F9124B0093012200234FF463
:105080007A7110481FF052FC04461EF0BBFB4FF42F
:105090007A73024600930121002320461FF0B8FCDA
:1050A00001232B7005B030BDD71E0020A451002075
:1050B000D84B0010384C0010B0CA0308594F0108F3
:1050C00069510108B8CA0308014B1878704700BF3E
:1050D000D71E0020014B1878704700BFD71E002054
:1050E000F8B51D4E05464FF0FF3130681DF040FE0B
:1050F0006B78402B04D919491948912219F02AFCE0
:10510000184CBC232370CF2363702B78A3706A786C
:10511000E270A91C201DEFF7C3F96F780022B81DBB
:1051200007F1040C13460221655C0131154453FA62
:1051300085F36145EAB2DBB2F6DB04F80C203C44AF
:1051400008496371FAF782F8002330681A46194655
:105150001DF0C4FB0020F8BDA4510020C5CA0308FF
:10516000DECA0308A951002010B50A4B1A7882B193
:1051700000241C70FAF758FA074908481AF07CF81E
:10518000074AF02313705470BDE810401046FFF733
:10519000A7BF10BDA8510020F9CA0308B5CA01086D
:1051A000BA2A002007B50121084602F077FE40F236
:1051B00002334FF4C05269461648CDE9002302F08D
:1051C00073FC14480A220B2102F0C5FC0A22114884
:1051D0000C2102F0C0FC4FF48063009303238DF890
:1051E0000530694640F201130A48ADF8063002F076
:1051F0005BFC0A221146074802F0ADFC01214FF486
:10520000804002F06FFE0121802002F053FE03B0C7
:105210005DF804FB0000024007B54FF4407002F057
:10522000BDFD43238DF804300A238DF8053000239B
:105230008DF8063001A801238DF8073002F0B8FD83
:1052400003B05DF804FB3723584300230133984231
:10525000FCD270474FF47A735843FFF7F4BF000055
:10526000122301480B807047DC0900200423014809
:105270000B807047D809002008B50A460248034948
:1052800003F067FD014808BD22CB0308E850001079
:1052900070B588B000230A460D4C0E490E4D8DF8AE
:1052A0001F300DF1070311F8010B060900F00F0084
:1052B000A65D205C1E70A942587003F10203F2D172
:1052C0000DF10700054903F044FD044808B070BD26
:1052D00084010408107AFF1F1C7AFF1FE850001099
:1052E0000A4608B5044920B9044803F032FD0248D3
:1052F00008BD0348F9E700BFE85000102ECB0308B3
:105300004FCB030808B50A460248034903F021FDC4
:10531000014808BD5DCB0308E85000100A4608B5F7
:10532000044920B9044803F014FD024808BD0348AD
:10533000F9E700BFE850001068CB030876CB0308FC
:105340000020704708B50A4C0A4D094800F09CFA45
:10535000227809490948531E2B70EFF7A1F8084835
:105360000449006800234FF0FF321DF0B7FAECE764
:1053700049620020E96100204A620020EA610020C1
:105380005443002008B5084B0146642218681DF0FC
:105390004FFC012804D10548FCF7FAFE002008BDA7
:1053A0004FF0FF30FBE700BF54430020F00800201F
:1053B00010B503783F2B044604D90C490C486322EE
:1053C00019F0C8FA0B486378037022781E2A03D8B4
:1053D000A11C0130EFF764F8247807480134FCF78A
:1053E000D7FE0449204600F07DFA10BD89CB0308A2
:1053F000A2CB0308EF510020E008002030B50F4D8C
:105400002C7885B0C4B900F007FA0D4B0D4A009412
:10541000202110201DF0DCF90B4B0C4918600C4BBF
:1054200002930C4B0193032300930B4823469622CF
:105430001EF014F801232B7005B030BDD81E0020DB
:10544000485200109852001054430020B8CB030873
:10545000E85100108C620020455301080048704755
:105460000C0A0020034B1A68FF2A1CBFFF221A6097
:1054700000207047CC0A0020622301480B8070474F
:10548000680A002070470000F7B51E4C0023019306
:1054900023780546DBB91C4B1C49186801AA1DF08E
:1054A000C1FD012807D1194A207012F8013B812162
:1054B000284604F08DFB019B4BB14FF0E0234FF0E9
:1054C0008052C3F8042DBFF34F8FBFF36F8F104E80
:1054D000347874B1002003B0F0BD0134402C09D100
:1054E000012333700B4A23468221284604F070FBC7
:1054F000F0E7084F381910F05BFE0128EDD0002CC2
:10550000E8D0EDE73D6600203466002066650020A7
:105510003C66002026650020F8B50B7803F0600596
:10552000402D02460C4624D18E88012E15D1274FDE
:10553000FFF794FF09F054FC3B7863B1244B1868E3
:105540001DF0DEFD044630B9224A23482B46314681
:1055500004F01DFB3C7000202CE0022E04D1002141
:10556000084606F0E7FCF6E7FDF79AFC09F038FC80
:10557000F1E79DB1202D18D1CA8862B11B0603D571
:10558000164903F0E1F9E6E7154B4978196013492C
:1055900003F0EFF9DFE710F041FDDCE74B780A2B71
:1055A00009D00B2B0AD0062BD5D11046214603F08B
:1055B000C2FB0220F8BD0B490122E2E78B7813B948
:1055C000084A1360C7E703F0B6FBC4E7D00A00201F
:1055D00038660020A8650020C4560010E865002049
:1055E000CC0A00203066002010B58121044604F06A
:1055F000B6FA0121204604F0B2FA8221204604F0D6
:10560000AEFA0221204604F0AAFA8321204604F0D3
:10561000A6FA002010BD000038B54022044602233F
:10562000812104F079FA022340220121204604F06E
:1056300073FA134A40230121204604F0A8FA114BC3
:1056400000251D70402202238221204604F064FAC6
:10565000022319464022204604F05EFA0323082262
:105660008321204604F058FA074B084A5D71022155
:1056700019712046402304F08AFA284638BD00BF3D
:10568000A8650020D00A0020DC090020F065002079
:1056900013B500230193FDF703FC09F0A1FB0B4BAD
:1056A0001B783BB10A4C0B49206801AA1DF0BAFCDB
:1056B0000128F8D08121084803F066FC074B01223D
:1056C0001A70074B00221A7002B010BDD91E0020BC
:1056D0003466002066650020C4560010D00A002001
:1056E0003D660020FFF7D4BFFFF7D2BF0129F7B511
:1056F00005464FF0000421D11C4B1D4E1D49186872
:10570000019401AA34701DF08DFC012807D1194ABB
:10571000307012F8013B8121284604F059FA019BB0
:105720004BB14FF0E0234FF08052C3F8042DBFF38C
:105730004F8FBFF36F8F002003B0F0BD0E4E0F4FA1
:105740003470381910F034FD012802D0002CF2D04A
:1057500002E00134402CF4D101233370074A234680
:105760008221284604F034FAE5E700BF34660020C1
:105770003D660020666500203C660020266500200E
:105780000129F7B506460C4620D11C491C4DD0F81E
:10579000B4230A7000232868019301AA1DF086F93A
:1057A000471E286818BF01271DF0AAFC054658B9F6
:1057B000124A402301322146304604F0E8F9114BE9
:1057C0001D70384603B0F0BD2546F8E7282303FBDB
:1057D00001040D4FB4F88C430025AC4207DC0A4AA3
:1057E00040230221304604F0D2F90027E9E717F8F8
:1057F000010B10F01FFC0135EFE700BFA76500208B
:1058000038660020D00A0020F065002070477047FD
:105810007047FFF73DBF000013B5104B0093002405
:105820000F4B104A1048012103F05EF80F4B104A4D
:105830000094412105201CF0CBFF0E4B0E4A18604E
:1058400041210E4B009401201CF0C2FF0C4B18604C
:105850000C4B01221A7002B010BD00BF200A0020BC
:105860003C0A0020F0090020C45600102C550010FE
:105870007C55001038660020E85400109854001041
:1058800034660020D91E002038B5114D044621464B
:1058900028684FF0FF321DF0CBF901280146F6D100
:1058A0000C4B0822C3F88820BFF34F8FBFF36F8FD4
:1058B000094C237833B14023084A094804F067F9BA
:1058C00000232370034B08229A60012038BD00BFDB
:1058D0003866002000E100E0D00A0020A865002022
:1058E000C45600100246084808B500F8012BEEF730
:1058F000D7FD064804490068002364221CF0EEFF2F
:10590000431E5842584108BDE4640020346600201C
:1059100030B51E4D2C7885B0ACBB1D4B012120202D
:105920001C6002F0D3FA4FF6FF730293194B1A482A
:105930001A4A1B68ADF80C4001A9B3FBF2F3ADF8AD
:105940000640ADF804308DF80E4002F0EDFB372331
:105950008DF800308DF802400423012468468DF84C
:1059600001308DF8034002F023FA2146202001F097
:10597000F9FE09482246214602F0DDFD064821468F
:1059800002F01BFC2C7005B030BD00BFDA1E0020F9
:1059900040660020D40A00200014004080841E00CD
:1059A000044ABFF35B8F00231360BFF35B8F024A8F
:1059B00053627047406600200014004008B5044957
:1059C0000B781BB1FFF7ECFF00230B7008BD00BF85
:1059D0004466002030B50B4ABFF35B8F1568BFF3F8
:1059E0005B8F094C636ABFF35B8F1268BFF35B8FF9
:1059F000954218BF636A1004110C181841F1000198
:105A000030BD00BF406600200014004008B50848C3
:105A1000012102F0ABFDBFF35B8F064B53E8001F83
:105A2000013143E80012002AF8D1BFF35B8F08BDB3
:105A3000001400404066002010B506F05BFA18F034
:105A40001BFF044600B1FEE710F064F81DF07AFE7B
:105A5000F7F7C4F801212046F7F7A2F8012108461C
:105A6000F7F79EF8FEE70000002103E0144B5B58B7
:105A7000435004311348144B42189A42F6D3134A48
:105A800002E0002342F8043B114B9A42F9D3002173
:105A900003E0104B5B58435004310F480F4B421842
:105AA0009A42F6D30E4A02E00023136004320D4BF3
:105AB0009A42F9D300F01AF8FFF7BEFF70470000D2
:105AC0005468040800000020901E0020901E002052
:105AD000385D0120E486040858F3001058F30010E4
:105AE0000000001058F30010FEE70000344AD2F81E
:105AF000883043F4700382B0C2F88830314B1A68A2
:105B0000002142F001021A6099601A6822F0847242
:105B100022F480321A602C4A5A601A6822F48022D9
:105B20001A60D960009101911A6842F480321A60BB
:105B30001A6802F400320192009A01320092019A2E
:105B40001AB9009AB2F5A04FF2D11B6813F40033D2
:105B500018BF01230193019B012B2ED1194B1B4927
:105B60001A6C42F080521A640A6842F440420A6099
:105B70009A689A609A6842F400429A609A6842F47D
:105B8000A0529A60124A5A601A6842F080721A60F3
:105B90001A689201FCD50F4A40F2057111609A68AB
:105BA00022F003029A609A6842F002029A60054A63
:105BB000936803F00C03082BFAD102B0704700BFC2
:105BC00000ED00E00038024010300024007000407A
:105BD00008544007003C0240006870470B0A0170FF
:105BE00043700B0C090E8370C1707047024400F8BB
:105BF000011B9042FBD17047C3690239023B8B42C3
:105C000083BF4389006B01FB0300002070470346FC
:105C100000F10B010020C20102EB500213F8010B4E
:105C200002448B42D0B2F6D17047000070B50368D1
:105C30001BB31C4614F8012B1F2A28D93A2AF9D184
:105C40001A78A2F13001092902D8991C8C4217D088
:105C5000104D15F8012B13F8011BA2F16106192E46
:105C600098BF203AA1F1610698BFD2B2192E9CBF0D
:105C70002039C9B24AB19142EBD04FF0FF3003E076
:105C8000302AFAD10460002070BD9C42F9E7024B33
:105C90001878F9E7C69E03084668002038B50D4617
:105CA000044618B9092000232B6038BD0368002B77
:105CB000F8D01A78002AF5D08188DA889142F1D19B
:105CC0005878F4F78DFE10F00100EBD12368EBE774
:105CD00038B5C3780446C3B100F13805426B40784B
:105CE00001232946F4F78AFE88B9616BA36A226A08
:105CF000E070CB1A934208D2A378022B05D10A4454
:105D0000607801232946F4F779FE002038BD012090
:105D1000FCE72DE9F0470027D0F800908F758369E4
:105D200006460C46002B7FD0C36A01335DD10023A9
:105D30001A46F069815C202902F101020DD0052983
:105D400008BFE521092A05D10B2B9FBFE0182E259E
:105D500045720133E018013341720B2AE9D1E21890
:105D600000215172A27D002A50D1002B44D004F1B1
:105D7000080308205A78591C002A57D11B1B083BDE
:105D80003DE0B8F1000F05D100F520539BB2B3F50B
:105D9000006F13D340F2523140EA084001F0B4FBE7
:105DA000FF28C5F1FF0A18D9BAF1010F20D96319EC
:105DB000020A9A75D87502231D44002002378046D6
:105DC000D9F80C30D85B0028DBD1B8F1000F18BF30
:105DD000002525440023AB75A9E748B1BAF1000FAF
:105DE00008D0631998750123E6E7B8463D46E7E712
:105DF0000025EAE75546E8E73F23A375012323443E
:105E000000229A75F3691B7B03B96372F369DB7A2D
:105E10002372F0691C30FFF7DFFE2060F369DB8A34
:105E2000E380F3691B8BA380BDE8F0872E2A13461D
:105E30000AD0413A192A04D8F269127B104200D0E4
:105E400020334B730B4695E71020FAE7F8B504466C
:105E5000FFF73EFF0546002842D12378032B37D1B8
:105E60002779012F34D104F1380601464FF400722E
:105E700030465523FFF7BAFE84F83632AA2384F859
:105E8000373252234122722184F8383084F8393075
:105E9000612384F83A3084F81F3284F83B2084F878
:105EA0001C1284F81D1284F81E22616904F5087022
:105EB000FFF794FE216904F50970FFF78FFE626A0F
:105EC0006078013262633B463146F4F797FD2571F5
:105ED000002260781146F4F799FD003818BF0120C0
:105EE000F8BD01380A4411F8013B00F8013F914226
:105EF000F9D17047C2F307238A76CB760378032B58
:105F000001BF120C0A75120A4A75704738B5436B07
:105F10008B4204460D460FD0FFF7DAFE58B9607881
:105F200001232A4604F13801F4F760FD10B1012085
:105F30004FF0FF35656338BD0020FCE7002370B5E6
:105F4000C3704FF0FF3343630446FFF7DFFF0028C1
:105F50003FD194F83830B4F83612EB2B03D0183315
:105F6000DBB2012B2BD84AF6552399420ED11A4A9F
:105F700004F18A0304F1920513F8010B12F8016B86
:105F80009D42A0EB060021D00028F5D0B4F84330A4
:105F90005A1E1A4213D1B3F5007F10D194F8450070
:105FA00068B1431E18400AD194F84830013B012BD8
:105FB00005D8B4F8493013B1B4F84E3043B94AF6B5
:105FC0005520814214BF0320022001E00028DDD1CA
:105FD00070BD0420FCE700BFC0CB030801292DE9F8
:105FE000F84305460C4616466ED9C3698B426BD9F9
:105FF0000378022B3FD0032B4FD0012B64D101EB50
:106000005107816A01EB5721FFF780FF10B1012092
:10601000BDE8F88305F1380807F10109C7F308075F
:1060200014F0010418BF18F80720F3B21EBF02F0E5
:106030000F0242EA0313DBB208F80730A96A012312
:10604000EB7001EB59212846FFF760FF0028DED1F5
:10605000C9F308023CB1C6F3071608F80260012331
:10606000EB700020D4E718F80230C6F3032623F0C3
:106070000F031E43F1E7816A01EB1421FFF746FF8E
:106080000028C4D1640005F1380304F4FF741A1920
:106090001E55C6F307265670E1E7816A01EBD4115D
:1060A000FFF734FF0028B2D1A40005F1380304F44F
:1060B000FE7423441846FFF78FFD014666F31B016B
:1060C0001846FFF78BFDCAE70220A1E72DE9F04152
:1060D00005460E46FFF7FCFD0446A8B931462846A2
:1060E000FFF78AFD05F13808686307464FF4007230
:1060F00021464046FFF77AFD26466B899E4206D32D
:106100006C89A41B18BF01242046BDE8F081687883
:106110000123BA194146F4F771FC0028F0D1013689
:10612000EBE70000F0B5002385B00B600F46164684
:10613000FFF77CFD431C054600F00D81894B53F8A9
:106140002040002C00F009813C60237806F0FE0618
:1061500063B16078F4F744FCC70707D40EB1460773
:1061600002D4002005B0F0BD0A20FBE7E8B200230E
:1061700023706070F4F72EFCC50700F1F0800EB1BB
:106180004107F1D400212046FFF7D8FE022840F055
:10619000CA8004F5FF736E4604F23E216A46184633
:1061A000FFF71AFD10338B4242F8040BF7D100259C
:1061B00056F8041B002900F0AD802046FFF7BEFE14
:1061C000012800F2A880B4F84330B3F5007F40F016
:1061D000AF80B4F84E6026B904F15C00FFF7FCFC18
:1061E000064694F84830616B26625A1E012AA37055
:1061F00000F29E8094F845506581002D00F0988053
:106200006A1E2A4240F09480B4F8497027813A0708
:1062100040F08E80B4F84B0018B904F15800FFF735
:10622000DBFCB4F84620002A00F0828006FB03FE67
:1062300002EB171CF44460457AD3A0EB0C00A84293
:10624000B0FBF5F374D34848834271D84FF6F5702C
:1062500083426FD840F6F575AB428CBF022501250D
:1062600002330A4401EB0C00032DE3616162A26278
:10627000206361D1B4F862203A4359D104F164003B
:10628000FFF7AAFC9B0003F2FF13B6EB532FE0626B
:106290004ED34FF0FF33C4E90433032D4FF0800396
:1062A00023712BD1B4F86830012B27D1013120465E
:1062B000FFF72CFE10BBB4F8362220714AF65523A6
:1062C0009A421BD104F13800FFF786FC274B984215
:1062D00014D104F50770FFF77FFC03F1FF5303F5BA
:1062E00000532033984209D104F50870FFF774FC7D
:1062F000606104F50970FFF76FFC20611C4A25708E
:10630000138801339BB21380E3801A4BE3600023B0
:10631000A36126E703200135042D7FF449AF04284B
:1063200006D101201EE70428FBD001287FF64BAFE1
:106330000D2017E7032593E7002FF9D0022D02EB7C
:106340000E004FEA43021BBFD21803F001031346AD
:1063500003EB520397E70B2004E70C2002E703202E
:1063600000E700BFD4310020F5FFFF0F525261411A
:10637000486800204666002003284B8B04BF8A8AA9
:1063800043EA0243184670470129F8B506460C4611
:106390004ED9C36999424BD20378022B29D0032BE3
:1063A00034D0012B44D101EB5105816A01EB552119
:1063B000FFF7ACFD10B14FF0FF30F8BD6F1CB16AB4
:1063C000C5F30805354401EB5721304695F83850A0
:1063D000FFF79CFD0028EED1C7F30807374497F874
:1063E000383045EA0320E3074CBF0009C0F30B0037
:1063F000E3E7816A01EB1421FFF788FD0028DAD179
:10640000640004F4FF743444208FD6E7816A01EB02
:10641000D411FFF77BFD0028CDD1A40006F1380090
:1064200004F4FE742044FFF7D7FB20F07040C4E76B
:106430000120C2E7F8B50C46012C05680646114656
:106440002BD9EB69A34228D92AB14FF0FF32284655
:10645000FFF7C4FD38B921463068FFF795FF27469E
:10646000044608B90020F8BD012816D0431C16D0F8
:10647000002239462846FFF7B1FD0028F3D1EA692A
:106480006B69911E8B4205D201336B612B7943F00E
:1064900001032B71A242DED8E4E70220E3E70120EA
:1064A000E1E72DE9F843814605680F4649B92E69B1
:1064B000C6B1EB69B34298BF01266B69A3B900244A
:1064C00006E02846FFF760FF0128044603D80124B0
:1064D0002046BDE8F883421C54D0EB698342F7D8CC
:1064E0003E46EAE70126E8E7BE4216D1EB69D9F855
:1064F0000000741C9C4228BF02242146FFF744FF81
:106500000128E4D0431C3DD0F0B1D5F81080B8F19B
:10651000010F02D9EB69434500D8B0464446EB6908
:106520000134A34203D8B8F1010FC8D00224D9F82E
:1065300000002146FFF728FF40B10128C7D00130F5
:1065400020D04445EBD1BAE7002CE6D04FF0FF3223
:1065500021462846FFF742FD90B957B9EA696B69B1
:106560002C61023A934210D92B7943F001032B712D
:10657000AEE7224639462846FFF730FD0028EDD029
:106580000128A4D14FF0FF34A2E7013B6B61EBE798
:106590002DE9F843076906682037B7F5001F24BFC7
:1065A0000023836183690446894673B1C7F30808F1
:1065B000B8F1000F39D141690133836141B93389A1
:1065C000B3EB571F31D80023A3610420BDE8F88343
:1065D0007389013B13EA572327D13046FFF7D4FED6
:1065E0000128054601D80220F0E7421C01D1012014
:1065F000ECE7F369834212D8B9F1000FE3D0616987
:106600002046FFF74EFF0546A8B10128EBD0431CFA
:10661000EDD001463046FFF759FD0028E7D165610E
:1066200029463046FFF7E8FAA0613836464427612C
:10663000E6610020CAE70720C8E7B1F5001FF8B5FA
:1066400006460C4601D30220F8BDCA06FBD182687B
:1066500005680161BAB92B78022B01D9EB6A9BB9A5
:106660002B89B3EB541FEED9E86AC6E90520002850
:10667000E9D000EB54203835C4F308042544B06158
:10668000F5610020E0E713466F891A467F02BC429D
:10669000114603D22846FFF7AFFAE6E73068FFF766
:1066A00073FE431C024606D00128CCD9EB69834215
:1066B000C9D9E41BEBE70120C6E7F8B50E46002177
:1066C00007680446FFF7B9FF68B90546A16938466F
:1066D000FFF71CFC38B9E3691B78E52B00D01BB928
:1066E0000135B54201D1F8BD054601212046FFF72D
:1066F0004FFF0028EAD0042808BF0720F3E7000076
:106700002DE9F04F85B00368009300210446FFF7A0
:1067100094FF0646002840F094804FF0FF3A4FF077
:10672000FF08C4F82CA0C146A1690098FFF7EEFB52
:106730000646002840F08580E5692F78002F00F09C
:106740008480EA7AE52F02F03F03A37103D010079B
:1067500059D50F2B02D0C4F82CA04CE094F82B3064
:1067600059063ED47A0644D5236995F80D80E36234
:1067700007F0BF076B7B43453DD16B8B002B3AD1B4
:106780002E78009BDFF8CC90D3F80CB006F03F06D3
:10679000013E0D235E43012219F8013BEB5A6AB317
:1067A000FF2E28D81846039300F0E0FE711C0290DB
:1067B0003BF81600019100F0D9FE029A82421AD1EC
:1067C000039B01991A460E46214B4B45E4D12B7889
:1067D0005B0603D512B13BF8163063B9013F5FFA8F
:1067E00087F900212046FFF7D3FE064600289BD0FC
:1067F00027E0B945BED04FF0FF09F2E74FF6FF7131
:106800008B42E1D0F7E7B9F1000F04D12846FFF73A
:10681000FEF9404515D094F82B6016F001069AD188
:1068200004F1200205F10B0115F8013B12F8010BF0
:106830008D42A3EB000302D0002BF5D08BE7002B99
:1068400089D1304605B0BDE8F08F0426F9E700BFD6
:1068500021020408140204082DE9F04F85B00368F2
:1068600001930B782F2B0646884601D05C2B0AD16A
:10687000424613782F2B904602F10102F9D05C2B8F
:10688000F7D0002301E0019B9B69B36098F80030CA
:106890001F2B00F2F48080230021304686F82B3035
:1068A00005B0BDE8F04FFFF7C8BE2F2800F04E81BD
:1068B0005C2800F04B817F2807D8AA4A12F8013BD8
:1068C0001BB19842FAD10620C5E0FF2DFBD02AF873
:1068D00015000135D7E0022D04D1BAF802302E2B75
:1068E00000F0E2800AEB450306E033F8022D202A8F
:1068F00001D02E2A02D1013D002DF6D14FF0000328
:106900002AF815300AEB4502002DDCD000213AF8B8
:10691000110020280B4601F10101F8D00BB92E28F7
:1069200002D144F00304E4B232F8021D2E2901D052
:10693000013DF9D120210B227018FFF757F94FF0D4
:1069400000094FF0080B4F463AF813005A1C002874
:1069500000F0E480202804D02E2807D1AA4200F0BD
:10696000D18044F00304E4B21346EDE7D94580F04A
:10697000CC80AA4212D1BBF10B0F07D1C9E0AA42C9
:1069800004D044F00304E4B200F2C880BF00FFB2B8
:106990002A464FF00B0B4FF00809E5E77F2837D95F
:1069A00044F00203DBB240F252310392029300F052
:1069B000ABFD10F0800FDDE902320FD06A4900F024
:1069C0007F00085C28B1694C14F8011B11B38842A0
:1069D000FAD143F00303DBB25F2011E0FF28F1D9C5
:1069E0000BF1FF31894504D344F00304E4B2D946E6
:1069F000BAE706EB0901040A81F8204009F1010910
:106A000006EB09011C4681F8200009F10109ABE7FA
:106A10002346D8E7A0F1410189B2192902D847F0ED
:106A20000207EDE7A0F1610189B219299EBF203864
:106A300047F0010780B2E3E7A5074BD407F0010355
:106A400044EA0313DCB2780748BF44F0080441E08D
:106A5000002A08BF052005B0BDE8F08F5A074DD4C5
:106A6000B379DB064CD5019B03F138013369C3F3DD
:106A700008031944019B1878FFF77EFCB060336867
:106A8000D3F80CA0002518F8010B48B140F25231A0
:106A900000F058FD00283FF416AF1F283FF605AF61
:106AA0000424012D7FF417AFBAF800302E2B7FF4A9
:106AB00019AF00232AF8153006F11F029D4294BF3A
:106AC00020212E2101330B2B02F8011FF6D144F0B7
:106AD0002004E4B286F82B403046FFF711FE96F80A
:106AE0002B300028BAD00428B5D1990603F004024F
:106AF000AED5002AC3D0802386F82B300020AAE729
:106B00000520A8E7D945FFF436AFBBF10B0F7FF4A2
:106B100036AF44F00304E4B24FF00B0B96F820308C
:106B2000E52B04BF052386F82030BBF1080F04BF16
:106B3000BF00FFB207F00C030C2B04D007F00303D7
:106B4000032B7FF479AF44F00204C2E743461A787E
:106B50002F2A984603F10103F9D05C2AF7D00024CC
:106B60009FE700BFC9CB030894010408D2CB0308F8
:106B70002DE9F04F90F82B8018F0A00889B0054659
:106B800040F0DE800668F26832F81830002B6AD1D7
:106B900005F120070C22394605A8FFF7A2F99DF858
:106BA0001FB01BF0010F00F0D2804023804C85F80D
:106BB0002B304FF0010A0B2205A93846D6F80C906D
:106BC000FFF78FF9BAF1050F5ED9A9F1020153461B
:106BD00031F8022F002A49D105A8072203F00F0C33
:106BE0000CF13001392988BF0CF137010F2B00F867
:106BF000011D02F1FF324FEA131147D802F12003C1
:106C00006B447E2103F8141C05F11F010846002384
:106C10009A4206D010F801CFBCF1200F03F1010E0B
:106C200036D1072A9EBF02F1180002F12000684405
:106C300003F1010396BF10F8140C20200132072B3A
:106C4000C854EED92846FFF75BFD814600287AD16B
:106C50000AF1010ABAF1640FADD14FF007094846B5
:106C600009B0BDE8F08F08F101088DE7102002F0AF
:106C7000010C0CEB430313F4803F18BF6340013851
:106C80004FEA5202F3D1A3E75346A5E70B46A5E727
:106C90007346BDE729692846A1EB4411FFF7CDFCF7
:106CA00081460028DBD13846FEF7B1FF4FF6FF786A
:106CB0000190A9693046FFF729F981460028CED115
:106CC000EB69019AD6F80CE05A73E1B24FF00F026B
:106CD0004FF00D0CDA72DFF8DCA018734A1E0CFBC3
:106CE00002F29876D87684461AF8019B404518BF80
:106CF0003EF8120003F8090003EB090B0CF1010C3C
:106D000018BF01324FEA1029002808BF4046BCF1E5
:106D10000D0F8BF80190E7D1404502D03EF81220CC
:106D20000AB941F0400119700123F370002128468F
:106D3000FFF72EFC8146002891D1013CB9D11BE020
:106D40004FF006098BE7042889D185F82BB01BF09A
:106D5000020F1BBF08F10C040D230124B4FBF3F454
:106D600018BF013421462846FFF7A7FC81460028BA
:106D70007FF475AF013C8DD1A9693046FFF7C6F8A5
:106D8000814600287FF46BAF01462022E869FEF7B8
:106D90002DFF0B22E8693946FFF7A3F895F82B3051
:106DA000EA6903F0180313730123F37057E700BF78
:106DB00021100100140204081FB5CDE9001003A83A
:106DC00014460391FEF732FF431C15D00B4A52F8CC
:106DD00020300BB100211970019B0BB100211970FB
:106DE00042F820302CB1002201A96846FFF79AF939
:106DF0000446204604B010BD0B24FAE7D43100202D
:106E00002DE9F04F91B0914601910446002800F021
:106E1000DF8002F03F08424602A901A8FFF782F98D
:106E20000746002840F0AF80029D8DF81200002335
:106E30000199039503A80A93FFF70EFD9DF812B080
:106E40000A9E20B99DF93730002BB8BF062019F0F3
:106E50001C0F00F09C80002846D0042840F093804E
:106E600003A8FFF785FE002840F08D809DF812B042
:106E70000A9E48F00808F3F7D1FD0246014606F1E4
:106E80000E00FEF7ABFE114606F11600FEF7A6FE59
:106E900028783146FFF770FA2023F37200228146EA
:106EA0002846FFF727F80022012332777277B2775E
:106EB000F277EB70B9F1000F13D0494603A8D5F86B
:106EC00034A08DF812B00A96FFF7B4FA00285AD110
:106ED00051462846FFF71AF809F1FF332B610028C5
:106EE00050D148F0400808E01BF0110F5AD119F0BA
:106EF000040F67D119F0080FBDD16B6BC4E90836D8
:106F000031462878FFF738FAA06006F11C00FEF73A
:106F100063FE2560E060EB88A380002104F1280671
:106F200084F810806174E16161614FF40072304651
:106F3000FEF75CFE18F0200F20D0D4F80C80B8F1DA
:106F4000000F1BD0C4F81480B5F80A90A1684FEA6E
:106F50004929C14528D30020A161A0B9C8F308037D
:106F600063B12846FEF748FE80B300EB5822E26189
:106F7000687801233146F3F739FD18B9384611B066
:106F8000BDE8F08F0120002323600746F6E70028C4
:106F9000F9D11BF0100F17D119F0020FADD01BF073
:106FA000010FAAD00720EEE72068FFF7EDF90128CE
:106FB0000146A8EB090803D9431CCAD10120CBE73D
:106FC0000220C9E70820DEE70420DCE70220DAE738
:106FD0000927D3E72DE9F04F9A4687B0002388466A
:106FE000CAF8003005A904461646FEF757FE0028E9
:106FF00040F0A080677C17BB237C13F00103019352
:1070000000F09A806369E568ED1AB54204F128033F
:1070100028BF3546029395B16369C3F30802002A7D
:1070200079D1DDF81490B9F80A20013A12EA532216
:1070300017D143B9A06801280CD8022767743846D5
:1070400007B0BDE8F08FA16920680392FFF79CF9B3
:10705000039AF0E7431C03D10123019F6374EEE719
:10706000A061A1694846FEF7C7FD0028E5D0B5F547
:10707000007F02EB00062FD3B9F80A1002EB55206F
:1070800088424FEA552B88BFA1EB020B99F801000B
:107090005B4632464146F3F7A9FC0028DCD194F95F
:1070A0001020002A0BDAE069801B584507D24FF404
:1070B000007204F1280108EB4020FEF712FF4FEAAE
:1070C0004B26DAF800303344CAF8003063693344A1
:1070D000AD1BB04463619EE7E269B2421AD094F9F5
:1070E0001030002B04F128010CDA99F8010003910B
:1070F0000123F3F783FC0028AED1237C039903F02E
:107100007F03237499F8010001233246F3F76EFCE4
:107110000028A1D1E6616169029BC1F30801C1F5B4
:107120000076AE4228BF2E46324619444046FEF74E
:10713000D8FEC6E7092782E7072780E72DE9F04F49
:107140009A4685B000238846CAF8003003A9044651
:107150001646FEF7A3FD002840F0B480657C2DBBE9
:10716000237C9A0740F1B0806369F34228BFDE4375
:1071700004F128030093AEB16369C3F30802002A47
:1071800040F08D80DDF80C90B9F80A70013F17EAE5
:1071900053271ED173B9A16871B92046FFF781F951
:1071A000014648B9237C43F040032374284605B0C8
:1071B000BDE8F08FA169F0E7012902D102256574CD
:1071C000F4E74B1C01D10125F9E7A368A16103B9DC
:1071D000A16094F91030002B0DDAE26999F80100F2
:1071E000012304F12801F3F709FC0028EBD1237CEB
:1071F00003F07F032374A1694846FEF7FDFC0028D5
:10720000DCD0B6F5007F07EB000B35D3B9F80A10D8
:1072100007EB562088424FEA562399F8010088BFB1
:10722000CB1B5A4641460193F3F7E8FB0028CAD12D
:10723000E169019BA1EB0B0199420CD24FF4007262
:1072400008EB412104F12800FEF74BFE227C019B54
:1072500002F07F0222745F02DAF800303B44CAF881
:1072600000306369F61BB8441F44E3686761BB42A2
:107270002CBFE360E7607EE7E3695B450DD0E16822
:107280006369994209D999F8010001235A4604F12A
:107290002801F3F7ABFB002895D1C4F81CB0606956
:1072A000009BC0F30800C0F50077B74228BF3746FF
:1072B00018443A464146FEF714FE237C63F07F03F0
:1072C0002374C9E7092571E707256FE72DE9F34125
:1072D00001A90446FEF7E2FC002840D1237C13F00C
:1072E00040000BD01B06019F0FD5E269787801237F
:1072F00004F12801F3F782FB18B1012002B0BDE8C8
:10730000F081237C03F07F032374F3F787FB216A6A
:1073100080463846FEF7FAFD06460028EDD1656A3C
:10732000EB7A43F02003EB72A26820682946FEF74F
:10733000E1FDE16805F11C00FEF750FC414605F156
:107340001600FEF74BFC0123AE74EE743846FB705A
:10735000FEF77CFD237C23F040032374CEE7092055
:10736000CCE713B50446FFF7B1FF28B901A92046C1
:10737000FEF794FC10B9206002B010BD0920FBE7B5
:107380002DE9F7430D4601A90446FEF787FC0028C6
:1073900040F09880667C002E6CD1E368AB4204D24A
:1073A000227C12F0020F08BF1D4600226369626151
:1073B0006DBB0025E2686369934282BF227CE36073
:1073C00042F04002C3F3080388BF2274002B51D05F
:1073D000E269AA424ED094F91030019F002B04F1CB
:1073E00028080ADA787801234146F3F707FB0028DA
:1073F00046D1237C03F07F032374787801232A4647
:107400004146F3F7F3FA00283AD1E56132E0019FF3
:10741000B7F80A804FEA482883B1013B6A1EB3FBE4
:10742000F8F1B2FBF8F28A4208D3C8F10002134027
:10743000A1696361ED1A0029BBD002E0A16889B19E
:10744000A1614545636920D863692B446361C5F335
:107450000803002BADD03846FEF7CEFB40B100EB61
:107460005525A7E72046FFF71CF80128014605D15E
:1074700002266674304603B0BDE8F083481C01D193
:107480000126F6E7A160A161D5E743446361237C4F
:107490009A07A5EB080906D52046FFF702F805462E
:1074A00028B90146D0E72068FEF76EFF05466B1C41
:1074B000E6D0012DDCD9FB69AB42D9D9A5612946BB
:1074C0004D46BEE70926D5E730B591B00D4601908F
:1074D000002203A901A8FEF725FE044670B9019910
:1074E00003A8FFF7B9F9044640B99DF93730002BDE
:1074F00007DB1DB1294603A8FEF70BFC204611B09F
:1075000030BD0624FAE700007F2801D880B270471A
:10751000B0F5803F11D240F2523399420DD1084A62
:10752000002332F8021B814201D19BB202E00133F9
:10753000802BF6D18033D8B270470020704700BF4F
:10754000D00404087F280DD940F25233994208D163
:10755000FF2806D800F10040034B803833F81000B4
:1075600070470020704700BFD0040408B0F5803F8A
:10757000F0B522D2224A234983B2B3F5805F38BFE7
:107580000A46141D34F8042C2146AAB1934213D3A1
:1075900034F8025C2E0AEFB252FA85F5A84228DAD6
:1075A000082E09D8DFE806F0050A101316191C1F6B
:1075B0002200821A34F812301846F0BD9B1A03F0EC
:1075C0000103C31A9BB2F7E7A0F11003FAE7A0F199
:1075D0002003F7E7A0F13003F4E7A0F11A03F1E785
:1075E00000F10803EEE7A0F15003EBE7A0F5E35349
:1075F000E8E70434002EC5D101EB4702C1E700BF24
:1076000022020408DE02040808B501214FF480704C
:1076100000F080FCBDE8084000214FF4807000F0CD
:1076200079BC000043680A7923F0407323F4807327
:1076300043EA02230A68134310B54360D1E90323E8
:1076400013438A6884681343084A224013434A79E3
:1076500043EA420383600A7DC36A013A23F470035C
:10766000D2B243EA0253C36210BD00BFFDF7FFC0B0
:107670000023C0E9023303608380036101230375A3
:107680007047000010B5D0E90032064913434C683A
:10769000054A2240134382681343C26813434B6078
:1076A00010BD00BF00230140E030FCFF0023C0E913
:1076B0000033C0E902337047836819B143F0010316
:1076C0008360704723F00103FAE7092970B501EBE5
:1076D00041044FF0070516D9C6681E3CA54026EAAE
:1076E0000505A3402B43C360062A14D8013A436B17
:1076F00002EB82021F24944023EA040301FA02F2FF
:107700001A43426370BD0669A54026EA0505A340F9
:107710002B430361E8E70C2A02EB82034FF01F02C0
:1077200009D8046B233B9A4024EA020201FA03F3CE
:1077300013430363E6E7C46A413B9A4024EA02022A
:1077400099401143C162DDE7836843F08043836061
:107750007047C06C80B2704700680840003818BF9E
:1077600001207047044B9A6811B102439A60704738
:1077700022EA0002FAE700BF002004E0036823F0D9
:10778000010303600023036043608360C3600361FF
:10779000212343612A4B984203D13D2243F8082C10
:1077A0007047284B984204D14FF4746243F8202C60
:1077B0007047254B984204D14FF4741243F8382C8B
:1077C0007047224B984204D14FF0746243F8502C1A
:1077D00070471F4B984203D11E4A43F8642C7047F0
:1077E0001D4B984203D11D4A43F87C2C70471C4B1B
:1077F000984203D11B4A43F8942C70471A4B984285
:1078000004D14FF03D5243F8AC2C17E0174B98428F
:10781000C3D0174B9842C7D0164B9842CCD0164BCA
:107820009842D1D0154B9842D6D0154B9842DAD019
:10783000144B9842DED0144B9842E2D0704700BF00
:1078400010600240286002404060024058600240E0
:10785000706002403D00002088600240400F002020
:10786000A060024000003D20B86002401064024069
:107870002864024040640240586402407064024040
:1078800088640240A0640240B86402400368134A5E
:1078900010B51A40CC680B6823434C6923438C69AC
:1078A0002343CC6923430C6A23434C6A23438C6AE9
:1078B00023434C6B23438C6B234313430360D1E975
:1078C0000B344269234322F00702134343610B69DF
:1078D00043604B6883608B68C36010BD3F801CF0C1
:1078E000036819B143F001030360704723F00103FB
:1078F000FAE741607047406880B27047006800F066
:107900000100704710B5094A094C0A4BA04298BFC4
:1079100013468A004CBF58681868084020F0F020D1
:1079200020F08210003818BF012010BD0060024016
:107930000F6402400064024010B5074A074C084B30
:10794000A04298BF134621F0F02222F08212890053
:107950004CBFDA609A6010BD006002400F640240C4
:10796000006402400B0612D5436952B143F0800314
:107970008029436113D0036801F01E01194301609F
:10798000704723F080038029436102D17047002AA9
:10799000F1D1036801F01E0123EA0103036070477F
:1079A000114B124A10B5124CA04298BF1A4621F052
:1079B000F02323F0C31393B1036803EAD12303F048
:1079C0001E0388004CBF50681068084020F0F0206B
:1079D00020F0821010B1181E18BF012010BD43699D
:1079E00003F08003EDE700BF006002400064024046
:1079F0000F640240FFF7A0BF0268837910B5D2433D
:107A0000002B2FD01B4B19680A401A605A68016876
:107A100022EA01025A600279046802F1804202F50A
:107A20009E321168214311609A68016822EA0102BE
:107A30009A600168DA6822EA0102DA604279016834
:107A4000102A07D19A680A439A60DA6801680A43E3
:107A5000DA6010BD02F1804303F59E331A680A43D1
:107A60001A60F6E7037903F1804303F59E33196842
:107A70000A40F5E7003C0140034B5B6918400038C1
:107A800018BF0120704700BF003C0140014B586106
:107A9000704700BF003C0140FFF7EEBF014B58614B
:107AA000704700BF003C0140F0B5002201260325CD
:107AB0000B6806FA02F737EA030333D10368540070
:107AC00005FA04FE23EA0E0303600B796FEA0E0C3D
:107AD000D0F800E0A34043EA0E0303600B79013BBA
:107AE000012B14D883680CEA030383604B79D0F828
:107AF00008C0A34043EA0C038360436823EA0703FA
:107B000043608B79476893409BB23B434360C368B3
:107B100005FA04F723EA0703C360CB79C768A340DB
:107B20003B43C3600132102AC2D1F0BD4FF6FF7251
:107B30000023C0E90023704700690840003818BFDF
:107B40000120704701837047418370470AB1018368
:107B500070474183704710B501F00703C90800EB77
:107B600081009B00016A0F249C4021EA040101620C
:107B7000016A9A400A43026210BD000008B5144B26
:107B800098420BD101214FF4001000F0B7F9002109
:107B90004FF40010BDE8084000F0B0B90D4B98421A
:107BA00008D101214FF4800000F0A8F900214FF422
:107BB0008000EFE7084B984208D101214FF4000004
:107BC00000F09CF900214FF40000E3E708BD00BF7E
:107BD0000054004000580040005C00407FB584889D
:107BE00024F03F0424040546240C68460E4600F0A9
:107BF00013F9029B2A4AB3FBF2F21443A4B2AC80FD
:107C0000298821F001010904090C298034682549DB
:107C10008C4223D86400B3FBF4F4A3B2042B38BF26
:107C20000423013292B22A84AB832B889BB243F0A7
:107C300001032B802B88B288718923F4816323F0A0
:107C400002031B040A431B0C13439BB22B80B38912
:107C5000328913439BB22B8104B070BDF0884BF680
:107C6000FF71884217BF192104EB44044C43B3FB56
:107C7000F4F319BF9BB243F48043B3FBF4F4A3B213
:107C8000C3F30B0109B943F001034FF4967112FBE2
:107C900001F243F400434FF47A71B2FBF1F2C0E712
:107CA00040420F00A08601001AB141F0010101829B
:107CB000704701F0FE01FAE7038821B19BB243F45B
:107CC00080630380704723F480631B041B0CF8E778
:107CD00001827047008AC0B27047838821B19BB28D
:107CE00043F400638380704723F400631B041B0C80
:107CF000F8E7838821B19BB243F4805383807047B7
:107D000023F480531B041B0CF8E783889BB212B149
:107D100019438180704723EA0101FAE782B000230A
:107D2000009301930B0F01900093009B21F07F4182
:107D300053B1019B14330193019B1868084000382C
:107D400018BF012002B07047019B090C1833F2E7FD
:107D5000C94389B281827047014B1860704700BFE8
:107D600000300040014B5860704700BF00300040B9
:107D7000014B9860704700BF00300040024B4AF64C
:107D8000AA221A60704700BF00300040024B4CF638
:107D9000CC421A60704700BF00300040034B40F0F7
:107DA000BF6040F40030D860704700BF00ED00E0D5
:107DB00010B5C3780278FBB1154B4178DB68DB4323
:107DC000C3F30223C3F10404E4B2A1400F241C4115
:107DD0008378C9B223400B430E491B010A44DBB22E
:107DE00082F8003303780122580903F01F0302FAD6
:107DF00003F341F8203010BD5309012102F01F02A6
:107E000001FA02F22033034941F82320F3E700BFCF
:107E100000ED00E000E100E010B51C4B9A6802F0B4
:107E20000C02042A2ED0082A2ED159685A685B68A1
:107E30004902C3F388134CBF1549164902F03F02AB
:107E4000B1FBF2F25343114A5268C2F301420132CC
:107E50005200B3FBF2F30D4A036094680E49C4F379
:107E600003140C5DE34043609468C4F382240C5D0A
:107E700023FA04F484609268C2F342328A5CD340ED
:107E8000C36010BD024BE6E7024BE4E70038024056
:107E900000127A000024F400D0050408044B1A6B89
:107EA00011B102431A63704722EA0002FAE700BFE9
:107EB00000380240044B5A6B11B102435A637047B9
:107EC00022EA0002FAE700BF00380240044B1A6CB5
:107ED00011B102431A64704722EA0002FAE700BFB8
:107EE00000380240044B5A6C11B102435A64704787
:107EF00022EA0002FAE700BF00380240044B1A6A87
:107F000011B102431A62704722EA0002FAE700BF89
:107F100000380240044B5A6A11B102435A6270475A
:107F200022EA0002FAE700BF003802404209012AB3
:107F3000074B07D11B6800F01F0023FA00F000F088
:107F400001007047022A0CBF1B6F5B6FF3E700BF95
:107F500000380240024A536F43F080735367704702
:107F60000038024008B5274B98420BD101214FF44D
:107F70008050FFF7CFFF00214FF48050BDE808404C
:107F8000FFF7C8BF204B98420BD101214FF480402E
:107F9000FFF7B4FF00214FF48040BDE80840FFF731
:107FA000ADBF1A4B984208D101214FF40040FFF7B2
:107FB000A5FF00214FF40040EFE7154B984208D190
:107FC00001214FF40050FFF7A5FF00214FF40050AE
:107FD000D4E7104B984208D101214FF48010FFF7ED
:107FE00099FF00214FF48010C8E70B4B984208D14D
:107FF00001214FF40010FFF78DFF00214FF4001016
:10800000BCE708BD0030014000380040003C0040A3
:10801000003401400050014000540140038810B575
:1080200003F441524C880B8823438C882343CC882B
:1080300023430C8923434C8923438C892343CC89D4
:10804000234313439BB20380838B23F400631B04FD
:108050001B0C83830B8A038210BD038821B19BB262
:1080600043F040030380704723F040031B041B0CC4
:10807000F8E783889BB212B119438180704723EAE5
:108080000101FAE7014B1860704700BF003801405A
:1080900010B501F0030301F0FC0101F1804101F58D
:1080A0009C319B008A680F249C4022EA04028A606B
:1080B0008A6898401043886010BD30B5048C24F065
:1080C00001042404240C0484048B058C24F0F304A0
:1080D000ADB22404240C42EA031225F00A0514432D
:1080E0002943A4B241F001010483018430BD30B5BD
:1080F000048C24F010042404240C0484058B048CC8
:1081000025F44075A4B22D05120224F0A0042D0D13
:1081100042EA033244EA01141543A4B2ADB244F07A
:1081200010040583048430BD1C4A038890429BB22E
:1081300012D002F5806290420ED0B0F1804F0BD089
:10814000A2F58032904207D002F58062904203D0BF
:1081500002F58062904209D14A8823F070031343EC
:108160000A8923F440739BB2134306E00C4A904201
:1081700003D002F580629042F2D103804B68C36263
:108180000B880385054B984203D003F58063984222
:1081900001D18B7A0386012383827047000001405E
:1081A0000010004000234FF0FF32C0E9003203818D
:1081B00083727047018582827047038821B19BB228
:1081C00043F001030380704723F001031B041B0CE1
:1081D000F8E70000038C23F001031B041B0C70B5AF
:1081E0000384038C8288048B0D884E8824F07304EA
:1081F0002404240C2C4323F002038D891B043543F3
:108200001B0C2B430E4DA84292B29BB203D005F536
:108210008065A8420ED1CD894E8A23F008032B43F6
:108220008D8823F004032B430D8A22F440723543DA
:108230002A4392B2828004838A684263038470BDB9
:1082400000000140038C23F010031B041B0C70B5CD
:108250000384038C8488028B0D884E8822F4E642C6
:108260001204120C42EA052223F020038D891B041C
:1082700035431B0C43EA0513114DA842A4B292B238
:108280009BB203D005F58065A84213D1CD894E8AF3
:1082900023F0800343EA05134FF6BF751D408B881A
:1082A00045EA0315ABB20D8A24F44064354344EA31
:1082B0008504A4B2848002838A688263038470BDCB
:1082C00000000140038C23F480731B041B0C70B569
:1082D0000384038C8288848B0D884E8824F0730479
:1082E0002404240C2C4323F400738D891B04354390
:1082F0001B0C43EA0523114DA84292B29BB203D056
:1083000005F58065A84213D1CD894E8A23F4006318
:1083100043EA05234FF6FF351D408B8845EA0325C8
:10832000ABB20D8A22F44052354342EA051292B2B2
:10833000828084838A68C263038470BD0000014028
:10834000038C23F480531B041B0C70B50384038C33
:108350008488828B0D884E8822F4E6421204120C27
:1083600042EA052223F400538D891B0435431B0C7C
:1083700043EA05330A4DA842A4B292B29BB203D09D
:1083800005F58065A84205D10D8A24F4804444EAAD
:108390008514A4B2848082838A680264038470BDD9
:1083A000000001404163704781637047C1637047BB
:1083B00001647047038B23F008031B041B0C0B4361
:1083C00003837047038B23F400631B041B0C43EAF5
:1083D00001239BB203837047838B23F008031B04A4
:1083E0001B0C0B4383837047838B23F400631B04B4
:1083F0001B0C43EA01239BB283837047406B704799
:10840000806B7047C06B7047006C7047038B23F024
:108410000C031B041B0C0383038B9BB20B430383D2
:108420007047038B23F440631B041B0C0383038BF3
:108430009BB243EA01239BB203837047838B23F0F3
:108440000C031B041B0C8383838B9BB20B43838322
:108450007047838B23F440631B041B0C8383838B43
:108460009BB243EA01239BB283837047F8B50E4663
:108470000D88B2884988338935B9FFF71EFEF18827
:10848000BDE8F840FFF7C2BF042D06D1FFF72FFE6D
:10849000F188BDE8F840FFF7C4BF082D058C1CD15A
:1084A00025F480752D042D0C0584878B058CBFB2B7
:1084B000ADB227F0F30725F4206545EA01251743FF
:1084C00047EA0317ADB2BFB245F4807587830584D0
:1084D000F188BDE8F840FFF7B1BF25F480552D04C1
:1084E0002D0C0584878B058C25F4005527F44077E7
:1084F0006D043F051B036D0C43EA022345EA013579
:108500003F0D1F43ADB2BFB245F48055878305844C
:10851000F188BDE8F840FFF79CBFB0F8443039B1AE
:108520006FEA43436FEA53439BB2A0F8443070476D
:10853000C3F30E03F9E783899BB212B1194381811A
:10854000704723EA0101FAE7038A01EA03000038D1
:1085500018BF01207047038A828911EA030092B292
:1085600003D01140081E18BF01207047C94389B2CB
:1085700001827047FFF7DFBF30B5038ACA889BB21C
:1085800023F44053134385B0038282898B880D46C0
:10859000098922F4B0520B43698922F00C020B4383
:1085A0001204120C9BB213438381838AAA899BB263
:1085B00023F440731343838204466846FFF72CFC80
:1085C000174B9C4203D003F580639C4226D1039B4A
:1085D000A189192253432A680D044FF064014CBF4E
:1085E00052009200B3FBF2F3B3FBF1F001FB103346
:1085F0000201A08900044BBFDB001B013233323380
:108600004BBFB3FBF1F3B3FBF1F303F0070303F04C
:108610000F0313439BB2238105B030BD029BD7E704
:1086200000100140838921B19BB243F40053838140
:10863000704723F400531B041B0CF8E7C1F3080137
:10864000818070478088C0F308007047838A9BB29E
:1086500012B119438182704723EA0101FAE710B58C
:10866000C1F34214012301F01F01012C03FA01F3AD
:1086700005D10C3042B102681343036010BD022CD7
:108680000CBF10301430F5E7026822EA0303F4E768
:10869000C94389B201807047C1F3421210B5034645
:1086A00001F01F040120012A00FA04F00DD19A897B
:1086B0001B8892B210409BB230B1090A01228A4055
:1086C0001340181E18BF012010BD022A0CBF1A8AC1
:1086D0009A8AEDE710B5D0F8E83504461B6998474B
:1086E000032384F81231002010BD08B590F8123130
:1086F00080F81331042380F81231D0F8E835DB68B4
:108700009847002008BD08B5D0F8E435DB6903B10F
:108710009847002008BD08B5D0F8E4351B6A984793
:10872000002008BD08B5D0F8E4355B6A9847002002
:1087300008BD002310B519460446402201F0ECF9AB
:10874000402280210023204601F0E6F9012384F82D
:108750001231D4F8E835A0785B689847002010BD46
:1087600013B56946044600F0D1FA9DF8001001F0F7
:108770001F03012B09D0022B0CD083B96946204678
:1087800000F038F9002002B010BD6946204600F024
:108790003DFAF7E76946204600F050FAF2E701F0AB
:1087A0008001204601F030FAECE710B5044669BBC1
:1087B00090F81131032B1AD1D0F89033D0F87C23E4
:1087C000934216D9C178012908BFD0F88013A3EBD2
:1087D000020304BF8918C0F880139A4228BF1A46C2
:1087E000D0F88013C0F8903392B200F0CFF8002098
:1087F00010BDD0F8E4351B6923B190F81221032A8B
:1088000000D19847204600F0C9F8F0E7D0F8E435E9
:108810009B69002BEBD090F81221032AE7D19847EF
:10882000E5E7000038B5044600294FD190F8113132
:10883000022B1DD1D0F83821D0F824319A4224D906
:10884000C178012904BFD0F82811C918A2EB03028E
:1088500008BFC0F82811C0F83821D0F8281192B20A
:1088600000F07FF800231A461946204601F08FF9E0
:1088700094F81631012B06D11A4A236912685A60FE
:10888000002384F81631002038BDD0F83C21B2FB1B
:10889000F3F503FB15255DB9934209D8D0F84031B3
:1088A0009A4205D22A4600F05CF8C4F84051D9E754
:1088B000D4F8E435DB682BB194F81221032A01D1F6
:1088C00020469847204600F078F8D1E7D0F8E43504
:1088D0005B69002BD7D090F81221032AD3D1984797
:1088E000D1E700BF4C6800202DE9F0410446164650
:1088F0001F46DDF818800D46FCF754FC204629463B
:10890000C4F8E475C4F8E885C4F8EC6501F0BAF879
:10891000D4F8E8351B6898472046BDE8F041FCF7DD
:108920007BBC10B5D0F8E43504461B689847D4F8F2
:10893000E8359B689847002010BD08B5D0F8E435AD
:108940005B689847002008BD10B51346C0E94E2269
:10895000022280F811210A46002101F039F9002095
:1089600010BD08B513460A46002101F031F9002078
:1089700008BD10B51346C0E9E422032280F8112196
:108980000A46002101F003F9002010BD08B5134686
:108990000A46002101F0FBF8002008BD10B50423B1
:1089A00080F81131002304461A46194601F010F9E7
:1089B000204600F09DFD002010BD10B5052380F875
:1089C0001131002304461A46194601F0E0F820460A
:1089D00000F08EFD002010BD10B58021044601F08E
:1089E00013F92046002101F00FF92046BDE81040A0
:1089F00000F07EBD73B54B7804460D46092B61D857
:108A0000DFE813F0B300F0006000C300600058001E
:108A10000A006000A5007800CB88ADF806304B88CE
:108A20001E0A022E0BD0032E24D0012E4AD1D0F8DC
:108A3000EC351B68A0780DF10601984709E0D0F8E5
:108A4000E43580789B6A0DF1060198474670C4F8BA
:108A5000F005BDF80620002A47D0EB88002B44D053
:108A60009A4228BF1A46ADF8062001462046FFF775
:108A70006BFF3AE0DBB2052B24D8DFE803F00307F5
:108A80000B0F1317D0F8EC355B68D3E7D0F8EC3553
:108A90009B68CFE7D0F8EC35DB68CBE7D0F8EC3556
:108AA0001B69C7E7D0F8EC355B69C3E7D0F8EC3554
:108AB0009B69BFE78B882BB9CB881BB990F8123123
:108AC000032B03D12046FFF787FF0EE04D8805F00A
:108AD0007F0580F81451294601F0CAF82046FFF7B7
:108AE0005DFF2DB1022384F81231002002B070BD69
:108AF0000123F8E78978414D01292970E2D890F8DF
:108B00001231022B0DD0032BDCD1B1B9022380F836
:108B1000123180F81011FFF710FF2046FFF73EFFDB
:108B2000E3E70029F9D00121032380F8101180F830
:108B300012312046FFF7F5FEEFE790F810110129FA
:108B4000EBD0FFF7FAFE297884F81011F1E7CA8814
:108B5000012AB7D190F81231022B04D0032BB1D1E6
:108B600000F5887182E7264980E790F81231023BD0
:108B7000012BA7D8234B01221A60D0F818210AB183
:108B800003221A601F49022270E74B88012B08D18B
:108B9000C4F81831D4F8E43529469B682046984734
:108BA000BBE7022BA1D10A798B88002A9DD10269EB
:108BB0001B0A023B5268032B12D8DFE803F0020BBA
:108BC0000D0F022363F306120F4B1A60012384F882
:108BD0001631A2E70323F5E70423F3E70523F1E7C2
:108BE0000123EFE790F81231023B012B3FF66AAF09
:108BF0004B88012B7FF479AF0023C9E75068002030
:108C000058680020546800204C68002038B590F85F
:108C10001231032B04460D460DD10B79012B0AD8D6
:108C2000D0F8E4359B689847EB8813B92046FFF7E6
:108C3000B5FE002038BDFFF7CFFEFAE770B50A7821
:108C40008E880B7902F06002202A04460D4605D179
:108C5000D0F8E4359B689847002070BD4A78012A17
:108C60003DD0032A20D0002AF6D190F81221022A02
:108C700044D0032A1ED116F0800F18BF03F07F03E3
:108C80004FF0280215BF02FB030302FB030393F816
:108C90001E3193F876331C49003B18BF0123022292
:108CA0000B60FFF751FED7E790F81221022A25D07A
:108CB000032A03D02046FFF78FFECDE74A8822B96A
:108CC0005E0602D0194600F09FFFD4F8E43529462D
:108CD0009B68204698472046FFF760FEBCE790F867
:108CE0001221022A0AD0032AE4D14A88002AB3D1E9
:108CF0005906F0D0194600F0A1FFE6E75A06ABD0BE
:108D0000194600F081FFA7E75C68002090F8CC3599
:108D10000B7090F8CD354B70B0F8CE354B80B0F875
:108D2000D0358B80B0F8D235CB80C0F840310123EC
:108D300080F81131704710B58021044600F064FFBF
:108D40002046002100F060FF2046BDE8104000F002
:108D5000CFBB70B50D461646044670B1EBF750FC1C
:108D6000C3B201335B0033802B7003236B70013C73
:108D70000223002014F8011F01B970BD5A1CD2B2A1
:108D8000E9540233A854DBB2F4E7000037B50023FE
:108D9000124D019304460320FCF755FAE268013DA9
:108DA0001369019317D0019B002BF4DA019B43F068
:108DB00001030193019B1361E168084B0A69019269
:108DC000013B02D0019AD207F8D4032003B0BDE8DA
:108DD0003040FCF738BA03B030BD00BF410D03008E
:108DE00010B51446C2783AB900EB84000333D0F8CA
:108DF000D0009B10934201D1002010BD51F82240B9
:108E000004600132F6E710B50332D0F8D0009210BA
:108E10000023934202D101EB830010BD046841F8A6
:108E200023400133F5E70000012370B50129438099
:108E30004FF04003838032D14FF4816303804FF4BD
:108E4000A073C38002230372C1724FF0A04303F5E5
:108E5000006245780261C36003F5106200F11404FA
:108E600000218D4227D803F58062426103F58862B4
:108E7000C0F8CC20024603F5A06412F88C5B0021F8
:108E80008D4220D803F5805100F1CC040022954298
:108E90001ED803F56063C0F80C31002070BD41B9E5
:108EA00040F20C6303804FF4A063C380C1720B4B8C
:108EB000CDE70023CBE744F8042F02F50076E66304
:108EC00001312032CDE742F8044F01312034D7E799
:108ED00044F8041F013201F58051D8E70000044036
:108EE00038B5037AC268012B04464FF0000527D13C
:108EF000956B417A25F4803509B9C5F3005363F3C6
:108F000014559563E268D36823F4940323F0400377
:108F1000D3602046FFF73AFFE378012B0ED1E368D8
:108F20002A229A60E378012B08D1E1688B6823F04C
:108F30003E0242F02A0262F307038B60002038BD34
:108F4000D36843F04003D360FFF720FF637A003B10
:108F500018BF01231B0143F02D0363F31745E3689A
:108F600014209D63FCF776F9DCE7C268936843F050
:108F70000103936000207047C268936823F00103E7
:108F8000936000207047000007B500230193019B08
:108F900043F020030193019B61F38A130193C3689B
:108FA000019A1A61C168074B0A690192013B02D01C
:108FB000019A9206F8D40320FCF745F9002003B08B
:108FC0005DF804FB410D030007B500230193019BED
:108FD00043F010030193C368019A1A61C168074BFB
:108FE0000A690192013B02D0019AD206F8D403200B
:108FF000FCF729F9002003B05DF804FB410D0300E4
:1090000008B5C068C368C3F3076222F06002012993
:1090100062F31F6307D143F00053C3603220FCF7B3
:1090200019F9002008BD0029F7D143F08043F4E787
:10903000C3685869C04300F001007047C3685869AD
:109040009B69184070470269136861F3010313605C
:109050007047000010B503460020DA689061D968B7
:109060006FF080424A61D9684FF0FF344C60D96894
:109070004A61DA6806499161D978064AB1FA81F104
:10908000490942EA0112D9688B6913438B6110BD0B
:109090000008008008383C0070B5D0F80C31002181
:1090A00019600269136861F3CC231360C37A012B42
:1090B000044616D10321FFF7C6FFC36880225A6217
:1090C000C36802F500129A62C3682D4AC3F80421EE
:1090D000C3682C4AC3F80821C3684FF4A072C3F8D0
:1090E0000C2110212046FFF74FFF2046FFF76CFFB1
:1090F0002269002313612269536122694FF0FF3115
:10910000916122691846D361FF2504F11402617848
:10911000994217D8002304F150021846FF256178C0
:1091200099421ED82269136943F480731361E3786E
:10913000012B02BF2369144A1A632046FFF78AFFF6
:10914000002070BD51680E68002EACBF00264FF0A5
:1091500090460E6052F8041F0861116801338D605B
:10916000D5E751680E68002EACBF00264FF0904640
:109170000E6052F8041F0861116801338D60CEE75C
:10918000A0008000200120000301810003699B688A
:1091900013F0060FC3F3410204D0022A0CBF0120D2
:1091A0000220704703207047036982699B68116839
:1091B000C3F34103022B14BF0023032363F30A010B
:1091C00011600269536843F4807353600020704754
:1091D00070B50B784D7801229A4000EB8303012D86
:1091E0000CBF9D695D6D2E684FF0000492B20CBFFC
:1091F00062F30F0462F31F44330414D48B68CA78FB
:10920000C3F30A0343F0805302F0030243F4004324
:1092100043EA8243CA8802F00F0243EA8253054AB6
:10922000324013432B600369DA691443DC61002088
:1092300070BD00BF007833EC0B784A7800EB8300F8
:10924000012A0CBF8369436D1A68002AACBF002253
:109250004FF090421A60002070470000F8B54A783D
:109260000D784B69012A00EB850552D1AF693A6848
:109270003C6904F060441BBB44F400243C61C378A7
:109280000C78012B2ED100EB8404A3690C695C617E
:10929000CB78012B29D0C2F3076363F07B0363F320
:1092A0001F620B7800EB83039B691A60CB78012B5C
:1092B00004D18B8A0A78C968FFF792FD0020F8BDB7
:1092C0008D68EE18013EB6FBF5F6304DC3F3120380
:1092D00005EAC6452B431C43CB78012B08BF63F33B
:1092E0005E74CBE7CB78012B06D103699B68DB0565
:1092F0000CD542F08052CEE74B69002BCBD00569EC
:1093000001236E6BA34033436B63C1E742F000520D
:10931000C1E76C6D8E6822682469C6F3120713BB1F
:1093200067F31204012363F3DC446B6D1C61C378A3
:10933000012B05D10B780C6900EB83035B6D5C613D
:10934000CB78012B03D14B79E3B142F00052C2F349
:10935000076363F07B0363F31F620B7800EB83000A
:10936000436D1A60AAE73344013BB3FBF6F3C3F342
:10937000090363F3DC447B43C3F3120363F3120476
:109380004B61D2E742F08052E1E700BF0000F81FD6
:1093900070B54B784A69012B30D185692C682B69EF
:1093A0003AB18E6896423ABF4E6106F07F0202F0F3
:1093B0007F0223F4002323F07F0342F400221343AF
:1093C0002B61C378012B05D10B780A6900EB83036D
:1093D0009B695A61C4F3076363F07B0363F31F6403
:1093E0002C60C37843B94B6933B102690978506B7B
:1093F00001238B4003435363002070BD0E788D68BA
:1094000000EB8606736D1C681B6902B14D6105F0A7
:109410007F0523F40023726D45F4002523F07F03BC
:109420002B431361C378012B05D10B780A6900EB3C
:1094300083035B6D5A61C4F3076363F07B0363F3DB
:109440001F640B7800EB8300436D1C60D4E70000C1
:109450004B78012B14D10A780E4900EB8200806909
:109460000268002AA8BFC2F380739B0301EA12417D
:1094700043F020030B4363F31F4202600020704758
:109480000B7800EB8300426D136843F40013136004
:10949000F4E700BFDFBFFFFF0B784A78C97800EB25
:1094A0008300012A0CBF8269426D136802390129C9
:1094B00023F400138CBFC3F30071012161F31C730B
:1094C00013600020704703699869DB691840000C3D
:1094D000704700EB81014B6D9A6803695869104031
:1094E000704703699869DB69184080B270470000D3
:1094F000436D074A1A61C378012B08D1436D00F20E
:10950000CC525A61436D1A684FF080221A6070473E
:10951000180008602DE9F04F89B00446FFF788FD78
:1095200018B9002009B0BDE8F08F2046FFF786FD8E
:1095300082460028F5D0C0F3074B1BF008000BD083
:109540002046FFF7C0FF04F154090646A046002755
:10955000002E40F0438101201BF0040F0DD0204667
:10956000FFF7BFFF2546804604F118074FF00009BA
:10957000B8F1000F40F09B8101201AF0020F1EBFCE
:10958000E36802225A61BAF1000F5FFA8AF518DA2D
:10959000A37A3BB1D4F80C21136823F0030161F3E3
:1095A000070313602269536823F001035360A94B3A
:1095B0001B6820469B699847E3684FF000425A6158
:1095C00001201AF4006FCAF307262FD000238DF86C
:1095D0000F3094F812318DF80F309E4B1B682046E7
:1095E0005B6998472369E2689B684FF400615161A9
:1095F000A27AD2B1DB0718D594F81531012B14D11A
:109600009DF80F30032B10D1D4F80C21136843F0D0
:1096100001031360D4F80C21136843F003031360B3
:109620008D4A136943F00603136101202F0708D503
:10963000884B1B682046DB689847E36808225A611C
:109640000120E90616D5E268936923F010039361BF
:10965000E3681D6AC5F34343022B05F00F0800F0D1
:10966000B581062B00F0CD81E268936943F01003C9
:1096700093610120F20635D522695368002523F055
:109680000103536029462046FFF77EFC2F4604F174
:1096900014022B46FF2061788B42C0F0C3812369FE
:1096A0004FF0FF329A6123694FF00112DA612269AB
:1096B0000B2363F30705556163F3070723691F61F4
:1096C0002269136823F4FE6313602046FFF710FF3E
:1096D000E3684FF480525A615E4B1B6820461B6959
:1096E00098470120B3065DD52046FFF75DFD04A82D
:1096F000FEF792FBE368059DDE6826F47056DE6097
:109700002046FFF743FD032800F09381534B544A52
:109710002B44934240F29281524AA5F57403A3F57B
:109720001053934240F28E814F4B504A2B44934248
:10973000C0F08C814E4AA5F18C73A3F5434393424C
:1097400040F288814B4B4C4A2B449342C0F08681B7
:109750004A4B4B4A2B449342C0F08481494AA5F1BD
:10976000B773A3F558539342C0F07F81464B474AE5
:109770002B449342C0F07D81454B464A2B44934293
:109780004FF001014FF04002C0F07781052363F3F1
:109790008D26E368A280A170DE60E3684FF400527A
:1097A0005A6101201BF0100F09D02A4B1B6820467C
:1097B000DB699847E3684FF480125A6101201BF07F
:1097C000200F3FF4AFAE234B1B6820461B6A98471F
:1097D000E3684FF400125A610120A3E6F30731D584
:1097E000F9B220460091FFF774FE10F0010F0099C6
:1097F000054620D0D9F8002001259560E278AA42DC
:1098000009D1D9F800201069D8F87C23C0F31200E0
:10981000121AC8F88C230F4B1A682046126890471A
:10982000E278012A07D137B994F81121052A02D12B
:109830002046FFF75DFEEAB2AD072DD5D9F800202E
:10984000022393600137760809F1040908F128081A
:109850007EE600BFD80A002000ED00E0401E1BFF9E
:109860003F420F00DFC810002013FBFE20D613007C
:10987000FF69180000D3CEFE40771B00C05BB3FE2B
:10988000C091210040AC2700C01D6AFE40E13300BA
:10989000803C36FEE09C41001007D3D5784B1A6817
:1098A000204692689047D9F800200823C9E718F0AD
:1098B000010F7AD05FFA89F3019323693A68196935
:1098C0005E6B926826FA09F6F601F6B20E43164070
:1098D000F1071CD55A6B012606FA09F122EA0102AA
:1098E0005A633B689E60664B1B685FFA89F15B6850
:1098F00020469847E378B34209D1B9F1000F06D169
:1099000094F81131042B02D12046FFF7F1FD320704
:10991000F3B245D53B6808229A6013461A0644D52F
:10992000D5E94C329B1AD5F82421934228BF13461F
:1099300003339B0800933B689B69009A9BB2934258
:1099400033D9D5E94C639E422FD9F61AD5F8243184
:10995000019AD5F828119E4228BF1E46F31C9B0889
:1099600000932046B3B2FFF73BFAD5F82831D5F87B
:1099700030213344C5F82831D5F834311E44C5F8B8
:1099800034613B6896429B69D7D1206995F81C11D8
:10999000426B012606FA01F122EA01024263CCE79A
:1099A000DE0609D53B6810229A6009F101094FEAE9
:1099B000580828350437DBE5580602D53B684022B5
:1099C000F2E79907AAD53B680222EDE747F6F07364
:1099D0002B423FF449AE282707FB0847C5F30A1579
:1099E000D7F880132A462046FFF70DFAD7F88033C0
:1099F0002B44C7F88033D7F88C332B44C7F88C330B
:109A000032E6082204F2CC512046FFF7FCF9282365
:109A100003FB0848C5F30A15D8F88C332B44C8F863
:109A20008C3321E652F8041F8860D16B01338860C3
:109A300031E600214FF400720923A8E601214022FB
:109A40000E23A4E6012140220D23A0E6012140229D
:109A50000C239CE6012140220B2398E601214022A1
:109A60000A2394E601214022E6E70121402208234F
:109A70008DE601214022072389E6062387E600BF01
:109A8000D80A002070B504460125FFF7CDF9002360
:109A9000607884F8125184F8143104F58E721946F6
:109AA0004026984202F128021AD8002204F55D737C
:109AB00011464025904203F128031FD82046FFF7A6
:109AC0005BFA2046FFF70CFA00212046FFF798FAD0
:109AD0002046FFF7E1FA2046BDE87040FFF745BA9F
:109AE00002F8283C22F8223C42E9086102F8275C8F
:109AF00002F8251C42F8141C0133D2E703F8282C85
:109B000023F8222C43E9085103F8271C03F8251CED
:109B100043F8141C0132CDE7F8B54FB201F07F06CF
:109B2000002F4FF028040D46B9BF04FB060404F5CE
:109B30008E7104FB050404F55D71002FB8BFCE8063
:109B4000022BCB704FEAD51508BF00230E704D7065
:109B50008A6008BF0B71FFF73BFB0020F8BD0A4687
:109B600011F0800F4FF0280310B501F07F040DBFF6
:109B700003FB020303FB040303F58E7103F55D7120
:109B8000D2090C704A70FFF757FB002010BD38B5A2
:109B900001F07F0528246C4304F55D710444014401
:109BA000C4F888330023C4F88023C4F88C3384F8C5
:109BB000753384F87453C378012B08BFC4F8842329
:109BC0001DB9FFF7E5FB002038BDFFF747FBFAE7BB
:109BD00070B501F07F0528266E430446344406F52F
:109BE0008E71C4E94A2201260022C4E94C320144A4
:109BF00084F81D6184F81C511DB9FFF7C9FB0020D2
:109C000070BDFFF72BFBFAE710B50A4601F07F04A1
:109C100011F0800F4FF028030DBF03FB020303FB7D
:109C2000040303F58E7103F55D71D20901238B7076
:109C30000C704A70FFF70CFC002010BD38B50A46C6
:109C400001F07F0511F0800F4FF028030DBF03FBDB
:109C5000020303FB050303F58E7103F55D71002418
:109C6000D2098C700D704A70FFF716FC204638BD83
:109C70000269002361F30A1311680B4313607047F4
:109C8000B0F8B4322BB14B434161C0F8AC31002085
:109C900070476FF00E00704737B50446084611460E
:109CA0001A46B4F85E3163B1C4E90201226104F5D9
:109CB000CE7504F5C2740195009401F012FB03B057
:109CC00030BD6FF00E00FAE72DE9F0410446B0F820
:109CD0005E01884617461E4628B394F8A21101F08B
:109CE00097FA0546014694F88B0101F0CAFAC8F8C4
:109CF0000000B4F89C0140BA294680B201F0E5FAB0
:109D00003860B4F8A00140BA294680B201F0DDFA0B
:109D10003060D8F80030A3603B68E36033682361AB
:109D20000020BDE8F0816FF00E00FAE707290CD89B
:109D3000012309B18B40DBB290F8C501034011B992
:109D40001370002070470B41FAE76FF00300704773
:109D500038B50C46054600F2C3120978607801F068
:109D6000F7FAA078E17805F5E27201F004FB002033
:109D700038BD38B505460C460A4690F8C301013196
:109D800001F084FB95F8C401E21CA11C01F0EDFA7E
:109D9000002038BD73B50C46002605460DF10602BD
:109DA00090F82A028DF806600DF107018DF8076022
:109DB00001F06CFB9DF8063023709DF8073063704E
:109DC00095F82B3230461A0903F00F03E270A370A6
:109DD00002B070BD70B500F5AC71044601F0C4FB73
:109DE0000546D0B904F14201204601F06CFC05465D
:109DF00098B904F5FD763146204602F022F8054672
:109E000058B904F1F001304601F068F904F52D72FB
:109E1000DE212046F6F73AFC0546B4F85E31B3F58C
:109E2000805F3CBF4BF6CC43A4F85E3125B904F10A
:109E30009E012046FFF7AEFFB4F8A2304BB994F86C
:109E40009E301B0184F8A23094F89F301B0184F8E7
:109E5000A330284670BD70B51229DDE904540ED830
:109E600081B1013911290DD8DFE801F00F0F0F0F73
:109E70000F1D1D1D0C0C0C0C0C0C0C0C0F1D243993
:109E800002291CD96FF003000CE0B0F8CA10118051
:109E9000D0F8D0201A60D0F8D8302B60D0F8E43059
:109EA0002360002070BDB0F8CC101180D0F8D42011
:109EB0001A60D0F8DC302B60D0F8E830F0E7B0F86A
:109EC000CC101180D0F8D4201A60D0F8E0302B608C
:109ED000D0F8EC30E4E72DE9F04F8BB088460793DB
:109EE000149B0493159B0593169B069300F5DA7358
:109EF0000893049BC360059B0361069B417043610B
:109F00009146032100F5CE7208F1FF38099204460C
:109F100000F5B27500F5C27600F5E47700F1A40A09
:109F200000F5397B01F015F8DDE90832B8F1250FAD
:109F300000F28780DFE808F0132E353C434A515881
:109F400085858585858585855F6685858585858506
:109F500085858585858585858585856D757DCDE935
:109F6000007A3146284600F067FE00286BD1DDE913
:109F700004230799A4F86491A4F818902046FFF7E9
:109F80008BFE00285FD1069920460BB0BDE8F04F4C
:109F9000FFF776BECDE9007A3146284600F0C8FECC
:109FA000E3E7CDE9007A3146284600F0DFFEDCE742
:109FB000CDE9007A3146284600F0F6FED5E7CDE936
:109FC000007A3146284600F0FFFECEE7CDE9007A60
:109FD0003146284600F008FFC7E7CDE9007A314650
:109FE000284600F01CFFC0E7CDE9007A314628463C
:109FF00000F031FFB9E7CDE9007A3146284600F09C
:10A0000093FFB2E7CDE9007A3146284600F074FFAD
:10A01000ABE7CDE901AB00973146284600F048FF99
:10A02000A3E7CDE901AB00973146284600F02EFFAB
:10A030009BE7CDE901AB00973146284600F04AFF87
:10A0400093E76FF003000BB0BDE8F08F30B5044626
:10A0500085B00D46622100F07CFF4FF001232360A4
:10A06000012323714FF47A724FF4FA63C4E9022397
:10A0700043F2C8216423C4E904134FF4206323830B
:10A08000002384F8213040F2DB73A4F89C30204692
:10A0900000F056FF15B12046FFF79CFE04F58870CE
:10A0A00000F036FD04F5907000F042FD04F5967165
:10A0B00004F1420000F048FD04F5A27000F06DFDCF
:10A0C00004F1A40000F07AFD94F8603103F003037A
:10A0D000803B84F860316369029323690193E368EC
:10A0E0000093A368228B61782046FFF7F4FE0546B3
:10A0F000204601F044F9284605B030BDB0F8A6313D
:10A100000B8000207047A0F8A61100207047B0F81F
:10A11000A8310B8000207047A0F8A81100207047DC
:10A120002DE9F04390F8CC3103F00F03C1B08170FA
:10A130001943B0F84231A0F87C3190F8E63280F84B
:10A14000CC11FF2B04BF002380F8E632D0F8E432B4
:10A1500023F07F4323F0FF03B3F5807F044691464D
:10A1600016D190F8863180F8E732202380F88631C6
:10A1700090F8C53113F0600F03BFB0F858309B0062
:10A180001BB20023052AA0F8543038BF4FF0050950
:10A19000D4F8E4325A4A23F07F4323F0FF0393427A
:10A1A0002AD194F8E73284F886314FF00609012568
:10A1B000C5F18807BAB2002168461EF02FFFB9F139
:10A1C000050F0FFA85F86E4636D9C8F1010216FA66
:10A1D00082F20B2104F5AC7001F06CF948B9C8F1BA
:10A1E0000D0216FA82F2172104F1420001F0CDF9B6
:10A1F00030B341B0BDE8F08309F1FF33052B17D828
:10A2000001A252F823F000BF2DA2010829A20108E3
:10A2100025A2010821A2010835A20108ABA101086D
:10A220002425C5E74425C3E75A25C1E77125BFE7C3
:10A230008325BDE70D25BBE7D1D0B9F1040F3AD195
:10A24000C8F1240216FA82F2202104F5B27001F05E
:10A250004CFA0028CDD1C8F1440216FA82F2162138
:10A2600004F5C27001F0AFFA0028C2D1C8F15A0259
:10A2700016FA82F2172104F5CE7001F0E9FA0028EF
:10A28000B7D194F8CC31C8F171029B0692B209D5CE
:10A2900094F82E3084F8C63143F0010184F8B411EB
:10A2A00084F8C0113244122104F5DA7001F013FB76
:10A2B00000289ED108E0B9F1030FCCD0B9F1020F0C
:10A2C000D4D0B9F1000FDCD1C8F1830232440521AA
:10A2D00004F5E47001F041FB00288AD13B46324688
:10A2E00029462046F6F780F9002882D1204600F062
:10A2F00043FE00287FF47DAF204600F0B7FE78E7EC
:10A300000001010038B590F8CC3103F00F0304468A
:10A3100063F07F0380F8CC3100F5E47101F036FB87
:10A3200094F8CC3103F00F0384F8CC3105460321B7
:10A33000204600F00EFE94F8E532012B02D12046B3
:10A3400001F02BF8284638BD30B50129C1B00446CC
:10A350000D461AD002290CBF86232C236A46882179
:10A360002046F6F753F9012D11D9C8B904F52B721F
:10A370000DF14E01382001F0E6FB88B904F5227298
:10A380000BA9212001F0A4FB03E04D23E6E7002DFB
:10A39000F3D128B904F5E77269462C2001F009FBD6
:10A3A00041B030BDF0B50025CC789C702E4603F14D
:10A3B00044044FF6FF7C04F8405C44F83C6C4F7852
:10A3C00091F803E007F01F07BEF1000F02D1092F3B
:10A3D00008BF132704F8027C002D48D18F78072F7F
:10A3E00040D14F8A24F8307C0F8A24F8147CCF8A1D
:10A3F00024F8127C0F8924F8107C4F897F0167456F
:10A4000028BF674624F8087C8F8924F8067CCF890A
:10A41000474317F5806E48BF07F6FF3E4FEAEE2E22
:10A4200024F804EC576844F81C7C976844F8187CBE
:10A43000D76844F82C7C176844F8207C6F1C022FE6
:10A4400004F140044FF00105B5D10020D8704A78DE
:10A450001D4902F01F02D140C90744BFDA7083F8DA
:10A460004200F0BD082F0CBF8F8A8F88BAE70F8B90
:10A4700024F8307C4F8B24F8147C4FF6FF7E24F8B0
:10A4800012EC8F8B24F8107CCF8B7F01774528BF8F
:10A49000774624F8087C0F8C24F8067C4F8C4743C1
:10A4A00017F5806E48BF07F6FF3E4FEAEE2E24F800
:10A4B00004EC576944F81C7C976944F8187CD76908
:10A4C00044F82C7C1769B7E70E2002002DE9F04113
:10A4D0000446164600F53D77FFF736FF054640B9BE
:10A4E000B4F89C003B4604F5227204F5E771FFF7CF
:10A4F00059FF94F8E582B8F1010F12D145B994F8EB
:10A50000E6320BBB204600F06EFF84F8E68205467B
:10A5100094F8E632FF2B04D01DB9204600F082FFEC
:10A52000054694F82C3084F8F43294F8303084F8EE
:10A53000F532842239463046E9F7B2FF55B9204654
:10A54000BDE8F04100F068BD012B04BF022384F890
:10A55000E632DDE72846BDE8F08100002DE9F04154
:10A56000032988B005460C461E462ED008290CBF8C
:10A57000402720272C490888ADF8140005AB2B484C
:10A580008978B0F800C0997006A98078ADF818C035
:10A59000DFF89CC0887007A8BCF800E09CF802C0F7
:10A5A000ADF81CE0012A80F802C010D0022A0CBFCE
:10A5B00001220222042C0CD0082C2FD0032C28D0EE
:10A5C0006FF0070008B0BDE8F0814027D2E7002215
:10A5D000F0E720326A4412F80C8CCDE900100DF13E
:10A5E000120241462846FFF736FC0028EAD1079BB5
:10A5F0000193069B0093BDF81220059B02964146ED
:10A600002846FFF768FC0028DCD1AF7085F87C4352
:10A61000D8E720326A4412F8088CDEE720326A4418
:10A6200012F8048CD9E700BFD9CB0308DDCB0308AF
:10A63000E1CB0308012908B505D0C2F38F31FFF73C
:10A6400062FD002008BDC2F34F21FFF765FDF8E76A
:10A650000A460121F5F7ECBF2DE9FF414B1EDBB2A5
:10A66000022B90F87C7304460D462DD818BF0E4679
:10A6700003A908BF0326FFF77CFB10BB6B4601AAAA
:10A6800002A92046D4F81480FFF71EFBC8B9434640
:10A69000324639462046FFF761FF90B9DDE90032C6
:10A6A000029984F87E6384F87F6384F87D532046A2
:10A6B000FFF7F2FA28B9009B236103A92046FFF7B0
:10A6C00047FB04B0BDE8F0816FF00300F9E700003C
:10A6D00030B53C4B994285B004460D4603D96FF026
:10A6E000030005B030BD0DF102020521FFF71EFB8E
:10A6F0000028F6D10DF1030206212046FFF716FBD4
:10A700000028EED101AB02AA03A92046FFF7DCFA2C
:10A710000028E6D194F87C33042B1ED0082B36D0C9
:10A72000032B26D02849024601236FF00700AA42D6
:10A73000D5D2AA1A002841D18A42D0D8B2FBF3F36D
:10A740002046DDE902210193FFF7A6FA0028C8D1CF
:10A75000019B2361C4F88053C3E79DF80230012BAD
:10A7600020D09DF803301849012B1DD141F28832C9
:10A77000DDE79DF80230012B1AD09DF80330134914
:10A78000012B4FF0020316D146F2E872CFE794F89E
:10A79000E432F5220BB113FB02220C4902F6DC5223
:10A7A0000223C4E70849E1E701234FF47A72BEE7C8
:10A7B00006490223E8E745F26042B8E76FF0070078
:10A7C0008FE700BF8096980070640800E0C8100012
:10A7D00038B503224FF47A7304460D46FFF7BEFEE8
:10A7E000C0B940F20333A4F87E33EB1E012B01D92C
:10A7F000082D0CD14AF228012046FFF769FF48B91D
:10A8000020464FF47A71BDE83840FFF739BA48F274
:10A810003521F1E738BD0322202180F8782380F824
:10A820007D2340F203328170A0F87E230821FFF7D8
:10A83000CFBF012970B504460E46154610D81AB18F
:10A8400000EB8103D3F8882320463146FFF7F2FE60
:10A850003444003D18BF012584F88453002070BDA6
:10A860006FF00300FBE70129F8B5044616460DD842
:10A87000451895F8847301F1E00527B904EB8504C8
:10A880000020A660F8BDFFF7D5FEF7E76FF00300E4
:10A89000F8E713B52E210DF107020446F5F7DEFEA9
:10A8A000A8B99DF807202E2142F0010220468DF81C
:10A8B0000720F5F7BDFE50B901212046FFF7C6FB82
:10A8C00028B9012384F87833082384F87C330021E5
:10A8D00001298DF807100FD960B901464FF4901285
:10A8E0002046FFF7C0FF90B94FF480420121204677
:10A8F000FFF7B9FF02B010BD0028FBD101222046AE
:10A90000FFF797FF9DF807100131C9B2E0E76FF03C
:10A910000300EFE773B5064615460C4629B1012939
:10A9200017D06FF0030002B070BD0DF10601FFF704
:10A93000E5FBBDF806309B030028F4D104F1E002EA
:10A9400034446BB906EB820293682B6084F884036D
:10A95000E9E701A9FFF7DBFBBDF804305B02EBE799
:10A9600006EB82062B60B360012384F88433DAE7B8
:10A9700010B590F87833032B04460AD013D9052B71
:10A9800011D9623B012B94BF6FF00D006FF00200F4
:10A9900010BD81780622FFF7C3FB0028F8D10423FD
:10A9A00084F87833F4E76FF00D00F1E710B5044652
:10A9B000FFF7A8FC10B9032384F8783310BD01F029
:10A9C00053BA0000F0B50C46A3B005461C22FF2187
:10A9D00020461EF023FB01AA02212846FFF776FD40
:10A9E0000646002840F084809DF846709DF80630A9
:10A9F000237107F01F07039B9DF80720BDF944C092
:10AA0000BDF840002360072F3BD0BCF5967FA6BF62
:10AA100041F69A1303FB0CF34FF4F013DFF8ECE06C
:10AA200059080EFB0011B1FBF3F1354B4FEA014E13
:10AA3000B3EB014F2CBFA3EB0E034FF44813C3F34A
:10AA40000743642B28BF6423322B38BF3223BDF861
:10AA5000381063714902BDF83430E160BDF8181058
:10AA600021825B02400200210D2AA3606061A4F8EC
:10AA700018C0A17610D006D8013A022A05D80522BE
:10AA80000AE03223E3E7112AF9D03A1FD2B20F2AA3
:10AA90009ABF1C498A5CFF22E2760021C5E9E403E3
:10AAA0006A462846FFF736FF95F88433012B22D1FA
:10AAB000BA1F5342534185F886336A46012128461E
:10AAC000FFF728FF95F88533012B16D13B1F5F4216
:10AAD0005F4185F88773E37E53B9B4F91820002AE3
:10AAE00006DA094949688A42BABF0E23E37623830E
:10AAF000304623B0F0BD0023DDE70027E9E700BFC3
:10AB000033B37500E0050408080B0020CDCC3000FD
:10AB100040F608330380054B4FF47A72C0E90123F5
:10AB20004FF4A05383810020704700BF000A000546
:10AB3000044A48F6A043C0E900230C230381002007
:10AB4000704700BF00120F0238B503464089086005
:10AB50000C46B3F90C10A180B3F90E20E2805D8998
:10AB6000A560B3F90C50A581B3F90E30E381002341
:10AB700063824023237530B101232374402300F006
:10AB800056FB034606E06368002B14BF0125002531
:10AB90002574F3D1E382002038BD4FF42063038095
:10ABA0004FF47A7243F2C823C0E90123C36042F62E
:10ABB00008030382092383740020704719491A4A45
:10ABC0000346C0E90012194842F20212C3E9020228
:10ABD0003C225A8202F1B4725A61154A4FF0801C2D
:10ABE000C3E906C2134A1A624FF42062DA841A8556
:10ABF00048F230014FF47A72C3E90B124FF4FA6253
:10AC0000C3E90D224FF2186C43F2C822C3E910C207
:10AC100001220020DA634FF4FA52187483F82400FA
:10AC20009A6470470380018041800E0A060E0A066E
:10AC3000C000081001020102F0B5044640F21126DE
:10AC4000DDE90575A6814FF420604FF40076208081
:10AC5000E681002008266080A080E080208160815D
:10AC60002682AE7FA674EE7FE67495F82060267586
:10AC70004FF0FF0C01266675E082208384F81AC02D
:10AC800095F810C084F81BC095F80CC084F81CC05F
:10AC90006077E0834FF4326408804C80EC898C80CC
:10ACA00040F60254CC806C7B0C724FF40C440C8246
:10ACB0004FF460544C8240F2FF1448728E728881C7
:10ACC000C8818C82184C1949C2E9004140F6F5113F
:10ACD0001181A98A5181698B918147F60801D1813F
:10ACE000106110751E7058809880987195F8212019
:10ACF000DA7140F60B121A81EA799A72AA7ADA723C
:10AD00001E7395F824205A7395F823209A73C7224E
:10AD1000DA734DF6FF321A8202229A742123787078
:10AD2000BE70FE703B71F0BD001A002001CC0B011B
:10AD3000F7B5099E089F0196144600971D46FFF738
:10AD40007BFF0723A37105236372F38A6381B38BAF
:10AD5000A38143F60803E38140F207532B81337A42
:10AD6000AB72F37AEB72002003B0F0BDF7B5099E29
:10AD7000089F0196144600971D46FFF75DFF0F23BD
:10AD8000A3710D236372738A6381338BA3814BF6A6
:10AD90000803E38140F60F532B81B379AB72737ACA
:10ADA000EB72002003B0F0BD73B5079E0196069EBE
:10ADB00000961C460D46FFF73FFF0223AB720020B2
:10ADC0003B23637402B070BD73B5079E0196069E67
:10ADD00000961C460D46FFF72FFF0223AB720020A2
:10ADE0005B23637402B070BDF7B5DDE908671446F4
:10ADF0001D46CDE90067FFF71FFF00204FF43143E8
:10AE0000A874A380D42323724FF4C063E07123613C
:10AE100097F82230EB714023337103B0F0BDF7B5E2
:10AE2000DDE9086714461D46CDE90067FFF780FF9E
:10AE3000002048F20143A874A3800123E371B123E9
:10AE400023724FF4C063236197F82230EB714023E3
:10AE5000337103B0F0BDF7B5DDE9086714461D4650
:10AE6000CDE90067FFF782FF00204FF41743A87475
:10AE7000A380B12323724FF4C063E071236197F87C
:10AE80002230EB714023337103B0F0BDF7B5DDE93B
:10AE900009760197089F00970C461D46FFF7A4FF0F
:10AEA00032462946204603B0BDE8F04000F08EBA95
:10AEB000F7B5DDE909760197089F00970C461D4616
:10AEC000FFF7ADFF32462946204603B0BDE8F0400B
:10AED00000F07CBAF7B5DDE909760197089F009785
:10AEE0000C461D46FFF7B7FF32462946204603B001
:10AEF000BDE8F04000F06ABAF7B5DDE9086714462E
:10AF00001D46CDE90067FFF797FE00204FF431435F
:10AF1000A874A380D423E071237297F82230EB71D8
:10AF20001023337103B0F0BD37B5DDE90645CDE937
:10AF30000045FFF781FE01230020637003B030BDA0
:10AF40004B23436240F201230385092380F82A3012
:10AF500070470023022280F82C1080F82D3080F8F2
:10AF60002E2080F82F3080F8301080F8313080F8B3
:10AF7000322080F83330704790F8CC310F2B09D84D
:10AF8000032380F830300222002380F8313080F82B
:10AF900032202FE090F83130FF2B1ABF0133DBB2A3
:10AFA000802380F8313090F8323083F0020380F84B
:10AFB000323090F83030033B052BE1D801A252F833
:10AFC00023F000BFDDAF010881AF010881AF0108A8
:10AFD000FBAF010801B001080BB0010890F8C631C1
:10AFE00013F0020F0CBF0823062380F83030002333
:10AFF00080F8313080F8333005E0002380F83130BC
:10B00000082380F830300020704790F8333083F008
:10B01000010380F83330F3E790F8CC31024613F0A7
:10B02000200022D092F83030062B09D192F8CF318F
:10B0300003F01F03122B14BF6FF0100000207047A5
:10B0400092F8D13192F83110994292F8CE3192F8BB
:10B0500032204FEA231303F0020314BF6FF01100F4
:10B0600000209A4218BF6FF01200704790F8CC3160
:10B070000F2B09D8032380F82C300222002380F8FC
:10B080002D3080F82E2018E090F82D30FF2B1ABFBD
:10B090000133DBB2802380F82D3090F82E3083F01E
:10B0A000020380F82E3090F82C30032B08D0042BAC
:10B0B000E0D190F82F3083F0010380F82F300BE0BF
:10B0C00090F82F3083F0010380F82F30012380F8AF
:10B0D0002D30042380F82C3000207047037C0B7047
:10B0E000437C4B70837C8B70C37CCB70037D0B7176
:10B0F000437D4B71837D8B71C37DCB71037E0B725E
:10B10000437E4B72837E8B72C37ECB72037F0B7345
:10B11000437F4B73837F8B73C37FCB7390F8203057
:10B120000B7490F821304B7490F822308B7490F8A7
:10B130002330CB7490F824300B7590F825304B7584
:10B1400090F826308B7590F82730CB7590F8283022
:10B150000B7690F829304B7690F82A308B7690F861
:10B160002B30CB7690F82C300B7790F82D304B7736
:10B1700090F82E308B7790F82F30CB7770471144B2
:10B18000914200D1704701F8010D000AF8E70B1851
:10B190000020994200D1704711F8012B42EA0020AB
:10B1A00080B2F6E71144914200D1704701F8010DD9
:10B1B0000012F8E791F90030DB171BB20844814216
:10B1C00001D11846704711F8012B5BB242EA032304
:10B1D000F5E71144914200D1704701F8010D000AD2
:10B1E000F8E70B180020994200D1704711F8012BA5
:10B1F00042EA0020F7E791F900300844DB1781426A
:10B2000001D11846704711F8012B42EA0323F6E7F3
:10B2100038B50D4600F030F90446284600F031F903
:10B220004FF410635C43A4096043800938BD0029D2
:10B23000BABF494289B20021002AB8BF524209B2BE
:10B24000B4BF92B2002201FA82F210B500014FF4AD
:10B250007A7452014FF47A7190FBF4F092FBF1F2A0
:10B260001044434303F11000B0F5001F06DA002834
:10B27000B8BF03F12F00401180B210BD4FF6FF7030
:10B28000FAE74FF400630022E0FB01321B0B43EAB4
:10B290000250704740B101380023FF2803F101023A
:10B2A00003D800EB032080B2704740081346F4E750
:10B2B000000300EB5100B0FBF1F0FFF7EBBFC3B2AE
:10B2C000000A03FA00F00130704708B5FFF7F7FFF6
:10B2D00000224FF40063E1FB00321B0B43EA0250F3
:10B2E00008BD2DE9F041079D0446884617461E46D5
:10B2F0005BB3A9791846FFF78BFF2403069B04EB89
:10B300005004B4FBF0F4FF2C28BFFF24DC7101468D
:10B310004046FFF7CDFF40BA28803846FFF7C8FF08
:10B3200040BA697AA8803046FFF772FF014640466E
:10B33000FFF7BEFF40BA68803846FFF7B9FF030A3F
:10B340002872EB710020BDE8F0816FF00E00FAE783
:10B3500043B207288BBFC3EBC103C1F10F01713B9F
:10B3600003EBC1035BB213707047030900F00F00D9
:10B3700013700870704700EB01101070704703469F
:10B380000322C0F8E4220020A3F8E80283F8EA02CE
:10B39000C3F8EC02A3F8F0027047FF2280F8E6221F
:10B3A000002280F8EA22C0F8EC22A0F8F02290F8FF
:10B3B000E82203460AB180F8632193F8E9220AB132
:10B3C00083F86021002083F88D0170470346012037
:10B3D0005070002090708B224A744FF448421A82B9
:10B3E00002229A72704790F8632190F8603180F8D9
:10B3F000E82202F07F0280F8632190F8E42280F8CE
:10B40000E93203F0030303EB820380F86031012388
:10B4100080F88D3190F8AE3280F8EA3280F88731CA
:10B420000020704710B5B0F8D621B0F8DE314FF6E5
:10B43000FF711344B0F8D2218B42A8BF0B46C2B1B2
:10B440001B049A42B3FBF2F4C0F8EC4211D8B0F8F6
:10B4500064311B04B3FBF4F38B4228BF0B469BB251
:10B46000A0F8F032A0F89431022380F88E31002049
:10B4700010BD4FF40043F3E74FF08043B3FBF0F00F
:10B4800070470130400000F0FE00704743B2002BCF
:10B4900009DADB43C01003F0070310380833C0B2E9
:10B4A0000B701070704700F00703C0F17F00C0F30D
:10B4B000C700F5E70A2938B50546144624D90378AC
:10B4C00003F07F031370437803F00F035370837806
:10B4D00003F07F039370C37803F00303D370037901
:10B4E00003F07F031371C08805320221FFF747FE86
:10B4F0002B7AE3716B7A2372AB7A03F03F036372AA
:10B50000EB7AA372002038BD6FF00900FBE70A2830
:10B5100038B50D46144624D90B7803F07F03137019
:10B520004B7803F00F0353708B7803F07F03937015
:10B53000CB7803F00303D3700B7903F07F0313710F
:10B5400005310220FFF723FEE080EB7923722B7A8E
:10B5500063726B7A03F03F03A372AB7AE37200204D
:10B5600038BD6FF00900FBE71FB50C460B230DF14A
:10B5700005020121F5F74AF828B922460DF1050127
:10B580000B20FFF7C4FF04B010BD162938B50446E0
:10B59000154648D9037813704378537083789370B5
:10B5A000C378D37003791371437903F00F03537198
:10B5B00083799371C37903F03F03D371037A03F066
:10B5C00003031372408909320221FFF7D8FDB4F951
:10B5D0000C0005F10B020221FFF7E4FDB4F90E00A7
:10B5E00005F10D020221FFF7DDFD208A05F10F02B2
:10B5F0000221FFF7C4FD608A05F111020221C0F3A8
:10B600000C00FFF7CFFDB4F9140005F1130202217D
:10B61000FFF7C8FDB4F9160005F115020221FFF786
:10B62000C1FD002038BD6FF00900FBE7162838B5D2
:10B630000D46144644D90B7813704B7853708B78B1
:10B640009370CB78D3700B7913714B7903F00F03A0
:10B6500053718B799371CB7903F03F03D3710B7ADC
:10B6600003F00303137209310220FFF790FD05F187
:10B670000B0160810220FFF79DFD05F10D01A08106
:10B680000220FFF797FD05F10F01E0810220FFF78F
:10B690007EFD05F1110120820220FFF78BFDC0F332
:10B6A0000C00608205F113010220FFF783FD05F114
:10B6B0001501A0820220FFF77DFDE082002038BD49
:10B6C0006FF00900FBE710B586B00C4617230DF1AB
:10B6D00001020D21F4F79AFF28B922460DF101016C
:10B6E0001720FFF7A3FF06B010BD1F2938B5044689
:10B6F000154665D900880221FFF741FDA37803F0C4
:10B700000103AB70E37803F00F03EB70237903F0D0
:10B710000F032B71637903F01F036B71A37903F09F
:10B720007F03AB71E37903F07F03EB71237A03F0BE
:10B7300001032B72637A6B72A37A03F00103AB727D
:10B74000E37A03F00303EB72237B03F01F032B73F5
:10B75000637B03F003036B73A37B03F00303AB73FF
:10B76000E37B03F00703EB73237C03F01F032B74CD
:10B77000637C03F001036B74A37CAB74E37CEB7418
:10B78000237D2B75637D6B75A37DAB75E37DEB75B9
:10B79000208B05F118020221FFF7F1FCA37EAB76A6
:10B7A000E37EEB76237F03F00F032B77637F6B77CA
:10B7B000A37F03F00F03AB77E37FEB77002038BD67
:10B7C0006FF00900FBE7152938B5054614463CD94A
:10B7D000037813704378537083789370C37803F0C1
:10B7E0007F03D370808804320221C0F30B00FFF77F
:10B7F000C6FCAB7903F07F03A371EB79E3712B7A7D
:10B8000023726B7A03F001036372AB7A03F00703D0
:10B81000E372A88904F10C020221FFF7B0FCE88969
:10B8200004F10E020221FFF7AAFC288A04F110029B
:10B830000221FFF7A4FCAB7CA374EB7CE3742B7DAB
:10B8400023756B7D6375002038BD6FF00900FBE741
:10B85000162938B5054614463AD9037803F00F0384
:10B86000137043785370837803F00F039370C37899
:10B87000D370037903F00F03137143795371837904
:10B8800003F03F039371C37903F00F03D371037A7D
:10B890001372437A03F03F03537240890A32022144
:10B8A000FFF76DFCA88904F10C020221FFF767FC89
:10B8B000AB7BA373EB7BE373286904F112020421D1
:10B8C000FFF787FC2B7D03F00103A375002038BD33
:10B8D0006FF00900FBE7112938B50446154639D940
:10B8E000037803F0030302F8013B02214088FFF7CD
:10B8F00046FCA088EA1C0221FFF741FCA37903F073
:10B9000001036B71E37903F00703AB71237AEB71E9
:10B91000637A2B72A37A03F07F036B72E37A03F0EE
:10B920007F03AB72237B03F00303EB72637B03F0B3
:10B9300003032B73A37B03F00F036B73E37BAB73E6
:10B94000237CEB73637C2B74A37C03F003036B7485
:10B95000002038BD6FF00900FBE7042913D90378F4
:10B9600003F001031370437803F0010353708378ED
:10B9700003F001039370C37803F00303D3700379DA
:10B980001371002070476FF00900704713B504462B
:10B990000DF1030208460521FFF7DFFF30B90B4622
:10B9A00020468321F4F720FE02B010BD6FF009009D
:10B9B000FAE72B2838B50D46144640F286800B78FE
:10B9C00003F03F0313704B7853708B7803F00F0331
:10B9D0009370CB78D37004310220FFF7D8FBA91DF8
:10B9E000A0800220FFF7D3FB05F10801E0800220D0
:10B9F000FFF7CDFB05F10A0120810220FFF7C7FB0D
:10BA000005F10C0160810220FFF7C1FB05F10E0179
:10BA1000A0810220FFF7BBFB05F11001E0810220AD
:10BA2000FFF7B5FB05F1120120820220FFF7AFFB03
:10BA300005F1140160820220FFF7A9FB05F1160150
:10BA4000A0820220FFF7A3FB05F11801E08202208B
:10BA5000FFF79DFB05F11A0120830220FFF797FBFA
:10BA600005F11C0160830220FFF791FB05F11E0127
:10BA7000A0830220FFF78BFB05F12001E083022069
:10BA8000FFF785FB05F1220120840220FFF77FFBF1
:10BA900005F1240160840220FFF779FB05F12601FE
:10BAA000A0840220FFF773FB05F12801E084022047
:10BAB000FFF76DFB208595F82A3084F82A3095F839
:10BAC0002B3084F82B30002038BD6FF00900FBE7E5
:10BAD000202838B50D46144632D90420FFF781FBE3
:10BAE000291D20600420FFF77CFB05F10801606040
:10BAF0000420FFF780FB05F10C01A0600420FFF794
:10BB000070FB05F11001E0600420FFF76AFB05F10E
:10BB1000140120610420FFF764FB05F11801606146
:10BB20000420FFF768FB05F11C01A0610420FFF76A
:10BB300058FBE06195F8203084F82030002038BDB3
:10BB40006FF00900FBE7372838B50D46144640F280
:10BB5000D0800220FFF71BFB2080AB7803F07F032F
:10BB6000A370EB7803F03F03E3702B7903F003033A
:10BB700023716B7903F001036371AB7903F03F0329
:10BB8000A371EB7903F03F03E37105F10801022093
:10BB9000FFF7FDFAC0F309002081AB7A03F003033D
:10BBA000A372EB7A03F00303E3722B7B03F00F0322
:10BBB00023736B7B03F007036373AB7B03F0010319
:10BBC000A373EB7B03F00303E3732B7C23746B7C85
:10BBD000637405F112010220FFF7D9FAC0F30B00DC
:10BBE000608205F116010220FFF7D1FA05F1180174
:10BBF000A0820220FFF7CBFAE082AB7E03F00103C4
:10BC00002376EB7E03F0070363762B7FA3766B7FAF
:10BC1000E376AB7F03F07F032377EB7F03F07F03B3
:10BC2000637795F8203003F00303A37795F821306C
:10BC300003F00F03E37795F8223084F8203095F86D
:10BC4000233084F8213095F8243084F8223095F898
:10BC5000253003F0010384F8233095F8263003F0F3
:10BC6000030384F8243095F8273003F01F0384F889
:10BC7000253095F8283003F01F0384F8263095F816
:10BC8000293003F01F0384F8273095F82A3003F099
:10BC9000010384F8283095F82B3003F0010384F871
:10BCA000293095F82C3003F0030384F82A3095F8F6
:10BCB0002D3003F03F0384F82B3005F12E010420D2
:10BCC000FFF78FFAC0F31100E06205F132010420A2
:10BCD000FFF787FA206395F8363003F0010384F804
:10BCE000343095F8373003F0010384F83530002004
:10BCF00038BD6FF00900FBE7302838B50D46144613
:10BD000040F29C800B7813704B7853708B78937053
:10BD100003310220FFF73BFAA0806B7903F07F0329
:10BD2000A371AB7903F00703E371EB7903F0070329
:10BD300023722B7A03F03F0363726B7A03F03F03A5
:10BD4000A372AB7A03F00103E372EB7A03F07F0393
:10BD500023732B7B03F0010363736B7B03F03F03BF
:10BD6000A373AB7B03F03F03E373EB7B23742B7C68
:10BD700063746B7CA374AB7CE374EB7C23752B7DC9
:10BD800063756B7DA375AB7DE375EB7D23762B7EB1
:10BD900063766B7EA376AB7EE376EB7E23772B7F99
:10BDA00063776B7FA377AB7FE377EB7F84F82030FB
:10BDB00095F8203084F8213095F8213084F822302D
:10BDC00095F8223084F8233095F8233084F8243015
:10BDD00095F8243084F8253095F8253084F82630FD
:10BDE00095F8263084F8273095F8273084F82830E5
:10BDF00095F8283084F8293095F8293084F82A30CD
:10BE000095F82A3084F82B3095F82B3084F82C30B4
:10BE100095F82C3084F82D3095F82D3084F82E309C
:10BE200095F82E3084F82F3095F82F3084F8303084
:10BE300095F8303084F83130002038BD6FF00900BB
:10BE4000FBE710B58EB00C4631230DF1070240F22E
:10BE50000F11F4F7DBFB28B922460DF10701312061
:10BE6000FFF74AFF0EB010BD37B590F870410D4690
:10BE700000230DF1070231218DF80730C4F30014BF
:10BE8000F4F7ECFB9DF8073084F00104E4B203F012
:10BE900001031A1B534253412B7003B030BD000005
:10BEA00008B5012016F0EFFD064B00221860202196
:10BEB0000A2016F0DBFC044B1860044B00221A70B9
:10BEC00008BD00BF6868002064680020606800202A
:10BED00008B50146054800231A46006816F0FEFC26
:10BEE00001281EBF024B01221A7008BD64680020A1
:10BEF0006068002008B50D4A536800200021C2E99F
:10BF00000001C3F30B0340F2A55293420CD1084B3E
:10BF10005B6FDB0008D50120FCF7B4F80A6882F3F8
:10BF200008884A681047FEE708BD00BF00C001202E
:10BF300000380240094B41F4B46141F00501C3E906
:10BF40000001BFF34F8F0649064BCA6802F4E06256
:10BF50001343CB60BFF34F8F00BFFDE700C001204C
:10BF600000ED00E00400FA0584B00023934202DBF8
:10BF7000012004B07047D0ED017A90ED027A84463A
:10BF800060EEA77ADCED006AE6EE807A0C30E7EE30
:10BF9000017AB1EC017A37EE217AB4EEE77AF1EE6C
:10BFA00010FA01D40133E1E70020E2E72DE9F04186
:10BFB0008CB016461A46129D8DED050A80460F4636
:10BFC000B0EE616ACDED060A8DED071AFFF7CCFFE2
:10BFD00008BB02EB42013346002481422ADC07EE13
:10BFE000902A26EE066AF8EEE77AB2EE047A67EE59
:10BFF000867ADDED066A9DED056A87EE870A0020E8
:10C000009DED077AA84271DA9FED3D2A4346BC4672
:10C010003446002163E005AB93E807000CAB03E96D
:10C0200007009DED090ADDED0A0A9DED0B1A0CB023
:10C03000BDE8F08143F8044B0130CEE7D4ED017A3E
:10C0400093ED011A94ED005AD3ED000AD4ED025A93
:10C05000D3ED021AFCEC014A36EEE73A76EE453AA9
:10C0600023EE014A77EE652AA3EEA04A01310C3493
:10C070000C33A2EEA14AF4EEC44AF1EE10FABEBFB0
:10C0800074EEC44AA1EE243AE0EEA43A73EE666A76
:10C09000B8BFE1EEA42A76EEA76A33EEC66A77EE61
:10C0A000E67A36EE056A32EEC77A35EE465A67EE24
:10C0B000A77A37EE257AE5EE057A75EEC75A04EDD4
:10C0C000036AE5EEA57A44ED026A32EE272A04ED12
:10C0D000017AF0EE436AB0EE627AB0EE636A9142A2
:10C0E000ACDBB4EEC02AF1EE10FA06D58DED096A8C
:10C0F000CDED0A6A8DED0B7A93E7013082E700BF40
:10C1000000000000F0B48CB004460E4610461946FC
:10C11000DDE910239FED417A9FED416AB0EE404A80
:10C12000F0EE604AB0EE415A8C4605460027BB420D
:10C1300047DCF7EE007AB4EEE77AF1EE10FA01DBB5
:10C14000002E67D060EEA06AD4ED0B5AE0EE006AD4
:10C15000E1EE016AB1EEE66A27EE067AF4EEC75A1E
:10C16000F1EE10FA1FDBDFED2E6A26EEE06AF0EE4C
:10C17000604AB0EE405AE1EE664A91EE265AA0EED1
:10C18000266AC7EE256AB0EE404A77EEE67A67EE99
:10C19000A77AA7EEA44AF0EE604AE7EE854AB0EE31
:10C1A000415AA7EE865AA56B1095D4ED0D1AB0EE44
:10C1B000440AF0EE640AB0EE451A0CB0F0BCFFF78A
:10C1C000F5BED5ED017A95ED003AD5ED023A67EE70
:10C1D000A06AE3EE006AE1EE236AF5EEC06AF1EED2
:10C1E00010FA12D967EE867ADCED005AE3EE067A91
:10C1F000E3EE867A75EEE77AC7EEA65AF4EEC75AF2
:10C20000F1EE10FA48BFB0EE657A01370CF1040C7C
:10C210000C358CE70CB0F0BC704700BF0000807F8D
:10C22000000000002DE9F04F2DED0E8B0546D5EDF9
:10C23000007AF7EE009A89EEA75AA7B0DDE93E69C9
:10C2400002F1060B90460C228A4602FB0BF2419942
:10C250000396B71806EB0B10D5ED017A91ED09AAFC
:10C26000D1ED0AAA91ED0BBA0590C9EEA75A07972E
:10C270003C4631460020D5ED027AC9EEA74AB6EE1B
:10C28000004AFFEE003A404503F10C0301F10C01B6
:10C29000C0F2F180A2F14803334495ED098AD5ED4F
:10C2A0000A7A48221846002128EE278A1CF0B6FE9A
:10C2B00022AA06921EAA0A9207EB880204921BAADF
:10C2C000099218AA089205F1180207EB88080B9248
:10C2D000069C05F10C02034608F10C080C92BFEE17
:10C2E000009AF1EE488A0B9A8DED1EAA07CA0DF14D
:10C2F000880C8CE80700069ACDED1FAAF2EC010A23
:10C300008DED20BA06920A9A0D93F2EC017AC3EDF4
:10C31000009A70EEE70AB0EE480A0A921BF02CFB76
:10C32000049BA3EC010A04930C9B8DED18AA93E8DF
:10C3300007001BAB83E80700099BCDED19AAF3ECBE
:10C34000010A8DED1ABA0993089BF3EC017A089360
:10C350000D9B70EEE70A83ED099AB0EE680A1BF0B8
:10C36000E3FA049B049AB1EE400A83ED020A0D9BA6
:10C37000904503F11003B6D199F8793095ED0D6A27
:10C3800099ED0FDAD9ED10CA99ED11CA99ED139A0A
:10C39000D9ED148A99ED158AF2EE04DA022B66EED5
:10C3A0002DDA40F0F480DFEDE0BAF0EE6D1A5A4677
:10C3B00039463046B0EE6B0AF0EE6B0AB0EE6B1AFF
:10C3C000CDED18BACDED19BACDED1ABAFFF7CCFD07
:10C3D000002800F0988095ED091A059B009321EE46
:10C3E000090A61EE280A32460121284621EE081A80
:10C3F000CDF804B03B46FFF785FEF0EE6D1A5A46C5
:10C4000039463046FFF7B0FD002800F0B980D5ED81
:10C41000097A89EEA78A28EE009A68EE208A28EE2B
:10C42000018A8AED00AACAED01AA8AED02BA0023A8
:10C430008DED1FDACDED20CA8DED21CA1EAD1E9304
:10C4400095E80F0009F138068DED1F9ACDED208A91
:10C450008DED218A84E80F0086E80F0095E80F0033
:10C4600009F1480584E80F0085E80F0027B0BDEC0E
:10C470000E8BBDE8F08F13ED027A53ED036A53ED96
:10C48000017A37EE6A7A76EECA6A27EE257A66EE88
:10C49000856A27EE076A77EECB7AA6EEA66A0130A8
:10C4A00067EEA47A25EE877AA7EEA76A65EE266A7C
:10C4B000F1EEC62A64EEA77A89EEA26AB0EE633A7C
:10C4C00027EE067A66EE866A67EE867A27EE076AB8
:10C4D000A2EE843AA6EEA66AA7EEA76AF1EEC62AF5
:10C4E00089EEA26A66EE277A66EE266A41ED017A47
:10C4F00026EE077A63EE067A41ED036A01ED027AD1
:10C50000E4EC017ABFE6AB6B059A0093F0EE461AB5
:10C51000394630465B46CDED1BBACDED1CBACDEDAC
:10C520001DBAFFF743FDF0EE6D1A5A463946304604
:10C53000B0EE409AF0EE608AB0EE418A8DED220AAC
:10C54000CDED230A8DED241AFFF70EFDC0B160EE8C
:10C55000A07AD5ED0A6AE0EE007AE1EE017AB1EE5A
:10C56000E77AF4EEC76AF1EE10FA7FF55AAFC6EE3D
:10C57000877A20EE279A60EEA78A21EE278A50E775
:10C58000B0EE6B8AF0EE6B8AB0EE6B9A49E7012B46
:10C590007FF44DAF7DEE4ABA3CEEEAEA7CEE4BEA20
:10C5A000059B0093B0EE6B0AF0EE4E0AB0EE6E1AE9
:10C5B000324600212846CDF804B03B46CDED12BAF4
:10C5C0008DED13EACDED14EAFFF79CFDF0EE6D1A48
:10C5D0005A4639463046B0EE405AF0EE605AB0EE58
:10C5E000416A8DED150ACDED160A8DED171AFFF78C
:10C5F000BBFCE0B99AED007ADAED016AB4EE667A36
:10C60000F1EE10FA0CD6DAED027AF4EE677AF1EE7A
:10C6100010FA05D6B0EE67BAF0EE66AAB0EE47AAF9
:10C620009FED418AF0EE488AB0EE489A20E0B5EEE0
:10C63000409AF1EE10FA09D1F5EE408AF1EE10FAC7
:10C6400004D1B5EE408AF1EE10FA0BD0F4EE45BA03
:10C65000F1EE10FA19D03AEE05AA7AEEA5AA3BEE51
:10C6600006BADDE73AEE00AA7AEEA0AA3BEE01BADE
:10C670008AED00AACAED01AA8AED02BAB0EE4BCA51
:10C68000F0EE6ACAB0EE4ADAD1E6B4EE65EAF1EE4F
:10C6900010FAE0D1F4EE46EAF1EE10FADBD19FEDAC
:10C6A000237A00232CE0039AD2ED017A92ED005A0E
:10C6B000D2ED025A68EEA76AE9EE056AE8EE256A4D
:10C6C000F5EEC06AF1EE10FA13D96EEE277A079AEA
:10C6D000EBEE857A92ED006AEEEEA57A76EE677A59
:10C6E00087EEA66AB4EEC76AF1EE10FA48BFB0EE64
:10C6F000467A039A0C320392079A04320133079266
:10C700009B45D0DCB4EEE97AF1EE10FA05D529EEBE
:10C71000079A68EE878A28EE078AB0EE4CBAF0EEE8
:10C720006CAAB0EE4DAAA3E7000000000000807FD5
:10C7300070470120704700002DE9F04F244B1B7813
:10C7400087B0074688469146002B3DD017F05AF82F
:10C75000DFF888B0DFF87CA0DBF830200025064643
:10C760002C46E8B2059205F029FD059AD0B1037870
:10C77000C3B1002A05DB4368DBF83010F31A8B42A3
:10C7800010D804EB44030AEB8301D0F808C0C1F8C9
:10C7900000C0D0F80CC0C1F804C00AEB83030169E3
:10C7A0009960013401350A2DDBD10A4B0A490B4847
:10C7B000CDE900372246CDE90289FFF733FD17F0B6
:10C7C00021F8074B801B186007B0BDE8F08F00BF51
:10C7D000306A002070680020200B00202C0B002005
:10C7E0006C68002013B5002300931B4A1B4B1C4CA4
:10C7F0008021012015F0ECFF206020B919491A486A
:10C800003C2212F0A7F800231A4618492068184C59
:10C8100016F064F800230093164A174B04210120F8
:10C8200015F0D6FF206020B90E491448402212F0BE
:10C8300091F800231A461249206816F04FF801F0CB
:10C840006DFC01F07FFA16F0DDFF0E4B18600E4B09
:10C8500001221A7002B010BD5C5D00100C5D00106A
:10C86000386A0020E5CB030804CC0308F40504086B
:10C87000346A0020085D0010B85C001012CC030878
:10C88000F0050408406A0020DB1E002030B5154D7D
:10C8900085B0044601912868002203A916F028FB00
:10C8A000012804D0104911484F2212F053F8019A80
:10C8B000039B9A4214DB16F0A5FF20600C4802236C
:10C8C00000222146006816F009F802232868002299
:10C8D00001A916F003F8019B012B01DD01F0AAFB71
:10C8E00005B030BD346A0020E5CB030820CC030836
:10C8F000386A002007B5074801F06EFA06480123A0
:10C9000001930022022301A9006815F0E7FF03B09C
:10C910005DF804FB446A0020346A002038B5084BF7
:10C9200004460D4600220146186816F0E1FA054B50
:10C9300022681A60294650220348E7F7B1FD38BD46
:10C94000386A0020406A0020446A0020014B1878B1
:10C95000704700BFDB1E002008B516F053FF024BE6
:10C960001B68C01A08BD00BF406A002007B5084B0D
:10C970000022186801A916F0BBFA012804D0054965
:10C9800005487E2211F0E6FF019803B05DF804FB34
:10C99000346A0020E5CB030820CC030810B50C4C0A
:10C9A00023789BB9F2F776FBF6F792F9F6F778FA67
:10C9B00002F016FA02F056FA06F0C2F803F0C0FCD4
:10C9C00005F0B0FB01F006FF0123237010BD00BF8E
:10C9D000DC1E002038B50B4B1D78F6F743F90446F2
:10C9E00002F048F9044002F059FA2C40044006F0E5
:10C9F000C7F8044000F03AF8044005F0B5FB2040C9
:10CA000038BD00BFDC1E002008B5054802F088F9DB
:10CA1000012804D1024A00231370024A137008BD92
:10CA2000996A0020986A002038B50C4D2C78A4B97A
:10CA30000B4B0322214601201C705C7015F016FF81
:10CA4000084A106020B123462246214615F046FFD1
:10CA5000054B00221A7001232B7038BDDD1E00200B
:10CA6000996A0020946A0020986A0020014B187887
:10CA7000704700BFDD1E002037B50C4D044601AAEB
:10CA80002868002116F0CEFA01280CD1084A28683F
:10CA900013781D2B9EBFD11801338C7001A998BF4C
:10CAA000137016F06BF8204603B030BD946A002076
:10CAB000996A0020F8B52A4B5A682A4B1B7804461D
:10CAC000002B4BD0C2F308021AB1BDE8F840FFF7C3
:10CAD000D3BF254D4FF0FF31286816F049F90128E2
:10CAE0002ED1224F3B7803BB214E33781D2B29D901
:10CAF00002F004F9012813D132786AB3531E1E44A0
:10CB0000B1780A2918BF134605331D2B88BF1E2391
:10CB1000184A194998180E680979D6500171D370CE
:10CB200001233B70FFF770FF04E0FFF76DFF3B78D8
:10CB3000002BD9D0002328681A46194615F0CEFEDE
:10CB4000E0B2F8BDF2180133DBB20A2C94703370F6
:10CB5000CED01E2BEED1CBE70523D9E71846F0E760
:10CB600000ED00E0DD1E0020946A0020986A00209D
:10CB7000996A0020966A002035CC0308704701238B
:10CB800040F2011180F87930A0F87A101168C16381
:10CB9000516801649168416480F87E30D368036114
:10CBA000704700000F2B38B50446154604D01349D2
:10CBB00013486D2211F0CEFEAB7B012B14D140F255
:10CBC0000223A4F87C302B68A3616B68E361022325
:10CBD00084F87E30AB682362AB8907EE903AF8EEBA
:10CBE000677AC4ED0D7A38BD40F20113A4F87C30A9
:10CBF0002B68A3606B68E360E9E700BF3ACC0308E9
:10CC000066CC0308102B38B50446154605D00D49EF
:10CC10000D4840F2991211F09DFE012284F87B200C
:10CC2000EB686364022384F87E30A968216284F88B
:10CC3000793084F87A302B68E3646B68236584F874
:10CC4000782038BD3ACC03088FCC0308102B38B5B8
:10CC50000446154604D00C490C48C72211F07AFE50
:10CC6000012384F87B30EB686364022384F87E3010
:10CC7000AB68236240F20113A4F87C302B68A360F8
:10CC80006B68E36038BD00BF3ACC0308B7CC03083B
:10CC9000102B38B50446154604D00B490B48932297
:10CCA00011F058FE022340F2022284F87930A4F8F1
:10CCB0007A202A68E2646A682265AA68626584F854
:10CCC0007E30EB68236238BD3ACC0308E3CC03081E
:10CCD000102B38B50446154605D0104910484FF4BE
:10CCE000D97211F037FE012184F87B10EB68636480
:10CCF000022384F87E30AA6884F8793007EE902AFF
:10CD0000F1EE677AC4ED087A84F87A302B68E36430
:10CD10006B68236584F8781038BD00BF3ACC0308EF
:10CD20008FCC0308102B38B50446154605D00C49A6
:10CD30000C484FF4BB7211F00DFE022384F87B30D7
:10CD4000EA68626584F87E30AB68236240F20113C2
:10CD5000A4F87C302B68A3606B68E36038BD00BF2B
:10CD60003ACC03080ECD0308082B38B50446154607
:10CD70000CD8554955484FF49E7211F0EBFD5249BD
:10CD800053484FF49F7211F0E5FD07E01178092236
:10CD900001F00F0102EB41029A42F0D12B781B0700
:10CDA00068D0B5F8093040F2DB52934294BF0023BB
:10CDB0000123002284F87920A4F87A200222DFEDF2
:10CDC000456ADFED457A84F87E20002B54D040F28E
:10CDD0000113A4F87C30B5F8013007EE103AB8EE34
:10CDE000477A3E4B37EE667A87EE276A93ED007AF4
:10CDF00026EE477A84ED027AB5F8033007EE103A52
:10CE0000B8EE477A364B37EE667A87EE276A93EDAF
:10CE1000007A26EE477A84ED037AB5F8053007EEFE
:10CE2000103AB8EE477A2F4B37EE667AC7EE276A8C
:10CE3000D3ED007A66EEE77ADFED2B6AC4ED087A6F
:10CE4000B5F8073007EE903AF8EE677A77EEE67AB3
:10CE500087EEA67ADFED257A67EE277A9FED247AB2
:10CE6000F5EEC07AF1EE10FA48BFF0EE477AC4ED65
:10CE70000D7A38BD01239CE740F20223A4F87C30F0
:10CE8000B5F8013007EE103AB8EE477A194B37EE95
:10CE9000667A87EE276A93ED007A26EE477A84ED6C
:10CEA000067AB5F8033007EE103AB8EE477A124B1F
:10CEB00037EE667A87EE276A93ED007A26EE477A98
:10CEC00084ED077AA9E700BF3ACC030838CD030800
:10CED00045CD03080080BB440000FA43740B0020DA
:10CEE000700B00206C0B002000007A4400FF7F478D
:10CEF000000000007C0B0020780B0020102B38B5C0
:10CF00000446154604D00E490E48E22211F022FDD7
:10CF1000012384F87B30EB686364022384F87E305D
:10CF2000AB6807EE903A40F20113F1EE677AC4ED78
:10CF3000087AA4F87C302B68A3606B68E36038BD86
:10CF40003ACC0308B7CC0308102B38B50446154675
:10CF500004D00E490E48A92211F0FCFC022340F235
:10CF6000022284F87930A4F87A202A68E2646A6898
:10CF70002265AA68626584F87E30EB6807EE903A15
:10CF8000F1EE677AC4ED087A38BD00BF3ACC0308E9
:10CF9000E3CC03081C2B70B50446154605D0624946
:10CFA000624840F2D71211F0D5FC012384F87930A1
:10CFB000B5F90020DFED5E7ADFED5E5A07EE102A4C
:10CFC000B8EEC77A04F12400C7EE276A2146C4ED03
:10CFD0000F6AB5F9062007EE102AB8EEC77AC7EE39
:10CFE000276AC4ED136AB5F90C2084F87A3007EE8D
:10CFF000102AB8EEC77AC7EE276A9FED4F7AC4EDC4
:10D00000176A84ED1B7AB5F9022006EE902AF8EE35
:10D01000E66A86EEA76A84ED106AB5F9082006EE86
:10D02000902AF8EEE66A86EEA76A84ED146AB5F9EE
:10D030000E2084ED1C7A06EE902AF8EEE66A84F85B
:10D040007B3086EEA76A032284ED186AB5F90430B6
:10D0500006EE903AF8EEE66A86EEA76A84ED116A6B
:10D06000B5F90A3006EE903AF8EEE66A86EEA76A5F
:10D0700084ED156AB5F9103084ED1D7A06EE903A0C
:10D08000F8EEE66A86EEA76ADFED2C6A84ED196A8F
:10D09000B5F916309FED2A6A07EE903AF8EEE77A76
:10D0A00067EEA67AC4ED067AB5F9183007EE903A25
:10D0B000F8EEE77A67EEA67AC4ED077AB5F91A308A
:10D0C00007EE903AF8EEE77A67EEA67AC4ED087AB2
:10D0D000D5F812309D0F954213D0C3F3080C06EE1D
:10D0E00090CAF8EEE66A9E0A66EE866A9B05C6EE70
:10D0F000A57A334648BFF1EE677AA7EEA77AC1ED6D
:10D100000C7A013A561CA1F10401E4D1F7EE007A41
:10D1100077EEC77A00EB8503B1EEE77A83ED007A0C
:10D120004FF08073E36770BD3ACC030873CD0308FA
:10D1300000007A440080FF4300000000FAAE6A3D20
:10D14000F304353F2DE9F0410B7806460C462BB928
:10D150001349144840F2212211F0FCFB124BA7782E
:10D160001D68002DB8BF0C254FF080024FF0000164
:10D170003046B8BF1D601BF051FFAF420DDA0B4BBC
:10D1800053F827504DB12246394612F8033B30463A
:10D19000AC46013BBDE8F0416047BDE8F08100BF0F
:10D1A0003ACC03089FCD0308680B002074070408DD
:10D1B00030B1044B1B781840003818BF012070476D
:10D1C000012070476571002070B5254B1B7805461E
:10D1D000002B3ED10078FFF7EBFF0446A0B3214EB1
:10D1E0004FF0FF31306815F0C3FDF8F7F3FBE7F7B8
:10D1F000F9FB19A3D3E90023E7F754FDE7F7E2FEB3
:10D20000194BD3ED001A6B7A03EE900AF3B9D5F8F7
:10D210000520164BD5F80A1093ED000AD3ED010A4C
:10D2200093ED021A124802EE902AD5F8012003EE7F
:10D23000101A02EE102A05F0EDF8002304461A46F3
:10D240003068194615F04AFB204670BD11EE902A51
:10D25000DFE71024F8E700BF0000000080842E41C3
:10D26000647100207C7000204871002058710020FB
:10D27000687100200000000070B5254B1B78054642
:10D28000002B3ED10078FFF793FF0446A0B3214E58
:10D290004FF0FF31306815F06BFDF8F79BFBE7F7B7
:10D2A000A1FB19A3D3E90023E7F7FCFCE7F78AFE0B
:10D2B000194BD3ED001A6B7A03EE900AF3B9D5F847
:10D2C0000520164BD5F80A1093ED000AD3ED010A9C
:10D2D00093ED021A124802EE902AD5F8012003EECF
:10D2E000101A02EE102A05F0AFF8002304461A4681
:10D2F0003068194615F0F2FA204670BD11EE902AFA
:10D30000DFE71024F8E700BF0000000080842E4112
:10D31000647100207C70002048710020587100204A
:10D32000687100200000000070B5314B1B78054685
:10D33000002B54D10078FFF73BFF0446002849D06A
:10D340002C4E4FF0FF31306815F012FDF8F742FB1C
:10D35000E7F748FB24A3D3E90023E7F7A3FCE7F7AB
:10D3600031FE254BD3ED001AAB7A03EE900A9BBB3E
:10D37000D5F80620D5F80130697902EE103A1F4B36
:10D38000D3ED027A09B132EE272AD5F80B1093EDCE
:10D39000000AD3ED010A93ED021A194803EE101AA0
:10D3A000B5EEC03AF1EE10FAD8BF164972EE677AC0
:10D3B000D8BF91ED003AF0EEE77A02EE902A87EEC0
:10D3C000833A05F027F8002304461A4630681946C8
:10D3D00015F084FA204670BD11EE902ACAE7102499
:10D3E000F8E700BFAFF300800000000080842E410A
:10D3F000647100207C70002048710020587100206A
:10D4000068710020840B002070B5314B1B780546F5
:10D41000002B54D10078FFF7CBFE0446002849D0FA
:10D420002C4E4FF0FF31306815F0A2FCF8F7D2FA1D
:10D43000E7F7D8FA24A3D3E90023E7F733FCE7F7AB
:10D44000C1FD254BD3ED001AAB7A03EE900A9BBBCE
:10D45000D5F80620D5F80130697902EE103A1F4B55
:10D46000D3ED027A09B137EEC22AD5F80B1093ED4D
:10D47000000AD3ED010A93ED021A194803EE101ABF
:10D48000B5EEC03AF1EE10FAD8BF164972EE677ADF
:10D49000D8BF91ED003AF0EEE77A02EE902A87EEDF
:10D4A000833A04F0D1FF002304461A463068194637
:10D4B00015F014FA204670BD11EE902ACAE7102428
:10D4C000F8E700BFAFF300800000000080842E4129
:10D4D000647100207C700020487100205871002089
:10D4E00068710020800B002070B52DED028B424B3F
:10D4F0001B7884B00546002B78D10078FFF758FEE2
:10D50000044600284FD03D4ED5F80210D5F806202D
:10D51000D5F80A30306801914FF0FF310292039341
:10D5200015F026FCF8F756FAE7F75CFA30A3D3E9D2
:10D530000023E7F7B7FBE7F745FD08EE100A304890
:10D5400004F034FF002833D02E4B2F4C9DED010A00
:10D55000DDED020A9DED031A93E8070084E8070059
:10D560002A4A07CA04F10C0383E80700284B244821
:10D570001B68E363D5F812306A7802EE103AD5F8EA
:10D580000E3001EE903A0023D21AF0EE482A18BF6E
:10D590000122214604F074FF002304461A46306835
:10D5A000194615F09BF9204604B0BDEC028B70BD06
:10D5B000134804F0F3FE02460028C5D1D5F8123016
:10D5C00069789DED010ADDED020A9DED031A0C4814
:10D5D00002EE103AD5F80E30003901EE903AF0EE36
:10D5E000482A18BF012105F00DF8D5E71024DAE725
:10D5F0000000000080842E41647100207C700020B7
:10D6000068710020587100203C6B00204C71002094
:10D61000487100200000000070B52DED028B464BD4
:10D620001B7884B00446002B7DD10078FFF7C0FD45
:10D6300000287AD0414ED4F80310D4F80720D4F84B
:10D640000B30306801914FF0FF310292039315F0D7
:10D650008FFBF8F7BFF9E7F7C5F935A3D3E9002346
:10D66000E7F720FBE7F7AEFC08EE100A344804F0B9
:10D670009DFE002836D0334B334D9DED010ADDED84
:10D68000020A9DED031A93E8070085E807002F4A78
:10D6900007CA05F10C0383E807002D4B28481B68D7
:10D6A000EB63D4F81310A3786278003B02EE101AF3
:10D6B000D4F80F1018BF0123003A01EE901AF0EED3
:10D6C000482A18BF0122294604F0DAFE0023044646
:10D6D0001A463068194615F001F9204604B0BDEC31
:10D6E000028B70BD164804F059FE0028C3D1D4F84F
:10D6F0001330A27861789DED010ADDED020A9DEDFF
:10D70000031A0F48003A02EE103AD4F80F3018BF4F
:10D710000122003901EE903AF0EE482A18BF0121AB
:10D7200004F070FFD2E71024D7E70446D5E700BF26
:10D730000000000080842E41647100207C70002075
:10D740006871002058710020FC6A00204C71002094
:10D7500048710020000000002DE9F843304B1F788D
:10D760000546002F55D10078FFF722FD044600281A
:10D770004CD02C4E2C4C30684FF0FF3115F0F8FA9D
:10D78000F8F728F9294B8046894693E8070084E892
:10D790000700274A07CA04F10C0383E80700254B5A
:10D7A0001B68E36340464946E7F71CF91AA3D3E92F
:10D7B0000023E7F777FAE7F705FCD5F81310AB7805
:10D7C0006A7802EE101AD5F80F1001EE901AD5F80B
:10D7D0000B1001EE101AD5F80710003B00EE901A5E
:10D7E000D5F8031018BF0123003A02EE900A00EEAC
:10D7F000101A18BF012221460F4804F033FF3B46A0
:10D8000004463A463068394615F068F82046BDE8C7
:10D81000F8831024FAE700BF0000000080842E4146
:10D82000647100207C700020BC6A002058710020C8
:10D830004C71002048710020687100200000000039
:10D840002DE9F743564B1C780546002C40F09C8090
:10D850000078FFF7ADFC002800F098802B791E2B94
:10D860004BD8504AC3EBC303D618D35C012B44D129
:10D870007778002F45D1DFF844814B4CD8F8000071
:10D880004FF0FF3115F074FAF8F7A4F8E7F7AAF8AB
:10D8900041A3D3E90023E7F705FAE7F793FB2060FC
:10D8A000D5F805306360B3792376D6F802303F4A65
:10D8B0003F491344E361A8786B78EA78003818BFD1
:10D8C00001200090003B3B4891ED000AD0ED001A8A
:10D8D000D1ED010A91ED021A374818BF0123003A31
:10D8E000214618BF012205F027F80446D8F80000A9
:10D8F0003B463A46394614F0F1FF204603B0BDE8F6
:10D90000F083012FF9D1D5F8053007EE103AF7EE84
:10D91000007AB4EE677AF1EE10FA39D195F8038007
:10D92000B8F1000F34D1254F254C38684FF0FF3146
:10D9300015F01EFAF8F74EF8E7F754F816A3D3E9F6
:10D940000023E7F7AFF9E7F73DFBD6F802301749B8
:10D9500081461944204605F0A7FBC4F800906A7878
:10D96000134B154893ED000AD3ED010A93ED021A0B
:10D97000003A214618BF012205F030F8434604461C
:10D98000424638684146B6E71024B6E70446B4E795
:10D990000824B2E7AFF300800000000080842E412D
:10D9A000647100201472002028710020F0720020A1
:10D9B0005871002048710020687100207C700020A0
:10D9C0008070002010B5FFF7F3FB80B1084C4FF0DA
:10D9D000FF31206815F0CCF9064804F0A9FC0023BB
:10D9E00020681A46BDE81040194614F077BF10BDF4
:10D9F0007C700020687100202DE9F04F08208BB06A
:10DA000001F03EF9C2A7D7E90067C34DDFF82883CC
:10DA100002A9082001F04EF99DF80A300D2B00F202
:10DA20007381DFE813F00E001C0056009F00A40075
:10DA3000B3005F018A00900095009A00AE00A90033
:10DA40005A01B64B9DF80B201A700024042302A83B
:10DA50008DF80D408DF8083001F084F9D8E798F87A
:10DA600000A0BAF1000F40F04D819DF80B00FFF7C8
:10DA70009FFB0028E9D0DFF8C4924FF0FF31D9F8BE
:10DA8000000015F075F9F7F7A5FFE6F7ABFF324692
:10DA90003B46E7F707F9E7F795FAA14BA14A9DED59
:10DAA000043ADFEDA12A9DED032AD2ED001A93ED91
:10DAB000000AD3ED010A93ED021A03EE900A9B4887
:10DAC00004F0A8FC04465346D9F8000052465146DB
:10DAD000BDE098F800A0BAF1000F40F013819DF866
:10DAE0000B00FFF765FB0028AFD0DFF850924FF036
:10DAF000FF31D9F8000015F03BF9F7F76BFFE6F7B7
:10DB000071FF32463B46E7F7CDF8E7F75BFA844B07
:10DB1000844A9DED043ADFED842A9DED032AD2ED7F
:10DB2000001A93ED000AD3ED010A93ED021A03EEF9
:10DB3000900A7E4804F088FCC4E70DF10B00FFF763
:10DB400043FB044682E70DF10B00FFF795FBF8E776
:10DB50000DF10B00FFF7E8FBF3E70DF10B00FFF70A
:10DB600053FCEEE79DF80B00FFF72CFF6DE70DF17E
:10DB70000B00FFF7B9FCE4E70DF10B00FFF74CFDDC
:10DB8000DFE70DF10B00FFF7E7FDDAE798F800306B
:10DB9000002B40F0B7809DF80B00FFF709FB002831
:10DBA0003FF453AF9DF80E301E2B3FF64EAFC3EB44
:10DBB000C303EC18EB5C012B7FF447AF94F80190A2
:10DBC000B9F1000F46D1DFF874A1DFF874B1DAF8CB
:10DBD00000004FF0FF3115F0CBF8F7F7FBFEE6F74A
:10DBE00001FF4BA3D3E90023E7F75CF8E7F7EAF975
:10DBF000CBF80000DDF80F30CBF80430A3798BF8B8
:10DC00001830D4F802304A4A454946481344CBF804
:10DC10001C309DF80C309DF80D20CDF80090003B95
:10DC200018BF0123003AD0ED001A91ED000AD1EDA2
:10DC3000010A91ED021A3D4818BF0122594604F02D
:10DC40007BFE0446DAF800004B464A46494614F08B
:10DC500045FEFBE6B9F1010F7FF4F7AEDDF80F30BA
:10DC600007EE103AF7EE007AB4EE677AF1EE10FAAA
:10DC70004AD19DF80DA0BAF1000F45D1DFF8BC9054
:10DC80004FF0FF31D9F8000015F072F8F7F7A2FE57
:10DC9000E6F7A8FE1EA3D3E90023E7F703F8E7F7AA
:10DCA00091F9D4F802302249224C83461944204687
:10DCB00005F0FAF99DF80C20194B1C4893ED000A69
:10DCC000D3ED010A93ED021AC4F800B0003A18BF70
:10DCD0000122214604F082FEF4E60DF10B00FFF76D
:10DCE000AFFD2EE79DF80B301E2B0DD8C3EBC30301
:10DCF000EA180398E850BDF810109DF81230918092
:10DD00009371A2E61024A1E608249FE6AFF30080F9
:10DD10000000000080842E411472002065710020F4
:10DD20005871002048710020000000006871002038
:10DD3000F072002080700020647100207C70002050
:10DD40002871002030B5174D2C7885B03CBB1648A3
:10DD500003F002F8154804F0E3FA154B0293154B53
:10DD6000019302234FF496721349009313482346FC
:10DD700015F074FB1249012014F070FE114B18606D
:10DD8000114B00221A605A609A60104B1A605A6058
:10DD90009A600F4B1A600F4B1C7001232B7005B05B
:10DDA00030BD00BFDE1E00206CFB03086871002040
:10DDB000DC5D00107C6B0020ACCD0308F9D90108B4
:10DDC0002C7000207C700020587100204C710020C5
:10DDD000487100206471002070B5134D04464FF067
:10DDE000FF31286814F0C4FF104BA16AE26A606A30
:10DDF000186059609A60D4ED037A0D4B9FED0D7A4F
:10DE0000A16BE26B606B186059609A6067EE877A6D
:10DE1000094B2868C3ED007A0023BDE870401A461C
:10DE2000194614F05BBD00BF7C70002058710020C3
:10DE30004C71002035FA8E3C487100200000000033
:10DE40002DE9F0410A230D46B2FBF3F101FB132744
:10DE500090B00446002F3FD1DFF868814FF0FF31CA
:10DE6000D8F8000014F084FFF7F7B4FDE6F7BAFD28
:10DE700052A3D3E90023E6F715FFE7F7A3F84849D3
:10DE800000EE100A684604F096FAD8F800003B4607
:10DE90003A46394614F022FD414804F087FAE8B1C9
:10DEA000404BA96AEA6A686A186059609A60D5EDC1
:10DEB000037A3D4B9FED3D7A686BA96BEA6B186066
:10DEC00067EE877A59609A60394B3548C3ED007A1E
:10DED00004F064FA002855D1002059E0304804F0DD
:10DEE0005DFA0028DCD1684605F07CFC002852D0A1
:10DEF000DFED307ADDED0F6A009BE36326EEA77A53
:10DF0000019B236484ED047A029B9DED0C7A63648B
:10DF1000039BE36427EE277A049B2365059B6365D7
:10DF200084ED067A01239DED0D7A84F8793040F274
:10DF3000011327EE277AA4F87A304FF48033E36791
:10DF4000069B84ED077AE3659DED0E7A079B2366B9
:10DF5000089B636667EE277A099BE3660A9BC4ED1C
:10DF6000087A23679DE807000B9B63670D4B83E8E6
:10DF7000070003AA07CA0C4B83E807000C4BC3ED4C
:10DF8000006A04E00C4980222046E6F789FA012065
:10DF900010B0BDE8F081024804F005FA9CE700BF2C
:10DFA00068710020587100204C71002035FA8E3CB9
:10DFB00048710020E02E654274060408000000004D
:10DFC00080842E417C7000201FB50023CDF80530E1
:10DFD000CDF80130ADF8093010EE103ACDF802302E
:10DFE00001238DF80B3010EE903A8DF806000DF1FC
:10DFF00001000393FFF798F905B05DF804FB1FB526
:10E000000023CDF80530CDF80130ADF8093010EE21
:10E01000103ACDF8023001238DF80B3010EE903A13
:10E020008DF806000DF101000393FFF7EDF905B03F
:10E030005DF804FB08B50020FFF7C4FC002008BD14
:10E04000F8B5104F0446D0B13B78C3B90E4804F080
:10E05000ADF906460C4804F0A1F905467EB970B941
:10E060000A4E4FF0FF31306814F082FE064804F08B
:10E070005FF930682B462A46294614F02FFC3C7085
:10E080000020F8BD64710020687100207C700020C1
:10E0900008B50B461146C218B2F5805F06D81A467D
:10E0A000034B1844E6F7FCF9012008BD0020FCE70B
:10E0B000F072002008B5034610465A18B2F5805F8A
:10E0C00008D80A4604491944E6F7EAF9003818BFA7
:10E0D000012008BD0020FCE7F0720020014B1878F9
:10E0E000704700BF6871002008B5F7F773FCE6F7CA
:10E0F00079FC08A3D3E90023E6F7D4FDE6F762FF35
:10E10000BDE8084000EE100A014804F015B900BF50
:10E11000687100200000000080842E4110B5084C7A
:10E1200023785BB900F06AFD0649032000F0F0FD9A
:10E130000449072000F0ECFD0123237010BD00BF4F
:10E14000DF1E002069E10108042908B504D0044954
:10E150000448632210F0FEFBBDE80840FEF7CABB8E
:10E16000B2CD0308D6CD030808B5437803F0F30217
:10E17000302A014608D1104800F020F8BDE80840D8
:10E180000D480221FEF782BB03F0F002702A04D191
:10E1900013F0030302D0012B04D008BD0648FEF79C
:10E1A000D1FFEBE78378002BF7D110F8031BBDE814
:10E1B00008400139FFF7C8BFF0820020F8B50446D7
:10E1C0000E46FEF7D3FB784B08B901221A70F78987
:10E1D0000025002F61D11F709FED740A744B84EDF0
:10E1E0000D0A1A78734B002A66D01A785AB99FED37
:10E1F0006F1A0122F0EE410AB0EE410A1A700EF0D9
:10E2000085FA0EF0B7FA07EE907A9FED6B7A6563A8
:10E21000F8EE677A022377EEC77A84F87B30C7EE90
:10E22000876AC4ED156A654B1A78654B1978B31C7B
:10E23000002945D0022184F8791084F87A10002151
:10E24000A4F87C10596807EE101AF3EE0E7A87EEE8
:10E25000277A84ED137AD6F80210A56007EE101A1B
:10E2600087EE277AE56084ED147A002A50D1554A6A
:10E270001278002A40F090809B6807EE903A524B4B
:10E280001B78F1EE677AC4ED087A002B6BD0012B76
:10E290006FD0022384F87E303AE01B78002B9BD1AC
:10E2A000B7F57A7F98D307EE907ADFED480AB8EE9B
:10E2B000670A19F061FB91E784F87B201A70B2E7D6
:10E2C0003AB3F08928B3012240F2011084F8792092
:10E2D000A4F87A00A4F87C1084F87E205A68DFED58
:10E2E0003C6A07EE902AF1EE677AC4ED0F7AD6F811
:10E2F00002202264F289A56007EE902AF8EEE77A00
:10E30000E56087EEA67A84ED117A9B6823616563E8
:10E31000F8BD002184F8791084F87A102D49097825
:10E32000A1B9022184F87C10D6F80210A161002165
:10E33000A1602949097881B9022184F87D105968C2
:10E34000E1610021E160E56425658EE7012184F843
:10E350007C10A561D6F80210EAE7012184F87D104F
:10E36000E5615968EEE71D491D486D2210F0F2FA8B
:10E370008FE79FED1C7AD4ED037AD4ED026A67EE45
:10E38000877AB0EE676A96EE876AE6EE877A84ED62
:10E39000026AC4ED037A7CE7012284F87E202562BC
:10E3A0009B682361B4E700BF880B002000000000D9
:10E3B000738300207083002000FEFF4671830020DD
:10E3C0007283002074830020890B002000606A475C
:10E3D00000007A448B0B00208A0B00200ACE030831
:10E3E000F6E60308F304353F044A054B116819604B
:10E3F0005168926859609A60704700BF7884002025
:10E40000548400202DE9F041064688B000240127FD
:10E41000C0F30F4807FA04F291B202EA0802003A88
:10E4200001EA060118BF0122003918BF0121E0B23C
:10E430000BF0B6F9054610B10134042CEAD10021E5
:10E440001F220DF101001AF0E9FD02238DF80030C2
:10E4500006224FF0010362F307138DF8013068467E
:10E460000B238DF802308DF8035000F07BFC08B0D0
:10E47000BDE8F08110B5C4B20122002120460BF0A6
:10E480008FF930B9621C03490348BDE8104010F011
:10E49000F3BE10BD14E30308B5CA010830B5084D3A
:10E4A0008DB002238DF800300FCD01AC0FC40FCD1D
:10E4B0000FC42B68236068460FF032FB0DB030BDEF
:10E4C0005484002030B5074D8DB001238DF8003005
:10E4D0000FCD01AC0FC42B68236068460FF020FB02
:10E4E0000DB030BD788400202DE9F0412DED028B78
:10E4F0004378C3F3010203F00303012B04461BD04E
:10E50000022B00F00681002B3FD1A44BD0F8021063
:10E510001960D0F806105960D0F80A109960A04927
:10E520001A740968D960FFF75FFFFFF7CBFF15F09A
:10E5300069F99C4B188028E0027832B38378023B5B
:10E54000092B22D8DFE803F0051E252121212A49C5
:10E5500021D9012A19D0011D023AC078EAF734FB0B
:10E56000032323706378207103F00C0343F06103ED
:10E5700063700223A370BDEC028B2046BDE8F0411E
:10E5800000F0CEBB884B01221A70BDEC028BBDE8B7
:10E59000F08115F037F9854B1860F6E7844BD0F819
:10E5A00003201A60D0F807205A60D0F80B209A6038
:10E5B000D0F80F20DA60D0F813201A61D0F81720B5
:10E5C0005A61D0F81B209A61754A1268DA61794A5B
:10E5D00012681A62FFF762FFA9E79FED778ADFED05
:10E5E000778A013A0B230026B2FBF3F2D5B2F3B2DD
:10E5F0009D42CAD9B4F90430E17807EE903A684BED
:10E6000018686F4B1B78F8EEE77A994287EE887AA4
:10E6100004F1030255D1664B1F4683ED007AB2F92F
:10E620000310DFED686A9FED686A07EE901AF8EE56
:10E63000E77A87EE887A83ED017AB2F9051007EE62
:10E64000901AF8EEE77A032187EE887A83ED027A52
:10E65000D2F807204FEA927C8C4514D0C2F3080808
:10E6600007EE108AB8EEC77A4FEA922E27EE287A84
:10E670009205C7EE067A724648BFF1EE677AE7EE7A
:10E68000A76AC3ED067A0139B1F1FF3FA3F1040394
:10E69000E2D1F7EE007A77EEE67A4C4BB1EEE77A0C
:10E6A00003EB8C0383ED007A424BF8611B683B62FD
:10E6B000FFF7F4FE15F0A6F83A4B188001360B343C
:10E6C00095E7364981ED007AB2F9033007EE903ACA
:10E6D000F8EEE77A87EE887A81ED017AB2F90530B3
:10E6E000C86007EE903AF8EEE77A87EE887A81ED17
:10E6F000027AE07803F042FDE0E7042A7FF645AFB6
:10E70000BDEC028BD0F803103148BDE8F04107F0B2
:10E710008BBD9FED298A224F14F8025B0026072348
:10E72000B5FBF3F5F3B29D427FF62FAFB4F901309C
:10E7300007EE903AF8EEE77A184B87EE887A83ED89
:10E74000007AB4F9032007EE902AF8EEE77A87EE14
:10E75000887A83ED017AB4F9052007EE902AF8EE65
:10E76000E77A1A4687EE887A83ED027A3B68D360AF
:10E7700000231374124B20781B7883420AD1FFF7D1
:10E7800033FEFFF79FFE15F03DF8064B188001366B
:10E790000734C7E7014903F0F1FCF8E7788400206B
:10E7A000900B00207E8300207C8300207883002053
:10E7B000548400208C0B002000007A44F304353F81
:10E7C00080830020000000000080FF436084002060
:10E7D00005E4010810B50E4C2378C3B910F0FCFA1B
:10E7E0000C4B0D491870062000F092FA0B490C48AA
:10E7F00003F05AF90B4BC0F3072218705A70C0F39C
:10E800000742C0F307609A70D8700123237010BDCF
:10E81000E01E002080830020E9E4010833CE0308D5
:10E820005FA203088283002070B5154C2378052B66
:10E8300010EE105A064605D9124913484FF4BB7220
:10E8400010F088F8114B1B78C3B12378104803EB04
:10E85000830101330144DBB2042BCE704D60237081
:10E860000CD91A230370437803F00C0343F06103BF
:10E8700000254370857000F053FA257070BD00BF0D
:10E88000318400203FCE03086ECE03083084002080
:10E89000328400202DE9F04F2DED028B784B1B7850
:10E8A00083B004460D469146002B45D0502606FB0A
:10E8B000001696ED028A734F18EE103AF8707B60DE
:10E8C0004FF0000896ED070A38EE400A10F08EFD72
:10E8D00007EB480308F10108B8F1030F188106F1AE
:10E8E0001406EFD150266643AB1993ED038A18EE58
:10E8F000103A0436C7F80E302E444FF0000896ED5B
:10E90000070A38EE400A10F071FD07EB480308F1E2
:10E910000108B8F1030F588206F11406EFD116234F
:10E920003B707B78574803F00C0343F061037B7026
:10E930000A23BB7000F0F4F9DFF868A19AF8003000
:10E94000002B00F08180504E504F3368DFF850812B
:10E95000994525D94E4A11783A7891421AD8A9EBAF
:10E960000303B3F5FA7F15D2C34600223B78494929
:10E970009A4208786DDB013008709AF8001001396E
:10E98000C9B2FD2906D88AF8001019B9424B186897
:10E9900003F084F900233B70404B1B784B443360F9
:10E9A0003E783F4A0023B34262DB032E4CD808EB8B
:10E9B00046164FF0000A4FF05009F47086F818A080
:10E9C00009FB045999ED028A18EE103A06F1020B80
:10E9D000736099ED070A38EE400A10F007FD06EB68
:10E9E0004A030AF1010ABAF1030F188109F1140967
:10E9F000EFD150235C432B1993ED038A18EE103AA4
:10EA000004342544CBF80C30002495ED070A38EE89
:10EA1000400A10F0EBFC06EB44030134032C58824F
:10EA200005F11405F1D10C23B3703B785A0117207E
:10EA300008EB431108F802004A7802F00C0242F099
:10EA4000610201334A703B7003B0BDEC028BBDE83C
:10EA5000F08F03F00F0343EA00138BF81830584689
:10EA6000019200F05DF9019A0BF1200B01327DE774
:10EA7000D1788C4202F12002E6D0013393E700BF47
:10EA800087830020108400200C840020088400204C
:10EA9000940B00200984002082830020950B002025
:10EAA0008883002086830020014B1878704700BFC0
:10EAB0007C830020014B1868704700BF78830020DA
:10EAC0007320704708B514F09DFE174BDA68824238
:10EAD00028D21A6993ED007A9FED146A1861821AA0
:10EAE00007EE902AB8EE477AF8EE677A27EE067AB4
:10EAF00000F5FA70C7EE276AD86093ED017AB8EE98
:10EB0000477AFCEEE66A27EE067A16EE902AC7EE02
:10EB1000276A1A81FCEEE66A16EE902A5A810022D4
:10EB2000C3E9002208BD00BF2485002000007A440C
:10EB300000B5174C174D184E89B02368AB4222D050
:10EB40009B686846984703460028F6D19DF8012047
:10EB5000120956F8220020B14FF0FF32694613F037
:10EB6000BDFE9DF801300D4A1B0952F8231019B162
:10EB700052F8233068469847094A136801331360F6
:10EB8000FFF7A0FFD9E70A2014F0A2FFD5E700BFE6
:10EB9000980B00209C0B0020E4840020A08400201F
:10EBA0002485002000B5114C114D89B02368AB427B
:10EBB00018D0104B4FF0FF321868694614F038F83F
:10EBC0000128F3D1236868465B68984730B10A4A48
:10EBD000536801335360FFF775FFE7E70A2014F02D
:10EBE00077FFEFE70A2014F073FFDFE7980B0020B0
:10EBF0009C0B00205C430020248500207FB5134D32
:10EC00002C7804BB22462021C82013F02FFE104B85
:10EC100010491860104B02930226104B0193962264
:10EC200023460F48009614F019FC0E4B02930E4B2E
:10EC30000E490F48CDE900634FF49672234614F055
:10EC40000DFC01232B7004B070BD00BFE11E00203D
:10EC50005C43002094CE03084C630010AC630010AA
:10EC6000A5EB01083C5E00109C5E00109CCE0308E2
:10EC700031EB0108014B1878704700BFE11E0020FE
:10EC800038B5094D55F82030044623B107490848E6
:10EC90006B220FF05FFE00222021102013F0E6FD12
:10ECA00045F8240038BD00BFE4840020A4CE03084A
:10ECB000BECE030870B50D4E56F8203004460D4602
:10ECC00023B90B490B487B220FF044FE25B90849B4
:10ECD00009487C220FF03EFE56F8240029464FF0EA
:10ECE000FF32BDE8704013F0A3BF00BFE4840020F2
:10ECF000A4CE0308D5CE0308A8B0030808B5034B7B
:10ED0000186814F0E9F9C0F1C80008BD5C430020A0
:10ED10001028DCBF014B43F820107047A08400206E
:10ED200010B5044620B90B490B48D4220FF012FE4F
:10ED300023781E2B04D907490848D5220FF00AFE74
:10ED40000748002321460068BDE810401A4613F02A
:10ED5000C5BD00BFA4CE0308A8B00308AEC4030815
:10ED60005C43002010B5044620B90B490B48DC2257
:10ED70000FF0F0FD23781E2B04D907490848DD2247
:10ED80000FF0E8FD074821460068BDE81040002369
:10ED90004FF0FF3213F0A2BDA4CE0308A8B00308C1
:10EDA000AEC403085C43002008B5064B0021186878
:10EDB00013F0CEFC044B1B681B6903B1984700207D
:10EDC00008BD00BF5C430020980B0020034B1B686C
:10EDD000DB6803B118470120704700BF980B002083
:10EDE00070B5084D2B68044613B11B680020984786
:10EDF000054B002C08BF1C462C6023680120BDE891
:10EE000070401847980B00209C0B002008B50F207D
:10EE1000FFF736FF0F4C104D0E490F20FFF74AFF4A
:10EE2000637813F003030CD0012BF5D11E220021CF
:10EE30000A4822701AF0F2F8094908481AF04EFA06
:10EE400003E0288808B114F043FE2046FFF78AFF4C
:10EE5000E2E700BF38850020588500203A85002071
:10EE6000E4CE03081FB5084C23785BB9074A029229
:10EE7000074A08490848CDE90032962214F0EEFA14
:10EE80000123237004B010BDE21E002004660010B0
:10EE900064660010F7CE03080DEE0108014B1878E8
:10EEA000704700BFE21E00202DE9F0473F4F0E469D
:10EEB0009046054630BB3846F2F76EFE30B93C4905
:10EEC0003C4810F0D9F90020BDE8F0873846F2F749
:10EED00095FE08B93849F3E7384B19684FF47A6260
:10EEE00001394FF48033B1FBF2F1384601FB0222C5
:10EEF0000131F2F7A7FE08B93149E1E7314B1D6056
:10EF0000314B1D60DFF8C090D9F800309C19B4F582
:10EF10007A6F03F1190307EB030012D8324641461A
:10EF2000E5F7BEFAB4F57A6FC9F800402BD1254C4D
:10EF30001E4822684FF47A61F2F7BCFE70B923498B
:10EF4000BEE76034224BE4B2321B41461C70E5F749
:10EF5000A7FA4FF47A63C9F80030E8E72368DFF8CE
:10EF600070A0013323609AF800400027C9F80070B0
:10EF70004CB1311B174822464144E5F791FAC9F8D4
:10EF800000408AF800700D4B1B6835449D4201D04B
:10EF9000012099E7D9F800100029F9D0094B03485E
:10EFA0001A68F2F787FE0028F2D1C8E72F52002036
:10EFB00000CF0308B5CA010839CF030868850020CF
:10EFC0006ECF0308648500205C85002095CF030880
:10EFD000608500204852002070B50246014441F28D
:10EFE00021054FF6FF7012F8013B082480EA032048
:10EFF00006B24300002E98B2B8BF6840013CF7D17A
:10F000009142F0D170BD0000054A00231370054AFB
:10F010001370054A1370054A1370054A1370704740
:10F02000E83B0020AF850020AE850020AD850020A4
:10F030006C850020F0B53A4B0D46197893B0024626
:10F04000062909D8DFE801F0040B13172A363A0025
:10F05000AA2A01D101221A70002013B0F0BD552A4E
:10F0600001D10222F7E7AA2AF6D00022F3E72D49C0
:10F070000A700322EFE72C49402A0A7006D92B496F
:10F080002B4810F0F9F8FFF7BFFFE5E70AB90522B2
:10F09000E1E7284A002111700422DCE7254C2078A2
:10F0A000411CC9B22170244C22541F4A12788A4252
:10F0B000EDD9D1E721490A700622CCE71F4B1E7813
:10F0C000002146EA02260DF10600422219F0A6FFB1
:10F0D000144B1F78144B8DF806701C788DF8074080
:10F0E00024B11549224602A8E5F7DAF9A11C0DF171
:10F0F0000600FFF771FF864203460BD12F706C703C
:10F1000024B10D492246A81CE5F7CAF9FFF77CFF98
:10F110000120A2E70A490648324610F0ADF8B2E7EE
:10F12000E83B0020AF850020AE850020B6CF030865
:10F13000B5CA0108AD8500206D8500206C850020D2
:10F14000E4CF030838B5104D2C78D4B90F4901200D
:10F1500013F084FC0E4B186028B90E490E4810F0CD
:10F160008BF8204638BD4FF46140EFF72BFDFFF7D9
:10F170004BFF0A49084801234FF461422B7010F0FD
:10F180007BF80124EDE700BFE31E0020308600205D
:10F190002C8600201ED00308B5CA010850D00308F1
:10F1A00070B50F4B1B78044613B90025284670BD77
:10F1B0000028FAD00B4E0221306813F0D9FD012847
:10F1C000F3D1094B1D781DB1084B0FCB84E80F001C
:10F1D000002330681A46194613F080FBE6E700BFAB
:10F1E000E31E00202C8600202886002018860020A0
:10F1F0002DE9F04385B007460E4615460021102242
:10F20000684619F00BFF6846FFF7CAFF0446B0B125
:10F210009DF801809DF8009014F0F4FA039BC01A49
:10F22000B0F5967F84BF4FF00008C1460FB187F854
:10F2300000900EB186F800800DB1029B2B60204635
:10F2400005B0BDE8F0830000F0B51B4B1E7893B00D
:10F2500007460D46144656B3402A2BD846220021B5
:10F260000DF1020019F0DAFEAA238DF802305523C1
:10F270008DF803308DF804708DF8054034B12DB150
:10F28000224629460DF10600E5F70AF9A11C01A85E
:10F29000FFF7A2FE04F148036B440DF1020103F8ED
:10F2A000420C000A03F8410CA01DEFF75DFD30464B
:10F2B00013B0F0BD0026FAE7E31E00202DE9F04F61
:10F2C0002DED048BBE4B1B78ADB01BB9BD49BE48BC
:10F2D0000FF0D2FF06F0E4FCC82014F0F9FB14F0A4
:10F2E00091FA0B9014F08EFA00250C904222002126
:10F2F0000DF16E0019F092FECDE91355CDE91155CF
:10F30000CDE90D5510950A950895A846AA46A94637
:10F3100000240A210DF15B008DF85B40EFF7C4FD7E
:10F32000002800F0DF81089B8DF871300A9B8DF872
:10F330007230109B8DF873300D9B8DF874300E9BDE
:10F340008DF87530119B8DF87630129B8DF87730E3
:10F35000139B8DF878309DF85B00149B8DF86E90B0
:10F360000DF16E018DF86FA08DF870808DF87930F9
:10F370008DF87A50FFF75EFE9DF8713008939DF886
:10F3800072300A939DF8733010939DF874300D938A
:10F390009DF875300E939DF8763011939DF8773077
:10F3A00012939DF8783013939DF879309DF86E9004
:10F3B0009DF86FA09DF870809DF87A5014930028F6
:10F3C00000F09980BDF87130BDF87270BDF87460BE
:10F3D000BDF875B008EE103ABDF8733008EE903AFB
:10F3E000DDF8763009934FF42F60DDF87730159310
:10F3F000F2F7F2FD754A0123137014F003FA744B0F
:10F40000744A00F57A7018601368B9F1100F03F1AF
:10F410000103136040F0B580BAF1000F6BD06E4A63
:10F42000136801331360A8F12003012B00F2A680BA
:10F43000BAF1040F05D86949424663480FF01CFF32
:10F4400059E0F8EE487A9FED667A87EE878AF8EE03
:10F45000687A9FED647AC7EE878ADFED637AB4EE4F
:10F46000678ADFED627AF1EE10FA48BFB0EE678A84
:10F47000F6EE007AF4EE678AF1EE10FAF0EE007A1A
:10F4800048BFF0EE678A88EE289AFDF733FAB8F1A4
:10F49000200F4FF00100F0EE490AB0EE480A6AD1A1
:10F4A000FEF792FD1028064604F1010709D1FEF788
:10F4B000C1FDFDF71FFA192014F00AFB062F3C4688
:10F4C000E5D119EE100A0134CDE90664E5F768FAD2
:10F4D000CDE9040118EE900AE5F762FACDE90201E0
:10F4E00018EE100AE5F75CFA4246CDE90001404902
:10F4F00035480FF0C1FE354E14F084F933780446D8
:10F5000043B1334B1B68C31A002B03DBF2F75CFDDE
:10F51000002333700C9BE31AB3F57A7F11D335497E
:10F5200018227E20FFF790FE002800F0E680324A85
:10F53000324913682448013313602E4A0FF09CFEB1
:10F540000C940B9BE31AB3F5FA6F7FF6E1AE2A4BEE
:10F550002B4A1B6802932B4B2B491B6801932B4BA7
:10F56000194893F900300093294B12781B780FF05B
:10F5700083FE0B94CCE6FEF742FD93E72549424615
:10F580005BE7B9F17E0F4BD1BAF1400F544614D866
:10F59000BAF1000F07D07E231F488DF86E30224647
:10F5A0001CA9E4F77DFF1C4A1C4900231355154A8A
:10F5B000136801331360184A3FE74024EBE700BFAC
:10F5C000E31E002086D00308B5CA0108B4850020D8
:10F5D000B0850020FC850020F8850020BAD0030803
:10F5E0000000C84200007A44CDCC4C3D9A99993E27
:10F5F000EAD00308C7D1030800860020E0D1030841
:10F60000168600200486002022D2030814860020DB
:10F610001586002045D10308B585002070D1030868
:10F62000B9F1010F7FF467AFBAF1090F02D835497C
:10F63000524602E72146102217A819F0EFFC14F0F9
:10F64000E1F8BAF10A0F1FBF18EE903A1FB2159BEE
:10F6500009932D4B0F904FF0FF31186819BF9DF99A
:10F6600028400FFA8BF63FB236B213F081FB012827
:10F6700084467FF440AF089B8DF85D30B8F1000BF5
:10F68000099B199318BF4FF0010B0F9B1A938DF82C
:10F690005CB08DF85E40ADF86070ADF8626017AB9D
:10F6A0000FCBDFF890E08EE80F00184B089A83F834
:10F6B00000C0174B144883F800B0164B00681A704E
:10F6C000154B099A1C70154B1F80154B1E80154B4E
:10F6D0001A60154B0F9A1A6000231A46194613F048
:10F6E000FDF808E74FF0E0234FF08052C3F8042DF7
:10F6F000BFF34F8FBFF36F8FFDE60C490C480FF03F
:10F70000BBFD1DE794D103082C860020288600202D
:10F710001686002015860020148600201286002000
:10F72000108600200C8600200886002004D20308E2
:10F73000B5CA010818860020034BC01A034B80107D
:10F74000584380B2704700BF48670408CDCCCCCC8A
:10F75000064A074B07499B1A9B104B439842BABF76
:10F76000142303FB00200020704700BF48670408F3
:10F770004C680408CDCCCCCC2DE9F0410C4B0D4DA0
:10F780005C1B0D4BA41007465C430026A64204DB1D
:10F790004FF000084046BDE8F081A846394655F8CC
:10F7A000140BE4F70DFD0028F4D00136EEE700BF9E
:10F7B0004C68040848670408CDCCCCCC024B1B68CD
:10F7C00003B11847704700BFE0840020014B43F8A5
:10F7D00020107047E08400209FED0B7A00F5C8737D
:10F7E000F0EE477AF0EC016A9842A6EEA67A77EE40
:10F7F000A67AF7D167EEA77ADFED046A87EEA60A4C
:10F8000037EE400A704700BF000000000000C84209
:10F810000A490B4B0A783AB100221A700A7018781C
:10F82000073818BF01207047064908780028F6D02D
:10F830000A700549032018700A60F0E76D87002000
:10F84000B00B00206C8700206087002000000000C3
:10F850002DE9F04F2DED048BB04C0646207887B093
:10F86000C0B9AF4B1870F5F7C3F901232370F3F754
:10F8700039F8AC4B83ED000AAB4B83ED000AAB4B80
:10F8800083ED000A83ED010A83ED020A83ED030A8A
:10F89000EDF7CCFD2378013B052B1CD8DFE813F0F6
:10F8A00006004E00FB006901C8018F01A04AA14873
:10F8B0001368356800EB83010D609F4D776805EB99
:10F8C00083010F609D49B76801EB83060133632B09
:10F8D000376005D8136007B0BDEC048BBDE8F08F2E
:10F8E00000231360FFF778FF284610EE102AFFF779
:10F8F00073FF084610EE108AFFF76EFF104610EEF9
:10F90000105AE5F74DF8064640460F46E5F748F829
:10F9100002460B4630463946E4F7E4FE06462846E2
:10F920000F46E5F73DF83B46CDE9000132468449F4
:10F9300084480FF0A1FC02232370CCE7824DDFF84E
:10F94000F0912868EDF7B2FFD9F800708388FF1AAC
:10F95000632F80461FD8774B326803EB87031A600A
:10F96000754B726803EB87031A60744BB2686F4E75
:10F9700003EB87031A60F2F7B5FF2B6806EB8306EB
:10F98000D6ED007AB4EEE70AF1EE10FA03D5F2F7FD
:10F99000A9FF86ED000AD9F80030642F03F10103B6
:10F9A000C9F8003044D163482968FFF715FF674B59
:10F9B000614803EB810310EE106A83ED000AFFF744
:10F9C0000BFF634B5D488A00134410EE10BA83EDC1
:10F9D000000AFFF701FF554B1344524AD3ED007A5A
:10F9E00092ED007A77EE677A10EE107A17EE900AB1
:10F9F00001F1010AE4F7D4FFCDE904013846E4F748
:10FA0000CFFFCDE902013046E4F7CAFF064658466B
:10FA10000F46E4F7C5FF02460B4630463946E4F789
:10FA200061FE5246CDE900014A4946480FF024FCE8
:10FA3000D9F80020B8F80010012A0DD189B1464B41
:10FA40002868198809B9B8F8061007B0BDEC048B0E
:10FA5000BDE8F04FEDF77ABC8A4202D12868002158
:10FA6000F3E7B8F802300B449A42FFF434AF2B6846
:10FA700001330022032BC9F8002001DC2B602AE7A8
:10FA8000052301202A60237007B0BDEC048BBDE87C
:10FA9000F04FF5F7ADB8264E0020EDF707FF3368BD
:10FAA00005464BB92D4A1370F2F71CFF1D4B83ED31
:10FAB000000A1D4B83ED000A3368012B1CD1284C32
:10FAC000218801B929890020EDF740FC218801B97E
:10FAD00029890120EDF73AFC218801B92989022002
:10FAE000EDF734FC218801B929890320EDF72EFCBC
:10FAF000336801333360EEE6312B33D80A4CF2F72A
:10FB0000F1FED4ED007AB4EEE70AF1EE10FAEFD58B
:10FB1000F2F7E8FE84ED000AEAE700BFB00B002030
:10FB20001C87002054870020408700204487002045
:10FB3000608700203C6C0010AC6A00101C6900104B
:10FB400074D20308B5CA01085C8700203087002002
:10FB500020870020A5D20308668700201887002090
:10FB600064870020322BC3D1EDF760FC062323709D
:10FB7000BEE77B4D2B685A1CB3F5FA6F2A607FF6FF
:10FB8000AAAE784B93ED008A18EE100AE4F708FF4E
:10FB9000754BD3ED007A78EE677A064617EE900A39
:10FBA0000F46E4F7FDFE3B46CDE9000132466F49C2
:10FBB0006F480FF061FB0323237000235EE7694B5E
:10FBC000D3ED008A684B93ED008A6A4B38EEC88A01
:10FBD0000FF27C19D9E9008918EE100A83ED008A2A
:10FBE000E4F7DEFEDFED647AB4EEE78AF1EE10FAB8
:10FBF00006460F460CDD0B460246CDE900895F49FB
:10FC00005B480FF039FB00235D4A1370072393E62E
:10FC100018EE900AE4F7C4FECDE902890B460246CD
:10FC2000CDE90067574952480FF026FB0123EBE767
:10FC30009FED499BDFF86CA1DFF86C91524EDFF825
:10FC40006CB10025514BFAEC017A93ED008AB9ECC6
:10FC5000017AB5EE408AF1EE10FAA84677EE877A7F
:10FC600005F101055FD0F5EEC07AF1EE10FA04D48B
:10FC7000B4EEE78AF1EE10FA2DD517EE900AE4F70C
:10FC80008FFECDE9040118EE100AE4F789FE2A463A
:10FC9000CDE902018DED009B3D4935480FF0ECFAAE
:10FCA0003C4A1378013313700327328840F275738E
:10FCB00001214046EDF782FD322013F009FF0023B9
:10FCC0001A4619464046EDF779FD642013F000FF0F
:10FCD000013FEAD11EE0F5EEC07AF1EE10FA2DDD1B
:10FCE000B4EEE78AF1EE10FA28DD17EE900AE4F799
:10FCF00057FECDE9040118EE100AE4F751FE002288
:10FD00000023CDE90201CDE90023234918482A4602
:10FD10000FF0B2FA042D06F1020693D11F4A1388A0
:10FD20000133138072E717EE900AE4F739FE2A4692
:10FD3000CDE900011A490E480FF09EFA9BF80030F9
:10FD4000012202FA08F213438BF80030E2E700BF09
:10FD5000000000606666E63F000000000000000052
:10FD6000608700205487002040870020E6D20308E7
:10FD7000B5CA0108148700203333333F03D3030887
:10FD80001887002041D303086AFD03086887002014
:10FD90006FD3030858870020BFD303081A870020B9
:10FDA0000FD4030830870020208700201C87002004
:10FDB0001A4BD3ED007A1A4B93ED007AB1EE676AD5
:10FDC000F1EE475A00F10C03F5EEC07AF1EE10FAAD
:10FDD0000BDDD0ED006AF4EEE67AF1EE10FA1AD4FB
:10FDE000F4EEC66AF1EE10FA15D4B5EEC07AF1EE73
:10FDF00010FA0BDDD0ED036AB4EEE67AF1EE10FAFC
:10FE000009D4F4EEE56AF1EE10FA04D40430984215
:10FE1000DAD1012070470020704700BFB80B0020E6
:10FE2000B40B002010B52DED028B0446B0EE408AD5
:10FE30002022002119F0F2F884ED048ABDEC028B37
:10FE400010BD91ED007AD0ED007AC36877EE877A25
:10FE50000133C0ED007A91ED017AD0ED017A77EEB1
:10FE6000877AC0ED017A91ED027AD0ED027AC36013
:10FE700077EE877AC0ED027A7047C36813B390EDCE
:10FE8000047AD0ED006A07EE903A67EE266AF8EE43
:10FE9000677A002386EEA76AC360D0ED016A80ED21
:10FEA000056A67EE266AC0E9003386EEA76AD0EDE0
:10FEB000026A80ED066A27EE267A8360C7EE276A1B
:10FEC000C0ED076A1430704770B50B4B19680B4BC7
:10FED0001C68002302460C251846814202DC4FF0C4
:10FEE000FF3070BD05FB00F6A657002E02DB9342E3
:10FEF000F7D001330130F0E7B4870020B887002045
:10FF000070B50B4B19680B4B1C6800230246142577
:10FF10001846814202DC4FF0FF3070BD05FB00F651
:10FF2000A657002E02DB9342F7D001330130F0E7F1
:10FF30007C8D0020808D0020074A002310469168A8
:10FF400031B10133802B02F11002F8D1002070474B
:10FF500000EB0310704700BF9C7600102DE9F341C1
:10FF60001A4F00253C2101FB05F3DA19FB588342A7
:10FF700028D00135102DF6D1022002B0BDE8F08165
:10FF8000A3602468002CFBD13C2606FB0576706834
:10FF900088B14FF0FF38234622460321CDF8008078
:10FFA00014F036FDCDF80080706823462246052106
:10FFB00014F02EFD74603C236B434FF0FF32FA5077
:10FFC0000020DAE7946B0023DCE700BFDC7200104E
:10FFD00037B50D4A00233C2505FB03F18C18515819
:10FFE000814205D00133102BF6D1022003B030BD81
:10FFF0004FF0FF330093002360681A46032114F08A
:020000040802F0
:1000000007FD0020F2E700BFDC72001038B5114B8D
:10001000114D1B786BB1002455F82400431C05D00A
:10002000FFF7D6FF55F82400FFF798FF0F34F02CA8
:10003000F2D100234FF0FF3245F823200F33F02B8D
:10004000FAD1064A80230021013B916002F110029F
:10005000FAD138BDE41E0020DC7200109C7600103E
:1000600073B50A46144900233C2606FB03F56C18B9
:100070004D59854218D00133102BF6D1022002B021
:1000800070BD6425009500230421606814F0C0FC55
:10009000646813F0B7FB0095024600230121204657
:1000A00014F0B6FC0020EAE7002AEAD12146034812
:1000B00006F0BAF8F6E700BFDC720010D9000208BB
:1000C00008B514F011FEBDE808400146014806F0ED
:1000D000ABB800BFD90002082DE9F04F2DED028B1F
:1000E000DFF85492884E856B9FED888ADFF84CB21A
:1000F00083B080464FF0FF31D9F8000012F038FE8F
:1001000013F080FB5223737004233370D8F800304F
:10011000B370030A3371030C0746F070737106F174
:10012000020AA5B900231A461946D9F8000012F0B0
:10013000D5FBFEF74BFE002840F0C880FFF766FFB6
:1001400003B0BDEC028BBDE8F04FFEF72DBE0023DF
:1001500001932B7903F00F03013B062B18D8DFE83E
:1001600003F004466337546F7D002B7BAC68012B92
:100170000CD123682BB96649664840F2FE220EF086
:10018000E9FBD4E900313846984700E02078019037
:10019000B0EE480A2B7903F0F002702A02D0802AD0
:1001A00040F0828003F00F03072B1CBFDDED017AC6
:1001B000B8EEE70A702A6CD134781A2CB2D810EE57
:1001C000103A4AF804300434E4B234702D68A8E7D9
:1001D0002B7BAC68012B07D12368002BD1D14C4974
:1001E0004D4840F20B32CAE794F90000CFE72B7B71
:1001F000AC68012B07D12368002BC2D14449474882
:100200004FF44672BBE72088C1E72B7BAC68012B1B
:1002100007D12368002BB4D13D49414840F2253233
:10022000ADE7B4F90000B2E72B7BAC68012B13D12A
:100230002368002BA5D136493A4840F232329EE776
:100240002B7BAC68012B07D12368002B99D1304957
:10025000354840F23F3292E7206898E72B7BAC6844
:10026000012B14D123682BB9294930484FF453721C
:100270000EF070FBD4E900313846984710EE103A82
:1002800000EE103AFDEEC07ACDED017A82E72368E8
:10029000F6E70FF0ABF8347801901C2C3FF642AF34
:1002A0002AF8040002348FE71B0930781BF803405A
:1002B000C4F11E0398423FF635AF0230224601A931
:1002C0003044E4F7EDF833781C447DE70E48FEF740
:1002D00027FD98B9D8F8343064215A1CB3FBF1F0EB
:1002E00001FB1033C8F8342043B91149114803B059
:1002F000BDEC028BBDE8F04F0EF0BEBF03B0BDEC0D
:10030000028BBDE8F08F00BF6E8700200000000068
:1003100051D403086AD4030886D40308A1D403087F
:10032000BED40308DAD40308F7D4030813D50308AE
:100330002ED50308B5CA01080C880020A4070408BC
:100340002DE9F04FDFF858A19AF8004087B0002C53
:1003500041D1424A424E434B32609B1A424ADFF837
:100360004491DFF844B19B105343C9F80030204654
:100370002746A0463D4B1860D9F80030BB422DDC23
:100380003B49012012F06AFB3A4B3B491860D9F80F
:1003900000000B88356800220C26904254DC04B122
:1003A0000B80364A00234FF0FF3142F823100F3301
:1003B000F02BFAD1FFF72AFE314B02930124314B87
:1003C000019331493148009400234FF4967213F0A1
:1003D00045F88AF8004007B0BDE8F08F0C25336877
:1003E000CBF802007D435A195B5D8BF806305068EC
:1003F0001A061AD5DB0702D5E4F702F980463368FE
:100400001D446968F1B108460591E4F7F9F80599CA
:1004100002461F48E4F744F86868E4F7F1F8411D24
:100420001C480EF042FD0137A4E7E4F7E9F808F1B3
:10043000020303441A2BE2D917491848D5220EF0BB
:1004400089FADCE70521EBE706FB02F70132EF57FB
:10045000002FA2BF01339BB201249EE70448040889
:10046000B8870020F4660408ABAAAAAAB0870020C7
:10047000BC8700200C880020AE870020DC720010B2
:10048000CC6D00102C6E0010CCBC0308690702086C
:10049000106200200B62002051D40308DCCB03085B
:1004A000E41E0020B4870020096200202DE9F843F3
:1004B000144BDFF85880D3F80090134B1D680646A4
:1004C0000F460024A14502DC4FF6FF7018E095F9B5
:1004D00000202B78002A06DADB0701D5D5F8048046
:1004E00001340C35EEE741463046E3F769FE00285B
:1004F000F6D169683846E3F763FE0028F0D1A0B270
:10050000BDE8F883B4870020B8870020DCCB03085F
:10051000034B0C221B685043185C00F00F0070471F
:10052000B88700202DE9F04F85B0424E019100239D
:100530003C2101FB03F202EB060BB25882426DD064
:100540000133102BF5D1022005B0BDE8F08FDBF8A8
:1005500038300024002B3FD118F81500039300F029
:100560000F0008EB450119F80000029120441A28F9
:100570004FEA45074EDCFFF7DFFC044600284BD06E
:100580000299039B4878FF282DD0FFF79DFC431C60
:10059000D9D00C2303FB00F10AEB010380B29B6866
:1005A000A360FFF7B5FF237960F30303237118F805
:1005B000070060F3071323711AF80130C3F38013A7
:1005C000237300232360B36BF3B9B4630135019B3C
:1005D0009D42BCDB0020B7E719791B68090919F8AF
:1005E00001100C44B6E702374744A76018F815001D
:1005F0002179000960F30301217118F8150060F3F7
:10060000071121710235DBE719461B68002BFBD16E
:100610000C60DBE7072097E70C2095E7064ADFF838
:100620001C90D2F800A0DFF818803C21002501FBC7
:100630000366CCE7DC720010B8870020A40704082A
:100640000D6200202DE9F04F85B0434F019100224B
:100650003C2101FB02F3DC19FB58029483426FD06A
:100660000132102AF5D1022005B0BDE8F08F029BBF
:100670009D6B0024002D40D106EB460B0BEB0801CF
:1006800018F80B00039100F00F0019F80000204447
:100690001A2851DCFFF750FC044600284ED003997D
:1006A000B1F801004FF6FF7398422DD0FFF70CFC14
:1006B000431CD8D00C2303FB00F10AEB010580B2E8
:1006C000AD68A560FFF724FF257960F30305257168
:1006D00018F80B2062F3071525711AF80150C5F3BD
:1006E0008015002325732360BA6BFAB9BC63013609
:1006F000019B9E42BBDB0020B6E72A792D681209D8
:1007000019F802201444B5E70BF103014144A1603C
:1007100018F80B002179000960F30301217118F822
:100720000B2062F3071121710236DAE711461268D5
:10073000002AFBD10C60DAE7072095E70C2093E74D
:10074000064BDFF81C90D3F800A0DFF818803C219E
:10075000002601FB0277CBE7DC720010B88700208F
:10076000A40704080D6200202DE987480520FEF744
:1007700087FAB44CB44DB3490520FEF79BFA2868BC
:100780004FF0FF3112F0F4FA63789B0740F08B8052
:10079000A378032B00F28780DFE803F00218AD9AFC
:1007A000DFF8D892A94BD9F800A01E68E078DFF8EE
:1007B000D082A74A002351461F46B7421FDB502371
:1007C00063700023A3700123237016E0A149A2489F
:1007D0000EF052FD50236370082323700123A37091
:1007E0009E4B1B88FF2B28BFFF23E3709C4B1B688D
:1007F00063601023237280236372204651E091F9D5
:1008000000E091F800C0BEF1000F07DA1CF0010F04
:1008100009D0D1F8048001370C31CEE7984204D0DA
:1008200001339BB2F7E79046F5E750236370E07021
:100830000023B8B2A370FFF76BFE20714046E3F7C8
:10084000DFFE0C235F43BA440646DAF80400E3F700
:10085000D7FE33180533DBB21E2B237005D981492F
:1008600081484FF4A0720EF075F84046E3F7C8FED9
:100870004146421C7D48E3F713FE4046E3F7C0FEC5
:10088000D9F800303B440646D3F804804046E3F7ED
:10089000B7FE0436764F421C4146B819E3F700FE16
:1008A000B81EFEF75FFA637803F00303012B40F0F4
:1008B000A280A378082B00F20881DFE813F07B0008
:1008C000AA00AF00B300BB00BF00E300FD000401BD
:1008D00050236370092323700323A3705F4B1B888D
:1008E000A4F803305E4B1B68C4F805301023637214
:1008F0008023A37281E7DFF88491544BD9F800A0DC
:100900001868B4F80360DFF87881514A0023514633
:100910001F46874203DB50236370022352E791F99D
:1009200000E091F800C0BEF1000F07DA1CF0010FE3
:1009300009D0D1F8048001370C31EAE79E4204D097
:1009400001339BB2F7E79046F5E750236370B8B2E6
:100950000223A370FFF7DCFD60714046E3F750FE11
:100960000C235F43BA440646DAF80400E3F748FE76
:1009700033180633DBB21E2B237005D939493A48A8
:1009800040F275120DF0E6FF4046E3F739FE4146AE
:10099000421C3848E3F784FD4046E3F731FED9F8BE
:1009A00000303B440646D3F804804046E3F728FE77
:1009B00005366FE794F803802F4E002356F8232066
:1009C000904500F084800F33F02BF7D100233C22B8
:1009D00002FB03F706EB070B56F807A0BAF1FF3F3F
:1009E00077D00133102BF3D10C2020710323204644
:1009F0002370FEF7B7F9002328681A46194611F04C
:100A00006DFFB8E6A9F1020149084046FFF78AFDEB
:100A1000EBE72178E07802394908F7E7E078FFF75B
:100A20009DFAE2E7217901EB81014900E078FFF7C7
:100A300017FBDAE7E078FFF7CBFAD6E7FFF7E6FA3D
:100A40000020D2E7096200200C880020B487002033
:100A5000DCCB03086AD50308B5CA0108AE870020BD
:100A6000B087002051D4030888D503080E62002007
:100A70000B6200200F620020DC720010B88700209B
:100A800065D5030894F80380304E002356F82320E0
:100A900090451CD00F33F02BF8D100233C2202FBF1
:100AA00003F706EB070B56F807A0BAF1FF3F2BD070
:100AB0000133102BF3D197E72378E078023B032131
:100AC000B3FBF1F13EE0A188B0E708208DE71120EB
:100AD0008BE707F10803334446F8078001931C4B6A
:100AE00000931C4894F800905B4601224FF47A7101
:100AF00013F04AFF0023CBF80400CBF8383000286D
:100B000080D146F807A06FE707F10803334446F8A1
:100B1000078001930E4B00930E4894F800905B46BB
:100B200001224FF47A7113F02FFF0023CBF8040059
:100B3000CBF838300028E4D04046A9F10201032365
:100B4000B1FBF3F1FFF77EFD4FE700BFDC72001051
:100B5000C1000208A5D50308F0B5104C104D266859
:100B6000104C002324680B6013609E4212DD94F940
:100B700000E094F800C0BEF1000F274603DA1CF035
:100B8000010F18BF6568984204F10C0403D10D6091
:100B90007B681360F0BD0133E7E700BFB487002036
:100BA000DCCB0308B8870020034B1B680C2202FB38
:100BB00000339868704700BFB8870020014B185C6D
:100BC000704700BFA40704084FF6FF73984210B5A2
:100BD000044605D12549264840F223420DF0BAFECD
:100BE0002046FFF795FC013806283CD8DFE800F0E6
:100BF0000415260C1D262E001E4B1B680C2202FB22
:100C000004339B68187810BD1A4B1B680C2202FB3A
:100C100004339B6893F90000F5E7164B1B680C2220
:100C200002FB04339B681888EDE7124B1B680C220B
:100C300002FB04339B68B3F90000E4E70D4B1B682B
:100C40000C2202FB04339B681868DCE7094B1B6825
:100C50000C2202FB04339B68D3ED007AFDEEE77AA9
:100C600017EE900ACFE70020CDE700BF51D403086C
:100C7000AED50308B88700204FF6FF73984210B531
:100C8000044605D10D490E4840F243420DF062FE84
:100C90002046FFF73DFC072808D10A4B1B680C22B1
:100CA00002FB04339B6893ED000A10BD2046FFF75A
:100CB0008BFF00EE100AB8EEC00AF6E751D4030825
:100CC000AED50308B8870020FFF77EBF4FF48050F1
:100CD000704710B50023994201DC012010BDC418F3
:100CE000D4540133F7E7000073B515460F4A137863
:100CF0001BB1002313700E4A13600024A1420FDDC4
:100D00002B5D0619F2B293420DD0094C216821B92E
:100D10000849094800960EF0AFFA236801332360B2
:100D2000012002B070BD0134E8E700BF69880020EF
:100D30006C880020C5D50308B5CA0108044B187893
:100D400020B1044B1868003818BF0120704700BF5D
:100D5000E51E0020108800202DE9F041154F164DAA
:100D600004460026B8462B78B34215DC142B04D178
:100D70001249134861220DF0EDFD124B1B7823B987
:100D80000E49114862220DF0E5FD2B7848F823400A
:100D900001332B70BDE8F08157F8043B22781B78B3
:100DA0009A4204D1054909485F220DF0D3FD01366E
:100DB000D9E700BF1888002014880020FFD5030859
:100DC0003ED60308BC0B00205DD6030818D60308E6
:100DD00010B5044C237823B90348FFF7BDFF012366
:100DE000237010BDE51E0020B807040838B50B4D70
:100DF0002B68044623B10A490A4868220DF0AAFD6F
:100E0000094B1B7823B90649084869220DF0A2FD59
:100E1000074B22782C601A7038BD00BF1088002064
:100E2000FFD5030871D60308BC0B00205DD603086C
:100E300068880020014B00221A707047BC0B00200C
:100E400010B5074B1B788342044604D80549064871
:100E500074220DF07FFD054B53F82430187810BD37
:100E600014880020FFD5030883D6030818880020C3
:100E700010B5084B1B788342044604D8064907483E
:100E800079220DF067FD064B53F82430BDE8104081
:100E90005B68184714880020FFD5030883D6030831
:100EA0001888002010B5054C236823B9044905486B
:100EB0007E220DF04FFD2368586810BD1088002079
:100EC000FFD5030898D603082DE9F0411F460D4BC6
:100ED0001B78834204460D46164604D80A490B483F
:100EE00085220DF037FD0A4B53F824309C6834B14D
:100EF0003A46314628462346BDE8F0411847204689
:100F0000BDE8F08114880020FFD5030883D60308CC
:100F1000188800202DE9F0411F460D4B1B788342B5
:100F200004460D46164604D80A490B4890220DF097
:100F300011FD0A4B53F82430DC6834B13A4631468F
:100F400028462346BDE8F04118472046BDE8F08119
:100F500014880020FFD5030883D6030818880020D2
:100F60002DE9F041DFF838801F46D8F800300446FC
:100F70000D46164623B90849084899220DF0EAFCA7
:100F8000D8F80030D3F80CE032463B462946E0B2B0
:100F9000F446BDE8F0416047FFD5030898D6030842
:100FA0001088002070B5084E336804460D4623B9FA
:100FB000064907489E220DF0CDFC3368294620469D
:100FC0009B68BDE87040184710880020FFD50308D3
:100FD00098D603082DE9F041DFF838801F46D8F88D
:100FE000003004460D46164623B908490848A32296
:100FF0000DF0B0FCD8F80030D3F810E032463B4694
:101000002946E0B2F446BDE8F0416047FFD5030849
:1010100098D6030810880020014B1878704700BF4D
:1010200014880020014B1878704700BF68880020A2
:1010300083B50420FDF724FE04F032FEFFF7FAFE2C
:10104000484C48490420FDF735FE667806F0030653
:10105000012E4CD0022E6AD0002EF2D1A778012F9B
:101060001ED0022FEDD1E578FFF7D6FFC0B24023A6
:10107000854263702770A770E57021D22846FFF77C
:10108000DFFE07462846FFF7F3FE374A94F90030A3
:101090002771C4F80500166056600D3323700BE00D
:1010A000FFF7BAFF0546FFF7BDFF40236370054415
:1010B00002232370A770E5702046FDF753FEC0E7BA
:1010C000281A6946C0B2FFF76DFF0028F4D0FFF779
:1010D000E9FE012323716B4694F90020C4F8050052
:1010E00003CB214D0D32286069602270E4E7FFF7E1
:1010F00093FFC3B2A078D4F80310E579412283426C
:10110000627009D9194B2A46FFF7DEFE58B1002359
:101110000635E3712570CFE7C01A2A46134BC0B2DB
:10112000FFF71EFFF2E70523E3710623B6E7FFF79B
:1011300073FF2278D4F80310C3B2A078053A422591
:101140008342D2B2657007D9094BFFF7E3FE00284E
:101150000CBF05230023E7E7C01AC0B2044BFFF71A
:1011600039FFF4E7208D0020298D0020288D0020F4
:10117000278D002030B5094C237885B063B9084A23
:1011800002920125074A01920749084800954FF449
:10119000967212F063F9257005B030BDE61E00208E
:1011A0009C7E001070880020A5D60308311002082C
:1011B000014B1878704700BFE61E00202DE9F04172
:1011C0001D465F1D242303764D230E4643763E23A2
:1011D000114683760446C57606772A4600F118083C
:1011E0001D30E3F75DF985EA060104F11C020023D6
:1011F00098B2854206D808F807100635A4F81851A9
:10120000BDE8F08112F8010F01334140F0E7000022
:10121000002310B58371C0F81C1124492448254CC3
:1012200000F042FC244B25491870C0F307225A7085
:10123000C0F30742C0F30760D8701D489A7000F0F1
:1012400033FCC0F3072320706370C0F30743C0F37F
:1012500007601B49E0701648A37000F025FCC0F33E
:10126000072320716371C0F30743C0F3076015497A
:10127000E0710F48A37100F017FCC0F30723207240
:101280006372C0F30743C0F30760E0720E49084879
:10129000A37200F009FCC0F3072320736373C0F34B
:1012A0000743C0F30760A373E07310BD159F0308E5
:1012B000219F0308408D0020508D0020DE9E0308F2
:1012C000E19E0308E49E0308E79E03082DE9F0432E
:1012D0002DED028B837987B004464BB9242902D1C6
:1012E00001238371017007B0BDEC028BBDE8F08370
:1012F000013B052BF7D8DFE803F003070A0D131EA7
:1013000041700223A371EEE781700323FAE7C170F5
:101310000423F7E7C37801715BB10523C380E2E7DB
:10132000C379C21801331172C278DBB29A42C37119
:10133000D9D80623E6E70288417144F624539A423D
:1013400006D043780278B749B7480DF095FF06E01C
:1013500082783C2A0CD0B549B3480DF08DFFB449D2
:10136000B14807B0BDEC028BBDE8F0430DF084BF7F
:10137000C5780279C61D85EA0203002087B2BD4206
:1013800004D8994207D00A46AA49DDE716F8017F3A
:1013900001307B40F2E7A849A3480DF06DFF2179A9
:1013A0006C2939D864290CD805292BD801BB0A46E9
:1013B0009D48A24907B0BDEC028BBDE8F0430DF09B
:1013C0005BBFA1F16503072BF1D801A252F823F00E
:1013D00091140208AF130208AF130208F9150208AE
:1013E000E5140208AF130208AF1302080F15020834
:1013F000023904F11D02032900F2B380DFE801F095
:10140000BAC1CADA2429D2D100236377A377E3775C
:1014100084F820300423ECE0A02900F0DC801DD803
:10142000772900F099808229C1D1012200236277B7
:101430005E20E277222284F8213084F8223084F87A
:10144000233084F8243084F8253084F8263084F85A
:101450002730A07784F820200B23CAE0D62900F09B
:10146000F780F529A3D12246042302F81D3F204628
:101470000123FFF7A3FE724B01221A70D4F81C312E
:1014800023B1B4F8181104F118009847002339E784
:101490006FF01703637703230025A3770123E57714
:1014A00084F8205084F8213084F8225084F82350A6
:1014B00084F8245084F8255084F8265004F11D0641
:1014C00004F006F828B1D4F8233043F00103C4F83F
:1014D000233084F827500B23324665212046FFF73E
:1014E0006DFECBE76FF0230205236277A377E277E7
:1014F00084F8203084F8212084F8223084F82320D6
:1015000084F8243004F11D0208236921E6E705AAC6
:1015100004A903A802F02CFEDDED037AB2EE047AF2
:1015200067EE877A04F11D02FDEEE77A6C2117EE73
:10153000903ADDED047AA4F81D3067EE877AFDEE6F
:10154000E77A17EE903AA4F81F30002384F8213090
:1015500084F822300623C1E72246002302F81D3F0B
:10156000BCE7374B00211970022363770323A3776D
:101570000121B3E7334B1B68C4F81D30022104235B
:10158000ACE7022363770123A3770023E3770323E8
:101590001946A3E701920DF07FF90368C4F81D30E6
:1015A000022384F82130012384F82230019A062393
:1015B000042193E7244B1B681968C4F81D1059686F
:1015C0005160198911819B7A93720023A362E362AF
:1015D0000521132382E71D4BD3F8182AC4F81D20D8
:1015E000D3F8142AC4F82120D3F8103AC4F82530CF
:1015F0000C2304F11D0271E76FF0170203236277D9
:10160000A377E27784F8203084F8212084F8223010
:1016100084F8232084F8243004F11D020823682173
:101620005CE700BFA9D60308B5CA0108D1D60308F4
:101630002CD70308F7D603081FD7030867D703087A
:10164000548D002062D703087C1C00200070FF1F0F
:10165000164BDFF8649018689FED158A154F01212D
:1016600000F01CFBA61D00254FF0000836F8020F05
:10167000A0F57A70E3F782F942464B46E3F712FB96
:10168000E3F7A0FC07EE900A67EE887A57F825008A
:10169000FCEEE77A013517EE903A99B200F0FEFAC7
:1016A000042DE3D100231A46D62117E7508D0020E0
:1016B00000FF7F47408D002000408F40014B18788D
:1016C000704700BF548D0020014B00221A707047F4
:1016D000548D00200D4B1B68142202FB00330C4A72
:1016E0009868824206D80B4B984203D80A4B9B1A43
:1016F00018447047094B984205D3094A094B904258
:1017000088BF184670470748704700BF808D00208B
:1017100000000020901E002054680408C04100080A
:101720004C680408D0070408074B142250431B6878
:101730001B5C03F00303013BDBB2022B9ABF034A9D
:10174000D0560120704700BF808D0020C8070408D4
:10175000044B1B68142202FB0033DB6803B11847FB
:10176000704700BF808D002038B514235843094BC3
:101770001B681D181B5CA86803F00303013BDBB268
:10178000022B9ABF044AD45601242246E2F788FE6F
:10179000204638BD808D0020C807040810B50346D8
:1017A00014225343094A12680846D118D35C896849
:1017B00003F00303013BDBB2022B9ABF044AD45669
:1017C00001242246E2F76CFE204610BD808D0020E9
:1017D000C80704082DE9F047344A354C354B364DDF
:1017E000DFF8E89088B09B1A2260344A9B100020F2
:1017F00053432B60074680462E68D4F800C0C9F8D2
:101800000000BE420BDC2E48002103880A46142447
:1018100096423FDC01B1038008B0BDE8F087142692
:101820007E43CDF802001CF806308DF806300CEB34
:10183000060250681A061ED5DB0702D5E2F7E0FE65
:10184000804623681E44D6F804A0BAF1000F1FD0CA
:101850005046E2F7D5FE514602460DF10700E2F789
:101860001FFE7068E2F7CCFE411D0DF102000DF085
:101870001CFB0137C0E7E2F7C3FE08F10203034493
:101880001A2BDED90F491048FE220DF063F8D8E775
:101890000521EAE704FB02F501321CF90550002D91
:1018A000A2BF01339BB20121B2E700BF5425040857
:1018B000808D0020044804087C8D0020CDCCCCCC49
:1018C000768D00208DD70308DCCB0308788D0020AF
:1018D0002DE9F8430446032900F28F80DFE801F088
:1018E00013022D1E464947480DF0C6FC20236370A5
:1018F000042323700123A3700023E3702046BDE876
:10190000F843FDF72FBA3E493E480DF0B5FC2023C1
:1019100063700023A37001232370EFE7202343703B
:101920000723037003238370374B1B88A0F8033011
:10193000364B1B68C0F80530E0E7DFF8E480344B35
:10194000D8F80010334FB0F80350186800230A4647
:101950001E46BC46B04203DC202363700223D9E755
:1019600092F9009092F800E0B9F1000F06DA1EF04B
:10197000010F08D0576801361432EBE7AB4204D0B0
:1019800001339BB2F7E76746F5E720236370022334
:10199000A37014235E4338468B5D637101EB060927
:1019A000E2F72EFE0546D9F80400E2F729FE2B18CF
:1019B0000633DBB21E2B237005D9174917484FF4A5
:1019C000A7720CF0C7FF3846E2F71AFE3946421CF0
:1019D000A01DE2F765FD3846E2F712FED8F80030A8
:1019E000334405465E683046E2F70AFE2544421C51
:1019F0003146E81DE2F754FD80E7BDE8F88300BFFB
:101A0000AED70308B5CA0108768D0020788D002076
:101A10007C8D0020DCCB03088DD70308AEC40308FF
:101A2000808D002038B504464088FEF769FA421CD4
:101A3000054608D102232371032323702046BDE805
:101A40003840FDF78FB90A4B1A6814234343D35C1F
:101A50005B060BD4211D80B2FFF786FE2046FDF702
:101A600081F92846BDE83840FFF772BE38BD00BF97
:101A7000808D002010B504464088FEF741FA431CD3
:101A800008D102232371032323702046BDE81040B0
:101A9000FDF768B900232371611D80B2FFF77EFE58
:101AA00003302070F1E700002DE9F04F264B274F5F
:101AB000D3F80080264B85B04FF0000AD3F800B071
:101AC00001900E4654464FF014091FFA8AF343451D
:101AD00003DB204B186803901BE009FB03F30BEBBF
:101AE00003051BF803101BF90330002B25DACB0785
:101AF00000D56F6801983946E2F762FB00BB696860
:101B00003046E2F75DFBD8B9013CADF80C40ADF8CA
:101B10000EA09DF80C30002063F307009DF80D30F7
:101B200063F30F209DF80E3063F317409DF80F30DC
:101B300063F31F6005B0BDE8F08F0134A4B2D9E7AC
:101B40000AF1010AC1E700BF7C8D0020DCCB03084D
:101B5000808D0020CB07040830B58BB005462022CD
:101B6000002102A817F05AFA2E21284617F0D8FAB9
:101B70000446A8B90F4B186801909DF80430002066
:101B800063F307009DF8053063F30F209DF80630DE
:101B900063F317409DF8073063F31F600BB030BD4F
:101BA000421B294602A8E2F77BFC611C02A8FFF752
:101BB0007BFFE1E7CB07040813B504300C46FFF7C1
:101BC000CBFF4FF6FF73019080B2984204D0BDF86E
:101BD00006002146FFF7C8FD012002B010BD00003D
:101BE000F7B5114C114D2668114C01900023246863
:101BF0000B60000C13609E4212DD94F900E094F833
:101C000000C0BEF1000F274603DA1CF0010F18BF19
:101C10006568984204F1140404D10D607B68136078
:101C200003B0F0BD0133E6E77C8D0020DCCB030878
:101C3000808D00201FB5ADF80E000C4602AA039857
:101C400001A9FFF7CDFF0949204617F047FB01998D
:101C5000204617F031FA0649204617F02DFA02996E
:101C6000204604B0BDE8104017F026BAD3D70308C9
:101C70005DBD0308F8B50446084616460F46E2F770
:101C8000BFFC05460246394620463036E2F708FCDE
:101C900066552C4400236370F8BD0000F7B54FF67D
:101CA000FF7385B29D42CDE900104FEA104705D180
:101CB0001B491C484FF40E720CF04CFE1A4B1A686C
:101CC00014237B43D35C5B0605D51549174840F2C6
:101CD00039220CF03FFE69463846FFF745FD0646BF
:101CE000FDF774F8B0B1124C23236370E570012343
:101CF00032462D0A6946601DA37025710336E2F74E
:101D0000CFFB20462670FDF70BF818B909490A48A1
:101D10000DF0B2FA3846FFF71BFD03B0F0BD00BF6F
:101D20008DD70308D8D70308808D0020F4D7030887
:101D3000558D002042D80308B5CA01082DE9F74F98
:101D400000230446421C00F11F0112F8010F00B9E4
:101D500001338A42F9D1012B71DD04F103084046B9
:101D6000E2F74EFC061D264405463046E2F748FCE5
:101D700005446319DFF8D4A05B790093314B1B68ED
:101D80000193314BD3F800900027CB46019B9F4233
:101D90001CDB4FF002094046E2F732FC05463046B4
:101DA000E2F72EFC25440544404685F80590E2F70D
:101DB00027FC05463046E2F723FC0544043520465F
:101DC000257003B0BDE8F04FFCF7CCBF9BF90000D5
:101DD0009BF80010002807DACB0727D5DBF804A012
:101DE00001370BF1140BD1E7DBF804003146E2F7C1
:101DF000E7F90028F4D141465046E2F7E1F900281E
:101E0000EED114237B43009A19F8039029F0700354
:101E10009A420ED119F040090ED1A91D2144B8B241
:101E2000FFF7A2FC3846FFF793FCB4E7DFF81CA0ED
:101E3000D6E74FF01609AEE74FF00D09ABE703B058
:101E4000BDE8F08F7C8D0020808D0020DCCB030866
:101E500010B50446B0F80300FEF752F8421C07D054
:101E600014235843084B1B681A181B5CDB0608D464
:101E700002236371042323702046BDE81040FCF761
:101E800071BF5378F5E700BF808D002070B5044620
:101E900088B0B0F80300FEF733F8431C054609D1BB
:101EA0000223637120460423237008B0BDE870400C
:101EB000FCF758BF1E22AEB200210DF1020017F050
:101EC000ADF80DF102013046FFF7B4FE0C4B1B6874
:101ED000142202FB053330469968FFF725FC0246C1
:101EE0000DF10200F2F7E6FE80F00100042340004D
:101EF000607123702046FCF735FF08B070BD00BF4D
:101F0000808D002070B50446B0F80300FDF7F8FF9F
:101F1000421C014607D0124A142312684343D618C4
:101F2000D35C5B0608D5022363710423237020462B
:101F3000BDE87040FCF716BF80B2FFF7F5FB3369D0
:101F40000546661D43B1984701462A46304603358B
:101F5000E2F7A6FA2570EAE70846FFF7BBFBF3E7CE
:101F6000808D00202DE9F04104468AB0B0F80300CE
:101F7000FDF7C6FF431C064609D1022363712046C4
:101F8000042323700AB0BDE8F041FCF7EBBE1E222B
:101F9000B5B200210DF10A0017F040F828460DF106
:101FA0000A01FFF747FEA0462846FFF7BDFB0423C2
:101FB00008F8063B194B1B68142202FB0633054642
:101FC0001B69C7B21BB3984701462A464046E2F751
:101FD00067FA23783B4423702A460DF102010DF184
:101FE0000A00F2F7AFFEB0B120780123023063712E
:101FF0002A460DF102012044E2F752FA23781F44E9
:1020000027702046FCF7AEFE0AB0BDE8F0813046EE
:10201000FFF760FBD8E76071F3E700BF808D002019
:1020200030B5044689B0B0F80300FDF769FF431CE2
:10203000054609D10223637120460423237009B0A9
:10204000BDE83040FCF78EBE1E2200210DF10200DB
:1020500016F0E4FF0DF10201A8B2FFF7EBFD0DF160
:102060000200F2F797FE80F0010004234000607147
:1020700023702046FCF776FE09B030BD01490248C6
:10208000F2F740BEB91B0208D3D7030808B50220F7
:10209000FCF7F6FD224C22490220FCF70BFE637888
:1020A00013F0030304D1A1782046FFF711FCF2E7F7
:1020B000012B03D12046FFF7DDFCECE7022B03D117
:1020C0002046FFF7AFFCE6E7A378062BE3D801A292
:1020D00052F823F0F120020897200208F9200208A4
:1020E0000121020809210208112102081921020810
:1020F0002046FFF723FECEE72046FFF7A9FECAE7FA
:102100002046FFF7C3FEC6E72046FFF72BFFC2E7D6
:102110002046FFF785FFBEE72046FFF7F3FEBAE74C
:10212000296200207FB50B4C26788EB9FFF752FB51
:10213000FFF7A4FF084B02930125084B01930849C0
:102140000848009533464FF4967211F087F92570D0
:1021500004B070BDE71E0020FC7E0010848D0020BE
:1021600062D803088D200208014B1878704700BF21
:10217000E71E002070470120704700000E4A38B566
:102180000023142404FB03F5555D6DB96343D41893
:10219000D0540B68A3604B68E3608B68236111F037
:1021A00031FB6060012038BD8542EFD001330A2B3E
:1021B000E8D10020F7E700BF3492002009289DBF36
:1021C000024B142202FB00300020704734920020A2
:1021D00008B510EE103A2DED028BDFED097A9FED78
:1021E000098ADFED090A002BB8BFB0EE678A30EE2E
:1021F000080A14F0ABFA30EE480ABDEC028B08BDB9
:10220000DB0F49C0DB0F4940DB0FC94008B570EE5A
:10221000C00A2DED048BDFED088A9FED089A30EEA1
:10222000A88A88EE090A15F0A9FFA0EE498A38EEBF
:10223000680ABDEC048B08BDDB0F4940DB0FC940C9
:1022400010B52DED088B9CB08DED0B1ACDED0A0A63
:102250008DED090A09AA044607CA0DABB0EE409AF3
:10226000B0EE620A83E80700B0EE418AF0EE619AB0
:10227000F0EE42AAB0EE43AAF0EE608AFFF7A8FFA4
:10228000B0EE40BAB0EE690AFFF7A2FFF0EE4B0ADB
:10229000F0EE409AFFF7BAFFDFED204A1CAACDED21
:1022A000194ACDED1A4ACDED1B4A12E9070004ABDD
:1022B000CDED164ACDED174ACDED184A83E807005B
:1022C000CDED034A16AB93E8070070EE297A8DE84E
:1022D00007009DED0D6ADDED0E6AB0EE6A7AB0EE94
:1022E000645AF0EE645AB0EE644AF0EE642AB0EE3E
:1022F000643AF0EE643AB0EE692AF0EE490AB0EEC4
:10230000681AF0EE481AB0EE4A0A04F1080001F02B
:1023100023FD1CB0BDEC088B10BD00BF0000000009
:10232000002303808370436000F1280343627047F9
:10233000002303707047000010B542681AB143785B
:102340001BB1012B20D0012014E0D2ED007A107EC9
:1023500030EE670ADFED107A842483420BDB92EDC6
:10236000017A67EE877AB4EEE70AF1EE10FAACBFB5
:102370000120002010BDD16904FB031191ED207AEA
:10238000013377EE877AE8E7D2ED007A30EE670A1C
:10239000D2ED017AE7E700BF000000000078B0FA54
:1023A00080F0400970470423037070470078031FD2
:1023B00058425841704738B50B78012B05460C46FA
:1023C000F0EE406A07D0032B09D10846FFF7B4FFAF
:1023D00008B10023237063782BB1012B10D028465D
:1023E00001F0F8F907E0A3786168B0EE660A2846C4
:1023F0001BB101F011FC284638BD01F09DFBFAE746
:10240000A378002BEBD16168B0EE660A284600F095
:10241000FDFDF0E770B52DED028B067884B0044623
:10242000B0EE638A01256EB9FFF70AFF2346083331
:102430002580A67084ED028A6360304604B0BDEC4E
:10244000028B70BD2846F9E710B52DED028B03789D
:10245000032B84B00446B0EE638A0ED0FFF7F0FE83
:1024600003232380234600200833A07084ED028AD2
:10247000636004B0BDEC028B10BD0120F9E70000E1
:102480002DE9F0432DED088B0546B0EE409A99B04A
:1024900091ED0F0A0C469946F0EE61AAF0EE429AD1
:1024A000B0EE62BAF0EE608AB0EE418A6AB1D1ED68
:1024B000007A39EE279AD1ED017A70EEA78AD1ED34
:1024C000027A71EE80AA31EE278AFFF781FEB0EE24
:1024D00040AAB0EE6A0AFFF77BFEF0EE400AB0EECB
:1024E0004A0AFFF793FE05F108087AEE007ADFED5D
:1024F000444A04AE15AFB9F1000F4CD0B7EE007AE4
:10250000C7EE296A0FAB80EE294A94ED011AD4ED8B
:10251000021AD4ED000ACDED0F4ACDED104ACDEDF3
:10252000114A93E8070039EE607A38EEC13A78EE46
:10253000613A67EE262A23EE263A63EEA63ACDEDFF
:10254000152A8DED163ACDED173A86E807008DED88
:10255000034A97E807008DE80700B0EE496AF0EEFD
:10256000686AB0EE487AB0EE645AF0EE645AB0EEA3
:102570004A2A4046B0EE690A01F0EEFB0020012332
:102580002B80A87085ED02BAC5F8048019B0BDECA7
:10259000088BBDE8F083CDED154ACDED164ACDEDA3
:1025A000174A97E80700CDED124ACDED134ACDED5D
:1025B000144A86E8070012ABCDED034A93E8070002
:1025C0008DE80700B0EE496AD4ED064A94ED075A4B
:1025D000D4ED085A94ED0E4AD4ED032A94ED043A52
:1025E000D4ED053AD4ED000A94ED011AD4ED021AA7
:1025F000F0EE686AB0EE487AB0EE4A2AB9E700BF5A
:102600000000000070B52DED048B94B01646044612
:102610000D46F0EE618AB0EE429AB0EE628A8DED20
:10262000010A0146B0EE620A04A8CDED020A8DED62
:10263000031AFFF7C0FE9DED010ADDED020A9DEDD4
:10264000031AF0EE482AB0EE492AF0EE681A334633
:102650002A4604A92046FFF713FF002014B0BDEC62
:10266000048B70BDF0B52DED108B9FEDAC8AB4EEF0
:10267000C80AA1B0F1EE10FA05460E4617461C46F0
:10268000B0EE40EAF0EE608AF0EE419AB0EE61BA48
:10269000F0EE42AACDED0A2A40F31581A049A148E7
:1026A0000CF0EAFDB0EE48EAF5EEC08AF1EE10FA61
:1026B0009FED9DCA05D59D499A480CF0DDFDF0EED1
:1026C0004C8AF5EEC09AF1EE10FA05D59749954877
:1026D000DFED959A0CF0D0FD6400C4F101030AEE21
:1026E000103AB8EECAAA39EEE87A6AEE0E7A96ED9A
:1026F0000F0AD6ED00DA96ED01DA87EEAA9A013CD0
:10270000CBEE2A7A6AEE29FACDED097AC7EE2A7A5B
:10271000CDED0D7AD6ED027ACDED087AFFF758FDB2
:1027200007EE904AF0EE40CAB8EEE78AF0EE40BA03
:1027300014F0FEF9E8EE4EBA8DED0C0AB0EE6C0A1C
:1027400014F03CFA8DED0B0AB0EE6B0A14F0F0F9C0
:10275000B0EE40EAB0EE6B0A14F030FADDED0D7A1F
:102760009DED0B5A9DED0C3A77EEA75A28EE284ABC
:1027700068EE833A63EE254A68EE858A2EEE257A66
:1027800029EE802A68EE898A69EE644A22EE092AD7
:1027900029EE477AE9EE284AA9EE027A69EE8E6AB6
:1027A00065EE042A27EE85FA63EE893A25EE255A6E
:1027B00066EE896A60EE255A23EE044A67EE80EAE7
:1027C00027EE833A25EE095A67EE8E7A65EE895A2E
:1027D00068EE244A20EE2F6A28EE077AF1EE660AA8
:1027E000F1EE631A002F78D0A9EE235AE9EE265AAB
:1027F00038EEC33A32EE67AA71EECF1A70EEEE7A77
:10280000B0EE450AF0EE653A3DEE841AF0EE475A16
:102810003DEE224AF0EE466A63EE082AB0EE645AB4
:102820002AEE08AA21EE883A67EE887A28EE237A03
:102830002EEE2F6A68EE004ACDED187ACBEE2A7A9A
:1028400020AA04AB05F108048DED1D7ACDED1E5ACA
:102850008DED1FCA12E90700CDED197A8DED17AA8B
:1028600083E8070017AB8DED039A93E807009DED11
:10287000087ADFED2D5ADDED093ADDED081A8DE815
:10288000070031EE066A74EE266AF0EE6B7A204697
:1028900037EE0B7AB0EE494AB0EE6C2AF0EE6D0AD4
:1028A000B0EE4D1AB0EE6A0A01F056FADDED0A7A82
:1028B0006C60002001232B80A870C5ED027A21B046
:1028C000BDEC108BF0BD9FED1A8AB4EEC80AF1EE94
:1028D00010FA7FF5E9AE1749E1E699EE215AD9EEF3
:1028E000205A76EEAE6A73EE8F3A33EE683A68EEAF
:1028F000299A77EEC27A3DEEA21A3DEE444A63EE83
:102900008A2A23EE083A26EE8AAA28EE055A69EEAC
:102910008E6A67EE887A68EE255A8DE7DB0FC9402C
:1029200068D80308B5CA010800000000B9D8030838
:10293000DB0FC9C090D8030870B52DED028B0126BE
:1029400094B082700680416000209DF868508DED43
:10295000010A0C46F0EE618ACDED020A8DED031AF4
:102960008860C8600861486183B391ED000A04A8DB
:102970008AB301F051F9DDED057A9DED027ADDEDC6
:10298000066A9DED046A37EE677ADDED037A84ED21
:10299000037A77EEE67ADDED016AC4ED047A76EE2D
:1029A000C66AC4ED026A8DB19DED130AFFF710FCF3
:1029B000B0EE408AB0EE680AFFF70AFCF0EE400A7B
:1029C000B0EE480AFFF722FC84ED050A002014B09F
:1029D000BDEC028B70BD01F0AFF8CCE710B540F252
:1029E000011394B0038000238370002341600C46E0
:1029F0008DED010ACDED020A8DED031ACB600B615E
:102A00004B61E2B191ED000A04A800F0FFFADDEDA0
:102A1000057A9DED027ADDED066A9DED046A37EEDA
:102A2000677ADDED037A84ED047A77EEE67ADDED00
:102A3000016AC4ED057A76EEC66AC4ED036A002029
:102A400014B010BDC0B210B10248EFF7A1BB0248EC
:102A5000FBE700BFD8070020C807002008B50D20FD
:102A6000FCF70EF9314C324D30490D20FCF722F9BC
:102A7000637803F00303012B33D0022B51D0002BDA
:102A8000F2D1A378032B0CD8DFE803F0020F1C254A
:102A900028480323037001234370E3788370F2F71F
:102AA0001FFB2046FCF75EF9DEE7E078003818BF30
:102AB000012002F045FDE07002F00AFD20710223C2
:102AC0002370EEE7012002F02BFDE07002F006FD1E
:102AD00080F00100F2E7E178174803F0A5FB00233E
:102AE000EEE7A378012B08D0022B16D0002BBBD128
:102AF0000A23C4F803300523E2E72E680F481D229D
:102B0000314616F0B1FB3046E1F77AFD1D289ABF39
:102B10000130C0B21E202070C3E70BF0BDFE064698
:102B2000ECE72046F9F7D4F99EE700BFFC920020BD
:102B30007C1C0020BA420020452A0208FF92002097
:102B400030B50A4D2C7885B074B9F9F7A9F9084B5E
:102B50000293084B08490948CDE9004396222346D1
:102B600010F07CFC01232B7005B030BDE81E002066
:102B70005C7F0010BC7F0010E3D803085D2A0208C8
:102B8000014B1878704700BFE81E002001207047F5
:102B900000207047034B1B681BB1034903480CF02E
:102BA0006BBB70472C930020F0D80308B5CA01080E
:102BB00001207047037C13B1012B6DD07047B0F931
:102BC000003007EE903AF8EEE77AF6EE006A67EE2C
:102BD000A67AFDEEE77A17EE903A1BB207EE903A2E
:102BE000B0F9023007EE103AB8EEC77AF8EEE77A9D
:102BF00027EE267AD0ED026ABDEEC77A76EEE76A56
:102C000017EE103A1BB207EE103AB0F90430B8EEE6
:102C1000C77A06EE103A76EE876AB8EEC66A76EEA6
:102C2000866AFDEEE66AC1ED006AB0F90430D0EDC7
:102C3000026A06EE103A76EEE76AB8EEC66A76EEFB
:102C4000C76A76EEC66AFDEEE66AC1ED016AB0F9C2
:102C50000430D0ED026A06EE103A77EEA66AB8EEBE
:102C6000C66A76EEC76A76EE866AFDEEE66AC1ED62
:102C7000026AD0ED026AB0F9043077EEA67A77EEF8
:102C8000877A07EE103AB8EEC77A77EEC77AFDEE8C
:102C9000E77AC1ED037A7047D0ED036AD0ED007A90
:102CA0009FED296AD0ED014AD0ED025A274BB5EECF
:102CB000007A66EE876A67EE877A86EE867A0A1F62
:102CC0000C31DFED236AB0EE676AA4EEE66AE4EE4B
:102CD000A67AB0EE465AA5EEA66AA5EEE65A37EEFB
:102CE000066A35EE475A83ED016AB0EE676AA5EED3
:102CF000A66AE5EEE67A36EE476A37EE277A83ED86
:102D0000026ADFED145A9FED146ADFED146A83ED59
:102D1000005A83ED037AF3EC017AF5EEC07AF1EE16
:102D200010FA54BFB0EE677AB0EE657AC7EE067A55
:102D300067EEA67AFDEEE77A17EE900A42F8040FE6
:102D40008A42E8D1704700BF4A72C33B1C930020FF
:102D500040F3F540000000006666E63D00FF7F4757
:102D600030B5D0E900329342B8BF1346826823EAF7
:102D7000E3739342B8BF1346C2689342B8BF134689
:102D8000B3F5803FACBFA3F57F4300230446A6BF45
:102D9000FF3B01201846002554F82520D21A07EEE3
:102DA000902AF8EEE77AF5EEC07AF1EE10FA57BF06
:102DB000FCEEE77A002217EE902A92B221F8152055
:102DC0000135042DE8D130BD002070479FED010A88
:102DD000704700BF6666E63E70B521B9816001604C
:102DE0008180002070BD0B7803F00306C3F38105DA
:102DF000C3F301149A098670C57004714271B1F869
:102E00000130038003318160002BEAD00548825CE9
:102E1000835D1344425D1344025D134401EB4300A0
:102E2000E0E700BFD8070408F0B5144B9D5C89B0FB
:102E30006B1C0C465AB28DED000ADBB201AE0021CC
:102E40004FEA410C0131CFB2BB420CD86946B0EE1B
:102E5000600A00F0C7FBFF2D4FEA450008BF0020C5
:102E6000204409B0F0BD34F90C7007EE907AF8EE0A
:102E7000E77A87EE817AA6EC017AE1E7D8070408C1
:102E800070B52DED028B044600F1240684B00D468A
:102E900084220021304616F0C1F8E1699FED238AB3
:102EA00001A8FFF799FFBDF80400E1F767FD204B8B
:102EB0000022E1F7F7FEE2F785F8C4F8A40000EE7F
:102EC000900A95ED000A9DF806200399B0EE481A85
:102ED0003046FFF7A9FFD4ED290A95ED010A9DF8C8
:102EE00007200146B0EE481A04F14400FFF79CFFAA
:102EF000D4ED290A95ED020A9DF808200146B0EEAE
:102F0000481A04F16400FFF78FFF9FED0A1AD4ED11
:102F1000290A95ED0F0A9DF80920014604F1840065
:102F2000FFF782FF04B0BDEC028B70BD00007A4455
:102F300000408F40CDCCCC3D10B52DED028B90EDF7
:102F4000298A94B00446B0EE480A00F1240104A88E
:102F500000F060FCD4ED087AE16977EE887A01A888
:102F6000C4ED087AFFF738FF04A9E0612046FFF7B7
:102F700087FF14B0BDEC028B10BD00000000000004
:102F800030B5054691B040220021684616F046F85B
:102F9000AC69B4F90000E1F7F1FC1B4B0022E1F74A
:102FA00081FEE2F70FF80090B4F90200E1F7E6FCC9
:102FB000154B0022E1F776FEE2F704F80190B4F930
:102FC0000400E1F7DBFC104B0022E1F76BFEE1F7B8
:102FD000F9FF0290B4F90600E1F7D0FC08A3D3E9A9
:102FE0000023E1F75FFEE1F7EDFF083400230F90C7
:102FF0002B62EC6169462846FFF742FF11B030BDF5
:103000009A9999999999B93F00408F4038B52DED1B
:10301000028BD1ED087A91ED007A77EE877A05463A
:10302000F4EEC07AF1EE10FA0C46B0EE408A02DD02
:103030000846FFF7A5FF94ED080AD4ED007AE3698E
:1030400030EE270A43B1D4ED297A70EE277AB4EE38
:10305000E78AF1EE10FA22DA38EE400A284604F147
:10306000240100F0D7FB95ED017AD4ED047AD5ED7B
:10307000026A94ED036A37EE277AD4ED057A85ED7E
:10308000017A77EEA67AD5ED006AC5ED027A76EE82
:10309000866A2846C5ED006ABDEC028B38BD204625
:1030A000FFF74AFFC7E7000030B5002304464FF0A2
:1030B0007E5285B0816103608260C36003614361B9
:1030C000FFF75EFFE169002501A8FFF785FE0146D5
:1030D00018B1BDF804301D44F6E72846E1F73EFC80
:1030E000044B0022E1F7DEFDE1F76CFF606005B004
:1030F00030BD00BF00408F40B5EEC00AF1EE10FABF
:103100002DED028BDFED556AB6EE006A1CD823EE7A
:10311000066AB0EE665AF0EE663AF0EE668AF0EEB7
:10312000667AC0ED068A80ED002ABDEC028BC0ED08
:10313000012A80ED026AC0ED036A80ED045AC0EDF9
:10314000053AC0ED077A7047B2EE0C4A64EE427A57
:1031500020EE007AE0EE847AB2EE004A20EE044AD5
:1031600020EE075AE1EE047AB1EE084A20EE044A56
:1031700025EE005AE2EE847A37EE074A75EE053AFC
:10318000E1EE847AB1EE044AE3EE477A60EE058A16
:1031900064EE677AB2EE048A87EEA35ADFED303A26
:1031A00063EEC27A60EE284AE0EEA37ADFED2D3AB4
:1031B00060EE233A60EE245AE1EE237ADFED2A3AFC
:1031C00060EE233A74EEA44AE2EEA37A67EE083A80
:1031D00021EE866AE1EEA37AF1EE0C3A67EE233A2D
:1031E000E3EE637AC7EEA83ADFED208A68EEC27A92
:1031F00028EE422AE0EEA87ADFED1D8A60EE288AEA
:10320000A0EE882AE1EE287ADFED1A8A60EE288A9D
:1032100020EE040AE2EEA87AA1EE002AF2EE0E8A6F
:10322000A2EE802A67EE288AA1EE872AE1EEA87A2C
:10323000F2EE0A8A67EE288AA3EE472AE3EE687A5E
:1032400032EE022AF1EE677AC7EEA48AF0EE412A46
:10325000C2EE257AB0EE602A63E700BF00000000EE
:103260000000A8420000344200001C4200000C4351
:1032700000009042000088422DE9F0432DED048BC0
:10328000D7B09FEDC68A8DED010AB0EE610A4FF00E
:103290000048DFF80C93CDED020A0746B0EE619AC4
:1032A0008DED031AF7EE008A13F088FC44AA4DABAB
:1032B0008DED448ACDF814918DED468ACDED478A87
:1032C0008DED488ACDF82481CDF828818DED4B8A8B
:1032D0008DED4C8A002116461C46D2ED007A67EE31
:1032E000807A0131C3ED007AD2ED017A67EE807AFF
:1032F0000329C3ED017AD2ED027A67EE807A02F1FA
:103300000C02C3ED027A03F10C03E6D1A446BCE83B
:103310000F0017AD0FC5BCE80F000FC5B0EE490A8E
:10332000DCF800302B6013F003FC38EEC00A8DEDA2
:103330003B8ACDF8F0908DED3D8ACDED3E8A8DED46
:103340003F8ACDF80081CDF804818DED428A8DED64
:10335000438A8DED448ACDF814918DED468ACDEDEA
:10336000478A8DED488ACDF82481CDF828818DEDEE
:103370004B8A8DED4C8A3BAB002293ED006AD3ED76
:10338000016A93ED027A3146A0184FF0030EF1EC7A
:10339000015AF0EE487AE5EE867ABEF1010ED1EDE3
:1033A000025AE5EEA67AD1ED055AE7EE257AE0EC71
:1033B000017AECD10C32242A03F10C03DDD1A446AE
:1033C000BCE80F000EAD0FC5BCE80F000FC5DCF860
:1033D0000080C5F800800EAD0FCDB446ACE80F00FC
:1033E0000FCDACE80F003246CCF800802346D2ED7A
:1033F000007A67EE807A0EF1010EC3ED007AD2ED0D
:10340000017A67EE807ABEF1030FC3ED017AD2ED47
:10341000027A67EE807A02F10C02C3ED027A03F1C0
:103420000C03E4D1A446BCE80F0005AD0FC5BCE811
:103430000F000FC5DCF80080C5F800800DF15C0CB2
:10344000BCE80F0020AD0FC5BCE80F000FC5DCF8CD
:1034500000E0C5F800E005AD0FCD0DF1A40CACE81F
:103460000F000FCDACE80F00CCF800800DF1800C00
:10347000CDED3B8A8DED3C8A8DED3D8A8DED3E8A0A
:10348000CDED3F8A8DED408A8DED418A8DED428AEA
:10349000CDED438ABCE80F0035460FC5BCE80F00F0
:1034A0000FC53BABC5F800E03146224600209E46E2
:1034B00091ED007AD3ED007A77EE877A91ED017A7B
:1034C000C2ED007AD3ED017A77EE877A91ED027A38
:1034D000C2ED017AD3ED027A013077EE877A0328C4
:1034E000C2ED027A03F10C0301F10C0102F10C02AE
:1034F000DED1A446BCE80F0032AD0FC5BCE80F001A
:103500000FC5DCF80080C5F800800DF1C80CBCE8E0
:103510000F0075460FC5BCE80F000DF1A40C0FC5D8
:10352000BCE80F00C5F8008035460FC5BCE80F00A9
:103530000FC5DCF800302B6022467346002193ED66
:10354000007AD6ED007A77EE877A93ED017AC2EDB4
:10355000007AD6ED017A77EE877A96ED027AC2ED9F
:10356000017AD3ED027A013177EE877A0329C2ED31
:10357000027A03F10C0306F10C0602F10C02DED113
:103580000FCC3D460FC50FCC0FC523682B603846C6
:1035900057B0BDEC048BBDE8F08300BF0000000015
:1035A000000080BF31EE601AC0ED000AC1EE007A63
:1035B00018220021083040ED017A15F02FBDF7EEFA
:1035C000007AC7EE806A031D2030F0EE667A93ED34
:1035D000007A27EE277A67EEA67AA3EC017A834277
:1035E000F5D17047002A2DE9F04F0346B0EE407A3E
:1035F00005DD012AD1ED000A03D1C0ED000ABDE8C6
:10360000F08F022A05D1BDE8F04F91ED011AFFF7C6
:10361000C9BF082A284DA8BF0822501E05EB80000C
:1036200090ED006AB8EEC66A05EB82089E4601F18D
:10363000040C2E46002010F0010FDFED207A0CBFA5
:1036400001274FF0FF37B146AA460C4605EE107A27
:10365000F4EC014AFAEC015AB8EEC55AF8EEE55A14
:1036600025EE245ACB46C5EE254A6445A9F1040946
:10367000C7F10007DBED006AF8EEE66AC4EEA65A71
:1036800077EEA57AE2D178ED016A66EE277AF8EE58
:10369000E66A0130C7EEA65A824206F1040604F13A
:1036A000040CEEEC015AC6D1BDE8F04FB0EE470A6B
:1036B0001846FFF784BF00BFDC07040800000000C5
:1036C00000F12003D0ED017AF1EE677AC0ED017AC6
:1036D00008309842F6D17047F0EE407A9FED060A26
:1036E00000F1200333ED017AA7EE807A8342B0EE39
:1036F000470AF7D1704700BF0000000000B589B04D
:10370000F0EE406AFFF7E8FF0246B0EE406A203074
:10371000B0EE660AFFF7E0FF02F14000F0EE400A6B
:10372000B0EE660AFFF7D8FFB0EE401AB0EE460AD8
:1037300009B05DF804FB0246012307EE903A92EDD2
:10374000017AF8EEE77A013367EE877A082BE2EC2C
:10375000017AF2D10023C3617047D0ED007A77EE91
:10376000807AC0ED007AD0ED087A77EEA07AC0EDCD
:10377000087AD0ED107A77EE817AC0ED107AD0ED2C
:10378000187A77EEA17AC0ED187A704710B5024624
:10379000014600F1800408462031FFF710FFA142E6
:1037A000F9D1D2ED207A67EE807AC2ED207A10BD91
:1037B00008B5FFF7C0FF01462030FFF7BCFF01F15D
:1037C0004000FFF7B8FFBDE8084001F16000FFF7D7
:1037D000B2BF0000024A026042608260704700BFD0
:1037E0000000C07F90ED017AD0ED007AB4EE677AE8
:1037F000F1EE10FA0BD6D0ED027AF4EE677AF1EE24
:1038000010FA6CBF0120002080F0010070470120F9
:10381000FAE7000038B504462DED0C8B0846B0EEF3
:10382000408AFFF76BFF01F1600084ED000AB0EE03
:10383000480A84ED021AC4ED010AFFF74DFF842205
:103840006148B0EE409AE0F72BFE5F48FFF7B0FF0B
:10385000B0EE480A5C48FFF751FF5B4B84ED030A6A
:1038600003F16000B0EE480A84ED051AC4ED040AC5
:10387000FFF732FF6038FFF79BFFB0EE40BA5248C7
:10388000B0EE480AFFF73AFF4F4884ED081AC4ED3E
:10389000070A84ED060AFFF78BFFB0EE480A4A4894
:1038A0009FED4A8AFFF72AFFD4ED07AADFED487A99
:1038B00094ED06DA94ED08AA84ED090A7AEE88AA56
:1038C0003DEE08DA3AEE27AA6AEEAA7AF7EE00DAB7
:1038D000EDEE0D7AF0EE40CAEAEE0A7AB0EE490A51
:1038E000B1EEE77AB0EE41CACDEE87BAF0EE608A6B
:1038F00084ED0B1AC4ED0A0A13F01AF9F0EE409A9F
:10390000B0EE490A13F05AF92AEE2BAA2DEE2BDA63
:103910006AEEABAA2AEE407A6AEEE97AAAEE887AD3
:10392000204628EE4D8AE0EE0D7AA9EE8A8AB0EEA6
:103930004C1A28EE086A2BEE0ABAA7EE076A84ED45
:103940000EBAA7EEA76A84ED0F9AF1EEC65A28EEDA
:10395000AA6ACDEEA56AACEE8D6A27EE267AACEEA9
:103960000A6A28EE268AE6EE6A8A67EEA67A6AEE88
:10397000474AF0EE6C6AE6EE4D6AE7EE8D4A2AEEB3
:10398000E75A68EEAB8AA8EE0A5A6DEE485A66EE20
:10399000AB6AA6EE4A1A28EE888A68EEA48AA6EEDA
:1039A000878AE7EE2A5AE6EE858A21EE2B1AA1EEE7
:1039B000278AE1EE258AB1EE488A84ED0C8AC4EDAF
:1039C0000D8ABDEC0C8B38BD309300200000000048
:1039D000C3F51C4110B511EE903A2DED028BDFEDD1
:1039E000527A9FED528A002B90B0B8BFB0EE678A32
:1039F0008DED010ACDED020A31EE880ADFED4C0AA9
:103A00008DED031A044612F0A1FE30EE488A9FEDB8
:103A1000490AF0EE481AF0EE400AB7EE001A07A87D
:103A2000FFF72AFC94ED016ADDED086A9DED0B7A43
:103A3000DDED0E7AD4ED004ADDED070ADDED0A1A60
:103A4000DDED0D2A94ED025AD4ED038A9DED091A9D
:103A50009DED0C2A9DED0F3A94ED050A66EE263A8F
:103A600026EE074A67EE865AE4EEA03A94ED046A21
:103A7000A4EEA14AE4EEA25A66EE864AE5EE013AC9
:103A8000A5EE024AE3EE055AE0EEA84A27EE065AF2
:103A9000E1EE004AA1EEA85A27EE866AA2EE005A8D
:103AA000A2EEA86AC4ED034AD4ED074A84ED045A95
:103AB000A3EE006A94ED065A84ED056A67EEA47AD7
:103AC00094ED086AE2EE857A66EEA46AE3EE067A81
:103AD00027EE247AC4ED087AD4ED0F7A77EE887A4F
:103AE000E0EE856AA1EE857AC4ED0F7ADDED027A0B
:103AF00034EE274ADDED037A84ED014A75EEA75ACC
:103B0000E1EE066AA2EE067ADDED017AC4ED066A00
:103B100077EEA37A84ED077AC4ED007AC4ED025AF9
:103B200010B0BDEC028B10BDDB0F49C0DB0F49406C
:103B3000DB0FC9400000000070B52DED028BD1ED08
:103B4000007ACB69064630EE678A087E90B00C4654
:103B500000228425904220DC05FB0031843991ED60
:103B6000200A6846FFF756FED4ED051A94ED020AC6
:103B7000D4ED030A94ED041A6846FFF72BFF0023E7
:103B800003930493059306930793089309930A9369
:103B90000B930C930D930E9326E005FB0231D1EDB0
:103BA000207A94ED017A67EE877AF4EEC87AF1EE26
:103BB00010FA2ADB84221748E0F772FC94ED010A20
:103BC0001448FFF7E3FDB0EE480A68461149FFF7D5
:103BD00021FED4ED051A94ED020AD4ED030A94ED0A
:103BE000041A6846FFF7F6FE6C460FCC35460FC543
:103BF0000FCC0FC50FCC0FC594E80F0085E80F0060
:103C0000304610B0BDEC028B70BD38EE678A0132D1
:103C1000A0E700BF3093002070B52DED028BD1EDF1
:103C2000007A0B7E0C4630EE678AC96990B0064672
:103C3000013B8422581C43D19FED428A6846B0EE76
:103C4000480AFFF7E7FDDDED017A94ED037ADDED3B
:103C5000026A94ED026A8DED038A37EE277AD4ED7D
:103C6000047A8DED017A77EEA67ADDED006ACDED6E
:103C7000027A76EE866A8DED048ACDED006A8DEDCE
:103C8000058A8DED068A8DED078A8DED088A8DED0A
:103C9000098A8DED0A8A8DED0B8A8DED0C8A8DEDEA
:103CA0000D8A8DED0E8A6C460FCC35460FC50FCCB4
:103CB0000FC50FCC0FC594E80F0085E80F0038E062
:103CC00002FB0315D5ED207A94ED017A67EE877A31
:103CD000F4EEC87AF1EE10FA30DB294684221A4855
:103CE000E0F7DEFB184894ED020ADFED161A94EDBA
:103CF000041AD4ED030AFFF730FD94ED010AFFF733
:103D000045FD11481049FFF7DBFC1048FFF7D8FCD0
:103D10000F48FFF7D5FC0F48FFF7D2FC95ED207A4E
:103D2000D4ED017AB0EE480AA7EE670A3046FFF7F5
:103D300071FD304610B0BDEC028B70BD38EE678A65
:103D4000013B77E7000000003093002050930020F3
:103D5000709300209093002000B52DED068BF0EEBF
:103D6000418A8DB0C369CDED0A8A4FF07E52DFEDF6
:103D7000368A83ED200A42600122B0EE408AB0EE1E
:103D8000429AB0EE621AB0EE462ADDED142ACDED6D
:103D90000B1A8DED073AF0EE641A9DED183AC0ED5E
:103DA000028AC0ED038AC0ED048A02761846F0EE5E
:103DB000449AB0EE67AACDED083A8DED045ACDEDE8
:103DC000055ACDED016A8DED027ADDED17AAFFF7F8
:103DD00093F99DED193ADDED152A9DED012ADDEDF2
:103DE000041A9DED071ADDED0A0AB0EE480A03F148
:103DF0002000FFF781F99DED1A3ADDED162A9DEDC1
:103E0000022ADDED051A9DED081ADDED0B0AB0EE74
:103E1000480A03F14000FFF76FF9B0EE683AF0EEA0
:103E20006A2AB0EE4A2AF0EE681AB0EE691AF0EE8D
:103E3000490AB0EE480A03F160000DB0BDEC068BF4
:103E40005DF804EBFFF758B90000000005280AD818
:103E5000DFED057A054B20EE270ABCEEC00A10EE16
:103E6000102A23F81020704700007A44B4930020F1
:103E700000B58DB00423019068468DF800308DEDBB
:103E8000020ACDED030A09F04BFE0DB05DF804FB0C
:103E9000024B1A780AB901221A707047E91E0020F5
:103EA000014B1878704700BFE91E0020F0B5DFED28
:103EB000936A9FED937A934B9348944A944C954917
:103EC00020EE260A60EEA60A21EE261AF5EE401A2A
:103ED000F1EE10FAC0EE075AC0EE877A81EE074A7B
:103EE0002DED028BF6EE004AB7EE085A09D1B5EE79
:103EF000402AF1EE10FA04D1F5EE402AF1EE10FA64
:103F000072D062EE026AB0EE456AE1EEA16A824EBC
:103F1000824F92ED001AD4ED000AD1ED003AE2EEA4
:103F2000A26A16EE905AA3EB650507EE105A66EEEC
:103F3000A46A7B4D66EE876AA7EE666A27EE067A6C
:103F400023EEE06A62EE876A21EE870A22EE078A94
:103F500061EE233A90ED007AA7EE016AE7EE203A8F
:103F6000BEEE007AA0EEA07AA1EE017A23EEE61A68
:103F7000A8EE071A27EE407AA6EE867A66EE486A21
:103F80009FED686AE0EE236AD5ED003A664DF4EEE7
:103F9000C63AF1EE10FA40F3AB8021EE236A96EDBB
:103FA000000AD5ED000AA3EE060A27EE236A66EEA4
:103FB000A33AE3EE060A97ED006A86ED000AA3EE47
:103FC000236A75EE805A77EEA07A34EE064AC5ED84
:103FD000000A564D87ED006A95ED006AE1EE065A3B
:103FE000E7EE067AA6EE864A23EE243AD1ED003AB1
:103FF00094ED001AD0ED000A92ED006A63EE255AA6
:1040000023EE277A23EE043A23EEC74A63EE237A9F
:1040100060EEC36AE5EE817AE7EE016AE7EE467A82
:1040200027EE207AA0EEE54AA3EE017AA3EE464AF7
:10403000A5EEE37A70EEA77AE5EE866A31EE044AE1
:1040400036EE076A27EEA77A73EEA66AA4EE047A24
:10405000A6EEA67AA6EE067A17EE105AA3EB650333
:1040600005EE903A27EE247A314B27EE257AA5EE1D
:10407000C75A65EE855A24EE255A26EEA57A66EED5
:10408000256A67EEA57A27EE456A67EE265AA7EEFF
:10409000A66AE5EE275AC0ED007A67EEE77A36EEBB
:1040A000066AE5EE057A83ED006AE7EE477A214B72
:1040B00075EEA55AE6EEA67AC3ED005A1E4BC2ED88
:1040C000006AC3ED007A1D4B84ED005A1A7881ED29
:1040D000007A52B922EE252A194AA1EE862AA2EECA
:1040E000A72A82ED002A01221A70BDEC028BF0BDD6
:1040F00086ED006A85ED006A6BE700BFDB0F494083
:1041000000003443DF59375FD8930020D09300205C
:10411000C40B0020D4930020E4930020DC93002003
:10412000C80B002000000000E0930020CC0B002012
:10413000CC930020C8930020C4930020C09300209B
:10414000C00B002010B5064C2468046005480068C8
:104150000860054909681160044A12681A6010BDB8
:10416000D8930020D4930020D0930020C40B0020CB
:1041700070B52DED068B2D4BD3ED007A2C4BB7EEA1
:10418000008AD3ED009A2B4BF4EEC87AF1EE10FAC8
:1041900093ED00AA04460D46164608DCBFEE008AE1
:1041A000F4EEC87AF1EE10FA58BFB0EE678A224BEF
:1041B0009FED229AD3ED006A214BDFED228AD3EDE9
:1041C000007A214BD3ED000A204B93ED007A20EECC
:1041D000870A60EEA00AA6EEA70AE6EEA60A30EE6F
:1041E000000AE7EE470AE7EEE70A12F071FA20EE5E
:1041F000090AC0EE287AB0EE480AC6ED007A12F03D
:104200003BFA20EE090AF0EE4A0AC0EE287AB0EE38
:10421000690AC5ED007A12F05BFA20EE090AC0EED9
:10422000287AC4ED007ABDEC068B70BDCC930020DB
:10423000C8930020C4930020C40B00200000344326
:10424000D0930020DB0F4940D8930020D493002066
:104250000A4BD3ED007A0A4B60EEA70AD3ED007A41
:10426000084BE0EE270AD3ED007A074BE1EE270A70
:1042700093ED000A30EEC00A704700BFC8930020DB
:10428000CC930020C4930020C00B00202DE9F843FC
:10429000074600F03EFADFF87880841C98F80000AA
:1042A00000F024FA10BB00F030FA00F11A05F3F721
:1042B00065FD0DF06FFF00F028FAA842FBD3002641
:1042C00034464FF0010998F8000000F00FFA18B1D9
:1042D00009FA06F31C43A4B2092E05F134050CD0EB
:1042E00000F013FAA842FBD30136ECE700F011FA14
:1042F000A042D3D30020BDE8F8830DF06DFFE207A4
:10430000F8D4A305F6D564083C700120F3E700BF9C
:10431000F593002013B5FF2304468DF807300DF107
:104320000700FFF7B3FF00B91CB99DF8070002B002
:1043300010BD013CF3E7000030B50B4C228808218A
:1043400080EA020303F0010303EB830503EB45332B
:1043500083EA52024B1E13F0FF0192B24FEA500063
:10436000EED1228030BD00BFEA930020F7B51E4F8A
:104370001E4E00233B707B70337073700144FF232B
:104380008DF807300446CDB22046FFF77FFFE8B135
:1043900014F8010BFFF7D0FFE3B29D42F4D100F017
:1043A0009DF9D8B11148FFF771FF78B11048FFF7B8
:1043B0006DFF58B10DF10700FFF768FF30B13A8883
:1043C00033889A4202D0C2238DF807309DF8070047
:1043D000A0F130035842584103B0F0BD0DF1070081
:1043E000FFF754FFF2E700BFEA930020E8930020B4
:1043F000E993002070B540F2014444EA800400F0E3
:1044000084F90546F3F7BAFC0DF0C4FE0A4E307885
:10441000E3070AD500F071F9640805F1340507D007
:1044200000F073F98542FBD8F1E700F068F9F3E793
:10443000BDE870400DF0D0BEF5930020F8B5124FE6
:10444000124E04460D46387800F05DF925440023ED
:1044500033707370EDB22078FFF7CCFF14F8010BC6
:10446000FFF76AFFE3B29D42F5D100F037F928B1BA
:104470003078FFF7BFFF7078FFF7BCFF3878BDE8F2
:10448000F84000F03EB900BFF5930020EA93002009
:1044900007B5104B026893431AD0FF238DF8043000
:1044A000002304218DF8053043788DF80630837899
:1044B0008DF807300DEB0100FFF7C0FF0220FFF77A
:1044C00029FFA0F130035842584103B05DF804FBC6
:1044D0000120FAE700FFFF0037B5054608460C4605
:1044E000FFF7D6FF80B123788DF806500DF1060056
:1044F00002218DF80730FFF7A1FF2178606803B033
:10450000BDE83040FFF732BF03B030BD37B5FE2302
:104510008DF8043003788DF807300421B3FA83F363
:104520005B09054600240DEB01008DF806308DF87F
:104530000540FFF783FF0220FFF7ECFEFF280CD1B8
:1045400029786868FFF77AFF2820FFF7E3FEA0F1DB
:1045500030035842584103B030BD2046FBE773B5E5
:10456000064608460C461546FFF792FFA0B12046C6
:10457000FFF7CCFF80B1012302210DF106008DF879
:1045800007308DF80660FFF759FF2846FFF7C2FE97
:10459000A0F130035842584102B070BD10B5194B1C
:1045A00088B004460DF10F0203F1100153F8040B1B
:1045B00042F8040B8B42F9D11B78137011210DF1D5
:1045C0000F00FFF73BFF08210DF10600FFF7CEFEBD
:1045D000A0B19DF80630342B12D19DF80730372B4F
:1045E0000ED19DF80830312B0AD19DF80930A37007
:1045F0009DF80A3063709DF80B30237008B010BD31
:104600000020FBE7D497030807B5FD2302210DF135
:104610000600ADF80630FFF711FF0120FFF77AFE24
:10462000A0F1C1035842584103B05DF804FB07B53F
:104630000023ADF806300123037002210DF10600BE
:10464000FFF7FCFE03B05DF804FB02280CBF072057
:104650000320FFF741BF01460420FFF73DBF07B528
:10466000FFF716FF80B14FF4817302210DF10600B0
:10467000ADF80630FFF7E2FE40F2DC50FFF74AFEED
:10468000A0F130035842584103B05DF804FB0146E5
:1046900040F2DC520520FFF762BF0146FA220120FA
:1046A000FFF75DBF13B50446FFF7F2FE90B1204659
:1046B000FFF72CFF70B14FF482730DF10600022159
:1046C000ADF80630FFF7BAFE142002B0BDE8104086
:1046D000FFF720BE002002B010BD0000024B18788A
:1046E000003818BF01207047F193002008B5E9F7A2
:1046F00035F8003818BF012008BDE8F7D7BFE9F743
:1047000011B8E8F78FBFE8F7ADBF08B5F1F762F968
:1047100008BD08B5F1F75EF94FF47A720023E0F7AF
:10472000AFFD08BD13B51E4A1E4C00231370237045
:104730008DF806309DF80630032B0CD9C8200FF0F9
:10474000C7F900238DF807309DF80730032B0ED9E9
:10475000207802B010BD9DF80600E8F7C3FF23786B
:10476000013323709DF806300133DBB2E0E79DF89A
:104770000700E8F777FF9DF80700E8F7D3FF01206F
:104780000FF0A6F99DF80700E8F74CFF9DF8070029
:10479000E8F78CFF9DF807300133DBB2D2E700BFAA
:1047A000F5930020F693002080EA0120082241F2D0
:1047B000210103B2002BB5BF81EA4303400098B248
:1047C00080B2013AF5D1704737B50DF1070001F01D
:1047D0004DFC054D9DF8074028882146FFF7E4FF72
:1047E0002880204603B030BDEE93002038B5054D3B
:1047F000044601F099FC28882146FFF7D5FF288060
:1048000038BD00BFEC9300202DE9F04F4FF00008B9
:10481000C7B04446AE4B1C705C70FFF7D5FF2F2825
:10482000F8D10DF10E0401210220E8F7B9F9A4F83E
:104830000080FFF7C9FF0190FFF7C6FF8DF8110058
:10484000FFF7C2FF8DF81200FFF7BEFF0DF1180B46
:1048500004AD07460646D946FFF7B6FF013E16F0FF
:10486000FF060BF8010BF7D10DF10B0B0DF10C0A44
:10487000584601F0FBFB9BF800108AF801105846DF
:1048800001F0F4FB9BF80010914B8AF80010BAF885
:1048900000101B88994218BF032601210846E8F73B
:1048A0007FF9002E40F0C081019BC5F80490303B99
:1048B000102B00F25081DFE813F04E006900110068
:1048C0006C00BD0187004E01C0004E014801660129
:1048D00089014E017E0199017500A5017D4C4FF0C3
:1048E000000B4FF0090A7C4F0021022087F800805E
:1048F00087F80180E8F754F92E20FFF777FF019839
:10490000FFF774FF6878FFF771FFA878FFF76EFF75
:104910005046FFF76BFF04EB0A05EDB214F8010BEC
:10492000FFF764FFE3B29D42F8D13046FFF75EFF28
:10493000787801F0F9FB387801F0F6FB00210120CE
:10494000E8F72EF9BBF1000F3FF463AFE8F75AFE2A
:1049500047B0BDE8F08F614F3B783BB1604B1B78AF
:10496000022B08D84BB1FFF74FFE30B14FF0000BD0
:104970004FF0010AB7E7042BF5D000233B707B70A2
:104980004FF0000B4FF0010A0F26ACE76C232370A9
:10499000ECE7C8232370042363704FF0000B4FF043
:1049A000020AA0E799F80030022B07D9042B08D09F
:1049B0004FF0000B4FF0010A092694E7002B00F09E
:1049C0003C81474A1370D1E7464A99F80030127883
:1049D0009A4205D84FF0000B4FF0010A082682E7F3
:1049E000414F3B703E4B1B78022B1FD803B395F809
:1049F00002B03A48FFF71BFEBBF1010F18D138781F
:104A0000E8F730FE3878E8F78DFEFFF782FE834640
:104A1000FFF77FFEA0EB0B03B3F5967FF8D3387852
:104A2000E8F744FE3878E8F7FDFD01E0042BDED01E
:104A30002A4B00221A705A7098E7284F294A0023FF
:104A400012783B707B7099F800309A42C2D9264A9E
:104A50004FF0030B13703846FFF7A0FD002856D027
:104A60003B8849F20F32934240D849F206329342D2
:104A70001AD843F2064293420CD021D842F60632AD
:104A8000934207D043F20632934203D041F60672B6
:104A900093423CD10423124A104C1370FB704FF028
:104AA000000B4FF0040A1EE703F5D94379339BB29C
:104AB00040F2091222FA03F3DB0728D50223EAE7C2
:104AC00043F206529342E5D044F20672E0E700BF9B
:104AD000EE93002098D90308EC930020F193002076
:104AE000F0930020F6930020F59300204FF230322F
:104AF00093421DD01ED84EF6B202934214D84EF601
:104B0000B002934214D849F20B429342D6D00BF133
:104B1000FF3B1BF0FF0B9ED1494C87F800B087F894
:104B200001B04FF0040A2FE74FF210329342EED15A
:104B30000123B0E74FF210429342F9D04FF65002F2
:104B40009342F5D04FF29032F0E73E4B19780129AD
:104B500007D0042905D04FF0000B4FF0010A0226C0
:104B6000C1E699F80030237004290CBF9B005B005C
:104B7000DBB26B7028460023AB70FFF770FD002896
:104B80003FF4FEAEF2E699F800302B702D4B18780A
:104B900002280DD80028DED02946FFF756FD002850
:104BA0003FF4EEAE95F800A04FF0000B4C469AE6AD
:104BB0000428D0D1F0E799F800302B70214B1B78F6
:104BC000022BC8D12846FFF746FDE8E71D4B2F70A2
:104BD0001B78022B06D8002B3FF4C8AE2846FFF7FF
:104BE0005CFDCCE7042B7FF4C1AEF7E7154B2F70CB
:104BF0001B78012BAFD0022B7FF4C2AE2846FFF703
:104C000046FDBCE70F4B93F800B0BBF1040FA2D1F7
:104C100028462F70FFF746FD30283FF4A7AEC02886
:104C20007FF4AEAE5E46A1E64FF0000B4FF0010AF6
:104C3000032658E64FF0010B9AE69B46BAE600BF02
:104C4000F1930020F093002070B5114D2B680133D3
:104C50002B60104B196809B90F4B19680F4B1B6873
:104C6000994204D90E490F480AF006FB00210C2393
:104C70000D4C4B43E218E6584EB128689268043355
:104C8000E1180A2358433346BDE87040184770BD09
:104C90009C390020109400200C94002088250020CE
:104CA000A2D90308B5CA0108D00B002038B51549B0
:104CB0001548164C164DFBF7F9FB164920601248B3
:104CC000FBF7F4FB28602088134CFBF77DFF206086
:104CD0002888FBF779FF2368104A83EAE371A1EB88
:104CE000E3710529C8BF6FF031014FF00000C8BF64
:104CF0004B431060C4BF03F6B8301060BDE83840C5
:104D0000EDF76AB92BAF030808A603080494002046
:104D10000094002021AF0308FC930020F8930020AA
:104D2000014B1888EDF758B9880C0020F8B5174DDD
:104D30002B680C46164603BB0A6806EB82021089F4
:104D4000FE2808D10B6012490A680AB10B60F8BD51
:104D5000104B1A60FBE7FF2801D12360F7E7578962
:104D6000EDF73AF933685F4345F6C053B3FBF7F309
:104D7000013B2B6023680133EFE7012B01D1EDF7F5
:104D800023F92B68013B2B60E1E700BF089400206A
:104D9000109400200C940020EDF716B973B50F4E57
:104DA0003578CDB90E4B0F480E221A600E4B019389
:104DB0000E4B009301222B460A210FF0E5FD04461D
:104DC0000EF020FD64230246009301212B4620466D
:104DD0000FF01EFE0123337002B070BDEA1E0020EA
:104DE00088250020C4D90308FC250020494C02086E
:104DF000014B1878704700BFEA1E0020014B186075
:104E0000704700BF1094002008B5174E30684FF46B
:104E1000FA610DF0ADFF0128044615D10EF0F2FC49
:104E2000014612480AF048FB0028EFD1104D2B78BC
:104E3000002BEBD10D480AF05CFB0E4902460E48F0
:104E40000AF01AFA2C70E1E7EFF7F6FE0028DDD140
:104E50000A4909480AF010FA09490A4840F22112A1
:104E600009F078FDD2E700BFA8AD0020B0AD00206A
:104E7000ACAD0020CFD90308B5CA010801DA030898
:104E80002ADA0308F6E603082DE9F04F03218BB078
:104E900000200EF045FE00F003FF264926480AF0E8
:104EA000EBF90EF0AFFC0590EFF76EFE00283CD05A
:104EB00000F0F6FE21492048214E224D0AF0DCF98F
:104EC0000EF0A0FC012440F2EB330146CDE90034A2
:104ED0001D4840F2E5334FF47A720AF0DFFA0322FC
:104EE000002120460DF0C2FC184B19491860194BDF
:104EF0000293194B0193052300931848002396222F
:104F00000EF0ACFAEFF756FE3046EFF74DFEFAF72B
:104F10007FFC28B33046FAF79BFC0C4800231A4666
:104F2000194600680DF0DAFCECE7012105A80EF047
:104F300085FDB9E74ADA0308B5CA010870DA030843
:104F4000184F002088AD0020B0AD0020A8AD002093
:104F500090DA03087482001014A40020094E02089D
:104F6000DFF8E48308F06CFD98F80030984206D032
:104F7000184608F093FD08F063FD88F80000DFF89C
:104F8000CC8305F02BFF98F80030984206D01846E5
:104F900005F050FF05F022FF88F80000DB482146AD
:104FA00008F060FD00220DF113010DF112008DF8E3
:104FB00012208DF81320FAF71BF938B1D44B9DF865
:104FC00012201A70D34B9DF813201A7000F0EAFAE1
:104FD000804680F00100C0B2F9F732F8CB49CE48E4
:104FE0002246F8F72DFF18B1CB480121F7F74EFC08
:104FF000C649CA48F7F792FCC8492246304600F035
:1050000015FBC24AC54823463146F7F795FBC3480E
:1050100000F0A6FABD4BC149C1480094324605F0E4
:10502000EFFEB8F1000F00F0BA81BE49BC48DFF8CE
:105030002093DFF8F0B2DFF8F4A2FDF7BBFDEDF747
:1050400051FCD9ED007A9FEDB87A30EE670A4FF047
:105050000008E0EE077AC9ED007ABBEC010AD9ED51
:10506000000A4046B8EEC00AE8F7F4F808F1010873
:10507000BDEEC00AB8F1040FAAEC010AEDD1DFF8C9
:10508000D482AA484146FDF76BFEB8F80010002014
:10509000E8F75CF9B8F802100120E8F757F9B8F81A
:1050A00004100220E8F752F9B8F806100320E8F7D8
:1050B0004DF9964BDFED9E7A93ED097ADFED9D6A0F
:1050C00027EE277AB7EE006ABDEEC77A0DF11C0C09
:1050D00017EE102A93ED0A7A2A8027EE277A00210C
:1050E000BDEEC77A012017EE102A93ED0B7A6A8085
:1050F00027EE277ABDEEC77A17EE102A93ED0D7AC8
:10510000AA8027EE277ABDEEC77A17EE102A93ED14
:105110000E7AEA8027EE277ABDEEC77A17EE102ABC
:1051200093ED0F7A2A8127EE277ABDEEC77A17EE24
:10513000102A93ED117A6A8127EE267A27EE277AD4
:10514000BDEEC77A17EE102A93ED127AAA8127EEE8
:10515000267A27EE277ABDEEC77A17EE102A93ED4E
:10516000137AEA8137EE067A27EE267A27EE277A37
:10517000BDEEC77A17EE102A2A821A6906925A697A
:1051800007929A69DB690892099306AA634602EBC3
:10519000810ED3ED006A9EED007AF0EEE66AB0EE85
:1051A000C77AF4EEC76AF1EE10FAC8BF014600F103
:1051B0000100D8BF734604280CF1040CE6D193ED2E
:1051C000007A9FED5D6ADFED5D5AB5EEC07AF1EED3
:1051D00010FA4CBF4FF0010E4FF0000E0B460020AE
:1051E000B6EE005A81421DD0D2ED006AB0EEE67AEA
:1051F000C7EE064A9B02B0EE457AA4EEA57AF5EE1C
:10520000C06AF1EE10FABCEEC77A4CBF4FF0010C49
:105210004FF0000C17EE107A8EEA0C0C43EA4C2388
:105220001F433B460130042802F10402DAD1DFEDCE
:10523000446A96ED037A6B6127EE267A374ABDEE13
:10524000C77A17EE103A96ED047A2B8327EE667A2A
:10525000BDEEC77A17EE103A96ED057A6B8327EE0E
:10526000267ABDEEC77A17EE103A92ED0F7AAB832D
:1052700027EE277A334BBDEEC77A17EE101A92ED60
:10528000107A198027EE277ABDEEC77A17EE101A2A
:1052900092ED117A598027EE277ABDEEC77A17EE84
:1052A000101A92ED137A998027EE277ABDEEC77A0D
:1052B00017EE101A92ED147AD98027EE277ABDEEF8
:1052C000C77A17EE101A92ED157A198127EE277A10
:1052D000BDEEC77A17EE101A92ED177A598127EEB4
:1052E000277ABDEEC77A17EE101A92ED187A9981D7
:1052F00027EE277ABDEEC77A17EE101A92ED197ACB
:10530000D98167EE277AFDEEE77A25E0682C002048
:10531000E9AD0020E8AD0020ECAD0020A8AE0020F3
:1053200094AE002084AE00200AD7233C74AE002047
:1053300000007A44C3F51C41F304353F0080FF436D
:1053400058A08B4174AD0020EBAD0020EAAD0020E9
:105350009C0700206CAE002017EE902A1A82E5F719
:105360009FFB80B1E5F7A2FB01280CD1E5F7A4FB78
:105370004FF47A7393FBF0F0B4FBF0F300FB1343AC
:105380000BB9E5F79FFBF0F725FB336B054AC01A15
:10539000054B18609368013301349360BDE5E8F76D
:1053A00045F886E68C0C002028AF00207FB5214E02
:1053B00034780546002C36D1EFF7C4FB284608F0B8
:1053C00097FB204605F036FDFDF7E4FB09F07AFA7D
:1053D000E8F73EF8F7F7ACF908F032FB164B187017
:1053E00005F0FCFC154B16491870164B0293164B32
:1053F0000193052300934FF4E172234613480EF006
:105400002DF8F9F79FFE80B1114B0293114B0193D8
:10541000022300931049114823464FF480620EF096
:105420001DF80123337004B070BD0D490D4809F01B
:1054300023FFF6E7EB1E0020EBAD0020EAAD0020D5
:10544000A0DA0308D48200106CA60020894E02085E
:105450001482001014940020ABDA0308BDF2010896
:10546000B9DA0308B5CA010810B5EFF787FB04469F
:1054700008F0ECFA044005F0B7FCE4B20440FDF794
:1054800097FB0440E8F7E0F90440F7F752F92040B1
:1054900010BD0000034B0360034B0B6096231360A9
:1054A000704700BF4C8F0010F48C0010034B03605A
:1054B000034B0B604FF4167313607047948C00100D
:1054C00034830010014B5878704700BF2CAF002088
:1054D000014BD878704700BF2CAF0020014B1879E2
:1054E000704700BF2CAF0020037F032B08D1054B72
:1054F00042691B88891A8B422CBF0020012070470B
:1055000000207047AC0C0020806930B1034B1B8831
:10551000091A8B422CBF002001207047AA0C0020E2
:10552000064B30B11A7912B19A7822B91A7101205A
:1055300070470122FAE70020704700BF2CAF00201F
:10554000064BDA78824204D010B11A7F022A02D1C7
:10555000D870012070470020704700BF2CAF00209A
:105560000E4B1B7F052B05D8022B16D80C49802229
:10557000DEF796BF072BF9D1002380F8793080F849
:105580007A3040F20113A0F87C30022380F87E309C
:1055900000238360C3600362704770472CAF002014
:1055A000F4060408044B1B7FD81E072B18BF0228E3
:1055B00094BF0120002070472CAF00202DE9F3415B
:1055C00006461549154809F057FE307F00F0B0F93E
:1055D00013490246114809F04FFE326A11490F483B
:1055E00009F04AFE00244FF00108326A08FA04F775
:1055F0003A40151EE0B218BF012500F09FF90134B2
:1056000002460949054800953B4609F035FE092C3C
:10561000EBD102B0BDE8F081DCDA0308B5CA0108BD
:10562000F6DA030806DB030820DB03082DE9F84F50
:1056300028238946B2FBF3F101FB13258046002D98
:1056400040F021810EF0DEF8904C0746E678FDF739
:10565000BBFB82462846FDF799FA83462846E8F7C1
:1056600099F80BFB00F08245C0F00B810135042D49
:10567000F0D123692BB1FB1AB3F5FA6F38BF46F0AE
:10568000020698ED027ADFED827AB0EEC77AB4EEC8
:10569000E77AF1EE10FA2BD598ED017AB0EEC77AE1
:1056A000B4EEE77AF1EE10FA17D4E368002B00F0BD
:1056B000B98098ED027ADFED777AB4EEE77AF1EE11
:1056C00010FAA7EB030340F1B080642B1BD9724B97
:1056D0001B78C3B146F0040615E098ED007AB0EEF1
:1056E000C77AB4EEE77AF1EE10FADED50023E36074
:1056F00098ED027AF6EE007AB4EEE77AF1EE10FA5F
:10570000D3D40023E360D9F80030FB1AB3F5FA7F55
:1057100006D9B3F5FA6F94BF46F0080646F01806AE
:10572000F9F7C8F928B100F57A70874228BF46F02A
:105730002006F9F7B9F9237A46EA40150BB145F08E
:10574000200523795148394645EA8315FFF7CCFEF9
:10575000394645EAC0154D48FFF7D6FE45EA002513
:105760002946207F00F0B6F8237F8342064603D007
:10577000032820775CD167612562FFF713FF227F42
:105780002070042A78D0A2F1070CDCF1000343EB6F
:105790000C03971E05F00406C5F3800519466370D7
:1057A000A5707B42E5787B4143EA4503002865D13B
:1057B00043F00403E38011B143F01003E3801EB112
:1057C000E38843F02003E380092A02BFE38843F023
:1057D0004003E38023791BB1E38843F08003E38037
:1057E000F8F77CFCC30742BFE38843F48073E3808F
:1057F0000546F8F779FC18B1E38843F40073E380B9
:10580000042D02BFE38843F48063E38094F82430DE
:10581000002B38D0002384F82430BDE8F84F1B4813
:10582000FFF7CCBEE7603B4643E7B3F57A7F4DE731
:10583000052801D1A7619FE709280CD1174918480D
:1058400009F01AFD0020FFF77BFE022E94D1012003
:10585000FFF776FE90E70A2806D11249104809F0B2
:105860000BFD01232371EDE7052802D8022883D818
:10587000E8E7072880D0E5E701238AE743F00C0337
:1058800098E72761F5E6BDE8F88F00BF2CAF002050
:10589000CDCCCC3DCDCC4CBEA80C002037DB0308D2
:1058A000B5CA010855DB0308012B08D0022B0CD028
:1058B0006BB94A401040431A584258417047514012
:1058C0000840801A18BF012070470120704700204F
:1058D000704700002DE9F74FDFF8508008EBC00358
:1058E00004465B6801930F4600264FF01C0B019B9A
:1058F0009E4215DA58F834A00BFB06F90AEB0905AD
:10590000D5E901122B7B3846FFF7CEFF60B1D5E910
:1059100004122B7E3846FFF7C7FF28B91AF8094052
:10592000204603B0BDE8F08F0136E0E7B00C002060
:10593000014B53F82000704738160408014B53F808
:1059400020007047141604082DE9F04F2DED028B4E
:10595000ADF2944D03AE3246202104A80EF066FB52
:105960001F28834604D93A493A485C2208F0F2FFDE
:10597000DFF808913068D9F80030DFF80481C01AE8
:10598000DEF7ECFF02460B4600203349DFF78AF9C9
:10599000DFF718FB314908EE100A314809F06CFCBA
:1059A00030492F4809F068FC04AC0027BB450BD1F7
:1059B0003368C9F800302C4B00221A700DF2944D58
:1059C000BDEC028BBDE8F08FD4F808A0D8F8002019
:1059D0000023934211DB202A04D11D4923484D2284
:1059E00008F0B8FFD8F80030214D05EBC3050133AE
:1059F000C5F804A0C8F8003008E01E4951F833107B
:105A00008A454FEAC30521D1194B1D44D4F818A08B
:105A10002B68AAEB030307EE903AF8EE677A01379A
:105A200067EE887A243417EE900ADEF7B9FF0B464A
:105A300054F8201C019134F8041C009102460E49D0
:105A4000074809F019FCC5F800A0AFE70133C0E72B
:105A500076DB030893DB030800005940AEDB030844
:105A6000B5CA0108C2DB03085CAF0020E1DB030814
:105A7000AC8F0010B08F0010FFDB030854AF002084
:105A800058AF0020024B1B780BB1FFF75DBF70478A
:105A90005CAF002037B5114D2B7823B11049114868
:105AA0003B2208F057FF104B0193104B009301224B
:105AB00000234FF47A710E480EF066FF04460DF095
:105AC000A1FE6423024600930121002320460EF02C
:105AD0009FFF01232B7003B030BD00BF5DAF0020DE
:105AE00076DB030816DC030828260020855A020806
:105AF00023DC0308044B1B782BB1044904484FF402
:105B0000CF7208F027BF704768B4002037DC030865
:105B1000DCCB03081FB5084B0293084B019302230B
:105B200000930749074800234FF496720DF096FC46
:105B300005B05DF804FB00BFAC900010B8AF0020CA
:105B400053DC0308F55C020813B5324C2378002BB4
:105B50004BD1314901200CF081FF304B4FF0FF3128
:105B600018600DF005F9EFF749FCFFF793FF08F017
:105B7000B3FC09F0A8F9F9F741F8F6F755FF284901
:105B8000284809F079FB08F087FE27490246254896
:105B900009F072FB254B1A68254B1B783BB325494E
:105BA000204809F069FB244B244AB3F922300193C1
:105BB000D2F8103A0093D2F8143A2149D2F8182AB0
:105BC000184809F059FB09F04DF8EFF75FF800F0BD
:105BD000FBFADFF7D1FBECF78FFBECF751FEECF7AC
:105BE000EFF9FCF7C7FA0123237002B010BD154B83
:105BF00015491878154B002818BF0B46CDE900232E
:105C0000134B144A1B6812681349064809F034FB09
:105C1000C9E700BFEC1E002064AF0020B4AF002035
:105C200069DC0308B5CA01088CDC03087C1C002071
:105C3000CC170408A8DC0308007AFF1F0070FF1FC0
:105C4000DEDC0308CD1704085ADC030863DC030814
:105C5000801C0020841C0020C4DC030838B5084BDD
:105C60001D78ECF787FA0446ECF736FE044000F0A6
:105C7000BFFA25400540ECF7A4F9284038BD00BF25
:105C8000EC1E002008B5054800231A461946006896
:105C90000CF024FEBDE80840EAF724BDB4AF0020B4
:105CA00010B50A4C23786BB1094C4FF0FF312068D6
:105CB0000DF05EF8002320681A46BDE81040194632
:105CC0000CF00CBE02200DF003FFEBE7EC1E0020F1
:105CD000B4AF002000B593B030238DF806300DF13D
:105CE000060000238DF80730EFF7FAF913B05DF8DE
:105CF00004FB000038B5E6F771FF01210020E6F74C
:105D00004FFFEFF705FE7348E6F7A7FA7248E6F78C
:105D1000A4FA00F045F9FFF717FFF6F73FFEF6F794
:105D200061FD07F0ADFCE9F781FAFBF751F8E0F708
:105D30000FFBE0F76FF8FFF739FBE0F771F820B1E0
:105D400008F0B8FD08B108F0E1FDFFF727F8FBF710
:105D500011FAFFF7BFFF6149614809F08DFAFFF7BB
:105D60007DFF044618B95F495D4809F085FA09F0DE
:105D700019F8054620B95C49594809F07DFA2C46C6
:105D8000EFF75EF8054620B95849554809F074FA0E
:105D90002C46F6F71FFE054620B95549504809F034
:105DA0006BFA2C46F6F7D2FD054620B951494C480E
:105DB00009F062FA2C46FFF757FB054620B94E4919
:105DC000474809F059FA2C4607F09AFC054620B9D5
:105DD0004A49434809F050FA2C46E0F7EFFA0546E5
:105DE00020B947493E4809F047FA2C46FFF700F82A
:105DF000054620B943493A4809F03EFA2C46FAF7DD
:105E00009DFF054620B94049354809F035FA2C4632
:105E1000FBF7CEF9054620B93C49314809F02CFA88
:105E20002C46EAF74BFC054620B939492C4809F0C5
:105E300023FA2C4608F038FE054620B93549284893
:105E400009F01AFA2C46FCF796F9334DC8B93349D4
:105E5000234809F011FA00232B70FFF7FFFE88B3E7
:105E60002F48ECF795F94FF4FA600DF031FE2B78DE
:105E7000002BF5D02B491A4809F0FEF9FFF702FF75
:105E800012E0002CE7D02849154809F0F5F9012364
:105E90002B70FFF7F7FE0620FEF7B0FF2348ECF764
:105EA00077F92348ECF774F90CF0C2FB214902465C
:105EB0000B4809F0E1F900F0A3F94FF0FF300DF0C5
:105EC00007FEFAE7E6F78AFE01210420E6F768FEFE
:105ED000EAE700BF940600209005002012DD0308C9
:105EE000B5CA010838DD03084CDD030865DD030889
:105EF0007ADD03088CDD0308A3DD0308BBDD03089E
:105F0000DCDD0308EEDD030801DE030812DE030812
:105F100028DE030849DE03087BB400206ADE03089C
:105F200000080020A0DE030888DE0308180900200E
:105F300010080020B4DE030808B50378302B10D118
:105F40004278013A0F2A00F1020128BF0F220548CA
:105F5000DEF7A6FABDE80840024A0349034809F003
:105F60008BB908BD6AB40020CEDE0308B5CA0108AB
:105F700010B50DF047FC084A1368C31A502B02D91C
:105F80001060F1F7FBFE054C23781BB108F040FDD3
:105F90000023237030BF10BD60AF00207AB4002012
:105FA0001FB50024124B134A009401214FF40070D6
:105FB0000CF00EFC104B114A18600121104B00949C
:105FC0004FF400700CF004FC0E4B0F4918600F4B9F
:105FD00002930F4B0193052300934FF496722346CF
:105FE0000C480DF03BFA0C4B186004B010BD00BF1C
:105FF000F8C8001048C90010A4B50020F8C6001069
:10600000A8C60010A0B50020E6DE030848CB0010AB
:10601000A8B500209D60020858BA002007B5044BBF
:1060200001AA186800210EF04FFB03B05DF804FBD5
:1060300058BA00201FB58DF80700094800230068F2
:1060400003AA0DF107010CF031FD012804D0054928
:1060500005485A2208F07EFC05B05DF804FB00BF3D
:10606000A4B50020F2DE03081BDF030810B50446C8
:1060700020B9074907486A2208F06CFC064B214604
:106080001868BDE810404FF0FF320CF0D1BD00BFE2
:10609000F2DE030862DF0308A4B5002007B5FFF7AE
:1060A000FFFD4FF0FF32012100200EF02FF9194BB8
:1060B0001A782AB90122184918481A70FBF7A8F86B
:1060C000FBF7FCFAE0B1FBF7FFFAE9F797F8EEF718
:1060D00095FDFEF727FBFEF797FBE9F79BF8EEF738
:1060E0009FFD0F490F48FBF7DFFC00210190FBF7F4
:1060F000D5FD00214FF0FF3208460EF079FBD0E7C6
:1061000001A8FFF7B3FF9DF804100448FBF7DEF881
:10611000D6E700BF9CB50020996102087CB400203E
:10612000159F0308219F030807B58DF8070009484C
:10613000002300681A460DF107010CF0CFFB01287F
:1061400004D005490548702208F004FC03B05DF84E
:1061500004FB00BFA0B50020F2DE03086FDF0308D8
:1061600007B58DF807000948002300684FF0FF329B
:106170000DF107010CF0B2FB012804D004490548D9
:10618000752208F0E7FB03B05DF804FBA0B5002022
:10619000F2DE030897DF030838B504464518AC4221
:1061A00000D138BD14F8010BFFF7DAFFF7E7000064
:1061B00007B5044B014601AA18680CF033FF03B081
:1061C0005DF804FBA0B5002013B5064C23683BB96D
:1061D0000093054A054B082105200CF0F9FA2060D0
:1061E00002B010BD5CBA0020F8CB0010A8CB0010A4
:1061F000024B1868003818BF012070475CBA0020B5
:1062000013B5084C23685BB120684FF0FF32694634
:106210000CF00EFD009B002BF6D001989847F3E799
:1062200002B010BD5CBA002007B578B1CDE900011D
:106230000748002300681A4669460CF04FFB002807
:106240000CBF0C20002003B05DF804FB0820FAE727
:106250005CBA0020B5EEC00AF1EE10FA08B5F0EE17
:10626000407A02DBB1EEE70A08BD044904485C222B
:1062700008F070FB9FED030AF6E700BFCBDF0308D1
:10628000ECDF030800000000830704D00249034844
:106290003D2208F05FBB7047CBDF030807E003082F
:1062A000830704D0024903483D2208F053BB7047DE
:1062B000CBDF030807E00308830704D00249034843
:1062C0003D2208F047BB7047CBDF030807E0030817
:1062D000830704D0024903483D2208F03BBB7047C6
:1062E000CBDF030807E00308830704D00249034813
:1062F0003D2208F02FBB7047CBDF030807E00308FF
:10630000830704D0024903483D2208F023BB7047AD
:10631000CBDF030807E0030870B50D4616460446B8
:106320004068FFF7B1FF6868FFF7AEFF7068FFF7DE
:10633000ABFF3246294620460BF0C2FC30B1BDE827
:10634000704003490348562208F004BB70BD00BFEB
:10635000CBDF0308ECDF030870B50D461646044694
:106360004068FFF79DFF6868FFF79AFF7068FFF7C6
:1063700097FF3246294620460BF0A2FC30B1BDE81B
:10638000704003490348562208F0E4BA70BD00BFCC
:10639000CBDF0308ECDF030870B50D461646044654
:1063A0004068FFF795FF6868FFF792FF7068FFF796
:1063B0008FFF3246294620460BF082FC30B1BDE803
:1063C000704003490348562208F0C4BA70BD00BFAC
:1063D000CBDF0308ECDF030838B50D460446406800
:1063E000FFF752FF6868FFF74FFF294620460BF082
:1063F000A8FC30B1BDE8384002490348452208F006
:10640000A9BA38BDCBDF0308ECDF030838B50D4669
:1064100004464068FFF744FF6868FFF741FF2946DC
:1064200020460BF08EFC30B1BDE8384002490348ED
:10643000452208F08FBA38BDCBDF0308ECDF030834
:1064400038B50D4604464068FFF742FF6868FFF71D
:106450003FFF294620460BF074FC30B1BDE83840C0
:1064600002490348452208F075BA38BDCBDF03085E
:10647000ECDF03080E4B03600E4B83604FF07E523F
:10648000C36003614FF07C5342604361826100232B
:106490004FF08042C3610362436282624363064AF3
:1064A0008363C3630364054BC26202634364704742
:1064B0000000C8420AD7233CCDCCCC3D6F12833AB2
:1064C000F8B50D4604462DED028B002117464FF41A
:1064D000E27212F0A3FD6B6B2360AB6B6360EB6B3E
:1064E000A36095ED100AB6EE008A20EE080A0BF0C4
:1064F00063FA002684ED6A0AC4F8AC61C4F8B0619E
:1065000095ED100A20EE080A0BF09AFAD4F8A8319B
:106510006362D4F8AC31A362D4F8B031E3624FF0D7
:106520007E5363636364636504F158034FF4A2729E
:10653000184684ED6D0A84ED0C0AA663E6632664B2
:10654000A664E6642665002112F068FDD5ED007AA8
:1065500067EEA77A4FF00912C4ED167AD5ED007AEE
:1065600067EEA77A0023C4ED207AD5ED017A67EEB5
:10657000A77AC4ED2A7AD5ED027A67EEA77AC4ED40
:10658000347AD5ED027A67EEA77AC4ED3E7AD5ED7E
:10659000027A67EEA77AC4ED487AD5ED037A67EE02
:1065A000A77AC4ED527AD5ED037A67EEA77AC4EDE7
:1065B0005C7AD5ED047AC4F8A461C4E96720C4E923
:1065C0006F7767EEA77A84F8B831C4ED667ABDECD0
:1065D000028BF8BD2DE9F0412DED048B0B88012BCA
:1065E00004460D46B0EE409AB0EE608A04D05A4997
:1065F0005A48EC2208F0AEF96B88092B04D05649B2
:106600005748ED2208F0A6F95649DFF8848128465C
:1066100004F5CE77FFF7E0FE534A52493846FFF7BC
:106620007BFE28EE088A6B68424603F12401F0EEF7
:10663000488AB3EC017AF2EC017A8B42E7EE278AC2
:10664000F7D1F4EE688AF1EE10FA04D742494748D0
:10665000F82208F07FF9464E234604F12401324621
:10666000F8EC017A87EEA87AA2EC017AD3ED007AF1
:10667000E7EE097AE3EC017A8B42F1D13D4A3E48DC
:106680002946FFF749FE3D4A0023B7EE007AD2EDD6
:10669000007A013377EEC77A1146092B02F12802FE
:1066A000C1ED007AF3D136493248FFF795FE354AFD
:1066B00030483946FFF730FE314932483A46FFF755
:1066C0002BFEDFED315A9FED316A04F158010023B2
:1066D000F6EE006A96ED007A28EE077AA1F15800EE
:1066E0000D4637461A46D0ED167AF5EC014AB7EC5E
:1066F000015A67EEA67AE4EEA67AE7EE057AF4EEA2
:10670000677AF1EE10FA24D6F4EEE57AF1EE10FA9B
:106710001FDC934206D1F4EEC67AF1EE10FA48BFC0
:10672000F0EE467A0132092AC0ED167A45ED017A7B
:1067300000F12400D7D10133092B06F1040601F141
:106740002801C7D1012384F8B831BDEC048BBDE822
:10675000F081DFED0D7AE5E71CE0030849E003086E
:106760005AE00308EC0F0020E40F002076E0030855
:10677000CCD70010D40F0020DC0F002088D60010EA
:10678000CC0F0020C40F00200000C842BD37863562
:10679000B8D3001070B504461E461046D4B0234648
:1067A00000224568D3ED007A154495ED007AE7EEB6
:1067B000007A0432242AE3EC017AF2D1394AFFF755
:1067C000ABFD3849BFEE000A08460BF0ABFA20B12A
:1067D00035493648762208F0BDF8354A0023B7EE31
:1067E000007AD2ED007A013377EE877A1146092BD1
:1067F00002F12802C1ED007AF3D103AD4FF4A27289
:106800000021284612F00AFC4FF00913254801AA7E
:106810003146CDE90135FFF77FFD04F158034FF410
:10682000A27218462946DDF73BFE9FED226ADFED96
:10683000226A03460022B6EE007AA3F158001D46F4
:106840001146D0ED167AF5EC015A67EE877AE5EE3F
:10685000877AF4EE677AF1EE10FA20D6F4EEC67A73
:10686000F1EE10FA1BDC8A4206D1F4EEE67AF1EE84
:1068700010FA48BFF0EE667A01310929C0ED167AA8
:1068800045ED017A00F12400DBD10132092A03F140
:106890002803D2D1012384F8B83154B070BDDFEDA4
:1068A000057AE9E7BC0F0020CBDF0308ECDF030823
:1068B00060BA00200000C842BD3786352DE9F04798
:1068C0002DED0C8B1D46DDF85080D0F8BC319FEDCE
:1068D000F87A9DF85490DFEDF79AA8EB030307EEE2
:1068E000903AF8EE677A044687EE878AF2480023EA
:1068F00004F5CE7A16460F46F04A5146B7EE009A96
:1069000080ED149A80ED1E9A80ED289A80ED329ADF
:1069100080ED3C9A80ED469A80ED509AD4ED0D7A48
:1069200080ED009A67EE887A80ED0A9AC0ED037ACE
:10693000D4ED107A67EE887AF6EE008AC0ED0C7A14
:10694000D4ED137A67EE887AB0EE496AC0ED157A15
:10695000D4ED0E7A67EE887A28EE08AAC0ED047AA4
:10696000D4ED117A67EE887AC0ED0D7AD4ED147A01
:1069700067EE887AC0ED167AD4ED0F7A67EE887AE2
:10698000C0ED057AD4ED127A67EE887AC0ED0E7A02
:10699000D4ED157A67EE887AC0ED177A94ED057A12
:1069A000D4ED0E7AD4ED046A67EEC77A94ED0F7ACF
:1069B000E6EE877A68EE277AC0ED067A94ED057ADE
:1069C000D4ED117AD4ED046A67EEC77A94ED127AA9
:1069D000E6EE877A68EE277AC0ED0F7A94ED057AB5
:1069E000D4ED147AD4ED046A67EEC77A94ED157A83
:1069F000E6EE877A68EE277AC0ED187AD4ED057A4C
:106A000094ED0D7AD4ED036A67EE877A94ED0F7AF0
:106A1000E6EEC77A94ED107A68EE277AC0ED077A31
:106A2000D4ED057AD4ED036A67EE877A94ED127A95
:106A3000E6EEC77A94ED137A68EE277AC0ED107A05
:106A4000D4ED057AD4ED036A67EE877A94ED157A72
:106A5000E6EEC77A68EE277AC0ED197A94ED047AEB
:106A6000D4ED0D7AD4ED036A67EEC77A94ED0E7A11
:106A7000E6EE877A68EE277AC0ED087A94ED047A1C
:106A8000D4ED107AD4ED036A67EEC77A94ED117AEB
:106A9000E6EE877A68EE277AC0ED117A94ED047AF3
:106AA000D4ED137AD4ED036A67EEC77A94ED147AC5
:106AB000E6EE877A9FED827A68EE277AC0ED1A7A41
:106AC000D5ED027A67EEC87AC0ED277AD5ED017A66
:106AD00067EE887AC0ED307AD5ED027A67EE887A73
:106AE000C0ED1F7AD5ED007A67EEC87AC0ED317A35
:106AF000D5ED017A67EEC87AC0ED207AD5ED007A3F
:106B0000C0F8843067EE887AC0ED297AD4ED157A22
:106B100067EE877A67EE887AC0ED2A7AD4ED147A28
:106B200067EEA97A67EE887AC0ED337AD4ED157AEC
:106B3000C0F8AC3067EEA97A67EE887AC0ED227AA9
:106B4000D4ED137A67EE877A67EE887AC0ED347AEF
:106B5000D4ED147A67EE877A67EE887AC0ED237AEF
:106B6000D4ED137AC0F8D43067EEA97A67EE887A4C
:106B7000C0ED2C7AD5ED016AD5ED027A95ED007A5B
:106B800068EE266A68EE277A66EEA86A67EEA87A4B
:106B900066EEE65A67EEE74AA5EEA86A28EE077A9F
:106BA000A4EEA86A27EE287A80ED3C6A27EE266AD2
:106BB000B0EE675AA6EE285AB0EE664A80ED3D5A0E
:106BC00027EE275A95EE284A80ED3E4AB0EE674AF6
:106BD00096EE284AB0EE496A80ED454A27EE474ACC
:106BE00066EEA77AA4EE286AE5EE286AB0EE464A79
:106BF000A4EEA84AF0EE474AE7EEA84A97EEA87A34
:106C0000A5EEA86A80ED464AC0ED474AC0ED4E6A3F
:106C100080ED4F7A80ED506A2A48FFF77DFB2A49C4
:106C20002848FFF7D9FB284924485246FFF774FB50
:106C3000D6ED021A94ED056A94ED155AD4ED034A87
:106C4000D4ED045AD4ED0FCAD4ED12AA94ED131A60
:106C5000D4ED140A94ED00CA94ED0DDAD4ED0E6A69
:106C600094ED010A94ED10BA94ED117A94ED023A84
:106C70006AEE212A2AEE292A62EEA82A68EE24BAB0
:106C8000E8EE062A68EE257A62EEACCA62EEAAAA9F
:106C900022EE282A62EE852A61EE293A20EEA94AE0
:106CA00025EE295AB9F1000F00F0088110E000BF6D
:106CB00000007A44C3F51C4174D20010AC0F0020D0
:106CC000C3F51CC1B40F0020A40F0020BD378635CA
:106CD00067EEA66AEBEE8D6A76EEAC6A76EE8C6AAB
:106CE000C4ED006A67EE876A27EEA07AEBEE8B6A46
:106CF000ABEE817A76EEAA6A37EE227A76EE806A79
:106D000037EE427AC4ED016A37EE037A84ED027AF7
:106D1000D5ED017A95ED027A67EEC67AE7EE257A2F
:106D2000B0EE647A77EEE37AA8EE277A84ED037A00
:106D3000D5ED007A95ED027A66EE277AE7EE647A71
:106D4000B0EE657A77EEC47AA8EE277A84ED047AFD
:106D5000D5ED017AB0EE617AA7EEA47AD5ED007A8E
:106D60001FED26AAA7EEE57AF0EE467A37EE457AD1
:106D7000E8EE077AC4ED057AD5ED019AD5ED00AAC3
:106D8000D5ED027A68EE299A68EE2AAA29EEA90AB8
:106D900028EE278AAAEEAA0AA8EE080AFFF75AFAEE
:106DA00030EE0ABA6BEE288AB0EE680A0AF004FEEA
:106DB000F0EE40BAB0EE680A0AF042FE6AEE80AA2F
:106DC00069EE809A28EE008A89EE8B7A88EE0B5A5B
:106DD0008AEE8B6AD4ED0A4AD4ED095AD4ED0B6AD7
:106DE000D4ED0C7A64EEC6AA6BEEA49A64EEC58A62
:106DF00027EE248AEBEEA5AAE6EE259AE7EE258A91
:106E0000A5EE258AE7EE66AAE5EE269AEBEEA68ABF
:106E1000A6EE668AE5EE67AAE7EE679AE6EE278AAF
:106E2000ABEEA78AB9F1000F23D197ED117AD4ED1B
:106E30006A6A79EE477A67EE266AEAEEA76AF0EEAA
:106E400066AAD4ED6B6A67EE266AE9EEA76AF0EEF1
:106E5000669AD4ED6C6A67EE266AE8EEA76AF0EEF1
:106E6000668AD4ED6D6A27EE267AA8EE277AB0EE10
:106E7000478A29EEA90AAAEEAA0AA8EEA80AA8EE4D
:106E8000080AFFF7E7F930EE0A0A0123CAEE807A12
:106E900084F8B831C4F8BC81C4ED097AC9EE807AAF
:106EA000C4ED0A7AC8EE807AC4ED0B7AC8EE007A97
:106EB000C4ED0C7ABDEC0C8BBDE8F087D6ED001A62
:106EC0006AEE211AE1EEA8BAD6ED011A2AEE21AA3D
:106ED000EAEE287A67EEA66AEBEE8D6A76EEAC6A89
:106EE00076EE8C6AC4ED006A67EE876A27EEA07AB8
:106EF000EBEE8B6AABEE817A76EEAA6A37EE227AF7
:106F000076EE806A37EE427AC4ED016A37EE037A94
:106F100084ED027A95ED027AD6ED007AE7EE257AD5
:106F200095ED017AE7EE467AB0EE647A77EEE37A91
:106F3000A8EE277A84ED037A95ED027AD6ED017AF0
:106F4000E7EE647A95ED007AE7EE067AB0EE657AC0
:106F500077EEC47AA8EE277A84ED047AD5ED017A2B
:106F600096ED027AF8E600BFD0F8C031DFED686A2E
:106F7000D31A07EE903AB8EE677A70B5C7EE267A64
:106F8000F5EEC07AF1EE10FA40F3BE8091ED056A9D
:106F900091ED077AD0ED166A27EE866A27EE877A9A
:106FA00000F15804A7EE867A002391ED086A37EEC7
:106FB000067AE7EE076AC0ED166A91ED056A91ED73
:106FC000077AD0ED206A27EE866A27EE877AA7EE49
:106FD000867A91ED086A37EE067AE7EE076AC0ED29
:106FE000206A91ED066A91ED077AD0ED2A6A27EEC4
:106FF000866A27EE877AA7EE867A91ED086A37EEE1
:10700000067AE7EE076AC0ED2A6A91ED056A91ED0E
:10701000077AD0ED346AA7EE867AE7EE076AC0ED0C
:10702000346A91ED056A91ED077AD0ED3E6AA7EEDC
:10703000867AE7EE076AC0ED3E6A91ED066A91ED49
:10704000077AD0ED486AA7EE867AE7EE076AC0EDC8
:10705000486A91ED0B6A91ED097AD0ED526AA7EE7C
:10706000867AE7EE076AC0ED526AD0ED5C6A91ED70
:107070000B6A91ED097AA7EE867AE7EE076AC0ED12
:107080005C6A91ED0C6A91ED097AD0ED666AA7EE23
:10709000867AF0EE667AE7EE077A9FED1E6ADFEDFC
:1070A0001E6AC0ED667AB6EE007AA4F1580526464F
:1070B0001946D5ED167AF6EC015A67EE877AE5EEB9
:1070C000877AF4EE677AF1EE10FA1ED6F4EEC67AFD
:1070D000F1EE10FA19DC8B4206D1F4EEE67AF1EE0D
:1070E00010FA48BFF0EE667A01310929C5ED167A2B
:1070F00046ED017A05F12405DBD10133092B04F1BA
:107100002804D2D1C0F8C02170BDDFED027AEBE7D0
:1071100000007A440000C842BD37863570B52DEDB9
:107120000A8B90F8B8610446002E00F08E81D0EDF5
:10713000069ADFEDC97A90ED079AD0ED088AB0EE95
:10714000E97AB4EEE77AF1EE10FAB6EE008A0EDCD8
:10715000F0EEC96AF4EEE76AF1EE10FA07DCF0EE41
:10716000E86AF4EEE76AF1EE10FA40F3E580F2EE39
:10717000047AB4EEE77AF1EE10FA40F1DD80B0EE79
:10718000C97AB4EEE77AF1EE10FA40F1D580B0EEAC
:10719000E87AB4EEE77AF1EE10FA40F1CD8029EE0C
:1071A000090A9FEDAECAA9EEA90A04F5CE75A8EEAC
:1071B000A80AFFF74FF830EE0CAA6AEE08AAB0EE64
:1071C0006A0A0AF0F9FBF0EE40CAB0EE6A0A0AF069
:1071D00037FC69EE807A29EE007A87EE8A6AC7EE7C
:1071E0000A7A28EE807AD4ED0A4AD4ED095AD4ED11
:1071F0000B6A87EE0A5A24EEACBA64EEC6BAA6EE63
:1072000025BAE5EEACBAA5EE26BA64EEC5AA94EDB1
:107210000C7AE7EEE6BAE7EEA5AAA7EEC7BA27EE24
:10722000A4AAE5EE47BAA5EE25AAE6EEACAA2BEE97
:107230000B0AE6EE07AAA6EE66AAABEEAB0AA7EE2D
:107240002CAAAAEEAA0AAAEE0A0AFFF703F830EE61
:107250000C0A29EE089ACBEE807A814B814982484C
:10726000B7EE007AC4ED097ACBEE007A29EE496ACE
:10727000C4ED0A7ACAEE807AF0EE476AC4ED0B7A62
:10728000CAEE007A68EE888AE6EE086A68EEE85A86
:10729000C4ED0C7AE5EE886A69EE887AC3ED3C6A43
:1072A00027EE895AF0EE686AE5EE086AF0EE494A80
:1072B000C3ED3D6A67EEA86A83ED007AD6EE884A90
:1072C00083ED0A7AC3ED3E4AF0EE684AD5EE084AED
:1072D00027EEE75A83ED147A83ED1E7A83ED287A40
:1072E00083ED327AA5EE087A69EE288AB0EE475A25
:1072F000A5EE885AF0EE675AE8EE885AA6EE889A0C
:10730000D8EE887AA6EE087AC3ED454A83ED465A50
:10731000C3ED475A83ED4E9AC3ED4F7A83ED507A11
:10732000FFF75AF8514A50482946FEF7F5FF4D49F4
:107330004E482A46FEF7F0FFD4ED0A6AD4ED095A0A
:1073400094ED0B7AD4ED0C7A26EEA66A75EEA53A8A
:10735000B0EE465AA5EEA55A0023A36195EEA56AA4
:10736000E3612362A7EE475A04F158010023F0EECF
:10737000465AA7EEE75AE7EE075A27EEA34A76EEFB
:10738000A64A84ED0D5AB0EE445A97EE245AE7EE21
:10739000E75AA7EE244AA7EE476A66EEA36A84ED91
:1073A0000E5AC4ED115A27EE235A77EE075AB0EE63
:1073B000453A84ED104AB0EE664AE7EEA56AA7EEBC
:1073C000A43A97EEA54A97EEA45AA7EEA76AC4ED91
:1073D000146A9FED227ADFED266A84ED0F3A84ED80
:1073E000124A84ED135A84ED156AA1F158000D4636
:1073F0001A46D0ED167AB5EC016A67EE887AE6EEA9
:10740000087AF4EE677AF1EE10FA22D6F4EEE67A14
:10741000F1EE10FA1DDC934206D1F4EEC77AF1EEDC
:1074200010FA48BFF0EE477A0132092AC0ED167A09
:1074300045ED017A00F12400DBD10133092B01F184
:107440002801D2D1002384F8B831BDEC0A8B304634
:1074500070BDDFED077AE7E717B7D138BD3786355E
:10746000A8CE0010940F00209C0F00208C0F00204D
:107470000000C8422DE9F8432DED088B0D46044667
:107480001646D0F80090D0F80480876810220021BA
:1074900005F1200011F0C2FDC5F82490C5F8288040
:1074A000EF62D4ED047A94ED0E9AD4ED036A94ED74
:1074B0000D7A94ED0F6AD4ED118A27EE899A67EE62
:1074C000A88AA7EE269A1022002194ED057AA6EE4E
:1074D000079A05F1300094ED106AE6EE868A94ED85
:1074E000126AE7EE068A94ED146A27EE868AD4EDD6
:1074F000137AA6EEA78AD4ED157AA7EE278A11F0A3
:107500008DFD85ED0F8A85ED0D9AC5ED0E8AD6EDC0
:10751000017A94ED0E9AD6ED006A94ED0D7A94ED11
:107520000F6AD4ED118A27EE899A67EEA88AA7EE32
:10753000269A1022002196ED027AA6EE079A05F10E
:10754000400094ED106AE6EE868A94ED126AE7EE4A
:10755000068A94ED146A67EE867A94ED136AE6EE75
:10756000867AD4ED156AE7EE267AB0EE678A11F0D6
:1075700055FDF7EE007A78EE677A85ED119AC5ED44
:10758000137AC5ED128A94ED0A8AD4ED099AD4EDE6
:107590000C8A94ED0B9A28EE08AA29EEA80AF0EEC0
:1075A0004A0AE9EEA90AA8EE090AE9EE490A30EE0C
:1075B000000AE8EEE80A0FF08BF8F0EE40AA29EE98
:1075C000C90AF8EE007AA8EE280A28EE298A20EEE9
:1075D000270A0FF051F8F0EE4A0AD9EEA90AF1EEA7
:1075E00049BAA9EE288AE9EE2B0AB0EE40BAE8EED5
:1075F000A80A38EE080A0FF06BF81022002128467E
:10760000B0EE408A11F00AFDDFED0C7A28EE270A71
:107610002BEE67BA6AEEA7AA85ED010A85ED02BADC
:10762000C5ED03AAA06AE16A226B636AEB61286177
:107630006961AA61BDEC088BBDE8F883E02E654264
:1076400030B58DB003AB04460D4624220021184608
:1076500011F0E4FC094A95ED010AD4ED027AD5ED6A
:10766000020ACDE901204FF07E5330EE670A01A9EE
:1076700020460593FEF7AEFF0DB030BD01000900B6
:1076800030B52DED028B8DB003AB0C4605462422A0
:107690000021184611F0C2FCD4ED007AD5ED005A55
:1076A00095ED016AD5ED026A234A94ED048A75EEE0
:1076B000E75AD4ED017A36EE676AD4ED027A26EE07
:1076C000067A76EEE76AA5EEA57ACDE90120A6EE68
:1076D000A67AB5EEC07AF1EE10FA0DDBB1EEC70A6C
:1076E000B5EE400AF1EE10FA0ED19FED147AB7EE26
:1076F000005AB0EE476A0DE0114912485C2207F0CB
:1077000029F99FED0E0AF0E786EE007A85EE805AA1
:1077100086EE806A01A92846D4ED050A8DED035A4C
:1077200038EE400A8DED047A8DED056AFEF752FFC2
:107730000DB0BDEC028B30BD01000900000000005F
:10774000CBDF0308ECDF03082DE9F04F2DED088BAC
:10775000D1ED007AD0ED006A91ED017A91ED026AE7
:1077600091ED049A9FED6AAA76EEE76AD0ED017A70
:1077700077EEC77A90ED027A67EEA77A37EE467A0F
:10778000E6EEA67ADDB004460D46E7EE077AF5EEA2
:10779000C07AF1EE10FA2DDBF1EEE79A02AB184653
:1077A0002422002111F03AFC5A4A04F15801CDE993
:1077B00000204FF4A2720BA8DCF772FE95ED058A4B
:1077C000554A79EE699A28EE088A234604F1200783
:1077D00018685968164603C60833BB423246F7D1CB
:1077E0001868DFED4EAA306002274D4E0BA8B44654
:1077F00000232DE04B494C485C2207F0ABF8F0EE3B
:107800004A9ACBE7FAEC017AA7EEA77A8A45F9D132
:107810000DF12C0A4FF0280B0BFB02AADAED007ACF
:1078200077EEC77AB1EEE77A81ED007A01329A42BB
:1078300001F1280109F104090EF1040E08F12408F0
:107840000BDD0133092B0CF1240C00F1240022D0B4
:10785000B046E646814631460022934210D09FED65
:107860002C7AC346E246F2450ED1D9ED007AD1ED2D
:10787000006A77EEC77A87EEA67A8EED007AD5E7B2
:107880009FED237AC246C1E7FAEC016AFBEC017A6C
:10789000A6EEA77AE7E725492548FEF7B7FD1E4B78
:1078A000D5ED007AD3ED005A93ED016AD3ED026A6B
:1078B00075EEE75AD5ED017A36EE676AD5ED027AB4
:1078C00076EEE76A66EE067AF1EEC88AE5EEA57A0C
:1078D000E6EEA67AF5EEC07AF1EE10FA0FDBB1EE25
:1078E000E77AB5EE407AF1EE10FA79EE477A21D1D7
:1078F000DFED075AB7EE005AB0EE656A20E009499D
:1079000009485C2207F026F8F0EE497AF0E700BF5C
:107910000000000001000900C4CE00200000C8C221
:107920003CCC0020CBDF0308ECDF030894100020E0
:10793000A410002085EE875AC6EE075A86EE876AA5
:107940007A480DF1080800229FED79BA88ED005AB7
:10795000B0EEE87AB4EECB7AF1EE10FA4CBF87EED7
:107960008B8A87EEA88A9FED737AC8ED015A88ED5D
:10797000026A03461146D3ED007AF4EE677AF1EE1F
:1079800010FA05D6F4EEC77AF1EE10FA40F3AE80A5
:1079900083ED007A0131092903F12403EBD101328F
:1079A000092A00F12800E4D19FED637A0023D6ED87
:1079B000007A013377EE877A3246092B06F12806E2
:1079C000C2ED007AF3D15D4E5849DFF888915C48EA
:1079D0004FF4A272DCF764FD7068FEF761FCD9F821
:1079E0000400FEF75DFC494630460AF06BF820B112
:1079F000544955484D2206F0ADFF544A5449554864
:107A0000FEF7AAFC5449554A0023F0EE005AB1EEA5
:107A1000006AF7EE006AB1EC017AF0EE657AE7EE03
:107A2000077A01331046092B67EEA77A02F1280284
:107A300086EE277AC6EE877AC0ED007AEBD1484A07
:107A400048494948FEF788FC484A49494448FEF7F6
:107A500083FCF7EE087AE8EE087A4649F0EE026A0F
:107A600067EEA77A68EEA88A86EEA77A6846B4EE33
:107A7000CB7AF1EE10FA4CBF88EE8B8A88EE878ABB
:107A8000FEF7C4FC3C4A3B493848FEF765FC3B4ADC
:107A900009231146B0EE487AF8EC016AF1EC017A5C
:107AA000013BA6EEA77AF7D1354E36483649234634
:107AB00004F1240CF2EC016AC6EE877AE6EC017A56
:107AC00067EEA97AE0EC017AF3EC016A77EEA67A28
:107AD0009C45E1EC017AEDD12C494FF4A2720BA840
:107AE000DCF7DEFC012F14D001277EE68A4208D0A5
:107AF000F4EEEA7AF1EE10FA7FF54CAFC3ED00AA8E
:107B000048E7F5EEC07AF1EE10FA48BF83ED00AA1F
:107B100040E7164B1E4AB0EE690A69462046FEF75A
:107B200039FE5DB0BDEC088BBDE8F08F3CCC002089
:107B300017B7D1380000C8425F7089308410002028
:107B4000B4C90020CBDF0308ECDF03085410002089
:107B500064100020741000206CC90020E4C60020CE
:107B60003410002044100020A41000202410002015
:107B70009410002014100020041000209CC6002047
:107B800054C600200CC60020C4CE002084C30020B0
:107B9000F40F002070B52DED0A8BDFED4A8A90EDD1
:107BA000028AD2ED00BA92ED01CAD0ED039A90EDAF
:107BB000049A9FED45BADFED45AA9FED45AA454ED3
:107BC00096B0B4EEE88A04AB0D460446F1EE10FA26
:107BD0004FF024024FF00001184648BFB0EE688A0B
:107BE00011F01CFAD4ED155AD5ED057A95ED010A80
:107BF000394BD5ED030A25EEA97A67EE8B7A68EE4C
:107C0000489AC7EEAA6ACDE900606946204687EE29
:107C1000296AC7EE087A26EE267AECEE4A7A8DEDCE
:107C2000067A85EE887A66EEA77A20EE280AC3EDFA
:107C3000007A2A4B27EE267A60EEA80A83ED000A26
:107C400030EE670A8DED077AFEF7C4FC0DAB2422F7
:107C50000021184611F0E2F9D4ED155AD5ED057A58
:107C600095ED020A1E4BD5ED040A25EE897A67EEE2
:107C70008B7A87EE296ACDE9026002A92046C7EE19
:107C8000AA6AC7EE087A26EE267AEBEE8A7A8DED9E
:107C90000F7A85EE887A66EEA77A20EE280AC3ED81
:107CA000007A104B27EE267A83ED000A60EEA80AD0
:107CB00030EE670A8DED117AFEF78CFC16B0BDEC44
:107CC0000A8B70BDCDCCCC3D00000C42467C373FCA
:107CD00035FA8E3C0100090018CF002010CF00209B
:107CE00014CF00200CCF00202DE9F04F2DED048B98
:107CF0008FB00DF11409DFF80CA105460C4688463B
:107D0000834601F10C034F4624220021384601939B
:107D100011F084F9B8EC010AFBEC017AD4ED070A02
:107D20004FF07E5649F8046B30EE670A03A92846E7
:107D3000CDE903A7FEF74EFC019B4345E4D194ED4A
:107D4000035A94ED044A94ED056A94ED067AD5ED54
:107D50000B7AD5ED0A4AD5ED0C5AD5ED096A27EE16
:107D6000C69A27EE858A67EEC78A67EE847AA4EE04
:107D7000C48A24220021E4EE857A3846A4EEC79A0C
:107D8000E5EE867AA5EEC78AE6EE877AB0EE007A4F
:107D9000C7EE279AE4EE868AA5EE849AE5EEC58AB8
:107DA000A6EE859AE6EE848AA6EE868A11F036F96A
:107DB00069EEA88AD4ED080A0B9629EE890A03A970
:107DC000284629EE888ACDE903A7FEF703FC0027A1
:107DD000D4ED080A0B97B0EE680A03A928460C9662
:107DE000FEF7F8FBD4ED080A0C97B0EE480A03A999
:107DF00028460D96FEF7EEFB0FB0BDEC048BBDE8F8
:107E0000F08F00BF010009002DE9F04F8DB003AFE6
:107E1000DFF848B005460C460E46804601F10C0AD4
:107E2000B94624220021484611F0F8F8B6EC010AC0
:107E3000F8EC017AD4ED030A4FF07E5347F8043B87
:107E400030EE670A01A92846CDE901B9FEF7C2FB69
:107E50005645E6D10DB0BDE8F08F00BF0100090026
:107E600070B50D46164604464068FEF725FA686868
:107E7000FEF722FA7068FEF71FFA324629462046BE
:107E800009F01EFF30B1BDE8704003490348562297
:107E900006F060BD70BD00BFCBDF0308ECDF030858
:107EA00070B50D46164604464068FEF729FA686824
:107EB000FEF726FA7068FEF723FA32462946204676
:107EC00009F0FEFE30B1BDE8704003490348562278
:107ED00006F040BD70BD00BFCBDF0308ECDF030838
:107EE0002DE9F0432DED088BADB01F4600F13403B2
:107EF000684E01934B68029605460C46CDE9033661
:107F00004FF0031914AB02A96846904604AA0593E2
:107F1000CDF80090FFF7A4FFDDED157A95ED017A1D
:107F2000DDED166AA3689DED146A37EE277AD5ED6C
:107F3000027A77EEA67AD5ED006A76EE866A93ED40
:107F4000006A069676EEC66A0AAACDED176AD3EDE8
:107F5000016A37EE667A06A98DED187A93ED027AFA
:107F600017ABCDE90739236977EEC77ACDE9093632
:107F700008A81AABCDED197A0B93FFF771FFDDED71
:107F80001B9ADDED1A8A9DED1C9AD4ED06AA29EE06
:107F9000A98AA8EEA88AB5EEC08AF1EE10FA70DBC5
:107FA000B1EEC8BAD4E90903F0EE690AF0EE6A1A34
:107FB000B0EE491AB0EE680A984794ED07AA3AEE77
:107FC00040AA4146F0EE4A0AB0EE4B0A384606F0A7
:107FD000DDFB002850D0B0EE6A0A0EF029FE29EE33
:107FE000007AF0EE487AE7EE477A9FED2B7AF4EECE
:107FF000C77AF1EE10FA3FDDB1EEE77A1DAA0D92D5
:108000004FF00312234B0E92E2680C93CDE90F233D
:108010000CA920AB10AAF0EE696AC0EE077A0EA890
:10802000119329EE687A29EE699AD7EE876AE7EE0E
:10803000898A86EE887ACDED1F7A8DED1D7A88EEDD
:10804000887A8DED1E7AFFF70BFF0021182226A8F3
:1080500010F0E4FF209B2393219B2493229B2593E4
:108060000E4B1293D4ED080A23ABB0EE4A0A12A9C4
:1080700028461393FEF7AEFA2DB0BDEC088BBDE891
:10808000F083074907489FED08BA5C2206F062FCBE
:1080900088E700BF0300010017B7D13801000900CD
:1080A000CBDF0308ECDF030800000000F0B52DED86
:1080B0000C8BD0ED018AD1ED02AA90ED009A91EDE2
:1080C00001BA90ED028A91ED03AAD1ED09BA91EDC2
:1080D00005DAD1ED06CA91ED07CA78EEEAAA39EEC3
:1080E0004BBA6AEEAA7A38EE4AAAEBEE0B7A8DB05A
:1080F0001E4603ABEAEE0A7A05460C461746F1EE39
:10810000E79A24220021184610F088FF254ACDE97D
:108110000120F5EE409AF1EE10FA3ED079EE4D6A6C
:1081200038EEEC7A66EEA65A78EE4C7AE7EE075A0D
:10813000E7EEA75AB1EEE56AB5EE406AF1EE10FA45
:108140002BD076EE695A3A467BEEE5BAC6EE865AF1
:1081500021463046CBEE296AB0EE6B0A75EEE66A30
:10816000CDED036AC7EE066A8AEEA97A36EEC77AC3
:108170008DED047A87EE867ACAEE297A77EE677AF1
:10818000CDED057A06F07EFA38B1D4ED0A0AB0EEEC
:108190006B0A01A92846FEF71DFA0DB0BDEC0C8B49
:1081A000F0BD00BF010009002DE9F04F2DED0C8B53
:1081B00090ED016AD1ED029AD0ED007A91ED019A2D
:1081C000D0ED026A91ED03AA36EE697A37EEC95A0C
:1081D00027EE077A76EECA5AA5EE057ADFB0044696
:1081E0000D46A5EEA57AF1EEC75AF5EE405AF1EE2E
:1081F00010FA00F00B82D1ED05AA91ED06BAD1ED8F
:1082000007BA77EEEA7A36EEEB7A67EEA77A76EE81
:108210004B6AE6EEA67AE7EE077AB1EEE78AB5EEAC
:10822000408AF1EE10FA00F0F18104AED1ED09CAF6
:1082300024220021304638EE658A10F0EFFED34B41
:108240004FF4A27204F158010DA8CDE90236DCF713
:1082500027F9D5ED0A8ACE4A3CEEC88A68EEA88A8C
:10826000234604F1200C174618685968154603C5C3
:10827000083363452A46F7D1186828600223C54DA4
:1082800001930DA8AC46002325E0FAEC017AA7EE95
:10829000A77A8A45F9D10DF1340A4FF0280B0BFB70
:1082A00002AADAED007A77EEC77AB1EEE77A81EDCD
:1082B000007A01329A4201F1280109F104090EF114
:1082C000040E08F124080BDD0133092B0CF1240CFA
:1082D00000F1240022D0A846E64681462946002225
:1082E000934210D09FEDAC7AC346E246F2450ED1E0
:1082F000D9ED007AD1ED006A77EEC77A87EEA67ADB
:108300008EED007AD5E79FEDA47AC246C1E7FAEC7C
:10831000016AFBEC017AA6EEA77AE7E79F49A0483D
:10832000FEF78EF897ED017AD7ED006AD7ED027A65
:1083300037EE694A36EEC93A64EE045A77EECA4A15
:10834000E3EE035AE4EEA45AB1EEE56AB5EE406AF4
:10835000F1EE10FA00F0018176EEEA6A37EE4B7A20
:1083600026EEA65A77EEEB7AA7EE075AA7EEA75AA3
:10837000F1EEC55AF5EE405AF1EE10FA00F0ED803C
:10838000C6EEA53A834800224FF0000CC3EE066A01
:10839000B1EEE8CA73EEE66A9FED82DAC6ED006AD6
:1083A000C7EE256A84EE067A35EEC65A36EEC77AEF
:1083B0003CEEC55A86ED017A87EEA57AC4EE867A40
:1083C000DFED796A77EE677A9FED787AC6ED027A0B
:1083D000F0EECC7AF4EECD7AF1EE10FA4CBFC5EEA9
:1083E0000D8AC5EE0C8A03461146D3ED007AF4EEF1
:1083F000677AF1EE10FA05D6F4EEC77AF1EE10FACC
:1084000040F3B08083ED007A0131092903F12403A0
:10841000EBD10132092A00F12800E4D19FED647A02
:108420000023D5ED007A013377EE877A2A46092BAF
:1084300005F12805C2ED007AF3D15E4D5549DFF80C
:108440008C815D484FF4A272DCF72AF86868FDF76A
:108450003FFFD8F80400FDF73BFF4146284609F0EE
:1084600031FB20B1554956484D2206F073FA554A62
:1084700055495648FDF790FF5549564A0023F7EEF7
:10848000085AB0EE026AF7EE006AB1EC017AF0EE3B
:10849000657AE7EE077A01331046092B67EEA77A73
:1084A00002F1280286EE277AC6EE877AC0ED007ABE
:1084B000EBD1494A49493A48FDF76EFF484A3749E6
:1084C0004548FDF769FFF0EE007AE8EEA87A4549E5
:1084D000F1EE006A67EEA77A2CEE0CCA86EEA77A58
:1084E00002A8B4EECD7AF1EE10FA4CBFCCEE0D8AB4
:1084F000CCEE078AFDF7A4FF3B4A3A493848FDF71E
:108500004BFF3A4A30461146B0EE687A0923F0EC48
:10851000016AF1EC017A013BA6EEA77AF7D1344D5E
:1085200034481B49234604F1240CF2EC016AC6EEE0
:10853000877AE5EC017A67EE887AE0EC017AF3EC71
:10854000016A77EEA67A9C45E1EC017AEDD12A49E1
:108550004FF4A2720DA8DBF7A3FF019B012B4DD0B6
:1085600001238CE68A4208D0F4EEE67AF1EE10FAA6
:108570007FF54AAFC3ED006A46E7F5EEC07AF1EE4B
:1085800010FA48BFC3F800C03EE700BF0100090071
:10859000E8CE002080CD0020000000009C100020CC
:1085A000AC10002017B7D1380000C8C20000C84284
:1085B0005F7089308C100020F8CA0020CBDF0308E0
:1085C000ECDF03085C1000206C1000207C10002001
:1085D00090C9002028C800203C1000204C1000202A
:1085E0002C1000201C1000200C100020C0C6002001
:1085F00078C6002030C60020C8C40020064B074AB9
:10860000B0EE480A02A92046FEF7C4F85FB0BDEC00
:108610000C8BBDE8F08F00BF2C100020FC0F002059
:1086200030B52DED028B8DB003AB044624221846E5
:108630000D46002110F0F2FC94ED158A224AF0EE6E
:10864000C87ACDE9012017EE900ADCF7A9F91CA33E
:10865000D3E90023DCF78CFC58B3B5EEC08AF1EE09
:1086600010FA26DDB0EE480A0DF0DAFFDFED177ADA
:1086700030EE670ADFED167AB5EEC00AF1EE10FAB9
:1086800048BFB0EE670A0EF053FA94ED027AD5EDCA
:10869000020AC7EE007A01A92046B7EE006AC6EECC
:1086A000006A95ED017ACDED056A37EE670AFDF7B0
:1086B00091FF0DB0BDEC028B30BD00BFAFF3008069
:1086C0009A9999999999B93F01000900920A063E31
:1086D0000000000030B58DB003AB04460D462022EB
:1086E0000021184610F09AFC094A94ED080AD5EDCD
:1086F000017AD5ED020ACDE901204FF07E5330EE2C
:10870000670A01A920460B93FDF764FF0DB030BD49
:108710000100090010B5124B1C78012C02D0022C6C
:1087200016D010BD0F4B104A1A6003230F4A138056
:108730000F4B1A78A242F4D00E481C704FF4C86256
:10874000002110F06BFC2046BDE8104001F064B839
:10875000044B094A1A60054B1B8843F00F03E5E7F9
:10876000C5100020C0100020550703088ED500203A
:10877000C410002030CF0020810F030807F0DFBFB6
:1087800008B501F0C9F800F085FD034A138843F0ED
:108790000F03138008BD00BF8CD50020024B18705A
:1087A000024B1870FFF7B6BFC5100020C4100020A0
:1087B00007B5890041EA0211084301238DF807003B
:1087C0000DF1060102208DF80630E6F795F903B0A9
:1087D0005DF804FB38B5154B1B7883B1144C217838
:1087E00001290DD0022911D0C1B9124D2B7833B116
:1087F0000A4603211046FFF7DBFF23782B7038BDB4
:108800000C4D2B78012BFAD00022F3E7094D2B7881
:10881000022BF4D0002103220846ECE7BDE83840E3
:1088200005490648BB2206F095B800BF28CF0020B6
:108830007DD50020C610002083E00308F6E603087B
:1088400030B54B1C5024042BA8BF002304FB0305A8
:108850002D69022D02D11360012030BD01339942F0
:10886000F1D10020F9E70000032810B413D80B4B16
:108870003D2202FB003303F5307301F13C0251F855
:10888000044B43F8044B9142F9D10A781A705DF811
:10889000044B00F013BD5DF8044B704730CF00204F
:1088A0002DE9F04F4FF4613099B0E6F721F9FDF76B
:1088B000F7F900F0BFFF00F0E3FF01F007F8E6F77B
:1088C0004BF90B2805D8BA49BA4840F2222206F0E3
:1088D00041F800F05FFA40B9B749B84806F0CCFC5F
:1088E0004FF0FF300BF0F4F8FAE7B54B01226420AB
:1088F0001A700BF0EDF8B34B0026C3E90066B24BDB
:108900001E605E60002408A8E6F716F99DF8203086
:10891000FF2BF7D101340C2CF5D1AC4ADFF8ECB2C7
:10892000012313700024E6F711F90B2840F2FF81B0
:10893000DFF8DC924FF00C0800274D464846E6F77A
:10894000FBF899F80030FF2B08BF0137B8F1010898
:1089500009F10109F2D11B2241469D48DFF88092BE
:1089600010F05CFBA7F10C025342534189F8003030
:108970002B78984903F0030289F80420DA43C2F304
:10898000C01289F81A20C3F3C30289F81820BBF873
:108990000020A9F81420C3F380030A8889F819304D
:1089A000A9F81020B5F801308B4AA9F80C309BF8D3
:1089B000023089F8163089781088927889F80A2070
:1089C000D9F8142089F812100B439200012BA9F852
:1089D0000800C9F8142002D90C2F40F0AE810AF02B
:1089E00011FF99F800300746002B40F013817B4DB2
:1089F0007B4801F003F895F839366BB9D5F8343671
:108A00000BB9C5F8347695F838360F2B4FF00102C4
:108A100040F0278185F83926FFF77CFE714B1C68F2
:108A2000002C00F0FB8099F804306749B9F80C205D
:108A300021F81320DFF8B8A16B4968488DF817605A
:108A40000DF11703019307AB0093524606ABA04705
:108A5000002860D0654A069C13884FF0010909FA86
:108A600004F91FFA89F949EA03031380079B012BD4
:108A700051D15A482246514607F0CDFD002842D038
:108A80009AF88032022B20D10AEB08030022D3F897
:108A90005011022940F00981D3ED530A93ED520A97
:108AA000039203F10800029308F0B6F8029B039AC0
:108AB000D3F8501119610132042A03F15003E6D1B1
:108AC00008F11408B8F1500FDED149493A46204662
:108AD000F5F7E0FE342303FB045595F8E43393B136
:108AE000444B1A8849EA0209A3F800909AF88032A8
:108AF000022B00F0DC80404B1D78002D00F0DE8062
:108B0000012D00F002813B4B1A883C4B002A00F0FB
:108B1000088102221A709DF81730002B7ED02F4D4D
:108B20000024A84695F8AD31002B38D005F5D77153
:108B300008A807F0C1F8324A012303FA04F91388A0
:108B40001FFA89FA4AEA0303138098F8FC32234A91
:108B500002933D2303FB0423169AD3F8F8329A427A
:108B600004D19DF85C30029A934218D0D5F8B02118
:108B700024491248631C06F07FFBE0B208A9039069
:108B8000FFF772FE039800F03DFE1F4A029913881A
:108B9000002900F0C8804AEA030AA2F800A00134C4
:108BA000042C05F14C0508F13D08BBD136E000BFAF
:108BB00083E00308B3E00308DEE00308B5CA010858
:108BC00028CF002094D5002070D5002090D500201B
:108BD0009DD5002022CF002025CF002030CF0020BF
:108BE0009CD50020C0100020A0D500208AD50020F0
:108BF000B8D5002086D50020BC1000207CD50020F0
:108C000082D500205AE1030880D500201FCF002024
:108C10001CCF002014B14B4807F060FD4A4B1C7874
:108C20004A4B1A6897427FF67EAE494A1188494AF4
:108C30001180494A494910881680494A088010889D
:108C400048491680484A0880107848491670484AB2
:108C50000870117811B11670464A1680C8371F6027
:108C600061E699F8041002FA01F10B4385F83836F1
:108C7000D5F83436FB1AB3F57A6F7FF6CDAE3E49A0
:108C80003E4885F8392606F0F7FA002495F838367C
:108C90003A482341D9074CBF39493A492246013461
:108CA00006F0EAFA042CF1D1B6E6002102E73846D4
:108CB00000F008FF00287FF41EAF24E72149324866
:108CC000224607F0F1FC314B08951B78012B09D0A7
:108CD000022B7FF418AF1B4808AA2146FFF7B0FD0E
:108CE00018B910E7012C7FF40EAF089D15492648EE
:108CF0002B46224600F016FB2146124807F009FDDC
:108D00002946104807F005FDFDE60E491E4822469B
:108D100007F0CAFC0B491C48224600F0E1FB214643
:108D2000EFE70122F6E623EA0903138037E7012083
:108D30000AF0CEFE00F0B4FEF5E5154B83F8008096
:108D4000DDE500BFB8D500209CD5002078D50020F7
:108D50008ED500208CD500208AD5002088D5002013
:108D600086D5002084D500207CD500207DD500202C
:108D70007ED5002080D5002009E10308B5CA01088E
:108D800039E1030848E1030830CF0020C510002076
:108D900090D500202DE9F341E4F74CF800240DF1C3
:108DA00003008DF80340E4F7A6F8054638B93749C3
:108DB000374806F061FA284602B0BDE8F0819DF818
:108DC000032034493248DFF80481334E06F054FA68
:108DD000E4F7BCF801200AF07BFE304A3F214FF453
:108DE0000030E4F797F82D4B0A222146981C83F8AF
:108DF0003F4010F0D7F8074601A806F01DF82046BE
:108E000040344445C6BFC4F5CB35DD354025234A43
:108E1000A9B200F50030E4F77DF820492A4601A800
:108E200006F02CF8B442EAD101A806F03BF81C4E3B
:108E30001C4A1D4B1D49B04218BF1346044602464A
:108E400013480CBF0125002506F016FAB4420DD1D7
:108E50003A4617490E4806F00FFAE4F73FF8154B6B
:108E600000221A70144B01221A70A4E71349084813
:108E700006F002FA124A13490548334606F0FCF997
:108E80001149034806F0F8F9ECE700BF8EE103084A
:108E9000B5CA0108CEE10308C096010060D80020E1
:108EA00094C72B1179C8030887E10308F7E1030889
:108EB00015E20308C7100020A0D8002048E20308EC
:108EC0009D96010089E20308C9E203089C9601000F
:108ED00003460448007818B103F50030E4F71AB8E7
:108EE000704700BFC7100020F8B50E46174605466C
:108EF00050B105F500350024A6420BDC0024331BDD
:108F0000002B16DC012004E0E4F730F80028F0D153
:108F10000020F8BD6319DBB24BB10134ECE73A46EF
:108F2000A1B22846E3F794FF0028E8D1F0E7002C2F
:108F3000F5D1311B3A19601989B2BDE8F840E3F761
:108F400087BF0000044B054A1B78107803EB4303EE
:108F500040EA4300C0B27047C7100020A0D80020EC
:108F60002DE9F04F1D463423B9B003FB002781469D
:108F70000C46384605A9DDF80881449E07F0E2F862
:108F800050230DEB030A03FB0944D3464FF00009BD
:108F9000D4ED030A94ED020A5946384609F1010955
:108FA00007F0DEF8B9F1040F04F114040BF10C0B17
:108FB000EED1002420AF3B1900932A4643460AEB2A
:108FC000040105A807F0DCF9002800F090800C34BB
:108FD000302CF0D1474F00240DF1B00909EB040308
:108FE0003A19439928460C3407F014FA302CF5D17D
:108FF0009DED207ADDED297A77EEC77A9DED217A15
:10900000CDED087ADDED2A7A77EEC77A9DED227AEA
:10901000CDED097ADDED2B7A77EEC77A9DED237AD7
:10902000CDED0A7ADDED267A77EEC77A9DED247ACA
:10903000CDED0B7ADDED277A77EEC77A9DED257AB7
:10904000CDED0C7ADDED287A77EEC77A9DED2C7A9E
:10905000CDED0D7ADDED357A77EEC77A9DED2D7A7F
:10906000CDED0E7ADDED367A77EEC77A9DED2E7A6C
:10907000CDED0F7ADDED377A77EEC77A9DED2F7A59
:10908000CDED107ADDED327A77EEC77A9DED307A4C
:10909000CDED117ADDED337A77EEC77A03ABCDED06
:1090A000127ADDED347A9DED317A77EEC77A424659
:1090B0000EA908A8CDED137A07F0DEF9A8B104AB2C
:1090C000424611A90BA807F0D7F970B19DED047ABB
:1090D000DDED037A77EE877AB6EE007A67EE877A6F
:1090E000C6ED007A39B0BDE8F08F00233360002070
:1090F000F8E700BFD010002000B507C88DB00723E7
:109100008DF8003001AB83E80700684604F008FDE5
:109110000DB05DF804FB0000F0B59FB0064611A845
:1091200014460D4604F06EFC129B089315AF139B7A
:1091300009933846149B0A9304F06EFC4FF0031316
:10914000CDE90637179B0B931A9B0C931D9B0D9330
:1091500005AB029306AB01930BAB009306F56D7262
:1091600008AB29462046FFF7FBFE40B100230E93D3
:10917000059B0F930EA8034B1093FFF7BDFF1FB085
:10918000F0BD00BF0AD7233C38B50D460446406801
:10919000FDF7AAF86868FDF7A7F82946204608F009
:1091A000D0FD30B1BDE8384002490348452205F002
:1091B000D1BB38BDCBDF0308ECDF03082DE9F04756
:1091C0003423304F4343FA1894B092F8E423804696
:1091D000002A42D06C2603F5707346434FF0031902
:1091E0003B44CDE90239284DCDF8049006F2844382
:1091F0003B4403A901A80493FFF7C6FF0FCD0BACB6
:109200000FC40FCD0FC406F2CC4A2B68029823601E
:1092100006F595660BAB3E44CDE90639CDF81490C2
:109220000896FDF761F80698FDF75EF80898FDF7D7
:109230005BF807AA05A901A8BA4408F041FD20B1CE
:1092400012491348562205F085FB4FF0031309A974
:1092500007A8CDE9093AFFF797FF3421012202FA66
:1092600008F201FB0878B7F83A3698F8E41331B100
:1092700013439BB2A7F83A3614B0BDE8F08723EA4F
:109280000203F7E730CF0020E8970308CBDF03089D
:10929000ECDF030808B50020FFF790FF0120FFF77F
:1092A0008DFF0220FFF78AFF0320FFF787FFBDE84D
:1092B00008400148F7F750BD7CFB0308032810B5B0
:1092C0000DD8094A01213D24814004FB0020B2F859
:1092D0003C3690F8FC0218B10B43A2F83C3610BDA6
:1092E00023EA0103F9E700BF30CF0020032870B460
:1092F00006460D4611D80A4C342303FB00440FCD1B
:1093000004F56D740FC40FCD0FC40FCD0FC42B68BF
:109310002360304670BCFFF751BF70BC704700BF80
:1093200030CF00202DE9F04F34252DED028B05FBC9
:1093300002F71C46C3199FED628A93F8E43393B099
:10934000064688469146002B00F0B18065434319DC
:1093500093F8E433002B00F0AA80142207F56D7710
:10936000584800210FF05AFEF3190293502305F5D7
:109370006D7503FB098203FB048400273544083222
:109380000834BB469368022B33D1A368022B30D13B
:1093900005ABDFF848A101930298CDF800A0234661
:1093A0002946039206F032FF039A10B3454BDDEDD8
:1093B000057A9AED007A444938EE278AD3ED007A8F
:1093C00077EE877A9AED017AC3ED007AD3ED017AD0
:1093D00077EE877A9AED027AC3ED017AD3ED027ABD
:1093E00077EE877A0137C3ED027A8B680133FFB2DB
:1093F0008B600BF1010BBBF1040F02F1140204F1BD
:109400001404BFD1042F314B4ED12E4C304AD4ED31
:10941000006A94ED017AD4ED027AB5EE006A66EE48
:10942000866A27EE067A67EE867A28EE068A9FED30
:10943000296AC4ED006AC2ED006AF0EEE66AF4EE55
:10944000466AF1EE10FA83ED008A84ED017AC4EDEC
:10945000027A82ED017AC2ED027A1BD8B0EEC77AA9
:10946000B4EE467AF1EE10FA14D8F0EEE77AF4EEA4
:10947000467AF1EE10FA0DD8174AE2600122227402
:109480008DF818200FCC07AD0FC523682B6006A8F8
:1094900004F046FB4A464146304613B0BDEC028B11
:1094A000BDE8F04FFFF738BE00221A60F2E7074B25
:1094B00083ED008A13B0BDEC028BBDE8F08F00BFD6
:1094C000000000008C84002038110020A4D8002067
:1094D000A8D80020FFFF7F7F0AD7233CB4D8002004
:1094E0002DE9F04F34262DED028B5643831991B0B0
:1094F00093F8E433054688461446002B00F0378184
:1095000091F88032012B0CD0022B00F0A180224672
:109510004146284611B0BDEC028BBDE8F04FFFF785
:10952000FBBD954BDFED958A93ED008A06F56D79CD
:10953000502781445FFA82FA07FB02174FF0000BB5
:109540003A69022A7BD1D7ED007A8D4BF5EE407A4D
:109550000C22F1EE10FA5FFA8BF102FB0B3235D0E0
:1095600008208DF8100006F57070284408906C20D3
:1095700000FB045000F28440099000208DF82A007E
:109580003D2000FB045000F530700E907D480F9098
:1095900004A8069202928DF828100191CDF81C9033
:1095A0008DF829A0CDED0B8ACDED0C7A8DED0D8ACD
:1095B00004F0B6FA744850F8243098680130986086
:1095C000724B9868DDE9011201309860D7ED017A9D
:1095D000F5EE407AF1EE10FA31D06C206043CDE91F
:1095E000062900F595622A44089201228DF82A2066
:1095F0003D2200F2CC4002FB0452284402F53772AF
:109600004FF0080C09900E9204A85E4A8DF82810BD
:109610000F928DF810C08DF829A0CDED0B8ACDEDFD
:109620000C7A8DED0D8A04F07BFA574A52F824101B
:109630008A6801328A6055498A6801328A600BF172
:10964000010BBBF1040F07F114077FF479AF5EE75C
:109650004F4B4FF06C0909FB020906F56D7A93ED4B
:10966000008A06F5707609F2844350278244064446
:1096700001935FFA82FB07FB02174FF00009D7F84E
:109680005021022A6BD1D7ED507A3D4BF5EE407A4E
:109690000C21F1EE10FA5FFA89F201FB09312DD0AD
:1096A00008208DF8100000208DF82A0039480B9012
:1096B0003D2000FB045000F530700E903648019BB1
:1096C0000F9004A80691039109938DF82820029227
:1096D000CDE907A68DF829B0CDED0C7A8DED0D8A78
:1096E00004F01EFA284850F8243098680130986039
:1096F000264B9868DDE9022101309860D7ED517A58
:10970000F5EE407AF1EE10FA29D08DF828200122EA
:109710008DF82A20214A0B923D2202FB0452082098
:1097200002F53772019B8DF810000E9204A81A4AB8
:109730000F92CDE9061A089609938DF829B0CDED60
:109740000C7A8DED0D8A04F0EBF90F4A52F82410D3
:109750008A6801328A600D498A6801328A6009F19B
:109760000109B9F1040F07F1140788D1CFE611B050
:10977000BDEC028BBDE8F08FCC1000200000000093
:10978000D010002031FE02086416040838110020B1
:10979000C8100020920A06BF7DFF0208920A063F09
:1097A00070B5032886B00546164621D8F1B10246A9
:1097B000104901A8F8F75EFA0F49342202FB05119F
:1097C00001A8EBF777FA04466EB10C492A4601A8C6
:1097D000F8F750FA3CB10A493D2202FB051101A8F5
:1097E000EBF768FA0446204606B070BD0124EBE7AB
:1097F0000124F8E7F8E20308E4D2002006E30308B6
:10980000F0D100200328014602D80248FCF70CBD25
:10981000704700BF75E4010807B501228DF8070005
:109820000DF107010248EBF745FA03B05DF804FBC0
:109830005FE3030807B50E4805220DF10301EBF7BE
:1098400081FA38B90B490A480222EBF733FA03B020
:109850005DF804FB07490DF10300DAF7B1FC0028BD
:10986000F5D005490548722205F074F8EFE700BF0E
:109870006DE3030858E0030874E30308DCCB030836
:1098800070B50F4D86B0002495F8E43383B9E6B285
:109890000C49324601A8F8F7EDF90B49342201A82A
:1098A000EBF750FA342803D107493046FFF71EFD85
:1098B0000134042C05F13405E6D106B070BD00BFBB
:1098C00030CF0020F8E2030800D9002070B50F4D1A
:1098D00086B0002495F8FC3283B9E6B20C493246D2
:1098E00001A8F8F7C7F90B493D2201A8EBF72AFABE
:1098F0003D2803D107493046FEF7B6FF0134042C5A
:1099000005F13D05E6D106B070BD00BF30CF0020A7
:1099100006E30308C0D8002007B5074801220DF16F
:109920000701EBF70FFA012803D19DF80700FEF7B6
:1099300035FF03B05DF804FB5FE30308F7B52D4C7A
:1099400094F940305A1C4CD094F8415094F82110AE
:109950001B0543EA4543E56B0E2043EA95030322CA
:1099600011FB002101936218BDF80450A06A9DF814
:10997000063065529370218D94F82A305371A2F805
:10998000031004F12C050632002147F6FE764FF64F
:10999000FC7794F942300B41DB0724D555F8213090
:1099A0001B1A03EB060CBC451DD81BB20131042960
:1099B00022F8023BEDD16378FF220E3384F8402079
:1099C00094F821200025DBB2637084F84250E563EF
:1099D000A5625AB12BB10848F5F7A2F9657084F871
:1099E000215003B0F0BD47F6FF73DFE7012384F891
:1099F0002130F6E7541100205511002070B5274C96
:109A000023780546002B47D08268A36A9A4288BF14
:109A1000636A626288BFD31A94F9402098BF00231A
:109A2000013204D0B3F5803F01DBFFF787FFAB893C
:109A3000AE6806EB5306AB7E73B194F940202B7EE3
:109A4000511C21D184F840306B7E003B18BF0123AC
:109A500084F84130AB68A3626B6913B1E363AB6810
:109A6000A3622B7904EB8303DE622A7901239340FE
:109A700094F8422013435BB20F2B84F842300BD191
:109A8000BDE87040FFF75ABF9A42E5D0FFF756FF96
:109A90002B7E84F84030DDE770BD00BF54110020FC
:109AA00010B5074C237853B1FFF748FF637833B103
:109AB000601CF5F735F90023637084F8213010BD80
:109AC0005411002038B5204A204913680C6801332E
:109AD000844213601E4C2FD21E4D9FED1F7A07EE5D
:109AE000903A2B682860F8EE677AC31A67EE877A97
:109AF00007EE103AB8EE477A184BC7EE876A1B8814
:109B00006430086007EE903AF8EE677A144BF4EE92
:109B1000E67AF1EE10FADDBF87EEA67AF7EE007A6C
:109B200077EEC77ADFED0F7AC3ED007AFEEEE07ACA
:109B30000023C4ED007A13600FF078F9236898428F
:109B4000D4BF0020012038BD40D900203CD90020DE
:109B500034D9002038D9002000007A449811002020
:109B600044D90020000000002DE9F8432DED028BC0
:109B7000DFF8A89199F80030B0EE408A002B40F051
:109B8000A980564E564F574B3978D3ED003A96ED93
:109B9000082AD6ED071A96ED061AD6ED050A9FEDAE
:109BA000523A524D524CDFF87881F0EE402A30465E
:109BB0009FED500A07F0ECFD4F4B3978D3ED003A9A
:109BC00095ED082AD5ED071A95ED061AD5ED050A8B
:109BD0009FED453A9FED470A2846F0EE482A07F0E8
:109BE000D7FD464B3978D3ED003A94ED082AD4EDF1
:109BF000071A94ED061AD4ED050A9FED3B3A9FED46
:109C00003D0A3F4FF0EE482A204607F0C1FD30469E
:109C10009FED3C0A3C4E07F089FE28469FED390A2D
:109C20003A4D07F083FE20469FED390A394C07F084
:109C30007DFE98F80010D7ED003A9FED2B3A96ED97
:109C4000082AD6ED071A96ED061AD6ED050A9FEDFD
:109C5000290AF0EE482A304607F09AFD98F80010DD
:109C6000D7ED003A9FED203A95ED082AD5ED071A79
:109C700095ED061AD5ED050A9FED1E0AF0EE482A6D
:109C8000284607F085FD98F80010D7ED003A9FEDC3
:109C9000163A94ED082AD4ED071A94ED061AD4ED7D
:109CA000050A9FED140AF0EE482A204607F070FDE1
:109CB000B3EE040A304607F039FEB3EE040A284634
:109CC00007F034FE9FED140A204607F02FFE012313
:109CD00089F80030BDEC028BBDE8F8837C130020CE
:109CE00054D90020E41300200000FA431C13002084
:109CF000BC12002000000000E0130020DC13002054
:109D0000E8130020333305425C120020FC110020D0
:109D100033B326439C1100200000B443ED1E002005
:109D200055D90020014B1878704700BFED1E002068
:109D300008B53D482DED068BB0EE408AB0EE610AC5
:109D4000F0EE609AF0EE418AB0EE42AAB0EE629A6E
:109D500007F0F6FDB0EE480A33489FED348A002143
:109D600007F038FDB4EEC80AF1EE10FA4CDCDFED76
:109D7000307AB4EEE70AF1EE10FA48D4FDEEC07A7C
:109D800017EE903A1BB22B4A2B481380B0EE4A0ACA
:109D900007F0D6FD28480021B0EE690A07F01AFD49
:109DA000B4EEC80AF1EE10FA33DCDFED217AB4EE3E
:109DB000E70AF1EE10FA2FD4BDEEC00A10EE103A09
:109DC0001BB21E4A1E481380B0EE490A07F0B8FDC8
:109DD0001B480021B0EE680A07F0FCFCB4EEC80A8C
:109DE000F1EE10FA1ADCDFED127AB4EEE70AF1EECA
:109DF00010FA16D4BDEEC00A10EE103A1BB2114A8A
:109E00001380BDEC068B08BD47F6FF73BBE70E4B16
:109E1000B9E747F6FF73D4E70B4BD2E747F6FF737A
:109E2000EDE7094BEBE700BF7C13002000FEFF4687
:109E300000FEFFC64CD900201C1300204AD9002088
:109E4000BC12002048D900200180FFFF70B50646F3
:109E50002DED068B1A48B0EE40AAB0EE610AB0EEC6
:109E6000609AB0EE418AF0EE429AF0EE628A1446B1
:109E70000D4607F065FD00211148B0EE4A0A07F0D3
:109E8000A9FC104886ED000AB0EE690A07F058FDFB
:109E900000210C48B0EE490A07F09CFC0A4885ED09
:109EA000000AB0EE680A07F04BFDB0EE480A06481B
:109EB000012107F08FFC84ED000ABDEC068B70BD1C
:109EC0005C120020FC1100209C110020014807F0CA
:109ED00030BD00BF5C120020014807F02ABD00BF62
:109EE000FC11002008B514482DED028BF0EE608ABD
:109EF000B0EE418A07F01DFDB0EE680A0F4807F08A
:109F000018FDB0EE480A9FED0E8A0E4807F011FDCD
:109F1000B0EE480A0C4807F00CFDB0EE480A0B48BA
:109F200007F007FDB0EE480ABDEC028B0848BDE81B
:109F3000084007F0FEBC00BF5C120020FC110020AE
:109F4000000000009C1100207C1300201C13002046
:109F5000BC120020044B1B880380044B1B880B8021
:109F6000034B1B88138070474CD900204AD900202E
:109F700048D90020014B93ED000A704750D90020CA
:109F8000DFED197A30EE000A10B587EE800A04463C
:109F90000CF04EFE0023E361A361636123619FED3A
:109FA000137AC0EE077A60EE006AF7EE005A36EEDA
:109FB000A77A36EEE56A76EEE77A37EE257A36EE60
:109FC000066A77EEA57A86EE075A87EE876AC6EEAE
:109FD000877A84ED005AC4ED027A77EEA77A84ED91
:109FE000016AC4ED037A10BD6F12033B8104353F53
:109FF000D0ED046AD0ED037A90ED027A90ED056A17
:10A00000D0ED015AC0ED056A66EEA77A80ED040A2C
:10A01000E0EE077AE7EE067A90ED067A90ED006AB8
:10A02000E6EE477A90ED076A80ED077AE5EEC67AAC
:10A03000C0ED067A7047000070B52DED028B184C0C
:10A040009FED186AD4ED4D7A67EE867AF7EE006AD6
:10A0500086EEA77A84B001AE40340025D4ED3E7A76
:10A060008DED017A67EE867A8DED027A86EEA76A2B
:10A070008DED036AB6EC018A2046B0EE480AFFF780
:10A080007FFF013504F16000B0EE480AFFF778FF6A
:10A09000032D04F12004EDD104B0BDEC028B70BDA2
:10A0A000EC130020DB0FC94008B50B4B00225A60AF
:10A0B0009A60DA609A62DA621A63DA611A625A6244
:10A0C000FFF7BAFF9FED050AFFF74EFD02F01CF9FE
:10A0D000BDE8084001F051BEEC1300206F12033BB5
:10A0E000FFF720BE2DE9F8432DED028B1E460A9B9B
:10A0F000914613F001074FF0000280460D460274AE
:10A100002ED191F87E20DFEDDC6A022A40F0138226
:10A11000DA4A91ED086ADFEDDA7A92ED037AA6EE7B
:10A12000277A39469FEDD76AF0EE477AF4EEE67A61
:10A13000F1EE10FA00F3F881002908BFF0EE477A3B
:10A14000DFEDD06A9FEDD07AF4EEC77AF1EE10FA27
:10A1500000F1EE819FEDCD7A67EE877AC2ED037A4A
:10A160000A22B3FBF2F102FB1133C94C53B9C94BBC
:10A170001B78002B40F01D82C049C74833462A4651
:10A1800002F006FA002F40F05A81C24B1B782BB127
:10A19000C24B32462946484601F0F2FD95F87B3025
:10A1A000002B40F0E6816A6BBB4B1A6095F8792072
:10A1B000B24B9FEDB68A002A40F0E381D5ED027ADA
:10A1C00067EE887AC3ED017A95F87A20002A40F08C
:10A1D000E181D5ED037A67EE887AC3ED027A93EDDB
:10A1E000017A96ED010AD4ED447AD6ED026AAC4FBD
:10A1F000A0EE487A67EE877A93ED027AC7ED017A8E
:10A20000A6EEC87AD4ED457AD6ED036A67EE877A72
:10A2100093ED037AC7ED027AA6EE887A95F87C3042
:10A22000D4ED467A67EE877A022BC7ED037A07D121
:10A23000D5ED067A67EE887AC7ED017AFFF746FE1C
:10A2400095F87D30022B09D1D5ED077A96ED020AFB
:10A2500067EE887AC7ED027AFFF73EFE99ED033A82
:10A26000D9ED044A99ED055A8E4B8F4823EE083AF2
:10A2700064EE884A25EE085AF1EE643AB1EE454A9A
:10A28000B0EE430A83ED003AC3ED013A83ED024A92
:10A29000FFF7AEFEB0EE630A2030FFF7A9FE2030D4
:10A2A000B0EE440AFFF7A4FE9FED807AA0F1E00330
:10A2B0000022AC38D3ED2E7AD3ED2F6A77EEE67A12
:10A2C000013267EE877A032AE0EC017A03F120037A
:10A2D000F0D1D4ED0A3A7648764BB0EE630AFFF738
:10A2E00087FE94ED0B4A2030B0EE440AFFF780FE63
:10A2F00094ED0C0A2030FFF77BFED7ED027A94ED47
:10A30000477AD4ED406A74EEA74AD7ED037A35EE6A
:10A31000275AD7ED017A77EEC37AF7EE005A67EE47
:10A32000877A94ED487AC4ED017A64EE874A94ED19
:10A33000497AC4ED024A25EE075A85EEA67AD4ED95
:10A340000D6A84ED035A77EEE67AD4ED416A27EE82
:10A35000277AC5EEA67AD4ED0E6A84ED047A74EEFF
:10A36000E64AD4ED426A67EEA47AD4ED434AC4EDDE
:10A37000057A74EEA66A85EEA66AD4ED0F6AD3ED6F
:10A38000005A35EE665AD4ED066AA4EEA65AD4ED0C
:10A39000166A37EE267AD4ED1E6A26EE056A77EE47
:10A3A000A67AD4ED266A84ED066A36EE266AF1EEC8
:10A3B000656AB4EEE67AF1EE10FA00F1F480B4EEDC
:10A3C000E57AF1EE10FAC8BFB0EE657AF4EEE67AFF
:10A3D000F1EE10FA84ED077A00F1E880F4EEE57A08
:10A3E000F1EE10FAC8BFF0EE657AB4EEE66AF1EE6F
:10A3F00010FAC4ED087A08D4B4EEE56AF1EE10FA6A
:10A40000D4BFF0EE466AF0EE656A37EE637A94EDFB
:10A410004A6AC4ED096AE6EE073A77EEC47A94ED2B
:10A420004B7AC4ED0A3AA7EE274A76EEC06AD4ED1D
:10A430004C7A84ED0B4AA7EEA60A84ED0C0A164B63
:10A44000D3ED007A1C4BC4ED007A93ED007AF4EE64
:10A45000C77AF1EE10FA48D5F5EE407A0023F1EE16
:10A4600010FA6360A360E360A362E3622363E361C5
:10A470002362636239D121E0000034439CD900207B
:10A480006F12033B0000B443000034C335FA8E3C26
:10A49000EC1300202815002074D9002058D9002082
:10A4A0007CD9002068D900208C1400200000FA43D9
:10A4B0002C1400202C1500203015002096ED031AD6
:10A4C000D6ED020A96ED010AFFF70CFD96ED0B1A88
:10A4D000D6ED0A0A96ED090A02F018F9D6ED037ACC
:10A4E000364BF1EE677AC3ED037A2368C8F808307B
:10A4F000D4ED077AFDEEE77A17EE903AA8F800302F
:10A50000D4ED087AFDEEE77A17EE903AA8F802301B
:10A51000D4ED097AFDEEE77A17EE903AA8F8043008
:10A52000BDEC028BBDE8F88377EEC67A0121FDE52C
:10A5300077EEA67A08E6D1ED047A9FED217AF4EE63
:10A54000E67AF1EE10FA0EDC9FED1E7ADFED1C6A62
:10A55000F4EEC77AF1EE10FA08D49FED1B7A174A91
:10A5600067EE677AFAE577EEC77AE8E777EEA67ADC
:10A57000EEE7164B1B78002B3FF418AE144BDA684D
:10A5800012E6124A1278002A3FF41EAE104A5268B0
:10A590005A6019E60D4A1278002A3FF420AE0C4AA0
:10A5A00092689A601BE6B0EE667A0FE7F0EE667A84
:10A5B0001BE7002F7FF443AFEAE500BF9CD90020E2
:10A5C0000000B443000034C335FA8E3C2815002047
:10A5D00058D900200023C364036543658366C366BE
:10A5E000036770472DE9F0432DED108B83B092ED9A
:10A5F0000F8A1A9F92ED109AD7ED097AD2ED118A3F
:10A60000D2ED15AADFEDF7EA90ED097A92ED135A33
:10A61000D2ED145A97ED0D3A97ED0E4A38EE678A4F
:10A62000D7ED0A7A39EE679AD7ED0B7A78EEE78A9A
:10A63000D7ED0F7A7AEEE7AAD0ED157AE8EEAE7A8A
:10A6400004460E46F1EE479AF4EEE97AF1EE10FA7E
:10A650001546984608D4F4EEC77AF1EE10FAD4BF46
:10A66000F0EE679AF0EE479AD4ED137A94ED056A0E
:10A67000C4ED159AE8EE2E7AB1EE467AF4EEC77A7A
:10A68000F1EE10FA00F1DC82F4EEC67AF1EE10FA87
:10A69000C8BFF0EE467AD4ED146AC4ED137AE9EE41
:10A6A0002E6AB4EEE67AF1EE10FA08DCB4EEE66A51
:10A6B000F1EE10FA54BFB0EE667AB0EE467A84ED51
:10A6C000147A95F879909FEDC8AAB9F1010FB7EE09
:10A6D00000BA40F0B882D4ED023AD4ED006A95EDAC
:10A6E000176AD4ED034A28EE238A29EE239AA6EEB0
:10A6F000868A35EE436AA6EE248A94ED046AA7EEB4
:10A70000868AD5ED187AA6EEA79A75EEC47AA7EEDA
:10A71000A49ADFEDB87AA7EE069A95ED197A37EE8E
:10A72000277AD4ED067A68EEA77AE6EE877A94ED7A
:10A73000077AEAEE877A94ED087AE9EE877AF0EE06
:10A74000678A95F87E309FEDA9DA022B40F0A5824A
:10A75000D5ED087A97ED030AA7EEAE0AB9F1010F1D
:10A76000D7ED05CAD7ED04DAD7ED069AD7ED07AADB
:10A770003CEEACCA7DEEADBA2CEE8CEA3FD079EE61
:10A78000A96A6CEEAB7A3BEE4E7AEAEEA67AA9EEB7
:10A79000E67A67EEA76AE7EE076A76EE8D6AB1EEB3
:10A7A000E66A8BEE065A67EE857A27EE057A25EE85
:10A7B0000D5AF0EE676AD5EE0D6AB0EE476A66EEA6
:10A7C000896AA5EE4D6AE8EE076A6DEE475AB0EE6B
:10A7D000667A66EE096AE7EE8D5AE8EE276AA8EE19
:10A7E0008D7AF0EE667A65EE896AE8EE8D7AE8EEAB
:10A7F000056AB0EE679A78EEA68AB0EE478A69EEEF
:10A80000097AB7EE00BAE8EE087AE8EEA87AB1EE77
:10A81000E77A60EE0A7A8BEE07FAB0EE670A68EE26
:10A820000FFA29EE0FDA28EE8FFAC4ED1DFA84ED47
:10A830001EDA84ED1FFACDED017A0CF079F9DDED29
:10A84000017A8DED000AB0EE670A0CF0B7F9DFED82
:10A85000673ADDED002A63EEEF1A2FEE406AE2EE72
:10A860008F1AADEE236A6DEE622A61EEA17AE0EEF8
:10A870002F2AE6EE067A6DEEAD0AE2EEA27AF0EE4F
:10A88000004AB1EEE77ABFEE005ACBEE077AA0EEAF
:10A89000A45A2CEEAC1AB0EE457AA1EE247A61EE01
:10A8A000A71A62EEA72A26EE276AF0EE4D7AE7EEA7
:10A8B000227A2CEEA17A6DEE865A27EE297A29EEBD
:10A8C000A93AA9EEA57A6CEEED5A2FEE464AAFEE04
:10A8D000A57A69EEEC5AA0EE8D7A31EE8F0AA3EEDE
:10A8E0000D7AA2EEAF4AAFEE257A2FEEE12AE7EE1F
:10A8F000647A2FEEE97AA6EE0D2AACEEC67A7AEEED
:10A90000AA5AADEE807A6DEE626AE5EE877A64EE61
:10A91000695AE1EE8F6AECEE825A31EE031A6CEE60
:10A92000A55A32EE6F7AE2EE205AA3EE245AE1EEF7
:10A930006F5A26EEE91AF1EE6DFAACEE8D1A29EE99
:10A940008DDAA9EE8F1AADEE84DA36EE8FFAEDEEDF
:10A95000815AACEECFDA2CEEA21AEAEE8D5AADEEA9
:10A96000821AA5EEE47A6DEEA65A76EEA16AECEEB6
:10A97000865A66EEAA6AEDEEE15AECEEC26A2AEE5B
:10A98000811AEDEEA26AACEEA51AF0EE465AE1EE9F
:10A99000645A76EEA66A36EE066AE9EEA65AD8ED55
:10A9A000044AD8ED032AD5ED071A95ED08FAE3EE2F
:10A9B000465A64EE8A4AE4EE055A94ED165A95ED2D
:10A9C000064A98ED053AB4EE455AF1EE10FA62EEF9
:10A9D0008A2A24EE0A4A61EE8A1AB1EE646A40F0CD
:10A9E00087810DE06F12033B35FA8E3C00000000BA
:10A9F0000000FA46C3F51C41E02E65420000FAC68D
:10AA0000D4ED186A32EEC55A74EE666A76EEC56AFF
:10AA100094ED175AC6EEAEDAD4ED196A71EEE66A15
:10AA200036EE455AF1EE666A76EEC56A86EEAE1AE5
:10AA300084ED176AC4ED162AD5ED066A94ED1A6AFC
:10AA400094ED0D2A66EE8A6AA7EEEE6AC4ED186AE6
:10AA5000D5ED076AB1EE425A66EE8A6AB4EEC56A6F
:10AA6000F1EE10FAC4ED196A00F14781B4EEC26A42
:10AA7000F1EE10FAC8BFB0EE426AD4ED1B6A84ED65
:10AA80001A6AE7EE2E6AB4EEE65AF1EE10FA08DC26
:10AA9000B4EEE62AF1EE10FA54BFB0EE665AB0EE0C
:10AAA000425AD4ED1C6AD4ED110A84ED1B5AE5EE2E
:10AAB000EE6AB1EE602AF4EEC26AF1EE10FA08D442
:10AAC000F4EEE06AF1EE10FAD4BFB0EE662AB0EE12
:10AAD000602AD4ED0E6A84ED1C2ACDED006A95F84B
:10AAE0007B30D4ED106A94ED0ADAD4ED0BCA94ED04
:10AAF0000C0AD4ED120AD4ED0FEACDED016A002B59
:10AB000040F0FE8095ED0D8A86ED028A84ED208A64
:10AB100098ED038A28EE0A8A84ED248A98ED048A47
:10AB20002AEE488A84ED258A98ED058A28EE0A8A5D
:10AB300084ED268AD8F80830C4F89C3096ED028A55
:10AB4000B5EEC08AF1EE10FA40F3FA8034EE624AB4
:10AB50006DEE677AE4EE2C7A1FED584AE6EE007A45
:10AB60001FED5D6AE0EEAD7AF4EEC47AF1EE10FA14
:10AB700000F1DD80F4EEC67AF1EE10FAC8BFF0EE17
:10AB8000467A74EEE14A27EE0D7AFDEEE77AA4EEFE
:10AB9000AC7A17EE903AA5EE007A1BB23380A0EEA5
:10ABA000817AB4EEC47AF1EE10FA00F1C380B4EE0B
:10ABB000C67AF1EE10FAC8BFB0EE467A2AEE433AF2
:10ABC000DDED007AAFEE0A3A67EEE56ADDED017A77
:10ABD000E3EE2E6ABDEEC77AE2EE276A17EE102A80
:10ABE000F4EEC66AF1EE10FA728000F3A680F4EE7D
:10ABF000C46AF1EE667AF1EE10FA48BFF0EE467ADA
:10AC0000FDEEE77A17EE902A07EE903AF8EEE77A33
:10AC1000B280C4ED217AB6F9023007EE903AF8EE30
:10AC2000E77AC4ED227AB6F9043007EE903AF8EEEE
:10AC3000E77AC4ED237A03B0BDEC108BBDE8F08356
:10AC4000F0EE477A27E595ED030A20EE0A0A0BF0AD
:10AC5000B5FFB1EE408A95ED020A20EE0A0A0BF02C
:10AC6000ADFF95F87B30012BB1EE409A12D1D4EDB7
:10AC7000067A94ED007A68EEA78A5FEDA27AE7EE95
:10AC8000278AD4ED077AEAEEA78AD4ED087AE9EEAE
:10AC9000A78A56E5F0EE4B8A53E5012B02D195EDDC
:10ACA000040A5BE595F87F30012B1ED195ED0A7AF9
:10ACB00095ED090AD5ED0B7AD5ED0C6A27EE000A61
:10ACC000F0EE4B0AA7EEA60A67EEA77A30EE000A6E
:10ACD000E7EE077AB0EE007AE7EEC70A0BF0F8FC71
:10ACE0005FEDBB7A20EE270A38E5B0EE4D0A35E578
:10ACF000B0EE631AF0EE63DA9AE6B0EE456ABCE6AF
:10AD0000ABEEAFBAD4ED016A3BEE4EBA29EE8CEA57
:10AD100069EEAB9AAAEEEBEAEAEE8C9A28EE298A63
:10AD2000A9EE0E8AA8EE8B8A28EE268AECE6F0EED3
:10AD3000447A26E71FEDCF7A40E75FEDD07A5FE7F0
:10AD40000023B3803360C4ED213AB6F9023007EE38
:10AD5000903AF8EEE77A2046C4ED227AB6F904304C
:10AD600007EE903AF8EEE77AC4ED237A03B0BDEC33
:10AD7000108BBDE8F043FFF72DBC00BF10B50549AF
:10AD80000446A022D9F78CFB2046BDE81040FFF70F
:10AD900021BC00BF3415002030B4039C0025E4071B
:10ADA0000D7402D430BCFFF71DBC30BC70470000EE
:10ADB0000148FFF7E3BF00BF3415002001207047B2
:10ADC00013B5049CCDE9003413460A4601460248F7
:10ADD000FFF7E2FF02B010BD34150020014B1878D8
:10ADE000704700BFBCD90020034B1A78034B03EB1C
:10ADF00002135B68184700BFBCD900207416040812
:10AE000030B4044C2578044C04EB0514A468A44623
:10AE100030BC6047BCD9002074160408034B1A7874
:10AE2000034B03EB0213D868704700BFBCD9002066
:10AE300074160408052810B514D880B103460A4CCE
:10AE400000012370094B1B589847FFF7E7FF08499B
:10AE500023780246BDE81040064804F00DBA0123ED
:10AE60001846ECE710BD00BFBCD9002074160408DA
:10AE7000A7E30308B5CA010808B59FED040AFEF769
:10AE800073FEBDE8084001F03FBA00BF6F12033BFC
:10AE9000FEF748BF2DE9F0472DED028BDDF8289035
:10AEA0001E4619F0010A4FF0000305460C461746EE
:10AEB000037461D191F87E30DFF810839FEDBF8A73
:10AEC000022B40F01B819FEDBE7AD1ED086AD8EDD0
:10AED000037AE6EE877A9FEDBB7AF4EEC87AF1EE5C
:10AEE00010FA00F3F480DFEDB88A9FEDB67AF4EE45
:10AEF000E87AF1EE10FA00F1ED80C8ED037AFFF781
:10AF000039F8B5EE400AF1EE10FA1FD096ED037A4B
:10AF1000D8ED037ADFEDAB6A77EEC77AF4EEC87A44
:10AF2000F1EE10FA00F3D980DFEDA66AF4EEE87ACC
:10AF3000F1EE10FA00F1D480B4EEE70AF1EE10FA67
:10AF400040F1D18037EE007A88ED037AD8ED037AAC
:10AF50009FED9C7AF4EEC87AF1EE10FA00F3FA80D5
:10AF60009FED997ADFED976AF4EEC77AF1EE10FA69
:10AF700000F1F380C8ED037A0A23B9FBF3F203FB77
:10AF800012932BB9914992483346224601F000FBB7
:10AF9000DFF83C82BAF1000F40F08A8094F87B30F1
:10AFA00013B9636BC8F8003094F87920874B12B15D
:10AFB00094F87A201AB9A2685A60E2689A60854AC1
:10AFC000D3ED032A93ED022AD3ED011A96ED031A6D
:10AFD000D6ED020A96ED010ADFF82492111FA2F1C4
:10AFE0000800FEF733FF94F87C30022B06D1A369EA
:10AFF000C9F8043096ED010AFEF768FF94F87D3039
:10B00000022B06D1E369C9F8083096ED020AFEF773
:10B0100063FFD7ED040AD9ED032A99ED022AD9ED91
:10B02000011A97ED051A97ED030AF1EE600AFEF793
:10B030007FFE2A1DA91C2846FEF78CFF664AA968D8
:10B040001160B5F90020AB889FED647A07EE902A75
:10B05000634AF8EEE77A5B42C2ED007AB5F9022066
:10B0600007EE902A5F4AF8EEE77A1BB2C2ED007A4B
:10B0700007EE903AAB80F8EEE77A5B4BBA68C3ED27
:10B08000007AD7ED037A594B67EE877AC3ED007AE1
:10B09000D7ED047A564B67EE677AC3ED007AD7EDA9
:10B0A000057A544B67EE877AC3ED007A524B1A60EB
:10B0B000D8ED007AF5EE407AF1EE10FA4FF0000389
:10B0C0004ED0C5ED027ABDEC028BBDE8F08777EE7D
:10B0D000C77A02E777EE877A09E777EEE67A1DE727
:10B0E00077EEA67A22E7F1EE406AF4EEE76AF1EE37
:10B0F00010FA7FF72BAF37EE407A25E7012B03D10B
:10B100000B69C8F80C3021E791F87F30012B7FF4F0
:10B110001DAF91ED0A7A91ED090AD1ED0B7AD1EDCF
:10B120000C6A27EE000AF7EE000AA7EEA60A67EE01
:10B13000A77A30EE000AE7EE077AB0EE007AE7EE83
:10B14000C70A0BF0C5FADFED2D7A20EE270A88ED4D
:10B15000030AFBE677EEC77AFCE677EEA67A03E70A
:10B1600000222A60AA801C4AAB601360B5F9002057
:10B1700096ED031AD6ED020A96ED010A07EE902A23
:10B18000174AF8EEE77AC2ED007AB5F9022007EE29
:10B19000902A144AF8EEE77AC2ED007A124A136058
:10B1A000FEF7A0FE96ED0B1AD6ED0A0A96ED090AF7
:10B1B00001F0ACFA054BF268DA6084E70000344332
:10B1C0006F12033B0000B443000034C3ACD900202D
:10B1D00078D9002098D90020DCD9002035FA8E3C9F
:10B1E000D8D90020D4D90020D0D90020CCD9002033
:10B1F000C8D90020C4D90020C0D90020E02E654263
:10B200008CD90020B0EE406A21EE220AF0EE606A8E
:10B21000A1EE820A90B0B0EE417AA0EEC30A61EED0
:10B22000A20AF0EE617AE1EE420A22EEC61AE6EEDA
:10B23000030AA6EE821AA6EE230AA1EE831A62EE94
:10B24000E61AE6EEA30AE6EE421AA7EE231AE7EEA6
:10B25000431AE7EEA31A10B0704760EEA07AF7EE3B
:10B26000006AE0EE007A8CB0E1EE017AE1EEA17ABC
:10B27000B1EEE77AC6EE877A27EE800A60EEA70A7B
:10B2800027EE811A67EEA11A0CB07047024B1A78AC
:10B290000AB901221A707047EE1E0020000000005B
:10B2A000F0B52DED108BB9B00C464E999FEDCEEA5E
:10B2B00092ED03CAD2ED04BA92ED05BA0A22054610
:10B2C000B1FBF2F002FB10112CEE0ECA6BEE8EBA3F
:10B2D0002BEE0EBA002940F0C683D3ED04AAC34F6B
:10B2E000D3ED07CAD7ED006AD3ED05DA93ED06DAA0
:10B2F00094ED108A94ED116AD4ED148A94ED159AA8
:10B30000D3ED095A9FEDC2AAB94ECDED1BCA2AEE64
:10B31000EAFAF7EE009AACEEACFA89EEA65A7CEEA9
:10B32000ACEAF1EE6A7ACDED187AB1EE4D7AF1EE33
:10B330006D7AADEEA7FA6DEEAEFACDED197A8DED20
:10B340001A7AD3ED0A7A3AEEAA7A38EE678AEDEEE7
:10B3500007FAD3ED0B7A3DEEAD7A6EEEEAEA36EE01
:10B36000676AEDEE07EAD3ED0D7A94ED137A8DED71
:10B37000016A37EE677AD3ED0E7ACDED00EA78EE0A
:10B38000E78AD3ED0F7A39EE679AD4ED0F7A77EE2C
:10B39000E57AC5EE265AB0EE4A0AA7EEA50AD6ED22
:10B3A000007A77EEA77AB3EE021AC7EEA65AD4ED6A
:10B3B000177AA7EE250AFBEE020A30EE270A04F000
:10B3C0003FF8D7ED006AC9EEA65AF0EE40EAC5EEA6
:10B3D000A67AB0EE4A0AA8EE270AD6ED007A9FEDCB
:10B3E000858A77EEA77AB3EE021AC7EEA65AD4ED95
:10B3F000187AA8EEA50AFBEE020A30EE270A04F03E
:10B400001FF87D4B9DED016AD3ED006A7B4BC9EEC1
:10B41000A65AF0EE408AC5EEA67AB0EE480AA6EE2D
:10B42000270AD3ED007A77EEA77AADEE0DFA87EE14
:10B43000A66AD4ED197AA9EE060AB3EE021A30EE26
:10B44000270AFBEE020A03F0FBFFC0EE0F7AF3EED1
:10B45000026AF0EEE77AF4EEE67AF1EE10FAB0EE78
:10B46000409A5FDD664B30EE486AB0EE691A93EDA4
:10B47000000A8DED016AF0EE4A0A03F0E1FFB0EE3A
:10B48000409A28EEA80A9DED016AAEEEAE0A66EE7D
:10B49000097A79EEC95AA7EEA70ADFED5A7AB4EE17
:10B4A000E70AF1EE10FA00F1EC82B0EE485AA5EE90
:10B4B000865ADFED557A8DED026AE5EE457A76EE35
:10B4C000066AF4EECA7A66EE896AF1EE10FA66EE62
:10B4D000856AB1EE005A20EE055A48BFF0EE4A7A6E
:10B4E00067EE857A30EE000AE6EEA67AB0EE691ACB
:10B4F000B1EEE75AF0EE4A0A75EE666ACDED015AF2
:10B5000086EE800A03F09CFFDDED015A9DED026A94
:10B51000E0EE095A6EEE80EAA5EE868A68EE808A31
:10B52000B0EE489A89EE0F0AB3EE021AF7EE000A5F
:10B5300003F086FF68EEA87A8DED050AEEEEAE7A8E
:10B54000B7EE001AE9EE097AFFEE000AF1EEE76ABB
:10B55000C9EEA67A2EEEA78A68EEA78A29EE279A68
:10B56000DDED007A67EEA77AEFEEAF7AEFEE0F7AB5
:10B57000B1EEE77AC9EE877A9DED007A67EE27EAA9
:10B580006FEEA7FA2EEEA80A2FEE27FAAFEE880A82
:10B59000AFEE090A03F054FF0BF042F8DFED1B7A1F
:10B5A000B4EEE70AF1EE10FA40F36E8269EE6F0A2C
:10B5B00068EECF7AEFEE080AEEEE897A60EEA06AC6
:10B5C00068EE6EEAE7EEA76AEFEEA8EAEEEEAE6A84
:10B5D000B1EEE66A89EE867A67EE877A20EE87FA20
:10B5E0006EEE87EA16E000BF35FA8E3CE4160020C6
:10B5F000E0160020C3F51C41DC160020D816002000
:10B60000CC160020BD3786350000A2435B829839F6
:10B6100000000000F6EE00FA20EE2F7ACDED027A5F
:10B62000B0EE470A8DED017A0BF082FA9DED017ABA
:10B630008DED000AB0EE470A0BF0C0FADDED001AFE
:10B64000DDED027AB0EE401A61EE0F0A20EE270A15
:10B6500021EE2E1AF5EEC01AF1EE10FA41BFB1EE4E
:10B66000400AF1EE600AB1EE411AF1EE611AFFF7FD
:10B67000F4FD68EE8A7A28EE0A7A8DED080A8DEDDF
:10B68000020AB0EE40FA37EE270A8DED031ACDED2F
:10B69000090A8DED0A1ACDED010A8DED001A30EE82
:10B6A000090AB7EE001AF0EE60EAFFEE000ACDEDEF
:10B6B000077ACDED041ACDED0B1A8DED067A03F065
:10B6C000BFFE0AF0ADFF5FED2F7AB4EEE70AF1EEB0
:10B6D00010FA40F3E081A9EE4A8AD9EE0A8A9DED7C
:10B6E000067ADDED077A77EEC77A28EE087AA8EEBB
:10B6F000A87AA7EEA77AF1EEC76A89EEA67A68EE75
:10B70000878A28EE078A27EE879A20EE2FAAB0EEC6
:10B710004A0A0BF053FA8DED060AB0EE4A0A0BF016
:10B7200007FADDED067A8DED070A27EE89AA67EEA6
:10B73000A88A27EE888AD4ED047A67EE8E7A27EEFF
:10B74000AF9AB0EE490A0BF039FA8DED060AB0EE69
:10B75000490A0BF0EDF91FED522ADDED071A9DEDB8
:10B76000063AF0EE480AB0EE4A1AF0EE403AF0EE31
:10B77000422AB0EE680AFFF745FDB0EE402AF0EE2F
:10B78000602AB0EE413AF0EE613A8DED100ACDED4F
:10B79000110A9DED180ADDED190A8DED121ACDED95
:10B7A000131A9DED1A1ADDED1B1AFFF72BFDF5EEAE
:10B7B000C01AF1EE10FAB0EE402AF0EE602AB0EEB8
:10B7C000413AF0EE613A19D5B1EE402AF1EE602A25
:10B7D000B1EE413AF1EE613AB0EE6A0AF0EE6D0A6E
:10B7E000B0EE4D1AF0EE6C1AFFF70CFD8DED100A5D
:10B7F000CDED110A8DED121ACDED131AD44EB0EE27
:10B80000420AF0EE620AB0EE431AF0EE631AFFF756
:10B8100024FDD6ED007AF5EEC07AF1EE10FAB0EE26
:10B82000402AF0EE602AB0EE413AF0EE613A54D987
:10B83000F4EEE97AF1EE10FA80F23481DDED037A6C
:10B84000DDED041AB1EE671AB1EE4F0AF1EE6E0AA1
:10B85000FFF7D8FCFFF701FDFFEE000AB0EE419ABA
:10B86000B0EE610AB7EE001A03F0EAFD0AF0D8FE66
:10B87000D6ED007A30EE000A20EE278A28EE2F8AD5
:10B88000B0EE480A0BF09AF9B5EEC09AF1EE10FA54
:10B89000F0EE408AB0EE480A4CBFBFEE009AB7EE19
:10B8A000009A0BF045F99FEDAB2ADDED090A9DEDFD
:10B8B0000A1ADDED0B1AF0EE403A28EE893A9DEDBA
:10B8C000080AF0EE422AFFF79DFCFFF7C6FC8DED5B
:10B8D000020ACDED010A8DED001A9F4B94ED088A06
:10B8E00093ED007AF0EE006AC6EE877A9DED027A5B
:10B8F00067EE87AA9DED017A28EE0E8A27EE87AAC9
:10B900009DED007AA7EE878A6AEE8C7AF3EE0E8AB6
:10B91000F5EEC07AF1EE10FA13D5F0EECC7AB2EE75
:10B92000087AF4EEC77AF1EE10FA0ADDB5EEC0CA75
:10B93000F1EE10FA4CBFFFEE00AAF7EE00AA6AEE95
:10B94000A8AA6AEE2B7AF5EEC07AF1EE10FA13D5BA
:10B95000F0EEEB7AB2EE087AF4EEC77AF1EE10FA76
:10B960000ADDF5EEC0BAF1EE10FA4CBFBFEE00AA48
:10B97000B7EE00AA2AEE28AA68EE0B7AF5EEC07A96
:10B98000F1EE10FA13D5F0EECB7AB1EE047AF4EEC4
:10B99000C77AF1EE10FA0ADDB5EEC0BAF1EE10FA90
:10B9A0004CBFBFEE008AB7EE008A28EE288AF0EE80
:10B9B000EA7AC7EEA87A17EE900AD8F7F1FF9FED62
:10B9C000621B41EC100B0BF083FFF0EECA7AC7EE5E
:10B9D000A87A57EC106B17EE900AD8F7E1FF41EC0C
:10B9E000190B39463046D9F7EDFAD8F7D9FFB0EE42
:10B9F000491AF0EE691A41EC100B0BF069FFB0EE3A
:10BA0000C87AF2EE047AC7EE277A57EC106B17EE7D
:10BA1000900AD8F7C5FF41EC190B39463046D9F7E3
:10BA2000D1FAD8F7BDFFB0EE491AF0EE691A41EC31
:10BA3000100B0BF04DFF51EC100BD9F7C3FA07EECA
:10BA4000900A8AEEA77A454B83ED007A8AEE277A30
:10BA500083ED017A88EE277ADDED057A83ED027AAF
:10BA60003F4BC3ED007A94F87B3013BB00232B606F
:10BA70006B60AB60EB6001232B7439B0BDEC108BB5
:10BA8000F0BDB0EE4A0A43E5B7EE00FADFED31EA69
:10BA9000F0EE4F7ABEE5B7EE008A9FED2E9AF0EEFB
:10BAA000488A32E68DED001ACDED010A8DED020ACD
:10BAB00013E72A4BDFED2B6AD3ED007A93ED017A81
:10BAC000DFED294A9FED295A77EECC7A37EE6B7A73
:10BAD000C7EEA65AC7EE267A93ED027ADFED246A06
:10BAE000244B37EE4B7A87EE266A67EEA46A9FED09
:10BAF000227AE5EE876A27EE877AE6EE056AA5EEFA
:10BB0000A47ADFED1E4AC3ED006A67EEA47AA6EEC2
:10BB1000247AE5EE857ADFED1A5A83ED017AE6EEB6
:10BB2000257ADFED185AC3ED027A0D4BC5ED016A97
:10BB300093ED006A85ED027A26EE256AC5ED037A5B
:10BB400085ED006A97E700BF000000000000F03FAD
:10BB5000D016002000000000D4160020F0D90020EC
:10BB6000ECD900208FC2753C2ACD5E3506464135A2
:10BB70008FC2F53BE0D900203B408B378797F135EA
:10BB800045C9F5376891ED3C01207047D0ED046A56
:10BB9000D0ED037A90ED026AD0ED015AB0EE407A12
:10BBA00026EEA70AD0ED057A80ED047AA6EE070A04
:10BBB000C0ED056AA6EE270AD0ED067A90ED006A80
:10BBC000A6EE670A90ED076AC0ED077AA5EEC60AF1
:10BBD00080ED060A70470000DFED197A30EE000AAA
:10BBE00010B587EE800A04460BF022F80023E361CB
:10BBF000A361636123619FED137AC0EE077A60EE63
:10BC0000006AF7EE005A36EEA77A36EEE56A76EE6F
:10BC1000E77A37EE257A36EE066A77EEA57A86EE73
:10BC2000075A87EE876AC6EE877A84ED005AC4ED1C
:10BC3000027A77EEA77A84ED016AC4ED037A10BD2B
:10BC40006F12033B8104353F70B52DED028B184C0C
:10BC5000DFED187A94ED487A27EE277AF7EE006A3E
:10BC6000C6EE877A84B001AE0025CDED017ACDED28
:10BC7000027ACDED037AB6EC018A2046B0EE480A8E
:10BC8000FFF7AAFF04F16000B0EE480AFFF7A4FF37
:10BC9000013504F1C000B0EE480AFFF79DFF032D07
:10BCA00004F12004E7D104B0BDEC028B70BD00BFED
:10BCB000E8160020DB0FC94010B52DED088BB0EE63
:10BCC00040AA84B0B0EE600A0446F0EE609AF0EE4E
:10BCD00041AA0AF02DFFF0EE408AB0EE6A0A0AF09F
:10BCE00027FF68EE807AB0EE408AC4ED007AB0EEAD
:10BCF0004A0A0AF063FFB0EE409AB0EE690A0AF011
:10BD00005DFF29EE00BAF0EE409AB0EE4A0A0AF062
:10BD10000FFFB0EE40AAB0EE6A0A0AF04FFF60EEE5
:10BD20004A7A29EE8A7AE8EE0B7AF1EE699AC4ED46
:10BD3000017A69EE007AC4ED069AE8EE077AC4ED5E
:10BD4000027A68EE807AC4ED037A68EE0A7A29EE08
:10BD5000488AEBEE007AA0EE078A28EE899A68EE10
:10BD60008A8AC4ED047A84ED058A84ED079AC4EDCD
:10BD7000088A04B0BDEC088B10BDFFF765BF00005A
:10BD800030B52DED108BD2ED0D5AD2ED0E8A92ED1D
:10BD90000F6A91ED158AF34CD1ED13AA92ED095A71
:10BDA000D2ED0A6A92ED0B7A1D46EF4B8DB0C3EDD2
:10BDB000005AEE4BC4ED00AAF1EE687AC3ED007AAA
:10BDC000EB4BF1EE467AC3ED007AD1ED147A91F89F
:10BDD0007930F1EE677AB1EE488A012BC4ED017A31
:10BDE00084ED028A0DD1D1ED0FAAE24BC3ED00AA7A
:10BDF000E14B7AEEC5AA93ED005A6AEE85AAC4ED2E
:10BE000000AA91F87A30012B0FD1D1ED107AD94BDD
:10BE1000B1EE675A83ED015AD84B76EEE76AD3ED5F
:10BE2000007A66EEA77AC4ED017A91F87B30012B97
:10BE30000FD1D1ED116ACF4BB1EE665A83ED025AA4
:10BE4000CF4B37EE667A93ED008A27EE088A84EDB1
:10BE5000028ACC4BCC4C93ED007ACC4BDFEDCCCAB4
:10BE60009FEDCCAA9FEDCCFA78EEA78AD3ED007AAD
:10BE7000CA4B38EE068A7AEEE5AA68EEA78AD3EDB9
:10BE8000007AC4ED4B8A28EE27BA6AEE87AA84EDC1
:10BE90004CBAC4ED4AAA90ED000A20EE2C0A84EDBB
:10BEA000500AD0ED014A64EEEC4AC4ED514A90EDDF
:10BEB000025A25EE6C5A204684ED525AFFF766FE70
:10BEC00004F12000B0EE40CA84ED530AB0EE640ADB
:10BED000FFF75CFE04F14000B0EE408A84ED540AA6
:10BEE000B0EE450AFFF752FE84ED550AF0EE40BA77
:10BEF00092ED010A20EE0A0A04F1600084ED590A6D
:10BF0000D2ED024A64EE8A4AC4ED5A4A92ED035ACF
:10BF10002AEE455A84ED5B5AFFF738FE04F18000A3
:10BF2000F0EE409A84ED5C0AB0EE640AFFF72EFE54
:10BF300004F1A000B0EE409A84ED5D0AB0EE450A2F
:10BF4000FFF724FEB0EE40EAB0EE4E1A03A8F0EE82
:10BF5000490A84ED5E0AB0EE690AFFF7ADFE9DED79
:10BF6000047ADDED037ADDED066A28EE077AB0EE9D
:10BF7000690AA7EE8C7ADDED057AA7EEAB7ADDEDE6
:10BF8000077A84ED567A68EE277A7AEEC7AAE6EE4B
:10BF90008C7ADDED086AC4ED4DAAE6EEAB7ADDEDF4
:10BFA0000A6AC4ED577A28EE268ADDED096AA6EE04
:10BFB0008C8ADDED0B6AA6EEAB8A78EEE78A38EE66
:10BFC0002C8AC4ED4E8A84ED588A3BEE488A84ED73
:10BFD0004F8A0AF0ADFDF0EE40EAB0EE4E0A0AF0EC
:10BFE000EDFDB0EE40CAB0EE690A0AF0E7FDB0EE32
:10BFF00040DAB0EE490A0AF0E1FD6DEE00DAF0EE4B
:10C0000040BAB0EE4E0A0AF093FDB0EE40EA20EEE0
:10C010006DBAB0EE490A0AF08BFD6DEECCDA6EEE29
:10C02000AB7A2EEE803AEEEECEDA5D4B6CEE276AFE
:10C03000AEEE8CBA04F1C000EDEE4E6A6EEE27BA99
:10C040002CEE037AECEE0DBA6DEE8F5A27EE0F7AD6
:10C050002EEE034A2BEE0FBA24EE0F4A65EE872A26
:10C0600067EE263A2DEE406A65EEA64AEBEE042A0C
:10C07000E4EE2B3A25EEA51A27EE072A67EEAC7AF6
:10C0800026EE0F6AEBEE2B4AA4EE042A66EEA61A01
:10C09000ABEE0B1AE6EE272AE3EE273AEBEEAB1AED
:10C0A000E3EE064AA6EE061AA7EEA72A22EEA3EAB8
:10C0B000E3EE031A2EEE245A61EE02CAF0EE450AB0
:10C0C000ECEEA10A21EE230A64EE82EA35EE205A54
:10C0D00060EE230A62EEA2DAEEEEA40A3EEE6EEA0B
:10C0E000EDEEA10A7CEEEDCA35EE605A63EEE30A8E
:10C0F000E2EE210A21EEE22A80EE85DA64EEE40A1D
:10C10000A4EEA32AE1EE210AF0EE401AD2EEA41A20
:10C1100082EE05CA81EE850AC0EE853A8EEE052ACA
:10C12000CCEE850A27EE0C5A67EE234A27EE007AFA
:10C13000A5EE8D5A24EE0C1A64EE232AE5EE8C4A05
:10C14000A5EE827A24EE004AABEE0D1AABEE024A5F
:10C15000A6EE825A67EE8C1AA6EEA07AE6EE804A28
:10C1600022E000BFFCD900201CDA002018DA0020F1
:10C1700014DA002008DA0020A4180020A0180020FB
:10C180009C18002098180020E81600209418002021
:10C19000C3F51C4135FA8E3CC3F51CC19018002034
:10C1A0008C18002000606A4767EE806AE6EE0D1A80
:10C1B000ABEE821AABEEA04AE6EE026A67EEA33A55
:10C1C00068EE857A68EEA44A68EE878AE3EE021A82
:10C1D000EAEE817AE3EE206AEAEE848AE8EE217ADA
:10C1E000E8EE268AB0EE675AC4ED627AD3ED007AA3
:10C1F000EBEE0C2AF1EE688A88EEA74AEBEE802A75
:10C20000E6EE0C3AEAEEA24AE3EE003A94ED670A53
:10C2100084ED644AE8EE234AC4ED634AFFF7B6FCB6
:10C22000D4ED657A94ED497A84ED660A30EE670ABA
:10C23000E7EE007A34EE897A74EE276AC4ED657A07
:10C24000F5EEC06AF1EE10FA75EE297A3BD41FEDD7
:10C250002B6AF4EEC66AF1EE10FAC8BFF0EE466A39
:10C260001C4BC4ED676AD3ED006A66EE8A6AB1EED4
:10C27000666AF4EEC67AF1EE10FA27D4F4EEE67AA6
:10C28000F1EE10FAC8BFF0EE667AB4EEC67AF1EEBF
:10C2900010FAC4ED5F7A08D4B4EEE67AF1EE10FA43
:10C2A000D4BFB0EE476AB0EE666A84ED606AC5ED51
:10C2B000017AD4F88031AB60D4F89C31EB600DB0DA
:10C2C000BDEC108B30BDDFED046AC9E7F0EE467AB5
:10C2D000DBE700BF881800200000000010B52DED3E
:10C2E000028BB0EE408AC0ED190AB0EE600A044637
:10C2F00005F026FBB0EE480ABDEC028B204600217B
:10C30000BDE8104005F066BA10B52DED028B424C29
:10C310009FED428AD4ED602A94ED592AD4ED581A43
:10C3200094ED571AD4ED560A94ED6A0AB0EE483AE5
:10C3300004F5A2700121F3EE043A05F029FAD4EDD8
:10C340007B2A94ED742AD4ED731A94ED721AD4ED0D
:10C35000710A94ED850AB0EE483A04F5D8700121CF
:10C36000F3EE043A05F014FAD4ED962A94ED8F2AF0
:10C37000D4ED8E1A94ED8D1AD4ED8C0A94EDA00AAA
:10C38000B0EE483A04F507700121F3EE043A05F0E7
:10C39000FFF9D4ED0F2A94ED082AD4ED071A94ED95
:10C3A000061AD4ED050A94ED190AB0EE483A204673
:10C3B0000121F3EE043A05F0EBF9D4ED2A2A94EDCD
:10C3C000232AD4ED221A94ED211AD4ED200A94EDFB
:10C3D000340AB0EE483A04F16C000121F3EE043A5D
:10C3E00005F0D6F9B0EE483ABDEC028BD4ED452A03
:10C3F00094ED3E2AD4ED3D1A94ED3C1AD4ED3B0A5F
:10C4000094ED4F0A04F1D8000121BDE81040F3EE8D
:10C41000043A05F0BDB900BFA81800200000C842CA
:10C420002DE9F84F2DED028BDFF858919FED4C7AF6
:10C43000D9ED007A4B4CDFF850A1DFF850B167EE30
:10C44000877A1E46C4ED0E7ADAED007A464BC4F8C0
:10C45000103167EE877A9FED457AC4ED297AD6EDE3
:10C46000037A67EE877A9FED427AC7EE878A0D4698
:10C4700090460746B0EE680A0AF05AFBB0EE408AD2
:10C48000B0EE680A0AF09AFBD6ED0E7AD6ED0D6A88
:10C49000384BB0EE407A27EE800A67EE887AA6EE37
:10C4A000880A2046E6EEC77A83ED000ACBED007AD3
:10C4B000D8ED000AFFF712FFB1EE400A85ED020A3F
:10C4C00004F16C00D8ED010A9BED000AFFF706FFAE
:10C4D0009AED001AB1EE400AF1EE410A85ED010A2B
:10C4E00002F0AEFF99ED001A85ED010AF1EE410A66
:10C4F00095ED020A02F0A4FF85ED020AD8ED020ACA
:10C5000096ED0F0A04F1D800FFF7E8FEB4F8883280
:10C510009FED197A9FED191ADFED190A07EE903A8F
:10C52000F8EEE77AE0EE077AC7ED007AB4F88A32DF
:10C53000B0EE670A07EE903AB8EEE77AB4EEC70AB3
:10C54000F1EE10FA44BFB8EE670A87ED000A02F078
:10C5500077FF87ED000ABDEC028BBDE8F88F00BFC6
:10C56000CDCC8C3FA818002068110342DB0F494056
:10C570000000344324DA002000007A4400FF7F47A3
:10C5800000000000401B0020441B002020DA002097
:10C590002DE9F0432DED068B1D46514B9FED518A41
:10C5A000D3ED007A504E514BDFF85C9167EE887AFC
:10C5B00085B0C6ED5F7AD3ED007A4D4B67EE887A91
:10C5C00093ED000AC6ED7A7AF6EE000A14460746A5
:10C5D00088460BF0A9F920EE080A9FED467A86ED11
:10C5E000950AD5ED037A67EE877A9FED437AC7EE19
:10C5F000878AB0EE680A0AF09BFAB0EE408AB0EE85
:10C60000680A0AF0DBFAD5ED0A7A95ED097A3B4B18
:10C6100094ED139A94ED14AAD4ED0F9AD4ED10AAC8
:10C620008DED019AF0EE408A27EE800A67EE887A57
:10C63000A7EE080AE7EE687A83ED000A636D0393BC
:10C6400094F87930C9ED007A012B8DED02AA30D132
:10C6500069EE880A06F5A270EAEEA80AFFF73EFE28
:10C660008DED010A94F87A30012B2DD169EEE80A9C
:10C67000234899ED000AEAEE880AFFF72FFE8DEDB8
:10C68000020A94F87B30012B08D1D4ED110A1D4821
:10C6900095ED0B0AFFF722FE8DED030A2B4601AA4A
:10C6A00041463846FFF7BCFE05B0BDEC068BBDE841
:10C6B000F08394F87830002BD4D168EE8A7AE8EED3
:10C6C000097ACDED017ACDE794F87830002BD8D1F6
:10C6D00029EE689AA8EE0A9A8DED029AD1E700BF7A
:10C6E0003C1B0020CDCC8C3FA8180020381B00201C
:10C6F000341B0020DB0F4940000034432CDA0020BB
:10C70000581A0020C41A002028DA002010B5174C4F
:10C7100016482DED028BF0EE608AB0EE418A05F0EE
:10C7200008F9B0EE680A04F16C0005F002F9B0EE09
:10C73000480A9FED0F8A04F1D80005F0FAF8B0EE30
:10C74000480AA4F5A27005F0F4F8B0EE480AA4F186
:10C75000D80005F0EEF8B0EE480ABDEC028BA4F16B
:10C760006C00BDE8104005F0E4B800BFEC190020F3
:10C770000000000010B52DED028B9FED1E8A1E48B3
:10C78000B0EE480A0121F3EE040A05F0DCF81A4B7A
:10C79000B0EE480A1C4603F16C000121F3EE040AD6
:10C7A00005F0D1F8B0EE480A04F1D8000121F3EE0B
:10C7B000040A05F0C8F8B0EE480AA4F5A2700121F9
:10C7C000F3EE040A05F0BFF8B0EE480AA4F1D80071
:10C7D0000121F3EE040A05F0B6F8B0EE480ABDEC0C
:10C7E000028BA4F16C000121BDE81040F3EE040AB5
:10C7F00005F0A9B80000C842EC1900208AB0002357
:10C800000493059306930AAB03EB80004FF07E532D
:10C8100040F8183C9DED040ADDED050A9DED061A71
:10C820000AB0704784B070B58AB00FAC84E80E00CF
:10C8300001AA234606460021144653F8040B106053
:10C8400001319868506003295869906002F10C0228
:10C85000F3D10FCC35460FC50FCC0FC523682B6025
:10C8600030460AB0BDE8704004B0704784B070B57F
:10C870008AB00FACDFED1A5A84E80E000646234654
:10C88000002201AC93ED006AD3ED016A93ED027AC8
:10C8900018A9A5180320B1EC015AF0EE657AE5EE6F
:10C8A000067A013891ED025AE6EE857A91ED055A45
:10C8B000E7EE057AE5EC017AEDD10C32242A03F19A
:10C8C0000C03DFD10FCC35460FC50FCC0FC5236845
:10C8D0002B6030460AB0BDE8704004B0704700BF1E
:10C8E0000000000030EE007A70EEA06AF7EE007AE9
:10C8F000B0EE675AE7EE407A84B071EE014AA6EED8
:10C90000E05A64EEA15A26EEA16A67EE211AB0EE53
:10C91000674AA4EEC15AA4EEC14AB0EE653AF0EE01
:10C92000463AF0EE614A97EE203AE7EE013AE7EE3A
:10C93000205AD6EE814A97EE016AE6EE811AE6EEBB
:10C94000E07A80ED005A80ED013AC0ED023AC0ED88
:10C95000035A80ED044AC0ED054A80ED066AC0ED39
:10C96000071AC0ED087A04B0704700B52DED0A8BA8
:10C9700020EEA0AAB0EE409A21EE200AF0EE4A7A0C
:10C98000A1EE890A8DB0E9EE097AF7EE00BAB0EEB1
:10C99000608AB0EE00CAF0EE6B0AF0EE418AE7EE74
:10C9A000CC0A30EE000AF0EE619A09F091FE69EED1
:10C9B000687AB0EE40BAE9EE887A28EE098A37EE56
:10C9C000A70AA9EEA88A09F057FEA8EEA8AAF0EED9
:10C9D0006B0AEAEE4C0AF0EE40AA38EE080A09F0BB
:10C9E00077FEF0EE6A0AB0EE401AB0EE4B0A0DB0D8
:10C9F000BDEC0A8B5DF804FB002343648364C364CD
:10CA0000C0F88C30C0F89030C0F894307047000007
:10CA100010B505490446F822D7F742FD2046BDE887
:10CA20001040FFF7E9BF00BFD41500200000000050
:10CA30002DE9F04F2DED0E8BEDB09A46DDE98473B4
:10CA4000DB0704460E46154600F19A8492F87E30C4
:10CA5000022B40F09A8492ED087A97ED038ADFED7D
:10CA6000D87AA7EE278ADFEDD77A28EE278A95F8BD
:10CA70007930012B08D095F87A30012B04D095F845
:10CA80007B30012B40F0CC849FEDCF7AD5ED192A75
:10CA900095ED0F4AD7ED0A6AD5ED115A95ED135A67
:10CAA000D5ED147A95ED156A95ED179A95ED182A3E
:10CAB000D7ED0D1A97ED0E3AD7ED0F4A72EE872A91
:10CAC00097ED097A34EE474A95ED107A37EE667A9B
:10CAD000D7ED0B6A75EEE65AD4ED086AF1EE663AC8
:10CAE000F4EEC43AF1EE10FA00F37984F4EEC46A7D
:10CAF000F1EE10FA48BFB0EE664AF4EEC73AF1EE36
:10CB000010FA00F37084F4EEC76AF1EE10FA48BF31
:10CB1000B0EE667AF4EEE53AF1EE10FA08DCF4EEE7
:10CB2000E56AF1EE10FA54BFF0EE653AF0EE663ABF
:10CB3000D4ED0C6A35EE615A36EE646AF1EE664A5F
:10CB4000F4EEC54AF1EE10FA77EEC37A00F34F84A3
:10CB5000F4EEC56AF1EE10FA48BFB0EE665AF4EE94
:10CB6000E74AF1EE10FA00F34684F4EEE76AF1EEDC
:10CB700010FA48BFF0EE667AF4EEC64AF1EE10FA0B
:10CB800008DCF4EEC66AF1EE10FA54BFF0EE464A45
:10CB9000F0EE664A9FED8A3AD4ED115A94ED126A8E
:10CBA000D4ED136AD4ED0D8A94ED0A0AD4ED0B0A84
:10CBB00094ED051AD4ED061A84ED157AE4EE035AC5
:10CBC00063A8A7EE036AC4ED115AE3EE836A65EE2B
:10CBD000A85AD4ED0E8A84ED126A26EE286AD4EDA6
:10CBE0000F8AC4ED136A94ED073AC4ED187A66EE25
:10CBF000A86AD4ED098A84ED144AA1EE876AA0EEF2
:10CC0000272AE0EEA42AE1EE045AE3EE236AA8EE16
:10CC1000859AC4ED163A84ED175AC4ED194AD7ED3A
:10CC2000050A97ED061A97ED040AD7ED071ACDED20
:10CC30005B0A32EE062A72EEA62A39EE259A8DEDAF
:10CC40005A0A8DED5C1ACDED5D1AFFF74BFE0220FE
:10CC5000FFF7D4FD9DED647ADDED637A9DED666AA4
:10CC6000CDED520A20EE877AD4ED006A8DED510A9F
:10CC7000A7EE807ADDED657A8DED531AA1EE277A65
:10CC8000DDED677A60EEA77AE0EE067A9DED686AE0
:10CC9000E6EE017A9DED6A6A60EE860A9DED696AAC
:10CCA000E0EE060A62EE277A9DED6B6AE9EE077AFE
:10CCB000E6EE010A9FED457AE2EEA07A66EEA77AEB
:10CCC000F4EEC77AF1EE10FAC6ED007AC4ED017AFF
:10CCD00002D52046FFF790FE0120FFF78FFDD6ED2D
:10CCE000007A8DED160A0220B0EE40BAF0EE60AA8E
:10CCF000F0EE419ACDED170A8DED181AFFF77EFD83
:10CD0000F5EEC07AF1EE10FAF0EE40BAF0EE418A9C
:10CD10008DED190ACDED1A0A8DED1B1AB7EE00CA7A
:10CD200000F36D83B0EE609AB0EE480A09F000FFA0
:10CD3000B0EE40AAB0EE480A09F040FF9FED247A19
:10CD4000C4ED2EBA68EEC06A69EE4A7AE9EE076A67
:10CD500027EE6B7AE0EE2B7AAAEE287A84ED319AF0
:10CD600027EE076AC4ED348AA6EEA66AA7EEA76A84
:10CD7000F1EEC65AF5EEC05AF1EE10FAC1BFCCEE94
:10CD8000259A26EEA9BA67EE29AA67EEA99A28EE97
:10CD9000CB7A69EE696A6AEEEB7AE8EEAA6AA9EEE6
:10CDA000AB7AEBEE097AC4ED2C6A84ED2DBA84EDF2
:10CDB0002F7AC4ED30AAC4ED327AC4ED339A09E07B
:10CDC0006F12033B35FA8E3CC3F51C410AD7233C56
:10CDD0000000000097ED059AD7ED068A97ED078AC7
:10CDE000D7ED049A8DED1D9AB0EE690AF0EE490A6E
:10CDF000B0EE681AF0EE481ACDED1C9ACDED1E8A01
:10CE00008DED1F8AFFF7B1FD0DF1900BF0EE481A82
:10CE100084ED260AC4ED270AB0EE690AF0EE490A4D
:10CE200084ED281A5846B0EE681AFFF75BFD94EDC2
:10CE30002CBA94ED308A94ED34CAD4ED318A94ED55
:10CE400033AAD4ED2ECA94ED329AD4ED2DAAD4EDA6
:10CE50002F9AF7EE00BA7BEE2BDA7BEECBBA78EEA8
:10CE60002D7A7DEEC8DA77EE8C7A6F4617EE900A4F
:10CE7000D7F796FD9FEDCE1B41EC100B0AF028FD75
:10CE800051EC100BD8F79EF807EE900AB1EEE7DAF6
:10CE90007DEECC7A17EE900AD7F782FD9FEDC41B8A
:10CEA00041EC100B0AF014FD51EC100BD8F78AF886
:10CEB00007EE900AF1EEE7EA78EE2B7A7BEEC8BA3D
:10CEC00077EECC7A17EE900AD7F76AFD9FEDB81B84
:10CED00041EC100B0AF0FCFC51EC100BD8F772F887
:10CEE00007EE900AB1EEE7EA7BEE8C7AF6EE00BA36
:10CEF00017EE900AD7F754FD9FEDAD1B41EC100BD8
:10CF00000AF0E6FC51EC100BD8F75CF807EE900A3B
:10CF1000F1EEE7DA6EEEAB7A17EE900AD7F740FD46
:10CF20007AEE687A804617EE900A8946D7F738FD80
:10CF30006EEE2B7A0B4669F31E0317EE900A1193DF
:10CF4000CDF84080D7F72CFD7CEEC97A804617EEED
:10CF5000900A8946D7F724FD6DEEAB7A69F31E017E
:10CF600042460B4617EE900ACDE91423D7F718FD79
:10CF700079EEEA7ACDE9120117EE900AD7F710FDA3
:10CF8000139BDDF848800A4663F31E02DDE91001B9
:10CF90009146D8F717F82090DDE914230EEE100A19
:10CFA00019461046D8F70EF849460DEE900A219022
:10CFB0004046D8F707F86DEE2B1A01EE100AB0EED6
:10CFC0004E0AF0EE6D0A2290CDED231AFFF7CDFC4C
:10CFD00004F1BC0C84ED290AC4ED2A0A84ED2B1A55
:10CFE000BCE80F000FC79CE8030087E803000DF1C1
:10CFF000B40904F1B003484610930ECBFFF712FCBE
:10D00000DC46BCE80F000DF11808A8E80F00BCE8EA
:10D010000F00A8E80F00DCF80030C8F800300DF170
:10D02000C00CBCE80F00EE46AEE80F009CE8030021
:10D0300087E8030036A899E80E00FFF717FC0DF10A
:10D040009C0CBCE80F00EE46AEE80F009CE8030025
:10D0500087E803000DF1FC099BE80E004846FFF746
:10D06000E1FBDDF840C0BCE80F000DF1180EAEE8A2
:10D070000F00BCE80F00AEE80F00DCF80030C8F885
:10D0800000300DF5847CBCE80F00EE46AEE80F00E2
:10D090009CE8030087E8030048A899E80E0036AF33
:10D0A000FFF7E4FB0FCF0DF5A27CACE80F000FCF2C
:10D0B000ACE80F003B68CCF8003048AF0FCF0DF55F
:10D0C000B47CACE80F000FCFACE80F003B68CCF8A5
:10D0D000003051A95AAA63AB002092ED007AD1ED3D
:10D0E000007A77EEC77A92ED017AC3ED007AD1ED3E
:10D0F000017A77EEC77A92ED027AC3ED017AD1ED2B
:10D10000027A013077EEC77A0328C3ED027A01F183
:10D110000C0102F10C0203F10C03DED19AED034A7B
:10D120009AED042ADAED051A9FED277ADDED6A2AD9
:10D130009DED653ADDED663ADFED205A24EE074AB3
:10D1400022EE072A61EE871A84ED354A84ED362AED
:10D15000C4ED371A96ED005AB5EE405AF1EE10FACA
:10D1600062EEAB2A23EE2B3A63EEAB3A00F0D881A5
:10D17000D5ED1C4A95ED1B6AD5ED1D6A94ED001A9C
:10D1800064EEA87AE6EE2C7AE6EE8C7AA7EEEC6AEC
:10D19000E7EEE84AE7EECC6AC1EE057A27EE866A4A
:10D1A00067EEA44A67EEA67A10E000BFAFF30080F6
:10D1B00000000000000000006F12033B00000000B0
:10D1C00000007A4400FF7F4735FA8E3CD5ED086AAF
:10D1D00027AD0FCD6F460FC795E8030087E8030022
:10D1E0000DF5B4789BE80E004046FFF71BFBDDF819
:10D1F00040A0BAE80F0006AD0FC5BAE80F000FC592
:10D20000DAF800302B605DAD0FCDEC46ACE80F00D6
:10D2100068EEA58A24EE888A64EEA94A95E80300A0
:10D22000ECEEA58A87E80300E6EE0B4A98E80E00CC
:10D23000A6EE2A8A63A8E7EE894A26EE877A78EE78
:10D240008C8AA7EE8A8A68EE878AFFF70FFB9DED2E
:10D25000647ADDED637ADDED666A94ED035AD4ED10
:10D26000240A94ED251A94ED230A94ED046AD4ED72
:10D270001AAA94ED1BAAD4ED1C9A94ED209A24EEE0
:10D28000877AB1EE488AA8EE277A0123DDED657A28
:10D29000A8EEA77ADDED677A84ED387A64EEA77A96
:10D2A00022EE055AE8EE267ADDED686AE8EEA67A07
:10D2B000DDED6A6AC4ED397A64EEA64ADDED696A8D
:10D2C000E8EE264ADDED6B6A94ED228AE8EEA64A86
:10D2D00074EE476A32EE677A5FED497AC4ED3A4AF6
:10D2E000A2EEA70AE3EE270AA3EEA71A21EE866AAA
:10D2F000D4ED027AD4ED218A84ED230A65EE615AD9
:10D3000064EE277AE2EE065A26EE446A71EEE44AAB
:10D31000A1EEA76A67EEC27AE0EE495AE4EE057A1A
:10D3200094ED1D5AC4ED240A25EE665AD4ED1E6A0A
:10D3300084ED251A66EEC76A94ED1F7A27EE647AAB
:10D34000A2EEEA5AE3EE4A6AA3EEE97AA0EEE86AB0
:10D35000E1EE487A75EE855A36EE266A77EE877AE0
:10D36000C4ED3B5A84ED3C6AC4ED3D7A3374D4F885
:10D37000EC307360D4F8F030B360D4F8F430F3607C
:10D380006DB0BDEC0E8BBDE8F08F012B03D192ED9B
:10D39000048AFFF768BB92F87F30012B1BD192ED16
:10D3A0000B1AD2ED0A0AD2ED0C1A92ED090ACDED54
:10D3B000640A8DED630A8DED651ACDED661AFFF7EF
:10D3C000D4FAB0EE418A84ED290AC4ED2A0A84ED2C
:10D3D0002B1AFFF74CBB1FED878AFFF748BBB0EE57
:10D3E000634AFFF78ABBB0EE637AFFF793BBB0EEF8
:10D3F000645AFFF7B4BBF0EE647AFFF7BDBB62EE90
:10D40000027AE9EE097AE2EEA27AB1EEE77ACCEEA0
:10D41000078A69EE28BA22EE289A62EEA88A83E487
:10D42000BBB995ED0D7A5FED9A7AB4EEE77AF1EE3D
:10D4300010FA0ED501233374204600233360736045
:10D44000B360F3606DB0BDEC0E8BBDE8F04FFFF73D
:10D45000D3BAF5F7BBFCD5ED0D6A1FEDA67A5FEDEB
:10D46000A69AC6EE877AB6EE00BA67EE807A28EE04
:10D470000B8AC6ED007A95ED029A29EE299A29EEDB
:10D480000B9AB0EE490A09F053FBF0EE408AB0EE79
:10D49000490A09F093FBD5ED037A69EEE79AB0EEFD
:10D4A000409A69EE8B9AB0EE690A09F041FBF0EE02
:10D4B00040AAB0EE690A09F081FBB0EE40AAB0EED6
:10D4C000480A09F035FBF0EE409AB0EE480A09F040
:10D4D00075FB69EE2A0A68EE8A7A29EE0A9AF0EE5E
:10D4E000401A68EEAA8A27EEC00A29EE691AA9EE48
:10D4F000A00A04F1B000A1EEA81A61EEA00A61EE44
:10D50000891AE9EEA70AE9EEA81A8DED630ACDEDB6
:10D51000640A8DED651ACDED661AFFF7E3F959E45B
:10D52000F0EE657AF0EE654AB0EE656A4EE600BF51
:10D530000148FFF76DBA00BFD415002001207047E5
:10D5400013B5049CCDE9003413460A46014602484F
:10D55000FFF76EFA02B010BDD4150020F6F798BCA4
:10D56000F6F79EBC2DE9F0413F4E404FDFF80081B9
:10D570008CB004460D46684600F072FB002843D18B
:10D58000AB0730D13A4E3B4B9FED3B3A93ED021A3D
:10D59000D3ED010A93ED000AD6ED022A96ED012A99
:10D5A000D6ED001AF6F782FC04F10C0204F1080132
:10D5B000201DF6F7DDFD04F11C0304F1180204F14F
:10D5C000140104F11000F6F7BDFDD6ED010A96ED49
:10D5D000021A96ED000AF6F73BFEDFED270A84ED0E
:10D5E000130A00F0A7FB0A22B5FBF2F302FB135368
:10D5F0003BB99FED220A1C4A1C492B46204600F0ED
:10D600003DFB0CB0BDE8F0819DF80030043B072BDA
:10D61000B1D801A252F823F05DD6020877D50208EE
:10D6200077D5020877D5020877D5020839D60208DF
:10D6300045D6020851D6020801AA07CA0D4B83E855
:10D64000070098E701AB93E8070088E8070092E736
:10D6500001AB93E8070087E807008CE701AB93E88C
:10D66000070086E8070086E730DA00203CDA002071
:10D6700048DA002054DA00206F12833B0AD7233C9B
:10D680001FB51448F8F7F6FE03220021012005F02B
:10D69000EDF8114B186020B910491148C92201F06A
:10D6A00059F91049012005F0D9F90F4B0F491860BD
:10D6B0000F4B02930F4B0193022300934FF4E1723F
:10D6C00000230D4805F0CAFE0C4B01221A7005B06C
:10D6D0005DF804FBB4DA0020C4DB0020CDE30308CE
:10D6E000FDE3030870DB0020C0DB00200EE403082C
:10D6F000F0D7001050D80010C5D70208EF1E002048
:10D70000014B1878704700BFEF1E002070B50D4D1B
:10D7100004464FF0FF31286805F02AFB0A495022E1
:10D720002046D6F7BDFE00231A461946286805F0A4
:10D73000D5F806480023BDE8704000681A4619462F
:10D7400005F0CCB8C0DB002064DA0020C4DB002088
:10D7500008B5D8F76BFB30B1104B114911480022C6
:10D760005A6401F089FD9FED100A1048F2F75AFB48
:10D770009FED0F0A0F48F2F755FB0F4800F07AFFB4
:10D7800000210E4800F0FCFF06F03CF8BDE8084020
:10D79000024602490A48F8F793BE00BFB4DA0020F7
:10D7A00015E40308B5CA0108C3F51C414CDB002091
:10D7B00035FA8E3C2CDB002008DB002000DB00204B
:10D7C00058DF00102DE9F0418EB0F8F769FA06F045
:10D7D00019F865230122CDE900320146054663238D
:10D7E0006D486E4E4FF47A7201F058FE6C4BDFF8C4
:10D7F000048218684FF0FF3105F0BAFA06F002F81B
:10D8000098F80030044623B1FFF7A2FF002388F800
:10D810000030F7F757FEA542074620D86148F2F7D7
:10D820002CFB6148F2F729FB604B614A6149624871
:10D83000CDE90047F9F742F8604A57489368214616
:10D840000133936001F038FE38B9534801F051FEBE
:10D850005B4902465B4801F00FFD04F10A0555499A
:10D8600055482246F9F780FB02A800F0F9F9002894
:10D870002FD15148F9F752FC18B1534A936801333C
:10D8800093604D48F2F794FA68B9012388F80030A4
:10D890004E4B1A68A24206D204F5FA644C49494834
:10D8A0001C6001F0E9FC4B4C4FF0FF31206805F0A3
:10D8B0005FFA494940483246F9F7DCFD00231A4631
:10D8C0001946206805F00AF8444A936801339360CA
:10D8D0008CE79DF808300A2BC6D8DFE803F006165F
:10D8E0001B202B30353B404752003D4B1B782BB162
:10D8F0003C4A314803A9FAF757FCB5E7394B2E48A3
:10D90000224603A9FAF7D2FBAEE72B4803A9FAF7A0
:10D910007BFAA9E7284803A9FAF7E6F9A4E7324B0E
:10D9200025481B7803A913B1F9F70EFF9CE7F9F717
:10D93000A7FE99E7204803A9FAF772FE94E71E486C
:10D9400003A9F9F77DFE8FE7284A1B4803A9FAF7D8
:10D9500021F989E7184803A9FAF7BCFE84E7244BAC
:10D960001548224603A9FAF7BBFA7DE703AF0E4834
:10D970003946F2F766FA97E807001C4B83E8070080
:10D9800072E703AF07483946F2F75BFA97E80700FA
:10D9900086E8070068E700BFCCAD002020DB002050
:10D9A000C4DB00204CDB00202CDB002040DB00200F
:10D9B00060DB0020B4DA002058DF0010641B002078
:10D9C00048E40308B5CA0108481B002060DA0020BB
:10D9D0007EE40308C0DB002064DA0020801B002006
:10D9E0006CDB002008DB00206DDB002014DB002056
:10D9F00000DB0020FCDA0020014B1878704700BFE4
:10DA0000EF1E0020034B1A6842605A6882609B68D0
:10DA1000C360704758DF0010084A30B5034602F172
:10DA20002005144603CCAC4218605960224603F12D
:10DA30000803F6D12068186030BD00BF8CDF0010ED
:10DA4000014B1878704700BFE8DB0020034B1A78C1
:10DA5000034B142101FB02339B681847E8DB0020CD
:10DA6000D416040810B4054B1A78054B142404FB93
:10DA700002335DF8044BDB68184700BFE8DB002089
:10DA8000D4160408034B1A78034B142101FB02330C
:10DA900018697047E8DB0020D4160408022870B526
:10DAA00004461BD8012838BF012414230C4D6343BE
:10DAB000EB5803B198470B4E33783470142202FBB5
:10DAC00003556B6803B19847FFF7DCFF33780649CD
:10DAD0000246BDE87040054801F0CEBB70BD00BFF6
:10DAE000D4160408E8DB0020A9E40308B5CA01083D
:10DAF00013B5002304460093064A074B3021142037
:10DB000004F066FE054B1860204602B0BDE81040E8
:10DB1000FFF7C4BF6CE100101CE10010E4DB002043
:10DB200013B53A4B0446186800286DD0384B5B6833
:10DB3000C3F3080323B3002301AA2146019304F091
:10DB4000B5FF019B012B09D14FF0E0234FF080522C
:10DB5000C3F8042DBFF34F8FBFF36F8F01280CBFA5
:10DB60002C4A2D4A93680133936023780B2B4BD8B2
:10DB7000DFE803F00B1B20222A2C2E3035444648C8
:10DB80001A46214604F0AAFEE8E7244B94F8242024
:10DB90001A7094F825205A702148A26AC3F802200E
:10DBA00002B0BDE81040F1F709BE1E4B227D1E48B1
:10DBB0001A70F5E71D48F3E71D4B227C1A70626965
:10DBC0001C48C3F80120EBE71B48E9E71B48E7E7DF
:10DBD0001B48E5E71B4BA2681B481A60E0E71B4B9C
:10DBE000227E1A70627E5A70A27E9A70E269C3F831
:10DBF0000320226A1648C3F80720D1E71548CFE76B
:10DC00001548CDE71548CBE702B010BDE4DB002096
:10DC100000ED00E0B81B00209C1B0020DDDB002095
:10DC200038680408DCDB0020246804081068040855
:10DC3000D7DB0020FC670408E8670408D467040801
:10DC4000C0670408D3DB0020AC670408C8DB0020F1
:10DC50009867040884670408706704085C67040810
:10DC600008B5054B01460022186804F0E1FF431E89
:10DC70005842584108BD00BFE4DB002070B515468E
:10DC80002DED028B04460E46B0EE408A05F0BAFD3B
:10DC90002A68254B801A322893ED007A234A2ED821
:10DCA000D3ED026A95ED016AF7EE007A77EEE67A37
:10DCB000012167EE867A1170E6EE877A93ED047A99
:10DCC000D3ED016A27EE267AE8EE077AC3ED007AF3
:10DCD00000226262A262164AD3ED007A92ED007AC7
:10DCE000C4ED0B7A37EEC77AC2ED007AC7EE086A48
:10DCF000C4ED0F6AC3ED076ABDEC028B70BD1278EC
:10DD0000002AE5D1B5EE407AF1EE10FAD6ED027AAE
:10DD1000D4D093ED036AF7EE006A76EEC66A66EE3B
:10DD2000A77AE6EE077AC9E7D41B0020F0DB0020D3
:10DD3000ECDB002010B52DED028B0C4CB0EE608AB0
:10DD4000D4ED050A01F092FB94ED017ADFED087A3B
:10DD500028EE008AA8EE277AD4ED067A67EE877A55
:10DD6000C4ED017ABDEC028B10BD00BFD41B0020B6
:10DD7000C3F51C412DE9F84F03680B6003790B7163
:10DD8000C58806460C46914600F1080801F1080ACC
:10DD90000DB9BDE8F88F622D95BF2F46622796F822
:10DDA00002B04FF0000B41463A465046D6F778FB9A
:10DDB000ED1BE78084F802B02046C847ADB2B844F6
:10DDC000E6E70000F7B507460C4615461E46204616
:10DDD000B847207900F024FC0028F8D02378012BE4
:10DDE00008D09A1E022A07D8084A29462046FFF77B
:10DDF000C1FFECE7064AF8E7E28806490648CDE9A4
:10DE000000326378324601F037FAE0E795E2020823
:10DE10006DDF0208CDE40308B5CA010808B5054B5B
:10DE20000421186804F0BAF8034B044A0449054871
:10DE3000FFF7C8FFF4DB00200CE5030836DD002007
:10DE4000CCDC0020D5DF020808B5054B012118689D
:10DE500004F0A4F8034B044A04490548FFF7B2FF55
:10DE6000F4DB00201EE5030862DC0020F8DB002064
:10DE7000F5E2020873B503F0D9FF164E0024012520
:10DE80000521306004F066F82346CDE900541249BC
:10DE90001248962205F02EFB23469622CDE9005427
:10DEA0000F49104805F026FB0F49104801F0E4F92E
:10DEB0004FF0FF3300932A4630682B46052103F0CC
:10DEC000C3FF0B490948224602B0BDE8704001F08B
:10DED000D3B900BFF4DB002012E5030849DE0208D5
:10DEE00024E503081DDE020839E50308B5CA010868
:10DEF00079E50308024B01466422186804F098BED5
:10DF0000A8DD0020034B01464FF0FF32186804F0F3
:10DF10008FBE00BFA4DD002010B50446007900F0DC
:10DF20007FFB48B1054821460068BDE8104000234A
:10DF30004FF0FF3204F0D2BC10BD00BFA0DD0020C6
:10DF400038B5044600790D4600F06AFB50B106482A
:10DF5000002300682A46214604F0C0FC431E5842B4
:10DF6000584138BD0120FCE7A0DD002010B5044673
:10DF7000007900F055FB18B3E278531E0E2B19D828
:10DF8000DFE803F0080812080818181818181818FD
:10DF9000180808000B4800234FF0FF322146BDE867
:10DFA0001040006804F09ABC074800234FF0FF328D
:10DFB0002146F4E7BDE810400449054801F05CB98A
:10DFC00010BD00BFA4DD0020A8DD0020BBE50308D4
:10DFD000B5CA0108034B01464FF0FF32186804F040
:10DFE00027BE00BFA0DD002008B500226C21022062
:10DFF00004F03CFC084B002218606C21022004F065
:10E0000035FC064B002218606C21022004F02EFC27
:10E01000034B186008BD00BFA0DD0020A8DD002074
:10E02000A4DD002037B5F7F73BFE294D294C2B78AE
:10E0300053B1294B1021186803F0B0FF002003B042
:10E04000BDE8304005F084BA2370C8222146012083
:10E05000E0F702FF2378FF2B03D02B78002BF4D0BE
:10E06000E5E71E490120E0F72DFF607828B901217E
:10E07000194B186803F092FFD9E71949E0F722FF1E
:10E080000DF107010120E0F71DFF6378114902330C
:10E09000234400228B4217D89DF80730934204D0C6
:10E0A00010491148A42200F055FCE078800900F0E6
:10E0B000B7FA38B10D480749006800234FF0FF3226
:10E0C00004F00CFC0221D3E711F8010B4240E1E718
:10E0D00013DE002018DE002014DE002019DE0020F0
:10E0E0001ADE0020FCE5030828E6030854DF0020C0
:10E0F0002DE9F04385B0F7F7D3FDFF236420ADF899
:10E100000E3005F0E5FC584D584F0DF10E01022080
:10E11000E0F72AFE642005F0DBFC2868002103F00C
:10E1200019FFC2073B7801D4002BEED0504E87E098
:10E13000306804F0D1FF034660B9009428680122DA
:10E140000E2103F081FE830704D50DF10E0102209C
:10E15000E0F70AFE306804F0BFFF002872D0DFF855
:10E1600030913068434C0022494604F061FDFF23A2
:10E17000237099F800301B0904D03F493F487C22A6
:10E1800000F0E8FB99F801301B0904D03A493C48FB
:10E190007D2200F0DFFBB9F80630622B04D9364946
:10E1A00038487F2200F0D6FB99F8013099F800003A
:10E1B000B9F8062099F80310DB0000F0070003F01F
:10E1C0003803034399F8020043EA8013A07803F070
:10E1D0007F0320F07F000343A370E3782A4861F3B4
:10E1E000050302F102082949E3705FFA88F884F810
:10E1F0000180D6F755F908F102011E4A2144002397
:10E2000091422DD8A0444FF0FF3988F80230CDF864
:10E210000090286800230122032103F015FE10F06E
:10E22000020F804604D00DF10E010220E0F79CFDA4
:10E2300018F0010FEBD060780E490330E0F794FD41
:10E240004FF0FF343B78002B3FF472AF2021286859
:10E2500003F0A4FE002005F07BF905B0BDE8F083D3
:10E2600012F8010B4340CBE714DE002013DE002040
:10E2700058DF0020ECDE0020FCE5030841E603083F
:10E2800067E6030888E60308F0DE002088DE002049
:10E2900080DE002010B5104B1B78044613B10F4BE5
:10E2A0001B7823B10E490F48F22200F053FB24B92A
:10E2B0000B490D48F32200F04DFB0C48214600238A
:10E2C00000684FF0FF3204F009FB094BBDE8104035
:10E2D0001868042103F062BEF01E002013DE002047
:10E2E000FCE50308CFE60308FCE6030858DF00203E
:10E2F00014DE002038B51A4B1B78044613B1194BB5
:10E300001B7823B118491948FA2200F023FB24B9DD
:10E3100015491748FB2200F01DFB164D164B2946E8
:10E3200018684FF0FF3204F083FC6A78023A92B228
:10E33000E280AB78C3F302032370AB78C3F3C2036C
:10E340006370EB78C3F30503E370AB78C3F380131A
:10E35000A370291D04F10800BDE83840D6F7A0B825
:10E36000F01E002013DE0020FCE50308CFE60308C2
:10E37000FCE60308ACDD002054DF002037B51A4B63
:10E380001B782BB119491A484FF4877200F0E2FA52
:10E3900000226C21042004F069FA164B0022672148
:10E3A0001860042004F062FA134B186003F03EFD7D
:10E3B000124B0024012518601148E0F703FC2346A6
:10E3C000CDE900540F491048962205F093F82346F2
:10E3D000CDE900540D490E48962205F08BF80D4BFF
:10E3E0001D7003B030BD00BF13DE0020FCE5030844
:10E3F00003E7030858DF002054DF002014DE00206C
:10E4000000CA08001CE7030825E002082BE7030800
:10E41000F1E00208F01E002037B5094C094B2068D6
:10E42000012508211D7003F0B9FD4FF0FF33009363
:10E4300020682B462A46302103F006FD03B030BD8C
:10E4400014DE002013DE002000207047014B1878F6
:10E45000704700BFA0E0002038B50D4D04462846A7
:10E46000FFF748FD012810D1EB88013B23702B7A80
:10E470006370EA8805F10901013AA01CD6F710F88B
:10E480000448E3F785FE002038BD4FF0FF30FBE77E
:10E490005CDF0020F008002038B50D4C05460D4823
:10E4A000E3F776FE032223461146012000F0B2F87E
:10E4B000294604F1080011F8012B0132D5F7F0FFCD
:10E4C0002B7820460133E380FFF726FD012038BD7D
:10E4D00034E00020E0080020024B1A780AB901223B
:10E4E0001A707047F11E0020014B1870704700BF72
:10E4F000A0E0002000487047F41B002007B5F7F7A4
:10E50000CFFB374C3648FFF7FDFCE278531E0E2B4D
:10E510005FD8DFE803F039265E08565E5E5E5E5E19
:10E520005E5E5E5E3500237A312B09D1237B019339
:10E53000E37A0093627AA37A2A492B4800F09CFE82
:10E54000237A322BDED1607A30B9FFF7CDFF27492D
:10E55000254800F091FED5E70120FFF7C5FF2449CB
:10E56000F6E76378234A022B04D123491E4800F0C2
:10E5700083FEC7E7042B01D12049F7E72049F5E7DF
:10E580002046D8F727FDBDE7237A212B09D1637AEE
:10E590007BB9E4F785FCF0F723FC1A49124800F038
:10E5A0006BFE237A202BADD1607A40B9FFF79CFF38
:10E5B000A8E7FFF79FFFF0F713FC1349EEE70120F0
:10E5C000F4E7124B1A68002A9CD01B682046984733
:10E5D00098E763780E49044800F04EFE92E700BFCA
:10E5E000C8DF00203AE70308B5CA010862E703085C
:10E5F00079E70308D0DF00208DE703089CE70308D4
:10E60000AAE70308BBE70308DCE70308A4E000204F
:10E61000FCE70308DA700022587019701A7170470D
:10E62000021E38B50CBF0125002508D0054C237803
:10E630002BB90549054800F01FFE01232370284629
:10E6400038BD00BFA1E000202FE80308B5CA0108CB
:10E6500007B500230122CDE900230449044896228E
:10E6600004F048FF03B05DF804FB00BF67E803084F
:10E67000FDE40208002303600123037200234360CA
:10E6800070470000D1ED057A91ED017AD1ED066A6F
:10E6900037EE677AD1ED027A77EEE67AD1ED076A46
:10E6A00067EEA77A38B5E7EE077A0446154691ED8E
:10E6B000037A37EE667A2DED028BE7EE077A91ED5D
:10E6C000097A27EE077AB0EE408AB4EEE77AF1EEE7
:10E6D00010FA4CD54368D1ED0A8AD31A00EE103AED
:10E6E000F3EE0E0AB8EE400A09F046F9FCEEC07AE5
:10E6F000B0EEC88AB8EE670A78EEA87A94ED007A90
:10E70000B4EEE78AF1EE10FA16D5DFED1A0A30EE14
:10E71000070A09F031F9207A84ED000A98B1DFED9B
:10E72000167AB4EEE70AF1EE10FA01DD0023237247
:10E730006560BDEC028B38BDDFED100A37EE400A94
:10E7400009F0F2F8E7E7F0EE047A68EEA78AF3EE54
:10E750000E7AB4EEE88AF1EE10FAB4EEE70A4CBF96
:10E7600001200020F1EE10FAE2D50123DFE70020BE
:10E77000DFE700BF00009643000087430000000071
:10E780006FF00F03016043607047000020EE200A25
:10E79000DFED117AB0EEC00A0346B4EEE70AF1EEFF
:10E7A00010FA10B55A684CBF012000200DD5043274
:10E7B000282AC8BF28225A60D3E900420A441A60B6
:10E7C0008C4298BF40F0010010BD083A12F1100FC2
:10E7D000B8BF6FF00F02EEE7CDCC4C3D02230360D3
:10E7E00000487047081C002008B5DFF72BFDBDE886
:10E7F0000840DDF79DB810B50278302A0B460AD1E3
:10E8000042783B2A07D10222815C31B13B2904D0F6
:10E810000132072AF8D1012010BD941E811C224626
:10E820001846D5F73DFE034600201855F4E70000D2
:10E83000F0B58BB004460DF107000D4600F048F826
:10E840000DF102010DF10700FFF7D5FF0026AE42E2
:10E8500001DB012009E020460DF10201D5F7B0FCF3
:10E8600027462C3418B9034B1F600BB0F0BD01369E
:10E87000EDE700BFACE0002013B5002301A8019331
:10E88000FFF7ACFF0199FFF7D3FF044608B9FFF784
:10E89000ABFF204602B010BD014B18680530704731
:10E8A000ACE00020024B1B6893F82300704700BFC8
:10E8B000ACE00020024B1B6893F82400704700BFB7
:10E8C000ACE00020014B1B68986A7047ACE0002068
:10E8D00008B50B4903460B480A785AB920318142E2
:10E8E000FAD10949202218460AF0BEFC002280F81D
:10E8F000202008BD0448FF2A08BF0146F2E700BFF8
:10E900000078FF1F007AFF1F6BE8030808B56FF05F
:10E910000B00E4F71FFABDE80840034903486FF015
:10E920000B0200F0A9BC00BF72E80308B5CA0108D9
:10E9300010B5054B054A064C1A60C3E902010122D5
:10E940001A71227010BD00BF385D01201F008A2F90
:10E95000B0E00020084608B511464FF05F0383F38E
:10E960001188BFF36F8FBFF34F8FFFF7E1FF0B46A7
:10E9700002460D490D4800F07FFCDEF757FDDEF73B
:10E98000D7F90B4BD3F8F020D2070BD4BFF34F8F3E
:10E99000D968084A01F4E0610A43DA60BFF34F8F97
:10E9A00000BFFDE708BD00BFB4E80308B5CA010811
:10E9B00000ED00E00400FA0570B50A4C0A4D0B4E5C
:10E9C0002560C4E90423049BA361059BE361C4E9BA
:10E9D0000201069B23620225079B25713570636245
:10E9E00070BD00BF385D01201F008A2FB0E00020FD
:10E9F000044B054A05491A6003221A710A7098608F
:10EA0000704700BF385D01201F008A2FB0E0002052
:10EA10007FB51D4B1B78032B33D8DFE803F00209C9
:10EA200013291A491A4807B05DF804EB00F024BC1A
:10EA3000184A19491648D2E9022307B05DF804EBD9
:10EA400000F01ABC134A1549536A0593136A0493DC
:10EA5000D3690393936902935369019313690093F4
:10EA6000D2E902230A4800F007FC07B05DF804FB76
:10EA7000084B0B499A68064807B05DF804EB00F0B4
:10EA8000FBBB0849CEE700BFB0E00020CEE803089A
:10EA9000B5CA0108385D0120F0E803080DE9030854
:10EAA0005FE9030877E9030838B50A4D0A4B2A687D
:10EAB0009A420DD12B795BB1084A09490948137074
:10EAC000002400F0D9FB2C60FFF7A2FF204638BDE0
:10EAD0000120FCE7385D01201F008A2FB0E00020F4
:10EAE0009DE90308B5CA010890ED000B70470000CE
:10EAF000F8B5069C089D099F651BDDE90AC6079CC1
:10EB000064EB070405EA0C05344055EA040716D007
:10EB1000801A61EB030100EA0C003140D5F762FF77
:10EB200006460F4628462146D5F75CFF02460B46AF
:10EB300030463946D6F7B6F841EC100BF8BD9FEDDC
:10EB4000020BFBE7AFF30080000000000000F0BF05
:10EB50002DE9F84FD0E9008955EC104B824642462A
:10EB60004B4620462946D5F7BBFD29A3D3E9002310
:10EB7000DAF808B006460F46D6F7FAF950B326A3DE
:10EB8000D3E9002330463946D6F7D4F910B324A38D
:10EB9000D3E9002340464946D5F75AFF22A3D3E9DB
:10EBA000002306460F4620462946D5F751FF0B465F
:10EBB000024639463046D5F795FDBBF1030F98BFA5
:10EBC0000BF10103CAE9000198BFCAF8083001201F
:10EBD000BDE8F88FBBF1000F09D115A3D3E90023DD
:10EBE00020462946D6F7C4F930B90020F0E70BF1EA
:10EBF000FF33CAF80830F8E70FA3D3E90023204613
:10EC00002946D6F797F90028EFD0CAE90045ECE786
:10EC10002B69A4292B1B60BE2B69A4292B1B603EEA
:10EC20009A9999999999B93FCDCCCCCCCCCCEC3F61
:10EC300039EE940ED6FFEF3FE388B5F81400F03FAD
:10EC400010B400F114010246002312F8014B2344D2
:10EC50009142DBB2F9D103755DF8044B1522002116
:10EC6000DCF70CBE70B5454D2C7886B05CBB4448D3
:10EC7000DCF7A6FDDCF7BEFD002879D0414E152259
:10EC800021463046DCF7E2FD002871D032683E4B69
:10EC90009A426DD13379012B31D1327D23463046F2
:10ECA00010F8011B01340B44142CDBB2F8D19A424A
:10ECB000364C0BD136493748012200F0DDFA0123EA
:10ECC000237001232B70002006B070BD32493148FB
:10ECD00000F0D2FA00232370304B2A4A03F11401CA
:10ECE00053F8040B42F8040B8B42F9D11B782B48E4
:10ECF0001370FFF7A5FF98BB4FF0FF30E4E733D860
:10ED0000F27B0F23304610F8011B013B0C44E4B2A8
:10ED1000F9D1A24228D1214B0DF1030103F11400D6
:10ED20000A4653F8044B41F8044B8342F9D11B784F
:10ED30000B701B4B19680291596803911989ADF842
:10ED40001010053B0DF1170152F8040B43F8040BAA
:10ED50008A42F9D112780B481A70FFF771FF38B167
:10ED60000A4B01221A70ACE7084B00221A70B3E775
:10ED7000064B1B78002BA4D1AEE700BFF21E00208B
:10ED800090050020B2E0002030784243B1E000203E
:10ED9000D6E90308B5CA0108F6E90308601C00209B
:10EDA000B7E00020DCF73EBD034B1B7813B1034BEB
:10EDB0005879704750207047B1E00020B2E0002041
:10EDC000034B1B7813B1034B9879704702207047AF
:10EDD000B1E00020B2E00020054B1B781BB1054BD1
:10EDE0001869D97B70474FF0E730E721704700BFC3
:10EDF000B1E00020B2E00020054B1B782BB1054BA1
:10EE0000D3F8073000EE103A70470023FAE700BF4E
:10EE1000B1E00020B2E00020054B1B782BB1054B80
:10EE2000D3F80B3000EE103A70470023FAE700BF2A
:10EE3000B1E00020B2E00020F0B50D4E33789BB970
:10EE40000C4D0D4FFF231946082241F30004013AEF
:10EE50002C4012F0FF0284EA5101F6D147F823104A
:10EE6000013BF0D2012333704FF0FF330360F0BD5C
:10EE7000C7E000202083B8ED58EF001030B50468DB
:10EE8000074D0A44914201D1046030BD11F8013BA5
:10EE90006340DBB255F8233083EA1424F2E700BF65
:10EEA00058EF00100068C043704737B50D46044660
:10EEB00001A8FFF7C1FF2A462146FFF7DFFF0198AF
:10EEC000C04303B030BD70472DE9F74F99464FF06E
:10EED0000F0B9DF8343001930026054690463746C7
:10EEE000DA464FEA8B00A0F12001C0F120042AFA93
:10EEF00004F40AFA01F121430AFA00F401EA0901D3
:10EF000004EA0804C0F1200E01FA0EFEA0F1200C64
:10EF1000C44021FA0CFC44EA0E0444EA0C04C1404B
:10EF200021430DD166B90C9B5B4502DD0198A847D2
:10EF30000137BBF1010BD4D2384603B0BDE8F08FE6
:10EF4000024B185DA8470126F2E700BF70170408BE
:10EF50002DE9F84F1E4652EA06038146174636D180
:10EF60003020C8474FF001084046BDE8F88F08FB45
:10EF700004F3A5FB08541C442A4623463846314670
:10EF8000D6F77EF90A2871F10001F0D24FF000089F
:10EF90002A46234638463146D6F772F90A2200231C
:10EFA000D6F76EF90C4B985CC847284621460A22D2
:10EFB0000023D6F765F9AB46A246BBF10A0F7AF1FA
:10EFC000000A08F1010805460C46E1D2CCE701250C
:10EFD00000244FF00A08CFE7701704082DE9F84322
:10EFE000144654EA0302089F064604D13020B04775
:10EFF0000120BDE8F883002B17DBA0461D464FF02B
:10F00000000901230A22092C19DC9F4206DDFF1AA0
:10F010003C46002C17DC002FA8BFB94442462B46C3
:10F020003046FFF795FF4844E3E7D4F100084FF07E
:10F030002D0063EB43054FF00109B047E1E70133D1
:10F0400094FBF2F4DFE73020B047013CE1E7000039
:10F050002DE9F0472DED028BDFF8188282B00646CD
:10F0600014460025087828B9284602B0BDEC028B6A
:10F07000BDE8F087252801F1010703D1487825284C
:10F0800003D18F1CB047013567E0202296463A78BD
:10F09000302A3B4607F10107F8D04FF0000C0A2751
:10F0A000194611F8012B18F8020040071DD44FF043
:10F0B00006091A7818F8021089071CD0582A03F19B
:10F0C00001072FD0633AD1B2152946D8152A44D862
:10F0D000DFE802F0CC1E436D43431E43432E4343FF
:10F0E00043434343BD432443432807FB0C22A2F17F
:10F0F000300C0B46D4E72E2AFDD15A7818F80200BE
:10F10000591C400746BFA2F1300902330B46D0E735
:10F1100054F8042B00230093D31726E054F8042B53
:10F12000002328E054F8042BCDE900CE00232AE088
:10F1300059786C292BD1DF1C9B78073424F0070405
:10F14000752BF4E8020114D009D8642B09D0692B7F
:10F1500007D0582B13D000200544394682E7782B7E
:10F16000F8E70023009302460B463046FFF736FFD0
:10F17000F2E702460B463046FFF7EAFEECE7CDE940
:10F1800000CE02460B463046FFF79EFEE4E77529A7
:10F1900054F8042B03F10207C2D006D86429B9D071
:10F1A0006929B7D05829BFD0D5E77829FBE70734BC
:10F1B00024F00704F4E80201D5F704FF08EE100A72
:10F1C000B4EE488AF1EE10FA07D76E20B0476120FE
:10F1D000B0476E20B0470335BFE7B5EEC08AF1EE09
:10F1E00010FA04D52D20B047B1EE488A0135FDEE66
:10F1F000C88A002318EE902A00933046D317FFF7F1
:10F20000EDFE05EB000A2E20B047F8EEE88A0A234F
:10F2100038EE688A0AF1010A01221946914513DC89
:10F2200007EE903AF8EEE77A67EE887A17EE900AE2
:10F230000AF0C6F8CDF8009002460B463046FFF7BC
:10F24000CDFE0AEB000588E74B430132E6E754F8B0
:10F25000049B4B469A461AF8010B20B9A5EB090905
:10F2600009EB030579E7B0475346F3E714F8040BBD
:10F2700008E700BF512404080EB403B503AA52F8EE
:10F28000041B0192FFF7E4FE02B05DF804EB03B04B
:10F2900070470023C0E9013301618261436103606B
:10F2A000C361C360704700234360C36801601344B7
:10F2B0008260C360704770B504464168A5684069C4
:10F2C000A36926686D1A1B1A9D4228BF1D46236933
:10F2D0002A4631441844D5F7E3F86368E2692B44C1
:10F2E0002A4463606369E261A2692B44934208BFC8
:10F2F000002363610CBF0120002070BD0023C0E922
:10F3000001330360704700230361406970470000C8
:10F31000C0EE207A10B504469FED170A80EE270A4A
:10F3200007F086FC00236361A361F7EE006ADFED5E
:10F33000135AB0EE667AA0EE257A60EE007A37EEC8
:10F34000277A87EE876A36EE065A84ED026A84EDE4
:10F35000046A37EEE66AE0EE656A36EE066A77EE34
:10F36000A67A84ED035AC7EE876A86EE075AC4ED83
:10F37000016A84ED005A10BDDB0F4940F304B53F2C
:10F3800030B1F5EEC00AF1EE10FA01D9FFF7C0BFB7
:10F390007047000090ED057AD0ED006A90ED016AAB
:10F3A000F0EE407AE7EE667AD0ED066A80ED067AF6
:10F3B000E6EEC67A9FED0C6AF0EEE75AF4EE465A96
:10F3C000F1EE10FA88BFF0EE407A90ED030A90ED6E
:10F3D000026AC0ED057A27EE000AA6EE270A90ED34
:10F3E000046AA6EE860A7047FFFF7F7F82B08DED2C
:10F3F000010A019BC3F3C752FF2A4FEAD37105D11B
:10F40000C3F3160323B14FF4FC4007E08E2A07D95B
:10F4100000290CBF4FF4F8404FF47C4002B0704715
:10F420006F2A0BD9C3F34930C3F30033184440EAC1
:10F43000C130703A40EA822080B2EFE70020EDE769
:10F4400008B52DED028BF0EE607AB0EE418AF0EE59
:10F45000400AB0EE670A08F067FAF0EE480ABDEC21
:10F46000028BBDE8084008F087BA0000F0EEC07AD1
:10F47000F4EEE07AF1EE10FA0BD4B5EEC00AF1EE3C
:10F4800010FA02DD30EE600A704704D530EE200A33
:10F4900070479FED010A70470000000010B54360FF
:10F4A000029B0261002483600A449DF80C300460D2
:10F4B000C2604461037610BD0268013203460260F7
:10F4C000C068884211D25868824210D3986882423C
:10F4D0008CBF002001205A6100221A601A690A4478
:10F4E000DA601A7E12B1013A1A76012070470020C4
:10F4F000F1E7406970472DE9F0410446E6F76AFA02
:10F5000005460E4614EB050846F10007E6F762FAD9
:10F510004045B941F6D3BDE8F08100008368026937
:10F52000CB1A9A4210B514D2D0E90042A21A07EEC3
:10F53000902AB8EE677A07EE903A9FED076AF8EEE8
:10F54000677AC0E90141C7EE866AC7EE267AC0ED48
:10F55000037A90ED030A10BD00007A440B46014681
:10F5600003F10800FFF7DABF0023C0E902330361AB
:10F5700000234361024B816140600360704700BF1C
:10F580005DF50208F8B50121064600F0D1FA0546FE
:10F590006B1C00D1F8BD2946304600F0E3FA411C4F
:10F5A000074605D129463046BDE8F84000F0FBB9D2
:10F5B0000146304600F0BCFA421C03D139463046C1
:10F5C00000F09AFAC41B23462A46394630462C449A
:10F5D00000F0FAF97A1B2146304600F0D1F92546B1
:10F5E000D6E700002DE9F7430D4601211F460446EA
:10F5F000904600F081FA431C064605D11849194887
:10F60000FFF73AFE002016E02846D4F7F9FF07F18D
:10F610000509226806EB0903034493420ED24346D0
:10F620002A4631460097204600F07CF98119204691
:10F6300000F0B9F9012003B0BDE8F0832046FFF7E0
:10F64000A1FF0121204600F057FA06462846D4F7CC
:10F65000D7FF2368304448449842E0D30249CEE7BC
:10F6600013EA0308B5CA01082CEA03082DE9F043A0
:10F670000D4685B090460A4601211F46044600F01B
:10F68000C5F9431C064608D13B464246294620465A
:10F6900005B0BDE8F043FFF7A5BF0146204600F0E6
:10F6A0008AFA8DF80D00C0F307208DF80E00284669
:10F6B000D4F7A6FFFB1CBDF80D9003449BB24B454D
:10F6C00005D04A463146204600F05AF9DCE700975B
:10F6D00043462A463146204600F024F9012005B071
:10F6E000BDE8F0832DE9F04F87B002AF07F10408C1
:10F6F000264BCDF800800E4693460A46012105466A
:10F7000000F0B8F9E946044679684B1C01D10120A4
:10F7100038E0284600F04FFAC0F307227870BA703C
:10F72000C0F30743B7F801A0FB70DBB2AAEB030AF2
:10F73000AAF1030ABAF1080F28BF4FF0080ACDF862
:10F7400000A0BB787A78F97842EA032242EA0142C3
:10F7500007F108037968284600F049FA80B10B48A0
:10F76000524607F10801D84750B17968074BCDF8E8
:10F77000008021443246284600F07CF90446C3E765
:10F780000020CD461437BD46BDE8F08FC8E000200C
:10F790002DE9FF4117460A4601219846064600F02A
:10F7A00035F9431C054623D00146304600F003FAE4
:10F7B000C0F307238DF80D008DF80E30BDF80D1045
:10F7C0009DF80D20C0F30740091ADBB2033942EA65
:10F7D0000322414594BF0091CDF8008042EA0042E7
:10F7E0003B462946304600F002FA05B0BDE8E0810C
:10F7F0000020FAE737B50A460121054600F006F970
:10F80000431C044612D00146284600F0D4F9C0F348
:10F8100007238DF805008DF80630BDF80520214638
:10F82000284600F0ADF8012003B030BD0020FBE712
:10F8300037B5012583688DF8075004462A460DF137
:10F840000701002098472946204600F0ACF803B095
:10F8500030BD13B5012243680DF1070104460020B5
:10F8600098479DF80710012907D1204600F044F978
:10F87000013018BF012002B010BD0020FBE72DE9C8
:10F88000F04F0C4687B00121064600F035F90025FF
:10F8900001902B46AB462F46A846AA46A946012111
:10F8A0000198814214D23046CDE9021300F083F969
:10F8B000C0F3072C8DF815008DF816C0BDF815C0E3
:10F8C0004FF6FF729445DDE90213C0F307401AD1E9
:10F8D0003268C4F81880C4E9002AC4E90273C4E994
:10F8E00004B53368DB1BE3613268642303FB08F370
:10F8F000D21BB3FBF2F323623368A3EB0903636209
:10F9000007B0BDE8F08FE14410B9E0446144C7E7B7
:10F910000344ACEB0000033867440AF1010A0335E5
:10F920008344F3E72DE9F341044610460D4616469D
:10F930001F46D4F765FEDDF82080C0B208F103034E
:10F940008DF807001844ADF80500A3680DF1050116
:10F95000032228469847A3689DF807203146E81CF3
:10F9600098479DF80700A36803304246394628446B
:10F970009847E3689847BDF8050002B0BDE8F081FC
:10F9800037B50446002395B2ADF805208DF8073051
:10F990000322A36808460DF105019847E3689847DC
:10F9A000284603B030BD13B504464FF6FF73ADF8DB
:10F9B00006300222A36808460DF106019847E36865
:10F9C0009847022002B010BD2DE9F04105460E46D1
:10F9D00017461C461CB9EB68BDE8F0411847202CBF
:10F9E000A04628BF4FF020086B68074942463046C2
:10F9F00098473846AB6804494246984746444744CE
:10FA0000A4EB0804E6E700BF06E300202DE9F04779
:10FA1000054610460C461746D4F7F2FDDFF8508035
:10FA2000C6B24FF6FF792B68033BA3420AD96B6835
:10FA30000F49032220469847B8F800A098F80230F2
:10FA4000CA4504D14FF0FF342046BDE8F0879E42FE
:10FA500001D05444E7E7324641466B68E01C9847C2
:10FA600032464146384609F0ABFA0028F1D1EBE7BF
:10FA700007E200202DE9F74F064610460C46904657
:10FA80009946D4F7BDFDDFF86CA0C7B23368033BDD
:10FA9000A3420CD973681749032220469847BAF845
:10FAA00000509AF802B04FF6FF739D4207D14FF015
:10FAB000FF3420460C9B1C6003B0BDE8F08F5F450F
:10FAC00015D85A4651467368E01C98473A46514645
:10FAD000404609F075FA50B9019006495A46484621
:10FAE000D4F7DEFC019B09F80B302846E2E72C44F2
:10FAF000CCE700BF08E1002073B505460C464FF681
:10FB0000FF762B68023BA3420BD96B6803220DF1F1
:10FB1000050120469847BDF80530B34203D0032BBA
:10FB200004D84FF0FF34204602B070BD1C44E8E713
:10FB300037B505460C462B68023BA34204D84FF06C
:10FB4000FF34204603B030BD6B6803220DF1050180
:10FB5000204698479DF80730002BF2D0BDF80530BD
:10FB60001C44E8E7F7B50E464368054603220DF14D
:10FB7000050130469847BDF805404FF6FF77BC4277
:10FB800004D14FF0FF34204603B0F0BD34442B685D
:10FB9000033BA342F5D96B6803220DF10501204612
:10FBA0009847BDF80530BB42EBD09DF80720002AEE
:10FBB000E9D11C44EBE713B503460DF102045B6881
:10FBC0000846032221469847BDF80230ADF80530BB
:10FBD0009DF80530002063F307009DF8063063F3BD
:10FBE0000F209DF8043063F3174002B010BDF7B545
:10FBF00094B2C2F30745033C089A4668641B9442DA
:10FC000028BF14460F46033522461946E819B04767
:10FC1000204603B0F0BD00002DE9F0472DED028B2A
:10FC20009A460B6882B00FF28809D9E900891360FF
:10FC30004B68536007460D46144605266A46214622
:10FC40003846D047D5ED007A9DED007A95ED018AD2
:10FC500077EEC77A9DED017A38EE478A94ED007A07
:10FC600037EE277AF0EEE77A84ED007A94ED017AA8
:10FC700037EE087A17EE900A84ED017AD4F790FEF9
:10FC800042464B46D5F756F950B1F0EEC87A17EE1A
:10FC9000900AD4F785FE42464B46D5F74BF908B992
:10FCA000013ECBD102B0BDEC028BBDE8F08700BFB6
:10FCB000FCA9F1D24D62403FCA798B7943EA022315
:10FCC00007EE903AF2EE677A17EE903A0360CA7A3E
:10FCD0008B7A43EA022307EE903AF2EE677A17EE48
:10FCE000903A43604A7C0B7C43EA022307EE903A49
:10FCF000F2EE677A17EE903A83600A7FCB7E43EA92
:10FD0000022307EE903AF2EE677A17EE903AC3605C
:10FD10000A7ECB7D43EA022307EE903AF2EE677A41
:10FD200017EE903A036191F8262091F8253043EAC6
:10FD3000022307EE903AF2EE677A17EE903A4361AB
:10FD400091F8222091F8213043EA022307EE903AFD
:10FD5000F2EE677A17EE903A83614A7A0B7A43EAB9
:10FD6000022307EE903AF2EE677A17EE903AC361FB
:10FD70004A7B0B7B43EA022307EE903AF2EE677A66
:10FD800017EE903A0362CA7C8B7C43EA022307EEAB
:10FD9000903AF2EE677A17EE903A43628A7F4B7F91
:10FDA00043EA022307EE903AF2EE677A17EE903AB2
:10FDB00083628A7E4B7E43EA022307EE903AF2EE9C
:10FDC000677A17EE903AC36291F8282091F82730AD
:10FDD00043EA022307EE903AF2EE677A17EE903A82
:10FDE000036391F8233091F8242043EA022307EEBD
:10FDF000903AF2EE677A17EE903A4363D1F8023008
:10FE00008363012380F83C3070470000014BFFF70B
:10FE100003BF00BF15FF0208014BFFF7FDBE00BF87
:10FE20004500030803680B6043684B60704700009F
:10FE300010B52DED068BB0EE608AF0EE408AF0EE44
:10FE4000400AB0EE480A28EE088AB0EE41AA0446FD
:10FE500006F03EFCA8EEA88AB0EE409AF0EE680AE2
:10FE6000B0EE4A0A06F034FCB5EEC08AF1EE10FAA4
:10FE7000F0EE409A3FDBF1EEC88A636800EE103A7C
:10FE800006F0D6FE20EE0A0A80EE287ABFEE000ABF
:10FE9000B4EEC07AF1EE10FA0AD4F7EE007AB4EEBE
:10FEA000E77AF1EE10FAD4BFB0EE470AB0EE670A77
:10FEB00006F0E2FBE36807EE903A2369B0EE408A71
:10FEC00000EE103A39EE000AF1EE678A01F0B8FD53
:10FED000A36807EE903A236807EE103A38EE078AD7
:10FEE00069EEA77AA8EE808AA7EEA98A39EE480AB9
:10FEF000BDEC068B10BD04490448DFED058A5C2289
:10FF0000FEF728FDB9E700BFCBDF0308ECDF0308ED
:10FF10000000000070B591ED000A2DED048B144631
:10FF20000E46054606F084FEF0EE408A96ED010A84
:10FF30009FED119A06F07CFEF0EE491AB0EE408A71
:10FF4000B0EE401AF0EE680A2846B7EE000AFFF756
:10FF50006FFFF0EE491A84ED000AB1EE681AF0EE78
:10FF6000480A05F11C00B7EE000AFFF761FF84EDB7
:10FF7000010ABDEC048B70BD0000000010B52DED32
:10FF8000068BB0EE608AF0EE408AF0EE400AB0EEEA
:10FF9000480A28EE088AF0EE419AA8EEA88A04469C
:10FFA000B0EE61AA06F094FBB5EEC08AF1EE10FA4D
:10FFB000B0EE409A38DBF1EEC88A636800EE103A82
:10FFC0003AEE400A06F034FE20EE291ABFEE000A8F
:10FFD00081EE287AB4EEC07AF1EE10FA0AD4F7EE88
:10FFE000007AB4EEE77AF1EE10FAD4BFB0EE470A29
:10FFF000B0EE670A06F040FBE36807EE903A23692B
:020000040803EF
:1000000030EE098A00EE103A39EE000AF1EE678A06
:1000100001F0D2FC236807EE903AE8EE807A38EEE1
:10002000670ABDEC068B10BD03490448DFED048A66
:100030005C22FEF78FFCC0E7CBDF0308ECDF030890
:100040000000000038B52DED048BD1ED009A91ED44
:10005000018A39EE880AF6EE007A20EE270A144665
:10006000054606F0E5FDF0EE408A38EE690A06F036
:10007000A5FDB0EE409AB0EE480A06F059FDB0EE8C
:10008000408AB0EE690A06F053FDDFED137ADFED2A
:10009000131A38EE008AF0EE680A28EE278A2846FE
:1000A000C9EE089AB7EE000AB0EE691AFFF766FFCC
:1000B000B0EE691A84ED000AF0EE680ADFED081A66
:1000C00005F11C00B7EE000AFFF758FF84ED010AA6
:1000D000BDEC048B38BD00BF3ACD133F920A06BF7A
:1000E000920A063FD1ED017A90ED010A90ED007A77
:1000F00020EE270AD1ED007AA7EE270A90ED027ACA
:10010000D1ED027AA7EE270A7047000008B5014634
:10011000FFF7E8FFB5EEC00AF1EE10FAF0EE407A14
:1001200002DBB1EEE70A08BD034904485C22FEF792
:1001300011FC9FED030AF6E7CBDF0308ECDF0308B1
:10014000000000001FB50023CDE901330A460393E8
:1001500001A9032301F0FEFB05B05DF804FB0000DC
:1001600070B52DED048B8AB0F0EE609A0E46044611
:10017000B0EE408A01F064FCB0EE409AB0EE480A5E
:1001800001F01AFCF0EE408AB0EE690A01F058FC6A
:10019000B0EE408AB0EE690A01F00EFCDFED1A7A8B
:1001A000B0EE677AA8EE807A07AD28460C348DED64
:1001B000077A28EE277A67EEC97AA9EE007AE8EE88
:1001C000887A8DED087ACDED097AFFF79FFFF7EE7B
:1001D000007A87EE800A29462846032201F0D6FBE2
:1001E0004FF00313019305AAA3F5003303A901A857
:1001F000CDE90335CDE905360294F7F751FE0AB093
:10020000BDEC048B70BD00BF0000000070B52DED8B
:10021000028B0C4692B0D2ED010A92ED000A5349CE
:1002200006461D46FFF79CFF51493046FFF78AFFFF
:10023000D5ED010A95ED000A4E492046FFF790FFE3
:1002400020464D49FFF77EFF00244B49484808945B
:10025000032306AACDE9064401F0A2FB434901AB02
:100260000846032201F082FB4249404802AB0322C8
:1002700001F07CFB3F4903AB0846032201F076FB0B
:100280003A4804AB032206A901F070FB394805ABDC
:10029000032206A901F06AFBDDED027ADDED016AB9
:1002A0009DED037A27EEE78AA6EE878ADFED336AB3
:1002B000B0EEC86AB4EEE66AF1EE10FA54D49DEDE1
:1002C000040A2A480B9420EE470A9DED057AA7EE12
:1002D000870A032209A9CDE9094480EE080A01F042
:1002E00055FB09AA03231046214901F033FB21489D
:1002F0000E94DDED027A9DED040A9DED017A20EE6B
:10030000670ADDED057AA7EE270A03220CA9CDE9DD
:100310000C4480EE080A01F039FB0CAA104616497D
:10032000032301F017FB03230FAA0CA909A8CDE9A9
:100330000F44119401F00EFBB6EE000A1899032247
:100340000FA801F023FB03230FAA0CA909A801F0B1
:1003500027FB0FA8FFF7DAFE199B012083ED000AA7
:1003600012B0BDEC028B70BD2046F9E74CE30020D3
:1003700040E3002034E3002028E30020ACC5273709
:100380007FB50D46044619462846FFF7ABFEB5EE8D
:10039000400AF1EE10FA089EB0EE406A38D0D4ED73
:1003A000006AD2ED007A92ED017A76EEE77A18468D
:1003B000CDED017AD4ED017A77EEC77A92ED027A2B
:1003C000CDED027AD4ED027A77EEC77A01A9CDEDB0
:1003D000037AFFF787FEB1EE400A80EE067A01202D
:1003E000D5ED007AE7EE876AC6ED006AD5ED016AC1
:1003F000D4ED017AE6EE877AC6ED017AD5ED026A90
:10040000D4ED027AE6EE877AC6ED027A04B070BDCA
:100410000020FBE730B51C46154B89B0CDE9013211
:100420000022CDE905220792124A05AB0546CDE927
:100430000323084603AA01A9F7F732FDD5ED007A98
:100440009DED057A77EE877A9DED067AC4ED007A08
:10045000D5ED017A77EE877A9DED077AC4ED017AC2
:10046000D5ED027A77EE877AC4ED027A09B030BD15
:100470000300010001000300F0B52DED028B0546DD
:1004800085B008460C4617461E46FFF73FFE284635
:10049000B0EE408AFFF73AFEDFED2B7AB4EEE70AC2
:1004A000F1EE10FAF0EE406A4BD429462046FFF7F1
:1004B00019FE28EE268AC0EE087AB7EE000AF4EE9E
:1004C000C07AF1EE10FA08DCBFEE000AF4EEC07A52
:1004D000F1EE10FA58BFB0EE670A06F0A1F8D4EDBD
:1004E000024AD5ED015A94ED015A95ED027A94ED48
:1004F000006A65EEE47A3846E5EE077A01A926EE51
:10050000477ACDED017AD5ED007AA4EEA77A67EEB1
:10051000C57AF0EE406AE5EE867A8DED027ACDED91
:10052000037AFFF7DFFDB5EEC00AF1EE10FAC8BF9F
:10053000F1EE666AC6ED006A012005B0BDEC028BE3
:10054000F0BD0020F9E700BF17B7D13838B583698F
:10055000112B044601F0010108D141B101230375BB
:100560000023C0E903338383002038BD61B9013320
:10057000A361237D002B33D0E368102B19D129B957
:10058000002323756377EFE70023F1E7237F00253E
:10059000042BE5600BD1204650F81E1BFEF785FCAE
:1005A000A36825751B1A584258416077DDE76577C7
:1005B000DAE7A288013341EA420189B2102BA18017
:1005C000E3600DD1237F032B0AD8DFE803F0020B91
:1005D000181D49BA89B22B292160D1DC0123237768
:1005E0000023CFE7236904EB430249BAD183226891
:1005F0000133B2EB430F2361F2DC0223EFE749BA88
:1006000089B2A1600323EAE7A36849BA43EA014338
:10061000A3600423E3E72DE9F0413D23534303F5B1
:10062000307606441844502303FB02F491F88032DC
:1006300090F8FC72022B08BF04F5A0740C440D4620
:1006400004F1500804F1080287B195F88032022BBA
:100650002146304607D1FFF7DFFB14344445F1D182
:100660003846BDE8F081FFF7D1FBF6E7114620469A
:10067000FFF7D8FBF1E790F88032012B01D100F0B1
:1006800089BA7047502303FB010300221A61C3F8A3
:1006900050215A62C3F864219A63C3F87821DA645E
:1006A000C3F88C21FFF7E7BF2DE9F843835C0446CC
:1006B0008846164673B10025471EA94617F8013F24
:1006C0001BB929464046FFF7DDFF0135042D87F8A9
:1006D0000090F3D10123A355BDE8F883F8B50026B7
:1006E0000746044635462561C4F850516562C4F892
:1006F0006451A563C4F87851E564C4F88C5131465F
:1007000038460136FFF7B7FF042E04F15004EAD152
:10071000F8BD38B504460D46FFF7ADFF502303FB87
:10072000054000230361C0F850314362C0F86431D2
:100730008363C0F87831C364C0F88C3138BD10B51C
:1007400000F04EFA044600F059FCA04238BF2046A3
:10075000C0B210BD2DE9F04F057A91F800C00F89A5
:10076000164685B04A6804469846002D40F09B80A6
:1007700000EB8C00D0F8101101EBCC03013104EB3D
:10078000C3030729C3E90427C0F8101106DC30466B
:10079000FFF7A4FF284605B0BDE8F08FE36801939A
:1007A00004F5887304F11002009340F6C80941F281
:1007B000863A53686FF47A7B03EB0B01494533D9D2
:1007C000B3F5007F67DB00230199994266DCE360A3
:1007D000C14B1B68012223F07F432272C4F83831D9
:1007E000C4F8203100981022002108F017FC237A69
:1007F000002BCFD1CBE7002932DD04AB03EB81081E
:10080000B86858F80C3CC31A23F07F43A3F5EA53A9
:100810000D3B5345D7D80CF1010C21E0B3F5007F17
:10082000D1DA4FF0010E1BE04FF0000E4FF0000C3C
:100830001746614602F1380BFB686FF47A789844EA
:10084000C845EBD8BEF1000FD5D004AB03EB810E49
:100850000131BB684EF8083C022906D04FF0000E6B
:100860000837BB45E8D10229ADD1DDE902135B1A97
:1008700023F07F43A3F542336FF46C70034440F2DE
:100880001E37BB429FD8944BBCF1000F1960CCBF00
:100890000223012398E74FF0010EC7E7009B403287
:1008A000934286D19EE7D0F820118C48511A21F04E
:1008B0007F41A1F54355153D854202D9B7F5007F2B
:1008C0000BD204EBCC03012193F8700170B102222A
:1008D00083F8702184F88C1103E0814D0B39A94213
:1008E00008D90025012386F8803253E7C3F86C212C
:1008F0000A46EDE7D4F838117A4D511A21F07F41BC
:10090000B1FBF5FC05FB1C11774DA94284BFA1F595
:100910004331A1F5A07101F28F1143F26225A94282
:100920002CD894F88C01B0BB0025D4F838316D492F
:10093000D31A23F07F43B3FBF1F001FB1033A3F58F
:100940009C536A49093B8B4240F2B580FA23C4E9C3
:100950004E27A7F25F5797FBF3F7FB0700F1D08014
:10096000D4F84431C4F84421D31A23F07F4307EE6E
:10097000903AF8EEE77AC4ED557ACEE0002384F899
:10098000703184F8783184F8803184F8883184F8C3
:100990008C312372A5E70025DFF86091A646AC46AE
:1009A0009EF8701101294ED1DEF86C11D4F8343163
:1009B000C91A21F07F41494545D8D4F864A194F87B
:1009C0006851DFED4B7A05EB4A0504EB850595EDA3
:1009D000557AB4EEE77AF1EE10FAA5D4DFED457A58
:1009E000B4EEE77AF1EE10FA9EDC07EE901AF8EE1C
:1009F000E77AF5EE006AE7EE667AC8F800A00E9B8B
:100A0000DFED3D6A94F86811196077EEA77AD4F8A3
:100A1000645194F868B167EEA67A4FF0140AC7EEF5
:100A2000876A0CEB8C010AFB0511594406EB810126
:100A3000C1ED006A50214D430AFB0C55354429692C
:100A40000131296105460CF1010CBCF1040F0EF1D6
:100A5000080EA5D1002384F8703184F8783184F829
:100A6000803184F8883184F88C31002D3FF45CAFFC
:100A7000D4F83C1100924FF0FA09A1F25F5104F54D
:100A8000C87091FBF9F1C1F34001FFF75FFDD4F8A5
:100A900040118046A1F25F5104F5EE7091FBF9F12F
:100AA000C1F34001FFF752FD0F9B009A48EA00088E
:100AB00083F8008039E7E368012B3DDC002384F8EC
:100AC000703184F8783184F8803184F8883184F882
:100AD0008C31237206E700BF58E30020C27A02007F
:100AE000EAFFFF00400D0300A0860100177301001C
:100AF00000DFC04800C1C548DB0F49403F0D03007F
:100B0000D4F84831C4F84821D31A23F07F4307EEC4
:100B1000903AF8EEE77AC4ED567A0023790758BF89
:100B200007F00107C4F820215EBFC4F8643184F8DF
:100B30006871C4F83421D5E6C4F84071FA23A7F2ED
:100B40005F5797FBF3F7F80715D5D4F85031C4F881
:100B50005021D31A23F07F4307EE903AF8EEE77A5C
:100B6000C4ED587AA2F51C53103B23F07F43C4F820
:100B700038310123D2E7D4F84C31C4F84C21D31AD0
:100B800023F07F4307EE903AF8EEE77AC4ED577A08
:100B9000E8E700BFF0B5104B104C1B682288C90075
:100BA0008B4022EA0302228001F108060025103062
:100BB0000A274FF0010C07FB01F3C35833B10CFABD
:100BC00003F3013B8B4013439AB201250231B1423A
:100BD000F1D105B12280F0BD781C002068E300202F
:100BE00008B50B4B188808F0D7FBD3F7C7FE094BA5
:100BF0000022D3F72DFF04A3D3E90023D3F728FF66
:100C0000D4F7C0F9C0B208BD0000000000E06F409A
:100C100068E300200000A03F10B570EE207AB6EE29
:100C2000007A67EE877A2DED048BC0ED007AB0EE86
:100C3000408A30EEC00AF0EE608A044605F0BEFF3E
:100C4000B0EE409AB0EE480A05F072FFB0EE408A6E
:100C5000B0EE680A05F06CFFDFED070A38EE008A97
:100C6000B0EE490A68EE200A05F032FD84ED010A73
:100C7000BDEC048B10BD00BF3ACD133F2DE9F04F02
:100C800085B0164604460D460293E4F7A3FEDFF84E
:100C9000E4A28946074606F5207800214FF0180B9C
:100CA00058F8080F5AF8043BD8F80420B3FBFBFCB3
:100CB000381A69EB02020023844573EB020204D266
:100CC00030460191FFF7DEFC019901310429E7D19B
:100CD0006B68D4F8CC2003F51C5310339B1A23F017
:100CE0007F4344F62062934240F22F81D4F8C8003B
:100CF00018230021421E03FB00430F464FF0010E54
:100D0000002A80F28580032800F3928000200023CF
:100D1000C4F8C8306B68C4F8CC30D4F8C830072B9E
:100D200000F31581182202FB03430833AA1855F873
:100D3000041B43F8041B9542F9D1D4F8C8300133A1
:100D4000C4F8C830002860D094F8E450032D00F2B5
:100D50000E8118226A43A11891F81431AB4240F079
:100D6000F880D4F8E030D1F810110A335B1A23F080
:100D70007F43142B00F2ED807E4B9FED7F6A9FED49
:100D80007F5A03EB8503D3ED005A5023F8EE655AE2
:100D900004F1CC0003FB0563DC3402F1340C0227C0
:100DA00050F80C2050F8041FC3F85071490007EEAA
:100DB000901AF8EE677A520067EE867A844287EEE0
:100DC000A57A03F1140307EE902AF8EE677A37EE5E
:100DD000467A67EE867A37EE457AC7EEA56A83EDE6
:100DE0004C7A76EEC67A77EE857AC3ED4B7AD7D118
:100DF000E4F7F0FD06EBC503C3E9A201029B1D6009
:100E00000E9B0120186086F8807205B0BDE8F08F57
:100E100093F806C0BCF1000F04D019796746013A77
:100E2000183B6DE7002FFAD0197183F806E0F6E75A
:100E300010F0030C7FF46AAF8010224604F108031F
:100E40004FF0180B00218E460BFB01F74FF0010805
:100E5000DF5D414408FA07F74EEA070704295FFA05
:100E600087FEF1D1BEF10F0F7FF450AF4FF0FF318D
:100E700003F1600782F8E410019719468F7D002F77
:100E800057D1019F1831B942F8D192F8E410FF29E7
:100E90003FF43CAF00214FF0FF3803F110070BFB8C
:100EA00001FE57F80EE0BEF1000F04D0B8F1FF3F8D
:100EB0007FF42CAF884601310429F0D1B8F1FF3F0F
:100EC0003FF424AF062101FB0CF10BFB08394FF076
:100ED000000A0391D0451CBFD9F80470D9F810104E
:100EE00093F800E00FBF1969C91B5F68C919039F18
:100EF000BE4404EB8E0E0AF1010A18BF21F07F41B7
:100F0000BAF1040FCEF8D01003F11803E2D1D9F8EA
:100F10000430D9F810100CF1010C5B1A23F07F4358
:100F20006045C2F8E03002F118023FF4F0AE019BD8
:100F300088E792F8E470FF2F04BF0F7D82F8E47019
:100F400091F814E0BE459CD0E0E60020E2E60023E4
:100F5000F6E6182303FB054505F5807504F1D0037B
:100F6000E83453F8042B45F8042BA342F9D10020B0
:100F70004BE700BF84170408DB0F4940920A863F05
:100F80002DE9F14F0546887DDDE90A9A0C461646A3
:100F90001F4600B3097D03292CD82069D8B16368A6
:100FA00005EB81081B1A23F07F4BD8F860210BF565
:100FB000AD2303F5F8739B1A0F4A23F07F43934246
:100FC00016D94C2303FB015000F5C870617DFFF773
:100FD000BDFAC8F860B18AF800003B4632462146A7
:100FE0002846CDF8289001B0BDE8F04FFFF746BE87
:100FF0000020EEE70020EEE7E0D30A000020704773
:10100000F8B504462DED028BB0EE408AF0EE608A12
:101010000F461D46164600F048FA394604F5525070
:1010200000F0DFF904F5405104F55554C1F860654E
:1010300084ED0A8B002381F8705581F89135BDEC61
:10104000028BF8BD10B5044600F034FA04F54053A5
:1010500028B1D3F8C0240132C3F8C02410BDD3F89E
:10106000DC240132C3F8DC24F8E7000000000000B3
:101070002DE9F04F2DED028B9FB099462A9B0A93E4
:101080009DF8B030069304469DF8B43008930846A6
:101090000D460C922B9F00F08AFA80460E46284699
:1010A00000F089FA58EA060306D1002738461FB037
:1010B000BDEC028BBDE8F08F50EA0103F5D04FF094
:1010C000FF320023CDE904230C9BCDE90201424607
:1010D0003946CDE900390A983346FDF709FD28461F
:1010E000B0EE408AF0EE608A00F070FAB0EE480A86
:1010F000F0EE680AFDF72CFD07460028D5D02846FB
:1011000004F5405600F050FA96F8283583420FD186
:10111000284600F08CFA51EC100BD3F753FF04F57E
:101120005258C8F8AC00D6F838350133C6F838350F
:10113000D6F8F8340133C6F8F834284600F077FAC8
:10114000002251EC100B0023D3F712FF0028ADD082
:1011500096F87035012B27D0022BA7D104F55653F2
:1011600004F5555201330026313213A9284613964F
:1011700000F0BAFA924BD5F804B01B1B04F556598F
:101180004FF0FF380D930D9B139A4B449A4200F396
:10119000E080B8F1FF3F89D011AB5A465FFA88F181
:1011A000204600F087F944E096F89135013386F83F
:1011B000913543F28159002304F55552139331328E
:1011C00004EB090313A9284600F08EFA6B6896F821
:1011D00091850D9304F5405A139A9AF8913513446A
:1011E0009845BFF663AF98FBF2F602FB168654FAF9
:1011F00086F6069B16F809B02BB1089B5B4502D119
:1012000008F10108E8E70D9A11AB5946204600F0B5
:1012100051F90028F4D043F2715311A8F65C00F0A4
:10122000CEF98642ECD15946284600F073FA0843BD
:10123000E6D004F5405611A8D6F814350133C6F8A7
:10124000143504F5555393ED0A7B8DED067B00F0C4
:10125000ABF980460146284600F05CFA8246894692
:101260002846414600F008FA8346284600F0DFF998
:1012700011A88DED080B00F09AF924228046002178
:1012800013A807F0CBFE0A9B0021B3EB0800D3F7AD
:10129000A9FB0C9BCDE90A01B3EB0B0010EB0A0094
:1012A00049F10001D3F7A6FBDDE90823D3F7D0FB12
:1012B00002460B46DDE90A01D3F712FA08F094F86A
:1012C000D3F798FB3CA3D3E90023D3F7C1FBDDE9B7
:1012D0000623D3F7E7FCD3F775FE3A4B1C9008EED4
:1012E000100A13A911A81D9300F073F900283FF408
:1012F000DDAE17A9284600F06CF900283FF4D6AE01
:10130000D6F8A4340133C6F8A43411A800F04CF97F
:101310008046284600F048F996F82835984544D18B
:1013200096F8293583420BD104F5525383ED348A64
:10133000404505D104F55254B1EE488A84ED348A13
:101340008DF86D00D6F860358DF86C8013A898473D
:10135000ACE6069B19F801AF1BB1089B53453FF45F
:1013600012AF5146284600F0D5F908433FF40BAFC1
:1013700011AB5A465146204600F09CF800283FF435
:1013800002AF11A800F01FF9B0427FF6FCAE19F8C9
:10139000102C0F9011A80E9200F011F90E9A0F9BCD
:1013A000824204BFD0461E46EDE69842C8D196F868
:1013B00029354345BDE700BF0000004A78DEB14152
:1013C00080CAFFFF9A99193E30B5002485B0CDE957
:1013D0000244DDE90845CDE90045FFF749FE05B0C7
:1013E00030BD38B5E02204460D46002107F016FE58
:1013F00005F5FA75012384F8DD3084F8A93020461C
:10140000C4F8D4504FF4FA71FEF7AEF804F11C00A2
:101410004FF4FA71FEF7A8F804F1B0004FF4FA7136
:10142000FEF7A2F804F138004FF4FA71FEF79CF8C9
:1014300004F154004FF4FA71FEF796F804F17000CD
:101440004FF4FA71FEF790F804F18C004FF4FA7142
:10145000BDE83840FEF788B8D0F8D4308B4223D2AC
:1014600090F8DC3090F8A8209A4209D080F8A83093
:1014700000220023C0F8AC30A0F8CC20C0F8D03057
:1014800090F8DD3090F8A9209A4207D080F8A93072
:101490000023A0F8CC300023C0F8D030C0F8D8101A
:1014A00001F5FA71C0F8D41070474FF45252002180
:1014B00007F0B4BD2DE9F84399465A6000238846E9
:1014C000064601461F464FF0FF3408780D4608B324
:1014D00091F808C0C44519D0486890423CBF1F46E7
:1014E00002460133102B01F55271EED1631C4FF40B
:1014F000527214D0E4B2544335190021284607F043
:101500008DFD012385F8088033550020C9F800506F
:10151000BDE8F883B4F1FF3F08BF1C46E1E757433D
:10152000F5190021284607F079FD012385F8088088
:10153000F355EAE770B55A6000F552550246107847
:10154000144610B1167A8E4205D002F55272AA42A4
:10155000F5D1002420461C6070BD30B5002300F595
:1015600052549A4208DD057815B1057ACD540133FD
:1015700000F55270A042F4D1D8B230BD70B5A3F5D9
:10158000FA6300F552550024A2420BDD06782EB115
:1015900046689E4282BF067A0E55013400F55270AD
:1015A000A842F1D1E0B270BD0368187A70470368B1
:1015B000D3E9060170470368D3E904017047036863
:1015C00093F8200070470368586870470068283017
:1015D000704710B5036842689C6BA2F5FA629442AA
:1015E00008DD0C60DA6B4A601A6C8A605B6CCB6059
:1015F000012010BD0020FCE7D0E900329A6383EDA2
:101600000F0AC3ED100A83ED111A704730B51D465D
:10161000D0E900311446C3E90645DDE90345C3E9D5
:1016200004459DF8142083F82020596030BD0068DF
:101630002830FDF759BAF0B50468002504F5E477C1
:101640004FF0180C0CFB05F617F806E08E450ED18E
:10165000A1194068D1F8D84184420BD9D1E9744529
:10166000C2E9004591F8C9211A700120F0BD013589
:10167000102DE7D10020F9E71FB50DF1070302AAED
:10168000FFF7D9FF20B1DDE9020105B05DF804FBE9
:1016900000200021F9E7F0B5D0E9004600202546FA
:1016A0004FF0FF3C074695F8C8E18E450DD0D5F8C0
:1016B000D8E1E64538BF074600F1010038BFF446DF
:1016C000102805F11805EED13846182505FB004015
:1016D000C0E974231E369DF8143080F8C81180F8D4
:1016E000C931C0F8D861F0BDF0B5D0E900060024DA
:1016F00000F5C075D0F8D871B74206D990F8C87116
:101700001F5590F8C971175501341830A842F1D10E
:101710000C60F0BDF0B50368002203F148051826FF
:1017200006FB02F42F5D8F4207D123444268996D76
:10173000914205D9D3E91401F0BD0132102AEFD14D
:1017400000200021F8E7F0B5D0E90046002025464A
:101750004FF0FF3C074695F848E08E450DD0D5F890
:1017600058E0E64538BF074600F1010038BFF446AF
:10177000102805F11805EED13846182505FB004064
:10178000C0E9142306F5FA6680F848108665F0BDB6
:1017900000230F4A43608360C360036180ED000A49
:1017A000C0ED050A80ED061AC0ED071A80ED082A83
:1017B00042638363C0ED0F2A80F85C1031B1F0EE14
:1017C000630AB0EE430A4030FDF7DABD704700BF50
:1017D00000409C4510B52DED048BD0ED007A77EEDE
:1017E000C07A0446F0EE408AC0ED017A61B19FED07
:1017F0004B7AF4EEC77AF1EE10FA79DD9FED487A74
:1018000077EEC77AC4ED017A94ED057A9FED459A9B
:1018100067EE877A94ED027AC4ED097A38EEC77ADA
:1018200037EE898AF1EE477A51B1DFED3F6AB4EEC7
:10183000E67AF1EE10FA67D59FED397A77EEC77A3E
:1018400094ED0F7A94F85C3087EE870A1BB104F1AF
:101850004000FDF79FFDB4EE400AF1EE10FA84ED72
:10186000040AD4ED077A68BF9FED2E0A94ED017A41
:1018700094ED0D1A68BF84ED049A60EE277A94ED1A
:10188000030AC4ED0B7A37EE888AD4ED0F7AA7EEFF
:10189000270AB5EE401AF1EE10FA84ED030A05D0DE
:1018A000F1EE410AFDF7CCFD84ED030AD4ED067A92
:1018B00094ED007A94ED0E1A60EE277A94ED080A02
:1018C000C4ED0A7A20EE077A77EE887AB5EE401AF0
:1018D000F1EE10FA37EE270A84ED0C7A03D0F1EE20
:1018E000410AFDF7ADFDC4ED028ABDEC048B10BDCD
:1018F0009FED0D7AF4EEC77AF1EE10FA84D59FEDE4
:10190000087A77EE877A7DE7DFED046AB4EEE67A4F
:10191000F1EE10FA94DDDFED027A8FE70000344338
:101920000000B44300000000000034C380ED0D0A45
:1019300070470023436080ED020AC3600361704773
:1019400080ED000A704780F85C1011B14030FDF75F
:1019500017BD704703B97047F0EC017AB1EC017A1A
:1019600077EE877A013BE2EC017AF3E7DFED067A66
:1019700012B9C3ED007A7047F0EC016AB1EC017A5C
:10198000013AE6EE877AF3E70000000002B97047FB
:10199000F0EC017A67EE807A013AE1EC017AF5E742
:1019A00003B97047F0EC017AB1EC017A77EEC77AAF
:1019B000013BE2EC017AF3E79FED1E7A1E4AF5EE59
:1019C000007AE0EE077ABDEEE77AF5EEC07A17EE20
:1019D000103AF1EE10FA48BF03F1FF3307EE103A68
:1019E000B8EEC77A37EEC70A9FED147A20EE070AE1
:1019F000FCEEC07A17EE903A9BB2B3F5007F28BF99
:101A0000002307EE903A28BF30EE470AF8EE677AD7
:101A100002EB830130EE670A91ED017AF7EE007A6E
:101A200077EEC07A20EE070A91ED007AA7EE870ADA
:101A3000704700BF83F9223ED0170408000000441D
:101A4000DFED1D7A9FED1D7A1D4A20EE270AFDEE7F
:101A5000C07AB5EEC00A17EE903AF1EE10FA48BF20
:101A600003F1FF3307EE903AF8EEE77A30EE670ABB
:101A700020EE070AFCEEC07A17EE903A9BB2B3F55F
:101A8000007F28BF002307EE903A28BF30EE470AB8
:101A9000F8EE677A02EB830130EE670A91ED017A86
:101AA000F7EE007A77EEC07A20EE070A91ED007A21
:101AB000A7EE870A704700BF83F9223E000000446A
:101AC000D01704082DE9F04F8DB0436803934B689D
:101AD0000493B0F800A04288049902905346002471
:101AE00000264FF07E5C5BBB9100081D0990D00082
:101AF00004300A900398DDF810C0DFED707A0844D6
:101B0000059048420890039801901F461046BC007B
:101B10000B94039C04EB870458BB012B00F0CA8094
:101B2000F5EE407AF1EE10FA40F0C480029949686F
:101B300002FB0AF29A4240F0B3806FF00400B9E071
:101B40000D46204670B901EB84000146013B41F887
:101B500004CB9F003D1D05440846A84206D13944E8
:101B60000134C0E745F8046B0138EBE740F8046B3B
:101B7000F3E7019DD5ED007AF5EE407A7E1CF1EE9B
:101B800010FA079622D1DDF814E001264CE0089DFA
:101B900001EB0E0808EB0509D9ED007AF5EE407A65
:101BA000F1EE10FA3ED0019B8046DEF80090D3F8AB
:101BB00000B04EF804BBB8F1010843F8049BF4D11F
:101BC00006FB01C61346E64613BB0123019DD5ED76
:101BD000007A0646AE46DEED006A86EEA77A013E42
:101BE000AEEC017AF7D11646E64626BB8500DDF855
:101BF00010E00695564526D1099C019D079F254476
:101C00000195059C0A9D2C4401388C4405947EE77F
:101C1000D6F80080DEF8009046F8049B013B4EF8B1
:101C2000048BD1E70136C64606EB0708C245AED89D
:101C3000012BCAD081E7DEED006A86EEA77A013E6D
:101C4000AEEC017AD1E7BE4206D1069D2C440B9D35
:101C50008E442C440136CDE7D4ED007ADDF804B093
:101C6000A146804699ED007AFBEC016AA6EEE77A80
:101C7000B8F10108A9EC017AF4D1069DF1462C4493
:101C80009046E346B8F1000FE1D099ED007AFBEC05
:101C9000016AA6EEE77A08F1FF38A9EC017AF1E7CC
:101CA000F1EC017AF5EE407AF1EE10FA01D1013350
:101CB00040E700200DB0BDE8F08F00BF000000003D
:101CC0002DE9F04703464568B3F802E04B88D1F8A8
:101CD0000490008852684FEA8E0A9B004C681646B2
:101CE00009F104071A44DFED0E7AF446A846BCF168
:101CF000000F0BD1E6EC017A96423C4607F104074F
:101D0000F1D101385544E9D1BDE8F08794ED007A6E
:101D1000F8EC016A1C44E6EE877A0CF1FF3CE6E73A
:101D2000000000000388426840884968584300B9B1
:101D30007047F2EC017A67EE807A0138E1EC017AC3
:101D4000F5E7F0B502884B68458844684FEA820C95
:101D5000AF0003EB820219462846264620B9043319
:101D600093423C44F7D1F0BD56F804EBC1F800E0D3
:101D700001386144F2E7000082B09FED0A7A0191D8
:101D80000B464BB9DDED017AF8EE677AC7EE276AAC
:101D9000C2ED006A02B07047F0EC017A013B37EE09
:101DA000277AEEE70000000013B5144601AA00F000
:101DB00011F89DED017AB5EEC07AF1EE10FAACBFE4
:101DC000F1EEC77ADFED027AC4ED007A02B010BD01
:101DD00000000000012910B522D99FED137A0446B6
:101DE0000B46F4EC017A013B37EE277AF9D107EE86
:101DF000901AF8EE677ADFED0C6A87EE276A0139F0
:101E0000B0EC017A37EE467AE7EE076AF7D1B7EE23
:101E1000007A77EEC77A86EEA77A82ED007A10BD57
:101E20009FED017AF9E700BF0000000038B52020DF
:101E300000F012FB044628B1002540F8045B00F0D6
:101E4000FBF82577204638BD2DE9F843DDF82090D2
:101E50000D4617469846064628B9394939484FF481
:101E6000A472FCF777FDB5F1807F2DD33449364855
:101E700040F24912FCF76EFD02F034F940B9B9F1B5
:101E8000000F05D02E49314840F24D12FCF762FD9B
:101E900001F0B0FC346805EA0403B8F1000F1AD170
:101EA000DBB9B9F1000F1CD0391E18BF012109069A
:101EB000B8F1000F01D041F080614A462943301D3E
:101EC00001F024FF00240EE0002DD5D11C4920484C
:101ED0004FF4A572CEE79D42E3D117B124EA050382
:101EE00033604FF0000901F031FDB9F1000F1CD053
:101EF00048B94FF0E0234FF08052C3F8042DBFF3F0
:101F00004F8FBFF36F8F02F0E9F9830104460AD4C3
:101F100000F040F9346805EA0403B8F1000F07D176
:101F200043B900F059F924F07F442046BDE8F88316
:101F30009D42F6D1002FF4D024EA05053560F0E784
:101F400040EA030895EA0308A1EA0308EFEA030858
:101F5000DAEA030870B50C46054628B90C490D4865
:101F600040F2DF12FCF7F6FCB4F1807F05D308499C
:101F700009484FF4F072FCF7EDFC00F00BF92E6805
:101F800026EA04042C6000F027F9304670BD00BF3B
:101F900040EA030895EA030845EB03082DE9F04100
:101FA0000D46044628B91C491C4840F21F22FCF784
:101FB000D1FCB5F1807F05D3174919484FF4087259
:101FC000FCF7C8FC01F016FC236820692B4304F1E0
:101FD0000C0623600025B042216807D121EA0501E3
:101FE000216001F0B3FC2068BDE8F081D0E9002851
:101FF00022F07F4312F0806F03EA010702D11FB97C
:102000004046E8E7BB42FBD1D20141F0007148BF36
:102010001D4301F00DFFF3E740EA030895EA0308CA
:102020007CEB0308FFF7BABF13460A460146014896
:1020300002F06EBE2520030800F108034FF0FF32C6
:10204000C0E902234360036100230360704700235B
:102050000361704743684B609A688A605160996079
:102060000861036801330360704730B50C68631C76
:102070000AD103695A684A6091608B6059600861AF
:1020800003680133036030BD00F108021346526853
:102090001568A542FAD9EDE7D0E9011203698A6013
:1020A000416851605A68824204BF82685A600022C7
:1020B00002611A68013A1A60186870470848006897
:1020C000006880F308884FF0000080F3148862B63F
:1020D00061B6BFF34F8FBFF36F8F00DF00BF00000B
:1020E00008ED00E0DFF80C00016841F470010160C8
:1020F0007047000088ED00E007B5002301930B4B0B
:102100001B68013304D00A490A48E522FCF722FC87
:102110004FF05F0383F31188BFF36F8FBFF34F8FCF
:10212000019B002BFCD003B05DF804FB881C002051
:10213000B1EB0308E1EB03084FF0807340F8043C77
:10214000074B40F80C3C21F001016FF0020340F80E
:10215000081C40F8202C40F8243C4438704700BF4D
:10216000F92003080000000000000000000000004B
:10217000074B19680868B0E8F04F80F30988BFF38F
:102180006F8F4FF0000080F311887047AFF300802D
:10219000305A01204FF05F0383F31188BFF36F8F34
:1021A000BFF34F8F094A13680133012B13600BD122
:1021B0004FF0E023D3F8043DDBB22BB104490548CE
:1021C0004FF4D272FCF7C6BB704700BF881C0020DA
:1021D000B1EB0308FBEB030810B5084C23682BB9DF
:1021E0000749084840F2AB12FCF7B4FB2368013BF7
:1021F00023600BB983F3118810BD00BF881C002039
:10220000B1EB030830EC0308000000000000000000
:10221000EFF30980BFF36F8F154B1A681EF0100F94
:1022200008BF20ED108A20E9F04F106009B44FF08C
:102230005F0080F31188BFF34F8FBFF36F8F01F002
:102240007FFC4FF0000080F3118809BC1968086812
:10225000B0E8F04F1EF0100F08BFB0EC108A80F30A
:102260000988BFF36F8F7047AFF30080AFF3008032
:10227000305A012008B54FF05F0383F31188BFF394
:102280006F8FBFF34F8F01F0C3FA28B14FF0E023F7
:102290004FF08052C3F8042D002383F3118808BD4A
:1022A0004FF0E02300221A619A61024A5A61072224
:1022B0001A6170473F90020037B54FF0E023D3F822
:1022C000002D314B9A4205D1304931484FF4967276
:1022D000FCF740FB4FF0E023D3F8002D2D4B9A4242
:1022E00005D12A492C4840F22D12FCF733FB2B4B29
:1022F0001A78D2B20192FF221A701B78284ADBB2F8
:102300008DF803309DF8033003F05F03137007234B
:102310009DF80320120603F1FF312CD4214A1B0241
:1023200003F4E0631360019B1C4A4FF0E024DBB22E
:102330001370D4F8203D43F47F03C4F8203DD4F853
:10234000203D43F07F43C4F8203DFFF7A9FF164B23
:1023500000251D60FFF7C6FED4F8343F43F040432C
:10236000C4F8343FFFF7AAFE01F0EAFBFFF7C4FE12
:10237000284603B030BD9DF803305B00DBB28DF81A
:1023800003300B46C4E700BF71C20F41B1EB030835
:1023900042EC030870C20F4165EC030800E400E062
:1023A00070E300206CE30020881C002008B5EFF3E8
:1023B00005830F2B0BD90F4A9B5C0F4A12789A4268
:1023C00005D90E490E484FF43F72FCF7C3FA4FF09F
:1023D000E0230C4AD3F80C3D126803F4E063934207
:1023E00007D9BDE80840054907484FF44372FCF798
:1023F000B1BA08BDF0E300E070E30020B1EB0308E0
:1024000088EC03086CE30020B2EC030810B5104B15
:102410001A461B688342FBD354681119884201BFD6
:102420004168104609195160446801198B420DD169
:10243000084909688B4204D05B68234443601368F1
:1024400019680160904218BF106010BD1946F8E786
:102450008CE3002088E300202DE9F843044601F0D6
:10246000C9F94549454D0B68FBB9454A454E5007EA
:102470001FBF0732444B22F007029B1A08BF47F2E6
:1024800030531344083B23F0070300207060326090
:10249000C3E90000981AC2E900300B603B4B18609A
:1024A0003B4B18604FF000432B602B681C4207D059
:1024B00001F04CFADFF79EFD00273846BDE8F883AF
:1024C000002CF5D004F1080662071CBF26F00706B1
:1024D0000836002EECD0DFF8B880D8F80030B342D0
:1024E000E6D3284B1C686268B24202D22268002AF6
:1024F0003ED10A68A242DBD022681F681A60636876
:102500009B1B102B07F1080711D904EB060919F0E2
:10251000070F04D01F492048C522FCF71BFA636847
:102520009B1BC9F8043048466660FFF76FFF1749E8
:102530006268D8F8003008689B1A834238BF0B6085
:10254000C8F800302B681343144A636000232360EB
:1025500013680133136001F0F9F9002FAAD07B074B
:10256000ABD00C490E484FF48372FCF7F3F9A4E7A3
:1025700023461446B7E700BF88E3002074E3002039
:1025800094E300208CE30020C458012080E3002065
:1025900084E30020F4EC030821ED03087CE3002031
:1025A00062ED030838B50446002834D01A4D50F8BF
:1025B000042C2B681A4205D1184919484FF48D7222
:1025C000FCF7C8F954F8083C2BB11449154840F2FF
:1025D0001B12FCF7BFF954F8043C2A6813421AD0C6
:1025E00054F8081CB9B923EA020344F8043C01F08A
:1025F00001F90D4A54F8043C1168A4F108000B4499
:102600001360FFF703FF094A136801331360BDE845
:10261000384001F09BB938BD74E30020F4EC0308A6
:10262000A8ED0308D9ED030884E3002078E3002037
:10263000014B1868704700BF84E3002010B50446C2
:10264000FFF7A8FDA46BFFF7C7FDB4FA84F04009BB
:1026500010BD70B51646026C856B044642B906681B
:102660009EB9806801F096FDA6600135A56370BD36
:102670006EB94068D1F714FF6368226C1344A268F6
:102680006360934224BF236863600020EDE7C06865
:10269000D1F706FF226CE36851429B1A2268E3607F
:1026A00093423EBFA3685B18E360022EEDD10DB1EB
:1026B000013DEAE72846D8E7034610B41A6C0846FD
:1026C00062B1DC68A1189C68D960A14228BF196872
:1026D0005DF8044B28BFD960D1F7E2BE5DF8044B2A
:1026E000704770B50446FFF755FD94F8455004F166
:1026F00024066DB2002D01DD636AB3B9FF2384F8AF
:102700004530FFF769FDFFF745FD94F8445004F1AB
:1027100010066DB2002D01DD23697BB9FF2384F81B
:102720004430BDE87040FFF757BD304601F03EFB36
:1027300008B101F00BFC013D6DB2DBE7304601F062
:1027400035FB08B101F002FC013D6DB2E2E700008B
:1027500038B50D46044628B91B491C4840F20D12F5
:10276000FCF7F8F8FFF716FDD4E90F312268626034
:102770004B43D0185B1A1A44A060FF230020A063CB
:10278000E26084F8443084F84530A5B9236973B118
:1027900004F1100001F00AFB48B14FF0E0234FF0C4
:1027A0008052C3F8042DBFF34F8FBFF36F8FFFF735
:1027B00013FD012038BD04F11000FFF73DFC04F1CA
:1027C0002400FFF739FCF2E7F9ED030814EE0308E3
:1027D000F7B50D4616461C46074628B91D491E4842
:1027E0004FF4A472FCF7B6F82CB91A491B484FF401
:1027F000A672FCF7AFF82EB95DB11649184840F241
:10280000511204E02DB9134916484FF4A872FCF791
:10281000A1F850230193019B502B05D00D4912487C
:1028200040F25912FCF796F8019B7CB10121002D72
:1028300008BF2646C4E90F7584F846102660204676
:10284000FFF786FF9DF8203084F84C30204603B017
:10285000F0BD00BFF9ED03081CEE03083EEE0308CF
:102860008CEE030854EE0308C4EE0308F8B50D46D9
:102870001746064628B9164916484FF4C372FCF7A6
:1028800069F805FB06F44DB1B4FBF5F3B34205D08E
:102890000F4911484FF4C772FCF75CF804F150007F
:1028A000FFF7DAFD044670B1002380F8463065B1C9
:1028B00000F15003C4E90F65236001212046FFF7B2
:1028C00047FF84F84C702046F8BD0346F2E700BF8E
:1028D000F9ED03081CEE0308DFEE03082DE9FF41C4
:1028E0000E4601921D46044628B95749574840F202
:1028F0000932FCF72FF83EB9236C2BB152495448EA
:1029000040F20A32FCF726F8022D08D1E36B012BC6
:1029100005D04D494F4840F20B32FCF71BF801F04F
:10292000E1FB38B9019B2BB147494B4840F20E32CD
:10293000FCF710F80027B846FFF72CFCA26BE36BFE
:102940009A4221D2A36C4FF0604243F48073D3606B
:1029500031462A462046FFF77CFE636A1BB104F12C
:10296000240001F023FA48B14FF0E0234FF08052E9
:10297000C3F8042DBFF34F8FBFF36F8FFFF72CFC0D
:10298000012004B0BDE8F081022DDBD0019B4BB9E2
:10299000FFF722FCA36C4FF0604243F40073D36056
:1029A0000020EEE717B902A801F088FAFFF714FC3F
:1029B00000F020FFFFF7EEFB94F84430FF2B08BF38
:1029C00084F8448094F84530FF2B08BF84F8458094
:1029D000FFF702FC01A902A801F07CFA68BBFFF72F
:1029E000D9FBA26BE36B9A4214D1FFF7F5FBA36C02
:1029F0004FF0604243F48063D360019904F110000A
:102A000001F068F92046FFF76CFE00F09FFF48B127
:102A1000012791E7FFF7E0FB2046FFF762FE00F099
:102A200095FFF5E74FF0E0234FF08052C3F8042DF7
:102A3000BFF34F8FBFF36F8FEAE72046FFF751FEDA
:102A400000F084FFA6E700BFF9ED030814EE0308C9
:102A50002EEF03087EEF0308EFEA030813B5002208
:102A60000B46009011460120FFF7B2FE044638B134
:102A7000002383600360C3601A461946FFF72EFFE8
:102A8000204602B010BD10B5024600210120FFF71C
:102A9000EDFE044638B1002383600360C3601A462C
:102AA0001946FFF71BFF204610BD00002DE9F84333
:102AB000894617461E46044628B92B492B4840F242
:102AC000DD32FBF747FFB9F1000F07D1236C2BB1C3
:102AD0002549274840F2DE32FBF73CFF022E08D1A1
:102AE000E36B012B05D02049224840F2DF32FBF78F
:102AF00031FFFFF75BFCEFF311884FF05F0383F3C7
:102B00001188BFF36F8FBFF34F8FA26BE36B9A42B5
:102B100001D3022E26D194F84550A36B6DB23246F4
:102B200049462046FFF795FD6B1C0ED1636A3BB109
:102B300004F1240001F03AF910B10FB101233B6018
:102B4000012088F31188BDE8F8837F2D05D106495F
:102B500009484FF48D62FBF7FDFE01356DB284F834
:102B60004550EDE70020ECE7F9ED030814EE03080B
:102B70002EEF03087EEF0308C5EF0308F8B50E46F5
:102B8000044628B9254926484FF49162FBF7E2FE36
:102B9000236C2BB12149234840F28C42FBF7DAFE2B
:102BA00023683BB9A3682BB11C491F4840F29142EE
:102BB000FBF7D0FEFFF7FAFBEFF311874FF05F034F
:102BC00083F31188BFF36F8FBFF34F8FA36BE26B5B
:102BD0009A4221D994F845200133FF2A55B2A363C4
:102BE0000DD1636A3BB104F1240001F0DFF810B1AC
:102BF0000EB101233360012087F31188F8BD7F2DCA
:102C000005D1064909484FF4A262FBF7A3FE01353E
:102C10006DB284F84550EEE70020EDE7F9ED0308CA
:102C200014EE0308DEEF0308F7EF0308C5EF03080F
:102C30002DE9FF410D460192044628B9484949480B
:102C400040F22C52FBF786FE3DB9236C2BB1444970
:102C500045484FF4A662FBF77DFE01F043FA38B910
:102C6000019B2BB13E49414840F23552FBF772FEC1
:102C70000027B846FFF78EFAA66BE6B12946204634
:102C8000013EFFF719FDA663236973B104F110003B
:102C900001F08CF848B14FF0E0234FF08052C3F8B8
:102CA000042DBFF34F8FBFF36F8FFFF795FA01200D
:102CB00004B0BDE8F081019B1BB9FFF78DFA00203D
:102CC000F6E717B902A801F0F9F8FFF785FA00F066
:102CD00091FDFFF75FFA94F84430FF2B08BF84F8AA
:102CE000448094F84530FF2B08BF84F84580FFF7F7
:102CF00073FA01A902A801F0EDF830BB2046FFF7F6
:102D00009DFCE0B1A36C4FF0604243F44073D3608C
:102D1000019904F1240000F0DDFF2046FFF7E1FCFB
:102D200000F014FE48B94FF0E0234FF08052C3F892
:102D3000042DBFF34F8FBFF36F8F01279AE7204613
:102D4000FFF7CFFC00F002FEF7E72046FFF7C9FCD3
:102D500000F0FCFD2046FFF771FC0028EDD0AEE747
:102D6000F9ED03085EF003086AF00308EFEA0308D0
:102D7000F0B585B00446019128B95849584840F249
:102D8000BE52FBF7E7FD236C2BB15449554840F286
:102D9000C252FBF7DFFD01F0A5F938B9019B2BB159
:102DA0004E49514840F2C752FBF7D4FD00252F464B
:102DB0002E46FFF7EFF9A36BE3B1013BA363236852
:102DC00013B901F097FAA060236973B104F1100000
:102DD00000F0ECFF48B14FF0E0234FF08052C3F811
:102DE000042DBFF34F8FBFF36F8FFFF7F5F901206D
:102DF00005B0F0BD019B53B92DB138493B4840F2B5
:102E00000D62FBF7A7FDFFF7E7F90020F0E717B920
:102E100002A801F053F8FFF7DFF900F0EBFCFFF731
:102E2000B9F994F84430FF2B08BF84F8446094F853
:102E30004530FF2B08BF84F84560FFF7CDF901A9A5
:102E400002A801F047F880BB2046FFF7F7FB30B33C
:102E5000A36C4FF0604243F44073D36023683BB9E6
:102E6000FFF798F9A06801F04DF90546FFF7B4F9AE
:102E7000019904F1240000F02DFF2046FFF731FCFA
:102E800000F064FD48B94FF0E0234FF08052C3F8E2
:102E9000042DBFF34F8FBFF36F8F012789E72046C3
:102EA000FFF71FFC00F052FDF7E72046FFF719FC83
:102EB00000F04CFD2046FFF7C1FB0028EDD0002DAF
:102EC000A3D0FFF767F9616A19B1236B1968C1F1E3
:102ED0000601A06801F0ACF995E700BFF9ED030821
:102EE0005EF00308DEEF0308EFEA0308BDF0030815
:102EF000F0B585B00D460192044628B945494648CB
:102F000040F29762FBF726FD3DB9236C2BB1414996
:102F1000424840F29B62FBF71DFD01F0E3F838B92F
:102F2000019B2BB13B493E484FF4D462FBF712FDA5
:102F300000263746FFF72EF9A36BDBB12946204662
:102F4000E668FFF7B9FB636AE66073B104F1240039
:102F500000F02CFF48B14FF0E0234FF08052C3F84F
:102F6000042DBFF34F8FBFF36F8FFFF735F90120AB
:102F700005B0F0BD019B1BB9FFF72EF90020F7E764
:102F800016B902A800F09AFFFFF726F900F032FC0C
:102F9000FFF700F994F84430FF2B08BF84F8447021
:102FA00094F84530FF2B08BF84F84570FFF714F9FB
:102FB00001A902A800F08EFF00BB2046FFF73EFBF0
:102FC000B0B1019904F1240000F084FE2046FFF71F
:102FD00088FB00F0BBFC48B94FF0E0234FF0805273
:102FE000C3F8042DBFF34F8FBFF36F8F0126A1E706
:102FF0002046FFF776FB00F0A9FCF7E72046FFF735
:1030000070FB00F0A3FC2046FFF718FB0028EDD072
:10301000B4E700BFF9ED03085EF003086AF00308A7
:10302000EFEA03082DE9F84389469046044628B99B
:103030002549264840F22C72FBF78CFCB9F1000FB1
:1030400007D1236C2BB12049214840F22D72FBF7A8
:1030500081FCFFF7ABF9EFF311874FF05F0383F3C8
:103060001188BFF36F8FBFF34F8FA66B4EB394F8E9
:10307000445049466DB22046FFF71EFB013E6B1CD3
:10308000A66311D1236953B104F1100000F08EFE44
:1030900028B1B8F1000F02D00123C8F80030012098
:1030A00087F31188BDE8F8837F2D05D106490948CB
:1030B0004FF4EE62FBF74EFC01356DB284F84450DC
:1030C000EDE73046ECE700BFF9ED030814EE030826
:1030D000DDF0030828F1030810B5044628B90649B5
:1030E000064840F2BE72FBF735FCFFF753F8A46BBD
:1030F000FFF772F8204610BDF9ED030815EE03083E
:1031000010B5044628B90649064840F66E12FBF78A
:1031100021FCE06BA36BC31A5842584110BD00BF9D
:10312000F9ED030814EE030830B5074A002352F8FE
:10313000335002EBC3041DB942F83310606030BD58
:1031400001330A2BF3D1FAE7C458012070B50446C5
:103150000D461646FFF71EF894F84430FF2B04BFC7
:10316000002384F8443094F84530FF2B04BF00233B
:1031700084F84530FFF730F8A36B2BB93246294667
:1031800004F1240000F0F0FD2046BDE87040FFF798
:10319000A8BA00002DE9F0410446FEF7FBFF304BD2
:1031A000304E1A68304F01321A603568002D4BD10D
:1031B00034601B68012B1FD1B84640460135FEF72D
:1031C0003BFF062D08F11408F7D1DFF8C480274D26
:1031D0004046FEF731FF2846FEF72EFF2448FEF753
:1031E0002BFF2448FEF728FF2348FEF725FF234B3B
:1031F000C3F80080224B1D60224A234913680868E7
:1032000001331360E26A23640123934003431420D3
:103210000B6000FB0270211DFEF71CFFFEF7DCFFB8
:103220001A4B1B6873B13368DA6AE36A9A4209D2AF
:103230004FF0E0234FF08052C3F8042DBFF34F8FBF
:10324000BFF36F8FBDE8F081104B1B68002BD3D10B
:103250003368DA6AE36A9A4298BF3460CCE700BF09
:1032600044590120305A0120B859012090590120B9
:103270007459012060590120485901208C590120BE
:1032800088590120285901203C5901203859012032
:10329000A4590120F8B51A4B1A4D1C680646286837
:1032A00004300F46FEF7F8FE40B92A681649D06A86
:1032B0000B680122824023EA02030B60731C07D1D2
:1032C00037B129681148BDE8F8400431FEF7C2BEA5
:1032D0002B68A4195C6007D30D4B18682968BDE8FA
:1032E000F8400431FEF7C1BE0A4B18682968043162
:1032F000FEF7BBFE084B1A68A24288BF1C60F8BDEF
:1033000040590120305A01203C59012048590120E0
:10331000885901208C59012024590120064A13683C
:103320001968064B19B94FF0FF321A6070471268DE
:10333000D2681268F9E700BF8C5901202459012096
:1033400010B590F85D3004463BB9006BFFF72AF9E1
:103350002046BDE81040FFF725B9012BF9D0022B1C
:1033600007D0BDE810400349034840F67A72FBF7E6
:10337000F1BA10BD41F103085CF1030880B50D4CB2
:103380000D4F0E4D236813B9F2F7F2FDF9E7FEF782
:1033900001FFFB68DE68301DFEF77EFE2B68013BF7
:1033A0002B602368013B2360FEF716FF3046FFF7D2
:1033B000C7FFE7E75C59012060590120445901200B
:1033C0002DE9F047DDE909949600324607460D469F
:1033D000206BA521984605F021FE236B043E1E4478
:1033E00026F00706B5B36B1E04F13302093513F856
:1033F000011F02F8011F09B1AB42F8D1002384F884
:103400003D30089D052D28BF05254FF0000AE562D7
:10341000A564201DC4F84CA0FEF719FEC5F10605F1
:1034200004F11800FEF713FEC4E914AA2461A56193
:103430006462C4F858A084F85CA04246394630461D
:10344000FEF77AFE2060B9F1000F01D0C9F8004004
:10345000BDE8F08784F83450D3E700002DE9F0434D
:1034600087B0DDE90F9405460E4617469846B9F138
:10347000000F05D11B491C4840F24322FBF76AFAB2
:103480002CB9184919484FF41172FBF763FA6023FD
:103490000593059B602B05D0124915484FF4137214
:1034A000FBF758FA059BCCB1B9F1000F16D00223F7
:1034B00084F85D3004ABC4F8309001930E9B009308
:1034C0002846029443463A463146FFF779FF2046A4
:1034D000FFF760FE049807B0BDE8F0830023049373
:1034E000F8E700BF41F10308A2F10308B9F10308AE
:1034F000CEF103082DE9F043074685B090008846D9
:1035000016469946FEF7A8FF054620B94FF0FF3052
:1035100005B0BDE8F0836020FEF79EFF044698B139
:10352000002380F85D300D9B056301930C9B029096
:10353000009332464B4641463846FFF741FF20464E
:10354000FFF728FE0120E3E72846FFF72BF8DDE729
:1035500070B50446284DFEF71DFE04B92C68261DE3
:103560003046FEF799FD60B9E06A244A14234343CC
:10357000D35833B9224901220B68824023EA02035F
:103580000B60A36A1BB104F11800FEF785FD1D4A0C
:103590001368013313602B68A34223D11A483146C4
:1035A000FEF758FD194A136801331360FEF714FE45
:1035B000174B1B68ABB12B68A34212D1154B1B688C
:1035C0002BB11549154840F2CD42FBF7C3F94FF036
:1035D000E0234FF08052C3F8042DBFF34F8FBFF3A9
:1035E0006F8F70BD0E4A13682046013B1360FFF7D2
:1035F000A7FEFFF793FED9E7305A0120B859012002
:103600003C59012028590120605901205C590120B2
:10361000385901201C59012041F10308E7F1030842
:1036200044590120F8B5044628B91849184840F211
:103630006452FBF78FF9174B1B68A34220D0FEF7AB
:10364000A9FD154B65691F68144B1E68FEF7C4FD84
:10365000BD4217D0B54215D0114B9D4208D1A36A87
:1036600083B994F85C30012B0CBF02200320F8BD15
:103670000C4B9D4208D0002D0CBF04200120F6E722
:103680000020F4E70220F2E70420F0E741F103080C
:1036900001F20308305A01208C5901208859012079
:1036A000485901206059012070B5044628B91E49C7
:1036B0001E484FF4E862FBF74DF91D4D2B68A342FD
:1036C00030D07CB3FEF766FD62691A4B9A4225D171
:1036D000A36A194A934221D003BB261D3046FEF748
:1036E000DBFC1649E26A08680123934003430B6040
:1036F000134B142000FB02303146FEF7ABFC2B6865
:10370000E26ADB6A9A4209D34FF0E0234FF080521D
:10371000C3F8042DBFF34F8FBFF36F8FBDE8704028
:10372000FEF75ABD70BD00BF41F1030807F2030860
:10373000305A012048590120745901203C59012078
:10374000B859012010B588B0002407AA06A905A819
:10375000CDE90544F1F79EFE059B0293069B079A6F
:103760001B491C48CDE900432346FFF777FE1A4B5F
:10377000186058B301F0A4F801281CD14FF05F0382
:1037800083F31188BFF36F8FBFF34F8F134B4FF04D
:10379000FF321A60124B1860124B1C60E2F7B8F847
:1037A000114B1B685A6B4FF060435A6008B0BDE87C
:1037B0001040FEF781BD013008D10C490C4840F69D
:1037C0002A0208B0BDE81040FBF7C4B808B010BD2D
:1037D00015F203087D3303082059012024590120E4
:1037E0003859012040590120305A012041F1030885
:1037F0001AF20308024A136801331360704700BFCE
:103800001C590120014B1868704700BF4059012026
:103810002DE9F74F404B4FF06042196891603F4AE5
:103820001268002A71D11C6801341C60A4B93C4D97
:103830002B681B682BB13B493B4840F6AC22FBF799
:1038400089F83A4B2A68196829601A60384A13685F
:1038500001331360FFF762FD364E374F3368DFF8F0
:10386000E4809C424FF000050AD3DFF8B4B0DFF8E3
:10387000D8A0DBF800301B68A3B94FF0FF333360EA
:10388000D8F80030DB6A14225343F8582B4B1B68DE
:10389000012898BF002B14BF01200020284303B04B
:1038A000BDE8F08FDBF80030DB68D3F80C90D9F876
:1038B0000420944201D23260E2E709F10403184681
:1038C0000193FEF7E9FBD9F828201AB109F1180095
:1038D000FEF7E2FBD9F82C00DAF80010012303FA16
:1038E00000F20A43CAF80020142209F1040102FB85
:1038F0000070FEF7AFFBD8F80010D9F82C20CB6A87
:103900009A4228BF45F00105B3E70D4A1368013319
:1039100013600020C3E700BF405901201C5901205B
:103920008C59012041F103084BF20308885901200A
:103930002C59012024590120B85901203059012067
:1039400034590120305A01203C5901202DE9F84317
:10395000304C23682BB93049304840F69902FAF7C9
:10396000F9FFFEF717FC2368013B236024682CB1A4
:103970000024FEF731FC2046BDE8F883284B1B6885
:10398000002BF5D0274D284EDFF8AC801FE0EB6808
:10399000DC6804F1040904F11800FEF77DFB4846D9
:1039A000FEF77AFBE26A3168012707FA02F3142076
:1039B0000B4300FB028049463360FEF74BFB1B4B79
:1039C000E26A1B68DB6A9A4201D3194B1F602B68BD
:1039D000002BDCD10CB1FFF7A1FC164D2C6844B1D3
:1039E000134E0127FFF714FF00B13760013CF9D1F6
:1039F0002C600F4B1B68002BBAD04FF0E0234FF028
:103A00008052C3F8042DBFF34F8FBFF36F8F012493
:103A1000AFE700BF1C59012041F1030876F203080B
:103A200044590120745901203C590120305A012089
:103A30003059012034590120B859012038B50C46BD
:103A4000054628B91C491D4840F2E242FAF782FFB8
:103A50002CB919491A4840F2E342FAF77BFF194B97
:103A60001B682BB11449184840F2E442FAF772FF80
:103A7000FFF7C0FE154B2A68186814192CBF0121E6
:103A8000002182420FD979B92C60FFF75FFF48B956
:103A90004FF0E0234FF08052C3F8042DBFF34F8F57
:103AA000BFF36F8F38BD09B9A042EDD22C60002161
:103AB000201AFFF7EFFBE8E741F103088BF2030858
:103AC0009EF203081C590120E7F103084059012028
:103AD00010B5044650B94FF0E0234FF08052C3F8C0
:103AE000042DBFF34F8FBFF36F8F10BD094B1B68C1
:103AF0002BB1094909484FF4A762FAF72BFF0021BF
:103B00002046FFF777FEFFF7C5FBFFF71FFF0028F2
:103B1000E1D0EAE71C59012041F10308E7F103086D
:103B200038B50D46044608B9044B1C68FEF732FB55
:103B30002565BDE83840FEF74FBB00BF305A012075
:103B400070B5254B1A68254B12B101221A6070BD61
:103B50001A60E1F73FFF224A2249106013680C689F
:103B6000214DA34205D916682868436D1B1B3344B9
:103B7000436513680B602A682B6812681B6B9A42B6
:103B800004D8286829683431DEF756FA174B1C68C8
:103B9000B4FA84F4E4B2C4F11F041423144E634352
:103BA000F3582BB91349144840F6E732FAF7D2FE1E
:103BB00014235C433219083453685B68536026440D
:103BC000B34204BF5B685360DB682B602B685A6BA1
:103BD0004FF060435A60BAE71C5901203059012068
:103BE0001459012018590120305A01203C59012054
:103BF000B859012041F10308B6F2030870B5044634
:103C00002B4DFEF7C7FA04B92C68261D3046FEF787
:103C100043FA60B9E06A274A14234343D35833B9BF
:103C2000254901220B68824023EA02030B60A36A44
:103C30001BB104F11800FEF72FFA31461F48204E41
:103C4000FEF708FA94F85C30012B04BF002384F8D7
:103C50005C30FEF7C1FA33682BB1FEF79BFAFFF731
:103C60005DFBFEF7B9FA2B68A34214D133689BB110
:103C7000144B1B682BB11449144840F2EC62FAF75C
:103C800069FE4FF0E0234FF08052C3F8042DBFF3DC
:103C90004F8FBFF36F8F70BD084A11680C4A1268CE
:103CA000914201D12B60F6E7BDE87040FFF748BFB5
:103CB000305A0120B85901203C59012048590120AF
:103CC000385901201C59012041F10308E7F103088C
:103CD0004459012038B50D46044628B90849094819
:103CE00040F60142FAF736FE074B196820461831B4
:103CF000FEF7BBF928460121BDE83840FFF7CABAF4
:103D000041F10308FDF20308305A012070B50C465A
:103D10001646054628B90F490F4840F61442FAF7EF
:103D200019FE0E4B1B682BB90A490D4840F6184284
:103D3000FAF710FE0B4B1A68196844F00044284645
:103D400094611831FEF786F930460121BDE87040D4
:103D5000FFF7A0BA41F10308FDF203081C59012046
:103D600009F30308305A012070B50E461446054683
:103D700028B90B490B484FF44362FAF7EBFD0A4BA5
:103D8000196828461831FEF765F9002C21460CBF4A
:103D900030464FF0FF30BDE87040FFF77BBA00BF00
:103DA00041F10308FDF20308305A012038B5C36819
:103DB000DC682CB9164917484FF44662FAF7CAFD79
:103DC00004F118052846FEF767F9134B1B68E3B9A1
:103DD000251D2846FEF760F91049E26A08680123AC
:103DE000934003430B600E4B1420294600FB023026
:103DF000FEF730F90B4BE26A1B68DB6A9A4283BF1D
:103E0000094B01201860002038BD08482946EFE71B
:103E100041F1030823F303081C5901203C590120F8
:103E2000B8590120305A012030590120745901201D
:103E300070B51A4B1B6804460D462BB91849194832
:103E400040F69842FAF786FD45F000452560E568A2
:103E50002DB9134914484FF44A62FAF77BFD204606
:103E60002E1DFEF719F93046FEF716F90F49EA6ADA
:103E70000868012404FA02F303430B600C4B14207E
:103E800000FB02303146FEF7E5F80A4BEA6A1B6890
:103E9000DB6A9A4284BF084B1C6070BD1C5901202C
:103EA00041F1030832F3030823F303083C590120CE
:103EB000B8590120305A012030590120034B1B68AA
:103EC0000360034B1B684360704700BF2C590120FF
:103ED0004059012070B50D46044628B916491748C7
:103EE00040F6DB42FAF736FD2DB91349144840F687
:103EF000DC42FAF72FFDFEF74DF9124B19682B68DB
:103F00005A1C17D01048266800686268864208D09C
:103F10008A4206D800232B600124FEF75DF9204673
:103F200070BD881A8342F5D95B1A13442B60204672
:103F3000FFF7C4FF0024F0E741F1030852F3030840
:103F40005CF30308405901202C590120014B012248
:103F50001A6070473059012070B50D461646044668
:103F600008B91A4A14682C6004F134026A60E26AE3
:103F70002A61226BEA61226CAA60A26C6A61626D9E
:103F8000AA61052B1BD0114A1268A2420BD1002353
:103F90002B7336B1216B00228B5CA52B14D0C2F39E
:103FA0008F062E8470BD032B2B73F2D1FFF722FCFA
:103FB000A36A0BB102232B73FFF7C8FCE9E7204685
:103FC000FFF730FB2873E4E70132E5E7305A0120C0
:103FD0002DE9F84F0D6806460C46174615B34B6899
:103FE0005968616004F10808414504BFE1686160F7
:103FF000D1F80C9000254FF0240A6368596861607D
:10400000884504BFD8F804106160D1F80CB03B4675
:104010000AFB056101225846FFF79EFFD94505F1CD
:104020000105EAD12846BDE8F88F00002DE9F047E8
:104030001746FFF7DFFB224B1B688B4205463DD836
:10404000DFF890904FF0060800244FF0140A242661
:1040500008F1FF3806FB045001220AFB0891FFF724
:10406000B7FF0444B8F1000FF2D1164B06FB045021
:1040700019680222FFF7ACFF134B0444196806FBD2
:1040800004500222FFF7A4FF044406FB04500F492A
:104090000422FFF79DFF044406FB04500C49032251
:1040A000FFF796FF05462FB92C44FFF74FFC20463B
:1040B000BDE8F087E1F78EFC3860F5E70024F4E70F
:1040C000445901208C590120885901206059012050
:1040D00048590120B8590120014B1868704700BFAA
:1040E000305A0120054B1B6833B1054B1868B0FAF4
:1040F00080F0400940007047012070473859012086
:104100001C590120F8B50446002830D01E4DC36A62
:104110002A68D26A93422FD282691C4E002AA1BF1C
:104120002A68D26AC2F106028261142202FB03638A
:1041300042699A421CD1071D3846FDF7ADFF144A6B
:1041400030B9E06A13680121814023EA010313605A
:104150002B681168D86AE062012383400B43136027
:104160001423394603FB0060FDF774FF0120F8BDFE
:104170002B68DB6AC362F9E72B68806CDB6A9842C4
:104180002CBF00200120F2E7305A0120B85901204D
:104190003C59012038B5044608B9002038BD1E4BF3
:1041A0001B68834205D01D491D4841F22D02FAF7D4
:1041B000D1FBE36C2BB919491A4841F22E02FAF7E8
:1041C000C9FBE36CE16AA26C013B9142E364E4D079
:1041D000002BE2D1251D2846FDF75EFF124A30B9BB
:1041E000E16A13680120884023EA00031360A36C8E
:1041F000E362C3F10601A1611168012404FA03F02E
:1042000008431060094A142000FB03202946FDF7EB
:1042100021FF2046C2E700BF305A012041F10308C8
:104220006AF3030880F303083C590120B8590120C0
:10423000F8B50D460446002842D0C36C2BB921497D
:10424000214841F27D02FAF785FBA36C9D4238BFFD
:104250001D46E36AAB4233D0E36C012B30D11B4BDC
:104260001B68A34205D11749194841F29802FAF791
:1042700071FBA269E36AE562002AA4BFC5F10605E5
:10428000A561144D142202FB035362699A4217D1AF
:10429000271D3846FDF700FFE66A0F4B0122B240AA
:1042A00018B91C6824EA02041C601C6822431A60C6
:1042B0001420394600FB0650BDE8F840FDF7CABEA1
:1042C000F8BD00BF41F1030880F30308305A012014
:1042D00095F30308B85901203C590120044B1A6892
:1042E000196890691A68CB6AC3F106039361704735
:1042F000305A0120044B1A681AB11968CA6C01328D
:10430000CA641868704700BF305A01202DE9F04197
:1043100088461746044628B11E491F4841F24222EA
:10432000FAF718FB1D4DFDF735FF04F116062B6853
:1043300053F8263093B92B682344012183F85C108D
:1043400067B13846FEF7A6FF4FF0E0234FF08052EA
:10435000C3F8042DBFF34F8FBFF36F8FFDF73CFF02
:10436000FDF718FF2B6853F8267037B12B68B8F1AA
:10437000000F0CD0002243F826202B682344002293
:1043800083F85C20FDF728FF3846BDE8F0817A1EEF
:10439000F1E700BF41F10308ABF30308305A0120F5
:1043A0002DE9F843DDF82080894617461E4604466D
:1043B00028B12849284841F28C22FAF7CBFA274D38
:1043C000FDF7E8FE2B68234493F85C30022B1BD0EA
:1043D0002B6803EB8403996D21EA090199652B6829
:1043E0002344012183F85C10B8F1000F0CD0404643
:1043F000FEF750FF4FF0E0234FF08052C3F8042D3A
:10440000BFF34F8FBFF36F8FFDF7E6FEFDF7C2FEE0
:104410002EB12B6804F1160253F8223033602B685A
:10442000234493F85C30022B01BF2B6803EB840319
:1044300001269A6D04BFBA439A652B6823444FF056
:10444000000218BF002683F85C20FDF7C5FE304649
:10445000BDE8F88341F10308ABF30308305A0120AB
:104460002DE9F041069E0546174698460C4629B1AF
:104470003849394841F2E422FAF76CFA2DB9354946
:10448000364841F2E522FAF765FAFDF783FE26B1D8
:1044900004F1160355F8233033602A19022392F8E9
:1044A0005C6082F85C30F6B2B8F1040F45D8DFE802
:1044B00008F0080339403E0005EB8404A36D3B433C
:1044C000A365012E28D12C1D2046FDF7E5FD244AC9
:1044D000EB6A11689E400E431660224A142000FBCE
:1044E00003202146FDF7B6FDAB6A2BB119491E48E2
:1044F00041F22932FAF72EFA1C4BEA6A1B68DB6A92
:104500009A4209D94FF0E0234FF08052C3F8042DAE
:10451000BFF34F8FBFF36F8F0124FDF75DFE204681
:10452000BDE8F08105EB8404A36D0133C8E7022EDA
:104530000ED0163445F82470C3E70D4B1B68002BD2
:10454000BFD004490B4841F21A32FAF703FAB8E730
:104550000024E2E741F10308E1F3030819F403083A
:104560003C590120B859012046F40308305A012073
:104570004059012027F403082DE9F0470C46DDE9F6
:10458000088691469A46054628B94349434841F270
:104590006132FAF7DFF92CB13F49414841F262320A
:1045A000FAF7D8F9FDF702FFEFF311874FF05F0339
:1045B00083F31188BFF36F8FBFF34F8FB8F1000FF4
:1045C00005D004F1160355F82330C8F800302B1934
:1045D000022293F85C8083F85C205FFA88F8BAF1D5
:1045E000040F47D8DFE80AF009033A423F0005EB21
:1045F0008404A36D43EA0903A365B8F1010F28D130
:10460000AB6A2BB12449274841F2B432FAF7A2F938
:10461000254B1B68002B38D12C1D2046FDF73CFD97
:104620002249EA6A08680123934003430B60204B48
:104630001420214600FB0230FDF70CFD1D4BEA6AF9
:104640001B68DB6A9A4204D9012306B133601A4A17
:104650001360012087F31188BDE8F08705EB84041F
:10466000A36D0133C8E7B8F1020F12D0163445F834
:104670002490C2E7114B1B68002BBED0064910489E
:1046800041F2A932FAF766F9B7E70E4805F11801C9
:10469000D2E70020DEE700BF41F1030819F4030868
:1046A000E1F3030846F403081C5901203C5901209A
:1046B000B8590120305A01203059012040590120B9
:1046C00027F4030874590120F8B50D461646044630
:1046D00028B92B492B4841F2E832FAF73BF92DB1C2
:1046E0002749294841F2E932FAF734F9FDF75EFE2D
:1046F000EFF311874FF05F0383F31188BFF36F8FE0
:10470000BFF34F8F6319022104EB850593F85C20FA
:1047100083F85C10AB6D012A03F10103AB6527D16F
:10472000A36A2BB11649194841F20F42FAF712F960
:10473000174B1B68FBB9251D2846FDF7ADFC154935
:10474000E26A08680123934003430B60124B142074
:10475000294600FB0230FDF77DFC104BE26A1B6826
:10476000DB6A9A4204D9012306B133600C4A136014
:1047700087F31188F8BD0B4804F11801EBE700BF7F
:1047800041F1030819F40308E1F3030846F40308B0
:104790001C5901203C590120B8590120305A0120F0
:1047A000305901207459012038B504460D4629B10D
:1047B0000C490D4841F23F42FAF7CCF80CB90B4BCB
:1047C0001C682C44FDF7E6FC94F85C300020022BBA
:1047D0000ABF84F85C0004460124FDF7FDFC204676
:1047E00038BD00BF41F1030884F40308305A0120AA
:1047F00070B50E461546044608B9074B1C6804EB15
:104800008604FDF7C7FCA66DA36D23EA0503A36527
:10481000FDF7E2FC304670BD305A0120914208B5E8
:10482000416000610AD8D21A83699A420DD2084BBE
:10483000011D1868FDF719FC002008BD9A4201D23D
:10484000994202D2034B011DF3E70120F5E700BFB7
:10485000D05B0120D45B0120F7B5114CFDF79AFC29
:104860002568BDB90F4F104E3846FDF7E5FB3046C1
:10487000FDF7E2FB0D4B0E4A1F600E4B10211E6030
:1048800014200D4B0095FDF7A3FF206010B10B49DC
:10489000FEF74AFC03B0BDE8F040FDF79DBC00BF49
:1048A000CC5B0120EC5B0120D85B0120D45B0120B4
:1048B000845A0120D05B0120345A0120BBF4030844
:1048C00030B589B0FFF7C8FF124B1B68CBB100258C
:1048D00007AA06A905A8CDE90555F0F7E7FD059B50
:1048E00002930124069B0193079A0B490B480094FD
:1048F0002B46FEF7B3FD0A4B186010B1204609B0F5
:1049000030BD0848084940F20D12FAF723F800209C
:10491000F5E700BFCC5B0120C0F40308F14A0308AF
:10492000C85B0120E4F40308C8F403082DE9F04152
:1049300080462C200D4616461F46FDF78DFD044689
:10494000D8B1002380F828302DB90D490D4840F228
:104950005F12F9F7FFFFFFF77FFF069BC4F80080A7
:10496000C4E906572362201DFDF771FB2EB194F8B0
:10497000283043F0040384F828302046BDE8F08155
:10498000C8F40308ECF403082DE9F3411F462C2377
:104990000193019B099C2C2B80460D46164605D0A1
:1049A000174918484FF49F72F9F7D4FF019BFCB1E7
:1049B000022384F828302DB91149134840F25F12C0
:1049C000F9F7C8FFFFF748FF089BC4F80080C4E967
:1049D00006572362201DFDF73AFB2EB194F82830CC
:1049E00043F0040384F82830204602B0BDE8F0818B
:1049F000034906484FF4A272F9F7ACFFF4E700BF91
:104A0000C8F4030808F50308ECF4030823F50308C9
:104A10002DE9FF410C4617461E46054628B91349A5
:104A200013484FF4C172F9F795FFDFF84880D8F8C2
:104A3000000090B1052CCDE90047029510DCFFF78E
:104A400051FB0346022B4FF00003D8F800000CBFC7
:104A50000A9A1A466946FDF741FF04B0BDE8F081A5
:104A6000002332466946FEF721F8F6E7C8F403084A
:104A700031F50308CC5B0120F7B5194D2B681A6896
:104A80002AB9184A11682960136003B0F0BDDB68C9
:104A9000DC681E68271D3846FDF7FEFA236A2046AB
:104AA000984794F828305B07E8D5A36933449E42C1
:104AB00006D22868636024613946FDF7D6FADDE73F
:104AC00000230093324619462046FFF7A1FF002835
:104AD000D4D10549054840F2A932F9F73BFFCDE7AB
:104AE000D45B0120D05B0120C8F4030838F503082B
:104AF0002DE9F04FDFF8E88187B04FF0000AD8F8D1
:104B00000030D3F800B0BBF1000F2CD0DB68D3F835
:104B100000B000246D4FDFF8CC91FEF76BFEFEF77E
:104B200071FE3B68984205461FD33860002C44D084
:104B3000674B1B681C68B4FA84F46409D9F8000058
:104B40002246ABEB0501FEF701FBFEF7FFFE88B93D
:104B50004FF0E0234FF08052C3F8042DBFF34F8F86
:104B6000BFF36F8F06E00124D4E7FFF785FF3D60B8
:104B7000FEF7ECFED9F80000002202A9FEF758F873
:104B80000028BCD0029B0498002B44DB049C636982
:104B9000002B47D1FEF736FE3B689842054601D20E
:104BA000FFF76AFF029B3D60092BE3D8DFE803F0C3
:104BB0003E3E3E676E853E3E676E8345BED8FEF73D
:104BC000C5FED8F80030DB68DE68301DFDF764FAFA
:104BD00096F82830580719D5B1695B462A465944DA
:104BE0003046FFF71BFE68B1009423465A46214623
:104BF0003046FFF70DFF28B9364937484FF40572A4
:104C0000F9F7A8FE336A30469847B3E723F001036B
:104C100086F82830F6E7039B05999847029B002BFE
:104C2000A8DBB3E7201DFDF737FAB3E794F8283087
:104C3000A16943F0010384F82830039B2A461944F4
:104C40002046FFF7EBFD002894D0236A20469847C2
:104C500094F8283059078DD5A2690399CDF800A0A2
:104C600000230A4420461946FFF7D2FE002881D1CE
:104C70001849194840F23632F9F76CFE7AE794F891
:104C8000283023F0010384F8283073E794F82830A3
:104C900043F0010384F82830039BA3612BB90D492D
:104CA0000E4840F24F32F9F755FEA1692B462A46CD
:104CB00029442046FFF7B2FD5CE794F828309A07B4
:104CC000DFD42046FDF76EFC54E700BFC45B012033
:104CD000D05B0120C8F4030838F5030840F5030849
:104CE000D45B0120CC5B012010B5044628B90649ED
:104CF000064840F20A42F9F72DFEFDF74BFAE46947
:104D0000FDF76AFA204610BDC8F4030831F5030820
:104D10001FB514461A466FF00103CDE9003005486F
:104D2000CDE90214002369460068FDF7BFFE04B018
:104D300010BD00BFCC5B012082684368006813444B
:104D4000181A824298BF801A70470000F8B50D46C5
:104D500004465521284617461E4604F05FF9854251
:104D600005D00949094840F20652F9F7F3FD24221B
:104D70000021204604F052F9C4E902769DF818306B
:104D8000A5612377F8BD00BF65F5030888F5030822
:104D90002DE9F8430446884616462AB91C491D48A1
:104DA00040F27D42F9F7D6FD6568A368A3EB0509DB
:104DB000B1454F4628BF3746EA19934205D21449F8
:104DC000154840F28742F9F7C5FDA0693A464146C9
:104DD0002844CFF765FBB14510D2A368A6EB0709BD
:104DE000994505D90A490D4840F28F42F9F7B2FDBD
:104DF000A0694A4608EB0701CFF752FBA368354488
:104E0000AB4298BFED1A65603046BDE8F88300BF3D
:104E100065F50308D0F50308E6F503081EF6030858
:104E200093422DE9F84328BF1346044688461E46A0
:104E30006BB305688368A3EB0509B1454F4628BFEE
:104E40003746BA4205D21349134840F2BD42F9F73A
:104E500081FDA268EB19934205D90E490F4840F233
:104E6000BE42F9F777FDA1693A4629444046CFF79B
:104E700017FBB14505D2A169F21B08EB0700CFF77C
:104E80000FFBA3683544AB4298BFED1A256030464E
:104E9000BDE8F88365F5030853F603086DF60308CB
:104EA000012AF7B504460E4622D104281AD9012753
:104EB000B44204D212491348F422F9F74BFD04F12D
:104EC0002500FDF7C9FA054648B1012E3346009783
:104ED00038BF0123621C00F12401FFF737FF284689
:104EE00003B0F0BD06490848EB22F9F733FDDEE7D1
:104EF00020B903490548F122F9F72CFD0027D7E72F
:104F000065F50308EDF60308A5F60308D8F60308CF
:104F100038B50C46054628B90749084840F2C3127F
:104F2000F9F718FD012CAB6838BF0124A34226BF56
:104F3000EC600120002038BD65F5030814F7030874
:104F400010B5044628B9084908484FF4F072F9F73B
:104F500001FDA3682068626818440138801A834202
:104F600098BFC01A10BD00BF65F5030814F7030809
:104F70002DE9FF41044615461F460E4629B9294929
:104F8000294840F29E22F9F7E5FC2CB9254927482B
:104F900040F29F22F9F7DEFC204694F81C80FFF7D0
:104FA000CFFF039568B1237FDB070FD4854294BF01
:104FB000039503903146039A2046FFF7E9FE064623
:104FC00080B90026304604B0BDE8F08108F0010841
:104FD00005EB8805A842F4D3042203A92046FFF775
:104FE000D7FEE7E72046FFF7A7FEE3689842E9D33C
:104FF000EFF311884FF05F0383F31188BFF36F8FD6
:10500000BFF34F8F23694BB10025206901970095AD
:105010002B462A462946FFF7AFFA256188F3118807
:10502000D0E700BF65F5030823F7030814F703086A
:105030002DE9FF47044617469A46884629B937495D
:1050400037484FF44172F9F785FC2CB9334935489C
:1050500040F20532F9F77EFC267F06F001094E4644
:10506000B600BAF1000F4ED0FDF794F82046FFF7D6
:1050700063FE864205462BD2FDF7AEF8B9F1000F6C
:105080000ED02B46042203A920462668FFF7C8FE4F
:10509000039B9F42A5F104053ABF266000271F46E7
:1050A0002B463A4641462046FFF7BAFE054680B3F6
:1050B000FEF7A0FB636943B10026606900963346A2
:1050C00032463146FFF7CCF96661FEF73FFC21E03E
:1050D00000210846FFF768FB23692BB10F491248EE
:1050E0004FF44A72F9F736FCFEF7F6FF2061FDF740
:1050F00073F800231A4619461846CDF800A0FFF7AA
:105100004FF9002323612046FFF716FE864205462D
:10511000B4D30025284604B0BDE8F08765F5030840
:1051200079F7030814F7030882F70308704730B5CE
:10513000D508012402F00702415D04FA02F21BB116
:105140001143C9B2415530BD21EA0201FAE710B559
:105150000023DC0041FA04F4C45401339A42F8D12C
:1051600010BD1FB504230093002203AB102101F0F2
:10517000B5F99DF80F309DF80E201B0143EA12137C
:1051800000EE103AB8EEC00A05B05DF804FB00006E
:1051900008B560EEA00A2DED028B012880EE200AF2
:1051A00007BFDFED118A9FED118ADFED118A9FEDB8
:1051B000118A01F0EFFAF2EE047AB0EE407AB0EE26
:1051C000480A97EE270ADFED0C7AB4EEE70AF1EE13
:1051D00010FA82BFDFED097A70EE277AA7EEA80AEF
:1051E000BDEC028B08BD00BF6D5615403D8AE34201
:1051F0006D56953FE17AF3420000B0C20000B04224
:1052000010B50E4A01600E490023C0E90A12044697
:10521000436080F8273080F83030037380F85C30CA
:1052200005224FF480413830FFF791FF054BC4E968
:105230001033C4E91233C4E9143310BD040500016E
:10524000080102052D510308F0B585B0002504269C
:105250000446022703AB2A46009636210395ADF893
:105260000A5001F03BF90DF10A032046009706228F
:105270002D2101F033F901238DF80C3003238DF833
:105280000D3080238DF80B302A4603AB2046009664
:1052900036218DF80A5001F05AF90DF10A03062261
:1052A000204600972D2101F052F923682046DB6843
:1052B00005219847009603AB2A46362120468DF8F3
:1052C0000C508DF80D7001F042F905B0F0BD0022D0
:1052D000114601F032B9000010B500222621044623
:1052E00001F02BF920F47F5343F4AA532046002207
:1052F000262101F05DF900223621204601F01DF93A
:10530000002240F404033621204601F051F92046E2
:105310004FF488732822362101F04AF92046074BC2
:105320002822362101F044F920464FF48873BDE865
:1053300010402822362101F03BB900BF10010F00B8
:105340007FB5002604230D460093324603AB362179
:105350000446039601F0C2F8F5B9236829469B6814
:10536000204698479DF80D308DF80C5023F001032E
:105370008DF80D3001230093204603AB0022362127
:1053800001F0E5F804230093002203AB3621204608
:1053900001F0DDF804B070BD012D0DD12368314658
:1053A0009B68204698479DF80C3023F0030343F098
:1053B00001038DF80C30DDE7022DDBD123680121DC
:1053C0009B68204698479DF80C3023F0030343F078
:1053D0000203EEE730B585B0042503AB009500224B
:1053E0003621044601F07AF89DF80F30009523F03D
:1053F00010038DF80F30204603AB0022362101F058
:10540000A6F89DF80F30009543F010038DF80F308B
:10541000002203AB3621204601F099F805B030BDDB
:1054200007B50421009100F11103002201F056F8A4
:1054300003B05DF804FB07B50421009100F11103EE
:10544000002201F084F803B05DF804FB07B50523E2
:105450000093002200F11D030F2101F03FF803B07B
:105460005DF804FB07B504230093002200F10D034F
:10547000032101F033F803B05DF804FB07B5042302
:105480000093002200F10D03032101F060F803B046
:105490005DF804FB07B504230093002200F1150317
:1054A0000E2101F01BF803B05DF804FB07B50423DF
:1054B0000093002200F115030E2101F048F803B01B
:1054C0005DF804FB07B504230093002200F11903E3
:1054D0001F2101F003F803B05DF804FB07B50423B6
:1054E0000093002200F119031F2101F030F803B0EE
:1054F0005DF804FB07B505230093002200F12203A9
:10550000082100F0EBFF03B05DF804FB07B50523AD
:105510000093002200F12203082101F018F803B0E3
:105520005DF804FB1FB50223ADF80E1000930022B6
:105530000DF10E030C21044601F009F8BDF80E3000
:10554000003B18BF01231C22042104F11100FFF7C6
:10555000EEFD04B010BD0B46002204211130FFF710
:10556000E6BD0B46032204211130FFF7E0BD0B46D8
:10557000062204211130FFF7DABD81F001030C226D
:1055800004211130FFF7D3BD0B460922042111304D
:10559000FFF7CDBD0B461D2204211130FFF7C7BD1B
:1055A0000B46072204211530FFF7C1BD10B50B468D
:1055B0000D2204211530FFF7BAFDBDE810400E2280
:1055C0000421FFF7B4BD10B50B461530122205219A
:1055D000FFF7ADFD0F220521FFF7A9FD0C220521E4
:1055E000FFF7A5FD10220521FFF7A1FD1A220421D6
:1055F000FFF79DFDBDE810401D220421FFF797BD78
:1056000010B50B46112204211530FFF790FDBDE8BF
:10561000104015220421FFF78ABD0B460A220421FF
:105620001530FFF784BD0B46032204211530FFF728
:105630007EBD0023C0F81530704707B54021002219
:105640000346017204210091A0F80920C27202737E
:1056500008330D2100F07BFF03B05DF804FB7FB53C
:10566000042603AB009600223621044600F036FFE4
:10567000012300258DF80C30204603AB0096002254
:10568000362100F064FF2A4603AB204600963621FF
:105690008DF80F5000F05BFF23682046DB680A217D
:1056A0009847F0238DF80F302A4603AB3621204669
:1056B00000968DF80C5000F04AFF2046FFF7BDFF22
:1056C00004B070BD37B504460021FFF739FE2368EA
:1056D0002046DB680521984723681B692046002B7C
:1056E00043D098472046FFF7F2FD224B98423FD126
:1056F0004FF0FF33C4F80D3004230022002500933F
:10570000032104F10D03204600F021FF2946204625
:10571000C4F81150FFF731FF01212046FFF734FF95
:105720002046FFF788FE2046FFF783FFFFF7BEFE07
:1057300001212046FFF704FE23680521DB6820468F
:1057400098472046FFF780FD23680521DB68204647
:10575000984702212046FFF7F3FD23682046DB68C7
:1057600005219847284603B030BDFFF778FFB9E719
:105770000120F8E73001CADE13B50446002294F890
:105780002F30083083F001030421FFF7D0FC637A47
:1057900043F00103637204230093002203460D21AA
:1057A000204600F0D4FE02B010BD13B50446FFF74A
:1057B000ADFE94F82F3004F1080083F001030022BD
:1057C0000421FFF7B4FC237A43F00203237204237D
:1057D0000093002203460D21204600F0B8FE94F805
:1057E00030304BB10023A36020460123237302B065
:1057F000BDE81040FFF7C0BF94F8313003B101237A
:10580000237302B010BD10B50446FFF716FF204603
:10581000FFF728FE2046FFF703FE2046FFF752FE63
:105820002046FFF767FE2046BDE81040FFF732BE76
:1058300080F831100B46072204210830FFF777BCAF
:1058400080F82E1081F00103122204211130FFF79D
:105850006EBC10B586B002A981E80C00037B022B58
:1058600004461CD1037A43F0040303720298CDF876
:1058700013000A799DF814108DF8172021F001010A
:105880008DF8141005210DF113030022009120461C
:105890000A218DF8132000F05AFE06B010BD012B2E
:1058A000FBD1437A43F002034372DFE730B590F84F
:1058B0002330C27C01F0030523F07C0343EA451347
:1058C00085B0044680F82330C37E35B942F04002EB
:1058D000C27443F03203402207E022F04002022D5E
:1058E000C27412D103F0CD030822E37601238DF8B0
:1058F0000F20009300220DF10F032121204600F01C
:1059000026FE84F82A5005B030BD012D43F0320345
:10591000E1D11022E9E790F8243001F0030123F0EF
:1059200003030B4380F82430C37E80F8291023F052
:105930000C0343EA8103C376704790F8243001F0EA
:105940000F0123F03C034A1E10B543EA81030C2AE1
:1059500012D8DFE802F0130F111113111111071102
:1059600011110700102280F8243080F8282080F8D8
:105970002B1010BD2022F6E74022F4E70822F2E7C0
:10598000C27C00290CBF0023032322F0030280F80D
:1059900027301343C374704701F00F0101EB01136B
:1059A000437680F82D107047C37E01F01F0103F08D
:1059B0003F0343EA8113C376CB0043EA91030377A5
:1059C00080F82C10704737B50B4690F82F1002EB7B
:1059D0004105B5F5806F044614D27F2D02D990F8A9
:1059E00027207AB1009500220921204600F0AFFD62
:1059F00094F8233084F8225023F01F0343EA152340
:105A000084F8233003B030BD1FB5037B022B04465E
:105A10000AD1408CC0F3090094F82F3013B102284A
:105A200088BF023804B010BD012B09D104230093B4
:105A3000002203AB102100F051FDBDF80C00E9E796
:105A40000020E9E707B50B4622B1009211210022A0
:105A500000F044FD03B05DF804FB07B505220B46DA
:105A600000921721002200F039FD03B05DF804FB1D
:105A700090F82F20837F1AB19B1103F0010070472B
:105A80005B11FAE7C17F4A0703460ED4827FD0112B
:105A90000CD1D00609D4CA0707D493F82030981047
:105AA00040EA531000F0010070470120704790F861
:105AB000200040EA500000F0010070471FB50022AE
:105AC0000423CDF80B208DF80C30052300930F2113
:105AD0000DF10B038DF80F2000F039FD05B05DF8D6
:105AE00004FB0000024B00220F2100F061BD00BF4B
:105AF00000FF272410B50446FFF79FFD0023A36095
:105B00002046FFF7EFFF0123237310BDF823002287
:105B10000F2100F04DBD10B50446FFF78EFD0023A8
:105B2000A3602046FFF7F2FF0223237310BD00009D
:105B300010B506222DED028B1221044600F0F1FC77
:105B400008EE100A2046FFF70CFBB8EE488AF0EE8C
:105B5000400A9FED060A94F8290028EE000ABDECE1
:105B6000028BBDE81040FFF713BB00BF00000048E8
:105B700070B506460D46FFF7DBFFDFED3B7A30EEF2
:105B8000270AF6EE007A20EE670ADFED387AB0EEEB
:105B9000C07AB4EE677AF1EE10FA41D8FDEEC07A21
:105BA00017EE904A002C3CDD631C102B3CDC96F871
:105BB0002D1096F82920042901D007293AD1012A6D
:105BC00034D12B49CA5C062B0B5DD8BF5242062C40
:105BD000D8BF5B4252005B0007EE904AF8EEE77ACE
:105BE000D21A30EE670A07EE902AB8EEE77A07EE8F
:105BF000903AF8EEE77AD5E90021E0EE077A9FEDDA
:105C00001D7A67EE877A9FED1C7A67EE877AFDEE44
:105C1000E77A17EE903AD21A61EBE371C5E90021F9
:105C200070BD00231C46C2E71123FBE7022A17D1EF
:105C30001249C7E7012A09D11149CA5C092B0B5D3A
:105C4000D8BF5242092CC7DC5B42C5E7022A07D104
:105C50000C49CA5C072BD8BF52420B5D072CF2E7F8
:105C600000231A46B8E700BF00007442FFFF7F7FA1
:105C7000EC1F0408B32355436F12833ADA1F04085C
:105C800010200408FE1F040837B500230022C1E9D4
:105C9000002305230C4600930B461521054600F012
:105CA0001DFC2146284603B0BDE83040FFF760BF29
:105CB00038B50C4605460978FFF7F8FD61782846A7
:105CC000FFF729FEA178FFF738FE55236B760523F1
:105CD00085F82D306378012B08BF0421BDE83840DA
:105CE00018BF0A21FFF760BE70B5057B0446ADBB47
:105CF00001262946FFF744FEFFF7A2FD294620466C
:105D000084F82F60FFF727FC29462046FFF729FC7F
:105D100029462046FFF72BFC31462046FFF740FC82
:105D200031462046FFF742FC31462046FFF768FC2B
:105D300029462046FFF747FC29462046FFF76DFC21
:105D400029462046FFF76FFC31462046FFF722FC2C
:105D500020460349BDE87040FFF7AABF70BD00BFF1
:105D6000D71F0408F0B590F82950012D8FB00446D4
:105D70002BD1022248F670010DF10E00FFF7E7F972
:105D80009749042208A8FFF7E2F90222352104A866
:105D9000FFF7DDF994F82A60EEB916210DF1120033
:105DA000FFF7D5F9012D1ED10222872105A8FFF7A3
:105DB000CEF994F82B707B1E092B4AD8DFE803F04C
:105DC0004F491849491849494918022DD8D12A463E
:105DD00048F69B01D0E7012E01D10621DEE7022E15
:105DE000E0D10121DAE7022DE3D12A468D21DDE75A
:105DF0002EB9022264210DF11600FFF7A8F994F8DC
:105E00002830082B35D1012D2ED17649042209A83E
:105E1000FFF79DF9012F4FF002020CBF102128213E
:105E200006A8FFF794F994F82D70042F4FF00102A3
:105E300043D0072F41D0D8210DF10B00013FFFF7D0
:105E400086F9062F51D8DFE807F03A7B8DA2AA50D9
:105E5000BC00731E012BD2D802222021CBE7022ED8
:105E6000CDD132461021C6E7022DD3D15E4904229E
:105E7000CDE7102B09D1012D02D15C490422C6E7E0
:105E8000022DC7D15A490422C1E7202B09D1012D87
:105E900002D158490422BAE7022DBBD15649042247
:105EA000B5E7402BB6D1012D02D154490422AEE70B
:105EB000022DAFD152490422A9E7BC21BCE704223C
:105EC00045F640410BA8FFF742F90122C92103A87A
:105ED000FFF73DF94B4904220CA8FFF738F90122DE
:105EE0001E210DF10D00FFF732F901220D210DF1F8
:105EF0000A00FFF72CF995426BD1022241F20761AB
:105F00000DF11A00FFF723F994F82C30013B132B05
:105F100000F29180DFE813F0860086005E016601E2
:105F20006E0176017E015E0186018E0196019E0161
:105F30008F008F008F008F008E01A601A601AE0199
:105F4000314904220BA8FFF702F90122C22103A85C
:105F5000FFF7FDF82D4904220CA8FFF7F8F80122FD
:105F60002621BEE72A4904220BA8FFF7F0F80122F8
:105F7000C52103A8FFF7EBF801F10461042201F643
:105F800044710CA8FFF7E3F801225621A9E7214943
:105F900004220BA8FFF7DBF801229521D7E71E4961
:105FA00004220BA8FFF7D3F80122C02103A8FFF7B2
:105FB000CEF81A4904220CA8FFF7C9F80122A6213D
:105FC0008FE7174904220BA8FFF7C1F8012293219C
:105FD000ECE7022D98D12A4640F2076190E700BF16
:105FE00007A902252D001A316B003B3152001A33EC
:105FF000BE003B339A001A355E013B351D011A374E
:1060000096023B3707040009A05C0400080540081D
:10601000C06C0800805C0400E03F1E001D04000806
:10602000E07D1E000222002E40F0D18040F6333188
:1060300007A8FFF78CF894F85C30002B00F0228161
:10604000A16D04220AA8FFF782F81E238DF81E30E6
:1060500002230025009304220DF11E032D2120466A
:106060008DF81F5000F073FA032306222D212046DD
:1060700000F092FA012306222D21204600F08CFA2E
:10608000042300930A220DAB2D21204600F026FAAE
:106090002D212B460622204600F07EFA9DF8341072
:1060A000002940F076810122702102250DF11E00A9
:1060B000FFF74DF804260DF10E032046009504224B
:1060C000232100F044FA08AB204600960C2223213D
:1060D00000F03DFA04AB204600951222232100F087
:1060E00036FA0DF112032A4620460095272100F0CA
:1060F0002EFA05AB324620460095272100F027FAFC
:106100000DF11603204600950622272100F01FFA04
:1061100009AB204600960822272100F018FA012733
:1061200006AB204600952622272100F010FA0DF13B
:106130000A032046009740F606022E2100F007FAD7
:106140000DF11A032046009541F606022E2100F0BB
:10615000FEF907AB2046009542F604022E2100F01E
:10616000F6F90AAB2046009600221E2100F0EFF956
:106170000DF10B03204600970B22282100F0E7F9D0
:106180000BAB204600960C22282100F0E0F903AB6F
:10619000204600970B222A2100F0D9F90DF10D03BA
:1061A000204600970B222B2100F0D1F90CAB2046A2
:1061B000009607222B2100F0CAF900970DF11E036B
:1061C0000E222B21204600F0C2F90FB0F0BD45F69B
:1061D00098112DE7022216B940F63D2128E745F235
:1061E000EA1125E7022216B940F6510120E744F2F0
:1061F0008E211DE7022216B940F6A30118E744F2EA
:106200001E5115E7022216B940F2C25110E742F6BC
:1062100014610DE7022216B94FF4805108E74FF4DC
:10622000004105E7022216B940F21E5100E742F68E
:10623000F401FDE6022216B940F26661F8E643F287
:106240003231F5E6022216B940F25C71F0E643F60F
:10625000E021EDE6022216B940F2AE71E8E643F61F
:106260007051E5E6022216B94FF4D761E0E643F239
:10627000C251DDE6022216B940F6F501D8E644F235
:10628000AE71D5E6062F3FF6E0AE01A353F827F036
:10629000AD620308AD620308DB620308096303080B
:1062A000376303084B60030865630308012D08D1B9
:1062B00094F82E3004220BB13949C3E64FF0753102
:1062C000C0E6022D7FF4C1AE94F82E3004220BB14B
:1062D0003449B7E64FF06731B4E6012D08D194F8A0
:1062E0002E3004220BB13049ACE64FF06F31A9E6F5
:1062F000022D7FF4AAAE94F82E3004220BB12B4964
:10630000A0E64FF08B319DE6012D08D194F82E3098
:1063100004220BB1264995E64FF05F3192E6022D3B
:106320007FF493AE94F82E3004220BB1214989E614
:106330004FF09A3186E6012D08D194F82E300422D0
:106340000BB11D497EE64FF048317BE6022D7FF40C
:106350007CAE94F82E3004220BB1184972E64FF04F
:1063600085316FE6012D08D194F82E3004220BB14F
:10637000134967E64FF0923164E6022D7FF465AE73
:1063800094F82E3004220BB10E495BE64FF0D13168
:1063900058E601F01F01012241F0600185E600BFCF
:1063A00075553515674727076F4F2F0F8B6B4B2B95
:1063B0005F3F1F1F9A7A5A3A4828080E856545257F
:1063C00092725232D1B1715173B50446FFF756F84B
:1063D0002046FFF730F82046FFF780F82046FFF709
:1063E00095F82046FFF762F804F1380520460226AA
:1063F000FFF7B8FC2B46204600960022182100F03B
:10640000A6F800962B4641F604022E21204600F005
:106410009EF802B070BD10B50446FFF717F820468D
:10642000FFF745FB18B1636C0BB120469847637FBB
:10643000DB0907D0236C2BB12046FFF767FB236CE9
:1064400020469847A37F5A0707D5636D2BB1204696
:10645000FFF734FB636D204698472046FFF712FB99
:10646000A0B12046FFF73EFB2046FEF7B3FF236DA9
:106470000BB32046984794F83030E3B12046FFF73D
:1064800039FB2046BDE81040FFF776B9E37F9B0754
:10649000204606D5FFF726FB2046FEF79BFFE36C60
:1064A000E6E7FFF7E5FA30B1A36C23B12046FFF72A
:1064B00019FBA36CDDE710BD016470478164704770
:1064C000C16470470165704782B002A901E90C0000
:1064D000DDE90023C0E90E2302B070471FB501F0CB
:1064E0003F015AB98DF80D1001220168069C0094F5
:1064F0000C680DF10D01A04704B010BD41F0400142
:106500008DF80D10D1B2D20919BF61F07F018DF85D
:106510000F208DF80E1002221CBF8DF80E100322E2
:10652000E3E71FB5022300930DF10E03FFF7D6FF3B
:10653000BDF80E0005B05DF804FB1FB50423009301
:1065400003ABFFF7CBFF039805B05DF804FB1FB565
:106550007AB901F03F0161F07F018DF80D10012241
:106560000168069C00944C680DF10D01A04704B031
:1065700010BD61F03F018DF80D10D1B2D20919BFE5
:1065800061F07F018DF80F208DF80E1002221CBFE4
:106590008DF80E100322E3E71FB58DF80F300123AD
:1065A00000930DF10F03FFF7D2FF05B05DF804FB78
:1065B0001FB503930423009303ABFFF7C8FF05B097
:1065C0005DF804FB53EC102B002B10460BD0B3F1FD
:1065D000004F08D0104923F00042A2F5801C8C45E2
:1065E00006D80420704700280CBF02200320704703
:1065F000B3F5801F0DD303F10043B3F5801F08D31B
:10660000064B9A4201D000207047B0FA80F0400952
:1066100070470320704700BFFFFFDF7F0000F07F5F
:1066200008B52DED028BB0EE408A00F0D3FCB4EE3D
:10663000488AF1EE10FAF0EE408A0AD6B0EE480A27
:1066400000F0AEFAF7EE007AB4EEE70AF1EE10FAD7
:1066500004DCB0EE680ABDEC028B08BD02F038FE27
:10666000BDEC028B034621221A600248BDE80840B7
:1066700000F09EBA2420040808B52DED028BB0EE80
:10668000408A00F0CBFDB4EE488AF1EE10FAF0EE4D
:10669000408A0AD6B0EE480A00F082FAF7EE007A95
:1066A000B4EEE70AF1EE10FA04DCB0EE680ABDECD5
:1066B000028B08BD02F00CFEBDEC028B03462122CA
:1066C0001A600248BDE8084000F072BA24200408AD
:1066D00000F09EBE08B52DED028BB0EE408A00F0B2
:1066E0003DFFF0EE408AB0EE480A00F0E1F868B1F4
:1066F000DFED127AB4EEE78AF1EE10FA0BDCDFED93
:10670000107AB4EEE78AF1EE10FA0FD4B0EE680A10
:10671000BDEC028B08BDDFED0B8A02F0D9FDB0EEB7
:10672000680ABDEC028B2223036008BD02F0D0FD95
:106730002223DFED058A0360E8E700BF1772B1424C
:10674000B5F1CFC20000807F0000000008B52DED3C
:10675000028BF0EE408AB0EE608A00F0F7FFF4EEB4
:10676000488AF1EE10FA06D6DFED098AB4EE688A9F
:10677000F1EE10FA02D0BDEC028B08BD02F0A8FDCC
:1067800088EEA80ABDEC028B2123036008BD00BF80
:106790000000000008B52DED028BB0EE408A01F03C
:1067A0002FF9B4EE488AF1EE10FA0FD6B5EEC08A92
:1067B000F1EE10FA0AD8B5EE408AF1EE10FA08D1DF
:1067C00002F086FD22239FED090A0360BDEC028BD7
:1067D00008BD02F07DFDBDEC028B034621221A604C
:1067E0000348BDE8084000F0E3B900BF000080FFA7
:1067F0002420040808B52DED048BB0EE608AB0EEBD
:10680000409A01F05FF9B4EE488AF1EE10FAF0EE2A
:10681000408A0BD6B5EE409AF1EE10FA17D1B5EEDC
:10682000408AF1EE10FA06D1F7EE008AB0EE680A5F
:10683000BDEC048B08BDB0EE480A00F039F8002822
:10684000F4D0B5EEC08AF1EE10FAEFD525E000F0F5
:106850002FF888B1F5EE408AF1EE10FAE6D1B0EEED
:10686000490A00F025F80028E0D0B0EE480A00F010
:106870001FF80028DAD010E0B0EE490A00F018F84E
:106880000028E7D0B0EE480A00F012F80028E1D066
:10689000F4EE688AF1EE10FA04D602F019FD222314
:1068A0000360C3E702F014FD21230360BEE700BFCD
:1068B00010EE103A23F00040B0F1FF4F2CBF002043
:1068C0000120704782B08DED010A019921F000424C
:1068D000B2F1FF4F3CD2BAB311F0FF4F06EE902A4F
:1068E0003AD1DFED217A2148214B66EEA77A17EEE7
:1068F000902AA0FB020203EB520307EE103A27EEA8
:10690000076ADFED1C7ADFED1C4A9FED1C5AC6EECC
:10691000265A01F000419FED1A6ADFED1A6AE7EE90
:10692000257AC4EEA75A77EE857A77EEA57A86EEB9
:10693000270A30EE260A20EE070A10EE103A0B4323
:1069400000EE103A02B070479DED010A02B07047A8
:1069500030EE000A02B0704704480B4BA0FB020265
:1069600003EB5203C9E700BF0000804BABAAAAAA01
:10697000F2195126B0F80A3FF18E34BF5007B53FE7
:10698000DBB6CD3F6EDBB63EF219512A38B510EEBC
:10699000105A25F00044B4F1A14FF0EE407A07D32D
:1069A000B4F1FF4F55D8002D77DD9FED4E0A38BD6D
:1069B0004D4B9C425CD8B4F1445F4DD34FF0FF3354
:1069C00027EEA76A9FED495A9FED497ADFED495AB4
:1069D000DFED494A66EE066A5A1CA6EE857AE6EEB7
:1069E000A54A9FED465ADFED465AA7EE265AE4EE39
:1069F000A65A9FED447ADFED444AA5EE267AE5EEED
:106A0000A64A9FED425ADFED425AA7EE265A9FED65
:106A1000417AA4EEA67AE5EE265A27EE267AA5EE6E
:106A2000867A27EE877A3BD03B493C4A01EB8301CB
:106A3000D1ED006A37EE667A02EB8303D3ED006A8C
:106A400037EE677A002D36EEC70AB0DAB1EE400AAB
:106A500038BD30EE000A38BD9FED317A30EE077A4E
:106A6000F7EE006AB4EEE67AF1EE10FAA6DD38BD74
:106A700000F096F82B4B9C4215D8A3F5D0039C420E
:106A800026D8F0EE007ABFEE007AA0EE277A002337
:106A900030EE270AC7EE007A92E79FED230A38BD51
:106AA00037EEC70A38BD214B9C420BD8F7EE087A67
:106AB000B7EE007AA0EE277A022330EE670AC0EE26
:106AC000077A7DE7BFEE007AC7EE007A032377E707
:106AD000F7EE007A30EE677A30EE270A0123C7EE30
:106AE000007A6DE7DB0FC93FFFFFDF3ED769853CCA
:106AF00059DA4B3D21A215BD6BF16EBD356B883D5A
:106B000095879DBD6E2EBA3D388EE3BD2549123E58
:106B1000ABAAAA3ECDCC4CBE2820040838200408DD
:106B2000CAF24971FFFF973FDB0FC9BFFFFF1B4050
:106B300010EE103A184923F000428A421AD9B2F1F5
:106B4000FF4F02D330EE400A704700B583B068466D
:106B500001F05EFB00F0030001289DED000ADDED71
:106B6000010A10D0022809D090B900F08BF803B0C8
:106B70005DF804FBDFED090A00F084B800F082F84C
:106B8000B1EE400AF3E700F0FFF8B1EE400AEEE79D
:106B9000012000F0F9F8EAE7D80F493F00000000B3
:106BA00010EE103A23F0004300EE103A704700BF99
:106BB0009FED010A704700BF0000C07F10EE103A41
:106BC000194923F000428A421BD9B2F1FF4F02D388
:106BD00030EE400A704700B583B0684601F018FBFC
:106BE00000F0030001289DED000ADDED010A13D03D
:106BF00002280BD098B9012000F0C6F803B05DF868
:106C000004FBDFED0A0A002000F0BEB8012000F00E
:106C1000BBF8B1EE400AF1E700F034F8EEE700F01F
:106C200031F8B1EE400AE9E7D80F493F0000000013
:106C300010EE103A114A23F00043934218D9B3F1F1
:106C4000FF4F02D330EE400A704700B583B068466C
:106C500001F0DEFA400000F00200DDED010A9DEDDA
:106C6000000AC0F1010000F0D7F803B05DF804FBA2
:106C7000DFED030A012000F0CFB800BFDA0F493F73
:106C80000000000010EE103A23F00043B3F1485F1B
:106C90002CD2FDEEC07A17EE903A002B60D060EE59
:106CA000007A9FED317A9FED315ADFED315A9FED39
:106CB000316ADFED316AA7EE875A9FED307AE7EE51
:106CC000855AA7EEA56AA7EE867AE7EE876A67EE91
:106CD000A66A60EEC00AB6EE007AE7EEA60AB7EE44
:106CE000000AD7EE870A30EE600A704760EE007A3D
:106CF0009FED1D7A9FED1D5ADFED1D5A9FED1D6A18
:106D0000DFED1D6A1E4AA7EE875A93429FED1B7A5C
:106D1000E5EE275AA5EEA76AA6EE277AE7EE276AE0
:106D200066EEA76AD5D9174A934214D803F17F4378
:106D300007EE103AB7EE006A36EE476A60EEC00A18
:106D4000F6EE005A97EEA57AE7EEA60A37EE607ADD
:106D500036EE470A7047B6EE076AB5EE027AEDE7FF
:106D6000B7EE000A704700BF4ED747ADF6740F313B
:106D70007CF293B4010DD037ABAA2A3D610BB6BAB1
:106D80009999993E0000483F10EE103A23F00043D5
:106D9000B3F1485F04D2FDEEC07A17EE903A5BB3D0
:106DA00060EE007A9FED157ADFED155A9FED156ABA
:106DB000DFED156AE7EE875A9FED147AA5EEA76A14
:106DC00020EE275AE6EE276AA6EEA77A30B9DFED65
:106DD000106AE7EE876AA6EE850A704727EE457AC5
:106DE000F6EE006AA0EEA67ADFED0A6AD7EE270A71
:106DF000E5EE260A30EE600A704700BFD3C92E2F99
:106E0000342FD7B21BEF3836010D50B98988083CB2
:106E1000ABAA2ABEABAA2A3E08B510EE103A23F060
:106E20000042B2F1465FF0EE407A0FD2BDEEC07A7A
:106E300017EE101AF9B9431C134300F0A080012883
:106E400003D0BFEE007A87EE270A08BD50498A4278
:106E500011D39FED507ADFED506A002BBCBFF1EEED
:106E6000600AF1EE407A77EE677A36EEE07ADFED8F
:106E70004B0A77EE277A67EEA76ADFED494ADFED26
:106E8000495A9FED495A9FED496A414926EEA67A33
:106E90008A42E7EE245AA7EE056ADFED454A9FEDE8
:106EA000455AE5EE874AA6EE075ADFED435A9FEDB5
:106EB000436AE4EE875AA5EE076ADFED414A9FED8B
:106EC000415AE5EE874AA6EE075A9FED3F6ADFED8D
:106ED0003F5AA4EE876AE5EE075AB0EE467AA5EE71
:106EE000A67A27EEA65AB0EE606AA7EE056ADFED35
:106EF000384AE6EE260AE5EE240A37EEA00A20D24A
:106F00000128A2D0BFEE007AC7EE006A10EE103A58
:106F10006FF30B0306EE103A16EE903A76EE677AB0
:106F20006FF30B0300EE103AB7EE007A70EEE70A4B
:106F3000F0EE477AE6EE007AE0EE807AA7EEA60A57
:106F400008BD07EE100AB8EEC77A60EE006A30EEB0
:106F5000070A9B1786EE806A03F00203C3F1010360
:106F6000F0EE005A36EE606A06EE903A77EEC67A98
:106F7000F8EEE66AA7EEE57A26EE870A08BDFFF787
:106F80000FFEB7EE007AF0EE407A87EE270A08BDD2
:106F900040A12C3FDA0F493F682122330000000056
:106FA0005FAE9BB745F4A3388453D9377AC0953880
:106FB000C8261A3AB937813916696B3B48DEBE3AA2
:106FC000A427B33C1F37113C8988083ED10D5D3D95
:106FD000ABAAAA3E08B510EE102A22F00043B3F186
:106FE0007E5F2DED028B12D00AD8B3F17C5F16D2F2
:106FF000B3F10C5F67D8BDEC028B9FED770A08BD3B
:1070000070EE407A87EEA70ABDEC028B08BD002A1D
:1070100040F3DD80BDEC028B9FED700A08BD002AB5
:10702000C0F28E80F7EE008A38EEC00AF6EE007AE3
:1070300020EE278AB0EE480A00F084FBDFED687A84
:107040009FED687ADFED686ADFED685A9FED686A48
:10705000A8EE277ADFED677AE7EE086AE8EE067AAF
:10706000E6EE885A9FED646A9FED647ADFED646A0C
:10707000A5EE886AA7EE887ADFED627AE6EE087AF6
:1070800010EE103AE7EE086A6FF30B03B0EE677A82
:1070900007EE903AF0EE485AE7EEE75AE6EE888AB5
:1070A00030EE276A27EE087AC5EE866A87EE286AF0
:1070B000BDEC028BB0EE667AA0EE067A37EE870A58
:1070C00030EE000A08BD20EE007ADFED457A9FED34
:1070D000456ADFED456A9FED465ADFED445AA7EE5B
:1070E000276ABDEC028BE6EE076ADFED427A9FED80
:1070F000436AE7EE057AE6EE875AA7EE876A9FEDC8
:107100003E5ADFED3F7ADFED3F6AA5EE875AE6EEA5
:10711000077AE5EE076AF7EE005AE7EE875A26EEA1
:10712000877A9FED396ADFED397AC7EE256AB0EECE
:10713000467AA0EE667A30EE470A37EEC00A08BDFE
:10714000B7EE007A30EE070AF6EE007A60EE277AA4
:10715000DFED236A9FED236ADFED234ADFED245A3A
:107160009FED225A9FED278AA7EEA66ADFED216ADE
:10717000E6EE274AE7EEA56ADFED205A9FED1E6A8C
:10718000A4EEA75AE6EEA75ADFED1D6AA5EE276A20
:10719000E5EEA76AA6EE278AA6EEA77A28EE278A4A
:1071A000F0EE478AB0EE670A00F0CCFA88EE286A63
:1071B0009FED177ADFED177AA0EE067AF0EE006AFF
:1071C00037EE007AE7EE667AB0EE670A1CE7BDECB0
:1071D000028B9FED110A08BDDB0FC93F00000000C4
:1071E00008EF1138047F4F3A461124BDA80A4E3EDD
:1071F0002EC69D3D613330BF90B0A6BE2D570140D5
:1072000039D119C0ABAA2A3E6821A233DA0FC93F8F
:107210006821A2B3DA0F4940DB0F494038B510EEC0
:10722000105A25F00044B4F17E5F2DED048BF0EE92
:10723000407A7FD077D8B4F17C5F0ED2B4F1485F4A
:1072400080F090809FED627A30EE077AF7EE006A68
:10725000B4EEE67AF1EE10FA62DCB0EE670AFFF700
:107260009FFCF7EE007A37EEC08AB6EE007A28EE81
:10727000078ADFED586A9FED587A9FED586A9FEDB7
:10728000585ADFED585ADFED588AE8EE076A9FED4D
:10729000577AA8EE067AA6EE885A9FED556ADFED7A
:1072A000556AA7EE086AE5EE085A9FED537AA6EEF6
:1072B000087AE5EE886AE7EE087AE6EE888AB0EEAC
:1072C000480AB0EE679A00F03DFA4C4B68EE888AA7
:1072D0009C4288EE896A38D810EE103A6FF30B039F
:1072E00006EE903AA6EEE68A70EE267A9FED447A94
:1072F000C8EE274AF0EE005AA4EEE57ADFED417AB7
:1073000030EE000AB0EE675A90EE067AA6EEE55A25
:1073100037EE457A37EEC70A002D01DCB1EE400AA0
:10732000BDEC048B38BDBDEC048B70EE407A87EE6B
:10733000A70A38BDBDEC048B9FED310A9FED327A70
:1073400027EE800AA7EE870A38BDA0EE060A9FED59
:107350002F7ADFED2D7AF0EE006AA0EE267A37EE76
:10736000C70AD9E720EE007ADFED1B6A9FED196AA4
:10737000DFED1B5A9FED195ADFED1A4AA7EE266A78
:10738000BDEC048BE6EE075ADFED186A9FED186A34
:10739000E7EE056AE5EE874AA6EE876A9FED155A85
:1073A000DFED155ADFED106AA4EE875AE6EE075AB4
:1073B000E5EE076AB7EE006AA5EE876A26EE877AE1
:1073C000C7EE066AE0EE267AB0EE670A38BD00BF67
:1073D000CAF24971047F4F3A08EF11382EC69D3D1D
:1073E000461124BDA80A4E3EABAA2A3E613330BFE7
:1073F0002D57014090B0A6BE39D119C09999793F57
:107400002EBD3BB3DB0F493FDB0FC93F2EBD3B33E6
:1074100010B582B0CDED010A019B23F00042B2F11C
:10742000FF4FF0EE407A30D810EE100A20F0004105
:10743000B1F1FF4F29D8B3F17E5F3ED09C1704F025
:10744000020444EAD07431B37AB3B2F1FF4F3FD0B3
:10745000B1F1FF4F29D0891AB1F1F45F4FEAE1523F
:1074600033DA002B41DA3C323FDA9FED330A012C4C
:107470004DD0022C42D064B19FED307ADFED307AEE
:1074800030EE070A30EE670A03E09DED017A37EE31
:10749000270A02B010BD022C0CD09FED2A7A032CD3
:1074A00008BFB0EE470A02B010BD00280ADB9FED0E
:1074B000260AEEE79FED220AEBE702B0BDE8104096
:1074C000FFF764BA9FED210AE3E79FED1F0ACEE7BD
:1074D000B1F1FF4F04F1FF3420D0022C26D81C4B11
:1074E00003EB840393ED000AD3E79DED017A87EE69
:1074F000870AFFF755FBFFF749FAB8E79FED0F7AC8
:10750000DFED0F7A30EE070A37EEC00AC1E710EE62
:10751000103A03F1004300EE103ABAE7022C08D803
:107520000C4B03EB840393ED000AB2E79FED020AD4
:10753000AFE79FED090AACE7000000002EBDBB33AA
:10754000DB0F4940DB0F49C0DB0FC93FDB0FC9BF71
:107550004820040854200408DB0F493F10EE103A7D
:1075600023F00042B2F1FF4F56D84FEAD37100F03A
:1075700095806248834200F38780002BC0F28780A9
:107580005F4B9A424BD95F4B9A4200F29A805E4B16
:107590005E4A03EB8103D3ED004A02EB810281F0E6
:1075A000010370EE644AD2ED007A5B1A34EEE70A0A
:1075B000DFED576A9FED575ADFED575A9FED576A37
:1075C00020EE007AA7EE265ADFED556AE5EE075A5F
:1075D000E5EE876AA6EE876AF0EE406AE6EE476A55
:1075E00020EE266A002B42D0B0EE007A37EE667AA3
:1075F000B7EE000AC6EE076A13F17D0F77EEE67A62
:1076000077EEE47A30EE670A4FDB10EE102A02EBD9
:10761000C35300EE103A704730EE000A7047B2F1E3
:10762000505F0AD2DFED3F7A70EE277AB7EE007A2C
:10763000F4EEC77AF1EE10FA5DDC60EE007A9FEDB1
:10764000347ADFED345A9FED346ADFED356AE7EEC8
:10765000875A9FED327AA7EEA56AE7EE866AA7EE13
:10766000A67AF0EE406AE7EEC76A20EE266AF0EEF0
:10767000007A76EEE76AB7EE007AC6EE267A77EE03
:10768000C07A37EE670A7047002000F01BBF264B18
:107690009A427FF675AF002000F00EBFDFED237A2F
:1076A000002918BFB0EE670A704710EE102A643345
:1076B00002EBC353DFED1E7A00EE103A20EE270AEC
:1076C00070471C4B9FED1C7ADFED1C6A03EB8103B6
:1076D000D3ED007AE0EE077A9FED197AFDEEE77AB6
:1076E000F0EE404A17EE903AF8EEE77AE7EEE64A17
:1076F00067EE877A5AE730EE070A70471772B14291
:107700001872B13E9115853F682004086020040876
:107710004CBB31330EEADDB555B38A38ABAA2A3EED
:10772000610B36BBCAF24971B5F1CF4200000000CF
:107730000000800D702004083BAAB83F8071313FE3
:10774000D1F71737B1EEC00A704700BF70B582B0ED
:10775000CDED010A019820F000435A1EB2F1FF4F0F
:107760003BD210EE101A21F00044B4F1FF4F34D296
:107770009C4238DB01F0004258D011F0FF4F00F07E
:10778000FF463ED14FEA042C6FF07D054FEA4C0CCA
:10779000BCF1000F05F1FF35F8DC002E66D11802B0
:1077A0006FF07D0E40000EF1FF3EFBD515F17E0F10
:1077B00077DA6FF07D00411B04FA01F1A5EB0E05AD
:1077C000A0EB0E04A340681EA5B9CB1A002B75DBF5
:1077D0002CD0B3F5000F35DB41E0DDED017A60EE32
:1077E000277A87EEA70A02B070BD1FD04FEA4C017E
:1077F000013822D3A1EB030CBCF1000FF5DA4900EC
:10780000F6E7E51586B3DB15C0F31600ED1AC1F3F4
:107810001601A3F17F0E41F4000140F40003681E3D
:10782000002DE7D1CB1A002B30DB0BD1274B03EB1C
:10783000527393ED000A02B070BDCB1A48BF0B46DD
:107840001BB9F3E75B000EF1FF3EB3F5000FF9DB68
:107850001EF17E0F1BDA6FF07D04A4EB0E042341B2
:10786000134300EE103ABEE77F3D98E7DB15A3F126
:107870007F0EC0F316006FF07D0140F40003491B3A
:10788000A5EB0E0004FA01F10138B3E70B46A3F5AE
:1078900000030EF17F0E134343EACE5300EE103A7D
:1078A000A1E76FF07D04C1F31601A5EB0E00A4EB78
:1078B0000E0441F400010138A3409BE70029B5D034
:1078C000B1F5000F0B46BDDBC9E700BF7820040807
:1078D00038B52DED028BB0EE418AF0EE618A55ECA1
:1078E000104BFEF76FFE30B9B0EE480AF0EE680AB2
:1078F000BDEC028B38BDB0EE480AF0EE680AFEF728
:1079000061FE38B153EC182B20462946CDF730FBE9
:107910000028E9D045EC184BB0EE480AF0EE680AB2
:10792000BDEC028B38BD00BF08B52DED028BF0EE2B
:10793000408AB0EE608A00F047F820B9B0EE480AFD
:10794000BDEC028B08BDB0EE480A00F03DF858B11E
:10795000F4EEC88AF1EE10FAC8BFB0EE688AB0EE55
:10796000480ABDEC028B08BDB0EE688AB0EE480A4A
:10797000BDEC028B08BD00BF08B52DED028BF0EE0B
:10798000408AB0EE608A00F01FF820B9B0EE480AD5
:10799000BDEC028B08BDB0EE480A00F015F858B1F6
:1079A000F4EEC88AF1EE10FA48BFB0EE688AB0EE85
:1079B000480ABDEC028B08BDB0EE688AB0EE480AFA
:1079C000BDEC028B08BD00BF10EE103A33F0004052
:1079D0000ED0A0F50003B3F1FE4F0DD3074B421EAE
:1079E0009A4207D9A0F1FF40B0FA80F040097047F1
:1079F000022070470320704704207047FEFF7F007D
:107A000008B510EE103A33F000422DED028B2CD069
:107A1000002B1A4632DBB3F1FF4F41DAB3F5000F0A
:107A200035DB0021D3157F3B0B44D90FC1F17F011A
:107A300003EBD373C2F3160207EE903A42EAC15247
:107A400000EE102AB8EEE78A01F0F6F8DFED177ABB
:107A50009FED177A20EE270ADFED167AA8EE070AC7
:107A6000A8EE270ABDEC028B08BDBDEC028B9FED92
:107A7000127ADFED127A87EE270A08BDBDEC028B81
:107A800070EE407A9FED0D7A87EE870A08BDDFED34
:107A90000C7A60EE277A6FF0180117EE902AC1E792
:107AA000BDEC028B30EE000A08BD00BFD95BDE3EA4
:107AB000DB27543580209A3E000000CC00000000F7
:107AC0000000004C2DE9F0432DED028B83B0CDED8D
:107AD000010A8DED000ADDE9004535F0004610D1C0
:107AE00084F48004640014F5000F18D9DDED007AE9
:107AF0009DED017A37EE870A03B0BDEC028BBDE83D
:107B0000F08324F00047B7F1FF4F0FD9B4F17E5F47
:107B1000ECD185F480056D0015F5000FE6D8B7EEC1
:107B2000000A03B0BDEC028BBDE8F083B6F1FF4F55
:107B3000ECD8002CB84616DBB6F1FF4F00F0F6800B
:107B4000B6F17E5F00F01D81B5F1804F00F04C81F1
:107B5000B5F17C5F40F0348103B0BDEC028BBDE831
:107B6000F043FFF7EFBDB6F1974F80F0E980B6F133
:107B70007E5F80F01581B5F1804F00F03581B5F161
:107B80007C5F00F03482FFF70BF8B7F1FF4F4FF046
:107B9000000900F0E080002F00F01C81B7F17E5F4B
:107BA00000F01881E20F013A59EA020300F0218146
:107BB000B6F19A4F40F24481914B9F4240F2588275
:107BC000904B9F4200F26182F7EE007A30EE670A36
:107BD0009FED8D6A9FED8D7ADFED8D5AF5EE007A7F
:107BE000A0EE676AF6EE006AE6EE406A60EE007AA2
:107BF0009FED886A67EEA67A27EE677AA0EE257A6F
:107C0000F0EE476AE0EE066A16EE903A6FF30B0369
:107C100006EE903AF0EE667AE0EE467A37EE677A54
:107C20006FF30B0507EE905A9DED016ADDED015AE9
:107C300036EE676A27EE257A66EEA77AA6EE267AF2
:107C400009F1FF3959EA0209BFEE008A77EE276A87
:107C5000B7EE006A16EE903A18BFB0EE468A002BD7
:107C600023F0004240F3D381B2F1864F00F25282FA
:107C700000F03682B2F17C5F00F21A8200221046D8
:107C80006FF30E0306EE103ADFED636ADFED633A41
:107C90009FED634A9FED632ADFED634A9FED635AD0
:107CA000DFED635A76EE677AB0EE003A37EE677A28
:107CB00066EE267ADFED5F6AE7EE267AB7EE000A17
:107CC000B0EE677AA6EE237A67EE076AF0EE472AEF
:107CD000E6EE632AB0EE446AA6EE826A77EEE27AB6
:107CE000E6EE264AB0EE456AA4EEA66AE7EE277AEB
:107CF000E6EE265AB0EE476AA5EEE66A67EE065A49
:107D000036EE436AC5EE866A76EEE77A77EEC77A94
:107D100030EE670A10EE103A1344B3F5000FC0F2CC
:107D2000B18100EE103A20EE080AE5E6B7F17E5F79
:107D30003FF4F5AE2DD9002D28DB9DED010ADBE6E1
:107D4000B6F1FF4FF2D0FEF72BFFB7F1FF4F4FF028
:107D500002097FF420AF002D06DAF7EE007A87EEF5
:107D6000800A002CBFF6C8AEA7F17E5757EA090774
:107D700000F02581B9F1010F7FF4BEAEB1EE400AEB
:107D8000BAE6002D29DB9DED000AB5E69FED2A0A33
:107D9000B2E6002DFADADDED017AB1EE670AABE664
:107DA000F315C3F1960346FA03F202FA03F3B34262
:107DB00000F00A81B6F17E5FE3D0B5F1804F13D0B9
:107DC0009DED000AFEF7ECFEB7F1FF4F4FF0000902
:107DD0007FF4E1AE002DC0DBC3E79DED007AF7EE46
:107DE000007A87EE870A87E6DDED007A27EEA70A9C
:107DF00082E6DDED007A77EEE77A87EEA70A7BE68A
:107E0000F3FF7F3F0700803FABAAAA3E3BAAB83FE3
:107E100070A5EC3600AAB83F8CBEBF350072313F6A
:107E20000EEADDB54CBB313355B38A38610B36BB36
:107E3000ABAA2A3E1872313F000000000000804BC0
:107E400014F0FF4F40F012815FED047A60EE277A64
:107E50006FF0170117EE908AB6484FEAE853C8F35F
:107E600016087F3B80450B4448F07E5140F3F68076
:107E7000B148804540F31381DFEDB04A0133F0EEA5
:107E8000643AA1F50001F7EE005A002006EE901AC0
:107E900076EEA57AB7EE007A87EE278A07EE903A5B
:107EA000A74BDFEDA81A9FEDA80ADFEDA80A9FED0A
:107EB000A81A9FEDA85A9FEDA82A03EA610343F090
:107EC000005303F58003034436EEE56AB8EEE77A23
:107ED00007EE903A66EE082A77EEE55A12EE903AEF
:107EE00036EEE54A62EEA26AF0EE605AA6EEA10A0C
:107EF0006FF30B03B0EE083AE0EE265ADFED971A67
:107F0000A5EEA61AF0EE455AE1EE265AB0EE435A17
:107F1000A5EEA62A66EEA65A06EE903AA6EEE76A07
:107F200072EEA67AA6EEC46AA6EEA65A26EE086AF5
:107F30009FED8B1A9FED8B4A67EE867AE5EE827A8B
:107F400075EE275A15EE903A6FF30B0305EE903A53
:107F500035EEC35AA6EEE65A77EEC57A67EEA27AF8
:107F6000E6EE257AB0EE676AA6EEA56A16EE103A3E
:107F70006FF30B0306EE103AB0EE465AA6EEE55A42
:107F800077EEC57A67EEA17AE6EE017A77EEA37A0C
:107F9000F0EE676AE6EE046A76EEA46A76EE876A29
:107FA00016EE903A6FF30B0306EE903A36EEC77A70
:107FB00037EE647AA6EE447A37EEC77A30E670EE92
:107FC000407A87EEA70A97E5B6F17E5F3FF4D9AE17
:107FD000B5F1804F3FF408AF02F00102C2F102098F
:107FE000FEF7DEFDB7F1FF4F7FF4D5ADB3E6FEF748
:107FF000D7FDB7F1FF4F3FF47FAD002F3FF47CADCD
:10800000B7F17E5F7FF4F5AE4FF00009ACE656495C
:108010008A4200F287807FF42DAE76EEE76AF4EEB6
:10802000C76AF1EE10FA7DDA03F500434F4AC3F355
:10803000C7517F39C3F316000A4140F40000C1F173
:1080400017011A400841404206EE902A77EEE67A80
:10805000C20577EE276A16EE903A11E6DFED374A51
:10806000F7EE005AF0EE643A00200FE70021F3E645
:10807000002D0CDB002003B0BDEC028BBDE8F0430B
:1080800000F01ABA00F024FA4DE6002DF2DD0020CF
:1080900003B0BDEC028BBDE8F04300F013BADFED96
:1080A000344ADFED343AF7EE085A4FF40010EDE6AB
:1080B000D2157E3A4FF40001114119442B4AC1F305
:1080C000C7547F3CC1F31600224140F40000C4F1C4
:1080D0001704002B40FA04F002EA0102B4DAB2E716
:1080E0009FED256A76EEE76A37EE066AB4EEE66A39
:1080F000F1EE10FA0EDC03F500431C4AD9157F3966
:10810000C3F316000A4140F40000C1F117011A4000
:10811000084199E7B5EEC08AF1EE10FA4CBF012094
:108120000020B5E7B5EEC08AF1EE10FA4CBF012091
:108130000020A0E771C41C00D6B35D000000000061
:1081400000F0FFDF42F1533E55326C3E05A38B3EFB
:10815000ABAAAA3EB76DDB3E9A99193F4F38763FDE
:10816000C623F6B80040763F00001643000080FFAB
:1081700000C0153FDCCFD1353CAA383310EE102AB1
:10818000C2F3C7537F3B162B22F000411BDC002BB0
:1081900010461EDB1A4919410A4223D0DFED197A35
:1081A00070EE277AF5EEC07AF1EE10FA1ADD002AA9
:1081B00004DA4FF4000242FA03F3184420EA010300
:1081C00000EE103A7047B1F1FF4F0BD330EE000ACA
:1081D0007047DFED0C7A70EE277AF5EEC07AF1EE9B
:1081E00010FA00DC7047002A02DB9FED070A704797
:1081F00011B99FED060A7047BFEE000AF2E700BF13
:10820000FFFF7F00CAF249710000000000000080FB
:1082100070B510EE103A8B4A23F00044944286B0B9
:10822000054671D9884A94421E4624D823F000425C
:10823000002BDFED867A864922F00F02B0EE407AFD
:1082400040F3E6808A4270EE677A09BF9FED817A3B
:10825000DFED816ADFED816A77EEC77A37EEE67A85
:1082600077EEC77A80ED007A77EEE67AC0ED017A94
:10827000012006B070BD7A4A944253D9B4F1FF4F41
:1082800049D2E215863AA4EBC25307EE903ABDEE0E
:10829000E77ADFED746AB8EEC77A77EEC77A8DEDCC
:1082A000037A67EEA67ABDEEE77AB8EEC77A77EE84
:1082B000C77A8DED047A67EEA67AF5EE407AF1EE94
:1082C00010FACDED057A40F08E80B5EE407AF1EEF1
:1082D00010FA40F08A800123634901910221009144
:1082E00003A8294600F062F9002EC2DA95ED007A63
:1082F000D5ED017AB1EE477AF1EE677A85ED007A35
:10830000C5ED017A4042B4E7002285ED000A4260E3
:10831000002006B070BD70EE407AC0ED017AC0ED6D
:10832000007AF5E7FEF73CFC9FED507A9FED476A37
:10833000F6EE007AE0EE077A9FED477AFDEEE77AF7
:10834000F8EEE76A17EE900AA6EEC60A1F2866EE58
:10835000877AB1EE666A30EE677A1EDC444A411EC7
:1083600026F0004352F8212023F0FF03934214D05B
:1083700085ED007A30EE470A002E30EE670A85ED73
:10838000010ABFF676AFB1EE477AB1EE400A85ED4D
:10839000007A85ED010A40426BE717EE103AC3F30D
:1083A000C753C3EBD453082B4FEAE452E0DD9FEDF3
:1083B000297A9FED2A5AF0EE405AE6EE075A70EEFF
:1083C000657AE6EE077AD6EE857A35EEE77A17EE2D
:1083D000103AC3F3C753D21A192A08DCB0EE650A63
:1083E00085ED007AC6E7032376E7022374E79FED65
:1083F000217A9FED215AB0EE650AA6EE070A75EEC6
:10840000C07AE6EE077AD6EE857A30EE677AAFE785
:108410008A4270EE277A09BF9FED0E7ADFED0E6A71
:10842000DFED0E6A77EE877A37EEA67A77EEC77AB7
:1084300080ED007A77EEA67AC0ED017A4FF0FF303A
:1084400017E700BFD80F493FE3CB1640800FC93F65
:10845000D00FC93F004435374344353708A3852E34
:10846000800F4943000080430021040884F9223F23
:108470008020040800A3852E32318D2410B52DED07
:10848000028BB0EE408A044600F022FFB0EE480AAC
:10849000BDEC028B046010BD30B1F1EE407A27EEE6
:1084A000800A2220FFF7EABFF0EE407A27EE800A2A
:1084B0002220FFF7E3BF00BF9FED010AFFF7ECBFEB
:1084C000000000109FED010AFFF7E6BF00000070FA
:1084D00010EE103A33F000411A4625D0B1F1FF4FAB
:1084E0001FD213F0FF4F20D1DFED297A294A60EE29
:1084F000277A904217EE903A31DB4CF2503CC3F3AE
:10850000C75160451A46A1F1190114DD002BDFEDBA
:10851000227A9FED210AB8BFDFED207A27EE800A8C
:10852000704730EE000A704770474CF2503C60458F
:108530004FEAD151EADC0144FE29E7DC002915DCD1
:1085400011F1160F19DB193122F0FF4242EAC15234
:1085500007EE902A9FED120A27EE800A7047DFEDA2
:10856000117A07EE103A27EE270A704722F0FF42F1
:1085700042EAC15300EE103A7047002BDFED097A52
:108580009FED080AB8BFDFED087A27EE800A704732
:108590000000004CB03CFFFFCAF24971CAF249F139
:1085A000000000336042A20D6042A28D2DE9F04F21
:1085B0002DED048BDBB01C46944603930A46BA4B60
:1085C00068991CF1040F53F82170824604F1FF39B9
:1085D000C0F25682BCF1030348BF0CF10403DB1068
:1085E000029301334FEAC30EACEB0E030593029BDB
:1085F00017EB0900A3EB090316D401309FEDAB7A0A
:10860000699C18441EA9002BA4BF54F8235007EE00
:10861000905A03F10103ACBFF8EEE77AF0EE477A27
:108620008342E1EC017AEED1002FC0F2E28203999D
:108630001EA800EB81004FEA81087E18002346AD9A
:108640004C460AEB8101B9F1000F80F2C880013479
:10865000B44245F8043B00F10400F4D10DF1280BBD
:108660000BEB8703CDE9062E043B9FED929ADFEDDD
:10867000908A059804930AEB080446AE0BEB870832
:108680000097CDF820C00DEB8703002F93ED460A2D
:108690004FEA870515DD73195A4660EE097AB0EE88
:1086A000407AFDEEE77A73ED016AF8EEE77AB342BD
:1086B000A7EEE87A37EEA60ABDEEC77AA2EC017AF9
:1086C000EBD10190FFF704FFF4EE007AB0EE408AA0
:1086D00020EE270AFFF752FDF2EE007AA0EE678A3D
:1086E00001980028FDEEC89AF8EEE97A38EE678A1C
:1086F00040F38280791EC0F108035BF821E04EFA56
:1087000003FC0CFA03F3AEEB030EC0F1070219EE03
:10871000903A4EFA02F26344002A09EE903A4BF87E
:1087200021E000F3AF80B5EE408AF1EE10FA74D18B
:10873000009B9F420ADD5D44002355F8041D45451A
:1087400043EA0103F9D1002B40F00281009B013B79
:108750005BF823207B1C9C46002A40F0F780049A9B
:10876000012152F8045D0131002DFAD03944029DF7
:10877000039A05EB030E0EF1804E699D0EF1FF3E4C
:108780003A4405EB8E0E1EAD06EB830705EB820522
:10879000DEED017AF8EEE77AB9F1000F0EF1040E82
:1087A000E5EC017ADFED417A09DB2A465346F3EC2A
:1087B000016A32ED017AA342E6EE877AF7D10CF135
:1087C000010C8C45E7EC017AE2DD0F465BE70134F2
:1087D000B442E5EC017A00F104003FF43FAFDFED75
:1087E000337A83465346F3EC016A3BED017A8B42C0
:1087F000E6EE877AF7D1EAE700F09180F6EE007AAC
:10880000B4EEE78AF1EE10FA80F22981B5EE408AE3
:10881000F1EE10FA4FF000028AD09246DDE9062E02
:10882000DDF820C00197AEEB0C00B0EE480A009FC7
:108830000092FFF74DFEDFED1E6AB4EEE60AF1EEA0
:1088400010FADDE90023F0EE407AC0F29C819FED42
:10885000197A059920EE077A0831BDEEC77A05919D
:10886000B8EEC77A5C1CE7EE667ABDEEC77AFDEE1D
:10887000E77A17EE901A4BF8231017EE103A4BF8E0
:1088800024307EE00133002F09EE903A40F39D81C1
:1088900059464FF0000E51F8043B002B39D0C3F578
:1088A000807341F8043C0CE04424040800000000FC
:1088B000000080430000803B0B68C3F1FF0341F8D8
:1088C000043B0EF1010E7745F6DC01239E4600289D
:1088D0000BDD012800F0BB80022806D1791E5BF871
:1088E000213003F03F0C4BF821C0022A7FF41BAF6C
:1088F000B7EE000A734630EE488A002B3FF413AF00
:1089000009920190FFF7E4FD0198099A38EE408A38
:1089100009E70EF1010E7745BDDC9E46D7E77B1EC9
:108920005BF82320D211002A7FF7FDAE19EE903AB2
:10893000002F03F1010309EE903AA9DC022A7FF42B
:10894000F2AEF7EE007A37EEC88AECE619460EE78B
:108950003B469246DDE905125C1EA1F108005BF87A
:108960002410009F059061B903F18043013B0BEB9C
:108970008303014653F8040D013C08390028F9D05F
:10898000059105980092B7EE000AFFF7A1FD002CB3
:10899000009AB0EE407AC0F22281601C46AD5FEDD5
:1089A0003B6A81000BEB800305EB800073ED017ADD
:1089B000F8EEE77A5B4567EE877A27EE267A60ED78
:1089C000017AF3D10DF1C8080E1F2E44C646A44605
:1089D0000025002F7DDBDFF85C92DFED957A3046D5
:1089E000002307E0F9EC016AB0EC017A9F42E6EE61
:1089F000877A03DB9D4203F10103F3DA0CF1FF3CBC
:108A0000BCF1FF3FEEEC017A05F10105A6F1040689
:108A1000E1D1689B022B6ADC002B36DC0ED1DFED46
:108A2000847A414431ED017A884577EE877AF9D12D
:108A30005346002B40F0C680C2ED007A19EE903A02
:108A400003F007005BB0BDEC048BBDE8F08F791E2E
:108A50005BF8213003F07F0C4BF821C045E719EE9D
:108A6000903A002F03F1010309EE903AC8BF0222A9
:108A70003FF70EAFF7EE007A37EEC88A022252E6D1
:108A800000234FF0080E0293AEE5DDED327A9FED44
:108A9000687A414471ED016A884537EE267AF9D14A
:108AA0005346002B40F0848077EEC77A82ED007A3F
:108AB00064B133A90123B1EC017A01339C4277EE12
:108AC000877AF8DA53460BB1F1EE677AC2ED017A94
:108AD000B4E70CF1FF3C0023BCF1FF3F4EF8043B30
:108AE00005F10105A6F104067FF473AF91E7689BD9
:108AF000032BA3D1002C00F08C8008EB840595EDAE
:108B0000007AA0002B46294671ED017AF0EE476A03
:108B100037EE277A884577EEC77A81ED007A77EECF
:108B2000A67AC1ED017AEFD1012C72D095ED007AD1
:108B300008F1040173ED017AF0EE476A37EE277A07
:108B4000994277EEC77A83ED007A77EEA67AC3ED85
:108B5000017AEFD1031DDFED367A434408F10808AE
:108B600033ED017A984577EE877AF9D15346DDEDFA
:108B7000326A9DED337A73B9C2ED006A82ED017AF3
:108B8000C2ED027A5AE7FDEEC07A1C4617EE901A43
:108B90004BF82310F5E6F1EE666AB1EE477AF1EE96
:108BA000677AC2ED006A82ED017AC2ED027A45E78A
:108BB000F1EE476A77EEC77AC2ED006A002C7FF4C7
:108BC00078AF81E7F1EE677A36E7012815D0022801
:108BD0007FF4B4AE0EF03F034BF82130AEE6689B55
:108BE000022B12DC002B17DC7FF428AFDFED107AAC
:108BF0001EE7039B4FEA830830E50EF07F03022A4D
:108C00004BF821307FF48FAD9BE6689B032B7FF4FC
:108C100015AFDFED077AA9E75346DDED327A1BB1D8
:108C20004FF0004313604FE7002313604EE700BF8F
:108C3000000000001824040810EE102A32F000434F
:108C40002FD0002A134633DBB2F1FF4F40DAB2F5E2
:108C5000000F34DB4FF0000C6448C3F316010844E6
:108C600000F4000282F07E520A43DB1500EE102A67
:108C70007F3B5F4A634401F10F0CF7EE007A0CEA88
:108C8000020230EE670A03EBD05322BBB5EE400A76
:108C9000F1EE10FA62D1002B40F090809FED550A62
:108CA00070479FED557ADFED537A87EE270A7047BC
:108CB00070EE407A9FED4F7A87EE870A7047DFEDBE
:108CC0004F7A60EE277A6FF0180C17EE903AC3E7F0
:108CD00030EE000A7047F0EE007A70EE277A07EE69
:108CE000103A80EE274A4648C1F55712084402F56B
:108CF00022720243002A9FED433ADFED434ADFED43
:108D0000435ADFED433A9FED435ADFED437ADFEDFF
:108D1000436A24EE046AF8EEC72A26EE067AE7EEE6
:108D2000034AA7EE235AE4EE875AE5EE076AE5EE1A
:108D3000877A67EE867AE6EE877A2ADDB6EE007AE3
:108D400020EE077A27EE007A77EE877A67EE847A4C
:108D50003BBB37EE677A30EE470A70479FED307ABB
:108D6000F6EE007AE0EE477A20EE007A27EE277AD8
:108D7000002BF0D007EE903A9FED2A6ADFED2A6AC9
:108D8000F8EEE77AA7EEC67A37EE400A97EEA60A23
:108D9000704770EE677A67EE847AE3B930EE670A5F
:108DA00070479FED206ADFED206AE2EE867A37EEAB
:108DB000677A37EE400A92EEA60A704707EE903ABD
:108DC0009FED180A9FED187AF8EEE77A27EE800AF1
:108DD000A7EE870A7047DFED136A9FED137AE2EE84
:108DE000E67A37EEC00A92EE870A704720FB4A0007
:108DF000F0FF7F0000000000000000CC0000004CED
:108E0000305CCFFF9788173E25333A3E2549923E86
:108E10004FD01C3E298E633EABAA2A3FCDCCCC3E20
:108E2000ABAAAA3ED1F717378071313F10B40C4B73
:108E30000C4819680C4AD1F89830D1F89C4003FBD3
:108E400000F002FB0400A3FB0232013340EB0200FE
:108E5000C1E9263020F000405DF8044B704700BFA8
:108E60008C1C00202DF451582D7F954C242B2DE97E
:108E7000F84F43D8012B41D0804649481F468E46C3
:108E800075461EF801BB10F80B4014F00804F7D12A
:108E9000BBF12D0F6FD0BBF12B0F08BF9EF800B0B8
:108EA0006FF0004908BF05F1020E73BBBBF1300F34
:108EB0004BD00A273B460025B9FBF7F6284607FBAF
:108EC000169A05E03AD007FB00C001251EF801BB49
:108ED000ABF1300CBCF1090F06D9ABF1410CBCF180
:108EE000190F19D8ABF1370C63451EDDB5F1FF3F03
:108EF000ECD08642E6D24FF0FF35E7E700F0E8F924
:108F0000162303600020BDE8F88F102BD3D1BBF1EE
:108F1000300F23D01F46CEE7ABF1610CBCF1190F27
:108F200003D8ABF1570C6345E0DC6B1C2BD054B974
:108F3000002AE8D085BB1160BDE8F88FE245C2DAAF
:108F40004FF0FF35C2E74042F2E79EF8003003F0F1
:108F5000DF03582B08D008273B46ACE79EF80000FB
:108F600000F0DF005828D5D110279EF801B03B460D
:108F70000EF1020E9FE79EF800B04FF0004905F198
:108F8000020E012491E72223C8F8003032B10EF11D
:108F9000FF3148461160CFE78146F8E74846B2E71F
:108FA0005124040810B4054C8446134620685DF82B
:108FB000044B0A466146FFF759BF00BF8C1C0020D6
:108FC000032A30B412D941EA0004A40784460B46B0
:108FD00021D11946604653F8044B5CF8045BA54266
:108FE00019D1043A032AF4D860461946541E7AB1BE
:108FF000431E0139021901E09A4209D013F8010F0A
:1090000011F801CF6045F7D0A0EB0C0030BC7047E1
:10901000002030BC7047541EEAE700BF830730B51C
:1090200046D08418844604E003F8011B9D0704D051
:109030009C46A4456346F7D130BD013A0244A2EBF9
:109040000C02032A29D9CCB204EB04240F2A04EB26
:1090500004442FD9A2F1100C2CF00F0C03F11005D1
:10906000AC44C3E90044C3E9024410336345F8D17A
:1090700012F00C0F02F00F0E18D02EF0030C9C44CF
:10908000AEF104051A4642F8044B6245FBD125F0C7
:10909000030404330EF003022344002ACCD0C9B2E7
:1090A0001A4403F8011B9342FBD130BD7246F4E72A
:1090B0000346C6E79646E0E738B50546034680070F
:1090C00002D12BE09A0708D0184601330278002A13
:1090D000F8D100F003F9284638BD4278E2B11868AB
:1090E000A0F1013222EA000212F0803F0BD11846B3
:1090F00053F8044FA4F1013222EA040212F0803F37
:10910000F5D0027942B1184610F8013F002BFBD18F
:1091100000F0E4F8284638BD1846DAE72A78DDE79B
:1091200011F0FF01034600F0030239D08ABB026848
:1091300010B501EB012E0EEB0E4E8EEA0204A2F1E9
:10914000013323EA0203A4F1013222EA04021343A9
:1091500013F0803F0FD150F8044F84EA0E0CA4F1B5
:109160000133ACF1013223EA040322EA0C02134377
:1091700013F0803FEFD0037823B936E010F8013FB9
:10918000002B32D09942F9D110BD8A4228D09A07DB
:1091900029D01A7818460133002AF6D110467047B4
:1091A000CAB90268A2F1013323EA020313F0803F37
:1091B00008D150F8042FA2F1013323EA020313F07F
:1091C000803FF6D003785BB110F8013F002BFBD154
:1091D0007047990705D0184613F8012B002AF8D1DB
:1091E00070471846DDE71846A1E7184610BD00BFD6
:1091F0008AB330B540EA0104A40786460B4617D16E
:10920000032A07D814E0043A23D01CF0803F20D171
:10921000032A26D9DEF80040194653F8045BA4F16E
:10922000013CAC4270462CEA040C0EF1040EEAD06C
:1092300003780C78013AA34208BF121807D00CE05B
:109240006BB110F8013F11F8014FA34205D19042D4
:10925000F6D1002030BD10467047181B30BD1846AF
:1092600030BD70461946E3E740EA01039B0710B59D
:1092700001D1032A17D8844601F1FF3E07E01EF80A
:10928000011F03F8011B541E29B19C462246634668
:10929000002AF4D110BD9444002CFBD003F8011B2C
:1092A0006345FBD110BD8E468446DEF80040A4F134
:1092B000013323EA040313F0803F71460EF1040EDC
:1092C000DAD1043A032A4CF8044BEED87146D3E7BE
:1092D000014B1868704700BF8C1C002080EA010217
:1092E000844612F0030F4FD111F0030F32D14DF825
:1092F000044D11F0040F51F8043B0BD0A3F10132DF
:109300009A4312F0803F04BF4CF8043B51F8043BF1
:1093100016D100BF51F8044BA3F101329A4312F069
:10932000803FA4F101320BD14CF8043BA24312F070
:10933000803F04BF51F8043B4CF8044BEAD023466D
:109340000CF8013B13F0FF0F4FEA3323F8D15DF81F
:10935000044B704711F0010F06D011F8012B0CF8E7
:10936000012B002A08BF704711F0020FBFD031F85F
:10937000022B12F0FF0F16BF2CF8022B8CF80020E6
:1093800012F47F4FB3D1704711F8012B0CF8012B69
:10939000002AF9D1704700BF430803F05533C01AC3
:1093A000830803F0333300F03330184400EB10101F
:1093B00000F00F3000EB002000EB0040000E704783
:1093C00007EE900AF5EEC07AF1EE10FA01D400F043
:1093D00023B8F1EE677A08B517EE900A00F01CF892
:1093E000404261EB410108BD38B50022002304462C
:1093F0000D46CBF79FFD28B920462946BDE83840E9
:1094000000F02AB8204605F1004100F025F840425E
:1094100061EB410138BD00BFD0B5CBF7C1FA0C4BB1
:10942000002206460F46CBF713FBCBF7ABFD0446F5
:10943000CBF794FA074B0022CBF70AFB02460B4608
:1094400030463946CBF74CF9CBF79CFD2146D0BDD1
:109450000000F03D0000F041D0B50C4B0022064664
:109460000F46CBF7F5FACBF78DFD0446CBF776FA2E
:10947000074B0022CBF7ECFA02460B463046394642
:10948000CBF72EF9CBF77EFD2146D0BD0000F03D95
:109490000000F0412DE9F047089D0F4604468C4638
:1094A000002B48D18A42164661D9B2FA82F34BB1F9
:1094B000C3F1200201FA03FC20FA02F29E4042EAC4
:1094C0000C0C9C404FEA164EB7B2BCFBFEF1220CCE
:1094D0000EFB11CC42EA0C4201FB07F0904209D985
:1094E000B21801F1FF3C80F0EE80904240F2EB8038
:1094F00002393244121AA4B2B2FBFEF00EFB102263
:1095000044EA024400FB07F7A74209D9341900F1E5
:10951000FF3280F0DA80A74240F2D780344402382C
:1095200040EA0140E41B00211DB1DC400023C5E9F5
:109530000043BDE8F0878B4206D90DB1C5E90001B3
:1095400000210846BDE8F087B3FA83F1002948D12D
:10955000BB4202D3824200F20781841A67EB030206
:1095600001209446002DE4D0C5E9004CE1E7002A33
:1095700000F09280B2FA82F3002B40F0A8808A1AA1
:109580004FEA164E1FFA86FC0121200CB2FBFEF7B3
:109590000EFB172240EA02420CFB07F0904207D96B
:1095A000B21807F1FF3802D2904200F2E28047463B
:1095B000121AA4B2B2FBFEF00EFB102244EA0244DF
:1095C0000CFB00FCA44507D9341900F1FF3202D28C
:1095D000A44500F2CB801046A4EB0C0440EA0740FF
:1095E000A2E7C1F120068B4022FA06FC4CEA030CEC
:1095F00007FA01F420FA06F3F7404FEA1C49234327
:1096000000FA01F81FFA8CFEB7FBF9F01C0C09FBFD
:10961000107744EA074400FB0EF7A74202FA01F272
:109620000AD91CEB040400F1FF3A80F09B80A742AA
:1096300040F2988002386444E41B9FB2B4FBF9F313
:1096400009FB134447EA044403FB0EFEA64509D96F
:109650001CEB040403F1FF3780F08280A6457FD91C
:10966000023B644443EA0040A4EB0E04A0FB02E783
:10967000BC427346B94663D360D05DB1B8EB030218
:1096800064EB090404FA06F622FA01F31E43CC4007
:10969000C5E9006400214CE76208480842EAC1714C
:1096A0000B0C43EA00438AB242EA0342B3FBF6F1F1
:1096B000E407B4463746B6461F23B0FBF6F0D21B8C
:1096C00041EA004161E7614614E7104628E7C3F12B
:1096D000200120FA01F29E4027FA01F19F403A430F
:1096E0004FEA164E1FFA86FCB1FBFEF70EFB171071
:1096F000110C41EA004107FB0CF8884504FA03F419
:109700003AD9711807F1FF3001D288451FD8A1EB73
:109710000801B1FBFEF808FB0CF70EFB181192B222
:1097200042EA0142BA422FD2B21808F1FF31C6D242
:10973000BA42C4D2A8F102013244C0E7F0459CD23B
:10974000BEEB020367EB0C070138B94695E7A6EBC1
:1097500008084144B81EB1FBFEF808FB0CF7DCE733
:109760003B467FE7504667E70846FBE6344402384D
:1097700032E7023F32441BE7A1EB08013846B1FB58
:10978000FEF808FB0CF7C8E7414698E70500000023
:109790000A00000014000000280000005000000033
:1097A000A000000040010000800200000005000051
:1097B000000A000000140000002800000050000013
:1097C00000A0000000400100008002000000050031
:1097D00000000A0000000000000000000D424C489C
:1097E000656C69F47D0000000000803F000000000F
:1097F000000000000000000000000000000080BF2A
:10980000000000000000803F000000000706050483
:109810000100000004000000000802400008FF00F2
:1098200004000000000802400004FF0002000000E5
:10983000000402408000FF0002000000000402401B
:109840004000FF0002000000000402400001FF0091
:1098500002000000000402402000FF00020000009F
:10986000000402401000FF00040000000008024055
:109870000010FF0001000000000002400400020090
:109880000100000000000240080003000100000089
:10989000000002402000050001000000000002401E
:1098A00040000600010000000000024080000700A8
:1098B0002E2E2F7372632F6465636B2F6170692F77
:1098C0006465636B5F7370692E63004445434B5F4F
:1098D0004241434B454E445F4F573A204D656D6FB3
:1098E0007279206572726F723A2077726F6E67209C
:1098F0006865616465722049440A004445434B5FD2
:109900004241434B454E445F4F573A204D656D6F82
:109910007279206572726F723A20696E636F72722B
:1099200065637420686561646572204352430A0070
:109930004445434B5F4241434B454E445F4F573A8A
:10994000204D656D6F7279206572726F723A206971
:109950006E636F727265637420544C562076657224
:1099600073696F6E0A004445434B5F4241434B4568
:109970004E445F4F573A204D656D6F727920657286
:10998000726F723A20696E636F72726563742054ED
:109990004C5620435243202578213D25780A006FFC
:1099A0006E6577697265006465636B6374726C00E1
:1099B00062634578705465737400626345787054CF
:1099C0006573744366426C006263457870546573D6
:1099D000745252006263426F6C7454657374006316
:1099E00068616E6E656C00706F77657200636F6E94
:1099F00074776176650073746F705F726164696F0C
:109A000074657374006263526164696F5465737442
:109A1000006274536E73006932634F6B0073746F2E
:109A2000705F6163746976654D61726B6572006227
:109A3000634163746976654D61726B65720073741E
:109A40006F705F6465636B0066726F6E7400626155
:109A5000636B006C65667400726967687400706F90
:109A60006C6C0062634163746976654D0061637478
:109A70006976654D61726B65724D6F6465436861AF
:109A80006E67656400626341490067617038006514
:109A9000737000626342757A7A6572006263466C25
:109AA0006F77006263466C6F77320064697361623E
:109AB0006C6500616461707469766500666C6F77CF
:109AC00053746446697865640073746F705F6D6F7A
:109AD00074696F6E0064656C7461580064656C74C1
:109AE00061590073687574746572006D61785261B4
:109AF00077006D696E5261770052617773756D0002
:109B00006F75746C696572436F756E7400737175EF
:109B1000616C007374640062634C656452696E67C3
:109B200000686967686C696768740073746F705F58
:109B300073797374656D006E656666656374007332
:109B40006F6C696452656400736F6C696447726519
:109B5000656E00736F6C6964426C75650068656161
:109B6000646C69676874456E61626C6500656D70F0
:109B700074794368617267650066756C6C436861EF
:109B80007267650066616465436F6C6F7200666141
:109B9000646554696D650073746F705F72696E6798
:109BA0000062634C69676874686F7573653400732D
:109BB000746F705F6C6F636F0073706957720073BE
:109BC000706952650073746F705F72616E67696E61
:109BD0006700626344574D313030300062634C6F30
:109BE000636F005457520054446F41320054446F25
:109BF0004133007374646465760073746F705F74CE
:109C0000646F61320064372D300064302D310064A0
:109C1000312D320064322D330064332D340064342E
:109C20002D350064352D360064362D3700636330E2
:109C30000063633100636332006363330063633442
:109C400000636335006363360063633700646973E0
:109C500074372D300064697374302D31006469737A
:109C600074312D320064697374322D33006469736A
:109C700074332D340064697374342D350064697352
:109C800074352D360064697374362D370073746F24
:109C9000705F74646F61330064697374616E6365CF
:109CA000300064697374616E636531006469737454
:109CB000616E6365320064697374616E636533005D
:109CC00064697374616E6365340064697374616E92
:109CD0006365350064697374616E63653600646939
:109CE0007374616E63653700707265737375726546
:109CF00030007072657373757265310070726573D0
:109D000073757265320070726573737572653300B6
:109D100070726573737572653400707265737375F4
:109D20007265350070726573737572653600707296
:109D3000657373757265370072616E67696E67531C
:109D400075636365737352617465300072616E6729
:109D5000696E67506572536563300072616E676942
:109D60006E67537563636573735261746531007216
:109D7000616E67696E675065725365633100726129
:109D80006E67696E6753756363657373526174655B
:109D9000320072616E67696E675065725365633237
:109DA0000072616E67696E675375636365737352A2
:109DB000617465330072616E67696E6750657253D6
:109DC0006563330072616E67696E675375636365BF
:109DD000737352617465340072616E67696E6750A7
:109DE0006572536563340072616E67696E6753759F
:109DF000636365737352617465350072616E676980
:109E00006E67506572536563350072616E67696E87
:109E1000675375636365737352617465360072616D
:109E20006E67696E67506572536563360072616E66
:109E300067696E67537563636573735261746537E1
:109E40000072616E67696E675065725365633700B3
:109E500073746F705F7477720066696C7465724DAD
:109E600061736B0073746F705F6D756C7469726190
:109E70006E6765720062634D756C746972616E67BE
:109E800065720073746F705F6F610062634F4100B1
:109E900073706957724270730073706952654270D3
:109EA000730066617457724270730073746F705FF1
:109EB0007573640063616E4C6F67006C6F676769F0
:109EC0006E670062635553440062635A52616E6765
:109ED00065720062635A52616E67657232006D315D
:109EE000006D32006D33006D340073746F705F72FB
:109EF000706D00626352706D006269746D61736BA6
:109F00000073746F705F6C65640073746F705F6D65
:109F10006F746F7200656E61626C650073746F7050
:109F20005F6D6F746F72506F776572536574006CFC
:109F30006F77566F6C7461676500637269746963EB
:109F4000616C4C6F77566F6C746167650073746FEA
:109F5000705F706D007662617400766261744D5658
:109F60000065787456626174006578745662617435
:109F70004D5600657874437572720063686172674C
:109F80006543757272656E7400626174746572798E
:109F90004C6576656C0072737369006973436F6E0C
:109FA0006E6563746564006E756D52784263006E11
:109FB000756D527855630073746F705F7261646978
:109FC0006F00424D5033585800696D7550686900F4
:109FD000696D75546865746100696D7550736900C9
:109FE00073746F705F696D755F73656E736F727395
:109FF0000079526177007A52617700785661726910
:10A00000616E6365007956617269616E6365007A9D
:10A0100056617269616E63650073746F705F677912
:10A02000726F004D50553635303000414B3839365F
:10A0300033004C50533235480073746F705F696D54
:10A04000755F74657374730073746F7261676553C1
:10A05000746174730073746F726167655265666FC3
:10A06000726D61740070726F62650073746F705FFF
:10A070007379736C696E6B007265736574007374C9
:10A080006F705F7573656300656C6C6970736F6981
:10A09000645800656C6C6970736F69645900656C15
:10A0A0006C6970736F69645A0062626F784D696E93
:10A0B000580062626F784D696E590062626F784D28
:10A0C000696E5A0062626F784D6178580062626F03
:10A0D000784D6178590062626F784D61785A0068F6
:10A0E0006F72697A6F6E006D617853706565640098
:10A0F00073696465737465705468727368006D6128
:10A1000078506565724C6F6341676500766F725475
:10A110006F6C00766F7249746572730073746F7040
:10A120005F636F6C4176006C6174656E6379006586
:10A130006E486967684C6576656C0073746F705F14
:10A14000636F6D6D616E6465720072617465526FEC
:10A150006C6C0072617465506974636800616E674D
:10A16000506974636800616E67526F6C6C00726155
:10A1700074655961770073746F705F6370706D0000
:10A1800076746F666600766C616E640067726F75D8
:10A19000706D61736B0073746F705F686C436F6D8B
:10A1A0006D616E64657200616C74686F6C640070E0
:10A1B0006F73686F6C6400706F73536574007961BE
:10A1C000774D6F646500737461624D6F6465526FA3
:10A1D0006C6C00737461624D6F6465506974636880
:10A1E00000737461624D6F64655961770073746FB9
:10A1F000705F666C696768746D6F646500656E5248
:10A20000616E676553747265616D465033320065E7
:10A210006E4C68416E676C6553747265616D006D5C
:10A22000617854696D654C684D74636853746D0052
:10A230006D696E42734C684D74636853746D00654C
:10A240007874506F73537464446576006578745104
:10A250007561745374644465760073746F705F6CD9
:10A260006F63537276007469636B0073746F705F11
:10A270006C6F635372765A00717800717900717A4D
:10A280000071770073746F705F6578745F706F73BF
:10A29000007278526174650074785261746500735D
:10A2A000746F705F63727470006563686F44656C8F
:10A2B00061790073746F705F63727470737276008B
:10A2C000646574656374656400636F6E6669646574
:10A2D0006E636500646972656374696F6E006D61B9
:10A2E0007854656D7000746865726D0074696D6591
:10A2F0007374616D704D730072784C6F63616C4D57
:10A300007300746573745278436F756E740074656E
:10A3100073745478436F756E740062656570436F33
:10A32000756E7400636D645278436F756E7400735C
:10A33000746F705F6573705561727400726F6C6CCE
:10A340005261746500706974636852617465007964
:10A35000617752617465007A56656C00416C74488F
:10A360006F6C640041726D0073746F705F65787418
:10A37000727800636830006368310063683200639C
:10A3800068330063683400636835006368360063CF
:10A3900068370073746F705F65787472785F72618C
:10A3A00077006D6F746F72566172584D31006D6F2A
:10A3B000746F72566172594D31006D6F746F7256C1
:10A3C0006172584D32006D6F746F72566172594DE3
:10A3D00032006D6F746F72566172584D33006D6F3D
:10A3E000746F72566172594D33006D6F746F72568F
:10A3F0006172584D34006D6F746F72566172594DB1
:10A4000034006D6F746F72506173730062617474A5
:10A410006572795361670062617474657279506125
:10A420007373006D6F746F7254657374436F756EE0
:10A43000740073746F705F6865616C746800737426
:10A4400061727450726F70546573740073746172CA
:10A4500074426174546573740070726F70546573E4
:10A46000745468726573686F6C640070726F7054B6
:10A4700065737450574D526174696F006261745412
:10A4800065737450574D526174696F006D617850F7
:10A490006F73006D617856656C0073746F705F6BDD
:10A4A000616C6D616E00657272436E7457007374F7
:10A4B0006F705F6D656D547374007265736574576A
:10A4C0000069646C655468727573740073746F709E
:10A4D0005F706F77657244697374007A72616E673A
:10A4E000650073746F705F72616E6765006261739F
:10A4F000655A6163630073746F705F73656E736632
:10A500007573696F6E360067726176697479580089
:10A5100067726176697479590067726176697479D6
:10A520005A006163635A62617365006973496E69B9
:10A530007400697343616C6962726174656400667A
:10A540007265710073746F705F736F756E64006D08
:10A5500031726571006D32726571006D33726571B3
:10A56000006D3472657100767800767900767A0035
:10A57000717561740073746F705F73746174654595
:10A580007374696D6174655A0073746F705F73746E
:10A59000617465457374696D617465006374725F9D
:10A5A0007961770073746F705F636F6E74726F6C34
:10A5B0006C65720073746F705F6D61670061736CBE
:10A5C0000074656D700070726573737572650073E9
:10A5D000746F705F6261726F0073746F705F61633C
:10A5E000630065737048756D616E00657370436FCD
:10A5F0006E660072745374616200696E74546F4FBA
:10A6000075740073746F705F73746162696C697ADA
:10A6100065720073746F705F6374726C74617267DB
:10A6200065745A0073746F705F6374726C746172D6
:10A6300067657400696E66646D7000707265666C43
:10A640007454696D656F7574006C616E64656454F3
:10A65000696D656F757400746D626C4368636B45FA
:10A660006E0073746F705F73757065727669736F67
:10A670007200696E666F0073746F700063616E665E
:10A680006C79006973466C79696E670069735475FB
:10A690006D626C65640073746F705F7379730061D1
:10A6A000726D656400636F6D6D616E646572576491
:10A6B000745761726E696E6700636F6D6D616E6471
:10A6C000657257647454696D656F757400656D6566
:10A6D0007267656E637953746F700069734372615A
:10A6E0007368656400707265666C69676874546944
:10A6F0006D656F7574006C616E64696E6754696D29
:10A70000656F7574004E6F7420696E697469616C51
:10A71000697A6564005072652D666C69676874209B
:10A72000636865636B73206E6F742070617373650B
:10A7300064005072652D666C696768742063686593
:10A74000636B732070617373656400526561647933
:10A7500020746F20666C79004C616E6465640057EC
:10A7600061726E696E672C206C6576656C206F7502
:10A770007400457863657074696F6E2C206672652D
:10A78000652066616C6C004C6F636B65640074617E
:10A79000736B44756D7000746573744C6F675061B2
:10A7A00072616D0073656C66746573745061737368
:10A7B000656400617373657274496E666F00646FDF
:10A7C00041737365727400666C617368006964300C
:10A7D00000696431006964320073746F705F637084
:10A7E00075006C6F674964006C6F674F74687249DD
:10A7F00064006D61746368416C676F0073746F709F
:10A800005F74646F61456E67696E6500737452783A
:10A8100000737445737400737454696D65007374C8
:10A82000466F756E64007374436300737448697493
:10A830000073744D69737300746F660074646F61A4
:10A8400000707265644E5800707265644E59006DF8
:10A850006561734E58006D6561734E590073746F76
:10A86000705F6B616C6D616E5F70726564006D65C9
:10A8700074686F6400627343616C696252657365EA
:10A88000740073797374656D5479706500627341F7
:10A890007661696C61626C650073746F705F6C697E
:10A8A000676874686F7573650076616C6964416E82
:10A8B000676C657300726177416E676C6530780014
:10A8C000726177416E676C65307900726177416EB5
:10A8D000676C65317800726177416E676C653179BC
:10A8E00000616E676C65307800616E676C65307909
:10A8F00000616E676C65317800616E676C653179F7
:10A9000000616E676C6530785F3100616E676C6501
:10A9100030795F3100616E676C6531785F3100615D
:10A920006E676C6531795F3100616E676C65307898
:10A930005F3200616E676C6530795F3200616E670F
:10A940006C6531785F3200616E676C6531795F32BA
:10A9500000616E676C6530785F3300616E676C65AF
:10A9600030795F3300616E676C6531785F33006109
:10A970006E676C6531795F3300726177416E676C29
:10A980006530786C683200726177416E676C653053
:10A99000796C683200726177416E676C6531786CF2
:10A9A000683200726177416E676C6531796C68322C
:10A9B00000616E676C6530785F306C683200616E84
:10A9C000676C6530795F306C683200616E676C650A
:10A9D00031785F306C683200616E676C6531795F29
:10A9E000306C683200776964746830007769647429
:10A9F0006831007769647468320077696474683319
:10AA000000636F6D53796E630062735265636569AD
:10AA100076650062734163746976650062734361B1
:10AA20006C556400627343616C436F6E00737461B4
:10AA3000747573007377656570537464007377651C
:10AA400065705374643200706F7352740065737470
:10AA500042733052740065737442733152740064EF
:10AA6000656C746100627347656F56616C00627358
:10AA700043616C56616C00656E4C6852617753742B
:10AA80007265616D0064697350726F62006C683248
:10AA90006D61785261746500726F6C6C5F6B7000F1
:10AAA000726F6C6C5F6B6900726F6C6C5F6B6400D3
:10AAB000726F6C6C5F6B66660070697463685F6B65
:10AAC000700070697463685F6B69007069746368B3
:10AAD0005F6B640070697463685F6B6666007961C0
:10AAE000775F6B70007961775F6B69007961775F81
:10AAF0006B64007961775F6B6666007261746546AE
:10AB0000696C74456E006F6D7846696C744375743A
:10AB1000006F6D7946696C74437574006F6D7A4689
:10AB2000696C744375740073746F705F7069645FEF
:10AB300072617465007961774D617844656C746108
:10AB40000061747446696C74456E00617474466982
:10AB50006C744375740073746F705F7069645F61C7
:10AB60007474697475646500726F6C6C5F6F757472
:10AB70005000726F6C6C5F6F75744900726F6C6C13
:10AB80005F6F75744400726F6C6C5F6F75744646CE
:10AB90000070697463685F6F7574500070697463E6
:10ABA000685F6F7574490070697463685F6F75746E
:10ABB000440070697463685F6F757446460079611C
:10ABC000775F6F757450007961775F6F75744900B6
:10ABD0007961775F6F757444007961775F6F757421
:10ABE000464600636D645F74687275737400636DCC
:10ABF000645F726F6C6C00636D645F70697463682E
:10AC000000636D645F79617700725F726F6C6C00D6
:10AC1000725F706974636800755F6163745F647903
:10AC20006E5F7000755F6163745F64796E5F710061
:10AC3000755F6163745F64796E5F720064755F70E5
:10AC40000064755F710064755F7200616E675F61BB
:10AC50006363656C5F7265665F7000616E675F61FC
:10AC60006363656C5F7265665F7100616E675F61EB
:10AC70006363656C5F7265665F7200726174655FC5
:10AC8000645B305D00726174655F645B315D0072AE
:10AC90006174655F645B325D0075665F7000756648
:10ACA0005F710075665F72004F6D6567615F665F1B
:10ACB00070004F6D6567615F665F71004F6D65671E
:10ACC000615F665F720073746F705F6374726C496A
:10ACD0004E4449007468727573745F74687265736A
:10ACE000686F6C6400626F756E645F6374726C5F32
:10ACF000696E7075740067315F700067315F710055
:10AD000067315F72006732007265665F6572725FFD
:10AD100070007265665F6572725F71007265665F72
:10AD20006572725F72007265665F726174655F70F2
:10AD3000007265665F726174655F71007265665F5F
:10AD4000726174655F720066696C745F6375746FBD
:10AD500066660066696C745F6375746F66665F72C1
:10AD6000006F757465724C6F6F70416374697665BE
:10AD700000616363656C7A007A6478007A647900B4
:10AD80007A647A00695F6572725F7800695F6572E4
:10AD9000725F7900695F6572725F7A0073746F70B9
:10ADA0005F6374726C4D656C006B705F7879006BDB
:10ADB000645F7879006B695F787900695F72616EB2
:10ADC00067655F7879006B705F7A006B645F7A000B
:10ADD0006B695F7A00695F72616E67655F7A006DAB
:10ADE000617373006D617373546872757374006B73
:10ADF000525F7879006B525F7A006B775F787900E9
:10AE00006B775F7A006B695F6D5F7879006B695F64
:10AE10006D5F7A006B645F6F6D6567615F72700074
:10AE2000695F72616E67655F6D5F787900695F72F7
:10AE3000616E67655F6D5F7A004E6F6E65005049A9
:10AE400044004D656C6C696E676572004272657393
:10AE50006369616E696E69006163747561746F72B4
:10AE6000546872757374007461755F7879007A65DF
:10AE700074615F7879007461755F7A007A657461D6
:10AE80005F7A007461755F7270006D6978696E67D2
:10AE90005F666163746F7200636F6C6C5F6661699B
:10AEA000726E6573730073746F705F6374726C415C
:10AEB000747400706F735265665F7800706F7352C0
:10AEC00065665F7900706F735265665F7A007665BC
:10AED0006C535F780076656C535F790076656C53D0
:10AEE0005F7A0076656C5265665F780076656C52B5
:10AEF00065665F790076656C5265665F7A00616EA3
:10AF000067535F726F6C6C00616E67535F7069743A
:10AF1000636800616E67535F79617700616E6746B1
:10AF20005F726F6C6C00616E67465F706974636816
:10AF300000616E67465F79617700616363526566A1
:10AF40005F78006163635265665F79006163635295
:10AF500065665F7A00616363535F78006163635382
:10AF60005F7900616363535F7A00616363465F7872
:10AF700000616363465F7900616363465F7A0061E5
:10AF8000636346545F780061636346545F79006190
:10AF9000636346545F7A006163634572725F780051
:10AFA0006163634572725F79006163634572725FCA
:10AFB0007A007068695F74696C64650074686574B0
:10AFC000615F74696C646500545F74696C646500EA
:10AFD000545F696E6E657200545F696E6E65725F74
:10AFE0006600545F696E6372656D656E74656400BA
:10AFF000636D645F70686900636D645F7468657435
:10B00000610073746F705F706F734374726C496E1C
:10B010006469004B5F78695F78004B5F78695F799E
:10B02000004B5F78695F7A004B5F6478695F7800F6
:10B030004B5F6478695F79004B5F6478695F7A0081
:10B0400070715F636C616D70696E6700784B6666E6
:10B0500000794B6666007A4B666600746872757399
:10B060007442617365007468727573744D696E0023
:10B07000724C696D697400704C696D697400785622
:10B08000656C4D6178007956656C4D6178007A5633
:10B09000656C4D61780073746F705F706F7343748B
:10B0A0006C5069640076784B700076784B69007656
:10B0B000784B640076784B46460076794B70007684
:10B0C000794B690076794B640076794B4646007679
:10B0D0007A4B7000767A4B6900767A4B6400767A08
:10B0E0004B46460073746F705F76656C43746C50AA
:10B0F00069640074617267657456580074617267A0
:10B100006574565900746172676574565A007461AB
:10B110007267657458007461726765745900626F74
:10B120006479565800626F6479565900626F647989
:10B130005800626F6479590056587000565869007B
:10B14000565864005658666600565970005659693C
:10B1500000565964005659666600565A7000565A91
:10B160006900565A6400565A66660073746F705FC1
:10B17000706F7343746C004B525F78004B525F7971
:10B18000004B525F7A004B775F78004B775F790016
:10B190004B775F7A004B706F735F5078004B706F26
:10B1A000735F5079004B706F735F507A004B706F14
:10B1B000735F4478004B706F735F4479004B706F1E
:10B1C000735F447A00746872757374536900746FA6
:10B1D000727175657800746F727175657900746F3E
:10B1E000727175657A007270797800727079790081
:10B1F0007270797A0072707964780072707964790B
:10B2000000727079647A006572726F725F706F732A
:10B2100078006572726F725F706F73790065727219
:10B220006F725F706F737A006572726F725F7665AE
:10B230006C78006572726F725F76656C790065720A
:10B24000726F725F76656C7A006F6D65676178000A
:10B250006F6D65676179006F6D6567617A006F6D0D
:10B260006567617278006F6D6567617279006F6DF7
:10B27000656761727A0073746F705F6374726C4C8F
:10B280006565004B495F78004B495F79004B495F2A
:10B290007A004A5F78004A5F79004A5F7A004B7013
:10B2A0006F735F505F6C696D6974004B706F735F93
:10B2B000445F6C696D6974004B706F735F4978000F
:10B2C0004B706F735F4979004B706F735F497A0001
:10B2D0004B706F735F495F6C696D69740072657361
:10B2E0006574457374696D6174696F6E00726F6225
:10B2F00075737454646F6100726F62757374547700
:10B300007200704E4163635F787900704E416363F1
:10B310005F7A00704E56656C00704E506F7300700F
:10B320004E417474006D4E4261726F006D4E4779EC
:10B33000726F5F726F6C6C7069746368006D4E47FA
:10B3400079726F5F79617700696E697469616C58B1
:10B3500000696E697469616C5900696E697469612C
:10B360006C5A00696E697469616C596177006C6828
:10B3700057696E0073746F705F6F75746C69657276
:10B380006600737461746558007374617465590064
:10B3900073746174655A00737461746550580073F6
:10B3A000746174655059007374617465505A007308
:10B3B0007461746544300073746174654431007362
:10B3C0007461746544320076617258007661725916
:10B3D000007661725A007661725058007661725040
:10B3E0005900766172505A0076617244300076617D
:10B3F0007244310076617244320071300071310064
:10B40000713200713300727455706461746500723A
:10B41000745072656400727446696E616C00727477
:10B4200041706E6400727452656A0073746F705F6D
:10B43000657374696D61746F7200436F6D706C65D4
:10B440006D656E74617279004B616C6D616E006543
:10B4500073744261726F6D657465720065737441D7
:10B460006363656C65726174696F6E0065737447C0
:10B4700079726F73636F7065006573745377656578
:10B4800070416E676C650073656E736F724964001E
:10B490006261736553746174696F6E496400737798
:10B4A0006565704964007377656570416E676C65AA
:10B4B000006573745961774572726F7200796177B4
:10B4C0004572726F7200657374466C6F77006573B6
:10B4D000744162736F6C7574654865696768740060
:10B4E000657374544F460065737444697374616E78
:10B4F00063650064697374616E636500657374509D
:10B500006F736500657374506F736974696F6E0053
:10B51000736F757263650065737454444F410069BD
:10B520006441006964420064697374616E636544D8
:10B5300069666600657374416C70686141736C0084
:10B54000657374416C7068615A720076656C46610F
:10B5500063746F720076656C5A416C706861007636
:10B560004163634465616462616E640073746F700B
:10B570005F706F73457374416C7400657374696DAB
:10B58000617465645A00657374565A0076656C6F11
:10B59000636974795A0072785F73746174650074BA
:10B5A000785F73746174650073746F705F44545294
:10B5B0005F503250007265766973696F6E30007249
:10B5C00065766973696F6E31006D6F646966696570
:10B5D000640073746F705F6669726D776172650085
:10B5E0006D61696E004E41006434316663333736F5
:10B5F0006533653100756E6E616D65640044454369
:10B600004B5F444953434F564552593A2042616378
:10B610006B656E6420666F756E643A2025730A0050
:10B620004445434B5F494E464F3A205761726E691D
:10B630006E6721204E6F2064726976657220666F96
:10B64000756E6420666F72206465636B2E0A004419
:10B6500045434B5F494E464F3A204552524F523A6E
:10B660002044726976657220506572697068207531
:10B670007361676520636F6E666C696374732077AE
:10B6800069746820612070726576696F75736C7972
:10B6900020656E756D657261746564206465636BA9
:10B6A000206472697665722E204E6F206465636B2C
:10B6B000732077696C6C20626520696E69746961BA
:10B6C0006C697A6564210A004445434B5F494E46E4
:10B6D0004F3A204552524F523A2044726976657271
:10B6E000204770696F20757361676520636F6E66B0
:10B6F0006C69637473207769746820612070726567
:10B7000076696F75736C7920656E756D657261749D
:10B710006564206465636B206472697665722E20AF
:10B720004E6F206465636B732077696C6C20626573
:10B7300020696E697469616C697A6564210A0044E4
:10B7400045434B5F494E464F3A205741524E494E72
:10B75000473A2054776F206465636B73207265717C
:10B760007569726520646966666572656E742065C8
:10B770007374696D61746F72730A004445434B5F63
:10B78000434F52453A202564206465636B28732932
:10B7900020666F756E640A004445434B5F434F5209
:10B7A000453A2043616C6C696E6720494E495420CC
:10B7B0006F6E2064726976657220257320666F72E1
:10B7C000206465636B2025690A004445434B5F4351
:10B7D0004F52453A2043616C6C696E6720494E496F
:10B7E0005420666F72206465636B2025690A0044EB
:10B7F00045434B5F434F52453A204465636B2025D8
:10B80000692074657374205B4F4B5D2E0A004445BC
:10B81000434B5F434F52453A204465636B20256993
:10B820002074657374205B4641494C5D2E0A0045C7
:10B83000543A2050696E3A257320213D202564201A
:10B840005B4641494C5D0A0045543A2062635270A0
:10B850006D20647269766572206E6F7420666F75F4
:10B860006E640A0045545F424F4C543A2050696E52
:10B870003A257320213D202564205B4641494C5DDB
:10B880000A00524144494F54455354005175616C6C
:10B8900069737973302E41005175616C69737973E6
:10B8A000312E30004143544956455F4D41524B457E
:10B8B000523A20496E636F6D70617469626C6520E5
:10B8C0006465636B2046570A004143544956454D11
:10B8D00041524B45522D4445434B00414354495638
:10B8E000455F4D41524B45523A204465636B2046BB
:10B8F000572025730A0041494445434B3A204E6F77
:10B90000742073657474696E67207570205769467A
:10B91000690A002E2E2F7372632F6465636B2F6488
:10B920007269766572732F7372632F6169646563E0
:10B930006B2E630077726974654F6B0062756632B7
:10B94000627566427974657341646465642826672C
:10B95000617038427566436F6E7465787429203C57
:10B960003D20667753697A65006275663262756656
:10B970004279746573416464656428266761703830
:10B98000427566436F6E7465787429203D3D206270
:10B990007566326275664279746573436F6E73754E
:10B9A0006D6564282667617038427566436F6E74F2
:10B9B0006578742900666C61736857726974746580
:10B9C0006E004572726F72207768696C6520696ECF
:10B9D000697469616C697A696E6720746865205062
:10B9E0004D57333930312073656E736F720A0046DC
:10B9F0004C4F57000102030405000708090A0B0019
:10BA000072696E6754696D6572004C48006C6564BC
:10BA100054696D65720044574D3A204572726F72D9
:10BA2000207768696C6520696E697469616C697AF0
:10BA3000696E672044574D313030300A0044574D0D
:10BA40003A204661696C656420746F20636F6E668E
:10BA5000696775726520445731303030210D0A0016
:10BA60004C50530044574D3A204175746F6D6174CA
:10BA70006963206D6F64653A2064657465637465FD
:10BA8000642025730A0044574D3A20537769746344
:10BA900068696E6720746F206D6F64652025730A76
:10BAA000002E2E2F7372632F6465636B2F6472698F
:10BAB000766572732F7372632F6C707354646F6149
:10BAC000325461672E63002E2E2F7372632F6465CC
:10BAD000636B2F647269766572732F7372632F6C58
:10BAE000707354646F61335461672E63002E2E2F80
:10BAF0007372632F6465636B2F647269766572730A
:10BB00002F7372632F6C70735477725461672E6356
:10BB1000004D523A20496E69742025732073656E7A
:10BB2000736F72205B4F4B5D0A004D523A20496E95
:10BB300069742025732073656E736F72205B4641B4
:10BB4000494C5D0A004D52004F413A2043616E6EF0
:10BB50006F742074657374204F41206465636B209B
:10BB600061207365636F6E642074696D650A004FB0
:10BB7000413A20496E69742066726F6E7420736555
:10BB80006E736F72205B4F4B5D0A004F413A204944
:10BB90006E69742066726F6E742073656E736F7257
:10BBA000205B4641494C5D0A004F413A20496E698D
:10BBB00074206261636B2073656E736F72205B4FDC
:10BBC0004B5D0A004F413A20496E697420626163FF
:10BBD0006B2073656E736F72205B4641494C5D0A42
:10BBE000004F413A20496E69742075702073656E6C
:10BBF000736F72205B4F4B5D0A004F413A20496ED4
:10BC000069742075702073656E736F72205B464196
:10BC1000494C5D0A004F413A20496E6974206C65B9
:10BC200066742073656E736F72205B4F4B5D0A0004
:10BC30004F413A20496E6974206C656674207365C3
:10BC40006E736F72205B4641494C5D0A004F413A6A
:10BC500020496E69742072696768742073656E7319
:10BC60006F72205B4F4B5D0A004F413A20496E696D
:10BC7000742072696768742073656E736F72205BDD
:10BC80004641494C5D0A007553443A204572726F33
:10BC900072207768696C6520696E697469616C6986
:10BCA0007A696E6720755344206465636B0A00757A
:10BCB00053443A206D6F756E742053442D43617266
:10BCC00064205B4F4B5D2E0A005553444C4F470098
:10BCD0007553443A206D6F756E742053442D436143
:10BCE0007264205B4641494C5D2E0A007553443A0C
:10BCF00020757364206465636B20777269746520B6
:10BD00006661696C7572652025640A002E2E2F739A
:10BD100072632F6465636B2F647269766572732F2B
:10BD20007372632F7573646465636B2E6300757340
:10BD30006454696D6572007553443A204C6F6767AF
:10BD4000696E6720746F3A2025730A00666978650A
:10BD5000644672657175656E63790028002E007502
:10BD600053443A2057726F746520256C642042203A
:10BD7000746F3A2025732028256C64206F66202577
:10BD80006C64206576656E7473290A007553443AB5
:10BD9000204661696C656420746F206F70656E2049
:10BDA00066696C653A2025730A007553443A20771A
:10BDB00061697420666F722073656E736F72730AA7
:10BDC000006F6E3A007553443A20556E6B6E6F7774
:10BDD0006E206576656E742025730A007553443AAB
:10BDE00020556E6B6E6F776E206C6F672076617278
:10BDF0006961626C652025732E25730A00755344B2
:10BE00003A20536B6970206C6F67207661726961AC
:10BE1000626C652025733A2025732E257320286FC8
:10BE20007574206F662073746F72616765290A00EC
:10BE30007553443A20536B697020636F6E6669676F
:10BE4000206166746572206576656E7420257320A6
:10BE5000286F7574206F662073746F72616765292F
:10BE60000A007553443A20436F6E66696720726515
:10BE70006164205B4F4B5D2E0A00636F6E666967DD
:10BE80002E747874007553443A20436F6E66696768
:10BE90002072656164205B4641494C5D2E0A007545
:10BEA00053443A206D616C6C6F6320627566666501
:10BEB0007220256420627974657320007553443ABA
:10BEC000205B4F4B5D2E0A00555344575249544551
:10BED000007553443A205B4641494C5D2E0A005A96
:10BEE00052414E474552005A52323A205A2D646F01
:10BEF000776E2073656E736F72205B4F4B5D0A0027
:10BF00005A52414E47455232005A52323A205A2D27
:10BF1000646F776E2073656E736F72205B46414964
:10BF20004C5D0A00414B383936333A2053656C6614
:10BF30002074657374202573205B4641494C5D2E47
:10BF4000206C6F773A2025642C20686967683A2056
:10BF500025642C206D656173757265643A202564D3
:10BF60000A00414B383936333A2053656C662074E9
:10BF7000657374205B4F4B5D2E0A00454550524F50
:10BF80004D3A2049324320636F6E6E656374696F6A
:10BF90006E205B4F4B5D2E0A00454550524F4D3A87
:10BFA0002049324320636F6E6E656374696F6E2043
:10BFB0005B4641494C5D2E0A002E2E2F7372632F73
:10BFC000647269766572732F7372632F6932635F6F
:10BFD0006472762E63002E2E2F7372632F64726943
:10BFE000766572732F7372632F6C65642E63006CB9
:10BFF0006564203C204C45445F4E554D002E2E2F4D
:10C000007372632F647269766572732F7372632F14
:10C010006C685F626F6F746C6F616465722E630031
:10C0200061646472657373203E3D204C485F4657DF
:10C030005F41444452006C656E677468203C3D204B
:10C040004C485F464C4153485F504147455F534918
:10C050005A45004C50533235483A2053656C66209F
:10C0600074657374202573205B4641494C5D2E2016
:10C070006C6F773A2025302E32662C20686967680D
:10C080003A2025302E32662C206D656173757265FD
:10C09000643A2025302E32660A0074656D70657230
:10C0A0006174757265002E2E2F7372632F6472692E
:10C0B000766572732F7372632F6D6F746F72732E48
:10C0C00063006964203C204E42525F4F465F4D4FF3
:10C0D000544F5253006272757368656400627275E2
:10C0E00073686C657373004D54522D4452563A2058
:10C0F0005573696E67202573206D6F746F722064AD
:10C1000072697665720A004D5055363530303A20E6
:10C1100053656C662074657374202573205B4641FB
:10C12000494C5D2E206C6F773A2025302E32662CDC
:10C1300020686967683A2025302E32662C206D65AC
:10C140006173757265643A2025302E32660A006785
:10C1500079726F2058006779726F20590067797281
:10C160006F205A00616363205800616363205900A7
:10C17000616363205A005B48617264206661756C7C
:10C18000742068616E646C65725D0A005230203DF7
:10C190002025780A005231203D2025780A005232AD
:10C1A000203D2025780A005233203D2025780A00C2
:10C1B000523132203D2025780A004C52203D202566
:10C1C000780A005043203D2025780A005053522021
:10C1D0003D2025780A0042464152203D2025780A1C
:10C1E0000043465352203D2025780A0048465352CA
:10C1F000203D2025780A0044465352203D202578D2
:10C200000A0041465352203D2025780A004D656DB5
:10C210004D616E616765004275734661756C7400AF
:10C2200055736167654661756C7400504D573A20CF
:10C230004D6F74696F6E20636869702069643A207D
:10C24000307825783A307825780A002E2E2F7372B0
:10C25000632F647269766572732F7372632F7561D1
:10C260007274322E6300727853747265616D002EA1
:10C270002E2F7372632F647269766572732F7372D7
:10C28000632F756172745F7379736C696E6B2E6363
:10C2900000552D534C4B3A2053544D20646D615042
:10C2A0006175736564436F756E7465723A20256CB1
:10C2B000640A00552D534C4B3A2053544D20646D65
:10C2C00061547853747265616D5061757365644330
:10C2D0006F756E7465723A20256C640A00552D5393
:10C2E0004C4B3A2053544D20646D61526573756D0B
:10C2F0006564436F756E7465723A20256C640A003C
:10C30000552D534C4B3A2053544D20646D61547855
:10C3100053747265616D526573756D6564436F75B5
:10C320006E7465723A20256C640A00552D534C4B8F
:10C330003A2053544D20646D6153656E64576869AB
:10C340006C654E726642756666657246756C6C3ACF
:10C3500020256C640A00564C583A204661696C6589
:10C3600064205648562063616C6962726174696F1B
:10C370006E0A00564C583A204661696C656420701C
:10C38000686173652063616C6962726174696F6E64
:10C390000A005359533A20546865207379737465C1
:10C3A0006D20726573756D656420616674657220B9
:10C3B0007761746368646F672074696D656F757405
:10C3C000205B5741524E494E475D0A002E2E2F7377
:10C3D00072632F647269766572732F7372632F773D
:10C3E00073323831325F6366322E63000A4D616CFE
:10C3F0006C6F63206661696C6564210A004D616C35
:10C400006C6F63206661696C6564000A53746163D4
:10C410006B206F766572666C6F77210A00537461CA
:10C42000636B206F766572666C6F77006C65647302
:10C43000657154696D6572004C4544534551434DD7
:10C4400044002E2E2F7372632F68616C2F737263FA
:10C450002F6F775F7379736C696E6B2E63004F5724
:10C460003A20436D6420307825582074696D656FDB
:10C4700075742E0A006C656E677468203C3D204F11
:10C48000575F4D41585F53495A45005057524D47E9
:10C490004E54002E2E2F7372632F68616C2F7372AF
:10C4A000632F726164696F6C696E6B2E6300702D0F
:10C4B0003E73697A65203C3D20435254505F4D41A4
:10C4C000585F444154415F53495A45006372747048
:10C4D0005061636B657444656C6976657279007848
:10C4E000517565756553656E64286372747050612B
:10C4F000636B657444656C69766572792C2026736C
:10C500006C702D3E6C656E6774682C203029203D60
:10C510003D2070645041535300494D553A20424DDF
:10C5200049303838204779726F20636F6E6E6563CB
:10C5300074696F6E205B4F4B5D2E0A00494D553A72
:10C5400020424D49303838204779726F20636F6E32
:10C550006E656374696F6E205B4641494C5D0A00ED
:10C56000494D553A20424D49303838204163636582
:10C570006C20636F6E6E656374696F6E205B4F4BEA
:10C580005D0A00494D553A20424D49303838204126
:10C590006363656C20636F6E6E656374696F6E2094
:10C5A0005B4641494C5D0A00494D553A20424D5089
:10C5B0003338382049324320636F6E6E6563746987
:10C5C0006F6E205B4F4B5D0A00494D553A20424D3E
:10C5D000503339302049324320636F6E6E65637487
:10C5E000696F6E205B4F4B5D0A00494D553A204202
:10C5F0004D503358582049324320636F6E6E656347
:10C6000074696F6E205B4641494C5D0A0053454E8C
:10C61000534F525300494D553A20424D4930383816
:10C62000206779726F2072657475726E696E67200B
:10C63000783D3020793D30207A3D30205B464149BD
:10C640004C45445D0A00494D553A20424D49303829
:10C6500038206779726F2073656C662D746573740A
:10C66000205B4F4B5D0A00494D553A20424D493001
:10C670003838206779726F2073656C662D74657326
:10C6800074205B4641494C45445D0A00494D553A8A
:10C6900020424D493038383A205573696E67204939
:10C6A000324320696E746572666163652E0A0049C3
:10C6B0004D553A20556E696E697469616C697A6589
:10C6C000640A00494D553A20424D493038382061BE
:10C6D00063632073656C662D74657374205B4F4BC8
:10C6E0005D0A00494D553A20424D493038382061A5
:10C6F00063632073656C662D74657374205B4641BB
:10C70000494C45445D0A00494D553A204143432078
:10C71000636F6E666967205B4641494C5D0A004D58
:10C720005055393235302049324320636F6E6E6583
:10C730006374696F6E205B4F4B5D2E0A004D505540
:10C74000393235302049324320636F6E6E65637431
:10C75000696F6E205B4641494C5D2E0A00414B38A3
:10C760003936332049324320636F6E6E65637469D6
:10C770006F6E205B4F4B5D2E0A00414B38393633CC
:10C780002049324320636F6E6E656374696F6E205B
:10C790005B4641494C5D2E0A004C505332354820CF
:10C7A00049324320636F6E6E656374696F6E205B00
:10C7B0004F4B5D2E0A004C505332354820493243CE
:10C7C00020636F6E6E656374696F6E205B464149CE
:10C7D0004C5D2E0A004572726F72207768696C6535
:10C7E00020696E697469616C697A696E6720736526
:10C7F0006E736F72207461736B0D0A004779726FEC
:10C800002076617269616E63652074657374205B64
:10C810004F4B5D0A00416363206C6576656C207444
:10C82000657374205B4F4B5D0A00416363206C6548
:10C8300076656C207465737420526F6C6C3A253089
:10C840002E32662C2050697463683A25302E326689
:10C85000205B4641494C5D0A004779726F20766142
:10C860007269616E63652074657374205B4641492B
:10C870004C5D0A005B4F4B5D005B4641494C5D00DF
:10C8800053544F524147453A205265666F726D616D
:10C890007474696E672073746F72616765202E2EE1
:10C8A0002E0A0053544F524147453A2053746F7239
:10C8B00061676520636865636B2025732E0A0053EA
:10C8C000544F524147453A204572726F723A2043A5
:10C8D000616E6E6F7420666F726D61742073746F19
:10C8E00072616765210A0053544F524147453A200F
:10C8F000557365642073746F726167653A202564AF
:10C90000206974656D2073746F7265642C202564D2
:10C910002042797465732F256420427974657320F1
:10C920002825642525290A0053544F524147453A8A
:10C9300020467261676D656E746174696F6E3A202E
:10C94000256425250A0053544F524147453A204556
:10C950006666696369656E63793A20446174613A19
:10C9600020256420427974657320282564252529B3
:10C970002C204B6579733A202564204279746573C5
:10C98000202825642525292C204D65746164617457
:10C99000613A202564204279746573202825642536
:10C9A00025290A00534C3A204E52462041646472B5
:10C9B0006573732072656365697665643A202564E2
:10C9C0000A00534C3A204E5246204368616E207252
:10C9D000656365697665643A2025640A00534C3ABC
:10C9E000204E5246205261746520726563656976F7
:10C9F00065643A2025640A00534C3A204E52462082
:10CA000044726F707065643A2025640A00534C3A92
:10CA1000204E52462075617274206572726F7220CA
:10CA2000636F64653A2025640A00534C3A204E52E5
:10CA3000462075617274206572726F7220636F7523
:10CA40006E743A2025640A00534C3A204E52462018
:10CA50007561727420636865636B73756D20312036
:10CA60006661696C20636F756E743A2025640A00F4
:10CA7000534C3A204E5246207561727420636865AB
:10CA8000636B73756D2032206661696C20636F750E
:10CA90006E743A2025640A00534C3A20556E6B6E32
:10CAA0006F776E207061636B65743A25582E0A00AB
:10CAB0005359534C494E4B007379736C696E6B54E8
:10CAC000696D6572002E2E2F7372632F68616C2F53
:10CAD0007372632F7379736C696E6B2E6300736C62
:10CAE000702D3E6C656E677468203C3D2053595331
:10CAF0004C494E4B5F4D545500534C3A205379737B
:10CB00006C696E6B204E52462064656275672070BA
:10CB1000726F626520696E697469616C697A6564B7
:10CB20000A004269746372617A652041420053547D
:10CB30004D3332205669727475616C20436F6D50AD
:10CB40006F727420696E204853206D6F64650043D6
:10CB500072617A79666C696520322E78005643508E
:10CB600020436F6E6669670056435020496E7465B6
:10CB700072666163650052617720435254502069A8
:10CB80006E74657266616365002E2E2F7372632F5B
:10CB900068616C2F7372632F7573626C696E6B2E94
:10CBA0006300702D3E73697A65203C205359534CC5
:10CBB000494E4B5F4D5455005553424C494E4B0026
:10CBC000464154333220202000222A3A3C3E3F7C0A
:10CBD0007F002B2C3B3D5B5D000201030007060834
:10CBE00000242526002E2E2F7372632F6D6F64751F
:10CBF0006C65732F7372632F636F6D6D616E646507
:10CC0000722E6300736574706F696E74517565750B
:10CC100065007072696F7269747951756575650028
:10CC20007065656B526573756C74203D3D20706452
:10CC300054525545003C463E0A002E2E2F73726317
:10CC40002F6D6F64756C65732F7372632F637274CD
:10CC5000705F636F6D6D616E6465725F67656E6551
:10CC60007269632E6300646174616C656E203D3D82
:10CC70002073697A656F6628737472756374206DAA
:10CC8000616E75616C5061636B65745F73290064DC
:10CC90006174616C656E203D3D2073697A656F66D5
:10CCA0002873747275637420686F7665725061635F
:10CCB0006B65745F732900646174616C656E203DFF
:10CCC0003D2073697A656F6628737472756374208A
:10CCD0007A44697374616E63655061636B65745FF8
:10CCE000732900646174616C656E203D3D20736939
:10CCF0007A656F66287374727563742076656C6FDD
:10CD0000636974795061636B65745F732900646152
:10CD100074616C656E203D3D2073697A656F66288D
:10CD200073747275637420616C74486F6C645061C5
:10CD3000636B65745F732900646174616C656E2058
:10CD40003E3D203900646174616C656E203D3D207C
:10CD500039202B2028322A76616C7565732D3E6848
:10CD600064722E6E756D4175784368616E6E656C88
:10CD7000732900646174616C656E203D3D207369A8
:10CD80007A656F66287374727563742066756C6C4F
:10CD900053746174655061636B65745F73290070CF
:10CDA0006B2D3E73697A65203E203000434D444828
:10CDB0004C002E2E2F7372632F6D6F64756C65732C
:10CDC0002F7372632F637274705F636F6D6D616E2A
:10CDD0006465722E6300646174616C656E203D3D14
:10CDE0002073697A656F6628737472756374206E38
:10CDF0006F74696679536574706F696E7473537478
:10CE00006F705061636B657429002E2E2F737263EF
:10CE10002F6D6F64756C65732F7372632F637274FB
:10CE2000705F636F6D6D616E6465725F727079744F
:10CE30002E6300656E4C684D74636853746D002EEC
:10CE40002E2F7372632F6D6F64756C65732F737201
:10CE5000632F637274705F6C6F63616C697A617465
:10CE6000696F6E5F736572766963652E63007261C8
:10CE70006E6765496E646578203C3D204E42525F86
:10CE80004F465F52414E4745535F494E5F504143C5
:10CE90004B455400435254502D5458004352545063
:10CEA0002D5258002E2E2F7372632F6D6F64756C88
:10CEB00065732F7372632F637274702E63007175C4
:10CEC000657565735B706F727449645D203D3D20CC
:10CED0004E554C4C007175657565735B706F72745F
:10CEE00049645D004269746372617A6520437261CE
:10CEF0007A79666C696500435254502D535256003E
:10CF00004553505F464C41534845523A2057726949
:10CF10007465206661696C6564202D2063616E6EA6
:10CF20006F742073796E63207769746820626F6F05
:10CF3000746C6F616465720A004553505F464C41E2
:10CF4000534845523A205772697465206661696C8E
:10CF50006564202D2063616E6E6F7420617474614E
:10CF600063682053504920666C6173680A0045531A
:10CF7000505F464C41534845523A204661696C65C2
:10CF80006420746F20737461727420666C617368BE
:10CF9000696E670A004553505F464C4153484552FD
:10CFA0003A20466C61736820777269746520666107
:10CFB000696C65640A00455350554152543A204506
:10CFC000535020554152542052583A20696E766190
:10CFD0006C6964207061796C6F6164206C656E3D72
:10CFE00025750A00455350554152543A2045535037
:10CFF00020554152542052583A20435243206D69E3
:10D00000736D617463682072783D307825303458D0
:10D010002063616C633D3078253034580A004553F5
:10D0200050554152543A20455350205541525420B6
:10D030006272696467653A206661696C6564207430
:10D040006F20637265617465206D757465780A0080
:10D05000455350554152543A204553502055415262
:10D06000542062726964676520656E61626C6564F4
:10D07000206F6E2055415254322061742025752056
:10D08000626175640A00455350554152543A204537
:10D090005350205541525420627269646765207470
:10D0A00061736B207374617274656420776974684E
:10D0B0006F757420696E69740A004553505541526A
:10D0C000543A20455350205541525420434D443A40
:10D0D00020636D643D307825303258206D6973735C
:10D0E000696E6720617267730A004553505541525B
:10D0F000543A20455350205541525420434D443A10
:10D1000020636D643D3078253032582072656C5F45
:10D11000683D252E32666D206475723D252E32667F
:10D12000732076656C3D252E32666D2F73207265F7
:10D1300073756C743D256420617474656D707473CF
:10D140003D25640A00455350554152543A204553F9
:10D1500050205541525420434D443A20756E6B6E19
:10D160006F776E20636D643D3078253032580A0049
:10D17000455350554152543A20554152542054453C
:10D180005354205258203C2D2045535033323A20DE
:10D1900025730A00455350554152543A2045535087
:10D1A00020554152542052583A2068756D616E20C6
:10D1B0007061636B657420746F6F2073686F727435
:10D1C00020282575290A00554152545F544553546F
:10D1D0005F46524F4D5F4352415A59464C494500B4
:10D1E000455350554152543A2055415254205445CC
:10D1F0005354205458202D3E2045535033323A206A
:10D2000025730A00455350554152543A2055415216
:10D21000542054455354205458206661696C656409
:10D220000A00455350554152543A20455350205519
:10D230004152542062726964676520616C69766549
:10D240003A2064657465637465643D257520636F79
:10D250006E663D2575206469723D25642074657392
:10D260007452783D256C75207465737454783D252F
:10D270006C750A004845414C54483A20416363208C
:10D280006E6F69736520666C6F6F7220766172696C
:10D29000616E636520582B593A25662C20285A3A2E
:10D2A0002566290A004845414C54483A204D6F7480
:10D2B0006F72204D25642076617269616E6365200E
:10D2C000582B593A20252E326620285A3A252E32DC
:10D2D00066292C20766F6C74616765207361673AEC
:10D2E000252E32660A004845414C54483A2049648C
:10D2F0006C653A252E3266207361673A20252E32FE
:10D30000660A004845414C54483A204261747465AD
:10D3100072792073616720647572696E67206C6F23
:10D32000616420746573742028252E3266203E20A7
:10D33000252E326629205B4641494C45445D2E0A24
:10D34000004845414C54483A2049646C653A252EC2
:10D35000326656207361673A20252E3266562028A1
:10D360003C20252E32665629205B4F4B5D0A004833
:10D3700045414C54483A2050726F70656C6C657230
:10D380002074657374206F6E204D2564205B4641C8
:10D39000494C5D2E206C6F773A2025302E32662C5A
:10D3A00020686967683A2025302E32662C206D652A
:10D3B0006173757265643A2025302E32660A004822
:10D3C00045414C54483A2050726F70656C6C6572E0
:10D3D0002074657374206F6E204D2564205B50416E
:10D3E00053535D2E206C6F773A2025302E32662CF9
:10D3F00020686967683A2025302E32662C206D65DA
:10D400006173757265643A2025302E32660A0048D1
:10D4100045414C54483A2050726F70656C6C65728F
:10D420002074657374206F6E204D25642E204E6F1E
:10D43000207468726573686F6C64207365742E2045
:10D440006D656173757265643A2025302E32660A07
:10D45000002E2E2F7372632F6D6F64756C65732FA2
:10D460007372632F6C6F672E63006C6F674279462F
:10D47000756E6374696F6E2D3E6163717569726557
:10D4800055496E7438006C6F67427946756E6374E7
:10D49000696F6E2D3E61637175697265496E74388E
:10D4A000006C6F67427946756E6374696F6E2D3ECE
:10D4B0006163717569726555496E743136006C6FC0
:10D4C00067427946756E6374696F6E2D3E61637154
:10D4D00075697265496E743136006C6F67427946C2
:10D4E000756E6374696F6E2D3E61637175697265E7
:10D4F00055496E743332006C6F67427946756E63BE
:10D5000074696F6E2D3E61637175697265496E74E1
:10D510003332006C6F67427946756E6374696F6E63
:10D520002D3E617175697265466C6F61740057417B
:10D53000524E494E473A204C4F47207061636B650D
:10D5400074732064726F70206465746563746564BD
:10D550002028256C75207061636B657473206C6F77
:10D560007374290A00706C6F7000436C69656E7487
:10D570002075736573206F6C64206C6F6767696ECC
:10D580006720415049210A00702E73697A65203C5A
:10D590003D20435254505F4D41585F444154415FD8
:10D5A00053495A45006C6F6754696D6572006C6F22
:10D5B000675661724964497356616C696428766183
:10D5C0007269642900566572696669636174696F7E
:10D5D0006E206661696C65643A2065787065637475
:10D5E00065643A2025642C2061637475616C3A206F
:10D5F00025642C20616464723A20256C750A002E23
:10D600002E2F7372632F6D6F64756C65732F737239
:10D61000632F6D656D2E630068616E646C65724486
:10D6200065662D3E7479706520213D2068616E64C9
:10D630006C6572735B695D2D3E74797065006E7206
:10D640004F6648616E646C657273203C204D415892
:10D650005F4E525F48414E444C45525300726567DD
:10D66000697374726174696F6E456E61626C656432
:10D67000006F774D656D48616E646C6572203D3D4D
:10D680002030006D656D4964203C206E724F664805
:10D69000616E646C657273006F774D656D48616E85
:10D6A000646C6572004D454D004D535020526571BC
:10D6B000756573742068617320696E76616C696446
:10D6C00020707265616D626C652025642025640A96
:10D6D000004D5350205265717565737420686173F5
:10D6E00020696E76616C696420646972656374692F
:10D6F0006F6E2025640A004D535020526571756588
:10D7000073742068617320696E76616C696420634C
:10D7100072632028256420213D202564290A0052B7
:10D720006571756573743A2025640A0052656365F6
:10D730006976656420696E76616C6964206F722019
:10D74000696D70726F7065726C7920666F726D6151
:10D7500074746564204D53502072657175657374DF
:10D760000A0043463220005265636569766564208D
:10D77000756E737570706F72746564204D535020B0
:10D78000726571756573743A2025640A002E2E2F18
:10D790007372632F6D6F64756C65732F7372632F73
:10D7A000706172616D5F6C6F6769632E63005061B9
:10D7B00072616D20415049205631206E6F74207384
:10D7C0007570706F7274656420616E796D6F7265CB
:10D7D000210A0070726D2F00504152414D5F564139
:10D7E0005249445F49535F56414C4944287661721F
:10D7F0006964290028706172616D735B766172697A
:10D80000642E696E6465785D2E74797065202620BB
:10D8100028504152414D5F545950455F494E542064
:10D820007C20504152414D5F524F4E4C5929292086
:10D830003D3D20504152414D5F545950455F494E46
:10D8400054005741524E494E473A20506172616D23
:10D8500020757064617465206E6F742073656E74DA
:10D860000A00504152414D005761726E696E673A2D
:10D870002073706972616C20616E676C65207361E2
:10D8800074757261746564206174203270690A0075
:10D890005761726E696E673A2073706972616C20AD
:10D8A000616E676C65207361747572617465642064
:10D8B0006174202D3270690A005761726E696E675B
:10D8C0003A207261646975732073657420746F20E7
:10D8D000302028776173206E6567617469766529E9
:10D8E000200A00504C4154464F524D2D5352560081
:10D8F0005741524E494E473A2069646C652074681E
:10D90000727573742077696C6C206265206F766520
:10D910007272696464656E20776974682076616CE0
:10D92000756520302E204175746F61726D696E6768
:10D930002063616E206E6F74206265206F6E2077A9
:10D9400068696C652069646C6520746872757374AD
:10D9500020697320686967686572207468616E2049
:10D96000302E20496620796F752077616E7420749F
:10D970006F207573652069646C65207468757374B5
:10D9800020706C6561736520757365207573652003
:10D9900061726D696E670A006D34774643496E7433
:10D9A00066004261642076616C756520666F722046
:10D9B00065666665637420283E206E6566666563ED
:10D9C00074290A00536F756E6454696D6572005353
:10D9D0005441423A205741524E494E473A207374BF
:10D9E0006162696C697A6572206C6F6F7020726118
:10D9F0007465206973206F66662028256C75290A76
:10DA000000535441423A204552524F523A207374C7
:10DA10006162696C697A65725461736B2069732005
:10DA2000626C6F636B696E670A002E2E2F737263D0
:10DA30002F6D6F64756C65732F7372632F737461D0
:10DA400062696C697A65722E6300535441423A20D0
:10DA50005761697420666F722073656E736F7220F0
:10DA600063616C6962726174696F6E2E2E2E0A009A
:10DA7000535441423A205374617274696E67207343
:10DA8000746162696C697A6572206C6F6F700A00EC
:10DA9000524154455F53555045525649534F5200D9
:10DAA00053544142494C495A45520065737055617F
:10DAB000727442726964676500535441423A20456A
:10DAC0005350205541525420627269646765206941
:10DAD0006E6974206661696C65640A005355503A3A
:10DAE0002053757065727669736F7220696E666F08
:10DAF000202D2D2D0A005355503A20537461746522
:10DB00003A2025730A005355503A20436F6E6469DA
:10DB100074696F6E733A20283078256C78290A0072
:10DB20005355503A202020257320283078256C78D2
:10DB3000293A2025750A005355503A204C6F636BE3
:10DB400065642C207265626F6F74207265717569EF
:10DB50007265640A005355503A20437261736865D8
:10DB6000642C207265636F766572792072657175B9
:10DB7000697265640A002E2E2F7372632F6D6F64B5
:10DB8000756C65732F7372632F7379736C6F616437
:10DB90002E63007461736B436F756E74203C205468
:10DBA00041534B5F4D41585F434F554E54005359BD
:10DBB000534C4F41443A205461736B2064756D702F
:10DBC0000A005359534C4F41443A204C6F61640949
:10DBD000537461636B206C656674094E616D650AF0
:10DBE000007461736B546F70496E646578203C20DB
:10DBF0005441534B5F4D41585F434F554E54005372
:10DC000059534C4F41443A20252E32662009257540
:10DC1000200925730A0021696E697469616C697A4B
:10DC20006564007379734C6F61644D6F6E69746FD6
:10DC30007254696D6572002E2E2F7372632F6D6F93
:10DC400064756C65732F7372632F73797374656D6C
:10DC50002E630053595354454D004D4F4449464996
:10DC6000454400434C45414E005359533A202D2D15
:10DC70002D2D2D2D2D2D2D2D2D2D2D2D2D2D2D2DD4
:10DC80002D2D2D2D2D2D2D2D2D2D0A005359533A8F
:10DC900020257320697320757020616E6420727571
:10DCA0006E6E696E67210A005359533A2050726FA5
:10DCB00064756374696F6E2072656C65617365204D
:10DCC00025730A005359533A204275696C64202524
:10DCD000733A257320282573292025730A00535988
:10DCE000533A204920616D2030782530385825304E
:10DCF00038582530385820616E6420492068617694
:10DD0000652025644B42206F6620666C6173682134
:10DD10000A005359533A2041626F757420746F2082
:10DD200072756E20746573747320696E20737973D5
:10DD300074656D2E632E0A005359533A207379731C
:10DD400074656D205B4641494C5D0A005359533A56
:10DD500020636F6E666967626C6F636B205B464120
:10DD6000494C5D0A005359533A2073746F726167CE
:10DD700065205B4641494C5D0A005359533A206384
:10DD80006F6D6D205B4641494C5D0A005359533A13
:10DD900020636F6D6D616E646572205B4641494C16
:10DDA0005D0A005359533A2073746162696C697A51
:10DDB0006572205B4641494C5D0A005359533A2035
:10DDC000657374696D61746F724B616C6D616E54D3
:10DDD00061736B205B4641494C5D0A005359533ACD
:10DDE000206465636B205B4641494C5D0A005359D2
:10DDF000533A20736F756E64205B4641494C5D0A4F
:10DE0000005359533A206D656D205B4641494C5D86
:10DE10000A005359533A2043525450206D656D20E7
:10DE20005B4641494C5D0A005359533A207761746F
:10DE30006368646F674E6F726D616C537461727466
:10DE4000205B4641494C5D0A005359533A206366B2
:10DE50004173736572744E6F726D616C537461724D
:10DE600074205B4641494C5D0A005359533A207077
:10DE70006565724C6F63616C697A6174696F6E205D
:10DE80005B4641494C5D0A005359533A2053656C37
:10DE900066207465737420706173736564210A0071
:10DEA0005359533A20537461727420666F726365DC
:10DEB000642E0A005359533A2046726565206865FE
:10DEC00061703A2025642062797465730A005359A1
:10DED000533A204E524635312076657273696F6E23
:10DEE0003A2025730A00504153535448524F554726
:10DEF00048002E2E2F7372632F6D6F64756C6573DF
:10DF00002F7372632F7663705F6573635F706173E5
:10DF1000737468726F7567682E63007851756575E4
:10DF20006553656E6446726F6D4953522870745222
:10DF30007851756575652C202643682C2026784815
:10DF400069676865725072696F7269747954617338
:10DF50006B576F6B656E29203D3D207064545255A0
:10DF60004500726563656976654368507472007830
:10DF7000517565756553656E642870745478517574
:10DF80006575652C202643682C203029203D3D20D6
:10DF90007064545255450078517565756553656ECA
:10DFA00064287074547851756575652C2026436813
:10DFB0002C20706F72744D41585F44454C41592973
:10DFC000203D3D20706454525545002E2E2F737213
:10DFD000632F7574696C732F696E74657266616303
:10DFE000652F63665F6D6174682E680041524D5FF6
:10DFF0004D4154485F53554343455353203D3D20C5
:10E00000726573756C740028616464726573732043
:10E01000262030783329203D3D2030002E2E2F73CE
:10E0200072632F6D6F64756C65732F7372632F6BE2
:10E03000616C6D616E5F636F72652F6B616C6D619A
:10E040006E5F636F72652E6300486D2D3E6E756D59
:10E05000526F7773203D3D203100486D2D3E6E7527
:10E060006D436F6C73203D3D204B435F53544154CF
:10E07000455F44494D002169736E616E28485048E0
:10E080005229002E2E2F7372632F6D6F64756C658D
:10E09000732F7372632F6C69676874686F7573652B
:10E0A0002F6C69676874686F7573655F636F7265FD
:10E0B0002E6300756172743151756575654D6178B7
:10E0C0004C656E6774682829203E3D2055415254A6
:10E0D0005F4652414D455F4C454E475448004C48C1
:10E0E0003A2046504741206E6F7420626F6F74650E
:10E0F000642E204C69676874686F75736520646965
:10E100007361626C6564210A004C483A2057617261
:10E110006E696E673A206E6F742067657474696EFD
:10E120006720646174612066726F6D20616C6C2081
:10E1300073656E736F72730A004C483A2020202575
:10E1400064202D204F4B0A004C483A2020202564A3
:10E15000202D206572726F720A004C483A20476F7A
:10E16000742063616C6962726174696F6E2066729B
:10E170006F6D2025303858206F6E206368616E6E99
:10E18000656C2025640A005B504153535D004C4888
:10E19000464C3A2043616E6E6F7420636F6D6D75EF
:10E1A0006E69636174652077697468206C6967685B
:10E1B00074686F75736520626F6F746C6F616465EE
:10E1C000722C2061626F7274696E67210A004C487C
:10E1D000464C3A204C69676874686F7573652062B5
:10E1E0006F6F746C6F616465722076657273696FAE
:10E1F0006E3A2025640A004C48464C3A2042697425
:10E2000073747265616D2043524333323A2025782E
:10E210002025730A004C48464C3A204669726D77B7
:10E220006172652076657273696F6E202564207651
:10E23000657269666965642C20626F6F74696E67C8
:10E24000206465636B210A004C48464C3A205468B0
:10E2500065206465636B2062697473747265616DB7
:10E2600020646F6573206E6F74206D617463682025
:10E27000746865207265717569726564206269747D
:10E2800073747265616D2E0A004C48464C3A2057F3
:10E29000652072657175697265206C69676874685C
:10E2A0006F7573652062697473747265616D206F38
:10E2B000662073697A6520256420616E642043526C
:10E2C0004333322025782E0A004C48464C3A204CE5
:10E2D000656176696E6720746865206465636B208C
:10E2E000696E20626F6F746C6F61646572206D6F10
:10E2F0006465202E2E2E0A006C682F7379732F30E0
:10E300002F67656F2F006C682F7379732F302F6321
:10E31000616C2F004C485F53544F52453A2057418F
:10E32000524E494E473A204661696C656420746FCD
:10E3300020706572736973742063616C69627261C5
:10E3400074696F6E206461746120666F722062610F
:10E3500073652073746174696F6E2025690A006C9F
:10E36000682F7379732F302F74797065006C682F64
:10E37000766572002E2E2F7372632F6D6F64756C2D
:10E3800065732F7372632F6C69676874686F757338
:10E39000652F6C69676874686F7573655F73746FF8
:10E3A000726167652E6300434F4E54524F4C4C458B
:10E3B000523A205573696E672025732028256429F9
:10E3C00020636F6E74726F6C6C65720A002E2E2F54
:10E3D0007372632F6D6F64756C65732F7372632F27
:10E3E000657374696D61746F722F657374696D61A3
:10E3F000746F725F6B616C6D616E2E630072756E0F
:10E400005461736B53656D6170686F7265004B4149
:10E410004C4D414E004553544B414C4D414E3A20DA
:10E420004174746974756465207265766572736988
:10E430006F6E2064656163746976617465642062DF
:10E4400079206465636B0A004553544B414C4D4140
:10E450004E3A205741524E494E473A204B616C6D1F
:10E46000616E2070726564696374696F6E20726199
:10E470007465206F66662028256C75290A0045534F
:10E48000544B414C4D414E3A205374617465206F9A
:10E490007574206F6620626F756E64732C207265D0
:10E4A00073657474696E670A00455354494D41544D
:10E4B0004F523A205573696E6720257320282564D2
:10E4C0002920657374696D61746F720A0043505836
:10E4D0002D4558542D524F555445523A2043616EA4
:10E4E0006E6F7420726F7574652066726F6D202573
:10E4F00073205B3078253032585D20746F205B309C
:10E5000078253032585D282575290A0053544D333B
:10E510003200524F555445522046524F4D205541DE
:10E5200052543200524F555445522046524F4D20BE
:10E53000494E5445524E414C004350582D45585475
:10E540002D524F555445523A2057616974696E6790
:10E5500020666F72204350582045787465726E6152
:10E560006C20726F7574657220696E697469616C74
:10E57000697A6174696F6E0A004350582D4558548A
:10E580002D524F555445523A2043505820457874E7
:10E5900065726E616C20726F7574657220696E6948
:10E5A0007469616C697A65642C204350585F5645E4
:10E5B0005253494F4E3A2025640A004350582D4982
:10E5C0004E542D524F555445523A204D6573736148
:10E5D0006765206F6E2066756E6374696F6E207755
:10E5E00068696368206973206E6F742068616E6467
:10E5F0006C6564202830782558290A002E2E2F7348
:10E6000072632F6D6F64756C65732F7372632F6304
:10E6100070782F6370785F756172745F7472616E69
:10E6200073706F72742E6300637263203D3D2063CC
:10E63000616C634372632826756172745278702925
:10E6400000287061636B65742D3E726F7574652E62
:10E6500064657374696E6174696F6E203E3E203428
:10E6600029203D3D203000287061636B65742D3E8C
:10E67000726F7574652E736F75726365203E3E20F0
:10E680003429203D3D2030007061636B65742D3E60
:10E69000646174614C656E677468203C3D20435032
:10E6A000585F554152545F5452414E53504F52544B
:10E6B0005F4D5455202D204350585F524F555449BB
:10E6C0004E475F5041434B45445F53495A450069AB
:10E6D00073496E6974203D3D20747275652026264D
:10E6E0002073687574646F776E5472616E73706FA7
:10E6F0007274203D3D2066616C7365007061636BD0
:10E7000065740073687574646F776E5472616E73AC
:10E71000706F72743D3D66616C73650041492D44B4
:10E7200045434B204553502052580041492D444504
:10E73000434B20455350205458004350583A2057DB
:10E7400069466920636F6E6E656374656420746FDB
:10E750002069703A2025752E25752E25752E257574
:10E760000A004350583A2043505820646973636F3D
:10E770006E6E65637465640A004350583A204350D6
:10E780005820636F6E6E65637465640A0043505869
:10E790003A2045535033323A202573004350583ABB
:10E7A00020474150383A202573004350583A2055AD
:10E7B0004E4B4E4F574E3A202573004350583A2047
:10E7C00044697361626C6520435058203C3E20438D
:10E7D000525450206272696467650A004350583A87
:10E7E00020456E61626C6520435058203C3E2043BA
:10E7F000525450206272696467650A004350583A67
:10E80000204E6F742068616E646C696E6720667557
:10E810006E6374696F6E205B3078253032585D20EE
:10E8200066726F6D205B3078253032585D0A004388
:10E8300050583A205741524E494E47212043505894
:10E840002076657273696F6E206D69736D61746394
:10E85000682E20476F742025692C207265717569B8
:10E8600072652025690A0043505800303B43463208
:10E870003000504C4154464F524D3A204C6F772057
:10E88000696E746572666572656E6365206D6F642E
:10E89000652E204E5246353120545820706F7765D2
:10E8A00072206F66667365742062792025646462E5
:10E8B0002E0D0A005359533A204173736572742028
:10E8C0006661696C65642025733A25640A005359B2
:10E8D000533A204E6F2061737365727420696E66BF
:10E8E0006F726D6174696F6E20666F756E640A0079
:10E8F0005359533A20417373657274206661696C91
:10E9000065642061742025733A25640A00535953C5
:10E910003A20486172646661756C742E2072303AD8
:10E920002025582C2072313A2025582C2072323A5A
:10E930002025582C2072333A2025582C2072313251
:10E940003A2025582C206C723A2025582C207063D0
:10E950003A2025582C207073723A2025580A00530B
:10E9600059533A20417373657274206661696C650E
:10E97000643A2025730A005359533A204173736552
:10E980007274206661696C65642C206275742075F0
:10E990006E6B6E6F776E20747970650A00535953F1
:10E9A0003A205468652073797374656D20726573BD
:10E9B000756D6564206166746572206120666169A9
:10E9C0006C656420617373657274205B5741524EAD
:10E9D000494E475D0A00434647424C4B3A20762554
:10E9E000642C20766572696669636174696F6E2054
:10E9F0005B4F4B5D0A00434647424C4B3A205665FD
:10EA000072696669636174696F6E205B4641494C47
:10EA10005D0A004572726F723A207461626C652003
:10EA2000636F72727570746564210A004572726F4B
:10EA3000723A206D656D6F72792066756C6C21007D
:10EA40002E2E2F76656E646F722F46726565525456
:10EA50004F532F6576656E745F67726F7570732E96
:10EA6000630070784576656E7447726F7570427595
:10EA700066666572007853697A65203D3D2073694A
:10EA80007A656F6628204576656E7447726F75707B
:10EA90005F74202900784576656E7447726F7570D3
:10EAA000002820757842697473546F576169744601
:10EAB0006F722026206576656E744556454E545F0C
:10EAC000424954535F434F4E54524F4C5F42595446
:10EAD00045532029203D3D203000757842697473EC
:10EAE000546F57616974466F7220213D20300021B8
:10EAF00028202820785461736B47657453636865D8
:10EB000064756C657253746174652829203D3D20DD
:10EB10007461736B5343484544554C45525F53559C
:10EB20005350454E4445442029202626202820784D
:10EB30005469636B73546F5761697420213D2030B1
:10EB400020292029002820757842697473546F4366
:10EB50006C6561722026206576656E744556454E5B
:10EB6000545F424954535F434F4E54524F4C5F429F
:10EB7000595445532029203D3D20300028207578E8
:10EB800042697473546F5365742026206576656EF0
:10EB9000744556454E545F424954535F434F4E545B
:10EBA000524F4C5F42595445532029203D3D20305F
:10EBB000002E2E2F76656E646F722F467265655239
:10EBC000544F532F706F727461626C652F474343CB
:10EBD0002F41524D5F434D34462F706F72742E6338
:10EBE000007578437269746963616C4E657374690A
:10EBF0006E67203D3D207E30554C002820706F729E
:10EC0000744E5649435F494E545F4354524C5F52D1
:10EC10004547202620706F72745645435441435433
:10EC20004956455F4D41534B2029203D3D20300042
:10EC30007578437269746963616C4E657374696E4B
:10EC40006700706F7274435055494420213D207015
:10EC50006F7274434F525445585F4D375F72307036
:10EC6000315F494400706F7274435055494420210C
:10EC70003D20706F7274434F525445585F4D375F5B
:10EC8000723070305F494400756343757272656E0F
:10EC9000745072696F72697479203E3D2075634DBE
:10ECA000617853797343616C6C5072696F726974E7
:10ECB00079002820706F727441495243525F524567
:10ECC00047202620706F72745052494F5249545950
:10ECD0005F47524F55505F4D41534B2029203C3DDB
:10ECE00020756C4D617850524947524F55505661CE
:10ECF0006C7565002E2E2F76656E646F722F4672CE
:10ED0000656552544F532F706F727461626C652F3A
:10ED10004D656D4D616E672F686561705F342E6360
:10ED20000028202820282073697A655F7420292014
:10ED300070784E6577426C6F636B4C696E6B2029FF
:10ED4000202620706F7274425954455F414C4947E8
:10ED50004E4D454E545F4D41534B2029203D3D20A3
:10ED6000300028202820282073697A655F742029C4
:10ED700020707652657475726E2029202620282016
:10ED800073697A655F74202920706F7274425954D8
:10ED9000455F414C49474E4D454E545F4D41534BA5
:10EDA0002029203D3D203000282070784C696E6B72
:10EDB0002D3E78426C6F636B53697A65202620780C
:10EDC000426C6F636B416C6C6F6361746564426924
:10EDD00074202920213D20300070784C696E6B2D05
:10EDE0003E70784E65787446726565426C6F636BF1
:10EDF000203D3D204E554C4C002E2E2F76656E64E6
:10EE00006F722F4672656552544F532F7175657539
:10EE1000652E63007078517565756500757851755C
:10EE20006575654C656E677468203E2028205542E4
:10EE3000617365547970655F7420292030007078A3
:10EE4000537461746963517565756520213D204E69
:10EE5000554C4C002128202820707563517565752C
:10EE60006553746F7261676520213D204E554C4C8F
:10EE7000202920262620282075784974656D53693D
:10EE80007A65203D3D203020292029002128202896
:10EE900020707563517565756553746F7261676530
:10EEA000203D3D204E554C4C202920262620282050
:10EEB00075784974656D53697A6520213D2030204D
:10EEC000292029007853697A65203D3D2073697AAD
:10EED000656F66282051756575655F742029002867
:10EEE0002075784974656D53697A65203D3D203001
:10EEF0002029207C7C202820757851756575654C0B
:10EF0000656E677468203D3D2028207851756575D1
:10EF10006553697A65496E4279746573202F20754F
:10EF2000784974656D53697A652029202900212864
:10EF300020282070764974656D546F51756575652C
:10EF4000203D3D204E554C4C2029202626202820AF
:10EF5000707851756575652D3E75784974656D538A
:10EF6000697A6520213D20282055426173655479D6
:10EF700070655F7420292030552029202900212820
:10EF800020282078436F7079506F736974696F6EB1
:10EF9000203D3D2071756575654F56455257524964
:10EFA0005445202920262620282070785175657523
:10EFB000652D3E75784C656E67746820213D203163
:10EFC00020292029006354784C6F636B20213D2059
:10EFD0007175657565494E54385F4D4158007078BC
:10EFE00051756575652D3E75784974656D53697AFF
:10EFF00065203D3D20300021282028207078517563
:10F000006575652D3E7578517565756554797065C2
:10F01000203D3D20717565756551554555455F49E4
:10F02000535F4D555445582029202626202820700E
:10F030007851756575652D3E752E7853656D6170D7
:10F04000686F72652E784D75746578486F6C64656D
:10F050007220213D204E554C4C202920290028208B
:10F060007078517565756520290021282028202891
:10F070002070764275666665722029203D3D204EDF
:10F08000554C4C20292026262028202820707851F5
:10F090007565756520292D3E75784974656D5369D0
:10F0A0007A6520213D20282055426173655479708E
:10F0B000655F742029203055202920290078496E69
:10F0C0006865726974616E63654F636375727265BA
:10F0D00064203D3D20706446414C5345002128206A
:10F0E00028207076427566666572203D3D204E553B
:10F0F0004C4C2029202626202820707851756575D3
:10F10000652D3E75784974656D53697A6520213D9A
:10F110002028205542617365547970655F742029F9
:10F1200020305520292029006352784C6F636B20D2
:10F13000213D207175657565494E54385F4D4158C4
:10F14000002E2E2F76656E646F722F4672656552A3
:10F15000544F532F7461736B732E63007078544354
:10F16000422D3E7563537461746963616C6C7941BF
:10F170006C6C6F6361746564203D3D2074736B53E8
:10F180005441544943414C4C595F414C4C4F4341CD
:10F190005445445F535441434B5F414E445F544395
:10F1A0004200707578537461636B42756666657270
:10F1B00020213D204E554C4C0070785461736B42B9
:10F1C000756666657220213D204E554C4C00785383
:10F1D000697A65203D3D2073697A656F6628205401
:10F1E00043425F7420290075785363686564756CC9
:10F1F000657253757370656E646564203D3D2030A3
:10F2000000707854434200785461736B546F5265B8
:10F2100073756D650049444C45007852657475728C
:10F220006E20213D20657272434F554C445F4E4F16
:10F23000545F414C4C4F434154455F5245515549F1
:10F240005245445F4D454D4F52590028206C69731B
:10F25000744C4953545F49535F454D5054592820CD
:10F26000707844656C617965645461736B4C697343
:10F2700074202920290075785363686564756C656E
:10F280007253757370656E64656400707850726552
:10F2900076696F757357616B6554696D65002820D9
:10F2A0007854696D65496E6372656D656E74203E54
:10F2B0002030552029006C69737443555252454ED5
:10F2C000545F4C4953545F4C454E475448282026C0
:10F2D0002820707852656164795461736B734C694E
:10F2E0007374735B207578546F705072696F7269B4
:10F2F0007479205D20292029203E20300070784537
:10F3000076656E744C6973740075785363686564D0
:10F31000756C657253757370656E64656420213D0C
:10F320002030007078556E626C6F636B6564544377
:10F33000420075785363686564756C6572537573C4
:10F3400070656E64656420213D20706446414C53B5
:10F350004500707854696D654F7574007078546914
:10F36000636B73546F576169740070785443422023
:10F370003D3D20707843757272656E74544342004F
:10F3800070785443422D3E75784D75746578657379
:10F3900048656C6400707854434220213D207078A9
:10F3A00043757272656E74544342007578496E6499
:10F3B0006578546F57616974203C20636F6E66698D
:10F3C000675441534B5F4E4F54494649434154495A
:10F3D0004F4E5F41525241595F454E545249455339
:10F3E000007578496E646578546F4E6F74696679FC
:10F3F000203C20636F6E6669675441534B5F4E4FEC
:10F4000054494649434154494F4E5F415252415934
:10F410005F454E545249455300785461736B546FA5
:10F420004E6F7469667900785469636B436F756ECB
:10F4300074203D3D2028205469636B547970655FCA
:10F440007420292030006C6973744C4953545F490F
:10F4500054454D5F434F4E5441494E455228202656
:10F46000282070785443422D3E784576656E744C62
:10F470006973744974656D20292029203D3D204E13
:10F48000554C4C007578496E646578546F436C65D3
:10F490006172203C20636F6E6669675441534B5F15
:10F4A0004E4F54494649434154494F4E5F41525291
:10F4B00041595F454E545249455300546D725100B5
:10F4C000546D7220537663002E2E2F76656E646F16
:10F4D000722F4672656552544F532F74696D657271
:10F4E000732E63007852657475726E00282078540C
:10F4F000696D6572506572696F64496E5469636BBA
:10F5000073203E20302029007853697A65203D3DE4
:10F510002073697A656F66282054696D65725F741F
:10F52000202900707854696D65724275666665724F
:10F53000007854696D65720078526573756C74005B
:10F540002820707854696D65722D3E7854696D6518
:10F5500072506572696F64496E5469636B73203EC3
:10F5600020302029002E2E2F76656E646F722F4674
:10F5700072656552544F532F73747265616D5F628B
:10F5800075666665722E63006D656D7365742820FF
:10F590007075634275666665722C202820696E74EA
:10F5A00020292078577269746556616C75652C2026
:10F5B0007842756666657253697A654279746573D7
:10F5C0002029203D3D207075634275666665720096
:10F5D00078436F756E74203E20282073697A655FCA
:10F5E0007420292030002820784E657874486561A1
:10F5F00064202B207846697273744C656E6774685A
:10F600002029203C3D20707853747265616D4275ED
:10F61000666665722D3E784C656E677468002820BA
:10F6200078436F756E74202D207846697273744C20
:10F63000656E6774682029203C3D20707853747291
:10F6400065616D4275666665722D3E784C656E67C4
:10F650007468007846697273744C656E67746820CC
:10F660003C3D20784D6178436F756E74002820789A
:10F670004E6578745461696C202B207846697273EA
:10F68000744C656E6774682029203C3D2070785367
:10F69000747265616D4275666665722D3E784C6563
:10F6A0006E677468007842756666657253697A653C
:10F6B0004279746573203E20736242595445535F0A
:10F6C000544F5F53544F52455F4D45535341474547
:10F6D0005F4C454E475448007842756666657253E4
:10F6E000697A654279746573203E203000785472DF
:10F6F00069676765724C6576656C427974657320DD
:10F700003C3D207842756666657253697A65427938
:10F7100074657300707853747265616D42756666C6
:10F720006572007076547844617461007852657136
:10F7300075697265645370616365203E2078446129
:10F7400074614C656E677468427974657300707893
:10F7500053747265616D4275666665722D3E7854AC
:10F7600061736B57616974696E67546F53656E643A
:10F77000203D3D204E554C4C0070765278446174CB
:10F780006100707853747265616D4275666665726A
:10F790002D3E785461736B57616974696E67546F5D
:10F7A00052656365697665203D3D204E554C4C00A1
:10F7B0009F99030829580008FD580008A7990308D5
:10F7C000B55A000899590008000000000000000028
:10F7D0000000000000000000000000000000000029
:10F7E0000000000000000000000000001900000000
:10F7F000395E0008A1600008355F0008E98E020844
:10F80000D18E0208458F02080100000000000000B0
:10F8100094C72B119D96010000000000000000001D
:10F8200000000000BCFF0000B099030800000000C9
:10F83000FFFFFFFF000000000000000000000000CC
:10F840000000000009650008FFFE0000BA990308E7
:10F8500000000000FFFFFFFF0000000000000000AC
:10F8600000000000B9680008E167000800080240D5
:10F8700000045458310000000008024000085258AB
:10F880003100000000000240200053434B00000004
:10F890000000024040004D4F53490000000002406C
:10F8A00080004D49534F0000000402400001494FC1
:10F8B00031000000000802400010494F34000000F1
:10F8C000BCFE0000C899030800000000E00300002F
:10F8D0000C0000000000000000000000000000001C
:10F8E00039690008BCFD0000D4990308000000003D
:10F8F000FFFFFFFF0000000000000000000000000C
:10F90000000000000566000800000000059A0308DA
:10F9100000000000000000000000000000000000E7
:10F9200000000000296B0008656A0008BC11000097
:10F93000639A0308000000000000000000000100BE
:10F9400000000000000000009D6C0008396C0008F9
:10F95000010000004ACB0308BC120000859A03088E
:10F96000000300009000000000000000A4F903085C
:10F970007CF90308E96D00083D6D0008AD6E0008D4
:10F9800000000000096D000801000000D8220020DE
:10F9900000000000000000008A9A03080000000038
:10F9A000416D0008A9EE010800000000216D00086B
:10F9B0000100000068850020000000000000000039
:10F9C0008F9A030800000000756D0008BC04000059
:10F9D000939A0308004300000000000000000000AC
:10F9E000000000000000000001700008000000009E
:10F9F000BC0F0000A39A03080C1C0000400000008C
:10FA0000020000000000000000000000ED7100088E
:10FA100061710008BC0A00009C9A03080C1C0000DD
:10FA20004000000002000000000000000000000094
:10FA30009571000845720008BC010000179B03087F
:10FA40000020000060000000000000000000000036
:10FA50000000000099800008000000001400000071
:10FA60001400000014000020000010000008000036
:10FA700004101010080808040404200000100000FE
:10FA80000800000400000200004040FF2020400861
:10FA9000081000000000000000000000000000004E
:10FAA00000000000000000000000000000202020F6
:10FAB0000808080202020000000000000000000028
:10FAC0000000000000000000000000000000000036
:10FAD00000000000170000007D720008118000087F
:10FAE000ED7F0008100000007972000859800008BE
:10FAF00035800008BC100000A19B03080300000033
:10FB00000000000002000100FCF7030800000000F4
:10FB1000E985000800000000BC060000DC9B03082B
:10FB2000001C0000130000000201000000000000A3
:10FB300000000000E9860008C186000813000000EC
:10FB4000415E0008BD6100080000000016000000D2
:10FB5000495E00088162000800000000000000000B
:10FB6000555E0008A9620008E15F0008120000006D
:10FB70005B5E0008DD6200081560000814000000EC
:10FB8000615E0008E162000819600008BC0C00001A
:10FB9000759E03080C00000000000000000000003B
:10FBA0000000000000000000899E0008E99D000898
:10FBB000BC0B00008B9E03080C000000000000003E
:10FBC000000000000000000000000000B1A00008DC
:10FBD000D19E0008BC080000C39E0308001C000062
:10FBE0008000000000000000000000000000000095
:10FBF00065A2000845A20008BC090000C99E0308D0
:10FC00000C000000000000000000000000000000E8
:10FC10000000000075AF0008C5AF0008BC0E000072
:10FC2000D39E03080C00000000000000000000004C
:10FC30000000000000000000E9AF0008DDAF000890
:10FC400000000000F39E03080000000060030000B5
:10FC500000000000000000000000000051B100089A
:10FC60000000000000540040000020001F000000C1
:10FC700020000000801A060002000000000402407C
:10FC800040000000060000000200000000040240E6
:10FC900080000000070000000400000000002000B9
:10FCA00000000002106002400B0000002000001065
:10FCB00008000010005C00400000800048000000C8
:10FCC00049000000801A0600010000000000024008
:10FCD00000010000080000000400000000080240CD
:10FCE00000020000090000000400000000002000E5
:10FCF00000000006406002400D00000000002010DF
:10FD000000000810000000000100000001000000D9
:10FD100001000000010000000000000004000000DD
:10FD200002000000010000000400000008000000C4
:10FD300000000000000C02400008024000080240E1
:10FD4000000802400008024000000000000000001F
:10FD5000000000000000D007E803E80300000000F6
:10FD60003200B6030000FFFF409CB8017003BA02E6
:10FD70004B02000000000000010000000200000033
:10FD80000300000000000000020000000004024028
:10FD90000002090000000000020000000000000056
:10FDA0000000000000000000040000000008004007
:10FDB0000000000004000000FF0000000000000040
:10FDC0000000000000000000000000000000000033
:10FDD000B18301080984010841830108E98301080E
:10FDE00000000000010000000000024000800F0041
:10FDF0000000000001000000000000000000000002
:10FE000000000000010000000000004000000000B1
:10FE100001000000FF0000000000000000000000E2
:10FE2000000000000000000000000000A5830108A1
:10FE3000FD830108D5810108B58301080000000099
:10FE4000020000000004024000080B000000000057
:10FE500001000000000000000000000000000000A1
:10FE60000100000000000040000000000100000050
:10FE7000FF00000000000000000000000000000083
:10FE80000000000000000000B1830108098401089F
:10FE900041830108E983010800000000010000001F
:10FEA000000002400200010000000000010000000C
:10FEB0000000000000000000000000000100000041
:10FEC000000000400000000001000000FF000000F2
:10FED0000000000000000000000000000000000022
:10FEE00000000000A983010801840108458201087F
:10FEF000C58301083C0A560A700A8B0AA60AC10A81
:10FF0000DD0AF80A150B310B4E0B6B0B880BA50B9A
:10FF1000C30BE10B000C1E0C3D0C5D0C7C0C9C0C0F
:10FF2000BD0CDD0CFE0C1F0D410D630D850DA80DE4
:10FF3000CB0DEE0D120E360E5A0E7F0EA40ECA0E0B
:10FF4000EF0E160F3C0F630F8B0FB30FDB0F031079
:10FF50002C1056108010AA10D41000112B1157111C
:10FF60008311B011DE110B12391268129712C712E9
:10FF7000F712271359138A13BC13EF1322145514C5
:10FF80008914BE14F31429155F159515CD150416A3
:10FF90003D167616AF16E91624175F179B17D8176C
:10FFA000151852189118CF180F194F199019D11907
:10FFB000131A561A9A1ADE1A221B681BAE1BF51B5F
:10FFC0003D1C851CCE1C181D621DAD1DF91D461E55
:10FFD000941EE21E311F811FD11F23207520C820CF
:10FFE0001C217121C7211D227422CD2226238023AA
:10FFF000DA2336249324F1244F25AF250F267126CA
:020000040804EE
:10000000D32636279B2700286728CE283629A02903
:100010000B2A762AE32A512BC02B302CA12C132D2E
:10002000862DFB2D712EE82E602FD92F5330CF3027
:100030004C31CA314A32CA324C33D0335434DA34B8
:100040006235EA35743600378D371B38AA383C39AB
:10005000CE39623AF83A8F3B273CC13C5D3DFA3DD0
:10006000983E383FDA3F7E402341CA4172421C43EA
:10007000C84376442545D64589463D47F447AC48B4
:100080006649224ADF4A9F4B614C244DEA4DB14EEE
:100090007B4F46501451E351B55289535E54365547
:1000A0001156ED56CB57AC588F59745A5C5B465C71
:1000B000325D215E125F0560FB60F361EE62EB630F
:1000C000EB64ED65F266FA670469116A206B336CC4
:1000D000486D5F6E7A6F9770B871DB7201742A7524
:1000E00056768577B778EC79247B5F7C9D7DDF7EC3
:1000F00024806C810000404085EB7140B81E754043
:1001000014AE7740C3F5784048E17A40A4707D4052
:1001100000008040AE478140333383400000000040
:100120002D4101085D41010811410108814101088B
:10013000E14001081D410108714001088D4001089E
:10014000A9400108C5400108C941010871420108E0
:1001500001000000B1450108E54801089545010886
:100160006149010865450108A1450108F5440108F8
:10017000114501082D45010849450108CD4A0108EE
:10018000414B01083031323334353637383941424A
:100190004344454643554541414141434545454911
:1001A000494941414592924F4F4F5555594F554FEF
:1001B0009C4F9E9F41494F55A5A5A6A7A8A9AAABAC
:1001C000ACADAEAFB0B1B2B3B4414141B8B9BABB56
:1001D000BCBDBEBFC0C1C2C3C4C54141C8C9CACBF2
:1001E000CCCDCECFD1D145454549494949D9DADBB6
:1001F000DCDD49DF4FE14F4F4F4FE6E8E8555555FD
:100200005959EEEFF0F1F2F3F4F5F6F7F8F9FAFBDD
:10021000FCFDFEFF01030507090E10121416181C41
:100220001E007D1D0100632C001E9601A01E5A01B8
:10023000001F0806101F0606201F0806301F0806AC
:10024000401F0606511F0700591F521F5B1F541FF6
:100250005D1F561F5F1F601F0806701F0E00BA1F2C
:10026000BB1FC81FC91FCA1FCB1FDA1FDB1FF81F08
:10027000F91FEA1FEB1FFA1FFB1F801F0806901FC4
:100280000806A01F0806B01F0400B81FB91FB21F40
:10029000BC1FCC1F0100C31FD01F0206E01F0206B7
:1002A000E51F0100EC1FF31F0100FC1F4E210100A0
:1002B000322170211002842101008321D0241A05EB
:1002C000302C2F04602C0201672C0601752C0201D2
:1002D000802C6401002D260841FF1A0300006100F4
:1002E0001A03E0001703F8000703FF00010078017C
:1002F0000001300132010601390110014A012E01CD
:100300007901060180014D004302810182018201D1
:100310008401840186018701870189018A018B019B
:100320008B018D018E018F0190019101910193014B
:100330009401F60196019701980198013D029B01F5
:100340009C019D0120029F01A001A001A201A20128
:10035000A401A401A601A701A701A901AA01AB015B
:10036000AC01AC01AE01AF01AF01B101B201B3010B
:10037000B301B501B501B701B801B801BA01BB01BC
:10038000BC01BC01BE01F701C001C101C201C30132
:10039000C401C501C401C701C801C701CA01CB011D
:1003A000CA01CD011001DD0101008E01DE01120143
:1003B000F3010300F101F401F401F8012801220224
:1003C00012013A020900652C3B023B023D02662CF9
:1003D0003F0240024102410246020A01530240002C
:1003E00081018601550289018A0158028F015A0252
:1003F00090015C025D025E025F0293016102620293
:1004000094016402650266026702970196016A021E
:10041000622C6C026D026E029C01700271029D01E1
:10042000730274029F0176027702780279027A02DF
:100430007B027C02642C7E027F02A6018102820282
:10044000A9018402850286028702AE014402B1013D
:10045000B20145028D028E028F0290029102B70115
:100460007B030300FD03FE03FF03AC0304008603CC
:10047000880389038A03B1031103C2030200A303A3
:10048000A303C4030803CC0303008C038E038F0370
:10049000D8031801F2030A00F903F303F403F50388
:1004A000F603F703F703F903FA03FA033004200312
:1004B00050041007600422018A043601C1040E01B1
:1004C000CF040100C004D0044401610526040000EB
:1004D000C700FC00E900E200E400E000E500E700FE
:1004E000EA00EB00E800EF00EE00EC00C400C500FD
:1004F000C900E600C600F400F600F200FB00F900B7
:10050000FF00D600DC00F800A300D800D70092015D
:10051000E100ED00F300FA00F100D100AA00BA00FA
:10052000BF00AE00AC00BD00BC00A100AB00BB0032
:1005300091259225932502252425C100C200C000E3
:10054000A9006325512557255D25A200A50010258A
:10055000142534252C251C2500253C25E300C3004B
:100560005A25542569256625602550256C25A4004B
:10057000F000D000CA00CB00C8003101CD00CE0091
:10058000CF0018250C2588258425A600CC008025C1
:10059000D300DF00D400D200F500D500B500FE0086
:1005A000DE00DA00DB00D900FD00DD00AF00B400A2
:1005B000AD00B1001720BE00B600A700F700B800DC
:1005C000B000A800B700B900B300B200A025A00099
:1005D00000000000010203040102030406070809E9
:1005E000020401070300FFFF09FFFFFFFFFF0A06E8
:1005F00000000000000000000000000000000000FB
:1006000000000000000000000000000000000000EA
:1006100000000000000000000000000000000000DA
:1006200000000000000000000000000000000000CA
:1006300000000000000000000000000000000000BA
:1006400000000000000000000000000000000000AA
:10065000000000000000000000000000000000009A
:10066000000000000000000000000000000000008A
:10067000000000000000000000000000000000007A
:10068000000000000000000000000000000000006A
:10069000000000000000000000000000000000005A
:1006A000000000000000000000000000000000004A
:1006B000000000000000000000000000000000003A
:1006C000000000000000000000000000000000002A
:1006D000000000000000000000000000000000001A
:1006E000000000000000000000000000000000000A
:1006F00000000000000000000000000000000000FA
:1007000000000000000000000000000000000000E9
:1007100000000000000000000000000000000000D9
:1007200000000000000000000000000000000000C9
:1007300000000000000000000000000000000000B9
:1007400000000000000000000000000000000000A9
:100750000000000000000000000000000000000099
:100760000000000000000000000000000000000089
:10077000000000007DCB010849CF0108FDCE010833
:1007800069CD010825CD0108D1CC010895CF01081C
:100790007FCB010891CC01084DCC010805CC0108A4
:1007A000A5CB0108000102040102040402010204B5
:1007B000000000040001020415000000CD0C020836
:1007C000D30C0208E90C0208020408FFFFFFFF0037
:1007D000000000000000000000010307010000000D
:1007E00001000000020000000600000018000000E8
:1007F00078000000D0020000B01300008C00000060
:1008000001000000B9000400F6000400B900100067
:10081000F600080025010400F6000400250104008C
:10082000F6001000250108007101040025010400F4
:10083000710104002501100071010800B8010400D5
:10084000DC00040025010400DC0010002501080084
:1008500071010200FF000000000000000000000025
:100860000000000000000000000000000000000088
:100870000000000000000000000000000000000078
:100880000000000000000000000000000000000068
:100890000000000000000000000000000000000058
:1008A0000000000000000000000000000000000048
:1008B0000000000000000000000000000000000038
:1008C0000000000000000000000000000000000028
:1008D0000000000000000000000000000000000018
:1008E0000000000000000000000000000000000008
:1008F00000000000000000000000000000000000F8
:1009000000000000000000000000000000000000E7
:1009100000000000000000000000000000000000D7
:1009200000000000000000000000000000000000C7
:1009300000000000000000000000000000000000B7
:10094000000000007800000001000000DC0004004E
:10095000DC000400DC000400AE000600050110000D
:10096000DC000400AE00060005011000DC000200FF
:100970004901040049010400490104005D01060029
:1009800005011000CF000400AE00060005011000B4
:10099000DC000200B8010400DC000600DC001000EE
:1009A000B80104009F0106008801100071011000C9
:1009B000490110005D01080000000800E90008007E
:1009C0003701040025010600150110000501100083
:1009D000F60010000501080000000800AE00080045
:1009E000CF000400AE000600DC001000050104008A
:1009F000DC0006000501100049010200B8010400F6
:100A0000DC000600DC001000B80104009F010600B5
:100A10008801100071011000490110005D010800FB
:100A200000000800E9000800370104002501060065
:100A30001501100071011000490110005D0108004E
:100A400000000800E9000800370104002501060045
:100A50001501100005011000F60010000501080046
:100A600000000800AE000800CF000400AE00060041
:100A700005011000DC000400AE00060005011000B6
:100A8000DC00020000000200FF000000780000000F
:100A90000100000037000400000010006E00040098
:100AA00000001000FF000000000000000000000037
:100AB0000000000000000000000000000000000036
:100AC0000000000000000000000000000000000026
:100AD0000000000000000000000000000000000016
:100AE0000000000000000000000000000000000006
:100AF00000000000000000000000000000000000F6
:100B000000000000000000000000000000000000E5
:100B100000000000000000000000000000000000D5
:100B200000000000000000000000000000000000C5
:100B300000000000000000000000000000000000B5
:100B400000000000000000000000000000000000A5
:100B50000000000000000000000000000000000095
:100B60000000000000000000000000000000000085
:100B70000000000000000000000000000000000075
:100B80000000000000000000000000000000000065
:100B90000000000000000000000000000000000055
:100BA0000000000000000000000000000000000045
:100BB0000000000000000000000000000000000035
:100BC0000000000000000000000000000000000025
:100BD000000000007800000001000000B8010800DB
:100BE000FE00000000000000000000000000000007
:100BF00000000000000000000000000000000000F5
:100C000000000000000000000000000000000000E4
:100C100000000000000000000000000000000000D4
:100C200000000000000000000000000000000000C4
:100C300000000000000000000000000000000000B4
:100C400000000000000000000000000000000000A4
:100C50000000000000000000000000000000000094
:100C60000000000000000000000000000000000084
:100C70000000000000000000000000000000000074
:100C80000000000000000000000000000000000064
:100C90000000000000000000000000000000000054
:100CA0000000000000000000000000000000000044
:100CB0000000000000000000000000000000000034
:100CC0000000000000000000000000000000000024
:100CD0000000000000000000000000000000000014
:100CE0000000000000000000000000000000000004
:100CF00000000000000000000000000000000000F4
:100D000000000000000000000000000000000000E3
:100D1000000000000000000000000000780000005B
:100D20000100000005010800FE00000000000000B6
:100D300000000000000000000000000000000000B3
:100D400000000000000000000000000000000000A3
:100D50000000000000000000000000000000000093
:100D60000000000000000000000000000000000083
:100D70000000000000000000000000000000000073
:100D80000000000000000000000000000000000063
:100D90000000000000000000000000000000000053
:100DA0000000000000000000000000000000000043
:100DB0000000000000000000000000000000000033
:100DC0000000000000000000000000000000000023
:100DD0000000000000000000000000000000000013
:100DE0000000000000000000000000000000000003
:100DF00000000000000000000000000000000000F3
:100E000000000000000000000000000000000000E2
:100E100000000000000000000000000000000000D2
:100E200000000000000000000000000000000000C2
:100E300000000000000000000000000000000000B2
:100E400000000000000000000000000000000000A2
:100E50000000000000000000000000000000000092
:100E600000000000780000000100000025010800DB
:100E7000B801080025010800FF0000000000000084
:100E80000000000000000000000000000000000062
:100E90000000000000000000000000000000000052
:100EA0000000000000000000000000000000000042
:100EB0000000000000000000000000000000000032
:100EC0000000000000000000000000000000000022
:100ED0000000000000000000000000000000000012
:100EE0000000000000000000000000000000000002
:100EF00000000000000000000000000000000000F2
:100F000000000000000000000000000000000000E1
:100F100000000000000000000000000000000000D1
:100F200000000000000000000000000000000000C1
:100F300000000000000000000000000000000000B1
:100F400000000000000000000000000000000000A1
:100F50000000000000000000000000000000000091
:100F60000000000000000000000000000000000081
:100F70000000000000000000000000000000000071
:100F80000000000000000000000000000000000061
:100F90000000000000000000000000000000000051
:100FA00000000000000000000000000078000000C9
:100FB0000100000025010400B8010400FE0000004B
:100FC0000000000000000000000000000000000021
:100FD0000000000000000000000000000000000011
:100FE0000000000000000000000000000000000001
:100FF00000000000000000000000000000000000F1
:1010000000000000000000000000000000000000E0
:1010100000000000000000000000000000000000D0
:1010200000000000000000000000000000000000C0
:1010300000000000000000000000000000000000B0
:1010400000000000000000000000000000000000A0
:101050000000000000000000000000000000000090
:101060000000000000000000000000000000000080
:101070000000000000000000000000000000000070
:101080000000000000000000000000000000000060
:101090000000000000000000000000000000000050
:1010A0000000000000000000000000000000000040
:1010B0000000000000000000000000000000000030
:1010C0000000000000000000000000000000000020
:1010D0000000000000000000000000000000000010
:1010E0000000000000000000000000000000000000
:1010F0000000000078000000010000000501100061
:1011000049011000880110000B020800FE000000D9
:1011100000000000000000000000000000000000CF
:1011200000000000000000000000000000000000BF
:1011300000000000000000000000000000000000AF
:10114000000000000000000000000000000000009F
:10115000000000000000000000000000000000008F
:10116000000000000000000000000000000000007F
:10117000000000000000000000000000000000006F
:10118000000000000000000000000000000000005F
:10119000000000000000000000000000000000004F
:1011A000000000000000000000000000000000003F
:1011B000000000000000000000000000000000002F
:1011C000000000000000000000000000000000001F
:1011D000000000000000000000000000000000000F
:1011E00000000000000000000000000000000000FF
:1011F00000000000000000000000000000000000EF
:1012000000000000000000000000000000000000DE
:1012100000000000000000000000000000000000CE
:1012200000000000000000000000000000000000BE
:101230000000000000000000000000007800000036
:10124000010000001604100016041000FE0000004B
:10125000000000000000000000000000000000008E
:10126000000000000000000000000000000000007E
:10127000000000000000000000000000000000006E
:10128000000000000000000000000000000000005E
:10129000000000000000000000000000000000004E
:1012A000000000000000000000000000000000003E
:1012B000000000000000000000000000000000002E
:1012C000000000000000000000000000000000001E
:1012D000000000000000000000000000000000000E
:1012E00000000000000000000000000000000000FE
:1012F00000000000000000000000000000000000EE
:1013000000000000000000000000000000000000DD
:1013100000000000000000000000000000000000CD
:1013200000000000000000000000000000000000BD
:1013300000000000000000000000000000000000AD
:10134000000000000000000000000000000000009D
:10135000000000000000000000000000000000008D
:10136000000000000000000000000000000000007D
:10137000000000000000000000000000000000006D
:1013800000000000780000000100000005011000CE
:1013900025011000490110005D01100088011000B6
:1013A000B8011000ED011000FF0000000000000077
:1013B000000000000000000000000000000000002D
:1013C000000000000000000000000000000000001D
:1013D000000000000000000000000000000000000D
:1013E00000000000000000000000000000000000FD
:1013F00000000000000000000000000000000000ED
:1014000000000000000000000000000000000000DC
:1014100000000000000000000000000000000000CC
:1014200000000000000000000000000000000000BC
:1014300000000000000000000000000000000000AC
:10144000000000000000000000000000000000009C
:10145000000000000000000000000000000000008C
:10146000000000000000000000000000000000007C
:10147000000000000000000000000000000000006C
:10148000000000000000000000000000000000005C
:10149000000000000000000000000000000000004C
:1014A000000000000000000000000000000000003C
:1014B000000000000000000000000000000000002C
:1014C00000000000000000000000000078000000A4
:1014D000010000000501020025010200490102008F
:1014E0005D01020088010200B8010200ED01020066
:1014F000FF000000000000000000000000000000ED
:1015000000000000000000000000000000000000DB
:1015100000000000000000000000000000000000CB
:1015200000000000000000000000000000000000BB
:1015300000000000000000000000000000000000AB
:10154000000000000000000000000000000000009B
:10155000000000000000000000000000000000008B
:10156000000000000000000000000000000000007B
:10157000000000000000000000000000000000006B
:10158000000000000000000000000000000000005B
:10159000000000000000000000000000000000004B
:1015A000000000000000000000000000000000003B
:1015B000000000000000000000000000000000002B
:1015C000000000000000000000000000000000001B
:1015D000000000000000000000000000000000000B
:1015E00000000000000000000000000000000000FB
:1015F00000000000000000000000000000000000EB
:1016000000000000000000000000000000000000DA
:10161000000000009FA6030883A603088CA6030809
:10162000A5A60308B9A60308CDA60308DBA60308F0
:10163000E5A60308F6A6030805A7030815A70308EF
:1016400032A703084BA7030885A6030858A7030879
:101650007CA803085FA7030872A7030887A70308ED
:10166000DDA603081C11002000110020000000006E
:10167000000000000000000000000000000000006A
:1016800039AE030879AE020891AE020895AE0208A1
:101690003EAE0308B1AD0208BDAD0208C1AD0208FF
:1016A00042AE0308A9A00208E1A00208E5A00208D2
:1016B000CFAC03088DB2020889BB0208A1B20208B0
:1016C0004CAE030831D502083DD5020841D50208C9
:1016D0007FB20308000000000000000000000000CE
:1016E0000000000039AE03085DD5020800000000CC
:1016F00061D5020865D502083AB4030851D702083B
:1017000000000000F9D902080DD7020848B4030808
:101710000100000087B403080100000090B4030832
:10172000010000009EB403080700000054AA03084B
:1017300007000000A6B4030807000000BDB40308BA
:1017400001000000F0B0030807000000F3B4030834
:101750000100000010B50308010000001FB50308D8
:101760000100000023B503080700000027B50308A7
:1017700030313233343536373839414243444546C7
:10178000060000000C510700244D070054450700D7
:10179000843D07009C390700CC310700E42D070089
:1017A000FC2907001426070074160700EC02070046
:1017B0004CF306007CEB0600C4DF060024D00600D4
:1017C0006CC40600E1E3000076C31FD400010000F2
:1017D00000000000920E493CB10AC93C2BC3163DE3
:1017E0002EFB483D752B7B3D04A9963D80B6AF3D51
:1017F00036BDC83D2FBCE13D73B2FA3D87CF093EEF
:101800008340163EB5AB223EA2102F3ECF6E3B3E2C
:10181000C2C5473E0115543E135C603E7F9A6C3E44
:10182000CCCF783EC07D823E938E883E229A8E3EFB
:1018300032A0943E86A09A3EE59AA03E128FA63E24
:10184000D47CAC3EEF63B23E2A44B83E491DBE3E56
:1018500015EFC33E53B9C93ECA7BCF3E4136D53E94
:1018600080E8DA3E4F92E03E7533E63EBBCBEB3E7E
:10187000EA5AF13ECBE0F63E275DFC3EE4E7003F4E
:101880003D9C033F824B063F9BF5083F6B9A0B3F05
:10189000DA390E3FCDD3103F2A68133FD9F6153FF2
:1018A000C07F183FC6021B3FD17F1D3FCBF61F3FB5
:1018B0009967223F25D2243F5636273F1594293F6A
:1018C0004AEB2B3FDE3B2E3FBB85303FC9C8323F42
:1018D000F304353F233A373F4268393F3B8F3B3F64
:1018E000F9AE3D3F67C73F3F70D8413F01E2433FFC
:1018F00003E4453F65DE473F12D1493FF8BB4B3F0C
:10190000029F4D3F207A4F3F3D4D513F4918533F75
:1019100031DB543FE595563F5348583F6AF2593FF3
:101920001A945B3F532D5D3F05BE5E3F2146603FED
:1019300097C5613F5A3C633F59AA643F880F663F91
:10194000D86B673F3CBF683FA7096A3F0C4B6B3FB2
:101950005E836C3F93B26D3F9ED86E3F73F56F3FD1
:101960000809713F5213723F4714733FDD0B743FF8
:101970000BFA743FC6DE753F07BA763FC58B773FDB
:10198000F853783F9812793F9DC7793F02737A3FA9
:10199000BE147B3FCDAC7B3F283B7C3FC9BF7C3F27
:1019A000AC3A7D3FCCAB7D3F23137E3FB0707E3F92
:1019B0006DC47E3F580E7F3F6D4E7F3FAB847F3FAF
:1019C0000FB17F3F97D37F3F43EC7F3F11FB7F3FBA
:1019D0000000803F11FB7F3F43EC7F3F97D37F3F69
:1019E0000FB17F3FAB847F3F6D4E7F3F580E7F3FEF
:1019F0006DC47E3FB0707E3F23137E3FCCAB7D3FF6
:101A0000AC3A7D3FC9BF7C3F283B7C3FCDAC7B3FA0
:101A1000BE147B3F02737A3F9DC7793F9812793F8E
:101A2000F853783FC58B773F07BA763FC6DE753FE0
:101A30000BFA743FDD0B743F4714733F5213723F30
:101A40000809713F73F56F3F9ED86E3F93B26D3FAB
:101A50005E836C3F0C4B6B3FA7096A3F3CBF683FFE
:101A6000D86B673F880F663F59AA643F5A3C633F73
:101A700097C5613F2146603F05BE5E3F532D5D3FE8
:101A80001A945B3F6AF2593F5348583FE595563FD9
:101A900031DB543F4918533F3D4D513F207A4F3F72
:101AA000029F4D3FF8BB4B3F12D1493F65DE473F98
:101AB00003E4453F01E2433F70D8413F67C73F3FE2
:101AC000F9AE3D3F3B8F3B3F4268393F233A373FBA
:101AD000F304353FC9C8323FBB85303FDE3B2E3F64
:101AE0004AEB2B3F1594293F5636273F25D2243FFA
:101AF0009967223FCBF61F3FD17F1D3FC6021B3F98
:101B0000C07F183FD9F6153F2A68133FCDD3103F49
:101B1000DA390E3F6B9A0B3F9BF5083F824B063F2D
:101B20003D9C033FE4E7003F275DFC3ECBE0F63EF3
:101B3000EA5AF13EBBCBEB3E7533E63E4F92E03EB8
:101B400080E8DA3E4136D53ECA7BCF3E53B9C93E26
:101B500015EFC33E491DBE3E2A44B83EEF63B23E78
:101B6000D47CAC3E128FA63EE59AA03E86A09A3E5B
:101B700032A0943E229A8E3E938E883EC07D823E55
:101B8000CCCF783E7F9A6C3E135C603E0115543E8C
:101B9000C2C5473ECF6E3B3EA2102F3EB5AB223EA4
:101BA0008340163E87CF093E73B2FA3D2FBCE13D1C
:101BB00036BDC83D80B6AF3D04A9963D752B7B3D33
:101BC0002EFB483D2BC3163DB10AC93C920E493C41
:101BD00000000000920E49BCB10AC9BC2BC316BD5F
:101BE0002EFB48BD752B7BBD04A996BD80B6AFBD4D
:101BF00036BDC8BD2FBCE1BD73B2FABD87CF09BEEB
:101C0000834016BEB5AB22BEA2102FBECF6E3BBE28
:101C1000C2C547BE011554BE135C60BE7F9A6CBE40
:101C2000CCCF78BEC07D82BE938E88BE229A8EBEF7
:101C300032A094BE86A09ABEE59AA0BE128FA6BE20
:101C4000D47CACBEEF63B2BE2A44B8BE491DBEBE52
:101C500015EFC3BE53B9C9BECA7BCFBE4136D5BE90
:101C600080E8DABE4F92E0BE7533E6BEBBCBEBBE7A
:101C7000EA5AF1BECBE0F6BE275DFCBEE4E700BF4A
:101C80003D9C03BF824B06BF9BF508BF6B9A0BBF01
:101C9000DA390EBFCDD310BF2A6813BFD9F615BFEE
:101CA000C07F18BFC6021BBFD17F1DBFCBF61FBFB1
:101CB000996722BF25D224BF563627BF159429BF66
:101CC0004AEB2BBFDE3B2EBFBB8530BFC9C832BF3E
:101CD000F30435BF233A37BF426839BF3B8F3BBF60
:101CE000F9AE3DBF67C73FBF70D841BF01E243BFF8
:101CF00003E445BF65DE47BF12D149BFF8BB4BBF08
:101D0000029F4DBF207A4FBF3D4D51BF491853BF71
:101D100031DB54BFE59556BF534858BF6AF259BFEF
:101D20001A945BBF532D5DBF05BE5EBF214660BFE9
:101D300097C561BF5A3C63BF59AA64BF880F66BF8D
:101D4000D86B67BF3CBF68BFA7096ABF0C4B6BBFAE
:101D50005E836CBF93B26DBF9ED86EBF73F56FBFCD
:101D6000080971BF521372BF471473BFDD0B74BFF4
:101D70000BFA74BFC6DE75BF07BA76BFC58B77BFD7
:101D8000F85378BF981279BF9DC779BF02737ABFA5
:101D9000BE147BBFCDAC7BBF283B7CBFC9BF7CBF23
:101DA000AC3A7DBFCCAB7DBF23137EBFB0707EBF8E
:101DB0006DC47EBF580E7FBF6D4E7FBFAB847FBFAB
:101DC0000FB17FBF97D37FBF43EC7FBF11FB7FBFB6
:101DD000000080BF11FB7FBF43EC7FBF97D37FBF65
:101DE0000FB17FBFAB847FBF6D4E7FBF580E7FBFEB
:101DF0006DC47EBFB0707EBF23137EBFCCAB7DBFF2
:101E0000AC3A7DBFC9BF7CBF283B7CBFCDAC7BBF9C
:101E1000BE147BBF02737ABF9DC779BF981279BF8A
:101E2000F85378BFC58B77BF07BA76BFC6DE75BFDC
:101E30000BFA74BFDD0B74BF471473BF521372BF2C
:101E4000080971BF73F56FBF9ED86EBF93B26DBFA7
:101E50005E836CBF0C4B6BBFA7096ABF3CBF68BFFA
:101E6000D86B67BF880F66BF59AA64BF5A3C63BF6F
:101E700097C561BF214660BF05BE5EBF532D5DBFE4
:101E80001A945BBF6AF259BF534858BFE59556BFD5
:101E900031DB54BF491853BF3D4D51BF207A4FBF6E
:101EA000029F4DBFF8BB4BBF12D149BF65DE47BF94
:101EB00003E445BF01E243BF70D841BF67C73FBFDE
:101EC000F9AE3DBF3B8F3BBF426839BF233A37BFB6
:101ED000F30435BFC9C832BFBB8530BFDE3B2EBF60
:101EE0004AEB2BBF159429BF563627BF25D224BFF6
:101EF000996722BFCBF61FBFD17F1DBFC6021BBF94
:101F0000C07F18BFD9F615BF2A6813BFCDD310BF45
:101F1000DA390EBF6B9A0BBF9BF508BF824B06BF29
:101F20003D9C03BFE4E700BF275DFCBECBE0F6BEEF
:101F3000EA5AF1BEBBCBEBBE7533E6BE4F92E0BEB4
:101F400080E8DABE4136D5BECA7BCFBE53B9C9BE22
:101F500015EFC3BE491DBEBE2A44B8BEEF63B2BE74
:101F6000D47CACBE128FA6BEE59AA0BE86A09ABE57
:101F700032A094BE229A8EBE938E88BEC07D82BE51
:101F8000CCCF78BE7F9A6CBE135C60BE011554BE88
:101F9000C2C547BECF6E3BBEA2102FBEB5AB22BEA0
:101FA000834016BE87CF09BE73B2FABD2FBCE1BD18
:101FB00036BDC8BD80B6AFBD04A996BD752B7BBD2F
:101FC0002EFB48BD2BC316BDB10AC9BC920E49BC3D
:101FD0000000008002020500010A938575634B3200
:101FE0001D00182D3F4C5762747A848E897A695887
:101FF000452F190015304F697F93A0A9B2C56E69AE
:10200000645D5245331B0015232A313E474C51561F
:10201000C6BBB3A38F7F6D543B1F00244154616A3C
:102020006E700000000000006937AC316821223377
:10203000B40F14336821A2333863ED3EDA0F493F01
:102040005E987B3FDA0FC93F00000080DB0F4940FC
:10205000DB0F49C0DB0F49BFE4CB1640E4CB16C011
:10206000D1F71737D1F717B78071313F807131BF82
:102070000000003F000000BF0000000000000080E2
:10208000000FC93F000F494000CB9640000FC940E8
:102090000053FB4000CB164100ED2F41000F49419A
:1020A0000031624100537B41003A8A4100CB9641A6
:1020B000005CA34100EDAF41007EBC41000FC9416F
:1020C00000A0D5410031E24100C2EE410053FB4186
:1020D00000F20342003A0A420083104200CB16424B
:1020E00000141D42005C234200A5294200ED2F424E
:1020F00000363642007E3C4200C74242000F494251
:10210000A2000000F9000000830000006E00000043
:102110004E000000440000001500000029000000EF
:10212000FC0000002700000057000000D100000064
:10213000F500000034000000DD000000C0000000D9
:10214000DB00000062000000950000009900000024
:102150003C0000004300000090000000410000002F
:10216000FE0000005100000063000000AB00000012
:10217000DE000000BB000000C500000061000000A0
:10218000B7000000240000006E0000003A000000CC
:10219000420000004D000000D2000000E0000000FE
:1021A00006000000490000002E000000EA000000C8
:1021B00009000000D1000000920000001C00000097
:1021C000FE0000001D000000EB0000001C000000ED
:1021D000B100000029000000A70000003E00000040
:1021E000E80000008200000035000000F50000005B
:1021F0002E000000BB00000044000000840000002E
:10220000E90000009C0000007000000026000000B3
:10221000B40000005F0000007E00000041000000EC
:102220003900000091000000D600000039000000D5
:10223000830000005300000039000000F40000009B
:102240009C000000840000005F0000008B00000084
:10225000BD000000F9000000280000003B00000065
:102260001F000000F800000097000000FF000000C1
:10227000DE00000005000000980000000F000000D4
:10228000EF0000002F000000110000008B00000094
:102290005A0000000A0000006D0000001F0000004E
:1022A0006D000000360000007E000000CF0000003E
:1022B00027000000CB00000009000000B70000006C
:1022C0004F000000460000003F00000066000000D4
:1022D0009E0000005F000000EA0000002D000000EA
:1022E0007500000027000000BA000000C7000000D1
:1022F000EB000000E5000000F10000007B000000A2
:102300003D0000000700000039000000F700000059
:102310008A0000005200000092000000EA00000065
:102320006B000000FB0000005F000000B100000037
:102330001F0000008D0000005D000000080000008C
:1023400056000000030000003000000046000000BE
:10235000FC0000007B0000006B000000AB000000F0
:10236000F0000000CF000000BC00000020000000D2
:102370009A000000F4000000360000001D0000007C
:10238000A9000000E30000009100000061000000CF
:102390005E000000E60000001B00000008000000D6
:1023A0006500000099000000850000005F0000004B
:1023B00014000000A00000006800000040000000C1
:1023C0008D000000FF000000D80000008000000029
:1023D0004D000000730000002700000031000000E5
:1023E0000600000006000000150000005600000076
:1023F000CA00000073000000A8000000C90000002F
:1024000060000000E20000007B000000C00000004F
:102410008C0000006B0000000000C93F0000F03994
:102420000000DA370000A2330000842E0000502B99
:102430000000C2270000D0220000C41F0000C61BFD
:10244000000044170400000007000000090000001D
:102450000020202020202020202028282828282074
:10246000202020202020202020202020202020206C
:1024700020881010101010101010101010101010D4
:1024800010040404040404040404041010101010C4
:10249000101041414141414101010101010101018E
:1024A00001010101010101010101010110101010E0
:1024B0001010424242424242020202020202020260
:1024C00002020202020202020202020210101010B4
:1024D00020000000000000000000000000000000DC
:1024E00000000000000000000000000000000000EC
:1024F00000000000000000000000000000000000DC
:1025000000000000000000000000000000000000CB
:1025100000000000000000000000000000000000BB
:1025200000000000000000000000000000000000AB
:10253000000000000000000000000000000000009B
:10254000000000000000000000000000000000008B
:102550000000000081000000FB990308000000005B
:10256000000000000000000008000000DF990308E0
:10257000A501002000000000000000000000000095
:10258000E7990308A40100200000000000000000FB
:1025900008000000ED990308BF22002000000000A1
:1025A0000000000080000000F69903080000000011
:1025B000000000000000000081000000439A0308B2
:1025C00000000000000000000000000068000000A3
:1025D0002F9A0308B41E0020000000000000000035
:1025E000800000003E9A0308000000000000000088
:1025F0000000000081000000439A03080000000072
:10260000000000000000000068000000859A030838
:10261000B51E002000000000000000008000000047
:102620003E9A0308000000000000000000000000C7
:1026300081000000439A0308000000000000000031
:102640000000000068000000939A0308B61E0020F6
:102650000000000000000000800000003E9A030817
:1026600000000000000000000000000081000000E9
:10267000439A030800000000000000000000000072
:10268000680000009C9A0308572400200000000006
:102690000000000068000000A39A030856240020F0
:1026A0000000000000000000800000003E9A0308C7
:1026B0000000000000000000000000008100000099
:1026C000439A030800000000000000000000000022
:1026D00068000000179B0308B71E002000000000E0
:1026E00000000000800000003E9A03080000000087
:1026F000000000000000000081000000439A030871
:102700000000000000000000000000006800000061
:10271000A19B0308B81E002000000000000000007C
:10272000800000003E9A0308000000000000000046
:102730000000000081000000439A03080000000030
:10274000000000000000000068000000D29B0308A9
:10275000B91E00200000000000000000680000001A
:10276000DC9B0308B91E00200000000000000000F0
:10277000800000003E9A03080000000000000000F6
:102780000000000081000000439A030800000000E0
:10279000000000000000000068000000759E0308B3
:1027A000BA1E0020000000000000000080000000B1
:1027B0003E9A030800000000000000000000000036
:1027C00081000000439A03080000000000000000A0
:1027D00000000000480000008B9E0308BB1E002084
:1027E0000000000000000000800000003E9A030886
:1027F0000000000000000000000000008100000058
:10280000439A0308000000000000000000000000E0
:1028100068000000C39E0308BC1E002000000000EA
:1028200000000000800000003E9A03080000000045
:10283000000000000000000081000000439A03082F
:102840000000000000000000000000006800000020
:10285000C99E0308BD1E002000000000000000000B
:10286000800000003E9A0308000000000000000005
:102870000000000081000000439A030800000000EF
:10288000000000000000000068000000D39E030864
:10289000BE1E0020000000000000000080000000BC
:1028A0003E9A030800000000000000000000000045
:1028B00081000000229A03080000000000000000D0
:1028C0000000000038010000489A0308A801002019
:1028D0000000000000000000380100004E9A0308CC
:1028E000A9010020000000000000000038010000E5
:1028F000539A0308AA010020000000000000000015
:1029000038010000589A0308AB01002000000000C5
:1029100000000000380100004ACB0308A601002097
:102920000000000000000000080000005E9A03089C
:10293000D522002000000000000000008000000000
:102940001D9A0308000000000000000000000000C5
:1029500081000000CE9A0308000000000000000083
:102960000000000008000000AB9A03084924002082
:10297000000000000000000008000000B39A0308F7
:102980004824002000000000000000002600000095
:10299000BC9A0308B80100200000000000000000FD
:1029A00080000000C99A0308000000000000000039
:1029B0000000000081000000309B030800000000C0
:1029C000000000000000000028000000219B030818
:1029D0001025002000000000000000008000000022
:1029E0002B9B030800000000000000000000000016
:1029F00081000000309B0308000000000000000080
:102A0000000000000800000048A003089D510020BD
:102A1000414F0108000000000800000055A0030815
:102A20009C5100209D4E0108000000008000000025
:102A30002B9B0308000000000000000000000000C5
:102A400081000000309B030800000000000000002F
:102A500000000000280000008EA703085CAF0020E3
:102A60000000000000000000800000002B9B030815
:102A700000000000000000000000000081000000D5
:102A8000309B030800000000000000000000000070
:102A900060000000A4A703087BB400200000000031
:102AA0000000000008000000B3A703087AB400206B
:102AB00000000000000000000800000097A70308C5
:102AC00069B40020000000000000000008000000C1
:102AD000BEA7030868B40020F55A020800000000F1
:102AE000800000002B9B0308000000000000000095
:102AF00000000000810000009C9B03080000000013
:102B0000000000000000000038010000389B0308AE
:102B10004402002000000000000000006A000000E5
:102B2000379B0308842500200000000000000000FF
:102B3000280000003F9B0308420200200000000024
:102B40000000000028000000489B0308410200200C
:102B5000000000000000000028000000539B030854
:102B600040020020000000000000000028000000DB
:102B70005D9B03088025002000000000000000008D
:102B8000260000006D9B03083C02002000000000AE
:102B90000000000026000000799B03083802002096
:102BA00000000000000000002A000000849B0308D1
:102BB0005425002000000000000000002600000056
:102BC0008E9B03083402002000000000000000007B
:102BD00080000000979B0308000000000000000038
:102BE0000000000081000000B49B0308000000000A
:102BF0000000000000000000280000004ACB03088D
:102C0000BE02002000000000000000008000000064
:102C1000AF9B03080000000000000000000000005F
:102C200081000000FF9B030800000000000000007E
:102C30000000000006000000F39B0308E0020020F3
:102C4000000000000000000080000000FA9B030864
:102C500000000000000000000000000081000000F3
:102C6000929C03080000000000000000000000002B
:102C700006000000F39B0308782B002000000000F2
:102C800000000000800000008D9C03080000000090
:102C9000000000000000000081000000699E0308A1
:102CA000000000000000000000000000090000001B
:102CB000599E0308C8040020000000000000000026
:102CC00080000000649E0308000000000000000077
:102CD0000000000081000000B09E0308000000001A
:102CE000000000000000000068000000B49E03081F
:102CF000402D00200000000000000000280000001F
:102D0000BB9E0308502D00200000000000000000C2
:102D100080000000AB9E03080000000000000000DF
:102D20000000000081000000069F03080000000072
:102D3000000000000000000008000000F99E0308E9
:102D40006C380020C9CC00080000000080000000A2
:102D5000019F0308000000000000000000000000C8
:102D600081000000219F0308000000000000000017
:102D70000000000028000000159F0308943900207F
:102D8000000000000000000029000000DE9E030893
:102D90008C39002000000000000000002900000025
:102DA000E19E03088E3900200000000000000000B2
:102DB00029000000E49E0308903900200000000074
:102DC0000000000029000000E79E0308923900205F
:102DD0000000000000000000800000001C9F0308AD
:102DE0000000000000000000000000008100000062
:102DF000F69E030800000000000000000000000034
:102E0000360100002F9F03089C09002000000000ED
:102E100000000000360100003A9F0308A0090020CE
:102E20000000000000000000800000004D9F03082B
:102E30000000000000000000000000008100000011
:102E4000E59F0308000000000000000000000000F3
:102E500048000000C29F0308FC4C00200000000056
:102E60000000000016010000C99F0308F44C002078
:102E7000000000000000000016010000D09F0308C1
:102E8000EC4C0020000000000000000016010000D3
:102E9000D99F0308E44C002000000000000000005F
:102EA00080000000E09F0308000000000000000018
:102EB0000000000081000000E59F03080000000002
:102EC0000000000000000000480000002BA00308E4
:102ED00093510020000000000000000048000000A6
:102EE00032A00308FD4C002000000000000000009C
:102EF00080000000E09F03080000000000000000C8
:102F000000000000810000003EA003080000000057
:102F100000000000000000004800000023A003089B
:102F20009251002000000000000000004800000056
:102F30002BA00308915100200000000000000000B9
:102F40004800000032A0030890510020000000005B
:102F50000000000016010000C99F0308F84C002083
:102F6000000000000000000016010000D09F0308D0
:102F7000F04C0020000000000000000016010000DE
:102F8000D99F0308E84C002000000000000000006A
:102F90008000000039A003080000000000000000CD
:102FA000000000008100000070A003080000000085
:102FB00000000000000000000800000065A00308F9
:102FC000A851002000000000000000008000000068
:102FD0006BA00308000000000000000000000000DB
:102FE0008100000083A00308000000000000000032
:102FF000000000000800000078A0030844660020DC
:10300000BD59010800000000800000007EA00308F8
:10301000000000000000000000000000810000002F
:1030200021A10308000000000000000000000000D3
:1030300028000000159F0308306A002000000000EF
:10304000000000002600000088A003082C0B0020D0
:1030500000000000000000002600000093A003080C
:10306000300B0020000000000000000026000000DF
:103070009EA00308340B00200000000000000000A8
:1030800006000000A9A00308380B00200000000083
:103090000000000006000000B2A003083C0B002066
:1030A000000000000000000006000000BBA00308B4
:1030B000400B00200000000000000000060000009F
:1030C000C4A00308440B0020000000000000000022
:1030D00006000000CDA00308480B002000000000FF
:1030E0000000000006000000D6A003084C0B0020E2
:1030F000000000000000000006000000DFA0030840
:10310000500B00200000000000000000060000003E
:10311000E7A00308540B002000000000000000009E
:1031200006000000F0A00308580B0020000000007B
:103130000000000002000000FEA003085C0B00205D
:103140000000000000000000060000000CA10308C1
:10315000600B0020000000000000000002000000E2
:1031600013A10308640B0020000000000000000011
:10317000800000001CA10308000000000000000007
:10318000000000008100000040A1030800000000D2
:103190000000000000000000280000002FA103082C
:1031A0003C6A0020000000000000000080000000D9
:1031B0003BA1030800000000000000000000000028
:1031C000810000007BA10308000000000000000057
:1031D00000000000160100004AA103087C0B00203B
:1031E00000000000000000001601000053A10308C9
:1031F000780B002000000000000000001601000015
:103200005DA10308700B002000000000000000001A
:103210001601000066A10308740B002000000000E6
:1032200000000000160100006EA103086C0B0020D6
:1032300000000000000000008000000076A10308EC
:1032400000000000000000000000000081000000FD
:103250009BA1030800000000000000000000000027
:103260002600000080A10308840B0020000000005D
:10327000000000002600000086A10308800B00204B
:103280000000000000000000280000008CA10308DE
:1032900065710020000000000000000080000000B8
:1032A00096A10308000000000000000000000000DC
:1032B00081000000F2A103080000000000000000EF
:1032C0000000000028000000A7A10308738300206D
:1032D000000000000000000028000000AFA103086B
:1032E00072830020000000000000000028000000A1
:1032F000B7A1030871830020000000000000000057
:1033000008000000BEA10308890B00200000000097
:103310000000000028000000C6A103088B0B00205D
:10332000000000000000000028000000D3A10308F6
:103330008A0B0020000000000000000028000000B0
:10334000E1A10308748300200000000000000000D9
:1033500080000000EDA10308000000000000000054
:1033600000000000810000005FA2030800000000D0
:10337000000000000000000028000000FDA103087C
:103380003084002000000000000000002800000041
:103390000FA2030887830020000000000000000047
:1033A0002800000033CE03088683002000000000C0
:1033B00000000000280000001FA20308950B002059
:1033C00000000000000000002800000030A20308F8
:1033D000940B002000000000000000002600000008
:1033E0003FA20308900B0020000000000000000036
:1033F000260000004CA203088C0B002000000000F7
:1034000000000000800000005AA203080000000035
:10341000000000000000000081000000B8A20308C6
:103420000000000000000000000000000900000093
:10343000A9A2030858850020000000000000000039
:1034400080000000B3A2030800000000000000009C
:10345000000000008100000037A403080000000005
:103460000000000000000000280000003EA4030847
:103470006D87002000000000000000002800000010
:103480004CA403086C87002000000000000000002E
:103490003601000059A403086887002000000000DE
:1034A00000000000390100006BA4030866870020BB
:1034B0000000000000000000390100007CA40308A7
:1034C0006487002000000000000000008000000071
:1034D00032A403080000000000000000000000000B
:1034E000810000009FA4030800000000000000000D
:1034F00000000000260000008CA40308B80B002088
:1035000000000000000000002600000093A4030853
:10351000B40B00200000000000000000800000004C
:103520009AA4030800000000000000000000000052
:10353000810000009FA403080000000000000000BC
:103540000000000028000000DDB20308FCDA0020C3
:10355000000000000000000028000000EDB2030899
:103560006CDB0020000000000000000028000000CC
:10357000F8B203086DDB002000000000000000002E
:103580003601000002B30308C8DA00200000000082
:1035900000000000360100000BB30308CCDA002065
:1035A00000000000000000003601000013B3030813
:1035B000D0DA00200000000000000000360100000A
:1035C00019B30308D4DA0020000000000000000056
:1035D000360100001FB30308D8DA00200000000005
:1035E000000000003601000025B30308DCDA0020EB
:1035F0000000000000000000360100002CB30308AA
:10360000E0DA0020000000000000000036010000A9
:103610003DB30308E4DA00200000000000000000D1
:103620002600000048B30308E8DA0020000000008C
:10363000000000002600000051B30308ECDA00206F
:103640000000000000000000260000005AB303083C
:10365000F0DA00200000000000000000260000005A
:1036600063B30308F4DA002000000000000000004B
:10367000800000009AA40308000000000000000081
:103680000000000081000000B3A403080000000057
:10369000000000000000000008000000BAA40308B9
:1036A0006988002000000000000000008000000089
:1036B000AEA40308000000000000000000000000AD
:1036C00081000000D1A403080000000000000000F9
:1036D000000000003A010000C1A403082C93002060
:1036E000000000000000000080000000CCA40308DF
:1036F0000000000000000000000000008100000049
:10370000FBA403080000000000000000000000000F
:1037100036010000BFAA0308CC0B00200000000007
:103720000000000036010000C8AA0308C80B0020F2
:10373000000000000000000006000000EDA40308E7
:10374000C00B00200000000000000000800000000E
:10375000F6A40308000000000000000000000000C4
:103760008100000049A503080000000000000000DF
:103770000000000038010000389B03080C94002072
:1037800000000000000000006A000000379B0308F2
:103790008825002000000000000000002900000033
:1037A0003FA50308880C0020000000000000000076
:1037B0008000000044A50308000000000000000095
:1037C000000000008100000008A6030800000000BF
:1037D00000000000000000002800000030B40308D2
:1037E000EBAD0020000000000000000028000000F9
:1037F000A9A50308EAAD00200000000000000000B9
:103800008000000003A60308000000000000000084
:10381000000000008100000008A60308000000006E
:1038200000000000000000002800000077A6030848
:1038300034AF002000000000000000008000000005
:1038400003A60308000000000000000000000000C4
:103850008100000067A603080000000000000000CF
:10386000000000000800000034A6030850AF00204C
:103870000000000000000000190100003BA6030842
:10388000AC0C002000000000000000001901000046
:1038900049A60308AA0C0020000000000000000058
:1038A0001801000057A60308A80C00200000000023
:1038B000000000008000000062A603080000000075
:1038C000000000000000000081000000DEA70308E7
:1038D000000000000000000000000000690000007F
:1038E000C7A70308227AFF1F0000000000000000A5
:1038F0006A000000CDA70308107AFF1F0000000037
:10390000000000006A000000D1A70308147AFF1F1E
:1039100000000000000000006A000000D5A70308B6
:10392000187AFF1F00000000000000008000000067
:10393000D9A70308000000000000000000000000FC
:103940008100000001A80308000000000000000042
:103950000000000028000000E2A703086CC6001069
:10396000000000000000000028000000E8A7030895
:103970006DC60010000000000000000008000000FC
:10398000F2A7030880C6001000000000000000003D
:1039900080000000FCA703080000000000000000F9
:1039A00000000000810000009EA803080000000045
:1039B0000000000000000000280000006EA80308BE
:1039C000BC100020000000000000000028000000E3
:1039D00075A803087ED5002000000000000000004C
:1039E0002800000082A80308C51000200000000085
:1039F00000000000690000008DA803088CD500209D
:103A000000000000000000008000000099A80308EA
:103A10000000000000000000000000008100000025
:103A20009EA8030800000000000000000000000045
:103A30002600000034AA0308CC100020000000007B
:103A400000000000260000003DAA0308C810002066
:103A500000000000000000008000000099A803089A
:103A600000000000000000000000000081000000D5
:103A70009EA80308000000000000000000000000F5
:103A80000800000077AA030854110020000000007D
:103A9000000000008000000099A80308000000005A
:103AA0000000000000000000810000009EA8030844
:103AB00000000000000000000000000009000000FD
:103AC0008DAA0308981100200000000000000000EB
:103AD0008000000099A8030800000000000000001A
:103AE00000000000810000002CAB03080000000073
:103AF00000000000000000001601000098AA030862
:103B000090130020000000000000000016010000DB
:103B1000A0AA030894130020000000000000000089
:103B200016010000A8AA0308981300200000000056
:103B30000000000016010000B0AA03089C1300203A
:103B4000000000000000000016010000B9AA0308F0
:103B500030130020000000000000000016010000EB
:103B6000C2AA030834130020000000000000000077
:103B700016010000CBAA0308381300200000000043
:103B80000000000016010000D4AA03083C13002026
:103B9000000000000000000016010000DEAA03087B
:103BA000D0120020000000000000000016010000FC
:103BB000E5AA0308D4120020000000000000000065
:103BC00016010000ECAA0308D81200200000000033
:103BD0000000000016010000F3AA0308DC12002018
:103BE000000000000000000010010000FBAA030814
:103BF00054D9002000000000000000001601000061
:103C000006AB0308E41300200000000000000000E1
:103C10001601000011AB0308E013002000000000B3
:103C200000000000160100001CAB0308DC1300209C
:103C300000000000000000008000000027AB030827
:103C400000000000000000000000000081000000F3
:103C50005BAB030800000000000000000000000053
:103C60001601000098AA030870120020000000004E
:103C70000000000016010000A0AA03087412002032
:103C8000000000000000000016010000A8AA0308C0
:103C90007812002000000000000000001601000063
:103CA000B0AA03087C120020000000000000000001
:103CB00016010000B9AA030810120020000000003D
:103CC0000000000016010000C2AA03081412002020
:103CD000000000000000000016010000CBAA03084D
:103CE0001812002000000000000000001601000073
:103CF000D4AA03081C1200200000000000000000ED
:103D000016010000DEAA0308B01100200000000028
:103D10000000000016010000E5AA0308B41100200D
:103D2000000000000000000016010000ECAA0308DB
:103D3000B811002000000000000000001601000083
:103D4000F3AA0308BC1100200000000000000000DE
:103D50001601000035AB030850D900200000000018
:103D6000000000001001000041AB030855D90020FD
:103D70000000000000000000160100004BAB03082B
:103D8000E813002000000000000000008000000098
:103D900056AB030800000000000000000000000017
:103DA00081000000CBAC0308000000000000000010
:103DB0000000000006000000D4AC0308301500200D
:103DC000000000000000000006000000E5AC030851
:103DD0002C1500200000000000000000060000007C
:103DE000F6AC0308EC140020000000000000000006
:103DF00006000000FBAC0308F014002000000000E7
:103E0000000000000600000000AD0308F4140020CC
:103E100000000000000000000600000005AD0308DF
:103E2000F814002000000000000000000600000060
:103E300008AD0308FC140020000000000000000092
:103E40000600000012AD030800150020000000006D
:103E500000000000060000001CAD0308041500204F
:103E600000000000000000000600000026AD03086E
:103E700008150020000000000000000006000000FF
:103E800031AD03080C150020000000000000000008
:103E9000060000003CAD03081015002000000000E3
:103EA00000000000060000001AAC030814150020F2
:103EB00000000000000000000600000026AC03081F
:103EC000181500200000000000000000060000009F
:103ED00032AC03081C1500200000000000000000A8
:103EE0000600000047AD0308201500200000000078
:103EF000000000000600000053AD03082415002058
:103F000000000000000000000800000061AD030890
:103F100028150020000000000000000080000000C4
:103F2000C6AC030800000000000000000000000014
:103F300081000000A1AD03080000000000000000A7
:103F40000000000036010000A9AD03083C15002068
:103F5000000000000000000036010000AFAD0308C3
:103F600040150020000000000000000036010000A5
:103F7000B5AD03084415002000000000000000005B
:103F800016010000BBAD030848150020000000002A
:103F90000000000036010000C6AD03084C150020EB
:103FA000000000000000000036010000CBAD030857
:103FB0005015002000000000000000003601000045
:103FC000D0AD0308541500200000000000000000E0
:103FD00016010000D5AD03085815002000000000B0
:103FE0000000000036010000DFAD0308341500209A
:103FF000000000000000000036010000E4AD0308EE
:10400000381500200000000000000000360100000C
:10401000EFAD03085C150020000000000000000068
:1040200036010000F5AD03086C150020000000000B
:104030000000000036010000FAAD03086015002002
:1040400000000000000000003601000000AE030880
:104050007015002000000000000000003601000084
:1040600005AE0308641500200000000000000000F9
:10407000360100000DAE030874150020000000009A
:10408000000000003601000014AE03087C1500207B
:1040900000000000000000001601000020AE030830
:1040A000681500200000000000000000160100005C
:1040B0002DAE03087815002000000000000000006D
:1040C000800000009CAD030800000000000000001C
:1040D0000000000081000000ABAE030800000000FB
:1040E00000000000000000000600000067AE0308AA
:1040F000E4160020000000000000000006000000A0
:104100006EAE0308E0160020000000000000000072
:104110000600000076AE0308DC1600200000000058
:1041200000000000060000007CAE0308D816002046
:1041300000000000000000000600000083AE03083D
:10414000D41600200000000000000000060000005F
:104150008AAE0308D0160020000000000000000016
:104160000600000098AE0308CC16002000000000F6
:104170000000000080000000A6AE03080000000060
:1041800000000000000000008100000007B00308EC
:104190000000000000000000000000000600000019
:1041A00013B00308A4180020000000000000000065
:1041B000060000001AB00308A0180020000000004C
:1041C000000000000600000021B003089C18002039
:1041D00000000000000000000600000028B00308F6
:1041E00098180020000000000000000006000000F9
:1041F00030B0030894180020000000000000000008
:104200000600000038B003089018002000000000ED
:10421000000000000600000040B0030888180020DD
:1042200000000000000000008000000002B0030851
:1042300000000000000000000000000081000000FD
:104240009BB0030800000000000000000000000018
:1042500016010000A6B00308001A002000000000AC
:104260000000000016010000ABB00308041A002093
:10427000000000000000000016010000B0B00308BC
:10428000081A0020000000000000000016010000D5
:104290004CB003080C1A00200000000000000000D1
:1042A00016010000BBB003086C1A002000000000DB
:1042B0000000000016010000C0B00308701A0020C2
:1042C000000000000000000016010000C5B0030857
:1042D000741A002000000000000000001601000019
:1042E00051B00308781A0020000000000000000010
:1042F00016010000D0B00308D81A0020000000000A
:104300000000000016010000D5B00308DC1A0020F0
:10431000000000000000000016010000DAB00308F1
:10432000E01A00200000000000000000160100005C
:1043300056B00308E41A002000000000000000004E
:10434000190100005BB00308301B002000000000D2
:10435000000000001901000066B00308321B0020B5
:1043600000000000000000001601000070B003080B
:10437000441B0020000000000000000016010000A7
:1043800077B00308401B0020000000000000000080
:10439000160100007EB003083C1B00200000000056
:1043A000000000001601000086B00308381B002042
:1043B0000000000000000000160100008EB003089D
:1043C000341B0020000000000000000080000000FE
:1043D00096B003080000000000000000000000008C
:1043E00081000000E9B003080000000000000000A8
:1043F0000000000016010000A5B00308BC18002052
:10440000000000000000000016010000AAB0030830
:10441000C01800200000000000000000160100008D
:10442000AFB00308C4180020000000000000000026
:1044300016010000B4B00308C818002000000000F6
:104440000000000016010000BAB00308281900207F
:10445000000000000000000016010000BFB00308CB
:104460002C190020000000000000000016010000D0
:10447000C4B0030830190020000000000000000054
:1044800016010000C9B00308341900200000000024
:104490000000000016010000CFB0030894190020AE
:1044A000000000000000000016010000D4B0030866
:1044B0009819002000000000000000001601000014
:1044C000D9B003089C190020000000000000000083
:1044D00016010000DEB00308A01900200000000053
:1044E0000000000080000000E4B0030800000000AD
:1044F0000000000000000000810000007BB2030803
:1045000000000000000000000000000006000000A5
:1045100077B103083C1600200000000000000000F6
:10452000060000007CB103084016002000000000D7
:10453000000000000600000081B1030844160020BE
:1045400000000000000000000600000083B2030825
:1045500054160020000000000000000006000000CB
:1045600088B2030858160020000000000000000078
:10457000060000008DB203085C1600200000000059
:10458000000000000600000086B103084816002065
:104590000000000000000000060000008BB10308CE
:1045A0004C16002000000000000000000600000083
:1045B00090B1030850160020000000000000000029
:1045C0000600000092B20308DC1500200000000085
:1045D000000000000600000096B20308E01500206D
:1045E0000000000000000000060000009AB203086E
:1045F000E41500200000000000000000060000009C
:1046000095B10308E815002000000000000000003C
:10461000060000009DB10308EC150020000000001A
:104620000000000006000000A5B10308F0150020FE
:104630000000000000000000060000009EB2030819
:10464000F41500200000000000000000060000003B
:10465000ADB10308F81500200000000000000000C4
:1046600006000000B5B10308FC15002000000000A2
:104670000000000006000000BDB103080016002085
:10468000000000000000000006000000ABB20308BC
:1046900004160020000000000000000006000000DA
:1046A000B8B2030808160020000000000000000057
:1046B00006000000C0B203080C1600200000000035
:1046C0000000000006000000C8B203081016002019
:1046D000000000000000000006000000D0B2030847
:1046E000141600200000000000000000060000007A
:1046F000DFAD0308D415002000000000000000001A
:104700008000000076B203080000000000000000F6
:10471000000000008100000071B5030800000000E7
:1047200000000000000000003601000034B503085E
:10473000E01B002000000000000000003601000027
:1047400040B50308DC1B0020000000000000000052
:10475000160100004BB50308E41B00200000000018
:10476000000000001601000055B50308EC1B0020F6
:104770000000000000000000360100005FB50308E3
:10478000E81B002000000000000000008000000086
:104790006CB50308000000000000000000000000ED
:1047A00081000000D7B503080000000000000000F1
:1047B000000000006A000000B5B50308C81704082F
:1047C000000000000000000069000000BFB5030801
:1047D000C41704080000000000000000680000008A
:1047E000C9B50308CD170408000000000000000050
:1047F00080000000D2B503080000000000000000A7
:104800000000000081000000229A03080000000060
:1048100001000000119A0308D422002001000000CA
:10482000179A0308CF220020800000001D9A030879
:104830000000000081000000CE9A03080000000084
:1048400001000000CE9A03084A2400200500000061
:10485000D59A03084C24002005000000DC9A0308C8
:104860004E24002002000000E39A03085424002094
:1048700001000000EB9A0308522400200100000010
:10488000F29A03085324002001000000F99A03085B
:104890005124002001000000009B03085824002040
:1048A000010000000D9B03085024002007000000B9
:1048B000139B0308BC01002080000000C99A030874
:1048C00000000000810000009C9B03080000000025
:1048D000070000008E9B03083002002080000000CB
:1048E000979B03080000000081000000B49B0308B0
:1048F00000000000210000004ACB0308BF02002096
:1049000047000000B99B03087C020020470000001C
:10491000BF9B03086002002080000000AF9B0308DB
:104920000000000081000000CA9B03080000000096
:104930000200000099B50308BC02002080000000BE
:10494000C59B03080000000081000000CA9B03080B
:104950000000000007000000989C0308082C0020BD
:1049600007000000A29C03080C2C00200700000098
:10497000AC9C0308102C002007000000B69C030824
:10498000142C002007000000C09C0308182C0020F5
:1049900007000000CA9C03081C2C00200700000030
:1049A000D49C0308202C002007000000DE9C030894
:1049B000242C002007000000E89C0308282C00207D
:1049C00007000000F29C03082C2C002007000000C8
:1049D000FC9C0308302C002007000000069D030803
:1049E000342C002007000000109D0308382C002004
:1049F000070000001A9D03083C2C0020070000005F
:104A0000249D0308402C0020070000002E9D030871
:104A1000442C002080000000C59B0308000000001B
:104A200081000000FF9B0308000000000700000059
:104A3000059C0308302B0020070000000A9C030897
:104A4000342B0020070000000F9C0308382B0020A7
:104A500007000000149C03083C2B00200700000006
:104A6000199C0308402B0020070000001E9C03082F
:104A7000442B002007000000239C0308482B002043
:104A800007000000289C03084C2B002007000000B2
:104A90002D9C0308102B002007000000319C030808
:104AA000142B002007000000359C0308182B002061
:104AB00007000000399C03081C2B002007000000A1
:104AC0003D9C0308202B002007000000419C0308A8
:104AD000242B002007000000459C0308282B002001
:104AE00007000000499C03082C2B00200200000056
:104AF0004D9C0308FE2A002002000000559C03087C
:104B0000002B0020020000005D9C0308022B002007
:104B100002000000659C0308042B00200200000036
:104B20006D9C0308062B002002000000759C030802
:104B3000082B0020020000007D9C03080A2B0020A7
:104B400002000000859C03080C2B00208000000060
:104B5000FA9B03080000000081000000559E030836
:104B60000000000001000000389D0308F82B002021
:104B7000010000004C9D0308002C002001000000F3
:104B80005B9D0308F92B0020010000006F9D0308C6
:104B9000012C0020010000007E9D0308FA2B00205C
:104BA00001000000929D0308022C0020010000007B
:104BB000A19D0308FB2B002001000000B59D030808
:104BC000032C002001000000C49D0308FC2B0020E2
:104BD00001000000D89D0308042C00200100000003
:104BE000E79D0308FD2B002001000000FB9D03084A
:104BF000052C0020010000000A9E0308FE2B002067
:104C0000010000001E9E0308062C00200100000089
:104C10002D9E0308FF2B002001000000419E030889
:104C2000072C002080000000509E030800000000B8
:104C300081000000889E03080000000002000000C0
:104C4000489A0308C42C0020020000004E9A030872
:104C5000C22C0020020000009EEA0308C02C0020A5
:104C600002000000539A0308BE2C0020020000003E
:104C7000589A0308BC2C002080000000839E030883
:104C80000000000081000000B09E0308000000004A
:104C900047000000909E03083405002047000000F4
:104CA000999E03081805002047000000A29E0308F3
:104CB000FC04002080000000AB9E03080000000000
:104CC00081000000EF9E03080000000002000000C9
:104CD000DE9E0308C637002002000000E19E0308A4
:104CE000C437002002000000E49E0308C237002001
:104CF00002000000E79E0308C0370020800000008B
:104D0000EA9E030800000000810000000F9F0308D6
:104D10000000000022000000DE9E0308843900200D
:104D200022000000E19E03088639002022000000D6
:104D3000E49E03088839002022000000E79E030853
:104D40008A390020800000000A9F0308000000004C
:104D5000810000000F9F0308000000000600000013
:104D60004FA5030874AE00200600000055A50308F7
:104D700078AE0020060000005BA503087CAE002092
:104D80000600000061A5030880AE0020800000003E
:104D90000A9F03080000000081000000F69E03083F
:104DA0000000000027000000559F03087442002007
:104DB000020000005A9F0308704200200700000014
:104DC000619F03086842002002000000699F0308F9
:104DD0006642002007000000739F03085C42002029
:104DE000070000007B9F03084B42002024000000C6
:104DF00099B503084F42002021000000899F030855
:104E000045420020800000004D9F03080000000084
:104E100081000000BC9F030800000000210000008A
:104E2000969F03084D430020210000009B9F03082C
:104E30004C43002022000000A79F030846430020A7
:104E400022000000AF9F03084443002080000000C0
:104E5000B79F030800000000810000001EA00308A7
:104E60000000000005000000ED9A0308884E0020B5
:104E700005000000F19F03088A4E00200500000095
:104E8000F69F03088C4E002007000000FB9F0308DC
:104E90004C2400100700000005A003085024001057
:104EA000070000000FA00308542400108000000039
:104EB00019A0030800000000810000001EA00308E4
:104EC00000000000270000005BCB0308244F0020F7
:104ED00027000000C9A80308284F00202700000071
:104EE000C3B103082C4F00208000000019A0030864
:104EF000000000008100000021A103080000000064
:104F00000300000027A103086C6800208000000057
:104F10001CA10308000000008100000070A203082B
:104F2000000000002200000066A203087E8300202B
:104F3000800000006BA20308000000008100000058
:104F40005FA2030800000000270000005BCB0308FD
:104F50005484002027000000C9A8030858840020BA
:104F600027000000C3B103085C8400202700000074
:104F700078A2030860840020270000007BA20308B9
:104F800064840020270000007EA2030868840020BB
:104F90002700000081A203086C840020800000002C
:104FA0005AA20308000000008100000089A2030843
:104FB000000000000700000068C10308788400209A
:104FC000070000006EC103087C8400200700000079
:104FD00074C10308808400208000000084A20308BC
:104FE0000000000081000000A4A2030800000000EF
:104FF0000200000091A203082C850020020000009E
:1050000098A203082E850020800000009FA20308BC
:10501000000000008100000034A30308000000002D
:1050200001000000C0A20308168600200100000055
:10503000C9A203081586002004000000D4A20308BA
:105040001486002005000000DEA20308128600205E
:1050500005000000E6A203081086002003000000FF
:10506000ECA203080C86002003000000F8A203084D
:10507000088600200300000002A303080486002025
:10508000030000000EA303080086002003000000B8
:105090001AA30308FC8500200300000024A30308D2
:1050A000F8850020800000002FA303080000000006
:1050B000810000006DA3030800000000070000004D
:1050C000E7AB0308C48600200700000021AF0308F7
:1050D00098860020070000002BAF03089C86002064
:1050E000070000003CA30308A8860020070000007A
:1050F00045A30308AC860020070000004FA3030867
:10510000B08600200700000057A30308E4860020B3
:10511000010000005CA303081087002001000000CC
:1051200064A30308118700208000000068A303081F
:10513000000000008100000098A3030800000000A8
:105140000200000073A30308808600200200000014
:1051500077A3030882860020020000007BA30308D7
:1051600084860020020000007FA3030886860020BA
:105170000200000083A303088886002002000000CC
:1051800087A303088A860020020000008BA303087F
:105190008C860020020000008FA303088E8600206A
:1051A0008000000093A303080000000081000000BD
:1051B00037A403080000000007000000A2A30308B2
:1051C0003087002007000000AEA3030820870020DE
:1051D00007000000BAA3030834870020070000007E
:1051E000C6A303082487002007000000D2A30308F9
:1051F0003887002007000000DEA30308288700206E
:1052000007000000EAA303083C8700200700000015
:10521000F6A303082C8700202100000002A4030845
:105220001C870020070000000CA40308148700203E
:105230002100000017A403081887002002000000C6
:1052400023A403081A8700208000000032A403086A
:105250000000000081000000B3A40308000000006B
:1052600003000000A6A403086C8800208000000052
:10527000AEA403080000000081000000E7A40308BA
:105280000000000022000000489A0308B4930020A8
:10529000220000004E9A0308B6930020220000006E
:1052A0009EEA0308BC93002022000000539A0308E2
:1052B000B893002022000000589A0308BA930020F7
:1052C00022000000DBA40308BE9300208000000041
:1052D000E2A403080000000081000000FBA4030812
:1052E000000000000700000081A20308C40B00209A
:1052F0000700000078A20308D893002007000000F0
:105300007BA20308D4930020070000007EA20308BC
:10531000D09300200700000007A50308CC930020CD
:105320000700000010A50308C89300200700000034
:1053300019A50308C49300200700000022A5030854
:10534000C00B0020010000002BA50308E91E00206F
:105350000100000032A50308C09300208000000077
:10536000F6A4030800000000810000007AA50308ED
:1053700000000000050000005BCB030888AD0020A2
:1053800005000000C9A803088AAD00200500000040
:10539000C3B103088CAD00200500000067A5030819
:1053A0008EAD0020050000006AA5030890AD002026
:1053B000050000006DA5030892AD00200500000067
:1053C00083B0030894AD00200500000054B2030828
:1053D00096AD0020050000005BB2030898AD0020E8
:1053E0000300000070A503089CAD0020050000002C
:1053F0004AA10308A0AD00200500000053A1030846
:10540000A2AD0020050000006EA10308A4AD00209D
:105410008000000075A50308000000008100000066
:105420008EA5030800000000270000005BCB0308E6
:105430008C2C002027000000C9A80308902C002015
:1054400027000000C3B10308942C002027000000AF
:1054500067A503089C2C0020270000006AA503080C
:10546000A02C0020270000006DA50308A42C00201C
:105470002700000083B00308AC2C002027000000A8
:1054800054B20308B02C0020270000005BB20308D0
:10549000B42C00202700000021AF03086C2C002052
:1054A000270000002BAF0308702C0020270000000D
:1054B00036AF0308742C00202700000078A20308F0
:1054C000782C0020270000007BA203087C2C002001
:1054D000270000007EA20308802C00202700000087
:1054E00081A20308842C00208000000089A5030805
:1054F0000000000081000000A9A5030800000000D2
:10550000050000009CA5030898AE00208000000064
:10551000A4A503080000000081000000A9A503085D
:105520000000000007000000E3AB0308DCD9002006
:1055300007000000EEAB0308D8D9002007000000E8
:10554000F7AB0308D4D900200700000001AC030822
:10555000D0D900200700000009AC0308CCD90020F6
:105560000700000010AC0308C8D9002007000000A5
:105570009EA50308C4D900200700000071AD0308F0
:10558000C0D900200700000058AE030878D90020D9
:105590000700000021AF0308B0D900200700000079
:1055A0002BAF0308B4D900200700000036AF030872
:1055B000B8D90020070000003CA3030890D90020C0
:1055C0000700000045A3030894D90020070000004D
:1055D0004FA3030898D9002080000000A4A5030869
:1055E0000000000081000000B9A5030800000000D1
:1055F000270000005BCB0308304F0020270000008D
:10560000C9A80308344F002027000000C3B10308D5
:10561000384F002080000000B4A5030800000000FF
:1056200081000000D4A5030800000000270000004E
:10563000BDA50308444F002007000000C1A50308D2
:10564000404F002027000000C6A503083C4F002063
:1056500080000000CFA503080000000081000000CA
:10566000F2A4030800000000270000005BCB030841
:10567000184F002027000000C9A803081C4F002075
:1056800027000000C3B10308204F00208000000065
:10569000D9A50308000000008100000008A6030847
:1056A000000000000700000021AF03086C2C002060
:1056B000070000002BAF0308702C0020070000003B
:1056C00036AF0308742C002007000000E7AB030886
:1056D0009CAE002001000000E2A50308E9AD002017
:1056E00001000000EBA50308E8AD00204700000022
:1056F000F3A503088C0C002003000000FAA50308A2
:1057000028AF00208000000003A60308000000006E
:105710008100000018A6030800000000050000003A
:105720005BCB030874AD002005000000C9A8030886
:1057300076AD002005000000C3B1030878AD00205D
:105740000500000067A503087AAD002005000000F1
:105750006AA503087CAD0020050000006DA50308C4
:105760007EAD00200500000083B0030880AD00205E
:105770000500000054B2030882AD002005000000BF
:105780005BB2030884AD00208000000013A603086C
:10579000000000008100000029A6030800000000AE
:1057A000270000005BCB0308E4AE002027000000C8
:1057B000C9A80308E8AE002027000000C3B1030811
:1057C000ECAE00202700000067A50308F4AE00201F
:1057D000270000006AA50308F8AE0020270000009B
:1057E0006DA50308FCAE00202700000083B003086D
:1057F00004AF00202700000054B2030808AF0020C7
:10580000270000005BB203080CAF00202700000057
:1058100021AF0308B0AE0020270000002BAF030823
:10582000B4AE00202700000036AF0308C8AE002049
:105830008000000024A60308000000008100000092
:1058400067A60308000000000200000072A603081B
:1058500032AF00208000000062A6030800000000B4
:10586000810000009BA6030800000000210000004A
:105870007CA603082CAF00202100000083A60308AB
:105880002DAF0020210000008CA603082EAF0020C1
:105890008000000096A603080000000081000000C0
:1058A0009BA60308000000000400000097A703085F
:1058B00069B400208000000096A6030800000000E4
:1058C0008100000001A8030800000000470000005C
:1058D0000CA8030890C500104700000011A8030899
:1058E000ACC500104700000017A8030800C6001050
:1058F000470000001EA803081CC600104700000057
:1059000026A8030840C60010470000002BA8030883
:10591000C8C500104700000031A80308E4C5001006
:1059200007000000F3A403083CC6001002000000BA
:1059300038A803085CC60010070000003CA8030854
:1059400060C6001080000000FCA7030800000000F3
:105950008100000062A803080000000007000000AA
:1059600041A8030818CF00200700000048A803083A
:1059700014CF0020070000004FA8030810CF00201C
:105980000700000056A803080CCF0020800000008C
:105990005DA8030800000000810000009EA8030825
:1059A0000000000041000000A9A80308B410002076
:1059B00007000000B5A80308B8D5002007000000C4
:1059C000C0A80308BCD5002007000000CBA803082E
:1059D00008D6002007000000D6A803080CD6002037
:1059E00007000000E1A80308C0D500200700000060
:1059F000E9A80308C4D5002007000000F1A80308A7
:105A000010D6002007000000F9A8030814D60020D3
:105A10000700000001A90308D4D5002007000000FA
:105A20000BA90308D8D500200700000015A903081A
:105A300024D60020070000001FA9030828D6002054
:105A40000700000029A90308E8D50020070000008E
:105A500033A90308ECD50020070000003DA9030886
:105A600038D600200700000047A903083CD60020D4
:105A70000700000051A90308FCD500200700000022
:105A80005BA9030800D600200700000065A90308F1
:105A90004CD60020070000006FA9030850D6002054
:105AA0000700000079A90308F8D6002007000000CD
:105AB00087A90308FCD600200700000095A9030869
:105AC00048D7002007000000A3A903084CD70020F6
:105AD00007000000B1A9030800D70020070000005C
:105AE000BEA9030804D7002007000000CBA90308C3
:105AF00050D7002007000000D8A9030854D7002081
:105B000002000000E5A9030870D500200200000093
:105B1000ECA9030872D5002002000000F3A90308D5
:105B200074D5002002000000FAA9030876D50020F1
:105B30000100000001AA030890D500202200000007
:105B40008DA803088CD500202200000009AA0308B4
:105B500088D500202200000013AA030884D5002065
:105B6000220000001CAA030880D5002022000000AB
:105B700024AA030882D50020210000002DAA0308D2
:105B80007DD500208000000099A8030800000000D7
:105B9000810000009EA803080000000047000000EC
:105BA00047AA030838110020470000004DAA030847
:105BB0001C1100204700000056AA03080011002015
:105BC000270000005BCB0308A8D8002027000000B6
:105BD000C9A80308ACD8002027000000C3B10308FF
:105BE000B0D80020070000005FAA0308A4D8002056
:105BF0002200000065AA03086AD5002022000000E8
:105C00006EAA03086CD500208000000099A8030844
:105C100000000000810000009EA8030800000000B2
:105C20000700000085AA030844D900208000000076
:105C300099A8030800000000810000002CAB0308B5
:105C4000000000000700000068AB0308A01300205C
:105C50000700000072AB0308A41300200700000037
:105C60007CAB0308A81300200700000086AB0308E4
:105C7000AC1300200700000091AB03084013002084
:105C8000070000009CAB030844130020070000003D
:105C9000A7AB03084813002007000000B2AB0308BD
:105CA0004C13002007000000BEAB0308E0120020E8
:105CB00007000000C7AB0308E41200200700000043
:105CC000D0AB0308E812002007000000D9AB03089E
:105CD000EC1200208000000027AB03080000000049
:105CE000810000005BAB030800000000070000001B
:105CF00068AB0308801200200700000072AB0308A5
:105D000084120020070000007CAB030888120020EA
:105D10000700000086AB03088C120020070000007B
:105D200091AB030820120020070000009CAB030881
:105D30002412002007000000A7AB0308281200204F
:105D400007000000B2AB03082C120020070000007F
:105D5000BEAB0308C011002007000000C7AB03085A
:105D6000C411002007000000D0AB0308C8110020B8
:105D700007000000D9AB0308CC1100208000000010
:105D800056AB03080000000081000000CBAC030804
:105D90000000000007000000E3AB0308EC13002044
:105DA00007000000EEAB0308081400200700000005
:105DB000F7AB03080C1400200700000001AC030837
:105DC000101400200700000009AC030868D9002067
:105DD0000700000010AC030868D90020070000008D
:105DE0009EA5030868D900200700000018AC03082E
:105DF000141400200700000024AC0308181400202D
:105E00000700000030AC03081C140020070000004D
:105E10003CAC0308FC1300200700000041AC030861
:105E2000001400200700000046AC03080414002002
:105E3000070000004BAC0308F0130020070000002F
:105E40005BAC0308F4130020070000006BAC0308F0
:105E5000F8130020070000007BAC0308201400208A
:105E60000700000085AC0308241400200700000090
:105E70008FAC0308281400200700000099AC030829
:105E800044140020070000009EAC030864140020A6
:105E900007000000A3AC03088414002007000000E2
:105EA000A8AC0308A414002007000000B2AC03084B
:105EB000C414002007000000BCAC0308E414002058
:105EC0000700000020AC0308A0D900200700000054
:105ED0002CAC0308A4D900200700000038AC03084C
:105EE000A8D9002080000000C6AC03080000000014
:105EF00081000000A1AD03080000000007000000C1
:105F0000E3AB0308B415002007000000EEAB030864
:105F1000B815002007000000F7AB0308BC150020EF
:105F20000700000001AC0308C015002007000000B6
:105F300009AC0308C41500200700000010AC0308DA
:105F4000C8150020070000009EA50308CC150020FE
:105F50000700000071AD0308D01500200700000005
:105F600078AD0308A8150020070000007CAD0308E9
:105F7000AC1500200700000080AD0308B01500201C
:105F80000700000084AD0308801500200700000012
:105F90008CAD0308841500200700000094AD0308B1
:105FA00088150020800000009CAD03080000000060
:105FB0008100000007B00308000000000700000097
:105FC000B3AE030808DA002007000000BCAE0308E7
:105FD0000CDA002007000000C5AE030810DA00202C
:105FE00007000000CEAE03081CDA00200700000006
:105FF000D5AE030818DA002007000000DCAE030865
:1060000014DA002007000000E3AE0308FCD90020EA
:1060100007000000ECAE030800DA002007000000D3
:10602000F5AE030804DA002007000000FEAE030806
:106030004C1800200700000008AF0308501800208B
:106040000700000013AF03085418002007000000E9
:106050001CAF0308581800200700000026AF0308F3
:106060005C1800200700000031AF03086018002012
:10607000070000003AAF03081018002007000000D6
:1060800043AF030814180020070000004CAF0308BA
:10609000181800200700000055AF0308281800203A
:1060A000070000005CAF03082C1800200700000068
:1060B00063AF030830180020070000006AAF030830
:1060C000341800200700000071AF030838180020C2
:1060D0000700000078AF03083C180020070000000C
:1060E0007FAF0308401800200700000087AF0308B7
:1060F00044180020070000008FAF03084818002054
:106100000700000097AF03081C18002007000000DC
:10611000A0AF03082018002007000000A9AF030863
:106120002418002007000000B2AF030870180020F8
:1061300007000000BCAF030874180020070000002F
:10614000C8AF03087818002007000000D0AF03088C
:106150007C18002007000000D8AF0308801800203A
:1061600007000000E2AF03088418002007000000C9
:10617000F0AF03086418002007000000F8AF030820
:10618000681800208000000002B003080000000032
:106190008100000070B1030800000000070000004B
:1061A000F3B00308A818002007000000FCB00308A3
:1061B000141900200700000005B103088019002011
:1061C000070000000EB10308EC19002007000000D2
:1061D00016B10308581A0020070000001CA6030887
:1061E000C41A0020070000001EB1030824DA0020B2
:1061F0000700000025B1030820DA00200700000096
:106200002CB103082CDA00200700000032B103088B
:1062100028DA00200700000039B10308101A002016
:10622000070000003DB10308141A00200700000019
:1062300041B10308181A00200700000045B1030807
:106240001C1A0020070000004AB103087C1A002035
:10625000070000004EB10308801A0020070000006C
:1062600052B10308841A00200700000056B1030849
:10627000881A0020070000005BB10308E81A00201C
:10628000070000005FB10308EC1A002007000000BF
:1062900063B10308F01A00200700000067B103088B
:1062A000F41A00200700000038B10308CC180020C1
:1062B000070000003CB10308D018002007000000D0
:1062C00040B10308D41800200700000044B10308BF
:1062D000D81800200700000049B103083819002031
:1062E000070000004DB103083C1900200700000022
:1062F00051B10308401900200700000055B1030800
:1063000044190020070000005AB10308A419002016
:10631000070000005EB10308A81900200700000074
:1063200062B10308AC1900200700000066B1030841
:10633000B0190020800000006BB1030800000000CD
:10634000810000007BB2030800000000070000008D
:1063500077B103083C160020070000007CB1030859
:10636000401600200700000081B1030844160020F9
:106370000700000086B1030848160020070000004F
:106380008BB103084C1600200700000090B10308F1
:10639000501600200700000095B10308E815002002
:1063A000070000009DB10308EC1500200700000065
:1063B000A5B10308F015002007000000ADB10308E7
:1063C000F815002007000000B5B10308FC150020F7
:1063D00007000000BDB10308001600200700000000
:1063E000C5B10308D815002007000000CEB103088E
:1063F000C016002007000000D6B10308C416002014
:1064000007000000DEB10308C816002007000000E6
:10641000E6B103086C16002007000000EBB103088A
:106420007016002007000000F0B103087416002069
:1064300007000000F5B103087816002007000000EF
:10644000FBB103087C1600200700000001B203081E
:10645000801600200700000007B203082416002061
:106460000700000012B203082816002007000000F1
:106470001DB203082C1600200700000028B20308F4
:10648000301600200700000033B203083416002045
:10649000070000003EB20308381600200700000085
:1064A00049B20308A81600200700000050B20308F4
:1064B000AC1600200700000057B20308B0160020F9
:1064C000070000005EB20308B416002007000000B9
:1064D00066B20308B8160020070000006EB2030879
:1064E000BC1600208000000076B203080000000007
:1064F0008100000079B303080000000006000000DE
:106500006EB3030804DB00208000000074B30308AE
:1065100000000000810000009FA4030800000000AC
:106520000700000082B3030858DF001007000000D6
:1065300089B303085CDF00100700000090B3030874
:1065400060DF00100700000097B3030864DF00104D
:10655000070000009FB3030868DF00100700000079
:10656000A7B303086CDF001007000000AFB30308F7
:1065700070DF001007000000B7B3030874DF0010DD
:1065800007000000BFB3030878DF00100700000019
:10659000C7B30308B0DF001007000000CCB3030846
:1065A000D8DF001007000000D1B3030800E000109E
:1065B00007000000D6B3030828E000100700000021
:1065C000DCB3030850E0001007000000E2B303084A
:1065D00078E0001007000000E8B30308A0E0001016
:1065E00007000000EEB30308C8E000100700000039
:1065F000F4B30308F0E0001007000000FAB303084A
:106600007CDF001007000000FDB3030880DF0010EE
:106610000700000000B4030884DF0010070000003A
:1066200003B4030888DF00104700000006B4030825
:10663000801B0020470000000FB40308641B0020EB
:106640004700000016B40308481B0020800000002B
:106650009AA40308000000008100000030B4030881
:1066600000000000470000001EB40308B81B002013
:106670004700000025B403089C1B00208000000098
:106680002BB40308000000008100000071B503086E
:1066900000000000070000007BB50308D41B0020A9
:1066A0000700000086B50308F01B0020070000006B
:1066B0008CB50308D81B0020800000006CB50308CF
:1066C0000000000081000000ADB5030800000000DC
:1066D0000100000096B50308A8E0002001000000BA
:1066E0009FB50308A9E0002080000000A8B50308BA
:1066F0000000000024F8030848F80308C0F8030865
:10670000E4F8030808F903082CF9030858F903080A
:10671000CCF90308F0F9030814FA030838FA03085F
:10672000F4FA030818FB03088CFB0308B0FB03080A
:10673000D4FB0308F8FB03081CFC030840FC030817
:10674000B0F70308BCF703086D9A030850F9030873
:1067500001000000CE220020010000004FB4030819
:106760000000000000000000000000000000000029
:106770005CB40308000000000000000000000000FE
:10678000000000006CB403080000000000000000DE
:10679000000000000000000079B40308101704088E
:1067A00005000000C8DB00200B000000B1B40308A6
:1067B0003817040801000000D3DB002004000000AB
:1067C000C6B4030800000000000000000000000044
:1067D00000000000CEB4030800000000000000002C
:1067E0000000000000000000E0B40308000000000A
:1067F000000000000000000000000000E7B40308F3
:106800004017040802000000D7DB0020050000004C
:10681000FCB40308000000000000000000000000BD
:106820000000000004B50308501704080100000030
:10683000DCDB00200100000017B50308581704082E
:0C68400003000000DDDB0020060000006B
:08684C0074D9FB7F010000007C
:1068540000080240000454583100000000080240BF
:10686400000852583100000000000240040054584F
:1068740032000000000002400800525832000000BC
:1068840000000240200053434B000000000002407F
:1068940040004D4F534900000000024080004D4924
:1068A400534F0000000402400001494F3100000032
:1068B400000402402000494F32000000000402405E
:1068C4001000494F33000000000802400010494FF7
:1068D4003400000000080240000454583100000055
:1068E4000008024000085258310000000000024035
:1068F40004005458320000000000024008005258BE
:106904003200000000000240200053434B0000000E
:106914000000024040004D4F534900000000024077
:1069240080004D49534F0000000402400001494FCC
:1069340031000000000402402000494F32000000F2
:10694400000402401000494F3300000000080240D8
:106954000010494F34000000000002400400545865
:1069640032000000000002400800525832000000CB
:10697400000402402000494F32000000000402409D
:106984001000494F33000000000802400010494F36
:10699400340000000000024002004D3100000000FD
:1069A4000004024000084D320000000000000240D4
:1069B40000804D33000000000004024000044D3408
:1069C400000000000000024001004D315F4F520002
:1069D4000004024000104D325F4F52000008024094
:1069E40000014D335F4F52000008024000804D34D7
:1069F4005F4F5200F050030301030402FFFFFFFF47
:106A0400E56F0008EB6F0008000000400000004044
:106A1400FFFFFFFFFFFFFFFF00007F4300007F43F6
:106A240000007F430000003FFFFFFFFFFFFFFFFF69
:106A3400FFFFFFFF81800008817200084D74000889
:106A44007D7C0008597B0008A174000805750008C6
:106A5400D5720008757500087D7A0008D97300089E
:106A6400257600086D7E000871730008BD76000865
:106A7400D979000821790008A581000891780008D7
:106A84000000003F0000003F6666864066664640A0
:106A94001414140006000000C98800085588000872
:106AA40085890008E1860008000000002800000035
:106AB4005DF50208600200200000000000000000F4
:106AC4000000000000000000E80300005DF502087B
:106AD4007C02002000000000000000000000000014
:106AE40000000000E8030000B004002000000000E3
:106AF40000000000B0040020E39B0308C80200204B
:106B0400E79B030898040020ED9B030800000000A5
:106B14000101000000000000B18D00089D960008EE
:106B24006D8C0008358D0008058D0008918C0008D7
:106B34009A99193EF0020020B803002000000000DA
:106B4400000000000000CFBC010000000000CFBC2A
:106B5400020000000000CFBC030000000000CFBC16
:106B6400040000000000CFBC050000000000CFBC02
:106B7400060000000000CFBC070000000000CFBCEE
:106B84000000000000000000000000000000000001
:106B940000000000000000000000000000000000F1
:106BA40000000000000000000000000000000000E1
:106BB40000000000000000000000000000000000D1
:106BC40000000000000000000000000000000000C1
:106BD40000000000000000000000000000000000B1
:106BE40000000000000000000000000000000000A1
:106BF4000000000000000000000000000000000091
:106C04000000000000000000B78000000000000049
:106C14000600000000000000080000000000CFBCD7
:106C2400000000000000CFBC010000000000CFBC49
:106C3400020000000000CFBC030000000000CFBC35
:106C4400040000000000CFBC050000000000CFBC21
:106C5400060000000000CFBC070000000000CFBC0D
:106C64000000000000000000000000000000000020
:106C74000000000000000000000000000000000010
:106C84000000000000000000000000000000000000
:106C940000000000000000000000000000000000F0
:106CA40000000000000000000000000000000000E0
:106CB40000000000000000000000000000000000D0
:106CC40000000000000000000000000000000000C0
:106CD40000000000000000000000000000000000B0
:106CE4000000000000000000118E00083197000829
:106CF400798C0008618D0008158D0008B18C00089E
:106D04001D98000819990008858C00088D8D0008CD
:106D1400258D0008D18C000801000000E5A10008C1
:106D2400F9A0000805A1000859A10008B5A10008B0
:106D340035A1000891A1000815A1000811A10008BF
:106D44000100000000000000000000005DF50208E2
:106D5400FC0400200000000000000000000000000F
:106D640000000000E80300005DF50208180500209B
:106D7400000000000000000000000000000000000F
:106D8400E80300005DF5020834050020000000005F
:106D9400000000000000000000000000E803000004
:106DA40002000000020000000200000002000000D7
:106DB4000000024004005458320000000000024069
:106DC4000800525832000000000402402000494FDD
:106DD40032000000000402401000494F330000005C
:106DE40064FC030800000000000000000000000034
:106DF400000000000000000000000000000000008F
:106E0400000000000000000000000000000000007E
:106E1400000000000000000000000000000000006E
:106E2400000000000000000000000000000000005E
:106E3400000000000000000000000000000000004E
:106E4400000000000000000000000000000000003E
:106E5400000000000000000000000000000000002E
:106E6400000000000000000000000000000000001E
:106E7400000000000000000000000000000000000E
:106E840000000000000000000000000000000000FE
:106E940000000000000000000000000000000000EE
:106EA40000000000000000000000000000000000DE
:106EB40000000000000000000000000000000000CE
:106EC40000000000000000000000000000000000BE
:106ED40000000000000000000000000000000000AE
:106EE40000000000B4FC03080000000000000000E3
:106EF400000000000000000000000000000000008E
:106F0400000000000000000000000000000000007D
:106F1400000000000000000000000000000000006D
:106F2400000000000000000000000000000000005D
:106F3400000000000000000000000000000000004D
:106F4400000000000000000000000000000000003D
:106F5400000000000000000000000000000000002D
:106F6400000000000000000000000000000000001D
:106F7400000000000000000000000000000000000D
:106F840000000000000000000000000000000000FD
:106F940000000000000000000000000000000000ED
:106FA40000000000000000000000000000000000DD
:106FB40000000000000000000000000000000000CD
:106FC40000000000000000000000000000000000BD
:106FD40000000000000000000000000000000000AD
:106FE4000000000000000000666686406666864079
:106FF4000000000001000001000000000000010189
:1070040098FE03083CFE0308E0FD030884FD030822
:107014006100000061000000E8070020000000009B
:107024000000000004000000E80700200000000049
:10703400000000000300000001000000E80300005D
:10704400000000006400000000000000FFFFFFFFDC
:1070540020080020000000000000000004000000E0
:1070640020080020000000000000000001000000D3
:1070740001000000320000000000000032000000A7
:107084000100000032000000000000003200000097
:107094000100000032000000000000003200000087
:1070A4000100000032000000000000003200000077
:1070B4000100000032000000000000003200000067
:1070C4000100000032000000000000003200000057
:1070D4000100000032000000000000003200000047
:1070E40000000000FFFFFFFFA808002000000000D0
:1070F400000000000000000001000000C8000000C3
:10710400000000002003000000000000FEFFFFFF5D
:10711400D008002000000000000000000000000073
:1071240001000000E803000000000000FEFFFFFF74
:107134000009002000000000000000000200000020
:107144000009002000000000000000000100000011
:107154000100000001000000000000000000000029
:1071640000000000FFFFFFFF2809002000000000CE
:1071740000000000040000000100000032000000D4
:10718400000000009E07000000000000FEFFFFFF5B
:10719400500900200000000000000000040000006E
:1071A400010000003200000000000000C2010000E5
:1071B40000000000FEFFFFFF78090020000000002F
:1071C400000000000400000001000000E8030000CB
:1071D40000000000FEFFFFFF000000007000000040
:1071E40009240108C1620008F95F0008CDCC4C40B5
:1071F400000040400000C040D52B0108F52B0108D9
:10720400492C0108D92B01080000000014140000C7
:107214000000803F0000803F001C0000694C010812
:10722400474C0108454C01080403090412010002FB
:1072340000000040830440570002010203010000E3
:10724400615201086D52010879520108E1520108A6
:1072540091520108055301081D53010841530108C7
:10726400B15301088553010800000000000000002C
:1072740085540108E55601080D580108E95601082E
:107284000F5801081158010813580108195601082C
:10729400E95501081955010800000000655401086A
:1072A400ED560108815701088954010800000000C7
:1072B4000000000079540108090262000301008003
:1072C400320904000002FFFF0000070581024000AC
:1072D4000607050102400006080B01020202010232
:1072E4000904010001020201010524001001052422
:1072F4000100020424020005240601020705830399
:107304000800FF09040200020A0000000705020247
:10731400400000070582024000000000FF0000005A
:1073240001000000007A030ADC0A0020AB87010890
:107334002588010861870108078701083387010848
:10734400EB860108D58601081787010825870108FF
:10735400000000000000000002000000E2FFFFFF48
:107364005802000032000000080000003200000053
:107374000000C07F0000C07F0000C07F9A99993E42
:107384009A99993E6666663FFFFF7FFFFFFF7FFF86
:10739400FFFF7FFFFFFF7F7FFFFF7F7FFFFF7F7F79
:1073A4000000803F0000003F0000803E8813000082
:1073B400ACC5273764000000FFFFFFFF0000C8438F
:1073C40000004842000048420000344400003444B5
:1073D4000000003F0000003F01020101BC74933B28
:1073E4000AD7233C021900009C0B0020C1EA0108C3
:1073F400C1EA0108C1EA0108000000000000000021
:1074040007000000000020410000C8420100000005
:107414000000803F0000803F6F12033BCDCC4C3F07
:10742400994D020800000000000000002D4D0208E4
:10743400000000008C0A04082D4D02080000000022
:107444001C0D04082D4D020800000000D40B040894
:107454002D4D020800000000AC0F04082D4D020859
:1074640000000000640E04082D4D02080000000016
:107474003C1204082D4D020800000000F41004081A
:107484002D4D020800000000CC1404082D4D020804
:1074940000000000841304082D4D020800000000C1
:1074A400440904082D4D020800000000FC070408EC
:1074B400214D020800000000000000007D76000855
:1074C4000000000000000000AD4C020800000000B5
:1074D400000000002800D007A00F00005DF502089E
:1074E4008C0C0020000000000000000000000000E0
:1074F40000000000F40100000100B80B307500002A
:10750400700F002001000000380F0020020000006E
:10751400E40E002003000000900E00200300000091
:10752400040E002005000000CC0D00200200000025
:10753400B00D002001000000780D002002000000C2
:107544005C0D002001000000400D0020010000003F
:10755400080D0020020000000100000000000000EF
:1075640044000000000000000000000000000000D3
:1075740003000000090000002000000000000000DB
:1075840000000000000000000000000003000000F4
:1075940009000000000000000000000003000000DB
:1075A40000000000000000000200000009000000CC
:1075B40000000000000000000200000000000000C5
:1075C4000000000003000000080000003400000078
:1075D40000000000010000000000000000000000A6
:1075E4000300000004000000000000001800000078
:1075F4000000000000000000000000000300000084
:107604000100000000000000000000000200000073
:10761400000000000000000003000000060000005D
:107624000001000001000000010000000000000053
:10763400000000000300000004000000020000003D
:107644000000000000000000000000000000000036
:1076540003000000080000003000000000000000EB
:107664000100000000000000000000000300000012
:107674000A000000040000000000000001000000F7
:1076840000000000000000000300000006000000ED
:1076940000000000010000000000000000000000E5
:1076A40000000000030000000700000008000000C4
:1076B40000000000000000000000000000000000C6
:1076C40003000000050000000000000002000000AC
:1076D40000000000000000000000000003000000A3
:1076E400080000002000000000000000010000006D
:1076F4000000000000000000030000000100000082
:1077040084000000010000000100000000000000EF
:10771400000000000300000004000000020000005C
:107724000000000000000000000000000000000055
:10773400030000000800000020000000000000001A
:107744000100000000000000000000000300000031
:10775400010000000400000000000000010000001F
:10776400000000000000000003000000030000000F
:107774000100000000000000000000000400000000
:1077840000000000010000000800000020000000CC
:1077940000000000010000000000000000000000E4
:1077A40003000000020000000000000000000000D0
:1077B40002000000040000000000000001000000BE
:1077C40001000000000000000000000002000000B2
:1077D4000000000000000000030000000900090090
:1077E40020CC00100900090064CD00100900090034
:1077F400A8CE001009000900ECCF00100900090010
:1078040030D100100900090074D2001009000900E9
:1078140060BA00200900090000D400100900090022
:1078240044D500100900090088D6001009000100A1
:10783400CCD7001009000100B8D3001009000100E2
:10784400DCD300100900010054C600200900010027
:1078540078C60020090001009CC600200900010030
:10786400C0C60020090001003CC30020090001003B
:1078740060C300200900090084C300200900090036
:10788400C8C4002009000900B4C000200900090090
:10789400F8C1002009000900E4C60020090009001D
:1078A40028C80020090001006CC90020090001005B
:1078B40090C90020090001000CC600200900010045
:1078C40030C60020090009002CBE00200900090070
:1078D40070BF002009000900B4C900200900090094
:1078E400F8CA002009000900A4BB0020090009000F
:1078F400E8BC0020090009003CCC00200900090074
:1079040080CD00207D8702080000000001000000F7
:10791400810F0308020202016F12833A17B7D139AB
:107924008FC275BC8FC2F53B000000008FC275BCCE
:107934008FC2F5BB000000008FC2753C8FC2F53BBF
:10794400000000008FC2753C8FC2F5BB0000000030
:107954005DF5020800110020000000000000000096
:107964000000000000000000F40100005DF50208C2
:107974001C110020000000000000000000000000B6
:1079840000000000F40100005DF502083811002039
:1079940000000000000000000000000000000000E3
:1079A400E803000000006300000000000000000085
:1079B40000000000000000000000000000000000C3
:1079C40000000000000000000000000000000000B3
:1079D40000000000000000000000000000000000A3
:1079E40000000000FF000000320000000000000062
:1079F4000000000000000000000000000000000083
:107A04000000C0400000803F3333B33E000000005C
:107A14000000000000000000000000000000000062
:107A24000000000000000000000000000000000052
:107A34000000000000000000000000000000000042
:107A44000000000000000000000000000000000032
:107A54000000000000000000000000000000000022
:107A64000000C04000004040000000000000000092
:107A74000000000000000000000000000000000002
:107A840000000000000000000000000000000000F2
:107A940000000000000000000000000000000000E2
:107AA40000000000000000000000000000000000D2
:107AB40000000000000000000000000000000000C2
:107AC4000000C04000004040000000000000000032
:107AD40000000000000000000000000000000000A2
:107AE4000000000000000000000000000000000092
:107AF4000000000000000000000000000000000082
:107B04000000000000000000000000000000000071
:107B14000000000000000000000000000000000061
:107B24000000F0429A998541000000000000000026
:107B34000000000000000000000000000000000041
:107B44000000000000000000000000000000000031
:107B54000000000000000000000000000000000021
:107B64000000000000000000000000000000000011
:107B74000000000000000000000000000000000001
:107B840000007A430000FA43000020400000000097
:107B940000000000000000000000000000000000E1
:107BA40000000000000000000000000000000000D1
:107BB40000000000000000000000000000000000C1
:107BC40000000000000000000000000000000000B1
:107BD40000000000000000000000000000000000A1
:107BE40000007A430000FA43000020400000000037
:107BF4000000000000000000000000000000000081
:107C04000000000000000000000000000000000070
:107C14000000000000000000000000000000000060
:107C24000000000000000000000000000000F0411F
:107C34000000F0410000F04100007041000000002D
:107C44000000000000000000000000000000000030
:107C54000000000000000000000000000000000020
:107C64000000000000000000000000000000000010
:107C74000000000000000000000000000000000000
:107C840000000000000000000000000000000000F0
:107C940000000000000000000000000000000000E0
:107CA40000000000000000000000000000000000D0
:107CB40000000000000000000000000000000000C0
:107CC40000000000000000000000000000000000B0
:107CD40000000000000000000000000000000000A0
:107CE4000000000000000000000000000000000090
:107CF4000000000000000000000000000000000080
:107D0400000000000000000000000000000000006F
:107D1400000000000000000000000000000000005F
:107D2400000000000000000000000000000000004F
:107D340000000000000000000000000049BFD83B24
:107D44009FCDAA3BFC36C43AED5836380000A0401B
:107D54000000A0400000A0400000C0410000C0415D
:107D64000000C041A9FB003DA9FB003DA9FB003D6B
:107D74000000004100000041010000000000FA463C
:107D8400000096436891ED3C00E80048CDCCCC3E21
:107D9400CDCC4C3ECDCC4C3D000000400000A03F7B
:107DA400CDCCCC3ECDCC4C3DCDCCCC3E00B88847E0
:107DB40000409C46000000000000803F00606A47CD
:107DC40000803B460000FA430080BB440000484367
:107DD400000000000000000000000000000000009F
:107DE400000000000000000000000000000000008F
:107DF400000000000000000000000000000000007F
:107E0400000000000000000000000000000000006E
:107E1400000000000000000000000000000000005E
:107E2400000000006891ED3C000000007A038B37ED
:107E3400A2B78B37EB76F5370000E0400000E04056
:107E44000000E0400000C842000080400000804084
:107E5400000080400000C842000000000000000054
:107E640000000000000000400000000000000000CE
:107E740000000000000000000000000000000000FE
:107E84000000000000000000000000004260E53B2C
:107E94004260E53B6F12033C99BB963A99BB963A14
:107EA4006F12033B8FC2F53C8FC2F53C8FC2F53C89
:107EB40000000000000000000000000000000000BE
:107EC40000000000000000000000000000000000AE
:107ED400000000000000000000000000000000009E
:107EE400000000000000000000000000000000008E
:107EF400000000000000000000000000000000007E
:107F0400000000000000000000000000000000006D
:107F14000000000000000000000000000000803E9F
:107F24000000803F0000803E9A99593F9A99993EFB
:107F34009A99593F9A99993E000000000000000068
:107F4400000000000000000000000000000000002D
:107F5400000000000000000000000000000000001D
:107F6400000000000000000000000000000000000D
:107F740000000000000000000000000000000000FD
:107F840000000000000000000000000000000000ED
:107F940000000000000000000000000000000000DD
:107FA40000000000000000000000000000000000CD
:107FB40000000000000000000000000000000000BD
:107FC40000000000000000000000000000000000AD
:107FD400000000000000000000000000000000009D
:107FE400000000000000000000000000000000008D
:107FF400000000000000000000000000000000007D
:10800400000000000000000000000000000000006C
:10801400000000000000000000000000000000005C
:10802400000000000000000000000000000000004C
:10803400000000000000000000000000000000003C
:10804400000000000000000000000000000000002C
:10805400000000000000000000000041A9FB003DFA
:10806400000000000000000000000000000000000C
:1080740000000000000000000000000000000000FC
:1080840000000000000000000000000000000000EC
:1080940000000000000000000000000000000000DC
:1080A40000000000000000000000000000000000CC
:1080B40000000000000000000000000000000000BC
:1080C40000000000000000000000000000000000AC
:1080D4000000000000000000000020410BA88139CE
:1080E4000000A0400000A0400000A0400000803F2D
:1080F4000000803F0000803F0000000000000000FE
:108104000000000000000000000000000000C84162
:108114000000803F0000000000000000000000009C
:10812400000000000000000000000000000000004B
:10813400000000000AD7233C0000000000000000FB
:10814400000000000000000000000000000000002B
:10815400000000000000000000000000000000001B
:10816400000000000000000000000000000000000B
:1081740000000000000000000000C8410000803F33
:1081840000000000000000000000000000000000EB
:1081940000000000000000000000000000000000DB
:1081A4000AD7233C0000000000000000000000008B
:1081B40000000000000000000000000000000000BB
:1081C40000000000000000000000000000000000AB
:1081D400000000000000000000000000000000009B
:1081E400000000000000C8410000704100000000D1
:1081F400000000000000000000000000000000007B
:108204000000000000000000000000000AD7233C2A
:10821400000000000000000000000000000000005A
:10822400000000000000000000000000000000004A
:10823400000000000000000000000000000000003A
:10824400000000000000000000000000000000002A
:1082540000000040000000000000000000000000DA
:10826400000000000000000000000000000000000A
:1082740000000000000000000AD7233C00000000BA
:1082840000000000000000000000000000000000EA
:1082940000000000000000000000000000000000DA
:1082A40000000000000000000000000000000000CA
:1082B400000000000000000000000000000000407A
:1082C40000000000000000000000000000000000AA
:1082D400000000000000000000000000000000009A
:1082E400000000000AD7233C00000000000000004A
:1082F400000000000000000000000000000000007A
:108304000000000000000000000000000000000069
:108314000000000000000000000000000000000059
:108324000000000000000000000000400000003FCA
:108334000000000000000000000000000000000039
:108344000000000000000000000000000000000029
:108354000AD7233C000000000000000000000000D9
:108364000000000000000000000000000000000009
:1083740000000000000000000000000000000000F9
:10838400A08C204E0000803F0000803F0000803F12
:108394000000A0410000A0415DF50208481B002038
:1083A40000000000000000000000000000000000C9
:1083B400E80300005DF50208641B002000000000D3
:1083C400000000000000000000000000E8030000BE
:1083D4005DF50208801B0020000000000000000082
:1083E4000000000000000000E80300005DF5020842
:1083F4009C1B0020000000000000000000000000A2
:1084040000000000E80300005DF50208B81B00202E
:108414000000000000000000000000000000000058
:10842400E803000000000000000000006666663FEC
:108434006666663F0000803F0AD7233D52B87E3F00
:108444000000000049E4020899E4020859E4020823
:108454004DE40208000000004346323000437261DC
:108464007A79666C696520322E30000000000000C5
:1084740000000000000000000000000101000000F6
:10848400B007002043463231004372617A79666C4A
:10849400696520322E310000000000000000000059
:1084A400000000000000000001000000B0070020F0
:1084B400307842430150020000000000000000E751
:1084C400E7E7E7E700000000FF000000E5B5030868
:1084D400E8B503083CEE0308AAAAAAAA901C002047
:1084E40000000000005C0120685C0120D05C0120D9
:1084F4000000000000000000000000000000000078
:108504000000000000000000000000000000000067
:108514000000000000000000000000000000000057
:108524000000000000000000000000000000000047
:108534000000000000000000000000000000000037
:108544000000000000000000000000000000000027
:108554000000000000000000000000000000000017
:108564000000000000000000000000000000000007
:1085740000000000000000000100000000000000F6
:108584000E33CDAB34126DE6ECDE05000B000000BB
:1085940000000000000000000000000000000000D7
:1085A40000000000000000000000000000000000C7
:1085B40000000000000000000000000000000000B7
:1085C40000000000000000000000000000000000A7
:1085D4000000000000000000000000000000000097
:1085E4000000000000000000000000000000000087
:1085F4000000000000000000000000000000000077
:108604000000000000000000000000000000000066
:108614000000000000000000000000000000000056
:108624000000000000000000000000000000000046
:108634000000000000000000000000000000000036
:108644000000000000000000000000000000000026
:108654000000000000000000000000000000000016
:108664000000000000000000000000000000000006
:1086740000000000000000000000000000000000F6
:1086840000000000000000000000000000000000E6
:1086940000000000000000000000000000000000D6
:1086A40000000000000000000000000000000000C6
:1086B40000000000000000000000000000000000B6
:1086C40000000000000000000000000000000000A6
:1086D4000000000000000000000000000000000096
:020000042001D9
:105D3800000000000000000000000000000000005B
:105D4800000000000000000000000000000000004B
:085D5800000000000000000043
:04000005080041C0EE
:00000001FF
